# generated by mjlab asset_pipeline; 2608 faces
mtllib plate_vis.mtl
v -0.031717 0.054235 -0.000581
v -0.037232 0.059015 0.003739
v -0.031514 0.062144 0.003797
v -0.059473 0.016292 -0.002197
v -0.057944 0.012345 -0.003520
v -0.062608 0.011161 -0.001129
v -0.050591 0.013734 -0.006652
v -0.055232 0.016570 -0.004212
v -0.046279 0.019392 -0.009133
v -0.047979 0.014872 -0.009125
v -0.047949 0.018234 -0.007470
v -0.048932 0.018799 -0.006579
v -0.049333 0.014152 -0.007486
v -0.051810 0.008045 -0.006707
v -0.050672 0.008770 -0.007452
v -0.049299 0.009630 -0.009176
v -0.058318 0.046609 0.007168
v -0.059282 0.045625 0.006387
v -0.059528 0.045268 0.006880
v -0.058529 0.045962 0.005568
v -0.062032 0.041661 0.005876
v -0.061665 0.040636 0.004877
v -0.061665 0.040636 0.004877
v -0.062763 0.040807 0.006744
v -0.060091 0.043742 0.007449
v -0.062763 0.040049 0.007257
v -0.058519 0.044720 0.007704
v -0.064547 0.035587 0.007439
v -0.067759 0.031969 0.006423
v -0.065697 0.035882 0.006611
v -0.064803 0.037128 0.005564
v -0.064171 0.036446 0.004737
v -0.064171 0.036446 0.004737
v -0.060664 0.035286 0.003106
v -0.066764 0.031371 0.004577
v -0.057793 0.039865 0.003267
v -0.063154 0.029618 0.002752
v -0.068788 0.026800 0.004489
v -0.067460 0.031974 0.005308
v -0.067460 0.031974 0.005308
v -0.066115 0.034383 0.007085
v -0.068445 0.029594 0.007005
v -0.069504 0.027509 0.005341
v -0.069504 0.027509 0.005341
v -0.067119 0.027160 0.006922
v -0.062844 0.036505 0.007255
v -0.060474 0.029695 0.004700
v -0.070466 0.021746 0.004387
v -0.070843 0.023475 0.005168
v -0.065124 0.024182 0.002459
v -0.072938 0.015713 0.004948
v -0.072450 0.018866 0.005568
v -0.071640 0.022105 0.006239
v -0.072832 0.017610 0.006173
v -0.070934 0.023134 0.006912
v -0.070934 0.023134 0.006912
v -0.072107 0.018893 0.006907
v -0.069497 0.015862 0.003219
v -0.072026 0.015940 0.004344
v -0.069847 0.026997 0.006366
v -0.069847 0.026997 0.006366
v -0.069113 0.025626 0.007285
v -0.069519 0.020346 0.006862
v -0.069519 0.020346 0.006862
v -0.071373 0.018209 0.007197
v -0.071373 0.018209 0.007197
v -0.058736 0.042566 0.007362
v -0.050197 0.037241 -0.001281
v -0.043058 0.043749 -0.001742
v -0.043253 0.040348 -0.002971
v -0.045254 0.035309 -0.003974
v -0.035525 0.038559 -0.006282
v -0.037752 0.044208 -0.003421
v -0.044762 0.027818 -0.006302
v -0.040521 0.033052 -0.006400
v -0.049714 0.049497 0.003593
v -0.043769 0.052963 0.002884
v -0.051002 0.054244 0.006021
v -0.051002 0.054244 0.006021
v -0.054915 0.050233 0.005764
v -0.054915 0.050233 0.005764
v -0.054871 0.050927 0.006819
v -0.052524 0.051725 0.005224
v -0.051938 0.053800 0.006838
v -0.054122 0.051432 0.007251
v -0.050375 0.054766 0.007666
v -0.055426 0.049595 0.007556
v -0.048715 0.056764 0.007030
v -0.054408 0.049538 0.007853
v -0.047424 0.056335 0.008083
v -0.048363 0.054019 0.007751
v -0.047332 0.056368 0.005372
v -0.046456 0.058086 0.006089
v -0.046456 0.058086 0.006089
v -0.042554 0.059929 0.005468
v -0.046607 0.058470 0.007086
v -0.046199 0.058121 0.007887
v -0.041949 0.061499 0.006304
v -0.041949 0.061499 0.006304
v -0.044416 0.055335 0.004147
v -0.056695 0.048918 0.006707
v -0.057591 0.046002 0.005010
v -0.057591 0.046002 0.005010
v -0.057166 0.047437 0.007582
v -0.053003 0.046102 0.003473
v -0.053815 0.048496 0.007516
v -0.043538 0.032656 -0.001047
v -0.043156 0.043378 0.002311
v -0.055716 0.034439 0.003999
v -0.037314 0.049973 -0.001016
v -0.036078 0.045777 0.000971
v -0.036954 0.055510 0.005111
v -0.039841 0.035942 -0.001322
v -0.056047 0.028313 -0.001362
v -0.054825 0.021629 -0.003544
v -0.052395 0.026544 -0.003529
v -0.058687 0.021439 -0.001663
v -0.065991 0.017480 0.001653
v -0.051235 0.017593 -0.001410
v -0.058826 0.012085 0.001199
v -0.058826 0.012085 0.001199
v -0.049099 0.025670 -0.000726
v -0.050005 0.030785 -0.003426
v -0.046284 0.022357 -0.007287
v -0.043600 0.027998 -0.006838
v -0.047818 0.021965 -0.006434
v -0.043299 0.027319 -0.007551
v -0.044334 0.021502 -0.003064
v -0.043943 0.025401 -0.002695
v -0.047205 0.019625 -0.002635
v -0.047650 0.014774 -0.003054
v -0.049710 0.010652 -0.002819
v -0.049038 0.006722 -0.003143
v -0.051218 0.006803 -0.002507
v -0.027022 0.055221 -0.001358
v -0.020967 0.058043 -0.001131
v -0.022555 0.053221 -0.003300
v -0.017285 0.047295 -0.008363
v -0.011636 0.049099 -0.008195
v -0.015060 0.047706 -0.008548
v -0.016997 0.055544 -0.003102
v -0.011056 0.050137 -0.006828
v -0.017348 0.048284 -0.006923
v -0.016829 0.049472 -0.006014
v -0.010402 0.048515 -0.008701
v -0.011447 0.051120 -0.005887
v -0.011387 0.057872 -0.002593
v -0.008868 0.047615 -0.008425
v -0.014196 0.046177 -0.008450
v -0.006750 0.048577 -0.008618
v -0.006622 0.049956 -0.008189
v -0.003457 0.049771 -0.008554
v -0.007577 0.051769 -0.005908
v -0.005485 0.051001 -0.006818
v -0.001598 0.051399 -0.006618
v -0.003278 0.052379 -0.005816
v -0.002237 0.048246 -0.008313
v -0.003352 0.045631 -0.006894
v -0.007351 0.045334 -0.007012
v -0.001715 0.050451 -0.008025
v 0.000482 0.049449 -0.008624
v 0.005415 0.048119 -0.008272
v 0.000380 0.046532 -0.007260
v 0.002080 0.050312 -0.008106
v 0.003156 0.044761 -0.006571
v 0.006044 0.045733 -0.006947
v 0.007370 0.048815 -0.008526
v -0.042792 0.025693 -0.009206
v -0.046046 0.017600 -0.009503
v -0.046957 0.016858 -0.009333
v -0.042532 0.022616 -0.008996
v -0.041918 0.025758 -0.009310
v -0.048579 0.010918 -0.009448
v -0.045504 0.015769 -0.009188
v -0.046990 0.008659 -0.009032
v -0.047897 0.008971 -0.009460
v -0.042601 0.017140 -0.007825
v -0.043947 0.013139 -0.007836
v -0.049226 0.005180 -0.009591
v -0.045514 0.007024 -0.007955
v -0.042730 0.012193 -0.007401
v -0.044531 0.005352 -0.007539
v -0.040703 0.006574 -0.006947
v -0.029903 0.040574 -0.008394
v -0.032141 0.038958 -0.008344
v -0.031837 0.040197 -0.007126
v -0.030001 0.042012 -0.006732
v -0.024398 0.042704 -0.008876
v -0.031695 0.037591 -0.008972
v -0.028523 0.040852 -0.008837
v -0.030364 0.037393 -0.008687
v -0.025348 0.043395 -0.008571
v -0.026363 0.044093 -0.006910
v -0.026476 0.039948 -0.008472
v -0.039435 0.032760 -0.007276
v -0.039418 0.031457 -0.008662
v -0.035513 0.034103 -0.009085
v -0.039046 0.030724 -0.009172
v -0.037010 0.033575 -0.008973
v -0.038201 0.029867 -0.009031
v -0.034169 0.034027 -0.008805
v -0.035026 0.037700 -0.006920
v -0.037213 0.035413 -0.007085
v -0.035682 0.035539 -0.008623
v -0.033074 0.037442 -0.008899
v -0.038709 0.031758 -0.002795
v -0.041473 0.021618 -0.003192
v -0.032784 0.035412 -0.002948
v -0.032461 0.032687 -0.007539
v -0.027023 0.036916 -0.007291
v -0.034907 0.029365 -0.007404
v -0.027608 0.034972 -0.006990
v -0.029795 0.028623 -0.006575
v -0.022001 0.040521 -0.007325
v -0.032200 0.049017 -0.003035
v -0.030014 0.043145 -0.006073
v -0.023622 0.046965 -0.005968
v -0.027047 0.049351 -0.004153
v -0.028808 0.043807 -0.001727
v -0.024173 0.050496 0.000040
v -0.024106 0.045218 -0.002150
v -0.027438 0.041987 -0.002562
v -0.033567 0.038395 -0.002392
v -0.025986 0.039114 -0.002860
v -0.025710 0.024153 -0.002735
v -0.023259 0.045944 -0.006746
v -0.020813 0.045899 -0.008329
v -0.019189 0.045780 -0.008780
v -0.019905 0.044219 -0.008593
v -0.015772 0.042890 -0.007024
v -0.012191 0.044638 -0.007257
v -0.010130 0.044018 -0.006786
v -0.021553 0.039212 -0.006907
v -0.019292 0.037712 -0.006478
v -0.011731 0.040497 -0.006322
v -0.021834 0.060135 0.004034
v -0.014248 0.051022 -0.001259
v -0.018753 0.047288 -0.002195
v -0.018026 0.045758 -0.002581
v -0.014809 0.042481 -0.002654
v -0.012335 0.049141 -0.002170
v -0.013305 0.033851 -0.005866
v -0.022969 0.024386 -0.006004
v -0.000786 0.029591 -0.002079
v -0.043056 0.026250 -0.008668
v -0.044787 0.022995 -0.008849
v -0.039427 0.023552 -0.007670
v -0.040642 0.018357 -0.007345
v -0.036518 0.025983 -0.007256
v -0.035916 0.017520 -0.006641
v -0.046788 0.010342 -0.003299
v -0.033879 0.011886 -0.006419
v -0.028695 -0.007780 -0.002872
v -0.018482 0.004885 -0.002412
v -0.004326 0.042658 -0.006283
v -0.002551 0.037418 -0.005724
v 0.004943 0.040033 -0.005829
v -0.003083 0.024304 -0.005287
v 0.011755 0.034187 -0.005378
v -0.018664 0.004224 -0.005577
v -0.008766 0.001382 -0.005369
v -0.006278 -0.015696 -0.002396
v 0.005563 -0.004927 -0.005328
v 0.004750 0.002969 -0.002312
v -0.074405 0.003191 0.004916
v -0.074135 0.008449 0.005065
v -0.073311 0.008944 0.004368
v -0.075000 0.001077 0.006029
v -0.074544 0.005823 0.005388
v -0.069327 0.005197 0.002384
v -0.069312 0.010362 0.002662
v -0.073384 0.002010 0.004220
v -0.061386 0.005076 -0.002330
v -0.062927 -0.001275 -0.001519
v -0.074413 -0.002648 0.004975
v -0.073338 -0.005048 0.004310
v -0.070230 -0.000366 0.002788
v -0.074333 0.001417 0.007064
v -0.074913 -0.003105 0.006245
v -0.074194 -0.004384 0.007114
v -0.073789 -0.009011 0.004933
v -0.074376 -0.007986 0.005764
v -0.074576 -0.006359 0.006277
v -0.073868 -0.008112 0.007140
v -0.073251 -0.007429 0.007362
v -0.069469 -0.006192 0.002595
v -0.072658 -0.000045 0.007086
v -0.071812 -0.008973 0.007106
v -0.059748 -0.006429 0.001306
v -0.057107 0.005328 -0.004493
v -0.058569 -0.001289 -0.003890
v -0.052068 0.003327 -0.006790
v -0.052127 -0.001591 -0.006864
v -0.056363 -0.008378 -0.004654
v -0.060530 -0.011706 -0.002229
v -0.061035 -0.007617 -0.002343
v -0.055993 -0.015946 -0.004010
v -0.068660 -0.013912 0.002815
v -0.071127 -0.013496 0.007172
v -0.056940 -0.014292 0.000709
v -0.073536 -0.013354 0.005721
v -0.071911 -0.014532 0.004364
v -0.072785 -0.014985 0.005021
v -0.073784 -0.012152 0.006490
v -0.073547 -0.011170 0.007078
v -0.072794 -0.015009 0.007142
v -0.072773 -0.017095 0.006410
v -0.071594 -0.021084 0.005472
v -0.071225 -0.021498 0.007122
v -0.071812 -0.020633 0.006581
v -0.067769 -0.020858 0.003311
v -0.071448 -0.020109 0.005018
v -0.069763 -0.023528 0.004591
v -0.070641 -0.020423 0.007501
v -0.069443 -0.020564 0.007249
v -0.070228 -0.025465 0.006592
v -0.060281 -0.018545 -0.001354
v -0.064806 -0.021623 0.001919
v -0.063891 -0.028046 0.002858
v -0.056533 -0.024792 -0.002053
v -0.055270 -0.019695 0.000754
v -0.067738 -0.029338 0.004767
v -0.069316 -0.027510 0.005482
v -0.067080 -0.032451 0.005480
v -0.067193 -0.032642 0.006645
v -0.065656 -0.033237 0.004696
v -0.061184 -0.033469 0.002873
v -0.063573 -0.037184 0.004762
v -0.067579 -0.028851 0.007595
v -0.066121 -0.029765 0.007389
v -0.068356 -0.029089 0.007275
v -0.066371 -0.033327 0.007279
v -0.063509 -0.035285 0.007480
v -0.051987 -0.026046 0.000556
v -0.073872 0.012382 0.005689
v -0.073460 0.014273 0.006502
v -0.073313 0.012672 0.006969
v -0.073182 0.008206 0.007226
v -0.071528 0.012167 0.006919
v -0.074550 0.007770 0.006202
v -0.074241 0.005848 0.006984
v -0.072235 0.007628 0.007012
v -0.063291 0.008851 0.002977
v -0.057554 0.002038 0.000084
v -0.050962 0.001989 -0.002762
v -0.065183 -0.036340 0.005864
v -0.064908 -0.036258 0.005365
v -0.061743 -0.042009 0.006781
v -0.064716 -0.037101 0.006894
v -0.061828 -0.041401 0.005449
v -0.061454 -0.042474 0.006213
v -0.064926 -0.035839 0.007399
v -0.062860 -0.037903 0.007667
v -0.061252 -0.041943 0.007412
v -0.050015 0.004500 -0.009149
v -0.049750 0.001209 -0.009504
v -0.050317 0.000253 -0.009065
v -0.048094 0.002306 -0.009287
v -0.048451 -0.007438 -0.009532
v -0.051377 -0.002184 -0.007474
v -0.049850 -0.005982 -0.009176
v -0.049403 -0.003622 -0.009552
v -0.047510 -0.003750 -0.009044
v -0.045527 -0.007490 -0.008054
v -0.045764 -0.002549 -0.007900
v -0.050924 0.004246 -0.007848
v -0.046020 0.001340 -0.007971
v -0.049200 -0.001013 -0.003208
v -0.050987 -0.005360 -0.002676
v -0.049399 -0.005384 -0.003105
v -0.045102 -0.003119 -0.003300
v -0.044077 -0.000722 -0.007418
v -0.038057 -0.007431 -0.006718
v -0.043594 -0.010498 -0.007556
v -0.051078 -0.006999 -0.007297
v -0.052116 -0.007346 -0.006607
v -0.050469 -0.013615 -0.006786
v -0.048401 -0.010945 -0.009528
v -0.048982 -0.011391 -0.009043
v -0.047001 -0.009747 -0.009207
v -0.049939 -0.011328 -0.007649
v -0.043694 -0.015007 -0.008031
v -0.049028 -0.015108 -0.007525
v -0.047408 -0.016710 -0.009078
v -0.046533 -0.016011 -0.009556
v -0.046676 -0.017246 -0.009412
v -0.047557 -0.019485 -0.007341
v -0.049405 -0.012793 -0.002701
v -0.045063 -0.015454 -0.003264
v -0.047949 -0.013605 -0.003038
v -0.045373 -0.015489 -0.009189
v -0.045547 -0.021030 -0.009159
v -0.043819 -0.020174 -0.009316
v -0.040290 -0.019318 -0.007508
v -0.039781 -0.012330 -0.007005
v -0.040577 -0.021854 -0.007955
v -0.027940 -0.025489 -0.003013
v -0.035465 -0.018982 -0.006820
v -0.054967 -0.020054 -0.003838
v -0.050464 -0.025886 -0.004681
v -0.048314 -0.020572 -0.006608
v -0.052124 -0.030522 -0.002752
v -0.046077 -0.024727 -0.006689
v -0.047604 -0.019889 -0.002415
v -0.044580 -0.023580 -0.002856
v -0.050587 -0.035353 -0.001978
v -0.057596 -0.039219 0.002894
v -0.050366 -0.032901 0.001550
v -0.043802 -0.023469 -0.009446
v -0.045700 -0.023342 -0.007434
v -0.043633 -0.025100 -0.008986
v -0.043366 -0.027281 -0.007632
v -0.042837 -0.029823 -0.006710
v -0.047605 -0.032622 -0.004112
v -0.040896 -0.024952 -0.009068
v -0.041541 -0.026600 -0.009484
v -0.040173 -0.027243 -0.009320
v -0.038079 -0.026314 -0.008048
v -0.037167 -0.025176 -0.007501
v -0.040459 -0.029465 -0.009218
v -0.040499 -0.030137 -0.008796
v -0.040489 -0.031684 -0.007318
v -0.038374 -0.030862 -0.009425
v -0.036823 -0.030813 -0.009106
v -0.039977 -0.027086 -0.003156
v -0.042762 -0.028290 -0.002482
v -0.038892 -0.032060 -0.002790
v -0.044069 -0.037145 -0.004139
v -0.047451 -0.041260 -0.001237
v -0.039403 -0.034003 -0.006727
v -0.043761 -0.038076 0.000559
v -0.036478 -0.035917 -0.002456
v -0.039478 -0.042711 0.000705
v -0.029877 -0.021641 -0.006538
v -0.030956 -0.027036 -0.006877
v -0.031904 -0.031484 -0.007418
v -0.035508 -0.029498 -0.007924
v -0.036338 -0.033686 -0.009439
v -0.038143 -0.033025 -0.008849
v -0.032494 -0.035432 -0.009083
v -0.032221 -0.033240 -0.007939
v -0.023999 -0.039573 -0.003056
v -0.022788 -0.033060 -0.006698
v -0.038450 -0.033730 -0.007695
v -0.035777 -0.037099 -0.007186
v -0.036196 -0.037723 -0.006623
v -0.041136 -0.041745 -0.003624
v -0.034907 -0.036228 -0.009003
v -0.037499 -0.044413 -0.003851
v -0.031017 -0.039097 -0.009283
v -0.031720 -0.039186 -0.008870
v -0.032984 -0.039229 -0.007483
v -0.032632 -0.040692 -0.006622
v -0.027390 -0.040937 -0.009336
v -0.028266 -0.038745 -0.008969
v -0.029916 -0.041881 -0.007180
v -0.028337 -0.036123 -0.007731
v -0.030418 -0.042812 -0.006444
v -0.033474 -0.036604 -0.002914
v -0.031287 -0.040249 -0.002528
v -0.025157 -0.042631 -0.002852
v -0.033249 -0.047583 0.000660
v -0.005675 -0.024071 -0.005672
v -0.022547 -0.038081 -0.007199
v -0.012612 -0.037063 -0.006427
v -0.027033 -0.042622 -0.008761
v -0.024219 -0.043707 -0.009135
v -0.024162 -0.041529 -0.008978
v -0.022569 -0.040172 -0.007723
v -0.025960 -0.044304 -0.007355
v -0.025147 -0.045839 -0.006481
v -0.032215 -0.048839 -0.003617
v -0.017183 -0.046378 -0.009178
v -0.019673 -0.043973 -0.008984
v -0.017708 -0.042809 -0.007754
v -0.023782 -0.044463 -0.008720
v -0.023067 -0.046134 -0.007023
v -0.020249 -0.045976 -0.008926
v -0.018939 -0.047818 -0.007143
v -0.019607 -0.048499 -0.006375
v -0.025717 -0.044621 -0.002232
v -0.017633 -0.040875 -0.007157
v -0.019798 -0.047373 -0.002259
v -0.059245 -0.043645 0.004774
v -0.058838 -0.045481 0.005390
v -0.054696 -0.045980 0.003852
v -0.058568 -0.046445 0.006435
v -0.056099 -0.048824 0.005457
v -0.052647 -0.043543 0.002128
v -0.054044 -0.049953 0.004816
v -0.058224 -0.043314 0.007517
v -0.057925 -0.045372 0.007712
v -0.058302 -0.046299 0.007187
v -0.056931 -0.048380 0.006782
v -0.054890 -0.050135 0.007389
v -0.051660 -0.050702 0.007441
v -0.051280 -0.052806 0.007710
v -0.055780 -0.049897 0.006562
v -0.049723 -0.049352 0.003177
v -0.042338 -0.045709 -0.001563
v -0.045325 -0.052995 0.003013
v -0.052049 -0.053193 0.005435
v -0.052099 -0.053687 0.006485
v -0.048984 -0.055160 0.004883
v -0.049297 -0.056167 0.006071
v -0.047894 -0.057008 0.005478
v -0.042835 -0.059875 0.004804
v -0.046322 -0.058637 0.006049
v -0.043122 -0.060557 0.005336
v -0.049914 -0.055028 0.007411
v -0.045625 -0.056318 0.007483
v -0.047847 -0.057468 0.006810
v -0.045442 -0.058622 0.007498
v -0.043724 -0.060613 0.006857
v -0.038346 -0.062841 0.007719
v -0.035844 -0.051190 -0.001427
v -0.041073 -0.057098 0.003340
v -0.036405 -0.059966 0.003279
v -0.040987 -0.059622 0.007455
v -0.041746 -0.061958 0.006016
v -0.039706 -0.062810 0.007422
v -0.030642 -0.057771 0.004224
v -0.039475 -0.063018 0.005369
v -0.037243 -0.064757 0.005788
v -0.035435 -0.064685 0.004905
v -0.037058 -0.064971 0.006920
v -0.029967 -0.063465 0.003306
v -0.033503 -0.066475 0.005429
v -0.033503 -0.066475 0.005429
v -0.036358 -0.062903 0.007568
v -0.034463 -0.065984 0.007392
v -0.025247 -0.050815 -0.004392
v -0.028848 -0.054242 -0.001984
v -0.021229 -0.055748 -0.002872
v -0.018629 -0.051722 -0.005133
v -0.026486 -0.049523 -0.000183
v -0.025692 -0.058407 -0.000499
v -0.020308 -0.054682 0.000929
v -0.024544 -0.061535 0.004701
v -0.029865 -0.066305 0.007579
v -0.033503 -0.066776 0.005900
v -0.028201 -0.068220 0.004917
v -0.028201 -0.068220 0.004917
v -0.025720 -0.069015 0.007777
v -0.023405 -0.065485 0.003016
v -0.020393 -0.070643 0.004875
v -0.020393 -0.070643 0.004875
v -0.031893 -0.067697 0.006892
v -0.030201 -0.068325 0.005774
v -0.030910 -0.067707 0.007440
v -0.028090 -0.069407 0.006878
v -0.025821 -0.070152 0.005878
v -0.024765 -0.070159 0.005348
v -0.026566 -0.069768 0.007319
v -0.022951 -0.071320 0.006893
v -0.022690 -0.071100 0.007412
v -0.020832 -0.069866 0.007664
v -0.018842 -0.065138 0.005451
v 0.017833 0.025730 -0.005142
v 0.019558 0.008862 -0.005032
v 0.027786 0.004903 -0.001817
v 0.024732 -0.005234 -0.005161
v 0.017425 -0.012656 -0.005282
v 0.016025 -0.022117 -0.001983
v 0.035244 -0.005308 -0.005419
v 0.031005 -0.018754 -0.005550
v 0.040913 -0.005424 -0.005787
v 0.037449 -0.017612 -0.005881
v 0.042926 -0.013047 -0.006360
v 0.043839 -0.014647 -0.006789
v 0.045173 -0.010119 -0.006807
v 0.039496 -0.021838 -0.006431
v 0.046447 -0.013872 -0.007969
v 0.048224 -0.006225 -0.007932
v 0.048292 -0.010433 -0.008182
v 0.045757 -0.017257 -0.008169
v 0.048909 -0.011207 -0.008003
v 0.047507 -0.015711 -0.008130
v 0.049535 -0.010421 -0.007654
v 0.047737 -0.016516 -0.007777
v 0.048052 -0.018845 -0.006100
v 0.049432 -0.014413 -0.006264
v -0.015378 -0.045834 -0.008985
v -0.015216 -0.048090 -0.008644
v -0.012263 -0.048386 -0.008974
v -0.014089 -0.049656 -0.006902
v -0.010421 -0.047047 -0.008822
v -0.009024 -0.049650 -0.008514
v -0.010803 -0.043858 -0.007172
v -0.012932 -0.044550 -0.007714
v -0.005985 -0.041945 -0.006574
v -0.015965 -0.050129 -0.006175
v -0.012741 -0.047141 -0.002697
v -0.013202 -0.048827 -0.002432
v -0.006479 -0.046054 -0.007612
v -0.009484 -0.050800 -0.006767
v -0.005395 -0.047827 -0.008684
v -0.004602 -0.048977 -0.008968
v -0.010918 -0.051611 -0.006023
v -0.008256 -0.051574 -0.006187
v -0.001244 -0.045395 -0.007055
v -0.000962 -0.046553 -0.007554
v -0.005990 -0.049491 -0.008912
v -0.002986 -0.050440 -0.008385
v -0.006478 -0.050856 -0.007229
v -0.006435 -0.052141 -0.006071
v -0.002285 -0.051372 -0.007005
v -0.002701 -0.052012 -0.006356
v -0.000701 -0.053080 -0.005774
v 0.001177 -0.048138 -0.008536
v 0.005711 -0.049089 -0.008730
v 0.007092 -0.047615 -0.008389
v -0.000275 -0.049979 -0.008744
v -0.001112 -0.051228 -0.007245
v 0.001268 -0.050516 -0.008244
v -0.000208 -0.052137 -0.006324
v 0.002310 -0.051584 -0.006689
v 0.004140 -0.050178 -0.008472
v 0.005029 -0.052362 -0.005889
v 0.009494 -0.048966 -0.008651
v 0.007647 -0.050021 -0.008087
v 0.007683 -0.050982 -0.006693
v 0.016405 -0.024309 -0.005439
v 0.005757 -0.037362 -0.005881
v 0.018159 -0.035977 -0.005891
v 0.002735 -0.045756 -0.002459
v -0.000957 -0.049900 -0.002410
v 0.008504 -0.040001 -0.006076
v 0.005442 -0.043993 -0.006636
v -0.006550 -0.051175 -0.001975
v 0.002303 -0.051123 -0.002028
v -0.001619 -0.056660 0.000305
v 0.003608 -0.046113 -0.007280
v 0.005973 -0.058121 -0.003187
v 0.006972 -0.048378 -0.002383
v 0.025505 -0.031417 -0.005847
v 0.028962 -0.036091 -0.006853
v 0.031025 -0.037326 -0.008148
v 0.025540 -0.038536 -0.006888
v 0.027886 -0.040482 -0.008404
v 0.031927 -0.038026 -0.008357
v 0.039882 -0.023886 -0.002183
v 0.025254 -0.039379 -0.002197
v 0.035750 -0.028834 -0.006630
v 0.032007 -0.028054 -0.006033
v 0.031611 -0.031762 -0.006380
v 0.025102 -0.037141 -0.006444
v 0.032455 -0.033193 -0.006901
v 0.035565 -0.032921 -0.008038
v 0.036424 -0.033394 -0.008301
v 0.030043 -0.039338 -0.002054
v 0.012434 -0.043021 -0.006600
v 0.008987 -0.045343 -0.007155
v 0.016336 -0.043332 -0.007046
v 0.012436 -0.046054 -0.008071
v 0.018926 -0.044538 -0.008267
v 0.014466 -0.046967 -0.008613
v 0.019465 -0.040761 -0.006614
v 0.011528 -0.049050 -0.008261
v 0.009256 -0.051447 -0.006014
v 0.014255 -0.049598 -0.006466
v 0.007935 -0.050664 -0.001928
v 0.006748 -0.057442 0.000992
v 0.016630 -0.047234 -0.008467
v 0.016023 -0.048099 -0.007866
v 0.015033 -0.050410 -0.005730
v 0.016154 -0.054273 -0.003854
v 0.012255 -0.058124 -0.002527
v 0.015513 -0.047404 -0.002195
v 0.014169 -0.049861 -0.001604
v 0.013342 -0.058051 0.001978
v 0.019679 -0.046642 -0.001949
v 0.021661 -0.047493 -0.001327
v 0.018867 -0.055999 0.001892
v 0.021310 -0.044499 -0.008511
v 0.020823 -0.046102 -0.007969
v 0.021120 -0.041338 -0.007076
v 0.025372 -0.041148 -0.008133
v 0.018705 -0.047877 -0.006684
v 0.022358 -0.046467 -0.006418
v 0.026134 -0.044582 -0.006207
v 0.025503 -0.043778 -0.007832
v 0.024086 -0.043898 -0.008357
v 0.028535 -0.041156 -0.008276
v 0.029858 -0.040960 -0.007677
v 0.033212 -0.038056 -0.007968
v 0.033454 -0.039052 -0.006473
v 0.029750 -0.042283 -0.006163
v 0.030542 -0.042790 -0.005482
v 0.024959 -0.046293 -0.005595
v 0.020337 -0.048095 -0.005868
v 0.021517 -0.055266 -0.002357
v 0.017191 -0.059541 -0.000982
v 0.026868 -0.052817 -0.002265
v 0.031322 -0.048100 -0.003098
v 0.024694 -0.057638 -0.000299
v 0.027643 -0.042961 -0.001692
v 0.033056 -0.040193 -0.005792
v 0.033958 -0.037959 -0.001650
v 0.036472 -0.042616 0.000790
v 0.036472 -0.042616 0.000790
v 0.028927 -0.048137 0.000712
v 0.028927 -0.048137 0.000712
v 0.026929 -0.053697 0.002587
v 0.026929 -0.053697 0.002587
v 0.034056 -0.051025 -0.000909
v 0.030287 -0.055738 0.000323
v 0.026271 -0.067404 0.008745
v 0.026271 -0.067404 0.008745
v -0.016690 -0.056618 -0.003148
v -0.010718 -0.054252 -0.004915
v -0.012989 -0.054650 -0.000028
v -0.016859 -0.059608 -0.001550
v -0.009443 -0.058430 -0.003002
v -0.007475 -0.061744 -0.001308
v -0.016561 -0.068212 0.003457
v -0.010788 -0.067931 0.002678
v -0.014684 -0.072672 0.005268
v -0.014684 -0.072672 0.005268
v -0.004652 -0.057481 -0.003701
v -0.000750 -0.059258 -0.002860
v -0.021524 -0.071651 0.006072
v -0.018623 -0.072190 0.005593
v -0.016300 -0.073041 0.006102
v -0.007581 -0.055379 -0.000094
v -0.009429 -0.063900 0.004039
v -0.011146 -0.070805 0.004251
v -0.009551 -0.072091 0.007816
v -0.002065 -0.063443 -0.000421
v 0.003477 -0.061374 -0.001569
v 0.002823 -0.069059 0.003138
v 0.003532 -0.065279 0.004592
v -0.003502 -0.066887 0.005281
v -0.004260 -0.070487 0.003878
v -0.007317 -0.073383 0.005173
v -0.007317 -0.073383 0.005173
v -0.000056 -0.071170 0.004202
v -0.000275 -0.073743 0.005352
v -0.000275 -0.073743 0.005352
v -0.003540 -0.074585 0.006050
v 0.000057 -0.072701 0.008054
v -0.004152 -0.073549 0.008179
v -0.017946 -0.072282 0.007601
v -0.018171 -0.072695 0.006983
v -0.015261 -0.071990 0.007944
v -0.012464 -0.073425 0.007707
v -0.010021 -0.073965 0.005781
v -0.013663 -0.073680 0.007115
v -0.010495 -0.074196 0.006535
v -0.009863 -0.074264 0.007232
v -0.006102 -0.074766 0.007123
v -0.004250 -0.074461 0.007840
v -0.002025 -0.074996 0.007031
v 0.001058 -0.074526 0.007999
v 0.009405 -0.061977 -0.000730
v 0.008465 -0.068655 0.003338
v 0.013828 -0.068842 0.004110
v 0.009775 -0.071919 0.008232
v 0.006497 -0.071323 0.004570
v 0.001183 -0.074570 0.006062
v 0.005857 -0.073570 0.005549
v 0.005857 -0.073570 0.005549
v 0.007853 -0.073221 0.008472
v 0.007272 -0.074078 0.006069
v 0.007272 -0.074078 0.006069
v 0.002062 -0.074971 0.007099
v 0.005438 -0.074661 0.007607
v 0.006024 -0.074143 0.008194
v 0.005696 -0.074711 0.006991
v 0.012255 -0.072611 0.005678
v 0.010594 -0.074113 0.007668
v 0.011154 -0.073561 0.008308
v 0.012582 -0.073762 0.006946
v 0.012841 -0.073241 0.006224
v 0.012841 -0.073241 0.006224
v 0.019801 -0.067455 0.004359
v 0.016945 -0.071933 0.005999
v 0.021443 -0.070548 0.006075
v 0.017539 -0.072650 0.006899
v 0.017539 -0.072650 0.006899
v 0.017279 -0.070341 0.008428
v 0.021384 -0.063964 0.006118
v 0.024354 -0.065339 0.004178
v 0.029461 -0.062828 0.004172
v 0.028476 -0.067721 0.006252
v 0.017830 -0.071285 0.008748
v 0.018929 -0.072365 0.007986
v 0.018929 -0.072365 0.007986
v 0.015853 -0.073112 0.007925
v 0.020352 -0.071575 0.008529
v 0.020352 -0.071575 0.008529
v 0.016643 -0.072415 0.008487
v 0.021542 -0.071444 0.006917
v 0.022696 -0.071234 0.008037
v 0.026870 -0.068391 0.009051
v 0.026870 -0.068391 0.009051
v 0.026530 -0.069549 0.008653
v 0.026699 -0.069619 0.007120
v 0.028770 -0.068950 0.008144
v 0.042651 -0.023369 -0.008076
v 0.039417 -0.028532 -0.008102
v 0.038366 -0.026433 -0.006974
v 0.043184 -0.024414 -0.008308
v 0.041663 -0.020628 -0.006926
v 0.046284 -0.020005 -0.007882
v 0.044703 -0.022497 -0.008152
v 0.044646 -0.023805 -0.007687
v 0.046018 -0.022965 -0.006355
v 0.048587 -0.020044 -0.005356
v 0.046643 -0.023758 -0.005458
v 0.042443 -0.027163 -0.007964
v 0.044059 -0.026608 -0.006251
v 0.042355 -0.029124 -0.006365
v 0.045271 -0.026784 -0.005326
v 0.039242 -0.031063 -0.008194
v 0.035199 -0.035737 -0.008213
v 0.037719 -0.033792 -0.007737
v 0.040422 -0.030380 -0.007754
v 0.040014 -0.032693 -0.006044
v 0.037033 -0.035868 -0.006237
v 0.038248 -0.035930 -0.005411
v 0.040587 -0.040798 -0.002897
v 0.034485 -0.040030 -0.005282
v 0.042415 -0.030978 -0.005351
v 0.044307 -0.025802 -0.001519
v 0.044307 -0.025802 -0.001519
v 0.040662 -0.027843 -0.001989
v 0.039196 -0.031843 -0.001740
v 0.039366 -0.033377 -0.001362
v 0.039366 -0.033377 -0.001362
v 0.046461 -0.034982 -0.002553
v 0.047785 -0.038023 0.003352
v 0.050645 -0.029683 -0.002274
v 0.047917 -0.037957 -0.000841
v 0.044601 -0.042284 -0.000636
v 0.035515 -0.044823 -0.003140
v 0.039055 -0.047999 -0.000444
v 0.050297 -0.048592 0.005027
v 0.035638 -0.060163 0.004732
v 0.037396 -0.053496 0.005520
v 0.034577 -0.063416 0.008998
v 0.041519 -0.056326 0.004939
v 0.046743 -0.052264 0.005119
v 0.031260 -0.067533 0.007147
v 0.034615 -0.065109 0.006630
v 0.031451 -0.067335 0.008830
v 0.037997 -0.062669 0.009404
v 0.034476 -0.066151 0.008389
v 0.036105 -0.064857 0.008994
v 0.040993 -0.060725 0.006600
v 0.037624 -0.063767 0.007022
v 0.041693 -0.061224 0.007257
v 0.037248 -0.064516 0.007629
v 0.038488 -0.063865 0.008567
v -0.042286 0.061502 0.007498
v -0.041990 0.061823 0.007036
v -0.044375 0.060017 0.007469
v -0.039034 0.063274 0.008005
v -0.042471 0.060824 0.007989
v -0.038941 0.062245 0.008295
v -0.024307 0.070502 0.008081
v -0.028101 0.069244 0.007629
v -0.028736 0.068685 0.008115
v -0.030179 0.068251 0.006744
v -0.024147 0.070576 0.006802
v -0.036744 0.064849 0.006577
v -0.036744 0.064849 0.006577
v -0.034749 0.066149 0.007443
v -0.033130 0.065815 0.005807
v -0.033130 0.065815 0.005807
v -0.037217 0.063462 0.005665
v -0.038137 0.064199 0.007437
v -0.033629 0.066431 0.008011
v -0.040866 0.059645 0.007908
v -0.035010 0.063389 0.008044
v -0.027841 0.068156 0.005843
v -0.027841 0.068156 0.005843
v -0.028167 0.061253 0.005657
v -0.031359 0.066504 0.008453
v -0.024152 0.066360 0.004396
v -0.023629 0.068649 0.008315
v -0.023568 0.069870 0.008540
v -0.018818 0.071228 0.005913
v -0.018818 0.071228 0.005913
v -0.024060 0.069566 0.005889
v -0.024060 0.069566 0.005889
v -0.014967 0.067988 0.003882
v -0.020951 0.071781 0.007563
v -0.018243 0.072324 0.006767
v -0.009662 0.072834 0.005741
v -0.009662 0.072834 0.005741
v -0.023510 0.064167 0.003025
v -0.015963 0.060616 -0.000496
v -0.008261 0.070304 0.004486
v -0.007015 0.066822 0.002374
v -0.007309 0.062198 -0.000542
v -0.010907 0.057552 0.001435
v -0.004132 0.058675 -0.002669
v -0.005789 0.051385 -0.001739
v -0.012865 0.071522 0.008343
v -0.007520 0.065670 0.005117
v -0.019458 0.071856 0.008263
v -0.014583 0.073424 0.007322
v -0.016259 0.072941 0.007891
v -0.017966 0.071239 0.008586
v -0.010701 0.073633 0.006467
v -0.011008 0.073993 0.007864
v -0.014661 0.072874 0.008371
v -0.010063 0.073717 0.008351
v -0.008749 0.073087 0.008553
v -0.006677 0.074461 0.007973
v -0.005775 0.074791 0.007470
v -0.004333 0.074304 0.006420
v 0.000190 0.069951 0.003974
v -0.001281 0.073775 0.005848
v -0.001281 0.073775 0.005848
v -0.000762 0.062105 0.003127
v -0.001629 0.072747 0.008293
v -0.003495 0.074410 0.008327
v -0.001671 0.074996 0.007486
v 0.002716 0.074602 0.006523
v 0.001384 0.074695 0.008152
v 0.005572 0.073693 0.008450
v 0.006642 0.074840 0.007410
v 0.005476 0.073596 0.005778
v 0.005476 0.073596 0.005778
v 0.006215 0.074369 0.008217
v 0.006867 0.069482 0.003899
v 0.012261 0.072480 0.005590
v 0.012261 0.072480 0.005590
v 0.013996 0.069851 0.004576
v 0.013996 0.069851 0.004576
v 0.011789 0.073650 0.006354
v 0.011789 0.073650 0.006354
v 0.008348 0.074451 0.007863
v 0.011665 0.073741 0.008162
v 0.011690 0.074220 0.007392
v 0.015093 0.073552 0.007193
v 0.018361 0.072289 0.006381
v 0.018447 0.071462 0.005746
v 0.020330 0.067020 0.004048
v 0.020330 0.067020 0.004048
v 0.025157 0.068971 0.005632
v 0.025420 0.065185 0.004054
v 0.025420 0.065185 0.004054
v 0.000821 0.061190 -0.001396
v -0.004160 0.049936 -0.002263
v 0.000768 0.051795 -0.006283
v 0.001267 0.052805 -0.005626
v 0.005215 0.051196 -0.006559
v 0.001569 0.052138 -0.001565
v 0.003148 0.050835 -0.002051
v 0.005547 0.049010 -0.002391
v 0.004935 0.047164 -0.002507
v 0.005442 0.059995 -0.001927
v 0.008045 0.060876 0.002788
v 0.014869 0.060030 -0.000967
v 0.011328 0.056064 -0.003458
v 0.009549 0.060364 -0.001418
v 0.018087 0.055993 -0.002570
v 0.013026 0.050902 -0.005676
v 0.006061 0.049810 -0.008309
v 0.009939 0.049327 -0.008123
v 0.006321 0.052162 -0.005724
v 0.010665 0.043713 -0.006488
v 0.014147 0.047383 -0.008434
v 0.012040 0.047077 -0.008336
v 0.010103 0.050374 -0.006608
v 0.015371 0.049098 -0.006501
v 0.014911 0.043932 -0.006957
v 0.008096 0.051113 -0.001725
v 0.012973 0.048754 -0.002122
v 0.016402 0.052386 -0.000275
v 0.015029 0.061005 0.003450
v 0.018324 0.048061 -0.001785
v 0.008945 0.072223 0.008145
v 0.014159 0.066139 0.002577
v 0.020498 0.058445 -0.000868
v 0.015850 0.070731 0.007981
v 0.020707 0.069878 0.008165
v 0.016500 0.072025 0.008411
v 0.016511 0.073224 0.007674
v 0.015582 0.073064 0.008131
v 0.020530 0.072175 0.007081
v 0.020201 0.071999 0.008127
v 0.021722 0.071857 0.007763
v 0.026513 0.069046 0.008432
v 0.023101 0.070698 0.006235
v 0.024788 0.070901 0.007202
v 0.026849 0.069931 0.008134
v 0.028484 0.067065 0.008225
v 0.014504 0.038661 -0.005748
v 0.016371 0.047572 -0.008041
v 0.019106 0.046059 -0.008258
v 0.020901 0.046877 -0.006579
v 0.018429 0.044853 -0.008124
v 0.017380 0.041782 -0.006442
v 0.021711 0.045507 -0.007809
v 0.028691 0.040589 -0.008146
v 0.022374 0.040440 -0.006744
v 0.025287 0.043132 -0.008040
v 0.025309 0.041221 -0.007981
v 0.022116 0.038726 -0.006146
v 0.019745 0.048405 -0.005770
v 0.021937 0.053022 -0.003263
v 0.018969 0.045732 -0.002234
v 0.026102 0.038566 -0.002074
v 0.026162 0.044411 -0.006221
v 0.024395 0.046432 -0.005534
v 0.027744 0.050797 -0.002921
v 0.024657 0.044897 -0.001738
v 0.028937 0.040249 -0.001995
v 0.025115 0.038529 -0.006581
v 0.029756 0.038368 -0.007985
v 0.030578 0.042677 -0.005446
v 0.027924 0.042057 -0.007695
v 0.030341 0.041816 -0.005983
v 0.032575 0.038466 -0.007673
v 0.033146 0.039576 -0.005935
v 0.035708 0.034760 -0.007994
v 0.036085 0.038017 -0.005302
v 0.027365 0.055511 -0.000768
v 0.023529 0.051219 0.000513
v 0.029926 0.063781 0.004414
v 0.029926 0.063781 0.004414
v 0.029927 0.057077 0.004384
v 0.028486 0.045844 -0.000524
v 0.036503 0.054832 0.005226
v 0.035453 0.060458 0.004381
v 0.035453 0.060458 0.004381
v 0.033142 0.051958 -0.000769
v 0.040903 0.056424 0.004423
v 0.040903 0.056424 0.004423
v 0.037448 0.048447 -0.000888
v 0.045540 0.052780 0.004617
v 0.045540 0.052780 0.004617
v 0.033618 0.046052 -0.003179
v 0.031929 0.040235 -0.001535
v 0.039411 0.042595 -0.002519
v 0.036101 0.044691 0.001274
v 0.036752 0.036971 -0.001099
v 0.035465 0.035935 -0.007523
v 0.035643 0.036970 -0.006246
v 0.038954 0.033768 -0.005932
v 0.042482 0.045211 -0.000256
v 0.044565 0.038146 -0.002118
v 0.040560 0.033661 -0.005079
v 0.042651 0.038464 0.001452
v 0.050987 0.047628 0.004883
v 0.050987 0.047628 0.004883
v 0.045515 0.044956 0.004689
v 0.047157 0.040867 0.000098
v 0.053882 0.043076 0.004477
v 0.053882 0.043076 0.004477
v 0.052037 0.034333 0.000100
v 0.051099 0.041035 0.005651
v 0.048284 0.030242 0.001334
v 0.048550 0.032144 -0.002263
v 0.026993 0.069389 0.006424
v 0.030825 0.067139 0.006008
v 0.028172 0.069651 0.007291
v 0.032210 0.067686 0.007156
v 0.032524 0.067672 0.007644
v 0.031985 0.067608 0.008249
v 0.039755 0.062360 0.008778
v 0.037066 0.064217 0.006472
v 0.036928 0.065281 0.007436
v 0.035375 0.065908 0.008340
v 0.034776 0.064363 0.005774
v 0.036920 0.062750 0.008501
v 0.041593 0.060458 0.006199
v 0.041764 0.062330 0.007710
v 0.043891 0.059785 0.006848
v 0.043942 0.053701 0.007167
v 0.043221 0.058370 0.008703
v 0.037417 0.064486 0.008497
v 0.037870 0.064688 0.008026
v 0.040114 0.062976 0.008544
v 0.043030 0.061337 0.008154
v 0.042953 0.060819 0.008731
v 0.046272 0.058923 0.007967
v 0.045380 0.059156 0.008770
v 0.046942 0.056246 0.006415
v 0.051602 0.051626 0.006461
v 0.049201 0.055473 0.007110
v 0.046692 0.058312 0.008610
v 0.048787 0.056175 0.008926
v 0.049048 0.056709 0.008112
v 0.051746 0.050875 0.009060
v 0.051444 0.054513 0.008219
v 0.051444 0.054513 0.008219
v 0.051736 0.052274 0.009283
v 0.053363 0.051188 0.007124
v 0.054444 0.051361 0.008286
v 0.051845 0.053351 0.009005
v 0.053971 0.051442 0.008872
v 0.056049 0.049004 0.009102
v 0.056518 0.048920 0.008505
v 0.057441 0.045561 0.009502
v 0.057174 0.045373 0.006687
v 0.057015 0.047475 0.007512
v 0.058163 0.038979 0.005167
v 0.058163 0.038979 0.005167
v 0.057876 0.036954 0.007302
v 0.062468 0.032095 0.005268
v 0.062468 0.032095 0.005268
v 0.057881 0.043531 0.009256
v 0.060571 0.042329 0.007328
v 0.059836 0.044848 0.008349
v 0.059819 0.044575 0.009020
v 0.061465 0.039713 0.006809
v 0.060616 0.043000 0.009251
v 0.063793 0.036427 0.009591
v 0.063031 0.040243 0.008385
v 0.062569 0.040265 0.009223
v 0.065556 0.034235 0.007371
v 0.062225 0.037004 0.009358
v 0.064876 0.036709 0.009181
v 0.019427 0.032641 -0.001871
v 0.026225 0.032093 -0.005586
v 0.021661 0.031333 -0.005344
v 0.029161 0.022348 -0.005242
v 0.033721 0.023661 -0.005548
v 0.030786 0.034623 -0.006617
v 0.030865 0.033161 -0.006188
v 0.038002 0.023156 -0.001867
v 0.034679 0.033367 -0.007595
v 0.035172 0.034136 -0.007975
v 0.035167 0.027799 -0.006023
v 0.029664 0.013407 -0.005109
v 0.043063 0.024033 -0.001778
v 0.038445 0.032863 -0.001610
v 0.035314 0.029897 -0.006520
v 0.039029 0.029675 -0.007927
v 0.039187 0.031825 -0.007545
v 0.039119 0.027847 -0.007530
v 0.040314 0.029445 -0.007843
v 0.043147 0.026243 -0.007483
v 0.041715 0.030361 -0.005805
v 0.043593 0.029142 -0.005176
v 0.044575 0.025761 -0.005980
v 0.038541 0.025400 -0.006450
v 0.043186 0.024687 -0.007872
v 0.041924 0.024166 -0.007696
v 0.040151 0.021875 -0.006241
v 0.043701 0.020058 -0.007524
v 0.038231 0.014955 -0.005559
v 0.039897 0.006193 -0.005561
v 0.039732 0.019219 -0.005915
v 0.044823 0.020388 -0.007905
v 0.045838 0.020966 -0.007589
v 0.047888 0.019122 -0.005945
v 0.047024 0.023588 -0.005064
v 0.048600 0.020150 -0.005075
v 0.052428 0.021352 -0.003127
v 0.044402 0.012139 -0.006444
v 0.045375 0.006290 -0.006423
v 0.043241 0.012359 -0.006103
v 0.048045 0.006017 -0.007734
v 0.046489 0.013650 -0.007683
v 0.048801 0.008364 -0.007973
v 0.042345 0.018258 -0.006450
v 0.046687 0.017122 -0.007888
v 0.047603 0.017136 -0.007418
v 0.048602 0.012376 -0.007786
v 0.049370 0.014524 -0.006104
v 0.048965 0.012761 -0.007416
v 0.050140 0.015195 -0.005253
v 0.050662 0.009793 -0.005947
v 0.048661 0.005366 -0.001955
v 0.042272 0.031609 -0.000715
v 0.045275 0.023736 -0.001391
v 0.050707 0.026627 -0.002754
v 0.049268 0.020017 -0.000500
v 0.055488 0.027658 -0.000105
v 0.057509 0.021298 -0.000574
v 0.056243 0.027419 0.004180
v 0.049157 0.013452 -0.001479
v 0.056254 0.013093 0.001671
v 0.057140 0.019893 0.003119
v 0.050379 0.009057 -0.001418
v 0.044395 -0.000425 -0.006138
v 0.045773 -0.000122 -0.006460
v 0.044775 -0.006751 -0.006398
v 0.046102 -0.011683 -0.002158
v 0.063406 0.029383 0.007933
v 0.065320 0.036344 0.008353
v 0.065037 0.033196 0.006727
v 0.068096 0.030674 0.008125
v 0.067627 0.031810 0.008883
v 0.067784 0.030808 0.009263
v 0.049844 0.008370 -0.007583
v 0.050020 0.005278 -0.007780
v 0.051727 0.011000 -0.005021
v 0.054923 0.015105 -0.003002
v 0.051069 0.006598 -0.006139
v 0.052374 0.004509 -0.005273
v 0.057095 0.009793 -0.002574
v 0.060398 0.013433 -0.000332
v 0.055826 0.006885 0.000895
v 0.061685 0.006263 -0.000325
v 0.067313 0.018369 0.004831
v 0.068104 0.005784 0.006829
v 0.069154 0.011149 0.004821
v 0.069926 0.005277 0.004739
v 0.050524 0.004493 -0.007368
v 0.048541 -0.001331 -0.007897
v 0.049806 -0.002126 -0.008090
v 0.050563 0.001552 -0.007583
v 0.050474 -0.002305 -0.007723
v 0.051516 0.002239 -0.006119
v 0.049891 -0.006975 -0.007895
v 0.051373 -0.001866 -0.006300
v 0.052462 -0.001868 -0.005332
v 0.050868 -0.006899 -0.006504
v 0.052007 -0.005850 -0.005461
v 0.050305 0.002008 -0.001742
v 0.053704 0.002137 -0.000365
v 0.057814 0.004093 -0.002639
v 0.052714 -0.002419 -0.000868
v 0.050047 -0.004690 -0.001799
v 0.057825 -0.001830 -0.002770
v 0.047929 -0.011458 -0.002022
v 0.046406 -0.019008 -0.001908
v 0.046406 -0.019008 -0.001908
v 0.049880 -0.012601 -0.001512
v 0.049880 -0.012601 -0.001512
v 0.050565 -0.010205 -0.006118
v 0.051508 -0.010164 -0.005399
v 0.050361 -0.015182 -0.005353
v 0.056190 -0.014020 -0.002762
v 0.055330 -0.019272 -0.002395
v 0.051919 -0.007846 -0.001003
v 0.051919 -0.007846 -0.001003
v 0.057635 -0.008361 -0.002583
v 0.061635 -0.014332 0.004176
v 0.058447 -0.020156 0.003494
v 0.060208 -0.015100 -0.000477
v 0.061826 -0.006622 -0.000406
v 0.062900 0.000361 0.000158
v 0.065807 -0.006269 0.005552
v 0.065807 -0.006269 0.005552
v 0.069707 -0.006156 0.004491
v 0.070102 -0.000283 0.004631
v 0.072746 -0.001043 0.008899
v 0.072746 -0.001043 0.008899
v 0.073514 -0.001906 0.006312
v 0.067070 -0.012002 0.003362
v 0.067249 -0.019330 0.004501
v 0.069743 -0.012463 0.004921
v 0.072079 -0.010101 0.008753
v 0.070222 -0.019187 0.008720
v 0.072819 -0.010253 0.006239
v 0.073999 -0.005254 0.006764
v 0.073408 -0.011262 0.006813
v 0.074281 -0.007550 0.007353
v 0.071410 -0.016162 0.006103
v 0.069241 -0.022764 0.005981
v 0.072381 -0.016051 0.006782
v 0.071087 -0.020815 0.006755
v 0.071789 -0.017202 0.008939
v 0.072585 -0.017060 0.008690
v 0.073961 -0.009841 0.008755
v 0.073454 -0.014566 0.007682
v 0.074085 -0.011568 0.007796
v 0.073027 -0.016674 0.008374
v 0.072730 -0.018001 0.007821
v 0.068068 0.027975 0.006969
v 0.068068 0.027975 0.006969
v 0.065639 0.025238 0.005256
v 0.069691 0.023633 0.006888
v 0.069691 0.023633 0.006888
v 0.069652 0.020614 0.009239
v 0.071186 0.018954 0.006830
v 0.065779 0.030451 0.009366
v 0.070116 0.025989 0.008467
v 0.069559 0.026919 0.009122
v 0.070368 0.025002 0.008002
v 0.069279 0.024800 0.009531
v 0.070669 0.023693 0.009162
v 0.071736 0.021329 0.008553
v 0.072145 0.019591 0.007947
v 0.072145 0.019591 0.007947
v 0.071629 0.020296 0.009183
v 0.072863 0.016960 0.008743
v 0.072863 0.016960 0.008743
v 0.072040 0.013147 0.006424
v 0.071994 0.010098 0.009055
v 0.072886 0.012850 0.006914
v 0.073007 0.007021 0.006360
v 0.073595 0.013536 0.007931
v 0.073948 0.006468 0.006988
v 0.074532 0.007716 0.008037
v 0.074254 0.009582 0.008622
v 0.074736 0.004615 0.008526
v 0.071990 0.014664 0.009394
v 0.073328 0.012780 0.009149
v 0.073328 0.012780 0.009149
v 0.073688 0.013328 0.008536
v 0.073503 0.005088 0.009235
v 0.073503 0.005088 0.009235
v 0.074306 0.004953 0.009042
v 0.073488 0.002792 0.006375
v 0.074459 -0.001200 0.007109
v 0.074983 0.002351 0.008029
v 0.074799 -0.002585 0.008619
v 0.074334 -0.003100 0.008910
v 0.073412 -0.006396 0.009046
v 0.075000 -0.002175 0.007963
v 0.074481 -0.008511 0.008321
v 0.047758 -0.020158 -0.001314
v 0.048546 -0.030363 0.001392
v 0.054168 -0.027012 0.002975
v 0.052695 -0.025186 -0.002471
v 0.058107 -0.022327 -0.000290
v 0.055772 -0.028867 0.000112
v 0.064202 -0.026671 0.004366
v 0.059141 -0.033236 0.003427
v 0.052368 -0.033957 -0.000050
v 0.055606 -0.042871 0.005103
v 0.061746 -0.037710 0.008947
v 0.062840 -0.032126 0.005057
v 0.059385 -0.038277 0.005248
v 0.064075 -0.035009 0.006322
v 0.065998 -0.030247 0.008832
v 0.049651 -0.052439 0.009223
v 0.042044 -0.058796 0.009248
v 0.055990 -0.045611 0.009151
v 0.056264 -0.047001 0.006759
v 0.060205 -0.042281 0.006790
v 0.055322 -0.049346 0.007434
v 0.056344 -0.046749 0.009417
v 0.051423 -0.052337 0.006824
v 0.056059 -0.049144 0.008406
v 0.052132 -0.053314 0.008316
v 0.049070 -0.054350 0.009519
v 0.055823 -0.048622 0.009265
v 0.060202 -0.044010 0.008025
v 0.058517 -0.046127 0.008768
v 0.055238 -0.049830 0.008933
v 0.059953 -0.043560 0.009145
v 0.051249 -0.053566 0.007551
v 0.046419 -0.057874 0.007505
v 0.045918 -0.057575 0.006950
v 0.043757 -0.060304 0.008142
v 0.045412 -0.058442 0.009233
v 0.041298 -0.061567 0.009141
v 0.043378 -0.060548 0.008726
v 0.046401 -0.058278 0.008698
v 0.048292 -0.056776 0.008697
v 0.050954 -0.053656 0.009303
v 0.051360 -0.053841 0.008846
v 0.062900 -0.037950 0.009252
v 0.066952 -0.030355 0.006493
v 0.068733 -0.026784 0.006635
v 0.069563 -0.027075 0.007514
v 0.071568 -0.021463 0.007559
v 0.071609 -0.021835 0.008012
v 0.068322 -0.027466 0.009039
v 0.070998 -0.023062 0.008659
v 0.069834 -0.026779 0.008141
v 0.069300 -0.027633 0.008707
v 0.068363 -0.030281 0.008312
v 0.064223 -0.036384 0.006869
v 0.067097 -0.032307 0.008809
v 0.067384 -0.031907 0.007545
v 0.066578 -0.033955 0.008298
v 0.065130 -0.036294 0.007674
v 0.062997 -0.039819 0.007756
v 0.064494 -0.037649 0.008367
v 0.064172 -0.037726 0.008872
v 0.061671 -0.041951 0.008646
vt 0.689422 0.052398
vt 0.676009 0.028619
vt 0.698195 0.024545
vt 0.560768 0.145998
vt 0.564826 0.159634
vt 0.546854 0.159846
vt 0.591542 0.162009
vt 0.576655 0.148840
vt 0.612502 0.150757
vt 0.603947 0.162776
vt 0.603938 0.151037
vt 0.600326 0.147883
vt 0.596656 0.162264
vt 0.584330 0.178429
vt 0.589037 0.177479
vt 0.596507 0.177344
vt 0.332990 0.074592
vt 0.337856 0.072972
vt 0.338840 0.074855
vt 0.336197 0.069580
vt 0.353455 0.075208
vt 0.356623 0.071627
vt 0.573492 0.062940
vt 0.356154 0.078896
vt 0.343188 0.078315
vt 0.357499 0.081504
vt 0.337289 0.079356
vt 0.371243 0.088581
vt 0.387193 0.088872
vt 0.373673 0.084382
vt 0.370188 0.079486
vt 0.372290 0.076092
vt 0.559452 0.074689
vt 0.570394 0.082145
vt 0.543701 0.089951
vt 0.585814 0.069697
vt 0.554994 0.099064
vt 0.529893 0.104534
vt 0.388162 0.085286
vt 0.541652 0.086754
vt 0.377627 0.087829
vt 0.393567 0.093992
vt 0.527367 0.101033
vt 0.402663 0.092069
vt 0.395673 0.103012
vt 0.365211 0.090133
vt 0.374040 0.113317
vt 0.518613 0.121765
vt 0.517040 0.115577
vt 0.542118 0.115705
vt 0.505623 0.142219
vt 0.506896 0.131446
vt 0.509984 0.119359
vt 0.502601 0.135671
vt 0.413646 0.103517
vt 0.510773 0.113886
vt 0.500040 0.130870
vt 0.520167 0.141605
vt 0.509879 0.141402
vt 0.522737 0.101477
vt 0.403065 0.095931
vt 0.403774 0.101989
vt 0.416441 0.113451
vt 0.487950 0.125813
vt 0.425579 0.114069
vt 0.494914 0.132671
vt 0.342393 0.084266
vt 0.610276 0.087491
vt 0.641310 0.074422
vt 0.637363 0.085456
vt 0.625835 0.099532
vt 0.661710 0.100191
vt 0.659622 0.079219
vt 0.621264 0.123991
vt 0.640021 0.112129
vt 0.624191 0.046297
vt 0.647940 0.041680
vt 0.625064 0.028281
vt 0.299341 0.065499
vt 0.607631 0.037441
vt 0.317955 0.066569
vt 0.315693 0.070057
vt 0.617448 0.035619
vt 0.302305 0.068645
vt 0.312596 0.071218
vt 0.296231 0.071060
vt 0.319571 0.073576
vt 0.287968 0.068286
vt 0.317112 0.075981
vt 0.285561 0.073376
vt 0.292739 0.077353
vt 0.639793 0.025954
vt 0.279512 0.064594
vt 0.644423 0.020646
vt 0.659469 0.019446
vt 0.279152 0.068098
vt 0.278787 0.071256
vt 0.260695 0.065971
vt 0.663045 0.014232
vt 0.648304 0.032763
vt 0.324346 0.071236
vt 0.593915 0.049053
vt 0.334844 0.066312
vt 0.328305 0.075402
vt 0.609400 0.054015
vt 0.317818 0.079937
vt 0.326210 0.146408
vt 0.302489 0.118385
vt 0.352274 0.112737
vt 0.666666 0.060317
vt 0.279989 0.127967
vt 0.261387 0.098949
vt 0.310092 0.146205
vt 0.581093 0.110489
vt 0.581041 0.133233
vt 0.593359 0.120012
vt 0.566302 0.130265
vt 0.535130 0.137616
vt 0.377858 0.166871
vt 0.408747 0.160286
vt 0.432114 0.162822
vt 0.354963 0.151470
vt 0.605303 0.108947
vt 0.612349 0.139871
vt 0.625558 0.124874
vt 0.606321 0.139146
vt 0.626640 0.127970
vt 0.352400 0.173186
vt 0.342872 0.164335
vt 0.363483 0.171505
vt 0.375267 0.182715
vt 0.390907 0.187584
vt 0.395315 0.200835
vt 0.402937 0.195508
vt 0.705787 0.054726
vt 0.728382 0.052135
vt 0.718234 0.066763
vt 0.729202 0.095373
vt 0.748655 0.095589
vt 0.736553 0.096632
vt 0.738532 0.065302
vt 0.751728 0.090767
vt 0.729941 0.089914
vt 0.732778 0.085767
vt 0.751876 0.099049
vt 0.751591 0.086320
vt 0.758992 0.063823
vt 0.755767 0.103403
vt 0.737761 0.102276
vt 0.763303 0.102655
vt 0.765118 0.098310
vt 0.774702 0.102526
vt 0.764563 0.088537
vt 0.770176 0.094155
vt 0.782962 0.096805
vt 0.778832 0.091276
vt 0.776988 0.108480
vt 0.770742 0.116244
vt 0.758119 0.112931
vt 0.780968 0.101760
vt 0.786639 0.107585
vt 0.800570 0.116898
vt 0.783152 0.117203
vt 0.792600 0.106294
vt 0.789829 0.125756
vt 0.799719 0.125716
vt 0.807341 0.116778
vt 0.628674 0.135254
vt 0.612071 0.156455
vt 0.608706 0.157841
vt 0.627293 0.144839
vt 0.631549 0.135883
vt 0.599790 0.174244
vt 0.612674 0.162486
vt 0.603529 0.182559
vt 0.600677 0.180677
vt 0.623801 0.161734
vt 0.616847 0.172410
vt 0.594272 0.190874
vt 0.607872 0.189222
vt 0.620139 0.176478
vt 0.609915 0.195231
vt 0.622413 0.195251
vt 0.682887 0.102609
vt 0.674215 0.105142
vt 0.675639 0.099823
vt 0.683235 0.095670
vt 0.702453 0.102182
vt 0.674575 0.110275
vt 0.687673 0.103636
vt 0.678642 0.112268
vt 0.700140 0.099042
vt 0.696991 0.093285
vt 0.693383 0.108595
vt 0.643868 0.114851
vt 0.644120 0.120776
vt 0.659245 0.117029
vt 0.644943 0.123716
vt 0.653984 0.117136
vt 0.646874 0.127068
vt 0.663502 0.118623
vt 0.662725 0.103820
vt 0.653512 0.108843
vt 0.659858 0.112230
vt 0.670074 0.109377
vt 0.316216 0.159725
vt 0.345102 0.178972
vt 0.293673 0.162939
vt 0.668298 0.125155
vt 0.689192 0.117981
vt 0.657734 0.132725
vt 0.685659 0.123306
vt 0.673223 0.140084
vt 0.708180 0.112241
vt 0.682617 0.069706
vt 0.684152 0.091629
vt 0.708512 0.086388
vt 0.699786 0.074550
vt 0.266323 0.149546
vt 0.240695 0.141041
vt 0.251760 0.155784
vt 0.266729 0.157294
vt 0.289400 0.153767
vt 0.269002 0.167389
vt 0.298615 0.205289
vt 0.708734 0.090605
vt 0.716746 0.095892
vt 0.721762 0.098259
vt 0.718010 0.102233
vt 0.729764 0.111613
vt 0.742517 0.109887
vt 0.748282 0.114117
vt 0.708377 0.116773
vt 0.713990 0.123613
vt 0.739979 0.123045
vt 0.214064 0.119007
vt 0.215112 0.160504
vt 0.234199 0.161379
vt 0.235534 0.166784
vt 0.234046 0.181354
vt 0.214389 0.169496
vt 0.728855 0.141250
vt 0.690625 0.159610
vt 0.224057 0.241600
vt 0.627821 0.132793
vt 0.619843 0.141195
vt 0.638730 0.145671
vt 0.631009 0.160074
vt 0.649962 0.141323
vt 0.645101 0.167142
vt 0.382016 0.195606
vt 0.646881 0.185967
vt 0.366038 0.281878
vt 0.316062 0.269761
vt 0.764815 0.124274
vt 0.765146 0.141804
vt 0.790557 0.141922
vt 0.750792 0.180296
vt 0.805400 0.166626
vt 0.685442 0.224419
vt 0.711113 0.243410
vt 0.323550 0.347701
vt 0.746337 0.276914
vt 0.260266 0.321273
vt 0.501788 0.180730
vt 0.501251 0.165152
vt 0.505051 0.163438
vt 0.498056 0.186994
vt 0.499893 0.173008
vt 0.520121 0.174931
vt 0.520407 0.159104
vt 0.505785 0.184202
vt 0.549715 0.179598
vt 0.542118 0.198045
vt 0.501687 0.197858
vt 0.505218 0.204866
vt 0.516323 0.191706
vt 0.494411 0.186117
vt 0.497543 0.199276
vt 0.494384 0.203245
vt 0.502281 0.215990
vt 0.499236 0.213077
vt 0.497431 0.208564
vt 0.494421 0.213927
vt 0.491793 0.212434
vt 0.517613 0.209259
vt 0.489164 0.190574
vt 0.488667 0.217697
vt 0.447899 0.222219
vt 0.564904 0.182149
vt 0.557048 0.201245
vt 0.580769 0.192687
vt 0.577972 0.207685
vt 0.560579 0.224606
vt 0.545255 0.231133
vt 0.545882 0.218498
vt 0.556690 0.247731
vt 0.517206 0.232030
vt 0.490661 0.230681
vt 0.449004 0.249534
vt 0.500678 0.228257
vt 0.506709 0.232153
vt 0.503397 0.233043
vt 0.498100 0.224947
vt 0.495796 0.222480
vt 0.496814 0.233531
vt 0.499652 0.239052
vt 0.503259 0.250447
vt 0.498358 0.252196
vt 0.499910 0.249316
vt 0.515754 0.252254
vt 0.504694 0.247814
vt 0.507940 0.258189
vt 0.495388 0.250013
vt 0.492473 0.251648
vt 0.501737 0.263355
vt 0.541494 0.251565
vt 0.524411 0.256655
vt 0.521778 0.275375
vt 0.547486 0.273420
vt 0.452048 0.267737
vt 0.509334 0.275434
vt 0.505657 0.269275
vt 0.507814 0.284278
vt 0.504630 0.284918
vt 0.511650 0.287695
vt 0.524086 0.293148
vt 0.513033 0.300255
vt 0.498658 0.275256
vt 0.496511 0.279512
vt 0.501094 0.274823
vt 0.503007 0.287806
vt 0.499375 0.296841
vt 0.453805 0.290772
vt 0.500489 0.152893
vt 0.498759 0.146695
vt 0.495605 0.151687
vt 0.490684 0.166006
vt 0.488802 0.152867
vt 0.497024 0.167389
vt 0.493757 0.173121
vt 0.487392 0.167755
vt 0.451867 0.169802
vt 0.432565 0.198423
vt 0.409253 0.210507
vt 0.508423 0.296352
vt 0.510012 0.296377
vt 0.508209 0.315088
vt 0.505926 0.299112
vt 0.511749 0.313194
vt 0.509930 0.316483
vt 0.503637 0.295967
vt 0.502320 0.304049
vt 0.506185 0.315866
vt 0.591057 0.192072
vt 0.590210 0.202342
vt 0.587513 0.204582
vt 0.595902 0.200580
vt 0.588430 0.229550
vt 0.580471 0.210323
vt 0.585071 0.223823
vt 0.588155 0.217190
vt 0.593878 0.219400
vt 0.597762 0.232739
vt 0.600721 0.217676
vt 0.586076 0.191301
vt 0.602530 0.205776
vt 0.408169 0.222547
vt 0.419507 0.232205
vt 0.415221 0.235081
vt 0.400192 0.236540
vt 0.607051 0.213859
vt 0.619468 0.240057
vt 0.601257 0.243710
vt 0.578168 0.225323
vt 0.574432 0.225369
vt 0.575181 0.246002
vt 0.586143 0.240167
vt 0.583777 0.240921
vt 0.590981 0.237958
vt 0.579049 0.239628
vt 0.597153 0.257178
vt 0.578734 0.252020
vt 0.584330 0.258496
vt 0.587599 0.257282
vt 0.586109 0.260854
vt 0.579027 0.266825
vt 0.425991 0.257146
vt 0.419267 0.272373
vt 0.423504 0.262026
vt 0.591280 0.256894
vt 0.585672 0.273437
vt 0.591292 0.272682
vt 0.602827 0.273757
vt 0.610344 0.253134
vt 0.599502 0.281117
vt 0.394833 0.332263
vt 0.616207 0.277893
vt 0.556522 0.260982
vt 0.564160 0.283107
vt 0.575519 0.269369
vt 0.554159 0.295055
vt 0.577797 0.284457
vt 0.432432 0.280816
vt 0.430859 0.296584
vt 0.552470 0.311008
vt 0.526770 0.313140
vt 0.462327 0.312063
vt 0.588350 0.282607
vt 0.580742 0.280575
vt 0.586918 0.287778
vt 0.583485 0.295095
vt 0.581282 0.303653
vt 0.564463 0.306563
vt 0.594781 0.290260
vt 0.591300 0.294547
vt 0.594194 0.298052
vt 0.601622 0.297340
vt 0.605496 0.294840
vt 0.591053 0.304438
vt 0.589762 0.306553
vt 0.585901 0.311948
vt 0.595029 0.311045
vt 0.599283 0.312638
vt 0.426115 0.314556
vt 0.435105 0.312829
vt 0.432974 0.329989
vt 0.568226 0.324516
vt 0.552467 0.332317
vt 0.585451 0.320512
vt 0.457194 0.337658
vt 0.435197 0.344785
vt 0.457957 0.357572
vt 0.628911 0.291882
vt 0.620289 0.307175
vt 0.612760 0.319715
vt 0.605127 0.309794
vt 0.597174 0.321911
vt 0.592760 0.317978
vt 0.605387 0.331557
vt 0.609632 0.324785
vt 0.413599 0.377063
vt 0.635872 0.334258
vt 0.589386 0.320430
vt 0.591582 0.334281
vt 0.589193 0.335907
vt 0.569267 0.342219
vt 0.597572 0.331372
vt 0.574967 0.355190
vt 0.604547 0.344416
vt 0.602143 0.344124
vt 0.596637 0.343927
vt 0.594760 0.349336
vt 0.612004 0.354124
vt 0.612634 0.346395
vt 0.601089 0.355967
vt 0.616728 0.337764
vt 0.597781 0.358632
vt 0.429603 0.352018
vt 0.432292 0.365641
vt 0.422905 0.382917
vt 0.455181 0.381656
vt 0.693832 0.324222
vt 0.630306 0.349909
vt 0.659344 0.357133
vt 0.610420 0.359897
vt 0.617054 0.366126
vt 0.620325 0.359432
vt 0.627388 0.356379
vt 0.609051 0.367842
vt 0.608243 0.374218
vt 0.582053 0.375659
vt 0.633319 0.382022
vt 0.629607 0.371903
vt 0.637521 0.369703
vt 0.616849 0.369245
vt 0.614369 0.377086
vt 0.625044 0.377508
vt 0.624227 0.386818
vt 0.620663 0.388865
vt 0.428819 0.387162
vt 0.640414 0.363670
vt 0.420112 0.405088
vt 0.515933 0.322235
vt 0.513720 0.327374
vt 0.524188 0.334939
vt 0.510879 0.330290
vt 0.515401 0.339726
vt 0.533807 0.331557
vt 0.519207 0.345797
vt 0.502019 0.324303
vt 0.505445 0.329381
vt 0.508551 0.330593
vt 0.511007 0.337581
vt 0.510099 0.345398
vt 0.504999 0.353396
vt 0.509204 0.358431
vt 0.512472 0.342943
vt 0.531438 0.351864
vt 0.558972 0.352576
vt 0.535542 0.369263
vt 0.517761 0.357070
vt 0.514673 0.358270
vt 0.521887 0.367380
vt 0.517369 0.369295
vt 0.519832 0.374006
vt 0.525127 0.391764
vt 0.518784 0.381169
vt 0.522446 0.392716
vt 0.512423 0.365909
vt 0.507932 0.378811
vt 0.515841 0.375399
vt 0.514022 0.383753
vt 0.517648 0.391678
vt 0.512022 0.409185
vt 0.566459 0.378611
vt 0.536952 0.388090
vt 0.543143 0.405270
vt 0.507969 0.396350
vt 0.520760 0.399306
vt 0.515269 0.406014
vt 0.475885 0.412356
vt 0.524489 0.407336
vt 0.522618 0.416956
vt 0.532498 0.420566
vt 0.516397 0.417143
vt 0.558128 0.425637
vt 0.538802 0.430041
vt 0.513415 0.432209
vt 0.506342 0.413620
vt 0.508977 0.425310
vt 0.599509 0.390148
vt 0.581812 0.397139
vt 0.603797 0.410703
vt 0.618663 0.400404
vt 0.442854 0.398817
vt 0.583773 0.414547
vt 0.439581 0.423582
vt 0.468198 0.433856
vt 0.495128 0.435795
vt 0.511662 0.431644
vt 0.504839 0.450966
vt 0.559317 0.443715
vt 0.489118 0.451374
vt 0.580223 0.440817
vt 0.488836 0.474807
vt 0.585271 0.461915
vt 0.505212 0.435849
vt 0.505007 0.443289
vt 0.501761 0.437273
vt 0.497412 0.448168
vt 0.495318 0.456750
vt 0.494998 0.460733
vt 0.493075 0.451765
vt 0.486569 0.463593
vt 0.484718 0.463014
vt 0.477058 0.463399
vt 0.460720 0.454430
vt 0.815017 0.198347
vt 0.802191 0.250165
vt 0.197894 0.361349
vt 0.801662 0.297338
vt 0.772057 0.312068
vt 0.280132 0.408533
vt 0.832321 0.308557
vt 0.804317 0.343435
vt 0.848736 0.315065
vt 0.824197 0.346552
vt 0.845484 0.339221
vt 0.846325 0.344899
vt 0.855694 0.333452
vt 0.825214 0.360944
vt 0.855440 0.346107
vt 0.870055 0.326289
vt 0.865076 0.338407
vt 0.849376 0.355093
vt 0.865941 0.341350
vt 0.856249 0.352542
vt 0.869030 0.340042
vt 0.856202 0.355314
vt 0.856262 0.364117
vt 0.865598 0.352698
vt 0.639366 0.382242
vt 0.636679 0.389631
vt 0.645374 0.393319
vt 0.636280 0.397946
vt 0.652572 0.391043
vt 0.653197 0.400996
vt 0.656175 0.379811
vt 0.648940 0.379980
vt 0.672457 0.378742
vt 0.629451 0.397976
vt 0.401934 0.417696
vt 0.406753 0.421114
vt 0.665970 0.391168
vt 0.648910 0.406558
vt 0.666482 0.398683
vt 0.667380 0.403140
vt 0.643141 0.408108
vt 0.651439 0.410859
vt 0.682131 0.394190
vt 0.681492 0.398332
vt 0.662653 0.403271
vt 0.670400 0.409713
vt 0.658453 0.409251
vt 0.656452 0.414549
vt 0.670629 0.415508
vt 0.668334 0.417828
vt 0.673237 0.423702
vt 0.685628 0.406256
vt 0.698071 0.413848
vt 0.703747 0.410449
vt 0.679201 0.410631
vt 0.674536 0.415883
vt 0.683099 0.414388
vt 0.675931 0.420819
vt 0.684463 0.421237
vt 0.692204 0.415803
vt 0.691900 0.427218
vt 0.709509 0.416985
vt 0.702814 0.419177
vt 0.701643 0.424638
vt 0.756269 0.346216
vt 0.711359 0.376088
vt 0.748454 0.383275
vt 0.360665 0.443794
vt 0.378400 0.447185
vt 0.716382 0.386766
vt 0.703118 0.396336
vt 0.395236 0.439832
vt 0.372737 0.456678
vt 0.395010 0.464240
vt 0.695389 0.401356
vt 0.688899 0.447984
vt 0.355256 0.458690
vt 0.774389 0.376008
vt 0.779399 0.393390
vt 0.784356 0.399860
vt 0.767016 0.397845
vt 0.772074 0.406885
vt 0.786241 0.402759
vt 0.222208 0.459543
vt 0.290722 0.471216
vt 0.806604 0.377825
vt 0.796727 0.371901
vt 0.791534 0.382590
vt 0.767170 0.393028
vt 0.792493 0.387818
vt 0.802069 0.390574
vt 0.804066 0.392818
vt 0.278412 0.480485
vt 0.724495 0.399788
vt 0.711976 0.404097
vt 0.735511 0.404499
vt 0.721266 0.410334
vt 0.741853 0.411599
vt 0.726318 0.415358
vt 0.747205 0.399194
vt 0.715500 0.419444
vt 0.705938 0.428386
vt 0.723103 0.426723
vt 0.357537 0.466450
vt 0.375355 0.482905
vt 0.732458 0.418134
vt 0.729834 0.421073
vt 0.724731 0.430706
vt 0.724711 0.445181
vt 0.708959 0.454693
vt 0.331648 0.472845
vt 0.340151 0.476730
vt 0.360026 0.498130
vt 0.319534 0.479113
vt 0.316304 0.485566
vt 0.341693 0.503894
vt 0.748882 0.413650
vt 0.745964 0.418648
vt 0.751411 0.402662
vt 0.764069 0.406646
vt 0.738202 0.424688
vt 0.750553 0.423707
vt 0.763718 0.421189
vt 0.762003 0.415545
vt 0.757617 0.414168
vt 0.773298 0.409484
vt 0.777569 0.410651
vt 0.790027 0.404142
vt 0.790673 0.409651
vt 0.776711 0.416958
vt 0.778779 0.419796
vt 0.758709 0.426130
vt 0.743007 0.427831
vt 0.740715 0.453902
vt 0.723686 0.465233
vt 0.759270 0.450327
vt 0.776659 0.438234
vt 0.749256 0.465685
vt 0.291865 0.485318
vt 0.788695 0.413619
vt 0.265557 0.484658
vt 0.268296 0.503391
vt 0.867443 0.537863
vt 0.836669 0.556477
vt 0.299302 0.503047
vt 0.316674 0.514921
vt 0.813332 0.554650
vt 0.782938 0.450752
vt 0.768312 0.464002
vt 0.761244 0.526534
vt 0.348789 0.552662
vt 0.617472 0.418479
vt 0.640182 0.417034
vt 0.420022 0.437129
vt 0.612367 0.428350
vt 0.638819 0.432315
vt 0.641038 0.445871
vt 0.601288 0.458247
vt 0.621746 0.463989
vt 0.602956 0.475501
vt 0.473481 0.490023
vt 0.655553 0.434305
vt 0.666084 0.444621
vt 0.485666 0.469080
vt 0.481037 0.478204
vt 0.474329 0.483784
vt 0.407497 0.449287
vt 0.432115 0.469172
vt 0.617137 0.473443
vt 0.450528 0.491597
vt 0.656864 0.458013
vt 0.677429 0.456722
vt 0.667140 0.483885
vt 0.401010 0.498458
vt 0.422984 0.489003
vt 0.641163 0.480507
vt 0.627427 0.486507
vt 0.456243 0.508926
vt 0.654879 0.487789
vt 0.437819 0.524742
vt 0.651292 0.496158
vt 0.443713 0.514670
vt 0.426358 0.512313
vt 0.439038 0.506126
vt 0.473850 0.475621
vt 0.476056 0.476904
vt 0.465813 0.480115
vt 0.461170 0.489435
vt 0.460220 0.500203
vt 0.465586 0.488280
vt 0.459399 0.497344
vt 0.456312 0.497245
vt 0.447472 0.506239
vt 0.441207 0.508371
vt 0.437654 0.515416
vt 0.427643 0.519122
vt 0.696262 0.465599
vt 0.686891 0.489222
vt 0.705423 0.496495
vt 0.399718 0.529865
vt 0.677427 0.496227
vt 0.431705 0.524798
vt 0.420273 0.536233
vt 0.672869 0.503036
vt 0.407333 0.529342
vt 0.414946 0.536777
vt 0.677280 0.506729
vt 0.427138 0.523664
vt 0.417092 0.528903
vt 0.414000 0.528070
vt 0.417557 0.531015
vt 0.696359 0.507528
vt 0.402784 0.538023
vt 0.399695 0.536964
vt 0.398408 0.543463
vt 0.697749 0.510709
vt 0.398839 0.546416
vt 0.727319 0.498169
vt 0.714285 0.511166
vt 0.731937 0.511067
vt 0.716110 0.515401
vt 0.383888 0.551694
vt 0.377424 0.541251
vt 0.353141 0.532070
vt 0.744228 0.494573
vt 0.762507 0.489751
vt 0.758204 0.506860
vt 0.378046 0.544874
vt 0.378049 0.550642
vt 0.722145 0.519259
vt 0.387302 0.546083
vt 0.372428 0.550929
vt 0.728627 0.521380
vt 0.383463 0.545332
vt 0.732148 0.515276
vt 0.737495 0.518670
vt 0.349380 0.556464
vt 0.758730 0.522375
vt 0.754145 0.519013
vt 0.751916 0.513103
vt 0.760868 0.514941
vt 0.833123 0.369317
vt 0.818013 0.381310
vt 0.816900 0.373471
vt 0.833458 0.372898
vt 0.832994 0.359825
vt 0.847728 0.363649
vt 0.840131 0.369067
vt 0.838762 0.373127
vt 0.845132 0.373670
vt 0.856856 0.368655
vt 0.846676 0.377384
vt 0.828327 0.380320
vt 0.835295 0.382457
vt 0.827366 0.388039
vt 0.839154 0.384872
vt 0.814722 0.388599
vt 0.798052 0.398687
vt 0.807621 0.395636
vt 0.819106 0.388056
vt 0.816830 0.396778
vt 0.804588 0.403392
vt 0.808499 0.405396
vt 0.811037 0.423216
vt 0.793227 0.414654
vt 0.826075 0.394446
vt 0.214507 0.473217
vt 0.936370 0.509461
vt 0.228071 0.471336
vt 0.239828 0.478938
vt 0.242406 0.483455
vt 0.906652 0.530518
vt 0.834279 0.411301
vt 0.890961 0.501452
vt 0.852366 0.400024
vt 0.836035 0.422340
vt 0.822201 0.432333
vt 0.792149 0.431251
vt 0.800714 0.445246
vt 0.835983 0.459514
vt 0.783769 0.484692
vt 0.827765 0.522990
vt 0.789420 0.513638
vt 0.804270 0.476209
vt 0.822809 0.467675
vt 0.768229 0.508416
vt 0.779474 0.501114
vt 0.771459 0.513328
vt 0.797977 0.506375
vt 0.780679 0.507681
vt 0.788037 0.506950
vt 0.801124 0.490131
vt 0.789745 0.498419
vt 0.803472 0.492572
vt 0.788935 0.501373
vt 0.794333 0.502009
vt 0.261864 0.069993
vt 0.260378 0.068535
vt 0.270260 0.069606
vt 0.249895 0.072840
vt 0.263749 0.072063
vt 0.251843 0.075769
vt 0.197612 0.084972
vt 0.209554 0.079470
vt 0.212590 0.080504
vt 0.216149 0.074851
vt 0.195644 0.081035
vt 0.683641 0.008652
vt 0.240024 0.068993
vt 0.232903 0.073381
vt 0.696743 0.010212
vt 0.227314 0.068102
vt 0.680788 0.013582
vt 0.245492 0.071264
vt 0.229702 0.076080
vt 0.262166 0.078532
vt 0.239601 0.081182
vt 0.208153 0.072612
vt 0.716826 0.008321
vt 0.227321 0.102241
vt 0.223839 0.080794
vt 0.726977 0.018608
vt 0.199840 0.091306
vt 0.197136 0.088352
vt 0.177296 0.083534
vt 0.749855 0.008310
vt 0.195013 0.076720
vt 0.730865 0.007839
vt 0.758772 0.023775
vt 0.185937 0.087186
vt 0.176503 0.088377
vt 0.781571 0.013441
vt 0.148563 0.097243
vt 0.726666 0.027151
vt 0.747291 0.048984
vt 0.783198 0.023553
vt 0.783184 0.037254
vt 0.776855 0.053495
vt 0.192569 0.149219
vt 0.783050 0.069254
vt 0.193341 0.176637
vt 0.166654 0.106098
vt 0.166128 0.133519
vt 0.182546 0.091430
vt 0.165962 0.095768
vt 0.171927 0.094874
vt 0.180134 0.096262
vt 0.153192 0.099219
vt 0.156515 0.103170
vt 0.168373 0.098979
vt 0.154975 0.106325
vt 0.152934 0.110581
vt 0.144471 0.110874
vt 0.140868 0.110945
vt 0.134886 0.110415
vt 0.810112 0.034391
vt 0.809788 0.019828
vt 0.124901 0.114134
vt 0.156990 0.157156
vt 0.135364 0.126007
vt 0.136736 0.117873
vt 0.130005 0.118890
vt 0.116557 0.125479
vt 0.123610 0.127081
vt 0.114866 0.138221
vt 0.108740 0.136494
vt 0.831341 0.027968
vt 0.106976 0.129236
vt 0.111791 0.137800
vt 0.831158 0.043317
vt 0.087677 0.145363
vt 0.851660 0.038774
vt 0.854615 0.049452
vt 0.076260 0.147076
vt 0.092844 0.145767
vt 0.851653 0.033985
vt 0.105776 0.141604
vt 0.098741 0.150312
vt 0.096432 0.148087
vt 0.088681 0.156502
vt 0.079151 0.163954
vt 0.075893 0.162943
vt 0.058770 0.164280
vt 0.872719 0.066111
vt 0.061225 0.182041
vt 0.887518 0.078097
vt 0.047912 0.180644
vt 0.801754 0.066168
vt 0.192308 0.183694
vt 0.790949 0.097833
vt 0.793744 0.094778
vt 0.804296 0.104755
vt 0.173287 0.189209
vt 0.172133 0.195791
vt 0.169824 0.205149
vt 0.175035 0.208596
vt 0.815211 0.075294
vt 0.137248 0.178018
vt 0.845778 0.085047
vt 0.829601 0.094747
vt 0.828905 0.078370
vt 0.851335 0.102161
vt 0.829002 0.113593
vt 0.804300 0.112329
vt 0.815923 0.117827
vt 0.809125 0.102301
vt 0.811743 0.136909
vt 0.826868 0.128406
vt 0.820049 0.127046
vt 0.818756 0.112774
vt 0.833979 0.122466
vt 0.825107 0.140554
vt 0.159029 0.204655
vt 0.151600 0.220207
vt 0.134845 0.217086
vt 0.118878 0.191289
vt 0.139379 0.232268
vt 0.109242 0.148835
vt 0.851043 0.062714
vt 0.862259 0.096375
vt 0.094600 0.166648
vt 0.083997 0.178655
vt 0.090076 0.164624
vt 0.086943 0.161209
vt 0.090172 0.160077
vt 0.077246 0.171080
vt 0.080750 0.172325
vt 0.076742 0.175521
vt 0.070988 0.192534
vt 0.069053 0.177120
vt 0.069544 0.183264
vt 0.068258 0.190950
vt 0.070038 0.201421
vt 0.818312 0.156245
vt 0.834058 0.130108
vt 0.840791 0.137889
vt 0.848899 0.135662
vt 0.837394 0.140884
vt 0.830296 0.149921
vt 0.848544 0.142168
vt 0.864738 0.165031
vt 0.844348 0.159246
vt 0.856902 0.153537
vt 0.854926 0.159425
vt 0.841586 0.164297
vt 0.847494 0.128972
vt 0.860195 0.116157
vt 0.142445 0.239470
vt 0.138355 0.271408
vt 0.863039 0.148974
vt 0.860202 0.140265
vt 0.876455 0.129663
vt 0.129623 0.252524
vt 0.127931 0.272537
vt 0.850678 0.168066
vt 0.865677 0.172974
vt 0.875748 0.158987
vt 0.864231 0.159514
vt 0.873709 0.161630
vt 0.874673 0.175839
vt 0.880075 0.171786
vt 0.880107 0.190766
vt 0.888174 0.179837
vt 0.881216 0.113533
vt 0.118731 0.233813
vt 0.900830 0.087833
vt 0.041250 0.196643
vt 0.088588 0.230538
vt 0.117414 0.257277
vt 0.075772 0.248876
vt 0.915272 0.105013
vt 0.030726 0.218244
vt 0.895938 0.131558
vt 0.021432 0.241275
vt 0.928799 0.124481
vt 0.905875 0.147831
vt 0.940058 0.141833
vt 0.015914 0.262445
vt 0.889983 0.151463
vt 0.120183 0.278268
vt 0.904979 0.169028
vt 0.099126 0.274555
vt 0.113841 0.295738
vt 0.881065 0.186751
vt 0.884669 0.182956
vt 0.891841 0.196651
vt 0.918872 0.163966
vt 0.916621 0.189251
vt 0.897479 0.198722
vt 0.094171 0.302936
vt 0.952295 0.165185
vt 0.011986 0.290248
vt 0.072114 0.291460
vt 0.929282 0.183468
vt 0.007839 0.309587
vt 0.956449 0.183933
vt 0.937465 0.210474
vt 0.064504 0.312055
vt 0.095293 0.334787
vt 0.922408 0.213102
vt 0.062191 0.188669
vt 0.052950 0.200340
vt 0.063688 0.193217
vt 0.056099 0.205575
vt 0.057148 0.207138
vt 0.059792 0.206863
vt 0.050576 0.235513
vt 0.044976 0.221803
vt 0.049620 0.221504
vt 0.054566 0.217847
vt 0.044091 0.213925
vt 0.057074 0.228963
vt 0.035914 0.239259
vt 0.043727 0.238812
vt 0.036517 0.247407
vt 0.057641 0.265810
vt 0.049337 0.252322
vt 0.052231 0.225480
vt 0.050035 0.225540
vt 0.048395 0.234606
vt 0.043336 0.244092
vt 0.045246 0.245533
vt 0.038549 0.256102
vt 0.042102 0.254386
vt 0.029296 0.261261
vt 0.024389 0.282991
vt 0.031095 0.269265
vt 0.040046 0.258937
vt 0.038968 0.268483
vt 0.035917 0.267346
vt 0.041567 0.287700
vt 0.034138 0.277432
vt 0.034138 0.277432
vt 0.038832 0.284088
vt 0.027540 0.288511
vt 0.032000 0.291145
vt 0.036454 0.281460
vt 0.034271 0.290293
vt 0.033672 0.300541
vt 0.031388 0.301524
vt 0.036811 0.312039
vt 0.022144 0.311161
vt 0.027286 0.305804
vt 0.011719 0.330951
vt 0.965979 0.203100
vt 0.053472 0.335326
vt 0.013977 0.359680
vt 0.971939 0.231765
vt 0.039600 0.318149
vt 0.025663 0.326019
vt 0.030043 0.318205
vt 0.032230 0.318931
vt 0.023377 0.334929
vt 0.033348 0.324485
vt 0.037354 0.347548
vt 0.030541 0.336003
vt 0.033346 0.335169
vt 0.027624 0.357321
vt 0.040440 0.343197
vt 0.033742 0.348766
vt 0.166685 0.273580
vt 0.847124 0.188653
vt 0.832462 0.185909
vt 0.845532 0.220812
vt 0.860750 0.222095
vt 0.863964 0.186015
vt 0.862448 0.190596
vt 0.137127 0.333590
vt 0.875275 0.193857
vt 0.877809 0.192011
vt 0.869712 0.211464
vt 0.837279 0.247697
vt 0.122467 0.340882
vt 0.117561 0.309484
vt 0.872648 0.205310
vt 0.884715 0.210010
vt 0.887818 0.203673
vt 0.882793 0.215651
vt 0.888371 0.212251
vt 0.893787 0.225243
vt 0.896754 0.210491
vt 0.901836 0.216407
vt 0.900146 0.228118
vt 0.877484 0.222471
vt 0.891856 0.229979
vt 0.887430 0.230004
vt 0.878349 0.234795
vt 0.888042 0.244424
vt 0.864665 0.252884
vt 0.859402 0.280263
vt 0.874045 0.242143
vt 0.891991 0.244842
vt 0.895815 0.244384
vt 0.902731 0.252435
vt 0.906147 0.237778
vt 0.907050 0.250253
vt 0.921411 0.251712
vt 0.880115 0.268453
vt 0.875968 0.286522
vt 0.876749 0.266401
vt 0.884566 0.290888
vt 0.889082 0.266740
vt 0.889777 0.285097
vt 0.881015 0.248071
vt 0.893822 0.256803
vt 0.896987 0.257916
vt 0.893987 0.273114
vt 0.901532 0.268116
vt 0.895957 0.272502
vt 0.905711 0.267246
vt 0.900045 0.283893
vt 0.142931 0.399894
vt 0.109634 0.319918
vt 0.117190 0.345817
vt 0.922474 0.233122
vt 0.113214 0.363025
vt 0.940357 0.236233
vt 0.938834 0.258936
vt 0.077782 0.357149
vt 0.126371 0.379770
vt 0.106263 0.394480
vt 0.090203 0.378461
vt 0.131337 0.393494
vt 0.864956 0.304662
vt 0.869465 0.305457
vt 0.858472 0.323272
vt 0.182187 0.439686
vt 0.052487 0.365547
vt 0.031171 0.350692
vt 0.024279 0.359849
vt 0.033099 0.371165
vt 0.034884 0.366885
vt 0.036922 0.369791
vt 0.893123 0.286439
vt 0.889664 0.295540
vt 0.905631 0.281906
vt 0.921654 0.274135
vt 0.897012 0.293800
vt 0.899320 0.301927
vt 0.921932 0.293203
vt 0.938231 0.287363
vt 0.119550 0.409804
vt 0.932931 0.310933
vt 0.969926 0.283153
vt 0.084729 0.436937
vt 0.966279 0.309016
vt 0.960413 0.328605
vt 0.890713 0.298600
vt 0.877058 0.312706
vt 0.879820 0.316546
vt 0.886919 0.307020
vt 0.881803 0.317980
vt 0.892954 0.307117
vt 0.874107 0.330501
vt 0.887232 0.318864
vt 0.891459 0.320721
vt 0.879013 0.332567
vt 0.884872 0.331602
vt 0.144902 0.411745
vt 0.134921 0.418054
vt 0.916738 0.311116
vt 0.146425 0.428057
vt 0.158276 0.428817
vt 0.908870 0.328354
vt 0.176909 0.442572
vt 0.960285 0.495369
vt 0.195681 0.459417
vt 0.978901 0.476013
vt 0.173812 0.449413
vt 0.874454 0.342061
vt 0.877862 0.343468
vt 0.868074 0.356566
vt 0.887705 0.361219
vt 0.878534 0.375214
vt 0.158798 0.440933
vt 0.992161 0.463349
vt 0.899602 0.346985
vt 0.961266 0.435042
vt 0.946677 0.453962
vt 0.899040 0.370481
vt 0.915463 0.348666
vt 0.928935 0.330335
vt 0.113868 0.464620
vt 0.978990 0.406561
vt 0.942151 0.361786
vt 0.952355 0.345533
vt 0.975169 0.364703
vt 0.083520 0.464349
vt 0.960411 0.357107
vt 0.925230 0.373660
vt 0.915863 0.394795
vt 0.932806 0.380049
vt 0.957099 0.391388
vt 0.936712 0.413546
vt 0.945027 0.379665
vt 0.956589 0.367905
vt 0.945465 0.383967
vt 0.954305 0.375630
vt 0.932476 0.393682
vt 0.916983 0.407828
vt 0.935710 0.395628
vt 0.925128 0.405985
vt 0.940019 0.406234
vt 0.939006 0.403571
vt 0.953699 0.385208
vt 0.941657 0.394442
vt 0.947842 0.386989
vt 0.939027 0.401370
vt 0.934882 0.402746
vt 0.029424 0.380030
vt 0.985352 0.253457
vt 0.973381 0.258551
vt 0.033313 0.395772
vt 0.984945 0.269752
vt 0.051096 0.400613
vt 0.983776 0.287367
vt 0.043099 0.367159
vt 0.037771 0.387367
vt 0.039168 0.383512
vt 0.037078 0.390956
vt 0.044114 0.388652
vt 0.042316 0.394177
vt 0.042875 0.402860
vt 0.988951 0.286950
vt 0.042961 0.409051
vt 0.046219 0.405101
vt 0.048737 0.416592
vt 0.990289 0.297249
vt 0.978840 0.307721
vt 0.064733 0.433122
vt 0.981472 0.310149
vt 0.973188 0.329062
vt 0.986073 0.309430
vt 0.975821 0.332862
vt 0.981033 0.330631
vt 0.984582 0.324534
vt 0.978966 0.342202
vt 0.055994 0.420921
vt 0.055933 0.428507
vt 0.990099 0.313094
vt 0.987892 0.310751
vt 0.070014 0.449371
vt 0.984452 0.343258
vt 0.981639 0.342345
vt 0.967891 0.342901
vt 0.964955 0.357362
vt 0.973768 0.348426
vt 0.966770 0.364814
vt 0.967067 0.367439
vt 0.962853 0.379096
vt 0.965833 0.362206
vt 0.955029 0.380372
vt 0.955187 0.492057
vt 0.918168 0.496921
vt 0.927592 0.475354
vt 0.863516 0.389093
vt 0.883562 0.388235
vt 0.869014 0.404343
vt 0.897434 0.410744
vt 0.875058 0.422555
vt 0.853398 0.415357
vt 0.856084 0.447401
vt 0.889962 0.455015
vt 0.887328 0.424741
vt 0.871334 0.438195
vt 0.888067 0.434966
vt 0.909323 0.437491
vt 0.842052 0.487169
vt 0.814569 0.500733
vt 0.866014 0.471726
vt 0.855186 0.460761
vt 0.870203 0.451000
vt 0.851080 0.467209
vt 0.862642 0.470395
vt 0.837359 0.472297
vt 0.854425 0.468802
vt 0.840072 0.477585
vt 0.835872 0.487177
vt 0.856848 0.471053
vt 0.869610 0.457182
vt 0.864380 0.463382
vt 0.852783 0.471843
vt 0.872304 0.460019
vt 0.836566 0.476475
vt 0.819549 0.485318
vt 0.817809 0.483589
vt 0.811052 0.492149
vt 0.819610 0.491972
vt 0.805417 0.498980
vt 0.810755 0.494319
vt 0.820787 0.488891
vt 0.827117 0.485572
vt 0.839227 0.482297
vt 0.838606 0.480401
vt 0.888955 0.451577
vt 0.901013 0.425464
vt 0.910538 0.418382
vt 0.912981 0.421199
vt 0.926156 0.409307
vt 0.926342 0.411087
vt 0.915441 0.428235
vt 0.924661 0.415356
vt 0.915042 0.421987
vt 0.913975 0.425355
vt 0.906784 0.429488
vt 0.887290 0.439367
vt 0.902453 0.435227
vt 0.901088 0.431210
vt 0.897635 0.437192
vt 0.890463 0.441076
vt 0.881122 0.448355
vt 0.888457 0.445607
vt 0.888969 0.447451
vt 0.876653 0.454581
usemtl mat
f 1/1 2/2 3/3
f 4/4 5/5 6/6
f 7/7 5/5 8/8
f 5/5 4/4 8/8
f 9/9 10/10 11/11
f 12/12 11/11 13/13
f 7/7 8/8 12/12
f 13/13 7/7 12/12
f 14/14 5/5 7/7
f 15/15 13/13 16/16
f 7/7 13/13 15/15
f 15/15 14/14 7/7
f 17/17 18/18 19/19
f 18/18 20/20 21/21
f 21/21 20/20 22/22
f 18/18 21/21 24/24
f 18/18 24/24 19/19
f 19/19 24/24 25/25
f 17/17 19/19 25/25
f 25/25 24/24 26/26
f 27/27 25/25 28/28
f 25/25 26/26 28/28
f 29/29 30/30 31/31
f 31/31 22/22 32/32
f 34/34 35/35 33/33
f 36/36 34/34 33/33
f 35/35 37/37 38/38
f 31/31 39/39 29/29
f 41/41 30/30 29/29
f 41/41 42/42 28/28
f 29/29 39/39 44/44
f 29/29 42/42 41/41
f 31/31 32/32 39/39
f 35/35 40/40 33/33
f 45/45 46/46 28/28
f 47/47 46/46 45/45
f 38/38 48/48 49/49
f 50/50 38/38 37/37
f 38/38 50/50 48/48
f 49/49 48/48 51/51
f 52/52 49/49 51/51
f 53/53 49/49 52/52
f 53/53 52/52 54/54
f 56/56 53/53 57/57
f 54/54 57/57 53/53
f 58/58 48/48 50/50
f 58/58 59/59 48/48
f 51/51 48/48 59/59
f 38/38 43/43 35/35
f 40/40 35/35 43/43
f 44/44 61/61 29/29
f 42/42 29/29 61/61
f 53/53 43/43 49/49
f 43/43 38/38 49/49
f 43/43 53/53 60/60
f 60/60 53/53 56/56
f 55/55 42/42 61/61
f 62/62 42/42 55/55
f 28/28 42/42 62/62
f 45/45 28/28 62/62
f 63/63 45/45 62/62
f 65/65 62/62 55/55
f 56/56 57/57 66/66
f 63/63 62/62 65/65
f 21/21 22/22 31/31
f 24/24 21/21 31/31
f 24/24 31/31 30/30
f 24/24 30/30 26/26
f 30/30 41/41 26/26
f 28/28 26/26 41/41
f 67/67 28/28 46/46
f 68/68 69/69 70/70
f 68/68 70/70 71/71
f 72/72 70/70 73/73
f 74/74 71/71 75/75
f 70/70 72/72 71/71
f 71/71 72/72 75/75
f 69/69 76/76 77/77
f 79/79 81/81 82/82
f 78/78 83/83 80/80
f 84/84 79/79 82/82
f 84/84 82/82 85/85
f 84/84 85/85 86/86
f 87/87 86/86 85/85
f 84/84 88/88 79/79
f 86/86 88/88 84/84
f 89/89 90/90 86/86
f 89/89 91/91 90/90
f 92/92 94/94 95/95
f 92/92 83/83 78/78
f 78/78 94/94 92/92
f 88/88 93/93 79/79
f 96/96 93/93 88/88
f 96/96 88/88 97/97
f 97/97 88/88 86/86
f 99/99 95/95 94/94
f 92/92 95/95 100/100
f 100/100 83/83 92/92
f 76/76 83/83 100/100
f 100/100 77/77 76/76
f 101/101 81/81 20/20
f 81/81 103/103 20/20
f 101/101 20/20 18/18
f 101/101 18/18 17/17
f 17/17 27/27 104/104
f 83/83 76/76 105/105
f 102/102 80/80 83/83
f 83/83 105/105 102/102
f 105/105 36/36 102/102
f 103/103 22/22 20/20
f 23/23 102/102 36/36
f 25/25 27/27 17/17
f 67/67 106/106 27/27
f 67/67 27/27 28/28
f 105/105 76/76 68/68
f 69/69 68/68 76/76
f 107/107 108/108 106/106
f 105/105 68/68 36/36
f 67/67 109/109 107/107
f 107/107 106/106 67/67
f 82/82 81/81 101/101
f 85/85 82/82 87/87
f 87/87 82/82 101/101
f 89/89 87/87 104/104
f 17/17 104/104 101/101
f 87/87 101/101 104/104
f 27/27 89/89 104/104
f 87/87 89/89 86/86
f 91/91 89/89 106/106
f 106/106 89/89 27/27
f 91/91 106/106 108/108
f 110/110 69/69 77/77
f 69/69 110/110 73/73
f 100/100 95/95 2/2
f 2/2 77/77 100/100
f 91/91 108/108 111/111
f 112/112 91/91 111/111
f 77/77 2/2 110/110
f 110/110 2/2 1/1
f 108/108 107/107 113/113
f 70/70 69/69 73/73
f 111/111 108/108 113/113
f 114/114 50/50 37/37
f 115/115 114/114 116/116
f 114/114 115/115 117/117
f 68/68 114/114 34/34
f 33/33 23/23 36/36
f 36/36 68/68 34/34
f 37/37 35/35 34/34
f 37/37 34/34 114/114
f 50/50 118/118 58/58
f 4/4 117/117 115/115
f 50/50 114/114 117/117
f 118/118 50/50 117/117
f 4/4 118/118 117/117
f 4/4 6/6 118/118
f 119/119 63/63 120/120
f 45/45 63/63 119/119
f 45/45 119/119 47/47
f 122/122 47/47 119/119
f 123/123 74/74 116/116
f 124/124 74/74 125/125
f 116/116 126/126 115/115
f 124/124 126/126 74/74
f 125/125 127/127 124/124
f 126/126 124/124 12/12
f 11/11 12/12 124/124
f 116/116 74/74 126/126
f 128/128 129/129 130/130
f 123/123 114/114 68/68
f 116/116 114/114 123/123
f 71/71 123/123 68/68
f 122/122 107/107 109/109
f 109/109 47/47 122/122
f 123/123 71/71 74/74
f 107/107 122/122 129/129
f 130/130 129/129 122/122
f 115/115 8/8 4/4
f 12/12 115/115 126/126
f 8/8 115/115 12/12
f 131/131 128/128 130/130
f 131/131 130/130 119/119
f 120/120 132/132 119/119
f 133/133 132/132 134/134
f 131/131 119/119 132/132
f 130/130 122/122 119/119
f 46/46 109/109 67/67
f 47/47 109/109 46/46
f 1/1 3/3 135/135
f 135/135 136/136 137/137
f 138/138 139/139 140/140
f 136/136 141/141 137/137
f 142/142 143/143 144/144
f 143/143 139/139 138/138
f 142/142 139/139 143/143
f 145/145 140/140 139/139
f 142/142 144/144 146/146
f 147/147 146/146 141/141
f 144/144 141/141 146/146
f 145/145 148/148 149/149
f 150/150 148/148 145/145
f 151/151 145/145 139/139
f 142/142 151/151 139/139
f 150/150 145/145 152/152
f 152/152 145/145 151/151
f 153/153 142/142 146/146
f 153/153 154/154 142/142
f 154/154 151/151 142/142
f 155/155 153/153 156/156
f 157/157 148/148 150/150
f 148/148 158/158 159/159
f 151/151 160/160 152/152
f 160/160 151/151 154/154
f 161/161 150/150 152/152
f 157/157 150/150 161/161
f 155/155 160/160 154/154
f 155/155 154/154 153/153
f 158/158 148/148 157/157
f 162/162 157/157 161/161
f 163/163 157/157 162/162
f 164/164 160/160 155/155
f 164/164 161/161 152/152
f 164/164 152/152 160/160
f 163/163 158/158 157/157
f 165/165 158/158 163/163
f 163/163 162/162 166/166
f 166/166 165/165 163/163
f 161/161 167/167 162/162
f 168/168 169/169 9/9
f 169/169 170/170 9/9
f 171/171 169/169 172/172
f 169/169 173/173 10/10
f 10/10 9/9 170/170
f 11/11 124/124 9/9
f 171/171 174/174 169/169
f 169/169 10/10 170/170
f 11/11 10/10 13/13
f 175/175 169/169 174/174
f 176/176 169/169 175/175
f 177/177 174/174 171/171
f 178/178 174/174 177/177
f 16/16 10/10 173/173
f 176/176 173/173 169/169
f 176/176 179/179 173/173
f 179/179 16/16 173/173
f 16/16 13/13 10/10
f 174/174 178/178 175/175
f 175/175 178/178 180/180
f 180/180 178/178 181/181
f 180/180 181/181 182/182
f 182/182 181/181 183/183
f 184/184 185/185 186/186
f 72/72 187/187 186/186
f 186/186 187/187 184/184
f 188/188 189/189 190/190
f 191/191 189/189 188/188
f 192/192 190/190 184/184
f 193/193 192/192 184/184
f 188/188 194/194 191/191
f 127/127 75/75 195/195
f 196/196 127/127 195/195
f 197/197 198/198 199/199
f 198/198 197/197 200/200
f 198/198 200/200 172/172
f 198/198 196/196 199/199
f 197/197 201/201 200/200
f 72/72 202/202 203/203
f 202/202 204/204 203/203
f 202/202 72/72 186/186
f 75/75 203/203 195/195
f 75/75 72/72 203/203
f 203/203 196/196 195/195
f 204/204 199/199 196/196
f 199/199 205/205 197/197
f 204/204 205/205 199/199
f 204/204 196/196 203/203
f 113/113 107/107 206/206
f 206/206 207/207 208/208
f 202/202 185/185 204/204
f 197/197 205/205 189/189
f 201/201 197/197 189/189
f 204/204 185/185 205/205
f 189/189 191/191 201/201
f 191/191 209/209 201/201
f 186/186 185/185 202/202
f 184/184 205/205 185/185
f 189/189 205/205 190/190
f 205/205 184/184 190/190
f 210/210 191/191 194/194
f 210/210 209/209 191/191
f 209/209 200/200 201/201
f 200/200 209/209 211/211
f 212/212 211/211 209/209
f 211/211 212/212 213/213
f 192/192 188/188 190/190
f 194/194 214/214 210/210
f 212/212 209/209 210/210
f 72/72 73/73 215/215
f 216/216 72/72 215/215
f 110/110 215/215 73/73
f 72/72 216/216 187/187
f 216/216 217/217 193/193
f 193/193 187/187 216/216
f 193/193 184/184 187/187
f 215/215 218/218 216/216
f 218/218 217/217 216/216
f 1/1 215/215 110/110
f 218/218 215/215 135/135
f 215/215 1/1 135/135
f 112/112 219/219 220/220
f 111/111 219/219 112/112
f 218/218 135/135 137/137
f 218/218 137/137 217/217
f 221/221 220/220 219/219
f 219/219 222/222 221/221
f 208/208 223/223 206/206
f 223/223 111/111 113/113
f 111/111 223/223 219/219
f 223/223 113/113 206/206
f 222/222 223/223 208/208
f 219/219 223/223 222/222
f 224/224 222/222 208/208
f 225/225 224/224 208/208
f 226/226 227/227 192/192
f 227/227 228/228 192/192
f 188/188 192/192 228/228
f 188/188 228/228 229/229
f 193/193 217/217 226/226
f 143/143 226/226 217/217
f 226/226 143/143 227/227
f 143/143 138/138 227/227
f 217/217 144/144 143/143
f 227/227 138/138 228/228
f 226/226 192/192 193/193
f 188/188 229/229 194/194
f 229/229 214/214 194/194
f 138/138 140/140 228/228
f 145/145 229/229 228/228
f 230/230 214/214 229/229
f 140/140 145/145 228/228
f 145/145 149/149 229/229
f 230/230 229/229 149/149
f 230/230 149/149 231/231
f 232/232 230/230 231/231
f 230/230 233/233 214/214
f 233/233 230/230 234/234
f 235/235 230/230 232/232
f 234/234 230/230 235/235
f 217/217 137/137 144/144
f 137/137 141/141 144/144
f 236/236 220/220 237/237
f 221/221 238/238 220/220
f 237/237 220/220 238/238
f 238/238 221/221 239/239
f 239/239 221/221 222/222
f 239/239 222/222 224/224
f 239/239 224/224 240/240
f 239/239 241/241 238/238
f 238/238 241/241 237/237
f 212/212 210/210 233/233
f 210/210 214/214 233/233
f 212/212 233/233 234/234
f 212/212 234/234 213/213
f 213/213 234/234 242/242
f 243/243 213/213 242/242
f 240/240 224/224 225/225
f 225/225 244/244 240/240
f 168/168 245/245 196/196
f 246/246 245/245 168/168
f 127/127 245/245 246/246
f 168/168 196/196 198/198
f 196/196 245/245 127/127
f 125/125 74/74 75/75
f 125/125 75/75 127/127
f 168/168 198/198 172/172
f 200/200 171/171 172/172
f 200/200 247/247 171/171
f 127/127 246/246 124/124
f 246/246 168/168 9/9
f 172/172 169/169 168/168
f 246/246 9/9 124/124
f 247/247 177/177 171/171
f 247/247 248/248 177/177
f 211/211 247/247 200/200
f 249/249 247/247 211/211
f 248/248 247/247 249/249
f 248/248 249/249 250/250
f 249/249 213/213 250/250
f 206/206 129/129 128/128
f 107/107 129/129 206/206
f 128/128 207/207 206/206
f 211/211 213/213 249/249
f 208/208 207/207 225/225
f 248/248 178/178 177/177
f 181/181 178/178 248/248
f 251/251 207/207 128/128
f 251/251 128/128 131/131
f 251/251 131/131 132/132
f 250/250 181/181 248/248
f 250/250 183/183 181/181
f 252/252 183/183 250/250
f 225/225 207/207 253/253
f 213/213 243/243 250/250
f 252/252 250/250 243/243
f 254/254 225/225 253/253
f 242/242 234/234 235/235
f 231/231 149/149 148/148
f 148/148 159/159 231/231
f 159/159 232/232 231/231
f 235/235 232/232 255/255
f 242/242 235/235 256/256
f 255/255 232/232 159/159
f 158/158 255/255 159/159
f 255/255 158/158 165/165
f 256/256 235/235 255/255
f 256/256 255/255 257/257
f 243/243 242/242 258/258
f 165/165 257/257 255/255
f 259/259 258/258 256/256
f 258/258 242/242 256/256
f 252/252 243/243 260/260
f 260/260 258/258 261/261
f 244/244 225/225 254/254
f 258/258 260/260 243/243
f 254/254 262/262 244/244
f 261/261 258/258 263/263
f 264/264 244/244 262/262
f 265/265 266/266 267/267
f 268/268 269/269 265/265
f 6/6 270/270 271/271
f 270/270 267/267 271/271
f 270/270 272/272 267/267
f 273/273 274/274 270/270
f 270/270 6/6 273/273
f 272/272 265/265 267/267
f 272/272 275/275 265/265
f 275/275 272/272 276/276
f 277/277 272/272 270/270
f 277/277 276/276 272/272
f 265/265 275/275 268/268
f 278/278 268/268 279/279
f 280/280 278/278 279/279
f 268/268 275/275 279/279
f 275/275 276/276 281/281
f 282/282 279/279 275/275
f 275/275 281/281 282/282
f 282/282 283/283 279/279
f 280/280 279/279 283/283
f 284/284 285/285 280/280
f 286/286 276/276 277/277
f 287/287 288/288 289/289
f 286/286 277/277 274/274
f 270/270 274/274 277/277
f 5/5 273/273 6/6
f 273/273 5/5 290/290
f 14/14 290/290 5/5
f 274/274 273/273 291/291
f 291/291 273/273 290/290
f 292/292 290/290 14/14
f 292/292 293/293 290/290
f 293/293 291/291 290/290
f 294/294 291/291 293/293
f 295/295 296/296 294/294
f 295/295 294/294 297/297
f 274/274 291/291 296/296
f 296/296 286/286 274/274
f 296/296 298/298 286/286
f 288/288 299/299 289/289
f 296/296 291/291 294/294
f 289/289 299/299 300/300
f 301/301 282/282 281/281
f 302/302 281/281 276/276
f 301/301 281/281 303/303
f 283/283 284/284 280/280
f 283/283 282/282 304/304
f 284/284 283/283 304/304
f 288/288 287/287 285/285
f 304/304 282/282 301/301
f 284/284 304/304 305/305
f 285/285 284/284 305/305
f 285/285 299/299 288/288
f 306/306 305/305 304/304
f 306/306 285/285 305/305
f 286/286 302/302 276/276
f 302/302 303/303 281/281
f 298/298 302/302 286/286
f 304/304 301/301 307/307
f 306/306 304/304 307/307
f 301/301 303/303 308/308
f 308/308 307/307 301/301
f 306/306 307/307 309/309
f 310/310 307/307 308/308
f 309/309 307/307 310/310
f 298/298 311/311 302/302
f 312/312 303/303 302/302
f 308/308 303/303 312/312
f 312/312 302/302 313/313
f 285/285 306/306 314/314
f 314/314 299/299 285/285
f 306/306 309/309 314/314
f 314/314 315/315 299/299
f 312/312 313/313 308/308
f 310/310 308/308 316/316
f 310/310 316/316 309/309
f 317/317 298/298 295/295
f 298/298 317/317 318/318
f 297/297 317/317 295/295
f 318/318 317/317 319/319
f 320/320 319/319 317/317
f 295/295 298/298 296/296
f 313/313 302/302 311/311
f 311/311 298/298 318/318
f 300/300 299/299 315/315
f 321/321 300/300 315/315
f 319/319 313/313 311/311
f 319/319 322/322 313/313
f 322/322 323/323 313/313
f 324/324 323/323 322/322
f 324/324 325/325 323/323
f 311/311 318/318 319/319
f 326/326 324/324 322/322
f 326/326 322/322 319/319
f 327/327 326/326 319/319
f 326/326 327/327 328/328
f 316/316 308/308 323/323
f 323/323 308/308 313/313
f 329/329 314/314 309/309
f 329/329 315/315 314/314
f 321/321 315/315 330/330
f 309/309 316/316 331/331
f 329/329 309/309 331/331
f 325/325 316/316 323/323
f 330/330 315/315 329/329
f 325/325 331/331 316/316
f 332/332 331/331 325/325
f 332/332 329/329 331/331
f 329/329 333/333 330/330
f 334/334 330/330 333/333
f 267/267 51/51 59/59
f 58/58 267/267 59/59
f 335/335 52/52 51/51
f 54/54 52/52 335/335
f 335/335 336/336 54/54
f 54/54 336/336 57/57
f 337/337 57/57 336/336
f 337/337 66/66 57/57
f 338/338 66/66 337/337
f 339/339 66/66 338/338
f 266/266 335/335 51/51
f 267/267 266/266 51/51
f 336/336 335/335 340/340
f 337/337 336/336 340/340
f 266/266 340/340 335/335
f 340/340 266/266 269/269
f 266/266 265/265 269/269
f 338/338 337/337 341/341
f 337/337 340/340 341/341
f 339/339 338/338 342/342
f 339/339 64/64 66/66
f 340/340 269/269 268/268
f 341/341 340/340 268/268
f 341/341 268/268 278/278
f 341/341 278/278 338/338
f 342/342 338/338 287/287
f 118/118 271/271 58/58
f 271/271 267/267 58/58
f 118/118 6/6 271/271
f 339/339 121/121 64/64
f 343/343 121/121 339/339
f 342/342 343/343 339/339
f 342/342 287/287 343/343
f 344/344 343/343 287/287
f 285/285 338/338 278/278
f 285/285 287/287 338/338
f 280/280 285/285 278/278
f 344/344 287/287 289/289
f 121/121 343/343 344/344
f 121/121 134/134 132/132
f 134/134 121/121 344/344
f 345/345 134/134 344/344
f 346/346 324/324 347/347
f 324/324 326/326 347/347
f 328/328 347/347 326/326
f 346/346 348/348 349/349
f 328/328 350/350 347/347
f 346/346 347/347 350/350
f 346/346 350/350 351/351
f 351/351 348/348 346/346
f 346/346 325/325 324/324
f 329/329 332/332 352/352
f 332/332 325/325 352/352
f 325/325 349/349 352/352
f 349/349 325/325 346/346
f 329/329 352/352 353/353
f 333/333 329/329 353/353
f 354/354 352/352 349/349
f 352/352 354/354 353/353
f 348/348 354/354 349/349
f 355/355 179/179 356/356
f 355/355 356/356 357/357
f 179/179 358/358 359/359
f 356/356 179/179 359/359
f 360/360 357/357 361/361
f 362/362 357/357 356/356
f 362/362 361/361 357/357
f 359/359 362/362 356/356
f 358/358 363/363 359/359
f 364/364 363/363 365/365
f 355/355 366/366 15/15
f 16/16 179/179 355/355
f 355/355 15/15 16/16
f 366/366 292/292 15/15
f 292/292 366/366 360/360
f 357/357 366/366 355/355
f 357/357 360/360 366/366
f 15/15 292/292 14/14
f 176/176 358/358 179/179
f 175/175 358/358 176/176
f 180/180 358/358 175/175
f 367/367 358/358 180/180
f 251/251 133/133 368/368
f 360/360 293/293 292/292
f 369/369 345/345 344/344
f 369/369 368/368 345/345
f 368/368 369/369 370/370
f 368/368 371/371 251/251
f 182/182 367/367 180/180
f 182/182 372/372 367/367
f 372/372 182/182 183/183
f 183/183 373/373 372/372
f 367/367 365/365 358/358
f 358/358 365/365 363/363
f 372/372 365/365 367/367
f 365/365 372/372 374/374
f 374/374 364/364 365/365
f 293/293 375/375 376/376
f 294/294 293/293 376/376
f 361/361 375/375 360/360
f 293/293 360/360 375/375
f 377/377 294/294 376/376
f 377/377 376/376 375/375
f 297/297 294/294 377/377
f 378/378 379/379 361/361
f 362/362 378/378 361/361
f 378/378 362/362 359/359
f 363/363 380/380 359/359
f 364/364 380/380 363/363
f 375/375 361/361 379/379
f 375/375 379/379 381/381
f 381/381 377/377 375/375
f 382/382 380/380 364/364
f 382/382 364/364 374/374
f 383/383 381/381 379/379
f 379/379 378/378 384/384
f 384/384 383/383 379/379
f 385/385 384/384 378/378
f 385/385 378/378 359/359
f 384/384 385/385 386/386
f 383/383 384/384 387/387
f 383/383 377/377 381/381
f 383/383 387/387 377/377
f 289/289 369/369 344/344
f 369/369 388/388 370/370
f 369/369 289/289 300/300
f 388/388 369/369 300/300
f 389/389 371/371 368/368
f 389/389 368/368 370/370
f 390/390 370/370 388/388
f 389/389 370/370 390/390
f 252/252 373/373 183/183
f 374/374 372/372 373/373
f 385/385 359/359 391/391
f 386/386 392/392 384/384
f 393/393 385/385 391/391
f 359/359 380/380 391/391
f 380/380 382/382 391/391
f 374/374 394/394 382/382
f 394/394 374/374 395/395
f 382/382 393/393 391/391
f 394/394 396/396 382/382
f 373/373 395/395 374/374
f 389/389 397/397 371/371
f 398/398 395/395 373/373
f 398/398 394/394 395/395
f 399/399 317/317 297/297
f 317/317 399/399 320/320
f 320/320 399/399 400/400
f 377/377 399/399 297/297
f 377/377 401/401 399/399
f 401/401 377/377 387/387
f 400/400 402/402 320/320
f 403/403 400/400 401/401
f 399/399 401/401 400/400
f 321/321 388/388 300/300
f 388/388 404/404 390/390
f 388/388 321/321 404/404
f 404/404 405/405 390/390
f 389/389 390/390 405/405
f 321/321 334/334 404/404
f 319/319 320/320 327/327
f 320/320 402/402 327/327
f 327/327 402/402 406/406
f 327/327 406/406 407/407
f 330/330 334/334 321/321
f 408/408 334/334 333/333
f 409/409 392/392 386/386
f 385/385 409/409 386/386
f 384/384 392/392 387/387
f 410/410 401/401 387/387
f 410/410 387/387 392/392
f 410/410 403/403 401/401
f 385/385 393/393 409/409
f 411/411 392/392 409/409
f 411/411 410/410 392/392
f 412/412 410/410 411/411
f 393/393 382/382 396/396
f 403/403 413/413 400/400
f 410/410 412/412 413/413
f 410/410 413/413 403/403
f 413/413 414/414 400/400
f 396/396 415/415 393/393
f 393/393 416/416 409/409
f 416/416 393/393 415/415
f 416/416 415/415 417/417
f 418/418 415/415 396/396
f 394/394 419/419 396/396
f 394/394 398/398 419/419
f 419/419 418/418 396/396
f 416/416 411/411 409/409
f 411/411 416/416 420/420
f 411/411 421/421 412/412
f 412/412 422/422 413/413
f 411/411 420/420 421/421
f 423/423 416/416 417/417
f 416/416 423/423 420/420
f 417/417 415/415 424/424
f 418/418 424/424 415/415
f 421/421 422/422 412/412
f 425/425 389/389 405/405
f 405/405 404/404 334/334
f 426/426 405/405 334/334
f 426/426 334/334 408/408
f 427/427 425/425 405/405
f 426/426 427/427 405/405
f 425/425 397/397 389/389
f 402/402 400/400 414/414
f 402/402 414/414 406/406
f 414/414 428/428 406/406
f 429/429 406/406 428/428
f 407/407 406/406 429/429
f 428/428 414/414 413/413
f 428/428 413/413 430/430
f 413/413 422/422 430/430
f 408/408 431/431 426/426
f 431/431 427/427 426/426
f 432/432 431/431 433/433
f 373/373 434/434 398/398
f 398/398 434/434 435/435
f 435/435 419/419 398/398
f 419/419 435/435 436/436
f 424/424 423/423 417/417
f 437/437 424/424 418/418
f 420/420 423/423 438/438
f 421/421 420/420 439/439
f 422/422 421/421 439/439
f 420/420 438/438 439/439
f 424/424 440/440 423/423
f 440/440 424/424 441/441
f 419/419 437/437 418/418
f 436/436 437/437 419/419
f 441/441 424/424 437/437
f 436/436 441/441 437/437
f 442/442 397/397 425/425
f 436/436 435/435 443/443
f 422/422 439/439 444/444
f 422/422 444/444 430/430
f 444/444 445/445 430/430
f 428/428 430/430 446/446
f 447/447 428/428 446/446
f 445/445 446/446 430/430
f 439/439 438/438 448/448
f 423/423 440/440 438/438
f 444/444 439/439 445/445
f 439/439 448/448 445/445
f 447/447 446/446 449/449
f 450/450 448/448 438/438
f 448/448 450/450 451/451
f 445/445 448/448 451/451
f 451/451 452/452 445/445
f 452/452 446/446 445/445
f 446/446 452/452 453/453
f 438/438 454/454 450/450
f 438/438 440/440 454/454
f 455/455 454/454 440/440
f 452/452 451/451 456/456
f 457/457 440/440 441/441
f 441/441 436/436 457/457
f 453/453 449/449 446/446
f 452/452 456/456 453/453
f 453/453 458/458 449/449
f 459/459 425/425 427/427
f 431/431 432/432 427/427
f 442/442 425/425 459/459
f 432/432 459/459 427/427
f 432/432 433/433 460/460
f 460/460 459/459 432/432
f 442/442 459/459 461/461
f 433/433 462/462 460/460
f 461/461 459/459 460/460
f 434/434 463/463 443/443
f 435/435 434/434 443/443
f 464/464 436/436 443/443
f 443/443 463/463 465/465
f 443/443 465/465 464/464
f 451/451 450/450 466/466
f 466/466 450/450 467/467
f 454/454 467/467 450/450
f 454/454 455/455 468/468
f 457/457 455/455 440/440
f 457/457 469/469 455/455
f 457/457 436/436 464/464
f 457/457 464/464 469/469
f 455/455 469/469 468/468
f 451/451 466/466 456/456
f 466/466 470/470 456/456
f 456/456 458/458 453/453
f 458/458 456/456 471/471
f 471/471 472/472 458/458
f 470/470 471/471 456/456
f 468/468 473/473 454/454
f 468/468 474/474 473/473
f 469/469 474/474 468/468
f 475/475 474/474 469/469
f 467/467 476/476 466/466
f 467/467 454/454 473/473
f 470/470 466/466 476/476
f 476/476 477/477 470/470
f 477/477 476/476 478/478
f 477/477 471/471 470/470
f 467/467 478/478 476/476
f 467/467 473/473 478/478
f 479/479 477/477 478/478
f 471/471 477/477 480/480
f 477/477 479/479 480/480
f 461/461 460/460 481/481
f 460/460 462/462 481/481
f 482/482 464/464 465/465
f 482/482 469/469 464/464
f 469/469 482/482 475/475
f 483/483 461/461 481/481
f 251/251 132/132 133/133
f 345/345 133/133 134/134
f 133/133 345/345 368/368
f 207/207 251/251 253/253
f 251/251 371/371 253/253
f 260/260 373/373 252/252
f 253/253 371/371 397/397
f 434/434 373/373 260/260
f 254/254 253/253 262/262
f 463/463 260/260 261/261
f 263/263 463/463 261/261
f 434/434 260/260 463/463
f 262/262 253/253 397/397
f 328/328 407/407 484/484
f 328/328 327/327 407/407
f 484/484 350/350 328/328
f 350/350 484/484 485/485
f 351/351 350/350 485/485
f 407/407 486/486 484/484
f 351/351 485/485 487/487
f 348/348 351/351 487/487
f 488/488 485/485 484/484
f 487/487 485/485 488/488
f 407/407 489/489 486/486
f 484/484 486/486 490/490
f 491/491 408/408 333/333
f 492/492 353/353 354/354
f 492/492 491/491 353/353
f 491/491 333/333 353/353
f 348/348 493/493 354/354
f 493/493 492/492 354/354
f 431/431 408/408 491/491
f 493/493 348/348 487/487
f 493/493 487/487 494/494
f 492/492 493/493 495/495
f 496/496 491/491 492/492
f 497/497 496/496 492/492
f 491/491 496/496 431/431
f 498/498 487/487 488/488
f 494/494 487/487 498/498
f 488/488 484/484 490/490
f 495/495 493/493 494/494
f 495/495 494/494 498/498
f 492/492 495/495 497/497
f 489/489 407/407 429/429
f 489/489 429/429 499/499
f 499/499 486/486 489/489
f 428/428 447/447 429/429
f 500/500 499/499 429/429
f 429/429 447/447 500/500
f 501/501 499/499 500/500
f 433/433 431/431 496/496
f 488/488 490/490 502/502
f 498/498 488/488 502/502
f 503/503 498/498 502/502
f 499/499 490/490 486/486
f 502/502 490/490 504/504
f 504/504 490/490 499/499
f 503/503 502/502 505/505
f 505/505 502/502 504/504
f 499/499 501/501 504/504
f 506/506 505/505 504/504
f 501/501 507/507 504/504
f 506/506 508/508 505/505
f 506/506 504/504 507/507
f 509/509 506/506 507/507
f 509/509 508/508 506/506
f 495/495 498/498 503/503
f 497/497 495/495 510/510
f 495/495 503/503 510/510
f 511/511 496/496 497/497
f 496/496 511/511 433/433
f 503/503 512/512 510/510
f 505/505 512/512 503/503
f 512/512 505/505 508/508
f 510/510 512/512 513/513
f 512/512 508/508 514/514
f 513/513 497/497 510/510
f 515/515 497/497 513/513
f 515/515 511/511 497/497
f 513/513 512/512 514/514
f 449/449 500/500 447/447
f 500/500 449/449 516/516
f 501/501 500/500 516/516
f 449/449 458/458 472/472
f 472/472 516/516 449/449
f 501/501 516/516 517/517
f 517/517 507/507 501/501
f 516/516 518/518 517/517
f 511/511 462/462 433/433
f 519/519 462/462 511/511
f 514/514 508/508 520/520
f 515/515 519/519 511/511
f 520/520 508/508 509/509
f 513/513 514/514 521/521
f 521/521 515/515 513/513
f 518/518 507/507 517/517
f 519/519 522/522 462/462
f 523/523 509/509 507/507
f 523/523 520/520 509/509
f 523/523 524/524 520/520
f 507/507 525/525 523/523
f 526/526 514/514 520/520
f 521/521 514/514 526/526
f 526/526 520/520 524/524
f 525/525 507/507 518/518
f 527/527 525/525 518/518
f 524/524 523/523 525/525
f 528/528 524/524 525/525
f 522/522 519/519 530/530
f 530/530 519/519 515/515
f 521/521 526/526 531/531
f 515/515 521/521 531/531
f 532/532 472/472 471/471
f 533/533 472/472 532/532
f 533/533 516/516 472/472
f 518/518 516/516 533/533
f 534/534 533/533 532/532
f 480/480 532/532 471/471
f 535/535 532/532 480/480
f 481/481 462/462 536/536
f 533/533 537/537 518/518
f 536/536 462/462 522/522
f 535/535 534/534 532/532
f 536/536 483/483 481/481
f 536/536 538/538 483/483
f 533/533 534/534 537/537
f 538/538 536/536 522/522
f 538/538 522/522 539/539
f 537/537 527/527 518/518
f 539/539 522/522 540/540
f 529/529 541/541 524/524
f 543/543 525/525 527/527
f 543/543 528/528 525/525
f 540/540 530/530 515/515
f 522/522 530/530 540/540
f 515/515 544/544 540/540
f 545/545 527/527 537/537
f 527/527 545/545 547/547
f 547/547 543/543 527/527
f 526/526 524/524 541/541
f 548/548 526/526 541/541
f 549/549 541/541 529/529
f 529/529 542/542 549/549
f 526/526 548/548 531/531
f 548/548 541/541 549/549
f 531/531 548/548 550/550
f 549/549 551/551 548/548
f 531/531 550/550 515/515
f 550/550 544/544 515/515
f 550/550 548/548 551/551
f 551/551 549/549 552/552
f 549/549 542/542 553/553
f 553/553 552/552 549/549
f 551/551 554/554 550/550
f 544/544 550/550 554/554
f 551/551 552/552 555/555
f 554/554 551/551 555/555
f 544/544 554/554 556/556
f 554/554 555/555 556/556
f 539/539 557/557 558/558
f 539/539 540/540 557/557
f 557/557 540/540 544/544
f 259/259 559/559 258/258
f 560/560 258/258 559/559
f 258/258 560/560 263/263
f 561/561 244/244 264/264
f 562/562 563/563 263/263
f 561/561 264/264 564/564
f 562/562 263/263 560/560
f 562/562 565/565 566/566
f 565/565 567/567 568/568
f 568/568 567/567 569/569
f 570/570 569/569 571/571
f 572/572 569/569 570/570
f 573/573 571/571 574/574
f 571/571 573/573 570/570
f 575/575 573/573 574/574
f 576/576 570/570 573/573
f 576/576 573/573 575/575
f 575/575 577/577 578/578
f 579/579 578/578 577/577
f 580/580 578/578 579/579
f 578/578 576/576 575/575
f 581/581 580/580 582/582
f 475/475 583/583 474/474
f 583/583 473/473 474/474
f 479/479 478/478 584/584
f 584/584 478/478 473/473
f 585/585 584/584 473/473
f 586/586 479/479 584/584
f 480/480 479/479 586/586
f 587/587 473/473 583/583
f 585/585 588/588 584/584
f 475/475 482/482 589/589
f 583/583 475/475 590/590
f 590/590 475/475 589/589
f 465/465 591/591 482/482
f 589/589 482/482 591/591
f 586/586 592/592 480/480
f 461/461 593/593 442/442
f 461/461 483/483 594/594
f 593/593 461/461 594/594
f 590/590 587/587 583/583
f 587/587 590/590 595/595
f 595/595 590/590 589/589
f 596/596 592/592 586/586
f 586/586 584/584 588/588
f 588/588 596/596 586/586
f 597/597 473/473 587/587
f 598/598 473/473 597/597
f 585/585 473/473 598/598
f 587/587 595/595 597/597
f 599/599 596/596 600/600
f 601/601 595/595 589/589
f 597/597 595/595 602/602
f 601/601 602/602 595/595
f 601/601 589/589 591/591
f 585/585 598/598 603/603
f 603/603 588/588 585/585
f 604/604 588/588 603/603
f 588/588 605/605 596/596
f 605/605 600/600 596/596
f 588/588 604/604 605/605
f 606/606 600/600 605/605
f 605/605 604/604 607/607
f 608/608 606/606 605/605
f 608/608 605/605 607/607
f 609/609 606/606 608/608
f 610/610 598/598 597/597
f 602/602 610/610 597/597
f 610/610 611/611 598/598
f 611/611 610/610 612/612
f 613/613 603/603 598/598
f 613/613 604/604 603/603
f 607/607 604/604 614/614
f 613/613 615/615 604/604
f 614/614 604/604 615/615
f 607/607 616/616 608/608
f 607/607 614/614 616/616
f 616/616 614/614 617/617
f 608/608 616/616 609/609
f 611/611 613/613 598/598
f 613/613 611/611 618/618
f 613/613 618/618 615/615
f 614/614 615/615 617/617
f 617/617 615/615 618/618
f 616/616 617/617 619/619
f 609/609 616/616 619/619
f 620/620 618/618 611/611
f 618/618 620/620 621/621
f 622/622 617/617 618/618
f 623/623 463/463 263/263
f 624/624 463/463 623/623
f 623/623 625/625 624/624
f 262/262 626/626 564/564
f 564/564 264/264 262/262
f 263/263 563/563 623/623
f 624/624 465/465 463/463
f 624/624 591/591 465/465
f 397/397 626/626 262/262
f 626/626 397/397 442/442
f 593/593 626/626 442/442
f 593/593 627/627 626/626
f 627/627 593/593 594/594
f 628/628 629/629 624/624
f 591/591 629/629 601/601
f 624/624 629/629 591/591
f 630/630 627/627 594/594
f 631/631 627/627 630/630
f 631/631 630/630 632/632
f 601/601 629/629 633/633
f 602/602 601/601 633/633
f 610/610 602/602 633/633
f 610/610 633/633 612/612
f 634/634 609/609 619/619
f 626/626 627/627 635/635
f 623/623 636/636 625/625
f 637/637 638/638 639/639
f 640/640 638/638 641/641
f 623/623 563/563 566/566
f 566/566 563/563 562/562
f 642/642 561/561 564/564
f 642/642 564/564 643/643
f 623/623 566/566 636/636
f 572/572 644/644 645/645
f 565/565 568/568 566/566
f 568/568 569/569 572/572
f 645/645 566/566 568/568
f 572/572 645/645 568/568
f 645/645 636/636 566/566
f 646/646 636/636 645/645
f 646/646 645/645 644/644
f 646/646 647/647 636/636
f 637/637 647/647 646/646
f 648/648 638/638 637/637
f 637/637 646/646 648/648
f 638/638 648/648 649/649
f 638/638 649/649 650/650
f 638/638 650/650 641/641
f 646/646 644/644 648/648
f 643/643 651/651 642/642
f 629/629 628/628 652/652
f 652/652 653/653 629/629
f 653/653 652/652 654/654
f 653/653 654/654 655/655
f 655/655 656/656 657/657
f 656/656 655/655 654/654
f 624/624 625/625 628/628
f 652/652 628/628 625/625
f 625/625 647/647 658/658
f 652/652 625/625 658/658
f 652/652 658/658 654/654
f 633/633 653/653 612/612
f 629/629 653/653 633/633
f 611/611 657/657 620/620
f 612/612 655/655 657/657
f 657/657 611/611 612/612
f 620/620 659/659 621/621
f 653/653 655/655 612/612
f 622/622 618/618 621/621
f 617/617 622/622 619/619
f 660/660 619/619 622/622
f 660/660 622/622 661/661
f 660/660 634/634 619/619
f 627/627 631/631 662/662
f 635/635 627/627 662/662
f 662/662 631/631 663/663
f 620/620 664/664 659/659
f 620/620 657/657 664/664
f 665/665 659/659 664/664
f 622/622 659/659 661/661
f 659/659 622/622 621/621
f 661/661 659/659 665/665
f 660/660 661/661 666/666
f 660/660 667/667 668/668
f 667/667 660/660 666/666
f 626/626 635/635 643/643
f 669/669 635/635 662/662
f 669/669 662/662 670/670
f 670/670 662/662 671/671
f 669/669 643/643 635/635
f 672/672 669/669 670/670
f 673/673 670/670 674/674
f 674/674 670/670 671/671
f 675/675 657/657 656/656
f 675/675 664/664 657/657
f 676/676 665/665 664/664
f 677/677 639/639 678/678
f 625/625 636/636 647/647
f 639/639 658/658 647/647
f 658/658 639/639 677/677
f 656/656 654/654 677/677
f 658/658 677/677 654/654
f 678/678 656/656 677/677
f 665/665 676/676 679/679
f 680/680 679/679 676/676
f 678/678 675/675 656/656
f 681/681 680/680 682/682
f 683/683 664/664 675/675
f 676/676 664/664 683/683
f 676/676 683/683 682/682
f 680/680 676/676 682/682
f 678/678 640/640 675/675
f 684/684 683/683 640/640
f 683/683 684/684 682/682
f 639/639 638/638 678/678
f 678/678 638/638 640/640
f 685/685 682/682 684/684
f 684/684 640/640 641/641
f 684/684 641/641 686/686
f 685/685 684/684 686/686
f 687/687 685/685 686/686
f 688/688 682/682 685/685
f 683/683 675/675 640/640
f 681/681 682/682 688/688
f 681/681 689/689 690/690
f 680/680 681/681 690/690
f 689/689 681/681 688/688
f 661/661 665/665 679/679
f 691/691 661/661 679/679
f 691/691 679/679 680/680
f 661/661 691/691 666/666
f 666/666 691/691 667/667
f 690/690 691/691 680/680
f 692/692 667/667 691/691
f 670/670 673/673 672/672
f 692/692 693/693 667/667
f 694/694 691/691 690/690
f 692/692 691/691 694/694
f 695/695 694/694 690/690
f 696/696 692/692 694/694
f 693/693 692/692 696/696
f 564/564 626/626 643/643
f 643/643 669/669 651/651
f 669/669 672/672 651/651
f 697/697 651/651 672/672
f 697/697 672/672 673/673
f 637/637 639/639 647/647
f 687/687 688/688 685/685
f 698/698 688/688 687/687
f 699/699 651/651 697/697
f 697/697 700/700 699/699
f 697/697 673/673 703/703
f 695/695 690/690 689/689
f 703/703 700/700 697/697
f 674/674 704/704 673/673
f 704/704 703/703 673/673
f 706/706 694/694 695/695
f 707/707 696/696 694/694
f 674/674 709/709 704/704
f 480/480 592/592 535/535
f 534/534 535/535 710/710
f 711/711 710/710 535/535
f 712/712 483/483 538/538
f 483/483 712/712 594/594
f 713/713 537/537 534/534
f 710/710 713/713 534/534
f 599/599 592/592 596/596
f 711/711 535/535 592/592
f 599/599 711/711 592/592
f 714/714 710/710 711/711
f 711/711 599/599 600/600
f 714/714 713/713 710/710
f 713/713 714/714 715/715
f 537/537 713/713 545/545
f 716/716 547/547 545/545
f 713/713 716/716 545/545
f 717/717 716/716 713/713
f 715/715 717/717 713/713
f 547/547 716/716 718/718
f 600/600 606/606 711/711
f 714/714 711/711 720/720
f 609/609 720/720 606/606
f 711/711 606/606 720/720
f 715/715 714/714 720/720
f 721/721 720/720 609/609
f 553/553 542/542 546/546
f 553/553 722/722 552/552
f 555/555 552/552 722/722
f 723/723 553/553 546/546
f 553/553 723/723 722/722
f 722/722 723/723 724/724
f 546/546 719/719 723/723
f 594/594 712/712 630/630
f 712/712 725/725 630/630
f 726/726 725/725 712/712
f 538/538 558/558 712/712
f 558/558 538/538 539/539
f 558/558 726/726 712/712
f 726/726 558/558 557/557
f 718/718 716/716 727/727
f 557/557 728/728 726/726
f 632/632 630/630 725/725
f 632/632 725/725 726/726
f 634/634 721/721 609/609
f 631/631 632/632 663/663
f 715/715 720/720 721/721
f 721/721 729/729 715/715
f 721/721 730/730 729/729
f 730/730 731/731 729/729
f 732/732 632/632 733/733
f 663/663 632/632 732/732
f 717/717 727/727 716/716
f 727/727 717/717 734/734
f 734/734 735/735 727/727
f 733/733 726/726 728/728
f 729/729 717/717 715/715
f 729/729 734/734 717/717
f 726/726 733/733 632/632
f 734/734 729/729 731/731
f 731/731 737/737 734/734
f 737/737 735/735 734/734
f 736/736 738/738 740/740
f 739/739 735/735 737/737
f 741/741 732/732 733/733
f 741/741 733/733 728/728
f 741/741 728/728 742/742
f 544/544 556/556 743/743
f 555/555 722/722 744/744
f 555/555 744/744 556/556
f 744/744 722/722 724/724
f 743/743 556/556 744/744
f 745/745 557/557 544/544
f 743/743 745/745 544/544
f 746/746 745/745 743/743
f 724/724 723/723 719/719
f 727/727 735/735 718/718
f 724/724 719/719 747/747
f 744/744 724/724 748/748
f 743/743 744/744 748/748
f 748/748 746/746 743/743
f 748/748 724/724 749/749
f 724/724 747/747 749/749
f 728/728 557/557 745/745
f 747/747 719/719 736/736
f 750/750 748/748 749/749
f 742/742 745/745 746/746
f 746/746 748/748 750/750
f 745/745 742/742 728/728
f 751/751 750/750 749/749
f 749/749 747/747 751/751
f 742/742 746/746 752/752
f 752/752 750/750 751/751
f 750/750 752/752 746/746
f 751/751 747/747 740/740
f 736/736 740/740 747/747
f 751/751 740/740 753/753
f 752/752 751/751 753/753
f 753/753 754/754 752/752
f 742/742 752/752 754/754
f 730/730 721/721 634/634
f 755/755 730/730 634/634
f 756/756 730/730 755/755
f 660/660 668/668 634/634
f 634/634 668/668 755/755
f 671/671 662/662 663/663
f 693/693 668/668 667/667
f 668/668 693/693 755/755
f 757/757 756/756 755/755
f 755/755 693/693 757/757
f 663/663 758/758 671/671
f 730/730 756/756 731/731
f 739/739 737/737 759/759
f 760/760 740/740 738/738
f 760/760 738/738 761/761
f 742/742 763/763 741/741
f 754/754 763/763 742/742
f 759/759 737/737 731/731
f 759/759 762/762 739/739
f 761/761 764/764 760/760
f 766/766 767/767 754/754
f 767/767 768/768 754/754
f 760/760 769/769 766/766
f 767/767 766/766 769/769
f 764/764 769/769 760/760
f 741/741 758/758 732/732
f 754/754 768/768 763/763
f 741/741 763/763 758/758
f 731/731 756/756 759/759
f 756/756 757/757 759/759
f 663/663 732/732 758/758
f 770/770 759/759 757/757
f 770/770 762/762 759/759
f 767/767 771/771 768/768
f 771/771 767/767 769/769
f 768/768 771/771 772/772
f 763/763 768/768 772/772
f 762/762 770/770 765/765
f 773/773 764/764 775/775
f 774/774 765/765 770/770
f 769/769 764/764 773/773
f 771/771 769/769 773/773
f 693/693 776/776 757/757
f 777/777 770/770 757/757
f 777/777 757/757 776/776
f 778/778 777/777 776/776
f 774/774 770/770 777/777
f 779/779 774/774 777/777
f 758/758 781/781 671/671
f 782/782 709/709 674/674
f 781/781 782/782 671/671
f 671/671 782/782 674/674
f 783/783 693/693 696/696
f 784/784 783/783 696/696
f 783/783 776/776 693/693
f 785/785 776/776 783/783
f 709/709 782/782 781/781
f 781/781 758/758 786/786
f 787/787 789/789 780/780
f 790/790 792/792 787/787
f 709/709 781/781 786/786
f 786/786 792/792 790/790
f 763/763 772/772 786/786
f 758/758 763/763 786/786
f 786/786 772/772 792/792
f 771/771 789/789 772/772
f 789/789 771/771 773/773
f 792/792 772/772 789/789
f 780/780 773/773 775/775
f 773/773 780/780 789/789
f 792/792 789/789 787/787
f 777/777 778/778 793/793
f 793/793 779/779 777/777
f 779/779 793/793 788/788
f 793/793 794/794 788/788
f 795/795 709/709 786/786
f 791/791 788/788 794/794
f 795/795 786/786 790/790
f 791/791 797/797 796/796
f 776/776 785/785 778/778
f 793/793 778/778 798/798
f 794/794 793/793 798/798
f 799/799 794/794 798/798
f 797/797 794/794 799/799
f 791/791 794/794 797/797
f 753/753 740/740 760/760
f 753/753 760/760 766/766
f 754/754 753/753 766/766
f 800/800 801/801 802/802
f 800/800 803/803 801/801
f 804/804 576/576 800/800
f 803/803 800/800 576/576
f 804/804 572/572 570/570
f 804/804 570/570 576/576
f 804/804 802/802 572/572
f 802/802 804/804 800/800
f 805/805 806/806 803/803
f 806/806 805/805 807/807
f 576/576 578/578 803/803
f 578/578 580/580 805/805
f 805/805 803/803 578/578
f 581/581 805/805 580/580
f 808/808 807/807 805/805
f 808/808 805/805 581/581
f 809/809 808/808 581/581
f 808/808 809/809 810/810
f 811/811 803/803 806/806
f 807/807 811/811 806/806
f 807/807 808/808 812/812
f 811/811 807/807 812/812
f 811/811 812/812 813/813
f 812/812 810/810 814/814
f 810/810 812/812 808/808
f 650/650 815/815 816/816
f 816/816 815/815 817/817
f 649/649 644/644 801/801
f 572/572 802/802 644/644
f 801/801 644/644 802/802
f 649/649 648/648 644/644
f 803/803 650/650 801/801
f 801/801 650/650 649/649
f 650/650 803/803 815/815
f 811/811 818/818 815/815
f 803/803 811/811 815/815
f 813/813 818/818 811/811
f 813/813 819/819 818/818
f 817/817 815/815 818/818
f 818/818 819/819 817/817
f 686/686 816/816 817/817
f 820/820 686/686 817/817
f 641/641 650/650 816/816
f 641/641 816/816 686/686
f 686/686 820/820 687/687
f 819/819 820/820 817/817
f 821/821 820/820 819/819
f 822/822 823/823 821/821
f 819/819 824/824 821/821
f 825/825 827/827 828/828
f 825/825 828/828 829/829
f 827/827 642/642 651/651
f 828/828 651/651 699/699
f 699/699 829/829 828/828
f 821/821 824/824 831/831
f 828/828 827/827 651/651
f 830/830 701/701 832/832
f 813/813 824/824 819/819
f 813/813 812/812 824/824
f 812/812 814/814 824/824
f 833/833 824/824 814/814
f 831/831 824/824 833/833
f 822/822 821/821 831/831
f 834/834 822/822 831/831
f 822/822 834/834 835/835
f 687/687 820/820 698/698
f 698/698 689/689 688/688
f 698/698 823/823 689/689
f 836/836 689/689 823/823
f 698/698 820/820 823/823
f 821/821 823/823 820/820
f 822/822 836/836 823/823
f 836/836 695/695 689/689
f 695/695 836/836 706/706
f 837/837 706/706 836/836
f 700/700 829/829 699/699
f 835/835 837/837 822/822
f 822/822 837/837 836/836
f 837/837 835/835 838/838
f 707/707 694/694 706/706
f 707/707 706/706 839/839
f 702/702 840/840 701/701
f 840/840 702/702 705/705
f 705/705 841/841 840/840
f 839/839 706/706 842/842
f 837/837 842/842 706/706
f 838/838 843/843 837/837
f 837/837 843/843 842/842
f 707/707 784/784 696/696
f 784/784 707/707 839/839
f 783/783 784/784 785/785
f 798/798 785/785 844/844
f 841/841 705/705 708/708
f 839/839 785/785 784/784
f 845/845 785/785 839/839
f 798/798 844/844 799/799
f 845/845 844/844 785/785
f 796/796 797/797 846/846
f 846/846 797/797 799/799
f 796/796 841/841 708/708
f 796/796 846/846 847/847
f 848/848 846/846 799/799
f 841/841 796/796 847/847
f 846/846 849/849 847/847
f 839/839 850/850 845/845
f 850/850 839/839 842/842
f 851/851 845/845 850/850
f 852/852 851/851 850/850
f 853/853 851/851 852/852
f 853/853 844/844 845/845
f 848/848 799/799 844/844
f 848/848 844/844 853/853
f 853/853 845/845 851/851
f 846/846 848/848 849/849
f 849/849 848/848 854/854
f 854/854 848/848 853/853
f 778/778 785/785 798/798
f 855/855 856/856 857/857
f 858/858 856/856 855/855
f 858/858 855/855 859/859
f 860/860 858/858 859/859
f 861/861 862/862 863/863
f 864/864 862/862 865/865
f 864/864 867/867 868/868
f 864/864 870/870 867/867
f 871/871 95/95 99/99
f 2/2 95/95 871/871
f 871/871 3/3 2/2
f 856/856 867/867 98/98
f 872/872 867/867 856/856
f 858/858 872/872 856/856
f 866/866 871/871 99/99
f 868/868 867/867 872/872
f 873/873 868/868 872/872
f 873/873 872/872 858/858
f 874/874 875/875 860/860
f 869/869 871/871 866/866
f 3/3 871/871 869/869
f 3/3 869/869 877/877
f 112/112 878/878 875/875
f 873/873 858/858 879/879
f 879/879 858/858 860/860
f 879/879 860/860 875/875
f 864/864 876/876 870/870
f 862/862 864/864 868/868
f 868/868 873/873 862/862
f 873/873 879/879 863/863
f 863/863 862/862 873/873
f 880/880 3/3 877/877
f 875/875 878/878 881/881
f 882/882 863/863 879/879
f 881/881 879/879 875/875
f 863/863 882/882 861/861
f 882/882 879/879 881/881
f 96/96 856/856 98/98
f 96/96 857/857 856/856
f 93/93 96/96 98/98
f 97/97 857/857 96/96
f 97/97 86/86 90/90
f 859/859 857/857 97/97
f 859/859 855/855 857/857
f 859/859 97/97 90/90
f 874/874 90/90 91/91
f 91/91 112/112 874/874
f 90/90 860/860 859/859
f 860/860 90/90 874/874
f 874/874 112/112 875/875
f 884/884 880/880 886/886
f 887/887 880/880 884/884
f 876/876 865/865 885/885
f 865/865 876/876 864/864
f 888/888 865/865 862/862
f 861/861 888/888 862/862
f 889/889 883/883 865/865
f 888/888 889/889 865/865
f 865/865 883/883 885/885
f 890/890 887/887 884/884
f 3/3 880/880 892/892
f 892/892 135/135 3/3
f 220/220 236/236 878/878
f 887/887 893/893 892/892
f 136/136 892/892 893/893
f 136/136 135/135 892/892
f 880/880 877/877 886/886
f 881/881 878/878 236/236
f 892/892 880/880 887/887
f 887/887 894/894 895/895
f 887/887 895/895 896/896
f 141/141 136/136 893/893
f 147/147 141/141 893/893
f 896/896 147/147 893/893
f 887/887 896/896 893/893
f 897/897 236/236 237/237
f 153/153 147/147 898/898
f 896/896 898/898 147/147
f 237/237 241/241 899/899
f 900/900 236/236 897/897
f 900/900 897/897 901/901
f 902/902 888/888 861/861
f 861/861 882/882 902/902
f 903/903 889/889 888/888
f 904/904 888/888 902/902
f 905/905 902/902 882/882
f 881/881 905/905 882/882
f 236/236 900/900 881/881
f 889/889 906/906 883/883
f 903/903 906/906 889/889
f 883/883 906/906 891/891
f 904/904 907/907 903/903
f 907/907 904/904 908/908
f 908/908 909/909 907/907
f 908/908 910/910 909/909
f 888/888 904/904 903/903
f 908/908 904/904 902/902
f 902/902 905/905 908/908
f 900/900 905/905 881/881
f 905/905 910/910 908/908
f 900/900 910/910 905/905
f 911/911 912/912 907/907
f 912/912 906/906 903/903
f 907/907 912/912 903/903
f 891/891 906/906 913/913
f 909/909 911/911 907/907
f 912/912 913/913 906/906
f 887/887 890/890 894/894
f 895/895 914/914 896/896
f 894/894 914/914 895/895
f 914/914 894/894 890/890
f 914/914 890/890 915/915
f 913/913 916/916 891/891
f 901/901 897/897 917/917
f 900/900 901/901 918/918
f 919/919 911/911 909/909
f 919/919 909/909 910/910
f 918/918 910/910 900/900
f 911/911 919/919 912/912
f 912/912 920/920 913/913
f 919/919 920/920 912/912
f 921/921 916/916 913/913
f 921/921 913/913 920/920
f 922/922 920/920 919/919
f 919/919 910/910 923/923
f 923/923 910/910 918/918
f 919/919 923/923 922/922
f 924/924 921/921 920/920
f 924/924 920/920 922/922
f 921/921 926/926 916/916
f 922/922 927/927 924/924
f 923/923 927/927 922/922
f 928/928 930/930 931/931
f 933/933 926/926 921/921
f 935/935 924/924 927/927
f 924/924 933/933 921/921
f 936/936 924/924 935/935
f 935/935 927/927 936/936
f 934/934 930/930 925/925
f 933/933 924/924 937/937
f 937/937 924/924 936/936
f 938/938 933/933 937/937
f 929/929 933/933 939/939
f 933/933 938/938 939/939
f 939/939 940/940 929/929
f 932/932 929/929 940/940
f 940/940 941/941 932/932
f 941/941 940/940 943/943
f 941/941 943/943 945/945
f 946/946 898/898 896/896
f 898/898 156/156 153/153
f 146/146 147/147 153/153
f 241/241 239/239 947/947
f 899/899 897/897 237/237
f 947/947 899/899 241/241
f 917/917 897/897 899/899
f 948/948 155/155 156/156
f 948/948 156/156 949/949
f 948/948 164/164 155/155
f 164/164 948/948 950/950
f 948/948 949/949 950/950
f 949/949 898/898 946/946
f 949/949 156/156 898/898
f 951/951 899/899 947/947
f 951/951 947/947 952/952
f 947/947 953/953 952/952
f 953/953 947/947 954/954
f 899/899 951/951 917/917
f 955/955 949/949 946/946
f 956/956 917/917 951/951
f 957/957 958/958 959/959
f 960/960 961/961 958/958
f 957/957 960/960 958/958
f 161/161 164/164 962/962
f 161/161 962/962 167/167
f 950/950 962/962 164/164
f 963/963 167/167 962/962
f 964/964 949/949 955/955
f 949/949 964/964 950/950
f 965/965 257/257 165/165
f 963/963 962/962 950/950
f 963/963 966/966 167/167
f 167/167 966/966 967/967
f 964/964 968/968 950/950
f 950/950 968/968 963/963
f 968/968 964/964 961/961
f 969/969 963/963 968/968
f 961/961 969/969 968/968
f 967/967 162/162 167/167
f 965/965 165/165 166/166
f 166/166 162/162 967/967
f 967/967 970/970 166/166
f 166/166 970/970 965/965
f 952/952 971/971 951/951
f 964/964 955/955 958/958
f 959/959 958/958 955/955
f 956/956 951/951 971/971
f 952/952 953/953 971/971
f 961/961 964/964 958/958
f 971/971 972/972 973/973
f 971/971 973/973 974/974
f 975/975 973/973 972/972
f 972/972 971/971 953/953
f 953/953 954/954 972/972
f 946/946 896/896 914/914
f 918/918 901/901 917/917
f 928/928 946/946 914/914
f 946/946 928/928 955/955
f 928/928 959/959 955/955
f 925/925 914/914 915/915
f 918/918 976/976 923/923
f 917/917 976/976 918/918
f 914/914 925/925 928/928
f 930/930 928/928 925/925
f 956/956 976/976 917/917
f 977/977 959/959 928/928
f 977/977 957/957 959/959
f 977/977 942/942 957/957
f 942/942 978/978 957/957
f 957/957 978/978 960/960
f 977/977 928/928 931/931
f 976/976 956/956 974/974
f 979/979 976/976 974/974
f 977/977 931/931 942/942
f 980/980 979/979 974/974
f 980/980 974/974 973/973
f 956/956 971/971 974/974
f 936/936 927/927 923/923
f 923/923 976/976 981/981
f 981/981 936/936 923/923
f 982/982 938/938 937/937
f 937/937 983/983 982/982
f 937/937 936/936 983/983
f 936/936 981/981 983/983
f 981/981 976/976 979/979
f 938/938 984/984 939/939
f 979/979 980/980 981/981
f 982/982 984/984 938/938
f 983/983 985/985 982/982
f 986/986 982/982 985/985
f 984/984 982/982 986/986
f 985/985 983/983 981/981
f 987/987 981/981 980/980
f 940/940 988/988 943/943
f 939/939 988/988 940/940
f 939/939 984/984 988/988
f 984/984 986/986 989/989
f 988/988 984/984 989/989
f 981/981 987/987 985/985
f 986/986 985/985 990/990
f 985/985 987/987 990/990
f 990/990 989/989 986/986
f 991/991 987/987 980/980
f 973/973 991/991 980/980
f 878/878 112/112 220/220
f 947/947 239/239 954/954
f 240/240 954/954 239/239
f 240/240 244/244 954/954
f 257/257 965/965 992/992
f 256/256 257/257 259/259
f 966/966 963/963 993/993
f 993/993 963/963 969/969
f 994/994 966/966 993/993
f 995/995 993/993 969/969
f 966/966 996/996 967/967
f 967/967 996/996 970/970
f 997/997 965/965 970/970
f 965/965 997/997 992/992
f 993/993 998/998 994/994
f 995/995 998/998 993/993
f 999/999 966/966 994/994
f 966/966 999/999 996/996
f 1000/1000 997/997 970/970
f 998/998 1001/1001 994/994
f 994/994 1001/1001 999/999
f 999/999 1002/1002 996/996
f 1000/1000 970/970 996/996
f 1000/1000 996/996 1002/1002
f 1000/1000 1003/1003 997/997
f 1004/1004 969/969 961/961
f 1004/1004 995/995 969/969
f 1004/1004 961/961 960/960
f 1004/1004 960/960 1005/1005
f 1006/1006 972/972 954/954
f 972/972 1006/1006 975/975
f 1007/1007 1006/1006 954/954
f 1008/1008 998/998 995/995
f 995/995 1004/1004 1009/1009
f 1009/1009 1008/1008 995/995
f 1010/1010 1004/1004 1005/1005
f 1004/1004 1010/1010 1009/1009
f 1006/1006 1011/1011 975/975
f 1012/1012 1006/1006 1007/1007
f 1011/1011 1006/1006 1012/1012
f 1013/1013 1000/1000 1002/1002
f 1013/1013 1003/1003 1000/1000
f 1014/1014 1013/1013 1002/1002
f 1015/1015 1008/1008 1009/1009
f 1009/1009 1010/1010 1015/1015
f 1016/1016 1001/1001 998/998
f 1008/1008 1016/1016 998/998
f 999/999 1001/1001 1016/1016
f 1017/1017 1008/1008 1015/1015
f 1018/1018 999/999 1016/1016
f 1017/1017 1016/1016 1008/1008
f 1017/1017 1019/1019 1016/1016
f 1019/1019 1018/1018 1016/1016
f 1014/1014 1002/1002 999/999
f 999/999 1018/1018 1020/1020
f 1014/1014 999/999 1020/1020
f 1019/1019 1017/1017 1015/1015
f 1021/1021 1019/1019 1015/1015
f 1005/1005 960/960 978/978
f 978/978 1022/1022 1005/1005
f 944/944 1022/1022 978/978
f 1022/1022 1010/1010 1005/1005
f 942/942 944/944 978/978
f 973/973 1023/1023 991/991
f 1022/1022 944/944 1024/1024
f 1026/1026 991/991 1023/1023
f 1023/1023 973/973 975/975
f 1011/1011 1027/1027 1023/1023
f 1026/1026 1023/1023 1027/1027
f 1011/1011 1023/1023 975/975
f 1028/1028 1026/1026 1027/1027
f 1029/1029 1031/1031 1022/1022
f 1033/1033 1031/1031 1029/1029
f 1033/1033 1034/1034 1031/1031
f 1035/1035 1034/1034 1033/1033
f 1031/1031 1010/1010 1022/1022
f 1037/1037 1015/1015 1010/1010
f 1037/1037 1010/1010 1031/1031
f 1038/1038 1027/1027 1011/1011
f 1011/1011 1012/1012 1038/1038
f 1039/1039 1037/1037 1034/1034
f 1034/1034 1037/1037 1031/1031
f 1015/1015 1037/1037 1039/1039
f 1038/1038 1040/1040 1027/1027
f 1041/1041 1040/1040 1038/1038
f 1027/1027 1040/1040 1028/1028
f 1018/1018 1042/1042 1020/1020
f 1018/1018 1043/1043 1042/1042
f 1019/1019 1043/1043 1018/1018
f 1044/1044 1042/1042 1043/1043
f 1021/1021 1043/1043 1019/1019
f 1021/1021 1044/1044 1043/1043
f 1045/1045 1039/1039 1034/1034
f 1046/1046 1039/1039 1045/1045
f 1039/1039 1021/1021 1015/1015
f 1046/1046 1021/1021 1039/1039
f 1046/1046 1047/1047 1021/1021
f 1048/1048 1040/1040 1041/1041
f 1034/1034 1035/1035 1045/1045
f 1049/1049 1045/1045 1035/1035
f 1040/1040 1048/1048 1051/1051
f 1045/1045 1052/1052 1046/1046
f 1049/1049 1052/1052 1045/1045
f 1049/1049 1054/1054 1052/1052
f 1054/1054 1055/1055 1052/1052
f 1048/1048 1056/1056 1051/1051
f 1056/1056 1048/1048 1057/1057
f 1055/1055 1046/1046 1052/1052
f 1055/1055 1058/1058 1046/1046
f 1059/1059 943/943 988/988
f 1059/1059 1060/1060 943/943
f 1060/1060 945/945 943/943
f 989/989 1059/1059 988/988
f 1061/1061 1059/1059 989/989
f 990/990 1061/1061 989/989
f 1059/1059 1061/1061 1062/1062
f 1060/1060 1059/1059 1062/1062
f 1061/1061 1063/1063 1062/1062
f 1061/1061 990/990 1063/1063
f 1064/1064 990/990 987/987
f 1063/1063 990/990 1064/1064
f 1065/1065 1064/1064 987/987
f 1060/1060 1062/1062 1066/1066
f 1066/1066 1062/1062 1067/1067
f 1063/1063 1067/1067 1062/1062
f 1064/1064 1068/1068 1063/1063
f 1068/1068 1067/1067 1063/1063
f 1025/1025 945/945 1060/1060
f 1069/1069 1025/1025 1060/1060
f 1029/1029 1022/1022 1024/1024
f 1025/1025 1069/1069 1030/1030
f 987/987 991/991 1065/1065
f 1070/1070 991/991 1026/1026
f 1068/1068 1064/1064 1065/1065
f 991/991 1070/1070 1065/1065
f 1066/1066 1069/1069 1060/1060
f 1026/1026 1028/1028 1070/1070
f 1069/1069 1071/1071 1030/1030
f 1072/1072 1073/1073 1066/1066
f 1069/1069 1066/1066 1071/1071
f 1073/1073 1071/1071 1066/1066
f 1071/1071 1032/1032 1030/1030
f 1028/1028 1074/1074 1075/1075
f 1076/1076 1068/1068 1065/1065
f 1067/1067 1068/1068 1077/1077
f 1068/1068 1076/1076 1077/1077
f 1066/1066 1067/1067 1072/1072
f 1072/1072 1067/1067 1077/1077
f 1078/1078 1077/1077 1076/1076
f 1077/1077 1078/1078 1072/1072
f 1078/1078 1076/1076 1065/1065
f 1079/1079 1072/1072 1078/1078
f 1070/1070 1075/1075 1065/1065
f 1070/1070 1028/1028 1075/1075
f 1080/1080 1078/1078 1065/1065
f 1079/1079 1078/1078 1080/1080
f 1081/1081 1072/1072 1079/1079
f 1072/1072 1081/1081 1073/1073
f 1079/1079 1080/1080 1082/1082
f 1079/1079 1082/1082 1081/1081
f 1082/1082 1080/1080 1065/1065
f 1074/1074 1028/1028 1040/1040
f 1071/1071 1083/1083 1032/1032
f 1083/1083 1036/1036 1032/1032
f 1036/1036 1083/1083 1084/1084
f 1084/1084 1050/1050 1036/1036
f 1073/1073 1083/1083 1071/1071
f 1073/1073 1085/1085 1083/1083
f 1086/1086 1081/1081 1082/1082
f 1082/1082 1065/1065 1087/1087
f 1081/1081 1086/1086 1088/1088
f 1088/1088 1085/1085 1073/1073
f 1088/1088 1073/1073 1081/1081
f 1086/1086 1087/1087 1088/1088
f 1086/1086 1082/1082 1087/1087
f 1075/1075 1089/1089 1065/1065
f 1085/1085 1084/1084 1083/1083
f 1091/1091 1085/1085 1088/1088
f 1089/1089 1075/1075 1074/1074
f 1087/1087 1065/1065 1092/1092
f 1092/1092 1065/1065 1089/1089
f 1090/1090 1088/1088 1087/1087
f 1085/1085 1093/1093 1084/1084
f 1091/1091 1093/1093 1085/1085
f 1094/1094 1093/1093 1091/1091
f 1095/1095 1090/1090 1087/1087
f 1095/1095 1087/1087 1092/1092
f 1095/1095 1096/1096 1090/1090
f 1090/1090 1096/1096 1094/1094
f 1096/1096 1095/1095 1092/1092
f 1097/1097 1096/1096 1092/1092
f 1098/1098 1094/1094 1096/1096
f 1099/1099 1092/1092 1089/1089
f 1074/1074 1040/1040 1051/1051
f 1089/1089 1074/1074 1051/1051
f 1089/1089 1051/1051 1056/1056
f 1100/1100 1084/1084 1093/1093
f 1094/1094 1101/1101 1093/1093
f 1098/1098 1101/1101 1094/1094
f 1097/1097 1098/1098 1096/1096
f 1099/1099 1097/1097 1092/1092
f 1050/1050 1100/1100 1053/1053
f 1100/1100 1102/1102 1053/1053
f 1054/1054 1103/1103 1055/1055
f 1056/1056 1057/1057 1104/1104
f 1103/1103 1106/1106 1055/1055
f 1050/1050 1084/1084 1100/1100
f 1107/1107 1089/1089 1056/1056
f 1101/1101 1100/1100 1093/1093
f 1101/1101 1108/1108 1100/1100
f 1089/1089 1107/1107 1099/1099
f 1109/1109 1101/1101 1098/1098
f 1097/1097 1110/1110 1098/1098
f 1110/1110 1097/1097 1099/1099
f 1110/1110 1109/1109 1098/1098
f 1107/1107 1056/1056 1104/1104
f 1101/1101 1109/1109 1108/1108
f 1111/1111 1102/1102 1100/1100
f 1108/1108 1111/1111 1100/1100
f 1112/1112 1110/1110 1099/1099
f 1112/1112 1099/1099 1113/1113
f 1107/1107 1113/1113 1099/1099
f 1109/1109 1114/1114 1108/1108
f 1110/1110 1114/1114 1109/1109
f 1115/1115 1114/1114 1110/1110
f 1115/1115 1110/1110 1112/1112
f 1112/1112 1113/1113 1115/1115
f 1105/1105 1102/1102 1111/1111
f 1116/1116 1111/1111 1108/1108
f 1114/1114 1116/1116 1108/1108
f 1107/1107 1104/1104 1117/1117
f 1117/1117 1113/1113 1107/1107
f 1118/1118 1114/1114 1115/1115
f 1118/1118 1115/1115 1113/1113
f 992/992 259/259 257/257
f 1119/1119 954/954 244/244
f 992/992 997/997 1003/1003
f 1120/1120 992/992 1003/1003
f 992/992 1120/1120 1121/1121
f 259/259 1121/1121 559/559
f 992/992 1121/1121 259/259
f 1119/1119 1007/1007 954/954
f 1120/1120 1122/1122 1121/1121
f 1122/1122 1120/1120 1123/1123
f 1124/1124 1013/1013 1014/1014
f 1125/1125 1003/1003 1013/1013
f 1003/1003 1125/1125 1120/1120
f 1007/1007 1119/1119 1126/1126
f 1125/1125 1013/1013 1124/1124
f 1014/1014 1127/1127 1124/1124
f 1128/1128 1127/1127 1014/1014
f 1020/1020 1128/1128 1014/1014
f 1120/1120 1125/1125 1129/1129
f 559/559 1121/1121 1122/1122
f 560/560 559/559 1130/1130
f 244/244 561/561 1119/1119
f 1119/1119 561/561 1126/1126
f 1130/1130 559/559 1122/1122
f 1012/1012 1007/1007 1131/1131
f 1038/1038 1012/1012 1132/1132
f 1132/1132 1041/1041 1038/1038
f 1133/1133 1125/1125 1124/1124
f 1124/1124 1127/1127 1133/1133
f 1134/1134 1127/1127 1128/1128
f 1128/1128 1020/1020 1134/1134
f 1135/1135 1020/1020 1042/1042
f 1125/1125 1133/1133 1129/1129
f 1136/1136 1133/1133 1127/1127
f 1126/1126 1131/1131 1007/1007
f 1044/1044 1135/1135 1042/1042
f 1021/1021 1047/1047 1044/1044
f 1123/1123 1120/1120 1129/1129
f 1135/1135 1137/1137 1020/1020
f 1137/1137 1134/1134 1020/1020
f 1127/1127 1134/1134 1136/1136
f 1138/1138 1137/1137 1135/1135
f 1135/1135 1139/1139 1138/1138
f 1140/1140 1044/1044 1047/1047
f 1140/1140 1139/1139 1044/1044
f 1044/1044 1139/1139 1135/1135
f 1141/1141 1138/1138 1139/1139
f 1139/1139 1140/1140 1141/1141
f 1142/1142 1133/1133 1136/1136
f 1133/1133 1142/1142 1129/1129
f 1143/1143 1134/1134 1137/1137
f 1144/1144 1142/1142 1136/1136
f 1134/1134 1144/1144 1136/1136
f 1143/1143 1144/1144 1134/1134
f 1138/1138 1143/1143 1137/1137
f 1144/1144 1145/1145 1142/1142
f 1144/1144 1146/1146 1145/1145
f 1122/1122 1123/1123 1147/1147
f 1122/1122 1147/1147 1130/1130
f 1130/1130 1147/1147 1148/1148
f 1149/1149 1123/1123 1129/1129
f 1145/1145 1149/1149 1129/1129
f 1147/1147 1123/1123 1149/1149
f 1129/1129 1142/1142 1145/1145
f 1150/1150 1144/1144 1143/1143
f 1146/1146 1144/1144 1150/1150
f 1150/1150 1143/1143 1151/1151
f 1143/1143 1138/1138 1151/1151
f 1138/1138 1141/1141 1151/1151
f 1151/1151 1141/1141 1152/1152
f 1141/1141 1140/1140 1153/1153
f 1153/1153 1154/1154 1141/1141
f 1155/1155 1154/1154 1153/1153
f 1156/1156 1157/1157 1158/1158
f 1159/1159 1157/1157 1156/1156
f 1159/1159 1156/1156 1160/1160
f 1161/1161 1159/1159 1160/1160
f 1146/1146 1162/1162 1145/1145
f 1145/1145 1162/1162 1149/1149
f 1158/1158 1149/1149 1162/1162
f 1151/1151 1163/1163 1150/1150
f 1160/1160 1146/1146 1150/1150
f 1160/1160 1162/1162 1146/1146
f 1156/1156 1162/1162 1160/1160
f 1156/1156 1158/1158 1162/1162
f 1158/1158 1147/1147 1149/1149
f 1164/1164 1163/1163 1151/1151
f 1164/1164 1151/1151 1152/1152
f 1163/1163 1160/1160 1150/1150
f 1165/1165 1161/1161 1163/1163
f 1166/1166 1164/1164 1152/1152
f 1163/1163 1164/1164 1165/1165
f 1167/1167 1165/1165 1164/1164
f 1166/1166 1167/1167 1164/1164
f 1141/1141 1154/1154 1152/1152
f 1154/1154 1168/1168 1152/1152
f 1168/1168 1166/1166 1152/1152
f 1160/1160 1163/1163 1161/1161
f 1169/1169 1167/1167 1166/1166
f 1169/1169 1166/1166 1168/1168
f 1170/1170 1131/1131 1126/1126
f 1131/1131 1132/1132 1012/1012
f 1171/1171 1041/1041 1132/1132
f 1171/1171 1048/1048 1041/1041
f 1058/1058 1140/1140 1047/1047
f 1058/1058 1047/1047 1046/1046
f 1131/1131 1172/1172 1132/1132
f 1171/1171 1132/1132 1172/1172
f 1057/1057 1048/1048 1171/1171
f 1140/1140 1058/1058 1173/1173
f 1153/1153 1140/1140 1173/1173
f 1172/1172 1057/1057 1171/1171
f 1174/1174 1057/1057 1172/1172
f 1175/1175 1173/1173 1058/1058
f 1173/1173 1155/1155 1153/1153
f 1173/1173 1176/1176 1155/1155
f 1176/1176 1173/1173 1175/1175
f 1175/1175 1058/1058 1055/1055
f 1057/1057 1174/1174 1177/1177
f 1178/1178 1172/1172 1131/1131
f 1172/1172 1178/1178 1174/1174
f 1168/1168 1154/1154 1155/1155
f 1179/1179 1180/1180 1174/1174
f 1170/1170 1178/1178 1131/1131
f 1170/1170 1181/1181 1178/1178
f 1179/1179 1178/1178 1181/1181
f 1179/1179 1174/1174 1178/1178
f 1180/1180 1177/1177 1174/1174
f 1130/1130 562/562 560/560
f 1130/1130 565/565 562/562
f 1147/1147 1158/1158 1148/1148
f 1148/1148 565/565 1130/1130
f 565/565 1148/1148 567/567
f 1148/1148 1158/1158 1182/1182
f 1158/1158 1157/1157 1182/1182
f 1183/1183 1182/1182 1157/1157
f 1159/1159 1183/1183 1157/1157
f 1182/1182 567/567 1148/1148
f 1126/1126 561/561 1170/1170
f 1184/1184 1182/1182 1183/1183
f 567/567 1182/1182 1184/1184
f 1185/1185 561/561 642/642
f 567/567 1184/1184 569/569
f 1104/1104 1057/1057 1177/1177
f 1106/1106 1175/1175 1055/1055
f 1104/1104 1177/1177 1186/1186
f 1114/1114 1187/1187 1116/1116
f 1188/1188 1105/1105 1111/1111
f 1116/1116 1188/1188 1111/1111
f 1189/1189 1116/1116 1187/1187
f 1187/1187 1114/1114 1118/1118
f 1118/1118 1190/1190 1187/1187
f 1118/1118 1113/1113 1191/1191
f 1191/1191 1190/1190 1118/1118
f 1192/1192 1161/1161 1165/1165
f 1193/1193 1161/1161 1192/1192
f 1194/1194 1168/1168 1195/1195
f 1192/1192 1165/1165 1167/1167
f 1169/1169 1192/1192 1167/1167
f 1169/1169 1168/1168 1194/1194
f 1169/1169 1196/1196 1192/1192
f 1197/1197 1169/1169 1194/1194
f 1198/1198 1197/1197 1194/1194
f 1195/1195 1168/1168 1155/1155
f 1195/1195 1155/1155 1176/1176
f 1199/1199 1195/1195 1176/1176
f 1200/1200 1179/1179 1181/1181
f 1198/1198 1194/1194 1195/1195
f 1195/1195 1199/1199 1198/1198
f 1201/1201 1198/1198 1199/1199
f 1199/1199 1176/1176 1202/1202
f 1200/1200 1203/1203 1179/1179
f 1204/1204 1199/1199 1202/1202
f 1204/1204 1201/1201 1199/1199
f 1205/1205 1201/1201 1204/1204
f 1206/1206 1193/1193 1192/1192
f 1207/1207 1183/1183 1159/1159
f 1161/1161 1208/1208 1159/1159
f 1208/1208 1161/1161 1193/1193
f 1207/1207 1159/1159 1208/1208
f 1209/1209 1208/1208 1193/1193
f 1209/1209 1210/1210 1208/1208
f 1193/1193 1206/1206 1209/1209
f 1211/1211 1209/1209 1206/1206
f 1183/1183 574/574 1184/1184
f 1207/1207 574/574 1183/1183
f 1208/1208 574/574 1207/1207
f 1210/1210 1212/1212 1208/1208
f 1213/1213 1210/1210 1209/1209
f 1211/1211 1213/1213 1209/1209
f 1214/1214 1213/1213 1211/1211
f 1213/1213 1215/1215 1210/1210
f 1213/1213 1214/1214 1216/1216
f 1213/1213 1216/1216 1215/1215
f 1192/1192 1196/1196 1206/1206
f 1206/1206 1196/1196 1211/1211
f 1197/1197 1196/1196 1169/1169
f 1196/1196 1197/1197 1211/1211
f 1217/1217 1181/1181 1170/1170
f 1218/1218 1181/1181 1217/1217
f 1198/1198 1219/1219 1197/1197
f 1218/1218 1217/1217 1220/1220
f 1197/1197 1214/1214 1211/1211
f 1170/1170 1221/1221 1217/1217
f 1220/1220 1217/1217 1221/1221
f 1222/1222 1214/1214 1197/1197
f 1219/1219 1222/1222 1197/1197
f 1222/1222 1216/1216 1214/1214
f 571/571 569/569 1184/1184
f 571/571 1184/1184 574/574
f 575/575 1208/1208 1212/1212
f 574/574 1208/1208 575/575
f 1223/1223 1185/1185 1225/1225
f 1223/1223 1225/1225 1227/1227
f 1228/1228 1212/1212 1215/1215
f 575/575 1212/1212 577/577
f 579/579 577/577 1212/1212
f 1212/1212 1228/1228 579/579
f 1215/1215 1212/1212 1210/1210
f 1216/1216 1228/1228 1215/1215
f 1229/1229 1228/1228 1216/1216
f 582/582 579/579 1228/1228
f 582/582 580/580 579/579
f 582/582 1228/1228 1230/1230
f 1230/1230 581/581 582/582
f 1229/1229 1230/1230 1228/1228
f 1231/1231 1230/1230 1229/1229
f 1231/1231 1232/1232 1230/1230
f 1170/1170 561/561 1185/1185
f 1221/1221 1170/1170 1185/1185
f 1220/1220 1221/1221 1233/1233
f 1221/1221 1185/1185 1223/1223
f 1223/1223 1227/1227 1221/1221
f 1227/1227 1233/1233 1221/1221
f 1216/1216 1235/1235 1229/1229
f 1222/1222 1235/1235 1216/1216
f 1236/1236 1234/1234 1226/1226
f 1236/1236 1226/1226 1237/1237
f 1235/1235 1231/1231 1229/1229
f 1238/1238 1231/1231 1235/1235
f 1239/1239 1235/1235 1222/1222
f 1235/1235 1239/1239 1238/1238
f 1238/1238 1232/1232 1231/1231
f 1181/1181 1218/1218 1200/1200
f 1198/1198 1201/1201 1219/1219
f 1240/1240 1219/1219 1201/1201
f 1218/1218 1220/1220 1241/1241
f 1241/1241 1220/1220 1233/1233
f 1240/1240 1222/1222 1219/1219
f 1239/1239 1222/1222 1240/1240
f 1239/1239 1240/1240 1243/1243
f 1218/1218 1203/1203 1200/1200
f 1240/1240 1201/1201 1205/1205
f 1205/1205 1244/1244 1240/1240
f 1244/1244 1243/1243 1240/1240
f 1241/1241 1246/1246 1218/1218
f 1247/1247 1243/1243 1244/1244
f 1236/1236 1242/1242 1234/1234
f 1248/1248 1238/1238 1239/1239
f 1243/1243 1248/1248 1239/1239
f 1249/1249 1238/1238 1248/1248
f 1250/1250 1249/1249 1248/1248
f 1251/1251 1242/1242 1236/1236
f 1250/1250 1248/1248 1243/1243
f 1236/1236 1252/1252 1251/1251
f 1253/1253 1243/1243 1247/1247
f 1254/1254 1253/1253 1247/1247
f 1253/1253 1250/1250 1243/1243
f 1254/1254 1255/1255 1253/1253
f 1254/1254 1256/1256 1255/1255
f 1250/1250 1253/1253 1257/1257
f 1257/1257 1249/1249 1250/1250
f 1257/1257 1258/1258 1249/1249
f 1257/1257 1259/1259 1260/1260
f 1259/1259 1257/1257 1253/1253
f 1261/1261 1251/1251 1252/1252
f 1261/1261 1262/1262 1263/1263
f 1259/1259 1253/1253 1255/1255
f 1264/1264 1259/1259 1255/1255
f 1264/1264 1255/1255 1265/1265
f 1266/1266 1264/1264 1265/1265
f 1263/1263 1262/1262 1266/1266
f 1267/1267 1260/1260 1259/1259
f 1267/1267 1259/1259 1264/1264
f 1266/1266 1267/1267 1264/1264
f 1268/1268 1105/1105 1188/1188
f 1176/1176 1175/1175 1106/1106
f 1177/1177 1180/1180 1186/1186
f 1269/1269 1270/1270 1106/1106
f 1272/1272 1270/1270 1269/1269
f 1176/1176 1106/1106 1270/1270
f 1270/1270 1202/1202 1176/1176
f 1180/1180 1273/1273 1186/1186
f 1272/1272 1202/1202 1270/1270
f 1272/1272 1274/1274 1202/1202
f 1117/1117 1104/1104 1186/1186
f 1117/1117 1186/1186 1275/1275
f 1116/1116 1268/1268 1188/1188
f 1117/1117 1275/1275 1113/1113
f 1190/1190 1189/1189 1187/1187
f 1116/1116 1189/1189 1268/1268
f 1276/1276 1189/1189 1190/1190
f 1277/1277 1276/1276 1190/1190
f 1189/1189 1278/1278 1268/1268
f 1276/1276 1278/1278 1189/1189
f 1113/1113 1279/1279 1191/1191
f 1275/1275 1279/1279 1113/1113
f 1191/1191 1277/1277 1190/1190
f 1273/1273 1279/1279 1275/1275
f 1277/1277 1191/1191 1279/1279
f 1275/1275 1186/1186 1273/1273
f 1278/1278 1271/1271 1268/1268
f 1276/1276 1277/1277 1280/1280
f 1277/1277 1279/1279 1280/1280
f 1273/1273 1180/1180 1179/1179
f 1276/1276 1281/1281 1278/1278
f 1280/1280 1281/1281 1276/1276
f 1282/1282 1274/1274 1272/1272
f 1271/1271 1278/1278 1283/1283
f 1281/1281 1283/1283 1278/1278
f 1284/1284 1280/1280 1279/1279
f 1281/1281 1280/1280 1284/1284
f 1281/1281 1285/1285 1283/1283
f 1202/1202 1287/1287 1204/1204
f 1273/1273 1179/1179 1288/1288
f 1202/1202 1274/1274 1287/1287
f 1289/1289 1287/1287 1274/1274
f 1288/1288 1179/1179 1203/1203
f 1287/1287 1205/1205 1204/1204
f 1287/1287 1290/1290 1205/1205
f 1287/1287 1289/1289 1290/1290
f 1291/1291 1292/1292 1289/1289
f 1292/1292 1291/1291 1293/1293
f 1294/1294 1293/1293 1291/1291
f 1292/1292 1290/1290 1289/1289
f 1294/1294 1295/1295 1293/1293
f 1296/1296 1279/1279 1273/1273
f 1284/1284 1279/1279 1296/1296
f 1281/1281 1284/1284 1285/1285
f 1297/1297 1284/1284 1296/1296
f 1288/1288 1296/1296 1273/1273
f 1282/1282 1289/1289 1274/1274
f 1291/1291 1289/1289 1282/1282
f 1291/1291 1282/1282 1286/1286
f 1297/1297 1285/1285 1284/1284
f 1299/1299 1291/1291 1286/1286
f 1299/1299 1286/1286 1298/1298
f 1300/1300 1296/1296 1288/1288
f 1299/1299 1294/1294 1291/1291
f 1299/1299 1298/1298 1294/1294
f 1297/1297 1296/1296 1300/1300
f 1302/1302 1298/1298 1301/1301
f 1298/1298 1302/1302 1294/1294
f 1303/1303 1244/1244 1205/1205
f 1290/1290 1303/1303 1205/1205
f 1292/1292 1303/1303 1290/1290
f 1247/1247 1244/1244 1303/1303
f 1304/1304 1292/1292 1305/1305
f 1304/1304 1303/1303 1292/1292
f 1304/1304 1247/1247 1303/1303
f 1288/1288 1203/1203 1246/1246
f 1293/1293 1305/1305 1292/1292
f 1295/1295 1305/1305 1293/1293
f 1302/1302 1295/1295 1294/1294
f 1288/1288 1246/1246 1300/1300
f 1302/1302 1306/1306 1295/1295
f 1301/1301 1307/1307 1302/1302
f 1295/1295 1306/1306 1305/1305
f 1306/1306 1302/1302 1307/1307
f 1203/1203 1218/1218 1246/1246
f 1251/1251 1245/1245 1242/1242
f 1245/1245 1251/1251 1308/1308
f 1245/1245 1308/1308 1301/1301
f 1301/1301 1308/1308 1307/1307
f 1309/1309 1304/1304 1305/1305
f 1305/1305 1306/1306 1309/1309
f 1304/1304 1254/1254 1247/1247
f 1304/1304 1309/1309 1254/1254
f 1254/1254 1309/1309 1256/1256
f 1310/1310 1256/1256 1309/1309
f 1306/1306 1310/1310 1309/1309
f 1306/1306 1307/1307 1263/1263
f 1256/1256 1265/1265 1255/1255
f 1256/1256 1310/1310 1265/1265
f 1308/1308 1263/1263 1307/1307
f 1310/1310 1306/1306 1263/1263
f 1251/1251 1261/1261 1308/1308
f 1263/1263 1308/1308 1261/1261
f 1310/1310 1266/1266 1265/1265
f 1263/1263 1266/1266 1310/1310
f 1225/1225 1185/1185 642/642
f 1225/1225 642/642 827/827
f 827/827 825/825 1225/1225
f 581/581 1230/1230 809/809
f 1230/1230 1232/1232 809/809
f 1224/1224 1311/1311 1226/1226
f 826/826 1312/1312 1313/1313
f 810/810 1314/1314 814/814
f 1314/1314 833/833 814/814
f 826/826 1311/1311 1224/1224
f 826/826 1313/1313 1311/1311
f 1226/1226 1311/1311 1237/1237
f 1313/1313 1237/1237 1311/1311
f 830/830 1312/1312 826/826
f 832/832 1312/1312 830/830
f 809/809 1314/1314 810/810
f 1232/1232 1314/1314 809/809
f 1315/1315 1314/1314 1232/1232
f 1316/1316 833/833 1314/1314
f 1315/1315 1232/1232 1238/1238
f 1316/1316 1314/1314 1315/1315
f 1238/1238 1249/1249 1315/1315
f 1315/1315 1249/1249 1317/1317
f 1315/1315 1317/1317 1316/1316
f 1317/1317 1318/1318 1316/1316
f 831/831 833/833 1319/1319
f 1316/1316 1319/1319 833/833
f 1319/1319 834/834 831/831
f 1320/1320 834/834 1319/1319
f 1312/1312 1321/1321 1313/1313
f 1312/1312 832/832 1321/1321
f 1316/1316 1318/1318 1319/1319
f 1317/1317 1322/1322 1318/1318
f 1319/1319 1318/1318 1320/1320
f 1320/1320 1318/1318 1323/1323
f 1323/1323 1318/1318 1322/1322
f 1322/1322 1324/1324 1323/1323
f 1237/1237 1252/1252 1236/1236
f 1325/1325 1237/1237 1313/1313
f 1325/1325 1313/1313 1321/1321
f 840/840 1326/1326 701/701
f 1327/1327 840/840 841/841
f 1327/1327 1326/1326 840/840
f 1320/1320 835/835 834/834
f 835/835 1320/1320 838/838
f 701/701 1326/1326 832/832
f 1328/1328 832/832 1326/1326
f 1329/1329 1320/1320 1330/1330
f 1329/1329 838/838 1320/1320
f 1320/1320 1323/1323 1330/1330
f 1328/1328 1321/1321 832/832
f 1331/1331 1329/1329 1330/1330
f 1328/1328 1332/1332 1321/1321
f 1333/1333 838/838 1329/1329
f 1333/1333 1329/1329 1331/1331
f 1334/1334 1335/1335 1331/1331
f 1332/1332 1328/1328 1326/1326
f 1332/1332 1326/1326 1336/1336
f 1332/1332 1336/1336 1337/1337
f 1334/1334 1331/1331 1338/1338
f 1334/1334 1338/1338 1339/1339
f 1334/1334 1339/1339 1340/1340
f 1341/1341 1332/1332 1337/1337
f 1339/1339 1341/1341 1337/1337
f 1339/1339 1337/1337 1340/1340
f 843/843 838/838 1333/1333
f 1342/1342 1343/1343 1333/1333
f 1335/1335 1343/1343 1342/1342
f 843/843 1344/1344 842/842
f 850/850 842/842 1344/1344
f 850/850 1344/1344 852/852
f 1343/1343 852/852 1344/1344
f 1345/1345 852/852 1343/1343
f 843/843 1333/1333 1344/1344
f 1343/1343 1344/1344 1333/1333
f 1326/1326 1327/1327 1336/1336
f 1327/1327 847/847 1336/1336
f 847/847 1346/1346 1336/1336
f 847/847 1347/1347 1346/1346
f 1346/1346 1347/1347 1348/1348
f 1348/1348 1345/1345 1349/1349
f 1346/1346 1348/1348 1349/1349
f 1349/1349 1343/1343 1350/1350
f 1346/1346 1351/1351 1336/1336
f 1351/1351 1346/1346 1350/1350
f 1350/1350 1343/1343 1335/1335
f 1349/1349 1345/1345 1343/1343
f 1350/1350 1346/1346 1349/1349
f 1352/1352 1350/1350 1335/1335
f 1342/1342 1333/1333 1331/1331
f 1335/1335 1342/1342 1331/1331
f 1337/1337 1351/1351 1340/1340
f 1352/1352 1340/1340 1351/1351
f 1335/1335 1340/1340 1352/1352
f 1352/1352 1351/1351 1350/1350
f 1340/1340 1335/1335 1334/1334
f 1351/1351 1337/1337 1336/1336
f 1353/1353 1321/1321 1332/1332
f 1353/1353 1332/1332 1341/1341
f 1323/1323 1324/1324 1330/1330
f 1354/1354 1322/1322 1317/1317
f 1249/1249 1258/1258 1317/1317
f 1354/1354 1317/1317 1258/1258
f 1355/1355 1354/1354 1258/1258
f 1356/1356 1354/1354 1355/1355
f 1260/1260 1258/1258 1257/1257
f 1260/1260 1267/1267 1357/1357
f 1260/1260 1355/1355 1258/1258
f 1260/1260 1357/1357 1356/1356
f 1358/1358 1356/1356 1357/1357
f 1252/1252 1359/1359 1261/1261
f 1266/1266 1358/1358 1267/1267
f 1360/1360 1262/1262 1261/1261
f 1358/1358 1357/1357 1267/1267
f 1360/1360 1358/1358 1266/1266
f 1262/1262 1360/1360 1266/1266
f 1325/1325 1252/1252 1237/1237
f 1359/1359 1252/1252 1325/1325
f 1355/1355 1260/1260 1356/1356
f 1356/1356 1358/1358 1361/1361
f 1360/1360 1361/1361 1358/1358
f 1359/1359 1360/1360 1261/1261
f 1359/1359 1362/1362 1360/1360
f 1360/1360 1362/1362 1361/1361
f 1356/1356 1361/1361 1363/1363
f 1362/1362 1363/1363 1361/1361
f 1322/1322 1354/1354 1324/1324
f 1324/1324 1354/1354 1364/1364
f 1365/1365 1359/1359 1353/1353
f 1353/1353 1359/1359 1325/1325
f 1366/1366 1354/1354 1356/1356
f 1366/1366 1356/1356 1363/1363
f 1366/1366 1363/1363 1367/1367
f 1365/1365 1367/1367 1363/1363
f 1366/1366 1364/1364 1354/1354
f 1364/1364 1366/1366 1368/1368
f 1367/1367 1368/1368 1366/1366
f 1364/1364 1330/1330 1324/1324
f 1369/1369 1330/1330 1364/1364
f 1338/1338 1330/1330 1369/1369
f 1364/1364 1368/1368 1369/1369
f 1370/1370 1369/1369 1368/1368
f 1371/1371 1372/1372 1370/1370
f 1372/1372 1369/1369 1370/1370
f 1353/1353 1325/1325 1321/1321
f 1371/1371 1370/1370 1367/1367
f 1365/1365 1371/1371 1367/1367
f 1365/1365 1353/1353 1371/1371
f 1367/1367 1370/1370 1368/1368
f 1363/1363 1362/1362 1365/1365
f 1362/1362 1359/1359 1365/1365
f 1338/1338 1331/1331 1330/1330
f 1339/1339 1338/1338 1372/1372
f 1341/1341 1339/1339 1372/1372
f 1341/1341 1372/1372 1371/1371
f 1372/1372 1338/1338 1369/1369
f 1371/1371 1353/1353 1341/1341
f 847/847 1327/1327 841/841
f 849/849 1347/1347 847/847
f 849/849 854/854 1347/1347
f 852/852 1345/1345 853/853
f 854/854 853/853 1345/1345
f 1348/1348 1347/1347 854/854
f 1348/1348 854/854 1345/1345
