# generated by mjlab asset_pipeline; 12000 faces
mtllib cube_vis.mtl
v 0.008050 -0.015370 -0.022438
v 0.006901 -0.015511 -0.022341
v 0.020182 -0.008984 -0.022566
v 0.019646 -0.010611 -0.022553
v 0.014951 -0.010206 -0.022511
v 0.016882 -0.020892 -0.022532
v 0.016039 -0.021520 -0.022347
v 0.005701 -0.014084 -0.022468
v 0.006933 -0.012801 -0.022333
v 0.014241 -0.020951 -0.022489
v 0.015224 -0.008853 -0.022513
v 0.018947 -0.019327 -0.022558
v 0.007500 -0.002961 -0.022301
v 0.007944 -0.003643 -0.022361
v 0.007899 -0.004619 -0.022359
v 0.007899 -0.004619 -0.022359
v 0.007124 -0.004588 -0.022088
v 0.007122 -0.004588 -0.022092
v 0.004501 -0.016532 -0.022441
v 0.000025 -0.017630 -0.022348
v 0.006923 -0.003330 -0.022260
v 0.007360 -0.001313 -0.022264
v 0.010194 -0.003282 -0.022398
v 0.009951 -0.006098 -0.022395
v 0.012610 -0.020751 -0.022475
v 0.006190 -0.003034 -0.022385
v 0.012488 -0.021447 -0.022287
v 0.006792 -0.001123 -0.022323
v 0.013415 -0.016964 -0.022458
v 0.008281 0.002744 -0.022365
v 0.007286 0.000131 -0.022249
v 0.010123 -0.020553 -0.022447
v 0.011289 -0.021145 -0.022388
v 0.009532 -0.021249 -0.022315
v 0.004107 -0.012091 -0.022425
v 0.019562 -0.007660 -0.022432
v 0.020516 -0.007813 -0.022369
v 0.020043 -0.006721 -0.022478
v 0.008240 -0.021192 -0.022328
v 0.006145 -0.011784 -0.022443
v 0.007739 -0.020469 -0.022415
v 0.012119 0.001432 -0.022387
v 0.008080 -0.018434 -0.022438
v 0.008025 -0.012426 -0.022418
v 0.006791 -0.011349 -0.022327
v 0.007302 -0.011014 -0.022305
v -0.002466 -0.020581 -0.022325
v -0.002712 -0.021278 -0.022106
v 0.005773 -0.010337 -0.022455
v 0.010134 -0.010740 -0.022440
v -0.004559 -0.018793 -0.022268
v 0.009123 -0.017098 -0.022445
v -0.004459 -0.020622 -0.022260
v -0.005504 -0.020882 -0.022175
v -0.005683 -0.020270 -0.022256
v 0.007081 -0.016758 -0.022368
v -0.007017 -0.015995 -0.022201
v -0.011677 -0.021012 -0.021894
v -0.012827 -0.020497 -0.022009
v -0.011000 -0.020340 -0.022069
v -0.012229 -0.017992 -0.022051
v -0.006789 -0.020590 -0.022215
v -0.008275 -0.020930 -0.021886
v -0.008149 -0.020487 -0.022013
v -0.007572 -0.021092 -0.021981
v -0.008271 -0.021498 -0.021515
v -0.009260 -0.020484 -0.022106
v -0.007265 -0.019477 -0.022213
v -0.005242 -0.011652 -0.022228
v -0.001965 -0.010451 -0.022292
v 0.012303 -0.008802 -0.022470
v 0.019470 -0.021067 -0.022559
v 0.020094 -0.019738 -0.022534
v 0.020005 -0.018352 -0.022552
v -0.009336 -0.017457 -0.022126
v -0.008158 -0.016810 -0.022049
v 0.008076 -0.009991 -0.022380
v -0.009390 -0.021103 -0.021925
v -0.007098 -0.011522 -0.022173
v 0.009086 -0.009040 -0.022391
v 0.020535 -0.016476 -0.022408
v 0.008742 -0.008725 -0.022246
v 0.010204 -0.008477 -0.022421
v 0.010894 -0.007717 -0.022333
v 0.010099 -0.007538 -0.022179
v 0.011063 -0.007069 -0.022358
v 0.009432 -0.006854 -0.022320
v 0.009432 -0.006854 -0.022320
v -0.003804 -0.008391 -0.022247
v 0.009429 -0.007568 -0.021930
v 0.017247 -0.015045 -0.022508
v 0.019892 -0.015398 -0.022542
v 0.006812 -0.020772 -0.022322
v 0.006901 -0.021216 -0.022169
v 0.006965 -0.019794 -0.022370
v 0.006217 -0.020547 -0.022429
v 0.014171 -0.006490 -0.022426
v 0.005572 -0.019542 -0.022489
v 0.005653 -0.021259 -0.022332
v 0.005282 -0.020748 -0.022466
v 0.003069 -0.019237 -0.022421
v 0.016661 -0.005652 -0.022460
v 0.019929 -0.014162 -0.022556
v 0.020033 -0.012885 -0.022529
v 0.020469 -0.013518 -0.022452
v 0.020705 -0.012045 -0.022406
v 0.004306 -0.008835 -0.022425
v 0.006158 -0.016837 -0.022429
v 0.002847 -0.008406 -0.022386
v 0.000787 -0.020701 -0.022371
v 0.015009 -0.012831 -0.022489
v 0.013619 -0.005165 -0.022429
v 0.002533 -0.007456 -0.022277
v 0.002533 -0.007456 -0.022277
v 0.001355 -0.007366 -0.022272
v 0.001355 -0.007366 -0.022272
v 0.000297 -0.007339 -0.022251
v 0.000297 -0.007339 -0.022251
v -0.000443 -0.020508 -0.022351
v -0.000124 -0.021238 -0.022173
v 0.008504 -0.005936 -0.022293
v 0.008504 -0.005936 -0.022293
v 0.008801 -0.006496 -0.022185
v 0.006559 -0.004932 -0.022238
v 0.006436 -0.004184 -0.022326
v 0.005417 -0.005270 -0.022380
v 0.007159 -0.009973 -0.022086
v 0.006839 -0.009943 -0.022017
v 0.006429 -0.010141 -0.022331
v 0.004863 -0.002739 -0.022410
v 0.005221 -0.009032 -0.022383
v 0.004536 -0.007932 -0.022209
v 0.003982 -0.007900 -0.022301
v 0.004128 -0.007481 -0.022135
v 0.004128 -0.007481 -0.022135
v 0.003402 -0.007327 -0.022243
v 0.003402 -0.007327 -0.022243
v 0.003944 -0.006580 -0.022354
v 0.004993 -0.006595 -0.022213
v 0.004779 -0.007246 -0.021657
v 0.004779 -0.007246 -0.021657
v 0.020025 -0.011699 -0.022552
v 0.001378 -0.006189 -0.022363
v 0.005745 -0.005760 -0.022270
v 0.005603 -0.006213 -0.022110
v 0.020449 -0.010336 -0.022494
v 0.019129 -0.021605 -0.022378
v 0.020053 -0.021324 -0.022486
v 0.020170 -0.021712 -0.022285
v 0.020547 -0.021089 -0.022362
v 0.020998 -0.021582 -0.021908
v 0.021412 -0.021210 -0.021468
v 0.020973 -0.019944 -0.022159
v 0.019928 -0.022604 -0.019702
v 0.019880 -0.022525 -0.021217
v 0.020641 -0.022441 -0.021162
v 0.021036 -0.022040 -0.021424
v 0.020160 -0.022364 -0.021684
v 0.021354 -0.021630 -0.021210
v 0.021185 -0.022124 -0.020516
v 0.021566 -0.020981 -0.020806
v 0.021422 -0.021817 -0.020048
v 0.017805 -0.022363 -0.021628
v 0.018604 -0.021925 -0.022157
v 0.021019 -0.022277 -0.017369
v 0.020931 -0.022417 -0.016238
v 0.020702 -0.022461 -0.017394
v 0.021247 -0.022126 -0.016209
v 0.021348 -0.021820 -0.017511
v 0.019850 -0.022557 -0.014298
v -0.009851 -0.022030 -0.020513
v -0.008200 -0.021974 -0.020323
v 0.021433 -0.018858 -0.021452
v 0.021098 -0.022268 -0.015135
v -0.008493 -0.021982 -0.016948
v -0.006554 -0.022109 -0.018951
v 0.021351 -0.021894 -0.014863
v 0.021640 -0.021112 -0.016017
v 0.021609 -0.021241 -0.019755
v 0.020725 -0.022432 -0.014926
v 0.021567 -0.019315 -0.020862
v -0.008093 -0.021834 -0.021109
v 0.020822 -0.022389 -0.013464
v 0.021239 -0.022000 -0.013819
v 0.021650 -0.020938 -0.014441
v 0.021662 -0.020959 -0.013282
v 0.019299 -0.022581 -0.018255
v 0.019929 -0.022628 -0.018219
v 0.021209 -0.022154 -0.019505
v 0.020786 -0.022382 -0.018891
v 0.021245 -0.022079 -0.018442
v 0.021432 -0.021836 -0.018977
v 0.018144 -0.022543 -0.020844
v -0.006399 -0.022114 -0.013975
v -0.006601 -0.022124 -0.011668
v 0.018851 -0.022507 -0.014322
v -0.006488 -0.022098 -0.016203
v 0.021599 -0.021015 -0.018034
v 0.021656 -0.017548 -0.015238
v 0.021619 -0.016317 -0.020934
v 0.018667 -0.022490 -0.011776
v 0.019991 -0.022535 -0.011006
v 0.021387 -0.021856 -0.012841
v 0.020819 -0.022397 -0.011552
v -0.006096 -0.022140 -0.009718
v 0.021682 -0.020882 -0.012281
v -0.009546 -0.022020 -0.015151
v -0.009643 -0.021998 -0.012559
v -0.008239 -0.021961 -0.012584
v -0.009137 -0.021991 -0.010750
v 0.021099 -0.022192 -0.011740
v 0.021460 -0.021582 -0.011361
v 0.021148 -0.022170 -0.010148
v 0.016327 -0.022142 -0.021878
v -0.008269 -0.021929 -0.010881
v 0.014712 -0.022432 -0.012988
v 0.016087 -0.022412 -0.021356
v 0.015665 -0.022496 -0.020809
v 0.014002 -0.021627 -0.022247
v 0.015622 -0.021871 -0.022105
v 0.015045 -0.022348 -0.021516
v 0.014388 -0.022159 -0.021788
v -0.013470 -0.021966 -0.020433
v -0.014834 -0.021952 -0.020555
v 0.013627 -0.022437 -0.021162
v 0.001960 -0.022231 -0.018570
v -0.000173 -0.022162 -0.014760
v -0.001620 -0.022181 -0.020009
v 0.013031 -0.022453 -0.019163
v 0.005269 -0.022276 -0.017237
v 0.012184 -0.022242 -0.021547
v 0.011887 -0.022429 -0.021031
v 0.010537 -0.021625 -0.022124
v -0.020422 -0.021881 -0.013811
v 0.021789 -0.020858 -0.009061
v 0.006005 -0.009345 -0.022262
v 0.021583 -0.021316 -0.009950
v 0.007051 -0.009578 -0.021525
v 0.006586 -0.009524 -0.021577
v 0.007662 -0.009444 -0.022129
v 0.007832 -0.009173 -0.021822
v 0.007832 -0.009173 -0.021822
v 0.007963 -0.008853 -0.019967
v 0.007963 -0.008853 -0.019967
v 0.021764 -0.019527 -0.009413
v 0.007160 -0.009263 -0.020224
v 0.006725 -0.009306 -0.020527
v 0.021793 -0.017792 -0.009831
v 0.006547 -0.008975 -0.019977
v 0.008703 -0.008348 -0.021607
v 0.008703 -0.008348 -0.021607
v 0.008750 -0.008077 -0.020531
v 0.008841 -0.007914 -0.020895
v 0.008841 -0.007914 -0.020895
v 0.008059 -0.022062 -0.021708
v 0.008718 -0.008070 -0.019866
v 0.008854 -0.007483 -0.021019
v 0.008854 -0.007483 -0.021019
v 0.009253 -0.007829 -0.021815
v 0.009253 -0.007829 -0.021815
v 0.009253 -0.007829 -0.021815
v 0.008858 -0.007804 -0.020106
v 0.008858 -0.007804 -0.020106
v 0.021766 -0.015270 -0.011820
v 0.008652 -0.007795 -0.019516
v 0.008652 -0.007795 -0.019516
v 0.008523 -0.007321 -0.019606
v 0.008523 -0.007321 -0.019606
v 0.005944 -0.009039 -0.021927
v 0.005278 -0.008505 -0.022104
v 0.006009 -0.008745 -0.020380
v 0.005152 -0.008015 -0.021528
v 0.004848 -0.007724 -0.021786
v 0.004915 -0.007259 -0.021200
v 0.004915 -0.007259 -0.021200
v 0.005815 -0.006213 -0.021646
v 0.005231 -0.007780 -0.020701
v 0.006064 -0.008405 -0.019673
v 0.005127 -0.007428 -0.019755
v 0.005123 -0.007431 -0.019751
v 0.005078 -0.006852 -0.020764
v 0.005443 -0.006436 -0.020870
v 0.021662 -0.021754 -0.005656
v 0.021402 -0.021936 -0.005965
v 0.021788 -0.021706 -0.004309
v 0.021972 -0.021360 -0.005368
v 0.005155 -0.007186 -0.019769
v 0.005155 -0.007186 -0.019769
v 0.005155 -0.007186 -0.019769
v 0.022023 -0.021352 -0.003899
v 0.008343 -0.006645 -0.020412
v 0.008895 -0.007128 -0.021634
v 0.008895 -0.007128 -0.021634
v 0.008056 -0.006122 -0.021316
v 0.020729 -0.022384 -0.010034
v 0.020022 -0.022570 -0.009576
v 0.007725 -0.006112 -0.019793
v 0.007725 -0.006112 -0.019793
v 0.007441 -0.005562 -0.020587
v 0.007474 -0.005623 -0.019991
v 0.006700 -0.005370 -0.021573
v 0.006402 -0.005636 -0.020849
v 0.007420 -0.005366 -0.021640
v 0.007420 -0.005366 -0.021640
v 0.007937 -0.005667 -0.022006
v 0.007195 -0.005503 -0.020685
v 0.007195 -0.005503 -0.020685
v 0.007247 -0.004915 -0.021979
v 0.007247 -0.004915 -0.021979
v 0.007207 -0.005589 -0.019723
v 0.007207 -0.005589 -0.019723
v 0.007207 -0.005589 -0.019723
v 0.020958 -0.022313 -0.009032
v 0.020127 -0.022428 -0.008246
v 0.021137 -0.022015 -0.007744
v 0.005818 -0.006158 -0.020441
v 0.005981 -0.006458 -0.019772
v 0.005981 -0.006458 -0.019772
v 0.018070 -0.022474 -0.009166
v 0.017384 -0.022424 -0.008445
v 0.006795 -0.005982 -0.020060
v 0.006795 -0.005982 -0.020060
v 0.020732 -0.018663 -0.022316
v 0.021024 -0.018687 -0.022097
v -0.006536 -0.021935 -0.009168
v -0.005572 -0.022069 -0.008569
v 0.007164 -0.006059 -0.019588
v 0.007361 -0.005817 -0.019611
v 0.007361 -0.005817 -0.019611
v 0.020899 -0.017649 -0.022241
v 0.014222 -0.022426 -0.010931
v 0.021430 -0.017389 -0.021552
v -0.007476 -0.021871 -0.010091
v -0.008356 -0.021833 -0.010250
v -0.007334 -0.021659 -0.009607
v -0.007045 -0.021353 -0.009177
v -0.007808 -0.021584 -0.009767
v -0.008418 -0.021589 -0.009585
v -0.007826 -0.021054 -0.009457
v -0.007474 -0.020893 -0.009343
v 0.021091 -0.015763 -0.022090
v -0.008346 -0.021071 -0.009216
v -0.007870 -0.020109 -0.009159
v 0.005434 -0.007324 -0.019508
v -0.010149 -0.021982 -0.008799
v -0.009431 -0.021856 -0.009040
v 0.010453 -0.022253 -0.008207
v 0.010031 -0.022337 -0.008951
v 0.013182 -0.022397 -0.008597
v -0.009283 -0.021537 -0.008604
v -0.008374 -0.020414 -0.009054
v 0.009505 -0.022265 -0.008703
v 0.010028 -0.021930 -0.007579
v 0.011858 -0.022141 -0.007497
v 0.020295 -0.022169 -0.007461
v -0.009126 -0.021191 -0.008490
v 0.018976 -0.022171 -0.006170
v 0.020489 -0.022219 -0.005916
v 0.009359 -0.022088 -0.008308
v 0.020752 -0.014758 -0.022348
v -0.011861 -0.022181 -0.006854
v -0.010479 -0.022285 -0.006132
v -0.013951 -0.022300 -0.006189
v -0.010562 -0.021832 -0.007804
v 0.010194 -0.022178 -0.006465
v 0.009658 -0.022048 -0.006670
v -0.010066 -0.021472 -0.007579
v 0.016848 -0.022141 -0.007477
v 0.009824 -0.021832 -0.007349
v -0.010308 -0.021753 -0.007197
v -0.009521 -0.021200 -0.007085
v 0.009335 -0.021865 -0.006672
v -0.010759 -0.021817 -0.007346
v 0.008322 -0.022117 -0.009325
v 0.007450 -0.022164 -0.010504
v 0.008467 -0.022283 -0.010015
v -0.009443 -0.021066 -0.007893
v 0.007668 -0.021886 -0.009726
v 0.007668 -0.021886 -0.009726
v 0.006950 -0.021983 -0.010143
v 0.006950 -0.021983 -0.010143
v -0.009280 -0.020800 -0.007519
v 0.006282 -0.022225 -0.010661
v -0.009696 -0.022081 -0.006746
v -0.010335 -0.022226 -0.006564
v 0.005866 -0.022114 -0.009638
v 0.006840 -0.021681 -0.009805
v 0.006086 -0.021747 -0.009351
v 0.007144 -0.021279 -0.009660
v 0.007144 -0.021279 -0.009660
v -0.008563 -0.022103 -0.005556
v -0.009286 -0.022111 -0.006368
v -0.008957 -0.021852 -0.006347
v -0.008432 -0.021485 -0.006033
v -0.007760 -0.021794 -0.005120
v 0.021502 -0.015817 -0.021424
v -0.008995 -0.022274 -0.005166
v 0.008341 -0.022328 -0.011149
v 0.008594 -0.021882 -0.008716
v -0.010588 -0.022058 -0.006919
v -0.011599 -0.021892 -0.007445
v 0.007719 -0.021227 -0.009394
v 0.007719 -0.021227 -0.009394
v 0.008535 -0.021281 -0.008575
v -0.008746 -0.020483 -0.006513
v 0.006609 -0.021079 -0.009418
v 0.021661 -0.014940 -0.016974
v 0.009409 -0.021588 -0.007719
v 0.009433 -0.021501 -0.007220
v 0.009006 -0.020963 -0.006967
v 0.009167 -0.022191 -0.005351
v 0.008760 -0.022041 -0.005819
v 0.021128 -0.013419 -0.022103
v 0.007990 -0.022044 -0.004614
v 0.007990 -0.022044 -0.004614
v 0.008079 -0.022146 -0.003262
v 0.008079 -0.022146 -0.003262
v 0.021653 -0.012697 -0.020926
v 0.004655 -0.022139 -0.006592
v 0.005705 -0.021876 -0.006625
v 0.006382 -0.022024 -0.005549
v 0.004273 -0.021970 -0.007427
v 0.021488 -0.021816 -0.008718
v 0.008693 -0.021814 -0.006100
v 0.008622 -0.020636 -0.006543
v 0.008055 -0.021483 -0.005539
v 0.021117 -0.010340 -0.022201
v 0.007784 -0.020339 -0.005518
v 0.006178 -0.021528 -0.006453
v 0.006194 -0.020449 -0.006718
v 0.006943 -0.020494 -0.005981
v 0.007051 -0.021418 -0.005620
v 0.007578 -0.020131 -0.005744
v 0.007578 -0.020131 -0.005744
v 0.007876 -0.020153 -0.006437
v 0.007876 -0.020153 -0.006437
v 0.008051 -0.020242 -0.006016
v 0.007134 -0.020248 -0.006312
v 0.006513 -0.021825 -0.005846
v 0.007436 -0.021708 -0.005148
v 0.007232 -0.021939 -0.004800
v 0.021490 -0.011423 -0.021533
v 0.007895 -0.021713 -0.005165
v 0.007895 -0.021713 -0.005165
v 0.007596 -0.021235 -0.005312
v 0.007596 -0.021235 -0.005312
v 0.021685 -0.011085 -0.020718
v 0.021593 -0.021283 -0.007893
v -0.020116 -0.021911 -0.008857
v 0.021758 -0.020418 -0.007869
v 0.022160 -0.020774 -0.007226
v 0.022244 -0.020197 -0.007360
v 0.005795 -0.022157 -0.005109
v 0.007501 -0.020365 -0.005416
v 0.007501 -0.020365 -0.005416
v 0.021797 -0.018555 -0.007872
v 0.005661 -0.022295 -0.010807
v 0.003073 -0.022267 -0.008830
v 0.005141 -0.022291 -0.013245
v 0.022238 -0.017460 -0.007294
v 0.021820 -0.015345 -0.008364
v 0.021850 -0.012360 -0.009061
v -0.013125 -0.021976 -0.008885
v 0.022336 -0.017781 -0.006385
v 0.022253 -0.014867 -0.007161
v 0.021895 -0.015016 -0.007727
v 0.021771 -0.021585 -0.007138
v 0.022330 -0.020576 -0.006027
v 0.022350 -0.020341 -0.006712
v 0.021788 -0.012387 -0.012141
v -0.013310 -0.021952 -0.007365
v -0.015797 -0.022238 -0.006764
v -0.017149 -0.021918 -0.007296
v 0.022377 -0.019962 -0.006157
v -0.001189 -0.022207 -0.008681
v -0.000283 -0.022109 -0.007397
v 0.022377 -0.020550 -0.004855
v 0.022373 -0.020351 -0.003732
v 0.004720 -0.022301 -0.009191
v 0.005297 -0.021962 -0.008679
v 0.004690 -0.022239 -0.008612
v 0.004659 -0.021751 -0.007953
v 0.005874 -0.020878 -0.008687
v 0.020694 -0.022204 -0.003333
v 0.005166 -0.021203 -0.008142
v 0.021596 -0.021945 -0.002898
v 0.007159 -0.020222 -0.009430
v 0.007159 -0.020222 -0.009430
v 0.008107 -0.022417 -0.020765
v 0.004219 -0.021983 -0.007806
v 0.003872 -0.022139 -0.008061
v 0.020543 -0.022191 -0.000584
v 0.008282 -0.022310 -0.021321
v 0.021632 -0.021939 -0.001194
v 0.003303 -0.022090 -0.007493
v 0.005005 -0.021290 -0.007766
v 0.004860 -0.021693 -0.007426
v 0.022101 -0.021382 -0.002191
v 0.005452 -0.021204 -0.007219
v 0.005848 -0.020554 -0.007328
v 0.022399 -0.020265 -0.002298
v 0.022322 -0.020937 -0.000985
v 0.022028 -0.021582 -0.000875
v 0.022427 -0.019900 0.000682
v 0.001286 -0.022207 -0.005502
v 0.021491 -0.021980 0.000328
v 0.019751 -0.022161 -0.001561
v 0.006974 -0.022129 -0.002677
v 0.008009 -0.022139 -0.001768
v 0.008009 -0.022139 -0.001768
v 0.021666 -0.009237 -0.021298
v 0.007185 -0.022114 0.001414
v 0.019841 -0.022139 0.003354
v 0.021750 -0.009236 -0.020012
v 0.021722 -0.007979 -0.021077
v 0.021652 -0.021930 0.001547
v 0.022020 -0.021574 0.000314
v 0.022347 -0.021001 0.000400
v 0.020878 -0.009149 -0.022354
v 0.021301 -0.008212 -0.021888
v 0.007177 -0.022083 -0.003973
v 0.020997 -0.008148 -0.022137
v 0.006179 -0.022187 -0.002772
v 0.022068 -0.021559 0.001743
v 0.020717 -0.022181 0.002105
v 0.004717 -0.022199 -0.001786
v 0.022400 -0.020729 0.002226
v 0.008435 -0.022389 -0.016274
v 0.016546 -0.022176 -0.003781
v 0.006907 -0.021931 -0.021619
v 0.006030 -0.021640 -0.022063
v 0.009541 -0.022215 -0.002275
v 0.005461 -0.022216 0.002072
v 0.005878 -0.021990 -0.021716
v 0.006485 -0.022121 -0.021220
v 0.005480 -0.022196 -0.021318
v 0.006547 -0.022243 -0.020372
v 0.005539 -0.022289 -0.020284
v 0.003734 -0.022247 -0.021030
v 0.004287 -0.021886 -0.021827
v -0.003202 -0.022082 -0.007580
v -0.004247 -0.022154 -0.008508
v 0.002239 -0.022061 -0.021480
v 0.002310 -0.021599 -0.022014
v -0.001900 -0.022191 -0.006194
v -0.003670 -0.022126 -0.006879
v 0.002594 -0.021277 -0.022233
v 0.016528 -0.022132 0.000229
v -0.004578 -0.022197 -0.006077
v 0.009032 -0.007054 -0.022053
v 0.009032 -0.007054 -0.022053
v 0.007237 -0.022298 -0.018139
v 0.006308 -0.022236 -0.017268
v -0.002779 -0.022248 0.000469
v -0.006052 -0.022221 -0.002147
v 0.001075 -0.021739 -0.021881
v 0.001021 -0.022196 -0.020835
v 0.006571 -0.022248 -0.015014
v 0.021569 -0.022004 0.003528
v 0.021918 -0.021733 0.002746
v 0.022390 -0.020917 0.003387
v 0.022178 -0.021388 0.004075
v 0.021752 -0.021911 0.005119
v 0.022479 -0.021115 0.005623
v 0.014778 -0.022142 0.003033
v 0.016572 -0.022157 0.005775
v 0.020710 -0.022158 0.005317
v 0.019427 -0.022113 0.006384
v 0.020867 -0.022098 0.006328
v 0.021806 -0.021726 0.006496
v 0.021668 -0.021612 0.007205
v 0.020729 -0.021842 0.007314
v 0.018942 -0.021845 0.007279
v 0.007128 -0.022241 -0.012132
v 0.008207 -0.022134 0.000611
v 0.008207 -0.022134 0.000611
v 0.010900 -0.022174 0.002541
v 0.008678 -0.022156 0.002223
v 0.008678 -0.022152 0.002223
v 0.009788 -0.022154 0.005613
v -0.004569 -0.021898 -0.007487
v -0.005933 -0.021878 -0.008485
v -0.006467 -0.021378 -0.008587
v -0.005087 -0.021783 -0.007709
v -0.004810 -0.022111 -0.006687
v -0.005159 -0.021701 -0.007130
v -0.005356 -0.021517 -0.007685
v -0.005768 -0.020967 -0.007835
v -0.005934 -0.020454 -0.007594
v -0.005913 -0.020800 -0.006497
v -0.007024 -0.020262 -0.008911
v -0.005590 -0.022095 -0.006058
v -0.005813 -0.022186 -0.005171
v -0.006006 -0.021886 -0.005926
v -0.006861 -0.021284 -0.005261
v -0.000405 -0.021768 -0.021763
v -0.006875 -0.021681 -0.005049
v -0.006668 -0.022025 -0.004738
v -0.001456 -0.022125 -0.021045
v 0.000261 -0.022011 -0.021438
v -0.007256 -0.021454 -0.005038
v -0.007256 -0.021454 -0.005038
v -0.007236 -0.020650 -0.005093
v -0.007236 -0.020650 -0.005093
v -0.007184 -0.021887 -0.004763
v -0.007184 -0.021887 -0.004763
v -0.003157 -0.021878 -0.021581
v -0.001586 -0.021936 -0.021533
v -0.006957 -0.022086 -0.004089
v -0.006957 -0.022086 -0.004089
v -0.007675 -0.021987 -0.004654
v -0.007660 -0.021344 -0.005278
v -0.006906 -0.020098 -0.005269
v -0.008327 -0.020503 -0.006096
v -0.007667 -0.020126 -0.005521
v -0.007300 -0.020160 -0.005117
v -0.007142 -0.019820 -0.005478
v -0.006726 -0.019812 -0.006114
v -0.002987 -0.022148 -0.020772
v -0.004738 -0.021703 -0.021706
v -0.006086 -0.021283 -0.022003
v -0.004350 -0.022051 -0.021082
v -0.005628 -0.021990 -0.021223
v -0.006679 -0.021561 -0.021771
v -0.006724 -0.022085 -0.020701
v -0.006930 -0.021850 -0.021401
v -0.011041 -0.021638 -0.021451
v -0.009189 -0.021568 -0.021566
v -0.009405 -0.021859 -0.021180
v -0.012844 -0.021832 -0.021098
v -0.015653 -0.021809 -0.021034
v -0.014979 -0.021471 -0.021474
v -0.012943 -0.021436 -0.021622
v -0.014094 -0.020953 -0.021813
v -0.009066 -0.020548 -0.008129
v -0.008245 -0.019976 -0.008851
v -0.008840 -0.020255 -0.008076
v -0.008857 -0.020251 -0.006929
v 0.007572 -0.008683 -0.019575
v 0.007572 -0.008683 -0.019575
v 0.008307 -0.008351 -0.019643
v 0.007833 -0.008326 -0.019395
v 0.007833 -0.008326 -0.019395
v 0.006413 -0.008505 -0.019595
v 0.006361 -0.007996 -0.019413
v 0.006361 -0.007996 -0.019413
v 0.007887 -0.007518 -0.019285
v 0.007458 -0.006416 -0.019437
v 0.006497 -0.007377 -0.019345
v 0.006497 -0.007377 -0.019345
v 0.005783 -0.006966 -0.019458
v 0.005783 -0.006966 -0.019458
v 0.006560 -0.006703 -0.019488
v 0.006854 -0.006311 -0.019728
v 0.007704 -0.020339 -0.009300
v 0.007704 -0.020339 -0.009300
v 0.008612 -0.020442 -0.008370
v 0.008165 -0.020324 -0.008838
v 0.008165 -0.020324 -0.008838
v 0.008159 -0.020028 -0.008561
v 0.008159 -0.020028 -0.008561
v 0.007852 -0.020039 -0.009044
v 0.007697 -0.019872 -0.008791
v 0.008960 -0.020534 -0.007779
v 0.008419 -0.020318 -0.006619
v 0.008731 -0.020270 -0.007965
v 0.008380 -0.020079 -0.008107
v 0.008380 -0.020079 -0.008107
v 0.008021 -0.020234 -0.007258
v 0.008021 -0.020234 -0.007258
v 0.008021 -0.020234 -0.007258
v 0.008437 -0.020329 -0.007222
v 0.007647 -0.020113 -0.007821
v 0.007647 -0.020113 -0.007821
v 0.006352 -0.020284 -0.007272
v 0.005639 -0.020603 -0.008180
v 0.006642 -0.020123 -0.009207
v 0.007435 -0.019971 -0.009287
v 0.007056 -0.019826 -0.009043
v 0.007056 -0.019826 -0.009043
v 0.005980 -0.020323 -0.008538
v 0.006370 -0.019900 -0.008641
v 0.006863 -0.019833 -0.008515
v 0.006863 -0.019833 -0.008515
v 0.005975 -0.020242 -0.008196
v 0.006379 -0.020116 -0.007908
v 0.005518 -0.020734 -0.007893
v -0.006168 -0.020370 -0.006941
v -0.007483 -0.019984 -0.009071
v -0.006302 -0.020344 -0.008189
v -0.006892 -0.019973 -0.008457
v -0.006488 -0.020147 -0.007815
v -0.007874 -0.019772 -0.008440
v -0.007229 -0.020131 -0.007469
v -0.006712 -0.020184 -0.007025
v -0.007746 -0.019740 -0.008792
v -0.008362 -0.019904 -0.008418
v -0.008632 -0.020193 -0.007581
v -0.006339 -0.020229 -0.006136
v -0.006356 -0.020128 -0.006354
v -0.007284 -0.020178 -0.007026
v -0.007786 -0.020037 -0.006145
v -0.008422 -0.020110 -0.006754
v -0.008322 -0.020168 -0.006325
v 0.020368 -0.002956 -0.022465
v 0.020601 -0.005878 -0.022465
v 0.016603 0.003063 -0.022416
v 0.017028 0.005852 -0.022415
v 0.020472 0.001544 -0.022453
v 0.021011 -0.001957 -0.022336
v 0.020519 -0.001109 -0.022466
v 0.020948 0.000489 -0.022379
v 0.019160 0.006037 -0.022436
v 0.016499 0.006427 -0.022369
v 0.013708 0.005949 -0.022385
v 0.009899 0.003511 -0.022388
v 0.020481 0.003510 -0.022444
v 0.021010 0.003261 -0.022354
v 0.017638 0.007240 -0.022087
v 0.015323 0.007278 -0.022091
v 0.016554 0.007362 -0.022055
v 0.013736 0.006613 -0.022310
v 0.020430 0.007303 -0.021996
v 0.020852 0.006573 -0.022330
v 0.018132 0.007531 -0.022044
v 0.021047 0.004700 -0.022344
v 0.020616 0.005817 -0.022439
v 0.014921 0.008416 -0.022093
v 0.021537 0.006960 -0.021910
v 0.021304 0.007630 -0.021899
v 0.020697 0.009013 -0.022006
v 0.021620 0.008680 -0.021826
v 0.021414 0.010070 -0.021936
v 0.021105 0.011076 -0.021990
v 0.019367 0.011583 -0.022027
v 0.021589 0.012951 -0.021907
v 0.022292 -0.001062 -0.006776
v 0.022321 0.000936 -0.004841
v 0.022322 -0.003588 -0.006614
v 0.021235 -0.007285 -0.022150
v 0.021365 -0.006010 -0.022131
v 0.021297 -0.005098 -0.022168
v 0.021610 -0.005420 -0.021780
v 0.021170 -0.003822 -0.022277
v 0.021480 -0.004012 -0.022055
v 0.022624 0.014688 -0.017004
v 0.022560 0.009815 -0.016164
v 0.022238 0.006188 0.001735
v 0.022223 0.006423 0.004086
v 0.022399 -0.004102 -0.000558
v 0.022368 -0.005873 -0.004698
v 0.021861 -0.003970 -0.021326
v 0.021437 -0.003026 -0.022090
v 0.022418 -0.005378 0.004790
v 0.022316 -0.004989 0.006374
v 0.022316 -0.004989 0.006374
v 0.022305 -0.005807 0.005405
v 0.022154 -0.005804 0.005887
v 0.022154 -0.005804 0.005887
v 0.021812 -0.008886 -0.015408
v 0.022375 -0.000512 0.004775
v 0.022088 -0.000632 -0.007524
v 0.022279 0.004540 -0.008834
v 0.022096 0.002715 -0.007487
v 0.022263 0.001666 -0.006632
v 0.021724 -0.007043 -0.021521
v 0.022380 -0.003981 0.006407
v 0.022380 -0.003981 0.006407
v 0.021726 -0.008266 -0.019399
v 0.021948 -0.006740 -0.020697
v 0.022252 0.003921 -0.005427
v 0.022354 -0.001741 0.006382
v 0.022354 -0.001741 0.006382
v 0.021844 -0.013617 -0.007839
v 0.021988 -0.005384 0.006548
v 0.021915 -0.005774 0.008856
v 0.020995 -0.005471 0.008126
v 0.021912 -0.004656 0.007833
v 0.021984 -0.006519 -0.017926
v 0.021969 -0.006375 0.009569
v 0.022234 -0.006114 0.009810
v 0.022286 -0.005378 0.008969
v 0.021517 -0.006224 0.009191
v 0.022324 -0.014230 -0.006100
v 0.022377 -0.005547 0.010048
v 0.022319 -0.004486 0.008461
v 0.022356 -0.003732 0.009810
v 0.022336 -0.003434 0.008479
v 0.021466 -0.005087 0.006977
v 0.021445 -0.005906 0.006276
v 0.022018 -0.004331 0.007195
v 0.021769 -0.004743 0.007224
v 0.021478 -0.004957 0.007434
v 0.021965 -0.005252 -0.020898
v 0.022199 -0.002399 0.007360
v 0.022123 -0.003810 0.007498
v 0.022321 0.001606 -0.001470
v 0.022078 -0.001557 -0.019512
v 0.022328 0.000485 0.006469
v 0.022328 0.000485 0.006469
v 0.021899 -0.001603 -0.021422
v 0.022293 0.000156 0.008637
v 0.022253 0.005851 -0.000420
v 0.022152 0.002012 -0.017011
v 0.022226 0.004296 -0.014832
v 0.022432 -0.017749 0.003423
v 0.022180 0.000204 -0.008805
v 0.021822 -0.007827 -0.014673
v 0.022290 0.003343 0.004134
v 0.022259 0.006534 -0.011919
v 0.022371 -0.014676 0.000392
v 0.021985 -0.006493 -0.015501
v 0.022287 0.002290 0.006400
v 0.022287 0.002290 0.006400
v 0.022307 -0.008645 -0.003605
v 0.022113 0.003532 0.007288
v 0.022239 0.006385 -0.016662
v 0.022280 0.005308 -0.010406
v 0.022494 0.008406 -0.014234
v 0.022355 -0.009198 -0.000692
v 0.022217 0.006390 -0.010420
v 0.022328 0.007400 -0.011943
v 0.022476 0.008498 -0.012028
v 0.022275 0.004883 0.005668
v 0.022275 0.004883 0.005668
v 0.022136 0.006081 0.005598
v 0.022136 0.006081 0.005598
v 0.022408 0.008050 -0.010638
v 0.022267 0.003772 0.006360
v 0.022267 0.003772 0.006360
v 0.022499 0.011069 -0.011060
v 0.022223 0.004948 0.006365
v 0.022044 0.004262 0.007112
v 0.022107 0.005204 0.006495
v 0.021775 0.005963 0.006225
v 0.021691 0.006670 0.005663
v 0.021691 0.006670 0.005663
v 0.021382 0.005383 0.007111
v 0.022244 0.002779 0.008328
v 0.021494 -0.001001 -0.022093
v 0.022216 0.003993 -0.008412
v 0.022012 0.005699 -0.009143
v 0.022152 0.005904 -0.009694
v 0.021995 0.005053 -0.008467
v 0.022202 0.005013 0.008606
v 0.021982 0.000205 -0.021358
v 0.021640 0.001157 -0.021963
v 0.022214 0.007290 -0.010299
v 0.022440 -0.013846 0.005064
v 0.022042 0.004304 0.007598
v 0.021720 0.004860 0.007323
v 0.021943 0.006641 -0.009717
v 0.022001 0.002250 -0.021257
v 0.022065 0.005041 0.007963
v 0.021386 0.002470 -0.022191
v 0.021577 0.005229 0.007561
v 0.021895 0.005507 0.008103
v 0.020817 0.005886 0.007246
v 0.020855 0.006186 0.006393
v 0.020519 0.006230 0.006673
v 0.022223 0.007892 -0.009697
v 0.021752 0.002592 -0.021819
v 0.022393 0.008811 -0.009310
v 0.021078 0.005987 0.008016
v 0.021546 0.003587 -0.022111
v 0.022058 0.003297 -0.021207
v 0.021529 0.006432 -0.009291
v 0.021857 0.007202 -0.009655
v 0.021250 0.006898 -0.009451
v 0.022104 0.006048 0.008858
v 0.021563 0.005774 -0.008844
v 0.021644 0.006355 0.008570
v 0.020472 0.006307 -0.008975
v 0.022381 -0.008634 0.001986
v 0.022432 -0.011085 0.005865
v 0.022004 0.007817 -0.009259
v 0.021806 0.004260 -0.021782
v 0.022191 0.006779 0.011037
v 0.020182 0.006596 -0.009011
v 0.022459 -0.020082 0.003809
v 0.020563 0.007406 -0.009089
v 0.020103 0.007173 -0.009053
v 0.021221 0.007415 -0.009158
v 0.021590 0.005017 -0.022053
v 0.022329 0.008939 -0.008560
v 0.022057 0.004862 -0.021332
v 0.021474 0.008044 -0.008531
v 0.021995 0.008598 -0.008288
v 0.021259 0.007391 0.009253
v 0.021628 0.007351 0.009417
v 0.022091 0.006743 0.009879
v 0.021999 0.006125 -0.021595
v 0.022222 0.005869 -0.020773
v 0.021890 0.007308 0.009743
v 0.022467 -0.016918 0.007008
v 0.022430 0.009823 -0.008461
v 0.022444 -0.020872 0.004491
v 0.021345 0.007880 0.009835
v 0.021345 0.007880 0.009835
v 0.021944 0.007562 0.010304
v 0.022452 0.011050 -0.008275
v 0.022365 0.010628 -0.007809
v 0.021447 0.005870 -0.022187
v 0.022208 0.006003 -0.004856
v 0.022143 0.006991 -0.003480
v 0.021876 0.007105 -0.021484
v 0.022173 0.006903 0.000132
v 0.021962 -0.021349 0.007128
v 0.022354 -0.021029 0.006516
v 0.021837 -0.021719 0.008031
v 0.022172 -0.021521 0.008253
v 0.022290 -0.020785 0.007116
v 0.022654 -0.020549 0.007804
v 0.022787 -0.020532 0.008514
v 0.022767 -0.020189 0.007985
v 0.022464 -0.020005 0.006947
v 0.022141 0.007897 -0.000908
v 0.022141 0.007897 -0.000908
v 0.022114 0.007981 0.001217
v 0.022114 0.007981 0.001217
v 0.022178 0.008887 0.001068
v 0.022118 0.000640 -0.020693
v 0.022225 0.009040 -0.004660
v 0.022166 0.007993 -0.003465
v 0.022166 0.007993 -0.003465
v 0.022672 -0.017742 0.007653
v 0.022173 0.013242 -0.003006
v 0.022643 -0.015267 0.007840
v 0.022663 0.018710 -0.012361
v 0.022656 -0.012872 0.008552
v 0.022136 0.002555 -0.020654
v 0.022116 0.011905 0.003453
v 0.022574 0.015180 -0.008207
v 0.022123 0.007083 0.001995
v 0.022123 0.007123 0.003969
v 0.022106 0.008082 0.002657
v 0.022106 0.008082 0.002657
v 0.022180 0.003784 -0.020447
v 0.022138 0.009042 0.004770
v 0.022527 0.012848 -0.008465
v 0.022063 0.008093 0.004197
v 0.022063 0.008093 0.004197
v 0.022371 0.011910 -0.007617
v 0.022485 0.013940 -0.007737
v 0.022422 -0.014832 0.006962
v 0.022434 0.015171 -0.007523
v 0.022400 -0.011575 0.006999
v 0.022218 0.006521 -0.019252
v 0.022645 0.017931 -0.009224
v 0.021964 0.007024 0.004865
v 0.021200 0.007183 0.005613
v 0.020457 0.007044 0.005861
v 0.020767 0.007600 0.005635
v 0.020767 0.007600 0.005635
v 0.020767 0.007600 0.005635
v 0.021954 0.007800 0.004716
v 0.021954 0.007800 0.004716
v 0.022540 0.016938 -0.007688
v 0.021903 0.008291 0.005268
v 0.021651 0.007408 0.005210
v 0.021651 0.007408 0.005210
v 0.021651 0.007408 0.005210
v 0.021576 0.007869 0.005383
v 0.021997 0.003977 -0.007722
v 0.021987 0.004152 -0.007321
v 0.021708 0.004605 -0.007696
v 0.022022 0.004327 -0.008069
v 0.021346 0.005178 -0.008060
v 0.022093 0.009338 0.006121
v 0.022217 0.004068 -0.006608
v 0.022133 0.010992 0.006371
v 0.021015 0.008007 0.005737
v 0.021015 0.008007 0.005737
v 0.022056 0.004792 -0.006972
v 0.022434 -0.009783 0.005935
v 0.022414 -0.008541 0.004072
v 0.021744 0.008994 0.006449
v 0.021707 0.004829 -0.007376
v 0.021314 0.005160 -0.007498
v 0.021093 0.008725 0.006509
v 0.021093 0.008725 0.006509
v 0.020376 0.008547 0.006429
v 0.022239 -0.008538 0.005353
v 0.022171 0.005136 -0.006302
v 0.021973 0.009785 0.006841
v 0.021101 0.009769 0.007430
v 0.021101 0.009769 0.007430
v 0.021986 0.005521 -0.006541
v 0.020399 0.009379 0.007213
v 0.021515 0.010043 0.007437
v 0.021474 0.005417 -0.006947
v 0.020846 0.005824 -0.006728
v 0.020479 0.005949 -0.006918
v 0.021834 0.006276 -0.006051
v 0.021480 0.010035 0.007856
v 0.021480 0.010035 0.007856
v 0.021448 0.006354 -0.006181
v 0.020477 0.007435 0.009097
v 0.020434 0.006606 0.008390
v 0.020502 0.007888 0.009613
v 0.020502 0.007888 0.009613
v 0.020144 0.008002 0.009503
v 0.020144 0.008002 0.009503
v 0.022073 0.006104 -0.005818
v 0.021358 0.008719 0.009304
v 0.021358 0.008719 0.009304
v 0.021425 0.008269 0.009854
v 0.021425 0.008269 0.009854
v 0.020693 0.008118 0.009699
v 0.020216 0.008414 0.009333
v 0.021771 0.008558 0.010077
v 0.021752 0.009643 0.008690
v 0.021752 0.009643 0.008690
v 0.021131 0.009062 -0.007567
v 0.020642 0.008353 -0.008189
v 0.020460 0.009090 0.008602
v 0.022520 -0.009781 0.007881
v 0.021363 0.007204 -0.005303
v 0.022622 0.018332 -0.008096
v 0.022324 -0.010415 0.006779
v 0.022296 -0.010174 0.007132
v 0.021977 0.007159 -0.004569
v 0.021684 0.007269 -0.005032
v 0.022214 -0.009913 0.006693
v 0.022221 -0.009128 0.006142
v 0.021723 -0.009305 0.006628
v 0.022494 0.019569 -0.007481
v 0.021616 -0.009319 0.006949
v 0.021942 -0.009499 0.007238
v 0.022348 -0.008978 0.007984
v 0.022220 0.015199 -0.007038
v 0.022239 0.017663 -0.007080
v 0.022184 0.018818 -0.006065
v 0.020273 0.007611 -0.005229
v 0.020672 0.007222 -0.005463
v 0.020322 0.007348 -0.005626
v 0.020912 0.007601 -0.005119
v 0.022560 -0.008808 0.008997
v 0.021735 0.007836 -0.004868
v 0.021735 0.007836 -0.004868
v 0.020878 0.007993 -0.005202
v 0.020878 0.007993 -0.005202
v 0.020337 0.007850 -0.005229
v 0.021180 -0.008737 0.007634
v 0.020071 0.007661 -0.005732
v 0.020098 0.008052 -0.005677
v 0.021962 -0.008056 0.008559
v 0.022061 0.009170 -0.007884
v 0.022256 0.009634 -0.007808
v 0.021480 0.009439 -0.007212
v 0.022344 -0.008182 0.008783
v 0.022200 0.014371 -0.006921
v 0.021999 0.010025 -0.007250
v 0.021805 0.009742 -0.006884
v 0.022070 0.010181 -0.006786
v 0.022202 0.011840 -0.007052
v 0.021603 0.008162 -0.005176
v 0.021451 0.009222 -0.006422
v 0.022105 0.009118 -0.005717
v 0.020686 0.008841 -0.006592
v 0.020541 0.008844 -0.007406
v 0.020702 0.008649 -0.006138
v 0.022259 0.010091 -0.005942
v 0.021817 -0.009637 -0.013573
v 0.021764 -0.008924 -0.014386
v 0.022063 0.007833 -0.004274
v 0.022063 0.007833 -0.004274
v 0.022174 0.006832 -0.020839
v 0.022227 0.007853 -0.021316
v 0.022550 0.008137 -0.020584
v 0.022115 0.018885 0.000858
v 0.021758 -0.008113 -0.013880
v 0.022074 0.008505 -0.004934
v 0.021790 -0.008223 -0.012404
v 0.022091 0.009717 -0.021563
v 0.022502 0.009852 -0.020936
v 0.022602 0.009248 -0.019971
v 0.022646 0.013369 -0.020489
v 0.022464 0.011875 -0.021077
v 0.021898 0.013876 -0.021759
v 0.021846 -0.009653 -0.009950
v 0.021838 -0.008936 -0.011732
v 0.022467 0.014318 -0.021046
v 0.022178 0.020474 -0.002374
v 0.021785 -0.008296 -0.011042
v 0.022046 -0.006335 -0.010336
v 0.021726 -0.007742 -0.010389
v 0.022337 0.007066 -0.018735
v 0.021668 -0.008553 -0.010071
v 0.021731 -0.009307 -0.009647
v 0.021124 -0.008373 -0.009533
v 0.022221 0.012948 -0.005385
v 0.021932 -0.006639 -0.009833
v 0.021462 -0.007537 -0.009864
v 0.021732 -0.006707 -0.009241
v 0.022534 0.008280 -0.017248
v 0.022015 -0.006614 -0.012939
v 0.022151 0.020528 0.000132
v 0.022073 0.021120 -0.001368
v 0.022249 -0.007406 -0.002530
v 0.022249 -0.007406 -0.002530
v 0.022129 0.020807 0.004848
v 0.022283 -0.007213 0.000695
v 0.022283 -0.007213 0.000695
v 0.022101 0.016513 0.006236
v 0.022384 -0.005934 -0.001575
v 0.022259 -0.006829 -0.003804
v 0.022116 0.014567 0.005344
v 0.022089 -0.004298 -0.008489
v 0.021833 0.021604 0.000721
v 0.022767 0.018364 -0.018610
v 0.021955 0.021322 0.003415
v 0.022079 0.018778 0.006432
v 0.021761 0.021648 0.005103
v 0.021691 0.021764 0.003553
v 0.022293 -0.007653 0.002205
v 0.021321 0.022034 0.004224
v 0.022327 -0.007613 0.003670
v 0.022024 0.011200 0.007168
v 0.022316 -0.006885 0.002828
v 0.022316 -0.006885 0.002828
v 0.022399 -0.006186 0.002686
v 0.022098 0.013212 0.006725
v 0.021873 -0.010262 -0.009014
v 0.022050 0.014955 0.006878
v 0.021759 -0.010790 -0.008101
v 0.021846 -0.012009 -0.007838
v 0.022216 -0.011934 -0.007238
v 0.021862 0.013107 0.007792
v 0.021801 0.015831 0.007735
v 0.021756 -0.010672 -0.007670
v 0.022068 -0.010006 -0.007202
v 0.021826 0.010817 0.007568
v 0.021823 0.010982 0.007880
v 0.022249 -0.009897 -0.006576
v 0.021872 0.010118 0.008630
v 0.022233 -0.007763 0.004368
v 0.022169 -0.009606 -0.006891
v 0.021354 -0.009854 -0.007649
v 0.021924 0.010669 0.008784
v 0.021903 0.012156 0.008814
v 0.022301 -0.006813 0.003924
v 0.022301 -0.006813 0.003924
v 0.021966 0.009539 0.009509
v 0.021703 -0.009619 -0.008783
v 0.021378 -0.009112 -0.009093
v 0.022153 -0.006791 0.004571
v 0.022153 -0.006791 0.004571
v 0.021068 -0.009321 -0.008434
v 0.021934 0.010357 0.010951
v 0.020976 -0.007869 -0.009599
v 0.020500 -0.008041 -0.009431
v 0.020285 -0.008399 -0.009166
v 0.021994 -0.007546 0.004731
v 0.021837 -0.008065 0.005320
v 0.021072 -0.007338 -0.009425
v 0.021253 -0.009671 -0.008122
v 0.021218 -0.007787 0.005420
v 0.020823 -0.008368 0.005991
v 0.021932 -0.009305 -0.007038
v 0.021920 0.012124 0.011456
v 0.021521 -0.007212 0.005089
v 0.021521 -0.007212 0.005089
v 0.021521 -0.007212 0.005089
v 0.021025 -0.009367 -0.007403
v 0.020406 -0.008908 -0.007286
v 0.020482 -0.008760 -0.006973
v 0.020784 -0.007312 0.005356
v 0.020784 -0.007312 0.005356
v 0.020218 -0.006841 0.005575
v 0.021045 -0.006608 0.005579
v 0.021725 -0.006840 0.005113
v 0.021727 -0.006840 0.005115
v 0.022053 -0.008721 -0.006347
v 0.021369 -0.008042 -0.006122
v 0.021852 0.015589 0.009367
v 0.021311 -0.009013 0.006589
v 0.020116 -0.007823 0.005667
v 0.019907 -0.007544 0.005620
v 0.019907 -0.007544 0.005620
v 0.022252 -0.008564 -0.005236
v 0.021053 -0.007617 0.008864
v 0.021818 0.016821 0.011982
v 0.020547 -0.006118 0.006067
v 0.021893 -0.007628 -0.005346
v 0.021893 -0.007628 -0.005346
v 0.020530 -0.007850 -0.006084
v 0.020758 -0.007196 -0.005409
v 0.020758 -0.007196 -0.005409
v 0.020069 -0.007291 -0.005664
v 0.020184 -0.007592 -0.006047
v 0.019862 -0.006935 -0.005959
v 0.019862 -0.006935 -0.005959
v 0.020262 -0.006966 -0.005480
v 0.020262 -0.006966 -0.005480
v 0.022224 -0.007683 -0.003817
v 0.022224 -0.007683 -0.003817
v 0.021799 -0.007147 -0.005079
v 0.022045 -0.007278 -0.004689
v 0.022045 -0.007278 -0.004689
v 0.022015 0.017281 0.007108
v 0.021897 -0.005863 -0.006116
v 0.021553 -0.006728 -0.005401
v 0.020773 -0.005833 -0.006623
v 0.021464 -0.007265 -0.005369
v 0.021464 -0.007265 -0.005369
v 0.021211 -0.006948 -0.005357
v 0.021760 0.017437 0.007734
v 0.022141 -0.006628 -0.004884
v 0.020247 -0.006695 -0.005678
v 0.022243 -0.004804 -0.006765
v 0.022232 -0.005888 -0.005536
v 0.022335 -0.005147 -0.005913
v 0.021801 0.018083 0.009210
v 0.022033 0.019165 0.007149
v 0.021737 0.019030 0.007897
v 0.022124 0.020536 0.006554
v 0.020476 -0.007554 -0.009389
v 0.021769 0.021602 0.006538
v 0.021342 -0.006639 -0.008804
v 0.020476 -0.006582 -0.008579
v 0.021436 0.021956 0.006265
v 0.020890 -0.006256 -0.008369
v 0.021971 -0.005853 -0.008914
v 0.021801 -0.005900 -0.008569
v 0.021912 -0.005109 -0.008108
v 0.021256 -0.005493 -0.007859
v 0.021710 0.020873 0.007792
v 0.021546 -0.005092 -0.007663
v 0.022023 0.020642 0.007186
v 0.021850 -0.004573 -0.007665
v 0.021926 -0.004118 -0.007543
v 0.021564 0.021360 0.007636
v 0.020729 0.022265 0.004867
v 0.020771 0.022209 0.007472
v 0.020601 -0.005907 -0.008031
v 0.021041 0.022024 0.007664
v 0.021082 -0.005422 -0.007534
v 0.021516 -0.005136 -0.007036
v 0.021896 -0.004546 -0.007289
v 0.021773 0.020973 0.009605
v 0.022060 -0.002765 -0.007553
v 0.021763 0.020855 0.010646
v 0.021432 0.021942 0.008777
v 0.020909 0.022373 0.008456
v 0.020364 0.022403 0.008020
v 0.021203 0.022217 0.009629
v 0.021461 0.021885 0.010690
v 0.020882 0.022416 0.010977
v 0.020311 0.022528 0.009039
v 0.021181 0.022207 0.011813
v 0.020234 0.022531 0.010688
v 0.020532 -0.005500 0.006995
v 0.020798 0.006043 0.007772
v 0.020043 0.006160 -0.008191
v 0.019999 0.006272 -0.008598
v 0.019829 0.006830 -0.008661
v 0.019845 0.006562 -0.008274
v 0.020489 0.005922 -0.007644
v 0.020271 0.006767 0.006234
v 0.020113 0.007467 0.005819
v 0.020113 0.007467 0.005819
v 0.020147 0.007997 0.005893
v 0.020380 0.008045 -0.008486
v 0.019808 0.007528 0.006047
v 0.019808 0.007528 0.006047
v 0.020023 0.008221 0.006227
v 0.020121 0.007754 -0.008441
v 0.020028 0.006700 -0.007891
v 0.020069 0.007417 -0.008032
v 0.020228 0.006982 -0.007320
v 0.020175 0.008001 -0.008033
v 0.020243 0.008083 -0.007515
v 0.020387 0.008501 -0.007902
v 0.020340 0.006267 -0.007365
v 0.020344 0.006463 -0.006587
v 0.020300 0.007342 -0.006739
v 0.020496 0.006176 -0.006516
v 0.020610 0.006705 -0.006032
v 0.020462 0.006357 0.007636
v 0.020069 0.006851 0.006520
v 0.020218 0.006877 0.007385
v 0.020350 0.007015 -0.006315
v 0.020219 0.006785 0.008120
v 0.019876 0.007420 0.006467
v 0.019891 0.007980 0.006566
v 0.019891 0.007980 0.006566
v 0.020084 0.008445 0.007737
v 0.020084 0.008445 0.007737
v 0.020279 0.007914 -0.006729
v 0.020384 0.008376 -0.006828
v 0.020088 0.007793 -0.006076
v 0.019973 0.008383 0.006569
v 0.020024 0.008818 0.007127
v 0.020164 0.008254 -0.006080
v 0.020197 0.009151 0.007565
v 0.020449 0.009450 0.007637
v 0.020272 0.007009 0.008609
v 0.020177 0.007406 0.008636
v 0.019984 0.008188 0.008959
v 0.019984 0.008188 0.008959
v 0.020109 0.008749 0.008576
v 0.020402 -0.008733 -0.008684
v 0.019841 -0.008127 -0.008962
v 0.020667 -0.009072 -0.008073
v 0.020311 -0.008486 -0.008087
v 0.019930 -0.007881 -0.008627
v 0.019930 -0.007881 -0.008627
v 0.020254 -0.007822 -0.007851
v 0.020254 -0.007822 -0.007851
v 0.020205 -0.008507 -0.007064
v 0.020181 -0.008040 -0.006962
v 0.020181 -0.008040 -0.006962
v 0.020321 -0.007043 -0.007277
v 0.020344 -0.008172 -0.006525
v 0.020153 -0.007510 -0.006591
v 0.020153 -0.007510 -0.006591
v 0.020170 -0.007814 -0.006467
v 0.020023 -0.007785 -0.009267
v 0.020208 -0.007214 -0.009089
v 0.019896 -0.007569 -0.008921
v 0.020144 -0.008330 0.006225
v 0.019545 -0.007866 0.006034
v 0.019668 -0.008108 0.006502
v 0.019437 -0.007681 0.006386
v 0.020677 -0.008719 0.006905
v 0.020194 -0.006828 -0.008260
v 0.020324 -0.006397 -0.008226
v 0.020430 -0.005858 -0.007748
v 0.020333 -0.006330 -0.007173
v 0.020053 -0.006453 -0.006439
v 0.020037 -0.006920 -0.006452
v 0.020014 -0.006595 -0.006053
v 0.020495 -0.008286 0.007836
v 0.020619 -0.007935 0.008422
v 0.020225 -0.008228 0.007215
v 0.019876 -0.007908 0.006885
v 0.020134 -0.007730 0.007436
v 0.020340 -0.007850 0.008133
v 0.020200 -0.007328 0.008031
v 0.020200 -0.007328 0.008031
v 0.020492 -0.005918 -0.007050
v 0.020088 -0.007109 0.007256
v 0.020088 -0.007109 0.007256
v 0.020216 -0.006683 0.007533
v 0.020188 -0.006749 0.008401
v 0.020234 -0.006258 0.008330
v 0.019446 -0.007462 0.006024
v 0.019446 -0.007462 0.006024
v 0.019766 -0.007133 0.005799
v 0.020205 -0.006372 0.006040
v 0.019940 -0.006782 0.006237
v 0.019872 -0.007139 0.006768
v 0.019872 -0.007139 0.006768
v 0.020187 -0.006213 0.006443
v 0.020585 -0.005590 0.006650
v 0.020486 -0.005832 0.007547
v 0.020330 -0.006149 -0.006491
v 0.020439 -0.005934 0.008348
v -0.006134 0.009344 -0.022091
v -0.005482 0.009252 -0.022285
v -0.004947 0.008416 -0.022175
v 0.005938 -0.000847 -0.022401
v -0.005209 -0.008494 -0.022214
v -0.004165 -0.007508 -0.022123
v -0.004165 -0.007508 -0.022123
v -0.004244 0.008598 -0.022316
v 0.004118 0.006077 -0.022398
v 0.005347 0.002615 -0.022421
v -0.005979 0.010791 -0.022329
v 0.006293 0.001118 -0.022403
v -0.003198 -0.007318 -0.022193
v -0.003198 -0.007318 -0.022193
v -0.002711 -0.006295 -0.022343
v -0.001553 -0.007449 -0.022211
v -0.001553 -0.007449 -0.022211
v -0.006773 0.009705 -0.021729
v -0.007113 0.009650 -0.021657
v -0.007113 0.009650 -0.021657
v -0.006945 0.010306 -0.022051
v 0.003111 0.006682 -0.022348
v 0.003781 0.007130 -0.022224
v -0.004535 -0.006497 -0.022281
v 0.002716 0.007579 -0.022192
v 0.002716 0.007579 -0.022192
v -0.009215 0.008230 -0.022154
v -0.009807 0.007486 -0.021922
v -0.009807 0.007486 -0.021922
v -0.010006 0.008353 -0.022336
v -0.005881 -0.008184 -0.022006
v -0.006082 -0.008963 -0.022184
v -0.005204 -0.007781 -0.022067
v -0.004777 -0.007255 -0.022036
v -0.004777 -0.007255 -0.022036
v -0.010387 0.007506 -0.022083
v -0.010646 0.008563 -0.022372
v 0.000718 0.004984 -0.022408
v -0.000867 0.006320 -0.022367
v -0.005537 -0.007433 -0.021638
v -0.005537 -0.007433 -0.021638
v -0.005319 -0.007124 -0.021855
v -0.005319 -0.007124 -0.021855
v -0.008312 0.009334 -0.022257
v -0.008379 0.009829 -0.022316
v -0.008064 0.011705 -0.022334
v 0.007250 0.002926 -0.022246
v -0.005114 -0.006852 -0.022155
v -0.003402 0.003561 -0.022365
v -0.005939 -0.006352 -0.022143
v -0.005504 -0.005447 -0.022324
v -0.012231 0.009208 -0.022412
v 0.006533 0.003735 -0.022387
v -0.007008 -0.005061 -0.022146
v -0.006469 -0.005246 -0.022259
v -0.003123 0.006473 -0.022336
v 0.007590 0.003660 -0.022246
v -0.000518 -0.004846 -0.022384
v 0.002523 0.000385 -0.022415
v -0.012771 0.014278 -0.022392
v -0.001389 0.007497 -0.022224
v -0.001389 0.007497 -0.022224
v -0.000159 0.007376 -0.022231
v -0.000159 0.007376 -0.022233
v -0.005652 0.013388 -0.022316
v -0.006582 0.010071 -0.022201
v -0.006756 0.010780 -0.022184
v 0.001110 0.007541 -0.022200
v 0.001110 0.007541 -0.022200
v 0.007150 0.003904 -0.022203
v -0.007360 0.011393 -0.022250
v -0.006816 0.012117 -0.022242
v 0.006972 0.004719 -0.022200
v 0.003598 0.008473 -0.022216
v 0.005930 0.004787 -0.022408
v -0.008156 0.014399 -0.022340
v -0.007548 0.009530 -0.022009
v -0.007548 0.009530 -0.022009
v -0.007613 0.010437 -0.022242
v -0.006676 -0.004087 -0.022313
v -0.007742 -0.004117 -0.022105
v -0.007742 -0.004117 -0.022105
v -0.007654 -0.004664 -0.021940
v -0.007654 -0.004664 -0.021940
v 0.005711 0.005625 -0.022364
v 0.004918 0.006761 -0.022256
v -0.007769 -0.003090 -0.022155
v -0.007769 -0.003090 -0.022155
v -0.008835 -0.004359 -0.022190
v -0.015015 -0.020231 -0.021972
v -0.015942 -0.020836 -0.021833
v -0.007752 0.001632 -0.022161
v -0.007752 0.001632 -0.022161
v -0.008271 0.000106 -0.022182
v -0.008271 0.000106 -0.022182
v -0.009341 -0.000820 -0.022201
v -0.017650 -0.020434 -0.021909
v -0.017622 -0.021138 -0.021653
v -0.008577 0.003209 -0.022209
v -0.004809 -0.000318 -0.022356
v -0.017165 -0.019440 -0.021961
v -0.015364 -0.006150 -0.022110
v -0.014845 -0.004883 -0.022154
v -0.006873 0.014313 -0.022229
v -0.016585 -0.002282 -0.022139
v -0.006138 0.015666 -0.022263
v -0.010900 -0.006360 -0.022170
v -0.006588 -0.000137 -0.022306
v -0.007816 -0.001376 -0.022171
v -0.007816 -0.001376 -0.022171
v -0.019365 -0.020633 -0.021847
v -0.018133 -0.021528 -0.021360
v -0.019643 -0.019880 -0.021928
v -0.009882 0.020656 -0.022323
v -0.016933 0.000453 -0.022161
v -0.019618 -0.016711 -0.021938
v -0.017613 -0.007246 -0.021953
v -0.019893 -0.006456 -0.022042
v -0.021057 -0.018279 -0.021926
v -0.008050 -0.011740 -0.022061
v -0.019237 -0.005575 -0.022100
v -0.007081 0.016635 -0.022249
v -0.009191 -0.013133 -0.022135
v -0.008014 0.020243 -0.022316
v -0.017890 -0.015584 -0.021937
v -0.017890 -0.015584 -0.021940
v -0.016164 -0.014996 -0.021969
v -0.016164 -0.014996 -0.021968
v -0.020970 -0.004292 -0.022094
v -0.009062 0.005103 -0.022205
v -0.013591 0.000492 -0.022164
v -0.008066 -0.010824 -0.021979
v -0.007056 -0.010118 -0.022170
v -0.011217 -0.010418 -0.022097
v -0.011217 -0.010418 -0.022097
v -0.009646 0.006034 -0.022188
v -0.013434 0.005236 -0.022194
v -0.008890 -0.010183 -0.022113
v -0.008890 -0.010183 -0.022113
v -0.008014 -0.010165 -0.021888
v -0.020821 -0.001270 -0.022113
v -0.011427 0.007261 -0.022143
v -0.010768 -0.008319 -0.022095
v -0.009262 -0.009017 -0.022048
v -0.012850 -0.011037 -0.022062
v -0.012850 -0.011037 -0.022062
v -0.007242 -0.009620 -0.022076
v -0.014324 0.007348 -0.022165
v -0.007897 -0.009841 -0.021767
v -0.007897 -0.009841 -0.021767
v -0.007462 -0.009213 -0.021656
v -0.014022 0.008393 -0.022412
v -0.007670 -0.009182 -0.021204
v -0.008065 -0.009453 -0.021447
v -0.008065 -0.009453 -0.021447
v -0.008065 -0.009453 -0.021447
v -0.011367 0.008250 -0.022351
v -0.009699 -0.008337 -0.021953
v -0.009299 -0.008545 -0.021854
v -0.009299 -0.008545 -0.021854
v -0.013592 -0.008547 -0.022066
v -0.012321 -0.007389 -0.021994
v -0.014839 0.009534 -0.022457
v -0.011628 -0.007035 -0.022014
v -0.011260 -0.007520 -0.021956
v -0.010468 -0.007517 -0.021905
v -0.010722 -0.007147 -0.021908
v -0.015824 0.008201 -0.022404
v -0.010041 -0.007437 -0.021596
v -0.010041 -0.007437 -0.021596
v -0.010577 -0.006849 -0.022059
v -0.010022 -0.006768 -0.021978
v -0.009888 -0.007079 -0.021566
v -0.017298 0.008970 -0.022490
v -0.010083 -0.006334 -0.022133
v -0.009050 -0.005616 -0.022090
v -0.012259 -0.006368 -0.022154
v -0.014022 -0.007361 -0.021993
v -0.014533 -0.013078 -0.022019
v -0.014533 -0.013078 -0.022019
v -0.017427 0.007330 -0.022156
v -0.019880 0.008071 -0.022393
v -0.018015 0.008387 -0.022462
v -0.020747 0.004777 -0.022140
v -0.020754 0.006362 -0.022141
v -0.020305 0.007553 -0.022161
v -0.020611 0.008272 -0.022355
v -0.019618 -0.016711 -0.021937
v -0.020200 0.008754 -0.022504
v -0.020139 0.010166 -0.022537
v -0.019890 0.012105 -0.022487
v -0.020589 0.012057 -0.022397
v -0.021327 -0.003211 -0.022029
v -0.021219 -0.013799 -0.021912
v -0.021049 -0.011009 -0.021904
v -0.021538 -0.012365 -0.021830
v -0.017561 0.004278 -0.022158
v -0.020875 0.002259 -0.022115
v -0.001429 -0.001244 -0.022393
v -0.012968 0.020720 -0.022368
v -0.012623 0.021072 -0.022306
v -0.021055 -0.008468 -0.021929
v 0.001240 0.002850 -0.022402
v -0.014382 0.016427 -0.022388
v -0.020205 -0.007232 -0.021916
v -0.019973 0.014826 -0.022479
v -0.019736 0.016786 -0.022480
v -0.021488 -0.009467 -0.021827
v -0.021359 -0.007360 -0.021817
v -0.017824 0.020474 -0.022458
v -0.006677 0.003023 -0.022310
v -0.007651 0.003707 -0.022154
v -0.007651 0.003707 -0.022154
v -0.020989 -0.006004 -0.022083
v -0.006767 0.004363 -0.022274
v -0.007333 0.004453 -0.022069
v -0.007333 0.004453 -0.022069
v -0.008096 0.004371 -0.022143
v -0.007607 0.004847 -0.021938
v -0.007607 0.004847 -0.021938
v -0.007607 0.004847 -0.021938
v -0.006922 0.005282 -0.022089
v -0.005453 0.004967 -0.022329
v -0.020699 -0.020365 -0.021879
v -0.021493 -0.019879 -0.021889
v -0.021057 -0.018279 -0.021924
v -0.005984 0.005679 -0.022277
v -0.004246 0.006512 -0.022312
v -0.021771 -0.017994 -0.021816
v -0.021771 -0.017994 -0.021816
v -0.021387 -0.016250 -0.021910
v -0.005285 0.006562 -0.022214
v -0.006047 0.006164 -0.022073
v -0.005170 0.006987 -0.021959
v -0.019889 0.018736 -0.022488
v -0.006761 0.005758 -0.021788
v -0.007259 0.005281 -0.021732
v -0.008099 0.005361 -0.021938
v -0.008099 0.005361 -0.021938
v -0.008945 0.005751 -0.022164
v -0.002782 0.007731 -0.022244
v -0.002782 0.007731 -0.022244
v -0.003959 0.007557 -0.022161
v -0.003959 0.007557 -0.022161
v -0.000390 0.010661 -0.022258
v -0.020389 0.016635 -0.022393
v -0.015106 0.020801 -0.022406
v -0.016758 0.020868 -0.022439
v -0.006865 -0.008977 -0.022026
v -0.015430 0.021327 -0.022277
v -0.019330 0.020873 -0.022477
v -0.018010 0.021105 -0.022394
v -0.020031 0.020366 -0.022466
v -0.004487 0.007583 -0.022013
v -0.004487 0.007583 -0.022013
v -0.004866 0.007762 -0.021893
v -0.005164 0.007422 -0.021441
v -0.005164 0.007422 -0.021441
v -0.022154 0.006607 -0.020955
v -0.021625 0.007898 -0.021331
v -0.021692 0.006790 -0.021726
v -0.021764 0.008186 -0.020581
v -0.021431 0.008118 -0.021735
v -0.021699 0.009004 -0.021148
v -0.022491 -0.005419 -0.019032
v -0.022451 -0.004623 -0.020643
v -0.022462 -0.006792 -0.020603
v -0.022435 -0.004031 -0.018420
v -0.022713 -0.010132 -0.018282
v -0.022735 -0.010929 -0.020184
v -0.022678 -0.011504 -0.017269
v -0.021200 0.009017 -0.022116
v -0.022700 -0.008107 -0.019577
v -0.020900 0.009734 -0.022319
v -0.021240 0.009643 -0.022107
v -0.021031 0.011080 -0.022186
v -0.021625 0.010174 -0.021375
v -0.021546 0.012556 -0.021423
v -0.020972 0.012713 -0.022168
v -0.021191 0.012856 -0.021754
v -0.021769 0.010262 -0.020682
v -0.021718 0.011624 -0.020988
v -0.022613 -0.008276 -0.016002
v -0.022484 -0.007433 -0.016557
v -0.022501 -0.007207 -0.018917
v -0.021611 -0.001993 -0.021900
v -0.021870 -0.002763 -0.021774
v -0.021949 -0.001370 -0.021647
v -0.021679 -0.000805 -0.021884
v -0.021903 0.000628 -0.021692
v -0.022433 -0.006328 -0.017852
v -0.021482 0.001468 -0.021949
v -0.017375 -0.021864 -0.020874
v -0.016547 -0.021624 -0.021321
v -0.022458 -0.005813 -0.016518
v -0.022349 -0.000543 -0.015196
v -0.021709 0.002654 -0.021836
v -0.022424 -0.005467 -0.013657
v -0.022134 -0.003965 -0.021463
v -0.021849 -0.004738 -0.021801
v -0.021511 0.003967 -0.021935
v -0.022262 -0.002288 -0.021082
v -0.022172 0.002561 -0.021116
v -0.021902 0.003816 -0.021597
v -0.022389 -0.001219 -0.020501
v -0.022587 -0.010250 -0.013207
v -0.022587 -0.010250 -0.013207
v -0.022649 -0.012124 -0.015181
v -0.022650 -0.012117 -0.015174
v -0.022383 -0.006958 -0.014147
v -0.020518 0.013946 -0.022397
v -0.022493 -0.008047 -0.011457
v -0.022493 -0.008047 -0.011457
v -0.022503 -0.010535 -0.010359
v -0.022411 -0.007439 -0.011612
v -0.022379 -0.006603 -0.010740
v -0.007736 0.005445 -0.021406
v -0.007736 0.005445 -0.021406
v -0.007520 0.005500 -0.021094
v -0.007520 0.005500 -0.021094
v -0.020962 0.014089 -0.022125
v -0.006912 0.005701 -0.021146
v -0.021138 0.013772 -0.021813
v -0.022340 -0.007435 -0.010424
v -0.022340 -0.007435 -0.010424
v -0.006008 0.006490 -0.021568
v -0.020792 0.015067 -0.022277
v -0.005357 0.007049 -0.021378
v -0.022416 -0.008722 -0.009176
v -0.005761 0.006608 -0.020601
v -0.006498 0.006200 -0.020032
v -0.021118 0.015348 -0.021995
v -0.020843 0.015967 -0.022193
v -0.020910 0.016816 -0.022145
v -0.009138 0.006326 -0.021995
v -0.021449 0.016372 -0.021566
v -0.008755 0.006259 -0.021689
v -0.008755 0.006259 -0.021689
v -0.021532 0.014574 -0.021363
v -0.008626 0.006371 -0.021212
v -0.021713 0.013958 -0.020882
v -0.021628 0.015527 -0.021152
v -0.009237 0.006957 -0.021739
v -0.009237 0.006957 -0.021739
v -0.021710 0.016095 -0.020517
v -0.006867 -0.008730 -0.021706
v -0.021534 0.018331 -0.021447
v -0.020885 0.017918 -0.022240
v -0.021291 0.017506 -0.021843
v -0.020969 0.019490 -0.022119
v -0.020656 0.019522 -0.022311
v -0.020312 0.021273 -0.022358
v -0.021048 0.020335 -0.022073
v -0.021036 0.021015 -0.021995
v -0.021584 0.020314 -0.021178
v -0.005406 0.008180 -0.021342
v -0.021863 -0.008430 -0.021668
v -0.021708 0.018416 -0.020800
v -0.005326 0.007236 -0.020459
v -0.005326 0.007236 -0.020459
v -0.005311 0.007584 -0.019892
v -0.005469 0.007239 -0.019831
v -0.005469 0.007239 -0.019831
v -0.006123 -0.007989 -0.021385
v -0.006016 -0.006701 -0.021413
v -0.005789 -0.007458 -0.021155
v -0.005789 -0.007458 -0.021155
v -0.021709 0.020565 -0.018388
v -0.021691 0.020181 -0.020361
v -0.005651 0.008643 -0.021760
v -0.006812 -0.005665 -0.021728
v -0.006895 -0.005814 -0.020868
v -0.021757 -0.005779 -0.021856
v -0.005652 0.008171 -0.020369
v -0.006318 0.009012 -0.020421
v -0.006102 0.008429 -0.020012
v -0.006741 0.009448 -0.020997
v -0.007696 0.009160 -0.021362
v -0.006717 0.009420 -0.020145
v -0.007063 0.009439 -0.020284
v -0.007063 0.009439 -0.020284
v -0.009068 0.007964 -0.021520
v -0.009068 0.007964 -0.021520
v -0.007377 -0.005195 -0.021543
v -0.007176 0.009395 -0.020984
v -0.007176 0.009395 -0.020984
v -0.013997 0.021451 -0.022180
v -0.012796 0.021546 -0.022093
v -0.014393 0.021989 -0.021699
v -0.016281 0.021566 -0.022160
v -0.019874 -0.021492 -0.021361
v -0.018600 -0.021728 -0.021074
v -0.021196 -0.021008 -0.021625
v -0.014247 0.022280 -0.021191
v -0.016067 0.022165 -0.021503
v -0.020296 -0.021791 -0.020835
v -0.020078 -0.021912 -0.020238
v -0.015490 0.022392 -0.020771
v -0.013230 0.022350 -0.020700
v -0.021143 -0.021579 -0.021148
v -0.021659 -0.021248 -0.021303
v -0.021609 -0.020614 -0.021747
v -0.022195 -0.020582 -0.021499
v -0.021465 -0.021723 -0.020801
v -0.017659 0.021531 -0.022217
v -0.021489 -0.021824 -0.020315
v -0.022380 -0.020997 -0.020905
v -0.020097 0.021663 -0.022252
v -0.019083 0.021483 -0.022288
v -0.022741 -0.020430 -0.021097
v -0.022741 -0.020430 -0.021097
v -0.022503 -0.021311 -0.020193
v -0.019006 0.021868 -0.021980
v -0.017145 0.022256 -0.021459
v -0.022796 -0.020832 -0.020116
v -0.018661 0.022303 -0.021408
v -0.022408 -0.021546 -0.018999
v -0.021342 -0.021901 -0.018064
v -0.022881 -0.020787 -0.019050
v -0.019150 0.022489 -0.020723
v -0.008288 -0.009061 -0.020829
v -0.008288 -0.009061 -0.020829
v -0.007130 -0.008676 -0.020107
v -0.022358 -0.021399 -0.017835
v -0.007956 -0.009037 -0.020467
v -0.022256 -0.021462 -0.016901
v -0.021234 -0.021877 -0.016177
v -0.022816 -0.020805 -0.017406
v -0.008816 -0.008983 -0.021706
v -0.008816 -0.008983 -0.021706
v -0.020079 0.022115 -0.021718
v -0.008798 -0.008805 -0.021142
v -0.019850 0.022426 -0.021195
v -0.023000 -0.020255 -0.017335
v -0.008189 -0.009068 -0.019945
v -0.008189 -0.009068 -0.019945
v -0.008189 -0.009068 -0.019945
v -0.020008 0.022584 -0.019458
v -0.020008 0.022584 -0.019458
v -0.018897 0.022484 -0.019148
v -0.018897 0.022484 -0.019148
v -0.007934 -0.008950 -0.019880
v -0.007934 -0.008950 -0.019880
v -0.020115 0.022530 -0.020688
v -0.022214 -0.019591 -0.021674
v -0.022214 -0.019591 -0.021674
v -0.007124 -0.008473 -0.019659
v -0.007124 -0.008473 -0.019659
v -0.014822 0.022385 -0.019291
v -0.009474 -0.007970 -0.020958
v -0.009084 -0.008360 -0.020218
v -0.008447 -0.008807 -0.019793
v -0.008447 -0.008807 -0.019793
v -0.007845 0.005727 -0.020301
v -0.007645 0.005702 -0.019985
v -0.007645 0.005702 -0.019985
v -0.007091 0.006122 -0.019932
v -0.007506 0.005858 -0.019712
v -0.007506 0.005858 -0.019712
v -0.007506 0.005858 -0.019712
v -0.009040 -0.007907 -0.019680
v -0.009040 -0.007907 -0.019680
v -0.009463 -0.007703 -0.020066
v -0.022415 -0.018550 -0.021497
v -0.008314 -0.008574 -0.019559
v -0.007786 0.005962 -0.019662
v -0.007786 0.005962 -0.019662
v -0.006084 -0.007695 -0.019980
v -0.006084 -0.007695 -0.019980
v -0.007108 0.006381 -0.019657
v -0.007108 0.006381 -0.019657
v -0.007614 0.006183 -0.019581
v -0.006604 -0.008101 -0.019828
v -0.006604 -0.008101 -0.019828
v -0.005893 -0.007368 -0.020785
v -0.022865 -0.020120 -0.020641
v -0.022865 -0.020120 -0.020641
v -0.022883 -0.018151 -0.020403
v -0.022883 -0.018151 -0.020403
v -0.006006 -0.007276 -0.019619
v -0.006458 -0.006381 -0.020319
v -0.022433 -0.016147 -0.021337
v -0.022989 -0.019977 -0.019721
v -0.008609 0.006522 -0.020513
v -0.007887 0.005824 -0.020103
v -0.008022 0.005965 -0.020150
v -0.008060 0.006011 -0.020167
v -0.007238 -0.005511 -0.019823
v -0.006845 -0.006286 -0.019436
v -0.006845 -0.006286 -0.019436
v -0.017484 0.022388 -0.016609
v -0.017484 0.022388 -0.016609
v -0.022918 -0.019381 -0.017634
v -0.009018 0.007331 -0.020064
v -0.009018 0.007331 -0.020064
v -0.009250 0.007446 -0.021016
v -0.009250 0.007446 -0.021016
v -0.009411 0.007345 -0.021540
v -0.009411 0.007345 -0.021540
v -0.009411 0.007345 -0.021540
v -0.020175 0.022550 -0.018134
v -0.009089 0.007728 -0.020125
v -0.008369 0.006677 -0.019994
v -0.008369 0.006677 -0.019994
v -0.020599 0.021888 -0.021812
v -0.008237 0.008636 -0.020189
v -0.008087 0.008605 -0.019873
v -0.008828 0.007578 -0.019832
v -0.020958 0.022066 -0.021287
v -0.008017 0.008348 -0.019624
v -0.021409 0.021542 -0.020978
v -0.022337 -0.021366 -0.014979
v -0.006117 0.007026 -0.019586
v -0.006117 0.007026 -0.019586
v -0.020956 0.022205 -0.020770
v -0.020956 0.022205 -0.020770
v -0.005581 0.007434 -0.019433
v -0.005581 0.007434 -0.019433
v -0.005581 0.007434 -0.019433
v -0.021363 -0.021818 -0.014670
v -0.005538 0.007809 -0.019583
v -0.005840 0.007846 -0.019419
v -0.005840 0.007846 -0.019419
v -0.021599 0.021244 -0.019922
v -0.022689 -0.020877 -0.016078
v -0.021268 0.021962 -0.020425
v -0.006609 0.009078 -0.019772
v -0.006609 0.009078 -0.019772
v -0.022950 -0.020060 -0.016035
v -0.009255 -0.006335 -0.021579
v -0.006894 0.009330 -0.019871
v -0.006894 0.009330 -0.019871
v -0.007579 0.009026 -0.020122
v -0.021344 0.021958 -0.018940
v -0.022920 -0.020081 -0.014612
v -0.021028 0.022234 -0.019132
v -0.020484 0.022448 -0.020193
v -0.020484 0.022448 -0.020193
v -0.009839 -0.007444 -0.021156
v -0.009839 -0.007444 -0.021156
v -0.022506 -0.021127 -0.014251
v -0.009680 -0.007230 -0.020370
v -0.009680 -0.007230 -0.020370
v -0.009139 -0.006416 -0.020404
v -0.017149 -0.021944 -0.020153
v -0.022236 0.006644 -0.020446
v -0.022228 0.004186 -0.020838
v -0.009579 -0.007447 -0.019732
v -0.009579 -0.007447 -0.019732
v -0.009578 -0.007145 -0.019814
v -0.008790 -0.006522 -0.019522
v -0.022347 0.001949 -0.020402
v -0.022217 0.006663 -0.018505
v -0.021984 0.007634 -0.019555
v -0.009332 -0.007336 -0.019542
v -0.021826 0.008164 -0.018361
v -0.008455 -0.005803 -0.020918
v -0.008559 -0.005600 -0.021744
v -0.007753 -0.005209 -0.021352
v -0.007753 -0.005209 -0.021352
v -0.007688 -0.005362 -0.020633
v -0.007688 -0.005362 -0.020633
v -0.021996 0.007548 -0.016535
v -0.007295 -0.005463 -0.020813
v -0.008727 -0.006157 -0.019959
v -0.007764 -0.005435 -0.019704
v -0.007764 -0.005435 -0.019704
v -0.007973 -0.005852 -0.019435
v -0.007537 -0.005367 -0.019811
v -0.007360 -0.005615 -0.019442
v -0.007517 -0.005800 -0.019266
v -0.007517 -0.005800 -0.019266
v -0.021727 0.013605 -0.017373
v -0.022283 0.002407 -0.017760
v -0.022159 -0.016711 -0.021622
v -0.021762 0.013456 -0.014747
v -0.022753 -0.015158 -0.020657
v -0.022854 -0.016133 -0.020163
v -0.022200 0.006244 -0.016090
v -0.022090 -0.014946 -0.021653
v -0.022157 0.006694 -0.014955
v -0.022239 -0.013871 -0.021519
v -0.022824 -0.014131 -0.019772
v -0.022866 -0.016536 -0.019013
v -0.022866 -0.016536 -0.019013
v -0.021834 0.008237 -0.016103
v -0.021777 0.012426 -0.013226
v -0.022180 -0.012204 -0.021533
v -0.022559 -0.011010 -0.020891
v -0.022777 -0.012683 -0.020352
v -0.021861 0.008160 -0.011239
v -0.022151 0.006621 -0.010498
v -0.022838 -0.017516 -0.016795
v -0.022245 0.002749 -0.013183
v -0.022724 -0.014275 -0.017386
v -0.022721 -0.014275 -0.017386
v -0.021797 0.012184 -0.012005
v -0.021848 0.007595 -0.010266
v -0.021772 0.008389 -0.010267
v -0.022370 -0.003858 -0.012521
v -0.021267 -0.021885 -0.013194
v -0.022426 -0.005760 -0.010047
v -0.022382 -0.004789 -0.009386
v -0.022243 -0.006566 -0.009865
v -0.022151 -0.007222 -0.009673
v -0.022151 -0.007222 -0.009673
v -0.022087 -0.021525 -0.011619
v -0.022833 -0.019332 -0.015090
v -0.022841 -0.020093 -0.013690
v -0.022290 -0.000143 -0.008778
v -0.021691 0.017395 -0.016282
v -0.021242 -0.021919 -0.010355
v -0.022171 -0.021490 -0.010477
v -0.022452 -0.021141 -0.010643
v -0.022334 -0.003050 -0.008366
v -0.022441 -0.021060 -0.011735
v -0.022812 -0.019957 -0.011762
v -0.022701 -0.018655 -0.012389
v -0.022690 -0.019184 -0.010105
v -0.022637 -0.020398 -0.010514
v -0.022714 -0.019807 -0.009641
v -0.021653 0.021303 -0.017911
v -0.021704 0.021007 -0.016218
v -0.021447 0.021712 -0.017034
v -0.021342 0.021842 -0.017957
v -0.022693 -0.014399 -0.014511
v -0.020790 0.022397 -0.016096
v -0.021035 0.022147 -0.017698
v -0.021311 0.022059 -0.015743
v -0.022624 -0.015257 -0.011806
v -0.019850 0.022477 -0.014631
v -0.021704 0.021195 -0.013633
v -0.021576 0.021556 -0.015951
v -0.021729 0.021250 -0.014294
v -0.021383 0.021863 -0.013998
v -0.018983 0.022400 -0.013970
v -0.016622 0.022345 -0.014582
v -0.016622 0.022345 -0.014582
v -0.022191 0.005139 -0.008621
v -0.020642 0.022390 -0.014811
v -0.021034 0.022243 -0.015136
v -0.018105 0.022344 -0.012162
v -0.020100 0.022444 -0.012191
v -0.020773 0.022335 -0.013869
v -0.022091 0.006180 -0.009009
v -0.021703 0.021356 -0.012739
v -0.021516 0.021691 -0.011304
v -0.021342 0.006335 -0.008244
v -0.020778 0.006528 -0.008292
v -0.021302 0.007095 -0.009109
v -0.021818 0.006209 -0.008436
v -0.021202 0.007689 -0.009465
v -0.021684 0.007160 -0.009497
v -0.021562 0.007811 -0.009780
v -0.021840 0.009405 -0.009893
v -0.020116 0.007594 -0.009028
v -0.020474 0.007940 -0.009212
v -0.020337 0.007093 -0.008767
v -0.021041 0.008235 -0.009352
v -0.021534 0.008601 -0.009505
v -0.021292 0.008839 -0.009104
v -0.021591 0.005303 -0.021868
v -0.021897 0.005387 -0.021521
v -0.022490 -0.011498 -0.008381
v -0.022550 -0.013598 -0.009226
v -0.022441 -0.010018 -0.009214
v -0.021029 0.007722 -0.021996
v -0.021989 -0.011109 -0.021652
v -0.021713 0.021165 -0.011684
v -0.021472 0.006774 -0.021906
v -0.022186 -0.010373 -0.021525
v -0.021387 0.007552 -0.021785
v -0.022643 -0.009860 -0.020644
v -0.021843 0.011399 -0.009138
v -0.021743 0.009422 -0.009116
v -0.022319 -0.008487 -0.021325
v -0.021493 0.010017 -0.008057
v -0.022713 -0.008517 -0.020386
v -0.021850 0.010089 -0.008877
v -0.020509 0.008878 -0.008535
v -0.020419 0.009005 -0.008171
v -0.021745 0.011005 -0.007670
v -0.022551 -0.008016 -0.020725
v -0.021689 -0.007451 -0.021635
v -0.022082 -0.007428 -0.021205
v -0.022190 -0.006927 -0.021416
v -0.021799 0.012148 -0.007759
v -0.022460 -0.007372 -0.020505
v -0.021774 0.020118 -0.009128
v -0.022179 -0.005904 -0.021507
v -0.021826 0.014736 -0.007697
v -0.021767 0.021159 -0.010196
v -0.020740 0.022286 -0.011811
v -0.021106 0.022078 -0.010954
v -0.021526 0.021665 -0.010119
v -0.020297 0.022423 -0.010482
v -0.021073 0.022087 -0.009370
v -0.021754 0.021141 -0.007726
v -0.021830 0.021200 -0.008845
v -0.021750 0.021419 -0.009420
v -0.020450 0.022273 -0.008381
v -0.021328 0.021670 -0.007692
v -0.020792 0.021993 -0.007455
v -0.021367 0.021861 -0.006589
v -0.006217 0.007500 -0.019395
v -0.007854 0.006572 -0.019631
v -0.007650 0.007813 -0.019493
v -0.007916 -0.008786 -0.019627
v -0.007325 -0.008206 -0.019349
v -0.007747 -0.008061 -0.019289
v -0.008505 -0.007905 -0.019400
v -0.008190 -0.007327 -0.019215
v -0.006292 0.008176 -0.019592
v -0.006292 0.008176 -0.019592
v -0.006882 0.008590 -0.019529
v -0.008408 -0.006662 -0.019222
v -0.007428 0.008746 -0.019716
v -0.006541 -0.007638 -0.019321
v -0.006081 -0.007564 -0.019543
v -0.006081 -0.007564 -0.019543
v -0.006081 -0.007564 -0.019543
v -0.006419 -0.007195 -0.019271
v -0.006419 -0.007195 -0.019271
v -0.007122 -0.007319 -0.019147
v -0.007365 -0.006591 -0.019125
v -0.020006 0.007559 -0.008505
v -0.019938 0.007974 -0.008859
v -0.020316 0.006854 -0.008035
v -0.020447 0.006600 -0.008153
v -0.020227 0.007364 -0.008122
v -0.019939 0.008229 -0.008436
v -0.020236 0.008247 -0.007847
v -0.020257 0.008280 -0.008970
v -0.020067 0.008527 -0.008533
v -0.020170 0.008547 -0.008123
v -0.020267 0.008645 -0.007550
v 0.011145 0.006256 -0.022369
v 0.005085 0.014152 -0.022176
v 0.016268 0.016545 -0.022110
v 0.016268 0.016545 -0.022112
v 0.014287 0.018277 -0.022168
v 0.017852 0.018410 -0.022145
v 0.017852 0.018410 -0.022144
v 0.010902 0.016989 -0.022247
v 0.014331 0.013993 -0.022134
v 0.011914 0.006566 -0.022336
v 0.009133 0.013371 -0.022231
v 0.001377 0.017730 -0.022238
v 0.012543 0.007374 -0.022110
v -0.003350 0.015444 -0.022281
v 0.016323 0.020142 -0.022171
v 0.009075 0.016628 -0.022274
v 0.010853 0.007230 -0.022089
v 0.012471 0.020279 -0.022200
v 0.008646 0.004680 -0.022367
v 0.011470 0.010295 -0.022155
v 0.011470 0.010295 -0.022155
v 0.008808 0.010381 -0.022175
v 0.007797 0.012056 -0.022090
v 0.007725 0.011230 -0.022057
v 0.007906 0.004924 -0.022207
v 0.009270 0.005544 -0.022348
v 0.010188 0.006202 -0.022361
v 0.011452 0.020390 -0.022239
v 0.014258 0.020310 -0.022185
v 0.006469 0.014593 -0.022154
v 0.007668 0.014808 -0.022098
v 0.008518 0.014582 -0.022207
v 0.015389 0.020805 -0.022019
v 0.008583 0.005314 -0.022243
v 0.009198 0.006072 -0.022211
v 0.008479 0.005730 -0.021901
v 0.012303 0.020882 -0.022048
v 0.007412 0.004616 -0.021985
v 0.007115 0.004968 -0.021733
v 0.009772 0.006893 -0.022059
v 0.017195 0.020368 -0.022147
v 0.010024 0.007693 -0.022005
v 0.010024 0.007693 -0.022005
v 0.010023 0.007161 -0.021895
v 0.010023 0.007161 -0.021895
v 0.010506 0.008287 -0.022126
v 0.010506 0.008287 -0.022126
v 0.009539 0.008362 -0.022028
v 0.008823 0.009080 -0.022016
v -0.005219 0.018611 -0.022307
v 0.013352 0.009285 -0.022124
v 0.005637 0.017295 -0.022144
v 0.021104 0.014252 -0.022051
v -0.002012 0.020653 -0.022268
v 0.007720 0.019380 -0.022110
v 0.014331 0.013993 -0.022131
v 0.008725 0.020118 -0.022267
v -0.005376 0.015763 -0.022248
v 0.021052 0.016816 -0.022115
v 0.005047 0.020651 -0.022156
v 0.006519 0.020548 -0.022122
v 0.012708 0.012137 -0.022150
v 0.012708 0.012137 -0.022150
v 0.021510 0.015973 -0.022014
v -0.004298 0.020733 -0.022288
v 0.003874 0.020550 -0.022192
v 0.021171 0.018129 -0.022127
v 0.019094 0.020205 -0.022157
v 0.019094 0.020205 -0.022157
v 0.021097 0.019785 -0.022142
v -0.006751 0.020439 -0.022223
v 0.001088 0.020632 -0.022223
v 0.021008 0.020614 -0.022020
v 0.005976 0.005906 -0.022161
v 0.018434 0.020723 -0.022041
v 0.005506 0.007922 -0.021996
v 0.006301 0.008706 -0.022073
v 0.006000 0.007994 -0.021511
v 0.004549 0.007300 -0.022028
v 0.004549 0.007300 -0.022028
v 0.005059 0.007236 -0.021869
v 0.005059 0.007236 -0.021869
v 0.005227 0.007389 -0.021770
v 0.004040 0.007592 -0.022144
v 0.004040 0.007592 -0.022144
v 0.004881 0.008328 -0.022189
v 0.009917 0.020107 -0.022285
v 0.006263 0.009610 -0.022163
v 0.009278 0.020757 -0.022208
v 0.008148 0.009823 -0.021972
v 0.008017 0.010404 -0.022007
v 0.001205 0.021223 -0.022033
v 0.007513 0.010317 -0.022019
v 0.007765 0.009852 -0.021798
v 0.007902 0.009401 -0.021442
v 0.007902 0.009401 -0.021442
v -0.001086 0.021134 -0.022106
v 0.007257 0.009164 -0.021734
v 0.007153 0.009427 -0.022021
v -0.002802 0.021295 -0.022041
v 0.007842 0.020603 -0.022051
v -0.005832 0.021295 -0.022096
v -0.006076 0.020723 -0.022263
v 0.007996 0.020962 -0.021897
v 0.006810 0.021049 -0.021982
v 0.015178 0.015698 -0.022128
v 0.015178 0.015698 -0.022128
v -0.008225 0.021157 -0.022219
v -0.007234 0.021075 -0.022125
v -0.006671 0.021172 -0.022044
v -0.006470 0.021624 -0.021769
v -0.010107 0.021197 -0.022187
v -0.011501 0.021305 -0.022203
v 0.021681 0.021852 -0.001628
v 0.021470 0.022031 -0.003269
v 0.006489 0.022042 -0.017964
v 0.008274 0.021849 -0.014154
v 0.020917 0.022282 -0.002696
v 0.005632 0.022062 -0.012702
v 0.020937 0.022251 -0.000024
v 0.019528 0.022248 -0.004575
v 0.017509 0.022187 -0.006777
v 0.016358 0.022214 -0.006055
v 0.005374 0.021195 -0.021943
v 0.003844 0.021062 -0.022050
v 0.009866 0.021868 -0.011072
v 0.010192 0.021836 -0.015799
v 0.017061 0.022208 -0.002039
v 0.004336 0.022114 -0.019728
v 0.006269 0.022054 -0.020901
v 0.004601 0.022016 -0.021069
v 0.003053 0.022094 -0.020792
v 0.019099 0.022199 -0.006739
v 0.001283 0.022125 -0.018179
v 0.021190 0.022319 -0.003912
v 0.021004 0.022290 -0.006188
v 0.003751 0.021665 -0.021610
v 0.002961 0.021914 -0.021298
v 0.006541 0.005325 -0.022048
v 0.007893 0.005422 -0.021532
v 0.007148 0.005311 -0.021227
v 0.006768 0.005414 -0.021257
v 0.010734 0.020975 -0.022020
v 0.009108 0.006469 -0.021572
v 0.006980 0.005604 -0.020333
v 0.008142 0.005844 -0.020270
v 0.009511 0.021070 -0.022005
v 0.008778 0.006238 -0.020580
v 0.008426 0.021838 -0.011736
v 0.005710 0.006594 -0.021495
v 0.011294 0.021369 -0.021588
v 0.012440 0.021210 -0.021734
v 0.007147 0.021997 -0.012564
v 0.015941 0.021853 -0.007409
v 0.016254 0.022112 -0.006888
v 0.009803 0.007183 -0.021634
v 0.009803 0.007183 -0.021634
v 0.014860 0.022144 -0.006784
v 0.012650 0.021656 -0.021056
v 0.009412 0.006871 -0.021184
v 0.011453 0.021773 -0.020601
v 0.013396 0.021765 -0.020603
v 0.010858 0.021593 -0.021214
v 0.009456 0.008093 -0.021758
v 0.008503 0.021792 -0.010391
v 0.007601 0.021844 -0.010444
v 0.008198 0.021712 -0.010084
v 0.009231 0.007931 -0.021056
v 0.009231 0.007931 -0.021056
v 0.014057 0.022196 -0.005656
v 0.008962 0.008598 -0.021774
v 0.008962 0.008598 -0.021774
v 0.008261 0.009188 -0.021416
v 0.008261 0.009188 -0.021416
v 0.006205 0.022042 -0.009964
v 0.009485 0.007219 -0.021049
v 0.009485 0.007219 -0.021049
v 0.008462 0.006184 -0.019782
v 0.009376 0.007109 -0.019848
v 0.009729 0.021684 -0.021095
v 0.008445 0.021566 -0.021279
v 0.009328 0.007536 -0.020051
v 0.009328 0.007536 -0.020051
v 0.009328 0.007536 -0.020051
v 0.013665 0.021789 -0.018908
v 0.009466 0.021814 -0.020310
v 0.008594 0.008588 -0.020330
v 0.008557 0.008306 -0.019842
v 0.008258 0.009055 -0.019852
v 0.008140 0.009188 -0.020513
v 0.018211 0.022256 0.001803
v 0.008451 0.021778 -0.020705
v 0.020723 0.022252 0.002256
v 0.008300 0.021825 -0.019518
v 0.007799 0.021481 -0.009736
v 0.007251 0.021832 -0.009974
v 0.007264 0.021323 -0.009163
v 0.007500 0.020256 -0.009033
v 0.007702 0.020981 -0.009346
v 0.008002 0.020835 -0.009282
v 0.008321 0.021298 -0.009368
v 0.007052 0.021744 -0.021430
v 0.005956 0.021576 -0.021657
v 0.006380 0.021750 -0.008642
v 0.005939 0.021990 -0.008855
v 0.007149 0.020055 -0.008791
v 0.006426 0.020247 -0.008064
v 0.006520 0.021174 -0.008346
v 0.007459 0.021961 -0.020864
v 0.005564 0.021248 -0.007429
v 0.006835 0.022064 -0.019892
v 0.004799 0.022050 -0.008412
v 0.005316 0.021819 -0.007870
v 0.003052 0.022109 -0.010173
v 0.005581 0.006983 -0.021346
v 0.005581 0.006983 -0.021346
v -0.001667 0.022164 -0.012861
v 0.005599 0.007557 -0.021457
v -0.000921 0.022146 -0.008449
v 0.013753 0.022173 -0.000604
v 0.010747 0.022218 0.006290
v 0.017246 0.022242 0.004122
v 0.022812 0.020026 -0.017630
v 0.022837 0.020257 -0.016172
v 0.022721 0.020485 -0.017629
v 0.022599 0.020975 -0.020139
v 0.022337 0.021419 -0.018994
v 0.022426 0.021098 -0.017678
v 0.021879 0.021761 -0.019126
v 0.022022 0.021711 -0.018393
v 0.021693 0.021804 -0.017271
v 0.021555 0.021707 -0.020335
v 0.007323 0.009041 -0.021207
v 0.022450 0.021134 -0.016452
v 0.007842 0.009209 -0.020816
v 0.007842 0.009209 -0.020816
v 0.021930 0.021679 -0.017291
v 0.021074 0.021750 -0.016577
v 0.019636 0.021745 -0.018603
v 0.022779 0.020096 -0.014014
v 0.010388 0.021867 -0.009156
v 0.008945 0.021705 -0.009562
v 0.021373 0.022028 0.000093
v 0.008753 0.021199 -0.008958
v -0.000616 0.022129 -0.015689
v 0.021506 0.021994 0.002830
v 0.021343 0.022082 0.001578
v 0.021912 0.021632 -0.015651
v 0.022365 0.021167 -0.014356
v 0.021554 0.021762 -0.015358
v 0.021544 0.021786 -0.014303
v 0.022393 0.021102 -0.012223
v 0.018571 0.021764 -0.018434
v 0.007351 0.019702 -0.005168
v 0.007796 0.019920 -0.005635
v 0.007439 0.019695 -0.005719
v 0.007536 0.020117 -0.005143
v 0.007783 0.005964 -0.019912
v 0.006961 0.019708 -0.005453
v 0.007069 0.020060 -0.005107
v 0.007069 0.020060 -0.005107
v 0.006683 0.020019 -0.005582
v 0.006607 0.021002 -0.005532
v 0.006156 0.006292 -0.020157
v 0.006663 0.005976 -0.019972
v 0.005708 0.006905 -0.020594
v 0.005708 0.006905 -0.020594
v 0.005668 0.007140 -0.019717
v 0.005668 0.007140 -0.019717
v 0.005832 0.007183 -0.019529
v 0.005832 0.007183 -0.019529
v 0.009069 0.022153 -0.004795
v 0.008910 0.007075 -0.019543
v 0.009202 0.007369 -0.019617
v 0.009202 0.007369 -0.019617
v 0.008773 0.007405 -0.019451
v 0.008773 0.007405 -0.019451
v 0.008144 0.008583 -0.019661
v 0.008144 0.008583 -0.019661
v 0.008029 0.009182 -0.019880
v 0.008029 0.009182 -0.019880
v 0.008029 0.009182 -0.019880
v 0.007674 0.008556 -0.019681
v 0.007674 0.008556 -0.019681
v 0.007876 0.007876 -0.019483
v 0.009123 0.021851 -0.006312
v 0.009213 0.020547 -0.006930
v 0.008526 0.021370 -0.006013
v 0.008352 0.020195 -0.006068
v 0.008073 0.021133 -0.005571
v 0.005670 0.007404 -0.020480
v 0.009813 0.021976 -0.006701
v 0.009591 0.022081 -0.006305
v 0.010275 0.022153 -0.006106
v 0.010466 0.022096 -0.006739
v 0.006234 0.008084 -0.020656
v 0.008605 0.022036 -0.005441
v 0.006200 0.007770 -0.020028
v 0.005759 0.007360 -0.019710
v 0.008234 0.021845 -0.005349
v 0.007601 0.021304 -0.005129
v 0.006531 0.007613 -0.019591
v 0.006531 0.007613 -0.019591
v 0.007579 0.021620 -0.004946
v 0.007249 0.020842 -0.005046
v 0.006902 0.008536 -0.019795
v 0.007039 0.021293 -0.005045
v 0.007039 0.021293 -0.005045
v 0.007577 0.008891 -0.019984
v 0.007040 0.008216 -0.019532
v 0.007040 0.008216 -0.019532
v 0.008150 0.022088 -0.004506
v 0.007970 0.022096 -0.003694
v 0.008668 0.022192 0.002885
v 0.007687 0.021907 -0.004530
v 0.016238 0.022230 0.006406
v 0.017639 0.022254 0.007459
v 0.021950 0.017006 -0.021847
v 0.022476 0.016219 -0.021150
v 0.018602 0.021803 -0.012653
v 0.022696 0.016996 -0.020580
v 0.012166 0.021874 -0.008557
v 0.015938 0.021765 -0.017506
v 0.022584 0.018913 -0.020941
v 0.021979 0.018688 -0.021815
v 0.007399 0.022075 -0.000542
v 0.007399 0.022075 -0.000542
v 0.006690 0.022094 -0.002307
v 0.006690 0.022094 -0.002307
v 0.022759 0.018731 -0.020399
v 0.021883 0.019494 -0.021910
v 0.021671 0.020442 -0.021916
v 0.022011 0.020587 -0.021425
v 0.014993 0.022188 0.007361
v 0.021661 0.021542 -0.021102
v 0.022709 0.020162 -0.020819
v 0.015588 0.022417 0.008223
v 0.013316 0.022324 0.008200
v 0.006667 0.022091 0.001899
v 0.005562 0.022164 0.000763
v 0.022412 0.020825 -0.020960
v 0.022838 0.020050 -0.019368
v 0.011805 0.022152 0.007381
v 0.020175 0.022287 0.006114
v 0.022052 0.021522 -0.020546
v 0.007822 0.022107 0.001351
v 0.007822 0.022107 0.001351
v 0.008669 0.022198 0.002887
v 0.019759 0.021846 -0.007421
v 0.019386 0.022252 0.007353
v 0.019587 0.020876 -0.021893
v 0.019587 0.020876 -0.021893
v 0.016912 0.020935 -0.021923
v 0.019194 0.022496 0.008360
v 0.018700 0.021384 -0.021469
v 0.009270 0.022216 0.004870
v 0.009270 0.022216 0.004870
v 0.020577 0.021419 -0.021390
v 0.020577 0.021419 -0.021390
v 0.007150 0.022070 0.003704
v 0.008210 0.022117 0.004487
v 0.019450 0.021646 -0.020997
v 0.020488 0.021725 -0.020751
v 0.017544 0.022486 0.009931
v 0.007208 0.021945 0.004726
v 0.007765 0.021874 0.005076
v 0.008574 0.022075 0.005226
v 0.009584 0.022177 0.006144
v 0.009584 0.022177 0.006144
v 0.005889 0.022119 0.004569
v 0.008431 0.020610 -0.008983
v 0.007896 0.020039 -0.008956
v 0.006618 0.021961 0.004812
v 0.004741 0.022094 0.006275
v -0.004972 0.022220 -0.009789
v -0.004368 0.022194 -0.008804
v -0.005754 0.022226 -0.011283
v -0.005473 0.022242 -0.015672
v -0.006257 0.022174 -0.013657
v -0.007096 0.022075 -0.010623
v 0.012481 0.021849 -0.007505
v -0.005975 0.021991 -0.009596
v -0.007043 0.021905 -0.010001
v -0.002676 0.021998 -0.007358
v -0.003799 0.021962 -0.007649
v -0.004146 0.021912 -0.007040
v -0.004717 0.022021 -0.006365
v -0.004717 0.022021 -0.006365
v -0.003201 0.022080 -0.006312
v -0.003201 0.022080 -0.006312
v -0.006218 0.022080 -0.004576
v -0.006010 0.021755 -0.009244
v -0.006883 0.021590 -0.009672
v -0.006883 0.021590 -0.009672
v -0.007621 0.021917 -0.009825
v -0.007621 0.021917 -0.009825
v -0.007255 0.021560 -0.009606
v -0.007328 0.020641 -0.009291
v -0.007328 0.020641 -0.009291
v -0.006907 0.021087 -0.009499
v -0.006907 0.021087 -0.009499
v -0.006133 0.021218 -0.008973
v -0.007773 0.021598 -0.009296
v 0.011767 0.022143 -0.006753
v -0.007932 0.020864 -0.008826
v -0.004693 0.021420 -0.022031
v -0.009089 0.020936 -0.007816
v -0.007912 0.020038 -0.008875
v -0.008752 0.021760 -0.008453
v -0.005172 0.021860 -0.021653
v -0.003392 0.021753 -0.021720
v 0.010625 0.021654 -0.007349
v 0.011152 0.021761 -0.007481
v 0.010434 0.021505 -0.007543
v -0.005218 0.021746 -0.008432
v -0.004420 0.021713 -0.007745
v -0.004777 0.022018 -0.008453
v -0.005573 0.020946 -0.008283
v 0.009491 0.020936 -0.007859
v 0.009289 0.021449 -0.008585
v 0.009058 0.020863 -0.008325
v 0.010329 0.021727 -0.008219
v -0.005376 0.020767 -0.007808
v -0.004561 0.021562 -0.007492
v -0.004765 0.021503 -0.007183
v -0.005542 0.020834 -0.006961
v 0.009747 0.021279 -0.007039
v 0.009760 0.021056 -0.007307
v -0.005753 0.021661 -0.006322
v -0.005093 0.021836 -0.006619
v -0.005780 0.022200 -0.021061
v -0.004047 0.022085 -0.021267
v -0.006912 0.021933 -0.021365
v -0.007910 0.021912 -0.021642
v -0.005774 0.022099 -0.002475
v -0.002094 0.022120 -0.003599
v -0.007030 0.022171 -0.020666
v -0.007661 0.020125 -0.005349
v -0.007320 0.020060 -0.005363
v -0.007320 0.020060 -0.005363
v -0.007485 0.019884 -0.005590
v -0.007892 0.020012 -0.005965
v -0.007419 0.020891 -0.005130
v -0.007419 0.020891 -0.005130
v -0.006795 0.021143 -0.005602
v -0.007866 0.022208 -0.021081
v -0.007823 0.022285 -0.020510
v -0.005823 0.022257 -0.020466
v -0.008591 0.020423 -0.006559
v -0.008491 0.021517 -0.005966
v -0.008158 0.020322 -0.005976
v -0.007736 0.021411 -0.005137
v -0.006782 0.022158 -0.018599
v -0.005384 0.022257 -0.019135
v -0.009175 0.021763 -0.006505
v -0.008696 0.021921 -0.005727
v -0.007370 0.021418 -0.005022
v -0.007370 0.021418 -0.005022
v -0.007370 0.021418 -0.005022
v -0.007884 0.021723 -0.004984
v -0.008348 0.022023 -0.004794
v -0.009171 0.022112 -0.005224
v -0.006168 0.021073 -0.006314
v -0.005830 0.022008 -0.005752
v -0.005830 0.022008 -0.005752
v -0.006260 0.020257 -0.006398
v -0.008777 0.021859 -0.021721
v -0.006833 0.021663 -0.005127
v -0.006833 0.021663 -0.005127
v -0.011781 0.022008 -0.021615
v -0.010277 0.021880 -0.021723
v -0.009266 0.022085 -0.021453
v -0.010365 0.022212 -0.021272
v -0.006909 0.021929 -0.004371
v -0.007188 0.021979 -0.003652
v -0.007188 0.021979 -0.003652
v 0.015125 0.021341 -0.021543
v 0.014100 0.021546 -0.021340
v -0.007526 0.021882 -0.004502
v -0.007526 0.021882 -0.004502
v -0.009598 0.022317 -0.020697
v -0.004362 0.022229 -0.020672
v -0.003122 0.022195 -0.020900
v 0.017106 0.021484 -0.021326
v 0.018132 0.021677 -0.021011
v -0.007391 0.021995 -0.001166
v -0.007391 0.021995 -0.001166
v 0.017158 0.021756 -0.020626
v 0.018489 0.021759 -0.020475
v -0.009013 0.022125 -0.003970
v -0.008475 0.022268 -0.015800
v -0.011184 0.022323 -0.020894
v -0.011901 0.022236 -0.021190
v 0.004784 0.021756 -0.007275
v 0.005305 0.021517 -0.006887
v -0.012372 0.022324 -0.019035
v 0.006186 0.020545 -0.006184
v 0.005864 0.021167 -0.006359
v 0.006045 0.020417 -0.006598
v 0.005609 0.021742 -0.006323
v 0.006289 0.021743 -0.005591
v 0.005388 0.022010 -0.006150
v 0.005388 0.022010 -0.006150
v 0.015765 0.021619 -0.021123
v 0.005648 0.022120 -0.005107
v 0.003852 0.022108 -0.006390
v 0.003852 0.022108 -0.006390
v 0.014824 0.021756 -0.020755
v -0.000003 0.022009 -0.007349
v 0.002435 0.021979 -0.007452
v 0.003903 0.021926 -0.007389
v -0.007325 0.022151 -0.012963
v 0.001386 0.022126 -0.005991
v 0.001386 0.022123 -0.005991
v 0.001112 0.021830 -0.021496
v 0.001103 0.022060 -0.021046
v -0.000749 0.022096 -0.006111
v -0.000749 0.022096 -0.006111
v 0.000725 0.022152 -0.020584
v -0.000350 0.021588 -0.021774
v -0.000387 0.021958 -0.021374
v -0.001644 0.021838 -0.021607
v -0.001338 0.022179 -0.020841
v -0.002496 0.022046 -0.021302
v 0.006350 0.021928 -0.005236
v 0.006350 0.021928 -0.005236
v 0.006988 0.021718 -0.004791
v 0.006988 0.021718 -0.004791
v 0.006988 0.021718 -0.004791
v 0.006954 0.021955 -0.004407
v 0.006954 0.021955 -0.004407
v 0.007034 0.022046 -0.003754
v 0.007034 0.022046 -0.003754
v -0.014783 0.022320 -0.016749
v -0.011291 0.022271 -0.012091
v -0.011291 0.022271 -0.012091
v -0.013543 0.022311 -0.013962
v -0.013543 0.022311 -0.013962
v 0.003214 0.022171 0.001051
v 0.001278 0.022148 0.002454
v -0.013192 0.022256 -0.008507
v -0.008191 0.022202 -0.010641
v -0.008191 0.022202 -0.010641
v -0.016512 0.022313 -0.008525
v 0.008492 0.021814 -0.018054
v -0.008452 0.021979 -0.008998
v -0.009260 0.022178 -0.008904
v -0.009473 0.022034 -0.008250
v -0.011001 0.022165 -0.008194
v -0.005975 0.022087 0.004616
v -0.011949 0.022056 -0.007376
v -0.011312 0.022109 -0.006284
v 0.022758 0.020209 -0.012132
v 0.022701 0.020206 -0.010403
v -0.018916 0.022096 -0.005216
v -0.016950 0.022071 -0.007392
v 0.022402 0.021157 -0.010489
v 0.022127 0.021409 -0.011069
v 0.021782 0.021677 -0.012660
v 0.021379 0.021774 -0.012568
v -0.009482 0.021605 -0.007612
v 0.021495 0.021782 -0.011047
v -0.009487 0.021499 -0.007178
v -0.010291 0.021920 -0.007490
v -0.009853 0.021853 -0.006991
v -0.009916 0.022044 -0.006455
v 0.022673 0.020128 -0.007999
v 0.022312 0.021210 -0.009187
v 0.021718 0.021688 -0.009888
v 0.022347 0.020974 -0.008167
v 0.021638 0.021625 -0.008519
v 0.021043 0.021807 -0.008214
v 0.022171 0.020422 -0.007060
v 0.021781 0.021507 -0.007733
v 0.022045 0.021025 -0.007305
v 0.021254 0.021853 -0.007370
v -0.019165 0.022366 -0.009360
v 0.022157 0.019780 -0.006959
v -0.017987 0.022263 -0.008081
v 0.022172 0.020690 -0.006089
v 0.021836 0.021436 -0.007066
v 0.021584 0.022020 -0.006314
v 0.021837 0.021769 -0.006104
v -0.018871 0.022088 -0.007409
v -0.019822 0.022347 -0.008398
v 0.022214 0.020596 -0.004392
v -0.020073 0.022117 -0.007208
v 0.021939 0.021507 -0.004299
v 0.021455 0.022255 -0.004234
v 0.020348 0.022163 -0.006869
v 0.022023 0.021259 -0.003275
v 0.008242 0.019945 -0.006491
v 0.008435 0.020154 -0.007304
v 0.007671 0.020177 -0.007267
v 0.007321 0.020103 -0.006711
v 0.007675 0.019886 -0.006204
v 0.007869 0.020139 -0.007685
v 0.006924 0.020005 -0.007772
v 0.006696 0.020164 -0.007178
v 0.006361 0.020203 -0.006930
v 0.006599 0.019866 -0.006386
v 0.006912 0.019622 -0.005868
v 0.008181 0.006399 -0.019503
v 0.006569 0.019809 -0.006015
v 0.007169 0.006532 -0.019652
v 0.007096 0.007322 -0.019485
v 0.008754 0.020072 -0.006817
v 0.008236 0.006912 -0.019403
v -0.006007 0.019903 -0.008412
v -0.006251 0.020369 -0.008906
v -0.006695 0.019920 -0.009044
v -0.007293 0.020056 -0.009196
v -0.007293 0.020056 -0.009196
v -0.006776 0.019585 -0.008581
v -0.006221 0.019622 -0.008392
v -0.006440 0.019620 -0.008125
v -0.007512 0.019582 -0.008511
v -0.007512 0.019582 -0.008511
v -0.007668 0.019799 -0.008958
v -0.007320 0.019624 -0.008888
v -0.007320 0.019624 -0.008888
v -0.007970 0.019665 -0.008496
v -0.006291 0.020026 -0.007649
v -0.007176 0.019877 -0.007777
v -0.007176 0.019877 -0.007777
v -0.007960 0.019809 -0.007886
v -0.005818 0.020286 -0.007594
v -0.006364 0.020111 -0.007090
v -0.006798 0.020134 -0.007289
v -0.006798 0.020134 -0.007289
v -0.006083 0.020205 -0.006714
v -0.008578 0.020046 -0.008177
v -0.008538 0.019877 -0.007874
v 0.008336 0.020103 -0.008729
v 0.008728 0.020427 -0.008581
v 0.008813 0.020330 -0.007920
v 0.008267 0.020043 -0.008351
v 0.007590 0.019827 -0.008554
v 0.006992 0.019918 -0.008387
v -0.007951 0.020023 -0.007239
v -0.007902 0.019994 -0.006396
v -0.007146 0.020117 -0.006780
v -0.007146 0.020117 -0.006780
v -0.008252 0.020061 -0.006524
v -0.006575 0.019979 -0.006392
v -0.007243 0.019943 -0.006074
v -0.007243 0.019943 -0.006074
v -0.008827 0.020071 -0.007774
v -0.008526 0.020145 -0.007101
v -0.009025 0.020355 -0.007565
v 0.009230 0.020477 -0.007176
v 0.006399 0.020118 -0.007663
v 0.006046 0.020322 -0.007614
v -0.006761 -0.013834 0.022118
v -0.007016 -0.014836 0.022164
v 0.000051 -0.014846 0.022116
v -0.000118 -0.015828 0.022177
v -0.007549 -0.013540 0.022290
v -0.001482 -0.015515 0.022161
v -0.005684 -0.014323 0.022221
v -0.005035 -0.013687 0.022261
v -0.016160 -0.020399 0.022448
v -0.017101 -0.021021 0.022492
v -0.016434 -0.021241 0.022430
v -0.017164 -0.019590 0.022460
v -0.005829 -0.012980 0.022185
v -0.016572 -0.019726 0.022422
v 0.012893 -0.021001 0.021757
v 0.011670 -0.020844 0.021871
v 0.012391 -0.021357 0.021480
v -0.002288 -0.016170 0.022155
v -0.002406 -0.014833 0.022174
v 0.012826 -0.020313 0.022027
v -0.004589 -0.012373 0.022206
v -0.017164 -0.019590 0.022461
v -0.006795 -0.012449 0.022086
v -0.000366 -0.014067 0.022080
v 0.010888 -0.021045 0.021829
v 0.011474 -0.021699 0.021147
v -0.016318 -0.018942 0.022421
v -0.016318 -0.018942 0.022421
v 0.011179 -0.020173 0.022052
v -0.016253 -0.018295 0.022408
v -0.000367 -0.013014 0.022114
v -0.017558 -0.018457 0.022503
v 0.001493 -0.014433 0.022065
v 0.002906 -0.015055 0.022095
v 0.002146 -0.013613 0.022116
v 0.011937 -0.019873 0.022037
v -0.009909 -0.018773 0.022372
v -0.009865 -0.017573 0.022291
v 0.003341 -0.013995 0.022102
v -0.008674 -0.018258 0.022270
v -0.009178 -0.017191 0.022244
v -0.007323 -0.012845 0.022238
v -0.008068 -0.013146 0.022295
v -0.008068 -0.013146 0.022295
v -0.010128 -0.016864 0.022308
v -0.006019 -0.012194 0.022174
v -0.011123 -0.018047 0.022289
v 0.001358 -0.013291 0.022152
v 0.004743 -0.021174 0.021895
v 0.004141 -0.021403 0.021767
v 0.005151 -0.021420 0.021721
v 0.008458 -0.020949 0.021648
v 0.008539 -0.021734 0.021141
v 0.009056 -0.021016 0.021828
v 0.009328 -0.021727 0.021213
v 0.009758 -0.020958 0.021974
v 0.010242 -0.021096 0.021712
v 0.000381 -0.014153 0.022104
v 0.003114 -0.013377 0.022093
v -0.012534 -0.021254 0.022260
v -0.013180 -0.021356 0.022225
v -0.013718 -0.021792 0.021959
v -0.013880 -0.021413 0.022280
v -0.012938 -0.020903 0.022369
v 0.010414 -0.020177 0.022099
v -0.007666 -0.012133 0.022278
v -0.007666 -0.012133 0.022278
v -0.013506 -0.020885 0.022370
v 0.002552 -0.012659 0.022042
v -0.006951 -0.011359 0.022153
v -0.006951 -0.011359 0.022153
v -0.012410 -0.020643 0.022351
v 0.009449 -0.020473 0.022094
v -0.012238 -0.019748 0.022332
v 0.000909 -0.012737 0.022157
v -0.013562 -0.019952 0.022343
v 0.008617 -0.020434 0.021998
v 0.009170 -0.019987 0.022121
v -0.008028 -0.014418 0.022265
v -0.011015 -0.019982 0.022308
v -0.008842 -0.013576 0.022277
v -0.008842 -0.013576 0.022277
v -0.008706 -0.012712 0.022279
v 0.010001 -0.019590 0.022077
v -0.011082 -0.014876 0.022311
v -0.011082 -0.014876 0.022310
v -0.011256 -0.015835 0.022354
v -0.010500 -0.014427 0.022305
v -0.010500 -0.014427 0.022305
v -0.012996 -0.018958 0.022362
v 0.006279 -0.021720 0.021471
v 0.007371 -0.021740 0.021445
v 0.006897 -0.021139 0.021827
v 0.002442 -0.011192 0.022122
v 0.001353 -0.011551 0.022105
v -0.009606 -0.013857 0.022288
v -0.009606 -0.013857 0.022288
v -0.010056 -0.012617 0.022354
v 0.000684 -0.011745 0.022122
v 0.007787 -0.021250 0.021685
v 0.007697 -0.020860 0.021842
v 0.008097 -0.020531 0.021972
v -0.014175 -0.018876 0.022380
v -0.011992 -0.017740 0.022323
v 0.007487 -0.020399 0.022011
v -0.011677 -0.012932 0.022330
v 0.008017 -0.019997 0.021962
v -0.014246 -0.018192 0.022348
v -0.013939 -0.017712 0.022360
v -0.002047 -0.013922 0.022182
v 0.006739 -0.020586 0.022014
v -0.002789 -0.013953 0.022146
v -0.014176 -0.020944 0.022389
v -0.003956 -0.013893 0.022180
v -0.014922 -0.020064 0.022424
v -0.011104 -0.012372 0.022331
v 0.005250 -0.020674 0.022036
v -0.014752 -0.019501 0.022436
v -0.007770 -0.011241 0.022256
v -0.007360 -0.010823 0.022219
v 0.004100 -0.020701 0.022037
v -0.008077 -0.010376 0.022241
v -0.008630 -0.011383 0.022213
v 0.004928 -0.019819 0.022073
v -0.002755 -0.011749 0.022189
v 0.007382 -0.019330 0.022023
v -0.003316 -0.012558 0.022166
v -0.004073 -0.012110 0.022205
v 0.008344 -0.019600 0.021974
v -0.010097 -0.010818 0.022339
v -0.000816 -0.012114 0.022117
v -0.012050 -0.016576 0.022353
v -0.012366 -0.017367 0.022362
v 0.008991 -0.018783 0.022068
v -0.012887 -0.017463 0.022336
v -0.011210 -0.011202 0.022306
v -0.000167 -0.011278 0.022152
v -0.009402 -0.010402 0.022285
v 0.008873 -0.017810 0.022084
v 0.009881 -0.017512 0.022073
v -0.010894 -0.016251 0.022365
v -0.008416 -0.009791 0.022266
v -0.010327 -0.009847 0.022302
v -0.009277 -0.009531 0.022304
v 0.007962 -0.018753 0.021992
v -0.010192 -0.015491 0.022337
v 0.008353 -0.018046 0.021979
v 0.000848 -0.009639 0.022106
v -0.011789 -0.015560 0.022332
v -0.011789 -0.015560 0.022332
v 0.001336 -0.009968 0.022081
v -0.015777 -0.018234 0.022410
v -0.015777 -0.018234 0.022410
v -0.015305 -0.017425 0.022396
v -0.015305 -0.017425 0.022393
v -0.012737 -0.013996 0.022403
v -0.001132 -0.010093 0.022155
v 0.007735 -0.017413 0.021960
v 0.008764 -0.016997 0.022021
v -0.013017 -0.012981 0.022394
v 0.000223 -0.008886 0.022177
v -0.012276 -0.012474 0.022386
v -0.013361 -0.014877 0.022397
v 0.003651 -0.021124 0.021934
v 0.003170 -0.021930 0.021406
v -0.013971 -0.013437 0.022364
v -0.014764 -0.016815 0.022414
v -0.014764 -0.016815 0.022414
v 0.000467 -0.022172 0.021261
v -0.000242 -0.021597 0.021789
v -0.000773 -0.021894 0.021563
v -0.013954 -0.016406 0.022367
v -0.013954 -0.016406 0.022367
v 0.002247 -0.021272 0.021916
v -0.002460 -0.010564 0.022182
v -0.011767 -0.011470 0.022323
v -0.016698 -0.017899 0.022412
v 0.003142 -0.020763 0.022043
v -0.017605 -0.017159 0.022475
v 0.003703 -0.020135 0.022044
v -0.017059 -0.016980 0.022481
v -0.005355 -0.011145 0.022213
v 0.001386 -0.021867 0.021572
v 0.001118 -0.021272 0.021918
v 0.000476 -0.021484 0.021859
v -0.014350 -0.015436 0.022392
v 0.001225 -0.020702 0.022097
v -0.004177 -0.010991 0.022184
v 0.000308 -0.020897 0.022077
v -0.006112 -0.011004 0.022242
v -0.015873 -0.015794 0.022387
v -0.004100 -0.008624 0.022235
v 0.001686 -0.019751 0.022145
v 0.002903 -0.019294 0.022069
v -0.005795 -0.010182 0.022283
v -0.004854 -0.009375 0.022213
v -0.012672 -0.015849 0.022365
v -0.012672 -0.015849 0.022365
v -0.013187 -0.015791 0.022355
v -0.013187 -0.015791 0.022355
v -0.006412 -0.010008 0.022027
v -0.006675 -0.010731 0.021968
v -0.006675 -0.010731 0.021968
v -0.000841 -0.008747 0.022168
v -0.006688 -0.010226 0.021720
v -0.006688 -0.010226 0.021720
v -0.001747 -0.008350 0.022136
v -0.001941 -0.021419 0.021930
v -0.002479 -0.021893 0.021613
v -0.007135 -0.010399 0.022091
v -0.007710 -0.009720 0.022129
v -0.000703 -0.021230 0.021990
v -0.004975 -0.008987 0.022129
v -0.006019 -0.009496 0.022059
v -0.001986 -0.020836 0.022120
v -0.000902 -0.020349 0.022137
v -0.008402 -0.009329 0.022202
v -0.007648 -0.009498 0.021639
v -0.008453 -0.008683 0.021788
v -0.003395 -0.021475 0.021963
v -0.004172 -0.021908 0.021653
v -0.003238 -0.022202 0.021326
v -0.002869 -0.020809 0.022135
v -0.011239 -0.010149 0.022368
v -0.003258 -0.009037 0.022214
v -0.003430 -0.020617 0.022155
v -0.002447 -0.019590 0.022170
v -0.010015 -0.008691 0.022305
v -0.003561 -0.008376 0.022197
v 0.000725 -0.019161 0.022125
v -0.011391 -0.008570 0.022351
v 0.001969 -0.018351 0.022074
v -0.002437 -0.007817 0.022087
v -0.001979 -0.007598 0.022061
v -0.003208 -0.007552 0.022079
v -0.012133 -0.009379 0.022411
v 0.000253 -0.018079 0.022165
v -0.010690 -0.008320 0.022327
v -0.011177 -0.008052 0.022224
v -0.010382 -0.007916 0.022060
v -0.016742 -0.014595 0.022456
v -0.012377 -0.008109 0.022288
v -0.017671 -0.015604 0.022468
v -0.005150 -0.008624 0.021583
v -0.004415 -0.008214 0.022027
v -0.011398 -0.007527 0.022150
v -0.004511 -0.007677 0.021780
v -0.012312 -0.007670 0.022199
v -0.013043 -0.007433 0.022224
v -0.011395 -0.006965 0.022218
v -0.002702 -0.006856 0.022219
v -0.017582 -0.013885 0.022428
v -0.000822 -0.019203 0.022128
v -0.003232 -0.006482 0.022195
v -0.003777 -0.007131 0.022111
v -0.018337 -0.014395 0.022443
v -0.013179 -0.012010 0.022440
v -0.015158 -0.013784 0.022432
v -0.014034 -0.012063 0.022405
v -0.004374 -0.007108 0.022095
v -0.004075 -0.005974 0.022155
v -0.001063 -0.018173 0.022118
v -0.001730 -0.018828 0.022174
v -0.014633 -0.012318 0.022409
v -0.005538 -0.006689 0.021700
v -0.005328 -0.006600 0.022090
v -0.005758 -0.006190 0.021957
v -0.004700 -0.006269 0.022168
v -0.005123 -0.006933 0.021959
v -0.005427 -0.005607 0.022215
v -0.006276 -0.005639 0.021985
v -0.005951 -0.006300 0.021169
v -0.000286 -0.017177 0.022099
v -0.012622 -0.010896 0.022387
v -0.004543 -0.004116 0.022278
v -0.005849 -0.004872 0.022220
v -0.006857 -0.021122 0.021954
v -0.006869 -0.022142 0.021318
v -0.006319 -0.021237 0.021977
v -0.004664 -0.021368 0.022016
v -0.005559 -0.021423 0.022015
v -0.005566 -0.021990 0.021618
v -0.014906 -0.010812 0.022453
v -0.016664 -0.013292 0.022472
v -0.004996 -0.020850 0.022196
v 0.004712 -0.018292 0.022040
v -0.013636 -0.010681 0.022417
v -0.017452 -0.012870 0.022478
v -0.013028 -0.010132 0.022406
v -0.015685 -0.012592 0.022478
v -0.006938 -0.020580 0.022161
v -0.006199 -0.020350 0.022108
v -0.014869 -0.010047 0.022532
v -0.013894 -0.009793 0.022432
v 0.003685 -0.018709 0.022067
v -0.006816 -0.020021 0.022115
v -0.016958 -0.012239 0.022500
v -0.006990 -0.019243 0.022168
v -0.007528 -0.021261 0.022114
v -0.007554 -0.021866 0.021711
v -0.008499 -0.021552 0.022010
v -0.018765 -0.013151 0.022490
v -0.007971 -0.020873 0.022286
v -0.008785 -0.021041 0.022231
v 0.004052 -0.015806 0.022074
v 0.006987 -0.016830 0.021968
v -0.007337 -0.020104 0.022240
v -0.018887 -0.011314 0.022539
v -0.013141 -0.008509 0.022360
v 0.008293 -0.016546 0.021948
v -0.008245 -0.019406 0.022245
v -0.015754 -0.010898 0.022435
v -0.009222 -0.021465 0.022051
v -0.010128 -0.021422 0.022090
v -0.009569 -0.022120 0.021514
v -0.009356 -0.020810 0.022267
v 0.006973 -0.015606 0.022021
v 0.006402 -0.016284 0.021992
v -0.010073 -0.020482 0.022280
v -0.013832 -0.008401 0.022368
v 0.006211 -0.018101 0.022048
v -0.016691 -0.010770 0.022446
v -0.014815 -0.008830 0.022448
v -0.009319 -0.019803 0.022277
v -0.018334 -0.009893 0.022558
v -0.015165 -0.007998 0.022281
v -0.016118 -0.007873 0.022270
v -0.015392 -0.008501 0.022426
v 0.005701 -0.016328 0.022042
v 0.005163 -0.016790 0.022062
v -0.017362 -0.021774 0.022117
v -0.018329 -0.021545 0.022300
v -0.018761 -0.022248 0.021727
v -0.016211 -0.009703 0.022502
v -0.019147 -0.021582 0.022293
v -0.019147 -0.021582 0.022293
v -0.019819 -0.021789 0.022163
v -0.019819 -0.021789 0.022163
v -0.019958 -0.022271 0.021762
v -0.019958 -0.022271 0.021762
v -0.007563 -0.018590 0.022267
v -0.018751 -0.021114 0.022451
v -0.018751 -0.021114 0.022451
v -0.020104 -0.021380 0.022350
v -0.019649 -0.021014 0.022524
v -0.020292 -0.020600 0.022401
v -0.015901 -0.009020 0.022492
v -0.019491 -0.019806 0.022518
v -0.016707 -0.008670 0.022524
v 0.005883 -0.015466 0.022083
v -0.019946 -0.019530 0.022467
v -0.020510 -0.018888 0.022321
v 0.006585 -0.014725 0.022068
v -0.017072 -0.021435 0.022315
v -0.017607 -0.021125 0.022461
v 0.003201 -0.017744 0.022110
v -0.018097 -0.021064 0.022432
v -0.017666 -0.020063 0.022463
v -0.017666 -0.020063 0.022463
v -0.018353 -0.020340 0.022448
v -0.018353 -0.020340 0.022448
v 0.005146 -0.015343 0.022048
v -0.010676 -0.020860 0.022312
v -0.018308 -0.019406 0.022551
v 0.004195 -0.014767 0.022026
v -0.011728 -0.021482 0.022137
v -0.013489 -0.007918 0.022263
v 0.005964 -0.014240 0.022039
v -0.011539 -0.020915 0.022344
v 0.005211 -0.014037 0.022048
v -0.019213 -0.019359 0.022536
v -0.014302 -0.007687 0.022216
v -0.013990 -0.007270 0.022235
v 0.004743 -0.013108 0.022096
v -0.019095 -0.018147 0.022486
v -0.015207 -0.007286 0.022223
v -0.018434 -0.017752 0.022459
v -0.004054 -0.020932 0.022157
v -0.020789 -0.020478 0.022150
v -0.015533 -0.006417 0.022274
v -0.011726 -0.005940 0.022216
v -0.013283 -0.006190 0.022192
v -0.019739 -0.018275 0.022466
v -0.014395 -0.005866 0.022249
v -0.003942 -0.019242 0.022138
v -0.020404 -0.017989 0.022287
v -0.004991 -0.019246 0.022166
v -0.008939 -0.008837 0.022229
v -0.008759 -0.008576 0.022060
v -0.009377 -0.007361 0.021850
v -0.009716 -0.007776 0.022013
v -0.009145 -0.007741 0.021616
v -0.009082 -0.007236 0.021501
v -0.009682 -0.006857 0.022154
v -0.008981 -0.006600 0.021961
v -0.005572 -0.019602 0.022161
v -0.009151 -0.006062 0.022195
v -0.008492 -0.006010 0.022108
v -0.008624 -0.005638 0.022224
v -0.019473 -0.016713 0.022495
v -0.009270 -0.008292 0.022168
v -0.020090 -0.017397 0.022464
v -0.020996 -0.017945 0.022027
v -0.010224 -0.007488 0.022044
v -0.006473 -0.018621 0.022149
v -0.005691 -0.018414 0.022202
v 0.001391 -0.016948 0.022083
v -0.010723 -0.007409 0.022154
v -0.020239 -0.016365 0.022419
v -0.020641 -0.016765 0.022294
v 0.001921 -0.015869 0.022100
v -0.010167 -0.006550 0.022205
v -0.020009 -0.015684 0.022481
v -0.020967 -0.015688 0.022024
v 0.000594 -0.017042 0.022109
v -0.004911 -0.017483 0.022184
v -0.003397 -0.016780 0.022174
v -0.018668 -0.016149 0.022538
v -0.006384 -0.005159 0.022137
v -0.006349 -0.004593 0.022275
v -0.002371 -0.017959 0.022163
v -0.007175 -0.004999 0.021846
v -0.007175 -0.004999 0.021846
v -0.006992 -0.005486 0.021426
v -0.006992 -0.005486 0.021426
v -0.007453 -0.005659 0.021365
v -0.007774 -0.005658 0.021891
v -0.007710 -0.004652 0.022136
v -0.008070 -0.005502 0.022164
v -0.019420 -0.014591 0.022523
v -0.006773 -0.017857 0.022156
v -0.005927 -0.017590 0.022143
v -0.008486 -0.004773 0.022188
v -0.005680 -0.003854 0.022257
v -0.006518 -0.003706 0.022228
v -0.006988 -0.004121 0.022076
v -0.006988 -0.004121 0.022076
v -0.007353 -0.003791 0.022066
v -0.007353 -0.003791 0.022066
v -0.006176 -0.016696 0.022118
v -0.006668 -0.017052 0.022097
v -0.006983 -0.003096 0.022136
v -0.006983 -0.003096 0.022136
v -0.005924 -0.015962 0.022168
v -0.009246 -0.004963 0.022175
v -0.020105 -0.014755 0.022476
v -0.020563 -0.015004 0.022314
v -0.010545 -0.006147 0.022200
v -0.007623 -0.016916 0.022277
v -0.006921 -0.016283 0.022150
v -0.020388 -0.014124 0.022404
v -0.019703 -0.013756 0.022500
v -0.006670 -0.015463 0.022104
v -0.007542 -0.016427 0.022287
v -0.011088 -0.004785 0.022260
v -0.019602 -0.011999 0.022550
v -0.020820 -0.013560 0.022151
v -0.010412 -0.003796 0.022247
v -0.020076 -0.013218 0.022475
v -0.012976 -0.005561 0.022224
v -0.011720 -0.004477 0.022239
v -0.020507 -0.012644 0.022384
v -0.021059 -0.012594 0.022025
v -0.020041 -0.012306 0.022524
v -0.012804 -0.004624 0.022254
v -0.003771 -0.016389 0.022154
v -0.003825 -0.015377 0.022168
v -0.011218 -0.003534 0.022195
v -0.005266 -0.015249 0.022182
v -0.019823 -0.011064 0.022521
v -0.008091 -0.003699 0.022187
v -0.007889 -0.015374 0.022248
v -0.009713 -0.003480 0.022255
v -0.006315 -0.014745 0.022129
v -0.009548 -0.016232 0.022319
v -0.007540 -0.002865 0.022150
v -0.009495 -0.015576 0.022350
v 0.003813 -0.011996 0.022050
v -0.008596 -0.003202 0.022199
v -0.008252 -0.002605 0.022248
v -0.009094 -0.002609 0.022238
v -0.008986 -0.014569 0.022272
v -0.015456 -0.021541 0.022197
v -0.014616 -0.021654 0.022107
v -0.010064 -0.002038 0.022221
v -0.009034 -0.001251 0.022177
v -0.016577 -0.021790 0.022111
v -0.015975 -0.022222 0.021660
v -0.017585 -0.022395 0.021504
v -0.015672 -0.021018 0.022450
v -0.022042 -0.020914 0.002245
v -0.021677 -0.021810 0.002115
v -0.021958 -0.021146 0.003317
v 0.016463 -0.022068 0.006684
v -0.020259 -0.022384 0.004540
v -0.021377 -0.022081 0.004500
v -0.020497 -0.022379 0.002314
v -0.021733 -0.021616 0.004566
v -0.021573 -0.021890 0.003328
v 0.021042 -0.021901 0.009361
v -0.021244 -0.022224 0.005569
v -0.008366 -0.022396 0.017235
v -0.011627 -0.022396 0.014813
v -0.011627 -0.022392 0.014813
v -0.021920 -0.021052 0.004649
v -0.011250 -0.022436 0.019927
v -0.022027 -0.020393 0.004488
v -0.021509 -0.021986 0.005752
v 0.014372 -0.021920 0.008965
v -0.018257 -0.022304 0.007471
v -0.020568 -0.022405 0.005837
v -0.016620 -0.022336 0.005869
v -0.020364 -0.022283 0.007535
v -0.007062 -0.022289 0.013856
v -0.005320 -0.022400 0.015236
v -0.005136 -0.022424 0.019086
v -0.006814 -0.022326 0.017315
v -0.020047 -0.022497 0.008561
v -0.021156 -0.021955 0.007677
v -0.020984 -0.022176 0.008734
v 0.021020 -0.021868 0.011007
v 0.017403 -0.021894 0.011442
v -0.003551 -0.022388 0.016831
v -0.019113 -0.022493 0.008646
v -0.015229 -0.022498 0.020166
v -0.017219 -0.022549 0.019557
v -0.017219 -0.022549 0.019557
v -0.014624 -0.022458 0.017674
v -0.014624 -0.022458 0.017674
v -0.019972 -0.022598 0.017198
v -0.021949 -0.020915 0.006595
v -0.021465 -0.021832 0.006859
v 0.021095 -0.021846 0.012721
v -0.022050 -0.020474 0.005139
v -0.013732 -0.022466 0.020703
v -0.021985 -0.019652 0.005726
v -0.021986 -0.020487 0.006939
v -0.007042 -0.022356 0.020830
v -0.021936 -0.019610 0.007004
v 0.011970 -0.022100 0.006537
v -0.021706 -0.021207 0.007543
v -0.021583 -0.021255 0.008370
v -0.021694 -0.020801 0.008175
v -0.021745 -0.019751 0.008082
v -0.008270 -0.022419 0.020523
v -0.021717 -0.018406 0.008050
v -0.003677 -0.022423 0.020347
v -0.005228 -0.022391 0.020809
v -0.017130 -0.022485 0.010942
v 0.010547 -0.022073 0.006565
v 0.008937 -0.022008 0.005316
v 0.009726 -0.021990 0.006335
v 0.011499 -0.021831 0.007393
v 0.012655 -0.021898 0.007347
v 0.010850 -0.021718 0.007373
v 0.011383 -0.021930 0.008852
v -0.015377 -0.022415 0.021147
v -0.017599 -0.022482 0.014152
v 0.010383 -0.021697 0.007057
v 0.009860 -0.021187 0.007126
v -0.015021 -0.022293 0.021492
v 0.009228 -0.021755 0.006106
v 0.010227 -0.021527 0.007435
v 0.009991 -0.021771 0.008245
v -0.019969 -0.022539 0.013596
v -0.017117 -0.022515 0.021080
v 0.009896 -0.021366 0.007826
v 0.009538 -0.020276 0.007066
v 0.009652 -0.021938 0.009164
v -0.021326 -0.021987 0.008991
v -0.021033 -0.022228 0.010473
v 0.009123 -0.021712 0.008935
v 0.009214 -0.020536 0.008210
v -0.021264 -0.022037 0.010095
v 0.008366 -0.021305 0.009427
v 0.008366 -0.021305 0.009427
v -0.021032 -0.022241 0.012008
v -0.020081 -0.022559 0.011911
v 0.001789 -0.022277 0.012754
v 0.006789 -0.022206 0.016028
v -0.018204 -0.022555 0.020568
v -0.018204 -0.022555 0.020568
v -0.021297 -0.022015 0.011858
v -0.021702 -0.020839 0.010883
v -0.021721 -0.020913 0.009585
v -0.019844 -0.022597 0.019846
v 0.006669 -0.022201 0.012306
v -0.019815 -0.022556 0.021147
v -0.019244 -0.022463 0.021464
v -0.019244 -0.022463 0.021464
v -0.020609 -0.022392 0.021264
v -0.020983 -0.022212 0.020206
v -0.021708 -0.019927 0.009409
v 0.006807 -0.022240 0.019942
v -0.000664 -0.022367 0.019845
v -0.021598 -0.019588 0.012423
v -0.021665 -0.017649 0.011623
v -0.021058 -0.022119 0.013435
v -0.021325 -0.021782 0.013300
v -0.021592 -0.020883 0.013060
v 0.004083 -0.022296 0.020241
v 0.000717 -0.022332 0.020390
v -0.021056 -0.022146 0.015491
v -0.021541 -0.019197 0.016298
v -0.021541 -0.019197 0.016298
v -0.021557 -0.020943 0.016245
v -0.021525 -0.020545 0.019304
v -0.021255 -0.021879 0.014603
v -0.021552 -0.020195 0.015277
v -0.021582 -0.020803 0.014439
v -0.021562 -0.016779 0.015786
v -0.021562 -0.016779 0.015786
v 0.003109 -0.022170 0.021020
v -0.021560 -0.017533 0.018360
v 0.018482 -0.021915 0.017969
v 0.018482 -0.021915 0.017969
v 0.015999 -0.021899 0.015628
v 0.015997 -0.021906 0.015626
v -0.021490 -0.014450 0.021035
v 0.010349 -0.021965 0.014988
v 0.006223 -0.022195 0.004072
v -0.021647 -0.013703 0.013996
v -0.000888 -0.022313 0.020885
v -0.001482 -0.022205 0.021226
v -0.021518 -0.019739 0.018664
v -0.021518 -0.019739 0.018664
v 0.009087 -0.021921 0.011311
v 0.009087 -0.021921 0.011311
v 0.010601 -0.021945 0.011871
v 0.010601 -0.021945 0.011871
v 0.008378 -0.021608 0.009740
v 0.008378 -0.021608 0.009740
v 0.008561 -0.021790 0.010174
v 0.008561 -0.021790 0.010174
v 0.007756 -0.021811 0.009732
v 0.007995 -0.021379 0.009466
v -0.021479 -0.017918 0.020613
v -0.021410 -0.020929 0.021195
v -0.021533 -0.020525 0.019288
v -0.021231 -0.021874 0.020283
v -0.021231 -0.021874 0.020283
v -0.021413 -0.019689 0.021229
v 0.008370 -0.021955 0.012532
v -0.002316 -0.022384 0.020800
v 0.008193 -0.021882 0.010653
v -0.000808 -0.022262 0.004144
v 0.007113 -0.022150 0.010293
v 0.008520 -0.021938 0.014927
v 0.003484 -0.022199 0.006129
v 0.003484 -0.022199 0.006129
v 0.005244 -0.022180 0.005839
v 0.005244 -0.022180 0.005839
v 0.004025 -0.022038 0.007125
v 0.013106 -0.021928 0.013193
v 0.013106 -0.021928 0.013193
v -0.021506 -0.015940 0.021040
v -0.005746 -0.022244 0.002370
v -0.021041 -0.022007 0.021244
v -0.021041 -0.022007 0.021244
v -0.020800 -0.021990 0.021741
v -0.020800 -0.021990 0.021741
v -0.020800 -0.021990 0.021741
v -0.021130 -0.021420 0.021657
v -0.007398 -0.022168 0.000612
v -0.007398 -0.022168 0.000612
v -0.021023 -0.021110 0.021974
v -0.006686 -0.022180 0.003045
v -0.006686 -0.022180 0.003045
v -0.021346 -0.020650 0.021588
v 0.014350 -0.021931 0.019666
v -0.021213 -0.019134 0.021743
v 0.014851 -0.021895 0.020608
v 0.016664 -0.021921 0.020067
v -0.021412 -0.017456 0.021416
v 0.012231 -0.021931 0.020323
v 0.013657 -0.021850 0.020845
v 0.014465 -0.021726 0.021123
v -0.021234 -0.016589 0.021793
v 0.013486 -0.021654 0.021197
v 0.012412 -0.021767 0.021053
v 0.013943 -0.020800 0.021810
v -0.009234 -0.022191 0.006523
v -0.010052 -0.022071 0.007273
v -0.009912 -0.022290 0.006394
v -0.010681 -0.022282 0.006461
v -0.010617 -0.022145 0.007546
v -0.009848 -0.022017 0.007685
v -0.010366 -0.022318 0.008461
v -0.009552 -0.022190 0.008224
v -0.021355 -0.015341 0.021663
v -0.011922 -0.022225 0.007566
v 0.008189 -0.022031 0.019207
v -0.021236 -0.014698 0.021781
v -0.013756 -0.022378 0.008392
v -0.008876 -0.021890 0.006708
v -0.009203 -0.021509 0.007342
v -0.009130 -0.021689 0.007857
v -0.008895 -0.021194 0.007458
v -0.021333 -0.013062 0.021717
v -0.021482 -0.013126 0.021313
v -0.008708 -0.022064 0.008524
v 0.001659 -0.022125 0.007179
v 0.005109 -0.022211 0.008621
v -0.008063 -0.021630 0.008792
v -0.008585 -0.021091 0.008159
v 0.000161 -0.022227 0.006137
v 0.000161 -0.022227 0.006137
v -0.009209 -0.022291 0.009092
v -0.010432 -0.022365 0.011007
v -0.010432 -0.022365 0.011007
v -0.001028 -0.022324 0.008530
v -0.013328 -0.022413 0.009651
v -0.001577 -0.022147 0.007289
v 0.009243 -0.021972 0.017811
v -0.004244 -0.022377 0.011640
v -0.005198 -0.022250 0.005252
v 0.009213 -0.021965 0.020179
v -0.006505 -0.009406 0.021298
v -0.006851 -0.009742 0.021307
v -0.006851 -0.009742 0.021307
v 0.008289 -0.021976 0.020601
v 0.010095 -0.021902 0.020720
v -0.006827 -0.022092 0.004399
v -0.006827 -0.022092 0.004399
v -0.007510 -0.009225 0.020740
v -0.008389 -0.008611 0.020766
v -0.007102 -0.021972 0.004840
v -0.007489 -0.022063 0.004803
v -0.006824 -0.021775 0.005060
v -0.006824 -0.021775 0.005060
v -0.006824 -0.021775 0.005060
v -0.005709 -0.022087 0.005665
v -0.005709 -0.022087 0.005665
v 0.011274 -0.021881 0.020678
v -0.004958 -0.022177 0.006052
v -0.004958 -0.022177 0.006052
v -0.004940 -0.022038 0.006487
v -0.005820 -0.021799 0.005966
v -0.007031 -0.021493 0.005266
v -0.007031 -0.021493 0.005266
v 0.010458 -0.021718 0.021201
v -0.006404 -0.020874 0.005732
v -0.005821 -0.021055 0.006226
v -0.002614 -0.022234 0.006321
v -0.002614 -0.022234 0.006321
v 0.007376 -0.022053 0.020965
v 0.006102 -0.022191 0.020814
v 0.004605 -0.022164 0.021059
v 0.006253 -0.022006 0.021209
v 0.004946 -0.021971 0.021337
v -0.003492 -0.022334 0.008289
v -0.003219 -0.022094 0.007246
v -0.004011 -0.022017 0.007078
v -0.004044 -0.021973 0.007408
v -0.004210 -0.022262 0.008157
v -0.008696 -0.008225 0.021254
v -0.008438 -0.008334 0.020471
v -0.008629 -0.007803 0.020875
v -0.008945 -0.007418 0.020944
v -0.008556 -0.007268 0.020379
v -0.008705 -0.007047 0.020833
v -0.004792 -0.022094 0.008181
v -0.008454 -0.006464 0.021413
v -0.008203 -0.006295 0.020912
v -0.004683 -0.021658 0.007134
v -0.007347 -0.005897 0.020767
v -0.004681 -0.021591 0.007571
v -0.005185 -0.021133 0.006937
v -0.004956 -0.021355 0.007818
v -0.005565 -0.020635 0.008145
v -0.005274 -0.020706 0.007307
v -0.005423 -0.022256 0.009041
v -0.005636 -0.021827 0.008688
v -0.005984 -0.020735 0.008761
v 0.008183 -0.022077 0.003786
v 0.008183 -0.022077 0.003786
v 0.007486 -0.022075 0.003895
v -0.007850 -0.022158 -0.003915
v -0.008909 -0.022267 -0.003408
v 0.007900 -0.021829 0.004553
v 0.007900 -0.021829 0.004553
v 0.007900 -0.021829 0.004553
v -0.005161 -0.008264 0.020757
v -0.005427 -0.007998 0.020227
v -0.005852 -0.008740 0.019859
v -0.005905 -0.008984 0.020458
v 0.008284 -0.021623 0.005138
v 0.007645 -0.021356 0.005024
v 0.007645 -0.021356 0.005024
v 0.007795 -0.021114 0.005161
v -0.016196 -0.022344 -0.005413
v 0.008248 -0.021116 0.005374
v -0.006932 -0.009567 0.020884
v -0.006932 -0.009567 0.020884
v -0.006265 -0.009017 0.019879
v 0.006860 -0.022037 0.004620
v 0.006860 -0.022037 0.004620
v -0.007260 -0.009224 0.020119
v -0.007260 -0.009224 0.020119
v -0.007771 -0.008845 0.019820
v 0.007016 -0.021643 0.005201
v -0.005119 -0.007666 0.020837
v 0.006187 -0.021918 0.005733
v -0.004944 -0.008188 0.021366
v -0.005049 -0.007467 0.021484
v -0.008718 -0.022276 -0.000567
v -0.012960 -0.022298 0.001372
v 0.007599 -0.020634 0.005335
v 0.007599 -0.020634 0.005335
v 0.007213 -0.020099 0.005709
v 0.005989 -0.021717 0.006153
v 0.006375 -0.020997 0.006030
v -0.006011 -0.006816 0.020299
v -0.005609 -0.006756 0.020922
v 0.005201 -0.022030 0.006518
v -0.008145 -0.008472 0.019723
v 0.004731 -0.021904 0.006987
v 0.005312 -0.021442 0.006901
v -0.008252 -0.008072 0.019536
v 0.005797 -0.021108 0.006643
v -0.007821 -0.006104 0.020396
v -0.007378 -0.006448 0.019130
v -0.007122 -0.006111 0.020133
v -0.008183 -0.006635 0.019655
v -0.009362 -0.022287 0.001347
v 0.009138 -0.020958 0.006389
v 0.008412 -0.020130 0.005691
v 0.008866 -0.020172 0.006248
v -0.007048 -0.005792 0.020730
v -0.007048 -0.005792 0.020730
v -0.006588 -0.006378 0.020163
v -0.006588 -0.006378 0.020163
v 0.008263 -0.020121 0.009274
v 0.006253 -0.021797 0.008164
v 0.007295 -0.021732 0.009107
v 0.006370 -0.022058 0.008670
v 0.007050 -0.021378 0.008665
v 0.005091 -0.021814 0.007366
v 0.005634 -0.021899 0.007852
v 0.005249 -0.022092 0.008006
v 0.006178 -0.021029 0.007733
v 0.006611 -0.020411 0.007733
v -0.019236 -0.022238 -0.006775
v -0.017775 -0.022319 -0.006383
v -0.021018 -0.022236 0.017257
v -0.020550 -0.022387 -0.003665
v -0.020456 -0.021868 -0.007271
v -0.021235 -0.021945 0.019084
v -0.020588 -0.022266 -0.006715
v 0.007425 -0.020590 0.008863
v 0.008049 -0.020333 0.009399
v 0.008049 -0.020333 0.009399
v -0.021233 -0.022008 0.016109
v 0.008478 -0.020026 0.008707
v 0.007750 -0.020254 0.009007
v 0.007750 -0.020254 0.009007
v 0.006890 -0.020317 0.008264
v -0.020595 -0.022366 -0.006189
v -0.021608 -0.020893 0.015397
v -0.021282 -0.021870 0.017669
v -0.021643 -0.022022 -0.004563
v -0.005092 -0.022291 0.021274
v -0.007021 -0.022146 -0.003193
v -0.007021 -0.022146 -0.003193
v -0.012350 -0.022263 0.021483
v -0.010616 -0.022330 0.021148
v -0.008109 -0.022248 0.021339
v -0.006889 -0.022159 -0.001662
v -0.006889 -0.022159 -0.001662
v -0.007784 -0.022176 -0.001689
v -0.006286 -0.022206 0.021236
v -0.011581 -0.022086 0.021616
v -0.008288 -0.022259 0.003594
v -0.008572 -0.022252 0.005056
v -0.020599 -0.022371 -0.000641
v -0.021644 -0.021940 -0.002748
v -0.021665 -0.021906 -0.001172
v -0.008268 -0.022058 0.005626
v -0.021527 -0.022013 0.000900
v -0.007830 -0.021306 0.005959
v -0.007150 -0.020897 0.005562
v -0.007150 -0.020897 0.005562
v -0.008811 -0.021436 0.007007
v -0.008010 -0.019945 0.006427
v -0.021773 -0.021742 0.000356
v -0.022027 -0.021117 -0.001224
v -0.021235 -0.022101 0.002071
v -0.022119 -0.020689 0.000202
v -0.007993 -0.022021 0.009198
v -0.007147 -0.021897 0.009834
v -0.007147 -0.021897 0.009834
v -0.007279 -0.021297 0.009474
v -0.007903 -0.020574 0.008791
v -0.007207 -0.022130 0.010237
v -0.007207 -0.022130 0.010237
v -0.006647 -0.021946 0.009864
v -0.006602 -0.022186 0.010553
v -0.008495 -0.022201 0.009180
v -0.008054 -0.022292 0.010217
v -0.008054 -0.022292 0.010217
v -0.006820 -0.021405 0.009703
v -0.006820 -0.021405 0.009703
v -0.008171 -0.022327 0.011615
v -0.006668 -0.022248 0.011469
v -0.005441 -0.022361 0.009744
v -0.005698 -0.022388 0.011399
v -0.006146 -0.021989 0.009512
v -0.006451 -0.021568 0.009509
v -0.006620 -0.020456 0.009534
v -0.007056 -0.020408 0.009617
v -0.007056 -0.020408 0.009617
v -0.006550 -0.020216 0.009142
v -0.006209 -0.020443 0.008837
v -0.006914 -0.020150 0.009453
v -0.006914 -0.020150 0.009453
v -0.005621 -0.022369 0.012808
v -0.006282 -0.020280 0.008459
v -0.006868 -0.020081 0.008998
v -0.006868 -0.020081 0.008998
v -0.006318 -0.020176 0.005879
v -0.005908 -0.020202 0.006313
v -0.005503 -0.020494 0.006813
v -0.005813 -0.020210 0.007098
v -0.005842 -0.020078 0.006735
v -0.006344 -0.019800 0.006540
v -0.005844 -0.020361 0.007539
v -0.007243 -0.020042 0.007620
v -0.007243 -0.020042 0.007620
v -0.008693 -0.020862 0.007624
v -0.008427 -0.020258 0.006984
v -0.008173 -0.020193 0.007969
v -0.008083 -0.020290 0.008480
v 0.006279 -0.020709 0.006467
v 0.006217 -0.020685 0.006987
v 0.006929 -0.020004 0.006180
v 0.006695 -0.020303 0.007030
v 0.009317 -0.020263 0.006682
v 0.008697 -0.019897 0.006312
v 0.009056 -0.019990 0.006880
v 0.008018 -0.020174 0.005446
v -0.007592 -0.020058 0.008154
v -0.007592 -0.020058 0.008154
v -0.007627 -0.020078 0.008662
v -0.007869 -0.020033 0.007572
v 0.008104 -0.019748 0.005670
v -0.007539 -0.020243 0.009052
v 0.007918 -0.019619 0.005958
v 0.007918 -0.019619 0.005958
v 0.007618 -0.019906 0.005515
v 0.007618 -0.019906 0.005515
v 0.007443 -0.019772 0.005819
v 0.007443 -0.019729 0.006171
v 0.008312 -0.019798 0.006581
v 0.008312 -0.019798 0.006581
v 0.007133 -0.020187 0.007196
v 0.008714 -0.020117 0.007598
v 0.009099 -0.020294 0.008013
v 0.007968 -0.020051 0.008688
v 0.007968 -0.020051 0.008688
v 0.007949 -0.020188 0.007601
v 0.007949 -0.020188 0.007601
v 0.006945 -0.020193 0.007926
v -0.006229 -0.008511 0.018685
v -0.006307 -0.008230 0.018302
v -0.006680 -0.008597 0.018401
v -0.006085 -0.008103 0.018512
v -0.007073 -0.008830 0.018924
v -0.007524 -0.008753 0.018996
v -0.007524 -0.008753 0.018996
v -0.005806 -0.008416 0.019284
v -0.005706 -0.008013 0.019369
v -0.006004 -0.007731 0.018805
v -0.007273 -0.008652 0.018248
v -0.007010 -0.008556 0.018053
v -0.007509 -0.008452 0.018177
v -0.007509 -0.008452 0.018177
v -0.007219 -0.008237 0.017884
v -0.007219 -0.008237 0.017884
v -0.007464 -0.008117 0.018100
v -0.007830 -0.007959 0.018595
v -0.008308 -0.007058 0.019262
v -0.006392 -0.006634 0.019582
v -0.006392 -0.006634 0.019582
v -0.006446 -0.007248 0.018601
v -0.006446 -0.007248 0.018601
v -0.006656 -0.007032 0.018608
v -0.006919 -0.006432 0.019235
v -0.007027 -0.006724 0.018707
v -0.007876 -0.007033 0.018805
v -0.007493 -0.007278 0.018462
v -0.006754 -0.020255 0.005686
v -0.006754 -0.020255 0.005686
v -0.007220 -0.019979 0.005752
v -0.007239 -0.006993 0.018466
v -0.007879 -0.006620 0.019148
v -0.007621 -0.020106 0.005943
v -0.007579 -0.019619 0.006121
v -0.008621 -0.020721 0.007046
v -0.008193 -0.019946 0.006993
v -0.007874 -0.019662 0.006792
v -0.006363 -0.019770 0.006125
v -0.006879 -0.019642 0.005874
v -0.006879 -0.019642 0.005874
v -0.006942 -0.019494 0.006329
v -0.006942 -0.019494 0.006329
v -0.007327 -0.019418 0.006272
v -0.007382 -0.019663 0.006950
v -0.007382 -0.019663 0.006950
v -0.006787 -0.008342 0.018167
v -0.006729 -0.007724 0.018002
v -0.006729 -0.007724 0.018002
v -0.007212 -0.007412 0.018258
v 0.007044 0.012742 0.022136
v 0.006899 0.012151 0.022153
v -0.000058 -0.007438 0.022075
v 0.000343 -0.008105 0.022118
v 0.001060 -0.008526 0.022104
v 0.007836 0.013034 0.022239
v 0.009096 -0.014627 0.022028
v 0.008921 -0.015334 0.022077
v 0.010221 -0.015491 0.022100
v 0.007111 0.013630 0.022176
v 0.008136 -0.015740 0.021974
v 0.001794 -0.007658 0.022012
v 0.000513 -0.006851 0.022211
v 0.010233 -0.014616 0.022057
v 0.009954 -0.013399 0.022058
v 0.006195 0.013762 0.022290
v 0.005753 0.012849 0.022301
v 0.006638 0.013249 0.022204
v 0.021966 -0.020632 0.021505
v 0.021763 -0.020261 0.021727
v 0.021866 -0.021064 0.021394
v 0.020799 -0.020836 0.021608
v 0.007366 0.014442 0.022228
v 0.021326 -0.021592 0.021117
v 0.021326 -0.021592 0.021117
v 0.020236 -0.021569 0.021153
v 0.006738 0.014159 0.022170
v 0.020113 -0.020772 0.021672
v 0.019244 -0.021614 0.021074
v 0.019254 -0.020742 0.021664
v 0.018949 -0.021285 0.021378
v 0.000667 -0.006095 0.022235
v 0.008403 0.012903 0.022249
v 0.008881 0.013972 0.022242
v 0.007541 -0.014825 0.021998
v -0.000783 -0.007834 0.022089
v -0.001028 -0.007333 0.022108
v 0.021039 -0.020344 0.021801
v 0.021270 -0.019425 0.021885
v 0.007814 -0.014221 0.021889
v 0.008348 -0.014169 0.021883
v 0.019440 -0.020235 0.021883
v 0.020101 -0.019920 0.021865
v 0.008036 0.014914 0.022261
v 0.007275 -0.014055 0.022021
v 0.020581 -0.019277 0.021903
v -0.001962 -0.006832 0.022241
v -0.000384 -0.006520 0.022194
v 0.018510 -0.020618 0.021811
v 0.018120 -0.021110 0.021532
v 0.007957 0.000878 0.022136
v 0.007359 0.000508 0.022074
v 0.007359 0.000508 0.022074
v 0.007477 -0.000432 0.022041
v 0.007477 -0.000432 0.022041
v -0.000923 -0.005738 0.022195
v -0.000267 -0.004886 0.022277
v 0.008974 -0.013450 0.022023
v 0.018399 -0.019941 0.021930
v 0.006840 -0.000621 0.022107
v 0.006798 0.001155 0.022189
v 0.007859 -0.013575 0.021923
v 0.017671 -0.020514 0.021819
v 0.007525 0.001568 0.022067
v 0.007525 0.001568 0.022067
v 0.008324 -0.013100 0.021953
v 0.007397 0.002219 0.022037
v 0.007397 0.002219 0.022037
v 0.019169 -0.018513 0.021909
v 0.006496 0.002259 0.022160
v 0.005376 0.001900 0.022209
v 0.001977 -0.006645 0.022198
v 0.001385 -0.005734 0.022202
v 0.008708 -0.012389 0.022003
v 0.005927 0.002693 0.022160
v 0.009716 -0.012295 0.022026
v 0.009716 -0.012295 0.022026
v 0.009164 -0.011898 0.021985
v 0.009164 -0.011898 0.021985
v 0.006956 -0.013185 0.021973
v 0.005637 0.000627 0.022207
v 0.018246 -0.018795 0.021958
v 0.004905 0.002644 0.022233
v 0.001378 -0.004022 0.022235
v 0.007041 0.003329 0.022123
v 0.007936 -0.011762 0.021908
v 0.000245 -0.003638 0.022255
v 0.017980 -0.017524 0.021945
v 0.005929 0.003467 0.022187
v 0.007171 -0.012338 0.022006
v 0.016860 -0.017810 0.021931
v 0.018192 -0.016517 0.021891
v 0.017003 -0.021603 0.021246
v 0.016643 -0.020873 0.021686
v -0.001727 -0.005224 0.022248
v 0.005744 -0.013230 0.022009
v 0.015833 -0.020893 0.021653
v 0.015276 -0.020726 0.021797
v 0.014515 -0.021038 0.021619
v 0.003493 0.003542 0.022229
v 0.016983 -0.020323 0.021881
v -0.001978 -0.004412 0.022258
v 0.015986 -0.020307 0.021957
v 0.005757 -0.011955 0.022061
v 0.006106 -0.011278 0.022031
v 0.007173 -0.011289 0.021980
v 0.006712 0.004109 0.022175
v 0.005349 -0.010757 0.022053
v 0.007380 0.004056 0.022041
v 0.007078 0.004474 0.022019
v 0.006370 0.004611 0.022214
v -0.002404 -0.005746 0.022277
v 0.004211 0.004664 0.022226
v 0.005844 0.004753 0.022204
v 0.014734 -0.020247 0.021951
v -0.003155 -0.004932 0.022260
v 0.006877 0.005173 0.021963
v 0.006877 0.005173 0.021963
v 0.006266 0.005370 0.022090
v 0.016911 -0.019302 0.021924
v 0.015295 -0.018941 0.021951
v -0.003522 -0.005647 0.022185
v 0.014141 -0.019305 0.021976
v 0.002995 0.004341 0.022229
v -0.003336 -0.004236 0.022270
v 0.005304 0.005562 0.022210
v 0.013962 -0.020135 0.021976
v 0.017586 -0.019769 0.021897
v 0.008737 -0.011229 0.021981
v 0.008737 -0.011229 0.021981
v 0.004479 0.006440 0.022194
v 0.008128 -0.010956 0.021826
v 0.005489 0.005894 0.022130
v 0.003388 0.005100 0.022194
v -0.003516 -0.003269 0.022216
v 0.009367 -0.011263 0.021995
v 0.009367 -0.011263 0.021995
v 0.010222 -0.011565 0.022016
v -0.002420 -0.003390 0.022249
v 0.009255 -0.009328 0.021982
v 0.009679 -0.010203 0.021981
v 0.008393 -0.010595 0.021873
v 0.008393 -0.010595 0.021873
v -0.000981 -0.003241 0.022220
v 0.002808 0.006725 0.022195
v 0.007109 -0.010663 0.022021
v 0.007866 -0.010271 0.021827
v 0.003723 0.007216 0.022111
v 0.003723 0.007216 0.022111
v 0.007234 -0.009758 0.021897
v 0.015855 -0.017866 0.021972
v 0.000518 -0.002646 0.022225
v 0.001977 0.005711 0.022274
v 0.001651 -0.001744 0.022252
v 0.008172 -0.010056 0.021592
v 0.008172 -0.010056 0.021592
v 0.008555 -0.009340 0.021799
v -0.000086 -0.002437 0.022257
v 0.022252 -0.019938 0.021483
v 0.006539 0.005621 0.021705
v 0.006539 0.005621 0.021705
v 0.005901 0.006134 0.021741
v 0.005901 0.006134 0.021741
v 0.022011 -0.019072 0.021655
v -0.001441 -0.002495 0.022307
v 0.005226 0.006556 0.022043
v 0.004299 0.006945 0.022129
v 0.005007 0.007108 0.021936
v 0.004788 0.007429 0.021696
v 0.004788 0.007429 0.021696
v 0.021599 -0.017999 0.021789
v 0.004310 0.007347 0.021965
v 0.004310 0.007347 0.021965
v 0.004061 -0.010276 0.022070
v 0.005106 0.007461 0.021453
v 0.005106 0.007461 0.021453
v 0.004895 0.008107 0.022081
v 0.004895 0.008107 0.022081
v -0.000371 -0.001087 0.022309
v 0.022021 -0.017962 0.021593
v 0.022271 -0.017107 0.021445
v 0.003207 0.007356 0.022104
v 0.003207 0.007356 0.022104
v 0.002681 0.007398 0.022137
v 0.002681 0.007398 0.022137
v 0.003879 0.007748 0.022194
v 0.004908 -0.009519 0.022119
v 0.002045 0.006462 0.022261
v 0.021702 -0.017005 0.021766
v 0.021262 -0.017212 0.021844
v 0.005401 -0.002772 0.022159
v 0.005409 -0.003698 0.022198
v 0.005968 -0.003115 0.022134
v 0.002836 -0.010624 0.022148
v 0.001082 0.006367 0.022245
v 0.000549 0.005762 0.022234
v 0.004441 -0.002529 0.022205
v 0.004933 -0.001541 0.022241
v 0.001602 0.007298 0.022127
v 0.001602 0.007298 0.022127
v 0.003239 -0.005058 0.022184
v 0.003755 -0.004363 0.022215
v 0.020510 -0.018141 0.021910
v 0.004357 -0.003862 0.022231
v 0.005095 -0.005857 0.022144
v 0.003692 -0.008750 0.022040
v 0.002268 -0.003641 0.022258
v 0.021808 -0.016074 0.021671
v 0.021073 -0.016274 0.021846
v 0.019390 -0.016899 0.021869
v 0.006314 -0.009463 0.022010
v 0.005648 -0.009914 0.022060
v -0.000479 0.006531 0.022242
v 0.000576 0.007401 0.022129
v 0.000576 0.007401 0.022129
v 0.003301 -0.002408 0.022176
v 0.002233 -0.002511 0.022239
v 0.006474 -0.009052 0.021906
v 0.001985 0.008135 0.022267
v 0.001985 0.008135 0.022267
v 0.006072 -0.008195 0.021742
v 0.007167 -0.009243 0.021591
v 0.002606 0.008106 0.022259
v 0.002606 0.008106 0.022259
v 0.001255 0.008071 0.022237
v 0.001255 0.008071 0.022237
v 0.000600 0.010016 0.022233
v 0.005397 -0.008929 0.022101
v 0.005798 -0.008173 0.021946
v 0.001836 0.009455 0.022290
v 0.005075 -0.008153 0.021995
v 0.005108 -0.007629 0.021746
v 0.000638 0.008285 0.022219
v 0.000638 0.008285 0.022219
v 0.019374 -0.015213 0.021885
v 0.003972 -0.000852 0.022211
v 0.003679 -0.001757 0.022189
v 0.021431 -0.015680 0.021814
v 0.003239 -0.000351 0.022221
v 0.004118 0.008450 0.022311
v 0.004119 0.008450 0.022309
v 0.004793 0.008763 0.022297
v 0.004460 -0.008380 0.022058
v 0.003281 0.008349 0.022251
v 0.003281 0.008349 0.022251
v 0.006637 -0.001578 0.022163
v 0.006891 -0.003305 0.022129
v 0.007468 -0.001747 0.022104
v 0.007468 -0.001747 0.022104
v 0.003569 0.009236 0.022288
v 0.016575 -0.017050 0.021897
v 0.005302 0.008694 0.022086
v 0.005302 0.008694 0.022086
v 0.005302 0.008241 0.021405
v 0.002159 -0.009226 0.022116
v 0.005747 0.009136 0.022256
v 0.005324 0.009427 0.022328
v 0.016719 -0.015280 0.021907
v 0.005250 -0.000941 0.022225
v 0.020696 -0.014009 0.021805
v 0.005376 0.009908 0.022315
v 0.002857 -0.008235 0.022101
v 0.003377 -0.007626 0.021987
v 0.008368 -0.001570 0.022182
v 0.008368 -0.001570 0.022182
v 0.008510 -0.000677 0.022210
v 0.008510 -0.000677 0.022210
v 0.002627 0.010359 0.022277
v 0.002671 -0.007743 0.022013
v 0.022420 -0.015437 0.021245
v 0.021864 -0.015005 0.021674
v 0.004623 0.010629 0.022270
v 0.022099 -0.014218 0.021506
v 0.005539 -0.007648 0.021440
v 0.003432 0.010744 0.022262
v 0.005643 -0.007016 0.021533
v 0.004902 -0.007165 0.021935
v 0.005675 -0.006449 0.021953
v 0.004695 -0.006615 0.022177
v 0.021143 -0.014581 0.021806
v 0.004986 0.000452 0.022243
v 0.004570 -0.007675 0.021944
v 0.021647 -0.014299 0.021754
v 0.003897 -0.007912 0.021993
v 0.003953 -0.007230 0.022055
v 0.006207 0.009562 0.022224
v 0.021880 -0.013542 0.021637
v 0.005373 0.010864 0.022305
v 0.006142 0.010594 0.022295
v 0.021703 -0.012720 0.021734
v 0.021938 -0.012093 0.021631
v 0.006578 0.010568 0.022198
v 0.021317 -0.013189 0.021796
v 0.003264 -0.006662 0.022164
v 0.002461 -0.000501 0.022274
v 0.002669 -0.006714 0.022202
v 0.004390 0.011819 0.022289
v 0.005913 0.011605 0.022341
v 0.019101 -0.013760 0.021864
v 0.003636 -0.005860 0.022163
v 0.006650 0.011347 0.022203
v 0.006214 0.012137 0.022329
v 0.013779 -0.017841 0.021967
v 0.013208 -0.018779 0.021971
v 0.000917 -0.000967 0.022220
v 0.021576 0.003736 0.021851
v 0.021151 0.004240 0.022078
v 0.021208 0.006132 0.022027
v 0.021629 0.005787 0.021706
v 0.000981 0.000617 0.022236
v 0.021572 0.006953 0.021820
v 0.020973 0.006665 0.022123
v 0.000290 -0.000111 0.022271
v 0.021108 0.007311 0.022005
v 0.021615 0.007606 0.021551
v 0.002775 0.001317 0.022256
v 0.020819 0.007679 0.021912
v 0.021038 0.008011 0.021752
v 0.020848 0.008240 0.022042
v 0.020490 0.007723 0.022080
v 0.021604 0.008138 0.021536
v 0.021088 0.008814 0.022020
v 0.010489 -0.018388 0.022087
v 0.020744 0.009152 0.022252
v 0.021421 0.009499 0.021796
v 0.020946 0.009850 0.022105
v 0.021387 0.010844 0.021819
v 0.020973 0.010676 0.022113
v 0.003831 0.001006 0.022206
v 0.020406 0.010072 0.022365
v -0.000132 -0.008437 0.022204
v 0.020873 0.011609 0.022106
v 0.021329 0.012238 0.021870
v 0.020700 0.012551 0.022207
v 0.021051 0.013339 0.022011
v 0.007967 -0.004717 0.021914
v 0.007967 -0.004717 0.021914
v 0.009201 -0.005264 0.022165
v 0.008678 -0.004559 0.022205
v 0.012540 -0.016645 0.022007
v 0.006162 -0.006219 0.021494
v 0.006129 -0.005962 0.021896
v 0.020332 0.013004 0.022329
v 0.005742 -0.005732 0.022111
v 0.020366 0.013822 0.022309
v 0.006973 -0.005394 0.021998
v 0.006646 -0.004578 0.022145
v 0.020411 0.014313 0.022263
v 0.020965 0.015255 0.022033
v 0.021671 0.014079 0.021540
v 0.007397 -0.004721 0.022033
v 0.007430 -0.005069 0.021524
v 0.007695 -0.004134 0.022022
v 0.007695 -0.004134 0.022022
v 0.014655 -0.017466 0.021951
v 0.006885 -0.004027 0.022143
v 0.020082 0.015090 0.022328
v 0.020736 0.016294 0.022064
v 0.020252 0.015849 0.022337
v 0.021052 0.015928 0.021970
v 0.020285 0.016628 0.022328
v 0.016291 -0.015997 0.021893
v 0.021643 0.015781 0.021537
v 0.020950 0.017120 0.021991
v 0.015521 -0.016232 0.021886
v 0.020021 0.017675 0.022378
v 0.013234 -0.016324 0.022019
v 0.014548 -0.015758 0.021956
v 0.020599 0.018108 0.022173
v 0.015824 -0.014983 0.021974
v 0.020124 0.018720 0.022352
v 0.020772 0.018609 0.022040
v 0.021288 0.019118 0.021770
v 0.020826 0.019645 0.022050
v 0.008260 -0.003989 0.022157
v 0.008898 -0.003660 0.022198
v 0.007389 -0.003240 0.022054
v 0.007389 -0.003240 0.022054
v 0.007919 -0.003052 0.022118
v 0.014185 -0.014351 0.021899
v 0.008914 -0.002706 0.022142
v 0.008914 -0.002706 0.022142
v 0.020145 0.020491 0.022364
v -0.005211 -0.003025 0.022243
v 0.019142 0.018645 0.022374
v 0.019662 0.021054 0.022363
v 0.008135 -0.002145 0.022162
v 0.008135 -0.002145 0.022162
v 0.019292 0.021589 0.022204
v 0.018460 0.020981 0.022357
v -0.004323 -0.002403 0.022262
v 0.011127 -0.016219 0.022063
v 0.021254 0.020575 0.021808
v 0.020236 0.021445 0.022214
v 0.011967 -0.016482 0.022007
v -0.005978 -0.003026 0.022241
v 0.019527 0.022259 0.021741
v 0.017790 -0.008197 0.021871
v 0.018295 -0.007423 0.021872
v 0.017464 -0.007202 0.021870
v 0.016242 -0.008552 0.021899
v 0.016744 -0.007835 0.021883
v 0.018431 0.021572 0.022186
v 0.018466 0.021763 0.021991
v 0.020818 0.003545 0.022147
v 0.020836 0.005302 0.022185
v 0.020473 0.004602 0.022190
v 0.011644 -0.014661 0.021960
v 0.015492 -0.007830 0.021926
v 0.015965 -0.007141 0.021925
v 0.016771 -0.006986 0.021946
v -0.005828 -0.001746 0.022243
v -0.004439 -0.001548 0.022319
v 0.020472 0.006143 0.022153
v 0.013907 -0.014755 0.021931
v 0.019190 -0.007162 0.021878
v 0.019201 -0.006736 0.022047
v 0.018400 -0.006158 0.022214
v -0.002698 -0.001600 0.022263
v -0.001867 -0.001175 0.022244
v 0.019391 -0.006197 0.022170
v 0.017927 -0.006230 0.022209
v -0.001554 -0.000133 0.022240
v 0.018242 0.006215 0.022165
v 0.017169 -0.006372 0.022126
v 0.020292 0.007017 0.022161
v 0.012997 -0.015225 0.021972
v 0.019523 0.007111 0.022174
v -0.003007 -0.000768 0.022294
v 0.016316 -0.006452 0.022095
v 0.016307 -0.005716 0.022118
v -0.002727 0.000414 0.022333
v 0.017008 -0.004988 0.022176
v 0.012094 -0.015030 0.021970
v 0.019331 0.007733 0.022105
v 0.012342 -0.013316 0.022024
v 0.011410 -0.013238 0.021989
v 0.019248 -0.004878 0.022146
v 0.019848 -0.005913 0.022175
v 0.020357 -0.004976 0.022177
v 0.019714 0.008441 0.022310
v 0.020960 -0.004922 0.022160
v 0.020261 0.008874 0.022355
v 0.021436 -0.004000 0.022020
v 0.021447 -0.004832 0.021969
v 0.020460 -0.003878 0.022228
v 0.020966 -0.003711 0.022179
v -0.003767 -0.000208 0.022300
v 0.017534 0.007058 0.022177
v 0.013144 -0.013100 0.021994
v 0.017151 0.007463 0.022118
v 0.019476 -0.004023 0.022209
v 0.019876 -0.003084 0.022153
v 0.018917 -0.003596 0.022191
v 0.018450 0.008493 0.022308
v 0.017616 0.008262 0.022269
v 0.017715 -0.015015 0.021881
v 0.019434 0.009588 0.022387
v 0.018350 -0.014326 0.021864
v -0.006350 -0.000641 0.022274
v -0.006350 -0.000641 0.022274
v 0.017677 -0.014109 0.021826
v -0.005214 -0.000119 0.022288
v -0.004362 0.000896 0.022235
v 0.018039 -0.004398 0.022143
v 0.017433 -0.003311 0.022166
v 0.017015 -0.013859 0.021855
v -0.005890 0.000137 0.022293
v -0.005890 0.000137 0.022293
v 0.017529 -0.012832 0.021897
v 0.016997 -0.013027 0.021877
v 0.019449 0.010806 0.022376
v -0.002972 0.001773 0.022307
v 0.017833 -0.002126 0.022205
v 0.020481 -0.012934 0.021833
v 0.021152 -0.011996 0.021826
v 0.020412 0.011558 0.022300
v 0.016658 -0.003961 0.022222
v 0.019617 -0.012524 0.021829
v 0.017709 0.008964 0.022320
v 0.018371 0.009639 0.022322
v 0.021281 -0.011355 0.021803
v 0.020041 -0.010839 0.021810
v -0.005450 0.000988 0.022306
v -0.005450 0.000988 0.022306
v -0.006503 0.000963 0.022299
v -0.006739 0.000085 0.022217
v 0.018260 0.010511 0.022360
v 0.017091 0.010542 0.022363
v 0.017419 0.011135 0.022367
v -0.006389 0.001999 0.022296
v 0.016902 0.008685 0.022350
v 0.015959 0.007733 0.022122
v 0.015732 -0.003105 0.022167
v 0.015719 -0.004004 0.022214
v -0.004004 0.002477 0.022302
v -0.004873 0.002379 0.022312
v 0.018326 -0.012701 0.021879
v 0.016009 0.008496 0.022312
v -0.005388 0.001784 0.022311
v -0.005388 0.001784 0.022311
v 0.018912 -0.001751 0.022181
v 0.016702 0.009778 0.022348
v 0.019133 -0.011894 0.021793
v 0.017912 -0.011712 0.021867
v 0.001459 0.002151 0.022245
v 0.000407 0.001852 0.022287
v 0.015638 -0.002337 0.022162
v 0.015487 0.010723 0.022319
v 0.015168 0.008692 0.022314
v 0.017149 -0.001509 0.022150
v 0.018601 -0.001198 0.022171
v 0.002084 0.003202 0.022227
v 0.019419 -0.010489 0.021861
v 0.016045 0.011709 0.022282
v 0.015187 -0.001755 0.022203
v 0.016541 -0.000430 0.022187
v 0.016811 -0.011045 0.021909
v 0.015261 -0.006301 0.022191
v 0.014437 -0.006314 0.022182
v 0.000950 0.003964 0.022266
v 0.018714 -0.010082 0.021861
v 0.019219 0.011613 0.022334
v 0.014944 -0.005180 0.022182
v 0.000165 0.003185 0.022304
v 0.014195 -0.004565 0.022180
v 0.017299 -0.010258 0.021885
v 0.017930 -0.009629 0.021838
v 0.013802 -0.006158 0.022161
v 0.013217 -0.005036 0.022161
v 0.019541 0.012175 0.022324
v 0.016153 -0.011576 0.021874
v 0.016077 -0.010650 0.021886
v 0.017134 -0.009175 0.021863
v 0.017599 0.012189 0.022320
v 0.000585 0.004588 0.022276
v 0.013217 -0.005036 0.022160
v 0.018227 0.012749 0.022328
v 0.013173 -0.004328 0.022224
v 0.013173 -0.004328 0.022224
v 0.012451 -0.005425 0.022172
v -0.000170 0.005055 0.022295
v 0.019293 0.013169 0.022356
v -0.000686 0.005484 0.022265
v 0.013195 -0.002897 0.022185
v 0.013910 -0.003320 0.022137
v 0.014665 -0.002820 0.022137
v 0.018682 0.013848 0.022299
v -0.000668 0.000504 0.022281
v 0.016329 -0.013366 0.021916
v 0.014379 0.010875 0.022314
v 0.013311 0.008964 0.022337
v -0.000503 0.001798 0.022308
v 0.021323 -0.003058 0.022053
v 0.015377 -0.013741 0.021935
v 0.021806 -0.003180 0.021691
v 0.021998 -0.002311 0.021500
v -0.001487 0.001182 0.022280
v 0.020694 -0.003217 0.022183
v 0.015548 0.012419 0.022297
v 0.020973 -0.002605 0.022150
v 0.014578 -0.012751 0.021924
v 0.021295 -0.002119 0.022073
v 0.015051 -0.012428 0.021947
v 0.020009 -0.001991 0.022154
v 0.013276 0.010895 0.022254
v 0.020796 -0.001608 0.022182
v 0.014389 0.012536 0.022310
v -0.001055 0.002527 0.022264
v 0.021476 -0.001524 0.021987
v 0.020991 -0.000940 0.022194
v 0.022030 -0.000513 0.021513
v 0.021462 -0.000084 0.021941
v 0.014479 0.013255 0.022287
v 0.014018 -0.011608 0.021927
v -0.002022 0.002694 0.022258
v 0.015037 -0.010965 0.021910
v -0.003130 0.002773 0.022311
v 0.017352 0.014016 0.022333
v -0.000638 0.004053 0.022293
v 0.019047 0.014475 0.022309
v 0.020219 -0.000584 0.022200
v 0.016547 0.013191 0.022323
v 0.020563 0.000347 0.022180
v 0.016630 0.015189 0.022272
v 0.017598 0.015719 0.022325
v 0.018775 0.000624 0.022192
v 0.019769 0.000790 0.022161
v -0.002338 0.004318 0.022326
v -0.004022 0.003518 0.022284
v -0.002415 0.005173 0.022283
v 0.019451 0.002130 0.022181
v 0.009520 -0.016821 0.022039
v 0.014767 0.014569 0.022309
v -0.005289 0.004360 0.022320
v 0.017572 0.001123 0.022202
v 0.022692 -0.011444 0.020953
v 0.021905 -0.011263 0.021586
v 0.012807 0.011456 0.022246
v 0.021176 0.000952 0.022101
v 0.021755 0.000990 0.021741
v 0.021360 -0.010348 0.021765
v 0.021344 0.002336 0.022027
v 0.021021 0.001973 0.022181
v -0.001237 0.006473 0.022259
v 0.021864 -0.009718 0.021610
v 0.022573 -0.009965 0.021053
v 0.020395 0.002290 0.022195
v 0.018208 0.015405 0.022362
v 0.020225 -0.009701 0.021832
v 0.021282 -0.009452 0.021795
v 0.021098 0.002866 0.022110
v 0.019839 0.015880 0.022390
v 0.022595 -0.008677 0.020954
v 0.021847 -0.008681 0.021585
v 0.008842 0.000175 0.022178
v 0.008842 0.000175 0.022178
v 0.009447 -0.000130 0.022167
v 0.015135 -0.000864 0.022194
v 0.018526 0.016382 0.022313
v 0.020869 -0.008470 0.021814
v 0.016027 0.000542 0.022140
v 0.008928 0.001117 0.022178
v 0.008928 0.001117 0.022178
v 0.017258 0.016427 0.022315
v 0.010430 0.001296 0.022181
v 0.014284 0.001199 0.022207
v 0.015154 0.001984 0.022169
v 0.019625 0.016702 0.022356
v 0.012043 -0.004977 0.022177
v 0.021516 -0.007988 0.021713
v 0.012747 -0.003649 0.022218
v 0.012747 -0.003649 0.022218
v 0.020562 -0.007362 0.021802
v 0.018924 -0.009000 0.021859
v 0.008523 0.001571 0.022176
v 0.008523 0.001571 0.022175
v 0.018243 0.017420 0.022307
v 0.009513 0.003519 0.022194
v 0.011986 -0.002816 0.022155
v 0.011986 -0.002816 0.022155
v 0.011520 -0.003496 0.022161
v 0.013913 -0.001721 0.022183
v 0.008287 0.002187 0.022150
v 0.008287 0.002187 0.022150
v 0.018730 -0.007920 0.021888
v 0.020161 -0.006660 0.022078
v 0.013029 0.012568 0.022288
v 0.013409 0.013239 0.022242
v 0.007767 0.002685 0.022068
v 0.007767 0.002685 0.022068
v 0.013284 0.014248 0.022258
v 0.008261 0.003032 0.022158
v 0.008261 0.003032 0.022158
v 0.013087 -0.002040 0.022210
v 0.011727 -0.001879 0.022166
v 0.011727 -0.001879 0.022164
v 0.013250 0.015153 0.022298
v 0.012592 -0.000954 0.022195
v 0.012083 0.003270 0.022200
v 0.011794 0.002301 0.022167
v 0.011032 0.003970 0.022157
v 0.011911 0.004901 0.022161
v 0.011281 -0.004714 0.022128
v 0.015062 0.015619 0.022306
v 0.010623 0.002629 0.022155
v 0.010646 -0.003031 0.022223
v 0.011155 -0.002318 0.022163
v 0.011155 -0.002318 0.022163
v 0.016360 0.016848 0.022329
v 0.022040 -0.007650 0.021430
v 0.021587 -0.007560 0.021547
v 0.021225 -0.007546 0.021747
v 0.021847 -0.007279 0.021430
v 0.022022 -0.006610 0.021451
v 0.021417 -0.006846 0.021781
v 0.020916 -0.006844 0.021970
v 0.021666 -0.006368 0.021887
v 0.014474 0.016232 0.022269
v 0.008775 0.003669 0.022177
v 0.008775 0.003669 0.022177
v 0.021110 -0.006198 0.022142
v 0.014228 -0.000576 0.022138
v 0.013547 -0.000301 0.022126
v 0.020526 -0.006053 0.022191
v 0.009693 0.004370 0.022222
v 0.009693 0.004370 0.022222
v 0.010440 0.005441 0.022183
v 0.015265 0.017344 0.022279
v 0.013922 0.016939 0.022272
v 0.012487 0.000238 0.022177
v 0.021427 -0.005662 0.022018
v 0.022231 -0.005809 0.021363
v 0.022146 -0.004556 0.021434
v 0.007897 0.003680 0.022111
v 0.007897 0.003680 0.022111
v 0.012618 0.017258 0.022267
v 0.014117 0.017787 0.022323
v 0.008294 0.004685 0.022159
v 0.010425 -0.000313 0.022192
v 0.007746 0.005156 0.021825
v 0.007746 0.005156 0.021825
v 0.007601 0.004275 0.021933
v 0.007601 0.004275 0.021933
v 0.012466 0.017893 0.022275
v 0.013811 0.018213 0.022324
v 0.010486 -0.002156 0.022184
v 0.010486 -0.002156 0.022184
v 0.010816 -0.001475 0.022155
v 0.013221 0.019336 0.022258
v 0.009733 0.005441 0.022196
v 0.009914 -0.001858 0.022195
v 0.009914 -0.001858 0.022195
v 0.008957 0.005355 0.022168
v 0.008957 0.005355 0.022168
v 0.009419 -0.001224 0.022200
v 0.011696 0.019047 0.022278
v 0.009241 0.006082 0.022136
v 0.009241 0.006082 0.022136
v 0.012068 0.012431 0.022299
v 0.007423 0.004941 0.021650
v 0.007423 0.004941 0.021650
v 0.007423 0.004941 0.021650
v 0.012519 0.013272 0.022293
v 0.011549 -0.012417 0.021956
v 0.008403 0.005734 0.021997
v 0.008403 0.005734 0.021997
v 0.008795 0.006192 0.021857
v 0.008795 0.006192 0.021857
v 0.008795 0.006192 0.021857
v 0.011051 0.011769 0.022245
v 0.009501 0.006695 0.022039
v 0.014212 0.005310 0.022171
v 0.015354 0.005521 0.022207
v 0.012361 0.013809 0.022279
v 0.014192 0.006723 0.022153
v 0.010539 -0.012384 0.022021
v 0.010539 -0.012384 0.022021
v 0.010811 0.013421 0.022251
v 0.016462 0.006654 0.022166
v 0.011335 0.014723 0.022246
v 0.011998 -0.011145 0.021954
v 0.010930 -0.011786 0.021988
v 0.010930 -0.011786 0.021988
v 0.015302 0.007219 0.022133
v 0.010603 -0.010892 0.022032
v 0.010603 -0.010892 0.022032
v 0.012829 0.000914 0.022149
v 0.012157 0.015502 0.022295
v 0.015073 0.007904 0.022175
v 0.014338 0.007719 0.022104
v 0.009799 0.013840 0.022277
v 0.013520 0.007484 0.022120
v 0.013772 0.007993 0.022207
v 0.014374 0.008332 0.022304
v 0.009806 0.014832 0.022306
v 0.011278 0.015709 0.022261
v 0.013239 0.002022 0.022151
v 0.013017 -0.010947 0.021954
v 0.013544 0.002988 0.022142
v 0.013937 -0.009839 0.021957
v 0.013336 0.004364 0.022173
v 0.012718 0.004610 0.022213
v 0.014061 -0.010597 0.021918
v 0.010071 0.016073 0.022288
v 0.008905 0.015669 0.022257
v 0.011812 -0.009214 0.021941
v 0.013051 0.005499 0.022154
v 0.010887 0.016906 0.022259
v 0.013081 -0.008385 0.021949
v 0.009660 0.017322 0.022274
v 0.013088 0.006715 0.022177
v 0.011344 0.005391 0.022140
v 0.012519 0.006177 0.022185
v 0.012085 -0.010099 0.021927
v 0.011137 -0.010485 0.021998
v 0.011137 -0.010485 0.021998
v 0.016808 0.001778 0.022164
v 0.011345 -0.009947 0.021953
v 0.011345 -0.009946 0.021953
v 0.012766 0.007465 0.022118
v 0.012067 0.007056 0.022172
v 0.014776 -0.008697 0.021907
v 0.011326 0.006243 0.022167
v 0.011035 0.017677 0.022282
v 0.017905 0.003278 0.022166
v 0.015325 -0.008550 0.021884
v 0.016416 0.002459 0.022210
v 0.010539 0.006739 0.022179
v 0.013523 -0.007781 0.021907
v 0.011699 0.007538 0.022096
v 0.017693 0.018073 0.022338
v 0.014662 -0.007306 0.021913
v 0.010352 0.007670 0.022022
v 0.017167 0.017802 0.022366
v 0.012223 0.008543 0.022268
v 0.011000 0.008384 0.022265
v 0.009837 0.007529 0.021866
v 0.009298 0.007189 0.021441
v 0.009298 0.007189 0.021441
v 0.009300 0.007838 0.021760
v 0.009107 0.007738 0.021384
v 0.014000 -0.007189 0.021936
v 0.019384 0.003980 0.022201
v 0.015684 0.018184 0.022277
v 0.012215 -0.008582 0.021925
v 0.012215 -0.008582 0.021925
v 0.016780 0.019163 0.022324
v 0.009712 0.007962 0.022036
v 0.010507 -0.009623 0.021985
v 0.010084 0.008276 0.022272
v 0.011174 -0.008609 0.021938
v 0.009979 0.006283 0.022175
v 0.010436 -0.008694 0.021938
v 0.009687 0.008804 0.022244
v 0.011412 0.009013 0.022253
v 0.012355 0.007871 0.022152
v 0.012085 -0.007834 0.021953
v 0.012085 -0.007834 0.021953
v 0.017813 0.005406 0.022188
v 0.010000 -0.008520 0.021875
v 0.012342 0.009601 0.022310
v 0.009374 -0.008741 0.021682
v 0.010038 -0.007995 0.021684
v 0.011466 -0.007319 0.021886
v 0.010804 -0.007422 0.021773
v 0.010827 -0.007006 0.021912
v 0.010411 -0.007263 0.021521
v 0.018333 0.019957 0.022355
v 0.014442 0.003135 0.022147
v 0.015453 0.003333 0.022205
v 0.017979 0.020547 0.022387
v 0.013000 -0.007383 0.021958
v 0.013000 -0.007383 0.021958
v 0.016098 0.019911 0.022350
v 0.012198 -0.007350 0.021922
v 0.012198 -0.007350 0.021922
v 0.011442 0.010535 0.022301
v 0.012609 -0.006846 0.022058
v 0.012609 -0.006846 0.022058
v 0.015449 0.004574 0.022181
v 0.016603 0.004673 0.022146
v 0.013874 -0.006707 0.022094
v 0.013153 -0.006635 0.022140
v 0.013153 -0.006635 0.022140
v 0.013208 -0.005799 0.022158
v 0.013208 -0.005799 0.022158
v 0.012600 -0.006197 0.022213
v 0.008876 0.008785 0.022036
v 0.009000 0.009371 0.022231
v 0.014660 0.019644 0.022335
v 0.008397 0.009470 0.022163
v 0.008602 0.008756 0.021653
v 0.011698 -0.006475 0.022215
v 0.009290 0.010094 0.022294
v 0.008072 0.009391 0.021795
v 0.008302 0.010011 0.022231
v 0.016622 0.005890 0.022170
v 0.010754 -0.006508 0.022184
v 0.008685 0.010804 0.022259
v 0.007087 0.010164 0.021910
v 0.011406 -0.005735 0.022193
v 0.007794 0.010413 0.022238
v 0.010506 0.010361 0.022268
v 0.009982 -0.006838 0.021805
v 0.013692 0.020770 0.022321
v 0.008973 -0.005560 0.021989
v 0.009576 -0.006420 0.022051
v 0.010070 -0.006116 0.022242
v 0.016024 0.020748 0.022336
v 0.014442 0.020924 0.022336
v 0.010001 0.011261 0.022236
v 0.009818 -0.004994 0.022182
v 0.017489 0.021075 0.022369
v 0.016762 0.021045 0.022358
v 0.017071 0.021431 0.022210
v 0.016377 0.021337 0.022227
v 0.017719 0.021444 0.022268
v 0.010367 -0.004198 0.022216
v 0.018207 0.022354 0.021556
v 0.009100 0.011673 0.022259
v 0.009691 -0.003669 0.022247
v 0.015856 0.021555 0.022112
v 0.009279 0.013048 0.022319
v 0.015039 0.021450 0.022163
v 0.006765 0.009905 0.021845
v 0.006765 0.009905 0.021845
v 0.006846 0.010810 0.022016
v 0.002213 -0.005124 0.022180
v 0.007237 0.011131 0.022110
v 0.007680 0.011872 0.022205
v 0.008113 -0.005304 0.021389
v -0.006814 -0.002296 0.022199
v -0.006814 -0.002296 0.022199
v -0.007466 -0.001694 0.022147
v -0.006734 -0.001394 0.022234
v -0.006734 -0.001394 0.022234
v -0.007203 -0.000791 0.022137
v -0.008016 -0.000779 0.022214
v -0.008468 -0.000220 0.022229
v -0.007687 0.000230 0.022132
v 0.022174 -0.021631 0.019781
v 0.022012 -0.021647 0.017366
v 0.022400 -0.021405 0.017543
v 0.022462 -0.021402 0.019491
v 0.022901 -0.020512 0.018330
v 0.022166 0.006577 0.016215
v 0.021973 0.008258 0.017863
v 0.021984 0.009257 0.015128
v 0.021831 -0.021653 0.020642
v 0.021328 -0.021852 0.020052
v 0.022842 -0.020596 0.020375
v 0.022842 -0.020596 0.020375
v 0.022491 -0.021252 0.020379
v 0.022491 -0.021252 0.020379
v 0.023000 -0.019679 0.019940
v 0.023000 -0.019679 0.019940
v 0.021940 -0.021689 0.009179
v 0.022315 -0.021417 0.009685
v 0.022209 0.006396 0.020294
v 0.022737 -0.020596 0.009483
v 0.022800 -0.020171 0.009491
v 0.022805 -0.020645 0.010510
v 0.021942 -0.021651 0.011392
v 0.021965 -0.006958 0.009668
v 0.021965 -0.006958 0.009668
v 0.021326 -0.006960 0.009463
v 0.021326 -0.006960 0.009463
v 0.022246 0.003944 0.020720
v 0.020457 -0.007095 0.009343
v 0.020457 -0.007095 0.009343
v 0.020439 -0.007519 0.008718
v 0.020265 -0.006964 0.009110
v 0.020265 -0.006964 0.009110
v 0.021458 -0.006616 0.009456
v 0.020518 -0.006738 0.009428
v 0.020531 -0.006319 0.009009
v 0.020289 -0.006620 0.009017
v 0.022281 -0.021437 0.011045
v 0.022416 -0.007447 0.010043
v 0.022416 -0.007447 0.010043
v 0.022195 -0.006645 0.010068
v 0.022784 -0.020517 0.011416
v 0.022818 -0.020075 0.010853
v 0.022744 -0.015399 0.010203
v 0.022319 -0.006452 0.011018
v 0.022380 -0.005705 0.011828
v 0.022087 0.007403 0.020006
v 0.022355 -0.006420 0.011985
v 0.021994 0.008708 0.020557
v 0.022796 -0.016079 0.015445
v 0.022089 0.005762 0.021240
v 0.021927 0.007950 0.021043
v 0.022130 0.006324 0.021041
v 0.022042 0.003688 0.021321
v 0.021880 -0.021687 0.013386
v 0.022311 -0.021446 0.013608
v 0.021972 -0.021695 0.015088
v 0.021949 0.006905 0.021339
v 0.021062 -0.021888 0.015092
v 0.022869 -0.020266 0.012433
v 0.022794 -0.020575 0.013173
v 0.022882 -0.020042 0.013948
v 0.022381 -0.006391 0.015373
v 0.022788 -0.020533 0.014361
v 0.022388 -0.021394 0.015154
v 0.021836 0.010208 0.021414
v 0.021907 0.011468 0.020676
v 0.021791 0.011004 0.021392
v 0.022940 -0.020294 0.015779
v 0.022255 0.002127 0.014087
v 0.021819 0.009071 0.021411
v 0.022386 -0.003716 0.016181
v 0.021960 0.009078 0.010632
v 0.021813 0.008102 0.010372
v 0.021940 0.008323 0.012003
v 0.022785 -0.013160 0.016276
v 0.022713 -0.010778 0.013457
v 0.022713 -0.010778 0.013457
v 0.022662 -0.010297 0.011595
v 0.022662 -0.010297 0.011595
v 0.022190 0.006441 0.012882
v 0.022632 -0.008344 0.010941
v 0.022632 -0.008344 0.010941
v 0.022681 -0.008393 0.013482
v 0.022035 0.007671 0.011867
v 0.021795 0.016305 0.016575
v 0.021761 0.018872 0.017797
v 0.022787 -0.013160 0.016276
v 0.008113 0.006050 0.020413
v 0.008369 0.006462 0.019271
v 0.007933 0.006110 0.019594
v 0.007806 0.005835 0.020552
v 0.008360 0.006038 0.020974
v 0.007941 0.005737 0.021554
v 0.009062 0.006857 0.020915
v 0.008760 0.006796 0.020317
v 0.008468 0.006116 0.021497
v 0.009070 0.006667 0.021581
v 0.009070 0.006667 0.021581
v 0.019595 -0.021875 0.015188
v 0.007355 0.005285 0.021371
v 0.007359 0.005655 0.020764
v 0.006475 0.006071 0.020516
v 0.020998 -0.021893 0.017892
v 0.021733 0.020872 0.012185
v 0.021733 0.019927 0.013792
v 0.022339 -0.021478 0.016119
v 0.022385 -0.003371 0.020440
v 0.021795 0.021015 0.014347
v 0.009151 0.007487 0.020809
v 0.009151 0.007487 0.020809
v 0.021521 0.021740 0.012822
v 0.022339 -0.001008 0.020482
v 0.020638 0.022540 0.012413
v 0.019849 0.022552 0.012056
v 0.021177 0.022221 0.013413
v 0.007272 0.005981 0.020132
v 0.006064 0.006466 0.020084
v 0.006011 0.006353 0.020784
v 0.020437 0.022539 0.013534
v 0.005381 0.006843 0.021655
v 0.005381 0.006843 0.021655
v 0.020068 0.022585 0.015101
v 0.005579 0.007531 0.020196
v 0.019958 -0.021881 0.020346
v 0.019958 -0.021873 0.020346
v 0.005205 0.007667 0.020871
v 0.005581 0.007955 0.020026
v 0.020777 0.022474 0.014441
v 0.005223 0.007930 0.020785
v 0.005650 0.008606 0.020778
v 0.005717 0.008373 0.020241
v 0.006350 0.008806 0.019783
v 0.006317 0.009110 0.021218
v 0.006317 0.009110 0.021218
v 0.006024 0.009010 0.021694
v 0.006024 0.009010 0.021694
v 0.008883 0.007554 0.020369
v 0.008883 0.007554 0.020369
v 0.008633 0.008123 0.020147
v 0.008633 0.008123 0.020147
v 0.008758 0.008476 0.020958
v 0.021745 0.020888 0.014974
v 0.008964 0.008363 0.021761
v 0.007790 0.009298 0.021026
v 0.021584 0.021505 0.014854
v 0.008192 0.008689 0.020104
v 0.008192 0.008689 0.020104
v 0.007682 0.009082 0.020355
v 0.007682 0.009082 0.020355
v 0.007086 0.009504 0.021100
v 0.007086 0.009504 0.021100
v 0.006715 0.009140 0.020670
v 0.022328 -0.002284 0.020798
v 0.007234 0.009708 0.021519
v 0.022837 -0.015225 0.017583
v 0.021732 0.020999 0.017230
v 0.021405 0.021933 0.015736
v 0.021457 0.021854 0.017010
v 0.022918 -0.017816 0.018326
v 0.022918 -0.017816 0.018326
v 0.021231 0.022151 0.014706
v 0.022253 -0.003358 0.021183
v 0.022302 -0.004982 0.021190
v 0.020986 0.022375 0.015521
v 0.022823 -0.015225 0.017583
v 0.022196 -0.001940 0.021255
v 0.017374 0.022494 0.015030
v 0.022251 -0.000073 0.021087
v 0.021205 0.022210 0.016627
v 0.020751 0.022476 0.018419
v 0.022280 0.001699 0.020643
v 0.022081 0.001681 0.021379
v 0.022939 -0.017230 0.020398
v 0.022918 -0.016387 0.020140
v 0.021838 0.015300 0.020854
v 0.022745 -0.020072 0.020919
v 0.022816 -0.018400 0.020906
v 0.022718 -0.016370 0.020967
v 0.022788 -0.015012 0.020712
v 0.022867 -0.013645 0.020049
v 0.008545 -0.009043 0.021163
v 0.008545 -0.009043 0.021163
v 0.008028 -0.009621 0.021344
v 0.008028 -0.009621 0.021344
v 0.008028 -0.009621 0.021344
v 0.021828 0.017346 0.020566
v 0.022721 -0.013348 0.020919
v 0.021732 0.020755 0.019031
v 0.021758 0.019109 0.020954
v 0.021862 0.013417 0.021056
v 0.022745 -0.008282 0.015891
v 0.009441 -0.008272 0.020927
v 0.009441 -0.008272 0.020927
v 0.009875 -0.007765 0.021247
v 0.009875 -0.007765 0.021247
v 0.021609 0.013096 0.021624
v 0.022815 -0.008282 0.020246
v 0.007778 -0.009317 0.020775
v 0.008635 -0.008813 0.020146
v 0.007639 -0.008873 0.020248
v 0.007317 -0.008855 0.020523
v 0.006707 -0.008653 0.021098
v 0.006975 -0.008482 0.019455
v 0.006570 -0.008450 0.020665
v 0.006668 -0.008090 0.019126
v 0.021672 0.016874 0.021472
v 0.006215 -0.007862 0.020475
v 0.005937 -0.006909 0.020261
v 0.006285 -0.007322 0.019686
v 0.006372 -0.006934 0.019490
v 0.021588 0.018335 0.021542
v 0.006072 -0.006582 0.020163
v 0.005869 -0.007393 0.020860
v 0.005949 -0.007724 0.020944
v 0.009547 -0.007598 0.020570
v 0.009547 -0.007598 0.020570
v 0.009250 -0.006957 0.019670
v 0.009533 -0.006741 0.021075
v 0.009533 -0.006741 0.021075
v 0.009348 -0.006491 0.020672
v 0.009103 -0.006594 0.019868
v 0.021630 0.019864 0.021434
v 0.008298 -0.005825 0.020015
v 0.008373 -0.005601 0.020626
v 0.009959 -0.007219 0.021281
v 0.009959 -0.007219 0.021281
v 0.009959 -0.007219 0.021281
v 0.008811 -0.005844 0.021430
v 0.008811 -0.005844 0.021430
v 0.007853 -0.005420 0.020555
v 0.007892 -0.005735 0.019794
v 0.007387 -0.005610 0.020251
v 0.007039 -0.005539 0.020936
v 0.007742 -0.005376 0.021005
v 0.006526 -0.005913 0.020735
v 0.020274 0.022610 0.018572
v 0.018065 0.022568 0.017367
v 0.017897 0.022589 0.020940
v 0.017897 0.022589 0.020940
v 0.022574 -0.007062 0.018806
v 0.015229 0.022473 0.018159
v 0.015229 0.022473 0.018159
v 0.022402 -0.006452 0.018445
v 0.015690 0.022511 0.020550
v 0.016369 0.022402 0.021263
v 0.021147 0.022247 0.018114
v 0.021354 0.021998 0.019294
v 0.021695 0.020950 0.020735
v 0.021149 0.022221 0.020119
v 0.020669 0.022488 0.020992
v 0.021355 0.021789 0.020815
v 0.022736 -0.009791 0.020737
v 0.021542 0.020974 0.021325
v 0.022545 -0.007477 0.020891
v 0.020896 0.021858 0.021694
v 0.021067 0.021932 0.021390
v 0.020132 0.022628 0.020556
v 0.020373 0.022382 0.021577
v 0.020373 0.022382 0.021577
v 0.022514 -0.006852 0.020284
v 0.022422 -0.006078 0.020386
v 0.019898 0.022568 0.021325
v 0.019898 0.022568 0.021325
v 0.022263 -0.006785 0.021073
v 0.020603 -0.021759 0.020711
v 0.022026 -0.021397 0.020983
v 0.022026 -0.021397 0.020983
v 0.022452 -0.020719 0.021088
v 0.018307 -0.021785 0.020826
v 0.016414 -0.021795 0.020927
v 0.015856 -0.021641 0.021193
v 0.016716 0.022142 0.021698
v 0.013766 0.022159 0.021529
v 0.008446 0.007315 0.018096
v 0.008443 0.007683 0.017391
v 0.007931 0.007242 0.017670
v 0.008575 0.007831 0.017816
v 0.007986 0.006436 0.018657
v 0.008658 0.007345 0.018737
v 0.008122 0.008183 0.016743
v 0.008122 0.008183 0.016743
v 0.008122 0.008183 0.016743
v 0.007982 0.007688 0.017049
v 0.007865 0.007925 0.016713
v 0.007865 0.007925 0.016713
v 0.007865 0.007925 0.016713
v 0.008192 0.008384 0.017214
v 0.008192 0.008384 0.017214
v 0.008436 0.008198 0.018230
v 0.008436 0.008198 0.018230
v 0.008042 0.008542 0.017731
v 0.006960 0.006609 0.018520
v 0.007547 0.006554 0.018340
v 0.007338 0.006923 0.018065
v 0.007474 0.006157 0.019087
v 0.008645 -0.008343 0.018222
v 0.008789 -0.008210 0.017496
v 0.008789 -0.008210 0.017496
v 0.008515 -0.008348 0.017592
v 0.006982 0.006309 0.018951
v 0.008937 -0.008124 0.018125
v 0.008937 -0.008124 0.018125
v 0.008955 -0.007947 0.017713
v 0.008955 -0.007947 0.017713
v 0.009001 -0.007685 0.018048
v 0.006490 0.006525 0.019052
v 0.007838 -0.008387 0.018255
v 0.008748 0.007230 0.019795
v 0.008791 0.007686 0.019049
v 0.009150 -0.008067 0.018922
v 0.009150 -0.008067 0.018922
v 0.008856 -0.008469 0.019132
v 0.008659 0.008054 0.019208
v 0.008659 0.008054 0.019208
v 0.008659 0.008054 0.019208
v 0.008595 -0.007926 0.017241
v 0.008254 -0.008196 0.017435
v 0.008228 -0.007709 0.017405
v 0.007819 -0.008008 0.017754
v 0.008784 -0.007666 0.017506
v 0.008386 -0.007219 0.017716
v 0.008622 -0.007175 0.017945
v 0.008777 0.007774 0.019913
v 0.008777 0.007774 0.019913
v 0.007255 -0.008323 0.018401
v 0.006162 0.006904 0.019038
v 0.006606 0.007339 0.018142
v 0.005961 0.007550 0.018896
v 0.007661 -0.007362 0.017817
v 0.007092 -0.007968 0.018195
v 0.006003 0.007973 0.018867
v 0.006648 0.007885 0.018105
v 0.006663 0.008268 0.018326
v 0.006930 -0.007572 0.018348
v 0.007205 -0.007136 0.018219
v 0.007883 0.008838 0.019207
v 0.008257 0.008562 0.019163
v 0.007708 0.008722 0.018139
v 0.007124 0.008619 0.018406
v 0.007500 0.008692 0.017925
v 0.009117 -0.008369 0.020149
v 0.007472 0.008921 0.019386
v 0.008349 -0.008555 0.019167
v 0.006164 0.008379 0.019077
v 0.007353 -0.008648 0.019307
v 0.006556 -0.007770 0.019027
v 0.006844 -0.007051 0.018656
v 0.006887 -0.006448 0.018982
v 0.006603 -0.005982 0.020101
v 0.009033 -0.007372 0.018673
v 0.008736 -0.006410 0.018922
v 0.008391 -0.006286 0.018505
v 0.007915 -0.006597 0.018019
v 0.007936 -0.005934 0.018815
v 0.007780 -0.006204 0.018439
v 0.007390 -0.006389 0.018453
v 0.009269 -0.007956 0.019670
v 0.009269 -0.007956 0.019670
v 0.008303 -0.005964 0.019132
v 0.007364 -0.005995 0.019009
v 0.006869 -0.005725 0.020230
v 0.007515 0.007719 0.017101
v 0.007292 0.008281 0.017047
v 0.007292 0.008281 0.017047
v 0.007086 0.007499 0.017676
v 0.007011 0.008238 0.017698
v 0.007922 0.008288 0.017027
v 0.007922 0.008288 0.017027
v 0.007912 0.008604 0.017334
v -0.018120 -0.004068 0.022270
v -0.019043 -0.003198 0.022296
v -0.019985 -0.003641 0.022277
v -0.018929 0.003224 0.022247
v -0.019626 0.004098 0.022303
v -0.020047 0.002739 0.022265
v -0.020749 0.002774 0.022246
v -0.013961 0.000038 0.022255
v -0.014174 -0.001765 0.022279
v -0.013431 -0.002203 0.022232
v -0.020596 -0.011538 0.022358
v -0.015853 -0.000490 0.022253
v -0.020698 0.004015 0.022311
v -0.017980 -0.002593 0.022274
v -0.020360 -0.011004 0.022421
v -0.014115 0.000867 0.022252
v -0.019347 -0.010100 0.022569
v -0.014580 0.000451 0.022224
v -0.016916 0.002534 0.022263
v -0.017354 0.003856 0.022313
v -0.017996 0.003175 0.022260
v -0.016026 -0.002024 0.022257
v -0.020687 -0.010622 0.022321
v -0.015400 0.001029 0.022264
v -0.020245 -0.010218 0.022506
v -0.016553 0.005525 0.022214
v -0.016257 0.003821 0.022276
v -0.015143 0.003722 0.022280
v -0.016651 -0.000057 0.022296
v -0.017666 0.004787 0.022328
v -0.018097 -0.008991 0.022553
v -0.012882 -0.003776 0.022232
v -0.019096 -0.009022 0.022559
v -0.020111 -0.001733 0.022303
v -0.020710 -0.002793 0.022256
v -0.018413 -0.008577 0.022500
v -0.012629 -0.002750 0.022236
v -0.017555 0.005477 0.022280
v -0.021158 -0.009746 0.021960
v -0.020326 -0.009448 0.022462
v -0.020558 -0.008746 0.022402
v -0.018061 -0.001275 0.022290
v -0.019757 -0.008611 0.022557
v -0.018264 0.006294 0.022240
v -0.017544 0.006046 0.022280
v -0.019539 -0.000585 0.022302
v -0.020389 -0.007809 0.022261
v -0.019568 -0.007920 0.022351
v -0.010348 -0.000400 0.022216
v -0.020376 -0.008262 0.022299
v -0.011474 -0.001675 0.022274
v -0.020792 -0.008073 0.021964
v -0.021207 -0.008612 0.021785
v -0.020691 -0.001408 0.022273
v -0.020578 -0.007245 0.022168
v -0.020998 -0.007156 0.022087
v -0.020598 -0.000294 0.022277
v -0.019473 0.006079 0.022234
v -0.021092 -0.000637 0.022162
v -0.019831 0.000340 0.022297
v -0.018738 0.005877 0.022273
v -0.021341 -0.001199 0.022020
v -0.021433 0.000094 0.021928
v -0.017422 -0.008113 0.022362
v -0.020675 0.000483 0.022259
v -0.018229 -0.007688 0.022250
v -0.018820 -0.008158 0.022382
v -0.020845 0.001095 0.022249
v -0.016882 -0.007807 0.022283
v -0.019354 -0.007370 0.022297
v -0.019959 -0.007726 0.022245
v -0.021404 0.001846 0.021942
v -0.020396 -0.006382 0.022273
v -0.016627 -0.001074 0.022314
v -0.016855 0.000750 0.022286
v -0.017632 -0.007494 0.022259
v -0.016478 -0.006624 0.022280
v -0.019684 -0.006090 0.022313
v -0.021416 -0.006630 0.021864
v -0.012178 -0.000344 0.022255
v -0.021024 -0.005536 0.022161
v -0.018790 -0.007418 0.022279
v -0.017499 0.001139 0.022280
v -0.018638 -0.006424 0.022263
v -0.020248 -0.004868 0.022275
v -0.011126 0.000346 0.022193
v -0.020876 -0.004735 0.022203
v -0.017875 -0.006358 0.022225
v -0.018093 -0.000390 0.022248
v -0.017784 -0.005693 0.022258
v -0.021638 -0.004663 0.021663
v -0.020897 -0.003972 0.022181
v -0.018433 0.000205 0.022246
v -0.021217 -0.003362 0.022058
v -0.021360 -0.002243 0.021931
v -0.021840 -0.002991 0.021445
v -0.019278 0.000907 0.022334
v -0.012130 0.001004 0.022259
v -0.014060 -0.004785 0.022300
v -0.021536 0.003096 0.021906
v -0.021114 0.002750 0.022145
v -0.021268 0.003774 0.022147
v -0.018583 0.001683 0.022294
v -0.013299 0.002681 0.022230
v -0.020995 0.004697 0.022231
v -0.020551 0.004939 0.022288
v -0.016047 -0.005189 0.022195
v -0.021489 0.004828 0.021921
v -0.016500 -0.005689 0.022258
v -0.021148 0.005797 0.022248
v -0.019403 0.006551 0.022126
v -0.018015 0.006964 0.022016
v -0.014427 -0.003864 0.022275
v -0.013747 -0.004042 0.022296
v -0.016062 0.002657 0.022251
v -0.016283 -0.004348 0.022257
v -0.020545 0.006039 0.022308
v -0.014450 0.002913 0.022275
v -0.014493 -0.002653 0.022269
v -0.015239 -0.003232 0.022284
v -0.017052 -0.004928 0.022293
v -0.021103 0.006473 0.022127
v -0.020781 0.006833 0.022021
v -0.018589 -0.005202 0.022245
v -0.015208 -0.001910 0.022267
v -0.021893 0.006752 0.021406
v -0.021279 0.006941 0.021796
v -0.020031 0.007110 0.021949
v -0.019264 0.008268 0.021897
v -0.019885 0.001138 0.022328
v -0.020829 0.007629 0.021926
v -0.016704 -0.003715 0.022304
v -0.020376 0.001690 0.022287
v -0.021279 0.007411 0.021791
v -0.021607 0.007859 0.021754
v -0.021030 0.008814 0.021921
v -0.021531 0.009046 0.021779
v -0.021939 0.009056 0.021545
v -0.021501 0.009642 0.021837
v -0.022403 0.010232 0.021045
v -0.021880 0.010306 0.021624
v -0.021011 0.001809 0.022182
v -0.021187 -0.021931 -0.009056
v -0.022232 -0.004851 -0.003578
v -0.022238 -0.006076 -0.001563
v -0.022059 -0.000415 0.007618
v -0.022135 0.000056 0.008567
v -0.022135 0.000056 0.008567
v -0.022175 0.002782 0.008481
v -0.022175 0.002782 0.008481
v -0.022015 -0.006683 0.013296
v -0.021701 -0.008335 0.014096
v -0.021664 -0.008321 0.016749
v -0.021938 -0.006961 0.015618
v -0.022142 0.001233 0.011946
v -0.022242 -0.021450 -0.009724
v -0.021850 -0.021716 -0.009593
v -0.022040 -0.021508 -0.008638
v -0.022078 0.002795 0.007550
v -0.022189 0.004649 0.006094
v -0.022539 -0.020716 -0.009233
v -0.022267 -0.000491 0.000797
v -0.021536 -0.011212 0.020901
v -0.021413 -0.021662 -0.007385
v -0.021908 0.004243 0.007476
v -0.022031 0.004968 0.006714
v -0.022284 -0.021058 -0.007860
v -0.021882 -0.021336 -0.007187
v -0.022201 0.004062 0.008600
v -0.022201 0.004062 0.008600
v -0.021854 0.004514 0.007749
v -0.022122 0.004646 0.008374
v -0.022122 0.004646 0.008374
v -0.022661 -0.020038 -0.008155
v -0.021973 -0.006831 0.017363
v -0.021819 -0.007414 0.018525
v -0.021533 0.004950 0.007356
v -0.021341 0.005044 0.007840
v -0.021853 0.005050 0.008315
v -0.020767 0.005545 0.008266
v -0.021788 0.005731 0.008904
v -0.020564 0.006621 0.009424
v -0.020564 0.006621 0.009424
v -0.020564 0.006621 0.009424
v -0.020239 0.006213 0.008775
v -0.022263 0.002005 -0.000658
v -0.022289 -0.000121 -0.003767
v -0.022107 0.005706 0.009290
v -0.022107 0.005706 0.009290
v -0.022574 -0.019931 -0.007543
v -0.022203 0.005548 0.009950
v -0.021550 0.006441 0.009526
v -0.021550 0.006441 0.009526
v -0.020824 0.006772 0.009563
v -0.020824 0.006772 0.009563
v -0.021562 -0.009587 0.020849
v -0.021830 0.006613 0.009797
v -0.021830 0.006613 0.009797
v -0.021830 0.006613 0.009797
v -0.021657 0.006936 0.009646
v -0.021660 0.006934 0.009641
v -0.020153 0.006735 0.009273
v -0.020153 0.006735 0.009273
v -0.020391 0.006963 0.009463
v -0.020111 0.007204 0.008953
v -0.020111 0.007204 0.008953
v -0.020534 0.007625 0.008874
v -0.020978 0.007054 0.009489
v -0.021428 -0.009472 0.021512
v -0.022502 -0.018201 -0.007544
v -0.022609 -0.017338 -0.008466
v -0.022173 0.006379 0.004291
v -0.022240 0.005866 0.002532
v -0.022202 0.004107 0.004294
v -0.022090 0.005670 0.005868
v -0.021632 -0.021979 -0.006506
v -0.021848 0.006676 0.005137
v -0.021133 0.006615 0.005751
v -0.021343 0.007047 0.005331
v -0.021591 -0.008332 0.020503
v -0.021607 0.007369 0.005172
v -0.021607 0.007369 0.005172
v -0.020392 0.007069 0.005567
v -0.021902 -0.021766 -0.006037
v -0.020687 0.007507 0.005493
v -0.020687 0.007507 0.005493
v -0.022071 0.007253 0.004496
v -0.022071 0.007253 0.004496
v -0.022156 0.007271 0.003292
v -0.022156 0.007271 0.003292
v -0.022153 0.007760 0.004177
v -0.022084 -0.021054 -0.006639
v -0.022144 -0.020929 -0.007218
v -0.022099 -0.021106 -0.005727
v -0.022002 -0.006365 0.018286
v -0.021963 -0.006961 0.019882
v -0.021870 0.007360 0.004921
v -0.021870 0.007360 0.004921
v -0.022184 -0.020043 -0.006855
v -0.022207 0.008442 0.005123
v -0.022287 0.008451 0.003935
v -0.022199 -0.003055 0.002816
v -0.021629 0.008074 0.005634
v -0.020232 0.007775 0.005692
v -0.020232 0.007775 0.005692
v -0.022202 -0.020453 -0.005881
v -0.022172 -0.019756 -0.005085
v -0.022188 -0.018931 -0.006772
v -0.021474 -0.008614 0.021254
v -0.021807 0.005759 0.006404
v -0.021835 -0.021837 -0.004416
v -0.021445 -0.008012 0.021487
v -0.021790 -0.007417 0.021106
v -0.020913 0.005375 0.007193
v -0.022119 -0.021004 -0.003717
v -0.022074 0.008865 0.005924
v -0.021797 0.008857 0.006196
v -0.022184 -0.020291 -0.004002
v -0.021775 -0.006242 0.021466
v -0.022004 -0.006523 0.020737
v -0.022164 -0.006334 0.004714
v -0.022283 0.009201 0.005324
v -0.022040 -0.005595 0.016105
v -0.022309 0.009704 0.006181
v -0.022166 -0.017332 -0.004071
v -0.022114 0.007449 0.009739
v -0.022184 -0.015094 -0.006866
v -0.020991 0.008598 0.006226
v -0.021686 0.009332 0.006882
v -0.021788 0.009492 0.007258
v -0.021887 0.009715 0.007026
v -0.022278 0.011734 0.005844
v -0.022249 0.010632 0.004338
v -0.022030 -0.003484 0.018325
v -0.022137 0.010407 0.007016
v -0.022131 0.009491 0.006525
v -0.022062 -0.002704 0.016208
v -0.022218 0.000900 0.003679
v -0.022233 0.013118 0.007181
v -0.022043 -0.004341 0.020594
v -0.022259 0.002888 0.002211
v -0.020341 0.008069 0.008381
v -0.021275 0.008820 0.007813
v -0.020375 0.008383 0.007877
v -0.021531 0.007702 0.008874
v -0.022077 0.009343 0.007779
v -0.022039 0.008334 0.008614
v -0.021945 -0.004940 0.021118
v -0.022226 0.009158 0.008198
v -0.022508 -0.013965 -0.007828
v -0.021390 -0.012048 0.021592
v -0.022395 0.008654 0.009379
v -0.022335 0.007937 0.010320
v -0.022366 0.009567 0.008633
v -0.021255 -0.010965 0.021808
v -0.022290 0.006047 -0.002448
v -0.022270 0.005498 -0.003904
v -0.022373 0.010809 0.008094
v -0.020174 0.007048 -0.005294
v -0.020043 0.006710 -0.005480
v -0.020310 0.006557 -0.005403
v -0.020737 0.006715 -0.005158
v -0.022411 0.014290 0.007959
v -0.020596 0.008197 -0.006411
v -0.020416 0.008792 -0.006979
v -0.020380 0.008331 -0.006680
v -0.021397 0.008504 -0.006470
v -0.021299 0.009567 -0.007333
v -0.022025 0.006121 -0.005448
v -0.022025 0.006121 -0.005448
v -0.021497 0.006574 -0.005260
v -0.021832 0.005809 -0.005942
v -0.021451 -0.007379 0.021782
v -0.020957 0.005832 -0.006178
v -0.021509 0.007546 -0.005546
v -0.020641 0.007658 -0.005924
v -0.020906 0.007075 -0.005156
v -0.020906 0.007075 -0.005156
v -0.021549 0.007050 -0.005068
v -0.021549 0.007050 -0.005068
v -0.022451 0.011805 0.011590
v -0.020307 0.007399 -0.005897
v -0.021938 0.008723 -0.006253
v -0.021839 0.007521 -0.005088
v -0.022207 -0.011921 -0.006935
v -0.022406 -0.010834 -0.007711
v -0.021949 0.009220 -0.006734
v -0.022091 0.008546 -0.005525
v -0.022451 0.013076 0.009490
v -0.021894 0.006830 -0.004862
v -0.021894 0.006830 -0.004862
v -0.021894 0.006830 -0.004862
v -0.022181 0.006322 -0.004629
v -0.022266 0.005600 -0.005079
v -0.022068 0.007450 -0.004129
v -0.022068 0.007450 -0.004129
v -0.022193 0.008721 -0.004617
v -0.022428 -0.009263 -0.008530
v -0.022132 0.007209 -0.002876
v -0.022132 0.007209 -0.002876
v -0.022028 -0.008129 -0.008875
v -0.022209 -0.008009 -0.009320
v -0.021709 -0.008544 -0.008030
v -0.022258 -0.009035 -0.008029
v -0.022096 -0.010702 -0.006871
v -0.022236 0.008660 -0.000781
v -0.022058 -0.009984 -0.007206
v -0.021971 -0.009995 -0.006781
v -0.022186 0.009955 -0.002601
v -0.022166 0.011622 -0.006345
v -0.021606 -0.009578 -0.006722
v -0.021550 -0.009488 -0.007197
v -0.022132 0.001757 0.014476
v -0.022236 0.006171 -0.000223
v -0.022213 -0.013420 -0.005535
v -0.022213 -0.013791 -0.006761
v -0.022237 -0.011236 -0.006177
v -0.022112 0.006505 0.010477
v -0.022158 0.007156 0.001418
v -0.022158 0.007156 0.001418
v -0.022162 0.007153 -0.001041
v -0.022162 0.007153 -0.001041
v -0.022272 -0.010207 -0.005402
v -0.022198 -0.012010 -0.004410
v -0.022199 0.005106 0.016402
v -0.022204 0.006499 0.012134
v -0.022208 -0.010230 -0.002957
v -0.022279 0.007309 0.011934
v -0.022191 0.006260 0.015123
v -0.022242 -0.009685 -0.005991
v -0.021966 -0.009102 -0.005798
v -0.022243 -0.009109 -0.004849
v -0.022020 -0.021232 -0.002197
v -0.022189 -0.020664 -0.003025
v -0.022121 0.000839 0.017609
v -0.022092 -0.018841 -0.001503
v -0.022139 -0.020373 -0.001966
v -0.022047 -0.002866 0.020769
v -0.022240 0.008570 0.001984
v -0.022100 -0.014274 -0.001125
v -0.021766 -0.001427 0.021607
v -0.022356 0.007418 0.016602
v -0.022471 0.008082 0.016300
v -0.022426 0.008158 0.011826
v -0.022104 0.007122 0.010205
v -0.022105 -0.000054 0.020612
v -0.021942 -0.000011 0.021370
v -0.022080 -0.019646 0.000471
v -0.021990 -0.013245 0.006938
v -0.022116 0.001599 0.020941
v -0.022012 -0.018968 0.003817
v -0.022002 -0.015469 0.006274
v -0.021938 -0.016400 0.007130
v -0.021886 0.001604 0.021477
v -0.021981 0.002653 0.021362
v -0.021744 -0.016011 0.008038
v -0.021757 -0.013606 0.009378
v -0.021742 -0.011806 0.007927
v -0.022524 0.015418 0.014047
v -0.022070 -0.013053 0.002075
v -0.022542 0.017201 0.012275
v -0.021974 -0.010594 0.006908
v -0.022542 0.011014 0.017847
v -0.021783 -0.011423 0.009037
v -0.021553 -0.010345 0.007808
v -0.021696 -0.011092 0.008249
v -0.021567 -0.010136 0.008346
v -0.021372 -0.010039 0.008080
v -0.021770 -0.009803 0.009173
v -0.021218 -0.009907 0.007663
v -0.020535 -0.009541 0.007965
v -0.021506 -0.009696 0.008661
v -0.020448 -0.008998 0.008679
v -0.022538 0.009482 0.016994
v -0.022075 -0.009125 0.004125
v -0.022162 -0.008682 -0.000360
v -0.022117 -0.008614 0.002099
v -0.022012 -0.007351 0.004108
v -0.022003 -0.008510 0.004869
v -0.022054 -0.009182 0.005495
v -0.021836 -0.008461 0.005523
v -0.021907 -0.009447 0.006542
v -0.021866 -0.007740 0.004951
v -0.021454 -0.008345 0.005890
v -0.021460 -0.007671 0.005518
v -0.020900 -0.008170 0.005980
v -0.020514 -0.007656 0.005825
v -0.021440 -0.007333 0.005531
v -0.021817 -0.007387 0.005068
v -0.021636 -0.006750 0.005714
v -0.022036 -0.007307 0.002131
v -0.020963 0.009442 -0.007565
v -0.021599 0.010230 -0.007571
v -0.021983 0.009926 -0.007075
v -0.022128 0.002881 0.020951
v -0.022144 0.009862 -0.006661
v -0.021987 -0.006358 0.005486
v -0.022095 0.011704 -0.007104
v -0.021513 -0.009001 0.006575
v -0.020810 -0.008971 0.006905
v -0.020274 -0.008608 0.006633
v -0.020778 -0.009589 0.007502
v -0.020167 -0.009146 0.007286
v -0.022199 0.005022 0.020632
v -0.021484 -0.009022 0.009251
v -0.020620 -0.007112 0.005845
v -0.021332 -0.006408 0.006069
v -0.020555 -0.006602 0.006055
v -0.022127 0.016300 -0.007055
v -0.022187 0.015193 -0.006003
v -0.022535 0.008180 0.018253
v -0.021752 -0.006083 0.006259
v -0.022152 -0.005109 0.006338
v -0.022169 0.006240 0.018597
v -0.021992 -0.018206 0.006767
v -0.020407 -0.008707 0.009053
v -0.021187 -0.008339 0.009803
v -0.020188 -0.007968 0.009687
v -0.019974 -0.008315 0.009322
v -0.020200 -0.008312 0.009573
v -0.022366 0.007318 0.019688
v -0.020038 -0.007965 0.009301
v -0.020200 -0.007599 0.008979
v -0.020660 -0.007342 0.009068
v -0.020916 -0.006084 0.008064
v -0.020351 -0.006835 0.008552
v -0.021599 -0.006705 0.008926
v -0.021790 -0.005823 0.008436
v -0.021494 -0.007366 0.009306
v -0.021446 -0.005378 0.007040
v -0.020751 -0.005938 0.006538
v -0.021993 -0.005301 0.006756
v -0.021666 -0.005014 0.007357
v -0.022220 0.006412 0.020082
v -0.020629 -0.005833 0.007071
v -0.021084 -0.005399 0.007242
v -0.021800 -0.005156 0.007852
v -0.022061 -0.004636 0.007014
v -0.021925 -0.004481 0.007531
v -0.022097 0.004302 0.021176
v -0.022118 -0.004008 0.006549
v -0.022132 -0.001899 0.006600
v -0.021928 0.004030 0.021512
v -0.022000 -0.003040 0.007600
v -0.022066 -0.004913 0.008697
v -0.022066 -0.004913 0.008697
v -0.021989 -0.005975 0.009020
v -0.021989 -0.005975 0.009020
v -0.021976 0.005538 0.021483
v -0.021765 -0.016345 0.009096
v -0.022092 -0.002902 0.008944
v -0.022092 -0.002902 0.008944
v -0.022179 0.017927 -0.006611
v -0.021653 -0.007992 -0.008694
v -0.021144 -0.009081 -0.006248
v -0.020644 -0.009143 -0.007127
v -0.020654 -0.008944 -0.007588
v -0.020442 -0.008548 -0.006077
v -0.020626 -0.008365 -0.005686
v -0.021785 -0.008007 -0.004795
v -0.022185 0.006598 0.020839
v -0.022131 -0.008564 -0.004798
v -0.020351 -0.007631 -0.005575
v -0.020351 -0.007631 -0.005575
v -0.020545 -0.007667 -0.005140
v -0.020545 -0.007667 -0.005140
v -0.020815 -0.007192 -0.005610
v -0.021957 -0.006534 -0.005497
v -0.021698 -0.006133 -0.006113
v -0.021472 -0.006855 -0.005603
v -0.021231 -0.007796 -0.004901
v -0.020676 -0.007980 -0.005109
v -0.021805 -0.007539 -0.004826
v -0.021805 -0.007539 -0.004826
v -0.022541 0.007846 0.020532
v -0.022582 0.009392 0.020333
v -0.022225 -0.008444 -0.003262
v -0.022231 0.019518 -0.001480
v -0.022467 0.008867 0.020896
v -0.022099 -0.007921 -0.003956
v -0.021918 -0.007768 -0.004540
v -0.022055 -0.007268 -0.004154
v -0.022147 -0.006524 -0.005079
v -0.022147 -0.006524 -0.005079
v -0.022198 0.007673 0.021300
v -0.022201 0.015893 -0.000839
v -0.022099 -0.007554 -0.002850
v -0.021745 -0.011371 0.010483
v -0.021745 -0.011371 0.010483
v -0.022065 0.018043 -0.007183
v -0.021727 -0.008870 0.010256
v -0.021727 -0.008870 0.010256
v -0.022160 0.020102 -0.007014
v -0.022264 -0.006021 -0.003292
v -0.021703 -0.012172 0.012612
v -0.021703 -0.012172 0.012612
v -0.022195 0.019918 -0.005088
v -0.022554 0.014148 0.017190
v -0.022118 -0.007959 -0.000890
v -0.022172 0.020645 -0.006394
v -0.021947 0.021207 -0.007162
v -0.021652 -0.013703 0.013996
v -0.022590 0.012574 0.019946
v -0.022144 -0.007093 0.000056
v -0.022141 0.020923 -0.004443
v -0.021975 0.021301 -0.005586
v -0.021715 0.021654 -0.004177
v -0.021514 0.021803 -0.005082
v -0.022065 0.021212 -0.003674
v -0.021724 0.021626 -0.006096
v -0.020864 0.022053 -0.006383
v -0.022520 0.012054 0.020780
v -0.022198 0.020840 -0.002796
v -0.021914 0.021458 -0.002766
v -0.022186 0.020842 -0.001011
v -0.022073 -0.007912 0.001141
v -0.022204 -0.006309 0.001174
v -0.021714 -0.008567 0.012152
v -0.021561 -0.007278 -0.009199
v -0.021561 -0.007278 -0.009199
v -0.021659 -0.006863 -0.009274
v -0.021023 -0.007180 -0.009085
v -0.021023 -0.007180 -0.009085
v -0.022074 -0.006548 -0.009461
v -0.021965 -0.006183 -0.009042
v -0.021057 -0.006219 -0.008776
v -0.021479 -0.008450 0.009987
v -0.021479 -0.008450 0.009987
v -0.020534 -0.008055 0.009800
v -0.020534 -0.008055 0.009800
v -0.021202 -0.005616 -0.008219
v -0.020845 -0.007807 0.009763
v -0.020845 -0.007807 0.009763
v -0.020905 -0.005553 -0.007736
v -0.020905 -0.005553 -0.007736
v -0.021563 -0.004931 -0.007607
v -0.021563 -0.004931 -0.007607
v -0.022299 -0.005474 -0.009089
v -0.021423 -0.007867 0.009984
v -0.021423 -0.007867 0.009984
v -0.021423 -0.007867 0.009984
v -0.021808 -0.007301 0.009903
v -0.021808 -0.007301 0.009903
v -0.021671 -0.008076 0.010550
v -0.022352 -0.004716 -0.008405
v -0.022103 -0.005154 -0.008175
v -0.022183 -0.003925 -0.007645
v -0.022049 -0.006645 0.010660
v -0.020673 -0.006462 -0.006282
v -0.021112 -0.005740 -0.006749
v -0.021913 -0.004499 -0.007456
v -0.021913 -0.004499 -0.007456
v -0.021913 -0.004499 -0.007456
v -0.021675 -0.005057 -0.006990
v -0.021675 -0.005057 -0.006990
v -0.022079 -0.005319 -0.006372
v -0.022079 -0.005319 -0.006372
v -0.021828 -0.007689 0.012475
v -0.022029 -0.004298 -0.007265
v -0.022029 -0.004298 -0.007265
v -0.022136 -0.003401 -0.007132
v -0.022136 -0.003401 -0.007132
v -0.022263 -0.004397 -0.006260
v -0.022232 0.017142 0.001175
v -0.022041 -0.004079 0.013266
v -0.022273 0.018915 0.004420
v -0.022242 0.020561 0.000842
v -0.022257 -0.002367 -0.005970
v -0.022164 -0.001340 -0.007166
v -0.022164 -0.001340 -0.007166
v -0.022260 0.015585 0.005283
v -0.022229 -0.005528 -0.005490
v -0.022229 -0.005528 -0.005490
v -0.022272 -0.006248 -0.004234
v -0.022263 -0.004553 -0.004971
v -0.022254 0.001444 -0.006174
v -0.022254 0.001444 -0.006174
v -0.022129 0.003186 -0.007238
v -0.022269 0.019878 0.007127
v -0.022269 0.004528 -0.006090
v -0.022269 0.004528 -0.006090
v -0.021940 0.004612 -0.007512
v -0.022011 0.004447 -0.006977
v -0.022489 0.017153 0.008076
v -0.022187 0.004785 -0.006442
v -0.022037 0.005368 -0.008089
v -0.021676 0.005050 -0.007428
v -0.020940 0.005489 -0.007489
v -0.020640 0.006136 -0.007956
v -0.021134 0.005336 -0.007207
v -0.021509 0.005136 -0.006989
v -0.021969 0.005243 -0.006510
v -0.022125 0.005491 -0.005924
v -0.022125 0.005491 -0.005924
v -0.020376 0.006414 0.006100
v -0.019884 0.006646 0.006271
v -0.019939 0.006933 0.005807
v -0.019548 0.007088 0.006315
v -0.019306 0.007522 0.006034
v -0.020138 0.006053 0.006920
v -0.020181 0.006319 0.006379
v -0.020364 0.005719 0.006962
v -0.019903 0.006701 0.006826
v -0.020475 0.005535 0.007434
v -0.020237 0.005887 0.007720
v -0.019904 0.006911 0.007478
v -0.020095 0.006104 0.008334
v -0.019199 0.007687 0.006510
v -0.019199 0.007687 0.006510
v -0.019653 0.007338 0.007052
v -0.019849 0.007504 0.007505
v -0.019849 0.007504 0.007505
v -0.019947 0.006694 0.008785
v -0.019947 0.007206 0.008474
v -0.019947 0.007206 0.008474
v -0.020071 0.007848 0.008306
v -0.020249 0.007577 0.008775
v -0.020386 0.006155 -0.007152
v -0.020486 0.005883 -0.007649
v -0.020588 0.005765 -0.007258
v -0.020575 0.005954 -0.006540
v -0.020278 0.006455 -0.006735
v -0.020081 0.006298 -0.006235
v -0.019902 0.006960 -0.005952
v -0.020192 0.006240 -0.005965
v -0.019894 0.006547 -0.005829
v -0.019763 0.007495 0.005737
v -0.020351 0.006253 -0.007595
v -0.020387 0.007312 -0.007314
v -0.020225 0.007262 -0.006507
v -0.020240 0.008371 -0.007006
v -0.020281 0.007961 -0.006821
v -0.020317 0.007673 -0.006303
v -0.019497 0.007882 0.006029
v -0.019497 0.007882 0.006029
v -0.019894 0.008183 0.006091
v -0.019401 0.008126 0.006509
v -0.019825 0.008372 0.006459
v -0.019851 0.007995 0.007298
v -0.019995 0.008395 0.006988
v -0.020753 0.008768 0.006545
v -0.020813 0.008876 0.007020
v -0.020364 -0.009470 0.007499
v -0.020130 -0.009215 0.007655
v -0.020152 -0.008742 0.008358
v -0.020032 -0.008449 0.008881
v -0.020043 -0.008093 0.006117
v -0.020264 -0.008640 -0.007588
v -0.020217 -0.007946 -0.008415
v -0.020520 -0.008343 -0.008195
v -0.020086 -0.007702 -0.008011
v -0.020312 -0.007727 -0.006788
v -0.020312 -0.007727 -0.006788
v -0.020278 -0.007478 -0.008832
v -0.020691 -0.007797 -0.008771
v -0.020004 -0.007386 -0.008516
v -0.019961 -0.006477 -0.007990
v -0.019961 -0.006477 -0.007990
v -0.019961 -0.006477 -0.007990
v -0.020294 -0.006881 -0.008831
v -0.020294 -0.006881 -0.008831
v -0.019982 -0.006632 -0.008388
v -0.019982 -0.006632 -0.008388
v -0.020323 -0.006314 -0.008525
v -0.020211 -0.006068 -0.008115
v -0.020265 -0.007113 -0.007233
v -0.020265 -0.007113 -0.007233
v -0.019955 -0.008537 0.006848
v -0.019791 -0.008156 0.006787
v -0.019779 -0.007967 0.006322
v -0.019749 -0.007650 0.006724
v -0.020401 -0.006421 -0.007192
v -0.019925 -0.007673 0.005970
v -0.019760 -0.007489 0.006346
v -0.019943 -0.007129 0.006186
v -0.020402 -0.008879 -0.007158
v -0.020347 -0.008396 -0.006614
v -0.019943 -0.006692 0.006675
v -0.020125 -0.006662 0.006302
v -0.020258 -0.008058 -0.005878
v -0.020270 -0.006221 0.006671
v -0.020442 -0.006509 -0.006496
v -0.020441 -0.007269 -0.006092
v -0.020667 -0.006923 -0.005970
v -0.020369 -0.005997 -0.007760
v -0.020369 -0.005997 -0.007760
v -0.020675 -0.006156 -0.006699
v -0.019952 -0.007968 0.007462
v -0.020188 -0.006879 0.007654
v -0.020275 -0.008014 -0.005497
v -0.020077 -0.008154 0.008250
v -0.020102 -0.007544 0.007976
v -0.020159 -0.006823 0.008266
v -0.020163 -0.006366 0.007009
v -0.020370 -0.006431 0.007537
v -0.007084 0.012651 0.022111
v -0.004966 0.012811 0.022128
v -0.019602 0.011880 0.021937
v -0.020234 0.011278 0.021925
v 0.012796 0.020692 0.022300
v 0.011912 0.020103 0.022336
v -0.006478 0.011565 0.022129
v -0.005744 0.002816 0.022302
v -0.005744 0.002816 0.022302
v -0.019477 0.010145 0.021950
v 0.012288 0.021421 0.022085
v 0.011420 0.020772 0.022318
v 0.013288 0.021487 0.022087
v 0.013918 0.021355 0.022203
v 0.014456 0.021488 0.022103
v -0.006194 0.014281 0.022120
v -0.006642 0.003051 0.022239
v -0.003683 0.012766 0.022166
v -0.002258 0.013205 0.022182
v -0.001225 0.014613 0.022190
v -0.001804 0.014818 0.022199
v -0.005979 0.003759 0.022287
v -0.005979 0.003759 0.022287
v -0.021292 0.010664 0.021881
v -0.006514 0.004164 0.022294
v -0.007195 0.003957 0.022071
v 0.010867 0.021422 0.021983
v 0.011241 0.022086 0.021606
v -0.002725 0.015263 0.022162
v -0.021912 0.011399 0.021662
v -0.004083 0.014736 0.022185
v -0.007342 0.004596 0.021840
v -0.003982 0.004655 0.022266
v -0.021418 0.011818 0.021931
v 0.010431 0.020774 0.022243
v -0.020544 0.012528 0.021899
v 0.010235 0.021146 0.022139
v -0.017888 0.010283 0.021944
v -0.016828 0.011271 0.021935
v -0.018197 0.011397 0.021969
v -0.017087 0.011986 0.021980
v -0.006061 0.015482 0.022122
v 0.005307 0.020529 0.022274
v 0.004817 0.021220 0.022073
v 0.004374 0.020749 0.022230
v 0.005802 0.021235 0.022093
v -0.017323 0.012794 0.021966
v 0.003803 0.021723 0.021755
v -0.002070 0.016983 0.022160
v -0.015947 0.012359 0.021996
v 0.004623 0.018703 0.022286
v 0.006182 0.018062 0.022249
v -0.003229 0.016314 0.022164
v 0.005168 0.019431 0.022315
v -0.004941 0.005218 0.022302
v -0.004217 0.005944 0.022302
v -0.003363 0.017354 0.022193
v -0.003074 0.005872 0.022271
v -0.005956 0.004646 0.022309
v -0.005956 0.004655 0.022305
v -0.007078 0.013632 0.022094
v 0.003967 0.020216 0.022291
v 0.003719 0.019294 0.022242
v -0.018945 0.012139 0.021988
v -0.007999 0.014732 0.022017
v -0.006537 0.004855 0.022143
v -0.005998 0.005467 0.022129
v -0.005998 0.005467 0.022129
v 0.002956 0.020588 0.022207
v 0.001871 0.019946 0.022241
v -0.019719 0.013089 0.021959
v -0.008088 0.012812 0.021955
v -0.018767 0.013983 0.021958
v 0.002395 0.019237 0.022249
v -0.017634 0.013355 0.021925
v -0.005138 0.006112 0.022243
v -0.016594 0.014882 0.022004
v 0.002526 0.021144 0.022018
v -0.005267 0.006273 0.022055
v -0.004403 0.006544 0.022197
v -0.007148 0.015968 0.022123
v -0.017776 0.014541 0.021950
v 0.002097 0.021783 0.021647
v 0.001693 0.020869 0.022157
v -0.002016 0.006637 0.022232
v -0.012331 0.013027 0.022051
v -0.012304 0.011591 0.022065
v -0.011656 0.011798 0.022059
v -0.011547 0.012776 0.022013
v 0.001061 0.021227 0.021967
v -0.008506 0.014198 0.022087
v -0.008898 0.014879 0.022118
v -0.002504 0.006921 0.022180
v -0.003162 0.006580 0.022270
v -0.013387 0.011185 0.022002
v -0.013387 0.011185 0.022008
v -0.012676 0.010549 0.022025
v -0.012676 0.010549 0.022025
v -0.009106 -0.000101 0.022282
v -0.013921 0.010645 0.021994
v -0.001076 0.007214 0.022143
v -0.001076 0.007214 0.022143
v -0.013753 0.011859 0.022013
v -0.013753 0.011859 0.022013
v -0.009622 0.000480 0.022277
v -0.002040 0.007351 0.022094
v -0.002040 0.007351 0.022094
v -0.014558 0.011563 0.022040
v -0.001903 0.007961 0.022178
v -0.001903 0.007961 0.022178
v -0.013135 0.012948 0.022015
v -0.014029 0.012838 0.021978
v -0.014029 0.012838 0.021978
v -0.006493 0.016771 0.022130
v -0.007820 0.016040 0.022030
v -0.007455 0.001128 0.022115
v -0.008338 0.000840 0.022248
v -0.003701 0.006563 0.022245
v -0.005318 0.016387 0.022097
v -0.008233 0.001532 0.022218
v -0.004515 0.007268 0.021934
v -0.004515 0.007268 0.021934
v -0.004515 0.007268 0.021934
v -0.003065 0.007466 0.022122
v -0.003065 0.007466 0.022122
v -0.003774 0.007402 0.022041
v -0.003774 0.007402 0.022041
v -0.010277 0.000859 0.022205
v -0.002655 0.008098 0.022178
v -0.002655 0.008098 0.022178
v -0.015039 0.012721 0.022002
v -0.015549 0.011517 0.022015
v -0.009917 0.001468 0.022242
v -0.014651 0.013239 0.021959
v -0.014651 0.013239 0.021959
v -0.003392 0.008304 0.022201
v -0.003392 0.008304 0.022201
v -0.003890 0.007871 0.022162
v -0.003890 0.007871 0.022162
v -0.001934 0.009372 0.022180
v -0.012527 0.013728 0.022089
v -0.005425 0.017190 0.022115
v -0.004469 0.018403 0.022148
v -0.013784 0.014526 0.022024
v -0.006564 0.005286 0.021848
v -0.005720 0.006042 0.021802
v -0.005720 0.006042 0.021802
v -0.011125 0.000997 0.022200
v -0.005382 0.007200 0.021478
v -0.005382 0.007200 0.021478
v -0.005382 0.007200 0.021478
v -0.005496 0.006879 0.021327
v -0.005496 0.006879 0.021327
v -0.010970 0.013637 0.022057
v -0.010862 0.012690 0.022047
v -0.004307 0.008107 0.022151
v -0.006709 0.019041 0.022099
v -0.011690 0.014250 0.022088
v -0.004100 0.008858 0.022173
v -0.007396 0.002426 0.022147
v -0.003448 0.009450 0.022193
v -0.009936 0.013898 0.022137
v -0.010406 0.014749 0.022061
v -0.009775 0.015125 0.022097
v -0.007917 0.002607 0.022207
v -0.004373 0.009867 0.022135
v -0.007512 0.003484 0.022141
v -0.009777 0.003457 0.022237
v -0.003608 0.011286 0.022181
v -0.000497 0.016322 0.022204
v -0.000037 0.015448 0.022198
v -0.005083 0.007712 0.022000
v -0.005211 0.008453 0.022170
v -0.012148 0.015573 0.022078
v -0.006064 0.008383 0.021998
v -0.008290 0.003832 0.022249
v -0.005715 0.008899 0.022134
v -0.013016 0.015651 0.022027
v 0.001572 0.016125 0.022244
v -0.010498 0.002389 0.022255
v -0.006574 0.008681 0.021670
v -0.006466 0.009184 0.022104
v -0.011086 0.015904 0.022100
v -0.006256 0.009442 0.022141
v 0.000211 0.017533 0.022196
v -0.010978 0.003651 0.022211
v 0.001281 0.018581 0.022222
v -0.005059 0.010957 0.022139
v -0.010458 0.016817 0.022151
v -0.011704 0.002071 0.022287
v -0.002194 0.017812 0.022163
v -0.015281 0.013850 0.022023
v -0.015281 0.013850 0.022024
v -0.007813 0.009513 0.021670
v -0.007333 0.009313 0.021559
v -0.007417 0.009956 0.022011
v -0.008011 0.010291 0.021935
v -0.006640 0.010452 0.022093
v -0.007167 0.010414 0.022093
v -0.000246 0.018528 0.022187
v -0.000819 0.018477 0.022246
v -0.012212 0.003029 0.022228
v -0.002172 0.019371 0.022177
v -0.004970 0.011865 0.022153
v -0.014907 0.015385 0.022038
v -0.015877 0.014912 0.022006
v -0.015877 0.014912 0.022006
v -0.009013 0.009805 0.022040
v 0.002317 0.018048 0.022263
v -0.008091 0.011132 0.021959
v -0.007264 0.011216 0.022035
v -0.016594 0.014882 0.022001
v -0.009061 0.010494 0.022073
v 0.003194 0.017860 0.022259
v -0.008906 0.011387 0.022086
v -0.011683 0.005110 0.022295
v -0.010338 0.004471 0.022245
v -0.015722 0.015956 0.021951
v -0.017068 0.015561 0.021978
v -0.017068 0.015561 0.021978
v -0.008979 0.004544 0.022260
v -0.007545 0.011814 0.022036
v -0.015510 0.016966 0.021994
v 0.000852 0.019498 0.022245
v -0.008347 0.011841 0.022012
v 0.000935 0.020566 0.022231
v -0.011978 0.017251 0.022097
v -0.007927 0.004506 0.022121
v -0.013358 0.016972 0.022047
v -0.008870 0.012891 0.022082
v -0.008941 0.005304 0.022176
v -0.013246 0.018501 0.022045
v -0.008077 0.004990 0.021886
v -0.014779 0.017318 0.022068
v -0.009447 0.012700 0.022123
v -0.000393 0.019785 0.022210
v -0.009775 0.005910 0.022198
v -0.010895 0.005743 0.022250
v -0.014710 0.016424 0.022025
v 0.006198 0.015797 0.022236
v -0.008507 0.005467 0.021669
v -0.008208 0.005374 0.021177
v -0.008845 0.005845 0.021905
v 0.005442 0.014298 0.022267
v -0.009403 0.006159 0.022068
v -0.009163 0.006164 0.021883
v -0.009201 0.006202 0.021870
v 0.006866 0.015345 0.022168
v 0.007842 0.016453 0.022270
v -0.002635 0.018639 0.022146
v -0.001261 0.019973 0.022189
v 0.005279 0.015706 0.022253
v -0.012608 0.004491 0.022285
v -0.001989 0.020397 0.022173
v -0.002795 0.020081 0.022176
v -0.013177 0.004389 0.022263
v -0.002391 0.020691 0.022116
v 0.007119 0.016330 0.022205
v -0.013792 0.018662 0.022012
v 0.000372 0.020989 0.022090
v 0.005921 0.017065 0.022270
v 0.000097 0.021442 0.021831
v 0.000284 0.021760 0.021571
v 0.006830 0.016955 0.022157
v 0.004844 0.016991 0.022283
v -0.012126 0.005436 0.022286
v -0.000004 0.020592 0.022187
v -0.000269 0.007254 0.022144
v -0.000269 0.007254 0.022144
v -0.000526 0.008115 0.022243
v -0.000526 0.008115 0.022243
v -0.013353 0.005340 0.022207
v -0.014878 0.004797 0.022270
v -0.021745 0.012427 0.021749
v -0.021232 0.012649 0.021934
v -0.000899 0.009399 0.022235
v -0.000684 0.020995 0.022007
v -0.001290 0.021339 0.021862
v -0.000971 0.021720 0.021633
v -0.020972 0.013543 0.021942
v -0.021661 0.013283 0.021827
v -0.013980 0.006163 0.022238
v -0.014676 0.005892 0.022295
v -0.001275 0.020670 0.022088
v -0.022382 0.013205 0.021150
v -0.013111 0.006348 0.022196
v -0.000064 0.010471 0.022253
v -0.010836 0.007085 0.021885
v -0.010149 0.007127 0.021688
v -0.010149 0.007127 0.021688
v -0.010051 0.007538 0.021797
v -0.010051 0.007538 0.021797
v -0.003173 0.021655 0.021590
v -0.000821 0.011033 0.022221
v -0.001340 0.010277 0.022182
v -0.020094 0.014205 0.021996
v -0.010730 0.006567 0.022127
v 0.002918 0.011718 0.022288
v -0.018726 0.015533 0.022015
v 0.001976 0.012479 0.022282
v -0.011377 0.007063 0.021931
v -0.003607 0.018406 0.022155
v -0.010759 0.007976 0.022047
v -0.010764 0.007979 0.022053
v -0.010066 0.008419 0.022009
v 0.001424 0.010769 0.022219
v -0.011516 0.007710 0.021937
v -0.019981 0.015441 0.021959
v -0.012061 0.007265 0.021988
v -0.012234 0.007911 0.021974
v -0.011491 0.008456 0.021993
v -0.011491 0.008456 0.021993
v -0.003548 0.020503 0.022176
v -0.020394 0.016364 0.021989
v 0.000196 0.011277 0.022220
v 0.000343 0.012112 0.022225
v -0.011665 0.006213 0.022253
v -0.021208 0.014293 0.021977
v -0.021891 0.014131 0.021725
v -0.013063 0.007101 0.022000
v -0.021954 0.014958 0.021631
v -0.021580 0.015275 0.021903
v -0.008391 0.015895 0.022055
v -0.021050 0.015697 0.021969
v -0.009158 0.016039 0.022133
v -0.008747 0.016846 0.022139
v -0.008029 0.016822 0.021986
v -0.007340 0.017466 0.022099
v -0.008148 0.017797 0.022053
v -0.014604 0.006479 0.022226
v -0.013877 0.006811 0.022076
v -0.014458 0.007257 0.021989
v -0.021388 0.016495 0.022007
v -0.001522 0.012250 0.022209
v -0.021008 0.017062 0.022054
v -0.015272 0.007156 0.022009
v -0.021968 0.016341 0.021720
v -0.015334 0.007911 0.021950
v -0.009360 0.017890 0.022138
v -0.021537 0.017548 0.021970
v 0.000098 0.012738 0.022207
v -0.021985 0.017217 0.021678
v -0.015931 0.008500 0.021952
v -0.008825 0.018259 0.022148
v -0.011962 0.009061 0.021995
v -0.011962 0.009061 0.021995
v 0.001040 0.013548 0.022240
v -0.016924 0.017146 0.022005
v 0.000659 0.014001 0.022221
v -0.013670 0.008096 0.022023
v -0.005712 0.020417 0.022133
v -0.014375 0.008545 0.022037
v -0.015886 0.017903 0.022027
v -0.013049 0.009523 0.022014
v -0.015553 0.018473 0.022052
v -0.007604 0.018845 0.022086
v -0.012328 0.009854 0.022037
v -0.012328 0.009854 0.022037
v -0.007122 0.018359 0.022128
v -0.001351 0.008189 0.022220
v -0.001351 0.008189 0.022220
v -0.008240 0.018810 0.022061
v -0.015053 0.019968 0.022047
v -0.007850 0.019820 0.021999
v -0.017471 0.017742 0.022007
v -0.016576 0.018640 0.022019
v -0.008996 0.019246 0.022121
v -0.007129 0.020132 0.022098
v -0.015129 0.010251 0.021967
v -0.006523 0.020214 0.022097
v -0.015779 0.020081 0.022039
v -0.002647 0.011321 0.022175
v -0.007312 0.020615 0.022027
v -0.016398 0.019853 0.022041
v -0.009711 0.019170 0.022144
v -0.010637 0.018476 0.022086
v -0.007265 0.021524 0.021621
v -0.007917 0.021312 0.021535
v -0.017434 0.019940 0.022042
v -0.016464 0.020625 0.021858
v -0.015701 0.020777 0.021840
v -0.015947 0.005360 0.022213
v -0.008807 0.020238 0.022108
v -0.010378 0.020004 0.022177
v -0.017547 0.020659 0.021797
v -0.009112 0.020825 0.022008
v -0.018209 0.020264 0.021995
v -0.007868 0.020535 0.021934
v -0.008468 0.020720 0.021816
v -0.007836 0.020879 0.021624
v -0.017921 0.021344 0.021498
v -0.016700 0.006382 0.022214
v -0.017553 0.016026 0.022008
v -0.008979 0.021083 0.021727
v -0.016567 0.007271 0.021961
v -0.010093 0.020686 0.022027
v -0.017553 0.016026 0.022012
v -0.018287 0.016296 0.022019
v -0.018287 0.016296 0.022021
v -0.009629 0.020952 0.021879
v -0.010724 0.021307 0.021624
v -0.010947 0.020632 0.021995
v -0.010560 0.020871 0.021985
v -0.003437 0.012049 0.022150
v -0.004560 0.020151 0.022132
v -0.018820 0.016974 0.022006
v -0.018820 0.016974 0.022006
v -0.009207 0.008872 0.021944
v -0.009700 0.008198 0.021737
v -0.009993 0.009328 0.022030
v -0.004928 0.020975 0.021978
v -0.011119 0.008995 0.022033
v -0.004164 0.020547 0.022120
v -0.003681 0.021065 0.021875
v -0.019385 0.017627 0.022008
v -0.008692 0.009278 0.021911
v 0.004154 0.012790 0.022293
v -0.017737 0.019107 0.022083
v -0.006433 0.020832 0.021965
v -0.020953 0.017571 0.022031
v -0.019385 0.017627 0.022014
v -0.005965 0.021023 0.021931
v -0.005952 0.021220 0.021755
v -0.019897 0.018056 0.022008
v -0.019897 0.018056 0.022008
v -0.011629 0.009997 0.022044
v 0.004255 0.014253 0.022322
v -0.005063 0.021594 0.021597
v -0.006395 0.021725 0.021514
v -0.011111 0.010678 0.022040
v 0.002976 0.013393 0.022238
v -0.018464 0.019147 0.022062
v -0.011387 0.021320 0.021603
v -0.019264 0.019335 0.022067
v -0.010181 0.011327 0.022062
v 0.008532 0.016666 0.022262
v 0.008976 0.018294 0.022240
v -0.020896 0.018716 0.022023
v -0.020896 0.018716 0.022023
v 0.003011 0.015273 0.022265
v 0.002577 0.014370 0.022237
v -0.020396 0.019507 0.022010
v -0.021278 0.019660 0.022035
v -0.021278 0.019660 0.022035
v -0.019681 0.020145 0.021972
v -0.021488 0.018642 0.021999
v 0.004673 0.015894 0.022294
v -0.021869 0.019321 0.021813
v 0.006746 0.017855 0.022160
v 0.007591 0.018280 0.022265
v 0.006725 0.018558 0.022148
v 0.001698 0.015361 0.022271
v 0.002207 0.016309 0.022247
v -0.019174 0.020824 0.021714
v -0.019926 0.020677 0.021700
v -0.019969 0.021444 0.021405
v 0.009903 0.018513 0.022259
v -0.015561 0.009429 0.021974
v 0.010604 0.020146 0.022267
v -0.015979 0.010633 0.021974
v -0.016741 0.009759 0.022030
v 0.009166 0.019166 0.022282
v -0.011293 0.018211 0.022063
v 0.002974 0.016539 0.022218
v -0.011996 0.018457 0.022116
v 0.009592 0.020559 0.022291
v -0.010737 0.019255 0.022150
v 0.004406 0.017347 0.022288
v -0.012185 0.020160 0.022079
v 0.005970 0.018743 0.022264
v -0.017761 0.007863 0.021960
v -0.018459 0.008127 0.021948
v -0.011195 0.020090 0.022126
v 0.007359 0.019667 0.022224
v 0.006681 0.020105 0.022177
v 0.005893 0.020054 0.022301
v -0.011330 0.020678 0.021987
v 0.007059 0.020762 0.022130
v 0.006275 0.020765 0.022197
v -0.014061 0.019835 0.022046
v -0.013017 0.020208 0.022074
v -0.013492 0.020223 0.022076
v -0.017794 0.009418 0.021977
v -0.011818 0.020700 0.021914
v -0.012584 0.020821 0.021864
v 0.007563 0.020438 0.022244
v 0.008580 0.020781 0.022233
v 0.009876 0.021555 0.021855
v 0.009512 0.021208 0.022115
v -0.014132 0.020467 0.021962
v -0.014943 0.021282 0.021536
v -0.015132 0.020535 0.021931
v -0.014521 0.020706 0.021800
v -0.013658 0.021426 0.021556
v 0.009192 0.022171 0.021483
v 0.008465 0.021967 0.021617
v 0.007968 0.021168 0.022010
v 0.007131 0.021224 0.021789
v 0.006940 0.021724 0.021568
v 0.007724 0.021769 0.021683
v -0.020686 0.020308 0.021900
v -0.021415 0.020309 0.021845
v -0.021415 0.020309 0.021845
v 0.006326 0.021080 0.021921
v 0.006466 0.021506 0.021815
v -0.020624 0.020945 0.021635
v -0.021594 0.020724 0.021600
v -0.021594 0.020724 0.021600
v -0.021784 0.020048 0.021786
v -0.022467 0.018819 0.021218
v -0.021934 0.021490 0.014842
v -0.021893 0.021491 0.012911
v -0.022291 0.021237 0.015483
v 0.007811 0.020059 0.005906
v 0.008052 0.021111 0.005910
v 0.007410 0.020913 0.005573
v 0.007457 0.020195 0.005771
v 0.006941 0.020950 0.005709
v 0.007567 0.021402 0.005388
v 0.009232 0.021967 0.006550
v 0.009232 0.021967 0.006550
v 0.008444 0.021809 0.005765
v -0.022619 0.020709 0.016562
v -0.022568 0.020675 0.013998
v 0.008203 0.020111 0.006259
v 0.008203 0.020111 0.006259
v 0.008689 0.021047 0.006772
v 0.008689 0.021047 0.006772
v -0.022643 0.019718 0.015609
v 0.012538 0.022408 0.015732
v 0.012538 0.022408 0.015732
v 0.012716 0.022433 0.020541
v 0.007237 0.021710 0.005050
v -0.022705 0.019979 0.017631
v 0.006827 0.021593 0.005345
v 0.006122 0.021723 0.005913
v -0.014415 0.021818 0.014957
v -0.016592 0.021822 0.008900
v -0.019825 0.021746 0.013343
v -0.017030 0.021765 0.015562
v -0.017030 0.021765 0.015562
v 0.008232 0.022335 0.014737
v 0.009477 0.022314 0.011406
v 0.009477 0.022314 0.011406
v 0.007818 0.022266 0.011684
v 0.007818 0.022266 0.011684
v 0.007168 0.022031 0.010314
v 0.007168 0.022031 0.010314
v 0.006735 0.022113 0.011234
v 0.005587 0.022042 0.005776
v 0.006551 0.020830 0.006044
v -0.020883 0.021765 0.015946
v 0.005063 0.021291 0.007345
v 0.005490 0.020722 0.007090
v -0.014415 0.021820 0.014957
v 0.005280 0.021854 0.006658
v 0.004591 0.021676 0.007466
v 0.007995 0.020325 0.008840
v 0.007995 0.020325 0.008840
v 0.007825 0.021484 0.009168
v 0.008676 0.020822 0.008068
v 0.008676 0.020822 0.008068
v 0.007024 0.020934 0.009697
v 0.007024 0.020931 0.009695
v 0.007715 0.021811 0.009463
v 0.007123 0.019922 0.009343
v 0.006825 0.020199 0.009688
v 0.007246 0.020190 0.009583
v 0.007246 0.020190 0.009583
v 0.007286 0.022223 0.016282
v 0.006645 0.021232 0.009588
v 0.006095 0.020496 0.008806
v 0.007058 0.021743 0.009911
v 0.007058 0.021743 0.009911
v -0.020708 0.021773 0.011048
v -0.020883 0.021783 0.013723
v 0.010796 0.022345 0.013421
v 0.010796 0.022345 0.013421
v -0.021529 0.021672 0.011920
v 0.004730 0.021637 0.007779
v 0.005493 0.020503 0.007570
v 0.005460 0.020923 0.008207
v 0.005929 0.020301 0.008312
v 0.005842 0.021721 0.008967
v 0.005208 0.021909 0.008584
v 0.005262 0.022165 0.010218
v 0.005442 0.022176 0.012581
v -0.021413 0.021679 0.015158
v 0.003888 0.021874 0.007544
v 0.004468 0.022054 0.008348
v 0.003972 0.022148 0.008535
v 0.002541 0.022007 0.007477
v 0.008251 0.022365 0.018619
v 0.006323 0.021857 0.009657
v 0.006389 0.022027 0.010172
v 0.006416 0.022162 0.017240
v 0.005587 0.022059 0.009292
v 0.005301 0.022194 0.020443
v -0.020993 0.021787 0.018534
v -0.020993 0.021787 0.018534
v -0.019643 0.021768 0.017762
v -0.019643 0.021768 0.017762
v -0.000511 0.022040 0.021154
v 0.001071 0.021964 0.021342
v 0.000607 0.022128 0.020561
v -0.003273 0.022074 0.020404
v -0.013766 0.021802 0.018067
v 0.002412 0.022156 0.010532
v -0.019056 0.021802 0.020301
v -0.021850 0.021560 0.016375
v -0.022428 0.021064 0.016796
v -0.021706 0.021621 0.017461
v -0.022361 0.021129 0.018046
v -0.012050 0.021867 0.010478
v -0.012188 0.021860 0.008929
v 0.008889 0.022396 0.020430
v -0.000329 0.022107 0.013692
v 0.000568 0.022140 0.017777
v 0.009747 0.022285 0.021322
v 0.008386 0.022254 0.021211
v 0.007492 0.022276 0.020811
v -0.007387 0.022014 0.000473
v -0.007387 0.022014 0.000473
v -0.008868 0.006160 0.021356
v -0.009240 0.006240 0.021855
v -0.009429 0.006698 0.021532
v -0.009030 0.022106 0.001891
v -0.007875 0.022038 0.002681
v -0.007875 0.022038 0.002681
v 0.009752 0.022000 0.021646
v 0.007389 0.022048 0.021404
v -0.022546 0.015698 0.015837
v -0.009807 0.007235 0.021332
v -0.009807 0.007235 0.021332
v -0.008980 0.022075 0.004754
v 0.013559 0.022389 0.021100
v 0.012556 0.022155 0.021535
v -0.008192 0.019808 0.005971
v -0.007954 0.020864 0.005585
v -0.007954 0.020864 0.005585
v -0.008674 0.020861 0.006213
v -0.007986 0.021421 0.005331
v -0.008598 0.021573 0.005853
v 0.011451 0.022328 0.021197
v -0.009377 0.021789 0.006394
v -0.009394 0.020526 0.006982
v -0.009755 0.021194 0.007136
v -0.010695 0.022070 0.006379
v -0.009321 0.021990 0.005983
v -0.010240 0.021518 0.007319
v -0.010296 0.021969 0.006686
v -0.013234 0.022082 0.004718
v -0.013822 0.022027 0.006605
v -0.006660 0.022039 0.011928
v -0.009573 0.007818 0.021116
v -0.008080 0.021855 0.012944
v -0.009439 0.020226 0.007356
v -0.009899 0.021258 0.007483
v -0.009640 0.021091 0.008015
v -0.010021 0.021454 0.007870
v -0.010868 0.021755 0.007275
v -0.010540 0.021686 0.007888
v -0.006540 0.022013 0.016143
v -0.011677 0.021796 0.007555
v -0.014881 0.022060 0.006112
v -0.010104 0.021840 0.008743
v -0.007974 0.021877 0.018717
v -0.000695 0.022144 0.004555
v 0.006800 0.022183 0.020637
v 0.001114 0.022102 0.006450
v -0.004831 0.022078 0.006048
v 0.003406 0.022166 0.020657
v 0.005631 0.021848 0.021707
v 0.004930 0.022090 0.021340
v 0.003752 0.022059 0.021279
v 0.002377 0.022056 0.021293
v 0.006634 0.022029 0.021189
v 0.003359 0.022131 0.006383
v -0.009124 0.021858 0.010364
v -0.009570 0.021889 0.011977
v -0.009570 0.021891 0.011977
v -0.007948 0.021823 0.011206
v -0.007948 0.021823 0.011206
v -0.007843 0.021678 0.010176
v -0.007843 0.021678 0.010176
v -0.000461 0.022091 0.008440
v -0.006891 0.022032 0.010435
v -0.017421 0.022065 -0.001429
v -0.014865 0.022052 0.000520
v -0.022649 0.016177 0.019772
v -0.022618 0.014417 0.020444
v -0.011527 0.021866 0.013485
v -0.011527 0.021866 0.013485
v -0.007151 0.022018 0.003523
v -0.022520 0.015028 0.020988
v -0.006663 0.022015 0.020368
v -0.006726 0.021941 0.004678
v -0.007611 0.021921 0.004373
v -0.007611 0.021921 0.004373
v -0.007541 0.021677 0.004956
v -0.007541 0.021677 0.004956
v -0.006584 0.021726 0.005365
v -0.008181 0.021832 0.004932
v -0.006089 0.021868 0.005755
v -0.008248 0.021834 0.020731
v -0.022699 0.017660 0.020474
v -0.022507 0.017028 0.021034
v -0.005634 0.021142 0.007681
v -0.004656 0.021792 0.007176
v -0.005243 0.021308 0.007197
v -0.006280 0.020873 0.008128
v -0.006292 0.020535 0.007851
v -0.002785 0.021966 0.007405
v -0.004034 0.021890 0.007476
v -0.005153 0.021906 0.006665
v -0.004962 0.021827 0.007759
v -0.004533 0.022043 0.008298
v -0.008214 0.021675 0.021184
v -0.002280 0.022093 0.009935
v -0.009785 0.021864 0.020250
v -0.010339 0.021722 0.021171
v -0.016949 0.021822 0.020539
v -0.009533 0.021575 0.021398
v -0.017008 0.021464 0.021446
v -0.018002 0.021660 0.021095
v -0.016232 0.021775 0.021088
v -0.005874 0.022026 0.008847
v -0.019686 0.022082 -0.003014
v -0.020330 0.022157 -0.005254
v -0.003790 0.021927 0.021194
v -0.005688 0.021953 0.021068
v -0.021218 0.021951 -0.003862
v -0.020604 0.022112 -0.002360
v -0.002431 0.021934 0.021353
v -0.021067 0.022027 -0.000972
v -0.021539 0.021794 -0.002106
v -0.020417 0.022088 0.000786
v -0.012347 0.021499 0.021442
v -0.021884 0.021536 -0.000899
v -0.013078 0.021749 0.021146
v -0.014732 0.021708 0.021219
v -0.006996 0.021871 0.021205
v -0.014792 0.021830 0.020343
v -0.015840 0.021623 0.021300
v -0.019622 0.022074 0.002345
v -0.016902 0.022031 0.006468
v -0.006346 0.020810 0.006185
v -0.006746 0.021443 0.005546
v -0.007222 0.020471 0.005716
v -0.007503 0.021136 0.005303
v -0.007503 0.021136 0.005303
v -0.006252 0.021619 0.005955
v -0.006786 0.020204 0.006160
v -0.005616 0.021641 0.006525
v -0.006205 0.020535 0.006813
v -0.022228 0.021123 0.004990
v -0.022239 0.020847 0.003713
v -0.006216 0.021805 0.008656
v -0.022705 0.020589 0.019902
v -0.020578 0.022066 0.006420
v -0.020574 0.022108 0.003950
v -0.021230 0.021995 0.004636
v -0.019174 0.022038 0.006327
v -0.012318 0.021824 0.020528
v -0.007013 0.021238 0.009000
v -0.007114 0.020231 0.008864
v -0.007757 0.020872 0.009599
v -0.007757 0.020872 0.009599
v -0.007838 0.021288 0.009769
v -0.007838 0.021288 0.009769
v -0.006802 0.021972 0.009746
v -0.011429 0.021778 0.020968
v -0.007330 0.021617 0.009540
v -0.009123 0.021601 0.008860
v -0.008075 0.019906 0.009255
v -0.008075 0.019906 0.009255
v -0.007874 0.020008 0.009531
v -0.007874 0.020008 0.009531
v -0.007682 0.019953 0.009125
v -0.008511 0.020120 0.008918
v -0.008153 0.020207 0.009420
v -0.021879 0.021640 0.020693
v -0.008251 0.021112 0.009498
v -0.022414 0.021151 0.020323
v -0.008533 0.021626 0.009712
v -0.011076 0.021583 0.021347
v -0.009129 0.021723 0.009210
v -0.021209 0.021768 0.020276
v -0.021209 0.021768 0.020276
v -0.021874 0.021636 0.020691
v -0.019649 0.021665 0.021082
v -0.020928 0.021725 0.021067
v 0.013863 0.022399 0.009562
v -0.007365 0.005177 0.021092
v -0.006660 0.005584 0.020075
v -0.007431 0.005566 0.019812
v -0.007983 0.005661 0.020449
v -0.007150 0.005065 0.021382
v 0.010584 0.022296 0.008317
v -0.022369 0.020281 0.021229
v -0.017329 0.021781 0.007511
v -0.008540 0.005989 0.020764
v -0.020823 0.021478 0.021471
v -0.008552 0.006115 0.019650
v -0.009095 0.006545 0.020146
v -0.022608 0.020398 0.020798
v -0.022531 0.020831 0.020694
v -0.022174 0.020938 0.021254
v -0.021912 0.021475 0.021167
v -0.021912 0.021475 0.021167
v -0.021656 0.021248 0.021444
v -0.021656 0.021248 0.021444
v -0.018976 0.021793 0.007606
v -0.006220 0.006052 0.019871
v -0.006080 0.005932 0.020435
v -0.021585 0.021769 0.001016
v -0.021125 0.021958 0.001602
v -0.005783 0.006456 0.020310
v -0.006523 0.007451 0.019099
v -0.006523 0.007451 0.019099
v -0.006301 0.006347 0.019524
v -0.005728 0.006254 0.021229
v -0.006554 0.005409 0.021140
v -0.022033 0.021331 -0.000166
v -0.006056 0.007370 0.019920
v -0.006056 0.007370 0.019920
v -0.005597 0.007227 0.020785
v -0.005597 0.007227 0.020785
v -0.006197 0.007790 0.020330
v -0.022210 0.020983 0.001909
v -0.007070 0.008398 0.020159
v -0.006594 0.007858 0.019315
v -0.022032 0.021348 0.001752
v -0.006335 0.008260 0.020787
v -0.006009 0.007987 0.021636
v -0.006826 0.008590 0.020909
v -0.021574 0.021816 0.003098
v -0.022001 0.021470 0.003675
v -0.009377 0.007672 0.020527
v -0.009377 0.007672 0.020527
v -0.008870 0.007065 0.019381
v -0.009166 0.007687 0.020048
v -0.009166 0.007687 0.020048
v -0.009355 0.006815 0.020926
v -0.007237 0.008675 0.020601
v -0.021909 0.021617 0.004724
v -0.007963 0.008766 0.020535
v -0.008477 0.008555 0.019802
v -0.008372 0.008828 0.021054
v -0.008740 0.008517 0.020319
v -0.007697 0.009267 0.021261
v -0.008896 0.008656 0.021383
v -0.008253 0.009114 0.021578
v -0.022263 0.020891 0.006213
v 0.009286 0.021506 0.007727
v 0.010170 0.021997 0.007198
v 0.009652 0.021632 0.007240
v 0.010129 0.022048 0.007702
v 0.010600 0.022057 0.007382
v -0.022526 0.019821 0.008102
v -0.022097 0.020877 0.007319
v -0.022471 0.020597 0.008205
v 0.009087 0.021321 0.007128
v 0.009087 0.021321 0.007128
v 0.009087 0.021321 0.007128
v -0.021045 0.021963 0.006541
v -0.020765 0.021804 0.007488
v 0.008622 0.022305 0.009899
v -0.020929 0.021834 0.008800
v 0.009135 0.022173 0.008449
v 0.008627 0.021955 0.008645
v -0.021764 0.021458 0.007561
v -0.021835 0.021594 0.006090
v -0.022120 0.021241 0.006399
v -0.022268 0.021115 0.008596
v -0.021534 0.021671 0.008295
v 0.008360 0.022164 0.009195
v 0.007883 0.022267 0.010171
v -0.022539 0.019807 0.010235
v -0.021981 0.021443 0.009306
v -0.021389 0.021710 0.010153
v -0.022544 0.020754 0.011222
v -0.022287 0.021205 0.010490
v -0.022008 0.021487 0.011072
v -0.022541 0.017348 0.013331
v -0.022598 0.020335 0.012590
v -0.022360 0.021040 0.012513
v 0.007927 0.019406 0.006525
v 0.007878 0.019615 0.006177
v 0.007878 0.019615 0.006177
v 0.007563 0.019295 0.006324
v 0.008455 0.020084 0.006783
v 0.007433 0.019606 0.005960
v 0.007097 0.019955 0.005851
v 0.007008 0.019555 0.006171
v 0.006616 0.020023 0.006049
v 0.007576 0.019534 0.006849
v 0.007987 0.019659 0.006955
v 0.008398 0.020141 0.007339
v 0.007893 0.019914 0.007455
v 0.008644 0.020523 0.007505
v 0.008199 0.020071 0.007848
v 0.008379 0.020257 0.008199
v 0.008052 0.019984 0.008360
v 0.007656 0.019991 0.008048
v 0.006695 0.019724 0.006545
v 0.006301 0.020012 0.006392
v 0.007210 0.019988 0.007614
v 0.007056 0.020094 0.008168
v 0.005761 0.020209 0.007115
v 0.005940 0.020218 0.007667
v 0.007660 0.020033 0.008976
v 0.007354 0.019940 0.008697
v 0.006448 0.020096 0.008606
v 0.006575 0.020057 0.009075
v -0.007242 0.019732 0.006276
v -0.007378 0.019945 0.005827
v -0.007891 0.019622 0.006004
v -0.007891 0.019622 0.006004
v -0.007748 0.020109 0.005746
v -0.007748 0.020109 0.005746
v -0.008154 0.019628 0.006379
v -0.008154 0.019628 0.006379
v -0.008082 0.019906 0.007240
v -0.008082 0.019906 0.007240
v -0.008832 0.020067 0.006504
v -0.009162 0.019944 0.006946
v -0.009004 0.019839 0.007162
v -0.008472 0.019915 0.007819
v -0.008472 0.019915 0.007819
v -0.008664 0.019984 0.008373
v -0.009069 0.020158 0.008106
v -0.006719 0.020108 0.008267
v -0.006456 0.020364 0.007415
v -0.006918 0.020155 0.007322
v -0.007220 0.019973 0.008420
v -0.007933 0.019876 0.008721
v -0.007933 0.019876 0.008721
v -0.007850 0.006144 0.018211
v -0.007301 0.005996 0.018355
v -0.007410 0.006335 0.018035
v -0.007410 0.006335 0.018035
v -0.007212 0.006587 0.018217
v -0.007212 0.006587 0.018217
v -0.006889 0.006345 0.018706
v -0.007656 0.006582 0.017967
v -0.007656 0.006582 0.017967
v -0.007509 0.006892 0.017976
v -0.007776 0.005843 0.018587
v -0.007223 0.005681 0.019336
v -0.006802 0.005971 0.019233
v -0.007913 0.005747 0.019273
v -0.008377 0.006298 0.018862
v -0.006954 0.007458 0.018545
v -0.008101 0.007014 0.018144
v -0.008101 0.007014 0.018144
v -0.007938 0.007326 0.017976
v -0.008468 0.006999 0.018561
v -0.008663 0.007308 0.018516
v -0.008351 0.007610 0.018067
v -0.008351 0.007610 0.018067
v -0.008742 0.007779 0.018475
v -0.008742 0.007779 0.018475
v -0.009006 0.007735 0.019041
v -0.009006 0.007735 0.019041
v -0.007247 0.007707 0.018409
v -0.007160 0.008191 0.019145
v -0.007698 0.007967 0.018371
v -0.007928 0.008438 0.019451
v -0.008515 0.008081 0.018685
v -0.008898 0.008135 0.019282
vt 0.560462 0.307168
vt 0.565657 0.304161
vt 0.501462 0.346110
vt 0.504882 0.339258
vt 0.529668 0.340249
vt 0.517133 0.293449
vt 0.519325 0.289497
vt 0.573281 0.309165
vt 0.569522 0.318306
vt 0.526965 0.289075
vt 0.527946 0.346743
vt 0.510109 0.302684
vt 0.564880 0.377342
vt 0.563124 0.373746
vt 0.563595 0.368665
vt 0.834155 0.142784
vt 0.837924 0.143458
vt 0.567364 0.369338
vt 0.574361 0.294249
vt 0.595068 0.280034
vt 0.567913 0.375657
vt 0.564659 0.385635
vt 0.549075 0.374672
vt 0.555000 0.359553
vt 0.534217 0.287993
vt 0.571539 0.377335
vt 0.532819 0.283795
vt 0.567922 0.386917
vt 0.532983 0.305559
vt 0.558914 0.406532
vt 0.564987 0.393258
vt 0.544079 0.284181
vt 0.538146 0.283297
vt 0.545003 0.279710
vt 0.584489 0.315169
vt 0.504147 0.352252
vt 0.498930 0.351477
vt 0.501306 0.356784
vt 0.550400 0.277672
vt 0.574651 0.322018
vt 0.553883 0.280325
vt 0.541338 0.398156
vt 0.556077 0.291085
vt 0.564546 0.322357
vt 0.572049 0.325897
vt 0.569805 0.328798
vt 0.598083 0.260113
vt 0.597741 0.256074
vt 0.579092 0.328273
vt 0.554171 0.334367
vt 0.611186 0.264469
vt 0.553526 0.299739
vt 0.607032 0.256013
vt 0.611271 0.252700
vt 0.613312 0.255304
vt 0.562997 0.298042
vt 0.627929 0.273051
vt 0.639627 0.240218
vt 0.645991 0.240730
vt 0.637789 0.244744
vt 0.648984 0.255652
vt 0.617721 0.251579
vt 0.623798 0.246595
vt 0.624279 0.249121
vt 0.620275 0.247429
vt 0.622419 0.243133
vt 0.629302 0.247271
vt 0.622141 0.255907
vt 0.627460 0.297620
vt 0.607116 0.310723
vt 0.543626 0.345792
vt 0.507510 0.296188
vt 0.505293 0.301772
vt 0.505284 0.307022
vt 0.635539 0.261710
vt 0.631515 0.266934
vt 0.566353 0.335479
vt 0.628823 0.243996
vt 0.637359 0.293931
vt 0.560979 0.341928
vt 0.502288 0.314396
vt 0.562949 0.343336
vt 0.554940 0.346247
vt 0.551080 0.350601
vt 0.555513 0.351633
vt 0.549790 0.354361
vt 0.558075 0.355811
vt 0.828635 0.129930
vt 0.628252 0.315033
vt 0.559530 0.351331
vt 0.517566 0.319373
vt 0.504832 0.318410
vt 0.557093 0.276950
vt 0.555770 0.274697
vt 0.558255 0.282348
vt 0.560095 0.277145
vt 0.532773 0.357975
vt 0.564761 0.281056
vt 0.561117 0.272589
vt 0.563801 0.274665
vt 0.576442 0.278520
vt 0.518585 0.362747
vt 0.504617 0.323971
vt 0.503723 0.329220
vt 0.501596 0.326538
vt 0.499787 0.332720
vt 0.589707 0.330981
vt 0.567393 0.295761
vt 0.597549 0.329547
vt 0.583301 0.265955
vt 0.531786 0.326348
vt 0.534996 0.366248
vt 0.590230 0.355118
vt 0.601092 0.333109
vt 0.596148 0.355642
vt 0.606695 0.330959
vt 0.601470 0.355822
vt 0.611647 0.328826
vt 0.589146 0.264468
vt 0.586209 0.261382
vt 0.561753 0.361459
vt 0.832313 0.135578
vt 0.831586 0.132245
vt 0.570019 0.367591
vt 0.570627 0.371462
vt 0.575753 0.366085
vt 0.571992 0.334522
vt 0.574028 0.334073
vt 0.576153 0.331207
vt 0.578484 0.378898
vt 0.584908 0.332578
vt 0.590991 0.335512
vt 0.593527 0.334255
vt 0.582129 0.354789
vt 0.593884 0.336506
vt 0.585842 0.355688
vt 0.597446 0.335597
vt 0.583108 0.359497
vt 0.577798 0.359312
vt 0.577843 0.354818
vt 0.592244 0.339725
vt 0.503278 0.334419
vt 0.595967 0.361629
vt 0.574106 0.363570
vt 0.574624 0.361129
vt 0.500503 0.340241
vt 0.508237 0.293542
vt 0.505294 0.295813
vt 0.504523 0.294426
vt 0.503428 0.296939
vt 0.501271 0.295033
vt 0.498888 0.295949
vt 0.501314 0.301090
vt 0.498988 0.285230
vt 0.503213 0.289340
vt 0.500780 0.290806
vt 0.500199 0.292922
vt 0.503340 0.291370
vt 0.498588 0.294128
vt 0.497372 0.291122
vt 0.496323 0.295756
vt 0.495132 0.291371
vt 0.511069 0.287366
vt 0.509533 0.291295
vt 0.488810 0.283117
vt 0.485776 0.279769
vt 0.489969 0.281838
vt 0.484439 0.281309
vt 0.487659 0.285586
vt 0.483063 0.270815
vt 0.627581 0.234688
vt 0.619599 0.236582
vt 0.497133 0.304429
vt 0.481627 0.277871
vt 0.615243 0.219313
vt 0.609260 0.232463
vt 0.479397 0.278972
vt 0.480818 0.285148
vt 0.493041 0.292941
vt 0.482218 0.275758
vt 0.494878 0.302099
vt 0.620563 0.240774
vt 0.477113 0.272460
vt 0.476451 0.275693
vt 0.475129 0.282032
vt 0.471281 0.279094
vt 0.496567 0.278000
vt 0.494927 0.281273
vt 0.494505 0.288783
vt 0.494076 0.285799
vt 0.491185 0.286675
vt 0.492015 0.288981
vt 0.508176 0.284899
vt 0.599386 0.208283
vt 0.595957 0.196260
vt 0.486947 0.268097
vt 0.604602 0.220180
vt 0.487237 0.290077
vt 0.470964 0.297864
vt 0.493193 0.313861
vt 0.478963 0.259308
vt 0.471707 0.262447
vt 0.472582 0.274009
vt 0.470750 0.267370
vt 0.589698 0.189137
vt 0.467263 0.276758
vt 0.618440 0.209604
vt 0.616057 0.196713
vt 0.606330 0.198397
vt 0.608235 0.187783
vt 0.470254 0.269309
vt 0.466696 0.271312
vt 0.464628 0.265218
vt 0.516905 0.286477
vt 0.603798 0.190026
vt 0.498068 0.249423
vt 0.516623 0.283586
vt 0.516943 0.280623
vt 0.526671 0.285512
vt 0.520111 0.286859
vt 0.520799 0.282632
vt 0.523903 0.282973
vt 0.642451 0.227125
vt 0.651479 0.226835
vt 0.525379 0.278624
vt 0.569795 0.247481
vt 0.571576 0.221925
vt 0.588042 0.246226
vt 0.522988 0.268788
vt 0.550355 0.244854
vt 0.531948 0.278269
vt 0.531872 0.275074
vt 0.540123 0.279375
vt 0.668803 0.186587
vt 0.456160 0.268578
vt 0.580268 0.333551
vt 0.460862 0.268776
vt 0.573696 0.338180
vt 0.576428 0.337108
vt 0.568935 0.338069
vt 0.887362 0.076603
vt 0.568770 0.340562
vt 0.891717 0.084653
vt 0.573125 0.348612
vt 0.453468 0.275543
vt 0.575915 0.344862
vt 0.577225 0.342673
vt 0.450246 0.284705
vt 0.579111 0.345460
vt 0.883173 0.082645
vt 0.564581 0.346604
vt 0.886411 0.087256
vt 0.884453 0.086773
vt 0.836129 0.123081
vt 0.549028 0.272193
vt 0.889074 0.089403
vt 0.565395 0.351262
vt 0.835955 0.125381
vt 0.879438 0.085779
vt 0.831407 0.123856
vt 0.560846 0.349737
vt 0.839933 0.122440
vt 0.887188 0.089903
vt 0.452568 0.299085
vt 0.843013 0.121786
vt 0.890592 0.091525
vt 0.892219 0.093945
vt 0.843329 0.124287
vt 0.581248 0.335673
vt 0.586040 0.335393
vt 0.581746 0.343491
vt 0.587885 0.338907
vt 0.590224 0.338118
vt 0.591384 0.341634
vt 0.575997 0.353183
vt 0.572390 0.359936
vt 0.588020 0.343336
vt 0.582418 0.347351
vt 0.588928 0.348641
vt 0.570570 0.347812
vt 0.572852 0.353310
vt 0.571253 0.355631
vt 0.446445 0.254651
vt 0.448561 0.254322
vt 0.441027 0.251215
vt 0.443740 0.255910
vt 0.569854 0.348863
vt 0.908355 0.086057
vt 0.589764 0.350015
vt 0.438089 0.251833
vt 0.840614 0.128948
vt 0.562717 0.353863
vt 0.833278 0.127982
vt 0.837642 0.133567
vt 0.465804 0.262930
vt 0.466679 0.258629
vt 0.845242 0.131288
vt 0.898745 0.098239
vt 0.842859 0.135768
vt 0.845425 0.134176
vt 0.567640 0.364104
vt 0.566687 0.359921
vt 0.838508 0.138784
vt 0.564379 0.366004
vt 0.835353 0.137221
vt 0.843082 0.137121
vt 0.562950 0.361461
vt 0.566161 0.368073
vt 0.837962 0.141668
vt 0.847266 0.134639
vt 0.559674 0.357816
vt 0.902535 0.099273
vt 0.461546 0.261089
vt 0.461541 0.255434
vt 0.455924 0.258625
vt 0.568097 0.355693
vt 0.565700 0.352761
vt 0.906692 0.092059
vt 0.472154 0.249630
vt 0.472107 0.244875
vt 0.904711 0.096818
vt 0.562921 0.356967
vt 0.502013 0.305813
vt 0.500401 0.305608
vt 0.590746 0.185954
vt 0.584442 0.184535
vt 0.901653 0.096917
vt 0.847263 0.133026
vt 0.901299 0.098500
vt 0.500814 0.309671
vt 0.493467 0.241377
vt 0.496670 0.310226
vt 0.598069 0.187869
vt 0.603357 0.186734
vt 0.596351 0.185762
vt 0.593845 0.183804
vt 0.599435 0.185191
vt 0.602831 0.183134
vt 0.598764 0.182476
vt 0.596653 0.182244
vt 0.498903 0.317009
vt 0.601403 0.180583
vt 0.597602 0.178700
vt 0.587736 0.350374
vt 0.611334 0.175987
vt 0.607989 0.178599
vt 0.498970 0.218397
vt 0.503778 0.219888
vt 0.489042 0.229438
vt 0.606516 0.176369
vt 0.600059 0.178279
vt 0.505207 0.217343
vt 0.498019 0.213985
vt 0.490100 0.220819
vt 0.457967 0.254040
vt 0.604893 0.175699
vt 0.457338 0.243322
vt 0.451746 0.250096
vt 0.504265 0.215151
vt 0.500576 0.321304
vt 0.617854 0.162608
vt 0.610605 0.159953
vt 0.627605 0.156807
vt 0.612119 0.169892
vt 0.492184 0.211361
vt 0.494523 0.209413
vt 0.608771 0.169362
vt 0.470497 0.239841
vt 0.497922 0.212175
vt 0.610009 0.166660
vt 0.604999 0.167425
vt 0.495823 0.207918
vt 0.612572 0.167047
vt 0.513233 0.216389
vt 0.522199 0.218721
vt 0.515102 0.219699
vt 0.605342 0.171900
vt 0.917473 0.137149
vt 0.518141 0.215530
vt 0.524062 0.215787
vt 0.923395 0.137406
vt 0.603551 0.170192
vt 0.529117 0.216887
vt 0.607141 0.163372
vt 0.610125 0.162281
vt 0.529418 0.211335
vt 0.524035 0.213881
vt 0.527084 0.210204
vt 0.522030 0.213910
vt 0.919163 0.133390
vt 0.600649 0.157993
vt 0.604951 0.161569
vt 0.603024 0.161983
vt 0.599523 0.161364
vt 0.595873 0.156800
vt 0.495027 0.316292
vt 0.602450 0.155846
vt 0.519646 0.223994
vt 0.509534 0.214358
vt 0.611538 0.164372
vt 0.616988 0.166478
vt 0.915628 0.133448
vt 0.516296 0.211829
vt 0.509507 0.211429
vt 0.598937 0.166400
vt 0.522852 0.211109
vt 0.474063 0.315175
vt 0.501770 0.211597
vt 0.499442 0.209584
vt 0.500800 0.205797
vt 0.489532 0.203528
vt 0.492805 0.203110
vt 0.497737 0.326661
vt 0.489624 0.196347
vt 0.510149 0.186134
vt 0.507881 0.180427
vt 0.483445 0.192645
vt 0.490699 0.328859
vt 0.529422 0.192245
vt 0.523908 0.193429
vt 0.519363 0.188735
vt 0.532337 0.196427
vt 0.458045 0.263185
vt 0.494677 0.203426
vt 0.500952 0.202331
vt 0.494714 0.198697
vt 0.496740 0.339925
vt 0.499671 0.195595
vt 0.520742 0.193637
vt 0.518053 0.198025
vt 0.513816 0.195237
vt 0.515376 0.190865
vt 0.501414 0.195005
vt 0.509891 0.195185
vt 0.503543 0.198264
vt 0.509236 0.198588
vt 0.501304 0.197881
vt 0.512834 0.197207
vt 0.518931 0.190493
vt 0.513401 0.188250
vt 0.514111 0.186213
vt 0.492986 0.334740
vt 0.492790 0.197308
vt 0.511063 0.188617
vt 0.495087 0.195796
vt 0.512232 0.190158
vt 0.488600 0.335670
vt 0.453439 0.263153
vt 0.661757 0.162391
vt 0.450539 0.267220
vt 0.448528 0.263868
vt 0.447193 0.266703
vt 0.521773 0.186060
vt 0.510292 0.193416
vt 0.499242 0.194168
vt 0.445003 0.275881
vt 0.532843 0.216206
vt 0.541592 0.201446
vt 0.542879 0.227340
vt 0.439189 0.279018
vt 0.438125 0.292255
vt 0.433729 0.308809
vt 0.626323 0.171906
vt 0.436539 0.275007
vt 0.431732 0.290734
vt 0.434725 0.291980
vt 0.451157 0.259884
vt 0.443393 0.261470
vt 0.445191 0.264364
vt 0.449530 0.318500
vt 0.625630 0.163883
vt 0.637413 0.157444
vt 0.644886 0.158781
vt 0.442015 0.264560
vt 0.562866 0.192681
vt 0.555771 0.188312
vt 0.438926 0.258303
vt 0.434037 0.255900
vt 0.534224 0.206558
vt 0.530070 0.205418
vt 0.533171 0.203685
vt 0.530682 0.199996
vt 0.523875 0.206076
vt 0.441469 0.243238
vt 0.526847 0.202057
vt 0.436699 0.245817
vt 0.917847 0.127710
vt 0.517926 0.212101
vt 0.546668 0.267249
vt 0.533268 0.198418
vt 0.535833 0.199124
vt 0.431420 0.234447
vt 0.547121 0.270287
vt 0.430146 0.240854
vt 0.537687 0.195186
vt 0.527260 0.199934
vt 0.528781 0.197377
vt 0.431558 0.246885
vt 0.524262 0.197862
vt 0.520752 0.199988
vt 0.428330 0.252202
vt 0.425353 0.245388
vt 0.427194 0.242094
vt 0.415950 0.244452
vt 0.542855 0.180887
vt 0.424743 0.235687
vt 0.439519 0.232755
vt 0.512283 0.176112
vt 0.505836 0.173597
vt 0.477328 0.187804
vt 0.490583 0.344273
vt 0.504407 0.157358
vt 0.419176 0.219116
vt 0.483752 0.343241
vt 0.488707 0.349784
vt 0.419469 0.232679
vt 0.422628 0.238508
vt 0.420181 0.241010
vt 0.497595 0.345341
vt 0.493867 0.349293
vt 0.513311 0.182299
vt 0.496052 0.349757
vt 0.516427 0.175381
vt 0.416917 0.234399
vt 0.420494 0.226947
vt 0.524339 0.167691
vt 0.412167 0.236652
vt 0.533952 0.246992
vt 0.457421 0.227674
vt 0.553801 0.270036
vt 0.558584 0.270999
vt 0.477626 0.198169
vt 0.511542 0.151624
vt 0.558222 0.268303
vt 0.554563 0.266967
vt 0.558979 0.265391
vt 0.552397 0.262765
vt 0.556496 0.260422
vt 0.565955 0.260818
vt 0.565352 0.266125
vt 0.570569 0.183468
vt 0.577699 0.186175
vt 0.573526 0.260483
vt 0.574643 0.264110
vt 0.561286 0.179330
vt 0.571201 0.179132
vt 0.574195 0.266596
vt 0.442496 0.216019
vt 0.573362 0.173445
vt 0.560600 0.354839
vt 0.831160 0.128958
vt 0.543924 0.253339
vt 0.546027 0.247369
vt 0.552113 0.146069
vt 0.572943 0.151818
vt 0.579709 0.260829
vt 0.577609 0.255009
vt 0.538220 0.236803
vt 0.412107 0.226221
vt 0.413731 0.230416
vt 0.408195 0.232359
vt 0.407150 0.228126
vt 0.405296 0.222127
vt 0.399959 0.224768
vt 0.435415 0.199417
vt 0.418971 0.198642
vt 0.407872 0.217189
vt 0.407570 0.208706
vt 0.403293 0.214842
vt 0.399366 0.218444
vt 0.396663 0.215891
vt 0.399545 0.211333
vt 0.405466 0.204009
vt 0.528560 0.225325
vt 0.500878 0.162907
vt 0.466812 0.181435
vt 0.450438 0.186341
vt 0.458771 0.178563
vt 0.495860 0.156080
vt 0.442010 0.172475
vt 0.577269 0.180250
vt 0.586141 0.183542
vt 0.589500 0.182467
vt 0.580454 0.180345
vt 0.576058 0.175739
vt 0.579555 0.177110
vt 0.582148 0.179284
vt 0.585552 0.178292
vt 0.587053 0.175928
vt 0.583983 0.171680
vt 0.593888 0.179254
vt 0.577599 0.170833
vt 0.576554 0.166256
vt 0.579250 0.169061
vt 0.583169 0.163909
vt 0.586122 0.257541
vt 0.581511 0.163049
vt 0.579514 0.162329
vt 0.589313 0.251626
vt 0.582304 0.256754
vt 0.592818 0.157233
vt 0.583086 0.161634
vt 0.590599 0.160165
vt 0.586471 0.161983
vt 0.592905 0.155222
vt 0.581616 0.160901
vt 0.598232 0.251397
vt 0.590924 0.253959
vt 0.579672 0.158944
vt 0.591264 0.152342
vt 0.595303 0.154417
vt 0.594597 0.158720
vt 0.588186 0.164046
vt 0.596602 0.164657
vt 0.591965 0.163657
vt 0.589381 0.162298
vt 0.589748 0.164670
vt 0.589036 0.167931
vt 0.595929 0.247545
vt 0.605892 0.249497
vt 0.613085 0.249503
vt 0.602759 0.246696
vt 0.608981 0.245192
vt 0.615146 0.246681
vt 0.613250 0.240941
vt 0.615465 0.243980
vt 0.635228 0.237619
vt 0.626746 0.241446
vt 0.626886 0.238733
vt 0.643000 0.232652
vt 0.656206 0.227950
vt 0.654025 0.231688
vt 0.644649 0.235656
vt 0.651021 0.236138
vt 0.602516 0.173319
vt 0.598620 0.176921
vt 0.600856 0.173197
vt 0.599478 0.168464
vt 0.894212 0.085587
vt 0.575620 0.349546
vt 0.891327 0.088137
vt 0.575233 0.351813
vt 0.893825 0.087854
vt 0.580823 0.347921
vt 0.582217 0.350162
vt 0.900809 0.086203
vt 0.895074 0.091588
vt 0.899535 0.095659
vt 0.901646 0.089188
vt 0.583054 0.353147
vt 0.587075 0.352916
vt 0.905666 0.088957
vt 0.903069 0.092325
vt 0.903038 0.095129
vt 0.915215 0.129016
vt 0.515883 0.207397
vt 0.509086 0.207306
vt 0.512451 0.207067
vt 0.911784 0.128686
vt 0.511567 0.205316
vt 0.910899 0.126935
vt 0.913759 0.127479
vt 0.913381 0.125853
vt 0.505420 0.206769
vt 0.502554 0.201151
vt 0.507277 0.205902
vt 0.509072 0.204762
vt 0.908405 0.126381
vt 0.905694 0.122758
vt 0.509389 0.202592
vt 0.506362 0.201139
vt 0.504926 0.202873
vt 0.511805 0.204801
vt 0.909415 0.122624
vt 0.517713 0.200656
vt 0.522957 0.203352
vt 0.518830 0.209569
vt 0.915974 0.126884
vt 0.916573 0.124488
vt 0.516208 0.209881
vt 0.521161 0.205539
vt 0.518538 0.206763
vt 0.915048 0.121786
vt 0.516124 0.207207
vt 0.520508 0.204153
vt 0.518064 0.203591
vt 0.523501 0.201821
vt 0.586963 0.172698
vt 0.595923 0.178563
vt 0.589659 0.177474
vt 0.592734 0.177218
vt 0.590037 0.175406
vt 0.596613 0.175545
vt 0.592660 0.172681
vt 0.589768 0.171899
vt 0.596529 0.176981
vt 0.598631 0.175017
vt 0.599218 0.171282
vt 0.586833 0.169004
vt 0.587492 0.169775
vt 0.592402 0.170865
vt 0.593541 0.166343
vt 0.597164 0.168153
vt 0.596245 0.166396
vt 0.498051 0.374161
vt 0.497976 0.360391
vt 0.514850 0.402924
vt 0.511828 0.417372
vt 0.495927 0.395941
vt 0.494104 0.378679
vt 0.496422 0.382925
vt 0.493561 0.390469
vt 0.501068 0.418041
vt 0.514605 0.421008
vt 0.529085 0.419487
vt 0.545971 0.407929
vt 0.494975 0.405274
vt 0.492283 0.403908
vt 0.508452 0.424727
vt 0.520314 0.425616
vt 0.513984 0.425700
vt 0.528643 0.422658
vt 0.493851 0.424150
vt 0.492163 0.420034
vt 0.505779 0.426033
vt 0.491680 0.410900
vt 0.493665 0.416456
vt 0.522009 0.431443
vt 0.487997 0.421989
vt 0.488852 0.425583
vt 0.492217 0.432537
vt 0.487385 0.430689
vt 0.488468 0.437656
vt 0.490252 0.442736
vt 0.499335 0.445357
vt 0.487558 0.451868
vt 0.409857 0.373606
vt 0.396536 0.380921
vt 0.409794 0.360239
vt 0.494730 0.353650
vt 0.493602 0.359482
vt 0.493600 0.363741
vt 0.491054 0.362006
vt 0.493961 0.369772
vt 0.492011 0.368730
vt 0.459311 0.457812
vt 0.455339 0.437270
vt 0.361789 0.405908
vt 0.349837 0.405883
vt 0.378345 0.356416
vt 0.399132 0.348952
vt 0.487601 0.368532
vt 0.491882 0.373417
vt 0.352262 0.346486
vt 0.344082 0.347610
vt 0.320236 0.372595
vt 0.349362 0.343981
vt 0.346838 0.343583
vt 0.323643 0.369551
vt 0.459554 0.339040
vt 0.349860 0.369934
vt 0.413670 0.376266
vt 0.418635 0.404857
vt 0.411754 0.394229
vt 0.407893 0.387967
vt 0.490377 0.354374
vt 0.319044 0.376533
vt 0.343439 0.352680
vt 0.479873 0.347031
vt 0.485660 0.355375
vt 0.398409 0.397752
vt 0.342501 0.363919
vt 0.320939 0.386764
vt 0.431687 0.299089
vt 0.319581 0.370153
vt 0.304401 0.368599
vt 0.309990 0.366218
vt 0.311335 0.372815
vt 0.469481 0.355326
vt 0.300035 0.366584
vt 0.298859 0.368581
vt 0.304015 0.371315
vt 0.302896 0.365437
vt 0.425866 0.290449
vt 0.298369 0.371770
vt 0.307778 0.375024
vt 0.301624 0.380332
vt 0.308768 0.380373
vt 0.316013 0.369307
vt 0.320979 0.366500
vt 0.314982 0.374416
vt 0.314771 0.371897
vt 0.313567 0.369965
vt 0.485804 0.362234
vt 0.315325 0.384477
vt 0.313479 0.377354
vt 0.381152 0.384517
vt 0.476468 0.378431
vt 0.340979 0.374964
vt 0.323108 0.397609
vt 0.486930 0.379840
vt 0.312166 0.398502
vt 0.374263 0.403667
vt 0.461722 0.395695
vt 0.449370 0.407224
vt 0.398232 0.245434
vt 0.424377 0.379756
vt 0.454815 0.343479
vt 0.350404 0.388859
vt 0.434658 0.416970
vt 0.401626 0.265815
vt 0.457034 0.351758
vt 0.340394 0.383991
vt 0.325529 0.406272
vt 0.400316 0.304681
vt 0.322999 0.413563
vt 0.459059 0.417753
vt 0.426563 0.410168
vt 0.446092 0.427765
vt 0.389254 0.293995
vt 0.426439 0.416442
vt 0.434247 0.422280
vt 0.434723 0.428309
vt 0.342714 0.397331
vt 0.332920 0.415405
vt 0.336610 0.419859
vt 0.342393 0.403395
vt 0.427631 0.426167
vt 0.339818 0.391423
vt 0.327508 0.413061
vt 0.429915 0.442796
vt 0.330207 0.417734
vt 0.324924 0.417003
vt 0.330340 0.419238
vt 0.333598 0.422038
vt 0.338104 0.423136
vt 0.341163 0.406888
vt 0.327688 0.423469
vt 0.316755 0.411241
vt 0.490863 0.383058
vt 0.416274 0.401719
vt 0.419940 0.411491
vt 0.422843 0.413103
vt 0.416367 0.407439
vt 0.318214 0.422643
vt 0.485714 0.388530
vt 0.489038 0.393429
vt 0.425769 0.421758
vt 0.379101 0.257142
vt 0.322556 0.418020
vt 0.325289 0.420787
vt 0.422601 0.417704
vt 0.484429 0.398473
vt 0.321578 0.422160
vt 0.490374 0.399931
vt 0.324931 0.423250
vt 0.321629 0.424803
vt 0.328634 0.427411
vt 0.333191 0.426699
vt 0.332167 0.428549
vt 0.422884 0.425755
vt 0.487566 0.400357
vt 0.420975 0.431238
vt 0.324641 0.428634
vt 0.489109 0.405329
vt 0.483744 0.403610
vt 0.419615 0.416269
vt 0.422080 0.421351
vt 0.419209 0.419324
vt 0.317973 0.428099
vt 0.417456 0.412132
vt 0.320477 0.429872
vt 0.415226 0.416493
vt 0.376761 0.287752
vt 0.367155 0.265737
vt 0.420514 0.425539
vt 0.486764 0.408527
vt 0.308266 0.434474
vt 0.414447 0.417985
vt 0.403885 0.234558
vt 0.415519 0.421538
vt 0.414119 0.420333
vt 0.418024 0.422408
vt 0.488389 0.412305
vt 0.417178 0.432580
vt 0.483946 0.411382
vt 0.416026 0.426967
vt 0.415593 0.430803
vt 0.318972 0.436328
vt 0.317137 0.435584
vt 0.313707 0.432761
vt 0.485110 0.417721
vt 0.480747 0.416277
vt 0.315092 0.435452
vt 0.381281 0.238232
vt 0.416387 0.437098
vt 0.403672 0.229198
vt 0.316227 0.439008
vt 0.962614 0.066333
vt 0.312783 0.437631
vt 0.415314 0.443519
vt 0.412717 0.441469
vt 0.489230 0.416519
vt 0.394442 0.408319
vt 0.386912 0.412246
vt 0.485049 0.422679
vt 0.369398 0.410075
vt 0.395569 0.217934
vt 0.396409 0.222061
vt 0.393135 0.213542
vt 0.391025 0.214333
vt 0.393406 0.220909
vt 0.389361 0.220109
vt 0.386354 0.218116
vt 0.387491 0.221135
vt 0.391327 0.224973
vt 0.374014 0.415524
vt 0.374590 0.433449
vt 0.364120 0.435079
vt 0.363500 0.415060
vt 0.365395 0.439587
vt 0.481987 0.390370
vt 0.394324 0.436727
vt 0.386112 0.417172
vt 0.387151 0.432419
vt 0.381203 0.232202
vt 0.389408 0.458980
vt 0.372875 0.242048
vt 0.438268 0.482197
vt 0.361855 0.247837
vt 0.481057 0.399757
vt 0.355291 0.455485
vt 0.416373 0.465292
vt 0.360025 0.410204
vt 0.350072 0.409503
vt 0.357095 0.436364
vt 0.356237 0.414942
vt 0.478538 0.406898
vt 0.347001 0.442229
vt 0.416793 0.452851
vt 0.349580 0.437219
vt 0.348509 0.414328
vt 0.412005 0.448364
vt 0.413489 0.458996
vt 0.374817 0.246553
vt 0.412843 0.465580
vt 0.363967 0.260095
vt 0.472983 0.418867
vt 0.422630 0.479032
vt 0.345462 0.408676
vt 0.339873 0.426270
vt 0.337873 0.429687
vt 0.340763 0.432423
vt 0.341171 0.429077
vt 0.987150 0.059749
vt 0.345974 0.412659
vt 0.347179 0.435940
vt 0.414532 0.474705
vt 0.344408 0.438408
vt 0.343137 0.410708
vt 0.342348 0.424127
vt 0.345111 0.433792
vt 0.343543 0.435768
vt 0.412196 0.401224
vt 0.409801 0.401724
vt 0.411431 0.404978
vt 0.414040 0.403386
vt 0.412761 0.408918
vt 0.340222 0.444072
vt 0.405831 0.400291
vt 0.338971 0.452449
vt 0.986800 0.062255
vt 0.340413 0.434930
vt 0.406813 0.404350
vt 0.363068 0.271032
vt 0.367925 0.281795
vt 0.338401 0.441977
vt 0.409341 0.405672
vt 0.409789 0.408393
vt 0.336827 0.438960
vt 0.983214 0.066286
vt 0.981598 0.062966
vt 0.362381 0.278237
vt 0.402765 0.405105
vt 0.336321 0.446286
vt 0.331516 0.444152
vt 0.977903 0.071477
vt 0.403428 0.407356
vt 0.977905 0.067050
vt 0.332089 0.446772
vt 0.406398 0.408637
vt 0.405311 0.412344
vt 0.406129 0.413983
vt 0.399958 0.410715
vt 0.975998 0.074349
vt 0.329610 0.447023
vt 0.400967 0.412243
vt 0.322541 0.438201
vt 0.325306 0.433518
vt 0.320371 0.440987
vt 0.964611 0.063308
vt 0.966208 0.062193
vt 0.322037 0.442099
vt 0.398970 0.409353
vt 0.320083 0.442146
vt 0.966471 0.069471
vt 0.316835 0.440716
vt 0.963223 0.068042
vt 0.964969 0.064803
vt 0.967760 0.063817
vt 0.315560 0.442809
vt 0.970695 0.074096
vt 0.324308 0.446771
vt 0.409426 0.431107
vt 0.411586 0.426363
vt 0.971517 0.067090
vt 0.354106 0.263699
vt 0.395996 0.416076
vt 0.417291 0.481746
vt 0.360847 0.265742
vt 0.358425 0.265516
vt 0.391966 0.413858
vt 0.394195 0.415238
vt 0.359496 0.268323
vt 0.360293 0.273506
vt 0.356850 0.272047
vt 0.414849 0.488571
vt 0.355218 0.271146
vt 0.355083 0.268503
vt 0.350474 0.266096
vt 0.410178 0.466013
vt 0.411504 0.478872
vt 0.406550 0.484966
vt 0.397814 0.421181
vt 0.398228 0.418599
vt 0.399428 0.420196
vt 0.395615 0.419433
vt 0.346462 0.262696
vt 0.392269 0.417610
vt 0.393609 0.430215
vt 0.396270 0.427553
vt 0.394480 0.421345
vt 0.397181 0.421912
vt 0.349799 0.272153
vt 0.399645 0.422360
vt 0.398838 0.424372
vt 0.344619 0.267672
vt 0.413176 0.433800
vt 0.412773 0.436382
vt 0.408081 0.434102
vt 0.344618 0.265515
vt 0.408768 0.461491
vt 0.409030 0.438288
vt 0.406617 0.436779
vt 0.406506 0.439629
vt 0.408877 0.448288
vt 0.395668 0.430945
vt 0.403696 0.433592
vt 0.399407 0.435827
vt 0.404076 0.429202
vt 0.407758 0.428391
vt 0.401748 0.428711
vt 0.401806 0.440362
vt 0.450892 0.332694
vt 0.454305 0.337583
vt 0.390795 0.431051
vt 0.389770 0.416746
vt 0.481097 0.421153
vt 0.483316 0.426445
vt 0.479160 0.427692
vt 0.374295 0.487778
vt 0.450948 0.340910
vt 0.394700 0.433778
vt 0.443425 0.338020
vt 0.484543 0.435745
vt 0.480675 0.436256
vt 0.475758 0.433042
vt 0.478082 0.453488
vt 0.481234 0.446275
vt 0.485672 0.456339
vt 0.432708 0.325281
vt 0.440653 0.333132
vt 0.480966 0.458274
vt 0.389321 0.495820
vt 0.436349 0.335465
vt 0.431591 0.346336
vt 0.432531 0.337693
vt 0.469798 0.421714
vt 0.431707 0.331946
vt 0.430643 0.326430
vt 0.427689 0.331795
vt 0.400785 0.455439
vt 0.429226 0.344243
vt 0.429327 0.337982
vt 0.426293 0.343494
vt 0.461793 0.427515
vt 0.444878 0.347513
vt 0.376714 0.497511
vt 0.384625 0.499713
vt 0.389285 0.340354
vt 0.391164 0.307150
vt 0.353109 0.501506
vt 0.373645 0.339542
vt 0.377597 0.297554
vt 0.343166 0.480774
vt 0.384087 0.347215
vt 0.394976 0.343928
vt 0.346355 0.470196
vt 0.420530 0.356615
vt 0.374394 0.503543
vt 0.468368 0.477670
vt 0.360632 0.503450
vt 0.343761 0.492276
vt 0.352370 0.506326
vt 0.360235 0.506142
vt 0.373007 0.291152
vt 0.357110 0.508830
vt 0.367108 0.286938
vt 0.334654 0.453602
vt 0.368303 0.292404
vt 0.362890 0.339955
vt 0.363196 0.343996
vt 0.338310 0.463926
vt 0.429328 0.319402
vt 0.338749 0.473020
vt 0.425708 0.313925
vt 0.427548 0.306894
vt 0.424396 0.304857
vt 0.332561 0.463984
vt 0.334901 0.478080
vt 0.423315 0.312964
vt 0.418833 0.313157
vt 0.332112 0.451530
vt 0.330502 0.452691
vt 0.415749 0.311004
vt 0.325274 0.449141
vt 0.364658 0.284396
vt 0.416144 0.313246
vt 0.420977 0.317744
vt 0.325165 0.452126
vt 0.326502 0.459752
vt 0.364007 0.289703
vt 0.357351 0.339697
vt 0.319824 0.447269
vt 0.426976 0.322201
vt 0.427085 0.326220
vt 0.361445 0.288278
vt 0.354012 0.339339
vt 0.423399 0.323482
vt 0.313418 0.452719
vt 0.426934 0.334949
vt 0.424742 0.333319
vt 0.423224 0.331087
vt 0.362369 0.284437
vt 0.360598 0.280760
vt 0.426172 0.338266
vt 0.422828 0.320377
vt 0.357735 0.282595
vt 0.354791 0.279603
vt 0.415898 0.315307
vt 0.314311 0.463785
vt 0.351008 0.335786
vt 0.359467 0.285239
vt 0.329278 0.362410
vt 0.418294 0.319987
vt 0.416168 0.323406
vt 0.414462 0.322872
vt 0.327045 0.359017
vt 0.356483 0.285637
vt 0.323256 0.358355
vt 0.324662 0.362469
vt 0.328510 0.364490
vt 0.350801 0.337934
vt 0.411098 0.314870
vt 0.408225 0.318862
vt 0.326862 0.477946
vt 0.355126 0.274230
vt 0.352818 0.284194
vt 0.352192 0.285936
vt 0.324377 0.354663
vt 0.405961 0.311594
vt 0.341077 0.271569
vt 0.314364 0.486007
vt 0.320459 0.361931
vt 0.399912 0.339426
vt 0.403535 0.316103
vt 0.407901 0.323259
vt 0.402942 0.322485
vt 0.403534 0.339092
vt 0.404583 0.325742
vt 0.407010 0.325295
vt 0.407813 0.337061
vt 0.404498 0.328241
vt 0.405515 0.338068
vt 0.402553 0.325385
vt 0.395381 0.339617
vt 0.397322 0.310373
vt 0.400735 0.342120
vt 0.399660 0.315018
vt 0.398889 0.342105
vt 0.339277 0.485105
vt 0.406716 0.348297
vt 0.403163 0.343479
vt 0.410973 0.344662
vt 0.402649 0.318860
vt 0.401885 0.340593
vt 0.403297 0.341455
vt 0.336004 0.486364
vt 0.400064 0.345220
vt 0.406759 0.339061
vt 0.410337 0.353882
vt 0.403514 0.348816
vt 0.405743 0.352458
vt 0.328950 0.490586
vt 0.340429 0.494766
vt 0.336327 0.494672
vt 0.344417 0.501271
vt 0.424186 0.335729
vt 0.345147 0.506880
vt 0.423555 0.342959
vt 0.420152 0.340403
vt 0.346758 0.509187
vt 0.420003 0.343275
vt 0.424012 0.348300
vt 0.422231 0.347708
vt 0.419114 0.351813
vt 0.417280 0.347978
vt 0.338206 0.504211
vt 0.416234 0.350844
vt 0.341347 0.502343
vt 0.416074 0.354364
vt 0.415228 0.357006
vt 0.339323 0.506920
vt 0.354190 0.512313
vt 0.340878 0.513233
vt 0.417470 0.343755
vt 0.339732 0.511512
vt 0.415410 0.347636
vt 0.412840 0.350323
vt 0.413910 0.354527
vt 0.329098 0.505666
vt 0.414762 0.364655
vt 0.323810 0.505762
vt 0.333840 0.510355
vt 0.335798 0.513565
vt 0.338346 0.515943
vt 0.329778 0.512661
vt 0.324257 0.511227
vt 0.323299 0.515421
vt 0.333284 0.517045
vt 0.318935 0.514129
vt 0.325140 0.518556
vt 0.315468 0.364205
vt 0.326489 0.429129
vt 0.411193 0.416079
vt 0.412726 0.416902
vt 0.412442 0.419027
vt 0.411113 0.417877
vt 0.409260 0.413815
vt 0.335464 0.430285
vt 0.339190 0.432129
vt 0.984681 0.057190
vt 0.983496 0.059520
vt 0.412323 0.424360
vt 0.982648 0.056675
vt 0.338274 0.433962
vt 0.981679 0.060334
vt 0.411667 0.422888
vt 0.409417 0.418210
vt 0.409833 0.421491
vt 0.406862 0.419271
vt 0.410008 0.424087
vt 0.407641 0.424568
vt 0.409680 0.426425
vt 0.407720 0.415673
vt 0.404303 0.416492
vt 0.404211 0.420902
vt 0.404337 0.414931
vt 0.401373 0.416718
vt 0.328155 0.430993
vt 0.334487 0.431747
vt 0.330482 0.433291
vt 0.402588 0.418915
vt 0.326985 0.434156
vt 0.336039 0.434351
vt 0.979927 0.059083
vt 0.336499 0.437196
vt 0.331505 0.441405
vt 0.974770 0.062324
vt 0.404145 0.423813
vt 0.404709 0.426253
vt 0.401044 0.423053
vt 0.980166 0.061201
vt 0.977824 0.063651
vt 0.401039 0.425345
vt 0.976176 0.065811
vt 0.976227 0.067882
vt 0.325019 0.435931
vt 0.325421 0.437947
vt 0.969214 0.061988
vt 0.325120 0.442321
vt 0.971411 0.064572
vt 0.421894 0.328053
vt 0.420951 0.332192
vt 0.420414 0.324214
vt 0.418544 0.327392
vt 0.419592 0.333214
vt 0.418867 0.331971
vt 0.416330 0.333582
vt 0.415557 0.329549
vt 0.414029 0.324681
vt 0.412213 0.326204
vt 0.412443 0.332192
vt 0.413914 0.337380
vt 0.410798 0.324060
vt 0.410764 0.334663
vt 0.409038 0.327190
vt 0.409423 0.325566
vt 0.422490 0.333975
vt 0.422026 0.336742
vt 0.420922 0.334703
vt 0.351603 0.280778
vt 0.349816 0.284244
vt 0.349068 0.281879
vt 0.348141 0.283977
vt 0.351449 0.276086
vt 0.418390 0.338656
vt 0.418245 0.340893
vt 0.416061 0.343476
vt 0.413529 0.340984
vt 0.410198 0.339750
vt 0.410098 0.337450
vt 0.408557 0.338858
vt 0.346454 0.275168
vt 0.343328 0.273955
vt 0.347940 0.277906
vt 0.347321 0.280748
vt 0.345200 0.278863
vt 0.343727 0.275810
vt 0.341944 0.277887
vt 0.310053 0.354995
vt 0.413040 0.343360
vt 0.314242 0.355837
vt 0.342994 0.281395
vt 0.312861 0.358151
vt 0.308466 0.358111
vt 0.309081 0.360500
vt 0.348686 0.286058
vt 0.321336 0.353206
vt 0.322149 0.355668
vt 0.320384 0.359817
vt 0.319629 0.357301
vt 0.344387 0.283607
vt 0.316992 0.355335
vt 0.318322 0.360308
vt 0.317117 0.363950
vt 0.312827 0.362796
vt 0.410533 0.341820
vt 0.309116 0.362421
vt 0.579158 0.609453
vt 0.578508 0.606185
vt 0.581953 0.602529
vt 0.572219 0.388488
vt 0.634655 0.311938
vt 0.624045 0.355097
vt 0.631903 0.318673
vt 0.580124 0.599297
vt 0.581805 0.423455
vt 0.574632 0.406272
vt 0.571892 0.611072
vt 0.569871 0.398546
vt 0.627820 0.321543
vt 0.619121 0.356043
vt 0.616589 0.361259
vt 0.619963 0.324392
vt 0.610801 0.355322
vt 0.579006 0.613281
vt 0.579189 0.614676
vt 0.962614 0.028275
vt 0.575605 0.614987
vt 0.586872 0.426760
vt 0.583611 0.428710
vt 0.625828 0.360312
vt 0.575312 0.564798
vt 0.588779 0.431045
vt 0.588581 0.622812
vt 0.593358 0.624062
vt 0.976784 0.037661
vt 0.589403 0.626642
vt 0.638585 0.312055
vt 0.637685 0.307966
vt 0.636176 0.315291
vt 0.627216 0.356316
vt 0.635260 0.318618
vt 0.594184 0.627015
vt 0.589323 0.630190
vt 0.598966 0.418125
vt 0.606716 0.424839
vt 0.639159 0.316584
vt 0.631234 0.354787
vt 0.630246 0.356704
vt 0.638207 0.318567
vt 0.581921 0.620552
vt 0.579663 0.621535
vt 0.570309 0.622482
vt 0.564629 0.407981
vt 0.628831 0.358516
vt 0.618526 0.411209
vt 0.632909 0.361095
vt 0.629688 0.365306
vt 0.588646 0.639345
vt 0.568512 0.412194
vt 0.638352 0.367536
vt 0.635535 0.366690
vt 0.618095 0.425826
vt 0.562454 0.411880
vt 0.605380 0.369963
vt 0.589226 0.394321
vt 0.565687 0.649416
vt 0.609272 0.430937
vt 0.581308 0.584276
vt 0.580209 0.578238
vt 0.603083 0.430227
vt 0.558712 0.613206
vt 0.576050 0.612648
vt 0.572956 0.614740
vt 0.577671 0.572406
vt 0.596721 0.430969
vt 0.564778 0.413366
vt 0.570738 0.618436
vt 0.566548 0.617016
vt 0.566000 0.417802
vt 0.569666 0.561813
vt 0.571828 0.417382
vt 0.557457 0.626849
vt 0.579966 0.617075
vt 0.963392 0.030674
vt 0.575702 0.618615
vt 0.636355 0.372563
vt 0.645556 0.596000
vt 0.642019 0.372382
vt 0.641819 0.369429
vt 0.648054 0.594586
vt 0.573510 0.421466
vt 0.578181 0.426738
vt 0.642100 0.377617
vt 0.640746 0.597793
vt 0.648680 0.600657
vt 0.656713 0.237955
vt 0.659920 0.233554
vt 0.618324 0.605159
vt 0.641790 0.401558
vt 0.644471 0.393850
vt 0.626370 0.605278
vt 0.632776 0.608467
vt 0.668694 0.232492
vt 0.667130 0.229143
vt 0.612125 0.611599
vt 0.627356 0.391361
vt 0.668572 0.238107
vt 0.667699 0.629392
vt 0.660364 0.628861
vt 0.556039 0.620600
vt 0.651846 0.641267
vt 0.548286 0.618620
vt 0.661531 0.607511
vt 0.635923 0.392547
vt 0.642248 0.386322
vt 0.632670 0.600748
vt 0.676300 0.228635
vt 0.668591 0.226043
vt 0.679180 0.231502
vt 0.529708 0.643915
vt 0.637378 0.647469
vt 0.685298 0.246090
vt 0.676426 0.638601
vt 0.676656 0.650585
vt 0.689164 0.235769
vt 0.641297 0.291055
vt 0.670986 0.648937
vt 0.545055 0.624894
vt 0.644627 0.283093
vt 0.528909 0.633707
vt 0.716993 0.626836
vt 0.679223 0.254552
vt 0.711469 0.619478
vt 0.672266 0.260342
vt 0.667210 0.659289
vt 0.603926 0.616858
vt 0.632349 0.631319
vt 0.643201 0.295360
vt 0.639822 0.300642
vt 0.682040 0.602902
vt 0.658503 0.290915
vt 0.600146 0.621152
vt 0.609174 0.638463
vt 0.648309 0.296544
vt 0.677691 0.591961
vt 0.644404 0.298591
vt 0.652371 0.663471
vt 0.596961 0.631683
vt 0.671369 0.603817
vt 0.672533 0.595418
vt 0.687357 0.609814
vt 0.664812 0.284875
vt 0.641710 0.302594
vt 0.600973 0.645802
vt 0.644726 0.300409
vt 0.674413 0.587431
vt 0.644424 0.304288
vt 0.595386 0.646027
vt 0.646989 0.304525
vt 0.956350 0.123887
vt 0.671886 0.588282
vt 0.647069 0.301736
vt 0.591978 0.633071
vt 0.669856 0.598502
vt 0.954555 0.131776
vt 0.670091 0.596171
vt 0.676196 0.617272
vt 0.668876 0.612713
vt 0.590928 0.651292
vt 0.666084 0.609870
vt 0.667913 0.607331
vt 0.666851 0.603450
vt 0.665257 0.605172
vt 0.598924 0.654462
vt 0.950043 0.136765
vt 0.665580 0.601160
vt 0.663357 0.605089
vt 0.662023 0.602515
vt 0.663785 0.600552
vt 0.597400 0.662718
vt 0.660005 0.603639
vt 0.654910 0.599778
vt 0.663701 0.614109
vt 0.671322 0.621063
vt 0.668504 0.272190
vt 0.699713 0.614676
vt 0.605664 0.660829
vt 0.605755 0.673902
vt 0.601413 0.665307
vt 0.623053 0.672592
vt 0.615459 0.675358
vt 0.608966 0.675310
vt 0.605879 0.677745
vt 0.725139 0.633336
vt 0.603096 0.676345
vt 0.596018 0.678227
vt 0.586415 0.679383
vt 0.587644 0.683338
vt 0.662541 0.662766
vt 0.713658 0.645658
vt 0.699693 0.649198
vt 0.707258 0.649501
vt 0.619849 0.654406
vt 0.635505 0.669261
vt 0.608982 0.386140
vt 0.534246 0.659437
vt 0.531901 0.658334
vt 0.687331 0.653344
vt 0.594989 0.406607
vt 0.556530 0.660511
vt 0.680752 0.651322
vt 0.573341 0.684383
vt 0.563180 0.685813
vt 0.693184 0.653856
vt 0.682790 0.656780
vt 0.543235 0.682400
vt 0.636215 0.408542
vt 0.608330 0.607893
vt 0.641183 0.412062
vt 0.675460 0.656753
vt 0.636622 0.415332
vt 0.639645 0.415904
vt 0.604311 0.607452
vt 0.605850 0.611053
vt 0.602704 0.609328
vt 0.942935 0.079845
vt 0.641068 0.417967
vt 0.637507 0.420080
vt 0.629929 0.418298
vt 0.683005 0.227180
vt 0.687781 0.227477
vt 0.734961 0.637753
vt 0.632586 0.421912
vt 0.623783 0.426074
vt 0.734742 0.641677
vt 0.693183 0.235357
vt 0.725725 0.642572
vt 0.629066 0.426397
vt 0.633048 0.424527
vt 0.628807 0.428979
vt 0.554194 0.689346
vt 0.637192 0.423018
vt 0.639958 0.420774
vt 0.601003 0.612457
vt 0.941234 0.082974
vt 0.600692 0.617300
vt 0.582084 0.591218
vt 0.616312 0.432197
vt 0.622318 0.431420
vt 0.584618 0.596509
vt 0.564266 0.584684
vt 0.565234 0.688984
vt 0.537202 0.669833
vt 0.539308 0.677907
vt 0.641325 0.306302
vt 0.534926 0.672314
vt 0.543428 0.689997
vt 0.540161 0.684248
vt 0.546905 0.692479
vt 0.585359 0.599092
vt 0.625094 0.431728
vt 0.585351 0.601232
vt 0.629569 0.432327
vt 0.588309 0.602124
vt 0.617405 0.684961
vt 0.610124 0.684407
vt 0.615153 0.681021
vt 0.609833 0.688748
vt 0.608358 0.682491
vt 0.605040 0.687190
vt 0.678522 0.676038
vt 0.672243 0.669574
vt 0.682821 0.666273
vt 0.672891 0.680773
vt 0.702600 0.672614
vt 0.703680 0.662260
vt 0.709800 0.675260
vt 0.603307 0.681979
vt 0.690863 0.669323
vt 0.599298 0.681341
vt 0.600335 0.683101
vt 0.593097 0.684258
vt 0.598982 0.687858
vt 0.587267 0.690866
vt 0.585147 0.686467
vt 0.585076 0.688952
vt 0.599577 0.691414
vt 0.592477 0.691845
vt 0.696906 0.686357
vt 0.691973 0.684946
vt 0.687363 0.673849
vt 0.657165 0.666197
vt 0.661317 0.666348
vt 0.654819 0.669219
vt 0.651544 0.668385
vt 0.645082 0.672049
vt 0.685144 0.680190
vt 0.640279 0.671013
vt 0.663992 0.224448
vt 0.661019 0.228146
vt 0.684165 0.687568
vt 0.660657 0.702535
vt 0.634959 0.674119
vt 0.686759 0.701856
vt 0.667730 0.666385
vt 0.670742 0.663037
vt 0.628299 0.675169
vt 0.660142 0.670645
vt 0.636688 0.678103
vt 0.629819 0.677405
vt 0.657937 0.674844
vt 0.710652 0.696962
vt 0.732720 0.168689
vt 0.716824 0.684708
vt 0.726126 0.179945
vt 0.693323 0.697253
vt 0.578415 0.685799
vt 0.741651 0.158801
vt 0.702583 0.708591
vt 0.730437 0.157935
vt 0.699381 0.708753
vt 0.696683 0.714225
vt 0.642975 0.421415
vt 0.939009 0.080573
vt 0.937922 0.078973
vt 0.642711 0.423286
vt 0.578482 0.688547
vt 0.639927 0.424930
vt 0.580534 0.689855
vt 0.743886 0.153528
vt 0.701147 0.714395
vt 0.633933 0.427407
vt 0.573430 0.688812
vt 0.631266 0.431012
vt 0.736479 0.148102
vt 0.636149 0.431895
vt 0.641192 0.431282
vt 0.572675 0.691288
vt 0.569189 0.690461
vt 0.565181 0.692022
vt 0.598101 0.618984
vt 0.568441 0.695282
vt 0.597107 0.616609
vt 0.937339 0.087126
vt 0.577496 0.693906
vt 0.935096 0.085787
vt 0.581249 0.695584
vt 0.573173 0.696344
vt 0.935274 0.090720
vt 0.595043 0.620204
vt 0.571284 0.700243
vt 0.642689 0.307769
vt 0.559122 0.698435
vt 0.559767 0.693181
vt 0.562520 0.695309
vt 0.552405 0.695971
vt 0.551768 0.694264
vt 0.543124 0.695177
vt 0.548445 0.697508
vt 0.545184 0.698572
vt 0.549691 0.702344
vt 0.586151 0.605601
vt 0.688823 0.657465
vt 0.559549 0.701934
vt 0.592837 0.604304
vt 0.633932 0.435087
vt 0.593915 0.607409
vt 0.595523 0.606414
vt 0.636606 0.437127
vt 0.641921 0.313295
vt 0.634986 0.357557
vt 0.641866 0.316697
vt 0.633625 0.353549
vt 0.552845 0.717816
vt 0.551317 0.706091
vt 0.582866 0.606672
vt 0.638299 0.363661
vt 0.641371 0.360429
vt 0.675560 0.660885
vt 0.590043 0.608950
vt 0.586953 0.613342
vt 0.590520 0.612136
vt 0.582882 0.614475
vt 0.966419 0.028489
vt 0.586625 0.616476
vt 0.585258 0.617712
vt 0.966101 0.021805
vt 0.590487 0.619910
vt 0.973913 0.033509
vt 0.641583 0.365755
vt 0.581968 0.616528
vt 0.964867 0.025367
vt 0.532032 0.665596
vt 0.529649 0.659950
vt 0.529136 0.668606
vt 0.534946 0.676837
vt 0.676636 0.223325
vt 0.670098 0.223669
vt 0.683755 0.223265
vt 0.526067 0.668759
vt 0.530335 0.677197
vt 0.677461 0.219923
vt 0.675470 0.217450
vt 0.525770 0.675506
vt 0.522216 0.664450
vt 0.681973 0.220256
vt 0.685040 0.220681
vt 0.686548 0.223962
vt 0.689146 0.222000
vt 0.682760 0.218190
vt 0.537402 0.683367
vt 0.682120 0.215984
vt 0.688517 0.218322
vt 0.541007 0.694993
vt 0.540060 0.689997
vt 0.748421 0.643787
vt 0.692063 0.219406
vt 0.687375 0.214554
vt 0.537639 0.690547
vt 0.531595 0.682622
vt 0.689986 0.213983
vt 0.533727 0.690158
vt 0.684965 0.209061
vt 0.678555 0.205752
vt 0.689200 0.208628
vt 0.531010 0.693852
vt 0.650474 0.303144
vt 0.952547 0.124267
vt 0.650404 0.310376
vt 0.683796 0.203464
vt 0.651033 0.305525
vt 0.682055 0.199103
vt 0.675732 0.196843
vt 0.686900 0.200661
vt 0.955587 0.128527
vt 0.671123 0.592923
vt 0.538031 0.696454
vt 0.952713 0.127561
vt 0.534851 0.696488
vt 0.689606 0.199703
vt 0.653910 0.305885
vt 0.676180 0.582576
vt 0.948782 0.121786
vt 0.526775 0.700049
vt 0.536034 0.714045
vt 0.531049 0.717073
vt 0.523048 0.694824
vt 0.653513 0.307256
vt 0.675318 0.581336
vt 0.533092 0.698683
vt 0.691869 0.226676
vt 0.743156 0.641331
vt 0.671756 0.577588
vt 0.652304 0.311981
vt 0.517523 0.674298
vt 0.949125 0.131794
vt 0.947311 0.127528
vt 0.674846 0.584221
vt 0.947213 0.123047
vt 0.933461 0.079072
vt 0.646459 0.427645
vt 0.932335 0.077504
vt 0.644031 0.430237
vt 0.985476 0.016830
vt 0.930835 0.076603
vt 0.646632 0.429366
vt 0.670804 0.588383
vt 0.943765 0.127360
vt 0.944602 0.130351
vt 0.738557 0.644245
vt 0.673100 0.583721
vt 0.985320 0.018421
vt 0.930158 0.077979
vt 0.648053 0.317264
vt 0.637798 0.348929
vt 0.644749 0.432091
vt 0.982285 0.015647
vt 0.983961 0.017877
vt 0.669812 0.574753
vt 0.650138 0.314547
vt 0.635450 0.352801
vt 0.693801 0.216342
vt 0.747615 0.646533
vt 0.703520 0.212629
vt 0.738413 0.650603
vt 0.640434 0.349707
vt 0.640951 0.355821
vt 0.727093 0.648404
vt 0.693829 0.211328
vt 0.931704 0.084437
vt 0.932384 0.079012
vt 0.932084 0.079982
vt 0.931968 0.080281
vt 0.646704 0.358399
vt 0.659650 0.578656
vt 0.645508 0.353814
vt 0.527399 0.731267
vt 0.508204 0.690981
vt 0.694825 0.199657
vt 0.927370 0.087109
vt 0.980006 0.027171
vt 0.930927 0.090585
vt 0.977583 0.032288
vt 0.593322 0.621309
vt 0.933553 0.091826
vt 0.976748 0.034908
vt 0.538660 0.720431
vt 0.977923 0.027559
vt 0.982919 0.022928
vt 0.929158 0.082837
vt 0.540245 0.698520
vt 0.972331 0.025214
vt 0.972715 0.023597
vt 0.978602 0.025747
vt 0.539252 0.702085
vt 0.974018 0.022493
vt 0.543344 0.704112
vt 0.680267 0.189721
vt 0.977743 0.011538
vt 0.640212 0.436283
vt 0.536048 0.702791
vt 0.539421 0.705707
vt 0.637970 0.438995
vt 0.974856 0.009507
vt 0.596339 0.608777
vt 0.674556 0.189449
vt 0.594396 0.609485
vt 0.594898 0.611106
vt 0.973162 0.011330
vt 0.546422 0.709171
vt 0.684614 0.194365
vt 0.541795 0.707265
vt 0.967892 0.017468
vt 0.589147 0.616248
vt 0.688769 0.193205
vt 0.659297 0.598422
vt 0.967097 0.019462
vt 0.587721 0.617738
vt 0.969361 0.022815
vt 0.543969 0.714853
vt 0.686796 0.186339
vt 0.541680 0.714340
vt 0.537532 0.709572
vt 0.531523 0.701341
vt 0.666210 0.599063
vt 0.948302 0.135079
vt 0.680833 0.185863
vt 0.666536 0.594899
vt 0.944449 0.133410
vt 0.661941 0.593038
vt 0.661721 0.221345
vt 0.618022 0.687708
vt 0.629250 0.681948
vt 0.942409 0.130669
vt 0.668694 0.591732
vt 0.667071 0.592018
vt 0.663295 0.588494
vt 0.640710 0.680652
vt 0.620413 0.696855
vt 0.614119 0.693124
vt 0.667925 0.590176
vt 0.613101 0.700262
vt 0.656628 0.593071
vt 0.654339 0.596771
vt 0.643728 0.366025
vt 0.651547 0.592644
vt 0.645643 0.362917
vt 0.653498 0.589510
vt 0.618746 0.707876
vt 0.643480 0.362212
vt 0.660851 0.589888
vt 0.649289 0.359655
vt 0.656281 0.585637
vt 0.658989 0.585329
vt 0.647959 0.359424
vt 0.648251 0.357106
vt 0.649376 0.356106
vt 0.658244 0.582931
vt 0.587429 0.712274
vt 0.642259 0.693833
vt 0.729253 0.645804
vt 0.590862 0.723639
vt 0.723478 0.653690
vt 0.728973 0.654715
vt 0.625926 0.708042
vt 0.720615 0.648186
vt 0.625291 0.714299
vt 0.715737 0.650841
vt 0.719829 0.659547
vt 0.732614 0.659701
vt 0.709685 0.203759
vt 0.615877 0.711058
vt 0.599126 0.731427
vt 0.707591 0.653165
vt 0.702988 0.658654
vt 0.711943 0.658870
vt 0.623350 0.734909
vt 0.632466 0.735491
vt 0.702112 0.194020
vt 0.646513 0.716232
vt 0.724023 0.670906
vt 0.718569 0.193099
vt 0.602814 0.737605
vt 0.627762 0.738622
vt 0.623408 0.740109
vt 0.680755 0.709889
vt 0.672357 0.182404
vt 0.693504 0.718900
vt 0.689446 0.723551
vt 0.697988 0.718562
vt 0.701413 0.718259
vt 0.744529 0.149883
vt 0.674737 0.173772
vt 0.691099 0.187740
vt 0.685537 0.181864
vt 0.668101 0.732678
vt 0.570539 0.723335
vt 0.668782 0.168633
vt 0.673979 0.168030
vt 0.676382 0.168317
vt 0.682936 0.730534
vt 0.677943 0.173585
vt 0.683667 0.172348
vt 0.690757 0.174547
vt 0.686325 0.163049
vt 0.679993 0.166775
vt 0.681905 0.161783
vt 0.548834 0.719211
vt 0.552548 0.727204
vt 0.547726 0.724060
vt 0.545688 0.719666
vt 0.714296 0.179230
vt 0.544210 0.729793
vt 0.543886 0.721462
vt 0.547650 0.730847
vt 0.708097 0.167006
vt 0.541462 0.738117
vt 0.554674 0.740032
vt 0.550141 0.729172
vt 0.553768 0.736993
vt 0.550647 0.739255
vt 0.538032 0.742414
vt 0.497015 0.689366
vt 0.525815 0.742137
vt 0.643519 0.741815
vt 0.545118 0.736292
vt 0.546761 0.734208
vt 0.535836 0.752339
vt 0.545639 0.749878
vt 0.546974 0.740770
vt 0.637692 0.741527
vt 0.555024 0.744829
vt 0.554934 0.752321
vt 0.637890 0.746541
vt 0.636164 0.748513
vt 0.632288 0.744107
vt 0.638650 0.744348
vt 0.628545 0.743791
vt 0.631411 0.741614
vt 0.627288 0.741735
vt 0.618235 0.743816
vt 0.629928 0.748690
vt 0.628097 0.747346
vt 0.632481 0.748582
vt 0.625853 0.745694
vt 0.623141 0.744392
vt 0.622528 0.747236
vt 0.622037 0.677780
vt 0.622348 0.680126
vt 0.721885 0.145708
vt 0.712211 0.152175
vt 0.729974 0.148906
vt 0.609486 0.679372
vt 0.701955 0.653779
vt 0.557162 0.749810
vt 0.614783 0.679671
vt 0.698767 0.656047
vt 0.611002 0.681178
vt 0.697805 0.661586
vt 0.609162 0.750668
vt 0.619022 0.747731
vt 0.690023 0.660075
vt 0.617719 0.754628
vt 0.691690 0.664848
vt 0.615983 0.750077
vt 0.624602 0.751367
vt 0.624720 0.753262
vt 0.612843 0.757963
vt 0.688683 0.663851
vt 0.683834 0.658545
vt 0.684724 0.661573
vt 0.681994 0.661928
vt 0.606828 0.758711
vt 0.685766 0.665757
vt 0.565458 0.761861
vt 0.677015 0.663260
vt 0.593747 0.761936
vt 0.558882 0.757265
vt 0.549333 0.750993
vt 0.552356 0.754772
vt 0.556155 0.758270
vt 0.548496 0.758110
vt 0.553831 0.762696
vt 0.561439 0.769753
vt 0.560132 0.764071
vt 0.558447 0.761430
vt 0.551658 0.768359
vt 0.557813 0.770704
vt 0.554756 0.772595
vt 0.558357 0.776473
vt 0.975367 0.012710
vt 0.982410 0.019615
vt 0.976028 0.020031
vt 0.673806 0.581553
vt 0.670083 0.579187
vt 0.669744 0.581423
vt 0.669893 0.585407
vt 0.666623 0.584307
vt 0.971971 0.014111
vt 0.592944 0.613310
vt 0.971013 0.017698
vt 0.663649 0.586046
vt 0.971010 0.020691
vt 0.666464 0.575850
vt 0.640174 0.348233
vt 0.665905 0.573304
vt 0.649939 0.318607
vt 0.643109 0.349238
vt 0.664077 0.575673
vt 0.665372 0.579106
vt 0.662031 0.581090
vt 0.630957 0.750670
vt 0.628813 0.749871
vt 0.634757 0.751359
vt 0.635670 0.750224
vt 0.632504 0.751943
vt 0.628308 0.751566
vt 0.628858 0.754149
vt 0.627150 0.749097
vt 0.626904 0.751418
vt 0.627149 0.753147
vt 0.627348 0.755682
vt 0.541818 0.421946
vt 0.540341 0.562784
vt 0.513936 0.471305
vt 0.513593 0.512093
vt 0.509226 0.521823
vt 0.505792 0.480277
vt 0.502849 0.507114
vt 0.518283 0.538442
vt 0.528155 0.517672
vt 0.537814 0.423226
vt 0.538274 0.541501
vt 0.529625 0.586408
vt 0.534301 0.427104
vt 0.545201 0.605497
vt 0.496392 0.516884
vt 0.522506 0.546786
vt 0.542675 0.427066
vt 0.500224 0.535508
vt 0.555986 0.416172
vt 0.538848 0.442035
vt 0.549643 0.525817
vt 0.553194 0.538684
vt 0.546678 0.546287
vt 0.550821 0.545410
vt 0.559722 0.418285
vt 0.551852 0.419762
vt 0.546550 0.422102
vt 0.500982 0.540586
vt 0.497959 0.527013
vt 0.535865 0.555651
vt 0.533283 0.550770
vt 0.533275 0.546522
vt 0.494138 0.522258
vt 0.555676 0.419495
vt 0.551639 0.422424
vt 0.555922 0.422325
vt 0.497377 0.537174
vt 0.563101 0.417667
vt 0.564561 0.420449
vt 0.547918 0.425767
vt 0.494335 0.513008
vt 0.546652 0.429830
vt 0.564168 0.528313
vt 0.546724 0.427240
vt 0.566607 0.527118
vt 0.544137 0.432509
vt 0.560589 0.527104
vt 0.561921 0.531840
vt 0.559570 0.536435
vt 0.532167 0.617890
vt 0.530567 0.437009
vt 0.524984 0.563492
vt 0.489983 0.458806
vt 0.518292 0.605971
vt 0.510714 0.557168
vt 0.523841 0.459211
vt 0.505987 0.553710
vt 0.546822 0.615369
vt 0.490292 0.470994
vt 0.508039 0.571262
vt 0.506709 0.564599
vt 0.532236 0.450657
vt 0.539170 0.522735
vt 0.487947 0.466735
vt 0.521277 0.617239
vt 0.510488 0.577221
vt 0.489566 0.477365
vt 0.493021 0.503675
vt 0.498941 0.489054
vt 0.489426 0.485544
vt 0.525978 0.628647
vt 0.514008 0.590957
vt 0.489065 0.489727
vt 0.572326 0.423171
vt 0.491267 0.507592
vt 0.570120 0.551735
vt 0.565161 0.549107
vt 0.569990 0.548214
vt 0.574273 0.555667
vt 0.579899 0.429718
vt 0.574195 0.553041
vt 0.577570 0.429646
vt 0.573337 0.552144
vt 0.582359 0.431094
vt 0.573488 0.558508
vt 0.568805 0.555414
vt 0.504375 0.547541
vt 0.560446 0.550446
vt 0.501988 0.551459
vt 0.557035 0.541009
vt 0.554491 0.542737
vt 0.510778 0.591253
vt 0.555646 0.545138
vt 0.557805 0.543078
vt 0.828635 0.170003
vt 0.560319 0.541671
vt 0.514538 0.602231
vt 0.562006 0.544623
vt 0.560515 0.545954
vt 0.516123 0.610829
vt 0.504368 0.558294
vt 0.520508 0.625564
vt 0.523726 0.625938
vt 0.502141 0.558108
vt 0.503754 0.563920
vt 0.519439 0.467393
vt 0.518949 0.516100
vt 0.524853 0.637097
vt 0.523529 0.632169
vt 0.522113 0.629578
vt 0.519164 0.629353
vt 0.527402 0.646320
vt 0.529011 0.653257
vt 0.386380 0.503753
vt 0.394759 0.504377
vt 0.482292 0.570947
vt 0.460908 0.566264
vt 0.392236 0.507810
vt 0.457334 0.581666
vt 0.378767 0.508810
vt 0.402282 0.514280
vt 0.414625 0.523522
vt 0.411783 0.529831
vt 0.505018 0.571062
vt 0.507982 0.578236
vt 0.443158 0.561116
vt 0.466905 0.554773
vt 0.389421 0.526157
vt 0.493879 0.579317
vt 0.497115 0.568504
vt 0.500060 0.576384
vt 0.500666 0.584285
vt 0.413431 0.515306
vt 0.491654 0.595361
vt 0.398189 0.506087
vt 0.409467 0.505790
vt 0.504443 0.579657
vt 0.503430 0.584049
vt 0.568571 0.420996
vt 0.559861 0.422730
vt 0.563902 0.423938
vt 0.566001 0.424365
vt 0.498794 0.544849
vt 0.552158 0.426145
vt 0.564353 0.428906
vt 0.559090 0.429867
vt 0.499864 0.550848
vt 0.555402 0.429734
vt 0.448403 0.567944
vt 0.573196 0.428089
vt 0.495224 0.542891
vt 0.494950 0.537079
vt 0.454373 0.573647
vt 0.419252 0.531381
vt 0.416063 0.529984
vt 0.567505 0.528559
vt 0.547645 0.428206
vt 0.416385 0.537281
vt 0.490698 0.537050
vt 0.550505 0.429073
vt 0.489702 0.543422
vt 0.487557 0.533983
vt 0.493575 0.545548
vt 0.563938 0.532070
vt 0.441468 0.568974
vt 0.443166 0.573921
vt 0.440272 0.570977
vt 0.567227 0.534141
vt 0.835544 0.162472
vt 0.411137 0.541754
vt 0.562162 0.535189
vt 0.830479 0.163520
vt 0.829717 0.168337
vt 0.561400 0.540006
vt 0.443248 0.582112
vt 0.569595 0.531090
vt 0.549203 0.430554
vt 0.557731 0.432860
vt 0.552337 0.435586
vt 0.494205 0.551222
vt 0.497041 0.557195
vt 0.840919 0.163682
vt 0.550068 0.435941
vt 0.572602 0.535350
vt 0.478523 0.534546
vt 0.490472 0.553625
vt 0.836296 0.168375
vt 0.839170 0.169010
vt 0.836552 0.172004
vt 0.833420 0.171099
vt 0.370994 0.523402
vt 0.493861 0.557948
vt 0.367200 0.511762
vt 0.487934 0.560042
vt 0.438806 0.573700
vt 0.441516 0.576556
vt 0.437034 0.577772
vt 0.432490 0.576115
vt 0.435811 0.574859
vt 0.434624 0.573429
vt 0.435858 0.571057
vt 0.499107 0.563956
vt 0.501906 0.568886
vt 0.436760 0.583657
vt 0.438496 0.585490
vt 0.431246 0.577740
vt 0.429721 0.582199
vt 0.433916 0.582806
vt 0.495608 0.562735
vt 0.430426 0.589075
vt 0.491461 0.566899
vt 0.437853 0.591771
vt 0.434218 0.590102
vt 0.448795 0.597707
vt 0.574371 0.430043
vt 0.575690 0.549991
vt 0.468257 0.617706
vt 0.572766 0.549535
vt 0.446064 0.619714
vt 0.385313 0.547351
vt 0.352482 0.563520
vt 0.359160 0.529731
vt 0.464325 0.486235
vt 0.457470 0.487809
vt 0.464543 0.488425
vt 0.476636 0.489885
vt 0.471561 0.492677
vt 0.465140 0.491720
vt 0.472613 0.495207
vt 0.468982 0.494881
vt 0.463825 0.496995
vt 0.478885 0.495649
vt 0.563637 0.542401
vt 0.459297 0.492446
vt 0.562473 0.539201
vt 0.831366 0.171668
vt 0.463772 0.495682
vt 0.460865 0.500391
vt 0.471791 0.506063
vt 0.447030 0.488147
vt 0.432569 0.559696
vt 0.436545 0.567102
vt 0.377910 0.506431
vt 0.432991 0.568973
vt 0.480921 0.608407
vt 0.364046 0.507213
vt 0.370454 0.507470
vt 0.455872 0.496482
vt 0.449246 0.493777
vt 0.454913 0.498694
vt 0.449565 0.499042
vt 0.438853 0.494399
vt 0.471861 0.511837
vt 0.414753 0.582420
vt 0.416506 0.579032
vt 0.417241 0.580982
vt 0.413958 0.580188
vt 0.560767 0.431708
vt 0.416705 0.583726
vt 0.414777 0.585459
vt 0.412483 0.582056
vt 0.417885 0.585559
vt 0.418345 0.590409
vt 0.568424 0.432298
vt 0.565668 0.431709
vt 0.577652 0.546830
vt 0.572458 0.432612
vt 0.578531 0.542402
vt 0.571094 0.437094
vt 0.578429 0.540979
vt 0.570105 0.437949
vt 0.407423 0.567000
vt 0.554686 0.436868
vt 0.552537 0.437503
vt 0.843118 0.164652
vt 0.843785 0.166855
vt 0.555061 0.438821
vt 0.839062 0.171719
vt 0.558047 0.445335
vt 0.564319 0.534824
vt 0.836009 0.173195
vt 0.558481 0.448588
vt 0.560462 0.445354
vt 0.568034 0.534870
vt 0.559605 0.441733
vt 0.415364 0.566750
vt 0.421329 0.569645
vt 0.414614 0.570865
vt 0.417858 0.575339
vt 0.413022 0.573989
vt 0.575581 0.545264
vt 0.417470 0.563271
vt 0.415269 0.564213
vt 0.414460 0.560823
vt 0.417883 0.559955
vt 0.571287 0.543848
vt 0.410764 0.569236
vt 0.574069 0.541528
vt 0.577477 0.541883
vt 0.410439 0.571384
vt 0.410264 0.575797
vt 0.574962 0.538706
vt 0.566673 0.440475
vt 0.408647 0.575066
vt 0.410728 0.578800
vt 0.570043 0.538074
vt 0.408755 0.578178
vt 0.415195 0.592156
vt 0.566416 0.536642
vt 0.571531 0.536553
vt 0.563864 0.443608
vt 0.406193 0.571668
vt 0.402267 0.572773
vt 0.370122 0.571970
vt 0.406323 0.574147
vt 0.348933 0.535987
vt 0.342885 0.529480
vt 0.485629 0.471600
vt 0.481333 0.467540
vt 0.443373 0.514691
vt 0.478277 0.471168
vt 0.427874 0.550586
vt 0.469089 0.524593
vt 0.480291 0.480326
vt 0.485279 0.479635
vt 0.387169 0.576776
vt 0.236502 0.652697
vt 0.235491 0.661886
vt 0.395851 0.579713
vt 0.477361 0.479380
vt 0.485687 0.483555
vt 0.486195 0.488124
vt 0.483407 0.488694
vt 0.344679 0.542901
vt 0.482819 0.494109
vt 0.479379 0.486076
vt 0.340112 0.540403
vt 0.341501 0.551935
vt 0.229928 0.641878
vt 0.226563 0.648316
vt 0.480500 0.489347
vt 0.472566 0.485665
vt 0.346456 0.559124
vt 0.348162 0.515786
vt 0.479338 0.493124
vt 0.236107 0.643560
vt 0.377863 0.575504
vt 0.238794 0.636346
vt 0.416946 0.512010
vt 0.342406 0.520474
vt 0.495679 0.492438
vt 0.489202 0.502426
vt 0.491713 0.515165
vt 0.337403 0.522174
vt 0.486873 0.507464
vt 0.360357 0.569950
vt 0.241631 0.628646
vt 0.489239 0.495090
vt 0.484931 0.498832
vt 0.230758 0.632716
vt 0.236181 0.629187
vt 0.483665 0.504605
vt 0.481596 0.500046
vt 0.330842 0.531575
vt 0.230838 0.627501
vt 0.234098 0.625900
vt 0.238680 0.626203
vt 0.245252 0.624106
vt 0.354218 0.569117
vt 0.223992 0.629525
vt 0.432200 0.571757
vt 0.431218 0.574739
vt 0.227511 0.627261
vt 0.215571 0.621437
vt 0.457417 0.638064
vt 0.451670 0.636472
vt 0.465827 0.639891
vt 0.487031 0.632888
vt 0.478389 0.639796
vt 0.464609 0.647398
vt 0.421866 0.549520
vt 0.457853 0.643358
vt 0.461438 0.648063
vt 0.442508 0.629862
vt 0.444975 0.635190
vt 0.441907 0.637191
vt 0.438557 0.639845
vt 0.185862 0.696706
vt 0.437536 0.633031
vt 0.193126 0.694340
vt 0.176126 0.690032
vt 0.455934 0.644399
vt 0.482767 0.771353
vt 0.459137 0.648156
vt 0.486475 0.771632
vt 0.461438 0.651092
vt 0.484178 0.772594
vt 0.481858 0.776557
vt 0.457569 0.653488
vt 0.457666 0.650097
vt 0.481373 0.773520
vt 0.453996 0.646808
vt 0.486633 0.774603
vt 0.417852 0.553311
vt 0.485470 0.778532
vt 0.518261 0.620191
vt 0.491210 0.783921
vt 0.482245 0.780834
vt 0.492101 0.778825
vt 0.516144 0.623315
vt 0.514234 0.614472
vt 0.422113 0.559751
vt 0.422544 0.556736
vt 0.423429 0.560920
vt 0.450700 0.641679
vt 0.445888 0.638780
vt 0.450385 0.639067
vt 0.449228 0.645973
vt 0.425853 0.566574
vt 0.430665 0.565943
vt 0.428697 0.568445
vt 0.427470 0.560607
vt 0.446402 0.646122
vt 0.444601 0.640012
vt 0.443020 0.641248
vt 0.441969 0.646734
vt 0.420914 0.565119
vt 0.422719 0.565468
vt 0.437128 0.644760
vt 0.439402 0.641830
vt 0.513729 0.627221
vt 0.512411 0.618429
vt 0.517273 0.632268
vt 0.519846 0.636904
vt 0.175287 0.679261
vt 0.194133 0.679913
vt 0.513684 0.633887
vt 0.485357 0.798051
vt 0.483976 0.799188
vt 0.433296 0.656378
vt 0.483956 0.797428
vt 0.485210 0.794997
vt 0.430141 0.653317
vt 0.488172 0.800525
vt 0.432868 0.650156
vt 0.516736 0.637536
vt 0.513886 0.638070
vt 0.510901 0.628243
vt 0.488657 0.791145
vt 0.493416 0.794629
vt 0.487238 0.794465
vt 0.491099 0.799851
vt 0.503144 0.635507
vt 0.502403 0.627814
vt 0.496303 0.790683
vt 0.495679 0.795537
vt 0.428592 0.651071
vt 0.490007 0.801524
vt 0.170604 0.694803
vt 0.492761 0.800397
vt 0.495625 0.800581
vt 0.498830 0.797117
vt 0.437350 0.648205
vt 0.179607 0.695258
vt 0.433924 0.643668
vt 0.439226 0.651715
vt 0.521525 0.641014
vt 0.429820 0.648303
vt 0.173518 0.693987
vt 0.524965 0.655940
vt 0.523644 0.648341
vt 0.520536 0.643891
vt 0.521053 0.649558
vt 0.172392 0.690052
vt 0.170146 0.686847
vt 0.491402 0.807544
vt 0.490921 0.524416
vt 0.490607 0.529690
vt 0.492039 0.803170
vt 0.169467 0.691387
vt 0.517111 0.646407
vt 0.509874 0.620797
vt 0.509289 0.614419
vt 0.487580 0.515244
vt 0.484803 0.510800
vt 0.165920 0.675064
vt 0.495019 0.818984
vt 0.483861 0.515871
vt 0.481867 0.509693
vt 0.500099 0.803773
vt 0.491277 0.647981
vt 0.520289 0.654118
vt 0.522791 0.657210
vt 0.431905 0.593671
vt 0.428707 0.591989
vt 0.512929 0.661785
vt 0.422047 0.587834
vt 0.424286 0.590601
vt 0.424043 0.586778
vt 0.425295 0.593342
vt 0.420137 0.594018
vt 0.425417 0.595076
vt 0.234434 0.682257
vt 0.487787 0.521952
vt 0.234656 0.676578
vt 0.227240 0.685399
vt 0.429690 0.599896
vt 0.486808 0.526919
vt 0.439273 0.616664
vt 0.436617 0.604750
vt 0.434168 0.597735
vt 0.476242 0.645262
vt 0.214768 0.686633
vt 0.430858 0.611783
vt 0.506943 0.592797
vt 0.504476 0.593496
vt 0.204664 0.690050
vt 0.434157 0.621786
vt 0.502850 0.596027
vt 0.510762 0.599423
vt 0.508145 0.600339
vt 0.511127 0.606134
vt 0.506627 0.605744
vt 0.510521 0.610789
vt 0.238005 0.676548
vt 0.418813 0.595580
vt 0.414778 0.594671
vt 0.407144 0.577720
vt 0.240884 0.673671
vt 0.239763 0.671677
vt 0.405412 0.577776
vt 0.239185 0.668381
vt 0.402586 0.577531
vt 0.505107 0.677451
vt 0.477404 0.666235
vt 0.502779 0.759363
vt 0.511685 0.748182
vt 0.489693 0.674972
vt 0.213546 0.649503
vt 0.202450 0.644003
vt 0.515095 0.775725
vt 0.466206 0.652802
vt 0.488964 0.767824
vt 0.532060 0.771705
vt 0.480304 0.560756
vt 0.490829 0.775759
vt 0.495047 0.776242
vt 0.496176 0.779784
vt 0.504062 0.779346
vt 0.164982 0.645475
vt 0.509679 0.782669
vt 0.507834 0.789478
vt 0.437948 0.489458
vt 0.429526 0.490262
vt 0.546181 0.783600
vt 0.535210 0.777373
vt 0.430414 0.495373
vt 0.433428 0.497021
vt 0.441421 0.498524
vt 0.441195 0.500702
vt 0.495625 0.783945
vt 0.433685 0.500814
vt 0.495762 0.786474
vt 0.500675 0.783842
vt 0.498872 0.787049
vt 0.500352 0.789771
vt 0.417839 0.491283
vt 0.424084 0.496439
vt 0.427865 0.500079
vt 0.418917 0.495727
vt 0.421023 0.500747
vt 0.419790 0.504173
vt 0.412902 0.493555
vt 0.416955 0.499894
vt 0.414512 0.496861
vt 0.415377 0.503392
vt 0.544143 0.764993
vt 0.411974 0.490111
vt 0.539672 0.772683
vt 0.408137 0.495169
vt 0.413517 0.499428
vt 0.409788 0.502650
vt 0.408624 0.500921
vt 0.544857 0.775134
vt 0.548492 0.768992
vt 0.399537 0.495339
vt 0.551173 0.774690
vt 0.399516 0.500169
vt 0.399661 0.504639
vt 0.413272 0.508752
vt 0.394263 0.499432
vt 0.420085 0.575855
vt 0.423698 0.573822
vt 0.424147 0.577543
vt 0.422202 0.579948
vt 0.419285 0.578964
vt 0.425673 0.576047
vt 0.427328 0.580284
vt 0.425144 0.582299
vt 0.424653 0.584324
vt 0.421492 0.583789
vt 0.418568 0.583119
vt 0.558820 0.434537
vt 0.419898 0.584449
vt 0.563469 0.435004
vt 0.563767 0.439089
vt 0.421329 0.572975
vt 0.558187 0.436914
vt 0.449156 0.651443
vt 0.452313 0.650594
vt 0.452866 0.653836
vt 0.455257 0.655635
vt 0.479711 0.778561
vt 0.450508 0.655336
vt 0.449130 0.653068
vt 0.448012 0.654035
vt 0.479386 0.783398
vt 0.450708 0.658922
vt 0.480504 0.780950
vt 0.478567 0.781196
vt 0.452712 0.657456
vt 0.481744 0.783294
vt 0.445405 0.652582
vt 0.446119 0.657520
vt 0.478780 0.787776
vt 0.482373 0.786203
vt 0.445225 0.649672
vt 0.442642 0.652777
vt 0.477788 0.790909
vt 0.443474 0.655118
vt 0.440956 0.651139
vt 0.485524 0.784106
vt 0.485180 0.785600
vt 0.430044 0.573126
vt 0.429523 0.571063
vt 0.426275 0.571090
vt 0.428378 0.573635
vt 0.429592 0.576362
vt 0.429679 0.578984
vt 0.483505 0.789242
vt 0.484610 0.793115
vt 0.480302 0.792687
vt 0.440819 0.656834
vt 0.486130 0.791904
vt 0.439139 0.653806
vt 0.436970 0.656796
vt 0.481850 0.795843
vt 0.486934 0.785687
vt 0.486719 0.789006
vt 0.488815 0.786098
vt 0.422568 0.569558
vt 0.427786 0.582723
vt 0.428317 0.584491
vt 0.090433 0.387076
vt 0.087320 0.382762
vt 0.121460 0.371897
vt 0.119264 0.367712
vt 0.087005 0.389748
vt 0.113282 0.371334
vt 0.094979 0.383344
vt 0.099033 0.385227
vt 0.034879 0.370364
vt 0.029383 0.368867
vt 0.032243 0.366763
vt 0.031313 0.375851
vt 0.096560 0.389339
vt 0.033958 0.374261
vt 0.174335 0.322484
vt 0.168535 0.324915
vt 0.171176 0.320762
vt 0.108677 0.369308
vt 0.109908 0.375888
vt 0.174991 0.325927
vt 0.101870 0.391111
vt 0.802266 0.890703
vt 0.092720 0.393350
vt 0.120873 0.376799
vt 0.164428 0.325090
vt 0.165991 0.319677
vt 0.800163 0.895700
vt 0.036421 0.377629
vt 0.167572 0.329140
vt 0.796382 0.896599
vt 0.122419 0.381032
vt 0.796375 0.890240
vt 0.129533 0.372237
vt 0.134544 0.366844
vt 0.133338 0.375073
vt 0.171297 0.329354
vt 0.067515 0.368299
vt 0.069415 0.373619
vt 0.138626 0.371051
vt 0.074165 0.368882
vt 0.073513 0.374763
vt 0.089191 0.392659
vt 0.784260 0.942217
vt 0.085146 0.392471
vt 0.069449 0.377846
vt 0.097081 0.393941
vt 0.062456 0.373900
vt 0.130407 0.377256
vt 0.134406 0.334192
vt 0.131116 0.333846
vt 0.135948 0.332146
vt 0.152523 0.328641
vt 0.151474 0.323798
vt 0.155562 0.327864
vt 0.155457 0.322878
vt 0.159143 0.327408
vt 0.161103 0.325354
vt 0.124301 0.375250
vt 0.138454 0.374948
vt 0.050993 0.360425
vt 0.047695 0.360890
vt 0.044354 0.359295
vt 0.044262 0.361812
vt 0.049591 0.362812
vt 0.163454 0.330177
vt 0.780300 0.945605
vt 0.088707 0.396592
vt 0.046885 0.363793
vt 0.136959 0.379447
vt 0.778263 0.950068
vt 0.093393 0.398835
vt 0.052543 0.363225
vt 0.158339 0.330204
vt 0.054791 0.367662
vt 0.129038 0.381257
vt 0.048082 0.368378
vt 0.154267 0.331497
vt 0.157575 0.332948
vt 0.083444 0.386379
vt 0.060668 0.364265
vt 0.080772 0.391654
vt 0.784908 0.937976
vt 0.781092 0.939805
vt 0.162297 0.333609
vt 0.787450 0.925933
vt 0.067970 0.388941
vt 0.065713 0.384473
vt 0.786171 0.929223
vt 0.071474 0.390183
vt 0.052130 0.372281
vt 0.140814 0.328574
vt 0.146007 0.326734
vt 0.144739 0.330732
vt 0.138268 0.386328
vt 0.133700 0.386715
vt 0.784905 0.934100
vt 0.076664 0.391514
vt 0.777766 0.934599
vt 0.129776 0.386672
vt 0.148847 0.328614
vt 0.149097 0.330801
vt 0.151583 0.331840
vt 0.046826 0.374536
vt 0.059257 0.376026
vt 0.148827 0.333520
vt 0.777129 0.925993
vt 0.152008 0.334578
vt 0.047567 0.377944
vt 0.050190 0.380561
vt 0.112957 0.379963
vt 0.144928 0.333894
vt 0.109447 0.380849
vt 0.043569 0.364673
vt 0.103455 0.382264
vt 0.041010 0.369642
vt 0.775290 0.929487
vt 0.137608 0.335770
vt 0.043404 0.372565
vt 0.776023 0.946563
vt 0.775003 0.949088
vt 0.132047 0.337548
vt 0.771378 0.946709
vt 0.775011 0.942286
vt 0.137119 0.340535
vt 0.112944 0.391548
vt 0.149876 0.338775
vt 0.108813 0.388366
vt 0.105666 0.391658
vt 0.154167 0.336034
vt 0.769423 0.936780
vt 0.121857 0.387038
vt 0.060433 0.382226
vt 0.057902 0.378950
vt 0.158560 0.339022
vt 0.055556 0.379284
vt 0.769435 0.930857
vt 0.126580 0.390059
vt 0.768708 0.940755
vt 0.159401 0.343832
vt 0.164806 0.344462
vt 0.066721 0.382013
vt 0.767865 0.946373
vt 0.764486 0.937482
vt 0.764748 0.943030
vt 0.153592 0.340729
vt 0.071285 0.384567
vt 0.156527 0.343607
vt 0.133652 0.396932
vt 0.789738 0.921688
vt 0.063506 0.386751
vt 0.135563 0.394488
vt 0.797390 0.899259
vt 0.040136 0.380170
vt 0.794030 0.902588
vt 0.043681 0.383314
vt 0.780984 0.919592
vt 0.123583 0.397457
vt 0.154464 0.347550
vt 0.159985 0.347944
vt 0.775396 0.919524
vt 0.132149 0.400473
vt 0.773994 0.923815
vt 0.783490 0.916046
vt 0.129232 0.336141
vt 0.125498 0.332148
vt 0.776315 0.914306
vt 0.047237 0.385402
vt 0.791746 0.905958
vt 0.112079 0.334826
vt 0.109800 0.339643
vt 0.106693 0.338612
vt 0.051782 0.386087
vt 0.790819 0.910365
vt 0.122304 0.337663
vt 0.116668 0.397918
vt 0.769865 0.927600
vt 0.794221 0.894869
vt 0.127356 0.338759
vt 0.789828 0.891899
vt 0.130985 0.341786
vt 0.789563 0.894619
vt 0.101243 0.397865
vt 0.117130 0.335573
vt 0.116858 0.339301
vt 0.113450 0.339216
vt 0.785796 0.909230
vt 0.118266 0.342024
vt 0.108772 0.397868
vt 0.113260 0.342573
vt 0.097951 0.399094
vt 0.785767 0.901443
vt 0.110054 0.409410
vt 0.121916 0.345910
vt 0.128605 0.346231
vt 0.100567 0.402497
vt 0.105635 0.406158
vt 0.058819 0.386747
vt 0.789879 0.917107
vt 0.056435 0.387840
vt 0.788866 0.914766
vt 0.097706 0.403782
vt 0.095437 0.401213
vt 0.776070 0.952551
vt 0.126617 0.403954
vt 0.095445 0.403428
vt 0.773840 0.953784
vt 0.122833 0.407061
vt 0.101945 0.343249
vt 0.098511 0.341267
vt 0.773619 0.950914
vt 0.769301 0.949574
vt 0.108194 0.342351
vt 0.105160 0.408348
vt 0.099974 0.405834
vt 0.102618 0.346224
vt 0.108573 0.346855
vt 0.765718 0.947484
vt 0.768045 0.951737
vt 0.762409 0.949584
vt 0.094891 0.345230
vt 0.090365 0.343814
vt 0.094230 0.340336
vt 0.098354 0.347850
vt 0.764392 0.932566
vt 0.113734 0.406363
vt 0.096047 0.349531
vt 0.102268 0.352961
vt 0.759112 0.941306
vt 0.113151 0.410036
vt 0.118165 0.350284
vt 0.756260 0.934516
vt 0.125312 0.352322
vt 0.119836 0.411138
vt 0.122552 0.411440
vt 0.116186 0.413742
vt 0.759393 0.929730
vt 0.117620 0.356250
vt 0.756152 0.938593
vt 0.753917 0.936610
vt 0.754412 0.941172
vt 0.778525 0.899433
vt 0.752458 0.930331
vt 0.782006 0.893288
vt 0.103294 0.411487
vt 0.108643 0.412173
vt 0.750960 0.936243
vt 0.108573 0.415536
vt 0.750355 0.931308
vt 0.747805 0.928181
vt 0.748008 0.936958
vt 0.120126 0.416345
vt 0.773687 0.896837
vt 0.110548 0.352272
vt 0.118157 0.419100
vt 0.114070 0.416913
vt 0.775183 0.891885
vt 0.770497 0.920426
vt 0.776304 0.908451
vt 0.769463 0.916219
vt 0.111167 0.418305
vt 0.115154 0.423178
vt 0.111271 0.357837
vt 0.106952 0.355608
vt 0.769903 0.911691
vt 0.105998 0.422983
vt 0.108125 0.423088
vt 0.106827 0.425948
vt 0.111652 0.423121
vt 0.107998 0.420927
vt 0.109806 0.427839
vt 0.105838 0.429654
vt 0.102901 0.425494
vt 0.116529 0.361753
vt 0.765775 0.924656
vt 0.116373 0.433444
vt 0.109361 0.432138
vt 0.078680 0.351726
vt 0.076673 0.345776
vt 0.081066 0.350584
vt 0.088948 0.347653
vt 0.084572 0.348741
vt 0.083508 0.345443
vt 0.762187 0.913648
vt 0.771973 0.901518
vt 0.088202 0.350878
vt 0.138455 0.348468
vt 0.763492 0.919434
vt 0.768212 0.898239
vt 0.761141 0.923340
vt 0.769838 0.907256
vt 0.079042 0.354843
vt 0.083004 0.354854
vt 0.758488 0.914940
vt 0.758630 0.920088
vt 0.133028 0.347824
vt 0.080542 0.357393
vt 0.766457 0.901667
vt 0.080899 0.361460
vt 0.075099 0.352543
vt 0.073953 0.349081
vt 0.069967 0.352529
vt 0.768217 0.891170
vt 0.073589 0.355227
vt 0.069416 0.355618
vt 0.139578 0.361400
vt 0.151573 0.351565
vt 0.077852 0.357839
vt 0.759081 0.893875
vt 0.753612 0.925671
vt 0.158416 0.350825
vt 0.074502 0.362650
vt 0.761787 0.909561
vt 0.066607 0.354058
vt 0.062304 0.355692
vt 0.063684 0.350445
vt 0.067016 0.357611
vt 0.153411 0.357425
vt 0.149693 0.355100
vt 0.064052 0.360291
vt 0.751968 0.921718
vt 0.146111 0.346676
vt 0.759702 0.904888
vt 0.752622 0.916974
vt 0.068842 0.362504
vt 0.753380 0.898912
vt 0.748002 0.916420
vt 0.746117 0.911889
vt 0.750237 0.914553
vt 0.146655 0.356055
vt 0.142998 0.354701
vt 0.026831 0.365211
vt 0.022609 0.368112
vt 0.019135 0.364377
vt 0.755270 0.908678
vt 0.018606 0.369195
vt 0.809595 0.877839
vt 0.809596 0.873984
vt 0.014990 0.369054
vt 0.626012 0.010492
vt 0.013353 0.366238
vt 0.079507 0.365526
vt 0.021272 0.370966
vt 0.807752 0.880673
vt 0.806947 0.873633
vt 0.805876 0.876529
vt 0.802918 0.874077
vt 0.752095 0.911290
vt 0.801941 0.878792
vt 0.748745 0.907499
vt 0.148394 0.359900
vt 0.798229 0.877218
vt 0.794318 0.875256
vt 0.152830 0.362320
vt 0.028827 0.366657
vt 0.026782 0.369140
vt 0.131946 0.353486
vt 0.024504 0.370170
vt 0.028147 0.374355
vt 0.803953 0.887605
vt 0.804453 0.883844
vt 0.024398 0.374066
vt 0.145068 0.361718
vt 0.060546 0.359445
vt 0.799794 0.885359
vt 0.141446 0.366452
vt 0.054504 0.357960
vt 0.749922 0.924947
vt 0.150675 0.365404
vt 0.056324 0.360560
vt 0.147311 0.367922
vt 0.798413 0.881013
vt 0.747650 0.921173
vt 0.746039 0.923311
vt 0.146478 0.373422
vt 0.792614 0.883198
vt 0.744697 0.917240
vt 0.791549 0.886924
vt 0.092562 0.348908
vt 0.801561 0.871608
vt 0.739861 0.916616
vt 0.742548 0.936532
vt 0.741660 0.928236
vt 0.792366 0.879864
vt 0.738514 0.923085
vt 0.095806 0.357134
vt 0.790041 0.876856
vt 0.091017 0.358250
vt 0.762123 0.946080
vt 0.761259 0.947683
vt 0.753134 0.947860
vt 0.754860 0.945087
vt 0.755825 0.949135
vt 0.753220 0.950614
vt 0.749726 0.946185
vt 0.748907 0.950265
vt 0.087208 0.357605
vt 0.745720 0.949320
vt 0.745564 0.952685
vt 0.743566 0.952075
vt 0.785317 0.883152
vt 0.758674 0.945836
vt 0.787612 0.879361
vt 0.788970 0.873741
vt 0.752512 0.942631
vt 0.084437 0.363697
vt 0.088746 0.363427
vt 0.124385 0.359886
vt 0.751339 0.939979
vt 0.782352 0.879973
vt 0.783770 0.877412
vt 0.129045 0.364550
vt 0.747576 0.943820
vt 0.779311 0.881999
vt 0.777967 0.876807
vt 0.120832 0.360751
vt 0.094002 0.367125
vt 0.102030 0.368099
vt 0.783713 0.887655
vt 0.106444 0.432043
vt 0.107637 0.434445
vt 0.105208 0.360757
vt 0.102913 0.434447
vt 0.741046 0.959716
vt 0.101845 0.431882
vt 0.742991 0.961362
vt 0.744669 0.959487
vt 0.744001 0.956564
vt 0.739115 0.957182
vt 0.743026 0.954844
vt 0.774724 0.886359
vt 0.084107 0.367841
vt 0.088613 0.367850
vt 0.739336 0.953348
vt 0.111814 0.436507
vt 0.108121 0.438756
vt 0.105204 0.437727
vt 0.737343 0.961315
vt 0.103946 0.439824
vt 0.735604 0.959879
vt 0.088806 0.372526
vt 0.085889 0.371562
vt 0.732895 0.962497
vt 0.106770 0.442341
vt 0.091345 0.375960
vt 0.739836 0.949495
vt 0.774632 0.882783
vt 0.775215 0.880084
vt 0.744691 0.942017
vt 0.081419 0.373693
vt 0.085842 0.375642
vt 0.771165 0.882216
vt 0.770265 0.886081
vt 0.088335 0.379182
vt 0.082709 0.377698
vt 0.737390 0.940425
vt 0.761794 0.888891
vt 0.767759 0.880519
vt 0.732698 0.945055
vt 0.767140 0.884974
vt 0.738468 0.930715
vt 0.734793 0.937585
vt 0.763754 0.883620
vt 0.762676 0.880479
vt 0.762735 0.886431
vt 0.734256 0.932495
vt 0.100908 0.370436
vt 0.101886 0.375537
vt 0.730870 0.941612
vt 0.095466 0.378100
vt 0.756949 0.889146
vt 0.734332 0.956339
vt 0.082766 0.381880
vt 0.731949 0.948741
vt 0.091160 0.382071
vt 0.072940 0.379650
vt 0.731123 0.960064
vt 0.074498 0.383060
vt 0.144608 0.380191
vt 0.731571 0.954475
vt 0.729115 0.957363
vt 0.728211 0.952758
vt 0.078524 0.387106
vt 0.036405 0.363459
vt 0.040259 0.361505
vt 0.724387 0.948495
vt 0.721654 0.954741
vt 0.030598 0.363933
vt 0.032594 0.360024
vt 0.024439 0.361327
vt 0.036243 0.366606
vt 0.661963 0.104232
vt 0.657321 0.106045
vt 0.659446 0.099267
vt 0.415914 0.195654
vt 0.646786 0.095837
vt 0.652583 0.094725
vt 0.650512 0.106765
vt 0.655407 0.093735
vt 0.655269 0.100203
vt 0.390527 0.206038
vt 0.650346 0.089700
vt 0.063632 0.327566
vt 0.044237 0.320395
vt 0.592760 0.054404
vt 0.658241 0.092621
vt 0.053190 0.344788
vt 0.661731 0.092579
vt 0.651944 0.088407
vt 0.413315 0.180036
vt 0.633558 0.083238
vt 0.646806 0.089072
vt 0.631178 0.095753
vt 0.644180 0.080779
vt 0.065429 0.309214
vt 0.075490 0.313518
vt 0.081817 0.332018
vt 0.071184 0.325793
vt 0.641254 0.076015
vt 0.648471 0.079066
vt 0.645942 0.074069
vt 0.384041 0.200813
vt 0.391092 0.185480
vt 0.086888 0.319639
vt 0.630301 0.073084
vt 0.034074 0.351486
vt 0.614734 0.024766
vt 0.023507 0.351264
vt 0.033590 0.338496
vt 0.604147 0.037011
vt 0.630929 0.033596
vt 0.656430 0.082905
vt 0.651009 0.082831
vt 0.376969 0.195747
vt 0.660509 0.089482
vt 0.042128 0.352006
vt 0.663774 0.085563
vt 0.658062 0.080706
vt 0.075420 0.343208
vt 0.662267 0.079249
vt 0.430844 0.177469
vt 0.653443 0.078641
vt 0.652058 0.074631
vt 0.654660 0.074999
vt 0.660063 0.074078
vt 0.068564 0.343494
vt 0.666759 0.072495
vt 0.090678 0.336067
vt 0.083806 0.340511
vt 0.622575 0.066768
vt 0.435487 0.171628
vt 0.445915 0.169973
vt 0.439261 0.169439
vt 0.428794 0.172453
vt 0.425196 0.177588
vt 0.430965 0.169525
vt 0.422625 0.167891
vt 0.034725 0.356498
vt 0.622811 0.051099
vt 0.433925 0.168435
vt 0.435746 0.164685
vt 0.036963 0.357689
vt 0.441972 0.167981
vt 0.432743 0.166215
vt 0.429127 0.163138
vt 0.635288 0.051123
vt 0.026107 0.358531
vt 0.432204 0.163207
vt 0.438505 0.160452
vt 0.425409 0.159511
vt 0.647564 0.072346
vt 0.644035 0.065427
vt 0.427644 0.157515
vt 0.434101 0.157211
vt 0.645931 0.066967
vt 0.427673 0.152401
vt 0.135642 0.265922
vt 0.642243 0.057839
vt 0.637485 0.059424
vt 0.108586 0.293963
vt 0.135708 0.300161
vt 0.618455 0.018649
vt 0.020091 0.357575
vt 0.644094 0.058207
vt 0.651264 0.061620
vt 0.652486 0.068118
vt 0.627360 0.020416
vt 0.130264 0.282653
vt 0.625801 0.014026
vt 0.016289 0.363453
vt 0.622640 0.012994
vt 0.629634 0.012603
vt 0.632895 0.017278
vt 0.657571 0.068043
vt 0.141536 0.319534
vt 0.104181 0.328991
vt 0.655409 0.052473
vt 0.665829 0.054012
vt 0.641076 0.050668
vt 0.643373 0.050832
vt 0.648292 0.050905
vt 0.128216 0.324810
vt 0.112062 0.330162
vt 0.638628 0.040465
vt 0.652727 0.032933
vt 0.787878 0.843459
vt 0.644300 0.035224
vt 0.642885 0.019635
vt 0.641280 0.044505
vt 0.649339 0.038814
vt 0.647018 0.044000
vt 0.664966 0.032464
vt 0.775396 0.844005
vt 0.124564 0.330015
vt 0.782274 0.855662
vt 0.196227 0.294636
vt 0.364334 0.168817
vt 0.180717 0.286444
vt 0.381281 0.166367
vt 0.770438 0.872705
vt 0.154322 0.292421
vt 0.504481 0.143165
vt 0.758237 0.839062
vt 0.104966 0.334814
vt 0.102609 0.337413
vt 0.793513 0.854377
vt 0.647496 0.021899
vt 0.140823 0.274563
vt 0.417596 0.151387
vt 0.149033 0.275265
vt 0.411607 0.156285
vt 0.425810 0.152148
vt 0.135424 0.267717
vt 0.423553 0.152035
vt 0.136839 0.269709
vt 0.132238 0.268405
vt 0.133673 0.265812
vt 0.786909 0.866219
vt 0.802343 0.865411
vt 0.798177 0.856483
vt 0.806267 0.860076
vt 0.634862 0.016376
vt 0.796313 0.867044
vt 0.138979 0.281356
vt 0.097914 0.336355
vt 0.135558 0.272496
vt 0.537755 0.131736
vt 0.129607 0.272242
vt 0.142973 0.292973
vt 0.105487 0.256991
vt 0.514063 0.128820
vt 0.506179 0.133109
vt 0.111680 0.252195
vt 0.110095 0.260678
vt 0.163147 0.278388
vt 0.399591 0.162468
vt 0.777731 0.870795
vt 0.564017 0.131294
vt 0.808093 0.864998
vt 0.632429 0.011845
vt 0.009507 0.368573
vt 0.630596 0.009507
vt 0.808728 0.868069
vt 0.805401 0.867452
vt 0.588326 0.129886
vt 0.574730 0.136937
vt 0.804193 0.869359
vt 0.581953 0.119373
vt 0.567435 0.126518
vt 0.801395 0.867609
vt 0.178127 0.308447
vt 0.794303 0.870455
vt 0.181887 0.312336
vt 0.190257 0.307674
vt 0.785642 0.870749
vt 0.168553 0.314440
vt 0.176314 0.315094
vt 0.180709 0.315489
vt 0.781905 0.873873
vt 0.176016 0.317281
vt 0.170469 0.317848
vt 0.179864 0.321567
vt 0.589175 0.098770
vt 0.591810 0.093467
vt 0.592672 0.098401
vt 0.596432 0.096750
vt 0.594677 0.091513
vt 0.590269 0.091411
vt 0.592871 0.086875
vt 0.588610 0.088454
vt 0.775586 0.874686
vt 0.601545 0.090113
vt 0.147305 0.314332
vt 0.772620 0.876269
vt 0.610128 0.084054
vt 0.586604 0.098326
vt 0.585946 0.094056
vt 0.585591 0.091137
vt 0.583287 0.093959
vt 0.764470 0.877883
vt 0.764020 0.875754
vt 0.584211 0.086708
vt 0.098496 0.264606
vt 0.117489 0.266691
vt 0.580034 0.085700
vt 0.580827 0.090555
vt 0.529782 0.123281
vt 0.089784 0.261624
vt 0.586784 0.083891
vt 0.591525 0.074134
vt 0.044725 0.300216
vt 0.087237 0.274914
vt 0.606809 0.078132
vt 0.082932 0.269600
vt 0.150423 0.306143
vt 0.075842 0.294541
vt 0.556682 0.118453
vt 0.153461 0.317963
vt 0.096030 0.407435
vt 0.094317 0.405705
vt 0.771235 0.955003
vt 0.149398 0.321177
vt 0.158522 0.319248
vt 0.565914 0.119803
vt 0.580960 0.112993
vt 0.766921 0.956048
vt 0.761724 0.954604
vt 0.581560 0.110631
vt 0.583556 0.110064
vt 0.579679 0.110127
vt 0.565087 0.116183
vt 0.059064 0.257855
vt 0.558498 0.115547
vt 0.063740 0.262366
vt 0.164313 0.317480
vt 0.554202 0.115015
vt 0.066601 0.265351
vt 0.066299 0.267508
vt 0.062266 0.263895
vt 0.057107 0.258401
vt 0.579910 0.108451
vt 0.161022 0.321214
vt 0.056710 0.263448
vt 0.059543 0.266455
vt 0.076938 0.266231
vt 0.542600 0.117714
vt 0.145248 0.323989
vt 0.138806 0.324873
vt 0.131866 0.328100
vt 0.140132 0.326757
vt 0.133986 0.329240
vt 0.074703 0.276922
vt 0.074547 0.271378
vt 0.070627 0.270803
vt 0.070456 0.272700
vt 0.070936 0.277124
vt 0.759303 0.951773
vt 0.760502 0.956070
vt 0.757528 0.954050
vt 0.755070 0.953359
vt 0.755400 0.957101
vt 0.753521 0.955095
vt 0.067933 0.277937
vt 0.749270 0.954434
vt 0.749589 0.957510
vt 0.066355 0.271542
vt 0.746651 0.961624
vt 0.066372 0.273946
vt 0.062393 0.270659
vt 0.064424 0.275349
vt 0.059392 0.277109
vt 0.060484 0.272895
vt 0.066403 0.283310
vt 0.064098 0.281553
vt 0.058419 0.280730
vt 0.495559 0.147801
vt 0.454275 0.172109
vt 0.498698 0.146089
vt 0.595553 0.150734
vt 0.600280 0.147349
vt 0.116053 0.238181
vt 0.452418 0.168553
vt 0.495465 0.143503
vt 0.100499 0.415194
vt 0.097884 0.417430
vt 0.093923 0.414817
vt 0.095761 0.412382
vt 0.448983 0.167413
vt 0.451979 0.165493
vt 0.118456 0.240833
vt 0.450975 0.164431
vt 0.638017 0.149794
vt 0.448425 0.164764
vt 0.770149 0.956559
vt 0.092989 0.406984
vt 0.092284 0.412964
vt 0.500450 0.141567
vt 0.113014 0.242521
vt 0.089139 0.408793
vt 0.767669 0.959175
vt 0.764558 0.960008
vt 0.116420 0.243856
vt 0.101906 0.417672
vt 0.114795 0.248728
vt 0.104115 0.414261
vt 0.105613 0.417969
vt 0.596153 0.133951
vt 0.611772 0.121654
vt 0.122107 0.242223
vt 0.451623 0.161856
vt 0.124474 0.245163
vt 0.115956 0.251042
vt 0.119603 0.249295
vt 0.098602 0.423653
vt 0.102223 0.422649
vt 0.113578 0.255105
vt 0.762086 0.960091
vt 0.113146 0.258502
vt 0.116794 0.256463
vt 0.760292 0.961046
vt 0.118922 0.253731
vt 0.749454 0.961080
vt 0.752685 0.966879
vt 0.748141 0.964817
vt 0.753722 0.962088
vt 0.597036 0.123952
vt 0.441554 0.163988
vt 0.446937 0.160026
vt 0.443478 0.160104
vt 0.098886 0.430646
vt 0.745613 0.962859
vt 0.746523 0.967562
vt 0.097167 0.427068
vt 0.432636 0.149966
vt 0.122747 0.262514
vt 0.129228 0.265778
vt 0.123757 0.265257
vt 0.128004 0.262907
vt 0.115826 0.259732
vt 0.119182 0.261774
vt 0.117361 0.263237
vt 0.123141 0.258076
vt 0.126374 0.255844
vt 0.654589 0.153059
vt 0.646854 0.152933
vt 0.636263 0.031796
vt 0.656381 0.135101
vt 0.661661 0.154339
vt 0.635973 0.022377
vt 0.661189 0.150933
vt 0.131774 0.260374
vt 0.431443 0.149080
vt 0.136009 0.261002
vt 0.639022 0.037145
vt 0.434568 0.151921
vt 0.134093 0.259473
vt 0.434030 0.147708
vt 0.128879 0.257423
vt 0.660487 0.148375
vt 0.645512 0.039364
vt 0.638008 0.029261
vt 0.664105 0.139173
vt 0.085170 0.342656
vt 0.590684 0.148183
vt 0.578699 0.154981
vt 0.049994 0.353973
vt 0.057986 0.349881
vt 0.070500 0.347316
vt 0.588341 0.141174
vt 0.575794 0.148423
vt 0.592802 0.140317
vt 0.079350 0.344375
vt 0.054048 0.353857
vt 0.589062 0.114491
vt 0.588383 0.107031
vt 0.654389 0.121078
vt 0.662367 0.130182
vt 0.660765 0.122351
vt 0.585890 0.104776
vt 0.657529 0.112325
vt 0.581461 0.103517
vt 0.577932 0.106561
vt 0.054347 0.260320
vt 0.584413 0.096546
vt 0.575715 0.099815
vt 0.659968 0.114575
vt 0.665153 0.121570
vt 0.654738 0.106868
vt 0.665617 0.114001
vt 0.580593 0.083014
vt 0.576452 0.079432
vt 0.058815 0.290140
vt 0.575243 0.082581
vt 0.575642 0.088213
vt 0.577114 0.077283
vt 0.059407 0.292038
vt 0.061230 0.289118
vt 0.062742 0.292532
vt 0.583241 0.083232
vt 0.055197 0.293066
vt 0.581183 0.077940
vt 0.573829 0.080326
vt 0.058789 0.287770
vt 0.056602 0.300000
vt 0.063742 0.297104
vt 0.067321 0.286814
vt 0.068402 0.295324
vt 0.063131 0.286563
vt 0.060540 0.286386
vt 0.055236 0.284769
vt 0.053881 0.286521
vt 0.570989 0.084339
vt 0.054546 0.282738
vt 0.056513 0.281044
vt 0.053135 0.284812
vt 0.569741 0.085527
vt 0.070728 0.302103
vt 0.055503 0.279238
vt 0.052742 0.282406
vt 0.569354 0.087867
vt 0.054225 0.265890
vt 0.055861 0.268358
vt 0.058644 0.270657
vt 0.056616 0.272197
vt 0.055941 0.270450
vt 0.052989 0.269666
vt 0.057075 0.274419
vt 0.049848 0.275920
vt 0.571138 0.094151
vt 0.580964 0.093499
vt 0.577942 0.096923
vt 0.576104 0.092679
vt 0.575635 0.090316
vt 0.121355 0.251335
vt 0.122441 0.253767
vt 0.125015 0.247880
vt 0.125378 0.252441
vt 0.440521 0.160653
vt 0.443905 0.158480
vt 0.440715 0.158559
vt 0.449201 0.160011
vt 0.572991 0.091909
vt 0.048572 0.278826
vt 0.573133 0.089541
vt 0.574329 0.094553
vt 0.448126 0.157957
vt 0.572848 0.087569
vt 0.447900 0.156164
vt 0.129050 0.244177
vt 0.125892 0.243055
vt 0.450783 0.158033
vt 0.126494 0.244844
vt 0.127421 0.246312
vt 0.444028 0.156089
vt 0.132228 0.246455
vt 0.127892 0.252119
vt 0.438467 0.155569
vt 0.435656 0.156613
vt 0.134798 0.257353
vt 0.435708 0.149539
vt 0.132562 0.252277
vt 0.440346 0.152111
vt 0.128602 0.255706
vt 0.088593 0.417925
vt 0.087275 0.419740
vt 0.085933 0.417589
vt 0.088813 0.420029
vt 0.085943 0.414219
vt 0.765020 0.964304
vt 0.084144 0.412681
vt 0.092212 0.417429
vt 0.093390 0.418951
vt 0.090651 0.421243
vt 0.083180 0.416710
vt 0.083720 0.418216
vt 0.081548 0.416805
vt 0.763821 0.968639
vt 0.762854 0.971049
vt 0.082246 0.419598
vt 0.762149 0.969432
vt 0.760900 0.966468
vt 0.756184 0.963000
vt 0.094889 0.425911
vt 0.748699 0.970562
vt 0.089450 0.424433
vt 0.754847 0.973421
vt 0.754636 0.971897
vt 0.751186 0.968524
vt 0.754075 0.969437
vt 0.756510 0.966008
vt 0.757679 0.968521
vt 0.053009 0.263877
vt 0.574056 0.107164
vt 0.573966 0.104505
vt 0.755940 0.969200
vt 0.754255 0.964935
vt 0.575541 0.102781
vt 0.573449 0.101709
vt 0.580511 0.096354
vt 0.575932 0.097172
vt 0.573950 0.098410
vt 0.052742 0.267672
vt 0.571352 0.104665
vt 0.050283 0.266120
vt 0.570028 0.102114
vt 0.049573 0.268665
vt 0.571805 0.101505
vt 0.571396 0.097907
vt 0.048105 0.272359
vt 0.084936 0.419221
vt 0.759513 0.973134
vt 0.085230 0.422663
vt 0.758287 0.970259
vt 0.188092 0.495108
vt 0.186416 0.492287
vt 0.132627 0.409176
vt 0.133593 0.405228
vt 0.136550 0.402020
vt 0.192499 0.495362
vt 0.165124 0.358696
vt 0.163261 0.355601
vt 0.168968 0.352287
vt 0.189794 0.499507
vt 0.159003 0.354842
vt 0.141341 0.405728
vt 0.136437 0.411199
vt 0.170848 0.357306
vt 0.171448 0.363287
vt 0.185478 0.501706
vt 0.181873 0.497932
vt 0.186873 0.498364
vt 0.219478 0.311769
vt 0.218743 0.313993
vt 0.218568 0.309666
vt 0.213394 0.312070
vt 0.192210 0.503009
vt 0.215269 0.307041
vt 0.342663 0.170369
vt 0.209559 0.308423
vt 0.188799 0.502778
vt 0.210083 0.313303
vt 0.204414 0.309252
vt 0.205862 0.314494
vt 0.203520 0.311863
vt 0.138329 0.414661
vt 0.195106 0.493921
vt 0.199102 0.498620
vt 0.157260 0.360232
vt 0.128312 0.408367
vt 0.127842 0.411218
vt 0.215131 0.314445
vt 0.217743 0.318627
vt 0.159490 0.362645
vt 0.162114 0.362046
vt 0.207480 0.316993
vt 0.211134 0.317674
vt 0.196294 0.504546
vt 0.157081 0.364329
vt 0.214339 0.320244
vt 0.124113 0.415182
vt 0.132238 0.413754
vt 0.202421 0.316359
vt 0.199737 0.314141
vt 0.841230 0.077782
vt 0.180517 0.437613
vt 0.837973 0.076674
vt 0.179607 0.433030
vt 0.837332 0.071953
vt 0.130895 0.418789
vt 0.135209 0.422220
vt 0.166210 0.364438
vt 0.202832 0.319476
vt 0.175624 0.433582
vt 0.178790 0.441712
vt 0.160611 0.365618
vt 0.198437 0.318005
vt 0.182976 0.442374
vt 0.840132 0.081626
vt 0.163654 0.367361
vt 0.183398 0.445672
vt 0.840323 0.084970
vt 0.208313 0.325702
vt 0.178981 0.447384
vt 0.173083 0.447354
vt 0.144157 0.409894
vt 0.143715 0.415276
vt 0.166456 0.369798
vt 0.177023 0.450245
vt 0.171457 0.368742
vt 0.833361 0.011057
vt 0.169330 0.371368
vt 0.831234 0.013683
vt 0.156862 0.369037
vt 0.172727 0.440708
vt 0.202972 0.326844
vt 0.172007 0.451557
vt 0.144917 0.423859
vt 0.183411 0.451567
vt 0.163683 0.373869
vt 0.140011 0.427464
vt 0.204279 0.332525
vt 0.178090 0.454089
vt 0.159066 0.372586
vt 0.198226 0.332478
vt 0.206684 0.336880
vt 0.193478 0.312961
vt 0.192847 0.317537
vt 0.127887 0.422724
vt 0.150844 0.371060
vt 0.188810 0.318440
vt 0.186371 0.320266
vt 0.182126 0.319561
vt 0.166552 0.455973
vt 0.195336 0.319930
vt 0.128083 0.427280
vt 0.190422 0.321367
vt 0.153000 0.376993
vt 0.156523 0.379365
vt 0.160539 0.377432
vt 0.183024 0.455837
vt 0.152941 0.383119
vt 0.186234 0.454522
vt 0.185495 0.457049
vt 0.182122 0.458761
vt 0.123660 0.421420
vt 0.171947 0.462641
vt 0.179818 0.460268
vt 0.184418 0.323463
vt 0.121517 0.426538
vt 0.907005 0.034230
vt 0.185612 0.460750
vt 0.182864 0.462603
vt 0.196402 0.325115
vt 0.189050 0.328354
vt 0.118434 0.423713
vt 0.183029 0.328843
vt 0.165531 0.462598
vt 0.122024 0.430621
vt 0.178464 0.464999
vt 0.180798 0.325116
vt 0.199074 0.321801
vt 0.830097 0.017353
vt 0.168193 0.375038
vt 0.175789 0.470478
vt 0.165546 0.377241
vt 0.179918 0.466345
vt 0.168457 0.465667
vt 0.122535 0.435658
vt 0.833109 0.016327
vt 0.171205 0.374013
vt 0.836841 0.013781
vt 0.127671 0.432898
vt 0.835262 0.025351
vt 0.836256 0.020832
vt 0.829244 0.020718
vt 0.167341 0.378404
vt 0.134753 0.431141
vt 0.168440 0.473057
vt 0.161068 0.380438
vt 0.165032 0.380700
vt 0.173355 0.475403
vt 0.916603 0.041539
vt 0.163054 0.384268
vt 0.192964 0.333190
vt 0.143357 0.431722
vt 0.161529 0.468775
vt 0.149484 0.434952
vt 0.828635 0.023520
vt 0.166732 0.381206
vt 0.831929 0.026001
vt 0.139990 0.433749
vt 0.221794 0.314727
vt 0.910052 0.034610
vt 0.185281 0.463837
vt 0.182926 0.467215
vt 0.913508 0.037404
vt 0.221708 0.319301
vt 0.133420 0.435780
vt 0.179664 0.469970
vt 0.175711 0.473219
vt 0.179457 0.472960
vt 0.920979 0.040289
vt 0.179369 0.475245
vt 0.221190 0.325068
vt 0.919159 0.041206
vt 0.176511 0.475276
vt 0.147643 0.388647
vt 0.922002 0.039525
vt 0.181482 0.475213
vt 0.167946 0.478002
vt 0.923450 0.043409
vt 0.141109 0.441168
vt 0.223509 0.324596
vt 0.226168 0.328347
vt 0.914664 0.042918
vt 0.171070 0.476863
vt 0.912485 0.043905
vt 0.168587 0.477843
vt 0.918313 0.043829
vt 0.153549 0.390495
vt 0.164007 0.474396
vt 0.223144 0.329747
vt 0.220666 0.329353
vt 0.165613 0.424660
vt 0.164123 0.420323
vt 0.168113 0.422920
vt 0.141689 0.388815
vt 0.159292 0.475238
vt 0.155803 0.473108
vt 0.161748 0.427294
vt 0.165576 0.431502
vt 0.163217 0.478997
vt 0.907486 0.045011
vt 0.152662 0.416158
vt 0.156280 0.418866
vt 0.215388 0.326782
vt 0.159539 0.420724
vt 0.161030 0.409692
vt 0.149365 0.396771
vt 0.149974 0.424403
vt 0.225159 0.334102
vt 0.221067 0.334135
vt 0.212079 0.333220
vt 0.159647 0.387732
vt 0.155970 0.387067
vt 0.152005 0.478364
vt 0.158425 0.481029
vt 0.902964 0.047068
vt 0.156498 0.429287
vt 0.151421 0.430095
vt 0.161437 0.389255
vt 0.155149 0.483077
vt 0.910653 0.048483
vt 0.162181 0.394103
vt 0.164327 0.386798
vt 0.913420 0.047381
vt 0.157916 0.481974
vt 0.151690 0.483865
vt 0.907194 0.049272
vt 0.152486 0.493832
vt 0.156973 0.392372
vt 0.160638 0.394888
vt 0.157054 0.489326
vt 0.157507 0.396919
vt 0.159551 0.399589
vt 0.149188 0.485822
vt 0.904692 0.051229
vt 0.214053 0.341523
vt 0.162381 0.436045
vt 0.159281 0.432211
vt 0.223733 0.336574
vt 0.159339 0.439488
vt 0.920926 0.046488
vt 0.165422 0.481081
vt 0.169211 0.481013
vt 0.153954 0.397084
vt 0.161406 0.482068
vt 0.916910 0.047475
vt 0.173725 0.429084
vt 0.172035 0.421274
vt 0.177457 0.426999
vt 0.835668 0.065553
vt 0.164496 0.486072
vt 0.197692 0.337212
vt 0.171345 0.479179
vt 0.926848 0.044586
vt 0.925907 0.040671
vt 0.140886 0.396255
vt 0.174395 0.480448
vt 0.173170 0.482733
vt 0.201285 0.344916
vt 0.168643 0.434410
vt 0.221579 0.346124
vt 0.174663 0.485279
vt 0.146125 0.400583
vt 0.149903 0.402715
vt 0.840325 0.065266
vt 0.178421 0.422951
vt 0.180250 0.427104
vt 0.842154 0.069419
vt 0.162161 0.492166
vt 0.146034 0.403295
vt 0.229761 0.336179
vt 0.226902 0.339263
vt 0.172371 0.489771
vt 0.229387 0.342735
vt 0.162549 0.398579
vt 0.166838 0.492645
vt 0.163892 0.402095
vt 0.158924 0.402600
vt 0.163797 0.405983
vt 0.158243 0.405937
vt 0.223883 0.342330
vt 0.168941 0.441008
vt 0.156216 0.400437
vt 0.226755 0.343032
vt 0.152097 0.400435
vt 0.153580 0.403778
vt 0.177615 0.481070
vt 0.229062 0.346405
vt 0.176543 0.489046
vt 0.179771 0.485937
vt 0.229180 0.350706
vt 0.231264 0.353447
vt 0.181850 0.484577
vt 0.226656 0.348919
vt 0.150744 0.407792
vt 0.155600 0.439739
vt 0.147824 0.408395
vt 0.173782 0.496047
vt 0.180560 0.491438
vt 0.215013 0.349096
vt 0.153614 0.411161
vt 0.183792 0.488541
vt 0.182929 0.493495
vt 0.182692 0.336386
vt 0.178809 0.332891
vt 0.147311 0.439727
vt 0.250190 0.431782
vt 0.248393 0.434860
vt 0.251145 0.443951
vt 0.253264 0.441644
vt 0.150497 0.447418
vt 0.254127 0.447423
vt 0.250521 0.446872
vt 0.145650 0.444855
vt 0.252200 0.449763
vt 0.256021 0.450471
vt 0.159685 0.448281
vt 0.251537 0.452047
vt 0.253425 0.453218
vt 0.252123 0.454862
vt 0.249685 0.452750
vt 0.256704 0.453096
vt 0.253994 0.457350
vt 0.166923 0.338273
vt 0.252405 0.459547
vt 0.256791 0.460167
vt 0.254422 0.462599
vt 0.258174 0.466759
vt 0.255465 0.466568
vt 0.164108 0.446470
vt 0.251724 0.464423
vt 0.130665 0.404328
vt 0.256095 0.471187
vt 0.259363 0.473582
vt 0.256181 0.475981
vt 0.259062 0.479281
vt 0.176320 0.415360
vt 0.834185 0.050386
vt 0.839794 0.046320
vt 0.838149 0.050386
vt 0.179102 0.343961
vt 0.167601 0.406136
vt 0.166714 0.408389
vt 0.254789 0.478657
vt 0.164609 0.409851
vt 0.255919 0.482548
vt 0.171080 0.411614
vt 0.169803 0.415513
vt 0.257199 0.485375
vt 0.260782 0.488638
vt 0.263724 0.481923
vt 0.173583 0.414547
vt 0.175056 0.412058
vt 0.833732 0.053641
vt 0.175170 0.417169
vt 0.187856 0.337492
vt 0.171480 0.418116
vt 0.256001 0.489028
vt 0.260904 0.493910
vt 0.257679 0.492472
vt 0.262081 0.491732
vt 0.258738 0.496168
vt 0.198165 0.341980
vt 0.265526 0.490138
vt 0.262986 0.497561
vt 0.193979 0.341600
vt 0.258673 0.501527
vt 0.182873 0.344530
vt 0.190105 0.345374
vt 0.262126 0.502808
vt 0.197159 0.347629
vt 0.260425 0.506408
vt 0.263728 0.504933
vt 0.267074 0.506631
vt 0.264719 0.509989
vt 0.836767 0.053648
vt 0.840319 0.054450
vt 0.833389 0.058387
vt 0.174798 0.420715
vt 0.836248 0.058632
vt 0.190391 0.353025
vt 0.841576 0.059065
vt 0.179672 0.416750
vt 0.262710 0.514866
vt 0.115122 0.439415
vt 0.255827 0.507280
vt 0.261455 0.518191
vt 0.838462 0.062772
vt 0.176558 0.420458
vt 0.260641 0.521335
vt 0.255716 0.519571
vt 0.120120 0.440783
vt 0.172732 0.347933
vt 0.268566 0.513653
vt 0.264876 0.519267
vt 0.176051 0.345763
vt 0.111142 0.440968
vt 0.263178 0.524796
vt 0.215623 0.378747
vt 0.219638 0.381233
vt 0.215825 0.383385
vt 0.207936 0.378607
vt 0.211482 0.381254
vt 0.256527 0.522523
vt 0.257110 0.523789
vt 0.245865 0.431895
vt 0.248097 0.440452
vt 0.245465 0.437503
vt 0.177022 0.355058
vt 0.205383 0.382690
vt 0.208527 0.385541
vt 0.212707 0.385395
vt 0.114157 0.446697
vt 0.121083 0.445442
vt 0.247277 0.445182
vt 0.188330 0.351255
vt 0.224383 0.381329
vt 0.224984 0.383564
vt 0.222278 0.387230
vt 0.129199 0.442158
vt 0.133643 0.442567
vt 0.226557 0.386068
vt 0.218733 0.387591
vt 0.136851 0.447633
vt 0.236389 0.448002
vt 0.215470 0.388020
vt 0.247693 0.449547
vt 0.182631 0.350464
vt 0.243907 0.451259
vt 0.128719 0.447184
vt 0.211174 0.388721
vt 0.212348 0.393028
vt 0.132089 0.452055
vt 0.216304 0.394843
vt 0.179100 0.352449
vt 0.243773 0.454196
vt 0.183187 0.359973
vt 0.178346 0.361951
vt 0.226919 0.393049
vt 0.229141 0.386885
vt 0.232697 0.390854
vt 0.246050 0.456706
vt 0.235806 0.390353
vt 0.249662 0.458816
vt 0.239403 0.394220
vt 0.238480 0.390117
vt 0.234700 0.396090
vt 0.237384 0.396280
vt 0.126072 0.450870
vt 0.234052 0.453267
vt 0.187193 0.359866
vt 0.232649 0.455761
vt 0.229713 0.396632
vt 0.232870 0.400721
vt 0.227477 0.399812
vt 0.240161 0.459410
vt 0.235884 0.459136
vt 0.206596 0.345025
vt 0.246379 0.463305
vt 0.210927 0.347434
vt 0.113325 0.452700
vt 0.722146 0.968645
vt 0.207740 0.349256
vt 0.119540 0.453388
vt 0.125117 0.456591
vt 0.222107 0.396479
vt 0.220715 0.402691
vt 0.204126 0.351580
vt 0.116618 0.455654
vt 0.719047 0.971868
vt 0.208973 0.355849
vt 0.205344 0.355497
vt 0.247863 0.469184
vt 0.132755 0.458969
vt 0.224146 0.407997
vt 0.222886 0.350871
vt 0.227361 0.354362
vt 0.253574 0.471558
vt 0.216011 0.400519
vt 0.219298 0.354305
vt 0.237144 0.462450
vt 0.240951 0.464629
vt 0.228986 0.357976
vt 0.223284 0.361877
vt 0.119896 0.459017
vt 0.715559 0.975116
vt 0.714225 0.969973
vt 0.718111 0.967660
vt 0.241640 0.469272
vt 0.235892 0.470944
vt 0.238205 0.473394
vt 0.709398 0.971919
vt 0.232843 0.462148
vt 0.227072 0.458607
vt 0.212633 0.406124
vt 0.211373 0.401516
vt 0.128837 0.464120
vt 0.124437 0.464868
vt 0.212841 0.355447
vt 0.227916 0.462387
vt 0.711816 0.976441
vt 0.121295 0.462748
vt 0.229907 0.408340
vt 0.233045 0.467430
vt 0.217996 0.358257
vt 0.212377 0.360813
vt 0.154613 0.454502
vt 0.148835 0.454403
vt 0.213518 0.410440
vt 0.227899 0.473921
vt 0.224233 0.464381
vt 0.221434 0.411964
vt 0.228663 0.412833
vt 0.159683 0.458188
vt 0.221084 0.364726
vt 0.232556 0.477358
vt 0.211564 0.413448
vt 0.220504 0.418078
vt 0.207846 0.365375
vt 0.206200 0.390889
vt 0.202218 0.391851
vt 0.154968 0.464000
vt 0.218094 0.367736
vt 0.247378 0.473231
vt 0.206089 0.396766
vt 0.149992 0.461481
vt 0.202539 0.400972
vt 0.211404 0.369055
vt 0.214698 0.371057
vt 0.199235 0.393475
vt 0.197832 0.399739
vt 0.249983 0.475765
vt 0.203611 0.363796
vt 0.204561 0.368355
vt 0.211807 0.373829
vt 0.240095 0.478370
vt 0.154065 0.467508
vt 0.859736 0.042054
vt 0.244084 0.480159
vt 0.198520 0.403269
vt 0.860424 0.045583
vt 0.856679 0.041084
vt 0.151264 0.470751
vt 0.249852 0.480775
vt 0.149563 0.473383
vt 0.200589 0.410219
vt 0.203406 0.407224
vt 0.208659 0.408401
vt 0.247572 0.484209
vt 0.141646 0.449317
vt 0.201743 0.354772
vt 0.222658 0.476294
vt 0.217018 0.468151
vt 0.144862 0.455419
vt 0.240081 0.398968
vt 0.196908 0.354197
vt 0.242891 0.397585
vt 0.245322 0.401504
vt 0.138739 0.454303
vt 0.236711 0.399024
vt 0.230445 0.482325
vt 0.238871 0.401653
vt 0.193866 0.360211
vt 0.241107 0.403602
vt 0.197483 0.360985
vt 0.234941 0.405681
vt 0.217606 0.477144
vt 0.239244 0.406759
vt 0.224736 0.483702
vt 0.143204 0.459799
vt 0.242821 0.406261
vt 0.240953 0.409812
vt 0.247617 0.410316
vt 0.244713 0.413290
vt 0.226133 0.487895
vt 0.193424 0.366663
vt 0.138405 0.462420
vt 0.199332 0.368230
vt 0.133431 0.464483
vt 0.241192 0.487488
vt 0.147093 0.466208
vt 0.250164 0.487301
vt 0.237695 0.412505
vt 0.236390 0.484936
vt 0.240426 0.416711
vt 0.239000 0.494593
vt 0.244721 0.495111
vt 0.231685 0.420638
vt 0.236950 0.420105
vt 0.139733 0.470220
vt 0.131591 0.470709
vt 0.140634 0.474681
vt 0.236798 0.426517
vt 0.164304 0.348297
vt 0.229195 0.493597
vt 0.125625 0.475122
vt 0.226586 0.424674
vt 0.237049 0.355331
vt 0.232308 0.357553
vt 0.215645 0.481229
vt 0.244359 0.418783
vt 0.247758 0.418109
vt 0.230548 0.362227
vt 0.247071 0.425303
vt 0.244821 0.423979
vt 0.147845 0.479463
vt 0.234193 0.365210
vt 0.238244 0.362796
vt 0.242257 0.426354
vt 0.247132 0.493014
vt 0.226230 0.367119
vt 0.231605 0.367337
vt 0.246383 0.428219
vt 0.255687 0.493152
vt 0.240382 0.369017
vt 0.235617 0.370323
vt 0.844858 0.073137
vt 0.182954 0.430822
vt 0.185836 0.428169
vt 0.212773 0.418344
vt 0.249861 0.497295
vt 0.230992 0.372733
vt 0.218596 0.423393
vt 0.184561 0.435292
vt 0.846465 0.077607
vt 0.243762 0.499158
vt 0.192536 0.434519
vt 0.210711 0.428778
vt 0.216504 0.431821
vt 0.255619 0.497408
vt 0.854029 0.043997
vt 0.234899 0.374225
vt 0.859212 0.049465
vt 0.197308 0.407151
vt 0.231205 0.378373
vt 0.220599 0.372395
vt 0.183149 0.438027
vt 0.845053 0.080341
vt 0.249769 0.502574
vt 0.190620 0.446012
vt 0.856531 0.054531
vt 0.194627 0.412217
vt 0.853417 0.051894
vt 0.205745 0.415287
vt 0.844679 0.083648
vt 0.182775 0.441333
vt 0.221180 0.378486
vt 0.229801 0.382777
vt 0.218139 0.485897
vt 0.220774 0.488952
vt 0.842734 0.086757
vt 0.185897 0.447309
vt 0.221463 0.493248
vt 0.845638 0.087793
vt 0.183734 0.445478
vt 0.200986 0.414549
vt 0.194530 0.417109
vt 0.856434 0.059423
vt 0.222403 0.498446
vt 0.199860 0.420328
vt 0.203201 0.441671
vt 0.200380 0.437657
vt 0.198607 0.446600
vt 0.204468 0.449642
vt 0.850405 0.046959
vt 0.231858 0.498685
vt 0.194789 0.440432
vt 0.849692 0.055254
vt 0.853086 0.058041
vt 0.191182 0.415726
vt 0.239493 0.502022
vt 0.238300 0.375048
vt 0.236208 0.376225
vt 0.234122 0.376838
vt 0.238128 0.377197
vt 0.239853 0.380312
vt 0.235996 0.380102
vt 0.233334 0.380859
vt 0.237563 0.382355
vt 0.229788 0.502239
vt 0.187066 0.447890
vt 0.848970 0.090204
vt 0.234904 0.383990
vt 0.208687 0.419848
vt 0.205418 0.422429
vt 0.232257 0.385389
vt 0.854374 0.092377
vt 0.192470 0.450062
vt 0.197829 0.454111
vt 0.235231 0.506369
vt 0.228127 0.506239
vt 0.200403 0.425975
vt 0.237216 0.386140
vt 0.241990 0.383999
vt 0.243117 0.390288
vt 0.188088 0.451857
vt 0.844677 0.091441
vt 0.222837 0.508477
vt 0.230287 0.509998
vt 0.847839 0.095848
vt 0.190153 0.426179
vt 0.845653 0.099061
vt 0.904369 0.029738
vt 0.187731 0.455262
vt 0.843857 0.094848
vt 0.222532 0.513226
vt 0.229191 0.513019
vt 0.850001 0.059700
vt 0.188098 0.417385
vt 0.190568 0.420258
vt 0.227998 0.518895
vt 0.194176 0.455027
vt 0.185658 0.419569
vt 0.847562 0.061884
vt 0.190182 0.455801
vt 0.852086 0.098116
vt 0.184175 0.422984
vt 0.220339 0.519954
vt 0.192574 0.458870
vt 0.854478 0.101184
vt 0.212209 0.486776
vt 0.843539 0.098624
vt 0.905484 0.031370
vt 0.188443 0.458920
vt 0.216364 0.490299
vt 0.180254 0.366271
vt 0.849854 0.100818
vt 0.902427 0.025732
vt 0.902260 0.022552
vt 0.852293 0.102772
vt 0.190389 0.460457
vt 0.207135 0.484896
vt 0.194758 0.461372
vt 0.216028 0.449015
vt 0.221494 0.448581
vt 0.215887 0.493991
vt 0.216896 0.455591
vt 0.175327 0.367192
vt 0.837231 0.009507
vt 0.208242 0.493069
vt 0.228231 0.453227
vt 0.212083 0.497253
vt 0.183451 0.370765
vt 0.178060 0.369514
vt 0.839963 0.011828
vt 0.223253 0.456954
vt 0.177701 0.374175
vt 0.839605 0.016489
vt 0.202965 0.429031
vt 0.217783 0.501557
vt 0.222922 0.460626
vt 0.219094 0.460626
vt 0.203459 0.496706
vt 0.214842 0.460553
vt 0.216651 0.462780
vt 0.219997 0.463729
vt 0.205298 0.502119
vt 0.213413 0.503914
vt 0.205832 0.434139
vt 0.188986 0.371572
vt 0.209835 0.438372
vt 0.194670 0.375373
vt 0.210211 0.445369
vt 0.207529 0.447411
vt 0.194811 0.371260
vt 0.207827 0.507432
vt 0.201894 0.507616
vt 0.185400 0.380103
vt 0.210234 0.451357
vt 0.213393 0.510855
vt 0.192852 0.383382
vt 0.207365 0.514169
vt 0.212559 0.457556
vt 0.201835 0.452924
vt 0.208476 0.455356
vt 0.185891 0.376210
vt 0.180817 0.375485
vt 0.842721 0.017800
vt 0.223963 0.428434
vt 0.844421 0.020166
vt 0.182520 0.377855
vt 0.210909 0.461644
vt 0.207306 0.460262
vt 0.200022 0.379429
vt 0.202804 0.457127
vt 0.215414 0.514265
vt 0.229543 0.434551
vt 0.203621 0.379624
vt 0.222914 0.432228
vt 0.199662 0.460671
vt 0.195820 0.385762
vt 0.206274 0.462790
vt 0.248041 0.506874
vt 0.201977 0.386532
vt 0.199776 0.465334
vt 0.245016 0.505984
vt 0.209625 0.467872
vt 0.203619 0.468354
vt 0.197189 0.465396
vt 0.902890 0.016384
vt 0.194077 0.464750
vt 0.194892 0.467613
vt 0.193200 0.466879
vt 0.198858 0.388027
vt 0.239430 0.436593
vt 0.238369 0.509896
vt 0.188375 0.383505
vt 0.850279 0.025819
vt 0.245041 0.513035
vt 0.197155 0.467903
vt 0.840796 0.022678
vt 0.199222 0.469075
vt 0.845757 0.026543
vt 0.196433 0.458839
vt 0.841628 0.027066
vt 0.198137 0.471875
vt 0.206317 0.470547
vt 0.209606 0.463980
vt 0.188612 0.387360
vt 0.850516 0.029675
vt 0.233712 0.444677
vt 0.839498 0.028556
vt 0.211453 0.472699
vt 0.835990 0.028569
vt 0.840083 0.031190
vt 0.848006 0.033004
vt 0.844509 0.033276
vt 0.845265 0.035460
vt 0.842291 0.034510
vt 0.253587 0.514786
vt 0.215293 0.437723
vt 0.219259 0.437636
vt 0.252753 0.518162
vt 0.193685 0.388415
vt 0.855589 0.030730
vt 0.242837 0.517702
vt 0.189738 0.389604
vt 0.851642 0.031918
vt 0.208584 0.478177
vt 0.854362 0.033918
vt 0.192459 0.391604
vt 0.220806 0.443805
vt 0.226570 0.442591
vt 0.198879 0.390671
vt 0.195429 0.391993
vt 0.857333 0.034307
vt 0.858698 0.038333
vt 0.196794 0.396018
vt 0.855340 0.037308
vt 0.193245 0.472676
vt 0.194268 0.475515
vt 0.235718 0.518373
vt 0.191055 0.476404
vt 0.190928 0.471991
vt 0.850439 0.037094
vt 0.196254 0.478851
vt 0.188459 0.475601
vt 0.190823 0.479231
vt 0.228929 0.447934
vt 0.845857 0.038298
vt 0.193722 0.482942
vt 0.183882 0.480981
vt 0.850045 0.041117
vt 0.188246 0.481942
vt 0.202761 0.478746
vt 0.841327 0.037654
vt 0.232492 0.525152
vt 0.838112 0.045057
vt 0.840436 0.040506
vt 0.843316 0.041121
vt 0.243718 0.521839
vt 0.236343 0.524843
vt 0.200823 0.484111
vt 0.843053 0.046803
vt 0.251208 0.521311
vt 0.247701 0.522204
vt 0.249805 0.523779
vt 0.246317 0.524260
vt 0.252892 0.522773
vt 0.846865 0.050028
vt 0.256974 0.527571
vt 0.196850 0.486720
vt 0.844858 0.053448
vt 0.244149 0.526132
vt 0.199878 0.492954
vt 0.240033 0.526684
vt 0.937084 0.045526
vt 0.181580 0.480119
vt 0.183889 0.485132
vt 0.147741 0.417160
vt 0.186432 0.486339
vt 0.189907 0.489630
vt 0.179119 0.412914
vt 0.729369 0.964322
vt 0.108720 0.445704
vt 0.725671 0.961864
vt 0.110405 0.449767
vt 0.725213 0.965834
vt 0.721689 0.964261
vt 0.720581 0.960307
vt 0.717304 0.958817
vt 0.716119 0.963227
vt 0.345584 0.177805
vt 0.355581 0.184829
vt 0.353439 0.186094
vt 0.345557 0.180165
vt 0.347110 0.187702
vt 0.282723 0.438955
vt 0.276034 0.449383
vt 0.290184 0.453089
vt 0.343157 0.173882
vt 0.347183 0.173560
vt 0.226504 0.309307
vt 0.339250 0.180869
vt 0.223823 0.306191
vt 0.341618 0.177829
vt 0.230756 0.313189
vt 0.338071 0.185976
vt 0.388312 0.210269
vt 0.384859 0.210512
vt 0.261882 0.442893
vt 0.382743 0.214833
vt 0.381368 0.216553
vt 0.378766 0.211540
vt 0.379448 0.203485
vt 0.336708 0.266579
vt 0.298328 0.364201
vt 0.336882 0.269685
vt 0.300302 0.362081
vt 0.256991 0.431202
vt 0.336975 0.273874
vt 0.302553 0.358108
vt 0.340636 0.274634
vt 0.337217 0.275454
vt 0.304542 0.357688
vt 0.301104 0.363801
vt 0.303412 0.359688
vt 0.305660 0.361268
vt 0.305548 0.359288
vt 0.379555 0.206153
vt 0.337574 0.263170
vt 0.295642 0.362290
vt 0.296782 0.366325
vt 0.374820 0.209169
vt 0.375654 0.212749
vt 0.363925 0.233817
vt 0.292311 0.368427
vt 0.289449 0.373439
vt 0.264296 0.447509
vt 0.287599 0.369756
vt 0.263157 0.453869
vt 0.345124 0.213941
vt 0.256450 0.440738
vt 0.259526 0.451409
vt 0.258069 0.443253
vt 0.253563 0.430697
vt 0.371797 0.196847
vt 0.369357 0.198113
vt 0.364792 0.191799
vt 0.257032 0.446506
vt 0.367719 0.188062
vt 0.369961 0.207031
vt 0.368003 0.203449
vt 0.363134 0.203071
vt 0.270859 0.373755
vt 0.363129 0.199898
vt 0.362927 0.193628
vt 0.260366 0.462912
vt 0.265584 0.467979
vt 0.261299 0.466785
vt 0.356569 0.196605
vt 0.287003 0.414688
vt 0.259026 0.457382
vt 0.268324 0.388558
vt 0.313368 0.445804
vt 0.313377 0.440649
vt 0.305508 0.443356
vt 0.332601 0.223261
vt 0.274944 0.349749
vt 0.336329 0.241183
vt 0.342152 0.248725
vt 0.284697 0.349977
vt 0.298424 0.434947
vt 0.337758 0.257262
vt 0.290205 0.358862
vt 0.277684 0.361618
vt 0.305347 0.440000
vt 0.290655 0.487687
vt 0.287008 0.501049
vt 0.258015 0.341135
vt 0.910335 0.022953
vt 0.914943 0.018824
vt 0.914265 0.021998
vt 0.910447 0.025135
vt 0.907319 0.023108
vt 0.905582 0.026638
vt 0.905983 0.017675
vt 0.909342 0.017749
vt 0.904628 0.023350
vt 0.192080 0.462979
vt 0.902924 0.019439
vt 0.371870 0.182013
vt 0.907540 0.030198
vt 0.910475 0.027990
vt 0.914971 0.030707
vt 0.356781 0.179032
vt 0.316159 0.506944
vt 0.307514 0.503360
vt 0.359382 0.190216
vt 0.249618 0.394101
vt 0.305533 0.509239
vt 0.192243 0.464270
vt 0.906042 0.014378
vt 0.313583 0.511748
vt 0.252366 0.406549
vt 0.316347 0.517748
vt 0.317161 0.521721
vt 0.311018 0.515358
vt 0.913789 0.026372
vt 0.918586 0.030851
vt 0.916512 0.033550
vt 0.310906 0.519525
vt 0.917929 0.039310
vt 0.181742 0.471530
vt 0.303337 0.522341
vt 0.923676 0.033874
vt 0.350260 0.167185
vt 0.206938 0.304504
vt 0.923544 0.037404
vt 0.925997 0.033837
vt 0.306203 0.518449
vt 0.924891 0.037444
vt 0.928744 0.038071
vt 0.928111 0.035215
vt 0.931821 0.033087
vt 0.177488 0.475302
vt 0.932991 0.040709
vt 0.175589 0.477512
vt 0.931093 0.042919
vt 0.908700 0.013865
vt 0.190767 0.463152
vt 0.188097 0.464491
vt 0.943600 0.029898
vt 0.189573 0.468504
vt 0.302357 0.509120
vt 0.193110 0.470257
vt 0.185050 0.472754
vt 0.303362 0.512260
vt 0.185241 0.466295
vt 0.940744 0.031702
vt 0.183223 0.469203
vt 0.938727 0.034610
vt 0.181973 0.474890
vt 0.937477 0.040297
vt 0.934692 0.037692
vt 0.249241 0.400643
vt 0.183573 0.477309
vt 0.333771 0.211071
vt 0.291350 0.511429
vt 0.299300 0.515214
vt 0.292982 0.515710
vt 0.241507 0.320351
vt 0.338774 0.198476
vt 0.304556 0.515845
vt 0.245979 0.395833
vt 0.243961 0.387822
vt 0.300738 0.518108
vt 0.248774 0.332342
vt 0.247337 0.402926
vt 0.305453 0.535788
vt 0.250504 0.411879
vt 0.295123 0.517589
vt 0.286576 0.521471
vt 0.254796 0.420079
vt 0.251016 0.420889
vt 0.232189 0.325984
vt 0.234585 0.329832
vt 0.268519 0.487115
vt 0.225137 0.312907
vt 0.227965 0.320958
vt 0.230434 0.331041
vt 0.233546 0.337412
vt 0.238699 0.343301
vt 0.830810 0.029201
vt 0.169113 0.380198
vt 0.166830 0.383418
vt 0.828734 0.025733
vt 0.166830 0.383418
vt 0.272026 0.496563
vt 0.234761 0.345894
vt 0.282441 0.511669
vt 0.271760 0.505463
vt 0.265603 0.478116
vt 0.266535 0.364071
vt 0.835329 0.032957
vt 0.172891 0.375357
vt 0.838794 0.033318
vt 0.172941 0.371614
vt 0.262163 0.477289
vt 0.244517 0.370038
vt 0.169168 0.384734
vt 0.174187 0.381511
vt 0.171755 0.386251
vt 0.169850 0.387701
vt 0.166160 0.390564
vt 0.174341 0.390283
vt 0.168048 0.391875
vt 0.175447 0.392550
vt 0.267027 0.495310
vt 0.168560 0.395286
vt 0.170286 0.399729
vt 0.172885 0.396816
vt 0.174404 0.398171
vt 0.268030 0.502438
vt 0.171707 0.400883
vt 0.166553 0.398558
vt 0.165892 0.396879
vt 0.194781 0.409555
vt 0.176346 0.373531
vt 0.191339 0.405798
vt 0.836879 0.037051
vt 0.190556 0.412868
vt 0.188991 0.410835
vt 0.188966 0.406618
vt 0.270146 0.509601
vt 0.183141 0.407042
vt 0.182091 0.409964
vt 0.174534 0.369306
vt 0.839727 0.035201
vt 0.193749 0.414196
vt 0.183784 0.414243
vt 0.835468 0.043036
vt 0.179421 0.408827
vt 0.181296 0.405574
vt 0.177894 0.406455
vt 0.174478 0.408193
vt 0.177902 0.410416
vt 0.172355 0.405462
vt 0.286046 0.524011
vt 0.293207 0.534118
vt 0.275350 0.537227
vt 0.256339 0.531244
vt 0.253054 0.374503
vt 0.246963 0.547801
vt 0.290851 0.548746
vt 0.255621 0.377202
vt 0.246049 0.535685
vt 0.248392 0.531361
vt 0.287858 0.518996
vt 0.281911 0.518268
vt 0.274368 0.514093
vt 0.277971 0.520283
vt 0.273782 0.523380
vt 0.274314 0.518494
vt 0.240205 0.363200
vt 0.271546 0.514869
vt 0.242170 0.374886
vt 0.269489 0.520525
vt 0.271328 0.520207
vt 0.276149 0.525877
vt 0.270695 0.524600
vt 0.267690 0.524214
vt 0.245940 0.377344
vt 0.246448 0.381330
vt 0.265817 0.526677
vt 0.272309 0.527308
vt 0.241806 0.378775
vt 0.210831 0.305635
vt 0.340803 0.173790
vt 0.219625 0.307097
vt 0.222379 0.310338
vt 0.199317 0.308978
vt 0.190051 0.311880
vt 0.187712 0.314124
vt 0.249364 0.528464
vt 0.235234 0.533052
vt 0.920846 0.014414
vt 0.924443 0.012874
vt 0.923883 0.016297
vt 0.922302 0.011796
vt 0.918361 0.019319
vt 0.917344 0.014020
vt 0.928267 0.011801
vt 0.928267 0.011801
vt 0.928267 0.011801
vt 0.927118 0.014241
vt 0.929230 0.013382
vt 0.933801 0.014094
vt 0.929230 0.013382
vt 0.936527 0.017186
vt 0.926679 0.009734
vt 0.939817 0.021627
vt 0.920501 0.009507
vt 0.936520 0.020134
vt 0.921661 0.022847
vt 0.920803 0.020250
vt 0.923251 0.020056
vt 0.917368 0.022571
vt 0.184050 0.385067
vt 0.191812 0.390605
vt 0.188024 0.386981
vt 0.186604 0.387577
vt 0.919391 0.023981
vt 0.194109 0.394910
vt 0.185506 0.383817
vt 0.187886 0.384847
vt 0.192072 0.392912
vt 0.191918 0.395399
vt 0.920757 0.026064
vt 0.181810 0.388305
vt 0.911895 0.015194
vt 0.915647 0.012322
vt 0.195422 0.399631
vt 0.182125 0.380544
vt 0.179854 0.382097
vt 0.942492 0.025671
vt 0.914834 0.010384
vt 0.186988 0.460264
vt 0.189242 0.390098
vt 0.186620 0.389233
vt 0.187299 0.391548
vt 0.184196 0.390516
vt 0.190058 0.392551
vt 0.187764 0.394625
vt 0.188850 0.395908
vt 0.911081 0.012440
vt 0.189169 0.462435
vt 0.179672 0.390295
vt 0.922663 0.027279
vt 0.925897 0.023109
vt 0.925774 0.027925
vt 0.184154 0.393632
vt 0.180346 0.391978
vt 0.927672 0.028239
vt 0.928531 0.023382
vt 0.930277 0.024811
vt 0.179653 0.393810
vt 0.181333 0.395233
vt 0.937701 0.027997
vt 0.939614 0.026857
vt 0.935429 0.022770
vt 0.933066 0.024825
vt 0.934149 0.021922
vt 0.175769 0.378546
vt 0.936215 0.029631
vt 0.178568 0.384299
vt 0.929564 0.029431
vt 0.175687 0.388478
vt 0.175892 0.393991
vt 0.178746 0.396316
vt 0.178363 0.399255
vt 0.174616 0.403484
vt 0.191721 0.399354
vt 0.187471 0.402107
vt 0.185893 0.400221
vt 0.184678 0.397167
vt 0.183176 0.401483
vt 0.183277 0.399438
vt 0.181675 0.398561
vt 0.179058 0.377899
vt 0.195787 0.404028
vt 0.184360 0.403104
vt 0.180454 0.401327
vt 0.175600 0.405049
vt 0.928393 0.016363
vt 0.931528 0.017285
vt 0.931528 0.017285
vt 0.926953 0.019880
vt 0.930703 0.020974
vt 0.934736 0.016364
vt 0.928828 0.010286
vt 0.935218 0.018470
vt 0.724790 0.906922
vt 0.719167 0.903678
vt 0.720374 0.898105
vt 0.687844 0.911923
vt 0.682316 0.909746
vt 0.688775 0.905853
vt 0.687740 0.902571
vt 0.710091 0.931416
vt 0.718283 0.929158
vt 0.720980 0.931435
vt 0.758227 0.884630
vt 0.710709 0.923113
vt 0.681703 0.904281
vt 0.717604 0.909567
vt 0.755941 0.886535
vt 0.705206 0.933201
vt 0.752831 0.892771
vt 0.706789 0.929809
vt 0.693575 0.921070
vt 0.686911 0.920177
vt 0.689447 0.916705
vt 0.717116 0.919799
vt 0.753641 0.885351
vt 0.702865 0.926673
vt 0.752278 0.888222
vt 0.679650 0.925361
vt 0.688056 0.925706
vt 0.689351 0.931698
vt 0.707138 0.919227
vt 0.681694 0.919899
vt 0.749068 0.900433
vt 0.730340 0.932850
vt 0.747924 0.895458
vt 0.710888 0.900309
vt 0.715137 0.895772
vt 0.746621 0.899421
vt 0.724129 0.935224
vt 0.678271 0.921313
vt 0.748582 0.883633
vt 0.748427 0.888799
vt 0.744716 0.888574
vt 0.710606 0.910539
vt 0.745091 0.892716
vt 0.673357 0.918794
vt 0.675468 0.922031
vt 0.705693 0.904304
vt 0.740184 0.890466
vt 0.741807 0.894526
vt 0.715636 0.949431
vt 0.742421 0.889893
vt 0.721023 0.942267
vt 0.740723 0.887480
vt 0.742775 0.884378
vt 0.708383 0.897610
vt 0.737123 0.890359
vt 0.735959 0.888301
vt 0.703010 0.899434
vt 0.672834 0.912189
vt 0.704076 0.896550
vt 0.700857 0.903962
vt 0.674854 0.915998
vt 0.706471 0.894470
vt 0.699975 0.895546
vt 0.745570 0.904993
vt 0.699084 0.899988
vt 0.742379 0.901561
vt 0.743956 0.897969
vt 0.695866 0.899925
vt 0.744751 0.908108
vt 0.739362 0.896260
vt 0.740287 0.892780
vt 0.691368 0.897718
vt 0.733153 0.892619
vt 0.712189 0.917934
vt 0.702582 0.919061
vt 0.742195 0.904812
vt 0.739812 0.911605
vt 0.731965 0.896690
vt 0.732838 0.886914
vt 0.714558 0.940206
vt 0.728150 0.890714
vt 0.740348 0.899105
vt 0.699258 0.916123
vt 0.735680 0.901215
vt 0.725457 0.895794
vt 0.711611 0.946591
vt 0.724645 0.892760
vt 0.736354 0.905090
vt 0.706641 0.911580
vt 0.733426 0.906363
vt 0.722865 0.887989
vt 0.720671 0.893310
vt 0.702445 0.910447
vt 0.717237 0.892417
vt 0.711512 0.892869
vt 0.714322 0.888582
vt 0.698752 0.907368
vt 0.706616 0.942327
vt 0.733605 0.926024
vt 0.685064 0.898600
vt 0.687365 0.900559
vt 0.682164 0.901136
vt 0.695797 0.911728
vt 0.697217 0.938659
vt 0.677976 0.903597
vt 0.677360 0.906082
vt 0.733164 0.915991
vt 0.676612 0.900899
vt 0.734882 0.912789
vt 0.672472 0.904261
vt 0.671005 0.913413
vt 0.670017 0.920856
vt 0.728588 0.925356
vt 0.730289 0.928446
vt 0.694056 0.925255
vt 0.728547 0.915569
vt 0.671972 0.907393
vt 0.694131 0.933395
vt 0.722000 0.926601
vt 0.724343 0.922083
vt 0.730423 0.911004
vt 0.669143 0.905053
vt 0.667526 0.906913
vt 0.729481 0.903080
vt 0.717611 0.923405
vt 0.666215 0.900213
vt 0.666278 0.904222
vt 0.666980 0.911006
vt 0.661788 0.915873
vt 0.696609 0.904491
vt 0.663485 0.907593
vt 0.724730 0.914194
vt 0.693524 0.902947
vt 0.663952 0.904909
vt 0.661299 0.904019
vt 0.657337 0.908157
vt 0.655513 0.905865
vt 0.654874 0.903576
vt 0.652614 0.906824
vt 0.648242 0.901542
vt 0.648789 0.905475
vt 0.692128 0.899934
vt 0.667113 0.162279
vt 0.747849 0.113397
vt 0.739859 0.104515
vt 0.761165 0.054287
vt 0.762780 0.049256
vt 0.684180 0.828610
vt 0.670705 0.831503
vt 0.776055 0.047397
vt 0.723053 0.843894
vt 0.732111 0.845968
vt 0.734931 0.858063
vt 0.727005 0.855099
vt 0.683293 0.844186
vt 0.673538 0.164269
vt 0.671091 0.164154
vt 0.671456 0.159113
vt 0.777159 0.051995
vt 0.787690 0.058001
vt 0.676822 0.160921
vt 0.765761 0.088184
vt 0.754353 0.876105
vt 0.666987 0.153514
vt 0.784605 0.050778
vt 0.788868 0.054209
vt 0.673109 0.154637
vt 0.669975 0.151729
vt 0.664593 0.833694
vt 0.781750 0.045546
vt 0.785574 0.048932
vt 0.661420 0.833343
vt 0.784369 0.045586
vt 0.678898 0.154857
vt 0.728389 0.863885
vt 0.732704 0.868954
vt 0.789013 0.049915
vt 0.789112 0.047007
vt 0.786428 0.044773
vt 0.791994 0.043397
vt 0.786934 0.040186
vt 0.793493 0.035359
vt 0.657742 0.838770
vt 0.967465 0.093363
vt 0.794952 0.039264
vt 0.778610 0.092347
vt 0.771511 0.110330
vt 0.657481 0.839226
vt 0.784827 0.038826
vt 0.678617 0.151753
vt 0.659139 0.842210
vt 0.788345 0.035470
vt 0.965113 0.097430
vt 0.656149 0.839315
vt 0.965872 0.093908
vt 0.746258 0.877973
vt 0.786994 0.033784
vt 0.963363 0.097696
vt 0.653639 0.843103
vt 0.962614 0.096393
vt 0.652880 0.841797
vt 0.658241 0.836298
vt 0.795904 0.035747
vt 0.656664 0.837243
vt 0.655998 0.834457
vt 0.799049 0.035752
vt 0.652945 0.835039
vt 0.654488 0.839022
vt 0.746549 0.881450
vt 0.687211 0.149241
vt 0.692692 0.152897
vt 0.797699 0.065580
vt 0.796394 0.074758
vt 0.786247 0.068078
vt 0.792983 0.058151
vt 0.666204 0.148681
vt 0.798939 0.060815
vt 0.799688 0.055995
vt 0.801617 0.058577
vt 0.739655 0.877839
vt 0.802693 0.060428
vt 0.643986 0.815785
vt 0.803903 0.054286
vt 0.667420 0.146016
vt 0.805285 0.056492
vt 0.647116 0.817586
vt 0.801983 0.064171
vt 0.643178 0.812954
vt 0.641682 0.807901
vt 0.802863 0.069992
vt 0.640325 0.812460
vt 0.671473 0.148474
vt 0.672676 0.151247
vt 0.670494 0.143797
vt 0.727161 0.868968
vt 0.731919 0.876169
vt 0.802471 0.062030
vt 0.643145 0.814851
vt 0.676952 0.148178
vt 0.638496 0.817936
vt 0.636746 0.812517
vt 0.752609 0.081632
vt 0.642033 0.819548
vt 0.648571 0.819304
vt 0.807725 0.054581
vt 0.673906 0.143831
vt 0.676773 0.138921
vt 0.682548 0.146290
vt 0.741970 0.881363
vt 0.793260 0.055124
vt 0.665254 0.138156
vt 0.739270 0.883397
vt 0.735594 0.881751
vt 0.792956 0.048944
vt 0.668774 0.133689
vt 0.638278 0.822531
vt 0.639632 0.823913
vt 0.672632 0.134258
vt 0.730247 0.884864
vt 0.730704 0.880827
vt 0.732829 0.073646
vt 0.635409 0.820340
vt 0.720741 0.859080
vt 0.634704 0.825460
vt 0.687314 0.130489
vt 0.649840 0.843333
vt 0.701970 0.141940
vt 0.643912 0.823686
vt 0.639285 0.828454
vt 0.638804 0.830726
vt 0.637038 0.829904
vt 0.624151 0.826805
vt 0.627061 0.818097
vt 0.712998 0.872410
vt 0.632953 0.830766
vt 0.636619 0.826771
vt 0.706756 0.862984
vt 0.768802 0.073531
vt 0.618866 0.834907
vt 0.719873 0.882668
vt 0.781724 0.078631
vt 0.651155 0.832443
vt 0.644199 0.832262
vt 0.649233 0.830490
vt 0.649212 0.838205
vt 0.639347 0.834032
vt 0.644891 0.838141
vt 0.723434 0.884581
vt 0.640335 0.836385
vt 0.708762 0.145537
vt 0.759320 0.878510
vt 0.643481 0.842331
vt 0.647854 0.846525
vt 0.637929 0.839016
vt 0.754327 0.881136
vt 0.801179 0.100195
vt 0.799612 0.107183
vt 0.631750 0.837081
vt 0.638764 0.764375
vt 0.639564 0.762528
vt 0.641055 0.762624
vt 0.642918 0.764120
vt 0.613855 0.840358
vt 0.630272 0.760792
vt 0.627140 0.758146
vt 0.629638 0.759232
vt 0.626775 0.762946
vt 0.621096 0.758337
vt 0.649588 0.760794
vt 0.804123 0.114521
vt 0.646791 0.763303
vt 0.648370 0.757855
vt 0.736328 0.885453
vt 0.644161 0.757230
vt 0.631973 0.767145
vt 0.633316 0.762953
vt 0.636304 0.766951
vt 0.643353 0.765990
vt 0.634656 0.769203
vt 0.646781 0.765999
vt 0.630748 0.856021
vt 0.635261 0.762245
vt 0.624918 0.765057
vt 0.631973 0.769779
vt 0.718266 0.138645
vt 0.724684 0.141566
vt 0.622083 0.762877
vt 0.626273 0.768498
vt 0.621623 0.846659
vt 0.649026 0.765528
vt 0.807374 0.111156
vt 0.635525 0.771015
vt 0.804340 0.110171
vt 0.801038 0.112979
vt 0.809621 0.106768
vt 0.632837 0.774150
vt 0.626099 0.772891
vt 0.733220 0.145187
vt 0.807400 0.100695
vt 0.635265 0.779534
vt 0.739682 0.146059
vt 0.740348 0.148379
vt 0.737504 0.141627
vt 0.734045 0.142518
vt 0.724716 0.136851
vt 0.630315 0.790799
vt 0.729006 0.137970
vt 0.728481 0.135479
vt 0.622790 0.783708
vt 0.609461 0.768414
vt 0.731510 0.134459
vt 0.732816 0.136710
vt 0.684373 0.860844
vt 0.800068 0.088275
vt 0.709284 0.132473
vt 0.708445 0.139931
vt 0.720744 0.134003
vt 0.655149 0.846044
vt 0.803725 0.079337
vt 0.640225 0.799266
vt 0.637527 0.787872
vt 0.805645 0.091573
vt 0.724485 0.128595
vt 0.714297 0.126060
vt 0.668848 0.872965
vt 0.656951 0.853877
vt 0.721131 0.117987
vt 0.652208 0.854037
vt 0.661331 0.868112
vt 0.728043 0.130709
vt 0.730828 0.128732
vt 0.728712 0.124119
vt 0.665726 0.126508
vt 0.669645 0.129873
vt 0.691042 0.874125
vt 0.676826 0.120117
vt 0.669778 0.124304
vt 0.712846 0.885253
vt 0.634004 0.803850
vt 0.698791 0.112262
vt 0.706863 0.891305
vt 0.657938 0.876509
vt 0.653587 0.875804
vt 0.648377 0.854031
vt 0.651808 0.845389
vt 0.698830 0.887749
vt 0.699594 0.891702
vt 0.670526 0.111526
vt 0.693707 0.072830
vt 0.691065 0.891265
vt 0.671041 0.096103
vt 0.683673 0.077491
vt 0.677921 0.074522
vt 0.691742 0.894139
vt 0.686384 0.894639
vt 0.678553 0.069440
vt 0.687811 0.060152
vt 0.699431 0.064100
vt 0.615678 0.872390
vt 0.701210 0.095327
vt 0.604238 0.865219
vt 0.706836 0.067688
vt 0.638831 0.887554
vt 0.699353 0.058153
vt 0.706959 0.061986
vt 0.702453 0.061207
vt 0.706734 0.058577
vt 0.708194 0.059609
vt 0.706110 0.053701
vt 0.709849 0.061408
vt 0.712765 0.058076
vt 0.708005 0.055760
vt 0.714125 0.053465
vt 0.647410 0.880649
vt 0.718302 0.079797
vt 0.724923 0.100831
vt 0.723279 0.089182
vt 0.727706 0.077623
vt 0.720541 0.075327
vt 0.715993 0.073205
vt 0.719764 0.072040
vt 0.712876 0.068368
vt 0.724714 0.073763
vt 0.719937 0.069463
vt 0.724333 0.070193
vt 0.720998 0.067188
vt 0.723672 0.065698
vt 0.726214 0.069710
vt 0.726574 0.072669
vt 0.729729 0.068622
vt 0.729937 0.087522
vt 0.622137 0.756616
vt 0.617024 0.757634
vt 0.618429 0.761093
vt 0.684297 0.892873
vt 0.618890 0.763419
vt 0.732345 0.069740
vt 0.609581 0.761804
vt 0.715278 0.067134
vt 0.715903 0.063585
vt 0.718677 0.062638
vt 0.712547 0.060833
vt 0.716016 0.059953
vt 0.673737 0.893680
vt 0.709379 0.051024
vt 0.726202 0.065472
vt 0.730787 0.065685
vt 0.728108 0.063649
vt 0.586668 0.767408
vt 0.594415 0.771213
vt 0.655253 0.885503
vt 0.733352 0.065279
vt 0.738506 0.063977
vt 0.665405 0.885106
vt 0.669511 0.078639
vt 0.714911 0.050998
vt 0.711596 0.046579
vt 0.718988 0.046819
vt 0.717555 0.049040
vt 0.716844 0.047580
vt 0.661224 0.891642
vt 0.719332 0.048752
vt 0.721704 0.049685
vt 0.724142 0.048030
vt 0.731008 0.053228
vt 0.725768 0.051462
vt 0.730099 0.047121
vt 0.734591 0.050552
vt 0.726759 0.044703
vt 0.735524 0.059663
vt 0.731048 0.061204
vt 0.737335 0.062064
vt 0.737646 0.057762
vt 0.666215 0.892677
vt 0.731309 0.058460
vt 0.734222 0.058048
vt 0.737370 0.054755
vt 0.740373 0.059981
vt 0.740876 0.056907
vt 0.677976 0.895519
vt 0.743787 0.062126
vt 0.754415 0.060235
vt 0.679775 0.897020
vt 0.748108 0.056212
vt 0.739175 0.050685
vt 0.708719 0.823380
vt 0.734537 0.047179
vt 0.714333 0.823712
vt 0.672276 0.898581
vt 0.675483 0.064755
vt 0.699143 0.826965
vt 0.748419 0.049311
vt 0.578938 0.771641
vt 0.741005 0.144375
vt 0.734593 0.131170
vt 0.737479 0.134669
vt 0.738798 0.136495
vt 0.739012 0.129399
vt 0.738452 0.127480
vt 0.734135 0.122286
vt 0.666147 0.896739
vt 0.731164 0.122977
vt 0.866697 0.129737
vt 0.742369 0.125082
vt 0.866280 0.127372
vt 0.740422 0.123231
vt 0.869720 0.128629
vt 0.875258 0.124885
vt 0.877200 0.128241
vt 0.872853 0.126578
vt 0.737141 0.122732
vt 0.739050 0.124386
vt 0.735614 0.121075
vt 0.870047 0.121786
vt 0.659374 0.896323
vt 0.651535 0.897017
vt 0.729943 0.115282
vt 0.577367 0.799047
vt 0.654783 0.899261
vt 0.733076 0.117861
vt 0.734423 0.120382
vt 0.736490 0.117961
vt 0.875295 0.122617
vt 0.740862 0.121905
vt 0.661252 0.900167
vt 0.595614 0.798760
vt 0.733464 0.112167
vt 0.742798 0.824561
vt 0.697060 0.051366
vt 0.577842 0.768800
vt 0.730298 0.826347
vt 0.707163 0.046448
vt 0.567865 0.772214
vt 0.741804 0.112869
vt 0.691017 0.042093
vt 0.749149 0.834101
vt 0.570949 0.781520
vt 0.624583 0.886630
vt 0.729757 0.103205
vt 0.565923 0.775892
vt 0.562127 0.772705
vt 0.681990 0.037321
vt 0.635387 0.898460
vt 0.733135 0.097590
vt 0.566698 0.785881
vt 0.563452 0.780648
vt 0.562762 0.788127
vt 0.560616 0.783867
vt 0.566062 0.790039
vt 0.560932 0.778529
vt 0.555885 0.778041
vt 0.638899 0.902101
vt 0.568940 0.793979
vt 0.565624 0.794875
vt 0.570865 0.802894
vt 0.727882 0.093116
vt 0.736011 0.091274
vt 0.730916 0.836046
vt 0.745008 0.146518
vt 0.703557 0.720921
vt 0.701479 0.721763
vt 0.746960 0.144628
vt 0.704979 0.723186
vt 0.698786 0.720701
vt 0.697833 0.723472
vt 0.701386 0.726831
vt 0.727905 0.825202
vt 0.709812 0.046308
vt 0.715223 0.045737
vt 0.719425 0.045026
vt 0.698583 0.729945
vt 0.713930 0.044255
vt 0.721812 0.044316
vt 0.699178 0.732804
vt 0.880214 0.137687
vt 0.694582 0.732938
vt 0.884258 0.135265
vt 0.693823 0.723942
vt 0.725169 0.825579
vt 0.710942 0.043779
vt 0.723872 0.041557
vt 0.727712 0.041425
vt 0.721940 0.826447
vt 0.726661 0.828621
vt 0.690982 0.728244
vt 0.693640 0.728943
vt 0.688391 0.733190
vt 0.719535 0.831023
vt 0.873492 0.132086
vt 0.878324 0.132866
vt 0.752247 0.132905
vt 0.886680 0.133616
vt 0.691728 0.733539
vt 0.882999 0.132268
vt 0.748565 0.131556
vt 0.881893 0.128448
vt 0.747460 0.127737
vt 0.726945 0.838681
vt 0.690773 0.734688
vt 0.753107 0.131635
vt 0.686579 0.736414
vt 0.757613 0.130228
vt 0.752056 0.126497
vt 0.591511 0.809743
vt 0.709381 0.847359
vt 0.585399 0.828441
vt 0.574350 0.811827
vt 0.762347 0.122564
vt 0.767996 0.128800
vt 0.676659 0.739102
vt 0.602957 0.828304
vt 0.745973 0.123366
vt 0.880407 0.124077
vt 0.741592 0.117592
vt 0.750403 0.120133
vt 0.781125 0.121675
vt 0.665164 0.747730
vt 0.655291 0.745542
vt 0.584760 0.842512
vt 0.652269 0.753210
vt 0.796471 0.118874
vt 0.648017 0.746816
vt 0.650065 0.749096
vt 0.600009 0.843858
vt 0.650475 0.752515
vt 0.643408 0.744799
vt 0.645792 0.748442
vt 0.642218 0.750710
vt 0.638126 0.750139
vt 0.643921 0.751242
vt 0.646189 0.751170
vt 0.648543 0.753635
vt 0.650094 0.756664
vt 0.801236 0.117348
vt 0.800538 0.051769
vt 0.802455 0.049630
vt 0.804121 0.051689
vt 0.805009 0.048608
vt 0.807640 0.049344
vt 0.798367 0.047740
vt 0.800262 0.049994
vt 0.796414 0.048248
vt 0.801747 0.046886
vt 0.794539 0.046751
vt 0.795949 0.044591
vt 0.801496 0.043422
vt 0.795883 0.041377
vt 0.808232 0.046774
vt 0.654386 0.822563
vt 0.804690 0.044647
vt 0.804137 0.041995
vt 0.654458 0.828003
vt 0.797453 0.037988
vt 0.656045 0.832172
vt 0.800458 0.038139
vt 0.652724 0.831679
vt 0.653885 0.833921
vt 0.639187 0.754139
vt 0.639463 0.751587
vt 0.640872 0.752763
vt 0.641718 0.756192
vt 0.638504 0.756517
vt 0.639770 0.758605
vt 0.637489 0.761038
vt 0.640705 0.759502
vt 0.639290 0.760789
vt 0.806998 0.051879
vt 0.637943 0.752387
vt 0.633835 0.755418
vt 0.635078 0.759011
vt 0.629268 0.757768
vt 0.631375 0.758324
vt 0.633352 0.760528
vt 0.809481 0.050228
vt 0.651880 0.820615
vt 0.649621 0.821878
vt 0.652075 0.823115
vt 0.649796 0.823714
vt 0.651985 0.827192
vt 0.649617 0.826208
vt 0.644873 0.825427
vt 0.644755 0.827762
vt 0.714181 0.059631
vt 0.715389 0.058354
vt 0.716313 0.054293
vt 0.717250 0.051306
vt 0.721605 0.063436
vt 0.741145 0.135605
vt 0.745105 0.138622
vt 0.742438 0.138566
vt 0.746141 0.136492
vt 0.744460 0.130726
vt 0.867390 0.135812
vt 0.747293 0.140593
vt 0.744912 0.141499
vt 0.748010 0.138776
vt 0.874450 0.141494
vt 0.706131 0.732391
vt 0.752268 0.135862
vt 0.750195 0.141212
vt 0.706544 0.727050
vt 0.751628 0.138061
vt 0.706709 0.730187
vt 0.704371 0.729404
vt 0.703741 0.731741
vt 0.748209 0.132112
vt 0.870824 0.137700
vt 0.719087 0.060822
vt 0.720751 0.060377
vt 0.722013 0.061980
vt 0.722795 0.060027
vt 0.874371 0.136845
vt 0.723324 0.063292
vt 0.723663 0.061569
vt 0.725294 0.062212
vt 0.739282 0.134240
vt 0.740814 0.131202
vt 0.726752 0.059952
vt 0.727176 0.061738
vt 0.741101 0.127511
vt 0.728988 0.060045
vt 0.873126 0.133550
vt 0.869132 0.131867
vt 0.871041 0.130688
vt 0.702683 0.733397
vt 0.877033 0.139319
vt 0.875410 0.133844
vt 0.720868 0.057059
vt 0.725844 0.055504
vt 0.740656 0.125948
vt 0.719227 0.053847
vt 0.722429 0.054429
vt 0.725647 0.052914
vt 0.728237 0.058468
vt 0.728268 0.055953
vt 0.118973 0.519358
vt 0.129761 0.516260
vt 0.643859 0.918975
vt 0.645916 0.915187
vt 0.228047 0.526036
vt 0.222887 0.524412
vt 0.119331 0.512205
vt 0.121042 0.468264
vt 0.706529 0.975988
vt 0.652848 0.917176
vt 0.226761 0.530616
vt 0.221509 0.528373
vt 0.231645 0.529369
vt 0.234458 0.527713
vt 0.237304 0.527786
vt 0.126066 0.525252
vt 0.704020 0.971965
vt 0.135758 0.513469
vt 0.143338 0.514168
vt 0.150783 0.518195
vt 0.148093 0.520837
vt 0.702186 0.976174
vt 0.121286 0.473200
vt 0.647811 0.909071
vt 0.699368 0.974529
vt 0.698675 0.971160
vt 0.219881 0.532635
vt 0.222803 0.535832
vt 0.144279 0.525074
vt 0.643373 0.906678
vt 0.136919 0.523630
vt 0.694587 0.971823
vt 0.132201 0.474977
vt 0.641961 0.909889
vt 0.216733 0.529817
vt 0.639511 0.914998
vt 0.216351 0.531973
vt 0.653882 0.925380
vt 0.650393 0.931678
vt 0.647404 0.925151
vt 0.646380 0.931303
vt 0.129236 0.530979
vt 0.191553 0.536422
vt 0.190270 0.540677
vt 0.187404 0.538963
vt 0.195005 0.539202
vt 0.642220 0.931189
vt 0.186309 0.545130
vt 0.149963 0.531549
vt 0.646003 0.937453
vt 0.185080 0.528575
vt 0.191022 0.522376
vt 0.143640 0.530020
vt 0.189562 0.531892
vt 0.128493 0.478929
vt 0.133087 0.481150
vt 0.144688 0.535218
vt 0.138499 0.479083
vt 0.122706 0.477506
vt 0.699233 0.977933
vt 0.120966 0.523269
vt 0.184641 0.537018
vt 0.181564 0.532961
vt 0.643400 0.922414
vt 0.118012 0.530246
vt 0.696651 0.976178
vt 0.696835 0.979992
vt 0.123700 0.481664
vt 0.180367 0.540482
vt 0.174279 0.539496
vt 0.637584 0.919266
vt 0.114139 0.520998
vt 0.634952 0.926349
vt 0.175746 0.535083
vt 0.638991 0.930333
vt 0.128896 0.483339
vt 0.632739 0.937312
vt 0.179216 0.544057
vt 0.128397 0.484659
vt 0.133069 0.484383
vt 0.124330 0.534769
vt 0.633102 0.931389
vt 0.178285 0.548300
vt 0.174741 0.543882
vt 0.144314 0.481325
vt 0.094334 0.529902
vt 0.091560 0.523159
vt 0.095538 0.523017
vt 0.097719 0.527320
vt 0.172332 0.546861
vt 0.114602 0.528515
vt 0.113795 0.532520
vt 0.142844 0.483328
vt 0.139130 0.482638
vt 0.654947 0.948648
vt 0.086137 0.523287
vt 0.658965 0.951376
vt 0.088336 0.519275
vt 0.715930 0.955860
vt 0.656476 0.944843
vt 0.150182 0.482605
vt 0.894977 0.048732
vt 0.651172 0.947661
vt 0.085606 0.526974
vt 0.712444 0.953935
vt 0.890706 0.050887
vt 0.145754 0.484743
vt 0.651688 0.943136
vt 0.136840 0.488216
vt 0.892344 0.053622
vt 0.090021 0.530899
vt 0.645996 0.947487
vt 0.086004 0.531900
vt 0.128703 0.537590
vt 0.121045 0.536273
vt 0.712060 0.965492
vt 0.712962 0.960854
vt 0.136503 0.483383
vt 0.133594 0.533615
vt 0.709016 0.962246
vt 0.123934 0.488723
vt 0.879438 0.054130
vt 0.133648 0.488279
vt 0.140974 0.486825
vt 0.886208 0.053036
vt 0.137442 0.487678
vt 0.882900 0.053744
vt 0.709826 0.951387
vt 0.133563 0.490045
vt 0.889067 0.055452
vt 0.645401 0.942271
vt 0.650537 0.938577
vt 0.707298 0.953990
vt 0.083697 0.534723
vt 0.643249 0.944914
vt 0.130483 0.492182
vt 0.885987 0.057589
vt 0.127591 0.490851
vt 0.883095 0.056258
vt 0.138810 0.494808
vt 0.094545 0.533406
vt 0.134481 0.537726
vt 0.141285 0.542021
vt 0.090015 0.539357
vt 0.694571 0.977489
vt 0.695786 0.983173
vt 0.125515 0.484842
vt 0.708156 0.947421
vt 0.129069 0.490204
vt 0.119625 0.488885
vt 0.695157 0.989465
vt 0.127320 0.489495
vt 0.694158 0.987858
vt 0.101946 0.530996
vt 0.101066 0.525368
vt 0.125990 0.492596
vt 0.131496 0.548779
vt 0.099555 0.534489
vt 0.127884 0.495855
vt 0.705829 0.967572
vt 0.131804 0.497740
vt 0.107511 0.529587
vt 0.106846 0.534619
vt 0.110275 0.535251
vt 0.704074 0.964854
vt 0.128257 0.500915
vt 0.700297 0.968608
vt 0.698789 0.956636
vt 0.133514 0.507013
vt 0.156141 0.526153
vt 0.157785 0.521541
vt 0.121975 0.491694
vt 0.122127 0.495486
vt 0.099510 0.541822
vt 0.117897 0.495988
vt 0.697440 0.965308
vt 0.120004 0.498343
vt 0.095535 0.543402
vt 0.166494 0.522135
vt 0.702139 0.952095
vt 0.114698 0.497274
vt 0.116411 0.500314
vt 0.105352 0.540996
vt 0.118199 0.502891
vt 0.162340 0.531129
vt 0.695329 0.951519
vt 0.169242 0.533453
vt 0.125928 0.507256
vt 0.109697 0.544466
vt 0.702414 0.946076
vt 0.151156 0.535711
vt 0.081696 0.538619
vt 0.639457 0.942530
vt 0.108814 0.503276
vt 0.110863 0.501037
vt 0.112178 0.505257
vt 0.109734 0.508038
vt 0.117098 0.506860
vt 0.114306 0.507326
vt 0.161726 0.535834
vt 0.158981 0.536449
vt 0.696650 0.944658
vt 0.153490 0.542777
vt 0.128052 0.512272
vt 0.085820 0.545638
vt 0.080590 0.544593
vt 0.633483 0.940880
vt 0.103792 0.508207
vt 0.173339 0.529207
vt 0.111040 0.512549
vt 0.115256 0.511607
vt 0.077106 0.545583
vt 0.105057 0.511793
vt 0.176923 0.527009
vt 0.107528 0.515536
vt 0.687628 0.950350
vt 0.692074 0.955720
vt 0.083031 0.549279
vt 0.075937 0.549596
vt 0.628796 0.935784
vt 0.692978 0.962564
vt 0.114979 0.515074
vt 0.085836 0.553486
vt 0.168544 0.538611
vt 0.111178 0.516622
vt 0.170623 0.543599
vt 0.102707 0.549600
vt 0.694426 0.968261
vt 0.096220 0.549891
vt 0.110590 0.522795
vt 0.689327 0.963841
vt 0.100003 0.557232
vt 0.691480 0.968509
vt 0.089900 0.554399
vt 0.107790 0.522780
vt 0.162321 0.541340
vt 0.685661 0.959961
vt 0.685282 0.954012
vt 0.088753 0.549938
vt 0.189056 0.511624
vt 0.688016 0.967306
vt 0.687476 0.970289
vt 0.686460 0.964916
vt 0.182087 0.505716
vt 0.684679 0.962104
vt 0.684590 0.963581
vt 0.684346 0.963444
vt 0.191229 0.508492
vt 0.197583 0.512532
vt 0.150338 0.540202
vt 0.159133 0.544371
vt 0.184778 0.512422
vt 0.689403 0.944948
vt 0.156304 0.547589
vt 0.151925 0.547382
vt 0.687907 0.941072
vt 0.154859 0.549948
vt 0.193959 0.512997
vt 0.096772 0.559022
vt 0.168621 0.546654
vt 0.189246 0.518523
vt 0.168095 0.549612
vt 0.169624 0.551326
vt 0.193511 0.516543
vt 0.183839 0.519605
vt 0.685081 0.947918
vt 0.166165 0.545298
vt 0.154128 0.481579
vt 0.898813 0.047657
vt 0.143507 0.486808
vt 0.899010 0.052215
vt 0.683741 0.941502
vt 0.684883 0.933634
vt 0.638505 0.908758
vt 0.638079 0.911730
vt 0.144313 0.493174
vt 0.163580 0.548488
vt 0.161240 0.551237
vt 0.163466 0.552876
vt 0.633973 0.914075
vt 0.634402 0.910303
vt 0.679199 0.939670
vt 0.680213 0.935612
vt 0.160200 0.547798
vt 0.633636 0.905297
vt 0.679327 0.944159
vt 0.149547 0.497272
vt 0.678224 0.956320
vt 0.090775 0.500713
vt 0.678764 0.959822
vt 0.676775 0.960709
vt 0.092644 0.501740
vt 0.152820 0.556147
vt 0.146830 0.501143
vt 0.142830 0.498394
vt 0.630781 0.919141
vt 0.681195 0.956060
vt 0.166608 0.497159
vt 0.626903 0.926780
vt 0.163001 0.503472
vt 0.677711 0.953623
vt 0.145266 0.540681
vt 0.091225 0.504947
vt 0.673775 0.957642
vt 0.095405 0.505021
vt 0.157070 0.496239
vt 0.674359 0.953646
vt 0.625650 0.921088
vt 0.675944 0.950444
vt 0.672068 0.950452
vt 0.089226 0.508246
vt 0.670702 0.954633
vt 0.148942 0.550659
vt 0.620584 0.920294
vt 0.152014 0.500574
vt 0.154240 0.504309
vt 0.681803 0.951082
vt 0.629972 0.913840
vt 0.629916 0.910064
vt 0.675544 0.945317
vt 0.625697 0.910451
vt 0.624662 0.913114
vt 0.118072 0.536539
vt 0.623352 0.916523
vt 0.114451 0.538454
vt 0.117929 0.541763
vt 0.121365 0.540399
vt 0.125754 0.542357
vt 0.122425 0.545321
vt 0.676905 0.936966
vt 0.676014 0.940974
vt 0.673018 0.938666
vt 0.618859 0.915577
vt 0.145754 0.507719
vt 0.616488 0.918103
vt 0.672565 0.934529
vt 0.618907 0.912220
vt 0.668744 0.935125
vt 0.116355 0.548357
vt 0.613458 0.916011
vt 0.153985 0.507549
vt 0.614524 0.912983
vt 0.665123 0.933033
vt 0.119928 0.548700
vt 0.667174 0.953069
vt 0.088527 0.511691
vt 0.160905 0.509665
vt 0.079489 0.556786
vt 0.157541 0.513190
vt 0.670115 0.944294
vt 0.138514 0.553712
vt 0.666782 0.940566
vt 0.085446 0.558856
vt 0.663524 0.948454
vt 0.088285 0.561538
vt 0.126831 0.549456
vt 0.088558 0.515693
vt 0.662815 0.952247
vt 0.128283 0.546309
vt 0.139779 0.488446
vt 0.895282 0.053853
vt 0.123673 0.550383
vt 0.093035 0.567076
vt 0.127202 0.554592
vt 0.077757 0.561019
vt 0.082823 0.563442
vt 0.120745 0.553750
vt 0.131228 0.554845
vt 0.657482 0.938828
vt 0.134259 0.554186
vt 0.089526 0.569051
vt 0.139515 0.505297
vt 0.131174 0.557507
vt 0.086179 0.569005
vt 0.117178 0.554565
vt 0.112160 0.551946
vt 0.133051 0.562126
vt 0.129635 0.562737
vt 0.081341 0.571143
vt 0.087159 0.572896
vt 0.091075 0.572353
vt 0.680551 0.929261
vt 0.123252 0.558251
vt 0.115392 0.559811
vt 0.081748 0.574550
vt 0.122693 0.561569
vt 0.078161 0.573965
vt 0.128333 0.558210
vt 0.125844 0.560403
vt 0.129126 0.560428
vt 0.081478 0.579209
vt 0.674811 0.926575
vt 0.625891 0.933950
vt 0.124031 0.563103
vt 0.670438 0.928303
vt 0.117850 0.562537
vt 0.074363 0.552606
vt 0.071284 0.555087
vt 0.623635 0.930647
vt 0.120553 0.563249
vt 0.115980 0.567108
vt 0.113653 0.563742
vt 0.115893 0.564145
vt 0.135675 0.510071
vt 0.143573 0.550618
vt 0.619601 0.928813
vt 0.069835 0.559206
vt 0.100423 0.504579
vt 0.096295 0.502807
vt 0.098774 0.508961
vt 0.143061 0.555031
vt 0.092196 0.509738
vt 0.146135 0.551874
vt 0.149367 0.553888
vt 0.068190 0.563258
vt 0.103874 0.504905
vt 0.173932 0.501447
vt 0.078649 0.567427
vt 0.135748 0.557050
vt 0.613523 0.919789
vt 0.615657 0.926785
vt 0.138315 0.557165
vt 0.138779 0.558402
vt 0.612886 0.924753
vt 0.066437 0.566153
vt 0.092197 0.514997
vt 0.176839 0.507553
vt 0.143696 0.558966
vt 0.137540 0.561736
vt 0.096309 0.516811
vt 0.168755 0.506182
vt 0.075103 0.569034
vt 0.112812 0.568286
vt 0.071516 0.571559
vt 0.101482 0.518098
vt 0.201558 0.512242
vt 0.206029 0.519689
vt 0.062723 0.570958
vt 0.608319 0.920514
vt 0.173132 0.515132
vt 0.168950 0.511644
vt 0.066421 0.573938
vt 0.062420 0.576119
vt 0.602951 0.919468
vt 0.070927 0.575890
vt 0.608042 0.917493
vt 0.181144 0.514940
vt 0.604171 0.915988
vt 0.194183 0.520938
vt 0.199524 0.521566
vt 0.195455 0.524608
vt 0.166183 0.517438
vt 0.170945 0.520992
vt 0.074536 0.578530
vt 0.070689 0.579053
vt 0.071816 0.583092
vt 0.211158 0.520553
vt 0.660956 0.935828
vt 0.216650 0.526076
vt 0.654492 0.935215
vt 0.657638 0.930136
vt 0.207665 0.524889
vt 0.108080 0.552610
vt 0.174726 0.521131
vt 0.105053 0.555010
vt 0.212335 0.529978
vt 0.112401 0.556631
vt 0.182523 0.522414
vt 0.107244 0.563468
vt 0.192058 0.526691
vt 0.666003 0.923818
vt 0.663843 0.919888
vt 0.111567 0.561472
vt 0.200216 0.529109
vt 0.197454 0.532350
vt 0.193372 0.533162
vt 0.111900 0.564590
vt 0.200447 0.535080
vt 0.196615 0.536143
vt 0.097382 0.565037
vt 0.103418 0.565323
vt 0.100756 0.565909
vt 0.657841 0.924954
vt 0.109618 0.565614
vt 0.106141 0.567471
vt 0.202377 0.532575
vt 0.207681 0.532668
vt 0.215346 0.534891
vt 0.212950 0.533341
vt 0.098084 0.568204
vt 0.095673 0.573957
vt 0.093395 0.570203
vt 0.096668 0.570223
vt 0.102025 0.572392
vt 0.213121 0.539346
vt 0.209271 0.539273
vt 0.205504 0.535745
vt 0.201673 0.537874
vt 0.201614 0.540984
vt 0.205406 0.539494
vt 0.066351 0.578287
vt 0.599199 0.918753
vt 0.062877 0.579615
vt 0.197577 0.538085
vt 0.198804 0.540099
vt 0.067788 0.581466
vt 0.062765 0.582258
vt 0.596661 0.917445
vt 0.600487 0.916853
vt 0.605933 0.911379
vt 0.584587 0.882777
vt 0.582369 0.873177
vt 0.587384 0.885524
vt 0.234745 0.616161
vt 0.236373 0.620535
vt 0.232352 0.620554
vt 0.233010 0.617001
vt 0.229649 0.620264
vt 0.233141 0.623144
vt 0.244307 0.621601
vt 0.352957 0.571249
vt 0.238781 0.623444
vt 0.591688 0.890194
vt 0.588874 0.877466
vt 0.239466 0.609311
vt 0.237068 0.615497
vt 0.241164 0.617694
vt 0.242018 0.603831
vt 0.595416 0.884405
vt 0.304418 0.560513
vt 0.237310 0.562939
vt 0.231435 0.539415
vt 0.230998 0.625381
vt 0.596478 0.895359
vt 0.228506 0.623869
vt 0.223733 0.621854
vt 0.547904 0.891506
vt 0.552285 0.858861
vt 0.572391 0.877541
vt 0.095268 0.607054
vt 0.561109 0.891527
vt 0.219436 0.573988
vt 0.327419 0.573131
vt 0.228443 0.587899
vt 0.219979 0.588638
vt 0.326663 0.581621
vt 0.218486 0.595396
vt 0.333989 0.584392
vt 0.215050 0.592077
vt 0.220755 0.623306
vt 0.227422 0.618584
vt 0.580367 0.889411
vt 0.217270 0.614184
vt 0.221383 0.613691
vt 0.108771 0.605840
vt 0.218208 0.618883
vt 0.213744 0.614741
vt 0.346521 0.583912
vt 0.230981 0.598449
vt 0.340782 0.581666
vt 0.236849 0.599213
vt 0.347738 0.578306
vt 0.221050 0.597990
vt 0.340071 0.587232
vt 0.338472 0.581646
vt 0.225880 0.599755
vt 0.223860 0.599421
vt 0.225233 0.597837
vt 0.343798 0.588534
vt 0.211059 0.567334
vt 0.219302 0.599811
vt 0.221600 0.604706
vt 0.336409 0.585149
vt 0.218528 0.597203
vt 0.574189 0.865204
vt 0.577958 0.878342
vt 0.232108 0.576400
vt 0.316798 0.567738
vt 0.579243 0.868686
vt 0.213938 0.612779
vt 0.221317 0.611203
vt 0.218590 0.608770
vt 0.222379 0.607030
vt 0.215669 0.604134
vt 0.213446 0.607431
vt 0.210109 0.599552
vt 0.207340 0.587862
vt 0.582113 0.884935
vt 0.209606 0.615469
vt 0.210519 0.610160
vt 0.207662 0.610174
vt 0.202605 0.617917
vt 0.212728 0.554597
vt 0.216039 0.599932
vt 0.215170 0.597481
vt 0.205701 0.563828
vt 0.213360 0.603198
vt 0.196564 0.549790
vt 0.071559 0.598983
vt 0.583521 0.902280
vt 0.079260 0.600557
vt 0.576093 0.899736
vt 0.166547 0.554972
vt 0.173881 0.551617
vt 0.172813 0.556225
vt 0.154287 0.562518
vt 0.106975 0.589584
vt 0.194779 0.602788
vt 0.078109 0.587394
vt 0.585660 0.890547
vt 0.589859 0.891818
vt 0.586047 0.896143
vt 0.590725 0.898145
vt 0.531393 0.873167
vt 0.529208 0.864582
vt 0.213107 0.544892
vt 0.178553 0.591131
vt 0.179357 0.569621
vt 0.216071 0.539518
vt 0.209620 0.541797
vt 0.205783 0.544902
vt 0.496748 0.826867
vt 0.163878 0.667213
vt 0.683648 0.966461
vt 0.684084 0.963323
vt 0.681103 0.963323
vt 0.506395 0.832565
vt 0.501429 0.836855
vt 0.158618 0.657583
vt 0.215488 0.537432
vt 0.204379 0.541933
vt 0.615390 0.881748
vt 0.677919 0.961981
vt 0.092508 0.499022
vt 0.508820 0.845928
vt 0.234862 0.535524
vt 0.229318 0.534548
vt 0.500433 0.857565
vt 0.502337 0.852610
vt 0.152805 0.646491
vt 0.506073 0.855478
vt 0.503560 0.850040
vt 0.507235 0.851975
vt 0.224483 0.537865
vt 0.511827 0.854139
vt 0.508896 0.859971
vt 0.513035 0.859307
vt 0.518621 0.853073
vt 0.511472 0.851837
vt 0.516494 0.859359
vt 0.516760 0.855031
vt 0.529527 0.841714
vt 0.534626 0.850868
vt 0.150736 0.608310
vt 0.095718 0.499384
vt 0.142011 0.605627
vt 0.508421 0.862115
vt 0.514350 0.860979
vt 0.513423 0.864263
vt 0.516144 0.862872
vt 0.520015 0.857944
vt 0.519169 0.861960
vt 0.144313 0.587469
vt 0.524564 0.858414
vt 0.539450 0.847197
vt 0.518825 0.867167
vt 0.134027 0.577706
vt 0.190387 0.637226
vt 0.202599 0.546632
vt 0.196792 0.625202
vt 0.167738 0.636517
vt 0.186172 0.551659
vt 0.195250 0.542940
vt 0.192525 0.546091
vt 0.186928 0.548059
vt 0.180289 0.550037
vt 0.200941 0.543994
vt 0.208389 0.622407
vt 0.516983 0.876813
vt 0.136492 0.612579
vt 0.521542 0.883670
vt 0.513116 0.883113
vt 0.145317 0.613541
vt 0.146919 0.617961
vt 0.510877 0.878717
vt 0.185808 0.617686
vt 0.151517 0.615574
vt 0.545352 0.806566
vt 0.533515 0.819077
vt 0.617413 0.901355
vt 0.626821 0.902886
vt 0.124848 0.608392
vt 0.532519 0.887959
vt 0.161017 0.652636
vt 0.624393 0.906267
vt 0.138195 0.567796
vt 0.161310 0.646588
vt 0.157668 0.649620
vt 0.501598 0.845011
vt 0.501488 0.847806
vt 0.157101 0.647083
vt 0.160413 0.643137
vt 0.504820 0.847414
vt 0.162266 0.640374
vt 0.129659 0.568241
vt 0.610883 0.906478
vt 0.614577 0.908638
vt 0.158803 0.629726
vt 0.166030 0.630283
vt 0.161687 0.631409
vt 0.154536 0.628469
vt 0.153868 0.630519
vt 0.175448 0.626243
vt 0.168932 0.627814
vt 0.164825 0.634083
vt 0.163588 0.627512
vt 0.165413 0.624104
vt 0.129079 0.565783
vt 0.174351 0.612582
vt 0.123248 0.572981
vt 0.118816 0.569351
vt 0.087913 0.582970
vt 0.122283 0.566845
vt 0.086055 0.578264
vt 0.081924 0.581819
vt 0.090530 0.579223
vt 0.158167 0.622294
vt 0.553439 0.796194
vt 0.554309 0.784293
vt 0.150645 0.559533
vt 0.141691 0.563016
vt 0.560224 0.790320
vt 0.558528 0.798530
vt 0.156985 0.556803
vt 0.562525 0.804924
vt 0.563842 0.798708
vt 0.561162 0.814416
vt 0.108546 0.570937
vt 0.567259 0.804282
vt 0.105624 0.573951
vt 0.097521 0.576180
vt 0.135167 0.564267
vt 0.098611 0.580534
vt 0.092002 0.577364
vt 0.558550 0.823197
vt 0.550351 0.846561
vt 0.156896 0.638238
vt 0.158739 0.642487
vt 0.153337 0.642359
vt 0.500717 0.850553
vt 0.155445 0.645348
vt 0.160672 0.639728
vt 0.153288 0.639150
vt 0.162363 0.635620
vt 0.155685 0.635110
vt 0.576387 0.833048
vt 0.576257 0.826419
vt 0.156415 0.623666
vt 0.595959 0.906522
vt 0.568229 0.842227
vt 0.565322 0.830022
vt 0.569357 0.832701
vt 0.561153 0.843361
vt 0.110256 0.575710
vt 0.151110 0.623717
vt 0.147938 0.627373
vt 0.146080 0.622238
vt 0.507859 0.876233
vt 0.509568 0.876802
vt 0.146656 0.620338
vt 0.152653 0.618772
vt 0.113847 0.572152
vt 0.149913 0.620493
vt 0.514250 0.869785
vt 0.504231 0.872567
vt 0.142386 0.626869
vt 0.504264 0.874362
vt 0.143168 0.625262
vt 0.144474 0.627066
vt 0.506291 0.870376
vt 0.505743 0.873297
vt 0.590584 0.912304
vt 0.510033 0.874328
vt 0.593440 0.909391
vt 0.513014 0.875017
vt 0.114905 0.569545
vt 0.515022 0.871424
vt 0.586661 0.910919
vt 0.067748 0.590963
vt 0.063782 0.589687
vt 0.073996 0.584519
vt 0.067948 0.586751
vt 0.334434 0.549983
vt 0.689814 0.974257
vt 0.686359 0.980318
vt 0.683485 0.977634
vt 0.684437 0.973354
vt 0.691832 0.974565
vt 0.342352 0.565922
vt 0.598742 0.913037
vt 0.553331 0.851344
vt 0.683161 0.969907
vt 0.067729 0.584367
vt 0.678771 0.973551
vt 0.677961 0.969570
vt 0.597805 0.910717
vt 0.595581 0.910698
vt 0.595382 0.914023
vt 0.062853 0.587224
vt 0.592287 0.914551
vt 0.063481 0.585028
vt 0.593673 0.916630
vt 0.561743 0.849969
vt 0.686182 0.983717
vt 0.688962 0.982990
vt 0.567460 0.814262
vt 0.565624 0.817715
vt 0.688902 0.986081
vt 0.108981 0.483677
vt 0.681388 0.990493
vt 0.684356 0.985132
vt 0.693171 0.984525
vt 0.691378 0.978522
vt 0.569286 0.807683
vt 0.112930 0.485892
vt 0.686248 0.990487
vt 0.691441 0.989854
vt 0.116908 0.487423
vt 0.112797 0.488983
vt 0.573495 0.817604
vt 0.108408 0.491987
vt 0.108618 0.486058
vt 0.571315 0.817265
vt 0.112941 0.492315
vt 0.117302 0.493425
vt 0.111284 0.494984
vt 0.569580 0.824662
vt 0.572924 0.826949
vt 0.095749 0.496565
vt 0.674071 0.964917
vt 0.673657 0.971826
vt 0.672701 0.967139
vt 0.096071 0.494444
vt 0.678904 0.965482
vt 0.108688 0.494928
vt 0.573234 0.832319
vt 0.105252 0.496255
vt 0.101511 0.493166
vt 0.103957 0.499418
vt 0.100901 0.495909
vt 0.108363 0.500422
vt 0.101210 0.501263
vt 0.105503 0.502365
vt 0.578770 0.838911
vt 0.347038 0.573361
vt 0.348423 0.567462
vt 0.348879 0.570790
vt 0.345885 0.568113
vt 0.347191 0.565364
vt 0.586354 0.847320
vt 0.579631 0.844568
vt 0.582642 0.848714
vt 0.244102 0.617438
vt 0.242394 0.600828
vt 0.350213 0.573725
vt 0.570730 0.842310
vt 0.570656 0.847377
vt 0.335238 0.576664
vt 0.572828 0.853763
vt 0.342223 0.573387
vt 0.341811 0.576346
vt 0.576306 0.846524
vt 0.574518 0.839134
vt 0.577084 0.840211
vt 0.580333 0.851221
vt 0.575449 0.850574
vt 0.338894 0.577686
vt 0.334211 0.580508
vt 0.588979 0.857832
vt 0.578927 0.855190
vt 0.576587 0.860042
vt 0.585599 0.863705
vt 0.582113 0.860659
vt 0.580814 0.863949
vt 0.605051 0.870829
vt 0.588981 0.870101
vt 0.585174 0.870517
vt 0.235628 0.610293
vt 0.237182 0.611501
vt 0.235692 0.613729
vt 0.234525 0.611971
vt 0.237990 0.606732
vt 0.233503 0.614117
vt 0.231690 0.615686
vt 0.231694 0.613376
vt 0.229417 0.615194
vt 0.233427 0.609485
vt 0.235012 0.607973
vt 0.236257 0.604509
vt 0.233478 0.605667
vt 0.237608 0.602403
vt 0.233937 0.603034
vt 0.234013 0.600834
vt 0.231906 0.601337
vt 0.231000 0.603707
vt 0.229660 0.612365
vt 0.227726 0.614066
vt 0.229909 0.606662
vt 0.228034 0.604771
vt 0.223922 0.612139
vt 0.223736 0.609519
vt 0.228874 0.599596
vt 0.228229 0.601703
vt 0.224461 0.604532
vt 0.224177 0.602372
vt 0.150078 0.639633
vt 0.150797 0.641796
vt 0.147639 0.642150
vt 0.498700 0.857843
vt 0.499355 0.854975
vt 0.150273 0.643695
vt 0.145731 0.640806
vt 0.500261 0.859710
vt 0.501155 0.864037
vt 0.145025 0.636373
vt 0.504436 0.859099
vt 0.505990 0.861079
vt 0.505356 0.862207
vt 0.504108 0.865778
vt 0.142326 0.634287
vt 0.505938 0.867727
vt 0.507729 0.865845
vt 0.150272 0.629889
vt 0.153316 0.632882
vt 0.150863 0.634189
vt 0.147547 0.629793
vt 0.502941 0.870338
vt 0.143667 0.629300
vt 0.675241 0.980608
vt 0.677292 0.982349
vt 0.675040 0.983163
vt 0.103056 0.476339
vt 0.104351 0.477776
vt 0.676137 0.985088
vt 0.679413 0.984492
vt 0.101546 0.477439
vt 0.673150 0.981970
vt 0.102132 0.479046
vt 0.677412 0.979784
vt 0.681914 0.979952
vt 0.682187 0.982559
vt 0.679824 0.977344
vt 0.675792 0.976434
vt 0.105591 0.482568
vt 0.098856 0.479751
vt 0.671108 0.979005
vt 0.099979 0.481380
vt 0.671971 0.976223
vt 0.670419 0.975248
vt 0.668111 0.977391
vt 0.098107 0.483394
vt 0.668210 0.974308
vt 0.096945 0.486417
vt 0.096045 0.489629
vt 0.669788 0.971451
vt 0.103873 0.483442
vt 0.105721 0.487397
vt 0.101810 0.484765
vt 0.103150 0.490577
vt 0.098791 0.487537
vt 0.098164 0.490865
usemtl mat
f 3/3 4/4 5/5
f 8/8 9/9 2/2
f 6/6 7/7 10/10
f 9/9 1/1 2/2
f 5/5 11/11 3/3
f 12/12 6/6 10/10
f 18/18 14/14 15/15
f 14/14 18/18 13/13
f 21/21 13/13 18/18
f 13/13 21/21 22/22
f 23/23 24/24 14/14
f 14/14 13/13 22/22
f 26/26 22/22 21/21
f 27/27 25/25 10/10
f 28/28 22/22 26/26
f 29/29 10/10 25/25
f 12/12 10/10 29/29
f 22/22 30/30 14/14
f 22/22 31/31 30/30
f 22/22 28/28 31/31
f 32/32 33/33 34/34
f 20/20 35/35 19/19
f 32/32 25/25 33/33
f 29/29 25/25 32/32
f 3/3 36/36 37/37
f 37/37 36/36 38/38
f 32/32 34/34 39/39
f 40/40 9/9 8/8
f 11/11 36/36 3/3
f 39/39 41/41 32/32
f 716/716 42/42 23/23
f 32/32 41/41 43/43
f 30/30 23/23 14/14
f 716/716 23/23 30/30
f 9/9 40/40 45/45
f 9/9 45/45 46/46
f 40/40 8/8 35/35
f 35/35 8/8 19/19
f 40/40 35/35 49/49
f 1/1 44/44 50/50
f 29/29 32/32 52/52
f 47/47 53/53 51/51
f 44/44 1/1 9/9
f 44/44 9/9 46/46
f 54/54 55/55 53/53
f 51/51 53/53 55/55
f 52/52 32/32 43/43
f 43/43 56/56 52/52
f 52/52 56/56 1/1
f 58/58 59/59 60/60
f 60/60 59/59 61/61
f 54/54 62/62 55/55
f 63/63 64/64 65/65
f 66/66 63/63 65/65
f 67/67 64/64 63/63
f 62/62 64/64 68/68
f 69/69 70/70 20/20
f 71/71 5/5 111/111
f 1/1 50/50 52/52
f 50/50 71/71 111/111
f 55/55 62/62 68/68
f 51/51 55/55 68/68
f 72/72 12/12 73/73
f 12/12 74/74 73/73
f 51/51 68/68 57/57
f 69/69 51/51 57/57
f 6/6 12/12 72/72
f 67/67 75/75 64/64
f 64/64 75/75 76/76
f 44/44 46/46 77/77
f 78/78 60/60 67/67
f 57/57 79/79 69/69
f 77/77 50/50 44/44
f 77/77 80/80 50/50
f 67/67 60/60 61/61
f 80/80 77/77 82/82
f 83/83 71/71 50/50
f 75/75 67/67 61/61
f 71/71 83/83 84/84
f 85/85 84/84 83/83
f 85/85 86/86 84/84
f 86/86 85/85 87/87
f 68/68 76/76 57/57
f 86/86 87/87 24/24
f 76/76 68/68 64/64
f 80/80 83/83 50/50
f 89/89 70/70 69/69
f 20/20 51/51 69/69
f 83/83 80/80 82/82
f 90/90 87/87 85/85
f 12/12 29/29 91/91
f 11/11 5/5 71/71
f 74/74 12/12 92/92
f 81/81 74/74 92/92
f 70/70 35/35 20/20
f 11/11 84/84 36/36
f 84/84 11/11 71/71
f 93/93 39/39 94/94
f 39/39 93/93 41/41
f 95/95 41/41 93/93
f 96/96 95/95 93/93
f 97/97 36/36 84/84
f 99/99 93/93 94/94
f 99/99 96/96 93/93
f 96/96 99/99 100/100
f 96/96 98/98 95/95
f 101/101 98/98 100/100
f 36/36 102/102 38/38
f 91/91 92/92 12/12
f 100/100 98/98 96/96
f 103/103 92/92 91/91
f 105/105 104/104 106/106
f 97/97 102/102 36/36
f 41/41 95/95 43/43
f 35/35 107/107 49/49
f 43/43 95/95 56/56
f 95/95 108/108 56/56
f 95/95 98/98 108/108
f 109/109 107/107 35/35
f 100/100 110/110 101/101
f 29/29 111/111 91/91
f 112/112 102/102 97/97
f 108/108 98/98 19/19
f 5/5 91/91 111/111
f 35/35 70/70 109/109
f 101/101 19/19 98/98
f 70/70 89/89 109/109
f 20/20 19/19 101/101
f 84/84 86/86 97/97
f 109/109 116/116 114/114
f 109/109 89/89 116/116
f 116/116 89/89 118/118
f 24/24 97/97 86/86
f 97/97 23/23 112/112
f 29/29 52/52 111/111
f 119/119 110/110 120/120
f 111/111 52/52 50/50
f 120/120 47/47 119/119
f 87/87 121/121 24/24
f 123/123 122/122 88/88
f 121/121 15/15 24/24
f 110/110 119/119 101/101
f 124/124 125/125 18/18
f 119/119 47/47 20/20
f 125/125 124/124 126/126
f 126/126 26/26 125/125
f 18/18 125/125 21/21
f 125/125 26/26 21/21
f 119/119 20/20 101/101
f 127/127 46/46 128/128
f 45/45 128/128 46/46
f 129/129 128/128 45/45
f 45/45 40/40 49/49
f 45/45 49/49 129/129
f 49/49 107/107 131/131
f 51/51 20/20 47/47
f 107/107 132/132 131/131
f 133/133 107/107 109/109
f 107/107 133/133 132/132
f 97/97 24/24 23/23
f 132/132 133/133 135/135
f 137/137 133/133 109/109
f 136/136 138/138 134/134
f 137/137 135/135 133/133
f 109/109 114/114 137/137
f 126/126 139/139 138/138
f 138/138 139/139 134/134
f 139/139 140/140 134/134
f 91/91 104/104 103/103
f 113/113 138/138 136/136
f 138/138 1417/1417 126/126
f 106/106 104/104 142/142
f 1417/1417 138/138 143/143
f 143/143 138/138 113/113
f 56/56 108/108 2/2
f 143/143 113/113 115/115
f 14/14 24/24 15/15
f 142/142 104/104 4/4
f 139/139 144/144 145/145
f 139/139 126/126 144/144
f 144/144 124/124 145/145
f 4/4 104/104 5/5
f 144/144 126/126 124/124
f 91/91 5/5 104/104
f 108/108 19/19 8/8
f 8/8 2/2 108/108
f 4/4 146/146 142/142
f 130/130 26/26 126/126
f 130/130 126/126 1417/1417
f 3/3 146/146 4/4
f 56/56 2/2 1/1
f 112/112 23/23 42/42
f 147/147 148/148 149/149
f 150/150 151/151 149/149
f 152/152 151/151 153/153
f 148/148 150/150 149/149
f 150/150 153/153 151/151
f 154/154 155/155 156/156
f 151/151 157/157 158/158
f 151/151 159/159 157/157
f 157/157 159/159 160/160
f 158/158 157/157 156/156
f 159/159 152/152 161/161
f 156/156 157/157 160/160
f 162/162 159/159 161/161
f 158/158 163/163 164/164
f 149/149 164/164 147/147
f 149/149 158/158 164/164
f 163/163 158/158 155/155
f 155/155 158/158 156/156
f 158/158 149/149 151/151
f 152/152 159/159 151/151
f 165/165 166/166 167/167
f 168/168 165/165 169/169
f 166/166 165/165 168/168
f 170/170 167/167 166/166
f 152/152 153/153 173/173
f 168/168 174/174 166/166
f 175/175 172/172 176/176
f 177/177 168/168 178/178
f 162/162 161/161 179/179
f 180/180 166/166 174/174
f 170/170 166/166 180/180
f 181/181 161/161 152/152
f 177/177 174/174 168/168
f 181/181 152/152 173/173
f 182/182 172/172 171/171
f 180/180 183/183 170/170
f 174/174 183/183 180/180
f 174/174 177/177 184/184
f 171/171 172/172 175/175
f 174/174 184/184 183/183
f 161/161 181/181 179/179
f 177/177 178/178 185/185
f 184/184 177/177 185/185
f 186/186 184/184 185/185
f 187/187 188/188 170/170
f 170/170 188/188 167/167
f 189/189 156/156 160/160
f 190/190 156/156 189/189
f 189/189 160/160 162/162
f 154/154 156/156 190/190
f 189/189 191/191 190/190
f 189/189 192/192 191/191
f 188/188 154/154 190/190
f 193/193 154/154 187/187
f 154/154 193/193 155/155
f 193/193 163/163 155/155
f 188/188 187/187 154/154
f 196/196 187/187 170/170
f 167/167 190/190 191/191
f 191/191 165/165 167/167
f 190/190 167/167 188/188
f 168/168 169/169 178/178
f 181/181 198/198 179/179
f 192/192 162/162 179/179
f 198/198 192/192 179/179
f 191/191 192/192 198/198
f 175/175 197/197 194/194
f 199/199 198/198 200/200
f 169/169 165/165 191/191
f 201/201 196/196 170/170
f 202/202 170/170 183/183
f 183/183 184/184 203/203
f 178/178 169/169 198/198
f 203/203 184/184 186/186
f 183/183 203/203 204/204
f 186/186 206/206 203/203
f 207/207 175/175 208/208
f 175/175 209/209 208/208
f 208/208 209/209 210/210
f 202/202 183/183 204/204
f 202/202 201/201 170/170
f 211/211 204/204 203/203
f 199/199 178/178 198/198
f 195/195 209/209 194/194
f 212/212 203/203 206/206
f 211/211 213/213 204/204
f 211/211 203/203 212/212
f 209/209 175/175 194/194
f 214/214 164/164 163/163
f 214/214 7/7 164/164
f 195/195 215/215 209/209
f 205/205 215/215 195/195
f 209/209 215/215 210/210
f 216/216 196/196 201/201
f 163/163 217/217 214/214
f 193/193 217/217 163/163
f 218/218 217/217 193/193
f 219/219 7/7 220/220
f 217/217 221/221 214/214
f 221/221 220/220 214/214
f 217/217 218/218 221/221
f 222/222 220/220 221/221
f 222/222 219/219 220/220
f 220/220 7/7 214/214
f 187/187 218/218 193/193
f 225/225 221/221 218/218
f 225/225 222/222 221/221
f 226/226 227/227 228/228
f 229/229 225/225 218/218
f 226/226 230/230 227/227
f 229/229 218/218 187/187
f 178/178 199/199 185/185
f 219/219 222/222 231/231
f 206/206 185/185 199/199
f 27/27 33/33 25/25
f 225/225 231/231 222/222
f 219/219 231/231 27/27
f 231/231 225/225 232/232
f 233/233 33/33 27/27
f 233/233 27/27 231/231
f 206/206 186/186 185/185
f 219/219 10/10 7/7
f 236/236 128/128 129/129
f 212/212 206/206 235/235
f 237/237 212/212 235/235
f 127/127 128/128 238/238
f 239/239 238/238 128/128
f 238/238 240/240 127/127
f 238/238 242/242 240/240
f 244/244 242/242 238/238
f 219/219 27/27 10/10
f 206/206 245/245 235/235
f 238/238 246/246 244/244
f 247/247 238/238 239/239
f 246/246 238/238 247/247
f 206/206 199/199 248/248
f 246/246 247/247 249/249
f 243/243 250/250 241/241
f 252/252 253/253 250/250
f 231/231 255/255 233/233
f 250/250 243/243 252/252
f 34/34 33/33 233/233
f 256/256 252/252 243/243
f 207/207 234/234 223/223
f 258/258 260/260 254/254
f 262/262 258/258 254/254
f 248/248 199/199 264/264
f 263/263 253/253 252/252
f 252/252 256/256 263/263
f 266/266 263/263 256/256
f 268/268 262/262 265/265
f 248/248 245/245 206/206
f 129/129 49/49 131/131
f 131/131 236/236 129/129
f 239/239 128/128 236/236
f 239/239 236/236 269/269
f 269/269 236/236 270/270
f 270/270 236/236 131/131
f 271/271 239/239 269/269
f 270/270 272/272 269/269
f 269/269 272/272 271/271
f 270/270 131/131 132/132
f 175/175 207/207 171/171
f 273/273 272/272 270/270
f 273/273 270/270 132/132
f 273/273 132/132 135/135
f 274/274 273/273 141/141
f 135/135 141/141 273/273
f 140/140 139/139 145/145
f 140/140 145/145 276/276
f 247/247 239/239 271/271
f 249/249 247/247 271/271
f 272/272 277/277 271/271
f 278/278 249/249 271/271
f 278/278 271/271 279/279
f 271/271 277/277 279/279
f 207/207 223/223 171/171
f 272/272 274/274 277/277
f 279/279 277/277 274/274
f 273/273 274/274 272/272
f 275/275 140/140 281/281
f 281/281 140/140 282/282
f 280/280 275/275 281/281
f 285/285 284/284 283/283
f 285/285 283/283 286/286
f 287/287 280/280 281/281
f 285/285 286/286 290/290
f 291/291 293/293 258/258
f 293/293 291/291 294/294
f 262/262 291/291 258/258
f 213/213 211/211 212/212
f 213/213 212/212 237/237
f 295/295 204/204 213/213
f 268/268 291/291 262/262
f 296/296 202/202 295/295
f 297/297 291/291 268/268
f 291/291 297/297 294/294
f 297/297 299/299 294/294
f 300/300 299/299 297/297
f 147/147 72/72 148/148
f 276/276 145/145 301/301
f 148/148 73/73 150/150
f 282/282 140/140 276/276
f 148/148 72/72 73/73
f 302/302 276/276 301/301
f 282/282 276/276 302/302
f 303/303 305/305 294/294
f 299/299 303/303 294/294
f 306/306 303/303 299/299
f 304/304 301/301 308/308
f 204/204 295/295 202/202
f 308/308 301/301 18/18
f 307/307 301/301 304/304
f 6/6 72/72 147/147
f 147/147 164/164 7/7
f 310/310 299/299 300/300
f 295/295 213/213 313/313
f 313/313 296/296 295/295
f 299/299 310/310 306/306
f 302/302 301/301 307/307
f 147/147 7/7 6/6
f 296/296 313/313 314/314
f 314/314 313/313 315/315
f 281/281 316/316 287/287
f 282/282 316/316 281/281
f 316/316 282/282 302/302
f 201/201 202/202 296/296
f 317/317 316/316 302/302
f 319/319 201/201 296/296
f 320/320 319/319 296/296
f 317/317 287/287 316/316
f 302/302 307/307 322/322
f 73/73 153/153 150/150
f 323/323 324/324 153/153
f 153/153 324/324 173/173
f 322/322 317/317 302/302
f 325/325 205/205 326/326
f 322/322 307/307 311/311
f 327/327 321/321 312/312
f 312/312 329/329 327/327
f 300/300 328/328 310/310
f 320/320 296/296 314/314
f 323/323 153/153 73/73
f 330/330 324/324 323/323
f 331/331 216/216 201/201
f 173/173 324/324 332/332
f 330/330 332/332 324/324
f 74/74 323/323 73/73
f 333/333 205/205 325/325
f 205/205 333/333 215/215
f 323/323 74/74 330/330
f 334/334 215/215 333/333
f 325/325 335/335 333/333
f 325/325 336/336 335/335
f 330/330 74/74 81/81
f 335/335 337/337 333/333
f 337/337 334/334 333/333
f 338/338 334/334 337/337
f 337/337 339/339 338/338
f 340/340 337/337 335/335
f 340/340 335/335 336/336
f 339/339 337/337 340/340
f 332/332 330/330 341/341
f 81/81 341/341 330/330
f 331/331 201/201 319/319
f 301/301 145/145 124/124
f 215/215 334/334 210/210
f 181/181 173/173 332/332
f 181/181 332/332 200/200
f 181/181 200/200 198/198
f 342/342 338/338 339/339
f 343/343 339/339 340/340
f 289/289 344/344 279/279
f 345/345 210/210 346/346
f 346/346 334/334 338/338
f 346/346 210/210 334/334
f 208/208 210/210 345/345
f 347/347 348/348 349/349
f 346/346 338/338 350/350
f 350/350 338/338 342/342
f 342/342 339/339 351/351
f 348/348 347/347 352/352
f 351/351 339/339 343/343
f 353/353 347/347 354/354
f 350/350 342/342 356/356
f 357/357 355/355 358/358
f 359/359 352/352 347/347
f 359/359 347/347 353/353
f 81/81 92/92 360/360
f 361/361 362/362 363/363
f 364/364 345/345 346/346
f 365/365 353/353 354/354
f 353/353 365/365 366/366
f 364/364 346/346 350/350
f 367/367 364/364 350/350
f 355/355 368/368 320/320
f 353/353 366/366 369/369
f 355/355 320/320 314/314
f 370/370 367/367 371/371
f 372/372 369/369 366/366
f 373/373 364/364 367/367
f 374/374 375/375 376/376
f 373/373 367/367 370/370
f 356/356 377/377 350/350
f 367/367 350/350 377/377
f 374/374 379/379 375/375
f 380/380 375/375 379/379
f 382/382 371/371 367/367
f 375/375 380/380 383/383
f 370/370 371/371 384/384
f 382/382 367/367 377/377
f 362/362 385/385 384/384
f 386/386 383/383 380/380
f 386/386 380/380 387/387
f 368/368 355/355 357/357
f 388/388 386/386 387/387
f 380/380 389/389 387/387
f 391/391 392/392 393/393
f 391/391 393/393 394/394
f 391/391 394/394 395/395
f 392/392 384/384 393/393
f 394/394 393/393 371/371
f 396/396 200/200 332/332
f 397/397 392/392 391/391
f 376/376 398/398 348/348
f 352/352 376/376 348/348
f 341/341 396/396 332/332
f 362/362 384/384 392/392
f 397/397 362/362 392/392
f 374/374 376/376 352/352
f 359/359 374/374 352/352
f 359/359 399/399 374/374
f 384/384 400/400 370/370
f 384/384 385/385 400/400
f 401/401 364/364 373/373
f 400/400 361/361 373/373
f 373/373 361/361 401/401
f 400/400 373/373 370/370
f 362/362 400/400 385/385
f 381/381 378/378 390/390
f 374/374 399/399 379/379
f 379/379 399/399 403/403
f 400/400 362/362 361/361
f 378/378 402/402 390/390
f 403/403 399/399 404/404
f 320/320 349/349 331/331
f 384/384 371/371 393/393
f 331/331 319/319 320/320
f 394/394 371/371 405/405
f 406/406 387/387 389/389
f 359/359 353/353 408/408
f 359/359 408/408 399/399
f 353/353 369/369 408/408
f 409/409 408/408 369/369
f 404/404 399/399 408/408
f 369/369 372/372 409/409
f 409/409 372/372 410/410
f 360/360 341/341 81/81
f 320/320 368/368 354/354
f 412/412 372/372 366/366
f 413/413 341/341 360/360
f 411/411 366/366 365/365
f 103/103 360/360 92/92
f 354/354 349/349 320/320
f 411/411 412/412 366/366
f 341/341 413/413 396/396
f 414/414 412/412 411/411
f 417/417 414/414 411/411
f 200/200 396/396 418/418
f 419/419 420/420 421/421
f 360/360 103/103 105/105
f 419/419 422/422 420/420
f 103/103 104/104 105/105
f 423/423 213/213 237/237
f 360/360 105/105 413/413
f 413/413 105/105 106/106
f 412/412 424/424 372/372
f 424/424 410/410 372/372
f 424/424 425/425 410/410
f 426/426 425/425 424/424
f 413/413 106/106 427/427
f 426/426 428/428 425/425
f 429/429 430/430 431/431
f 431/431 432/432 429/429
f 433/433 435/435 437/437
f 428/428 433/433 437/437
f 434/434 438/438 436/436
f 431/431 438/438 434/434
f 421/421 439/439 432/432
f 421/421 432/432 440/440
f 441/441 421/421 440/440
f 427/427 442/442 413/413
f 443/443 424/424 412/412
f 412/412 414/414 443/443
f 443/443 426/426 424/424
f 396/396 413/413 442/442
f 442/442 418/418 396/396
f 313/313 213/213 423/423
f 443/443 445/445 426/426
f 423/423 315/315 313/313
f 444/444 440/440 446/446
f 440/440 432/432 446/446
f 423/423 237/237 235/235
f 428/428 426/426 445/445
f 440/440 444/444 415/415
f 441/441 440/440 415/415
f 447/447 418/418 442/442
f 355/355 314/314 315/315
f 315/315 423/423 448/448
f 420/420 429/429 439/439
f 439/439 429/429 432/432
f 235/235 450/450 423/423
f 448/448 423/423 450/450
f 421/421 420/420 439/439
f 450/450 451/451 448/448
f 452/452 451/451 450/450
f 418/418 407/407 200/200
f 453/453 419/419 421/421
f 450/450 235/235 245/245
f 447/447 407/407 418/418
f 431/431 454/454 432/432
f 446/446 432/432 454/454
f 455/455 428/428 445/445
f 428/428 455/455 433/433
f 456/456 450/450 245/245
f 454/454 431/431 434/434
f 450/450 456/456 452/452
f 457/457 458/458 459/459
f 456/456 460/460 452/452
f 458/458 227/227 459/459
f 248/248 456/456 245/245
f 461/461 456/456 248/248
f 264/264 461/461 248/248
f 234/234 207/207 208/208
f 462/462 461/461 264/264
f 227/227 458/458 195/195
f 407/407 199/199 200/200
f 463/463 208/208 345/345
f 208/208 463/463 234/234
f 464/464 460/460 465/465
f 456/456 461/461 466/466
f 466/466 460/460 456/456
f 467/467 315/315 448/448
f 284/284 315/315 467/467
f 401/401 463/463 345/345
f 467/467 283/283 284/284
f 358/358 315/315 284/284
f 358/358 355/355 315/315
f 467/467 451/451 468/468
f 467/467 448/448 451/451
f 452/452 469/469 451/451
f 468/468 451/451 469/469
f 286/286 467/467 468/468
f 283/283 467/467 286/286
f 470/470 407/407 447/447
f 471/471 463/463 401/401
f 472/472 471/471 361/361
f 361/361 471/471 401/401
f 471/471 473/473 463/463
f 463/463 473/473 449/449
f 468/468 469/469 474/474
f 345/345 364/364 401/401
f 449/449 234/234 463/463
f 474/474 469/469 452/452
f 460/460 474/474 452/452
f 458/458 475/475 195/195
f 474/474 460/460 464/464
f 476/476 475/475 458/458
f 477/477 468/468 474/474
f 477/477 286/286 468/468
f 478/478 477/477 474/474
f 477/477 290/290 286/286
f 290/290 477/477 478/478
f 478/478 474/474 464/464
f 386/386 457/457 383/383
f 479/479 457/457 386/386
f 229/229 187/187 196/196
f 388/388 387/387 406/406
f 216/216 229/229 196/196
f 479/479 458/458 457/457
f 386/386 480/480 481/481
f 386/386 481/481 479/479
f 481/481 458/458 479/479
f 386/386 388/388 480/480
f 388/388 406/406 480/480
f 229/229 232/232 225/225
f 481/481 480/480 482/482
f 480/480 406/406 483/483
f 484/484 358/358 284/284
f 485/485 480/480 483/483
f 486/486 284/284 285/285
f 486/486 285/285 290/290
f 484/484 284/284 486/486
f 488/488 406/406 389/389
f 489/489 232/232 229/229
f 481/481 490/490 491/491
f 481/481 491/491 458/458
f 486/486 492/492 484/484
f 255/255 231/231 493/493
f 231/231 232/232 493/493
f 492/492 486/486 494/494
f 491/491 495/495 458/458
f 495/495 491/491 490/490
f 481/481 482/482 490/490
f 489/489 493/493 232/232
f 482/482 480/480 485/485
f 482/482 485/485 496/496
f 482/482 497/497 490/490
f 497/497 482/482 496/496
f 422/422 490/490 497/497
f 498/498 290/290 478/478
f 496/496 499/499 497/497
f 496/496 500/500 499/499
f 422/422 497/497 420/420
f 497/497 499/499 420/420
f 499/499 429/429 420/420
f 501/501 498/498 478/478
f 290/290 498/498 486/486
f 502/502 498/498 501/501
f 495/495 490/490 422/422
f 494/494 486/486 498/498
f 498/498 503/503 494/494
f 503/503 498/498 502/502
f 495/495 422/422 419/419
f 504/504 502/502 501/501
f 476/476 458/458 495/495
f 505/505 495/495 419/419
f 505/505 476/476 495/495
f 429/429 499/499 430/430
f 494/494 506/506 492/492
f 106/106 142/142 146/146
f 146/146 427/427 106/106
f 508/508 416/416 509/509
f 442/442 427/427 511/511
f 512/512 508/508 509/509
f 447/447 442/442 511/511
f 513/513 507/507 492/492
f 514/514 447/447 511/511
f 514/514 511/511 515/515
f 516/516 506/506 517/517
f 503/503 502/502 518/518
f 517/517 503/503 518/518
f 146/146 519/519 427/427
f 506/506 494/494 517/517
f 3/3 519/519 146/146
f 494/494 503/503 517/517
f 519/519 520/520 427/427
f 520/520 511/511 427/427
f 453/453 421/421 441/441
f 521/521 453/453 441/441
f 519/519 522/522 520/520
f 522/522 519/519 37/37
f 3/3 37/37 519/519
f 521/521 523/523 453/453
f 508/508 523/523 521/521
f 521/521 415/415 416/416
f 502/502 504/504 518/518
f 416/416 508/508 521/521
f 521/521 441/441 415/415
f 517/517 524/524 516/516
f 525/525 506/506 516/516
f 523/523 526/526 453/453
f 489/489 229/229 216/216
f 524/524 517/517 518/518
f 524/524 518/518 527/527
f 506/506 525/525 492/492
f 504/504 527/527 518/518
f 489/489 216/216 528/528
f 512/512 523/523 508/508
f 39/39 34/34 255/255
f 530/530 255/255 493/493
f 365/365 354/354 357/357
f 531/531 94/94 530/530
f 94/94 39/39 255/255
f 532/532 365/365 357/357
f 357/357 529/529 532/532
f 530/530 94/94 255/255
f 533/533 523/523 512/512
f 526/526 523/523 533/533
f 368/368 357/357 354/354
f 534/534 531/531 530/530
f 534/534 530/530 535/535
f 534/534 535/535 536/536
f 536/536 535/535 537/537
f 536/536 537/537 538/538
f 535/535 530/530 493/493
f 489/489 535/535 493/493
f 537/537 535/535 489/489
f 539/539 540/540 536/536
f 541/541 542/542 475/475
f 540/540 543/543 544/544
f 127/127 77/77 46/46
f 545/545 546/546 541/541
f 240/240 77/77 127/127
f 544/544 547/547 540/540
f 77/77 240/240 82/82
f 242/242 82/82 240/240
f 546/546 545/545 549/549
f 531/531 99/99 94/94
f 251/251 82/82 242/242
f 475/475 476/476 541/541
f 531/531 534/534 540/540
f 476/476 545/545 541/541
f 251/251 261/261 82/82
f 536/536 540/540 534/534
f 253/253 259/259 250/250
f 82/82 85/85 83/83
f 540/540 99/99 531/531
f 261/261 85/85 82/82
f 90/90 85/85 261/261
f 545/545 476/476 505/505
f 87/87 90/90 550/550
f 536/536 538/538 539/539
f 292/292 90/90 261/261
f 292/292 550/550 90/90
f 257/257 292/292 261/261
f 547/547 100/100 99/99
f 540/540 547/547 99/99
f 552/552 537/537 489/489
f 537/537 553/553 538/538
f 553/553 537/537 552/552
f 230/230 538/538 553/553
f 507/507 358/358 484/484
f 507/507 357/357 358/358
f 545/545 505/505 549/549
f 505/505 554/554 555/555
f 556/556 544/544 543/543
f 492/492 507/507 484/484
f 539/539 543/543 540/540
f 529/529 357/357 507/507
f 557/557 543/543 539/539
f 555/555 549/549 505/505
f 539/539 538/538 226/226
f 226/226 557/557 539/539
f 453/453 505/505 419/419
f 526/526 505/505 453/453
f 551/551 123/123 88/88
f 293/293 123/123 551/551
f 123/123 293/293 305/305
f 294/294 305/305 293/293
f 123/123 305/305 122/122
f 122/122 305/305 16/16
f 305/305 309/309 16/16
f 303/303 309/309 305/305
f 226/226 538/538 230/230
f 309/309 17/17 16/16
f 233/233 255/255 34/34
f 18/18 301/301 124/124
f 507/507 548/548 529/529
f 526/526 533/533 505/505
f 528/528 552/552 489/489
f 513/513 492/492 525/525
f 552/552 528/528 558/558
f 554/554 505/505 533/533
f 525/525 516/516 559/559
f 560/560 516/516 524/524
f 559/559 516/516 560/560
f 524/524 527/527 561/561
f 562/562 560/560 561/561
f 561/561 560/560 524/524
f 347/347 349/349 354/354
f 559/559 560/560 563/563
f 563/563 560/560 562/562
f 563/563 562/562 564/564
f 411/411 365/365 532/532
f 566/566 565/565 513/513
f 567/567 513/513 525/525
f 568/568 513/513 567/567
f 568/568 567/567 569/569
f 567/567 525/525 559/559
f 567/567 559/559 563/563
f 564/564 570/570 563/563
f 569/569 567/567 563/563
f 216/216 331/331 528/528
f 331/331 398/398 528/528
f 569/569 563/563 570/570
f 569/569 570/570 571/571
f 572/572 568/568 569/569
f 572/572 569/569 571/571
f 417/417 411/411 532/532
f 568/568 572/572 573/573
f 513/513 568/568 566/566
f 331/331 348/348 398/398
f 348/348 331/331 349/349
f 532/532 510/510 417/417
f 574/574 558/558 528/528
f 398/398 574/574 528/528
f 576/576 510/510 532/532
f 509/509 575/575 512/512
f 375/375 574/574 398/398
f 375/375 398/398 376/376
f 577/577 578/578 532/532
f 578/578 576/576 532/532
f 574/574 375/375 383/383
f 532/532 529/529 548/548
f 195/195 194/194 227/227
f 580/580 565/565 566/566
f 230/230 553/553 558/558
f 548/548 577/577 532/532
f 558/558 459/459 230/230
f 577/577 548/548 565/565
f 475/475 542/542 195/195
f 205/205 195/195 542/542
f 507/507 513/513 548/548
f 326/326 542/542 581/581
f 581/581 542/542 541/541
f 326/326 205/205 542/542
f 582/582 325/325 326/326
f 325/325 582/582 583/583
f 584/584 326/326 581/581
f 541/541 546/546 581/581
f 565/565 548/548 513/513
f 585/585 581/581 546/546
f 546/546 549/549 585/585
f 586/586 581/581 585/585
f 584/584 582/582 326/326
f 227/227 230/230 459/459
f 582/582 584/584 587/587
f 582/582 587/587 583/583
f 588/588 583/583 587/587
f 587/587 584/584 586/586
f 586/586 584/584 581/581
f 589/589 587/587 586/586
f 590/590 589/589 586/586
f 325/325 583/583 336/336
f 340/340 336/336 591/591
f 336/336 583/583 591/591
f 591/591 583/583 588/588
f 592/592 586/586 585/585
f 549/549 592/592 585/585
f 549/549 593/593 592/592
f 592/592 594/594 586/586
f 595/595 590/590 594/594
f 590/590 586/586 594/594
f 549/549 555/555 593/593
f 120/120 596/596 48/48
f 48/48 47/47 120/120
f 593/593 594/594 592/592
f 597/597 595/595 594/594
f 598/598 594/594 593/593
f 598/598 597/597 594/594
f 557/557 599/599 600/600
f 228/228 599/599 557/557
f 602/602 595/595 597/597
f 595/595 602/602 604/604
f 606/606 597/597 598/598
f 599/599 607/607 608/608
f 598/598 593/593 609/609
f 606/606 598/598 609/609
f 611/611 605/605 610/610
f 608/608 596/596 600/600
f 605/605 611/611 395/395
f 391/391 395/395 611/611
f 599/599 608/608 600/600
f 597/597 606/606 602/602
f 608/608 48/48 596/596
f 395/395 601/601 605/605
f 601/601 395/395 612/612
f 595/595 613/613 590/590
f 394/394 612/612 395/395
f 394/394 405/405 614/614
f 614/614 612/612 394/394
f 614/614 615/615 612/612
f 553/553 552/552 558/558
f 612/612 603/603 601/601
f 616/616 603/603 612/612
f 595/595 604/604 613/613
f 616/616 617/617 613/613
f 604/604 616/616 613/613
f 617/617 618/618 613/613
f 615/615 616/616 612/612
f 617/617 616/616 615/615
f 619/619 607/607 599/599
f 620/620 48/48 607/607
f 558/558 574/574 459/459
f 608/608 607/607 48/48
f 48/48 53/53 47/47
f 621/621 48/48 620/620
f 574/574 457/457 459/459
f 621/621 54/54 48/48
f 54/54 53/53 48/48
f 457/457 574/574 383/383
f 226/226 228/228 557/557
f 407/407 264/264 199/199
f 619/619 599/599 228/228
f 619/619 228/228 227/227
f 620/620 622/622 623/623
f 624/624 620/620 623/623
f 620/620 624/624 621/621
f 623/623 622/622 625/625
f 470/470 264/264 407/407
f 623/623 626/626 624/624
f 626/626 623/623 625/625
f 176/176 625/625 619/619
f 172/172 625/625 176/176
f 622/622 607/607 619/619
f 622/622 620/620 607/607
f 625/625 622/622 619/619
f 227/227 197/197 619/619
f 227/227 194/194 197/197
f 175/175 176/176 197/197
f 176/176 619/619 197/197
f 100/100 547/547 110/110
f 627/627 628/628 629/629
f 627/627 78/78 628/628
f 58/58 78/78 627/627
f 60/60 78/78 58/58
f 630/630 627/627 629/629
f 630/630 629/629 171/171
f 120/120 547/547 556/556
f 556/556 547/547 544/544
f 543/543 600/600 556/556
f 600/600 543/543 557/557
f 596/596 556/556 600/600
f 596/596 120/120 556/556
f 631/631 632/632 630/630
f 224/224 631/631 630/630
f 547/547 120/120 110/110
f 627/627 630/630 633/633
f 633/633 58/58 627/627
f 223/223 630/630 171/171
f 58/58 633/633 59/59
f 59/59 633/633 634/634
f 633/633 630/630 632/632
f 632/632 634/634 633/633
f 223/223 224/224 630/630
f 62/62 621/621 65/65
f 621/621 62/62 54/54
f 624/624 626/626 66/66
f 621/621 624/624 65/65
f 624/624 66/66 65/65
f 78/78 67/67 63/63
f 64/64 62/62 65/65
f 182/182 626/626 625/625
f 172/172 182/182 625/625
f 182/182 66/66 626/626
f 628/628 66/66 182/182
f 182/182 629/629 628/628
f 628/628 78/78 66/66
f 66/66 78/78 63/63
f 629/629 182/182 171/171
f 159/159 162/162 160/160
f 162/162 192/192 189/189
f 191/191 198/198 169/169
f 342/342 351/351 356/356
f 356/356 351/351 635/635
f 635/635 351/351 636/636
f 636/636 637/637 635/635
f 356/356 635/635 377/377
f 382/382 377/377 635/635
f 382/382 635/635 637/637
f 371/371 382/382 638/638
f 371/371 638/638 405/405
f 637/637 638/638 382/382
f 246/246 640/640 244/244
f 243/243 641/641 256/256
f 243/243 639/639 641/641
f 639/639 643/643 641/641
f 246/246 249/249 640/640
f 644/644 640/640 249/249
f 640/640 644/644 642/642
f 645/645 642/642 644/644
f 646/646 647/647 643/643
f 641/641 266/266 256/256
f 641/641 643/643 266/266
f 647/647 266/266 643/643
f 267/267 266/266 647/647
f 647/647 648/648 267/267
f 644/644 249/249 278/278
f 278/278 645/645 644/644
f 649/649 647/647 646/646
f 647/647 649/649 648/648
f 344/344 645/645 278/278
f 344/344 650/650 645/645
f 344/344 278/278 279/279
f 651/651 650/650 344/344
f 653/653 648/648 649/649
f 653/653 649/649 652/652
f 298/298 267/267 648/648
f 329/329 298/298 327/327
f 298/298 648/648 327/327
f 300/300 297/297 328/328
f 653/653 654/654 648/648
f 327/327 648/648 654/654
f 318/318 652/652 288/288
f 653/653 652/652 318/318
f 318/318 321/321 654/654
f 327/327 654/654 321/321
f 654/654 653/653 318/318
f 651/651 344/344 289/289
f 390/390 402/402 655/655
f 404/404 656/656 403/403
f 657/657 658/658 404/404
f 656/656 404/404 658/658
f 658/658 657/657 660/660
f 655/655 659/659 662/662
f 663/663 662/662 659/659
f 659/659 661/661 663/663
f 408/408 657/657 404/404
f 664/664 657/657 408/408
f 664/664 408/408 409/409
f 664/664 409/409 410/410
f 665/665 664/664 410/410
f 657/657 664/664 666/666
f 657/657 666/666 667/667
f 671/671 667/667 666/666
f 668/668 663/663 661/661
f 667/667 660/660 657/657
f 672/672 666/666 664/664
f 672/672 671/671 666/666
f 665/665 672/672 664/664
f 674/674 668/668 669/669
f 665/665 410/410 425/425
f 435/435 671/671 672/672
f 435/435 672/672 665/665
f 437/437 665/665 425/425
f 437/437 435/435 665/665
f 670/670 438/438 675/675
f 670/670 436/436 438/438
f 437/437 425/425 428/428
f 438/438 431/431 430/430
f 676/676 485/485 483/483
f 406/406 488/488 677/677
f 390/390 655/655 487/487
f 655/655 678/678 487/487
f 680/680 677/677 488/488
f 679/679 487/487 678/678
f 655/655 662/662 678/678
f 663/663 678/678 662/662
f 679/679 678/678 663/663
f 677/677 483/483 406/406
f 681/681 483/483 677/677
f 682/682 677/677 680/680
f 680/680 684/684 682/682
f 681/681 677/677 682/682
f 676/676 483/483 681/681
f 676/676 681/681 685/685
f 685/685 681/681 682/682
f 682/682 686/686 685/685
f 686/686 682/682 684/684
f 663/663 668/668 683/683
f 683/683 679/679 663/663
f 674/674 683/683 668/668
f 686/686 684/684 673/673
f 670/670 686/686 673/673
f 485/485 676/676 687/687
f 687/687 500/500 496/496
f 485/485 687/687 496/496
f 500/500 687/687 685/685
f 675/675 686/686 670/670
f 675/675 685/685 686/686
f 500/500 685/685 675/675
f 687/687 676/676 685/685
f 500/500 430/430 499/499
f 500/500 675/675 430/430
f 675/675 438/438 430/430
f 587/587 589/589 588/588
f 688/688 589/589 590/590
f 689/689 343/343 340/340
f 689/689 340/340 591/591
f 591/591 588/588 690/690
f 691/691 591/591 690/690
f 690/690 692/692 691/691
f 693/693 691/691 692/692
f 694/694 693/693 692/692
f 589/589 690/690 588/588
f 692/692 690/690 589/589
f 695/695 692/692 688/688
f 688/688 692/692 589/589
f 692/692 695/695 694/694
f 689/689 696/696 343/343
f 696/696 689/689 691/691
f 691/691 689/689 591/591
f 693/693 696/696 691/691
f 636/636 351/351 343/343
f 636/636 343/343 696/696
f 697/697 636/636 693/693
f 693/693 636/636 696/696
f 693/693 694/694 698/698
f 637/637 636/636 697/697
f 698/698 697/697 693/693
f 699/699 688/688 590/590
f 688/688 699/699 700/700
f 700/700 695/695 688/688
f 618/618 695/695 700/700
f 701/701 694/694 695/695
f 613/613 699/699 590/590
f 699/699 618/618 700/700
f 618/618 699/699 613/613
f 618/618 701/701 695/695
f 701/701 618/618 702/702
f 702/702 618/618 617/617
f 698/698 694/694 701/701
f 698/698 637/637 697/697
f 638/638 698/698 703/703
f 703/703 704/704 405/405
f 405/405 638/638 703/703
f 703/703 698/698 701/701
f 703/703 701/701 702/702
f 704/704 703/703 702/702
f 698/698 638/638 637/637
f 614/614 704/704 615/615
f 615/615 704/704 702/702
f 702/702 617/617 615/615
f 405/405 704/704 614/614
f 38/38 705/705 706/706
f 710/710 705/705 711/711
f 709/709 711/711 705/705
f 709/709 102/102 707/707
f 714/714 713/713 708/708
f 712/712 711/711 709/709
f 715/715 708/708 716/716
f 715/715 714/714 708/708
f 717/717 718/718 709/709
f 717/717 709/709 707/707
f 714/714 720/720 721/721
f 714/714 721/721 719/719
f 714/714 722/722 720/720
f 707/707 102/102 112/112
f 722/722 714/714 715/715
f 708/708 717/717 707/707
f 719/719 723/723 724/724
f 719/719 724/724 714/714
f 725/725 723/723 719/719
f 716/716 708/708 707/707
f 726/726 718/718 717/717
f 713/713 727/727 717/717
f 717/717 708/708 713/713
f 724/724 727/727 713/713
f 725/725 719/719 721/721
f 716/716 707/707 42/42
f 721/721 728/728 725/725
f 723/723 729/729 724/724
f 714/714 724/724 713/713
f 730/730 731/731 732/732
f 732/732 731/731 733/733
f 733/733 731/731 734/734
f 723/723 731/731 730/730
f 707/707 112/112 42/42
f 725/725 731/731 723/723
f 731/731 735/735 734/734
f 735/735 731/731 725/725
f 709/709 38/38 102/102
f 38/38 709/709 705/705
f 737/737 738/738 739/739
f 706/706 740/740 37/37
f 740/740 706/706 741/741
f 741/741 742/742 743/743
f 706/706 742/742 741/741
f 744/744 742/742 706/706
f 705/705 744/744 706/706
f 743/743 742/742 745/745
f 744/744 745/745 742/742
f 750/750 751/751 738/738
f 752/752 745/745 753/753
f 753/753 745/745 744/744
f 754/754 755/755 757/757
f 758/758 757/757 755/755
f 760/760 470/470 447/447
f 754/754 750/750 761/761
f 762/762 763/763 764/764
f 515/515 511/511 520/520
f 520/520 522/522 740/740
f 738/738 737/737 765/765
f 515/515 740/740 766/766
f 740/740 515/515 520/520
f 768/768 754/754 761/761
f 765/765 737/737 762/762
f 768/768 755/755 754/754
f 764/764 765/765 762/762
f 769/769 515/515 770/770
f 770/770 515/515 766/766
f 771/771 738/738 765/765
f 514/514 515/515 769/769
f 768/768 761/761 772/772
f 774/774 466/466 461/461
f 775/775 759/759 756/756
f 460/460 466/466 465/465
f 776/776 777/777 778/778
f 780/780 776/776 781/781
f 781/781 776/776 782/782
f 777/777 776/776 783/783
f 778/778 782/782 776/776
f 464/464 465/465 784/784
f 785/785 782/782 786/786
f 740/740 522/522 37/37
f 787/787 786/786 788/788
f 789/789 790/790 775/775
f 706/706 37/37 38/38
f 791/791 775/775 756/756
f 766/766 740/740 741/741
f 792/792 789/789 775/775
f 793/793 789/789 792/792
f 792/792 775/775 791/791
f 766/766 741/741 743/743
f 793/793 792/792 778/778
f 794/794 770/770 766/766
f 766/766 743/743 794/794
f 791/791 756/756 767/767
f 795/795 767/767 773/773
f 795/795 796/796 767/767
f 771/771 797/797 738/738
f 792/792 791/791 796/796
f 796/796 778/778 792/792
f 796/796 791/791 767/767
f 752/752 794/794 743/743
f 793/793 778/778 777/777
f 770/770 794/794 779/779
f 786/786 778/778 796/796
f 786/786 782/782 778/778
f 464/464 784/784 478/478
f 788/788 786/786 796/796
f 788/788 796/796 795/795
f 743/743 745/745 752/752
f 795/795 773/773 800/800
f 801/801 794/794 752/752
f 779/779 794/794 798/798
f 787/787 788/788 802/802
f 802/802 788/788 795/795
f 1086/1086 804/804 805/805
f 504/504 806/806 527/527
f 760/760 447/447 514/514
f 1086/1086 805/805 807/807
f 514/514 769/769 760/760
f 769/769 808/808 760/760
f 761/761 809/809 799/799
f 808/808 769/769 770/770
f 779/779 808/808 770/770
f 811/811 501/501 478/478
f 772/772 761/761 799/799
f 807/807 805/805 810/810
f 812/812 808/808 779/779
f 799/799 809/809 813/813
f 811/811 478/478 815/815
f 800/800 816/816 795/795
f 805/805 817/817 810/810
f 816/816 802/802 795/795
f 816/816 800/800 814/814
f 812/812 779/779 798/798
f 819/819 810/810 817/817
f 811/811 815/815 820/820
f 821/821 810/810 822/822
f 810/810 819/819 822/822
f 822/822 819/819 823/823
f 824/824 749/749 827/827
f 824/824 809/809 748/748
f 824/824 748/748 749/749
f 812/812 798/798 804/804
f 828/828 822/822 823/823
f 813/813 809/809 829/829
f 829/829 809/809 824/824
f 830/830 825/825 832/832
f 833/833 830/830 832/832
f 806/806 504/504 501/501
f 832/832 834/834 833/833
f 825/825 826/826 832/832
f 832/832 826/826 834/834
f 826/826 835/835 834/834
f 835/835 826/826 836/836
f 501/501 811/811 806/806
f 833/833 834/834 838/838
f 838/838 834/834 835/835
f 810/810 818/818 807/807
f 816/816 814/814 830/830
f 744/744 705/705 710/710
f 710/710 753/753 744/744
f 753/753 801/801 752/752
f 840/840 801/801 753/753
f 753/753 710/710 840/840
f 763/763 807/807 818/818
f 802/802 816/816 839/839
f 711/711 840/840 710/710
f 712/712 840/840 711/711
f 842/842 763/763 843/843
f 844/844 763/763 842/842
f 845/845 802/802 839/839
f 801/801 840/840 846/846
f 821/821 818/818 810/810
f 846/846 840/840 847/847
f 848/848 821/821 822/822
f 816/816 830/830 833/833
f 840/840 712/712 847/847
f 850/850 816/816 833/833
f 763/763 818/818 843/843
f 843/843 818/818 821/821
f 850/850 833/833 851/851
f 850/850 839/839 816/816
f 852/852 821/821 848/848
f 853/853 846/846 847/847
f 845/845 839/839 850/850
f 848/848 822/822 828/828
f 854/854 850/850 851/851
f 855/855 847/847 712/712
f 854/854 851/851 856/856
f 856/856 857/857 854/854
f 854/854 845/845 850/850
f 712/712 709/709 855/855
f 851/851 833/833 838/838
f 856/856 851/851 838/838
f 856/856 838/838 858/858
f 823/823 831/831 828/828
f 859/859 838/838 835/835
f 860/860 838/838 859/859
f 861/861 848/848 828/828
f 862/862 853/853 847/847
f 863/863 861/861 828/828
f 856/856 864/864 857/857
f 855/855 709/709 718/718
f 847/847 855/855 862/862
f 862/862 855/855 865/865
f 852/852 843/843 821/821
f 862/862 866/866 853/853
f 842/842 843/843 852/852
f 867/867 842/842 852/852
f 852/852 848/848 868/868
f 867/867 852/852 869/869
f 868/868 869/869 852/852
f 865/865 855/855 718/718
f 870/870 854/854 857/857
f 867/867 871/871 842/842
f 872/872 857/857 864/864
f 867/867 873/873 871/871
f 873/873 867/867 869/869
f 845/845 854/854 870/870
f 874/874 875/875 811/811
f 861/861 868/868 848/848
f 865/865 866/866 862/862
f 861/861 876/876 868/868
f 877/877 866/866 865/865
f 873/873 869/869 879/879
f 561/561 527/527 880/880
f 881/881 882/882 869/869
f 883/883 869/869 868/868
f 726/726 865/865 718/718
f 881/881 869/869 883/883
f 845/845 870/870 878/878
f 865/865 726/726 884/884
f 877/877 865/865 884/884
f 885/885 861/861 863/863
f 876/876 861/861 885/885
f 870/870 857/857 872/872
f 866/866 877/877 886/886
f 887/887 868/868 876/876
f 883/883 868/868 887/887
f 876/876 888/888 887/887
f 888/888 876/876 885/885
f 880/880 527/527 806/806
f 889/889 872/872 864/864
f 889/889 890/890 872/872
f 872/872 890/890 870/870
f 886/886 877/877 884/884
f 878/878 870/870 891/891
f 863/863 828/828 831/831
f 892/892 893/893 886/886
f 870/870 894/894 891/891
f 894/894 870/870 890/890
f 863/863 831/831 896/896
f 562/562 561/561 897/897
f 894/894 890/890 898/898
f 900/900 894/894 898/898
f 880/880 897/897 561/561
f 885/885 863/863 896/896
f 562/562 897/897 564/564
f 727/727 726/726 717/717
f 896/896 901/901 902/902
f 903/903 884/884 726/726
f 727/727 903/903 726/726
f 897/897 880/880 564/564
f 904/904 905/905 803/803
f 903/903 727/727 724/724
f 895/895 880/880 806/806
f 903/903 892/892 884/884
f 819/819 831/831 823/823
f 903/903 729/729 892/892
f 729/729 903/903 724/724
f 892/892 886/886 884/884
f 892/892 729/729 906/906
f 907/907 803/803 905/905
f 571/571 570/570 908/908
f 908/908 570/570 909/909
f 729/729 723/723 730/730
f 572/572 571/571 910/910
f 571/571 908/908 910/910
f 911/911 908/908 912/912
f 908/908 911/911 910/910
f 911/911 912/912 913/913
f 914/914 911/911 913/913
f 914/914 913/913 915/915
f 748/748 803/803 907/907
f 570/570 564/564 909/909
f 909/909 564/564 916/916
f 564/564 880/880 895/895
f 564/564 895/895 916/916
f 917/917 907/907 905/905
f 920/920 907/907 917/917
f 919/919 918/918 921/921
f 794/794 801/801 922/922
f 908/908 909/909 912/912
f 912/912 909/909 916/916
f 923/923 918/918 925/925
f 918/918 923/923 921/921
f 916/916 913/913 912/912
f 913/913 916/916 915/915
f 926/926 916/916 895/895
f 915/915 916/916 926/926
f 923/923 927/927 921/921
f 846/846 922/922 801/801
f 895/895 928/928 926/926
f 929/929 831/831 746/746
f 794/794 922/922 798/798
f 915/915 926/926 928/928
f 915/915 928/928 930/930
f 922/922 846/846 853/853
f 931/931 922/922 853/853
f 927/927 932/932 921/921
f 933/933 831/831 929/929
f 811/811 849/849 806/806
f 934/934 748/748 907/907
f 934/934 907/907 920/920
f 804/804 798/798 922/922
f 748/748 934/934 935/935
f 937/937 935/935 934/934
f 922/922 931/931 938/938
f 749/749 748/748 935/935
f 922/922 938/938 804/804
f 921/921 936/936 919/919
f 937/937 934/934 920/920
f 896/896 831/831 901/901
f 939/939 936/936 921/921
f 939/939 921/921 932/932
f 901/901 831/831 940/940
f 931/931 853/853 866/866
f 935/935 937/937 942/942
f 866/866 938/938 931/931
f 943/943 901/901 940/940
f 936/936 939/939 941/941
f 831/831 933/933 940/940
f 938/938 866/866 886/886
f 943/943 940/940 944/944
f 938/938 886/886 893/893
f 895/895 806/806 945/945
f 945/945 806/806 849/849
f 944/944 940/940 933/933
f 933/933 946/946 944/944
f 947/947 945/945 849/849
f 928/928 895/895 945/945
f 948/948 938/938 893/893
f 933/933 929/929 949/949
f 811/811 875/875 849/849
f 950/950 827/827 749/749
f 950/950 749/749 935/935
f 835/835 836/836 951/951
f 859/859 835/835 952/952
f 951/951 952/952 835/835
f 951/951 954/954 952/952
f 950/950 935/935 956/956
f 935/935 942/942 956/956
f 933/933 958/958 946/946
f 957/957 941/941 959/959
f 837/837 827/827 950/950
f 837/837 950/950 960/960
f 960/960 950/950 956/956
f 764/764 763/763 841/841
f 963/963 962/962 957/957
f 963/963 957/957 959/959
f 764/764 841/841 964/964
f 939/939 959/959 941/941
f 764/764 964/964 965/965
f 965/965 964/964 966/966
f 841/841 763/763 967/967
f 967/967 844/844 968/968
f 964/964 841/841 967/967
f 967/967 966/966 964/964
f 967/967 968/968 966/966
f 939/939 969/969 959/959
f 765/765 764/764 970/970
f 971/971 939/939 932/932
f 970/970 764/764 965/965
f 765/765 970/970 771/771
f 951/951 836/836 961/961
f 951/951 961/961 954/954
f 963/963 973/973 962/962
f 970/970 965/965 974/974
f 973/973 953/953 962/962
f 967/967 763/763 844/844
f 975/975 875/875 976/976
f 959/959 977/977 963/963
f 844/844 842/842 871/871
f 968/968 844/844 871/871
f 968/968 871/871 873/873
f 978/978 965/965 966/966
f 974/974 965/965 978/978
f 973/973 963/963 977/977
f 968/968 979/979 966/966
f 977/977 980/980 973/973
f 978/978 966/966 979/979
f 982/982 972/972 981/981
f 975/975 976/976 983/983
f 977/977 959/959 969/969
f 970/970 974/974 984/984
f 939/939 971/971 969/969
f 977/977 969/969 985/985
f 977/977 986/986 980/980
f 771/771 970/970 984/984
f 974/974 988/988 984/984
f 978/978 988/988 974/974
f 981/981 989/989 982/982
f 986/986 977/977 985/985
f 985/985 990/990 986/986
f 988/988 978/978 991/991
f 991/991 978/978 979/979
f 981/981 987/987 989/989
f 991/991 979/979 992/992
f 992/992 979/979 993/993
f 994/994 988/988 991/991
f 996/996 986/986 990/990
f 997/997 991/991 992/992
f 994/994 991/991 997/997
f 771/771 984/984 904/904
f 998/998 889/889 999/999
f 889/889 998/998 1000/1000
f 1000/1000 998/998 1003/1003
f 1004/1004 984/984 988/988
f 904/904 984/984 1004/1004
f 928/928 945/945 947/947
f 1004/1004 988/988 994/994
f 889/889 898/898 890/890
f 1000/1000 898/898 889/889
f 1006/1006 1008/1008 1009/1009
f 1009/1009 1008/1008 899/899
f 1009/1009 1010/1010 1006/1006
f 1011/1011 1005/1005 1013/1013
f 1007/1007 1005/1005 1011/1011
f 887/887 1014/1014 1015/1015
f 1014/1014 887/887 888/888
f 1016/1016 1012/1012 1006/1006
f 930/930 928/928 1017/1017
f 997/997 1018/1018 994/994
f 1006/1006 1010/1010 1016/1016
f 875/875 947/947 849/849
f 958/958 949/949 1019/1019
f 947/947 875/875 1020/1020
f 949/949 958/958 933/933
f 1020/1020 875/875 975/975
f 1021/1021 947/947 1020/1020
f 904/904 1004/1004 1022/1022
f 928/928 947/947 1017/1017
f 1004/1004 994/994 1022/1022
f 1022/1022 994/994 1023/1023
f 1020/1020 975/975 1024/1024
f 1024/1024 975/975 1025/1025
f 1024/1024 1025/1025 1026/1026
f 797/797 771/771 904/904
f 1024/1024 1021/1021 1020/1020
f 958/958 1019/1019 1027/1027
f 1024/1024 1028/1028 1021/1021
f 1028/1028 1024/1024 1026/1026
f 1029/1029 1021/1021 1028/1028
f 1029/1029 1030/1030 1021/1021
f 947/947 1021/1021 1017/1017
f 1031/1031 958/958 1032/1032
f 803/803 797/797 904/904
f 1033/1033 1031/1031 1032/1032
f 1018/1018 1023/1023 994/994
f 1034/1034 1035/1035 1036/1036
f 1017/1017 1021/1021 1030/1030
f 1037/1037 1018/1018 1035/1035
f 1017/1017 1038/1038 930/930
f 1018/1018 1037/1037 1039/1039
f 1042/1042 1039/1039 1037/1037
f 1034/1034 1037/1037 1035/1035
f 1042/1042 1037/1037 1043/1043
f 1029/1029 1044/1044 1030/1030
f 1045/1045 1034/1034 1036/1036
f 1017/1017 1030/1030 1038/1038
f 1027/1027 1032/1032 958/958
f 1046/1046 1034/1034 1045/1045
f 1034/1034 1046/1046 1043/1043
f 1047/1047 1030/1030 1044/1044
f 1043/1043 1046/1046 1042/1042
f 1043/1043 1037/1037 1034/1034
f 885/885 1048/1048 888/888
f 885/885 1049/1049 1048/1048
f 888/888 1048/1048 1014/1014
f 1049/1049 885/885 896/896
f 1048/1048 1049/1049 1050/1050
f 1051/1051 1030/1030 1047/1047
f 1030/1030 1051/1051 1038/1038
f 1052/1052 1031/1031 1033/1033
f 1014/1014 1048/1048 1050/1050
f 1049/1049 1053/1053 1050/1050
f 1054/1054 1050/1050 1053/1053
f 1054/1054 1053/1053 1055/1055
f 896/896 902/902 1049/1049
f 1055/1055 1053/1053 1056/1056
f 1057/1057 1058/1058 1059/1059
f 1059/1059 1054/1054 1055/1055
f 1058/1058 1054/1054 1059/1059
f 1060/1060 1050/1050 1058/1058
f 1060/1060 1061/1061 1050/1050
f 1062/1062 1060/1060 1058/1058
f 1054/1054 1058/1058 1050/1050
f 1058/1058 1041/1041 1062/1062
f 1059/1059 1055/1055 1063/1063
f 1056/1056 1063/1063 1055/1055
f 470/470 760/760 1064/1064
f 1064/1064 760/760 1065/1065
f 923/923 1059/1059 1063/1063
f 905/905 904/904 1022/1022
f 905/905 1022/1022 1067/1067
f 924/924 905/905 1067/1067
f 1068/1068 893/893 892/892
f 906/906 1068/1068 892/892
f 906/906 729/729 730/730
f 1068/1068 906/906 1069/1069
f 1069/1069 1070/1070 1068/1068
f 732/732 1069/1069 730/730
f 924/924 917/917 905/905
f 1064/1064 1065/1065 1072/1072
f 1022/1022 1023/1023 1067/1067
f 1018/1018 1039/1039 1023/1023
f 1039/1039 1067/1067 1023/1023
f 906/906 730/730 1069/1069
f 1066/1066 1040/1040 1073/1073
f 1066/1066 1073/1073 923/923
f 1040/1040 1057/1057 1073/1073
f 1041/1041 1057/1057 1040/1040
f 1064/1064 1072/1072 1074/1074
f 1069/1069 732/732 1075/1075
f 1073/1073 1057/1057 1059/1059
f 923/923 1073/1073 1059/1059
f 927/927 1052/1052 1033/1033
f 1076/1076 1070/1070 1069/1069
f 923/923 925/925 1066/1066
f 1071/1071 927/927 1033/1033
f 1075/1075 1076/1076 1069/1069
f 1077/1077 1070/1070 1076/1076
f 1077/1077 1076/1076 1078/1078
f 1041/1041 1058/1058 1057/1057
f 732/732 733/733 1075/1075
f 462/462 264/264 470/470
f 736/736 1075/1075 733/733
f 734/734 736/736 733/733
f 1076/1076 1075/1075 1079/1079
f 1080/1080 1075/1075 736/736
f 1075/1075 1080/1080 1079/1079
f 470/470 1081/1081 462/462
f 1076/1076 1079/1079 1078/1078
f 470/470 1064/1064 1082/1082
f 1080/1080 1083/1083 1079/1079
f 1084/1084 1071/1071 1033/1033
f 1083/1083 1078/1078 1079/1079
f 1053/1053 1049/1049 902/902
f 901/901 1056/1056 902/902
f 901/901 943/943 1056/1056
f 1053/1053 902/902 1056/1056
f 1082/1082 1064/1064 1074/1074
f 1082/1082 1074/1074 1085/1085
f 1052/1052 1056/1056 943/943
f 1085/1085 1086/1086 1087/1087
f 1052/1052 943/943 944/944
f 1081/1081 470/470 1082/1082
f 944/944 1031/1031 1052/1052
f 1081/1081 1082/1082 1085/1085
f 1031/1031 944/944 946/946
f 1088/1088 817/817 948/948
f 1089/1089 1081/1081 1085/1085
f 1090/1090 1081/1081 1089/1089
f 1089/1089 1085/1085 1087/1087
f 1087/1087 1091/1091 1089/1089
f 938/938 948/948 804/804
f 1092/1092 1063/1063 1056/1056
f 804/804 948/948 805/805
f 1087/1087 1086/1086 1093/1093
f 1091/1091 1087/1087 1094/1094
f 1094/1094 1087/1087 1093/1093
f 1093/1093 1095/1095 1094/1094
f 805/805 948/948 817/817
f 1065/1065 760/760 808/808
f 1092/1092 1056/1056 1052/1052
f 1096/1096 817/817 1088/1088
f 1065/1065 808/808 1072/1072
f 1097/1097 808/808 812/812
f 1031/1031 946/946 958/958
f 923/923 1063/1063 1092/1092
f 923/923 1092/1092 927/927
f 1072/1072 808/808 1097/1097
f 1074/1074 1072/1072 1097/1097
f 1085/1085 1074/1074 1097/1097
f 927/927 1071/1071 932/932
f 1096/1096 819/819 817/817
f 1052/1052 927/927 1092/1092
f 948/948 893/893 1068/1068
f 1070/1070 948/948 1068/1068
f 1070/1070 1088/1088 948/948
f 1086/1086 1085/1085 1097/1097
f 1096/1096 1070/1070 1077/1077
f 1096/1096 1077/1077 747/747
f 1088/1088 1070/1070 1096/1096
f 1098/1098 1084/1084 1099/1099
f 1084/1084 1098/1098 1071/1071
f 747/747 1077/1077 1078/1078
f 1097/1097 812/812 1086/1086
f 815/815 1101/1101 820/820
f 1086/1086 812/812 804/804
f 1102/1102 1071/1071 1098/1098
f 820/820 1101/1101 1104/1104
f 1105/1105 932/932 1071/1071
f 1106/1106 1100/1100 1107/1107
f 1106/1106 751/751 750/750
f 1105/1105 1108/1108 932/932
f 819/819 1096/1096 747/747
f 1103/1103 1100/1100 1106/1106
f 747/747 831/831 819/819
f 807/807 1109/1109 1086/1086
f 831/831 747/747 746/746
f 746/746 747/747 1078/1078
f 1110/1110 1102/1102 1098/1098
f 1111/1111 746/746 1078/1078
f 1112/1112 1102/1102 1110/1110
f 1104/1104 874/874 820/820
f 874/874 811/811 820/820
f 875/875 874/874 976/976
f 1113/1113 1071/1071 1102/1102
f 1102/1102 1112/1112 1114/1114
f 1112/1112 1115/1115 1114/1114
f 1116/1116 874/874 1104/1104
f 1114/1114 1115/1115 1117/1117
f 1118/1118 874/874 1116/1116
f 985/985 969/969 971/971
f 985/985 971/971 1119/1119
f 1118/1118 1116/1116 1120/1120
f 1104/1104 1120/1120 1116/1116
f 1122/1122 1121/1121 1103/1103
f 1122/1122 1103/1103 1106/1106
f 932/932 1123/1123 971/971
f 1122/1122 1106/1106 750/750
f 774/774 461/461 462/462
f 932/932 1108/1108 1123/1123
f 1081/1081 1124/1124 462/462
f 1125/1125 1123/1123 1108/1108
f 1124/1124 1126/1126 462/462
f 1127/1127 462/462 1126/1126
f 774/774 465/465 466/466
f 774/774 462/462 1127/1127
f 1119/1119 971/971 1123/1123
f 1127/1127 465/465 774/774
f 465/465 1127/1127 1128/1128
f 784/784 465/465 1128/1128
f 1129/1129 1123/1123 1125/1125
f 1125/1125 1130/1130 1129/1129
f 1131/1131 1128/1128 1127/1127
f 1131/1131 1132/1132 1128/1128
f 1118/1118 976/976 874/874
f 1131/1131 1127/1127 1126/1126
f 990/990 985/985 1133/1133
f 1133/1133 985/985 1119/1119
f 1133/1133 996/996 990/990
f 996/996 1133/1133 1134/1134
f 1132/1132 1135/1135 1128/1128
f 1013/1013 996/996 1136/1136
f 1128/1128 1135/1135 784/784
f 1012/1012 1016/1016 995/995
f 976/976 1118/1118 1137/1137
f 1135/1135 1132/1132 1138/1138
f 1139/1139 1132/1132 1131/1131
f 1134/1134 1136/1136 996/996
f 1136/1136 1134/1134 1140/1140
f 1141/1141 1140/1140 1134/1134
f 1142/1142 1118/1118 1120/1120
f 1136/1136 1144/1144 1013/1013
f 1011/1011 1013/1013 1144/1144
f 1124/1124 1081/1081 1145/1145
f 1143/1143 1121/1121 1122/1122
f 1145/1145 1081/1081 1090/1090
f 754/754 1143/1143 1122/1122
f 1090/1090 1146/1146 1145/1145
f 1126/1126 1124/1124 1145/1145
f 1137/1137 1118/1118 1142/1142
f 1147/1147 1137/1137 1142/1142
f 1148/1148 1143/1143 754/754
f 1149/1149 1145/1145 1146/1146
f 754/754 757/757 1148/1148
f 1140/1140 1144/1144 1136/1136
f 1146/1146 1090/1090 1089/1089
f 1089/1089 1091/1091 1146/1146
f 1150/1150 1140/1140 1141/1141
f 1144/1144 1140/1140 1150/1150
f 1151/1151 1152/1152 1091/1091
f 1153/1153 1146/1146 1091/1091
f 983/983 1137/1137 1154/1154
f 983/983 976/976 1137/1137
f 1149/1149 1146/1146 1153/1153
f 1151/1151 1091/1091 1094/1094
f 1155/1155 983/983 1154/1154
f 1156/1156 1151/1151 1094/1094
f 1025/1025 975/975 983/983
f 1094/1094 1095/1095 1156/1156
f 1025/1025 983/983 1155/1155
f 1126/1126 1145/1145 1157/1157
f 1158/1158 1159/1159 1155/1155
f 1131/1131 1126/1126 1139/1139
f 1139/1139 1126/1126 1157/1157
f 1157/1157 1145/1145 1149/1149
f 1147/1147 1154/1154 1137/1137
f 1160/1160 1132/1132 1139/1139
f 1150/1150 1141/1141 1161/1161
f 1155/1155 1154/1154 1163/1163
f 1147/1147 1163/1163 1154/1154
f 1158/1158 1155/1155 1163/1163
f 1119/1119 1134/1134 1133/1133
f 1139/1139 1165/1165 1160/1160
f 1119/1119 1129/1129 1134/1134
f 1166/1166 1167/1167 1165/1165
f 1138/1138 1132/1132 1160/1160
f 1158/1158 1163/1163 1169/1169
f 1164/1164 1170/1170 1168/1168
f 1171/1171 1164/1164 1172/1172
f 1170/1170 1164/1164 1171/1171
f 1160/1160 1174/1174 1138/1138
f 1129/1129 1119/1119 1123/1123
f 1162/1162 1148/1148 1173/1173
f 1160/1160 1165/1165 1175/1175
f 1141/1141 1134/1134 1129/1129
f 758/758 1148/1148 757/757
f 1148/1148 758/758 1173/1173
f 754/754 1122/1122 750/750
f 1176/1176 1141/1141 1129/1129
f 1155/1155 1177/1177 1025/1025
f 1025/1025 1177/1177 1026/1026
f 1159/1159 1177/1177 1155/1155
f 1028/1028 1026/1026 1177/1177
f 1135/1135 815/815 784/784
f 1158/1158 1178/1178 1159/1159
f 1178/1178 1158/1158 1169/1169
f 1179/1179 1178/1178 1169/1169
f 1170/1170 1180/1180 1168/1168
f 1129/1129 1130/1130 1176/1176
f 1172/1172 790/790 1171/1171
f 775/775 1172/1172 759/759
f 790/790 1172/1172 775/775
f 1028/1028 1044/1044 1029/1029
f 815/815 1135/1135 1181/1181
f 1182/1182 1047/1047 1044/1044
f 1161/1161 1141/1141 1176/1176
f 1161/1161 1176/1176 1183/1183
f 790/790 789/789 1184/1184
f 815/815 478/478 784/784
f 761/761 750/750 797/797
f 1135/1135 1138/1138 1181/1181
f 1138/1138 1174/1174 1181/1181
f 1165/1165 1167/1167 1175/1175
f 1174/1174 1160/1160 1175/1175
f 1175/1175 1186/1186 1174/1174
f 1175/1175 1167/1167 1187/1187
f 1188/1188 1175/1175 1187/1187
f 1190/1190 1188/1188 1187/1187
f 1190/1190 1191/1191 1193/1193
f 1190/1190 1195/1195 1188/1188
f 797/797 750/750 738/738
f 815/815 1181/1181 1197/1197
f 1125/1125 1108/1108 1105/1105
f 1181/1181 1174/1174 1186/1186
f 1185/1185 1198/1198 1200/1200
f 1105/1105 1201/1201 1125/1125
f 1201/1201 1105/1105 1113/1113
f 1202/1202 1203/1203 1204/1204
f 1205/1205 1186/1186 1175/1175
f 1130/1130 1125/1125 1201/1201
f 1175/1175 1188/1188 1205/1205
f 1206/1206 1189/1189 1207/1207
f 1206/1206 1198/1198 1185/1185
f 1201/1201 1208/1208 1130/1130
f 1200/1200 1198/1198 1209/1209
f 1207/1207 1198/1198 1206/1206
f 1203/1203 1198/1198 1207/1207
f 1203/1203 1209/1209 1198/1198
f 1194/1194 1207/1207 1189/1189
f 1210/1210 1207/1207 1194/1194
f 1203/1203 1210/1210 1204/1204
f 1203/1203 1207/1207 1210/1210
f 1211/1211 1212/1212 1202/1202
f 1203/1203 1202/1202 1209/1209
f 1209/1209 1202/1202 1212/1212
f 1213/1213 1212/1212 1211/1211
f 1214/1214 1130/1130 1208/1208
f 751/751 1209/1209 1212/1212
f 1213/1213 751/751 1212/1212
f 1214/1214 1176/1176 1130/1130
f 1181/1181 1186/1186 1199/1199
f 1197/1197 1181/1181 1199/1199
f 1197/1197 1101/1101 815/815
f 1196/1196 1200/1200 1107/1107
f 1209/1209 1107/1107 1200/1200
f 1215/1215 1201/1201 1113/1113
f 1100/1100 1196/1196 1107/1107
f 1106/1106 1107/1107 751/751
f 1216/1216 1208/1208 1201/1201
f 1107/1107 1209/1209 751/751
f 1216/1216 1201/1201 1215/1215
f 1105/1105 1071/1071 1113/1113
f 1217/1217 1113/1113 1102/1102
f 1152/1152 1151/1151 1218/1218
f 1151/1151 1156/1156 1218/1218
f 1219/1219 1102/1102 1114/1114
f 1220/1220 1156/1156 1095/1095
f 1220/1220 1221/1221 1156/1156
f 1222/1222 1114/1114 1117/1117
f 1220/1220 1223/1223 1221/1221
f 1210/1210 1194/1194 1192/1192
f 1190/1190 1193/1193 1195/1195
f 1093/1093 1224/1224 1095/1095
f 1217/1217 1102/1102 1219/1219
f 1224/1224 1093/1093 1086/1086
f 1224/1224 1225/1225 1095/1095
f 1219/1219 1114/1114 1222/1222
f 1109/1109 1224/1224 1086/1086
f 1109/1109 1226/1226 1224/1224
f 1095/1095 1225/1225 1220/1220
f 797/797 803/803 809/809
f 1220/1220 1227/1227 1223/1223
f 1215/1215 1113/1113 1217/1217
f 1225/1225 1227/1227 1220/1220
f 1216/1216 1215/1215 1228/1228
f 1229/1229 1225/1225 1226/1226
f 1224/1224 1226/1226 1225/1225
f 1225/1225 1229/1229 1227/1227
f 1217/1217 1230/1230 1215/1215
f 1230/1230 1217/1217 1219/1219
f 1228/1228 1215/1215 1230/1230
f 1109/1109 1231/1231 1226/1226
f 1231/1231 1109/1109 1232/1232
f 1228/1228 1230/1230 1233/1233
f 1233/1233 1230/1230 1219/1219
f 1234/1234 1235/1235 1222/1222
f 1236/1236 1223/1223 1227/1227
f 1237/1237 1233/1233 1219/1219
f 1222/1222 1237/1237 1219/1219
f 1238/1238 1227/1227 1229/1229
f 1237/1237 1222/1222 1235/1235
f 1239/1239 1238/1238 1229/1229
f 1229/1229 1226/1226 1231/1231
f 1239/1239 1229/1229 1240/1240
f 1240/1240 1229/1229 1231/1231
f 1240/1240 1211/1211 1239/1239
f 1240/1240 1231/1231 1232/1232
f 1208/1208 1216/1216 1214/1214
f 1211/1211 1240/1240 1232/1232
f 1211/1211 1202/1202 1239/1239
f 1202/1202 1204/1204 1239/1239
f 739/739 1213/1213 1211/1211
f 809/809 761/761 797/797
f 1216/1216 1241/1241 1214/1214
f 1232/1232 1109/1109 1242/1242
f 1211/1211 1232/1232 739/739
f 1183/1183 1176/1176 1214/1214
f 739/739 1232/1232 1242/1242
f 739/739 1242/1242 737/737
f 1241/1241 1243/1243 1214/1214
f 1228/1228 1241/1241 1216/1216
f 807/807 1242/1242 1109/1109
f 807/807 762/762 1242/1242
f 1228/1228 1233/1233 1244/1244
f 1244/1244 1233/1233 1237/1237
f 807/807 763/763 762/762
f 762/762 737/737 1242/1242
f 1244/1244 1237/1237 1245/1245
f 1245/1245 1237/1237 1235/1235
f 1244/1244 1241/1241 1228/1228
f 1245/1245 1235/1235 1246/1246
f 1247/1247 1244/1244 1245/1245
f 748/748 809/809 803/803
f 1248/1248 1241/1241 1244/1244
f 751/751 1213/1213 739/739
f 1248/1248 1243/1243 1241/1241
f 1248/1248 1244/1244 1247/1247
f 1249/1249 1247/1247 1245/1245
f 1245/1245 1250/1250 1249/1249
f 1251/1251 1248/1248 1249/1249
f 1249/1249 1248/1248 1247/1247
f 1252/1252 1249/1249 1250/1250
f 738/738 751/751 739/739
f 1253/1253 789/789 793/793
f 777/777 1253/1253 793/793
f 879/879 869/869 882/882
f 860/860 858/858 838/838
f 856/856 858/858 1254/1254
f 856/856 1254/1254 864/864
f 1254/1254 999/999 864/864
f 999/999 889/889 864/864
f 1255/1255 968/968 1256/1256
f 1256/1256 873/873 879/879
f 879/879 1257/1257 1256/1256
f 1255/1255 1256/1256 1258/1258
f 1257/1257 1258/1258 1256/1256
f 873/873 1256/1256 968/968
f 968/968 1255/1255 979/979
f 1259/1259 979/979 1255/1255
f 952/952 1260/1260 859/859
f 1257/1257 879/879 882/882
f 1261/1261 952/952 954/954
f 955/955 1263/1263 1262/1262
f 881/881 883/883 1264/1264
f 1260/1260 952/952 1266/1266
f 1266/1266 952/952 1261/1261
f 1265/1265 1262/1262 1263/1263
f 1265/1265 1263/1263 1267/1267
f 882/882 881/881 1264/1264
f 1257/1257 882/882 1268/1268
f 1268/1268 882/882 1264/1264
f 1269/1269 1255/1255 1258/1258
f 1269/1269 1270/1270 1271/1271
f 1270/1270 1269/1269 1258/1258
f 1270/1270 1258/1258 1257/1257
f 1270/1270 1257/1257 1268/1268
f 1270/1270 1268/1268 1272/1272
f 1264/1264 1272/1272 1268/1268
f 1273/1273 1270/1270 1272/1272
f 1264/1264 883/883 887/887
f 1263/1263 955/955 972/972
f 887/887 1015/1015 1264/1264
f 972/972 982/982 1263/1263
f 1267/1267 1263/1263 982/982
f 1272/1272 1264/1264 1015/1015
f 1015/1015 1274/1274 1272/1272
f 1274/1274 1015/1015 1014/1014
f 1274/1274 1273/1273 1272/1272
f 1273/1273 1274/1274 1061/1061
f 1061/1061 1274/1274 1014/1014
f 979/979 1259/1259 993/993
f 993/993 1259/1259 1275/1275
f 1255/1255 1269/1269 1259/1259
f 1259/1259 1269/1269 1275/1275
f 1269/1269 1271/1271 1275/1275
f 1276/1276 993/993 1275/1275
f 1276/1276 1275/1275 1271/1271
f 1276/1276 1271/1271 1277/1277
f 993/993 1278/1278 992/992
f 860/860 859/859 1260/1260
f 1279/1279 997/997 992/992
f 1278/1278 1279/1279 992/992
f 860/860 1280/1280 858/858
f 860/860 1260/1260 1281/1281
f 1280/1280 860/860 1281/1281
f 1281/1281 1282/1282 1280/1280
f 993/993 1276/1276 1278/1278
f 858/858 1280/1280 1254/1254
f 1276/1276 1277/1277 1283/1283
f 1279/1279 1278/1278 1276/1276
f 1279/1279 1276/1276 1283/1283
f 1279/1279 1018/1018 997/997
f 1284/1284 1280/1280 1282/1282
f 1281/1281 1260/1260 1266/1266
f 1281/1281 1266/1266 1285/1285
f 1285/1285 1266/1266 1287/1287
f 1285/1285 1282/1282 1281/1281
f 1271/1271 1270/1270 1273/1273
f 1267/1267 1286/1286 1265/1265
f 1277/1277 1271/1271 1273/1273
f 1285/1285 1288/1288 1282/1282
f 999/999 1254/1254 1280/1280
f 999/999 1280/1280 1284/1284
f 1273/1273 1290/1290 1277/1277
f 1291/1291 1273/1273 1061/1061
f 1290/1290 1273/1273 1291/1291
f 1291/1291 1061/1061 1060/1060
f 1292/1292 1283/1283 1277/1277
f 1285/1285 1287/1287 1288/1288
f 1292/1292 1277/1277 1290/1290
f 1286/1286 1267/1267 1293/1293
f 1293/1293 1267/1267 982/982
f 1286/1286 1293/1293 1294/1294
f 1292/1292 1290/1290 1295/1295
f 1295/1295 1290/1290 1291/1291
f 989/989 1293/1293 982/982
f 1294/1294 1293/1293 989/989
f 1295/1295 1291/1291 1060/1060
f 1060/1060 1062/1062 1295/1295
f 1294/1294 989/989 1296/1296
f 1289/1289 1286/1286 1294/1294
f 1289/1289 1294/1294 1296/1296
f 989/989 1297/1297 1296/1296
f 1297/1297 989/989 987/987
f 995/995 1297/1297 987/987
f 1297/1297 995/995 1016/1016
f 1298/1298 999/999 1284/1284
f 1298/1298 1284/1284 1299/1299
f 1282/1282 1299/1299 1284/1284
f 1288/1288 1299/1299 1282/1282
f 999/999 1298/1298 998/998
f 1018/1018 1279/1279 1035/1035
f 1299/1299 998/998 1298/1298
f 1035/1035 1279/1279 1036/1036
f 1036/1036 1279/1279 1283/1283
f 1299/1299 1003/1003 998/998
f 1299/1299 1301/1301 1003/1003
f 1036/1036 1283/1283 1292/1292
f 1292/1292 1045/1045 1036/1036
f 1045/1045 1292/1292 1046/1046
f 1062/1062 1041/1041 1046/1046
f 1300/1300 1289/1289 1302/1302
f 1295/1295 1046/1046 1292/1292
f 1295/1295 1062/1062 1046/1046
f 1302/1302 1289/1289 1296/1296
f 1301/1301 1299/1299 1288/1288
f 1300/1300 1302/1302 1010/1010
f 1002/1002 1300/1300 1010/1010
f 1302/1302 1296/1296 1297/1297
f 1297/1297 1016/1016 1302/1302
f 1010/1010 1302/1302 1016/1016
f 1050/1050 1061/1061 1014/1014
f 1303/1303 1149/1149 1153/1153
f 1153/1153 1091/1091 1152/1152
f 1303/1303 1153/1153 1304/1304
f 1305/1305 1157/1157 1149/1149
f 1305/1305 1139/1139 1157/1157
f 1139/1139 1305/1305 1165/1165
f 1305/1305 1166/1166 1165/1165
f 1305/1305 1149/1149 1303/1303
f 1303/1303 1306/1306 1305/1305
f 1306/1306 1303/1303 1304/1304
f 1306/1306 1304/1304 1308/1308
f 1310/1310 1306/1306 1308/1308
f 1166/1166 1305/1305 1306/1306
f 1311/1311 1166/1166 1306/1306
f 1311/1311 1306/1306 1310/1310
f 1311/1311 1310/1310 1312/1312
f 1313/1313 1309/1309 1314/1314
f 1166/1166 1311/1311 1167/1167
f 1311/1311 1315/1315 1167/1167
f 1167/1167 1315/1315 1187/1187
f 1314/1314 1316/1316 1313/1313
f 1312/1312 1318/1318 1315/1315
f 1315/1315 1311/1311 1312/1312
f 1187/1187 1315/1315 1318/1318
f 1317/1317 1318/1318 1312/1312
f 1318/1318 1191/1191 1187/1187
f 1317/1317 1191/1191 1318/1318
f 1317/1317 1193/1193 1191/1191
f 1191/1191 1190/1190 1187/1187
f 1153/1153 1152/1152 1319/1319
f 1319/1319 1152/1152 1218/1218
f 1320/1320 1319/1319 1218/1218
f 1319/1319 1304/1304 1153/1153
f 1304/1304 1319/1319 1321/1321
f 1321/1321 1319/1319 1320/1320
f 1320/1320 1218/1218 1156/1156
f 1322/1322 1178/1178 1323/1323
f 1320/1320 1156/1156 1221/1221
f 1323/1323 1178/1178 1179/1179
f 1324/1324 1322/1322 1323/1323
f 1323/1323 1325/1325 1324/1324
f 1321/1321 1320/1320 1221/1221
f 1321/1321 1307/1307 1304/1304
f 1177/1177 1326/1326 1028/1028
f 1326/1326 1044/1044 1028/1028
f 1307/1307 1321/1321 1327/1327
f 1327/1327 1309/1309 1307/1307
f 1159/1159 1322/1322 1177/1177
f 1221/1221 1327/1327 1321/1321
f 1326/1326 1177/1177 1322/1322
f 1221/1221 1328/1328 1327/1327
f 1328/1328 1221/1221 1223/1223
f 1223/1223 1236/1236 1328/1328
f 1327/1327 1328/1328 1329/1329
f 1329/1329 1328/1328 1236/1236
f 1327/1327 1314/1314 1309/1309
f 1330/1330 1314/1314 1327/1327
f 1330/1330 1327/1327 1329/1329
f 1322/1322 1324/1324 1326/1326
f 1316/1316 1314/1314 1330/1330
f 1316/1316 1330/1330 1331/1331
f 1178/1178 1322/1322 1159/1159
f 1332/1332 1316/1316 1331/1331
f 1316/1316 1332/1332 1192/1192
f 1192/1192 1332/1332 1333/1333
f 1333/1333 1332/1332 1331/1331
f 1333/1333 1210/1210 1192/1192
f 1044/1044 1326/1326 1334/1334
f 1334/1334 1335/1335 1044/1044
f 1182/1182 1044/1044 1335/1335
f 1336/1336 1326/1326 1324/1324
f 1324/1324 1337/1337 1336/1336
f 1326/1326 1336/1336 1334/1334
f 1236/1236 1227/1227 1329/1329
f 1336/1336 1337/1337 1338/1338
f 1329/1329 1227/1227 1238/1238
f 1336/1336 1339/1339 1334/1334
f 1338/1338 1339/1339 1336/1336
f 1340/1340 1339/1339 1338/1338
f 1335/1335 1334/1334 1339/1339
f 1342/1342 1330/1330 1329/1329
f 1329/1329 1238/1238 1342/1342
f 1238/1238 1239/1239 1342/1342
f 1344/1344 1340/1340 1338/1338
f 1342/1342 1239/1239 1204/1204
f 1341/1341 1343/1343 1345/1345
f 1346/1346 1341/1341 1345/1345
f 1345/1345 1347/1347 1346/1346
f 1323/1323 1179/1179 1348/1348
f 1325/1325 1323/1323 1348/1348
f 1350/1350 1180/1180 1170/1170
f 1184/1184 1170/1170 1171/1171
f 1350/1350 1170/1170 1351/1351
f 1351/1351 1170/1170 1184/1184
f 1349/1349 1180/1180 1350/1350
f 1349/1349 1350/1350 1352/1352
f 1325/1325 1348/1348 1353/1353
f 1354/1354 1349/1349 1352/1352
f 1352/1352 1350/1350 1351/1351
f 1352/1352 1351/1351 1355/1355
f 1354/1354 1352/1352 1355/1355
f 1184/1184 1171/1171 790/790
f 1355/1355 1351/1351 1184/1184
f 1355/1355 1184/1184 1356/1356
f 1253/1253 1355/1355 1356/1356
f 1356/1356 1184/1184 789/789
f 1253/1253 1356/1356 789/789
f 1343/1343 1354/1354 1355/1355
f 1355/1355 1345/1345 1343/1343
f 1253/1253 1357/1357 1355/1355
f 1357/1357 1345/1345 1355/1355
f 1253/1253 777/777 1357/1357
f 1347/1347 1345/1345 1357/1357
f 1210/1210 1358/1358 1204/1204
f 1331/1331 1330/1330 1342/1342
f 1342/1342 1358/1358 1331/1331
f 1347/1347 1357/1357 1359/1359
f 1359/1359 1357/1357 777/777
f 1358/1358 1342/1342 1204/1204
f 1333/1333 1331/1331 1358/1358
f 1333/1333 1358/1358 1210/1210
f 1353/1353 1338/1338 1337/1337
f 1324/1324 1325/1325 1337/1337
f 1325/1325 1353/1353 1337/1337
f 1338/1338 1353/1353 1344/1344
f 1360/1360 1361/1361 1362/1362
f 1363/1363 28/28 26/26
f 89/89 1364/1364 1366/1366
f 26/26 130/130 1363/1363
f 1367/1367 1362/1362 1361/1361
f 1361/1361 1370/1370 1367/1367
f 28/28 1363/1363 1371/1371
f 1371/1371 31/31 28/28
f 1373/1373 1374/1374 1376/1376
f 1363/1363 130/130 1371/1371
f 1377/1377 1378/1378 1380/1380
f 1368/1368 1381/1381 1382/1382
f 1374/1374 1373/1373 1365/1365
f 1374/1374 1365/1365 1383/1383
f 1385/1385 1382/1382 1381/1381
f 1386/1386 1387/1387 1389/1389
f 1390/1390 1364/1364 1391/1391
f 1364/1364 1390/1390 1392/1392
f 1364/1364 1392/1392 1366/1366
f 1392/1392 1394/1394 1366/1366
f 1395/1395 1389/1389 1387/1387
f 1389/1389 1395/1395 1396/1396
f 1399/1399 1394/1394 1392/1392
f 1402/1402 1394/1394 1399/1399
f 1403/1403 1389/1389 1404/1404
f 1393/1393 1383/1383 1365/1365
f 1405/1405 1404/1404 1389/1389
f 30/30 31/31 1406/1406
f 1383/1383 1393/1393 1407/1407
f 1389/1389 1403/1403 1386/1386
f 1398/1398 1397/1397 1408/1408
f 1401/1401 1407/1407 1393/1393
f 1409/1409 1407/1407 1401/1401
f 1409/1409 1410/1410 1383/1383
f 1396/1396 1405/1405 1389/1389
f 1406/1406 31/31 1371/1371
f 1396/1396 1411/1411 1405/1405
f 1412/1412 1406/1406 1371/1371
f 1413/1413 1414/1414 1409/1409
f 1409/1409 1414/1414 1410/1410
f 1369/1369 1412/1412 1371/1371
f 1408/1408 1415/1415 1398/1398
f 30/30 1406/1406 1416/1416
f 1371/1371 1418/1418 1369/1369
f 1405/1405 1411/1411 1419/1419
f 1398/1398 1420/1420 1423/1423
f 2109/2109 1370/1370 1424/1424
f 1410/1410 1374/1374 1383/1383
f 1397/1397 1381/1381 1368/1368
f 1397/1397 1398/1398 1381/1381
f 1370/1370 1425/1425 1426/1426
f 1380/1380 1426/1426 1425/1425
f 1416/1416 1406/1406 1429/1429
f 1406/1406 1412/1412 1429/1429
f 1430/1430 1426/1426 1380/1380
f 1417/1417 1374/1374 1410/1410
f 1423/1423 1428/1428 1381/1381
f 1431/1431 1370/1370 1426/1426
f 1431/1431 1426/1426 1430/1430
f 1429/1429 1412/1412 1432/1432
f 1369/1369 1434/1434 1412/1412
f 1428/1428 1385/1385 1381/1381
f 1405/1405 1435/1435 1430/1430
f 1378/1378 1436/1436 1380/1380
f 1438/1438 1380/1380 1436/1436
f 1433/1433 1384/1384 1427/1427
f 1404/1404 1438/1438 1403/1403
f 1430/1430 1380/1380 1438/1438
f 1439/1439 1410/1410 1414/1414
f 1405/1405 1438/1438 1404/1404
f 1438/1438 1405/1405 1430/1430
f 1433/1433 1427/1427 1422/1422
f 1441/1441 1439/1439 1413/1413
f 1413/1413 1439/1439 1414/1414
f 1369/1369 1368/1368 1434/1434
f 1398/1398 1423/1423 1381/1381
f 1441/1441 1413/1413 1442/1442
f 1368/1368 1444/1444 1434/1434
f 1445/1445 1444/1444 1368/1368
f 1439/1439 1441/1441 1446/1446
f 1447/1447 1440/1440 1448/1448
f 1382/1382 1445/1445 1368/1368
f 1451/1451 1454/1454 1455/1455
f 1424/1424 1370/1370 1431/1431
f 1456/1456 1449/1449 1450/1450
f 1456/1456 1450/1450 1457/1457
f 1455/1455 1458/1458 1451/1451
f 1410/1410 1459/1459 1558/1558
f 1449/1449 1456/1456 1460/1460
f 634/634 1449/1449 59/59
f 1463/1463 1424/1424 1431/1431
f 1449/1449 634/634 1450/1450
f 1431/1431 1430/1430 1463/1463
f 2109/2109 1424/1424 1465/1465
f 1424/1424 1463/1463 1465/1465
f 1464/1464 1455/1455 1466/1466
f 1439/1439 1459/1459 1410/1410
f 1459/1459 1439/1439 1467/1467
f 1449/1449 1460/1460 59/59
f 1447/1447 1448/1448 1455/1455
f 1468/1468 1439/1439 1446/1446
f 1419/1419 1435/1435 1405/1405
f 1469/1469 1447/1447 1455/1455
f 1470/1470 1457/1457 1471/1471
f 1470/1470 1456/1456 1457/1457
f 1455/1455 1464/1464 1490/1490
f 1456/1456 1470/1470 1472/1472
f 1439/1439 1468/1468 1467/1467
f 1472/1472 1460/1460 1456/1456
f 1464/1464 1474/1474 1490/1490
f 1454/1454 1469/1469 1455/1455
f 1461/1461 1476/1476 1477/1477
f 1463/1463 1430/1430 1435/1435
f 1467/1467 1468/1468 1453/1453
f 1467/1467 1453/1453 1452/1452
f 1478/1478 1460/1460 1472/1472
f 1460/1460 1478/1478 1475/1475
f 79/79 57/57 76/76
f 76/76 1479/1479 79/79
f 1461/1461 1477/1477 1480/1480
f 1480/1480 1464/1464 1462/1462
f 1481/1481 1465/1465 1463/1463
f 1435/1435 1481/1481 1463/1463
f 1462/1462 1461/1461 1480/1480
f 1483/1483 1481/1481 1435/1435
f 1485/1485 1487/1487 59/59
f 1419/1419 1473/1473 1435/1435
f 1473/1473 1483/1483 1435/1435
f 1488/1488 1464/1464 1480/1480
f 1489/1489 1458/1458 1490/1490
f 79/79 1479/1479 1491/1491
f 1460/1460 1475/1475 59/59
f 1491/1491 1492/1492 79/79
f 1495/1495 1489/1489 1496/1496
f 1475/1475 1485/1485 59/59
f 1497/1497 1491/1491 1479/1479
f 1491/1491 1497/1497 1499/1499
f 1497/1497 1479/1479 1482/1482
f 1494/1494 1497/1497 1482/1482
f 1500/1500 1464/1464 1488/1488
f 1501/1501 1495/1495 1496/1496
f 1498/1498 1493/1493 1502/1502
f 1498/1498 1502/1502 1503/1503
f 1395/1395 1495/1495 1501/1501
f 1482/1482 1505/1505 1494/1494
f 1492/1492 1491/1491 1499/1499
f 1499/1499 1506/1506 1492/1492
f 1496/1496 1507/1507 1501/1501
f 1508/1508 1506/1506 1499/1499
f 1510/1510 1506/1506 1508/1508
f 1507/1507 1511/1511 1501/1501
f 1508/1508 1512/1512 1510/1510
f 1515/1515 1512/1512 1508/1508
f 1517/1517 1519/1519 1503/1503
f 1482/1482 76/76 75/75
f 1516/1516 1501/1501 1511/1511
f 1511/1511 1411/1411 1516/1516
f 1516/1516 1395/1395 1501/1501
f 1395/1395 1516/1516 1396/1396
f 1520/1520 1493/1493 1504/1504
f 76/76 1482/1482 1479/1479
f 1396/1396 1516/1516 1411/1411
f 1493/1493 1520/1520 1502/1502
f 75/75 61/61 1482/1482
f 1521/1521 1502/1502 1520/1520
f 1522/1522 1411/1411 1511/1511
f 1523/1523 1524/1524 1521/1521
f 1502/1502 1517/1517 1503/1503
f 1525/1525 1517/1517 1502/1502
f 1524/1524 1525/1525 1502/1502
f 1525/1525 1524/1524 1526/1526
f 1511/1511 1507/1507 1527/1527
f 1526/1526 1529/1529 1525/1525
f 1526/1526 1530/1530 1531/1531
f 1526/1526 1531/1531 1532/1532
f 1532/1532 1529/1529 1526/1526
f 1527/1527 1533/1533 1522/1522
f 1530/1530 1526/1526 1466/1466
f 1526/1526 1523/1523 1466/1466
f 1511/1511 1527/1527 1522/1522
f 1530/1530 1534/1534 1531/1531
f 1530/1530 1466/1466 1534/1534
f 1534/1534 1448/1448 1535/1535
f 1448/1448 1534/1534 1466/1466
f 1521/1521 1524/1524 1502/1502
f 1524/1524 1523/1523 1526/1526
f 1466/1466 1523/1523 1536/1536
f 61/61 1538/1538 1482/1482
f 1482/1482 1538/1538 1505/1505
f 1521/1521 1520/1520 1537/1537
f 1537/1537 1536/1536 1521/1521
f 1455/1455 1490/1490 1458/1458
f 1461/1461 1536/1536 1537/1537
f 1536/1536 1461/1461 1462/1462
f 1540/1540 1541/1541 1542/1542
f 1533/1533 1527/1527 1542/1542
f 1527/1527 1540/1540 1542/1542
f 1523/1523 1521/1521 1536/1536
f 1540/1540 1544/1544 1545/1545
f 61/61 59/59 1487/1487
f 1536/1536 1462/1462 1466/1466
f 1541/1541 1545/1545 1546/1546
f 1464/1464 1466/1466 1462/1462
f 1545/1545 1541/1541 1540/1540
f 1541/1541 1548/1548 1542/1542
f 1496/1496 1489/1489 1490/1490
f 1542/1542 1548/1548 1533/1533
f 1476/1476 1461/1461 1537/1537
f 1549/1549 1533/1533 1548/1548
f 1535/1535 1448/1448 1443/1443
f 1440/1440 1443/1443 1448/1448
f 1533/1533 1549/1549 1550/1550
f 1550/1550 1549/1549 1551/1551
f 1466/1466 1455/1455 1448/1448
f 1552/1552 1500/1500 1488/1488
f 1563/1563 1473/1473 1419/1419
f 1547/1547 1553/1553 1484/1484
f 1464/1464 1500/1500 1474/1474
f 1554/1554 1484/1484 1553/1553
f 1555/1555 1554/1554 1553/1553
f 1554/1554 1504/1504 1539/1539
f 1487/1487 1538/1538 61/61
f 1474/1474 1557/1557 1543/1543
f 1474/1474 1543/1543 1556/1556
f 1554/1554 1539/1539 1486/1486
f 1474/1474 1500/1500 1557/1557
f 1490/1490 1474/1474 1556/1556
f 1556/1556 1496/1496 1490/1490
f 1554/1554 1486/1486 1484/1484
f 1558/1558 130/130 1417/1417
f 1504/1504 1554/1554 1520/1520
f 1522/1522 1533/1533 1550/1550
f 1522/1522 1419/1419 1411/1411
f 1522/1522 1550/1550 1419/1419
f 1558/1558 1562/1562 1418/1418
f 1496/1496 1556/1556 1540/1540
f 1563/1563 1419/1419 1550/1550
f 130/130 1558/1558 1418/1418
f 1540/1540 1527/1527 1507/1507
f 1507/1507 1496/1496 1540/1540
f 1520/1520 1554/1554 1561/1561
f 1417/1417 1410/1410 1558/1558
f 1564/1564 1520/1520 1561/1561
f 1537/1537 1520/1520 1476/1476
f 1550/1550 1565/1565 1566/1566
f 130/130 1418/1418 1371/1371
f 1567/1567 1561/1561 1554/1554
f 1563/1563 1550/1550 1566/1566
f 1561/1561 1568/1568 1564/1564
f 1556/1556 1543/1543 1544/1544
f 1476/1476 1520/1520 1564/1564
f 1369/1369 1418/1418 1562/1562
f 1544/1544 1540/1540 1556/1556
f 1572/1572 1570/1570 1452/1452
f 1477/1477 1476/1476 1564/1564
f 1568/1568 1573/1573 1477/1477
f 1568/1568 1477/1477 1564/1564
f 1477/1477 1573/1573 1480/1480
f 1571/1571 1451/1451 1458/1458
f 1408/1408 1562/1562 1558/1558
f 1573/1573 1488/1488 1480/1480
f 1570/1570 1572/1572 1574/1574
f 1575/1575 1574/1574 1572/1572
f 1397/1397 1562/1562 1408/1408
f 1571/1571 1577/1577 1576/1576
f 1580/1580 1581/1581 1575/1575
f 1577/1577 1571/1571 1458/1458
f 1576/1576 1577/1577 1578/1578
f 1408/1408 1570/1570 1582/1582
f 1583/1583 1472/1472 1470/1470
f 1584/1584 1472/1472 1583/1583
f 1570/1570 1574/1574 1582/1582
f 1478/1478 1472/1472 1584/1584
f 1582/1582 1574/1574 1586/1586
f 1582/1582 1587/1587 1408/1408
f 1587/1587 1415/1415 1408/1408
f 1569/1569 1559/1559 1563/1563
f 1478/1478 1584/1584 1589/1589
f 1587/1587 1582/1582 1586/1586
f 1590/1590 1585/1585 1588/1588
f 1587/1587 1586/1586 1591/1591
f 1547/1547 1585/1585 1590/1590
f 1592/1592 1591/1591 1586/1586
f 1591/1591 1592/1592 1593/1593
f 1575/1575 1581/1581 1574/1574
f 1581/1581 1586/1586 1574/1574
f 1569/1569 1563/1563 1566/1566
f 1595/1595 1592/1592 1581/1581
f 1547/1547 1590/1590 1553/1553
f 1581/1581 1580/1580 1596/1596
f 1592/1592 1586/1586 1581/1581
f 1558/1558 1459/1459 1408/1408
f 1489/1489 1577/1577 1458/1458
f 1594/1594 1569/1569 1566/1566
f 1597/1597 1578/1578 1577/1577
f 1489/1489 1599/1599 1577/1577
f 1599/1599 1597/1597 1577/1577
f 1489/1489 1495/1495 1599/1599
f 1459/1459 1467/1467 1570/1570
f 1398/1398 1415/1415 1420/1420
f 1420/1420 1415/1415 1601/1601
f 1415/1415 1602/1602 1601/1601
f 1570/1570 1408/1408 1459/1459
f 1604/1604 1433/1433 1422/1422
f 1605/1605 1566/1566 1565/1565
f 69/69 79/79 1492/1492
f 1422/1422 1421/1421 1367/1367
f 1422/1422 1367/1367 1604/1604
f 1467/1467 1452/1452 1570/1570
f 1600/1600 1367/1367 1421/1421
f 1606/1606 1559/1559 1569/1569
f 89/89 69/69 1364/1364
f 1364/1364 69/69 1391/1391
f 1391/1391 69/69 1492/1492
f 1569/1569 1607/1607 1606/1606
f 1391/1391 1492/1492 1506/1506
f 1506/1506 1608/1608 1391/1391
f 1604/1604 1367/1367 1370/1370
f 1375/1375 118/118 89/89
f 1374/1374 117/117 1376/1376
f 115/115 117/117 143/143
f 1374/1374 143/143 117/117
f 1417/1417 143/143 1374/1374
f 1369/1369 1562/1562 1368/1368
f 1606/1606 1607/1607 1609/1609
f 1368/1368 1562/1562 1397/1397
f 1569/1569 1594/1594 1610/1610
f 1415/1415 1587/1587 1602/1602
f 1611/1611 1607/1607 1569/1569
f 1591/1591 1602/1602 1587/1587
f 89/89 1372/1372 1375/1375
f 1594/1594 1612/1612 1610/1610
f 1602/1602 1591/1591 1614/1614
f 1366/1366 1372/1372 89/89
f 1613/1613 1367/1367 1603/1603
f 1367/1367 1613/1613 1362/1362
f 1615/1615 1362/1362 1613/1613
f 1614/1614 1591/1591 1593/1593
f 1616/1616 1614/1614 1593/1593
f 1600/1600 1603/1603 1367/1367
f 1618/1618 1619/1619 1620/1620
f 1619/1619 1618/1618 1621/1621
f 1622/1622 1619/1619 1623/1623
f 1624/1624 1625/1625 1626/1626
f 1627/1627 1625/1625 1624/1624
f 1546/1546 1548/1548 1541/1541
f 1628/1628 1629/1629 1630/1630
f 1631/1631 1622/1622 1623/1623
f 1621/1621 1623/1623 1619/1619
f 1628/1628 1632/1632 1629/1629
f 1546/1546 1633/1633 1548/1548
f 1549/1549 1548/1548 1633/1633
f 1634/1634 1633/1633 1631/1631
f 1631/1631 1633/1633 1546/1546
f 1633/1633 1635/1635 1549/1549
f 1635/1635 1633/1633 1634/1634
f 1551/1551 1549/1549 1635/1635
f 1635/1635 1636/1636 1637/1637
f 1637/1637 1638/1638 1635/1635
f 1638/1638 1551/1551 1635/1635
f 1637/1637 1639/1639 1638/1638
f 1631/1631 1623/1623 1636/1636
f 1634/1634 1631/1631 1636/1636
f 1640/1640 1623/1623 1621/1621
f 1641/1641 1636/1636 1640/1640
f 1640/1640 1636/1636 1623/1623
f 1642/1642 1632/1632 1628/1628
f 1636/1636 1635/1635 1634/1634
f 1641/1641 1637/1637 1636/1636
f 1642/1642 1628/1628 1630/1630
f 1642/1642 1643/1643 1644/1644
f 1645/1645 1500/1500 1552/1552
f 1646/1646 1647/1647 1645/1645
f 634/634 632/632 1450/1450
f 1500/1500 1645/1645 1648/1648
f 1648/1648 1645/1645 1647/1647
f 1644/1644 1632/1632 1642/1642
f 1648/1648 1647/1647 1649/1649
f 1650/1650 1626/1626 1644/1644
f 1651/1651 1500/1500 1648/1648
f 631/631 224/224 1652/1652
f 1652/1652 1653/1653 631/631
f 1653/1653 1450/1450 632/632
f 1653/1653 632/632 631/631
f 1650/1650 1627/1627 1624/1624
f 1471/1471 1653/1653 1652/1652
f 1653/1653 1471/1471 1457/1457
f 1654/1654 1627/1627 1650/1650
f 1457/1457 1450/1450 1653/1653
f 1651/1651 1648/1648 1649/1649
f 1650/1650 1644/1644 1643/1643
f 1500/1500 1651/1651 1557/1557
f 1655/1655 1627/1627 1654/1654
f 1649/1649 1656/1656 1651/1651
f 1657/1657 1655/1655 1654/1654
f 1658/1658 1646/1646 1659/1659
f 1651/1651 1656/1656 1557/1557
f 1660/1660 1557/1557 1656/1656
f 1661/1661 1646/1646 1658/1658
f 1656/1656 1649/1649 1662/1662
f 1663/1663 1656/1656 1662/1662
f 1658/1658 1625/1625 1661/1661
f 1557/1557 1660/1660 1543/1543
f 1664/1664 1661/1661 1625/1625
f 1663/1663 1660/1660 1656/1656
f 1665/1665 1630/1630 1667/1667
f 1665/1665 1642/1642 1630/1630
f 1643/1643 1642/1642 1669/1669
f 1670/1670 1550/1550 1551/1551
f 1672/1672 1642/1642 1665/1665
f 1672/1672 1669/1669 1642/1642
f 1669/1669 1650/1650 1643/1643
f 1669/1669 1654/1654 1650/1650
f 1669/1669 1657/1657 1654/1654
f 1671/1671 1666/1666 1673/1673
f 1672/1672 1674/1674 1669/1669
f 1675/1675 1669/1669 1674/1674
f 1565/1565 1550/1550 1670/1670
f 1595/1595 1581/1581 1596/1596
f 1598/1598 1677/1677 1579/1579
f 1676/1676 1596/1596 1580/1580
f 1679/1679 1596/1596 1676/1676
f 1638/1638 1670/1670 1551/1551
f 1638/1638 1680/1680 1670/1670
f 1681/1681 1595/1595 1596/1596
f 1682/1682 1638/1638 1639/1639
f 1684/1684 1674/1674 1672/1672
f 1596/1596 1679/1679 1681/1681
f 1682/1682 1680/1680 1638/1638
f 1595/1595 1685/1685 1592/1592
f 1680/1680 1686/1686 1670/1670
f 1592/1592 1685/1685 1593/1593
f 1687/1687 1593/1593 1685/1685
f 1688/1688 1671/1671 1673/1673
f 1689/1689 1687/1687 1685/1685
f 1683/1683 1671/1671 1688/1688
f 1681/1681 1685/1685 1595/1595
f 1681/1681 1689/1689 1685/1685
f 1690/1690 1689/1689 1681/1681
f 1684/1684 1675/1675 1674/1674
f 1680/1680 1682/1682 1691/1691
f 1670/1670 1686/1686 1565/1565
f 1565/1565 1686/1686 1692/1692
f 1565/1565 1692/1692 1605/1605
f 1693/1693 1605/1605 1692/1692
f 1691/1691 1686/1686 1680/1680
f 1691/1691 1692/1692 1686/1686
f 1599/1599 1694/1694 1597/1597
f 1695/1695 1692/1692 1691/1691
f 1695/1695 1693/1693 1692/1692
f 1599/1599 1495/1495 1694/1694
f 1395/1395 1694/1694 1495/1495
f 1639/1639 1637/1637 1682/1682
f 1697/1697 1677/1677 1598/1598
f 1682/1682 1637/1637 1698/1698
f 1699/1699 1677/1677 1697/1697
f 1700/1700 1698/1698 1637/1637
f 1696/1696 1597/1597 1694/1694
f 1700/1700 1701/1701 1698/1698
f 1641/1641 1700/1700 1637/1637
f 1703/1703 1696/1696 1694/1694
f 1703/1703 1694/1694 1395/1395
f 1704/1704 1701/1701 1700/1700
f 1698/1698 1691/1691 1682/1682
f 1701/1701 1691/1691 1698/1698
f 1701/1701 1695/1695 1691/1691
f 1391/1391 1608/1608 1390/1390
f 1705/1705 1390/1390 1608/1608
f 1594/1594 1566/1566 1605/1605
f 1704/1704 1706/1706 1701/1701
f 1605/1605 1693/1693 1707/1707
f 1605/1605 1707/1707 1594/1594
f 1708/1708 1707/1707 1693/1693
f 1695/1695 1708/1708 1693/1693
f 1706/1706 1708/1708 1695/1695
f 1706/1706 1707/1707 1708/1708
f 1707/1707 1706/1706 1709/1709
f 1707/1707 1710/1710 1594/1594
f 1710/1710 1612/1612 1594/1594
f 1707/1707 1709/1709 1710/1710
f 1612/1612 1710/1710 1711/1711
f 1712/1712 1710/1710 1709/1709
f 1712/1712 1711/1711 1710/1710
f 1712/1712 1713/1713 1711/1711
f 1714/1714 1709/1709 1706/1706
f 1687/1687 1616/1616 1593/1593
f 1613/1613 1617/1617 1615/1615
f 1712/1712 1709/1709 1714/1714
f 1715/1715 1615/1615 1617/1617
f 1712/1712 1714/1714 1713/1713
f 1695/1695 1701/1701 1706/1706
f 1716/1716 1561/1561 1567/1567
f 1716/1716 1568/1568 1561/1561
f 1717/1717 1706/1706 1704/1704
f 1687/1687 1719/1719 1616/1616
f 1720/1720 1715/1715 1617/1617
f 1689/1689 1719/1719 1687/1687
f 1722/1722 1719/1719 1689/1689
f 1718/1718 1720/1720 1617/1617
f 1390/1390 1705/1705 1723/1723
f 1392/1392 1390/1390 1399/1399
f 1390/1390 1723/1723 1399/1399
f 1724/1724 1409/1409 1401/1401
f 1725/1725 1399/1399 1723/1723
f 1401/1401 1400/1400 1724/1724
f 1400/1400 1726/1726 1724/1724
f 1717/1717 1727/1727 1728/1728
f 1714/1714 1706/1706 1717/1717
f 1729/1729 1362/1362 1615/1615
f 1715/1715 1729/1729 1615/1615
f 1729/1729 1360/1360 1362/1362
f 1407/1407 1409/1409 1383/1383
f 1728/1728 1714/1714 1717/1717
f 1409/1409 1724/1724 1730/1730
f 1730/1730 1413/1413 1409/1409
f 1361/1361 1360/1360 1425/1425
f 1731/1731 1730/1730 1724/1724
f 1377/1377 1425/1425 1360/1360
f 1425/1425 1377/1377 1380/1380
f 1361/1361 1425/1425 1370/1370
f 1568/1568 1732/1732 1573/1573
f 1733/1733 1715/1715 1720/1720
f 1734/1734 1715/1715 1733/1733
f 1734/1734 1729/1729 1715/1715
f 1734/1734 1733/1733 1735/1735
f 1360/1360 1729/1729 1736/1736
f 1573/1573 1732/1732 1488/1488
f 1736/1736 1377/1377 1360/1360
f 1737/1737 1437/1437 1379/1379
f 1732/1732 1659/1659 1488/1488
f 1377/1377 1736/1736 1378/1378
f 1729/1729 1734/1734 1736/1736
f 1738/1738 1736/1736 1734/1734
f 1739/1739 1736/1736 1738/1738
f 1742/1742 1437/1437 1737/1737
f 1743/1743 1413/1413 1730/1730
f 1737/1737 1379/1379 1745/1745
f 1743/1743 1442/1442 1413/1413
f 1659/1659 1552/1552 1488/1488
f 1736/1736 1744/1744 1378/1378
f 1736/1736 1739/1739 1744/1744
f 1552/1552 1659/1659 1646/1646
f 1559/1559 1606/1606 1746/1746
f 1559/1559 1746/1746 1560/1560
f 1560/1560 1746/1746 1747/1747
f 1747/1747 1746/1746 1748/1748
f 1645/1645 1552/1552 1646/1646
f 1609/1609 1746/1746 1606/1606
f 1609/1609 1749/1749 1748/1748
f 1386/1386 1741/1741 1387/1387
f 1748/1748 1746/1746 1609/1609
f 1750/1750 1470/1470 1471/1471
f 1751/1751 1750/1750 1471/1471
f 1436/1436 1386/1386 1403/1403
f 1750/1750 1752/1752 1470/1470
f 1753/1753 1748/1748 1754/1754
f 1436/1436 1741/1741 1386/1386
f 1755/1755 1750/1750 1751/1751
f 1755/1755 1751/1751 1652/1652
f 1756/1756 1755/1755 1652/1652
f 1757/1757 1758/1758 1753/1753
f 1755/1755 1759/1759 1750/1750
f 1750/1750 1759/1759 1752/1752
f 1760/1760 1752/1752 1759/1759
f 1760/1760 1761/1761 1752/1752
f 1762/1762 1761/1761 1760/1760
f 1761/1761 1583/1583 1752/1752
f 1752/1752 1583/1583 1470/1470
f 1583/1583 1761/1761 1584/1584
f 1763/1763 1759/1759 1755/1755
f 1611/1611 1764/1764 1607/1607
f 1763/1763 1755/1755 1756/1756
f 1765/1765 1763/1763 1756/1756
f 1763/1763 1760/1760 1759/1759
f 1766/1766 1760/1760 1763/1763
f 1610/1610 1612/1612 1711/1711
f 1610/1610 1711/1711 1767/1767
f 1610/1610 1767/1767 1768/1768
f 1766/1766 1762/1762 1760/1760
f 1770/1770 1762/1762 1766/1766
f 1611/1611 1569/1569 1610/1610
f 1771/1771 1763/1763 1765/1765
f 1764/1764 1611/1611 1768/1768
f 1768/1768 1611/1611 1610/1610
f 1764/1764 1768/1768 1772/1772
f 1771/1771 1766/1766 1763/1763
f 1771/1771 1770/1770 1766/1766
f 1436/1436 1403/1403 1438/1438
f 1773/1773 1764/1764 1772/1772
f 1774/1774 1770/1770 1771/1771
f 1772/1772 1775/1775 1773/1773
f 1772/1772 1768/1768 1767/1767
f 1749/1749 1609/1609 1607/1607
f 1764/1764 1749/1749 1607/1607
f 1776/1776 1765/1765 1777/1777
f 1754/1754 1748/1748 1749/1749
f 1773/1773 1754/1754 1749/1749
f 1777/1777 1765/1765 1756/1756
f 1773/1773 1749/1749 1764/1764
f 1757/1757 1753/1753 1754/1754
f 1776/1776 1771/1771 1765/1765
f 1757/1757 1754/1754 1773/1773
f 1778/1778 1774/1774 1771/1771
f 1776/1776 1778/1778 1771/1771
f 1779/1779 1757/1757 1773/1773
f 1499/1499 1497/1497 1508/1508
f 1780/1780 1512/1512 1515/1515
f 1506/1506 1510/1510 1608/1608
f 1705/1705 1608/1608 1510/1510
f 1512/1512 1705/1705 1510/1510
f 1782/1782 1705/1705 1512/1512
f 1783/1783 1776/1776 1777/1777
f 1512/1512 1784/1784 1782/1782
f 1785/1785 1777/1777 1786/1786
f 1785/1785 1783/1783 1777/1777
f 1782/1782 1723/1723 1705/1705
f 1509/1509 1498/1498 1503/1503
f 1776/1776 1783/1783 1778/1778
f 1787/1787 1778/1778 1783/1783
f 1509/1509 1503/1503 1789/1789
f 1514/1514 1509/1509 1789/1789
f 1772/1772 1767/1767 1790/1790
f 1513/1513 1788/1788 1781/1781
f 1781/1781 1788/1788 1791/1791
f 1503/1503 1519/1519 1789/1789
f 1775/1775 1772/1772 1790/1790
f 1779/1779 1775/1775 1792/1792
f 1792/1792 1775/1775 1790/1790
f 1791/1791 1788/1788 1518/1518
f 1787/1787 1793/1793 1778/1778
f 1784/1784 1512/1512 1780/1780
f 1794/1794 1784/1784 1780/1780
f 1779/1779 1797/1797 1800/1800
f 1801/1801 1784/1784 1794/1794
f 1797/1797 1779/1779 1803/1803
f 1762/1762 1804/1804 1761/1761
f 1801/1801 1782/1782 1784/1784
f 1807/1807 1782/1782 1801/1801
f 1804/1804 1584/1584 1761/1761
f 1779/1779 1800/1800 1808/1808
f 1791/1791 1809/1809 1810/1810
f 1796/1796 1781/1781 1812/1812
f 1808/1808 1757/1757 1779/1779
f 1812/1812 1781/1781 1791/1791
f 1812/1812 1791/1791 1810/1810
f 1589/1589 1584/1584 1804/1804
f 1813/1813 1815/1815 1678/1678
f 1679/1679 1814/1814 1816/1816
f 1819/1819 1816/1816 1814/1814
f 1812/1812 1810/1810 1821/1821
f 1821/1821 1810/1810 1822/1822
f 1805/1805 1823/1823 1588/1588
f 1820/1820 1824/1824 1811/1811
f 1818/1818 1815/1815 1826/1826
f 1690/1690 1681/1681 1679/1679
f 1816/1816 1690/1690 1679/1679
f 1770/1770 1804/1804 1762/1762
f 1779/1779 1773/1773 1775/1775
f 1722/1722 1689/1689 1690/1690
f 1827/1827 1725/1725 1723/1723
f 1829/1829 1816/1816 1819/1819
f 1817/1817 1825/1825 1831/1831
f 1833/1833 1827/1827 1723/1723
f 1782/1782 1833/1833 1723/1723
f 1834/1834 1726/1726 1828/1828
f 1836/1836 1823/1823 1769/1769
f 1838/1838 1823/1823 1836/1836
f 1828/1828 1839/1839 1834/1834
f 1769/1769 1823/1823 1805/1805
f 1834/1834 1839/1839 1840/1840
f 1834/1834 1724/1724 1726/1726
f 1840/1840 1724/1724 1834/1834
f 1840/1840 1731/1731 1724/1724
f 1838/1838 1841/1841 1823/1823
f 1677/1677 1813/1813 1678/1678
f 1813/1813 1677/1677 1699/1699
f 1774/1774 1835/1835 1770/1770
f 1835/1835 1774/1774 1842/1842
f 1699/1699 1843/1843 1813/1813
f 1807/1807 1833/1833 1782/1782
f 1844/1844 1815/1815 1813/1813
f 1845/1845 1813/1813 1846/1846
f 1813/1813 1843/1843 1846/1846
f 1847/1847 1840/1840 1849/1849
f 1847/1847 1731/1731 1840/1840
f 1808/1808 1800/1800 1851/1851
f 1842/1842 1837/1837 1835/1835
f 1697/1697 1702/1702 1699/1699
f 1842/1842 1852/1852 1837/1837
f 1842/1842 1774/1774 1778/1778
f 1843/1843 1699/1699 1702/1702
f 1843/1843 1702/1702 1853/1853
f 1855/1855 1853/1853 1702/1702
f 1703/1703 1395/1395 1387/1387
f 1857/1857 1703/1703 1387/1387
f 1859/1859 1388/1388 1742/1742
f 1856/1856 1859/1859 1742/1742
f 1702/1702 1858/1858 1855/1855
f 1798/1798 1860/1860 1799/1799
f 1856/1856 1742/1742 1861/1861
f 1863/1863 1843/1843 1853/1853
f 1861/1861 1854/1854 1856/1856
f 1793/1793 1842/1842 1778/1778
f 1852/1852 1842/1842 1793/1793
f 1864/1864 1711/1711 1713/1713
f 1742/1742 1865/1865 1861/1861
f 1864/1864 1767/1767 1711/1711
f 1864/1864 1790/1790 1767/1767
f 1865/1865 1742/1742 1737/1737
f 1861/1861 1866/1866 1867/1867
f 1868/1868 1864/1864 1713/1713
f 1866/1866 1869/1869 1867/1867
f 1713/1713 1714/1714 1870/1870
f 1870/1870 1868/1868 1713/1713
f 1517/1517 1529/1529 1519/1519
f 1518/1518 1809/1809 1791/1791
f 1866/1866 1861/1861 1865/1865
f 1871/1871 1785/1785 1786/1786
f 1867/1867 1854/1854 1861/1861
f 1529/1529 1517/1517 1525/1525
f 1790/1790 1864/1864 1868/1868
f 1792/1792 1790/1790 1868/1868
f 1868/1868 1803/1803 1792/1792
f 1722/1722 1690/1690 1873/1873
f 1874/1874 1803/1803 1868/1868
f 1876/1876 1722/1722 1873/1873
f 1786/1786 1879/1879 1871/1871
f 1721/1721 1720/1720 1718/1718
f 1878/1878 1720/1720 1721/1721
f 1792/1792 1803/1803 1779/1779
f 1720/1720 1878/1878 1880/1880
f 1880/1880 1733/1733 1720/1720
f 1880/1880 1878/1878 1881/1881
f 1883/1883 1870/1870 1714/1714
f 1787/1787 1783/1783 1785/1785
f 1884/1884 1787/1787 1785/1785
f 1868/1868 1870/1870 1885/1885
f 1887/1887 1734/1734 1735/1735
f 1868/1868 1885/1885 1875/1875
f 1785/1785 1871/1871 1884/1884
f 1793/1793 1787/1787 1884/1884
f 1888/1888 1793/1793 1884/1884
f 1535/1535 1889/1889 1531/1531
f 1728/1728 1883/1883 1714/1714
f 1891/1891 1739/1739 1738/1738
f 1892/1892 1740/1740 1890/1890
f 1531/1531 1889/1889 1532/1532
f 1535/1535 1531/1531 1534/1534
f 1865/1865 1737/1737 1892/1892
f 1883/1883 1885/1885 1870/1870
f 1740/1740 1737/1737 1745/1745
f 1892/1892 1737/1737 1740/1740
f 1893/1893 1885/1885 1883/1883
f 1892/1892 1866/1866 1865/1865
f 1894/1894 1888/1888 1884/1884
f 1887/1887 1738/1738 1734/1734
f 1875/1875 1895/1895 1896/1896
f 1897/1897 1803/1803 1874/1874
f 1809/1809 1518/1518 1528/1528
f 1897/1897 1797/1797 1803/1803
f 1528/1528 1899/1899 1809/1809
f 1895/1895 1875/1875 1885/1885
f 1898/1898 1529/1529 1532/1532
f 1871/1871 1900/1900 1884/1884
f 1822/1822 1809/1809 1899/1899
f 1899/1899 1902/1902 1822/1822
f 1896/1896 1895/1895 1798/1798
f 1901/1901 1532/1532 1903/1903
f 1898/1898 1532/1532 1901/1901
f 1903/1903 1532/1532 1889/1889
f 1904/1904 1652/1652 224/224
f 1809/1809 1822/1822 1810/1810
f 1905/1905 1618/1618 1906/1906
f 1907/1907 1822/1822 1902/1902
f 1908/1908 1901/1901 1909/1909
f 1910/1910 1909/1909 1903/1903
f 1911/1911 1905/1905 1906/1906
f 1905/1905 1911/1911 1912/1912
f 1903/1903 1909/1909 1901/1901
f 224/224 223/223 1904/1904
f 1751/1751 1471/1471 1652/1652
f 1756/1756 1652/1652 1904/1904
f 1905/1905 1621/1621 1618/1618
f 1621/1621 1905/1905 1913/1913
f 1777/1777 1904/1904 223/223
f 1904/1904 1777/1777 1756/1756
f 1909/1909 1914/1914 1908/1908
f 1655/1655 1664/1664 1627/1627
f 1905/1905 1912/1912 1913/1913
f 1912/1912 1915/1915 1913/1913
f 1915/1915 1621/1621 1913/1913
f 1916/1916 1889/1889 1917/1917
f 1916/1916 1919/1919 1921/1921
f 1916/1916 1917/1917 1919/1919
f 1922/1922 1915/1915 1912/1912
f 1923/1923 1730/1730 1731/1731
f 1730/1730 1923/1923 1743/1743
f 1918/1918 1442/1442 1743/1743
f 1647/1647 1646/1646 1661/1661
f 1920/1920 1743/1743 1923/1923
f 1731/1731 1847/1847 1923/1923
f 1743/1743 1920/1920 1918/1918
f 1661/1661 1649/1649 1647/1647
f 1535/1535 1917/1917 1889/1889
f 1443/1443 1917/1917 1535/1535
f 1443/1443 1919/1919 1917/1917
f 1777/1777 223/223 234/234
f 1911/1911 1661/1661 1664/1664
f 1903/1903 1889/1889 1916/1916
f 1916/1916 1924/1924 1903/1903
f 1916/1916 1921/1921 1926/1926
f 1924/1924 1916/1916 1926/1926
f 1621/1621 1915/1915 1640/1640
f 1664/1664 1625/1625 1627/1627
f 1927/1927 1924/1924 1926/1926
f 1927/1927 1910/1910 1924/1924
f 1903/1903 1924/1924 1910/1910
f 1925/1925 1920/1920 1928/1928
f 1928/1928 1920/1920 1923/1923
f 1923/1923 1847/1847 1928/1928
f 1928/1928 1847/1847 1929/1929
f 1931/1931 1927/1927 1926/1926
f 1925/1925 1928/1928 1929/1929
f 1929/1929 1930/1930 1925/1925
f 1932/1932 1641/1641 1640/1640
f 1664/1664 1933/1933 1911/1911
f 1640/1640 1915/1915 1932/1932
f 1823/1823 1934/1934 1588/1588
f 1662/1662 1649/1649 1661/1661
f 1841/1841 1934/1934 1823/1823
f 1911/1911 1662/1662 1661/1661
f 1590/1590 1588/1588 1934/1934
f 1838/1838 1936/1936 1841/1841
f 1937/1937 1936/1936 1838/1838
f 1662/1662 1911/1911 1906/1906
f 1590/1590 1939/1939 1553/1553
f 1922/1922 1912/1912 1938/1938
f 1934/1934 1939/1939 1590/1590
f 1841/1841 1939/1939 1934/1934
f 1940/1940 1922/1922 1938/1938
f 1841/1841 1941/1941 1939/1939
f 1942/1942 1936/1936 1937/1937
f 1943/1943 1942/1942 1937/1937
f 1911/1911 1933/1933 1912/1912
f 1935/1935 1915/1915 1945/1945
f 1922/1922 1945/1945 1915/1915
f 1939/1939 1555/1555 1553/1553
f 1945/1945 1946/1946 1935/1935
f 1947/1947 1555/1555 1939/1939
f 1936/1936 1941/1941 1841/1841
f 1941/1941 1936/1936 1948/1948
f 1947/1947 1939/1939 1941/1941
f 1948/1948 1947/1947 1941/1941
f 1922/1922 1940/1940 1945/1945
f 1949/1949 1948/1948 1936/1936
f 1942/1942 1949/1949 1936/1936
f 1945/1945 1950/1950 1946/1946
f 1852/1852 1944/1944 1837/1837
f 1943/1943 1937/1937 1838/1838
f 1950/1950 1945/1945 1940/1940
f 1933/1933 1664/1664 1655/1655
f 1950/1950 1940/1940 1951/1951
f 1655/1655 1953/1953 1933/1933
f 1952/1952 1944/1944 1852/1852
f 1954/1954 1942/1942 1943/1943
f 1954/1954 1630/1630 1942/1942
f 1957/1957 1958/1958 1950/1950
f 1630/1630 1949/1949 1942/1942
f 1955/1955 1944/1944 1952/1952
f 1938/1938 1912/1912 1933/1933
f 1938/1938 1933/1933 1953/1953
f 1915/1915 1935/1935 1932/1932
f 1786/1786 1777/1777 234/234
f 1959/1959 1655/1655 1657/1657
f 1879/1879 1786/1786 234/234
f 1641/1641 1932/1932 1700/1700
f 1879/1879 234/234 1960/1960
f 1961/1961 1657/1657 1669/1669
f 1961/1961 1669/1669 1675/1675
f 1852/1852 1793/1793 1888/1888
f 1684/1684 1963/1963 1675/1675
f 1964/1964 1963/1963 1684/1684
f 1700/1700 1727/1727 1704/1704
f 1966/1966 1871/1871 1879/1879
f 1900/1900 1894/1894 1884/1884
f 1967/1967 1888/1888 1894/1894
f 1963/1963 1961/1961 1675/1675
f 1894/1894 1900/1900 1968/1968
f 1894/1894 1968/1968 1967/1967
f 1961/1961 1959/1959 1657/1657
f 1962/1962 1959/1959 1961/1961
f 449/449 1960/1960 234/234
f 1970/1970 1727/1727 1700/1700
f 1704/1704 1727/1727 1717/1717
f 1962/1962 1969/1969 1959/1959
f 1971/1971 1966/1966 1960/1960
f 1972/1972 1966/1966 1971/1971
f 1972/1972 1973/1973 1966/1966
f 1971/1971 1960/1960 449/449
f 1974/1974 1969/1969 1962/1962
f 1966/1966 1879/1879 1960/1960
f 1900/1900 1871/1871 1966/1966
f 1975/1975 1900/1900 1966/1966
f 1976/1976 1900/1900 1975/1975
f 1968/1968 1900/1900 1976/1976
f 1968/1968 1977/1977 1967/1967
f 1968/1968 1976/1976 1977/1977
f 1978/1978 1977/1977 1976/1976
f 1970/1970 1700/1700 1932/1932
f 1973/1973 1975/1975 1966/1966
f 1975/1975 1979/1979 1976/1976
f 1979/1979 1975/1975 1973/1973
f 1980/1980 1976/1976 1979/1979
f 1935/1935 1970/1970 1932/1932
f 1967/1967 1852/1852 1888/1888
f 1952/1952 1852/1852 1967/1967
f 1953/1953 1655/1655 1959/1959
f 1967/1967 1977/1977 1952/1952
f 1952/1952 1977/1977 1955/1955
f 1727/1727 1883/1883 1728/1728
f 1981/1981 1883/1883 1727/1727
f 1951/1951 1953/1953 1959/1959
f 1969/1969 1951/1951 1959/1959
f 1970/1970 1982/1982 1727/1727
f 1982/1982 1981/1981 1727/1727
f 1983/1983 1984/1984 1981/1981
f 1985/1985 1955/1955 1977/1977
f 1986/1986 1860/1860 1987/1987
f 1982/1982 1983/1983 1981/1981
f 1988/1988 1986/1986 1987/1987
f 1989/1989 1985/1985 1977/1977
f 1668/1668 1955/1955 1985/1985
f 1860/1860 1850/1850 1799/1799
f 1630/1630 1954/1954 1667/1667
f 1951/1951 1940/1940 1938/1938
f 1990/1990 1850/1850 1860/1860
f 1951/1951 1938/1938 1953/1953
f 1991/1991 1982/1982 1970/1970
f 1989/1989 1668/1668 1985/1985
f 1982/1982 1992/1992 1983/1983
f 1992/1992 1988/1988 1983/1983
f 1993/1993 1988/1988 1992/1992
f 1982/1982 1991/1991 1993/1993
f 1982/1982 1993/1993 1992/1992
f 1991/1991 1994/1994 1993/1993
f 1850/1850 1995/1995 1997/1997
f 1850/1850 1990/1990 1995/1995
f 1860/1860 1986/1986 1990/1990
f 1986/1986 1999/1999 1990/1990
f 2000/2000 1986/1986 1988/1988
f 2000/2000 1999/1999 1986/1986
f 1997/1997 1995/1995 2001/2001
f 2002/2002 1995/1995 1990/1990
f 1995/1995 2002/2002 2001/2001
f 1990/1990 2003/2003 2002/2002
f 1957/1957 1951/1951 2004/2004
f 1957/1957 1950/1950 1951/1951
f 2003/2003 1999/1999 2000/2000
f 1988/1988 1993/1993 1994/1994
f 1999/1999 2003/2003 1990/1990
f 2000/2000 1994/1994 2003/2003
f 1994/1994 1991/1991 2005/2005
f 1994/1994 2005/2005 2006/2006
f 2006/2006 2003/2003 1994/1994
f 2004/2004 1951/1951 1998/1998
f 2007/2007 2008/2008 2009/2009
f 1950/1950 1956/1956 1946/1946
f 2007/2007 2009/2009 2010/2010
f 2009/2009 2011/2011 2012/2012
f 1668/1668 1989/1989 1673/1673
f 1957/1957 2004/2004 2012/2012
f 2012/2012 2013/2013 1957/1957
f 2013/2013 2012/2012 2011/2011
f 2013/2013 1958/1958 1957/1957
f 2010/2010 2012/2012 2004/2004
f 1673/1673 1666/1666 1668/1668
f 2014/2014 1956/1956 1950/1950
f 2009/2009 2012/2012 2010/2010
f 2011/2011 2015/2015 2016/2016
f 2017/2017 2011/2011 2009/2009
f 2017/2017 2015/2015 2011/2011
f 2018/2018 2011/2011 2016/2016
f 2013/2013 2011/2011 2019/2019
f 2019/2019 2011/2011 2018/2018
f 2018/2018 2020/2020 2019/2019
f 2021/2021 1543/1543 1660/1660
f 1663/1663 1662/1662 1906/1906
f 1663/1663 2021/2021 1660/1660
f 1663/1663 1906/1906 2022/2022
f 2023/2023 1673/1673 1989/1989
f 2022/2022 2021/2021 1663/1663
f 2022/2022 1620/1620 2021/2021
f 2022/2022 1906/1906 1618/1618
f 2024/2024 2023/2023 1989/1989
f 1544/1544 2026/2026 1545/1545
f 1546/1546 1545/1545 2026/2026
f 2026/2026 1631/1631 1546/1546
f 2021/2021 1544/1544 1543/1543
f 1947/1947 2027/2027 1555/1555
f 1555/1555 2027/2027 1554/1554
f 1946/1946 2028/2028 1935/1935
f 1620/1620 2029/2029 2021/2021
f 1544/1544 2021/2021 2029/2029
f 1554/1554 2027/2027 1567/1567
f 2030/2030 1567/1567 2027/2027
f 1544/1544 2029/2029 2026/2026
f 2027/2027 1947/1947 2030/2030
f 1948/1948 2030/2030 1947/1947
f 1620/1620 2031/2031 2029/2029
f 1956/1956 2028/2028 1946/1946
f 1620/1620 2022/2022 1618/1618
f 2031/2031 2026/2026 2029/2029
f 1622/1622 2026/2026 2031/2031
f 1619/1619 2031/2031 1620/1620
f 1619/1619 1622/1622 2031/2031
f 1629/1629 1948/1948 1949/1949
f 1622/1622 1631/1631 2026/2026
f 2032/2032 1948/1948 1629/1629
f 1630/1630 1629/1629 1949/1949
f 2014/2014 1950/1950 1958/1958
f 2030/2030 1716/1716 1567/1567
f 2033/2033 1956/1956 2014/2014
f 2013/2013 2019/2019 1958/1958
f 1958/1958 2019/2019 2014/2014
f 2019/2019 2034/2034 2014/2014
f 2019/2019 2020/2020 2034/2034
f 2032/2032 2030/2030 1948/1948
f 2032/2032 2035/2035 2030/2030
f 1716/1716 2030/2030 2035/2035
f 2036/2036 2034/2034 2020/2020
f 2037/2037 2035/2035 2032/2032
f 2034/2034 2038/2038 2014/2014
f 2039/2039 2040/2040 2036/2036
f 2036/2036 2020/2020 2039/2039
f 2034/2034 2036/2036 2038/2038
f 2037/2037 2032/2032 1629/1629
f 2038/2038 2033/2033 2014/2014
f 1629/1629 1632/1632 2037/2037
f 2041/2041 2033/2033 2038/2038
f 2035/2035 2037/2037 2042/2042
f 2035/2035 2043/2043 1716/1716
f 2044/2044 2043/2043 2035/2035
f 1568/1568 1716/1716 2043/2043
f 2045/2045 1568/1568 2043/2043
f 2041/2041 2046/2046 2033/2033
f 2044/2044 2045/2045 2043/2043
f 2042/2042 2044/2044 2035/2035
f 2042/2042 2047/2047 2044/2044
f 1626/1626 2045/2045 2044/2044
f 1626/1626 2044/2044 2047/2047
f 1632/1632 2042/2042 2037/2037
f 2047/2047 2042/2042 1632/1632
f 2033/2033 2048/2048 1956/1956
f 1644/1644 2047/2047 1632/1632
f 2048/2048 2028/2028 1956/1956
f 1644/1644 1626/1626 2047/2047
f 2045/2045 1732/1732 1568/1568
f 2045/2045 2049/2049 1732/1732
f 1659/1659 1732/1732 2049/2049
f 1659/1659 2049/2049 1658/1658
f 1626/1626 2049/2049 2045/2045
f 1625/1625 2049/2049 1626/1626
f 1625/1625 1658/1658 2049/2049
f 2046/2046 2050/2050 2033/2033
f 1624/1624 1626/1626 1650/1650
f 2033/2033 2050/2050 2048/2048
f 2028/2028 1970/1970 1935/1935
f 1991/1991 1970/1970 2028/2028
f 1991/1991 2028/2028 2005/2005
f 2051/2051 2028/2028 2048/2048
f 2052/2052 2002/2002 2003/2003
f 2052/2052 2003/2003 2006/2006
f 2005/2005 2028/2028 2006/2006
f 2053/2053 2052/2052 2006/2006
f 2051/2051 2006/2006 2028/2028
f 2051/2051 2054/2054 2006/2006
f 2053/2053 2055/2055 2052/2052
f 2055/2055 2002/2002 2052/2052
f 2056/2056 2053/2053 2054/2054
f 2056/2056 2055/2055 2053/2053
f 2050/2050 2057/2057 2048/2048
f 2058/2058 2051/2051 2048/2048
f 2059/2059 2054/2054 2051/2051
f 2059/2059 2051/2051 2058/2058
f 2055/2055 2056/2056 2060/2060
f 2059/2059 2056/2056 2054/2054
f 2061/2061 2056/2056 2059/2059
f 2057/2057 2058/2058 2048/2048
f 2058/2058 2061/2061 2059/2059
f 2062/2062 2060/2060 2056/2056
f 2057/2057 2061/2061 2058/2058
f 2062/2062 2056/2056 2061/2061
f 2063/2063 2062/2062 2061/2061
f 1981/1981 1893/1893 1883/1883
f 1860/1860 1798/1798 1895/1895
f 1987/1987 1895/1895 1893/1893
f 1981/1981 1984/1984 1893/1893
f 1987/1987 1860/1860 1895/1895
f 1817/1817 1831/1831 1830/1830
f 1816/1816 1829/1829 1690/1690
f 1829/1829 1873/1873 1690/1690
f 2064/2064 1872/1872 1830/1830
f 1846/1846 1815/1815 1844/1844
f 1844/1844 1813/1813 1845/1845
f 1815/1815 1846/1846 1826/1826
f 1826/1826 1846/1846 1863/1863
f 1846/1846 1843/1843 1863/1863
f 1831/1831 2065/2065 1830/1830
f 1862/1862 2065/2065 1825/1825
f 2065/2065 2064/2064 1830/1830
f 1831/1831 1825/1825 2065/2065
f 1862/1862 1867/1867 2065/2065
f 2065/2065 1867/1867 2066/2066
f 1795/1795 1811/1811 1802/1802
f 1811/1811 2067/2067 1802/1802
f 1824/1824 2067/2067 1811/1811
f 1867/1867 1862/1862 1854/1854
f 1802/1802 2067/2067 1806/1806
f 2067/2067 2068/2068 1806/1806
f 1867/1867 1869/1869 2066/2066
f 2067/2067 1824/1824 2069/2069
f 2069/2069 2068/2068 2067/2067
f 2070/2070 2069/2069 1824/1824
f 2071/2071 2069/2069 2070/2070
f 1822/1822 1907/1907 1821/1821
f 2064/2064 1877/1877 1872/1872
f 2064/2064 1882/1882 1877/1877
f 1880/1880 1735/1735 1733/1733
f 2073/2073 1735/1735 1881/1881
f 1735/1735 1880/1880 1881/1881
f 2073/2073 1887/1887 1735/1735
f 2074/2074 2064/2064 2066/2066
f 2064/2064 2065/2065 2066/2066
f 1820/1820 2070/2070 1824/1824
f 2072/2072 1882/1882 2064/2064
f 1820/1820 1908/1908 1914/1914
f 2070/2070 1820/1820 1914/1914
f 2075/2075 2071/2071 2070/2070
f 2070/2070 1914/1914 2075/2075
f 2074/2074 2072/2072 2064/2064
f 2076/2076 2074/2074 1869/1869
f 1869/1869 2074/2074 2066/2066
f 1886/1886 2072/2072 2074/2074
f 2076/2076 1866/1866 1892/1892
f 2076/2076 1869/1869 1866/1866
f 2076/2076 1890/1890 2074/2074
f 1886/1886 2074/2074 1890/1890
f 1890/1890 2076/2076 1892/1892
f 1887/1887 1891/1891 1738/1738
f 1806/1806 2077/2077 1832/1832
f 2080/2080 1827/1827 1833/1833
f 2078/2078 1839/1839 1828/1828
f 2077/2077 2079/2079 1832/1832
f 2082/2082 2079/2079 2077/2077
f 2068/2068 2077/2077 1806/1806
f 2068/2068 2069/2069 2083/2083
f 2083/2083 2077/2077 2068/2068
f 2082/2082 2077/2077 2083/2083
f 2078/2078 2081/2081 1839/1839
f 2071/2071 2083/2083 2069/2069
f 2083/2083 2084/2084 2082/2082
f 2083/2083 2071/2071 2084/2084
f 2075/2075 2084/2084 2071/2071
f 2084/2084 2075/2075 1931/1931
f 1839/1839 1849/1849 1840/1840
f 2081/2081 1849/1849 1839/1839
f 1849/1849 1929/1929 1847/1847
f 2084/2084 1848/1848 2082/2082
f 2084/2084 1931/1931 1848/1848
f 1849/1849 1930/1930 1929/1929
f 1910/1910 2075/2075 1914/1914
f 1914/1914 1909/1909 1910/1910
f 1910/1910 1927/1927 2075/2075
f 1927/1927 1931/1931 2075/2075
f 1984/1984 1983/1983 1987/1987
f 1983/1983 1988/1988 1987/1987
f 1988/1988 1994/1994 2000/2000
f 2015/2015 2017/2017 2085/2085
f 2006/2006 2054/2054 2053/2053
f 2085/2085 2086/2086 2015/2015
f 2087/2087 2017/2017 2088/2088
f 2088/2088 2017/2017 2008/2008
f 2017/2017 2009/2009 2008/2008
f 2089/2089 2085/2085 2017/2017
f 2017/2017 2087/2087 2089/2089
f 2090/2090 2086/2086 2085/2085
f 2091/2091 2090/2090 2085/2085
f 2085/2085 2089/2089 2091/2091
f 2016/2016 2015/2015 2092/2092
f 2092/2092 2015/2015 2086/2086
f 2016/2016 2092/2092 2018/2018
f 2018/2018 2092/2092 2020/2020
f 2090/2090 2093/2093 2086/2086
f 2086/2086 2093/2093 2092/2092
f 2092/2092 2093/2093 2039/2039
f 2039/2039 2020/2020 2092/2092
f 2094/2094 2093/2093 2091/2091
f 2091/2091 2093/2093 2090/2090
f 2040/2040 2039/2039 2094/2094
f 2094/2094 2039/2039 2093/2093
f 2095/2095 2094/2094 2091/2091
f 2040/2040 2094/2094 2095/2095
f 1895/1895 1885/1885 1893/1893
f 1987/1987 1893/1893 1984/1984
f 2099/2099 2100/2100 2102/2102
f 2096/2096 715/715 716/716
f 2096/2096 2105/2105 715/715
f 2105/2105 722/722 715/715
f 2107/2107 2097/2097 1604/1604
f 2105/2105 2108/2108 722/722
f 2110/2110 2102/2102 2100/2100
f 2111/2111 2103/2103 2106/2106
f 2105/2105 2096/2096 2112/2112
f 2112/2112 2108/2108 2105/2105
f 2100/2100 2104/2104 2113/2113
f 2106/2106 2116/2116 2117/2117
f 2118/2118 2106/2106 2117/2117
f 716/716 30/30 2114/2114
f 2109/2109 1604/1604 1370/1370
f 2119/2119 2118/2118 2117/2117
f 1416/1416 2114/2114 30/30
f 2114/2114 1416/1416 2120/2120
f 2104/2104 2103/2103 2113/2113
f 2121/2121 716/716 2114/2114
f 2107/2107 1604/1604 2109/2109
f 2121/2121 2122/2122 716/716
f 2113/2113 2103/2103 2123/2123
f 2122/2122 2096/2096 716/716
f 2118/2118 2125/2125 2126/2126
f 2100/2100 2113/2113 2124/2124
f 2100/2100 2124/2124 2110/2110
f 2128/2128 2110/2110 2124/2124
f 2120/2120 2129/2129 2114/2114
f 2118/2118 2126/2126 2106/2106
f 2127/2127 2106/2106 2126/2126
f 2114/2114 2129/2129 2121/2121
f 2130/2130 2121/2121 2129/2129
f 2131/2131 2130/2130 2129/2129
f 2113/2113 2132/2132 2124/2124
f 2133/2133 2120/2120 1416/1416
f 1416/1416 1429/1429 2133/2133
f 2133/2133 1429/1429 1432/1432
f 2134/2134 2133/2133 1432/1432
f 1434/1434 1432/1432 1412/1412
f 2112/2112 2096/2096 2122/2122
f 2112/2112 2122/2122 2135/2135
f 2122/2122 2121/2121 2130/2130
f 2130/2130 2131/2131 2135/2135
f 2136/2136 2110/2110 2128/2128
f 2137/2137 2112/2112 2139/2139
f 2137/2137 2141/2141 2112/2112
f 2143/2143 2142/2142 2138/2138
f 2143/2143 2117/2117 2142/2142
f 2117/2117 2143/2143 2144/2144
f 2127/2127 2111/2111 2106/2106
f 728/728 721/721 720/720
f 722/722 2108/2108 720/720
f 720/720 2108/2108 728/728
f 2111/2111 2127/2127 2126/2126
f 2108/2108 2112/2112 2146/2146
f 2097/2097 2107/2107 2147/2147
f 2149/2149 2107/2107 2109/2109
f 728/728 2108/2108 2146/2146
f 2147/2147 2125/2125 2097/2097
f 734/734 735/735 2148/2148
f 736/736 734/734 2148/2148
f 2146/2146 725/725 728/728
f 2125/2125 2147/2147 2126/2126
f 2126/2126 2147/2147 2150/2150
f 2150/2150 2111/2111 2126/2126
f 725/725 2146/2146 2151/2151
f 2145/2145 2149/2149 2109/2109
f 2152/2152 2111/2111 2150/2150
f 2145/2145 2109/2109 2153/2153
f 2155/2155 2150/2150 2147/2147
f 2098/2098 2101/2101 2148/2148
f 2146/2146 2112/2112 2141/2141
f 2115/2115 2146/2146 2141/2141
f 2101/2101 2154/2154 2148/2148
f 2115/2115 2157/2157 2146/2146
f 2154/2154 2159/2159 2148/2148
f 2145/2145 2160/2160 2149/2149
f 2147/2147 2107/2107 2161/2161
f 2153/2153 2109/2109 1465/1465
f 2156/2156 2150/2150 2155/2155
f 2145/2145 2153/2153 1465/1465
f 2154/2154 2101/2101 2164/2164
f 2165/2165 2162/2162 2154/2154
f 2165/2165 2154/2154 2164/2164
f 1465/1465 1481/1481 2166/2166
f 2106/2106 2158/2158 2116/2116
f 2146/2146 2157/2157 2151/2151
f 1465/1465 2166/2166 2145/2145
f 2161/2161 2155/2155 2147/2147
f 2116/2116 2142/2142 2117/2117
f 2136/2136 2163/2163 2102/2102
f 2165/2165 2164/2164 2168/2168
f 1445/1445 2169/2169 1444/1444
f 2163/2163 2136/2136 2170/2170
f 2171/2171 2172/2172 2173/2173
f 1445/1445 2175/2175 2177/2177
f 2175/2175 1445/1445 1382/1382
f 2174/2174 2178/2178 2176/2176
f 2110/2110 2136/2136 2102/2102
f 2171/2171 2178/2178 2174/2174
f 2180/2180 2181/2181 2174/2174
f 2182/2182 2103/2103 2152/2152
f 2180/2180 1433/1433 2181/2181
f 2181/2181 2172/2172 2171/2171
f 2181/2181 2171/2171 2174/2174
f 2151/2151 735/735 725/725
f 2161/2161 2107/2107 2167/2167
f 2181/2181 2183/2183 2172/2172
f 2103/2103 2182/2182 2123/2123
f 2123/2123 2182/2182 2184/2184
f 2182/2182 2152/2152 2184/2184
f 2117/2117 2185/2185 2186/2186
f 2152/2152 2103/2103 2111/2111
f 2188/2188 2119/2119 2186/2186
f 2186/2186 2119/2119 2117/2117
f 735/735 2151/2151 2148/2148
f 2189/2189 2185/2185 2191/2191
f 2192/2192 2167/2167 2149/2149
f 2189/2189 2186/2186 2185/2185
f 2107/2107 2149/2149 2167/2167
f 2193/2193 2189/2189 2191/2191
f 2194/2194 2183/2183 2188/2188
f 2118/2118 2188/2188 2183/2183
f 2183/2183 2194/2194 2172/2172
f 2195/2195 2149/2149 2160/2160
f 2152/2152 2196/2196 2184/2184
f 2152/2152 2150/2150 2196/2196
f 2188/2188 2189/2189 2194/2194
f 2186/2186 2189/2189 2188/2188
f 2197/2197 2160/2160 2198/2198
f 2184/2184 2196/2196 2199/2199
f 2098/2098 2148/2148 2151/2151
f 2188/2188 2118/2118 2119/2119
f 2196/2196 2150/2150 2156/2156
f 1483/1483 2166/2166 1481/1481
f 2200/2200 2196/2196 2156/2156
f 2179/2179 2175/2175 1382/1382
f 2183/2183 2181/2181 1433/1433
f 1384/1384 1433/1433 2180/2180
f 2179/2179 1382/1382 1385/1385
f 2201/2201 2098/2098 2151/2151
f 2097/2097 2118/2118 2183/2183
f 1433/1433 1604/1604 2183/2183
f 2097/2097 2125/2125 2118/2118
f 2203/2203 2204/2204 1483/1483
f 1483/1483 1473/1473 2203/2203
f 2145/2145 2198/2198 2160/2160
f 2166/2166 2198/2198 2145/2145
f 2205/2205 2198/2198 2166/2166
f 2204/2204 2166/2166 1483/1483
f 2166/2166 2204/2204 2205/2205
f 2099/2099 2202/2202 2100/2100
f 2198/2198 2205/2205 2197/2197
f 2100/2100 2202/2202 2104/2104
f 2204/2204 2206/2206 2205/2205
f 2097/2097 2183/2183 1604/1604
f 2103/2103 2158/2158 2106/2106
f 2103/2103 2104/2104 2158/2158
f 2207/2207 2203/2203 1473/1473
f 1473/1473 2208/2208 2207/2207
f 1563/1563 1559/1559 1473/1473
f 1473/1473 1559/1559 2208/2208
f 1559/1559 1560/1560 2208/2208
f 2213/2213 2209/2209 2210/2210
f 2209/2209 2213/2213 2215/2215
f 2216/2216 2217/2217 2218/2218
f 2156/2156 2155/2155 2219/2219
f 2220/2220 2155/2155 2161/2161
f 2155/2155 2220/2220 2219/2219
f 2212/2212 2221/2221 2222/2222
f 2223/2223 2216/2216 2218/2218
f 2224/2224 2225/2225 2226/2226
f 2226/2226 2227/2227 2224/2224
f 2230/2230 2231/2231 2216/2216
f 2167/2167 2220/2220 2161/2161
f 2224/2224 2229/2229 2211/2211
f 2232/2232 2219/2219 2220/2220
f 2226/2226 2232/2232 2233/2233
f 2134/2134 1432/1432 2234/2234
f 1432/1432 1444/1444 2234/2234
f 2220/2220 2167/2167 2187/2187
f 2235/2235 2120/2120 2133/2133
f 2223/2223 2213/2213 2216/2216
f 2133/2133 2134/2134 2236/2236
f 2133/2133 2236/2236 2235/2235
f 2234/2234 2237/2237 2134/2134
f 2236/2236 2134/2134 2237/2237
f 2129/2129 2120/2120 2131/2131
f 2213/2213 2230/2230 2216/2216
f 2235/2235 2131/2131 2120/2120
f 2123/2123 2184/2184 2238/2238
f 2235/2235 2239/2239 2131/2131
f 2240/2240 2235/2235 2236/2236
f 2235/2235 2240/2240 2241/2241
f 2238/2238 2184/2184 2242/2242
f 2243/2243 2235/2235 2241/2241
f 2235/2235 2243/2243 2239/2239
f 1444/1444 1432/1432 1434/1434
f 2221/2221 2212/2212 2244/2244
f 2123/2123 2132/2132 2113/2113
f 2237/2237 2234/2234 2245/2245
f 2169/2169 2234/2234 1444/1444
f 2246/2246 2247/2247 2132/2132
f 2211/2211 2214/2214 2248/2248
f 2245/2245 2234/2234 2169/2169
f 2238/2238 2132/2132 2123/2123
f 2130/2130 2135/2135 2122/2122
f 2246/2246 2132/2132 2238/2238
f 2139/2139 2112/2112 2135/2135
f 2248/2248 2244/2244 2212/2212
f 2250/2250 2217/2217 2249/2249
f 2239/2239 2135/2135 2131/2131
f 2252/2252 2139/2139 2135/2135
f 2254/2254 2247/2247 2246/2246
f 2250/2250 2249/2249 2253/2253
f 2255/2255 2135/2135 2239/2239
f 2135/2135 2255/2255 2252/2252
f 2218/2218 2217/2217 2250/2250
f 2256/2256 2257/2257 2254/2254
f 2254/2254 2246/2246 2258/2258
f 2259/2259 2138/2138 2140/2140
f 2260/2260 2244/2244 2261/2261
f 2218/2218 2250/2250 2253/2253
f 2138/2138 2259/2259 2143/2143
f 2262/2262 2260/2260 2261/2261
f 2251/2251 2259/2259 2140/2140
f 2238/2238 2242/2242 2246/2246
f 2263/2263 2259/2259 2251/2251
f 2265/2265 2218/2218 2253/2253
f 2259/2259 2266/2266 2143/2143
f 2266/2266 2144/2144 2143/2143
f 2269/2269 2144/2144 2266/2266
f 2244/2244 2248/2248 2261/2261
f 2248/2248 2270/2270 2261/2261
f 2239/2239 2243/2243 2255/2255
f 2272/2272 2252/2252 2255/2255
f 2270/2270 2248/2248 2214/2214
f 2199/2199 2242/2242 2184/2184
f 2243/2243 2273/2273 2274/2274
f 2255/2255 2243/2243 2274/2274
f 2242/2242 2275/2275 2246/2246
f 2276/2276 2275/2275 2242/2242
f 2255/2255 2274/2274 2272/2272
f 2251/2251 2271/2271 2263/2263
f 2279/2279 2263/2263 2271/2271
f 2278/2278 2272/2272 2274/2274
f 2280/2280 2257/2257 2256/2256
f 2266/2266 2259/2259 2263/2263
f 2281/2281 2280/2280 2256/2256
f 2256/2256 2254/2254 2258/2258
f 2282/2282 2268/2268 2267/2267
f 2282/2282 2264/2264 2277/2277
f 2282/2282 2267/2267 2264/2264
f 2283/2283 2282/2282 2277/2277
f 2284/2284 2285/2285 2282/2282
f 2256/2256 2258/2258 2275/2275
f 2246/2246 2275/2275 2258/2258
f 2281/2281 2256/2256 2275/2275
f 2223/2223 2286/2286 2215/2215
f 2287/2287 2275/2275 2276/2276
f 2281/2281 2275/2275 2287/2287
f 2215/2215 2286/2286 2288/2288
f 2290/2290 2262/2262 2261/2261
f 2290/2290 2261/2261 2291/2291
f 2292/2292 2293/2293 2294/2294
f 2295/2295 2296/2296 2294/2294
f 2294/2294 2296/2296 2290/2290
f 2294/2294 2293/2293 2295/2295
f 2294/2294 2290/2290 2292/2292
f 2200/2200 2199/2199 2196/2196
f 2292/2292 2290/2290 2291/2291
f 2215/2215 2213/2213 2223/2223
f 2199/2199 2200/2200 2297/2297
f 2291/2291 2261/2261 2270/2270
f 2200/2200 2298/2298 2297/2297
f 2276/2276 2242/2242 2199/2199
f 2291/2291 2299/2299 2292/2292
f 2299/2299 2291/2291 2300/2300
f 2300/2300 2291/2291 2270/2270
f 2297/2297 2276/2276 2199/2199
f 2292/2292 2301/2301 2293/2293
f 2292/2292 2302/2302 2301/2301
f 2219/2219 2200/2200 2156/2156
f 2200/2200 2219/2219 2298/2298
f 2303/2303 2292/2292 2299/2299
f 2303/2303 2302/2302 2292/2292
f 2281/2281 2287/2287 2289/2289
f 2289/2289 2287/2287 2304/2304
f 2297/2297 2304/2304 2276/2276
f 2225/2225 2304/2304 2297/2297
f 2304/2304 2287/2287 2276/2276
f 2305/2305 2303/2303 2299/2299
f 2304/2304 2306/2306 2289/2289
f 2307/2307 2300/2300 2270/2270
f 2300/2300 2308/2308 2299/2299
f 2300/2300 2307/2307 2308/2308
f 2297/2297 2298/2298 2226/2226
f 2219/2219 2232/2232 2298/2298
f 2177/2177 2169/2169 1445/1445
f 2245/2245 2169/2169 2177/2177
f 2177/2177 2310/2310 2245/2245
f 2225/2225 2297/2297 2226/2226
f 2309/2309 2214/2214 2312/2312
f 2178/2178 2171/2171 2313/2313
f 2304/2304 2225/2225 2306/2306
f 2193/2193 2173/2173 2172/2172
f 2171/2171 2173/2173 2313/2313
f 2314/2314 2309/2309 2312/2312
f 2226/2226 2298/2298 2232/2232
f 2315/2315 2316/2316 2317/2317
f 2144/2144 2185/2185 2117/2117
f 2191/2191 2185/2185 2144/2144
f 2320/2320 2321/2321 2322/2322
f 2214/2214 2309/2309 2270/2270
f 2323/2323 2320/2320 2322/2322
f 2322/2322 2324/2324 2325/2325
f 2172/2172 2194/2194 2193/2193
f 2189/2189 2193/2193 2194/2194
f 2326/2326 2325/2325 2324/2324
f 2326/2326 2324/2324 2327/2327
f 2173/2173 2193/2193 2328/2328
f 2320/2320 2323/2323 2329/2329
f 2307/2307 2270/2270 2309/2309
f 2144/2144 2269/2269 2191/2191
f 2331/2331 2190/2190 2268/2268
f 2328/2328 2193/2193 2191/2191
f 2282/2282 2285/2285 2268/2268
f 2268/2268 2285/2285 2331/2331
f 2323/2323 2332/2332 2329/2329
f 2323/2323 2322/2322 2325/2325
f 2330/2330 2328/2328 2191/2191
f 2323/2323 2325/2325 2332/2332
f 2326/2326 2332/2332 2325/2325
f 2286/2286 2223/2223 2317/2317
f 2333/2333 2326/2326 2334/2334
f 2320/2320 2319/2319 2318/2318
f 2335/2335 2318/2318 2319/2319
f 2260/2260 2221/2221 2244/2244
f 2336/2336 2221/2221 2260/2260
f 2337/2337 2336/2336 2260/2260
f 1110/1110 1099/1099 2209/2209
f 2338/2338 1110/1110 2209/2209
f 2337/2337 2260/2260 2262/2262
f 2215/2215 2338/2338 2209/2209
f 2296/2296 2337/2337 2290/2290
f 2290/2290 2337/2337 2262/2262
f 2296/2296 2339/2339 2337/2337
f 1098/1098 1099/1099 1110/1110
f 929/929 2318/2318 2335/2335
f 2341/2341 1110/1110 2342/2342
f 2342/2342 1110/1110 2338/2338
f 2338/2338 2215/2215 2342/2342
f 2319/2319 2320/2320 2329/2329
f 2329/2329 2332/2332 2343/2343
f 2344/2344 2335/2335 2319/2319
f 2329/2329 2344/2344 2319/2319
f 1112/1112 1110/1110 2341/2341
f 2344/2344 2329/2329 2343/2343
f 2215/2215 2288/2288 2342/2342
f 2340/2340 2312/2312 2214/2214
f 1115/1115 1112/1112 2341/2341
f 2326/2326 2343/2343 2332/2332
f 2288/2288 2341/2341 2342/2342
f 1234/1234 2341/2341 2288/2288
f 2345/2345 2343/2343 2326/2326
f 2345/2345 2326/2326 2333/2333
f 2346/2346 2344/2344 2343/2343
f 1234/1234 2288/2288 2286/2286
f 2347/2347 2335/2335 2344/2344
f 1117/1117 1115/1115 2341/2341
f 1117/1117 2341/2341 1234/1234
f 2346/2346 2343/2343 2345/2345
f 2345/2345 2333/2333 2348/2348
f 2240/2240 2236/2236 2237/2237
f 2273/2273 2243/2243 2241/2241
f 2349/2349 2350/2350 2351/2351
f 2352/2352 2350/2350 2349/2349
f 2273/2273 2241/2241 2353/2353
f 2349/2349 2354/2354 2355/2355
f 2349/2349 2356/2356 2352/2352
f 2355/2355 2354/2354 2357/2357
f 2355/2355 2357/2357 2358/2358
f 2359/2359 2237/2237 2245/2245
f 2237/2237 2360/2360 2240/2240
f 2360/2360 2237/2237 2359/2359
f 2245/2245 2362/2362 2359/2359
f 2364/2364 2359/2359 2362/2362
f 2360/2360 2359/2359 2366/2366
f 2265/2265 2315/2315 2218/2218
f 2315/2315 2265/2265 2367/2367
f 2368/2368 2274/2274 2273/2273
f 2369/2369 2278/2278 2274/2274
f 2370/2370 2283/2283 2277/2277
f 2368/2368 2369/2369 2274/2274
f 2369/2369 2368/2368 2372/2372
f 2283/2283 2284/2284 2282/2282
f 2284/2284 2373/2373 2376/2376
f 2378/2378 2374/2374 2380/2380
f 2374/2374 2378/2378 2377/2377
f 2381/2381 2382/2382 2383/2383
f 2383/2383 2382/2382 2384/2384
f 2245/2245 2310/2310 2362/2362
f 2383/2383 2384/2384 2385/2385
f 2176/2176 2178/2178 2311/2311
f 2361/2361 2311/2311 2386/2386
f 2311/2311 2178/2178 2313/2313
f 2386/2386 2311/2311 2313/2313
f 2387/2387 2381/2381 2388/2388
f 2386/2386 2313/2313 2173/2173
f 2389/2389 2390/2390 2388/2388
f 2386/2386 2173/2173 2391/2391
f 2392/2392 2388/2388 2381/2381
f 2363/2363 2361/2361 2386/2386
f 2389/2389 2388/2388 2367/2367
f 2391/2391 2393/2393 2386/2386
f 2394/2394 2386/2386 2393/2393
f 2363/2363 2386/2386 2394/2394
f 2395/2395 2383/2383 2385/2385
f 2395/2395 2381/2381 2383/2383
f 2392/2392 2381/2381 2395/2395
f 2315/2315 2223/2223 2218/2218
f 2392/2392 2367/2367 2388/2388
f 2396/2396 2395/2395 2385/2385
f 2396/2396 2385/2385 2352/2352
f 2365/2365 2363/2363 2394/2394
f 2365/2365 2394/2394 2397/2397
f 2399/2399 2395/2395 2396/2396
f 2352/2352 2356/2356 2400/2400
f 2352/2352 2400/2400 2396/2396
f 2401/2401 2328/2328 2330/2330
f 2402/2402 2400/2400 2356/2356
f 2330/2330 2404/2404 2401/2401
f 2391/2391 2173/2173 2328/2328
f 2402/2402 2396/2396 2400/2400
f 2399/2399 2396/2396 2402/2402
f 2148/2148 1080/1080 736/736
f 2328/2328 2401/2401 2391/2391
f 2159/2159 1080/1080 2148/2148
f 2391/2391 2401/2401 2393/2393
f 2401/2401 2405/2405 2397/2397
f 2407/2407 2392/2392 2395/2395
f 2367/2367 2392/2392 2407/2407
f 2401/2401 2404/2404 2379/2379
f 2408/2408 2409/2409 2367/2367
f 2410/2410 2395/2395 2399/2399
f 2395/2395 2410/2410 2407/2407
f 2408/2408 2407/2407 2410/2410
f 2376/2376 2331/2331 2285/2285
f 2404/2404 2330/2330 2375/2375
f 2408/2408 2367/2367 2407/2407
f 2376/2376 2285/2285 2284/2284
f 2375/2375 2379/2379 2404/2404
f 2411/2411 2412/2412 2317/2317
f 1080/1080 2159/2159 2413/2413
f 2414/2414 1078/1078 1083/1083
f 2414/2414 1083/1083 1080/1080
f 2315/2315 2317/2317 2223/2223
f 1078/1078 2414/2414 2416/2416
f 1111/1111 1078/1078 2416/2416
f 2413/2413 2414/2414 1080/1080
f 2415/2415 2418/2418 2417/2417
f 2413/2413 2419/2419 2414/2414
f 2416/2416 2414/2414 2419/2419
f 2420/2420 2419/2419 2413/2413
f 2421/2421 2408/2408 2424/2424
f 2416/2416 2419/2419 2425/2425
f 2425/2425 1111/1111 2416/2416
f 2367/2367 2409/2409 2315/2315
f 2159/2159 2154/2154 2413/2413
f 2162/2162 2413/2413 2154/2154
f 2162/2162 2420/2420 2413/2413
f 2165/2165 2420/2420 2162/2162
f 2426/2426 2420/2420 2165/2165
f 2411/2411 2317/2317 2316/2316
f 2222/2222 2418/2418 2280/2280
f 2421/2421 2409/2409 2408/2408
f 2426/2426 2165/2165 2427/2427
f 2428/2428 2426/2426 2427/2427
f 2165/2165 2168/2168 2427/2427
f 2427/2427 2168/2168 2430/2430
f 2419/2419 2420/2420 2426/2426
f 2419/2419 2426/2426 2431/2431
f 2431/2431 2425/2425 2419/2419
f 2433/2433 2432/2432 2429/2429
f 2426/2426 2428/2428 2431/2431
f 2429/2429 2411/2411 2316/2316
f 2434/2434 2422/2422 2435/2435
f 2431/2431 2428/2428 2436/2436
f 2431/2431 2437/2437 2425/2425
f 2425/2425 2437/2437 1111/1111
f 2429/2429 2316/2316 2438/2438
f 2437/2437 2431/2431 2321/2321
f 2439/2439 1234/1234 2317/2317
f 1234/1234 1222/1222 1117/1117
f 2321/2321 2431/2431 2436/2436
f 2436/2436 2440/2440 2321/2321
f 2430/2430 2428/2428 2427/2427
f 2436/2436 2428/2428 2430/2430
f 2440/2440 2436/2436 2430/2430
f 2421/2421 2442/2442 2409/2409
f 2322/2322 2321/2321 2440/2440
f 2324/2324 2322/2322 2440/2440
f 2317/2317 1234/1234 2286/2286
f 2327/2327 2440/2440 2430/2430
f 2324/2324 2440/2440 2327/2327
f 1234/1234 2439/2439 1235/1235
f 2445/2445 1235/1235 2439/2439
f 2434/2434 2441/2441 2422/2422
f 2446/2446 2168/2168 2164/2164
f 2163/2163 2170/2170 2447/2447
f 2439/2439 2317/2317 2412/2412
f 2448/2448 2170/2170 2136/2136
f 2170/2170 2448/2448 2450/2450
f 2449/2449 1246/1246 2445/2445
f 2445/2445 1246/1246 1235/1235
f 2453/2453 2168/2168 2446/2446
f 1250/1250 1246/1246 2449/2449
f 2455/2455 2443/2443 2441/2441
f 2453/2453 2430/2430 2168/2168
f 2418/2418 2222/2222 2417/2417
f 2443/2443 2455/2455 2456/2456
f 2447/2447 2170/2170 2450/2450
f 2450/2450 2454/2454 2447/2447
f 2457/2457 2454/2454 2450/2450
f 2445/2445 2439/2439 2412/2412
f 2336/2336 2417/2417 2222/2222
f 2455/2455 2441/2441 2434/2434
f 2457/2457 2458/2458 2454/2454
f 2458/2458 2430/2430 2454/2454
f 2449/2449 2445/2445 2412/2412
f 2434/2434 2435/2435 2455/2455
f 2327/2327 2430/2430 2458/2458
f 2429/2429 2412/2412 2411/2411
f 2452/2452 2443/2443 2456/2456
f 1250/1250 2449/2449 1252/1252
f 2456/2456 2460/2460 2461/2461
f 1252/1252 2449/2449 2459/2459
f 2462/2462 2452/2452 2456/2456
f 2463/2463 2452/2452 2462/2462
f 2461/2461 2462/2462 2456/2456
f 2460/2460 2456/2456 2455/2455
f 2449/2449 2412/2412 2429/2429
f 2449/2449 2429/2429 2432/2432
f 2455/2455 2435/2435 2465/2465
f 2466/2466 2296/2296 2295/2295
f 2295/2295 2467/2467 2466/2466
f 2465/2465 2468/2468 2455/2455
f 2468/2468 2460/2460 2455/2455
f 1250/1250 1245/1245 1246/1246
f 2470/2470 2471/2471 2314/2314
f 2249/2249 2444/2444 2417/2417
f 2474/2474 2475/2475 2472/2472
f 2417/2417 2476/2476 2249/2249
f 2472/2472 2475/2475 2470/2470
f 2470/2470 2475/2475 2477/2477
f 2478/2478 2477/2477 2475/2475
f 2316/2316 2315/2315 2409/2409
f 2472/2472 2470/2470 2312/2312
f 2222/2222 2221/2221 2336/2336
f 1111/1111 2437/2437 2318/2318
f 2451/2451 2316/2316 2409/2409
f 2471/2471 2479/2479 2314/2314
f 1111/1111 2318/2318 746/746
f 2479/2479 2471/2471 2480/2480
f 2480/2480 2481/2481 2479/2479
f 2482/2482 2479/2479 2481/2481
f 2482/2482 2484/2484 2479/2479
f 2486/2486 2485/2485 2483/2483
f 2487/2487 2477/2477 2489/2489
f 2253/2253 2249/2249 2476/2476
f 2488/2488 2490/2490 2492/2492
f 2489/2489 2478/2478 2491/2491
f 2320/2320 2318/2318 2437/2437
f 2451/2451 2464/2464 2316/2316
f 2437/2437 2321/2321 2320/2320
f 2477/2477 2478/2478 2489/2489
f 2493/2493 2496/2496 2492/2492
f 2495/2495 2497/2497 2489/2489
f 2489/2489 2497/2497 2487/2487
f 2496/2496 2488/2488 2492/2492
f 2493/2493 2492/2492 2498/2498
f 2265/2265 2253/2253 2499/2499
f 2334/2334 2326/2326 2327/2327
f 2500/2500 2493/2493 2498/2498
f 2502/2502 2503/2503 2500/2500
f 2504/2504 2502/2502 2500/2500
f 2505/2505 2506/2506 2501/2501
f 2160/2160 2197/2197 2501/2501
f 2507/2507 2508/2508 2509/2509
f 2510/2510 2511/2511 2512/2512
f 2510/2510 2512/2512 2477/2477
f 2513/2513 2510/2510 2497/2497
f 2510/2510 2513/2513 2511/2511
f 2514/2514 2515/2515 2516/2516
f 2339/2339 2296/2296 2466/2466
f 2516/2516 2515/2515 2339/2339
f 2515/2515 2337/2337 2339/2339
f 2515/2515 2517/2517 2337/2337
f 2318/2318 929/929 746/746
f 2337/2337 2517/2517 2336/2336
f 2512/2512 2480/2480 2471/2471
f 2512/2512 2511/2511 2480/2480
f 2470/2470 2477/2477 2471/2471
f 2512/2512 2471/2471 2477/2477
f 2514/2514 2517/2517 2515/2515
f 2508/2508 2336/2336 2517/2517
f 2510/2510 2477/2477 2487/2487
f 2487/2487 2497/2497 2510/2510
f 2509/2509 2508/2508 2517/2517
f 2511/2511 2518/2518 2519/2519
f 2518/2518 2511/2511 2513/2513
f 2520/2520 2519/2519 2518/2518
f 2507/2507 2387/2387 2390/2390
f 2521/2521 2520/2520 2518/2518
f 2522/2522 2523/2523 2382/2382
f 2520/2520 2524/2524 2525/2525
f 2526/2526 2527/2527 2505/2505
f 2509/2509 2517/2517 2514/2514
f 2523/2523 2509/2509 2514/2514
f 2509/2509 2523/2523 2507/2507
f 2522/2522 2507/2507 2523/2523
f 2481/2481 2511/2511 2519/2519
f 2481/2481 2480/2480 2511/2511
f 2205/2205 2206/2206 2197/2197
f 2481/2481 2519/2519 2520/2520
f 2525/2525 2481/2481 2520/2520
f 2381/2381 2522/2522 2382/2382
f 2387/2387 2522/2522 2381/2381
f 2482/2482 2481/2481 2525/2525
f 2387/2387 2507/2507 2522/2522
f 2204/2204 2528/2528 2206/2206
f 2529/2529 2528/2528 2204/2204
f 2390/2390 2387/2387 2388/2388
f 2197/2197 2206/2206 2505/2505
f 2197/2197 2505/2505 2501/2501
f 2528/2528 2526/2526 2505/2505
f 2206/2206 2528/2528 2505/2505
f 2486/2486 2530/2530 2531/2531
f 2499/2499 2253/2253 2476/2476
f 2532/2532 2526/2526 2528/2528
f 2533/2533 2534/2534 2536/2536
f 2336/2336 2508/2508 2417/2417
f 2537/2537 2533/2533 2536/2536
f 2508/2508 2476/2476 2417/2417
f 2538/2538 2540/2540 2535/2535
f 2532/2532 2528/2528 2541/2541
f 2541/2541 2542/2542 2532/2532
f 2532/2532 2543/2543 2526/2526
f 2534/2534 2533/2533 2539/2539
f 2499/2499 2508/2508 2390/2390
f 2508/2508 2499/2499 2476/2476
f 2544/2544 2545/2545 2546/2546
f 2390/2390 2508/2508 2507/2507
f 2389/2389 2499/2499 2390/2390
f 2533/2533 2546/2546 2547/2547
f 2546/2546 2545/2545 2547/2547
f 2543/2543 2532/2532 2548/2548
f 2549/2549 2543/2543 2548/2548
f 2545/2545 2544/2544 2550/2550
f 2389/2389 2367/2367 2499/2499
f 2551/2551 2545/2545 2550/2550
f 2547/2547 2539/2539 2533/2533
f 2539/2539 2547/2547 2553/2553
f 2547/2547 2545/2545 2555/2555
f 2367/2367 2265/2265 2499/2499
f 2555/2555 2545/2545 2551/2551
f 2556/2556 2551/2551 2557/2557
f 2524/2524 2520/2520 2521/2521
f 2521/2521 2558/2558 2524/2524
f 2560/2560 2525/2525 2524/2524
f 2561/2561 2540/2540 2558/2558
f 2207/2207 2562/2562 2203/2203
f 2524/2524 2558/2558 2540/2540
f 2563/2563 2560/2560 2524/2524
f 2560/2560 2482/2482 2525/2525
f 2486/2486 2483/2483 2559/2559
f 2208/2208 2565/2565 2566/2566
f 2566/2566 2562/2562 2207/2207
f 2566/2566 2567/2567 2562/2562
f 2208/2208 2566/2566 2207/2207
f 2563/2563 2524/2524 2540/2540
f 2552/2552 2540/2540 2538/2538
f 2566/2566 2568/2568 2567/2567
f 2540/2540 2552/2552 2563/2563
f 2568/2568 2566/2566 2565/2565
f 2569/2569 2486/2486 2559/2559
f 2569/2569 2559/2559 2564/2564
f 2569/2569 2570/2570 2486/2486
f 2529/2529 2204/2204 2203/2203
f 2203/2203 2562/2562 2529/2529
f 2541/2541 2528/2528 2529/2529
f 2132/2132 2128/2128 2124/2124
f 2128/2128 2132/2132 2572/2572
f 2541/2541 2529/2529 2562/2562
f 2541/2541 2562/2562 2567/2567
f 2132/2132 2573/2573 2572/2572
f 2575/2575 2564/2564 2554/2554
f 2574/2574 2553/2553 2547/2547
f 2555/2555 2574/2574 2547/2547
f 2574/2574 2555/2555 2556/2556
f 2568/2568 2576/2576 2567/2567
f 2567/2567 2576/2576 2541/2541
f 2575/2575 2569/2569 2564/2564
f 2556/2556 2555/2555 2551/2551
f 2576/2576 2542/2542 2541/2541
f 2247/2247 2573/2573 2132/2132
f 2573/2573 2247/2247 2254/2254
f 2501/2501 2506/2506 2195/2195
f 2527/2527 2506/2506 2505/2505
f 2257/2257 2573/2573 2254/2254
f 2577/2577 2578/2578 2527/2527
f 2549/2549 2578/2578 2577/2577
f 2450/2450 2448/2448 2579/2579
f 2577/2577 2527/2527 2526/2526
f 2543/2543 2577/2577 2526/2526
f 2580/2580 2450/2450 2579/2579
f 2530/2530 2486/2486 2570/2570
f 2581/2581 2530/2530 2570/2570
f 2583/2583 2580/2580 2579/2579
f 2584/2584 2580/2580 2583/2583
f 2570/2570 2569/2569 2575/2575
f 2574/2574 2556/2556 2571/2571
f 2584/2584 2458/2458 2457/2457
f 2549/2549 2577/2577 2543/2543
f 2584/2584 2334/2334 2458/2458
f 2556/2556 2585/2585 2571/2571
f 2557/2557 2585/2585 2556/2556
f 2334/2334 2327/2327 2458/2458
f 1560/1560 1747/1747 2208/2208
f 2565/2565 2208/2208 1747/1747
f 2457/2457 2450/2450 2580/2580
f 2584/2584 2457/2457 2580/2580
f 2548/2548 2532/2532 2542/2542
f 2542/2542 2586/2586 2548/2548
f 2582/2582 2571/2571 2585/2585
f 2305/2305 2299/2299 2308/2308
f 2584/2584 2583/2583 2348/2348
f 2576/2576 2568/2568 2587/2587
f 2348/2348 2334/2334 2584/2584
f 2588/2588 2568/2568 2565/2565
f 2587/2587 2568/2568 2588/2588
f 2589/2589 2308/2308 2307/2307
f 2308/2308 2589/2589 2305/2305
f 2590/2590 2305/2305 2589/2589
f 2591/2591 2576/2576 2587/2587
f 2448/2448 2136/2136 2128/2128
f 2357/2357 2592/2592 2358/2358
f 2593/2593 2358/2358 2592/2592
f 2448/2448 2128/2128 2572/2572
f 2579/2579 2448/2448 2572/2572
f 2593/2593 2592/2592 2594/2594
f 2590/2590 2593/2593 2594/2594
f 2595/2595 2596/2596 2593/2593
f 2595/2595 2593/2593 2590/2590
f 2595/2595 2590/2590 2597/2597
f 2599/2599 2579/2579 2572/2572
f 2589/2589 2597/2597 2590/2590
f 2586/2586 2542/2542 2576/2576
f 2583/2583 2579/2579 2599/2599
f 2600/2600 2598/2598 2601/2601
f 2195/2195 2160/2160 2501/2501
f 2599/2599 2572/2572 2573/2573
f 2603/2603 2583/2583 2599/2599
f 2586/2586 2576/2576 2591/2591
f 2280/2280 2583/2583 2603/2603
f 2604/2604 2605/2605 2314/2314
f 2280/2280 2348/2348 2583/2583
f 2603/2603 2599/2599 2573/2573
f 2307/2307 2309/2309 2314/2314
f 2606/2606 2589/2589 2307/2307
f 2257/2257 2280/2280 2603/2603
f 2307/2307 2314/2314 2605/2605
f 2257/2257 2603/2603 2573/2573
f 2606/2606 2307/2307 2605/2605
f 2607/2607 2548/2548 2586/2586
f 2602/2602 2589/2589 2606/2606
f 2606/2606 2605/2605 2602/2602
f 2334/2334 2348/2348 2333/2333
f 2609/2609 2602/2602 2605/2605
f 2597/2597 2589/2589 2602/2602
f 2227/2227 2226/2226 2233/2233
f 2280/2280 2418/2418 2348/2348
f 2220/2220 2187/2187 2232/2232
f 2187/2187 2610/2610 2232/2232
f 2233/2233 2232/2232 2610/2610
f 2610/2610 2611/2611 2233/2233
f 2227/2227 2233/2233 2611/2611
f 2348/2348 2418/2418 2415/2415
f 2613/2613 2609/2609 2604/2604
f 2611/2611 2614/2614 2227/2227
f 2227/2227 2614/2614 2224/2224
f 2608/2608 2600/2600 2601/2601
f 2229/2229 2224/2224 2614/2614
f 2609/2609 2605/2605 2604/2604
f 2192/2192 2187/2187 2167/2167
f 2187/2187 2192/2192 2615/2615
f 2615/2615 2610/2610 2187/2187
f 2611/2611 2610/2610 2616/2616
f 2616/2616 2610/2610 2615/2615
f 2617/2617 2616/2616 2615/2615
f 2618/2618 2616/2616 2617/2617
f 2473/2473 2549/2549 2548/2548
f 2195/2195 2192/2192 2149/2149
f 2617/2617 2192/2192 2195/2195
f 2195/2195 2506/2506 2617/2617
f 2593/2593 2596/2596 2358/2358
f 2617/2617 2506/2506 2619/2619
f 2619/2619 2506/2506 2527/2527
f 2578/2578 2619/2619 2527/2527
f 2403/2403 2355/2355 2358/2358
f 2192/2192 2617/2617 2615/2615
f 2596/2596 2403/2403 2358/2358
f 2596/2596 2621/2621 2622/2622
f 2622/2622 2403/2403 2596/2596
f 2623/2623 2399/2399 2402/2402
f 2474/2474 2473/2473 2548/2548
f 2626/2626 2410/2410 2623/2623
f 2617/2617 2619/2619 2618/2618
f 2548/2548 2607/2607 2474/2474
f 2625/2625 2620/2620 2600/2600
f 2625/2625 2624/2624 2620/2620
f 2618/2618 2619/2619 2578/2578
f 2623/2623 2410/2410 2399/2399
f 2596/2596 2595/2595 2597/2597
f 2621/2621 2596/2596 2597/2597
f 2600/2600 2620/2620 2598/2598
f 2614/2614 2611/2611 2616/2616
f 2614/2614 2616/2616 2618/2618
f 2600/2600 2627/2627 2625/2625
f 2626/2626 2408/2408 2410/2410
f 2626/2626 2628/2628 2408/2408
f 2408/2408 2628/2628 2424/2424
f 2423/2423 2627/2627 2600/2600
f 2565/2565 1747/1747 1748/1748
f 2588/2588 2565/2565 1748/1748
f 2588/2588 1748/1748 1753/1753
f 1758/1758 2588/2588 1753/1753
f 2587/2587 2588/2588 1758/1758
f 2549/2549 2618/2618 2578/2578
f 2549/2549 2614/2614 2618/2618
f 2587/2587 1758/1758 2591/2591
f 2591/2591 1758/1758 1808/1808
f 2314/2314 2312/2312 2470/2470
f 1808/1808 1758/1758 1757/1757
f 2340/2340 2614/2614 2549/2549
f 1808/1808 2629/2629 2591/2591
f 2479/2479 2604/2604 2314/2314
f 2340/2340 2229/2229 2614/2614
f 1851/1851 2629/2629 1808/1808
f 2604/2604 2479/2479 2613/2613
f 2613/2613 2479/2479 2484/2484
f 2612/2612 2485/2485 2531/2531
f 2612/2612 2531/2531 2608/2608
f 2633/2633 2591/2591 2629/2629
f 2340/2340 2549/2549 2473/2473
f 2586/2586 2591/2591 2633/2633
f 2312/2312 2340/2340 2473/2473
f 2586/2586 2633/2633 2630/2630
f 2608/2608 2531/2531 2634/2634
f 2473/2473 2472/2472 2312/2312
f 2636/2636 2638/2638 2631/2631
f 2636/2636 2631/2631 2639/2639
f 2639/2639 2631/2631 2632/2632
f 2472/2472 2473/2473 2474/2474
f 2280/2280 2281/2281 2222/2222
f 2435/2435 2423/2423 2600/2600
f 2435/2435 2422/2422 2423/2423
f 2637/2637 2607/2607 2586/2586
f 2222/2222 2281/2281 2640/2640
f 2640/2640 2281/2281 2289/2289
f 2475/2475 2474/2474 2607/2607
f 2475/2475 2607/2607 2637/2637
f 2634/2634 2435/2435 2600/2600
f 2637/2637 2586/2586 2630/2630
f 2478/2478 2475/2475 2491/2491
f 2640/2640 2211/2211 2212/2212
f 2634/2634 2600/2600 2608/2608
f 2491/2491 2475/2475 2637/2637
f 2641/2641 2490/2490 2638/2638
f 2498/2498 2492/2492 2490/2490
f 2212/2212 2222/2222 2640/2640
f 2641/2641 2638/2638 2642/2642
f 2634/2634 2465/2465 2435/2435
f 2504/2504 2641/2641 2642/2642
f 2225/2225 2224/2224 2306/2306
f 2643/2643 2504/2504 2642/2642
f 2490/2490 2641/2641 2498/2498
f 2500/2500 2498/2498 2504/2504
f 2504/2504 2498/2498 2641/2641
f 2638/2638 2636/2636 2642/2642
f 2211/2211 2306/2306 2224/2224
f 2644/2644 2642/2642 2636/2636
f 2465/2465 2634/2634 2635/2635
f 2640/2640 2289/2289 2306/2306
f 2629/2629 1851/1851 1996/1996
f 2306/2306 2211/2211 2640/2640
f 2629/2629 1996/1996 2633/2633
f 2531/2531 2485/2485 2486/2486
f 1997/1997 2001/2001 2632/2632
f 2248/2248 2212/2212 2211/2211
f 2639/2639 2632/2632 2001/2001
f 2530/2530 2634/2634 2531/2531
f 2214/2214 2229/2229 2340/2340
f 2229/2229 2214/2214 2211/2211
f 2530/2530 2645/2645 2634/2634
f 2646/2646 2644/2644 2636/2636
f 2648/2648 929/929 2335/2335
f 2648/2648 2335/2335 2347/2347
f 2646/2646 2636/2636 2639/2639
f 929/929 2649/2649 949/949
f 2647/2647 2646/2646 2650/2650
f 929/929 2648/2648 2649/2649
f 2651/2651 2646/2646 2639/2639
f 2649/2649 2648/2648 2347/2347
f 2646/2646 2651/2651 2650/2650
f 2652/2652 2649/2649 2347/2347
f 2653/2653 2652/2652 2347/2347
f 2654/2654 2347/2347 2344/2344
f 2654/2654 2344/2344 2346/2346
f 2654/2654 2346/2346 2655/2655
f 2655/2655 2346/2346 2345/2345
f 2655/2655 2345/2345 2415/2415
f 2656/2656 2502/2502 2504/2504
f 2654/2654 2653/2653 2347/2347
f 2657/2657 2653/2653 2654/2654
f 2656/2656 2504/2504 2643/2643
f 2658/2658 2550/2550 2544/2544
f 2657/2657 2654/2654 2655/2655
f 2658/2658 2656/2656 2659/2659
f 2659/2659 2656/2656 2643/2643
f 2659/2659 2660/2660 2658/2658
f 2643/2643 2642/2642 2644/2644
f 2415/2415 2657/2657 2655/2655
f 2659/2659 2643/2643 2644/2644
f 2659/2659 2644/2644 2646/2646
f 2658/2658 2660/2660 2550/2550
f 2661/2661 2647/2647 2557/2557
f 2551/2551 2550/2550 2660/2660
f 2551/2551 2660/2660 2661/2661
f 2557/2557 2551/2551 2661/2661
f 2649/2649 2662/2662 949/949
f 2662/2662 2649/2649 2663/2663
f 2659/2659 2661/2661 2660/2660
f 2659/2659 2646/2646 2661/2661
f 2647/2647 2661/2661 2646/2646
f 2649/2649 2652/2652 2663/2663
f 2557/2557 2647/2647 2585/2585
f 1019/1019 949/949 2662/2662
f 1027/1027 1019/1019 2662/2662
f 2664/2664 2652/2652 2653/2653
f 2662/2662 2663/2663 2665/2665
f 2663/2663 2652/2652 2664/2664
f 2666/2666 2663/2663 2664/2664
f 2667/2667 2666/2666 2664/2664
f 2668/2668 2662/2662 2665/2665
f 1027/1027 2662/2662 2668/2668
f 2665/2665 2663/2663 2669/2669
f 2669/2669 2663/2663 2666/2666
f 2669/2669 2670/2670 2665/2665
f 2670/2670 2668/2668 2665/2665
f 2671/2671 2669/2669 2667/2667
f 2664/2664 2653/2653 2657/2657
f 2667/2667 2664/2664 2657/2657
f 2444/2444 2657/2657 2415/2415
f 2667/2667 2657/2657 2444/2444
f 2667/2667 2669/2669 2666/2666
f 2345/2345 2348/2348 2415/2415
f 2672/2672 2639/2639 2001/2001
f 2001/2001 2055/2055 2672/2672
f 2444/2444 2415/2415 2417/2417
f 1032/1032 1027/1027 2673/2673
f 2055/2055 2001/2001 2002/2002
f 2673/2673 1027/1027 2668/2668
f 1033/1033 1032/1032 2673/2673
f 2651/2651 2639/2639 2674/2674
f 2675/2675 2668/2668 2670/2670
f 2675/2675 1033/1033 2673/2673
f 2673/2673 2668/2668 2675/2675
f 2675/2675 2670/2670 2676/2676
f 2676/2676 2670/2670 2669/2669
f 2676/2676 2669/2669 2671/2671
f 2677/2677 2676/2676 2671/2671
f 2674/2674 2639/2639 2672/2672
f 2676/2676 2678/2678 2675/2675
f 2679/2679 2674/2674 2680/2680
f 2672/2672 2680/2680 2674/2674
f 2678/2678 2676/2676 2677/2677
f 2671/2671 2231/2231 2677/2677
f 2675/2675 2681/2681 1033/1033
f 2650/2650 2651/2651 2679/2679
f 2682/2682 2680/2680 2060/2060
f 2683/2683 2675/2675 2678/2678
f 2679/2679 2680/2680 2682/2682
f 2681/2681 2675/2675 2683/2683
f 2650/2650 2679/2679 2682/2682
f 2677/2677 2684/2684 2678/2678
f 2684/2684 2677/2677 2231/2231
f 2651/2651 2674/2674 2679/2679
f 2684/2684 2683/2683 2678/2678
f 2680/2680 2672/2672 2055/2055
f 2055/2055 2060/2060 2680/2680
f 2060/2060 2062/2062 2682/2682
f 2444/2444 2228/2228 2685/2685
f 2228/2228 2444/2444 2249/2249
f 2228/2228 2249/2249 2217/2217
f 2216/2216 2228/2228 2217/2217
f 2667/2667 2444/2444 2671/2671
f 2671/2671 2444/2444 2685/2685
f 2685/2685 2231/2231 2671/2671
f 2231/2231 2685/2685 2228/2228
f 2216/2216 2231/2231 2228/2228
f 2686/2686 2681/2681 2683/2683
f 1084/1084 1033/1033 2681/2681
f 1084/1084 2681/2681 2686/2686
f 2686/2686 2683/2683 2209/2209
f 2210/2210 2683/2683 2684/2684
f 2230/2230 2684/2684 2231/2231
f 2230/2230 2210/2210 2684/2684
f 2210/2210 2209/2209 2683/2683
f 2213/2213 2210/2210 2230/2230
f 1099/1099 1084/1084 2686/2686
f 2686/2686 2209/2209 1099/1099
f 2687/2687 2688/2688 2689/2689
f 2689/2689 2690/2690 2687/2687
f 2691/2691 2687/2687 2690/2690
f 2689/2689 2692/2692 2693/2693
f 2689/2689 2693/2693 2694/2694
f 2690/2690 2689/2689 2694/2694
f 2350/2350 2687/2687 2691/2691
f 2691/2691 2351/2351 2350/2350
f 2695/2695 2690/2690 2694/2694
f 2696/2696 2691/2691 2690/2690
f 2696/2696 2690/2690 2695/2695
f 2240/2240 2353/2353 2241/2241
f 2697/2697 2351/2351 2691/2691
f 2351/2351 2354/2354 2349/2349
f 2351/2351 2697/2697 2354/2354
f 2698/2698 2273/2273 2353/2353
f 2697/2697 2691/2691 2696/2696
f 2696/2696 2699/2699 2697/2697
f 2700/2700 2353/2353 2360/2360
f 2360/2360 2353/2353 2240/2240
f 2699/2699 2357/2357 2697/2697
f 2697/2697 2357/2357 2354/2354
f 2353/2353 2700/2700 2698/2698
f 2357/2357 2699/2699 2592/2592
f 2366/2366 2700/2700 2360/2360
f 2366/2366 2359/2359 2364/2364
f 2700/2700 2366/2366 2701/2701
f 2701/2701 2366/2366 2398/2398
f 2702/2702 2384/2384 2382/2382
f 2701/2701 2703/2703 2698/2698
f 2698/2698 2700/2700 2701/2701
f 2273/2273 2698/2698 2368/2368
f 2698/2698 2703/2703 2368/2368
f 2368/2368 2703/2703 2372/2372
f 2687/2687 2702/2702 2688/2688
f 2687/2687 2384/2384 2702/2702
f 2283/2283 2370/2370 2371/2371
f 2352/2352 2384/2384 2350/2350
f 2350/2350 2384/2384 2687/2687
f 2352/2352 2385/2385 2384/2384
f 2703/2703 2380/2380 2372/2372
f 2701/2701 2380/2380 2703/2703
f 2398/2398 2406/2406 2701/2701
f 2380/2380 2701/2701 2406/2406
f 2406/2406 2378/2378 2380/2380
f 2373/2373 2283/2283 2371/2371
f 2373/2373 2284/2284 2283/2283
f 2374/2374 2372/2372 2380/2380
f 2394/2394 2393/2393 2397/2397
f 2393/2393 2401/2401 2397/2397
f 2379/2379 2405/2405 2401/2401
f 2704/2704 2705/2705 2706/2706
f 2705/2705 2704/2704 2513/2513
f 2497/2497 2705/2705 2513/2513
f 2705/2705 2495/2495 2706/2706
f 2705/2705 2497/2497 2495/2495
f 2707/2707 2706/2706 2494/2494
f 2706/2706 2495/2495 2494/2494
f 2709/2709 2710/2710 2706/2706
f 2711/2711 2710/2710 2709/2709
f 2709/2709 2713/2713 2711/2711
f 2708/2708 2714/2714 2715/2715
f 2713/2713 2709/2709 2716/2716
f 2712/2712 2715/2715 2714/2714
f 2714/2714 2717/2717 2712/2712
f 2709/2709 2706/2706 2716/2716
f 2716/2716 2706/2706 2707/2707
f 2718/2718 2711/2711 2719/2719
f 2717/2717 2721/2721 2712/2712
f 2719/2719 2711/2711 2713/2713
f 2720/2720 2712/2712 2721/2721
f 2706/2706 2710/2710 2704/2704
f 2722/2722 2704/2704 2710/2710
f 2710/2710 2711/2711 2722/2722
f 2704/2704 2518/2518 2513/2513
f 2722/2722 2518/2518 2704/2704
f 2718/2718 2722/2722 2711/2711
f 2723/2723 2718/2718 2725/2725
f 2725/2725 2718/2718 2719/2719
f 2521/2521 2518/2518 2722/2722
f 2726/2726 2722/2722 2723/2723
f 2723/2723 2722/2722 2718/2718
f 2722/2722 2726/2726 2521/2521
f 2714/2714 2708/2708 2503/2503
f 2717/2717 2714/2714 2503/2503
f 2493/2493 2503/2503 2708/2708
f 2500/2500 2503/2503 2493/2493
f 2717/2717 2503/2503 2727/2727
f 2728/2728 2717/2717 2727/2727
f 2717/2717 2728/2728 2721/2721
f 2295/2295 2293/2293 2467/2467
f 2729/2729 2466/2466 2467/2467
f 2727/2727 2503/2503 2502/2502
f 2729/2729 2730/2730 2466/2466
f 2731/2731 2730/2730 2732/2732
f 2732/2732 2730/2730 2729/2729
f 2732/2732 2729/2729 2733/2733
f 2733/2733 2729/2729 2467/2467
f 2733/2733 2467/2467 2301/2301
f 2301/2301 2467/2467 2293/2293
f 2301/2301 2734/2734 2733/2733
f 2688/2688 2731/2731 2692/2692
f 2692/2692 2731/2731 2732/2732
f 2689/2689 2688/2688 2692/2692
f 2692/2692 2732/2732 2733/2733
f 2693/2693 2733/2733 2734/2734
f 2692/2692 2733/2733 2693/2693
f 2735/2735 2724/2724 2720/2720
f 2735/2735 2720/2720 2721/2721
f 2736/2736 2737/2737 2735/2735
f 2735/2735 2739/2739 2736/2736
f 2740/2740 2723/2723 2725/2725
f 2725/2725 2738/2738 2740/2740
f 2561/2561 2521/2521 2726/2726
f 2561/2561 2726/2726 2723/2723
f 2723/2723 2740/2740 2561/2561
f 2737/2737 2724/2724 2735/2735
f 2741/2741 2740/2740 2738/2738
f 2741/2741 2535/2535 2740/2740
f 2740/2740 2535/2535 2561/2561
f 2742/2742 2737/2737 2736/2736
f 2743/2743 2728/2728 2727/2727
f 2744/2744 2721/2721 2728/2728
f 2744/2744 2728/2728 2743/2743
f 2721/2721 2744/2744 2735/2735
f 2743/2743 2727/2727 2502/2502
f 2745/2745 2743/2743 2502/2502
f 2743/2743 2745/2745 2744/2744
f 2739/2739 2735/2735 2744/2744
f 2739/2739 2744/2744 2544/2544
f 2744/2744 2745/2745 2544/2544
f 2745/2745 2658/2658 2544/2544
f 2739/2739 2546/2546 2736/2736
f 2736/2736 2546/2546 2537/2537
f 2742/2742 2536/2536 2534/2534
f 2561/2561 2535/2535 2540/2540
f 2339/2339 2466/2466 2516/2516
f 2466/2466 2730/2730 2516/2516
f 2536/2536 2742/2742 2537/2537
f 2742/2742 2736/2736 2537/2537
f 2533/2533 2537/2537 2546/2546
f 2382/2382 2746/2746 2702/2702
f 2546/2546 2739/2739 2544/2544
f 2731/2731 2516/2516 2730/2730
f 2731/2731 2514/2514 2516/2516
f 2746/2746 2514/2514 2731/2731
f 2561/2561 2558/2558 2521/2521
f 2746/2746 2523/2523 2514/2514
f 2688/2688 2702/2702 2731/2731
f 2731/2731 2702/2702 2746/2746
f 2523/2523 2746/2746 2382/2382
f 2747/2747 2694/2694 2693/2693
f 2748/2748 2747/2747 2302/2302
f 2695/2695 2694/2694 2747/2747
f 2695/2695 2747/2747 2748/2748
f 2748/2748 2302/2302 2305/2305
f 2302/2302 2303/2303 2305/2305
f 2594/2594 2695/2695 2748/2748
f 2594/2594 2696/2696 2695/2695
f 2748/2748 2590/2590 2594/2594
f 2590/2590 2748/2748 2305/2305
f 2696/2696 2594/2594 2699/2699
f 2592/2592 2699/2699 2594/2594
f 2656/2656 2745/2745 2502/2502
f 2658/2658 2745/2745 2656/2656
f 2302/2302 2734/2734 2301/2301
f 2693/2693 2734/2734 2302/2302
f 2693/2693 2302/2302 2747/2747
f 2753/2753 2750/2750 2749/2749
f 2757/2757 2758/2758 2759/2759
f 2757/2757 2760/2760 2758/2758
f 2756/2756 2761/2761 2755/2755
f 2762/2762 2760/2760 2757/2757
f 2763/2763 2764/2764 2765/2765
f 2766/2766 2754/2754 2767/2767
f 2762/2762 2757/2757 2863/2863
f 2761/2761 2756/2756 2769/2769
f 2764/2764 2763/2763 2768/2768
f 2754/2754 2752/2752 2751/2751
f 2772/2772 2754/2754 2751/2751
f 2764/2764 2773/2773 2774/2774
f 2760/2760 2762/2762 2776/2776
f 2754/2754 2772/2772 2767/2767
f 2764/2764 2777/2777 2773/2773
f 2770/2770 2775/2775 2778/2778
f 2767/2767 2772/2772 2779/2779
f 2780/2780 2770/2770 2778/2778
f 2781/2781 2782/2782 2783/2783
f 2777/2777 2764/2764 2784/2784
f 2783/2783 2782/2782 2787/2787
f 2788/2788 2789/2789 2786/2786
f 2753/2753 2790/2790 2792/2792
f 2786/2786 2789/2789 2793/2793
f 2795/2795 2786/2786 2793/2793
f 2771/2771 2749/2749 2761/2761
f 2771/2771 2753/2753 2749/2749
f 2797/2797 2798/2798 2799/2799
f 2790/2790 2753/2753 2771/2771
f 2800/2800 2801/2801 2802/2802
f 2796/2796 2781/2781 2783/2783
f 2803/2803 2804/2804 2802/2802
f 2761/2761 2794/2794 2771/2771
f 2805/2805 2804/2804 2803/2803
f 2781/2781 2806/2806 2751/2751
f 2806/2806 2781/2781 2796/2796
f 2807/2807 2783/2783 2787/2787
f 2805/2805 2773/2773 2804/2804
f 2808/2808 2809/2809 2810/2810
f 2809/2809 2811/2811 2810/2810
f 2809/2809 2808/2808 2812/2812
f 2773/2773 2813/2813 2804/2804
f 2771/2771 2815/2815 2790/2790
f 2812/2812 2816/2816 2809/2809
f 2783/2783 2807/2807 2817/2817
f 2817/2817 2796/2796 2783/2783
f 2809/2809 2816/2816 2811/2811
f 2820/2820 2812/2812 2808/2808
f 2804/2804 2821/2821 2802/2802
f 2815/2815 2771/2771 2819/2819
f 2822/2822 2812/2812 2820/2820
f 2821/2821 2804/2804 2813/2813
f 2824/2824 2816/2816 2812/2812
f 2822/2822 2824/2824 2812/2812
f 2821/2821 2825/2825 2802/2802
f 2821/2821 2826/2826 2825/2825
f 2792/2792 2827/2827 2753/2753
f 2813/2813 2773/2773 2777/2777
f 2806/2806 2796/2796 2823/2823
f 2792/2792 2829/2829 2827/2827
f 2831/2831 2830/2830 2791/2791
f 2823/2823 2779/2779 2806/2806
f 2777/2777 2832/2832 2813/2813
f 2815/2815 2792/2792 2790/2790
f 2821/2821 2813/2813 2832/2832
f 2834/2834 2835/2835 2837/2837
f 2817/2817 2823/2823 2796/2796
f 4083/4083 2832/2832 2777/2777
f 2838/2838 2824/2824 2822/2822
f 2839/2839 2840/2840 2841/2841
f 2843/2843 2817/2817 2842/2842
f 2817/2817 2843/2843 2823/2823
f 2844/2844 2830/2830 2846/2846
f 2847/2847 2823/2823 2843/2843
f 2840/2840 2848/2848 2841/2841
f 2800/2800 2849/2849 2848/2848
f 2800/2800 2850/2850 2849/2849
f 2825/2825 2850/2850 2800/2800
f 2851/2851 2824/2824 2838/2838
f 2822/2822 2852/2852 2838/2838
f 2841/2841 2848/2848 2849/2849
f 2846/2846 2836/2836 2844/2844
f 2853/2853 2849/2849 2850/2850
f 2854/2854 2836/2836 2846/2846
f 2850/2850 2855/2855 2853/2853
f 2838/2838 2856/2856 2851/2851
f 2856/2856 2838/2838 2857/2857
f 2849/2849 2859/2859 2841/2841
f 2861/2861 2811/2811 2816/2816
f 2853/2853 2859/2859 2849/2849
f 2862/2862 2767/2767 2860/2860
f 2863/2863 2861/2861 2816/2816
f 2854/2854 2846/2846 2864/2864
f 2799/2799 2839/2839 2841/2841
f 2824/2824 2863/2863 2816/2816
f 2841/2841 2865/2865 2799/2799
f 2860/2860 2767/2767 2858/2858
f 2863/2863 2824/2824 2866/2866
f 2818/2818 2867/2867 2814/2814
f 2799/2799 2865/2865 2797/2797
f 2858/2858 2767/2767 2779/2779
f 2867/2867 2818/2818 2868/2868
f 2869/2869 2798/2798 2797/2797
f 2869/2869 2797/2797 2865/2865
f 2867/2867 2868/2868 2870/2870
f 2870/2870 2871/2871 2867/2867
f 2851/2851 2866/2866 2824/2824
f 2841/2841 2859/2859 2865/2865
f 2830/2830 2831/2831 2846/2846
f 2779/2779 2873/2873 2858/2858
f 2814/2814 2831/2831 2791/2791
f 2871/2871 2831/2831 2814/2814
f 2859/2859 2853/2853 2874/2874
f 2872/2872 2865/2865 2859/2859
f 2862/2862 2860/2860 2875/2875
f 2795/2795 2828/2828 2785/2785
f 2858/2858 2875/2875 2860/2860
f 2795/2795 2822/2822 2828/2828
f 2875/2875 2876/2876 2862/2862
f 2822/2822 2795/2795 2852/2852
f 2802/2802 2825/2825 2800/2800
f 2814/2814 2867/2867 2871/2871
f 2850/2850 2825/2825 2855/2855
f 2795/2795 2785/2785 2786/2786
f 2855/2855 2825/2825 2826/2826
f 2878/2878 2831/2831 2871/2871
f 2877/2877 2855/2855 2826/2826
f 2852/2852 2795/2795 2880/2880
f 2852/2852 2880/2880 2881/2881
f 2882/2882 2877/2877 2826/2826
f 2873/2873 2875/2875 2858/2858
f 2878/2878 2846/2846 2831/2831
f 2883/2883 2881/2881 2880/2880
f 2821/2821 2832/2832 2826/2826
f 2864/2864 2846/2846 2884/2884
f 2832/2832 2882/2882 2826/2826
f 2883/2883 2838/2838 2852/2852
f 2857/2857 2838/2838 2883/2883
f 2881/2881 2883/2883 2852/2852
f 2846/2846 2878/2878 2884/2884
f 2882/2882 2832/2832 4083/4083
f 2779/2779 2823/2823 2879/2879
f 2823/2823 2885/2885 2879/2879
f 2885/2885 2823/2823 2847/2847
f 2887/2887 2882/2882 4083/4083
f 2880/2880 2795/2795 2835/2835
f 4083/4083 2888/2888 2887/2887
f 2889/2889 2795/2795 2793/2793
f 2890/2890 2871/2871 2870/2870
f 2795/2795 2889/2889 2835/2835
f 2878/2878 2871/2871 2886/2886
f 2878/2878 2886/2886 2891/2891
f 2855/2855 2877/2877 2874/2874
f 2892/2892 2871/2871 2890/2890
f 2882/2882 2893/2893 2877/2877
f 2892/2892 2886/2886 2871/2871
f 2893/2893 2874/2874 2877/2877
f 2894/2894 2835/2835 2889/2889
f 2893/2893 2895/2895 2874/2874
f 2847/2847 2843/2843 2896/2896
f 2834/2834 2898/2898 2835/2835
f 2896/2896 2843/2843 2899/2899
f 2854/2854 2833/2833 2836/2836
f 2893/2893 2882/2882 2895/2895
f 2895/2895 2882/2882 2887/2887
f 2903/2903 2901/2901 2866/2866
f 2885/2885 2847/2847 2896/2896
f 2762/2762 2863/2863 2776/2776
f 2866/2866 2776/2776 2863/2863
f 2833/2833 2904/2904 2897/2897
f 2901/2901 2776/2776 2866/2866
f 2905/2905 2879/2879 2885/2885
f 2904/2904 2833/2833 2854/2854
f 2907/2907 2895/2895 2887/2887
f 2895/2895 2907/2907 2906/2906
f 2778/2778 2775/2775 2900/2900
f 2855/2855 2874/2874 2853/2853
f 2866/2866 2851/2851 2856/2856
f 2885/2885 2896/2896 2909/2909
f 2904/2904 2910/2910 2908/2908
f 2904/2904 2854/2854 2910/2910
f 2866/2866 2856/2856 2903/2903
f 2857/2857 2903/2903 2856/2856
f 2904/2904 2911/2911 2897/2897
f 2912/2912 2913/2913 2798/2798
f 2885/2885 2909/2909 2905/2905
f 2914/2914 2911/2911 2904/2904
f 2904/2904 2908/2908 2914/2914
f 2857/2857 2915/2915 2903/2903
f 2917/2917 2918/2918 2919/2919
f 2873/2873 2779/2779 2879/2879
f 2920/2920 2915/2915 2857/2857
f 2864/2864 2910/2910 2854/2854
f 2912/2912 2922/2922 2913/2913
f 2924/2924 2910/2910 2864/2864
f 2780/2780 2778/2778 2925/2925
f 2864/2864 2884/2884 2924/2924
f 2879/2879 2905/2905 2923/2923
f 2925/2925 2778/2778 2900/2900
f 2923/2923 2873/2873 2879/2879
f 2780/2780 2925/2925 2927/2927
f 2912/2912 2926/2926 2922/2922
f 2926/2926 2912/2912 2869/2869
f 2769/2769 2794/2794 2761/2761
f 2927/2927 2925/2925 2929/2929
f 2930/2930 2769/2769 2876/2876
f 2925/2925 2900/2900 2902/2902
f 2931/2931 2932/2932 2933/2933
f 2922/2922 2932/2932 2931/2931
f 2902/2902 2916/2916 2934/2934
f 2794/2794 2769/2769 2930/2930
f 2876/2876 2875/2875 2873/2873
f 2935/2935 2932/2932 2922/2922
f 2936/2936 2876/2876 2873/2873
f 2932/2932 2937/2937 2933/2933
f 2933/2933 2937/2937 2918/2918
f 2938/2938 2794/2794 2930/2930
f 2794/2794 2938/2938 2771/2771
f 2930/2930 2876/2876 2936/2936
f 2935/2935 2937/2937 2932/2932
f 2939/2939 2925/2925 2902/2902
f 2936/2936 2873/2873 2923/2923
f 2819/2819 2771/2771 2938/2938
f 2941/2941 2926/2926 2928/2928
f 2941/2941 2928/2928 2942/2942
f 2920/2920 2857/2857 2883/2883
f 2926/2926 2935/2935 2922/2922
f 2935/2935 2926/2926 2941/2941
f 2943/2943 2930/2930 2944/2944
f 2943/2943 2938/2938 2930/2930
f 2880/2880 2945/2945 2883/2883
f 2944/2944 2930/2930 2936/2936
f 2947/2947 2920/2920 2883/2883
f 2947/2947 2883/2883 2945/2945
f 2938/2938 2949/2949 2950/2950
f 2938/2938 2943/2943 2949/2949
f 2952/2952 2905/2905 2909/2909
f 2950/2950 2949/2949 2953/2953
f 2955/2955 2905/2905 2952/2952
f 2934/2934 2921/2921 2948/2948
f 2938/2938 2950/2950 2819/2819
f 2919/2919 2956/2956 2957/2957
f 2818/2818 2951/2951 2868/2868
f 2868/2868 2951/2951 2958/2958
f 2945/2945 2880/2880 2898/2898
f 2898/2898 2880/2880 2835/2835
f 2959/2959 2868/2868 2958/2958
f 2919/2919 2918/2918 2960/2960
f 2919/2919 2960/2960 2956/2956
f 2944/2944 2961/2961 2962/2962
f 2944/2944 2962/2962 2943/2943
f 2960/2960 2963/2963 2956/2956
f 2870/2870 2868/2868 2959/2959
f 2964/2964 2963/2963 2960/2960
f 2911/2911 2948/2948 2946/2946
f 2890/2890 2959/2959 2965/2965
f 2890/2890 2870/2870 2959/2959
f 2965/2965 2959/2959 2966/2966
f 2923/2923 2940/2940 2936/2936
f 2965/2965 2966/2966 2967/2967
f 2968/2968 2969/2969 2970/2970
f 2965/2965 2892/2892 2890/2890
f 2905/2905 2955/2955 2923/2923
f 2968/2968 2957/2957 2956/2956
f 2968/2968 2956/2956 2971/2971
f 2934/2934 2948/2948 2911/2911
f 2897/2897 2911/2911 2946/2946
f 2878/2878 2891/2891 2972/2972
f 2972/2972 2884/2884 2878/2878
f 2971/2971 2956/2956 2963/2963
f 2964/2964 2975/2975 2963/2963
f 2975/2975 2971/2971 2963/2963
f 2940/2940 2923/2923 2973/2973
f 2892/2892 2891/2891 2886/2886
f 2975/2975 2974/2974 2971/2971
f 2936/2936 2940/2940 2944/2944
f 2921/2921 2934/2934 2916/2916
f 2891/2891 2892/2892 2976/2976
f 2977/2977 2940/2940 2973/2973
f 2978/2978 2935/2935 2941/2941
f 2939/2939 2902/2902 2934/2934
f 2937/2937 2935/2935 2978/2978
f 2973/2973 2923/2923 2955/2955
f 2979/2979 2972/2972 2891/2891
f 2941/2941 2980/2980 2978/2978
f 2979/2979 2891/2891 2976/2976
f 2982/2982 2981/2981 2955/2955
f 2973/2973 2955/2955 2981/2981
f 2977/2977 2973/2973 2983/2983
f 2983/2983 2973/2973 2981/2981
f 2984/2984 2972/2972 2979/2979
f 2929/2929 2925/2925 2939/2939
f 2927/2927 2929/2929 2939/2939
f 2987/2987 2979/2979 2986/2986
f 2986/2986 2976/2976 2988/2988
f 2986/2986 2979/2979 2976/2976
f 2960/2960 2918/2918 2937/2937
f 2984/2984 2979/2979 2990/2990
f 2961/2961 2944/2944 2940/2940
f 2988/2988 2987/2987 2986/2986
f 2960/2960 2937/2937 2964/2964
f 2927/2927 2939/2939 2991/2991
f 2992/2992 2961/2961 2993/2993
f 2994/2994 2979/2979 2987/2987
f 2977/2977 2995/2995 2993/2993
f 2977/2977 2993/2993 2940/2940
f 2940/2940 2993/2993 2961/2961
f 2991/2991 2939/2939 2989/2989
f 2994/2994 2990/2990 2979/2979
f 2996/2996 2990/2990 2994/2994
f 2977/2977 2983/2983 2995/2995
f 2997/2997 2996/2996 2998/2998
f 2996/2996 2994/2994 2998/2998
f 2983/2983 2981/2981 2999/2999
f 2991/2991 2989/2989 3000/3000
f 2964/2964 2937/2937 3001/3001
f 3001/3001 2937/2937 2978/2978
f 2983/2983 3002/3002 3003/3003
f 3004/3004 2991/2991 3000/3000
f 3005/3005 2908/2908 2910/2910
f 2934/2934 2911/2911 3006/3006
f 2914/2914 3006/3006 2911/2911
f 2983/2983 3003/3003 2995/2995
f 2908/2908 3007/3007 2914/2914
f 3003/3003 3008/3008 2995/2995
f 3008/3008 3003/3003 3009/3009
f 3009/3009 3003/3003 3002/3002
f 3007/3007 2908/2908 3005/3005
f 3006/3006 2914/2914 3012/3012
f 3013/3013 3014/3014 3015/3015
f 2914/2914 3007/3007 3012/3012
f 3011/3011 3001/3001 3010/3010
f 3001/3001 2975/2975 2964/2964
f 3016/3016 3017/3017 3008/3008
f 3011/3011 2975/2975 3001/3001
f 3016/3016 3008/3008 3009/3009
f 2989/2989 2939/2939 2934/2934
f 3016/3016 3014/3014 3017/3017
f 2989/2989 2934/2934 3006/3006
f 3014/3014 3016/3016 3018/3018
f 2978/2978 3010/3010 3001/3001
f 3018/3018 3015/3015 3014/3014
f 3005/3005 2910/2910 2924/2924
f 2985/2985 3010/3010 2978/2978
f 3018/3018 3016/3016 3009/3009
f 3019/3019 3020/3020 3015/3015
f 3010/3010 2985/2985 3021/3021
f 3022/3022 3005/3005 2924/2924
f 2912/2912 2798/2798 2869/2869
f 2869/2869 2865/2865 2872/2872
f 2928/2928 2869/2869 2872/2872
f 3023/3023 3024/3024 3018/3018
f 3025/3025 3026/3026 3027/3027
f 3028/3028 3029/3029 3030/3030
f 2969/2969 3028/3028 3030/3030
f 3012/3012 3007/3007 3031/3031
f 3000/3000 2989/2989 3032/3032
f 3029/3029 3028/3028 3033/3033
f 2872/2872 2859/2859 3034/3034
f 2874/2874 3034/3034 2859/2859
f 3035/3035 3007/3007 3005/3005
f 3035/3035 3005/3005 3022/3022
f 3033/3033 3027/3027 3029/3029
f 3000/3000 3032/3032 3036/3036
f 3035/3035 3022/3022 3037/3037
f 3032/3032 2989/2989 3006/3006
f 3038/3038 3032/3032 3006/3006
f 3035/3035 3031/3031 3007/3007
f 3039/3039 3027/3027 3040/3040
f 3041/3041 3031/3031 3035/3035
f 3027/3027 3039/3039 3025/3025
f 3042/3042 3035/3035 3037/3037
f 2928/2928 2872/2872 3043/3043
f 3040/3040 3027/3027 3033/3033
f 3012/3012 3038/3038 3006/3006
f 3043/3043 2872/2872 3034/3034
f 3044/3044 3039/3039 3040/3040
f 3032/3032 3038/3038 3045/3045
f 3044/3044 3040/3040 3046/3046
f 3047/3047 3048/3048 3025/3025
f 2884/2884 2972/2972 2924/2924
f 3022/3022 2924/2924 2972/2972
f 3049/3049 3048/3048 3047/3047
f 3050/3050 3004/3004 3000/3000
f 3050/3050 3000/3000 3036/3036
f 3022/3022 2972/2972 2984/2984
f 3047/3047 3051/3051 3049/3049
f 3052/3052 3049/3049 3051/3051
f 3053/3053 3043/3043 3034/3034
f 3037/3037 3022/3022 2984/2984
f 3045/3045 3036/3036 3032/3032
f 3039/3039 3047/3047 3025/3025
f 3054/3054 2895/2895 2906/2906
f 3039/3039 3051/3051 3047/3047
f 3044/3044 3055/3055 3039/3039
f 3039/3039 3055/3055 3051/3051
f 2907/2907 3058/3058 2906/2906
f 3037/3037 2984/2984 3057/3057
f 3051/3051 3055/3055 3059/3059
f 3054/3054 2906/2906 3058/3058
f 3045/3045 3038/3038 3060/3060
f 3060/3060 3038/3038 3012/3012
f 2984/2984 2990/2990 3057/3057
f 3061/3061 3062/3062 3063/3063
f 3061/3061 3064/3064 3062/3062
f 3041/3041 3035/3035 3042/3042
f 3066/3066 3054/3054 3065/3065
f 3064/3064 3067/3067 3062/3062
f 3056/3056 3036/3036 3045/3045
f 3060/3060 3070/3070 3045/3045
f 3061/3061 3049/3049 3052/3052
f 3069/3069 3034/3034 2874/2874
f 2895/2895 3069/3069 2874/2874
f 3052/3052 3064/3064 3061/3061
f 3042/3042 3071/3071 3041/3041
f 3056/3056 3045/3045 3070/3070
f 3054/3054 3069/3069 2895/2895
f 3072/3072 3064/3064 3051/3051
f 3064/3064 3052/3052 3051/3051
f 3070/3070 3073/3073 3056/3056
f 3074/3074 3075/3075 3076/3076
f 3069/3069 3054/3054 3077/3077
f 3072/3072 3067/3067 3064/3064
f 3060/3060 3012/3012 3031/3031
f 3066/3066 3077/3077 3054/3054
f 3078/3078 3034/3034 3069/3069
f 3072/3072 3051/3051 3059/3059
f 3079/3079 3080/3080 3081/3081
f 3078/3078 3069/3069 3077/3077
f 3046/3046 3055/3055 3044/3044
f 3059/3059 3055/3055 3046/3046
f 3060/3060 3031/3031 3041/3041
f 3082/3082 3060/3060 3041/3041
f 3080/3080 3083/3083 3081/3081
f 3070/3070 3060/3060 3082/3082
f 3086/3086 3088/3088 3081/3081
f 3046/3046 3089/3089 3059/3059
f 3086/3086 3081/3081 3083/3083
f 3053/3053 3034/3034 3078/3078
f 3083/3083 3080/3080 3090/3090
f 3071/3071 3082/3082 3041/3041
f 3092/3092 3085/3085 3093/3093
f 3093/3093 3085/3085 3084/3084
f 3094/3094 3092/3092 3093/3093
f 3084/3084 3091/3091 3093/3093
f 3096/3096 3093/3093 3091/3091
f 3082/3082 3095/3095 3097/3097
f 3067/3067 3072/3072 2785/2785
f 3073/3073 3070/3070 3082/3082
f 2788/2788 3059/3059 3089/3089
f 3094/3094 3093/3093 3096/3096
f 3065/3065 3098/3098 3066/3066
f 3099/3099 3094/3094 3096/3096
f 3099/3099 3100/3100 3094/3094
f 3066/3066 3098/3098 3077/3077
f 3098/3098 3065/3065 3101/3101
f 3102/3102 3103/3103 3079/3079
f 3102/3102 2758/2758 3103/3103
f 3103/3103 3080/3080 3079/3079
f 3072/3072 3059/3059 2788/2788
f 3053/3053 3104/3104 3043/3043
f 3080/3080 3103/3103 3105/3105
f 3071/3071 3095/3095 3082/3082
f 2782/2782 3104/3104 3053/3053
f 2788/2788 2785/2785 3072/3072
f 3103/3103 2758/2758 2760/2760
f 3103/3103 2760/2760 3106/3106
f 3076/3076 3095/3095 3071/3071
f 3105/3105 3090/3090 3080/3080
f 3097/3097 3095/3095 3075/3075
f 2786/2786 2785/2785 2788/2788
f 3090/3090 3105/3105 3109/3109
f 3110/3110 3053/3053 3078/3078
f 3076/3076 3075/3075 3095/3095
f 3103/3103 3106/3106 3109/3109
f 3105/3105 3103/3103 3109/3109
f 3067/3067 3111/3111 3062/3062
f 3057/3057 3068/3068 3037/3037
f 3107/3107 2770/2770 3112/3112
f 2808/2808 2810/2810 3114/3114
f 3078/3078 3077/3077 3110/3110
f 3098/3098 3110/3110 3077/3077
f 3115/3115 3068/3068 3057/3057
f 2997/2997 3057/3057 2990/2990
f 3112/3112 3096/3096 3108/3108
f 3115/3115 3057/3057 2997/2997
f 3107/3107 3112/3112 3108/3108
f 3037/3037 3068/3068 3042/3042
f 3116/3116 3098/3098 3101/3101
f 3114/3114 3117/3117 2808/2808
f 3110/3110 3098/3098 3116/3116
f 3108/3108 3096/3096 3091/3091
f 3053/3053 3110/3110 3113/3113
f 3071/3071 3042/3042 3068/3068
f 3114/3114 3062/3062 3111/3111
f 3111/3111 3117/3117 3114/3114
f 3118/3118 3110/3110 3116/3116
f 3113/3113 3110/3110 3118/3118
f 2828/2828 3117/3117 3111/3111
f 3099/3099 3096/3096 3119/3119
f 3119/3119 3096/3096 3112/3112
f 2828/2828 3111/3111 3067/3067
f 2990/2990 2996/2996 2997/2997
f 3068/3068 3115/3115 3120/3120
f 3113/3113 2782/2782 3053/3053
f 2780/2780 3112/3112 2770/2770
f 3117/3117 2828/2828 2822/2822
f 3120/3120 3115/3115 3121/3121
f 2820/2820 2808/2808 3117/3117
f 2820/2820 3117/3117 2822/2822
f 3071/3071 3068/3068 3120/3120
f 3074/3074 3071/3071 3120/3120
f 3113/3113 3118/3118 3122/3122
f 3123/3123 3112/3112 2780/2780
f 3074/3074 3076/3076 3071/3071
f 3074/3074 3120/3120 3124/3124
f 3067/3067 2785/2785 2828/2828
f 3124/3124 3120/3120 3121/3121
f 3028/3028 2969/2969 2968/2968
f 3113/3113 2787/2787 2782/2782
f 2968/2968 3126/3126 3028/3028
f 3094/3094 3100/3100 3127/3127
f 3121/3121 3128/3128 3124/3124
f 2787/2787 3113/3113 3122/3122
f 2968/2968 2971/2971 2974/2974
f 3121/3121 3115/3115 2997/2997
f 3126/3126 2968/2968 2974/2974
f 2807/2807 2787/2787 3122/3122
f 2997/2997 3129/3129 3130/3130
f 2926/2926 2869/2869 2928/2928
f 3119/3119 3112/3112 3123/3123
f 3131/3131 3099/3099 3119/3119
f 3121/3121 2997/2997 3130/3130
f 3131/3131 3119/3119 3123/3123
f 3132/3132 3121/3121 3130/3130
f 3126/3126 2974/2974 3133/3133
f 3100/3100 3099/3099 3131/3131
f 2942/2942 2928/2928 3043/3043
f 3134/3134 3100/3100 3131/3131
f 3133/3133 3033/3033 3126/3126
f 3121/3121 3132/3132 3128/3128
f 3135/3135 3033/3033 3133/3133
f 3136/3136 2965/2965 3137/3137
f 2965/2965 2967/2967 3137/3137
f 2941/2941 2942/2942 2980/2980
f 3033/3033 3028/3028 3126/3126
f 3138/3138 3139/3139 3140/3140
f 3141/3141 3138/3138 3140/3140
f 3104/3104 2942/2942 3043/3043
f 3142/3142 3138/3138 3143/3143
f 3123/3123 2780/2780 3125/3125
f 3135/3135 3144/3144 3033/3033
f 3142/3142 3143/3143 3145/3145
f 2975/2975 3133/3133 2974/2974
f 3143/3143 3146/3146 3145/3145
f 3147/3147 3145/3145 3146/3146
f 3148/3148 3123/3123 3125/3125
f 2892/2892 2965/2965 3136/3136
f 3104/3104 2980/2980 2942/2942
f 3136/3136 3137/3137 3149/3149
f 3150/3150 3134/3134 3131/3131
f 3136/3136 3149/3149 2976/2976
f 3136/3136 2976/2976 2892/2892
f 3100/3100 3134/3134 3151/3151
f 3139/3139 2976/2976 3149/3149
f 3040/3040 3033/3033 3144/3144
f 2988/2988 3139/3139 3152/3152
f 3150/3150 3151/3151 3134/3134
f 3040/3040 3144/3144 3153/3153
f 2985/2985 2978/2978 2980/2980
f 2976/2976 3139/3139 2988/2988
f 3154/3154 3144/3144 3135/3135
f 3139/3139 3149/3149 3140/3140
f 3150/3150 3131/3131 3123/3123
f 3139/3139 3138/3138 3142/3142
f 3139/3139 3142/3142 3152/3152
f 3046/3046 3040/3040 3153/3153
f 3150/3150 3123/3123 3148/3148
f 2987/2987 2988/2988 3156/3156
f 3156/3156 2988/2988 3152/3152
f 3157/3157 3150/3150 3148/3148
f 3144/3144 3154/3154 3153/3153
f 3158/3158 3151/3151 3150/3150
f 3158/3158 3150/3150 3157/3157
f 3104/3104 3159/3159 2980/2980
f 3152/3152 3160/3160 3156/3156
f 3157/3157 3148/3148 3161/3161
f 2998/2998 3156/3156 3160/3160
f 3160/3160 3152/3152 3142/3142
f 3104/3104 2782/2782 3159/3159
f 2994/2994 2987/2987 3156/3156
f 3162/3162 3158/3158 3157/3157
f 3162/3162 3157/3157 3161/3161
f 3125/3125 2780/2780 2927/2927
f 3160/3160 3142/3142 3145/3145
f 2985/2985 3155/3155 3163/3163
f 3164/3164 3154/3154 3135/3135
f 3164/3164 3133/3133 3165/3165
f 3133/3133 3164/3164 3135/3135
f 2980/2980 3155/3155 2985/2985
f 3019/3019 3015/3015 3018/3018
f 2927/2927 3148/3148 3125/3125
f 2927/2927 3166/3166 3148/3148
f 3018/3018 3167/3167 3019/3019
f 3021/3021 2985/2985 3163/3163
f 3168/3168 3167/3167 3024/3024
f 3169/3169 3165/3165 3133/3133
f 3167/3167 3018/3018 3024/3024
f 2991/2991 3166/3166 2927/2927
f 3163/3163 3155/3155 3159/3159
f 3170/3170 3172/3172 3019/3019
f 3171/3171 3174/3174 3173/3173
f 3175/3175 3174/3174 3171/3171
f 2980/2980 3159/3159 3155/3155
f 3175/3175 3171/3171 3176/3176
f 3176/3176 3177/3177 3175/3175
f 3146/3146 3177/3177 3147/3147
f 3166/3166 2991/2991 3178/3178
f 3147/3147 3177/3177 3176/3176
f 3179/3179 3153/3153 3180/3180
f 3180/3180 3153/3153 3154/3154
f 3176/3176 3181/3181 3147/3147
f 3161/3161 3148/3148 3166/3166
f 3170/3170 3019/3019 3167/3167
f 3178/3178 3161/3161 3166/3166
f 3170/3170 3167/3167 3168/3168
f 3168/3168 3024/3024 3182/3182
f 3154/3154 3164/3164 3180/3180
f 3183/3183 3168/3168 3182/3182
f 3004/3004 3178/3178 2991/2991
f 3184/3184 3170/3170 3168/3168
f 3171/3171 3185/3185 3176/3176
f 2781/2781 3159/3159 2782/2782
f 3185/3185 3187/3187 3176/3176
f 3180/3180 3188/3188 3189/3189
f 3183/3183 3184/3184 3168/3168
f 3186/3186 3184/3184 3183/3183
f 3186/3186 3183/3183 3191/3191
f 3180/3180 3189/3189 3179/3179
f 3188/3188 3180/3180 3164/3164
f 3188/3188 3164/3164 3192/3192
f 3145/3145 3147/3147 3193/3193
f 3194/3194 3195/3195 3161/3161
f 3196/3196 2998/2998 3160/3160
f 3178/3178 3194/3194 3161/3161
f 3197/3197 3179/3179 3189/3189
f 3162/3162 3161/3161 3195/3195
f 3197/3197 3189/3189 3198/3198
f 3156/3156 2998/2998 2994/2994
f 3199/3199 3195/3195 3194/3194
f 2975/2975 3169/3169 3133/3133
f 3011/3011 3169/3169 2975/2975
f 3199/3199 3194/3194 3178/3178
f 3199/3199 3178/3178 3200/3200
f 3198/3198 3189/3189 3188/3188
f 3010/3010 3169/3169 3011/3011
f 3188/3188 3192/3192 3201/3201
f 3198/3198 3188/3188 3201/3201
f 2997/2997 2998/2998 3129/3129
f 3196/3196 3129/3129 2998/2998
f 3198/3198 3201/3201 3202/3202
f 3178/3178 3004/3004 3050/3050
f 3203/3203 3129/3129 3196/3196
f 3200/3200 3178/3178 3050/3050
f 3153/3153 3089/3089 3046/3046
f 3160/3160 3145/3145 3196/3196
f 3089/3089 3153/3153 3179/3179
f 3196/3196 3145/3145 3193/3193
f 3200/3200 3050/3050 3204/3204
f 3195/3195 3199/3199 3205/3205
f 3021/3021 2766/2766 3010/3010
f 3089/3089 3179/3179 3197/3197
f 3206/3206 3203/3203 3196/3196
f 3206/3206 3196/3196 3193/3193
f 3205/3205 3199/3199 3207/3207
f 2788/2788 3089/3089 3197/3197
f 2788/2788 3197/3197 2789/2789
f 3207/3207 3200/3200 3204/3204
f 2754/2754 2766/2766 3021/3021
f 3010/3010 2766/2766 3169/3169
f 2789/2789 3197/3197 3202/3202
f 3208/3208 3130/3130 3129/3129
f 3199/3199 3200/3200 3207/3207
f 3198/3198 3202/3202 3197/3197
f 3205/3205 3207/3207 3210/3210
f 2766/2766 3165/3165 3169/3169
f 3211/3211 3205/3205 3210/3210
f 3210/3210 3207/3207 3212/3212
f 3212/3212 3207/3207 3204/3204
f 3208/3208 3129/3129 3213/3213
f 3213/3213 3129/3129 3209/3209
f 3214/3214 3164/3164 3165/3165
f 3215/3215 3164/3164 3214/3214
f 3203/3203 3206/3206 3216/3216
f 3056/3056 3050/3050 3036/3036
f 3056/3056 3204/3204 3050/3050
f 3203/3203 3209/3209 3129/3129
f 3164/3164 3215/3215 3192/3192
f 3192/3192 3215/3215 3217/3217
f 2766/2766 3215/3215 3165/3165
f 3209/3209 3203/3203 3216/3216
f 2766/2766 2767/2767 3215/3215
f 3193/3193 3147/3147 3181/3181
f 3214/3214 3165/3165 3215/3215
f 3218/3218 3204/3204 3056/3056
f 3181/3181 3176/3176 3219/3219
f 3193/3193 3181/3181 3219/3219
f 3201/3201 2750/2750 3202/3202
f 3220/3220 3202/3202 2750/2750
f 3219/3219 3206/3206 3193/3193
f 2862/2862 3215/3215 2767/2767
f 3221/3221 3206/3206 3219/3219
f 3201/3201 3192/3192 3222/3222
f 3219/3219 3176/3176 3187/3187
f 3222/3222 3192/3192 3217/3217
f 3223/3223 2789/2789 3202/3202
f 3224/3224 3219/3219 3190/3190
f 3223/3223 3202/3202 3225/3225
f 3187/3187 3190/3190 3219/3219
f 2793/2793 2789/2789 3223/3223
f 2755/2755 3217/3217 3215/3215
f 2817/2817 2807/2807 3226/3226
f 2862/2862 2755/2755 3215/3215
f 2756/2756 2755/2755 2862/2862
f 3221/3221 3219/3219 3227/3227
f 3224/3224 3227/3227 3219/3219
f 3228/3228 3227/3227 3224/3224
f 2756/2756 2862/2862 2769/2769
f 2876/2876 2769/2769 2862/2862
f 3221/3221 3227/3227 3229/3229
f 3163/3163 3159/3159 2752/2752
f 2752/2752 3021/3021 3163/3163
f 3220/3220 3225/3225 3202/3202
f 3229/3229 3227/3227 3228/3228
f 3230/3230 3225/3225 3220/3220
f 2861/2861 3231/3231 3232/3232
f 3232/3232 2810/2810 2811/2811
f 2827/2827 3220/3220 2750/2750
f 2811/2811 2861/2861 3232/3232
f 2751/2751 3159/3159 2781/2781
f 3233/3233 3229/3229 3234/3234
f 3234/3234 3229/3229 3228/3228
f 3223/3223 2889/2889 2793/2793
f 3223/3223 2894/2894 2889/2889
f 3235/3235 3236/3236 3231/3231
f 3223/3223 3225/3225 2894/2894
f 2759/2759 3235/3235 3231/3231
f 2752/2752 3159/3159 2751/2751
f 3079/3079 3237/3237 3235/3235
f 3235/3235 3102/3102 3079/3079
f 2759/2759 3102/3102 3235/3235
f 2759/2759 2758/2758 3102/3102
f 2835/2835 2894/2894 2837/2837
f 2759/2759 3231/3231 3238/3238
f 2751/2751 2806/2806 2772/2772
f 2861/2861 3238/3238 3231/3231
f 2827/2827 3230/3230 3220/3220
f 2863/2863 3238/3238 2861/2861
f 3206/3206 3221/3221 3216/3216
f 3216/3216 3221/3221 3233/3233
f 2827/2827 2829/2829 3230/3230
f 2759/2759 3238/3238 2757/2757
f 2829/2829 2845/2845 3230/3230
f 2772/2772 2806/2806 2779/2779
f 3221/3221 3229/3229 3233/3233
f 2757/2757 3238/3238 2863/2863
f 2894/2894 3225/3225 3230/3230
f 2845/2845 2894/2894 3230/3230
f 2837/2837 2894/2894 2845/2845
f 2750/2750 3201/3201 3222/3222
f 3021/3021 2752/2752 2754/2754
f 3222/3222 3217/3217 2755/2755
f 3222/3222 2755/2755 2761/2761
f 2749/2749 3222/3222 2761/2761
f 2827/2827 2750/2750 2753/2753
f 3222/3222 2749/2749 2750/2750
f 3239/3239 3240/3240 3241/3241
f 566/566 568/568 3242/3242
f 573/573 3242/3242 568/568
f 3243/3243 3244/3244 3245/3245
f 3246/3246 3247/3247 3244/3244
f 573/573 572/572 3248/3248
f 3249/3249 3244/3244 3243/3243
f 3246/3246 3241/3241 3247/3247
f 3246/3246 3253/3253 3241/3241
f 3250/3250 3254/3254 3251/3251
f 3241/3241 3255/3255 3239/3239
f 3255/3255 3241/3241 3253/3253
f 3246/3246 3256/3256 3253/3253
f 3258/3258 3259/3259 3260/3260
f 3257/3257 573/573 3248/3248
f 3249/3249 3259/3259 3261/3261
f 3263/3263 3264/3264 3265/3265
f 3258/3258 3266/3266 3261/3261
f 3263/3263 3265/3265 3262/3262
f 3261/3261 3259/3259 3258/3258
f 3267/3267 3249/3249 3261/3261
f 3268/3268 3261/3261 3266/3266
f 3269/3269 3257/3257 3248/3248
f 3262/3262 3265/3265 3250/3250
f 3268/3268 3267/3267 3261/3261
f 3270/3270 3257/3257 3269/3269
f 3266/3266 3258/3258 3272/3272
f 3271/3271 3264/3264 3263/3263
f 3273/3273 3275/3275 3276/3276
f 3244/3244 3249/3249 3256/3256
f 3243/3243 3259/3259 3249/3249
f 3274/3274 3278/3278 3277/3277
f 3244/3244 3256/3256 3246/3246
f 3279/3279 3253/3253 3256/3256
f 3256/3256 3249/3249 3280/3280
f 3280/3280 3279/3279 3256/3256
f 3282/3282 3255/3255 3253/3253
f 3253/3253 3279/3279 3282/3282
f 3283/3283 3276/3276 3254/3254
f 3284/3284 3255/3255 3282/3282
f 3285/3285 3284/3284 3282/3282
f 3279/3279 3285/3285 3282/3282
f 3264/3264 3286/3286 3265/3265
f 3285/3285 3287/3287 3284/3284
f 3280/3280 3249/3249 3267/3267
f 3276/3276 3283/3283 3273/3273
f 3289/3289 3279/3279 3280/3280
f 3289/3289 3280/3280 3267/3267
f 3290/3290 3289/3289 3267/3267
f 3286/3286 3250/3250 3265/3265
f 3285/3285 3279/3279 3289/3289
f 3289/3289 3291/3291 3285/3285
f 577/577 565/565 580/580
f 3291/3291 3292/3292 3285/3285
f 3286/3286 3293/3293 3250/3250
f 3292/3292 3287/3287 3285/3285
f 578/578 577/577 580/580
f 3294/3294 3287/3287 3292/3292
f 3264/3264 3295/3295 3296/3296
f 3286/3286 3264/3264 3296/3296
f 3298/3298 580/580 3288/3288
f 3299/3299 580/580 3300/3300
f 3301/3301 3288/3288 3302/3302
f 3301/3301 3303/3303 3298/3298
f 3298/3298 3288/3288 3301/3301
f 3302/3302 3304/3304 3301/3301
f 3305/3305 3273/3273 3283/3283
f 3272/3272 3297/3297 3306/3306
f 3298/3298 3307/3307 3300/3300
f 3308/3308 3300/3300 3307/3307
f 3298/3298 3300/3300 580/580
f 3283/3283 3309/3309 3305/3305
f 3308/3308 3310/3310 3300/3300
f 3307/3307 3298/3298 3303/3303
f 3311/3311 3307/3307 3303/3303
f 3232/3232 3309/3309 2810/2810
f 3312/3312 3311/3311 3303/3303
f 3311/3311 3308/3308 3307/3307
f 3314/3314 3275/3275 3273/3273
f 3315/3315 3308/3308 3311/3311
f 3273/3273 3305/3305 3314/3314
f 3316/3316 3308/3308 3315/3315
f 3278/3278 3313/3313 3306/3306
f 3317/3317 3303/3303 3301/3301
f 3236/3236 3309/3309 3232/3232
f 3304/3304 3317/3317 3301/3301
f 3236/3236 3314/3314 3305/3305
f 3236/3236 3305/3305 3309/3309
f 3311/3311 3312/3312 3315/3315
f 3237/3237 3314/3314 3236/3236
f 3317/3317 3312/3312 3303/3303
f 3268/3268 3318/3318 3267/3267
f 3236/3236 3232/3232 3231/3231
f 3235/3235 3237/3237 3236/3236
f 3266/3266 3319/3319 3268/3268
f 3320/3320 3315/3315 3312/3312
f 3320/3320 3321/3321 3315/3315
f 3322/3322 3318/3318 3268/3268
f 3323/3323 3321/3321 3320/3320
f 3325/3325 3319/3319 3326/3326
f 3322/3322 3268/3268 3319/3319
f 3326/3326 3319/3319 3266/3266
f 3329/3329 3278/3278 3274/3274
f 3331/3331 3322/3322 3319/3319
f 3332/3332 3333/3333 3322/3322
f 3278/3278 3329/3329 3334/3334
f 3335/3335 3328/3328 3327/3327
f 3242/3242 573/573 3302/3302
f 3330/3330 3275/3275 3314/3314
f 3326/3326 3266/3266 3272/3272
f 3329/3329 3336/3336 3334/3334
f 3338/3338 3336/3336 3329/3329
f 3237/3237 3330/3330 3314/3314
f 3237/3237 3337/3337 3330/3330
f 3237/3237 3081/3081 3337/3337
f 3237/3237 3079/3079 3081/3081
f 3257/3257 3302/3302 573/573
f 3332/3332 3322/3322 3331/3331
f 3318/3318 3290/3290 3267/3267
f 3290/3290 3291/3291 3289/3289
f 3334/3334 3339/3339 3340/3340
f 3288/3288 580/580 566/566
f 3333/3333 3291/3291 3290/3290
f 3339/3339 3334/3334 3336/3336
f 3288/3288 566/566 3242/3242
f 3291/3291 3341/3341 3292/3292
f 3341/3341 3291/3291 3333/3333
f 3288/3288 3242/3242 3302/3302
f 3318/3318 3333/3333 3290/3290
f 3333/3333 3318/3318 3322/3322
f 3341/3341 3333/3333 3332/3332
f 3328/3328 3342/3342 3343/3343
f 3341/3341 3294/3294 3292/3292
f 3343/3343 3271/3271 3327/3327
f 3328/3328 3343/3343 3327/3327
f 3302/3302 3257/3257 3304/3304
f 3344/3344 3341/3341 3332/3332
f 3345/3345 3341/3341 3344/3344
f 3331/3331 3319/3319 3325/3325
f 3306/3306 3326/3326 3272/3272
f 3313/3313 3326/3326 3306/3306
f 3313/3313 3325/3325 3326/3326
f 3346/3346 3325/3325 3313/3313
f 3347/3347 3331/3331 3325/3325
f 3348/3348 3332/3332 3331/3331
f 3347/3347 3348/3348 3331/3331
f 3349/3349 3350/3350 3343/3343
f 3313/3313 3351/3351 3346/3346
f 3352/3352 3354/3354 3355/3355
f 3347/3347 3325/3325 3346/3346
f 3347/3347 3346/3346 3356/3356
f 3342/3342 3349/3349 3343/3343
f 3356/3356 3348/3348 3347/3347
f 3358/3358 3357/3357 3348/3348
f 3352/3352 3359/3359 3357/3357
f 3361/3361 3350/3350 3349/3349
f 3332/3332 3348/3348 3344/3344
f 2917/2917 3350/3350 3361/3361
f 2917/2917 3361/3361 2913/2913
f 3362/3362 3360/3360 3353/3353
f 3357/3357 3344/3344 3348/3348
f 3360/3360 3362/3362 3367/3367
f 3369/3369 533/533 512/512
f 3367/3367 3370/3370 3360/3360
f 3371/3371 3350/3350 2917/2917
f 2933/2933 2917/2917 2931/2931
f 3372/3372 3371/3371 2917/2917
f 2917/2917 2919/2919 3372/3372
f 3352/3352 3355/3355 3374/3374
f 2933/2933 2918/2918 2917/2917
f 3376/3376 3317/3317 3304/3304
f 2913/2913 2931/2931 2917/2917
f 2931/2931 2913/2913 2922/2922
f 3378/3378 3376/3376 3304/3304
f 3379/3379 3323/3323 3320/3320
f 3381/3381 3379/3379 3320/3320
f 3380/3380 3383/3383 3384/3384
f 3384/3384 3324/3324 3380/3380
f 3385/3385 3362/3362 3373/3373
f 3320/3320 3312/3312 3317/3317
f 3317/3317 3381/3381 3320/3320
f 3386/3386 3387/3387 3388/3388
f 3376/3376 3381/3381 3317/3317
f 3390/3390 3387/3387 3386/3386
f 3391/3391 3375/3375 3377/3377
f 3392/3392 3343/3343 3371/3371
f 3393/3393 3380/3380 3382/3382
f 3393/3393 3383/3383 3380/3380
f 3371/3371 3343/3343 3350/3350
f 3387/3387 3390/3390 3373/3373
f 3372/3372 3392/3392 3371/3371
f 3392/3392 3295/3295 3343/3343
f 3390/3390 3385/3385 3373/3373
f 3393/3393 3382/3382 3375/3375
f 2970/2970 3392/3392 3372/3372
f 2970/2970 3295/3295 3392/3392
f 2957/2957 2970/2970 3372/3372
f 2957/2957 3372/3372 2919/2919
f 3373/3373 3362/3362 3353/3353
f 3394/3394 533/533 3369/3369
f 3395/3395 3393/3393 3391/3391
f 3395/3395 3391/3391 3335/3335
f 2968/2968 2970/2970 2957/2957
f 3391/3391 3393/3393 3375/3375
f 554/554 533/533 3394/3394
f 3398/3398 3369/3369 3399/3399
f 3335/3335 3391/3391 3396/3396
f 3400/3400 3401/3401 3397/3397
f 3257/3257 3270/3270 3403/3403
f 3404/3404 3362/3362 3385/3385
f 3404/3404 3367/3367 3362/3362
f 3378/3378 3304/3304 3257/3257
f 3398/3398 3394/3394 3369/3369
f 3403/3403 3378/3378 3257/3257
f 3368/3368 3377/3377 3402/3402
f 3270/3270 3366/3366 3403/3403
f 3087/3087 3336/3336 3338/3338
f 3337/3337 3081/3081 3088/3088
f 554/554 3405/3405 555/555
f 3336/3336 3087/3087 3339/3339
f 3407/3407 3340/3340 3339/3339
f 3407/3407 3389/3389 3340/3340
f 3409/3409 3407/3407 3339/3339
f 3386/3386 3388/3388 3406/3406
f 3411/3411 3386/3386 3406/3406
f 3087/3087 3409/3409 3339/3339
f 3408/3408 3088/3088 3086/3086
f 555/555 3405/3405 3413/3413
f 3410/3410 3085/3085 3092/3092
f 3365/3365 3368/3368 3402/3402
f 3411/3411 3406/3406 3410/3410
f 3410/3410 3092/3092 3414/3414
f 3411/3411 3410/3410 3414/3414
f 3394/3394 3405/3405 554/554
f 3092/3092 3094/3094 3414/3414
f 3094/3094 3127/3127 3414/3414
f 3391/3391 3377/3377 3368/3368
f 3416/3416 3413/3413 3405/3405
f 3368/3368 3396/3396 3391/3391
f 3417/3417 3386/3386 3411/3411
f 3386/3386 3417/3417 3390/3390
f 3411/3411 3414/3414 3417/3417
f 3417/3417 3414/3414 3127/3127
f 3419/3419 3417/3417 3127/3127
f 3419/3419 3390/3390 3417/3417
f 3419/3419 3127/3127 3100/3100
f 3420/3420 3418/3418 3421/3421
f 3422/3422 3385/3385 3390/3390
f 3390/3390 3419/3419 3422/3422
f 3418/3418 3420/3420 3424/3424
f 3151/3151 3419/3419 3100/3100
f 3420/3420 3425/3425 3424/3424
f 3422/3422 3419/3419 3151/3151
f 3424/3424 3423/3423 3418/3418
f 3151/3151 3426/3426 3422/3422
f 3426/3426 3151/3151 3158/3158
f 3162/3162 3426/3426 3158/3158
f 3425/3425 3427/3427 3424/3424
f 3424/3424 3428/3428 3423/3423
f 3428/3428 3424/3424 3427/3427
f 2765/2765 3428/3428 3427/3427
f 3427/3427 3429/3429 2763/2763
f 2765/2765 3427/3427 2763/2763
f 3422/3422 3404/3404 3385/3385
f 3430/3430 3431/3431 3432/3432
f 3426/3426 3404/3404 3422/3422
f 3431/3431 3433/3433 3432/3432
f 3434/3434 3431/3431 3435/3435
f 3436/3436 3434/3434 3437/3437
f 3404/3404 3426/3426 3438/3438
f 3426/3426 3162/3162 3438/3438
f 3438/3438 3162/3162 3195/3195
f 3396/3396 3328/3328 3335/3335
f 3433/3433 3431/3431 3434/3434
f 3439/3439 3433/3433 3434/3434
f 3438/3438 3367/3367 3404/3404
f 3434/3434 3436/3436 3439/3439
f 3396/3396 3440/3440 3328/3328
f 3441/3441 3367/3367 3438/3438
f 3195/3195 3441/3441 3438/3438
f 3439/3439 3436/3436 3442/3442
f 3342/3342 3328/3328 3440/3440
f 3443/3443 3444/3444 3430/3430
f 3431/3431 3430/3430 3444/3444
f 3431/3431 3444/3444 3435/3435
f 3435/3435 3444/3444 3445/3445
f 3445/3445 3444/3444 3446/3446
f 3447/3447 3367/3367 3441/3441
f 3447/3447 3441/3441 3205/3205
f 3447/3447 3448/3448 3367/3367
f 3449/3449 3437/3437 3445/3445
f 3450/3450 3397/3397 3401/3401
f 3445/3445 3437/3437 3435/3435
f 3450/3450 3401/3401 3451/3451
f 3445/3445 3452/3452 3449/3449
f 3441/3441 3195/3195 3205/3205
f 3437/3437 3434/3434 3435/3435
f 3452/3452 3445/3445 3453/3453
f 3394/3394 3398/3398 3454/3454
f 3437/3437 3456/3456 3436/3436
f 3457/3457 3436/3436 3456/3456
f 3456/3456 3437/3437 3449/3449
f 3450/3450 3455/3455 3397/3397
f 3459/3459 3450/3450 3451/3451
f 3442/3442 3258/3258 3439/3439
f 3460/3460 3436/3436 3457/3457
f 3450/3450 3459/3459 3461/3461
f 3418/3418 3368/3368 3365/3365
f 3460/3460 3442/3442 3436/3436
f 3462/3462 3368/3368 3418/3418
f 3451/3451 3327/3327 3459/3459
f 3440/3440 3396/3396 3462/3462
f 3462/3462 3396/3396 3368/3368
f 3459/3459 3327/3327 3463/3463
f 3405/3405 3394/3394 3464/3464
f 3465/3465 3440/3440 3462/3462
f 3418/3418 3465/3465 3462/3462
f 3252/3252 3460/3460 3457/3457
f 2954/2954 2958/2958 2951/2951
f 2949/2949 3466/3466 2953/2953
f 2953/2953 3466/3466 3467/3467
f 2958/2958 2954/2954 2959/2959
f 2959/2959 2954/2954 3468/3468
f 3465/3465 3469/3469 3440/3440
f 2801/2801 3465/3465 2803/2803
f 2803/2803 3465/3465 3470/3470
f 2949/2949 2943/2943 2962/2962
f 3471/3471 3416/3416 3405/3405
f 3471/3471 3405/3405 3464/3464
f 2949/2949 2962/2962 3466/3466
f 2801/2801 3469/3469 3465/3465
f 2959/2959 3468/3468 2966/2966
f 2966/2966 3473/3473 3474/3474
f 3475/3475 3476/3476 3472/3472
f 3472/3472 3477/3477 3475/3475
f 3471/3471 3464/3464 3480/3480
f 3423/3423 3428/3428 3482/3482
f 3480/3480 3478/3478 3471/3471
f 3465/3465 3418/3418 3423/3423
f 3423/3423 3482/3482 3465/3465
f 3483/3483 3480/3480 3464/3464
f 2774/2774 3482/3482 3428/3428
f 3485/3485 3481/3481 3484/3484
f 3486/3486 3481/3481 3485/3485
f 3465/3465 3482/3482 3470/3470
f 3475/3475 3488/3488 3476/3476
f 3489/3489 3470/3470 3482/3482
f 2774/2774 3489/3489 3482/3482
f 3486/3486 3479/3479 3481/3481
f 2774/2774 2773/2773 3489/3489
f 3477/3477 3488/3488 3475/3475
f 2774/2774 3428/3428 2765/2765
f 3490/3490 3479/3479 3486/3486
f 3490/3490 3486/3486 3491/3491
f 2764/2764 2774/2774 2765/2765
f 3490/3490 3487/3487 3479/3479
f 3489/3489 2803/2803 3470/3470
f 2805/2805 2803/2803 3489/3489
f 2773/2773 2805/2805 3489/3489
f 3297/3297 3460/3460 3252/3252
f 3493/3493 3394/3394 3454/3454
f 3440/3440 3469/3469 3342/3342
f 3492/3492 3455/3455 3461/3461
f 3494/3494 3342/3342 3469/3469
f 3495/3495 3349/3349 3342/3342
f 3496/3496 3349/3349 3495/3495
f 3277/3277 3306/3306 3252/3252
f 3361/3361 3349/3349 3496/3496
f 3455/3455 3450/3450 3461/3461
f 3278/3278 3306/3306 3277/3277
f 3497/3497 3498/3498 3495/3495
f 3496/3496 3495/3495 3498/3498
f 3394/3394 3493/3493 3464/3464
f 3498/3498 2913/2913 3496/3496
f 2913/2913 3361/3361 3496/3496
f 2913/2913 3498/3498 2798/2798
f 2798/2798 3498/3498 2799/2799
f 3461/3461 3459/3459 3499/3499
f 3251/3251 3254/3254 3276/3276
f 2802/2802 2801/2801 2803/2803
f 2801/2801 2800/2800 2848/2848
f 3500/3500 3484/3484 3492/3492
f 3501/3501 3484/3484 3500/3500
f 3502/3502 3501/3501 3500/3500
f 3500/3500 3499/3499 3503/3503
f 3503/3503 3502/3502 3500/3500
f 3461/3461 3500/3500 3492/3492
f 3474/3474 2967/2967 2966/2966
f 3500/3500 3461/3461 3499/3499
f 3474/3474 3504/3504 2967/2967
f 3504/3504 3474/3474 3505/3505
f 3505/3505 3506/3506 3504/3504
f 3506/3506 3140/3140 3504/3504
f 3342/3342 3494/3494 3495/3495
f 3306/3306 3297/3297 3252/3252
f 3140/3140 2967/2967 3504/3504
f 3494/3494 2801/2801 2840/2840
f 3137/3137 2967/2967 3140/3140
f 3137/3137 3140/3140 3149/3149
f 3507/3507 3506/3506 3508/3508
f 3507/3507 3508/3508 3509/3509
f 3140/3140 3506/3506 3507/3507
f 3509/3509 3141/3141 3507/3507
f 3494/3494 3497/3497 3495/3495
f 3497/3497 3494/3494 2840/2840
f 3141/3141 3140/3140 3507/3507
f 3510/3510 3502/3502 3503/3503
f 3141/3141 3509/3509 3511/3511
f 2840/2840 2839/2839 3497/3497
f 3512/3512 3511/3511 3509/3509
f 3469/3469 2801/2801 3494/3494
f 2840/2840 2801/2801 2848/2848
f 3141/3141 3143/3143 3138/3138
f 3141/3141 3511/3511 3143/3143
f 3511/3511 3146/3146 3143/3143
f 3146/3146 3511/3511 3175/3175
f 3483/3483 3464/3464 3493/3493
f 3498/3498 3497/3497 2839/2839
f 2839/2839 2799/2799 3498/3498
f 3501/3501 3485/3485 3484/3484
f 3485/3485 3513/3513 3486/3486
f 3175/3175 3512/3512 3514/3514
f 3175/3175 3514/3514 3174/3174
f 3513/3513 3485/3485 3501/3501
f 3511/3511 3512/3512 3175/3175
f 3502/3502 3515/3515 3501/3501
f 3515/3515 3513/3513 3501/3501
f 3146/3146 3175/3175 3177/3177
f 3486/3486 3513/3513 3516/3516
f 3344/3344 3357/3357 3345/3345
f 3516/3516 3491/3491 3486/3486
f 3510/3510 3515/3515 3502/3502
f 3517/3517 3515/3515 3510/3510
f 3518/3518 3519/3519 3517/3517
f 3520/3520 3510/3510 3503/3503
f 3521/3521 3517/3517 3510/3510
f 3520/3520 3521/3521 3510/3510
f 3345/3345 3357/3357 3359/3359
f 3522/3522 3518/3518 3517/3517
f 3525/3525 579/579 3523/3523
f 397/397 391/391 3526/3526
f 3527/3527 397/397 3526/3526
f 512/512 575/575 579/579
f 397/397 3527/3527 362/362
f 3525/3525 3369/3369 512/512
f 579/579 3525/3525 512/512
f 580/580 3524/3524 578/578
f 3299/3299 3524/3524 580/580
f 3529/3529 3524/3524 3299/3299
f 3530/3530 3525/3525 3523/3523
f 3531/3531 3532/3532 3533/3533
f 3533/3533 3534/3534 3531/3531
f 2992/2992 3531/3531 3534/3534
f 3535/3535 3529/3529 3299/3299
f 3529/3529 3535/3535 3536/3536
f 3538/3538 3536/3536 3535/3535
f 3527/3527 3539/3539 362/362
f 3535/3535 3540/3540 3538/3538
f 2992/2992 3534/3534 3466/3466
f 3466/3466 2962/2962 2992/2992
f 2961/2961 2992/2992 2962/2962
f 3542/3542 3534/3534 3543/3543
f 3466/3466 3542/3542 3467/3467
f 3369/3369 3525/3525 3544/3544
f 3541/3541 3473/3473 3468/3468
f 3473/3473 2966/2966 3468/3468
f 3547/3547 3548/3548 3473/3473
f 3473/3473 3548/3548 3474/3474
f 3541/3541 3547/3547 3473/3473
f 3544/3544 3525/3525 3530/3530
f 3549/3549 3545/3545 3528/3528
f 3549/3549 3528/3528 3537/3537
f 3466/3466 3534/3534 3542/3542
f 3532/3532 3531/3531 3550/3550
f 3545/3545 3549/3549 3551/3551
f 2992/2992 3552/3552 3531/3531
f 2992/2992 2995/2995 3552/3552
f 3399/3399 3369/3369 3544/3544
f 2995/2995 2992/2992 2993/2993
f 3552/3552 3550/3550 3531/3531
f 3553/3553 3550/3550 3552/3552
f 3554/3554 3555/3555 3539/3539
f 3557/3557 3536/3536 3538/3538
f 3558/3558 3537/3537 3556/3556
f 3558/3558 3549/3549 3537/3537
f 3559/3559 3551/3551 3549/3549
f 3559/3559 3549/3549 3560/3560
f 3532/3532 3550/3550 3561/3561
f 3561/3561 3550/3550 3562/3562
f 3553/3553 3562/3562 3550/3550
f 3013/3013 3562/3562 3553/3553
f 3013/3013 3020/3020 3562/3562
f 3560/3560 3549/3549 3558/3558
f 3552/3552 2995/2995 3553/3553
f 3553/3553 2995/2995 3017/3017
f 3553/3553 3017/3017 3013/3013
f 3015/3015 3020/3020 3013/3013
f 3013/3013 3017/3017 3014/3014
f 3551/3551 3400/3400 3545/3545
f 3563/3563 3400/3400 3551/3551
f 3563/3563 3551/3551 3559/3559
f 3008/3008 3017/3017 2995/2995
f 3564/3564 3505/3505 3474/3474
f 3401/3401 3563/3563 3565/3565
f 3566/3566 3563/3563 3559/3559
f 3567/3567 3505/3505 3564/3564
f 3563/3563 3566/3566 3565/3565
f 3505/3505 3508/3508 3506/3506
f 3568/3568 3559/3559 3560/3560
f 3569/3569 3570/3570 3571/3571
f 3566/3566 3559/3559 3568/3568
f 3300/3300 3310/3310 3299/3299
f 3535/3535 3299/3299 3310/3310
f 3572/3572 3509/3509 3508/3508
f 3535/3535 3310/3310 3540/3540
f 3509/3509 3572/3572 3512/3512
f 3554/3554 3573/3573 3555/3555
f 3540/3540 3310/3310 3574/3574
f 3512/3512 3572/3572 3569/3569
f 3512/3512 3569/3569 3514/3514
f 3575/3575 3540/3540 3574/3574
f 3020/3020 3561/3561 3562/3562
f 3576/3576 3575/3575 3574/3574
f 3310/3310 3308/3308 3574/3574
f 3577/3577 3580/3580 3561/3561
f 3578/3578 3571/3571 3579/3579
f 3323/3323 3581/3581 3321/3321
f 3577/3577 3561/3561 3020/3020
f 3563/3563 3401/3401 3400/3400
f 3172/3172 3577/3577 3020/3020
f 3172/3172 3020/3020 3019/3019
f 3582/3582 3583/3583 3584/3584
f 3583/3583 3582/3582 3585/3585
f 3514/3514 3571/3571 3578/3578
f 3571/3571 3514/3514 3569/3569
f 3174/3174 3514/3514 3578/3578
f 3586/3586 3565/3565 3566/3566
f 3586/3586 3587/3587 3588/3588
f 3586/3586 3401/3401 3565/3565
f 3174/3174 3578/3578 3173/3173
f 3451/3451 3401/3401 3588/3588
f 3588/3588 3401/3401 3586/3586
f 3589/3589 3582/3582 3587/3587
f 3585/3585 3582/3582 3589/3589
f 3586/3586 3566/3566 3589/3589
f 3587/3587 3586/3586 3589/3589
f 3590/3590 3589/3589 3566/3566
f 3588/3588 3587/3587 3584/3584
f 3584/3584 3587/3587 3582/3582
f 3451/3451 3588/3588 3584/3584
f 3451/3451 3584/3584 3395/3395
f 3395/3395 3335/3335 3451/3451
f 3591/3591 473/473 472/472
f 3592/3592 3591/3591 472/472
f 472/472 3539/3539 3592/3592
f 3594/3594 3592/3592 3539/3539
f 3593/3593 3278/3278 3334/3334
f 473/473 3595/3595 449/449
f 3340/3340 3593/3593 3334/3334
f 3583/3583 3585/3585 3384/3384
f 3596/3596 3593/3593 3340/3340
f 3383/3383 3584/3584 3583/3583
f 3389/3389 3596/3596 3340/3340
f 3383/3383 3583/3583 3384/3384
f 3595/3595 473/473 3591/3591
f 3591/3591 3597/3597 3595/3595
f 3346/3346 3351/3351 3356/3356
f 3384/3384 3585/3585 3598/3598
f 3384/3384 3598/3598 3600/3600
f 3601/3601 3356/3356 3351/3351
f 3323/3323 3599/3599 3581/3581
f 3600/3600 3324/3324 3384/3384
f 3600/3600 3598/3598 3603/3603
f 3599/3599 3604/3604 3581/3581
f 3313/3313 3278/3278 3351/3351
f 3605/3605 3598/3598 3585/3585
f 3585/3585 3589/3589 3605/3605
f 3395/3395 3584/3584 3383/3383
f 3395/3395 3383/3383 3393/3393
f 3358/3358 3348/3348 3356/3356
f 3592/3592 3594/3594 3606/3606
f 3357/3357 3358/3358 3607/3607
f 3607/3607 3358/3358 3356/3356
f 3356/3356 3601/3601 3607/3607
f 3354/3354 3607/3607 3601/3601
f 3354/3354 3357/3357 3607/3607
f 3606/3606 3591/3591 3592/3592
f 3591/3591 3606/3606 3597/3597
f 3351/3351 3278/3278 3593/3593
f 3601/3601 3351/3351 3593/3593
f 3451/3451 3335/3335 3327/3327
f 3593/3593 3608/3608 3601/3601
f 3355/3355 3354/3354 3608/3608
f 3608/3608 3354/3354 3601/3601
f 3354/3354 3352/3352 3357/3357
f 3594/3594 3609/3609 3606/3606
f 363/363 472/472 361/361
f 3593/3593 3596/3596 3608/3608
f 3596/3596 3355/3355 3608/3608
f 3355/3355 3596/3596 3389/3389
f 472/472 473/473 471/471
f 2969/2969 3030/3030 3610/3610
f 3612/3612 609/609 555/555
f 3539/3539 363/363 362/362
f 555/555 609/609 593/593
f 3613/3613 3283/3283 3614/3614
f 3539/3539 472/472 363/363
f 3526/3526 610/610 3611/3611
f 3526/3526 611/611 610/610
f 3526/3526 391/391 611/611
f 3283/3283 3613/3613 3309/3309
f 3527/3527 3526/3526 3611/3611
f 3613/3613 2810/2810 3309/3309
f 3615/3615 3293/3293 3286/3286
f 3617/3617 3612/3612 555/555
f 3618/3618 3611/3611 3616/3616
f 3614/3614 3293/3293 3615/3615
f 3063/3063 3614/3614 3615/3615
f 3615/3615 3049/3049 3063/3063
f 3618/3618 3527/3527 3611/3611
f 3554/3554 3527/3527 3618/3618
f 3527/3527 3554/3554 3539/3539
f 3610/3610 3619/3619 3296/3296
f 3619/3619 3610/3610 3030/3030
f 3026/3026 3286/3286 3619/3619
f 3619/3619 3286/3286 3296/3296
f 3619/3619 3030/3030 3026/3026
f 3030/3030 3027/3027 3026/3026
f 3617/3617 555/555 3413/3413
f 3618/3618 3616/3616 3412/3412
f 3029/3029 3027/3027 3030/3030
f 3286/3286 3026/3026 3615/3615
f 3048/3048 3615/3615 3026/3026
f 3048/3048 3026/3026 3025/3025
f 3594/3594 3539/3539 3555/3555
f 3615/3615 3048/3048 3049/3049
f 3293/3293 3254/3254 3250/3250
f 3618/3618 3412/3412 3554/3554
f 3614/3614 3254/3254 3293/3293
f 3620/3620 3614/3614 3063/3063
f 3063/3063 3114/3114 3620/3620
f 3063/3063 3049/3049 3061/3061
f 3062/3062 3114/3114 3063/3063
f 3614/3614 3283/3283 3254/3254
f 3613/3613 3614/3614 3620/3620
f 3412/3412 3573/3573 3554/3554
f 3621/3621 3573/3573 3412/3412
f 3555/3555 3573/3573 3621/3621
f 3555/3555 3621/3621 3432/3432
f 2810/2810 3620/3620 3114/3114
f 2810/2810 3613/3613 3620/3620
f 3412/3412 3415/3415 3621/3621
f 3415/3415 3472/3472 3621/3621
f 3476/3476 3621/3621 3472/3472
f 3622/3622 3621/3621 3476/3476
f 3621/3621 3622/3622 3432/3432
f 3622/3622 3430/3430 3432/3432
f 3624/3624 3609/3609 3594/3594
f 3624/3624 3594/3594 3623/3623
f 3625/3625 3624/3624 3623/3623
f 3622/3622 3476/3476 3626/3626
f 3627/3627 3625/3625 3623/3623
f 3626/3626 3476/3476 3488/3488
f 3626/3626 3488/3488 3628/3628
f 3443/3443 3626/3626 3628/3628
f 3628/3628 3488/3488 3629/3629
f 3430/3430 3622/3622 3626/3626
f 3430/3430 3626/3626 3443/3443
f 3631/3631 3443/3443 3628/3628
f 3632/3632 3631/3631 3628/3628
f 3633/3633 3634/3634 3625/3625
f 3625/3625 3627/3627 3633/3633
f 3444/3444 3443/3443 3631/3631
f 3623/3623 3245/3245 3627/3627
f 3635/3635 3627/3627 3245/3245
f 3260/3260 3555/3555 3432/3432
f 3432/3432 3433/3433 3260/3260
f 3239/3239 3636/3636 3633/3633
f 3240/3240 3633/3633 3627/3627
f 3240/3240 3239/3239 3633/3633
f 3594/3594 3245/3245 3623/3623
f 3594/3594 3555/3555 3245/3245
f 3637/3637 3452/3452 3638/3638
f 3452/3452 3640/3640 3638/3638
f 3449/3449 3452/3452 3637/3637
f 3641/3641 3452/3452 3453/3453
f 3643/3643 3639/3639 3644/3644
f 3643/3643 3644/3644 3645/3645
f 3646/3646 3456/3456 3449/3449
f 3648/3648 3637/3637 3642/3642
f 3456/3456 3646/3646 3648/3648
f 3646/3646 3637/3637 3648/3648
f 3640/3640 3649/3649 3638/3638
f 3642/3642 3637/3637 3638/3638
f 3637/3637 3646/3646 3449/3449
f 3457/3457 3456/3456 3648/3648
f 3643/3643 3651/3651 3647/3647
f 3651/3651 3643/3643 3652/3652
f 3555/3555 3260/3260 3245/3245
f 3651/3651 3458/3458 3647/3647
f 3458/3458 3651/3651 3250/3250
f 3463/3463 3499/3499 3459/3459
f 3520/3520 3503/3503 3653/3653
f 3653/3653 3503/3503 3499/3499
f 3433/3433 3439/3439 3258/3258
f 3433/3433 3258/3258 3260/3260
f 3499/3499 3463/3463 3653/3653
f 3297/3297 3272/3272 3442/3442
f 3654/3654 3653/3653 3463/3463
f 3442/3442 3272/3272 3258/3258
f 3442/3442 3460/3460 3297/3297
f 3655/3655 3521/3521 3520/3520
f 3656/3656 3521/3521 3655/3655
f 3653/3653 3655/3655 3520/3520
f 3653/3653 3644/3644 3655/3655
f 3644/3644 3656/3656 3655/3655
f 3247/3247 3240/3240 3635/3635
f 3522/3522 3521/3521 3656/3656
f 3240/3240 3627/3627 3635/3635
f 3522/3522 3517/3517 3521/3521
f 3657/3657 3522/3522 3656/3656
f 3644/3644 3650/3650 3656/3656
f 3650/3650 3657/3657 3656/3656
f 3241/3241 3240/3240 3247/3247
f 3657/3657 3650/3650 3658/3658
f 3640/3640 3659/3659 3649/3649
f 3657/3657 3660/3660 3661/3661
f 3662/3662 3660/3660 3657/3657
f 3658/3658 3662/3662 3657/3657
f 3653/3653 3654/3654 3645/3645
f 3645/3645 3644/3644 3653/3653
f 3652/3652 3645/3645 3654/3654
f 3645/3645 3652/3652 3643/3643
f 3639/3639 3650/3650 3644/3644
f 3260/3260 3243/3243 3245/3245
f 3652/3652 3654/3654 3664/3664
f 3262/3262 3652/3652 3664/3664
f 3664/3664 3654/3654 3463/3463
f 3664/3664 3463/3463 3263/3263
f 3260/3260 3259/3259 3243/3243
f 3262/3262 3664/3664 3263/3263
f 3463/3463 3327/3327 3263/3263
f 3271/3271 3263/3263 3327/3327
f 3247/3247 3635/3635 3244/3244
f 3244/3244 3635/3635 3245/3245
f 3262/3262 3651/3651 3652/3652
f 3250/3250 3651/3651 3262/3262
f 3271/3271 3343/3343 3295/3295
f 3295/3295 3264/3264 3271/3271
f 3295/3295 2970/2970 3610/3610
f 2970/2970 2969/2969 3610/3610
f 3296/3296 3295/3295 3610/3610
f 3250/3250 3251/3251 3458/3458
f 3661/3661 3522/3522 3657/3657
f 3665/3665 3661/3661 3660/3660
f 3660/3660 3666/3666 3665/3665
f 3641/3641 3659/3659 3640/3640
f 3662/3662 3666/3666 3660/3660
f 3513/3513 3519/3519 3516/3516
f 3491/3491 3668/3668 3490/3490
f 3669/3669 3668/3668 3491/3491
f 3669/3669 3491/3491 3516/3516
f 3670/3670 3669/3669 3516/3516
f 3519/3519 3670/3670 3516/3516
f 3671/3671 3670/3670 3519/3519
f 3669/3669 3670/3670 3672/3672
f 3671/3671 3672/3672 3670/3670
f 3673/3673 3672/3672 3671/3671
f 3519/3519 3513/3513 3517/3517
f 3513/3513 3515/3515 3517/3517
f 3674/3674 3671/3671 3519/3519
f 3518/3518 3674/3674 3519/3519
f 3674/3674 3673/3673 3671/3671
f 3665/3665 3674/3674 3518/3518
f 3661/3661 3665/3665 3518/3518
f 3522/3522 3661/3661 3518/3518
f 3674/3674 3665/3665 3675/3675
f 3677/3677 3453/3453 3445/3445
f 3446/3446 3677/3677 3445/3445
f 3677/3677 3678/3678 3679/3679
f 3680/3680 3453/3453 3677/3677
f 3680/3680 3677/3677 3679/3679
f 3453/3453 3680/3680 3641/3641
f 3681/3681 3568/3568 3560/3560
f 3568/3568 3681/3681 3682/3682
f 3682/3682 3681/3681 3683/3683
f 3683/3683 3684/3684 3682/3682
f 3566/3566 3568/3568 3682/3682
f 3590/3590 3566/3566 3682/3682
f 3576/3576 3685/3685 3686/3686
f 3316/3316 3685/3685 3308/3308
f 3685/3685 3574/3574 3308/3308
f 3685/3685 3576/3576 3574/3574
f 3685/3685 3316/3316 3687/3687
f 3687/3687 3686/3686 3685/3685
f 3688/3688 3538/3538 3540/3540
f 3680/3680 3689/3689 3691/3691
f 3688/3688 3540/3540 3575/3575
f 3666/3666 3690/3690 3665/3665
f 3691/3691 3689/3689 3667/3667
f 3538/3538 3688/3688 3557/3557
f 3679/3679 3692/3692 3689/3689
f 3680/3680 3679/3679 3689/3689
f 3575/3575 3693/3693 3688/3688
f 3691/3691 3694/3694 3641/3641
f 3691/3691 3641/3641 3680/3680
f 3575/3575 3576/3576 3686/3686
f 3694/3694 3659/3659 3641/3641
f 3695/3695 3693/3693 3686/3686
f 3686/3686 3693/3693 3575/3575
f 3698/3698 3557/3557 3688/3688
f 3694/3694 3691/3691 3667/3667
f 3667/3667 3663/3663 3694/3694
f 3558/3558 3556/3556 3697/3697
f 3659/3659 3694/3694 3663/3663
f 3558/3558 3697/3697 3699/3699
f 3698/3698 3688/3688 3693/3693
f 3695/3695 3698/3698 3693/3693
f 3699/3699 3697/3697 3696/3696
f 3700/3700 3696/3696 3702/3702
f 3560/3560 3558/3558 3683/3683
f 3683/3683 3558/3558 3700/3700
f 3700/3700 3558/3558 3699/3699
f 3681/3681 3560/3560 3683/3683
f 3700/3700 3703/3703 3683/3683
f 3700/3700 3699/3699 3696/3696
f 3686/3686 3687/3687 3701/3701
f 3701/3701 3695/3695 3686/3686
f 3704/3704 3701/3701 3687/3687
f 3321/3321 3316/3316 3315/3315
f 3316/3316 3321/3321 3705/3705
f 3704/3704 3687/3687 3705/3705
f 3705/3705 3687/3687 3316/3316
f 3705/3705 3321/3321 3581/3581
f 3602/3602 3704/3704 3705/3705
f 3707/3707 3709/3709 3704/3704
f 3704/3704 3602/3602 3707/3707
f 3705/3705 3581/3581 3602/3602
f 3684/3684 3683/3683 3703/3703
f 3708/3708 3703/3703 3700/3700
f 3702/3702 3708/3708 3700/3700
f 3708/3708 3706/3706 3710/3710
f 3710/3710 3703/3703 3708/3708
f 3590/3590 3682/3682 3684/3684
f 3590/3590 3684/3684 3703/3703
f 3703/3703 3710/3710 3590/3590
f 3709/3709 3701/3701 3704/3704
f 3604/3604 3707/3707 3581/3581
f 3707/3707 3602/3602 3581/3581
f 3710/3710 3706/3706 3605/3605
f 3706/3706 3603/3603 3605/3605
f 3605/3605 3603/3603 3598/3598
f 3590/3590 3605/3605 3589/3589
f 3605/3605 3590/3590 3710/3710
f 3711/3711 3712/3712 3713/3713
f 3711/3711 3714/3714 3712/3712
f 3546/3546 3715/3715 3717/3717
f 3543/3543 3711/3711 3713/3713
f 3543/3543 3713/3713 3715/3715
f 3546/3546 3543/3543 3715/3715
f 3533/3533 3718/3718 3711/3711
f 3718/3718 3714/3714 3711/3711
f 3718/3718 3719/3719 3714/3714
f 3714/3714 3719/3719 3720/3720
f 3561/3561 3720/3720 3719/3719
f 3543/3543 3533/3533 3711/3711
f 3534/3534 3533/3533 3543/3543
f 3532/3532 3719/3719 3718/3718
f 3532/3532 3718/3718 3533/3533
f 3561/3561 3719/3719 3532/3532
f 3548/3548 3547/3547 3716/3716
f 3542/3542 3543/3543 3546/3546
f 3721/3721 3722/3722 3723/3723
f 3723/3723 3722/3722 3726/3726
f 3715/3715 3722/3722 3721/3721
f 3717/3717 3715/3715 3721/3721
f 3717/3717 3721/3721 3723/3723
f 3727/3727 3728/3728 3724/3724
f 3724/3724 3564/3564 3716/3716
f 3564/3564 3724/3724 3728/3728
f 3728/3728 3567/3567 3564/3564
f 3567/3567 3728/3728 3729/3729
f 3730/3730 3732/3732 3720/3720
f 3561/3561 3730/3730 3720/3720
f 3731/3731 3734/3734 3733/3733
f 3735/3735 3736/3736 3734/3734
f 3734/3734 3731/3731 3735/3735
f 3737/3737 3728/3728 3738/3738
f 3487/3487 3490/3490 3630/3630
f 3490/3490 3739/3739 3630/3630
f 3729/3729 3728/3728 3737/3737
f 3740/3740 3741/3741 3629/3629
f 3737/3737 3738/3738 3742/3742
f 3737/3737 3742/3742 3743/3743
f 3570/3570 3743/3743 3742/3742
f 3570/3570 3742/3742 3736/3736
f 3570/3570 3736/3736 3735/3735
f 3628/3628 3629/3629 3744/3744
f 3729/3729 3737/3737 3743/3743
f 3744/3744 3629/3629 3741/3741
f 3743/3743 3572/3572 3729/3729
f 3745/3745 3744/3744 3741/3741
f 3632/3632 3744/3744 3745/3745
f 3571/3571 3570/3570 3735/3735
f 3548/3548 3716/3716 3564/3564
f 3548/3548 3564/3564 3474/3474
f 3446/3446 3444/3444 3631/3631
f 3628/3628 3744/3744 3632/3632
f 3567/3567 3729/3729 3508/3508
f 3567/3567 3508/3508 3505/3505
f 3746/3746 3631/3631 3632/3632
f 3746/3746 3632/3632 3678/3678
f 3446/3446 3631/3631 3746/3746
f 3446/3446 3746/3746 3677/3677
f 3677/3677 3746/3746 3678/3678
f 3747/3747 3748/3748 3692/3692
f 3747/3747 3679/3679 3678/3678
f 3679/3679 3747/3747 3692/3692
f 3508/3508 3729/3729 3572/3572
f 3572/3572 3743/3743 3569/3569
f 3748/3748 3632/3632 3745/3745
f 3743/3743 3570/3570 3569/3569
f 3678/3678 3632/3632 3747/3747
f 3747/3747 3632/3632 3748/3748
f 3735/3735 3731/3731 3579/3579
f 3561/3561 3580/3580 3730/3730
f 3571/3571 3735/3735 3579/3579
f 3739/3739 3490/3490 3668/3668
f 3668/3668 3669/3669 3749/3749
f 3668/3668 3751/3751 3739/3739
f 3749/3749 3751/3751 3668/3668
f 3750/3750 3741/3741 3740/3740
f 3673/3673 3749/3749 3669/3669
f 3669/3669 3672/3672 3673/3673
f 3753/3753 3751/3751 3749/3749
f 3753/3753 3749/3749 3673/3673
f 3745/3745 3741/3741 3750/3750
f 3745/3745 3750/3750 3754/3754
f 3754/3754 3750/3750 3752/3752
f 3675/3675 3673/3673 3674/3674
f 3675/3675 3756/3756 3673/3673
f 3756/3756 3753/3753 3673/3673
f 3754/3754 3755/3755 3748/3748
f 3755/3755 3754/3754 3752/3752
f 3690/3690 3675/3675 3665/3665
f 3692/3692 3755/3755 3676/3676
f 3692/3692 3748/3748 3755/3755
f 3692/3692 3676/3676 3689/3689
f 3748/3748 3745/3745 3754/3754
f 3640/3640 3452/3452 3641/3641
f 3713/3713 3712/3712 3757/3757
f 3712/3712 3759/3759 3757/3757
f 3759/3759 3726/3726 3757/3757
f 3726/3726 3722/3722 3757/3757
f 3722/3722 3713/3713 3757/3757
f 3724/3724 3725/3725 3727/3727
f 3727/3727 3725/3725 3758/3758
f 3758/3758 3760/3760 3727/3727
f 3732/3732 3759/3759 3714/3714
f 3759/3759 3712/3712 3714/3714
f 3720/3720 3732/3732 3714/3714
f 3760/3760 3758/3758 3733/3733
f 3713/3713 3722/3722 3715/3715
f 3727/3727 3760/3760 3728/3728
f 3760/3760 3738/3738 3728/3728
f 3736/3736 3742/3742 3734/3734
f 3742/3742 3738/3738 3734/3734
f 3738/3738 3760/3760 3734/3734
f 3760/3760 3733/3733 3734/3734
f 3763/3763 3764/3764 3765/3765
f 3767/3767 3768/3768 3769/3769
f 3770/3770 3761/3761 3766/3766
f 3768/3768 3767/3767 3771/3771
f 3763/3763 3772/3772 3773/3773
f 3769/3769 3774/3774 3767/3767
f 3767/3767 3774/3774 3775/3775
f 3776/3776 3777/3777 3778/3778
f 3779/3779 3780/3780 3781/3781
f 3780/3780 3782/3782 3781/3781
f 3778/3778 3761/3761 3770/3770
f 3770/3770 3766/3766 3783/3783
f 3784/3784 3782/3782 3786/3786
f 3770/3770 3787/3787 3778/3778
f 3786/3786 3782/3782 3788/3788
f 3789/3789 3790/3790 3791/3791
f 3788/3788 3790/3790 3789/3789
f 3766/3766 3793/3793 3794/3794
f 3771/3771 3795/3795 3065/3065
f 3766/3766 3794/3794 3783/3783
f 2955/2955 3796/3796 3797/3797
f 3780/3780 3798/3798 3782/3782
f 3799/3799 3798/3798 3780/3780
f 3795/3795 3771/3771 3800/3800
f 3800/3800 3771/3771 3801/3801
f 2982/2982 2955/2955 3797/3797
f 3782/3782 3798/3798 3788/3788
f 3795/3795 3101/3101 3065/3065
f 3797/3797 3796/3796 3763/3763
f 3802/3802 3790/3790 3788/3788
f 3803/3803 3802/3802 3788/3788
f 3800/3800 3805/3805 3795/3795
f 3798/3798 3799/3799 3806/3806
f 3794/3794 3804/3804 3783/3783
f 3797/3797 3807/3807 2982/2982
f 3798/3798 3806/3806 3803/3803
f 3798/3798 3803/3803 3788/3788
f 3805/3805 3101/3101 3795/3795
f 3808/3808 3807/3807 3797/3797
f 3767/3767 3801/3801 3771/3771
f 3809/3809 3791/3791 3790/3790
f 3808/3808 3773/3773 3792/3792
f 3810/3810 3791/3791 3809/3809
f 3811/3811 3813/3813 3815/3815
f 3816/3816 3792/3792 3817/3817
f 3763/3763 3773/3773 3808/3808
f 3801/3801 3767/3767 3818/3818
f 3797/3797 3763/3763 3808/3808
f 3818/3818 3767/3767 3775/3775
f 3809/3809 3790/3790 3802/3802
f 3802/3802 3819/3819 3809/3809
f 3820/3820 3812/3812 3821/3821
f 3800/3800 3801/3801 3822/3822
f 3808/3808 3792/3792 3816/3816
f 3810/3810 3809/3809 3823/3823
f 3813/3813 3811/3811 3825/3825
f 3822/3822 3801/3801 3818/3818
f 3823/3823 3809/3809 3819/3819
f 3826/3826 3822/3822 3818/3818
f 3812/3812 3824/3824 3821/3821
f 3827/3827 3821/3821 3824/3824
f 2982/2982 2999/2999 2981/2981
f 3829/3829 3803/3803 3806/3806
f 3807/3807 2999/2999 2982/2982
f 3831/3831 3821/3821 3830/3830
f 3772/3772 3832/3832 3773/3773
f 3830/3830 3821/3821 3827/3827
f 3773/3773 3832/3832 3833/3833
f 3834/3834 3818/3818 3775/3775
f 3802/3802 3803/3803 3829/3829
f 3773/3773 3833/3833 3792/3792
f 3819/3819 3802/3802 3829/3829
f 3826/3826 3818/3818 3834/3834
f 3834/3834 3836/3836 3838/3838
f 3836/3836 3834/3834 3775/3775
f 3835/3835 3831/3831 3830/3830
f 3805/3805 3840/3840 3101/3101
f 3831/3831 3841/3841 3821/3821
f 3829/3829 3842/3842 3819/3819
f 3844/3844 3792/3792 3833/3833
f 3830/3830 3827/3827 3845/3845
f 3822/3822 3805/3805 3800/3800
f 3817/3817 3792/3792 3844/3844
f 3822/3822 3840/3840 3805/3805
f 3970/3970 3842/3842 3829/3829
f 3840/3840 3822/3822 3826/3826
f 3847/3847 3817/3817 3844/3844
f 3970/3970 3848/3848 3842/3842
f 3849/3849 3835/3835 3830/3830
f 3851/3851 3848/3848 3852/3852
f 3850/3850 3840/3840 3826/3826
f 3810/3810 3823/3823 3853/3853
f 3854/3854 3853/3853 3823/3823
f 3846/3846 3850/3850 3826/3826
f 3807/3807 3808/3808 3816/3816
f 3835/3835 3843/3843 3831/3831
f 3843/3843 3835/3835 3849/3849
f 3807/3807 3816/3816 3855/3855
f 3856/3856 3840/3840 3850/3850
f 3857/3857 3858/3858 3859/3859
f 3853/3853 3854/3854 3857/3857
f 3860/3860 3843/3843 3849/3849
f 3855/3855 3816/3816 3817/3817
f 3861/3861 3854/3854 3823/3823
f 3817/3817 3862/3862 3855/3855
f 3861/3861 3863/3863 3854/3854
f 3864/3864 3850/3850 3865/3865
f 3865/3865 3850/3850 3866/3866
f 3854/3854 3863/3863 3857/3857
f 3830/3830 3845/3845 3849/3849
f 3849/3849 3845/3845 3867/3867
f 3868/3868 3864/3864 3865/3865
f 3116/3116 3101/3101 3840/3840
f 3869/3869 3867/3867 3845/3845
f 3857/3857 3863/3863 3858/3858
f 3867/3867 3869/3869 3870/3870
f 3849/3849 3867/3867 3871/3871
f 3118/3118 3116/3116 3856/3856
f 2999/2999 3807/3807 3872/3872
f 3859/3859 3427/3427 3425/3425
f 3429/3429 3427/3427 3859/3859
f 3856/3856 3116/3116 3840/3840
f 3873/3873 3849/3849 3874/3874
f 2999/2999 3002/3002 2983/2983
f 3874/3874 3849/3849 3871/3871
f 3872/3872 3002/3002 2999/2999
f 3429/3429 3859/3859 3875/3875
f 3875/3875 3859/3859 3858/3858
f 3856/3856 3122/3122 3118/3118
f 3858/3858 3863/3863 3875/3875
f 3867/3867 3870/3870 3871/3871
f 3878/3878 3871/3871 3870/3870
f 3878/3878 3879/3879 3871/3871
f 3807/3807 3855/3855 3872/3872
f 3879/3879 3874/3874 3871/3871
f 3863/3863 3880/3880 3881/3881
f 3864/3864 3122/3122 3856/3856
f 3009/3009 3002/3002 3882/3882
f 3882/3882 3002/3002 3872/3872
f 3873/3873 3860/3860 3849/3849
f 3863/3863 3881/3881 3875/3875
f 3122/3122 3864/3864 3868/3868
f 3226/3226 3122/3122 3868/3868
f 3883/3883 3875/3875 3881/3881
f 3884/3884 3860/3860 3873/3873
f 3882/3882 3872/3872 3876/3876
f 3864/3864 3856/3856 3850/3850
f 3873/3873 3874/3874 3886/3886
f 3846/3846 3826/3826 3834/3834
f 3882/3882 3876/3876 3009/3009
f 3429/3429 2768/2768 2763/2763
f 2768/2768 3429/3429 3887/3887
f 3875/3875 3887/3887 3429/3429
f 3862/3862 3872/3872 3855/3855
f 3876/3876 3872/3872 3862/3862
f 3885/3885 3876/3876 3862/3862
f 3883/3883 3887/3887 3875/3875
f 3823/3823 3819/3819 3888/3888
f 3861/3861 3823/3823 3888/3888
f 3834/3834 3838/3838 3890/3890
f 3891/3891 3873/3873 3886/3886
f 3890/3890 3892/3892 3846/3846
f 3893/3893 3891/3891 3886/3886
f 3846/3846 3834/3834 3890/3890
f 3888/3888 3819/3819 3842/3842
f 3861/3861 3888/3888 3880/3880
f 3896/3896 3839/3839 3898/3898
f 3862/3862 3904/3904 3899/3899
f 3863/3863 3861/3861 3880/3880
f 3838/3838 3897/3897 3890/3890
f 3885/3885 3862/3862 3899/3899
f 3900/3900 3896/3896 3901/3901
f 3888/3888 3842/3842 3880/3880
f 3892/3892 3890/3890 3903/3903
f 3900/3900 3889/3889 3896/3896
f 3847/3847 3904/3904 3817/3817
f 3894/3894 3873/3873 3891/3891
f 3891/3891 3905/3905 3894/3894
f 3906/3906 3892/3892 3907/3907
f 3866/3866 3892/3892 3906/3906
f 3905/3905 3891/3891 3908/3908
f 3851/3851 3880/3880 3842/3842
f 3910/3910 3906/3906 3907/3907
f 3851/3851 3881/3881 3880/3880
f 3846/3846 3866/3866 3850/3850
f 3862/3862 3817/3817 3904/3904
f 3892/3892 3866/3866 3846/3846
f 3881/3881 3851/3851 3911/3911
f 3866/3866 3906/3906 3865/3865
f 3847/3847 3844/3844 3912/3912
f 3894/3894 3884/3884 3873/3873
f 3889/3889 3900/3900 3902/3902
f 3884/3884 3894/3894 3905/3905
f 3914/3914 3912/3912 3844/3844
f 3907/3907 3892/3892 3903/3903
f 3915/3915 3902/3902 3917/3917
f 3917/3917 3902/3902 3900/3900
f 3884/3884 3905/3905 3913/3913
f 3904/3904 3847/3847 3918/3918
f 3847/3847 3912/3912 3918/3918
f 3848/3848 3851/3851 3842/3842
f 3903/3903 3916/3916 3907/3907
f 3916/3916 3910/3910 3907/3907
f 3919/3919 3780/3780 3779/3779
f 3921/3921 3922/3922 3879/3879
f 3879/3879 3922/3922 3893/3893
f 2807/2807 3122/3122 3226/3226
f 3879/3879 3886/3886 3874/3874
f 3886/3886 3879/3879 3893/3893
f 3780/3780 3919/3919 3924/3924
f 3925/3925 3899/3899 3904/3904
f 3922/3922 3926/3926 3893/3893
f 3799/3799 3780/3780 3924/3924
f 3927/3927 3928/3928 3930/3930
f 3799/3799 3924/3924 3931/3931
f 3930/3930 3933/3933 3927/3927
f 3928/3928 3936/3936 3930/3930
f 3935/3935 3938/3938 3929/3929
f 3926/3926 3891/3891 3893/3893
f 3939/3939 3918/3918 3912/3912
f 3927/3927 3891/3891 3928/3928
f 3925/3925 3918/3918 3939/3939
f 3927/3927 3908/3908 3891/3891
f 3931/3931 3924/3924 3940/3940
f 3925/3925 3904/3904 3918/3918
f 3931/3931 3940/3940 3941/3941
f 3905/3905 3943/3943 3945/3945
f 3934/3934 3226/3226 3868/3868
f 3908/3908 3943/3943 3905/3905
f 3946/3946 3942/3942 3909/3909
f 3934/3934 3868/3868 3947/3947
f 3931/3931 3949/3949 3950/3950
f 3931/3931 3941/3941 3949/3949
f 3948/3948 3913/3913 3905/3905
f 2842/2842 2817/2817 3226/3226
f 2842/2842 3226/3226 3934/3934
f 3953/3953 3951/3951 3952/3952
f 3934/3934 3954/3954 2842/2842
f 3913/3913 3955/3955 3956/3956
f 3955/3955 3913/3913 3948/3948
f 3957/3957 3951/3951 3958/3958
f 3955/3955 3948/3948 3959/3959
f 3799/3799 3963/3963 3806/3806
f 3964/3964 3962/3962 3961/3961
f 3965/3965 3952/3952 3964/3964
f 3963/3963 3829/3829 3806/3806
f 3948/3948 3905/3905 3945/3945
f 3963/3963 3799/3799 3931/3931
f 3962/3962 3964/3964 3957/3957
f 3950/3950 3963/3963 3931/3931
f 3934/3934 3966/3966 3954/3954
f 3949/3949 3941/3941 3968/3968
f 3950/3950 3949/3949 3969/3969
f 3951/3951 3964/3964 3952/3952
f 3957/3957 3964/3964 3951/3951
f 3970/3970 3950/3950 3969/3969
f 3949/3949 3968/3968 3969/3969
f 3865/3865 3906/3906 3971/3971
f 3972/3972 3865/3865 3971/3971
f 3973/3973 3956/3956 3955/3955
f 3906/3906 3910/3910 3971/3971
f 3973/3973 3955/3955 3974/3974
f 3974/3974 3955/3955 3959/3959
f 3976/3976 3977/3977 3962/3962
f 3978/3978 3971/3971 3910/3910
f 3967/3967 3962/3962 3977/3977
f 3945/3945 3959/3959 3948/3948
f 3980/3980 3960/3960 3944/3944
f 3970/3970 3829/3829 3963/3963
f 3981/3981 3978/3978 3982/3982
f 3982/3982 3978/3978 3910/3910
f 3844/3844 3967/3967 3977/3977
f 3983/3983 3980/3980 3944/3944
f 3986/3986 3960/3960 3980/3980
f 3963/3963 3950/3950 3970/3970
f 3987/3987 3985/3985 3979/3979
f 3988/3988 3971/3971 3989/3989
f 3990/3990 3987/3987 3979/3979
f 3957/3957 3976/3976 3962/3962
f 3986/3986 3975/3975 3960/3960
f 3991/3991 3989/3989 3992/3992
f 3994/3994 3975/3975 3986/3986
f 3972/3972 3868/3868 3865/3865
f 3972/3972 3947/3947 3868/3868
f 3929/3929 3938/3938 3932/3932
f 3958/3958 3996/3996 3957/3957
f 3927/3927 3933/3933 3908/3908
f 3970/3970 3969/3969 3995/3995
f 3947/3947 3972/3972 3988/3988
f 3988/3988 3972/3972 3971/3971
f 3909/3909 3932/3932 3946/3946
f 3957/3957 3997/3997 3976/3976
f 3938/3938 3946/3946 3932/3932
f 3996/3996 3997/3997 3957/3957
f 3999/3999 3997/3997 3996/3996
f 4000/4000 3946/3946 3938/3938
f 3852/3852 3848/3848 3970/3970
f 4001/4001 3937/3937 4002/4002
f 3934/3934 3947/3947 4003/4003
f 3946/3946 4005/4005 3942/3942
f 4000/4000 4005/4005 3946/3946
f 4006/4006 3953/3953 4007/4007
f 4008/4008 4006/4006 4007/4007
f 4003/4003 3947/3947 3988/3988
f 3988/3988 3991/3991 4003/4003
f 3989/3989 3991/3991 3988/3988
f 4004/4004 4001/4001 4010/4010
f 3851/3851 3852/3852 4011/4011
f 4013/4013 3938/3938 4014/4014
f 4002/4002 3937/3937 4012/4012
f 3852/3852 3970/3970 3995/3995
f 4015/4015 3954/3954 3966/3966
f 4012/4012 4016/4016 4002/4002
f 4006/4006 3951/3951 3953/3953
f 4016/4016 4017/4017 4002/4002
f 4018/4018 3852/3852 3995/3995
f 4019/4019 3951/3951 4006/4006
f 3995/3995 3969/3969 4020/4020
f 4002/4002 4017/4017 4021/4021
f 3966/3966 4023/4023 4022/4022
f 4001/4001 4002/4002 4021/4021
f 4009/4009 4024/4024 3815/3815
f 3815/3815 4024/4024 4027/4027
f 4022/4022 4015/4015 3966/3966
f 3820/3820 4008/4008 3814/3814
f 3811/3811 3815/3815 4027/4027
f 4008/4008 3820/3820 4006/4006
f 4010/4010 4001/4001 4021/4021
f 3968/3968 3941/3941 4030/4030
f 4029/4029 3772/3772 4022/4022
f 3968/3968 4030/4030 4031/4031
f 4032/4032 4010/4010 4021/4021
f 4033/4033 4031/4031 4030/4030
f 3820/3820 4019/4019 4006/4006
f 3992/3992 3989/3989 4034/4034
f 3958/3958 3951/3951 4019/4019
f 3998/3998 3969/3969 3968/3968
f 4035/4035 4028/4028 4010/4010
f 3992/3992 4036/4036 4037/4037
f 4037/4037 4036/4036 4038/4038
f 4037/4037 4038/4038 4039/4039
f 4035/4035 4010/4010 4032/4032
f 4040/4040 3969/3969 3998/3998
f 3966/3966 3934/3934 4003/4003
f 3998/3998 3968/3968 4031/4031
f 3944/3944 3942/3942 4005/4005
f 3998/3998 4031/4031 4040/4040
f 3983/3983 3944/3944 4005/4005
f 4010/4010 3984/3984 4004/4004
f 3996/3996 4019/4019 4041/4041
f 3841/3841 4041/4041 4019/4019
f 3979/3979 3984/3984 4010/4010
f 4042/4042 3991/3991 3992/3992
f 4043/4043 4031/4031 4033/4033
f 4003/4003 3991/3991 4042/4042
f 3814/3814 3812/3812 3820/3820
f 4003/4003 4042/4042 4044/4044
f 3969/3969 4040/4040 4020/4020
f 3966/3966 4003/4003 4044/4044
f 4043/4043 4040/4040 4031/4031
f 4010/4010 3990/3990 3979/3979
f 4037/4037 4045/4045 4042/4042
f 3820/3820 3821/3821 3841/3841
f 4045/4045 4044/4044 4042/4042
f 3841/3841 4019/4019 3820/3820
f 4023/4023 4044/4044 4045/4045
f 3990/3990 4010/4010 4028/4028
f 4044/4044 4023/4023 3966/3966
f 4046/4046 4021/4021 4017/4017
f 4046/4046 4017/4017 4016/4016
f 4047/4047 4043/4043 4033/4033
f 3992/3992 4037/4037 4042/4042
f 4037/4037 4039/4039 4045/4045
f 3996/3996 3958/3958 4019/4019
f 4048/4048 4021/4021 4049/4049
f 4050/4050 4047/4047 4051/4051
f 4021/4021 4046/4046 4049/4049
f 4039/4039 4038/4038 3965/3965
f 4049/4049 4046/4046 4052/4052
f 4047/4047 4053/4053 4043/4043
f 4045/4045 4039/4039 4054/4054
f 4023/4023 4029/4029 4022/4022
f 4032/4032 4021/4021 4048/4048
f 4054/4054 4029/4029 4023/4023
f 3997/3997 3977/3977 3976/3976
f 4020/4020 4040/4040 4043/4043
f 3977/3977 3997/3997 4055/4055
f 4053/4053 4020/4020 4043/4043
f 4056/4056 4029/4029 4054/4054
f 3914/3914 3977/3977 4055/4055
f 4054/4054 4023/4023 4045/4045
f 4050/4050 4053/4053 4047/4047
f 3772/3772 4029/4029 4056/4056
f 4057/4057 4032/4032 4048/4048
f 3995/3995 4020/4020 4059/4059
f 4035/4035 4032/4032 4057/4057
f 4049/4049 4061/4061 4058/4058
f 4058/4058 4048/4048 4049/4049
f 4039/4039 3965/3965 4060/4060
f 4058/4058 4061/4061 4062/4062
f 4048/4048 4058/4058 4057/4057
f 4063/4063 3883/3883 3881/3881
f 4055/4055 3997/3997 3999/3999
f 4058/4058 4062/4062 4057/4057
f 2768/2768 3887/3887 3883/3883
f 3777/3777 4057/4057 4062/4062
f 4039/4039 4060/4060 4054/4054
f 4064/4064 2768/2768 3883/3883
f 4060/4060 4056/4056 4054/4054
f 4068/4068 4066/4066 4069/4069
f 4067/4067 4066/4066 4068/4068
f 2784/2784 2764/2764 2768/2768
f 2843/2843 2842/2842 2899/2899
f 4068/4068 4069/4069 4071/4071
f 2842/2842 3954/3954 4015/4015
f 3914/3914 4055/4055 4070/4070
f 2784/2784 2768/2768 4064/4064
f 2899/2899 2842/2842 4015/4015
f 4071/4071 4072/4072 4068/4068
f 3914/3914 4070/4070 4065/4065
f 4073/4073 4065/4065 4070/4070
f 4074/4074 4072/4072 4071/4071
f 4071/4071 4075/4075 4074/4074
f 4076/4076 4070/4070 4055/4055
f 4075/4075 4077/4077 4074/4074
f 4077/4077 4075/4075 4078/4078
f 4077/4077 4078/4078 4079/4079
f 4080/4080 4077/4077 4079/4079
f 4081/4081 4078/4078 4075/4075
f 4081/4081 4082/4082 4078/4078
f 4063/4063 4064/4064 3883/3883
f 4082/4082 4079/4079 4078/4078
f 2784/2784 4064/4064 4083/4083
f 2896/2896 2899/2899 4015/4015
f 4015/4015 3765/3765 2896/2896
f 4084/4084 4082/4082 4085/4085
f 2909/2909 2896/2896 3765/3765
f 3841/3841 3831/3831 4041/4041
f 4084/4084 4085/4085 4086/4086
f 4086/4086 4085/4085 4087/4087
f 4088/4088 4086/4086 4087/4087
f 4086/4086 4088/4088 4090/4090
f 2777/2777 2784/2784 4083/4083
f 4089/4089 4041/4041 3831/3831
f 4087/4087 4092/4092 4088/4088
f 4087/4087 4093/4093 4092/4092
f 4022/4022 3765/3765 4015/4015
f 4089/4089 3831/3831 3843/3843
f 4092/4092 4093/4093 4094/4094
f 4089/4089 3843/3843 3860/3860
f 3765/3765 4022/4022 3772/3772
f 3765/3765 3772/3772 3763/3763
f 4093/4093 4095/4095 4094/4094
f 4097/4097 4098/4098 4099/4099
f 4100/4100 4083/4083 4064/4064
f 4064/4064 4063/4063 4100/4100
f 4101/4101 4102/4102 4038/4038
f 4094/4094 4095/4095 4103/4103
f 4102/4102 4104/4104 4038/4038
f 3965/3965 4038/4038 4104/4104
f 4041/4041 4089/4089 3996/3996
f 3999/3999 3996/3996 4089/4089
f 4103/4103 4095/4095 4105/4105
f 4106/4106 4104/4104 4102/4102
f 4104/4104 4106/4106 4107/4107
f 4105/4105 4095/4095 4108/4108
f 4109/4109 4108/4108 4110/4110
f 3911/3911 4063/4063 3881/3881
f 4107/4107 4106/4106 4111/4111
f 4111/4111 4112/4112 4096/4096
f 4111/4111 4096/4096 4114/4114
f 4076/4076 3999/3999 4089/4089
f 4111/4111 4116/4116 4107/4107
f 4115/4115 4063/4063 3911/3911
f 4108/4108 4109/4109 4117/4117
f 4076/4076 4055/4055 3999/3999
f 4107/4107 3952/3952 4104/4104
f 4070/4070 4076/4076 4266/4266
f 4118/4118 4119/4119 4120/4120
f 4104/4104 3952/3952 3965/3965
f 3911/3911 3851/3851 4011/4011
f 4119/4119 4117/4117 4109/4109
f 4119/4119 4109/4109 4120/4120
f 4119/4119 4118/4118 4121/4121
f 4120/4120 4123/4123 4124/4124
f 4125/4125 3911/3911 4011/4011
f 4124/4124 4118/4118 4120/4120
f 4125/4125 4011/4011 4122/4122
f 4118/4118 4124/4124 4121/4121
f 3952/3952 4107/4107 4116/4116
f 4125/4125 4115/4115 3911/3911
f 3914/3914 4065/4065 3912/3912
f 4065/4065 3939/3939 3912/3912
f 4116/4116 4007/4007 3953/3953
f 4124/4124 4126/4126 4121/4121
f 4128/4128 4127/4127 4115/4115
f 4128/4128 4115/4115 4125/4125
f 3953/3953 3952/3952 4116/4116
f 4124/4124 4129/4129 4126/4126
f 3961/3961 4060/4060 3965/3965
f 4125/4125 4122/4122 4130/4130
f 4065/4065 4073/4073 3939/3939
f 4131/4131 4126/4126 4129/4129
f 3964/3964 3961/3961 3965/3965
f 4132/4132 4133/4133 4134/4134
f 3876/3876 3023/3023 3009/3009
f 4128/4128 4125/4125 4130/4130
f 4099/4099 4135/4135 4097/4097
f 3018/3018 3009/3009 3023/3023
f 4113/4113 4097/4097 4135/4135
f 4135/4135 4099/4099 4136/4136
f 4129/4129 4132/4132 4131/4131
f 3876/3876 3885/3885 3023/3023
f 4111/4111 4114/4114 4116/4116
f 4116/4116 4114/4114 4138/4138
f 4131/4131 4132/4132 4134/4134
f 4139/4139 4135/4135 4136/4136
f 4140/4140 4128/4128 4130/4130
f 3182/3182 3024/3024 3023/3023
f 4115/4115 4127/4127 4063/4063
f 4141/4141 4139/4139 4136/4136
f 4113/4113 4135/4135 4139/4139
f 4137/4137 4113/4113 4139/4139
f 4134/4134 4143/4143 4131/4131
f 4138/4138 4007/4007 4116/4116
f 3023/3023 4144/4144 3182/3182
f 4127/4127 4100/4100 4063/4063
f 3895/3895 3885/3885 3899/3899
f 4146/4146 4145/4145 4143/4143
f 4009/4009 4137/4137 4139/4139
f 4009/4009 4139/4139 4147/4147
f 4146/4146 4149/4149 4150/4150
f 4138/4138 4008/4008 4007/4007
f 4173/4173 4151/4151 3895/3895
f 4152/4152 2888/2888 4083/4083
f 4134/4134 4153/4153 4154/4154
f 3895/3895 3023/3023 3885/3885
f 4139/4139 4141/4141 4147/4147
f 3895/3895 4151/4151 3023/3023
f 4151/4151 4144/4144 3023/3023
f 4143/4143 4134/4134 4154/4154
f 4083/4083 4100/4100 4155/4155
f 4009/4009 4147/4147 4024/4024
f 4083/4083 4155/4155 4152/4152
f 4154/4154 4146/4146 4143/4143
f 4146/4146 4154/4154 4149/4149
f 4149/4149 4154/4154 4157/4157
f 4158/4158 4159/4159 4160/4160
f 4161/4161 4158/4158 4162/4162
f 4163/4163 4149/4149 4164/4164
f 4165/4165 4066/4066 4067/4067
f 4158/4158 4160/4160 4162/4162
f 4166/4166 4067/4067 4068/4068
f 4167/4167 4067/4067 4166/4166
f 4067/4067 4167/4167 4165/4165
f 3769/3769 4152/4152 4168/4168
f 4169/4169 4162/4162 4170/4170
f 4171/4171 4170/4170 4162/4162
f 4172/4172 4144/4144 4151/4151
f 3774/3774 3769/3769 4168/4168
f 4171/4171 4162/4162 4160/4160
f 4174/4174 4167/4167 4166/4166
f 4175/4175 4127/4127 4128/4128
f 4176/4176 4177/4177 4159/4159
f 4178/4178 4159/4159 4177/4177
f 4160/4160 4159/4159 4178/4178
f 4174/4174 4166/4166 4068/4068
f 4179/4179 3925/3925 4180/4180
f 4175/4175 4128/4128 4140/4140
f 4178/4178 4177/4177 4181/4181
f 4174/4174 4068/4068 4072/4072
f 4182/4182 4160/4160 4178/4178
f 4183/4183 4180/4180 3925/3925
f 4185/4185 4160/4160 4182/4182
f 4186/4186 4174/4174 4072/4072
f 4187/4187 4100/4100 4127/4127
f 4074/4074 4186/4186 4072/4072
f 4160/4160 4185/4185 4171/4171
f 4179/4179 4180/4180 4189/4189
f 4170/4170 4171/4171 4190/4190
f 4187/4187 4155/4155 4100/4100
f 4190/4190 4171/4171 4185/4185
f 4189/4189 4180/4180 4183/4183
f 4188/4188 4184/4184 4174/4174
f 4189/4189 4183/4183 4192/4192
f 4190/4190 4185/4185 4191/4191
f 4191/4191 4185/4185 4182/4182
f 3925/3925 3895/3895 3899/3899
f 4193/4193 4182/4182 4198/4198
f 4187/4187 4127/4127 4175/4175
f 4194/4194 4155/4155 4187/4187
f 4191/4191 4182/4182 4193/4193
f 3925/3925 4179/4179 3895/3895
f 4173/4173 3895/3895 4179/4179
f 4188/4188 4174/4174 4186/4186
f 4194/4194 4196/4196 4168/4168
f 4168/4168 4196/4196 4197/4197
f 4186/4186 4074/4074 4077/4077
f 4168/4168 4152/4152 4155/4155
f 4168/4168 4155/4155 4194/4194
f 4080/4080 4186/4186 4077/4077
f 4198/4198 4199/4199 4200/4200
f 4188/4188 4186/4186 4195/4195
f 4186/4186 4080/4080 4195/4195
f 4080/4080 4201/4201 4195/4195
f 4179/4179 4189/4189 4173/4173
f 4203/4203 4080/4080 4079/4079
f 4201/4201 4080/4080 4203/4203
f 4204/4204 4202/4202 4205/4205
f 4204/4204 4206/4206 4202/4202
f 4206/4206 4204/4204 4207/4207
f 4208/4208 4173/4173 4189/4189
f 4209/4209 4184/4184 4188/4188
f 4140/4140 4187/4187 4175/4175
f 4210/4210 4187/4187 4140/4140
f 4209/4209 4188/4188 4211/4211
f 4206/4206 4200/4200 4202/4202
f 4188/4188 4195/4195 4211/4211
f 4212/4212 4200/4200 4206/4206
f 4196/4196 4194/4194 4187/4187
f 4196/4196 4187/4187 4210/4210
f 4212/4212 4206/4206 4213/4213
f 4214/4214 4212/4212 4213/4213
f 4195/4195 4215/4215 4211/4211
f 4208/4208 4189/4189 4192/4192
f 4211/4211 4215/4215 4216/4216
f 4198/4198 4178/4178 4181/4181
f 4198/4198 4181/4181 4199/4199
f 4011/4011 3852/3852 4018/4018
f 4156/4156 4144/4144 4172/4172
f 4018/4018 3995/3995 4217/4217
f 4201/4201 4203/4203 4218/4218
f 4172/4172 4151/4151 4173/4173
f 4059/4059 4219/4219 3995/3995
f 4215/4215 4195/4195 4201/4201
f 4212/4212 4198/4198 4200/4200
f 4219/4219 4217/4217 3995/3995
f 4201/4201 4218/4218 4215/4215
f 4182/4182 4178/4178 4198/4198
f 4222/4222 4217/4217 4219/4219
f 4223/4223 4208/4208 4224/4224
f 4214/4214 4198/4198 4212/4212
f 4223/4223 4173/4173 4208/4208
f 4172/4172 4173/4173 4223/4223
f 4082/4082 4203/4203 4079/4079
f 4082/4082 4084/4084 4203/4203
f 4225/4225 4198/4198 4214/4214
f 4226/4226 4225/4225 4214/4214
f 4220/4220 4172/4172 4223/4223
f 4228/4228 4220/4220 4223/4223
f 4193/4193 4198/4198 4225/4225
f 4086/4086 4090/4090 4084/4084
f 4208/4208 4192/4192 4224/4224
f 4203/4203 4084/4084 4090/4090
f 4230/4230 4227/4227 4222/4222
f 4231/4231 4227/4227 4230/4230
f 4203/4203 4090/4090 4218/4218
f 4218/4218 4090/4090 4232/4232
f 4233/4233 4224/4224 4192/4192
f 4235/4235 4020/4020 4053/4053
f 4050/4050 4236/4236 4053/4053
f 4237/4237 4090/4090 4088/4088
f 4236/4236 4235/4235 4053/4053
f 4238/4238 4193/4193 4225/4225
f 4239/4239 4235/4235 4236/4236
f 4240/4240 4216/4216 4215/4215
f 4241/4241 4240/4240 4215/4215
f 4218/4218 4241/4241 4215/4215
f 4242/4242 4243/4243 4236/4236
f 4245/4245 4246/4246 4229/4229
f 4244/4244 4223/4223 4224/4224
f 4244/4244 4228/4228 4223/4223
f 4226/4226 4238/4238 4225/4225
f 4246/4246 4247/4247 4229/4229
f 4248/4248 4249/4249 4241/4241
f 4249/4249 4248/4248 4250/4250
f 4059/4059 4020/4020 4235/4235
f 4251/4251 4246/4246 4245/4245
f 4252/4252 4211/4211 4216/4216
f 4211/4211 4252/4252 4253/4253
f 4059/4059 4235/4235 4239/4239
f 4254/4254 4255/4255 4238/4238
f 4226/4226 4254/4254 4238/4238
f 4257/4257 4224/4224 4256/4256
f 4240/4240 4252/4252 4216/4216
f 4258/4258 4059/4059 4239/4239
f 4259/4259 4253/4253 4252/4252
f 4214/4214 4234/4234 4226/4226
f 4261/4261 4244/4244 4224/4224
f 4214/4214 4262/4262 4234/4234
f 4251/4251 4245/4245 4260/4260
f 4261/4261 4224/4224 4257/4257
f 4252/4252 4240/4240 4263/4263
f 4263/4263 4240/4240 4241/4241
f 4264/4264 4258/4258 4239/4239
f 4265/4265 4258/4258 4264/4264
f 4219/4219 4059/4059 4222/4222
f 4230/4230 4222/4222 4059/4059
f 4230/4230 4059/4059 4258/4258
f 4263/4263 4259/4259 4252/4252
f 4070/4070 4266/4266 4267/4267
f 4268/4268 4254/4254 4226/4226
f 4230/4230 4258/4258 4265/4265
f 4269/4269 4270/4270 4259/4259
f 4263/4263 4269/4269 4259/4259
f 4243/4243 4239/4239 4236/4236
f 4243/4243 4264/4264 4239/4239
f 4263/4263 4241/4241 4249/4249
f 4271/4271 4234/4234 4272/4272
f 4271/4271 4226/4226 4234/4234
f 4268/4268 4226/4226 4271/4271
f 4274/4274 4264/4264 4243/4243
f 3860/3860 4076/4076 4089/4089
f 4263/4263 4249/4249 4269/4269
f 4273/4273 4076/4076 3860/3860
f 4273/4273 4266/4266 4076/4076
f 4269/4269 4249/4249 4275/4275
f 4268/4268 4271/4271 4276/4276
f 4276/4276 4271/4271 4277/4277
f 4278/4278 4231/4231 4230/4230
f 4232/4232 4090/4090 4237/4237
f 4190/4190 4279/4279 4170/4170
f 4273/4273 3860/3860 3884/3884
f 4230/4230 4265/4265 4278/4278
f 4279/4279 4190/4190 4191/4191
f 4248/4248 4241/4241 4218/4218
f 4232/4232 4248/4248 4218/4218
f 4266/4266 4273/4273 4281/4281
f 4282/4282 4265/4265 4264/4264
f 4248/4248 4232/4232 4283/4283
f 4284/4284 4279/4279 4191/4191
f 4267/4267 4266/4266 4285/4285
f 4285/4285 4266/4266 4281/4281
f 4284/4284 4280/4280 4279/4279
f 4274/4274 4282/4282 4264/4264
f 4237/4237 4088/4088 4092/4092
f 4280/4280 4284/4284 4286/4286
f 3913/3913 4273/4273 3884/3884
f 4281/4281 4273/4273 3913/3913
f 4283/4283 4232/4232 4237/4237
f 4282/4282 4288/4288 4287/4287
f 4092/4092 4094/4094 4237/4237
f 4280/4280 4290/4290 4289/4289
f 4282/4282 4287/4287 4265/4265
f 4291/4291 4283/4283 4237/4237
f 4291/4291 4237/4237 4103/4103
f 4287/4287 4278/4278 4265/4265
f 4284/4284 4191/4191 4255/4255
f 4293/4293 4278/4278 4287/4287
f 4293/4293 4287/4287 4294/4294
f 4255/4255 4191/4191 4193/4193
f 4238/4238 4255/4255 4193/4193
f 4250/4250 4248/4248 4283/4283
f 4286/4286 4290/4290 4280/4280
f 4250/4250 4283/4283 4295/4295
f 3913/3913 4296/4296 4281/4281
f 4294/4294 4287/4287 4288/4288
f 4295/4295 4283/4283 4298/4298
f 4286/4286 4299/4299 4290/4290
f 4296/4296 3913/3913 3956/3956
f 4301/4301 4297/4297 4300/4300
f 4296/4296 3956/3956 4302/4302
f 4291/4291 4103/4103 4303/4303
f 4302/4302 3956/3956 4304/4304
f 4305/4305 4299/4299 4286/4286
f 4305/4305 4286/4286 4306/4306
f 4304/4304 3956/3956 3973/3973
f 4307/4307 4284/4284 4255/4255
f 4122/4122 4011/4011 4018/4018
f 4286/4286 4284/4284 4307/4307
f 4073/4073 4309/4309 3939/3939
f 4298/4298 4283/4283 4291/4291
f 4254/4254 4307/4307 4255/4255
f 4298/4298 4291/4291 4303/4303
f 4130/4130 4122/4122 4018/4018
f 4307/4307 4306/4306 4286/4286
f 4308/4308 4298/4298 4303/4303
f 4018/4018 4217/4217 4227/4227
f 4249/4249 4250/4250 4275/4275
f 4222/4222 4227/4227 4217/4217
f 4130/4130 4018/4018 4227/4227
f 3939/3939 4183/4183 3925/3925
f 4183/4183 3939/3939 4309/4309
f 4310/4310 4130/4130 4227/4227
f 4268/4268 4307/4307 4254/4254
f 4311/4311 4312/4312 4270/4270
f 4073/4073 4070/4070 4267/4267
f 4313/4313 4073/4073 4267/4267
f 4311/4311 4270/4270 4269/4269
f 4313/4313 4309/4309 4073/4073
f 4207/4207 4204/4204 4314/4314
f 4310/4310 4227/4227 4231/4231
f 4130/4130 4310/4310 4315/4315
f 4314/4314 4204/4204 4316/4316
f 4314/4314 4316/4316 4317/4317
f 4140/4140 4130/4130 4315/4315
f 4309/4309 4318/4318 4183/4183
f 4206/4206 4207/4207 4319/4319
f 4319/4319 4207/4207 4314/4314
f 4318/4318 4192/4192 4183/4183
f 4319/4319 4314/4314 4321/4321
f 4322/4322 4140/4140 4315/4315
f 4269/4269 4275/4275 4320/4320
f 4318/4318 4233/4233 4192/4192
f 4314/4314 4323/4323 4321/4321
f 4322/4322 4315/4315 4324/4324
f 4213/4213 4206/4206 4319/4319
f 4325/4325 4213/4213 4319/4319
f 4319/4319 4321/4321 4325/4325
f 4321/4321 4323/4323 4327/4327
f 4311/4311 4328/4328 4326/4326
f 4315/4315 4310/4310 4324/4324
f 4325/4325 4214/4214 4213/4213
f 4292/4292 4324/4324 4310/4310
f 4325/4325 4321/4321 4327/4327
f 4318/4318 4309/4309 4313/4313
f 4310/4310 4231/4231 4292/4292
f 4292/4292 4231/4231 4278/4278
f 4318/4318 4313/4313 4329/4329
f 4313/4313 4267/4267 4285/4285
f 4323/4323 4314/4314 4317/4317
f 4311/4311 4269/4269 4328/4328
f 4330/4330 4323/4323 4317/4317
f 4329/4329 4313/4313 4285/4285
f 4328/4328 4269/4269 4320/4320
f 4210/4210 4140/4140 4322/4322
f 4323/4323 4330/4330 4327/4327
f 4327/4327 4330/4330 4331/4331
f 4330/4330 4332/4332 4333/4333
f 4328/4328 4320/4320 4334/4334
f 4333/4333 4331/4331 4330/4330
f 4335/4335 4210/4210 4322/4322
f 4318/4318 4336/4336 4233/4233
f 4337/4337 4292/4292 4293/4293
f 4324/4324 4292/4292 4337/4337
f 4338/4338 4233/4233 4336/4336
f 4295/4295 4298/4298 4339/4339
f 4336/4336 4329/4329 4340/4340
f 4340/4340 4329/4329 4285/4285
f 4308/4308 4339/4339 4298/4298
f 4322/4322 4324/4324 4335/4335
f 4325/4325 4327/4327 4331/4331
f 4337/4337 4335/4335 4324/4324
f 4331/4331 4342/4342 4325/4325
f 4262/4262 4325/4325 4342/4342
f 4318/4318 4329/4329 4336/4336
f 4342/4342 4272/4272 4262/4262
f 4272/4272 4342/4342 4344/4344
f 4278/4278 4293/4293 4292/4292
f 4345/4345 4343/4343 4339/4339
f 4331/4331 4344/4344 4342/4342
f 4346/4346 4345/4345 4339/4339
f 4250/4250 4295/4295 4275/4275
f 4347/4347 4272/4272 4348/4348
f 4338/4338 4336/4336 4349/4349
f 4275/4275 4343/4343 4320/4320
f 4348/4348 4272/4272 4344/4344
f 4295/4295 4343/4343 4275/4275
f 4350/4350 4338/4338 4349/4349
f 4295/4295 4339/4339 4343/4343
f 4350/4350 4349/4349 4351/4351
f 4262/4262 4214/4214 4325/4325
f 4234/4234 4262/4262 4272/4272
f 4256/4256 4224/4224 4233/4233
f 4353/4353 2888/2888 4152/4152
f 4343/4343 4354/4354 4334/4334
f 4256/4256 4233/4233 4338/4338
f 2887/2887 2888/2888 2907/2907
f 4353/4353 2907/2907 2888/2888
f 4271/4271 4272/4272 4347/4347
f 4354/4354 4343/4343 4345/4345
f 4334/4334 4320/4320 4343/4343
f 4256/4256 4355/4355 4257/4257
f 4256/4256 4338/4338 4350/4350
f 4355/4355 4256/4256 4350/4350
f 3769/3769 4353/4353 4152/4152
f 4356/4356 4271/4271 4347/4347
f 4326/4326 4312/4312 4311/4311
f 4296/4296 4285/4285 4281/4281
f 4051/4051 4357/4357 4358/4358
f 4359/4359 4326/4326 4328/4328
f 4296/4296 4340/4340 4285/4285
f 4051/4051 4358/4358 4242/4242
f 4094/4094 4103/4103 4237/4237
f 4331/4331 4333/4333 4360/4360
f 4344/4344 4331/4331 4360/4360
f 4105/4105 4303/4303 4103/4103
f 4333/4333 4361/4361 4360/4360
f 4362/4362 4242/4242 4358/4358
f 4363/4363 4360/4360 4361/4361
f 4051/4051 4236/4236 4050/4050
f 4051/4051 4242/4242 4236/4236
f 4302/4302 4340/4340 4296/4296
f 4105/4105 4308/4308 4303/4303
f 4340/4340 4302/4302 4304/4304
f 4341/4341 4308/4308 4105/4105
f 4363/4363 4364/4364 4360/4360
f 4364/4364 4344/4344 4360/4360
f 4349/4349 4340/4340 4365/4365
f 4366/4366 4358/4358 4367/4367
f 4365/4365 4340/4340 4304/4304
f 4243/4243 4242/4242 4362/4362
f 4341/4341 4105/4105 4108/4108
f 4341/4341 4108/4108 4117/4117
f 4340/4340 4349/4349 4336/4336
f 4352/4352 4347/4347 4348/4348
f 4364/4364 4368/4368 4344/4344
f 4368/4368 4348/4348 4344/4344
f 4352/4352 4348/4348 4368/4368
f 4341/4341 4117/4117 4369/4369
f 4365/4365 4351/4351 4349/4349
f 4370/4370 4243/4243 4362/4362
f 4308/4308 4341/4341 4339/4339
f 4363/4363 4372/4372 4364/4364
f 4372/4372 4368/4368 4364/4364
f 4304/4304 3973/3973 4365/4365
f 4119/4119 4373/4373 4117/4117
f 4362/4362 4358/4358 4366/4366
f 4368/4368 4372/4372 4165/4165
f 4369/4369 4117/4117 4373/4373
f 4366/4366 4367/4367 4374/4374
f 4119/4119 4121/4121 4373/4373
f 4371/4371 4366/4366 4375/4375
f 4339/4339 4341/4341 4369/4369
f 4277/4277 4379/4379 4276/4276
f 4346/4346 4339/4339 4369/4369
f 4370/4370 4362/4362 4371/4371
f 4366/4366 4371/4371 4362/4362
f 4380/4380 4346/4346 4369/4369
f 4375/4375 4381/4381 4371/4371
f 4027/4027 4376/4376 3811/3811
f 4274/4274 4243/4243 4370/4370
f 3811/3811 4376/4376 4384/4384
f 4382/4382 4379/4379 4277/4277
f 4387/4387 4382/4382 4388/4388
f 4380/4380 4369/4369 4389/4389
f 4300/4300 4390/4390 4301/4301
f 4381/4381 4375/4375 4391/4391
f 4377/4377 4378/4378 4383/4383
f 4389/4389 4369/4369 4373/4373
f 4381/4381 4370/4370 4371/4371
f 4378/4378 4386/4386 4383/4383
f 4373/4373 4121/4121 4389/4389
f 4390/4390 4300/4300 4392/4392
f 4370/4370 4381/4381 4394/4394
f 4395/4395 4370/4370 4394/4394
f 4393/4393 4299/4299 4305/4305
f 4397/4397 3811/3811 4384/4384
f 4398/4398 4380/4380 4389/4389
f 4385/4385 4380/4380 4398/4398
f 4383/4383 4386/4386 4396/4396
f 4396/4396 4386/4386 4399/4399
f 4400/4400 4402/4402 4392/4392
f 4305/4305 4401/4401 4393/4393
f 4346/4346 4380/4380 4385/4385
f 4389/4389 4121/4121 4126/4126
f 4403/4403 4306/4306 4307/4307
f 4126/4126 4398/4398 4389/4389
f 4397/4397 3825/3825 3811/3811
f 4404/4404 3825/3825 4397/4397
f 4145/4145 4398/4398 4126/4126
f 4305/4305 4306/4306 4403/4403
f 4394/4394 4176/4176 4406/4406
f 4394/4394 4177/4177 4176/4176
f 3828/3828 3825/3825 4404/4404
f 4408/4408 4328/4328 4409/4409
f 4409/4409 4328/4328 4334/4334
f 3828/3828 4404/4404 4410/4410
f 4395/4395 4282/4282 4274/4274
f 4395/4395 4274/4274 4370/4370
f 4405/4405 4396/4396 4414/4414
f 4403/4403 4415/4415 4305/4305
f 4413/4413 4410/4410 4404/4404
f 4416/4416 4401/4401 4305/4305
f 4334/4334 4412/4412 4409/4409
f 4416/4416 4305/4305 4415/4415
f 4288/4288 4282/4282 4395/4395
f 4415/4415 4403/4403 4419/4419
f 4416/4416 4415/4415 4419/4419
f 4420/4420 4422/4422 4421/4421
f 4422/4422 4420/4420 4423/4423
f 4354/4354 4412/4412 4334/4334
f 4288/4288 4395/4395 4406/4406
f 4402/4402 4390/4390 4392/4392
f 4158/4158 4288/4288 4406/4406
f 4424/4424 4390/4390 4402/4402
f 4159/4159 4158/4158 4406/4406
f 4354/4354 4418/4418 4412/4412
f 4294/4294 4288/4288 4158/4158
f 4394/4394 4406/4406 4395/4395
f 4386/4386 4421/4421 4426/4426
f 4427/4427 4402/4402 4428/4428
f 4428/4428 4402/4402 4400/4400
f 4406/4406 4176/4176 4159/4159
f 4400/4400 4417/4417 4428/4428
f 4430/4430 4425/4425 4345/4345
f 4431/4431 4391/4391 4375/4375
f 4345/4345 4425/4425 4354/4354
f 4426/4426 4399/4399 4386/4386
f 4391/4391 4431/4431 4432/4432
f 4426/4426 4421/4421 4422/4422
f 4426/4426 4422/4422 4399/4399
f 4381/4381 4391/4391 4433/4433
f 4434/4434 4432/4432 4431/4431
f 4268/4268 4276/4276 4307/4307
f 4432/4432 4433/4433 4391/4391
f 4307/4307 4276/4276 4403/4403
f 4434/4434 4433/4433 4432/4432
f 4435/4435 4433/4433 4434/4434
f 4436/4436 4433/4433 4435/4435
f 4437/4437 4433/4433 4436/4436
f 4438/4438 4436/4436 4435/4435
f 4354/4354 4439/4439 4418/4418
f 4433/4433 4394/4394 4381/4381
f 4439/4439 4354/4354 4425/4425
f 4394/4394 4433/4433 4437/4437
f 4379/4379 4403/4403 4276/4276
f 4436/4436 4438/4438 4437/4437
f 4414/4414 4396/4396 4440/4440
f 4407/4407 4394/4394 4437/4437
f 4440/4440 4396/4396 4399/4399
f 4442/4442 4437/4437 4438/4438
f 4444/4444 4403/4403 4443/4443
f 4442/4442 4445/4445 4437/4437
f 4407/4407 4437/4437 4445/4445
f 4403/4403 4379/4379 4443/4443
f 4177/4177 4394/4394 4407/4407
f 4399/4399 4422/4422 4447/4447
f 4422/4422 4448/4448 4447/4447
f 4199/4199 4407/4407 4445/4445
f 4387/4387 4444/4444 4443/4443
f 4449/4449 4439/4439 4425/4425
f 4449/4449 4450/4450 4439/4439
f 4200/4200 4199/4199 4445/4445
f 4419/4419 4403/4403 4444/4444
f 4444/4444 4451/4451 4419/4419
f 4452/4452 4453/4453 4454/4454
f 4205/4205 4452/4452 4454/4454
f 3845/3845 3827/3827 4411/4411
f 4205/4205 4454/4454 4204/4204
f 3845/3845 4411/4411 4455/4455
f 4382/4382 4443/4443 4379/4379
f 4442/4442 4438/4438 4452/4452
f 4382/4382 4387/4387 4443/4443
f 4455/4455 3869/3869 3845/3845
f 4450/4450 4449/4449 4458/4458
f 4452/4452 4202/4202 4442/4442
f 4440/4440 4399/4399 4447/4447
f 4202/4202 4445/4445 4442/4442
f 4413/4413 4441/4441 4456/4456
f 4445/4445 4202/4202 4200/4200
f 4457/4457 4439/4439 4450/4450
f 4205/4205 4202/4202 4452/4452
f 4456/4456 4410/4410 4413/4413
f 4458/4458 4457/4457 4450/4450
f 4177/4177 4407/4407 4199/4199
f 4199/4199 4181/4181 4177/4177
f 4456/4456 4441/4441 4459/4459
f 4460/4460 4419/4419 4451/4451
f 4459/4459 4461/4461 4464/4464
f 4464/4464 4456/4456 4459/4459
f 4465/4465 4457/4457 4466/4466
f 4457/4457 4458/4458 4466/4466
f 3869/3869 4455/4455 4463/4463
f 4467/4467 4427/4427 4428/4428
f 4363/4363 4066/4066 4372/4372
f 4429/4429 4416/4416 4469/4469
f 4469/4469 4468/4468 4429/4429
f 4448/4448 4471/4471 4447/4447
f 4468/4468 4469/4469 4472/4472
f 4459/4459 4441/4441 4446/4446
f 3775/3775 3774/3774 4168/4168
f 4466/4466 4470/4470 4465/4465
f 4474/4474 4447/4447 4471/4471
f 4469/4469 4460/4460 4472/4472
f 4472/4472 4460/4460 4476/4476
f 4465/4465 4470/4470 4477/4477
f 3775/3775 4168/4168 4197/4197
f 4359/4359 4408/4408 4480/4480
f 4478/4478 4474/4474 4471/4471
f 4408/4408 4359/4359 4328/4328
f 4475/4475 4459/4459 4446/4446
f 4419/4419 4469/4469 4416/4416
f 4419/4419 4460/4460 4469/4469
f 4461/4461 4481/4481 4464/4464
f 3869/3869 4463/4463 3870/3870
f 3870/3870 4463/4463 4483/4483
f 4197/4197 4196/4196 4485/4485
f 4480/4480 4408/4408 4484/4484
f 4475/4475 4479/4479 4486/4486
f 4486/4486 4479/4479 4489/4489
f 4492/4492 4490/4490 4478/4478
f 4475/4475 4486/4486 4459/4459
f 4484/4484 4408/4408 4409/4409
f 4412/4412 4484/4484 4409/4409
f 4484/4484 4412/4412 4495/4495
f 4378/4378 4476/4476 4460/4460
f 4493/4493 4494/4494 4496/4496
f 4497/4497 3775/3775 4197/4197
f 4495/4495 4480/4480 4484/4484
f 4197/4197 4485/4485 4497/4497
f 4476/4476 4378/4378 4026/4026
f 4480/4480 4495/4495 4499/4499
f 4494/4494 4500/4500 4496/4496
f 4377/4377 4026/4026 4378/4378
f 4501/4501 4499/4499 4495/4495
f 3775/3775 4497/4497 3836/3836
f 4499/4499 4491/4491 4480/4480
f 4502/4502 4503/4503 4485/4485
f 4497/4497 4485/4485 4503/4503
f 4496/4496 4500/4500 4505/4505
f 4460/4460 4451/4451 4386/4386
f 4505/4505 4500/4500 4253/4253
f 4253/4253 4500/4500 4211/4211
f 3837/3837 4498/4498 3898/3898
f 4386/4386 4378/4378 4460/4460
f 4498/4498 4504/4504 3898/3898
f 3839/3839 3837/3837 3898/3898
f 4418/4418 4495/4495 4412/4412
f 4503/4503 4502/4502 4506/4506
f 3898/3898 4504/4504 4507/4507
f 4444/4444 4387/4387 4508/4508
f 4509/4509 4501/4501 4495/4495
f 4495/4495 4418/4418 4509/4509
f 3901/3901 3896/3896 3898/3898
f 4510/4510 4505/4505 4253/4253
f 3901/3901 3898/3898 4507/4507
f 4451/4451 4444/4444 4508/4508
f 4511/4511 4496/4496 4505/4505
f 4512/4512 4499/4499 4501/4501
f 4513/4513 4496/4496 4511/4511
f 4513/4513 4511/4511 4514/4514
f 4514/4514 4511/4511 4515/4515
f 4510/4510 4511/4511 4505/4505
f 4515/4515 4511/4511 4510/4510
f 4510/4510 4253/4253 4259/4259
f 4161/4161 4294/4294 4158/4158
f 4501/4501 4516/4516 4512/4512
f 4510/4510 4259/4259 4270/4270
f 4270/4270 4515/4515 4510/4510
f 4501/4501 4517/4517 4516/4516
f 4161/4161 4162/4162 4169/4169
f 4508/4508 4387/4387 4518/4518
f 4509/4509 4517/4517 4501/4501
f 4312/4312 4515/4515 4270/4270
f 4518/4518 4387/4387 4520/4520
f 4508/4508 4386/4386 4451/4451
f 4337/4337 4524/4524 4335/4335
f 4524/4524 4337/4337 4521/4521
f 4524/4524 4519/4519 4335/4335
f 4525/4525 4516/4516 4517/4517
f 4420/4420 4522/4522 4523/4523
f 4386/4386 4508/4508 4421/4421
f 4423/4423 4420/4420 4523/4523
f 4521/4521 4519/4519 4524/4524
f 4526/4526 4516/4516 4525/4525
f 4527/4527 4519/4519 4521/4521
f 4423/4423 4523/4523 4528/4528
f 4508/4508 4518/4518 4421/4421
f 4525/4525 4517/4517 4529/4529
f 4530/4530 4527/4527 4521/4521
f 4210/4210 4335/4335 4196/4196
f 4196/4196 4335/4335 4485/4485
f 4522/4522 4528/4528 4523/4523
f 4421/4421 4518/4518 4420/4420
f 4420/4420 4518/4518 4522/4522
f 4502/4502 4485/4485 4335/4335
f 4528/4528 4522/4522 4493/4493
f 4526/4526 4525/4525 4531/4531
f 4493/4493 4532/4532 4528/4528
f 4532/4532 4493/4493 4496/4496
f 4519/4519 4502/4502 4335/4335
f 4531/4531 4525/4525 4529/4529
f 4422/4422 4423/4423 4533/4533
f 4516/4516 3794/3794 4512/4512
f 3794/3794 4516/4516 4526/4526
f 4271/4271 4356/4356 4277/4277
f 4423/4423 4534/4534 4533/4533
f 3804/3804 3794/3794 4526/4526
f 4519/4519 4535/4535 4502/4502
f 4533/4533 4448/4448 4422/4422
f 4439/4439 4509/4509 4418/4418
f 4502/4502 4535/4535 4536/4536
f 4535/4535 4540/4540 4536/4536
f 4509/4509 4439/4439 4457/4457
f 4506/4506 4502/4502 4536/4536
f 4509/4509 4457/4457 4517/4517
f 4527/4527 4535/4535 4519/4519
f 4534/4534 4528/4528 4532/4532
f 4277/4277 4356/4356 4382/4382
f 4382/4382 4356/4356 4538/4538
f 4529/4529 4517/4517 4457/4457
f 4534/4534 4532/4532 4541/4541
f 4542/4542 4534/4534 4541/4541
f 4423/4423 4528/4528 4534/4534
f 4521/4521 4337/4337 4543/4543
f 4544/4544 4533/4533 4534/4534
f 4465/4465 4529/4529 4457/4457
f 4542/4542 4544/4544 4534/4534
f 4545/4545 4529/4529 4465/4465
f 4337/4337 4293/4293 4543/4543
f 4546/4546 4356/4356 4347/4347
f 4543/4543 4293/4293 4161/4161
f 4546/4546 4347/4347 4352/4352
f 4513/4513 4532/4532 4496/4496
f 4543/4543 4161/4161 4547/4547
f 4532/4532 4513/4513 4541/4541
f 4161/4161 4293/4293 4294/4294
f 4388/4388 4382/4382 4538/4538
f 4465/4465 4477/4477 4545/4545
f 4541/4541 4513/4513 4514/4514
f 4541/4541 4514/4514 4312/4312
f 4312/4312 4514/4514 4515/4515
f 4345/4345 4346/4346 4385/4385
f 4547/4547 4161/4161 4169/4169
f 4430/4430 4345/4345 4385/4385
f 4538/4538 4548/4548 4388/4388
f 4448/4448 4533/4533 4544/4544
f 4544/4544 4549/4549 4448/4448
f 4550/4550 4521/4521 4543/4543
f 4538/4538 4356/4356 4546/4546
f 4541/4541 4551/4551 4542/4542
f 4546/4546 4548/4548 4538/4538
f 4544/4544 4542/4542 4551/4551
f 4544/4544 4551/4551 4549/4549
f 4550/4550 4530/4530 4521/4521
f 4550/4550 4543/4543 4553/4553
f 4554/4554 4549/4549 4551/4551
f 4385/4385 4398/4398 4555/4555
f 4547/4547 4169/4169 4543/4543
f 4552/4552 4555/4555 4398/4398
f 4556/4556 4557/4557 4551/4551
f 4430/4430 4385/4385 4555/4555
f 4553/4553 4543/4543 4169/4169
f 4492/4492 4558/4558 4560/4560
f 4558/4558 4561/4561 4560/4560
f 4562/4562 4560/4560 4561/4561
f 4169/4169 4170/4170 4553/4553
f 4352/4352 4368/4368 4564/4564
f 4565/4565 4430/4430 4555/4555
f 4554/4554 4551/4551 4557/4557
f 4553/4553 4170/4170 4279/4279
f 4566/4566 4527/4527 4530/4530
f 4569/4569 4558/4558 4554/4554
f 4537/4537 4539/4539 4570/4570
f 4571/4571 4569/4569 4554/4554
f 4568/4568 4555/4555 4552/4552
f 4540/4540 4535/4535 4527/4527
f 4066/4066 4165/4165 4372/4372
f 4572/4572 4570/4570 4539/4539
f 4568/4568 4565/4565 4555/4555
f 4537/4537 3901/3901 4507/4507
f 4573/4573 4448/4448 4549/4549
f 3901/3901 4537/4537 4570/4570
f 4478/4478 4471/4471 4573/4573
f 4471/4471 4448/4448 4573/4573
f 4564/4564 4165/4165 4167/4167
f 4478/4478 4573/4573 4492/4492
f 4492/4492 4573/4573 4549/4549
f 4368/4368 4165/4165 4564/4564
f 4570/4570 4572/4572 4574/4574
f 4449/4449 4430/4430 4565/4565
f 4554/4554 4492/4492 4549/4549
f 4430/4430 4449/4449 4425/4425
f 4564/4564 4546/4546 4352/4352
f 4558/4558 4492/4492 4554/4554
f 4569/4569 4561/4561 4558/4558
f 4571/4571 4575/4575 4569/4569
f 4571/4571 4554/4554 4557/4557
f 4576/4576 4571/4571 4557/4557
f 4571/4571 4576/4576 4575/4575
f 4567/4567 4572/4572 4539/4539
f 4551/4551 4541/4541 4577/4577
f 4174/4174 4564/4564 4167/4167
f 4579/4579 4572/4572 4567/4567
f 4145/4145 4552/4552 4398/4398
f 4556/4556 4577/4577 4541/4541
f 4570/4570 3900/3900 3901/3901
f 4570/4570 4581/4581 3900/3900
f 4126/4126 4131/4131 4145/4145
f 4556/4556 4541/4541 4312/4312
f 4580/4580 4174/4174 4184/4184
f 4145/4145 4131/4131 4143/4143
f 4556/4556 4312/4312 4582/4582
f 4174/4174 4580/4580 4564/4564
f 4570/4570 4574/4574 4581/4581
f 4577/4577 4556/4556 4551/4551
f 4583/4583 3900/3900 4581/4581
f 4581/4581 4584/4584 4583/4583
f 4585/4585 4572/4572 4579/4579
f 4574/4574 4572/4572 4585/4585
f 4574/4574 4585/4585 4586/4586
f 4564/4564 4580/4580 4546/4546
f 4581/4581 4586/4586 4584/4584
f 4145/4145 4568/4568 4552/4552
f 4587/4587 4586/4586 4585/4585
f 4588/4588 4586/4586 4587/4587
f 4589/4589 4568/4568 4145/4145
f 4574/4574 4586/4586 4581/4581
f 4590/4590 4388/4388 4591/4591
f 4576/4576 4557/4557 4556/4556
f 4576/4576 4556/4556 4582/4582
f 4592/4592 4568/4568 4589/4589
f 4553/4553 4563/4563 4550/4550
f 4530/4530 4550/4550 4593/4593
f 4548/4548 4591/4591 4388/4388
f 4563/4563 4593/4593 4550/4550
f 4568/4568 4592/4592 4595/4595
f 4546/4546 4591/4591 4548/4548
f 4578/4578 4566/4566 4530/4530
f 4578/4578 4530/4530 4593/4593
f 4596/4596 4578/4578 4593/4593
f 4598/4598 4576/4576 4582/4582
f 4589/4589 4145/4145 4150/4150
f 4599/4599 4597/4597 4594/4594
f 4150/4150 4145/4145 4146/4146
f 4601/4601 4591/4591 4602/4602
f 4280/4280 4553/4553 4279/4279
f 4582/4582 4312/4312 4326/4326
f 4592/4592 4589/4589 4150/4150
f 4553/4553 4603/4603 4563/4563
f 4601/4601 4590/4590 4591/4591
f 4603/4603 4553/4553 4280/4280
f 4603/4603 4604/4604 4563/4563
f 4359/4359 4582/4582 4326/4326
f 4598/4598 4582/4582 4359/4359
f 4593/4593 4604/4604 4600/4600
f 4563/4563 4604/4604 4593/4593
f 4289/4289 4604/4604 4603/4603
f 4493/4493 4590/4590 4601/4601
f 4289/4289 4603/4603 4280/4280
f 4494/4494 4493/4493 4601/4601
f 4290/4290 4607/4607 4289/4289
f 4565/4565 4458/4458 4449/4449
f 4608/4608 4599/4599 4605/4605
f 4604/4604 4289/4289 4607/4607
f 4608/4608 4605/4605 4606/4606
f 4569/4569 4575/4575 4609/4609
f 4609/4609 4575/4575 4610/4610
f 4608/4608 4606/4606 4301/4301
f 4458/4458 4611/4611 4466/4466
f 4606/4606 4297/4297 4301/4301
f 4602/4602 4591/4591 4546/4546
f 4610/4610 4612/4612 4609/4609
f 4612/4612 4613/4613 4609/4609
f 4585/4585 4579/4579 4597/4597
f 4602/4602 4546/4546 4580/4580
f 4458/4458 4565/4565 4611/4611
f 4611/4611 4565/4565 4595/4595
f 4565/4565 4568/4568 4595/4595
f 4597/4597 4614/4614 4585/4585
f 4575/4575 4615/4615 4610/4610
f 4612/4612 4616/4616 4613/4613
f 4614/4614 4597/4597 4599/4599
f 4617/4617 4616/4616 4612/4612
f 4580/4580 4618/4618 4602/4602
f 4615/4615 4612/4612 4610/4610
f 4617/4617 4612/4612 4615/4615
f 4585/4585 4619/4619 4587/4587
f 4619/4619 4585/4585 4614/4614
f 4617/4617 4615/4615 4620/4620
f 4617/4617 4621/4621 4616/4616
f 4619/4619 4614/4614 4622/4622
f 4608/4608 4622/4622 4614/4614
f 4617/4617 4620/4620 4623/4623
f 4608/4608 4614/4614 4599/4599
f 4470/4470 4466/4466 4611/4611
f 4624/4624 4575/4575 4576/4576
f 4390/4390 4622/4622 4608/4608
f 4390/4390 4608/4608 4301/4301
f 4624/4624 4576/4576 4598/4598
f 4587/4587 4625/4625 4588/4588
f 4601/4601 4602/4602 4618/4618
f 4470/4470 4611/4611 4626/4626
f 4627/4627 4628/4628 4098/4098
f 4098/4098 4628/4628 4629/4629
f 4618/4618 4494/4494 4601/4601
f 4097/4097 4627/4627 4098/4098
f 4611/4611 4595/4595 4630/4630
f 4622/4622 4629/4629 4619/4619
f 4480/4480 4598/4598 4359/4359
f 4500/4500 4494/4494 4618/4618
f 4625/4625 4587/4587 4619/4619
f 4629/4629 4628/4628 4619/4619
f 4184/4184 4618/4618 4580/4580
f 4630/4630 4631/4631 4611/4611
f 4491/4491 4624/4624 4598/4598
f 4500/4500 4618/4618 4209/4209
f 4184/4184 4209/4209 4618/4618
f 4632/4632 4624/4624 4491/4491
f 4626/4626 4611/4611 4631/4631
f 4491/4491 4598/4598 4480/4480
f 4622/4622 4424/4424 4629/4629
f 4424/4424 4633/4633 4629/4629
f 4211/4211 4500/4500 4209/4209
f 4622/4622 4390/4390 4424/4424
f 4499/4499 4632/4632 4491/4491
f 4635/4635 4592/4592 4634/4634
f 4388/4388 4590/4590 4387/4387
f 4630/4630 4595/4595 4635/4635
f 4595/4595 4592/4592 4635/4635
f 4520/4520 4387/4387 4590/4590
f 4636/4636 4635/4635 4634/4634
f 4637/4637 4630/4630 4635/4635
f 4634/4634 4592/4592 4638/4638
f 4638/4638 4592/4592 4150/4150
f 4615/4615 4575/4575 4624/4624
f 4633/4633 4098/4098 4629/4629
f 4150/4150 4149/4149 4163/4163
f 4424/4424 4639/4639 4633/4633
f 4163/4163 4638/4638 4150/4150
f 4638/4638 4164/4164 4636/4636
f 4518/4518 4520/4520 4522/4522
f 4632/4632 4615/4615 4624/4624
f 4620/4620 4615/4615 4632/4632
f 4634/4634 4638/4638 4636/4636
f 4638/4638 4163/4163 4164/4164
f 4636/4636 4164/4164 4640/4640
f 4642/4642 4633/4633 4639/4639
f 4099/4099 4098/4098 4633/4633
f 4136/4136 4099/4099 4633/4633
f 4136/4136 4633/4633 4642/4642
f 4520/4520 4590/4590 4522/4522
f 4643/4643 4630/4630 4637/4637
f 4641/4641 4623/4623 4620/4620
f 4522/4522 4590/4590 4493/4493
f 4620/4620 4632/4632 4641/4641
f 4636/4636 4637/4637 4635/4635
f 4639/4639 4424/4424 4402/4402
f 4644/4644 4641/4641 4632/4632
f 4639/4639 4402/4402 4427/4427
f 4643/4643 4645/4645 4630/4630
f 3772/3772 4056/4056 3832/3832
f 4499/4499 4644/4644 4632/4632
f 4052/4052 4647/4647 4621/4621
f 4052/4052 4621/4621 4648/4648
f 4647/4647 4052/4052 4046/4046
f 3832/3832 4056/4056 3833/3833
f 4649/4649 3833/3833 4056/4056
f 4648/4648 4621/4621 4650/4650
f 4645/4645 4631/4631 4630/4630
f 4642/4642 4639/4639 4427/4427
f 4650/4650 4623/4623 4651/4651
f 4112/4112 4652/4652 4096/4096
f 4061/4061 4648/4648 4650/4650
f 4052/4052 4648/4648 4049/4049
f 4061/4061 4049/4049 4648/4648
f 4056/4056 4060/4060 4649/4649
f 3183/3183 3182/3182 4156/4156
f 4649/4649 4060/4060 3961/3961
f 3191/3191 3183/3183 4156/4156
f 4651/4651 3762/3762 4650/4650
f 4156/4156 3182/3182 4144/4144
f 4650/4650 3762/3762 4061/4061
f 4136/4136 4642/4642 4141/4141
f 4642/4642 4427/4427 4473/4473
f 4156/4156 4654/4654 3191/3191
f 4467/4467 4473/4473 4427/4427
f 4141/4141 4642/4642 4473/4473
f 4062/4062 4061/4061 3762/3762
f 3961/3961 3967/3967 4649/4649
f 3961/3961 3962/3962 3967/3967
f 3761/3761 4062/4062 3762/3762
f 3777/3777 4062/4062 3761/3761
f 3778/3778 3777/3777 3761/3761
f 3844/3844 3833/3833 4649/4649
f 3844/3844 4649/4649 3967/3967
f 4644/4644 4499/4499 4512/4512
f 3190/3190 4653/4653 3224/3224
f 4476/4476 4142/4142 4472/4472
f 4653/4653 4655/4655 3224/3224
f 3228/3228 3224/3224 4655/4655
f 4641/4641 4651/4651 4623/4623
f 4156/4156 4656/4656 4654/4654
f 4025/4025 4148/4148 4142/4142
f 4653/4653 4657/4657 4655/4655
f 4142/4142 4476/4476 4025/4025
f 4656/4656 4156/4156 4172/4172
f 3977/3977 3914/3914 3844/3844
f 4476/4476 4026/4026 4025/4025
f 4656/4656 4172/4172 4220/4220
f 3764/3764 2909/2909 3765/3765
f 3793/3793 4651/4651 4641/4641
f 3793/3793 3766/3766 4651/4651
f 4353/4353 3769/3769 3768/3768
f 4655/4655 4657/4657 4658/4658
f 2909/2909 4091/4091 2952/2952
f 2907/2907 4353/4353 3768/3768
f 3762/3762 4651/4651 3761/3761
f 4655/4655 4658/4658 4659/4659
f 3761/3761 4651/4651 3766/3766
f 3771/3771 2907/2907 3768/3768
f 2909/2909 3764/3764 4091/4091
f 3771/3771 3058/3058 2907/2907
f 4644/4644 3793/3793 4641/4641
f 2952/2952 4091/4091 3796/3796
f 3771/3771 3054/3054 3058/3058
f 3796/3796 2955/2955 2952/2952
f 4091/4091 3764/3764 3796/3796
f 3771/3771 3065/3065 3054/3054
f 3763/3763 3796/3796 3764/3764
f 4659/4659 3228/3228 4655/4655
f 3234/3234 3228/3228 4659/4659
f 3794/3794 3793/3793 4644/4644
f 3794/3794 4644/4644 4512/4512
f 3234/3234 4659/4659 4660/4660
f 4658/4658 4657/4657 4221/4221
f 4658/4658 4221/4221 4247/4247
f 4247/4247 4221/4221 4229/4229
f 4661/4661 4659/4659 4658/4658
f 4658/4658 4247/4247 4661/4661
f 4662/4662 4663/4663 4664/4664
f 4665/4665 4664/4664 4666/4666
f 4662/4662 4664/4664 4665/4665
f 4667/4667 4736/4736 4668/4668
f 4662/4662 4670/4670 4671/4671
f 4669/4669 4668/4668 4736/4736
f 4673/4673 4665/4665 4666/4666
f 4665/4665 4675/4675 4662/4662
f 4670/4670 4662/4662 4675/4675
f 4673/4673 4666/4666 4677/4677
f 3248/3248 572/572 910/910
f 4678/4678 911/911 4679/4679
f 3248/3248 910/910 4678/4678
f 4678/4678 910/910 911/911
f 4452/4452 4438/4438 4453/4453
f 911/911 914/914 4681/4681
f 4681/4681 914/914 4682/4682
f 4679/4679 911/911 4681/4681
f 4679/4679 4681/4681 4683/4683
f 4678/4678 4679/4679 4684/4684
f 1051/1051 1047/1047 4685/4685
f 1047/1047 4687/4687 4685/4685
f 4687/4687 1047/1047 1182/1182
f 4680/4680 4689/4689 4667/4667
f 1182/1182 4690/4690 4687/4687
f 3248/3248 4678/4678 4684/4684
f 4692/4692 4690/4690 1182/1182
f 3269/3269 3248/3248 4684/4684
f 4693/4693 4690/4690 4692/4692
f 783/783 4695/4695 4696/4696
f 4697/4697 777/777 783/783
f 777/777 4697/4697 1359/1359
f 4696/4696 4698/4698 4697/4697
f 4699/4699 4684/4684 4679/4679
f 4696/4696 4697/4697 783/783
f 4691/4691 4694/4694 4696/4696
f 4683/4683 4681/4681 4682/4682
f 4699/4699 4679/4679 4683/4683
f 4696/4696 4688/4688 4691/4691
f 4695/4695 4688/4688 4696/4696
f 4698/4698 4696/4696 4694/4694
f 1051/1051 4685/4685 4700/4700
f 4686/4686 4702/4702 4701/4701
f 4683/4683 4703/4703 4699/4699
f 4680/4680 4667/4667 4668/4668
f 780/780 4686/4686 4688/4688
f 780/780 4688/4688 4695/4695
f 780/780 4702/4702 4686/4686
f 4702/4702 780/780 781/781
f 785/785 781/781 782/782
f 4682/4682 4704/4704 4683/4683
f 4682/4682 4705/4705 4704/4704
f 4706/4706 4701/4701 4702/4702
f 4703/4703 4683/4683 4704/4704
f 785/785 4702/4702 781/781
f 4706/4706 4702/4702 785/785
f 4706/4706 785/785 4707/4707
f 776/776 780/780 783/783
f 783/783 780/780 4695/4695
f 915/915 4682/4682 914/914
f 915/915 4705/4705 4682/4682
f 787/787 785/785 786/786
f 4668/4668 4708/4708 4680/4680
f 4707/4707 785/785 787/787
f 4709/4709 4701/4701 4706/4706
f 4710/4710 4669/4669 4747/4747
f 4705/4705 915/915 930/930
f 4709/4709 4706/4706 4707/4707
f 4708/4708 4668/4668 4710/4710
f 4668/4668 4669/4669 4710/4710
f 4711/4711 4704/4704 4705/4705
f 4712/4712 4689/4689 4680/4680
f 3281/3281 3269/3269 4684/4684
f 4713/4713 4680/4680 4708/4708
f 4714/4714 4680/4680 4713/4713
f 4715/4715 4689/4689 4712/4712
f 4716/4716 3281/3281 4684/4684
f 4716/4716 4684/4684 4699/4699
f 4699/4699 4717/4717 4716/4716
f 4712/4712 4680/4680 4714/4714
f 4717/4717 4718/4718 4716/4716
f 4066/4066 4715/4715 4712/4712
f 4712/4712 4069/4069 4066/4066
f 4712/4712 4714/4714 4719/4719
f 4071/4071 4712/4712 4719/4719
f 4719/4719 4714/4714 4713/4713
f 3281/3281 4716/4716 4720/4720
f 4075/4075 4719/4719 4713/4713
f 4712/4712 4071/4071 4069/4069
f 4071/4071 4719/4719 4075/4075
f 4721/4721 4703/4703 4704/4704
f 4721/4721 4704/4704 4711/4711
f 4703/4703 4722/4722 4699/4699
f 4703/4703 4721/4721 4722/4722
f 4722/4722 4721/4721 4723/4723
f 4711/4711 4723/4723 4721/4721
f 4724/4724 4709/4709 4707/4707
f 4708/4708 4710/4710 4713/4713
f 4717/4717 4699/4699 4722/4722
f 4725/4725 4717/4717 4722/4722
f 4726/4726 4717/4717 4725/4725
f 4727/4727 4710/4710 4728/4728
f 4725/4725 4722/4722 4723/4723
f 4727/4727 4728/4728 4729/4729
f 4707/4707 787/787 4731/4731
f 4075/4075 4713/4713 4081/4081
f 4713/4713 4710/4710 4732/4732
f 4710/4710 4727/4727 4732/4732
f 4732/4732 4081/4081 4713/4713
f 3269/3269 3281/3281 3270/3270
f 4082/4082 4081/4081 4732/4732
f 4082/4082 4732/4732 4085/4085
f 4733/4733 4724/4724 4707/4707
f 4085/4085 4732/4732 4727/4727
f 4727/4727 4087/4087 4085/4085
f 4087/4087 4727/4727 4729/4729
f 4731/4731 4733/4733 4707/4707
f 4734/4734 1011/1011 1144/1144
f 4735/4735 1011/1011 4734/4734
f 4736/4736 4735/4735 4734/4734
f 4705/4705 4737/4737 4711/4711
f 4734/4734 1144/1144 1150/1150
f 1150/1150 1161/1161 4669/4669
f 4669/4669 4734/4734 1150/1150
f 802/802 845/845 787/787
f 4705/4705 930/930 4737/4737
f 4739/4739 4737/4737 930/930
f 4739/4739 930/930 4740/4740
f 4731/4731 787/787 845/845
f 4747/4747 4669/4669 1161/1161
f 930/930 1038/1038 4740/4740
f 4731/4731 845/845 4742/4742
f 1038/1038 1051/1051 4700/4700
f 4743/4743 1038/1038 4700/4700
f 878/878 4742/4742 845/845
f 4745/4745 4741/4741 4744/4744
f 891/891 894/894 900/900
f 1038/1038 4743/4743 4740/4740
f 878/878 891/891 900/900
f 900/900 898/898 4735/4735
f 4746/4746 4742/4742 878/878
f 4746/4746 878/878 900/900
f 900/900 4735/4735 4746/4746
f 4736/4736 4742/4742 4746/4746
f 4747/4747 1161/1161 1183/1183
f 4747/4747 1183/1183 4748/4748
f 4731/4731 4742/4742 4667/4667
f 4750/4750 4751/4751 4752/4752
f 4750/4750 4752/4752 4753/4753
f 4754/4754 4750/4750 4753/4753
f 4755/4755 4754/4754 4753/4753
f 4754/4754 4756/4756 4750/4750
f 4756/4756 4757/4757 4750/4750
f 4758/4758 4756/4756 4754/4754
f 4758/4758 4760/4760 4756/4756
f 4720/4720 4716/4716 4718/4718
f 4762/4762 4763/4763 4764/4764
f 4763/4763 4755/4755 4753/4753
f 4762/4762 4755/4755 4763/4763
f 3878/3878 3870/3870 4483/4483
f 4459/4459 4486/4486 4461/4461
f 4462/4462 4762/4762 4482/4482
f 4762/4762 4462/4462 4755/4755
f 4755/4755 4462/4462 4487/4487
f 3877/3877 4482/4482 4762/4762
f 3920/3920 3877/3877 4762/4762
f 3879/3879 3878/3878 3921/3921
f 4488/4488 4758/4758 4755/4755
f 4761/4761 3281/3281 4720/4720
f 4755/4755 4487/4487 4488/4488
f 4488/4488 4760/4760 4758/4758
f 4492/4492 4759/4759 4490/4490
f 4758/4758 4754/4754 4755/4755
f 4765/4765 4761/4761 4720/4720
f 1183/1183 1214/1214 4766/4766
f 4718/4718 4717/4717 4726/4726
f 4766/4766 4767/4767 1183/1183
f 4726/4726 4768/4768 4718/4718
f 4730/4730 4726/4726 4725/4725
f 4730/4730 4725/4725 4723/4723
f 1214/1214 1243/1243 4766/4766
f 4766/4766 4770/4770 4767/4767
f 4720/4720 4718/4718 4663/4663
f 4663/4663 4718/4718 4768/4768
f 4768/4768 4726/4726 4730/4730
f 4664/4664 4768/4768 4730/4730
f 4765/4765 4720/4720 4663/4663
f 4768/4768 4664/4664 4663/4663
f 4772/4772 4757/4757 4756/4756
f 4766/4766 1243/1243 4773/4773
f 4559/4559 4772/4772 4756/4756
f 4664/4664 4730/4730 4666/4666
f 4560/4560 4562/4562 4771/4771
f 4773/4773 1248/1248 1251/1251
f 4756/4756 4760/4760 4559/4559
f 1243/1243 1248/1248 4773/4773
f 4492/4492 4560/4560 4759/4759
f 4761/4761 3270/3270 3281/3281
f 4769/4769 4733/4733 4774/4774
f 3366/3366 3270/3270 4761/4761
f 4775/4775 1251/1251 1249/1249
f 1252/1252 4775/4775 1249/1249
f 4775/4775 1252/1252 4776/4776
f 4773/4773 4770/4770 4766/4766
f 3364/3364 4761/4761 4765/4765
f 3364/3364 3366/3366 4761/4761
f 4773/4773 1251/1251 4777/4777
f 4764/4764 4763/4763 4778/4778
f 3920/3920 4762/4762 4764/4764
f 3920/3920 4764/4764 3923/3923
f 4779/4779 4780/4780 4764/4764
f 4780/4780 3923/3923 4764/4764
f 4775/4775 4776/4776 4781/4781
f 3923/3923 4780/4780 4782/4782
f 4784/4784 4781/4781 4776/4776
f 4779/4779 4785/4785 4780/4780
f 4777/4777 1251/1251 4775/4775
f 4780/4780 4785/4785 4782/4782
f 3421/3421 3363/3363 4787/4787
f 4781/4781 4777/4777 4775/4775
f 4788/4788 4785/4785 4789/4789
f 4790/4790 4777/4777 4781/4781
f 4791/4791 4788/4788 4789/4789
f 4785/4785 4788/4788 4782/4782
f 4774/4774 4733/4733 4689/4689
f 3935/3935 4782/4782 4788/4788
f 3935/3935 4788/4788 4791/4791
f 4791/4791 4014/4014 3935/3935
f 4014/4014 4791/4791 4792/4792
f 4792/4792 4793/4793 4794/4794
f 4796/4796 4014/4014 4792/4792
f 4796/4796 4792/4792 4794/4794
f 4765/4765 4663/4663 4662/4662
f 4798/4798 4013/4013 4014/4014
f 4689/4689 4733/4733 4731/4731
f 4767/4767 4748/4748 1183/1183
f 4796/4796 4798/4798 4014/4014
f 4772/4772 4799/4799 4757/4757
f 4801/4801 4771/4771 4803/4803
f 4803/4803 4771/4771 4562/4562
f 4770/4770 4804/4804 4767/4767
f 4786/4786 3364/3364 4765/4765
f 4671/4671 4765/4765 4662/4662
f 4805/4805 4803/4803 4562/4562
f 4805/4805 4562/4562 4561/4561
f 4805/4805 4613/4613 4803/4803
f 4667/4667 4689/4689 4731/4731
f 4786/4786 4765/4765 4671/4671
f 4803/4803 4613/4613 4806/4806
f 4804/4804 4770/4770 4807/4807
f 4808/4808 4803/4803 4806/4806
f 4806/4806 4810/4810 4808/4808
f 4812/4812 4810/4810 4806/4806
f 4814/4814 4811/4811 4813/4813
f 4609/4609 4561/4561 4569/4569
f 4561/4561 4609/4609 4805/4805
f 4609/4609 4613/4613 4805/4805
f 4806/4806 4613/4613 4616/4616
f 4769/4769 4774/4774 4815/4815
f 4796/4796 4814/4814 4813/4813
f 4816/4816 4806/4806 4616/4616
f 4816/4816 4812/4812 4806/4806
f 4748/4748 4767/4767 4804/4804
f 4816/4816 4616/4616 4621/4621
f 4723/4723 4817/4817 4730/4730
f 4818/4818 4748/4748 4804/4804
f 4804/4804 4807/4807 4819/4819
f 4804/4804 4819/4819 4820/4820
f 4617/4617 4623/4623 4621/4621
f 4818/4818 4804/4804 4820/4820
f 4822/4822 4730/4730 4817/4817
f 4777/4777 4823/4823 4773/4773
f 4807/4807 4770/4770 4773/4773
f 4819/4819 4807/4807 4823/4823
f 4807/4807 4773/4773 4823/4823
f 4824/4824 4769/4769 4815/4815
f 4823/4823 4777/4777 4790/4790
f 4825/4825 4824/4824 4454/4454
f 4826/4826 4819/4819 4823/4823
f 4454/4454 4824/4824 4316/4316
f 4204/4204 4454/4454 4316/4316
f 4317/4317 4316/4316 4824/4824
f 4826/4826 4823/4823 4790/4790
f 4790/4790 4784/4784 4826/4826
f 4815/4815 4828/4828 4824/4824
f 4317/4317 4824/4824 4828/4828
f 4796/4796 4813/4813 4646/4646
f 4647/4647 4812/4812 4816/4816
f 4795/4795 4046/4046 4797/4797
f 4046/4046 4795/4795 4647/4647
f 4829/4829 4784/4784 4776/4776
f 4647/4647 4816/4816 4621/4621
f 4711/4711 4817/4817 4723/4723
f 4774/4774 4828/4828 4815/4815
f 4774/4774 4830/4830 4828/4828
f 4784/4784 4790/4790 4781/4781
f 4621/4621 4623/4623 4650/4650
f 4332/4332 4828/4828 4830/4830
f 4317/4317 4828/4828 4330/4330
f 4828/4828 4332/4332 4330/4330
f 4831/4831 4820/4820 4819/4819
f 4819/4819 4826/4826 4831/4831
f 4832/4832 4831/4831 4826/4826
f 4826/4826 4784/4784 4832/4832
f 4689/4689 4833/4833 4774/4774
f 4737/4737 4817/4817 4711/4711
f 4830/4830 4774/4774 4833/4833
f 4830/4830 4833/4833 4834/4834
f 4332/4332 4830/4830 4834/4834
f 4728/4728 4710/4710 4747/4747
f 4361/4361 4333/4333 4332/4332
f 4361/4361 4332/4332 4834/4834
f 4363/4363 4361/4361 4834/4834
f 4689/4689 4834/4834 4833/4833
f 4689/4689 4715/4715 4834/4834
f 4087/4087 4729/4729 4093/4093
f 4677/4677 4666/4666 4730/4730
f 4677/4677 4730/4730 4822/4822
f 4066/4066 4363/4363 4834/4834
f 4066/4066 4834/4834 4715/4715
f 4676/4676 4821/4821 4835/4835
f 3926/3926 3922/3922 4783/4783
f 3926/3926 4783/4783 3928/3928
f 4827/4827 4836/4836 4821/4821
f 4783/4783 3936/3936 3928/3928
f 4747/4747 4837/4837 4728/4728
f 3891/3891 3926/3926 3928/3928
f 4821/4821 4836/4836 4835/4835
f 4838/4838 4672/4672 4676/4676
f 4676/4676 4839/4839 4838/4838
f 4839/4839 4676/4676 4835/4835
f 3938/3938 3935/3935 4014/4014
f 4012/4012 4797/4797 4016/4016
f 4839/4839 4835/4835 4840/4840
f 1007/1007 4735/4735 898/898
f 4735/4735 1007/1007 1011/1011
f 1009/1009 899/899 1001/1001
f 1010/1010 1009/1009 1002/1002
f 1002/1002 1009/1009 1001/1001
f 4840/4840 4835/4835 4836/4836
f 4836/4836 4841/4841 4840/4840
f 4046/4046 4016/4016 4797/4797
f 4842/4842 4836/4836 4827/4827
f 3917/3917 4843/4843 4846/4846
f 4746/4746 4735/4735 4736/4736
f 4842/4842 4841/4841 4836/4836
f 4837/4837 4747/4747 4748/4748
f 4030/4030 4840/4840 4841/4841
f 4848/4848 4837/4837 4748/4748
f 4849/4849 4030/4030 4841/4841
f 4748/4748 4850/4850 4848/4848
f 4848/4848 4850/4850 4851/4851
f 4849/4849 4841/4841 4842/4842
f 4734/4734 4669/4669 4736/4736
f 4729/4729 4728/4728 4852/4852
f 4852/4852 4728/4728 4837/4837
f 4738/4738 4853/4853 4749/4749
f 4667/4667 4742/4742 4736/4736
f 4110/4110 4852/4852 4837/4837
f 4837/4837 4123/4123 4110/4110
f 4854/4854 4843/4843 4583/4583
f 4853/4853 4827/4827 4749/4749
f 4583/4583 4856/4856 4854/4854
f 4856/4856 4583/4583 4584/4584
f 4858/4858 4729/4729 4852/4852
f 4583/4583 4843/4843 3917/3917
f 4093/4093 4729/4729 4858/4858
f 3900/3900 4583/4583 3917/3917
f 4858/4858 4852/4852 4110/4110
f 4827/4827 4853/4853 4859/4859
f 4586/4586 4588/4588 4584/4584
f 4095/4095 4858/4858 4110/4110
f 4093/4093 4858/4858 4095/4095
f 4744/4744 4701/4701 4709/4709
f 4110/4110 4108/4108 4095/4095
f 4109/4109 4123/4123 4120/4120
f 4109/4109 4110/4110 4123/4123
f 4860/4860 4861/4861 4862/4862
f 4844/4844 4861/4861 4860/4860
f 4738/4738 4741/4741 4745/4745
f 4847/4847 4844/4844 4860/4860
f 4845/4845 4860/4860 3982/3982
f 4862/4862 4863/4863 4860/4860
f 4863/4863 3982/3982 4860/4860
f 4864/4864 3982/3982 4863/4863
f 4865/4865 4866/4866 4863/4863
f 4866/4866 4865/4865 4867/4867
f 4709/4709 4745/4745 4744/4744
f 4724/4724 4745/4745 4709/4709
f 4866/4866 4864/4864 4863/4863
f 4123/4123 4837/4837 4868/4868
f 4868/4868 4837/4837 4848/4848
f 4866/4866 4867/4867 4869/4869
f 4868/4868 4848/4848 4851/4851
f 4870/4870 4871/4871 4872/4872
f 4873/4873 4868/4868 4851/4851
f 4745/4745 4724/4724 4853/4853
f 4870/4870 4872/4872 4874/4874
f 4875/4875 4869/4869 4871/4871
f 4875/4875 4871/4871 4870/4870
f 4876/4876 4869/4869 4875/4875
f 4870/4870 4874/4874 4101/4101
f 4853/4853 4738/4738 4745/4745
f 4881/4881 4879/4879 4877/4877
f 4881/4881 4882/4882 4879/4879
f 4882/4882 4883/4883 4879/4879
f 4884/4884 4873/4873 4851/4851
f 4885/4885 4882/4882 4886/4886
f 4124/4124 4123/4123 4868/4868
f 4844/4844 4855/4855 4861/4861
f 4857/4857 4878/4878 4855/4855
f 4124/4124 4868/4868 4873/4873
f 4878/4878 4857/4857 4887/4887
f 4889/4889 4881/4881 4877/4877
f 4856/4856 4584/4584 4588/4588
f 4588/4588 4888/4888 4856/4856
f 4888/4888 4588/4588 4625/4625
f 4129/4129 4124/4124 4873/4873
f 4888/4888 4625/4625 4880/4880
f 4628/4628 4880/4880 4625/4625
f 4891/4891 4880/4880 4628/4628
f 4619/4619 4628/4628 4625/4625
f 4129/4129 4873/4873 4132/4132
f 4132/4132 4873/4873 4133/4133
f 4133/4133 4873/4873 4884/4884
f 4133/4133 4884/4884 4153/4153
f 4890/4890 4882/4882 4881/4881
f 4886/4886 4882/4882 4890/4890
f 4891/4891 4628/4628 4627/4627
f 4886/4886 4890/4890 4652/4652
f 4849/4849 4842/4842 4859/4859
f 4097/4097 4891/4891 4627/4627
f 4096/4096 4652/4652 4890/4890
f 4818/4818 4850/4850 4748/4748
f 4051/4051 4849/4849 4357/4357
f 4885/4885 4892/4892 4893/4893
f 4894/4894 4893/4893 4892/4892
f 4895/4895 4894/4894 4896/4896
f 4897/4897 4101/4101 4874/4874
f 4101/4101 4897/4897 4895/4895
f 4886/4886 4892/4892 4885/4885
f 4892/4892 4886/4886 4652/4652
f 4896/4896 4894/4894 4892/4892
f 4896/4896 4892/4892 4652/4652
f 4898/4898 4832/4832 4784/4784
f 4112/4112 4895/4895 4896/4896
f 4112/4112 4896/4896 4652/4652
f 4784/4784 4829/4829 4899/4899
f 4898/4898 4784/4784 4899/4899
f 4900/4900 4898/4898 4899/4899
f 4902/4902 4853/4853 4724/4724
f 4153/4153 4134/4134 4133/4133
f 4904/4904 4900/4900 4899/4899
f 4905/4905 4902/4902 4724/4724
f 4905/4905 4724/4724 4733/4733
f 4846/4846 3915/3915 3917/3917
f 4901/4901 4903/4903 4906/4906
f 4640/4640 4901/4901 4907/4907
f 4906/4906 4907/4907 4901/4901
f 4859/4859 4842/4842 4827/4827
f 4831/4831 4908/4908 4820/4820
f 4818/4818 4820/4820 4909/4909
f 4818/4818 4909/4909 4850/4850
f 4909/4909 4820/4820 4908/4908
f 3916/3916 4845/4845 3982/3982
f 4851/4851 4850/4850 4910/4910
f 3916/3916 3982/3982 3910/3910
f 4911/4911 4909/4909 4832/4832
f 4832/4832 4909/4909 4908/4908
f 4876/4876 4864/4864 4866/4866
f 3982/3982 4864/4864 3981/3981
f 3981/3981 4864/4864 4876/4876
f 4912/4912 4911/4911 4832/4832
f 4876/4876 4866/4866 4869/4869
f 3981/3981 4876/4876 4034/4034
f 3989/3989 3971/3971 3978/3978
f 3981/3981 3989/3989 3978/3978
f 4849/4849 4859/4859 4357/4357
f 4909/4909 4911/4911 4913/4913
f 3989/3989 3981/3981 4034/4034
f 4831/4831 4832/4832 4908/4908
f 4357/4357 4859/4859 4914/4914
f 4914/4914 4367/4367 4357/4357
f 4358/4358 4357/4357 4367/4367
f 4912/4912 4832/4832 4898/4898
f 4884/4884 4851/4851 4910/4910
f 4367/4367 4914/4914 4374/4374
f 4909/4909 4910/4910 4850/4850
f 4034/4034 4876/4876 4875/4875
f 4036/4036 4875/4875 4870/4870
f 4374/4374 4375/4375 4366/4366
f 4915/4915 4910/4910 4913/4913
f 4034/4034 4875/4875 4036/4036
f 4036/4036 4870/4870 4101/4101
f 4914/4914 4859/4859 4374/4374
f 4884/4884 4910/4910 4915/4915
f 4153/4153 4884/4884 4915/4915
f 3992/3992 4034/4034 4036/4036
f 4374/4374 4859/4859 4916/4916
f 4915/4915 4917/4917 4153/4153
f 4101/4101 4038/4038 4036/4036
f 4910/4910 4909/4909 4913/4913
f 4431/4431 4374/4374 4916/4916
f 4431/4431 4375/4375 4374/4374
f 4918/4918 4913/4913 4911/4911
f 4913/4913 4918/4918 4915/4915
f 4853/4853 4902/4902 4859/4859
f 4918/4918 4911/4911 4912/4912
f 4912/4912 4920/4920 4918/4918
f 4917/4917 4918/4918 4920/4920
f 4905/4905 4922/4922 4902/4902
f 4153/4153 4917/4917 4154/4154
f 4859/4859 4902/4902 4922/4922
f 4918/4918 4917/4917 4915/4915
f 4922/4922 4905/4905 4923/4923
f 4154/4154 4917/4917 4921/4921
f 4923/4923 4905/4905 4733/4733
f 4921/4921 4157/4157 4154/4154
f 4919/4919 4912/4912 4898/4898
f 4898/4898 4900/4900 4919/4919
f 4912/4912 4919/4919 4925/4925
f 4920/4920 4912/4912 4925/4925
f 4733/4733 4769/4769 4923/4923
f 4900/4900 4925/4925 4919/4919
f 4916/4916 4859/4859 4922/4922
f 4640/4640 4157/4157 4924/4924
f 4157/4157 4921/4921 4924/4924
f 4916/4916 4922/4922 4926/4926
f 4640/4640 4924/4924 4901/4901
f 4106/4106 4101/4101 4112/4112
f 4149/4149 4157/4157 4164/4164
f 4431/4431 4916/4916 4434/4434
f 4157/4157 4640/4640 4164/4164
f 4101/4101 4895/4895 4112/4112
f 4434/4434 4916/4916 4926/4926
f 4106/4106 4102/4102 4101/4101
f 4435/4435 4434/4434 4926/4926
f 4926/4926 4922/4922 4923/4923
f 4926/4926 4923/4923 4453/4453
f 4112/4112 4111/4111 4106/4106
f 4453/4453 4435/4435 4926/4926
f 4438/4438 4435/4435 4453/4453
f 4453/4453 4923/4923 4825/4825
f 4453/4453 4825/4825 4454/4454
f 4825/4825 4923/4923 4769/4769
f 4824/4824 4825/4825 4769/4769
f 3785/3785 4786/4786 4671/4671
f 4928/4928 4670/4670 4675/4675
f 3785/3785 4670/4670 4928/4928
f 3785/3785 4671/4671 4670/4670
f 4672/4672 4930/4930 4674/4674
f 4930/4930 4929/4929 4674/4674
f 3781/3781 4929/4929 4930/4930
f 3781/3781 4930/4930 3779/3779
f 3784/3784 4929/4929 3781/3781
f 3784/3784 3781/3781 3782/3782
f 4930/4930 4672/4672 4838/4838
f 4930/4930 4838/4838 3919/3919
f 3919/3919 3779/3779 4930/4930
f 4787/4787 4931/4931 3421/3421
f 4787/4787 3789/3789 4931/4931
f 3789/3789 3853/3853 4931/4931
f 4931/4931 4932/4932 3421/3421
f 3853/3853 4932/4932 4931/4931
f 3786/3786 4927/4927 3784/3784
f 4927/4927 3786/3786 4787/4787
f 3789/3789 4787/4787 3786/3786
f 3789/3789 3786/3786 3788/3788
f 3853/3853 3789/3789 3791/3791
f 3810/3810 3853/3853 3791/3791
f 3363/3363 3421/3421 3365/3365
f 3421/3421 3418/3418 3365/3365
f 3421/3421 4932/4932 3420/3420
f 4932/4932 4933/4933 3420/3420
f 4933/4933 4932/4932 3853/3853
f 3425/3425 3420/3420 4933/4933
f 3425/3425 4933/4933 3859/3859
f 4933/4933 3857/3857 3859/3859
f 4933/4933 3853/3853 3857/3857
f 4838/4838 3924/3924 3919/3919
f 3924/3924 4838/4838 4839/4839
f 3924/3924 4839/4839 3940/3940
f 3940/3940 4839/4839 3941/3941
f 4840/4840 3941/3941 4839/4839
f 4030/4030 3941/3941 4840/4840
f 4033/4033 4030/4030 4849/4849
f 4849/4849 4047/4047 4033/4033
f 4643/4643 4637/4637 4934/4934
f 4935/4935 4934/4934 4907/4907
f 4645/4645 4643/4643 4935/4935
f 4643/4643 4934/4934 4935/4935
f 4640/4640 4934/4934 4636/4636
f 4907/4907 4934/4934 4640/4640
f 4637/4637 4636/4636 4934/4934
f 4047/4047 4849/4849 4051/4051
f 4665/4665 4673/4673 4675/4675
f 1339/1339 4692/4692 1335/1335
f 1340/1340 4693/4693 4692/4692
f 4692/4692 1339/1339 1340/1340
f 1182/1182 1335/1335 4692/4692
f 1346/1346 4694/4694 1341/1341
f 4698/4698 1346/1346 1347/1347
f 4694/4694 1346/1346 4698/4698
f 4698/4698 1347/1347 1359/1359
f 4697/4697 4698/4698 1359/1359
f 4750/4750 4757/4757 4751/4751
f 4936/4936 4937/4937 4938/4938
f 4936/4936 4939/4939 4937/4937
f 4938/4938 4940/4940 4936/4936
f 4941/4941 4939/4939 4936/4936
f 4937/4937 4943/4943 4945/4945
f 4945/4945 4943/4943 4948/4948
f 4950/4950 4942/4942 4937/4937
f 4937/4937 4939/4939 4950/4950
f 4952/4952 4950/4950 4939/4939
f 4953/4953 4949/4949 4951/4951
f 4954/4954 4955/4955 4956/4956
f 4940/4940 4938/4938 4955/4955
f 4956/4956 4955/4955 4938/4938
f 4752/4752 4940/4940 4957/4957
f 4752/4752 4751/4751 4940/4940
f 4958/4958 4960/4960 4961/4961
f 4962/4962 4957/4957 4955/4955
f 4962/4962 4955/4955 4954/4954
f 4964/4964 4965/4965 4958/4958
f 4958/4958 4965/4965 4960/4960
f 4963/4963 4967/4967 4966/4966
f 4954/4954 4968/4968 4962/4962
f 4955/4955 4957/4957 4940/4940
f 4940/4940 4751/4751 4936/4936
f 4969/4969 4958/4958 4961/4961
f 4941/4941 4936/4936 4751/4751
f 4970/4970 4971/4971 4941/4941
f 4972/4972 4967/4967 4963/4963
f 4964/4964 4958/4958 4974/4974
f 4974/4974 4973/4973 4964/4964
f 4971/4971 4939/4939 4941/4941
f 4939/4939 4971/4971 4952/4952
f 4971/4971 4976/4976 4952/4952
f 4961/4961 4960/4960 4978/4978
f 4978/4978 4979/4979 4961/4961
f 4979/4979 4978/4978 4980/4980
f 4961/4961 4979/4979 4969/4969
f 4757/4757 4941/4941 4751/4751
f 4969/4969 4979/4979 4981/4981
f 4981/4981 4979/4979 4980/4980
f 4978/4978 4959/4959 4982/4982
f 4982/4982 4959/4959 4966/4966
f 4980/4980 4978/4978 4982/4982
f 4982/4982 4983/4983 4980/4980
f 4757/4757 4970/4970 4941/4941
f 4966/4966 4967/4967 4982/4982
f 4984/4984 4983/4983 4982/4982
f 4970/4970 4985/4985 4971/4971
f 4985/4985 4976/4976 4971/4971
f 4981/4981 4987/4987 4969/4969
f 4988/4988 4989/4989 4990/4990
f 4991/4991 4992/4992 4981/4981
f 4987/4987 4981/4981 4992/4992
f 4993/4993 4990/4990 4994/4994
f 4994/4994 4990/4990 4989/4989
f 4993/4993 4994/4994 4995/4995
f 4996/4996 4992/4992 4991/4991
f 4996/4996 4991/4991 4997/4997
f 4998/4998 4953/4953 4999/4999
f 4999/4999 4953/4953 4951/4951
f 4975/4975 4999/4999 4951/4951
f 5000/5000 4953/4953 4998/4998
f 5001/5001 5002/5002 5000/5000
f 5003/5003 4973/4973 4974/4974
f 5004/5004 5000/5000 4998/4998
f 5005/5005 4974/4974 4958/4958
f 5004/5004 5001/5001 5000/5000
f 5005/5005 4958/4958 4969/4969
f 4794/4794 5001/5001 5004/5004
f 4993/4993 4995/4995 5006/5006
f 4861/4861 5003/5003 4974/4974
f 5006/5006 4995/4995 5001/5001
f 5007/5007 5005/5005 4969/4969
f 4861/4861 5005/5005 4862/4862
f 4862/4862 5005/5005 5007/5007
f 4861/4861 4974/4974 5005/5005
f 4992/4992 4867/4867 4987/4987
f 4865/4865 5007/5007 4987/4987
f 4865/4865 4987/4987 4867/4867
f 5007/5007 4969/4969 4987/4987
f 4867/4867 4992/4992 4996/4996
f 4996/4996 5008/5008 4867/4867
f 4778/4778 4957/4957 4764/4764
f 4778/4778 4752/4752 4957/4957
f 4778/4778 4753/4753 4752/4752
f 4764/4764 4957/4957 4962/4962
f 4764/4764 4962/4962 4968/4968
f 4862/4862 5007/5007 4863/4863
f 4763/4763 4753/4753 4778/4778
f 4779/4779 4764/4764 4968/4968
f 4863/4863 5007/5007 4865/4865
f 4799/4799 4985/4985 4970/4970
f 4799/4799 4970/4970 4757/4757
f 5008/5008 4869/4869 4867/4867
f 5009/5009 4996/4996 4997/4997
f 5008/5008 4996/4996 5009/5009
f 5008/5008 5009/5009 4872/4872
f 4871/4871 5008/5008 4872/4872
f 4872/4872 5009/5009 5010/5010
f 4874/4874 4872/4872 5010/5010
f 4779/4779 4968/4968 4988/4988
f 4874/4874 5010/5010 5011/5011
f 4785/4785 4779/4779 4988/4988
f 4785/4785 4988/4988 4990/4990
f 4785/4785 4990/4990 4789/4789
f 4789/4789 4990/4990 4993/4993
f 4869/4869 5008/5008 4871/4871
f 4811/4811 4814/4814 4794/4794
f 4811/4811 4794/4794 5004/5004
f 4967/4967 4972/4972 5012/5012
f 4879/4879 5012/5012 4972/4972
f 4967/4967 4984/4984 4982/4982
f 5013/5013 4984/4984 5012/5012
f 5012/5012 4984/4984 4967/4967
f 5014/5014 4983/4983 4984/4984
f 5013/5013 5014/5014 4984/4984
f 4983/4983 5014/5014 5015/5015
f 4789/4789 4993/4993 5006/5006
f 4793/4793 4789/4789 5006/5006
f 4794/4794 5006/5006 5001/5001
f 5016/5016 5017/5017 5014/5014
f 5014/5014 5017/5017 5015/5015
f 5018/5018 5015/5015 5017/5017
f 4793/4793 5006/5006 4794/4794
f 5003/5003 5019/5019 4973/4973
f 4879/4879 4972/4972 5020/5020
f 4794/4794 4814/4814 4796/4796
f 4791/4791 4789/4789 4793/4793
f 4792/4792 4791/4791 4793/4793
f 4855/4855 4878/4878 5019/5019
f 4855/4855 5019/5019 5003/5003
f 4861/4861 4855/4855 5003/5003
f 4879/4879 5020/5020 4877/4877
f 5012/5012 4879/4879 5013/5013
f 4879/4879 4883/4883 5013/5013
f 4801/4801 4977/4977 4986/4986
f 5014/5014 5013/5013 5021/5021
f 4802/4802 4999/4999 4975/4975
f 5013/5013 4883/4883 4885/4885
f 5013/5013 4885/4885 5021/5021
f 4999/4999 4809/4809 4998/4998
f 4882/4882 4885/4885 4883/4883
f 4801/4801 4986/4986 4800/4800
f 4771/4771 4801/4801 4800/4800
f 4809/4809 4999/4999 4802/4802
f 4803/4803 4808/4808 4801/4801
f 5022/5022 5018/5018 5017/5017
f 5022/5022 5017/5017 5016/5016
f 5018/5018 5022/5022 5010/5010
f 5016/5016 5014/5014 5021/5021
f 4811/4811 4998/4998 4809/4809
f 4998/4998 4811/4811 5004/5004
f 5016/5016 5021/5021 4893/4893
f 5021/5021 4885/4885 4893/4893
f 5022/5022 5016/5016 4893/4893
f 4894/4894 5022/5022 4893/4893
f 5022/5022 5011/5011 5010/5010
f 5011/5011 5022/5022 5023/5023
f 5023/5023 5022/5022 4894/4894
f 4895/4895 5023/5023 4894/4894
f 4897/4897 4874/4874 5011/5011
f 5011/5011 5023/5023 4897/4897
f 4897/4897 5023/5023 4895/4895
f 4948/4948 5024/5024 4945/4945
f 5024/5024 4948/4948 5026/5026
f 4945/4945 5024/5024 4938/4938
f 5024/5024 5027/5027 4938/4938
f 5027/5027 5024/5024 5028/5028
f 5028/5028 5024/5024 5026/5026
f 5025/5025 4947/4947 5029/5029
f 4946/4946 4944/4944 5030/5030
f 4944/4944 4950/4950 5030/5030
f 4949/4949 5031/5031 5029/5029
f 5031/5031 5025/5025 5029/5029
f 4937/4937 4945/4945 4938/4938
f 5028/5028 5025/5025 5002/5002
f 5002/5002 5025/5025 5031/5031
f 5002/5002 5031/5031 4953/4953
f 5031/5031 4949/4949 4953/4953
f 5000/5000 5002/5002 4953/4953
f 4954/4954 4956/4956 4989/4989
f 5027/5027 4989/4989 4956/4956
f 4938/4938 5027/5027 4956/4956
f 4989/4989 5027/5027 4994/4994
f 5027/5027 5028/5028 4994/4994
f 5028/5028 4995/4995 4994/4994
f 4989/4989 4988/4988 4954/4954
f 4988/4988 4968/4968 4954/4954
f 4995/4995 5028/5028 5001/5001
f 5028/5028 5002/5002 5001/5001
f 4991/4991 4981/4981 4980/4980
f 4991/4991 4980/4980 4983/4983
f 4983/4983 5015/5015 4991/4991
f 4997/4997 4991/4991 5015/5015
f 5018/5018 4997/4997 5015/5015
f 4997/4997 5018/5018 5009/5009
f 5018/5018 5010/5010 5009/5009
f 5032/5032 5033/5033 5034/5034
f 5035/5035 5036/5036 5037/5037
f 5042/5042 3210/3210 3212/3212
f 5036/5036 5038/5038 5037/5037
f 5042/5042 3212/3212 3204/3204
f 5040/5040 5039/5039 5043/5043
f 5038/5038 5036/5036 5044/5044
f 5042/5042 3204/3204 3218/3218
f 5046/5046 5042/5042 3218/3218
f 5048/5048 3218/3218 3056/3056
f 5047/5047 5049/5049 5039/5039
f 5050/5050 5051/5051 5052/5052
f 5043/5043 5039/5039 5049/5049
f 5042/5042 5046/5046 5054/5054
f 5043/5043 5049/5049 5055/5055
f 5056/5056 5046/5046 3218/3218
f 5056/5056 3218/3218 5048/5048
f 5032/5032 5045/5045 5033/5033
f 5057/5057 5058/5058 5059/5059
f 5054/5054 5046/5046 5056/5056
f 5055/5055 5049/5049 5047/5047
f 5055/5055 5060/5060 5043/5043
f 3056/3056 3073/3073 5048/5048
f 5061/5061 5058/5058 5057/5057
f 5051/5051 5058/5058 5061/5061
f 5062/5062 5048/5048 3073/3073
f 5056/5056 5048/5048 5064/5064
f 5065/5065 5034/5034 5033/5033
f 5066/5066 5034/5034 5065/5065
f 3213/3213 3209/3209 5063/5063
f 5064/5064 5048/5048 5062/5062
f 5067/5067 5064/5064 5062/5062
f 5068/5068 3209/3209 3216/3216
f 5063/5063 3209/3209 5068/5068
f 5061/5061 5057/5057 5069/5069
f 5070/5070 5054/5054 5056/5056
f 5070/5070 5056/5056 5071/5071
f 5072/5072 5070/5070 5071/5071
f 5033/5033 5045/5045 5073/5073
f 5071/5071 5056/5056 5074/5074
f 5075/5075 5069/5069 5076/5076
f 5056/5056 5064/5064 5074/5074
f 5072/5072 5071/5071 5074/5074
f 5035/5035 5052/5052 5051/5051
f 5065/5065 5033/5033 5073/5073
f 5078/5078 5074/5074 5079/5079
f 3233/3233 3234/3234 5080/5080
f 5061/5061 5035/5035 5051/5051
f 5074/5074 5081/5081 5072/5072
f 5074/5074 5078/5078 5081/5081
f 5077/5077 5065/5065 5073/5073
f 5035/5035 5061/5061 5036/5036
f 5081/5081 5083/5083 5072/5072
f 5072/5072 5083/5083 5084/5084
f 5083/5083 5081/5081 5078/5078
f 5078/5078 5086/5086 5083/5083
f 5087/5087 5083/5083 5086/5086
f 3233/3233 5082/5082 3216/3216
f 3075/3075 3074/3074 3124/3124
f 5077/5077 5088/5088 5065/5065
f 5068/5068 3216/3216 5082/5082
f 5088/5088 5085/5085 5065/5065
f 5090/5090 5085/5085 5088/5088
f 3073/3073 3082/3082 3097/3097
f 5062/5062 3073/3073 3097/3097
f 5091/5091 5088/5088 5077/5077
f 5092/5092 5036/5036 5061/5061
f 5093/5093 5090/5090 5094/5094
f 5061/5061 5069/5069 5092/5092
f 5095/5095 5062/5062 3097/3097
f 5090/5090 5088/5088 5094/5094
f 5088/5088 5096/5096 5094/5094
f 5062/5062 5095/5095 5067/5067
f 5095/5095 5097/5097 5067/5067
f 5088/5088 5091/5091 5096/5096
f 5098/5098 5074/5074 5064/5064
f 5074/5074 5098/5098 5079/5079
f 5096/5096 5099/5099 5094/5094
f 5100/5100 5095/5095 3097/3097
f 5079/5079 5101/5101 5102/5102
f 5103/5103 5094/5094 5099/5099
f 5102/5102 5078/5078 5079/5079
f 3097/3097 3075/3075 5100/5100
f 5086/5086 5078/5078 5102/5102
f 5086/5086 5102/5102 5104/5104
f 5104/5104 5102/5102 5101/5101
f 5106/5106 5105/5105 5060/5060
f 5107/5107 5095/5095 5100/5100
f 5087/5087 5086/5086 5104/5104
f 5100/5100 3075/3075 5108/5108
f 5109/5109 5104/5104 5101/5101
f 5098/5098 5064/5064 5067/5067
f 5041/5041 5068/5068 5111/5111
f 5098/5098 5067/5067 5097/5097
f 5107/5107 5097/5097 5095/5095
f 5112/5112 5087/5087 5104/5104
f 5082/5082 3233/3233 5080/5080
f 5097/5097 5113/5113 5098/5098
f 5113/5113 5097/5097 5107/5107
f 5082/5082 5080/5080 5111/5111
f 5110/5110 5087/5087 5112/5112
f 5079/5079 5098/5098 5113/5113
f 5073/5073 5045/5045 5105/5105
f 5113/5113 5101/5101 5079/5079
f 5113/5113 5115/5115 5101/5101
f 5116/5116 5104/5104 5109/5109
f 5117/5117 5111/5111 5080/5080
f 5073/5073 5105/5105 5106/5106
f 5118/5118 5104/5104 5116/5116
f 5118/5118 5112/5112 5104/5104
f 5108/5108 5107/5107 5100/5100
f 5111/5111 5068/5068 5082/5082
f 5073/5073 5120/5120 5077/5077
f 5119/5119 5107/5107 5108/5108
f 5107/5107 5119/5119 5115/5115
f 5120/5120 5073/5073 5106/5106
f 5121/5121 5119/5119 5108/5108
f 5122/5122 5112/5112 5118/5118
f 5123/5123 5122/5122 5118/5118
f 5124/5124 5120/5120 5106/5106
f 5122/5122 5123/5123 5125/5125
f 5039/5039 5041/5041 5111/5111
f 5118/5118 5116/5116 5034/5034
f 5115/5115 5113/5113 5107/5107
f 5034/5034 5123/5123 5118/5118
f 5077/5077 5120/5120 5124/5124
f 5125/5125 5123/5123 5066/5066
f 5126/5126 5125/5125 5066/5066
f 5127/5127 5125/5125 5126/5126
f 3075/3075 3124/3124 3128/3128
f 5066/5066 5123/5123 5034/5034
f 5129/5129 5111/5111 5117/5117
f 5091/5091 5077/5077 5124/5124
f 5065/5065 5085/5085 5066/5066
f 5126/5126 5066/5066 5085/5085
f 5111/5111 5129/5129 5039/5039
f 5128/5128 5091/5091 5124/5124
f 5090/5090 5093/5093 5085/5085
f 5114/5114 5124/5124 5106/5106
f 3130/3130 3208/3208 3132/3132
f 5130/5130 3132/3132 3208/3208
f 5129/5129 5047/5047 5039/5039
f 5131/5131 5103/5103 5132/5132
f 5133/5133 5131/5131 5132/5132
f 5124/5124 5114/5114 5134/5134
f 5133/5133 5132/5132 5038/5038
f 5133/5133 5038/5038 5044/5044
f 5124/5124 5134/5134 5128/5128
f 5133/5133 5044/5044 5136/5136
f 5044/5044 5036/5036 5137/5137
f 5050/5050 5134/5134 5114/5114
f 5135/5135 5047/5047 5129/5129
f 5134/5134 5050/5050 5052/5052
f 5138/5138 3128/3128 3132/3132
f 5044/5044 5137/5137 5136/5136
f 5139/5139 5133/5133 5136/5136
f 5140/5140 3128/3128 5138/5138
f 3208/3208 3213/3213 5130/5130
f 5141/5141 5139/5139 5136/5136
f 5142/5142 5075/5075 5143/5143
f 5106/5106 5060/5060 5055/5055
f 3132/3132 5130/5130 5144/5144
f 3132/3132 5144/5144 5138/5138
f 5145/5145 5144/5144 5130/5130
f 5145/5145 5130/5130 3213/3213
f 5055/5055 5114/5114 5106/5106
f 5145/5145 3213/3213 5063/5063
f 5055/5055 5149/5149 5146/5146
f 5149/5149 5055/5055 5047/5047
f 5137/5137 5036/5036 5089/5089
f 5047/5047 5135/5135 5149/5149
f 5108/5108 3075/3075 3128/3128
f 5144/5144 5063/5063 5150/5150
f 5144/5144 5145/5145 5063/5063
f 5141/5141 5137/5137 5148/5148
f 5148/5148 5137/5137 5089/5089
f 5150/5150 5151/5151 5144/5144
f 3128/3128 5140/5140 5108/5108
f 5142/5142 5148/5148 5089/5089
f 5152/5152 5121/5121 5140/5140
f 5089/5089 5092/5092 5142/5142
f 5089/5089 5036/5036 5092/5092
f 5140/5140 5121/5121 5108/5108
f 5092/5092 5069/5069 5075/5075
f 5138/5138 5144/5144 5151/5151
f 5142/5142 5092/5092 5075/5075
f 5152/5152 5140/5140 5138/5138
f 5146/5146 5114/5114 5055/5055
f 5114/5114 5146/5146 5050/5050
f 5068/5068 5150/5150 5063/5063
f 5147/5147 5152/5152 5138/5138
f 5041/5041 5040/5040 5150/5150
f 5041/5041 5150/5150 5068/5068
f 5141/5141 5136/5136 5137/5137
f 5101/5101 5115/5115 5109/5109
f 5115/5115 5119/5119 5121/5121
f 5153/5153 5141/5141 5148/5148
f 5153/5153 5148/5148 5154/5154
f 5142/5142 5154/5154 5148/5148
f 5053/5053 5151/5151 5156/5156
f 5157/5157 5141/5141 5153/5153
f 5151/5151 5147/5147 5138/5138
f 5059/5059 5146/5146 5149/5149
f 5053/5053 5147/5147 5151/5151
f 5151/5151 5150/5150 5156/5156
f 5153/5153 5158/5158 5157/5157
f 5146/5146 5059/5059 5058/5058
f 5158/5158 5153/5153 5154/5154
f 5121/5121 5155/5155 5115/5115
f 5109/5109 5115/5115 5155/5155
f 5116/5116 5109/5109 5155/5155
f 5159/5159 5154/5154 5142/5142
f 5142/5142 5143/5143 5159/5159
f 5050/5050 5146/5146 5058/5058
f 5116/5116 5155/5155 5034/5034
f 5159/5159 5143/5143 5160/5160
f 5058/5058 5051/5051 5050/5050
f 5128/5128 5134/5134 5161/5161
f 5154/5154 5162/5162 5158/5158
f 5154/5154 5159/5159 5162/5162
f 5161/5161 5096/5096 5091/5091
f 5156/5156 5150/5150 5040/5040
f 5091/5091 5128/5128 5161/5161
f 5162/5162 5159/5159 5160/5160
f 5163/5163 5147/5147 5053/5053
f 5039/5039 5040/5040 5041/5041
f 5163/5163 5053/5053 5045/5045
f 5099/5099 5096/5096 5161/5161
f 5099/5099 5161/5161 5164/5164
f 5162/5162 5165/5165 5158/5158
f 5166/5166 5165/5165 5162/5162
f 5162/5162 5167/5167 5166/5166
f 5121/5121 5152/5152 5155/5155
f 5032/5032 5155/5155 5152/5152
f 5032/5032 5152/5152 5045/5045
f 5168/5168 5166/5166 5167/5167
f 5161/5161 5134/5134 5052/5052
f 5034/5034 5155/5155 5032/5032
f 5161/5161 5052/5052 5035/5035
f 5169/5169 5166/5166 5168/5168
f 5163/5163 5152/5152 5147/5147
f 5043/5043 5156/5156 5040/5040
f 5167/5167 5170/5170 5168/5168
f 5169/5169 5168/5168 5170/5170
f 5171/5171 5169/5169 5172/5172
f 5037/5037 5164/5164 5161/5161
f 5172/5172 5169/5169 5170/5170
f 5035/5035 5037/5037 5161/5161
f 5045/5045 5152/5152 5163/5163
f 5103/5103 5099/5099 5173/5173
f 5164/5164 5173/5173 5099/5099
f 5043/5043 5053/5053 5156/5156
f 5043/5043 5105/5105 5053/5053
f 5173/5173 5132/5132 5103/5103
f 5173/5173 5164/5164 5038/5038
f 5037/5037 5038/5038 5164/5164
f 5132/5132 5173/5173 5038/5038
f 5060/5060 5105/5105 5043/5043
f 5045/5045 5053/5053 5105/5105
f 5174/5174 1971/1971 449/449
f 5177/5177 5178/5178 5181/5181
f 5182/5182 5183/5183 5184/5184
f 5184/5184 5185/5185 5182/5182
f 5186/5186 5180/5180 5179/5179
f 5187/5187 1973/1973 1972/1972
f 5188/5188 1972/1972 1971/1971
f 5187/5187 1972/1972 5188/5188
f 5188/5188 1971/1971 5174/5174
f 5189/5189 5187/5187 5188/5188
f 5189/5189 5188/5188 5174/5174
f 5190/5190 5191/5191 5177/5177
f 5192/5192 5187/5187 5189/5189
f 5176/5176 5193/5193 5175/5175
f 5194/5194 5184/5184 3370/3370
f 5189/5189 5174/5174 5195/5195
f 5195/5195 5174/5174 3595/3595
f 5196/5196 5191/5191 5190/5190
f 5196/5196 5197/5197 5191/5191
f 5198/5198 5192/5192 5189/5189
f 5199/5199 5189/5189 5195/5195
f 5189/5189 5199/5199 5198/5198
f 5201/5201 5196/5196 5190/5190
f 5201/5201 5202/5202 5196/5196
f 5204/5204 5202/5202 5201/5201
f 5205/5205 5192/5192 5198/5198
f 5181/5181 5190/5190 5177/5177
f 5184/5184 5206/5206 5185/5185
f 5174/5174 449/449 3595/3595
f 5207/5207 5206/5206 5184/5184
f 5181/5181 5201/5201 5190/5190
f 5192/5192 1979/1979 1973/1973
f 5187/5187 5192/5192 1973/1973
f 5197/5197 5196/5196 5208/5208
f 1980/1980 1979/1979 5192/5192
f 5194/5194 3370/3370 3448/3448
f 5202/5202 5208/5208 5196/5196
f 5202/5202 5209/5209 5208/5208
f 5210/5210 5202/5202 5204/5204
f 5209/5209 5202/5202 5210/5210
f 5209/5209 5210/5210 5211/5211
f 1980/1980 1978/1978 1976/1976
f 5212/5212 5211/5211 5210/5210
f 5211/5211 5212/5212 5213/5213
f 5213/5213 5216/5216 5211/5211
f 5217/5217 5218/5218 5175/5175
f 5186/5186 5200/5200 5180/5180
f 5205/5205 1980/1980 5192/5192
f 1978/1978 1980/1980 5205/5205
f 5220/5220 5210/5210 5204/5204
f 5221/5221 5205/5205 5198/5198
f 5220/5220 5212/5212 5210/5210
f 5222/5222 5203/5203 5200/5200
f 5222/5222 5219/5219 5203/5203
f 5223/5223 5213/5213 5212/5212
f 5226/5226 5215/5215 5224/5224
f 5220/5220 5223/5223 5212/5212
f 5228/5228 5223/5223 5220/5220
f 5231/5231 5226/5226 5224/5224
f 5216/5216 5213/5213 5234/5234
f 5193/5193 5217/5217 5175/5175
f 5235/5235 5236/5236 5233/5233
f 5235/5235 5233/5233 5214/5214
f 5235/5235 5238/5238 5236/5236
f 5235/5235 5239/5239 5238/5238
f 5214/5214 5225/5225 5235/5235
f 5235/5235 5225/5225 5239/5239
f 5239/5239 5225/5225 5232/5232
f 5194/5194 5240/5240 5227/5227
f 5241/5241 5205/5205 5221/5221
f 5242/5242 1978/1978 5205/5205
f 5241/5241 5242/5242 5205/5205
f 5243/5243 5244/5244 5245/5245
f 5191/5191 5243/5243 5245/5245
f 5246/5246 5243/5243 5191/5191
f 5246/5246 5191/5191 5197/5197
f 5247/5247 3597/3597 3606/3606
f 5248/5248 5243/5243 5246/5246
f 3597/3597 5247/5247 5195/5195
f 5249/5249 5250/5250 5248/5248
f 5251/5251 5184/5184 5194/5194
f 5247/5247 5199/5199 5195/5195
f 5250/5250 5252/5252 5248/5248
f 5249/5249 5254/5254 5250/5250
f 5255/5255 5199/5199 5247/5247
f 5194/5194 5227/5227 5251/5251
f 5254/5254 5256/5256 5250/5250
f 5252/5252 5250/5250 5256/5256
f 5251/5251 5207/5207 5184/5184
f 5258/5258 5261/5261 5243/5243
f 5259/5259 5262/5262 5260/5260
f 5263/5263 5264/5264 5199/5199
f 5264/5264 5198/5198 5199/5199
f 5264/5264 5221/5221 5198/5198
f 5255/5255 5263/5263 5199/5199
f 5263/5263 5255/5255 5265/5265
f 5266/5266 5207/5207 5267/5267
f 5195/5195 3595/3595 3597/3597
f 5248/5248 5258/5258 5243/5243
f 5248/5248 5268/5268 5258/5258
f 5247/5247 3606/3606 3609/3609
f 5268/5268 5248/5248 5252/5252
f 5269/5269 5262/5262 5259/5259
f 5267/5267 5207/5207 5251/5251
f 5264/5264 5270/5270 5221/5221
f 5271/5271 5272/5272 5262/5262
f 5257/5257 5274/5274 5253/5253
f 5253/5253 5274/5274 5269/5269
f 5257/5257 5275/5275 5274/5274
f 5263/5263 5265/5265 5277/5277
f 5271/5271 5262/5262 5269/5269
f 5264/5264 5263/5263 5270/5270
f 5270/5270 5263/5263 5277/5277
f 5278/5278 5270/5270 5277/5277
f 5269/5269 5274/5274 5271/5271
f 5278/5278 5279/5279 5270/5270
f 5280/5280 5251/5251 5227/5227
f 5255/5255 5247/5247 3609/3609
f 5281/5281 5248/5248 5246/5246
f 5281/5281 5249/5249 5248/5248
f 5282/5282 5255/5255 3609/3609
f 5283/5283 5251/5251 5280/5280
f 5197/5197 5281/5281 5246/5246
f 5284/5284 5251/5251 5283/5283
f 5265/5265 5255/5255 5282/5282
f 5285/5285 5249/5249 5281/5281
f 5286/5286 5265/5265 5282/5282
f 5208/5208 5285/5285 5281/5281
f 5284/5284 5267/5267 5251/5251
f 5271/5271 5274/5274 5287/5287
f 5287/5287 5274/5274 5288/5288
f 5289/5289 5277/5277 5265/5265
f 5290/5290 5291/5291 5284/5284
f 5262/5262 5272/5272 5260/5260
f 5284/5284 5291/5291 5267/5267
f 5289/5289 5278/5278 5277/5277
f 5271/5271 5293/5293 5272/5272
f 5221/5221 5270/5270 5279/5279
f 5182/5182 5185/5185 5294/5294
f 5241/5241 5221/5221 5279/5279
f 5271/5271 5287/5287 5293/5293
f 5206/5206 5294/5294 5185/5185
f 5295/5295 5293/5293 5287/5287
f 5296/5296 5279/5279 5278/5278
f 5231/5231 5224/5224 5229/5229
f 5297/5297 5232/5232 5230/5230
f 5296/5296 5298/5298 5279/5279
f 5288/5288 5274/5274 5299/5299
f 5300/5300 5288/5288 5299/5299
f 5279/5279 5298/5298 5241/5241
f 5302/5302 5300/5300 5301/5301
f 5266/5266 5294/5294 5206/5206
f 5295/5295 5304/5304 5293/5293
f 5305/5305 5294/5294 5266/5266
f 5306/5306 5303/5303 5295/5295
f 5295/5295 5287/5287 5307/5307
f 5307/5307 5287/5287 5288/5288
f 5288/5288 5300/5300 5307/5307
f 5306/5306 5295/5295 5307/5307
f 5302/5302 5307/5307 5300/5300
f 5305/5305 5308/5308 5294/5294
f 5193/5193 5273/5273 5309/5309
f 5302/5302 5306/5306 5307/5307
f 5193/5193 5309/5309 5217/5217
f 5303/5303 5304/5304 5295/5295
f 5206/5206 5207/5207 5266/5266
f 5310/5310 5303/5303 5306/5306
f 5266/5266 5311/5311 5305/5305
f 5309/5309 5312/5312 5217/5217
f 5313/5313 5314/5314 5315/5315
f 5316/5316 5314/5314 5313/5313
f 5291/5291 5266/5266 5267/5267
f 5311/5311 5266/5266 5291/5291
f 5317/5317 5301/5301 5314/5314
f 1978/1978 5242/5242 1977/1977
f 5317/5317 5314/5314 5318/5318
f 5318/5318 5314/5314 5316/5316
f 5319/5319 5311/5311 5291/5291
f 5317/5317 5318/5318 5320/5320
f 5242/5242 1989/1989 1977/1977
f 5321/5321 1989/1989 5242/5242
f 5306/5306 5317/5317 5320/5320
f 5290/5290 5319/5319 5291/5291
f 5232/5232 5316/5316 5239/5239
f 3211/3211 3447/3447 3205/3205
f 3448/3448 3447/3447 5322/5322
f 5297/5297 5318/5318 5232/5232
f 5323/5323 5297/5297 5324/5324
f 5242/5242 5241/5241 5321/5321
f 5316/5316 5232/5232 5318/5318
f 5323/5323 5320/5320 5318/5318
f 5321/5321 2024/2024 1989/1989
f 3211/3211 3210/3210 5042/5042
f 5194/5194 3448/3448 5322/5322
f 5320/5320 5323/5323 5325/5325
f 5326/5326 5194/5194 5322/5322
f 5322/5322 3447/3447 3211/3211
f 5318/5318 5297/5297 5323/5323
f 5326/5326 3211/3211 5042/5042
f 5322/5322 3211/3211 5326/5326
f 5054/5054 5326/5326 5042/5042
f 5240/5240 5194/5194 5326/5326
f 5317/5317 5302/5302 5301/5301
f 5302/5302 5317/5317 5306/5306
f 5306/5306 5320/5320 5325/5325
f 5306/5306 5325/5325 5329/5329
f 5054/5054 5070/5070 5326/5326
f 5326/5326 5070/5070 5240/5240
f 5084/5084 5070/5070 5072/5072
f 5329/5329 5310/5310 5306/5306
f 5330/5330 5331/5331 5332/5332
f 5332/5332 5333/5333 5330/5330
f 5310/5310 5329/5329 5334/5334
f 5335/5335 5336/5336 5337/5337
f 5227/5227 5240/5240 5280/5280
f 5298/5298 5321/5321 5241/5241
f 5336/5336 5335/5335 5338/5338
f 5280/5280 5240/5240 5084/5084
f 5240/5240 5070/5070 5084/5084
f 5336/5336 5338/5338 5339/5339
f 5283/5283 5084/5084 5083/5083
f 5280/5280 5084/5084 5283/5283
f 5340/5340 5342/5342 5343/5343
f 5284/5284 5283/5283 5344/5344
f 5342/5342 5333/5333 5345/5345
f 5083/5083 5344/5344 5283/5283
f 5083/5083 5087/5087 5344/5344
f 5344/5344 5290/5290 5284/5284
f 5346/5346 5347/5347 5348/5348
f 5348/5348 5350/5350 5346/5346
f 5338/5338 5335/5335 5347/5347
f 5110/5110 5344/5344 5087/5087
f 5346/5346 5338/5338 5347/5347
f 5290/5290 5344/5344 5110/5110
f 5349/5349 5330/5330 5333/5333
f 5347/5347 5353/5353 5330/5330
f 5330/5330 5348/5348 5347/5347
f 5352/5352 5329/5329 5325/5325
f 5346/5346 5354/5354 5338/5338
f 5355/5355 5354/5354 5346/5346
f 5356/5356 5357/5357 5321/5321
f 5354/5354 5358/5358 5338/5338
f 5359/5359 5354/5354 5355/5355
f 5360/5360 5334/5334 5329/5329
f 5351/5351 5333/5333 5342/5342
f 5349/5349 5333/5333 5351/5351
f 5351/5351 5342/5342 5361/5361
f 5361/5361 5342/5342 5340/5340
f 5362/5362 5341/5341 5364/5364
f 5355/5355 5346/5346 5350/5350
f 5321/5321 2023/2023 2024/2024
f 5363/5363 5355/5355 5350/5350
f 5357/5357 2023/2023 5321/5321
f 5364/5364 5365/5365 5328/5328
f 5360/5360 5329/5329 5352/5352
f 5366/5366 5362/5362 5364/5364
f 5355/5355 5363/5363 5367/5367
f 2025/2025 1673/1673 2023/2023
f 5367/5367 5359/5359 5355/5355
f 5368/5368 5359/5359 5367/5367
f 1688/1688 1673/1673 2025/2025
f 5357/5357 5369/5369 2025/2025
f 2025/2025 5369/5369 1688/1688
f 5327/5327 5364/5364 5328/5328
f 5370/5370 5364/5364 5327/5327
f 5372/5372 5373/5373 1688/1688
f 5374/5374 5372/5372 5375/5375
f 5375/5375 1688/1688 5369/5369
f 1688/1688 5375/5375 5372/5372
f 5364/5364 5370/5370 5366/5366
f 5357/5357 2025/2025 2023/2023
f 5376/5376 5357/5357 5356/5356
f 5377/5377 5368/5368 5371/5371
f 5371/5371 5368/5368 5367/5367
f 5375/5375 5357/5357 5378/5378
f 5376/5376 5378/5378 5357/5357
f 5379/5379 5378/5378 5376/5376
f 5368/5368 5380/5380 5381/5381
f 5382/5382 5383/5383 5378/5378
f 5378/5378 5379/5379 5382/5382
f 5375/5375 5369/5369 5357/5357
f 5380/5380 5368/5368 5377/5377
f 5378/5378 5383/5383 5375/5375
f 5383/5383 5374/5374 5375/5375
f 5385/5385 5327/5327 5217/5217
f 5298/5298 5296/5296 5386/5386
f 5387/5387 5298/5298 5386/5386
f 5387/5387 5321/5321 5298/5298
f 5356/5356 5321/5321 5387/5387
f 5222/5222 5200/5200 5186/5186
f 5356/5356 5387/5387 5386/5386
f 5388/5388 5356/5356 5386/5386
f 5389/5389 5230/5230 5219/5219
f 5389/5389 5219/5219 5222/5222
f 5390/5390 5393/5393 5385/5385
f 5393/5393 5370/5370 5327/5327
f 5393/5393 5327/5327 5385/5385
f 5394/5394 5388/5388 5395/5395
f 5384/5384 5396/5396 5186/5186
f 5392/5392 5377/5377 5371/5371
f 5395/5395 5388/5388 5386/5386
f 5186/5186 5396/5396 5222/5222
f 5397/5397 5222/5222 5396/5396
f 5222/5222 5397/5397 5389/5389
f 5395/5395 5398/5398 5394/5394
f 5388/5388 5376/5376 5356/5356
f 5399/5399 5397/5397 5400/5400
f 5401/5401 5376/5376 5388/5388
f 5401/5401 5382/5382 5379/5379
f 5401/5401 5379/5379 5376/5376
f 5382/5382 5401/5401 5402/5402
f 5394/5394 5401/5401 5388/5388
f 5403/5403 5401/5401 5394/5394
f 5377/5377 5392/5392 5391/5391
f 3624/3624 5282/5282 3609/3609
f 5404/5404 5286/5286 5282/5282
f 5286/5286 5289/5289 5265/5265
f 5405/5405 5289/5289 5286/5286
f 5278/5278 5289/5289 5405/5405
f 5385/5385 5217/5217 5312/5312
f 5305/5305 5406/5406 5308/5308
f 5312/5312 5244/5244 5385/5385
f 5407/5407 5296/5296 5278/5278
f 5385/5385 5244/5244 5390/5390
f 5404/5404 5282/5282 3624/3624
f 5405/5405 5286/5286 5404/5404
f 3625/3625 5404/5404 3624/3624
f 3634/3634 5404/5404 3625/3625
f 5404/5404 5408/5408 5405/5405
f 3634/3634 5408/5408 5404/5404
f 3636/3636 5408/5408 3634/3634
f 5245/5245 5244/5244 5312/5312
f 5408/5408 5278/5278 5405/5405
f 5407/5407 5278/5278 5408/5408
f 5305/5305 5311/5311 5409/5409
f 5390/5390 5244/5244 5261/5261
f 5400/5400 5397/5397 5396/5396
f 3636/3636 3634/3634 3633/3633
f 5243/5243 5261/5261 5244/5244
f 5122/5122 5319/5319 5290/5290
f 3636/3636 5407/5407 5408/5408
f 5319/5319 5122/5122 5127/5127
f 5391/5391 5410/5410 5377/5377
f 5319/5319 5127/5127 5311/5311
f 5126/5126 5412/5412 5127/5127
f 5413/5413 5399/5399 5400/5400
f 5127/5127 5409/5409 5311/5311
f 5127/5127 5412/5412 5409/5409
f 5410/5410 5380/5380 5377/5377
f 5557/5557 5380/5380 5410/5410
f 5272/5272 5410/5410 5260/5260
f 5260/5260 5410/5410 5391/5391
f 5414/5414 5415/5415 5413/5413
f 5411/5411 5296/5296 5407/5407
f 5230/5230 5389/5389 5416/5416
f 5416/5416 5297/5297 5230/5230
f 5410/5410 5272/5272 5304/5304
f 5389/5389 5399/5399 5416/5416
f 5417/5417 5406/5406 5305/5305
f 5305/5305 5409/5409 5417/5417
f 5297/5297 5416/5416 5324/5324
f 5304/5304 5272/5272 5293/5293
f 5399/5399 5324/5324 5416/5416
f 5409/5409 5412/5412 5418/5418
f 5324/5324 5415/5415 5323/5323
f 5325/5325 5323/5323 5415/5415
f 5397/5397 5399/5399 5389/5389
f 5415/5415 5324/5324 5399/5399
f 5418/5418 5417/5417 5409/5409
f 5412/5412 5093/5093 5418/5418
f 3636/3636 5419/5419 5407/5407
f 5419/5419 5411/5411 5407/5407
f 5418/5418 5093/5093 5094/5094
f 5325/5325 5415/5415 5352/5352
f 5417/5417 5421/5421 5406/5406
f 3636/3636 3239/3239 5419/5419
f 5422/5422 5419/5419 3239/3239
f 5418/5418 5421/5421 5417/5417
f 5420/5420 5423/5423 5424/5424
f 5418/5418 5094/5094 5425/5425
f 5425/5425 5094/5094 5103/5103
f 5425/5425 5421/5421 5418/5418
f 5421/5421 5425/5425 5426/5426
f 5424/5424 5427/5427 5420/5420
f 5428/5428 5429/5429 5427/5427
f 5430/5430 5360/5360 5352/5352
f 5419/5419 5431/5431 5411/5411
f 5430/5430 5432/5432 5360/5360
f 5420/5420 5427/5427 5429/5429
f 5434/5434 5430/5430 5352/5352
f 5429/5429 5433/5433 5420/5420
f 5429/5429 5436/5436 5433/5433
f 5415/5415 5399/5399 5413/5413
f 5437/5437 5436/5436 5429/5429
f 5438/5438 5439/5439 5436/5436
f 5435/5435 5437/5437 5429/5429
f 5438/5438 5436/5436 5437/5437
f 5440/5440 5438/5438 5437/5437
f 5439/5439 5441/5441 5436/5436
f 5439/5439 5442/5442 5441/5441
f 5442/5442 5439/5439 5443/5443
f 5442/5442 5443/5443 5444/5444
f 5411/5411 5386/5386 5296/5296
f 5112/5112 5290/5290 5110/5110
f 5411/5411 5398/5398 5386/5386
f 5414/5414 5445/5445 5415/5415
f 5112/5112 5122/5122 5290/5290
f 5398/5398 5395/5395 5386/5386
f 5127/5127 5122/5122 5125/5125
f 5126/5126 5093/5093 5412/5412
f 5126/5126 5085/5085 5093/5093
f 5446/5446 5431/5431 5420/5420
f 5434/5434 5415/5415 5445/5445
f 5447/5447 5398/5398 5411/5411
f 5446/5446 5448/5448 5431/5431
f 5449/5449 5448/5448 5446/5446
f 5450/5450 5449/5449 5446/5446
f 5352/5352 5415/5415 5434/5434
f 5446/5446 5451/5451 5450/5450
f 5452/5452 5450/5450 5451/5451
f 5452/5452 5451/5451 5453/5453
f 5454/5454 5449/5449 5450/5450
f 5452/5452 5454/5454 5450/5450
f 5455/5455 5456/5456 5452/5452
f 5457/5457 5458/5458 5459/5459
f 5457/5457 5459/5459 5456/5456
f 5456/5456 5455/5455 5457/5457
f 5373/5373 1683/1683 1688/1688
f 5373/5373 1965/1965 1683/1683
f 5454/5454 5452/5452 5456/5456
f 5460/5460 5454/5454 5456/5456
f 5456/5456 5459/5459 5460/5460
f 5460/5460 5459/5459 5461/5461
f 5449/5449 5462/5462 5448/5448
f 5449/5449 5292/5292 5462/5462
f 5463/5463 2036/2036 2040/2040
f 5464/5464 2036/2036 5463/5463
f 5339/5339 5464/5464 5463/5463
f 2041/2041 2038/2038 2036/2036
f 5464/5464 2041/2041 2036/2036
f 5358/5358 5465/5465 5339/5339
f 5339/5339 5338/5338 5358/5358
f 5464/5464 5339/5339 5465/5465
f 5465/5465 2041/2041 5464/5464
f 5466/5466 5396/5396 5406/5406
f 5406/5406 5396/5396 5384/5384
f 5465/5465 5358/5358 5467/5467
f 5292/5292 5449/5449 5454/5454
f 5358/5358 5354/5354 5467/5467
f 5460/5460 5292/5292 5454/5454
f 3255/3255 5422/5422 3239/3239
f 5359/5359 5467/5467 5354/5354
f 5368/5368 5467/5467 5359/5359
f 5460/5460 5461/5461 5468/5468
f 5468/5468 5292/5292 5460/5460
f 5420/5420 5451/5451 5446/5446
f 5368/5368 5381/5381 5467/5467
f 5420/5420 5433/5433 5451/5451
f 3255/3255 3284/3284 5422/5422
f 5453/5453 5451/5451 5433/5433
f 5421/5421 5466/5466 5406/5406
f 2041/2041 5465/5465 5469/5469
f 5469/5469 2046/2046 2041/2041
f 5467/5467 5469/5469 5465/5465
f 5441/5441 5470/5470 5453/5453
f 5419/5419 5422/5422 5431/5431
f 5426/5426 5466/5466 5421/5421
f 5381/5381 5469/5469 5467/5467
f 5457/5457 5471/5471 5472/5472
f 5457/5457 5455/5455 5470/5470
f 5471/5471 5457/5457 5470/5470
f 5473/5473 5471/5471 5470/5470
f 5470/5470 5441/5441 5473/5473
f 5474/5474 5471/5471 5473/5473
f 5475/5475 5396/5396 5466/5466
f 5453/5453 5455/5455 5452/5452
f 5455/5455 5453/5453 5470/5470
f 5436/5436 5453/5453 5433/5433
f 5453/5453 5436/5436 5441/5441
f 5443/5443 5439/5439 5438/5438
f 5440/5440 5443/5443 5438/5438
f 5444/5444 5443/5443 5476/5476
f 5458/5458 5477/5477 5459/5459
f 5461/5461 5459/5459 5477/5477
f 5477/5477 5478/5478 5461/5461
f 5478/5478 5477/5477 5479/5479
f 5469/5469 2050/2050 2046/2046
f 5480/5480 2050/2050 5469/5469
f 5469/5469 5481/5481 5480/5480
f 5481/5481 5469/5469 5381/5381
f 5482/5482 5414/5414 5413/5413
f 5461/5461 5478/5478 5483/5483
f 5483/5483 5468/5468 5461/5461
f 5481/5481 5381/5381 5380/5380
f 5484/5484 5292/5292 5468/5468
f 5396/5396 5485/5485 5400/5400
f 5422/5422 5420/5420 5431/5431
f 5485/5485 5396/5396 5475/5475
f 5485/5485 5413/5413 5400/5400
f 5273/5273 5292/5292 5484/5484
f 5486/5486 5422/5422 3284/3284
f 3287/3287 5486/5486 3284/3284
f 5487/5487 5444/5444 5476/5476
f 5488/5488 5487/5487 5476/5476
f 5489/5489 5490/5490 5491/5491
f 5482/5482 5413/5413 5492/5492
f 5485/5485 5492/5492 5413/5413
f 5489/5489 5493/5493 5490/5490
f 5423/5423 5422/5422 5486/5486
f 5489/5489 5494/5494 5493/5493
f 5495/5495 5494/5494 5489/5489
f 5495/5495 5496/5496 5497/5497
f 5496/5496 5495/5495 5498/5498
f 5498/5498 5499/5499 5496/5496
f 5495/5495 5500/5500 5498/5498
f 5501/5501 5478/5478 5502/5502
f 5478/5478 5501/5501 5483/5483
f 5503/5503 5468/5468 5483/5483
f 5468/5468 5503/5503 5484/5484
f 5483/5483 5501/5501 5503/5503
f 5504/5504 5503/5503 5501/5501
f 5505/5505 5485/5485 5475/5475
f 5502/5502 5506/5506 5507/5507
f 5507/5507 5501/5501 5502/5502
f 5501/5501 5507/5507 5504/5504
f 5508/5508 5507/5507 5496/5496
f 5509/5509 5503/5503 5504/5504
f 5508/5508 5504/5504 5507/5507
f 5510/5510 5509/5509 5504/5504
f 5510/5510 5504/5504 5508/5508
f 5466/5466 5511/5511 5475/5475
f 5503/5503 5509/5509 5484/5484
f 5484/5484 5509/5509 5512/5512
f 3287/3287 3294/3294 5486/5486
f 5131/5131 5426/5426 5425/5425
f 3294/3294 5427/5427 5486/5486
f 5425/5425 5103/5103 5131/5131
f 5427/5427 5424/5424 5486/5486
f 5513/5513 5484/5484 5512/5512
f 5466/5466 5426/5426 5511/5511
f 5426/5426 5131/5131 5514/5514
f 5509/5509 5510/5510 5512/5512
f 5133/5133 5514/5514 5131/5131
f 5514/5514 5511/5511 5426/5426
f 5514/5514 5133/5133 5139/5139
f 5515/5515 5512/5512 5510/5510
f 5424/5424 5423/5423 5486/5486
f 5499/5499 5508/5508 5496/5496
f 5516/5516 5510/5510 5508/5508
f 5518/5518 5508/5508 5499/5499
f 5508/5508 5518/5518 5516/5516
f 5475/5475 5511/5511 5520/5520
f 5423/5423 5420/5420 5422/5422
f 5514/5514 5139/5139 5520/5520
f 5511/5511 5514/5514 5520/5520
f 5516/5516 5515/5515 5510/5510
f 5520/5520 5139/5139 5141/5141
f 3341/3341 5427/5427 3294/3294
f 5515/5515 5513/5513 5512/5512
f 5521/5521 5427/5427 3341/3341
f 5523/5523 5515/5515 5516/5516
f 5481/5481 5524/5524 5480/5480
f 3345/3345 5521/5521 3341/3341
f 5141/5141 5157/5157 5520/5520
f 5374/5374 5525/5525 5372/5372
f 5526/5526 5527/5527 5382/5382
f 5521/5521 5428/5428 5427/5427
f 5374/5374 5383/5383 5528/5528
f 5557/5557 5481/5481 5380/5380
f 5402/5402 5526/5526 5382/5382
f 5529/5529 5526/5526 5530/5530
f 5531/5531 5530/5530 5526/5526
f 5531/5531 5526/5526 5402/5402
f 5485/5485 5505/5505 5492/5492
f 5532/5532 5505/5505 5475/5475
f 5505/5505 5532/5532 5492/5492
f 5533/5533 5402/5402 5401/5401
f 5531/5531 5402/5402 5533/5533
f 5534/5534 5536/5536 5538/5538
f 5539/5539 5540/5540 5541/5541
f 5520/5520 5532/5532 5475/5475
f 5542/5542 5543/5543 5531/5531
f 5544/5544 5542/5542 5531/5531
f 5545/5545 5538/5538 5536/5536
f 5542/5542 5537/5537 5543/5543
f 5537/5537 5542/5542 5544/5544
f 5492/5492 5532/5532 5546/5546
f 3345/3345 5428/5428 5521/5521
f 5545/5545 5539/5539 5541/5541
f 5538/5538 5545/5545 5541/5541
f 5546/5546 5482/5482 5492/5492
f 5482/5482 5546/5546 5547/5547
f 5398/5398 5403/5403 5394/5394
f 5403/5403 5398/5398 5548/5548
f 5533/5533 5401/5401 5403/5403
f 5550/5550 5547/5547 5546/5546
f 5551/5551 5552/5552 5533/5533
f 5551/5551 5533/5533 5403/5403
f 5548/5548 5551/5551 5403/5403
f 5532/5532 5520/5520 5157/5157
f 5158/5158 5165/5165 5157/5157
f 5552/5552 5531/5531 5533/5533
f 5552/5552 5544/5544 5531/5531
f 5166/5166 5157/5157 5165/5165
f 5553/5553 5555/5555 5544/5544
f 5556/5556 5532/5532 5157/5157
f 5553/5553 5544/5544 5552/5552
f 5157/5157 5166/5166 5556/5556
f 5552/5552 5551/5551 5553/5553
f 5558/5558 5551/5551 5548/5548
f 5556/5556 5546/5546 5532/5532
f 5429/5429 5428/5428 5435/5435
f 5546/5546 5556/5556 5550/5550
f 5524/5524 5481/5481 5549/5549
f 5549/5549 5481/5481 5557/5557
f 5166/5166 5169/5169 5556/5556
f 5550/5550 5556/5556 5169/5169
f 5171/5171 5547/5547 5550/5550
f 5550/5550 5169/5169 5171/5171
f 5435/5435 5440/5440 5437/5437
f 5482/5482 5445/5445 5414/5414
f 5435/5435 5560/5560 5440/5440
f 5428/5428 5560/5560 5435/5435
f 5561/5561 2050/2050 5480/5480
f 5561/5561 2057/2057 2050/2050
f 5561/5561 5480/5480 5524/5524
f 5447/5447 5548/5548 5398/5398
f 5560/5560 5563/5563 5440/5440
f 2057/2057 5561/5561 5564/5564
f 5558/5558 5553/5553 5551/5551
f 5561/5561 5524/5524 5564/5564
f 5553/5553 5558/5558 5565/5565
f 5566/5566 5560/5560 5428/5428
f 5562/5562 5559/5559 5183/5183
f 5548/5548 5570/5570 5558/5558
f 5482/5482 5434/5434 5445/5445
f 5447/5447 5570/5570 5548/5548
f 5564/5564 5524/5524 5568/5568
f 5571/5571 5572/5572 5564/5564
f 5547/5547 5434/5434 5482/5482
f 5571/5571 5564/5564 5568/5568
f 5176/5176 5565/5565 5558/5558
f 5573/5573 5428/5428 3345/3345
f 5570/5570 5575/5575 5558/5558
f 5575/5575 5176/5176 5558/5558
f 5571/5571 5568/5568 5576/5576
f 5576/5576 5577/5577 5571/5571
f 5576/5576 5578/5578 5577/5577
f 5547/5547 5574/5574 5434/5434
f 5578/5578 5579/5579 5577/5577
f 5580/5580 5578/5578 5576/5576
f 5431/5431 5447/5447 5411/5411
f 2057/2057 5564/5564 5572/5572
f 5572/5572 2061/2061 2057/2057
f 5573/5573 3345/3345 3359/3359
f 5581/5581 2063/2063 5572/5572
f 2063/2063 2061/2061 5572/5572
f 5582/5582 2062/2062 2063/2063
f 5572/5572 5577/5577 5581/5581
f 5571/5571 5577/5577 5572/5572
f 5579/5579 2063/2063 5581/5581
f 5581/5581 5577/5577 5579/5579
f 5583/5583 5547/5547 5171/5171
f 5583/5583 5574/5574 5547/5547
f 5549/5549 5568/5568 5524/5524
f 5573/5573 5566/5566 5428/5428
f 5447/5447 5431/5431 5448/5448
f 5568/5568 5584/5584 5576/5576
f 5584/5584 5580/5580 5576/5576
f 5584/5584 5585/5585 5580/5580
f 3370/3370 5184/5184 5567/5567
f 5584/5584 5568/5568 5549/5549
f 5567/5567 5183/5183 5559/5559
f 5549/5549 5586/5586 5584/5584
f 5447/5447 5587/5587 5570/5570
f 5587/5587 5575/5575 5570/5570
f 5462/5462 5575/5575 5587/5587
f 5183/5183 5567/5567 5184/5184
f 5575/5575 5588/5588 5176/5176
f 5588/5588 5193/5193 5176/5176
f 5462/5462 5588/5588 5575/5575
f 5588/5588 5273/5273 5193/5193
f 5587/5587 5447/5447 5448/5448
f 5448/5448 5462/5462 5587/5587
f 5292/5292 5588/5588 5462/5462
f 5292/5292 5273/5273 5588/5588
f 5476/5476 5443/5443 5440/5440
f 5440/5440 5563/5563 5476/5476
f 5591/5591 5592/5592 1964/1964
f 5525/5525 5590/5590 5372/5372
f 5372/5372 1965/1965 5373/5373
f 1965/1965 5372/5372 5590/5590
f 5592/5592 5591/5591 5594/5594
f 1963/1963 1964/1964 5595/5595
f 1964/1964 5592/5592 5595/5595
f 5592/5592 5596/5596 5595/5595
f 5596/5596 5592/5592 5597/5597
f 5599/5599 5488/5488 5476/5476
f 5600/5600 5491/5491 5488/5488
f 5491/5491 5601/5601 5489/5489
f 5597/5597 5602/5602 5596/5596
f 5603/5603 5600/5600 5488/5488
f 5602/5602 5605/5605 5607/5607
f 5609/5609 1963/1963 5595/5595
f 5495/5495 5604/5604 5500/5500
f 5612/5612 5500/5500 5604/5604
f 1963/1963 5609/5609 1961/1961
f 5603/5603 5488/5488 5611/5611
f 5613/5613 5500/5500 5612/5612
f 5563/5563 5599/5599 5476/5476
f 5596/5596 5609/5609 5595/5595
f 5611/5611 5488/5488 5599/5599
f 5615/5615 5610/5610 5598/5598
f 1962/1962 1961/1961 5609/5609
f 5598/5598 5562/5562 5615/5615
f 5615/5615 5614/5614 5610/5610
f 1962/1962 5609/5609 5616/5616
f 5604/5604 5489/5489 5601/5601
f 5489/5489 5604/5604 5495/5495
f 5617/5617 5596/5596 5602/5602
f 5617/5617 5609/5609 5596/5596
f 5613/5613 5498/5498 5500/5500
f 5607/5607 5617/5617 5602/5602
f 5518/5518 5499/5499 5498/5498
f 5498/5498 5613/5613 5518/5518
f 5609/5609 5617/5617 5616/5616
f 5617/5617 5618/5618 5616/5616
f 5519/5519 5614/5614 5619/5619
f 5620/5620 5540/5540 5621/5621
f 5619/5619 5517/5517 5519/5519
f 5617/5617 5624/5624 5618/5618
f 5625/5625 5608/5608 5621/5621
f 5625/5625 5621/5621 5540/5540
f 5627/5627 5625/5625 5540/5540
f 5608/5608 5625/5625 5623/5623
f 5619/5619 5614/5614 5615/5615
f 5624/5624 5617/5617 5607/5607
f 5589/5589 5615/5615 5562/5562
f 5589/5589 5562/5562 5183/5183
f 5589/5589 5629/5629 5615/5615
f 5630/5630 5618/5618 5624/5624
f 5632/5632 5618/5618 5630/5630
f 5631/5631 5626/5626 5628/5628
f 5629/5629 5619/5619 5615/5615
f 5631/5631 5622/5622 5626/5626
f 5634/5634 5631/5631 5628/5628
f 5634/5634 5633/5633 5631/5631
f 5616/5616 1974/1974 1962/1962
f 1974/1974 5616/5616 5618/5618
f 5557/5557 5635/5635 5549/5549
f 5636/5636 5522/5522 5517/5517
f 5636/5636 5517/5517 5619/5619
f 5637/5637 5638/5638 5635/5635
f 5619/5619 5182/5182 5636/5636
f 5632/5632 1974/1974 5618/5618
f 5304/5304 5557/5557 5410/5410
f 5634/5634 5639/5639 5633/5633
f 5642/5642 5557/5557 5304/5304
f 1974/1974 5632/5632 5641/5641
f 5639/5639 5640/5640 5633/5633
f 5539/5539 5627/5627 5540/5540
f 5539/5539 5644/5644 5627/5627
f 5643/5643 5634/5634 5628/5628
f 5545/5545 5554/5554 5539/5539
f 5539/5539 5554/5554 5644/5644
f 5304/5304 5303/5303 5642/5642
f 5645/5645 5643/5643 5555/5555
f 5553/5553 5645/5645 5555/5555
f 5636/5636 5186/5186 5522/5522
f 5553/5553 5565/5565 5645/5645
f 5646/5646 5643/5643 5645/5645
f 5642/5642 5635/5635 5557/5557
f 5646/5646 5634/5634 5643/5643
f 5646/5646 5639/5639 5634/5634
f 5183/5183 5629/5629 5589/5589
f 5182/5182 5629/5629 5183/5183
f 5182/5182 5619/5619 5629/5629
f 5175/5175 5645/5645 5565/5565
f 5645/5645 5175/5175 5646/5646
f 5646/5646 5175/5175 5639/5639
f 5294/5294 5636/5636 5182/5182
f 5637/5637 5635/5635 5642/5642
f 5641/5641 1969/1969 1974/1974
f 5641/5641 5648/5648 5649/5649
f 5647/5647 5640/5640 5639/5639
f 5638/5638 5549/5549 5635/5635
f 5549/5549 5638/5638 5586/5586
f 5218/5218 5647/5647 5639/5639
f 5308/5308 5636/5636 5294/5294
f 5175/5175 5218/5218 5639/5639
f 5384/5384 5186/5186 5636/5636
f 5642/5642 5303/5303 5310/5310
f 5308/5308 5384/5384 5636/5636
f 1969/1969 1998/1998 1951/1951
f 5649/5649 1998/1998 1969/1969
f 5641/5641 5649/5649 1969/1969
f 5308/5308 5406/5406 5384/5384
f 5650/5650 5642/5642 5310/5310
f 5648/5648 5651/5651 5649/5649
f 5653/5653 1998/1998 5649/5649
f 5654/5654 5653/5653 5649/5649
f 5310/5310 5334/5334 5655/5655
f 5649/5649 5651/5651 5654/5654
f 5655/5655 5650/5650 5310/5310
f 5656/5656 5654/5654 5651/5651
f 5513/5513 5309/5309 5484/5484
f 5273/5273 5484/5484 5309/5309
f 5360/5360 5655/5655 5334/5334
f 2004/2004 1998/1998 5657/5657
f 5360/5360 5432/5432 5655/5655
f 5658/5658 5657/5657 5653/5653
f 5657/5657 1998/1998 5653/5653
f 5654/5654 5658/5658 5653/5653
f 5659/5659 5660/5660 2007/2007
f 5659/5659 2007/2007 5658/5658
f 5513/5513 5191/5191 5309/5309
f 5657/5657 2010/2010 2004/2004
f 5658/5658 2010/2010 5657/5657
f 2007/2007 2010/2010 5658/5658
f 5661/5661 5659/5659 5658/5658
f 5658/5658 5654/5654 5662/5662
f 5662/5662 5661/5661 5658/5658
f 5656/5656 5663/5663 5654/5654
f 5654/5654 5663/5663 5662/5662
f 5662/5662 5345/5345 5661/5661
f 5343/5343 5345/5345 5663/5663
f 5663/5663 5345/5345 5662/5662
f 5664/5664 5663/5663 5656/5656
f 5656/5656 5651/5651 5664/5664
f 5191/5191 5245/5245 5309/5309
f 5342/5342 5345/5345 5343/5343
f 5664/5664 5343/5343 5663/5663
f 5245/5245 5312/5312 5309/5309
f 5340/5340 5343/5343 5664/5664
f 5652/5652 5647/5647 5218/5218
f 5177/5177 5513/5513 5515/5515
f 5177/5177 5191/5191 5513/5513
f 5327/5327 5652/5652 5218/5218
f 5523/5523 5177/5177 5515/5515
f 5327/5327 5328/5328 5652/5652
f 5217/5217 5327/5327 5218/5218
f 5177/5177 5523/5523 5178/5178
f 5179/5179 5522/5522 5186/5186
f 5328/5328 5365/5365 5652/5652
f 5365/5365 5665/5665 5652/5652
f 5665/5665 5365/5365 5341/5341
f 5364/5364 5341/5341 5365/5365
f 3448/3448 3370/3370 3367/3367
f 5176/5176 5175/5175 5565/5565
f 5208/5208 5281/5281 5197/5197
f 5285/5285 5666/5666 5249/5249
f 5667/5667 5668/5668 5666/5666
f 5669/5669 5670/5670 5668/5668
f 5669/5669 5668/5668 5667/5667
f 5671/5671 5672/5672 5666/5666
f 5671/5671 5666/5666 5673/5673
f 5666/5666 5672/5672 5667/5667
f 5674/5674 5667/5667 5672/5672
f 5672/5672 5671/5671 5674/5674
f 5675/5675 5673/5673 5285/5285
f 5676/5676 5671/5671 5673/5673
f 5673/5673 5675/5675 5676/5676
f 5676/5676 5677/5677 5671/5671
f 5285/5285 5673/5673 5666/5666
f 5677/5677 5674/5674 5671/5671
f 5675/5675 5285/5285 5208/5208
f 5675/5675 5208/5208 5209/5209
f 5675/5675 5211/5211 5676/5676
f 5675/5675 5209/5209 5211/5211
f 5678/5678 5676/5676 5211/5211
f 5678/5678 5677/5677 5676/5676
f 5211/5211 5216/5216 5678/5678
f 5679/5679 5670/5670 5669/5669
f 5669/5669 5667/5667 5674/5674
f 5669/5669 5674/5674 5679/5679
f 5681/5681 5679/5679 5674/5674
f 5679/5679 5681/5681 5682/5682
f 5678/5678 5684/5684 5677/5677
f 5686/5686 5682/5682 5677/5677
f 5684/5684 5686/5686 5677/5677
f 5683/5683 5685/5685 5687/5687
f 5678/5678 5216/5216 5684/5684
f 5234/5234 5684/5684 5216/5216
f 5684/5684 5234/5234 5237/5237
f 5237/5237 5686/5686 5684/5684
f 5688/5688 5687/5687 5685/5685
f 5685/5685 5236/5236 5688/5688
f 5238/5238 5688/5688 5236/5236
f 5689/5689 5690/5690 5691/5691
f 5692/5692 5689/5689 5691/5691
f 5693/5693 5689/5689 5692/5692
f 5694/5694 5693/5693 5692/5692
f 5695/5695 5693/5693 5694/5694
f 5694/5694 5692/5692 5696/5696
f 5692/5692 5345/5345 5696/5696
f 5697/5697 5694/5694 5696/5696
f 5697/5697 5695/5695 5694/5694
f 5345/5345 5332/5332 5696/5696
f 5331/5331 5697/5697 5332/5332
f 5697/5697 5696/5696 5332/5332
f 5249/5249 5666/5666 5254/5254
f 5670/5670 5698/5698 5668/5668
f 5668/5668 5698/5698 5254/5254
f 5256/5256 5254/5254 5276/5276
f 5276/5276 5254/5254 5698/5698
f 5668/5668 5254/5254 5666/5666
f 5330/5330 5695/5695 5331/5331
f 5695/5695 5697/5697 5331/5331
f 5699/5699 2088/2088 5660/5660
f 5660/5660 5690/5690 5699/5699
f 2008/2008 5660/5660 2088/2088
f 5700/5700 2087/2087 5699/5699
f 5699/5699 2087/2087 2088/2088
f 5689/5689 5699/5699 5690/5690
f 5699/5699 5689/5689 5700/5700
f 5700/5700 2089/2089 2087/2087
f 5700/5700 2091/2091 2089/2089
f 5689/5689 5693/5693 5700/5700
f 5701/5701 5693/5693 5695/5695
f 5702/5702 5700/5700 5703/5703
f 5701/5701 5700/5700 5693/5693
f 5701/5701 5703/5703 5700/5700
f 5337/5337 5702/5702 5703/5703
f 5704/5704 5703/5703 5701/5701
f 5337/5337 5703/5703 5335/5335
f 5703/5703 5704/5704 5335/5335
f 2095/2095 2091/2091 5700/5700
f 5702/5702 2095/2095 5700/5700
f 5336/5336 2040/2040 2095/2095
f 2095/2095 5702/5702 5336/5336
f 5463/5463 2040/2040 5336/5336
f 5336/5336 5339/5339 5463/5463
f 5702/5702 5337/5337 5336/5336
f 5333/5333 5332/5332 5345/5345
f 5353/5353 5701/5701 5695/5695
f 5353/5353 5704/5704 5701/5701
f 5353/5353 5695/5695 5330/5330
f 5353/5353 5347/5347 5704/5704
f 5704/5704 5347/5347 5335/5335
f 5705/5705 5698/5698 5670/5670
f 5276/5276 5698/5698 5705/5705
f 5706/5706 5707/5707 5275/5275
f 5708/5708 5706/5706 5680/5680
f 5679/5679 5705/5705 5670/5670
f 5709/5709 5707/5707 5708/5708
f 5708/5708 5707/5707 5706/5706
f 5710/5710 5708/5708 5680/5680
f 5680/5680 5683/5683 5710/5710
f 5710/5710 5711/5711 5708/5708
f 5709/5709 5712/5712 5707/5707
f 5711/5711 5709/5709 5708/5708
f 5713/5713 5712/5712 5709/5709
f 5709/5709 5711/5711 5713/5713
f 5315/5315 5711/5711 5710/5710
f 5687/5687 5710/5710 5683/5683
f 5687/5687 5315/5315 5710/5710
f 5711/5711 5315/5315 5713/5713
f 5275/5275 5707/5707 5299/5299
f 5274/5274 5275/5275 5299/5299
f 5299/5299 5707/5707 5712/5712
f 5712/5712 5300/5300 5299/5299
f 5713/5713 5300/5300 5712/5712
f 5713/5713 5301/5301 5300/5300
f 5313/5313 5315/5315 5687/5687
f 5713/5713 5315/5315 5314/5314
f 5316/5316 5313/5313 5238/5238
f 5238/5238 5313/5313 5687/5687
f 5687/5687 5688/5688 5238/5238
f 5301/5301 5713/5713 5314/5314
f 5239/5239 5316/5316 5238/5238
f 5714/5714 5474/5474 5473/5473
f 5715/5715 5474/5474 5714/5714
f 5442/5442 5714/5714 5473/5473
f 5441/5441 5442/5442 5473/5473
f 5714/5714 5442/5442 5715/5715
f 5715/5715 5442/5442 5716/5716
f 5444/5444 5716/5716 5442/5442
f 5717/5717 5716/5716 5444/5444
f 5717/5717 5444/5444 5487/5487
f 5490/5490 5717/5717 5487/5487
f 5490/5490 5487/5487 5491/5491
f 5457/5457 5472/5472 5718/5718
f 5719/5719 5720/5720 5721/5721
f 5528/5528 5719/5719 5721/5721
f 5722/5722 5720/5720 5719/5719
f 5723/5723 5722/5722 5719/5719
f 5474/5474 5472/5472 5471/5471
f 5720/5720 5725/5725 5726/5726
f 5726/5726 5721/5721 5720/5720
f 5590/5590 5525/5525 5726/5726
f 5590/5590 5726/5726 5593/5593
f 5726/5726 5725/5725 5593/5593
f 5721/5721 5726/5726 5525/5525
f 5528/5528 5721/5721 5374/5374
f 5374/5374 5721/5721 5525/5525
f 5725/5725 5720/5720 5727/5727
f 5722/5722 5727/5727 5720/5720
f 5730/5730 5727/5727 5722/5722
f 5731/5731 5725/5725 5727/5727
f 5593/5593 5725/5725 5731/5731
f 5733/5733 5731/5731 5727/5727
f 5734/5734 5735/5735 5732/5732
f 5730/5730 5733/5733 5727/5727
f 5729/5729 5736/5736 5734/5734
f 5734/5734 5736/5736 5735/5735
f 5722/5722 5723/5723 5737/5737
f 5739/5739 5718/5718 5472/5472
f 5740/5740 5741/5741 5718/5718
f 5718/5718 5739/5739 5740/5740
f 5742/5742 5741/5741 5740/5740
f 5743/5743 5728/5728 5738/5738
f 5741/5741 5744/5744 5718/5718
f 5458/5458 5457/5457 5718/5718
f 5458/5458 5718/5718 5744/5744
f 5527/5527 5528/5528 5383/5383
f 5744/5744 5741/5741 5745/5745
f 5746/5746 5744/5744 5745/5745
f 5742/5742 5745/5745 5741/5741
f 5747/5747 5719/5719 5528/5528
f 5747/5747 5528/5528 5527/5527
f 5747/5747 5748/5748 5719/5719
f 5742/5742 5749/5749 5746/5746
f 5742/5742 5746/5746 5745/5745
f 5529/5529 5747/5747 5527/5527
f 5747/5747 5529/5529 5748/5748
f 5527/5527 5383/5383 5382/5382
f 5744/5744 5477/5477 5458/5458
f 5477/5477 5744/5744 5746/5746
f 5529/5529 5527/5527 5526/5526
f 5746/5746 5479/5479 5477/5477
f 5746/5746 5750/5750 5479/5479
f 5746/5746 5749/5749 5750/5750
f 5723/5723 5719/5719 5748/5748
f 5479/5479 5750/5750 5502/5502
f 5479/5479 5502/5502 5478/5478
f 5529/5529 5751/5751 5748/5748
f 5748/5748 5751/5751 5723/5723
f 5752/5752 5750/5750 5749/5749
f 5535/5535 5723/5723 5751/5751
f 5752/5752 5502/5502 5750/5750
f 5753/5753 5743/5743 5738/5738
f 5753/5753 5738/5738 5724/5724
f 5753/5753 5724/5724 5754/5754
f 5724/5724 5534/5534 5754/5754
f 5755/5755 5753/5753 5754/5754
f 5755/5755 5620/5620 5753/5753
f 5756/5756 5736/5736 5729/5729
f 5743/5743 5757/5757 5728/5728
f 5758/5758 5743/5743 5753/5753
f 5620/5620 5758/5758 5753/5753
f 5715/5715 5739/5739 5474/5474
f 5474/5474 5739/5739 5472/5472
f 5715/5715 5740/5740 5739/5739
f 5759/5759 5742/5742 5740/5740
f 5760/5760 5749/5749 5742/5742
f 5742/5742 5759/5759 5760/5760
f 5759/5759 5740/5740 5715/5715
f 5716/5716 5759/5759 5715/5715
f 5761/5761 5751/5751 5530/5530
f 5530/5530 5751/5751 5529/5529
f 5762/5762 5759/5759 5716/5716
f 5762/5762 5763/5763 5759/5759
f 5761/5761 5530/5530 5543/5543
f 5763/5763 5760/5760 5759/5759
f 5530/5530 5531/5531 5543/5543
f 5761/5761 5535/5535 5751/5751
f 5764/5764 5760/5760 5763/5763
f 5535/5535 5761/5761 5537/5537
f 5761/5761 5543/5543 5537/5537
f 5765/5765 5749/5749 5760/5760
f 5765/5765 5752/5752 5749/5749
f 5766/5766 5765/5765 5760/5760
f 5506/5506 5765/5765 5766/5766
f 5534/5534 5538/5538 5754/5754
f 5755/5755 5754/5754 5538/5538
f 5506/5506 5752/5752 5765/5765
f 5541/5541 5620/5620 5755/5755
f 5755/5755 5538/5538 5541/5541
f 5502/5502 5752/5752 5506/5506
f 5541/5541 5540/5540 5620/5620
f 5764/5764 5766/5766 5760/5760
f 5496/5496 5766/5766 5764/5764
f 5496/5496 5506/5506 5766/5766
f 5507/5507 5506/5506 5496/5496
f 5493/5493 5763/5763 5762/5762
f 5716/5716 5717/5717 5762/5762
f 5493/5493 5762/5762 5717/5717
f 5490/5490 5493/5493 5717/5717
f 5491/5491 5487/5487 5488/5488
f 5494/5494 5764/5764 5763/5763
f 5763/5763 5493/5493 5494/5494
f 5497/5497 5764/5764 5494/5494
f 5495/5495 5497/5497 5494/5494
f 5764/5764 5497/5497 5496/5496
f 5732/5732 5592/5592 5594/5594
f 5732/5732 5597/5597 5592/5592
f 5597/5597 5732/5732 5735/5735
f 5735/5735 5736/5736 5602/5602
f 5602/5602 5597/5597 5735/5735
f 5602/5602 5736/5736 5605/5605
f 5756/5756 5605/5605 5736/5736
f 5757/5757 5743/5743 5606/5606
f 5758/5758 5606/5606 5743/5743
f 5606/5606 5758/5758 5621/5621
f 5608/5608 5606/5606 5621/5621
f 5621/5621 5758/5758 5620/5620
f 5691/5691 5690/5690 5659/5659
f 5661/5661 5691/5691 5659/5659
f 5692/5692 5691/5691 5661/5661
f 5692/5692 5661/5661 5345/5345
f 5660/5660 2008/2008 2007/2007
f 5660/5660 5659/5659 5690/5690
f 5682/5682 5681/5681 5677/5677
f 5681/5681 5674/5674 5677/5677
f 5730/5730 5722/5722 5737/5737
f 5771/5771 5772/5772 4470/4470
f 5162/5162 5160/5160 5167/5167
f 5774/5774 4261/4261 4257/4257
f 5776/5776 5167/5167 5160/5160
f 4251/4251 4260/4260 5775/5775
f 5771/5771 5777/5777 5778/5778
f 5779/5779 4626/4626 5780/5780
f 5781/5781 4631/4631 4645/4645
f 5781/5781 4935/4935 5780/5780
f 5780/5780 4631/4631 5781/5781
f 4626/4626 4631/4631 5780/5780
f 5767/5767 5768/5768 5782/5782
f 5775/5775 5783/5783 4251/4251
f 5780/5780 4935/4935 5779/5779
f 5771/5771 4626/4626 5779/5779
f 5786/5786 5785/5785 6100/6100
f 5786/5786 5787/5787 5785/5785
f 5775/5775 5788/5788 5783/5783
f 5777/5777 5771/5771 5779/5779
f 5783/5783 5791/5791 5792/5792
f 5791/5791 5783/5783 5788/5788
f 5170/5170 5167/5167 5790/5790
f 5172/5172 5170/5170 5790/5790
f 5793/5793 5777/5777 5794/5794
f 5787/5787 5795/5795 5785/5785
f 5790/5790 5796/5796 5172/5172
f 5785/5785 5797/5797 5784/5784
f 5167/5167 5770/5770 5790/5790
f 5778/5778 5772/5772 5771/5771
f 5167/5167 5776/5776 5770/5770
f 5797/5797 5785/5785 5795/5795
f 5793/5793 5778/5778 5777/5777
f 5790/5790 5770/5770 5800/5800
f 5778/5778 5793/5793 5801/5801
f 5802/5802 5770/5770 5769/5769
f 5803/5803 5801/5801 5793/5793
f 5804/5804 5805/5805 5806/5806
f 5806/5806 5805/5805 5807/5807
f 5809/5809 5810/5810 5811/5811
f 5797/5797 5795/5795 5808/5808
f 5809/5809 5812/5812 5810/5810
f 5789/5789 5774/5774 4257/4257
f 5806/5806 5807/5807 5813/5813
f 5770/5770 5804/5804 5806/5806
f 5789/5789 4257/4257 4355/4355
f 5814/5814 5844/5844 5810/5810
f 4350/4350 4351/4351 5799/5799
f 5795/5795 5787/5787 5815/5815
f 5816/5816 5807/5807 5805/5805
f 4355/4355 4350/4350 5799/5799
f 5817/5817 5818/5818 5820/5820
f 5821/5821 4355/4355 5799/5799
f 5819/5819 5795/5795 5815/5815
f 5822/5822 5821/5821 5799/5799
f 5823/5823 5819/5819 5815/5815
f 5822/5822 5799/5799 5824/5824
f 5807/5807 5816/5816 5813/5813
f 5825/5825 4355/4355 5821/5821
f 5825/5825 5789/5789 4355/4355
f 5826/5826 5791/5791 5788/5788
f 5828/5828 5817/5817 5820/5820
f 5829/5829 5817/5817 5828/5828
f 5806/5806 5830/5830 5769/5769
f 5782/5782 5827/5827 5767/5767
f 5813/5813 5830/5830 5806/5806
f 5811/5811 5828/5828 5820/5820
f 5791/5791 5826/5826 5832/5832
f 5792/5792 5832/5832 5798/5798
f 5792/5792 5791/5791 5832/5832
f 5832/5832 5826/5826 5833/5833
f 5835/5835 5836/5836 5829/5829
f 5837/5837 5769/5769 5830/5830
f 5831/5831 5838/5838 5767/5767
f 5767/5767 5827/5827 5831/5831
f 5811/5811 5844/5844 5835/5835
f 5830/5830 5813/5813 5839/5839
f 5835/5835 5829/5829 5828/5828
f 5835/5835 5828/5828 5811/5811
f 5837/5837 5830/5830 5839/5839
f 5829/5829 5836/5836 5840/5840
f 5809/5809 5811/5811 5820/5820
f 5839/5839 5813/5813 5841/5841
f 5822/5822 5842/5842 5821/5821
f 5810/5810 5844/5844 5811/5811
f 5825/5825 5821/5821 5842/5842
f 5825/5825 5842/5842 5834/5834
f 5843/5843 5841/5841 5813/5813
f 5842/5842 5845/5845 5834/5834
f 5846/5846 5842/5842 5822/5822
f 5782/5782 5808/5808 5847/5847
f 5843/5843 5848/5848 5841/5841
f 5841/5841 5848/5848 5839/5839
f 5836/5836 5835/5835 5850/5850
f 4351/4351 5851/5851 5824/5824
f 5850/5850 5835/5835 5844/5844
f 5824/5824 5799/5799 4351/4351
f 5851/5851 4351/4351 4365/4365
f 5852/5852 5854/5854 5855/5855
f 5850/5850 5844/5844 5856/5856
f 5857/5857 5831/5831 5858/5858
f 5824/5824 5851/5851 5859/5859
f 5860/5860 5824/5824 5859/5859
f 3234/3234 4660/4660 5865/5865
f 5847/5847 5827/5827 5782/5782
f 5831/5831 5827/5827 5847/5847
f 5080/5080 3234/3234 5865/5865
f 5853/5853 5862/5862 5864/5864
f 4365/4365 3973/3973 5867/5867
f 5870/5870 5862/5862 5853/5853
f 5080/5080 5865/5865 5871/5871
f 5866/5866 5861/5861 5869/5869
f 5851/5851 4365/4365 5873/5873
f 5873/5873 5859/5859 5851/5851
f 5869/5869 5874/5874 5866/5866
f 4365/4365 5867/5867 5873/5873
f 5868/5868 5876/5876 5872/5872
f 4661/4661 4660/4660 4659/4659
f 5877/5877 5870/5870 5853/5853
f 5870/5870 5877/5877 5879/5879
f 5847/5847 5808/5808 5880/5880
f 5882/5882 4661/4661 4247/4247
f 5847/5847 5881/5881 5831/5831
f 5883/5883 4661/4661 5882/5882
f 5884/5884 5824/5824 5860/5860
f 5853/5853 5852/5852 5877/5877
f 5808/5808 5795/5795 5885/5885
f 5883/5883 5882/5882 5886/5886
f 5819/5819 5885/5885 5795/5795
f 5884/5884 5889/5889 5846/5846
f 5860/5860 5890/5890 5892/5892
f 4661/4661 5883/5883 4660/4660
f 5869/5869 5878/5878 5874/5874
f 5892/5892 5884/5884 5860/5860
f 5865/5865 4660/4660 5883/5883
f 5892/5892 5889/5889 5884/5884
f 5886/5886 5871/5871 5883/5883
f 5896/5896 5872/5872 5876/5876
f 5878/5878 5897/5897 5874/5874
f 5897/5897 5898/5898 5874/5874
f 5899/5899 5894/5894 5871/5871
f 5859/5859 5890/5890 5860/5860
f 5859/5859 5873/5873 5890/5890
f 5896/5896 5891/5891 5872/5872
f 5901/5901 5897/5897 5878/5878
f 5865/5865 5883/5883 5871/5871
f 5885/5885 5819/5819 5823/5823
f 5896/5896 5903/5903 5891/5891
f 5905/5905 5893/5893 5891/5891
f 5871/5871 5886/5886 5899/5899
f 5902/5902 5895/5895 5906/5906
f 5907/5907 5877/5877 5852/5852
f 5906/5906 5895/5895 5875/5875
f 5824/5824 5884/5884 5822/5822
f 5823/5823 5909/5909 5885/5885
f 5846/5846 5822/5822 5884/5884
f 5879/5879 5910/5910 5900/5900
f 5879/5879 5877/5877 5910/5910
f 5907/5907 5910/5910 5877/5877
f 5911/5911 5832/5832 5833/5833
f 5871/5871 5894/5894 5080/5080
f 5913/5913 5834/5834 5845/5845
f 5842/5842 5846/5846 5845/5845
f 5117/5117 5080/5080 5914/5914
f 5845/5845 5915/5915 5918/5918
f 5908/5908 5885/5885 5909/5909
f 5080/5080 5894/5894 5914/5914
f 5920/5920 5855/5855 5921/5921
f 5893/5893 5905/5905 5888/5888
f 5882/5882 4247/4247 4246/4246
f 5887/5887 5904/5904 5922/5922
f 5852/5852 5855/5855 5920/5920
f 5907/5907 5852/5852 5920/5920
f 4246/4246 4251/4251 5882/5882
f 5891/5891 5903/5903 5905/5905
f 5907/5907 5920/5920 5924/5924
f 5923/5923 5908/5908 5909/5909
f 5922/5922 5904/5904 5902/5902
f 5922/5922 5902/5902 5925/5925
f 5886/5886 5882/5882 5926/5926
f 5927/5927 5902/5902 5906/5906
f 5926/5926 5882/5882 4251/4251
f 5920/5920 5921/5921 5928/5928
f 5926/5926 4251/4251 5783/5783
f 5928/5928 5929/5929 5920/5920
f 5880/5880 5808/5808 5885/5885
f 5880/5880 5885/5885 5908/5908
f 5858/5858 5930/5930 5928/5928
f 5925/5925 5902/5902 5927/5927
f 5931/5931 5886/5886 5926/5926
f 5929/5929 5928/5928 5930/5930
f 5899/5899 5886/5886 5931/5931
f 5927/5927 5932/5932 5925/5925
f 5924/5924 5920/5920 5929/5929
f 5931/5931 5926/5926 5933/5933
f 5931/5931 5934/5934 5899/5899
f 5889/5889 5845/5845 5846/5846
f 5915/5915 5845/5845 5889/5889
f 5938/5938 5887/5887 5922/5922
f 5936/5936 5786/5786 5937/5937
f 5939/5939 5938/5938 5922/5922
f 5939/5939 5922/5922 5925/5925
f 5933/5933 5926/5926 5783/5783
f 5792/5792 5933/5933 5783/5783
f 5815/5815 5787/5787 5936/5936
f 5907/5907 5924/5924 5940/5940
f 5941/5941 5938/5938 5939/5939
f 5910/5910 5907/5907 5940/5940
f 5933/5933 5942/5942 5931/5931
f 5933/5933 5792/5792 5798/5798
f 5947/5947 5941/5941 5948/5948
f 5943/5943 5941/5941 5939/5939
f 5948/5948 5941/5941 5943/5943
f 5899/5899 5934/5934 5946/5946
f 5949/5949 5924/5924 5929/5929
f 5949/5949 5940/5940 5924/5924
f 5932/5932 5943/5943 5925/5925
f 5943/5943 5939/5939 5925/5925
f 5936/5936 5937/5937 5951/5951
f 5952/5952 5946/5946 5934/5934
f 5950/5950 5943/5943 5932/5932
f 5951/5951 5945/5945 5953/5953
f 5951/5951 5937/5937 5945/5945
f 5932/5932 5954/5954 5950/5950
f 5129/5129 5117/5117 5914/5914
f 5940/5940 5949/5949 5955/5955
f 5894/5894 5899/5899 5914/5914
f 5954/5954 5932/5932 5935/5935
f 5946/5946 5129/5129 5914/5914
f 5957/5957 5815/5815 5936/5936
f 5950/5950 5948/5948 5943/5943
f 5897/5897 5813/5813 5816/5816
f 5956/5956 5129/5129 5946/5946
f 5901/5901 5959/5959 5897/5897
f 5960/5960 5961/5961 5962/5962
f 5962/5962 5963/5963 5960/5960
f 5950/5950 5962/5962 5948/5948
f 5914/5914 5899/5899 5946/5946
f 5950/5950 5964/5964 5965/5965
f 5965/5965 5962/5962 5950/5950
f 5843/5843 5813/5813 5897/5897
f 5964/5964 5950/5950 5954/5954
f 5966/5966 5967/5967 5951/5951
f 5897/5897 5959/5959 5843/5843
f 5958/5958 5900/5900 5910/5910
f 5936/5936 5967/5967 5957/5957
f 5967/5967 5936/5936 5951/5951
f 5135/5135 5129/5129 5956/5956
f 5967/5967 5969/5969 5957/5957
f 5773/5773 5954/5954 5970/5970
f 5954/5954 5773/5773 5964/5964
f 5968/5968 5135/5135 5956/5956
f 5958/5958 5910/5910 5971/5971
f 5971/5971 5972/5972 5958/5958
f 5960/5960 5963/5963 5974/5974
f 5963/5963 5962/5962 5965/5965
f 5976/5976 5963/5963 5965/5965
f 5977/5977 5976/5976 5965/5965
f 5956/5956 5946/5946 5968/5968
f 5973/5973 5843/5843 5959/5959
f 5952/5952 5968/5968 5946/5946
f 5974/5974 5963/5963 5979/5979
f 5979/5979 5963/5963 5976/5976
f 5829/5829 5840/5840 5980/5980
f 5981/5981 5979/5979 5976/5976
f 5975/5975 5980/5980 5840/5840
f 5982/5982 5968/5968 5952/5952
f 5983/5983 5982/5982 5952/5952
f 5953/5953 5975/5975 5840/5840
f 5942/5942 5934/5934 5931/5931
f 5978/5978 5972/5972 5984/5984
f 5977/5977 5965/5965 5964/5964
f 5773/5773 5977/5977 5964/5964
f 5985/5985 5978/5978 5984/5984
f 5987/5987 5934/5934 5942/5942
f 5984/5984 5972/5972 5971/5971
f 5976/5976 5977/5977 5988/5988
f 5944/5944 5910/5910 5940/5940
f 5988/5988 5977/5977 5773/5773
f 5990/5990 5953/5953 5836/5836
f 5988/5988 5773/5773 5767/5767
f 5836/5836 5953/5953 5840/5840
f 5983/5983 5934/5934 5987/5987
f 5991/5991 5981/5981 5976/5976
f 5990/5990 5836/5836 5992/5992
f 5991/5991 5976/5976 5988/5988
f 5988/5988 5838/5838 5991/5991
f 5942/5942 5933/5933 5994/5994
f 5933/5933 5798/5798 5994/5994
f 5940/5940 5955/5955 5993/5993
f 5992/5992 5836/5836 5850/5850
f 5995/5995 5944/5944 5940/5940
f 5767/5767 5838/5838 5988/5988
f 5942/5942 5994/5994 5987/5987
f 5981/5981 5991/5991 5996/5996
f 5940/5940 5993/5993 5995/5995
f 5997/5997 5987/5987 5994/5994
f 5991/5991 5838/5838 5996/5996
f 5998/5998 5995/5995 5993/5993
f 5966/5966 5951/5951 5953/5953
f 5999/5999 5997/5997 5994/5994
f 5983/5983 5952/5952 5934/5934
f 6000/6000 5995/5995 5998/5998
f 5990/5990 5966/5966 5953/5953
f 5838/5838 5857/5857 5996/5996
f 5857/5857 5838/5838 5831/5831
f 5857/5857 6001/6001 5996/5996
f 5858/5858 6001/6001 5857/5857
f 5983/5983 6003/6003 6004/6004
f 6002/6002 5990/5990 5992/5992
f 6002/6002 5966/5966 5990/5990
f 5910/5910 6005/6005 5971/5971
f 3783/3783 3787/3787 3770/3770
f 5944/5944 6005/6005 5910/5910
f 3776/3776 3778/3778 3787/3787
f 3776/3776 3787/3787 6006/6006
f 5995/5995 6005/6005 5944/5944
f 5999/5999 6007/6007 5997/5997
f 6008/6008 6009/6009 6007/6007
f 5997/5997 6007/6007 6009/6009
f 6010/6010 3776/3776 6006/6006
f 5997/5997 6009/6009 6011/6011
f 5971/5971 6005/6005 5984/5984
f 6011/6011 6009/6009 6012/6012
f 6011/6011 6012/6012 6013/6013
f 3783/3783 3804/3804 6014/6014
f 5983/5983 5987/5987 5997/5997
f 6015/6015 6014/6014 3804/3804
f 5969/5969 6016/6016 5957/5957
f 6003/6003 5983/5983 5997/5997
f 5997/5997 6011/6011 6003/6003
f 3783/3783 6014/6014 3787/3787
f 6006/6006 3787/3787 6014/6014
f 6000/6000 6005/6005 5995/5995
f 6000/6000 5989/5989 6005/6005
f 5989/5989 5984/5984 6005/6005
f 6010/6010 6006/6006 6018/6018
f 6019/6019 5135/5135 5968/5968
f 5969/5969 6020/6020 6021/6021
f 6020/6020 5969/5969 6017/6017
f 5149/5149 5135/5135 6022/6022
f 6023/6023 6021/6021 6020/6020
f 6014/6014 6024/6024 6006/6006
f 6025/6025 6000/6000 5998/5998
f 6022/6022 5135/5135 6019/6019
f 5856/5856 5992/5992 5850/5850
f 6026/6026 5992/5992 5856/5856
f 6019/6019 5968/5968 5982/5982
f 6018/6018 6006/6006 6027/6027
f 6028/6028 5856/5856 6029/6029
f 6027/6027 6006/6006 6030/6030
f 6026/6026 5856/5856 6028/6028
f 6031/6031 6018/6018 6027/6027
f 6031/6031 6027/6027 5817/5817
f 5982/5982 6032/6032 6019/6019
f 5848/5848 5843/5843 5986/5986
f 6002/6002 5992/5992 6033/6033
f 6019/6019 6032/6032 6038/6038
f 6034/6034 3973/3973 3974/3974
f 6037/6037 3975/3975 3994/3994
f 6037/6037 6035/6035 3975/3975
f 5796/5796 5790/5790 5800/5800
f 5967/5967 5966/5966 6002/6002
f 5969/5969 5967/5967 6002/6002
f 6022/6022 6019/6019 6038/6038
f 5800/5800 5770/5770 5802/5802
f 6017/6017 5969/5969 6002/6002
f 6033/6033 6017/6017 6002/6002
f 6022/6022 6038/6038 6039/6039
f 3993/3993 3985/3985 3987/3987
f 6026/6026 6033/6033 5992/5992
f 5796/5796 5800/5800 6040/6040
f 6041/6041 5800/5800 5802/5802
f 6040/6040 5800/5800 6041/6041
f 6036/6036 3993/3993 6042/6042
f 6042/6042 3993/3993 3987/3987
f 6028/6028 6043/6043 6033/6033
f 6028/6028 6033/6033 6026/6026
f 6044/6044 6043/6043 6045/6045
f 6041/6041 6046/6046 6047/6047
f 6046/6046 6041/6041 5802/5802
f 6039/6039 6038/6038 6049/6049
f 6023/6023 6050/6050 6044/6044
f 6044/6044 6050/6050 6043/6043
f 6048/6048 6049/6049 6038/6038
f 6040/6040 6047/6047 6051/6051
f 6033/6033 6043/6043 6050/6050
f 6047/6047 6040/6040 6041/6041
f 6017/6017 6050/6050 6020/6020
f 6048/6048 6038/6038 6052/6052
f 6023/6023 6020/6020 6050/6050
f 5769/5769 5837/5837 5802/5802
f 6017/6017 6033/6033 6050/6050
f 6042/6042 3987/3987 6053/6053
f 6054/6054 6056/6056 6057/6057
f 6060/6060 6061/6061 6042/6042
f 6042/6042 6053/6053 6060/6060
f 6011/6011 6063/6063 6003/6003
f 6028/6028 6045/6045 6043/6043
f 6056/6056 6063/6063 6011/6011
f 6064/6064 4028/4028 4035/4035
f 6065/6065 5839/5839 5848/5848
f 6062/6062 5839/5839 6065/6065
f 6063/6063 6004/6004 6003/6003
f 5957/5957 5823/5823 5815/5815
f 6056/6056 6054/6054 6063/6063
f 6054/6054 6067/6067 6063/6063
f 6062/6062 5837/5837 5839/5839
f 6068/6068 5823/5823 5957/5957
f 5957/5957 6016/6016 6068/6068
f 6070/6070 6054/6054 6057/6057
f 6069/6069 6058/6058 6071/6071
f 3990/3990 4028/4028 6072/6072
f 6054/6054 6070/6070 6073/6073
f 6068/6068 5909/5909 5823/5823
f 3987/3987 3990/3990 6072/6072
f 6067/6067 6073/6073 6075/6075
f 6067/6067 6054/6054 6073/6073
f 6076/6076 6075/6075 6073/6073
f 6074/6074 6062/6062 6065/6065
f 6078/6078 6073/6073 6070/6070
f 6076/6076 6073/6073 6078/6078
f 5983/5983 6004/6004 5982/5982
f 6072/6072 4028/4028 6066/6066
f 6064/6064 6066/6066 4028/4028
f 6068/6068 6016/6016 6079/6079
f 5909/5909 6068/6068 6079/6079
f 6081/6081 3987/3987 6072/6072
f 6062/6062 5802/5802 5837/5837
f 6046/6046 5802/5802 6062/6062
f 6081/6081 6072/6072 6082/6082
f 5982/5982 6004/6004 6083/6083
f 6016/6016 5969/5969 6021/6021
f 6032/6032 5982/5982 6083/6083
f 6063/6063 6083/6083 6004/6004
f 6081/6081 6053/6053 3987/3987
f 6046/6046 6084/6084 6047/6047
f 6079/6079 6016/6016 6021/6021
f 6038/6038 6032/6032 6052/6052
f 6084/6084 6046/6046 6062/6062
f 6079/6079 6021/6021 6023/6023
f 6063/6063 6067/6067 6083/6083
f 6083/6083 6067/6067 6075/6075
f 6052/6052 6032/6032 6083/6083
f 6085/6085 6047/6047 6084/6084
f 6086/6086 6052/6052 6083/6083
f 6087/6087 6085/6085 6088/6088
f 5831/5831 6089/6089 5858/5858
f 6086/6086 6083/6083 6075/6075
f 6090/6090 6088/6088 6084/6084
f 6088/6088 6085/6085 6084/6084
f 5858/5858 6089/6089 6091/6091
f 6084/6084 6062/6062 6074/6074
f 6092/6092 6091/6091 6089/6089
f 6074/6074 6090/6090 6084/6084
f 5881/5881 5847/5847 6093/6093
f 6093/6093 5847/5847 6094/6094
f 6095/6095 6093/6093 6094/6094
f 5831/5831 5881/5881 6089/6089
f 6072/6072 6066/6066 6082/6082
f 6096/6096 6049/6049 6048/6048
f 6097/6097 6048/6048 6052/6052
f 6089/6089 5881/5881 6093/6093
f 6089/6089 6093/6093 6092/6092
f 6097/6097 6096/6096 6048/6048
f 6053/6053 6081/6081 6060/6060
f 6097/6097 6098/6098 6096/6096
f 6099/6099 6088/6088 6090/6090
f 6080/6080 6090/6090 6074/6074
f 6099/6099 6090/6090 6080/6080
f 6100/6100 6060/6060 6082/6082
f 6080/6080 6101/6101 6099/6099
f 6102/6102 6096/6096 6098/6098
f 6095/6095 6092/6092 6093/6093
f 6103/6103 6088/6088 6099/6099
f 6082/6082 6060/6060 6081/6081
f 6104/6104 6102/6102 6098/6098
f 6091/6091 6092/6092 6105/6105
f 6106/6106 6099/6099 6101/6101
f 6108/6108 6103/6103 6099/6099
f 6107/6107 6100/6100 6082/6082
f 6108/6108 6099/6099 6106/6106
f 6110/6110 6092/6092 6095/6095
f 6105/6105 6092/6092 6110/6110
f 6111/6111 6076/6076 6078/6078
f 6113/6113 6082/6082 6066/6066
f 6097/6097 6086/6086 6098/6098
f 6114/6114 5985/5985 5984/5984
f 6076/6076 6086/6086 6075/6075
f 6116/6116 6086/6086 6076/6076
f 6114/6114 5984/5984 5989/5989
f 6116/6116 6098/6098 6086/6086
f 6082/6082 6113/6113 6107/6107
f 6115/6115 6107/6107 6113/6113
f 6117/6117 5923/5923 5909/5909
f 6086/6086 6097/6097 6052/6052
f 6118/6118 6098/6098 6116/6116
f 5880/5880 6094/6094 5847/5847
f 6119/6119 5989/5989 6000/6000
f 5923/5923 5880/5880 5908/5908
f 6114/6114 5989/5989 6119/6119
f 6120/6120 6116/6116 6076/6076
f 6100/6100 6107/6107 6115/6115
f 6121/6121 6119/6119 6000/6000
f 6120/6120 6076/6076 6111/6111
f 6095/6095 6094/6094 6122/6122
f 6120/6120 6111/6111 6124/6124
f 6125/6125 5880/5880 5923/5923
f 6094/6094 5880/5880 6125/6125
f 6100/6100 6115/6115 5786/5786
f 6122/6122 6094/6094 6125/6125
f 3973/3973 6034/6034 5867/5867
f 5868/5868 6035/6035 6037/6037
f 6121/6121 6000/6000 6025/6025
f 6098/6098 6118/6118 6104/6104
f 6104/6104 6118/6118 6109/6109
f 5876/5876 5868/5868 6127/6127
f 6127/6127 5868/5868 6037/6037
f 6095/6095 6122/6122 6128/6128
f 6129/6129 6121/6121 6025/6025
f 5875/5875 6126/6126 5906/5906
f 6128/6128 6122/6122 6130/6130
f 6131/6131 6114/6114 6132/6132
f 6042/6042 6126/6126 6036/6036
f 6118/6118 6116/6116 5866/5866
f 5906/5906 6126/6126 6042/6042
f 6116/6116 6120/6120 5866/5866
f 6132/6132 6119/6119 6121/6121
f 6128/6128 6110/6110 6095/6095
f 6132/6132 6114/6114 6119/6119
f 6128/6128 6133/6133 6110/6110
f 6105/6105 6110/6110 6133/6133
f 6061/6061 5906/5906 6042/6042
f 6133/6133 6128/6128 6130/6130
f 5866/5866 6120/6120 5861/5861
f 6134/6134 6122/6122 5923/5923
f 5923/5923 6122/6122 6125/6125
f 6135/6135 6118/6118 5866/5866
f 6117/6117 6136/6136 5923/5923
f 6134/6134 5923/5923 6136/6136
f 6130/6130 6122/6122 6134/6134
f 5059/5059 5149/5149 6022/6022
f 6138/6138 5906/5906 6061/6061
f 6130/6130 6134/6134 6139/6139
f 6121/6121 6129/6129 6140/6140
f 6134/6134 6136/6136 6139/6139
f 6022/6022 6039/6039 5059/5059
f 6140/6140 6132/6132 6121/6121
f 6140/6140 6129/6129 6137/6137
f 6141/6141 6142/6142 6105/6105
f 6143/6143 6144/6144 6139/6139
f 6132/6132 6140/6140 6145/6145
f 6141/6141 6105/6105 6133/6133
f 6146/6146 6137/6137 6147/6147
f 5906/5906 6138/6138 5927/5927
f 5927/5927 6138/6138 5935/5935
f 6148/6148 5059/5059 6039/6039
f 5057/5057 5059/5059 6148/6148
f 6039/6039 6049/6049 6148/6148
f 6130/6130 6149/6149 6133/6133
f 6145/6145 6140/6140 6146/6146
f 6137/6137 6146/6146 6140/6140
f 6150/6150 6141/6141 6133/6133
f 6146/6146 6151/6151 6145/6145
f 6100/6100 6061/6061 6060/6060
f 6138/6138 6061/6061 6100/6100
f 6150/6150 6133/6133 6149/6149
f 6150/6150 6149/6149 6152/6152
f 6151/6151 6153/6153 6145/6145
f 6149/6149 6130/6130 6154/6154
f 5932/5932 5927/5927 5935/5935
f 6154/6154 6155/6155 6149/6149
f 6130/6130 6139/6139 6154/6154
f 6139/6139 6144/6144 6156/6156
f 6156/6156 6154/6154 6139/6139
f 6151/6151 6146/6146 6157/6157
f 6158/6158 6148/6148 6049/6049
f 6158/6158 5057/5057 6148/6148
f 6049/6049 6096/6096 6158/6158
f 6159/6159 6065/6065 5848/5848
f 6155/6155 6144/6144 6160/6160
f 6155/6155 6156/6156 6144/6144
f 6156/6156 6155/6155 6154/6154
f 6158/6158 6096/6096 6161/6161
f 6159/6159 5848/5848 5986/5986
f 6160/6160 6152/6152 6155/6155
f 6152/6152 6149/6149 6155/6155
f 5069/5069 5057/5057 5076/5076
f 6162/6162 6150/6150 6152/6152
f 5076/5076 5057/5057 6158/6158
f 6166/6166 6162/6162 6152/6152
f 6138/6138 6100/6100 5785/5785
f 6167/6167 6168/6168 6169/6169
f 5143/5143 5076/5076 6158/6158
f 5935/5935 6138/6138 6170/6170
f 6162/6162 6167/6167 6169/6169
f 5985/5985 6114/6114 6163/6163
f 6161/6161 5143/5143 6158/6158
f 6166/6166 6152/6152 6160/6160
f 6170/6170 6138/6138 5784/5784
f 5785/5785 5784/5784 6138/6138
f 6096/6096 6102/6102 6161/6161
f 6102/6102 6104/6104 6161/6161
f 6065/6065 6159/6159 6165/6165
f 6059/6059 6079/6079 6023/6023
f 6079/6079 6171/6171 5909/5909
f 6080/6080 6074/6074 6065/6065
f 6171/6171 6117/6117 5909/5909
f 6174/6174 6071/6071 6175/6175
f 6172/6172 6065/6065 6165/6165
f 6174/6174 6176/6176 6071/6071
f 6080/6080 6065/6065 6172/6172
f 6069/6069 6071/6071 6176/6176
f 6164/6164 6163/6163 6114/6114
f 6164/6164 6114/6114 6131/6131
f 6179/6179 6171/6171 6079/6079
f 6178/6178 6077/6077 6069/6069
f 6164/6164 6131/6131 6173/6173
f 6176/6176 6178/6178 6069/6069
f 4035/4035 4057/4057 6064/6064
f 6181/6181 6173/6173 6131/6131
f 6179/6179 6079/6079 6180/6180
f 6179/6179 6180/6180 6177/6177
f 6174/6174 6182/6182 5974/5974
f 6177/6177 6171/6171 6179/6179
f 6066/6066 6064/6064 6183/6183
f 6064/6064 4057/4057 6183/6183
f 6176/6176 6174/6174 5974/5974
f 5974/5974 5979/5979 6176/6176
f 6183/6183 4057/4057 3777/3777
f 6185/6185 6136/6136 6117/6117
f 6010/6010 3777/3777 3776/3776
f 6117/6117 6171/6171 6177/6177
f 6172/6172 6187/6187 6080/6080
f 6177/6177 6188/6188 6117/6117
f 6188/6188 6189/6189 6185/6185
f 6187/6187 6186/6186 6080/6080
f 6187/6187 6190/6190 6186/6186
f 6101/6101 6080/6080 6186/6186
f 6010/6010 6183/6183 3777/3777
f 6112/6112 6077/6077 6178/6178
f 6136/6136 6185/6185 6139/6139
f 6192/6192 6112/6112 6178/6178
f 6010/6010 6193/6193 6183/6183
f 6189/6189 6188/6188 6177/6177
f 6188/6188 6185/6185 6117/6117
f 6192/6192 6178/6178 6176/6176
f 6189/6189 6177/6177 6194/6194
f 6123/6123 6112/6112 6192/6192
f 6184/6184 6181/6181 6131/6131
f 6185/6185 6189/6189 6195/6195
f 6139/6139 6185/6185 6143/6143
f 6192/6192 6176/6176 6196/6196
f 6197/6197 6066/6066 6183/6183
f 6196/6196 5854/5854 6192/6192
f 6198/6198 6181/6181 6184/6184
f 6168/6168 6167/6167 6199/6199
f 6198/6198 6200/6200 6181/6181
f 4531/4531 4529/4529 4545/4545
f 5979/5979 6201/6201 6176/6176
f 6196/6196 6176/6176 6201/6201
f 6181/6181 6200/6200 6191/6191
f 6183/6183 6193/6193 6197/6197
f 6203/6203 6202/6202 4531/4531
f 6186/6186 6190/6190 6205/6205
f 6204/6204 6191/6191 6200/6200
f 6206/6206 6197/6197 6193/6193
f 3804/3804 4526/4526 6015/6015
f 6123/6123 6192/6192 5864/5864
f 6015/6015 4526/4526 6202/6202
f 6197/6197 6113/6113 6066/6066
f 6208/6208 6204/6204 6200/6200
f 6204/6204 6208/6208 6209/6209
f 6024/6024 6014/6014 6015/6015
f 6208/6208 6200/6200 6211/6211
f 5853/5853 6192/6192 5854/5854
f 4531/4531 6202/6202 4526/4526
f 6106/6106 6101/6101 6186/6186
f 6212/6212 6106/6106 6186/6186
f 6015/6015 6202/6202 6203/6203
f 6196/6196 6201/6201 5921/5921
f 6018/6018 6213/6213 6010/6010
f 5854/5854 6196/6196 5921/5921
f 5855/5855 5854/5854 5921/5921
f 6030/6030 6024/6024 6015/6015
f 6214/6214 6106/6106 6212/6212
f 6214/6214 6108/6108 6106/6106
f 5854/5854 5852/5852 5853/5853
f 6215/6215 6030/6030 6015/6015
f 6193/6193 6010/6010 6213/6213
f 6212/6212 6186/6186 6205/6205
f 6206/6206 6193/6193 6213/6213
f 5863/5863 6120/6120 6124/6124
f 6216/6216 6215/6215 6015/6015
f 6212/6212 6205/6205 6210/6210
f 5863/5863 5861/5861 6120/6120
f 6217/6217 6215/6215 6216/6216
f 6006/6006 6024/6024 6030/6030
f 6184/6184 6131/6131 6132/6132
f 5853/5853 5864/5864 6192/6192
f 6145/6145 6184/6184 6132/6132
f 5818/5818 6027/6027 6030/6030
f 6207/6207 6113/6113 6197/6197
f 6030/6030 6215/6215 5818/5818
f 5981/5981 6201/6201 5979/5979
f 6145/6145 6198/6198 6184/6184
f 6153/6153 6198/6198 6145/6145
f 6198/6198 6153/6153 6200/6200
f 6206/6206 6207/6207 6197/6197
f 6216/6216 6015/6015 6203/6203
f 6001/6001 6201/6201 5981/5981
f 5981/5981 5996/5996 6001/6001
f 6151/6151 6211/6211 6153/6153
f 6206/6206 6218/6218 6207/6207
f 6219/6219 6218/6218 6206/6206
f 6200/6200 6153/6153 6211/6211
f 6211/6211 6220/6220 6221/6221
f 6220/6220 6211/6211 6151/6151
f 6222/6222 6220/6220 6151/6151
f 6001/6001 5928/5928 6201/6201
f 6223/6223 4531/4531 4545/4545
f 5921/5921 6201/6201 5928/5928
f 5858/5858 6091/6091 5930/5930
f 6223/6223 6203/6203 4531/4531
f 5929/5929 5930/5930 5949/5949
f 6223/6223 4545/4545 4477/4477
f 5955/5955 5949/5949 5930/5930
f 6091/6091 5955/5955 5930/5930
f 6105/6105 5955/5955 6091/6091
f 6113/6113 6207/6207 6218/6218
f 6001/6001 5858/5858 5928/5928
f 6218/6218 6115/6115 6113/6113
f 5937/5937 6115/6115 6218/6218
f 6224/6224 6109/6109 6118/6118
f 6224/6224 6118/6118 6135/6135
f 6225/6225 4477/4477 5772/5772
f 5945/5945 5937/5937 6218/6218
f 6225/6225 6223/6223 4477/4477
f 5786/5786 6115/6115 5937/5937
f 6226/6226 6227/6227 6224/6224
f 6203/6203 6223/6223 6228/6228
f 6225/6225 6228/6228 6223/6223
f 5945/5945 6218/6218 6219/6219
f 6105/6105 6142/6142 5955/5955
f 6229/6229 5955/5955 6142/6142
f 5993/5993 5955/5955 6229/6229
f 6206/6206 6213/6213 6230/6230
f 6226/6226 6224/6224 6135/6135
f 5898/5898 6135/6135 5866/5866
f 5778/5778 6225/6225 5772/5772
f 5898/5898 5866/5866 5874/5874
f 5801/5801 6225/6225 5778/5778
f 6231/6231 5993/5993 6229/6229
f 6031/6031 6230/6230 6213/6213
f 6230/6230 6031/6031 5980/5980
f 6226/6226 6135/6135 5898/5898
f 5805/5805 6226/6226 5898/5898
f 6228/6228 6225/6225 6232/6232
f 6219/6219 6206/6206 6230/6230
f 6229/6229 6142/6142 6233/6233
f 6213/6213 6018/6018 6031/6031
f 6233/6233 6142/6142 6141/6141
f 5805/5805 5898/5898 5816/5816
f 5801/5801 6232/6232 6225/6225
f 6216/6216 6203/6203 6228/6228
f 5816/5816 5898/5898 5897/5897
f 5993/5993 6231/6231 5998/5998
f 5817/5817 6027/6027 5818/5818
f 6234/6234 6031/6031 5817/5817
f 5818/5818 6215/6215 6217/6217
f 6231/6231 6235/6235 5998/5998
f 5143/5143 5075/5075 5076/5076
f 6237/6237 5143/5143 6161/6161
f 6236/6236 5818/5818 6217/6217
f 5143/5143 6237/6237 6238/6238
f 6231/6231 6229/6229 6233/6233
f 6235/6235 6231/6231 6233/6233
f 5953/5953 5945/5945 6219/6219
f 5953/5953 6219/6219 5975/5975
f 6219/6219 6230/6230 5980/5980
f 6219/6219 5980/5980 5975/5975
f 6161/6161 6109/6109 6237/6237
f 6235/6235 6233/6233 6239/6239
f 6217/6217 6216/6216 6241/6241
f 6109/6109 6161/6161 6104/6104
f 5980/5980 6031/6031 6234/6234
f 6240/6240 6241/6241 6216/6216
f 6236/6236 6217/6217 6241/6241
f 5817/5817 5829/5829 6234/6234
f 6150/6150 6233/6233 6141/6141
f 6241/6241 6242/6242 6236/6236
f 6234/6234 5829/5829 5980/5980
f 6239/6239 6233/6233 6150/6150
f 5818/5818 6236/6236 5820/5820
f 6150/6150 6162/6162 6169/6169
f 5143/5143 6238/6238 5160/5160
f 6168/6168 6239/6239 6150/6150
f 6168/6168 6150/6150 6169/6169
f 6243/6243 6239/6239 6168/6168
f 6241/6241 6240/6240 6244/6244
f 6241/6241 6244/6244 6245/6245
f 6246/6246 6025/6025 5998/5998
f 5998/5998 6235/6235 6247/6247
f 5820/5820 6236/6236 6242/6242
f 5786/5786 5936/5936 5787/5787
f 6245/6245 6242/6242 6241/6241
f 6246/6246 5998/5998 6248/6248
f 6248/6248 5998/5998 6247/6247
f 5809/5809 5820/5820 6242/6242
f 6249/6249 6237/6237 6109/6109
f 6249/6249 6109/6109 6227/6227
f 6250/6250 6235/6235 6239/6239
f 6250/6250 6239/6239 6243/6243
f 6250/6250 6251/6251 6235/6235
f 5812/5812 5809/5809 6245/6245
f 5954/5954 5935/5935 5970/5970
f 6245/6245 5809/5809 6242/6242
f 5804/5804 6249/6249 6227/6227
f 5935/5935 5784/5784 5970/5970
f 6252/6252 6228/6228 6232/6232
f 6252/6252 6232/6232 6253/6253
f 6238/6238 6237/6237 6249/6249
f 6247/6247 6235/6235 6251/6251
f 5803/5803 5793/5793 6254/6254
f 5801/5801 5803/5803 6255/6255
f 6255/6255 5803/5803 6254/6254
f 5784/5784 5935/5935 6170/6170
f 6246/6246 6248/6248 6256/6256
f 6256/6256 6248/6248 6247/6247
f 6253/6253 6232/6232 6255/6255
f 5768/5768 5970/5970 5784/5784
f 5801/5801 6255/6255 6232/6232
f 6257/6257 6258/6258 6259/6259
f 6259/6259 6260/6260 6257/6257
f 6247/6247 6251/6251 6260/6260
f 6227/6227 6109/6109 6224/6224
f 5797/5797 5768/5768 5784/5784
f 6256/6256 6247/6247 6260/6260
f 6255/6255 6261/6261 6262/6262
f 6260/6260 6259/6259 6256/6256
f 6253/6253 6255/6255 6262/6262
f 6025/6025 6246/6246 6129/6129
f 6264/6264 6244/6244 6263/6263
f 6264/6264 6263/6263 6265/6265
f 5805/5805 6227/6227 6226/6226
f 6129/6129 6246/6246 6256/6256
f 6262/6262 6266/6266 6253/6253
f 6266/6266 6263/6263 6253/6253
f 6216/6216 6228/6228 6252/6252
f 5782/5782 5768/5768 5797/5797
f 6240/6240 6216/6216 6252/6252
f 5804/5804 6227/6227 5805/5805
f 6256/6256 6258/6258 6129/6129
f 5797/5797 5808/5808 5782/5782
f 6137/6137 6129/6129 6258/6258
f 6258/6258 6147/6147 6137/6137
f 6256/6256 6259/6259 6258/6258
f 6252/6252 6253/6253 6263/6263
f 6263/6263 6244/6244 6252/6252
f 6250/6250 6243/6243 6199/6199
f 6168/6168 6199/6199 6243/6243
f 5776/5776 5160/5160 6238/6238
f 6244/6244 6240/6240 6252/6252
f 5776/5776 6238/6238 6249/6249
f 5767/5767 5773/5773 5970/5970
f 6249/6249 5804/5804 5770/5770
f 5767/5767 5970/5970 5768/5768
f 6244/6244 6264/6264 6245/6245
f 6267/6267 6269/6269 6209/6209
f 6264/6264 6270/6270 6245/6245
f 6271/6271 6264/6264 6265/6265
f 6271/6271 6270/6270 6264/6264
f 6221/6221 6272/6272 6267/6267
f 5770/5770 5776/5776 6249/6249
f 6208/6208 6211/6211 6267/6267
f 6267/6267 6209/6209 6208/6208
f 5812/5812 6270/6270 6271/6271
f 5812/5812 6245/6245 6270/6270
f 4477/4477 4470/4470 5772/5772
f 6274/6274 6275/6275 6268/6268
f 6269/6269 6267/6267 6273/6273
f 6272/6272 6273/6273 6267/6267
f 4470/4470 4626/4626 5771/5771
f 6214/6214 6212/6212 6210/6210
f 5770/5770 5806/5806 5769/5769
f 6210/6210 6275/6275 6214/6214
f 6210/6210 6268/6268 6275/6275
f 6221/6221 6220/6220 6272/6272
f 6221/6221 6267/6267 6211/6211
f 6277/6277 6278/6278 6279/6279
f 6280/6280 6281/6281 6282/6282
f 6283/6283 6282/6282 6284/6284
f 6282/6282 6281/6281 6285/6285
f 6286/6286 2462/2462 6288/6288
f 6285/6285 6281/6281 6288/6288
f 6289/6289 6279/6279 6290/6290
f 6281/6281 6292/6292 6293/6293
f 6290/6290 6295/6295 6289/6289
f 6293/6293 6288/6288 6281/6281
f 4903/4903 6297/6297 6298/6298
f 6282/6282 6285/6285 6299/6299
f 6295/6295 6300/6300 6289/6289
f 6299/6299 6301/6301 6282/6282
f 6284/6284 6282/6282 6301/6301
f 6299/6299 2460/2460 2468/2468
f 6301/6301 6299/6299 2468/2468
f 2468/2468 6302/6302 6301/6301
f 6303/6303 6304/6304 6305/6305
f 6307/6307 6303/6303 6305/6305
f 6302/6302 6284/6284 6301/6301
f 6299/6299 6285/6285 2461/2461
f 6288/6288 2462/2462 2461/2461
f 2461/2461 6285/6285 6288/6288
f 6299/6299 2461/2461 2460/2460
f 6308/6308 6310/6310 6311/6311
f 6311/6311 6313/6313 6315/6315
f 6316/6316 2468/2468 2465/2465
f 6302/6302 2468/2468 6316/6316
f 6316/6316 2465/2465 2469/2469
f 6317/6317 6284/6284 6302/6302
f 6318/6318 6307/6307 6305/6305
f 6317/6317 6319/6319 6320/6320
f 6319/6319 6317/6317 6302/6302
f 6322/6322 6302/6302 6316/6316
f 6322/6322 6316/6316 2469/2469
f 6319/6319 6302/6302 6322/6322
f 6322/6322 6323/6323 6319/6319
f 6324/6324 6326/6326 6328/6328
f 6311/6311 6315/6315 6308/6308
f 6326/6326 6330/6330 6331/6331
f 6332/6332 6333/6333 6334/6334
f 6315/6315 6336/6336 6308/6308
f 6329/6329 6334/6334 6333/6333
f 6337/6337 6329/6329 6333/6333
f 6330/6330 6326/6326 6335/6335
f 6337/6337 6333/6333 6338/6338
f 6339/6339 6331/6331 6330/6330
f 6341/6341 6342/6342 6305/6305
f 6310/6310 6308/6308 6343/6343
f 6342/6342 6341/6341 6345/6345
f 6346/6346 6347/6347 6319/6319
f 6348/6348 6338/6338 6349/6349
f 6348/6348 6337/6337 6338/6338
f 6348/6348 6350/6350 6337/6337
f 6347/6347 6346/6346 6348/6348
f 6346/6346 6351/6351 6348/6348
f 6350/6350 6348/6348 6351/6351
f 6315/6315 6352/6352 6353/6353
f 6346/6346 6319/6319 6323/6323
f 2469/2469 6323/6323 6322/6322
f 6354/6354 6342/6342 6345/6345
f 6278/6278 6354/6354 6345/6345
f 2469/2469 6355/6355 6323/6323
f 6356/6356 6351/6351 6346/6346
f 6346/6346 6323/6323 6355/6355
f 6356/6356 6346/6346 6355/6355
f 6355/6355 6357/6357 6356/6356
f 6355/6355 6358/6358 6357/6357
f 6308/6308 6336/6336 6359/6359
f 6329/6329 6337/6337 6360/6360
f 6360/6360 6337/6337 6350/6350
f 6340/6340 6360/6360 6361/6361
f 6360/6360 6340/6340 6329/6329
f 6353/6353 6362/6362 6315/6315
f 6360/6360 6350/6350 6363/6363
f 6351/6351 6363/6363 6350/6350
f 6364/6364 6362/6362 6353/6353
f 6361/6361 6360/6360 6363/6363
f 6336/6336 6315/6315 6362/6362
f 6352/6352 6315/6315 6361/6361
f 6363/6363 6352/6352 6361/6361
f 6352/6352 6363/6363 6357/6357
f 6366/6366 6368/6368 6318/6318
f 5849/5849 6029/6029 5856/5856
f 6356/6356 6363/6363 6351/6351
f 6356/6356 6357/6357 6363/6363
f 6369/6369 6370/6370 6371/6371
f 6369/6369 6371/6371 6372/6372
f 6367/6367 6373/6373 6306/6306
f 6369/6369 6029/6029 6370/6370
f 6318/6318 6368/6368 6307/6307
f 6045/6045 6029/6029 6369/6369
f 6357/6357 6374/6374 6352/6352
f 6367/6367 6375/6375 6373/6373
f 6059/6059 6023/6023 6044/6044
f 6352/6352 6374/6374 6353/6353
f 6044/6044 6045/6045 6059/6059
f 6029/6029 6045/6045 6028/6028
f 6318/6318 6305/6305 6342/6342
f 6354/6354 6318/6318 6342/6342
f 6277/6277 6354/6354 6278/6278
f 6353/6353 6374/6374 6364/6364
f 6376/6376 6277/6277 6279/6279
f 6377/6377 6279/6279 6289/6289
f 6376/6376 6354/6354 6277/6277
f 6318/6318 6354/6354 6376/6376
f 6377/6377 6376/6376 6279/6279
f 6378/6378 6318/6318 6376/6376
f 6379/6379 6376/6376 6377/6377
f 6378/6378 6376/6376 6379/6379
f 6318/6318 6378/6378 6366/6366
f 6380/6380 6381/6381 6304/6304
f 6382/6382 6308/6308 6359/6359
f 6374/6374 6383/6383 6384/6384
f 6382/6382 6386/6386 6385/6385
f 6387/6387 6382/6382 6359/6359
f 6382/6382 6387/6387 6386/6386
f 2530/2530 2581/2581 6389/6389
f 2585/2585 6388/6388 2582/2582
f 6009/6009 6008/6008 6390/6390
f 6391/6391 6011/6011 6013/6013
f 6009/6009 6390/6390 6392/6392
f 6012/6012 6009/6009 6392/6392
f 6012/6012 6392/6392 6391/6391
f 6388/6388 6393/6393 6394/6394
f 2585/2585 6393/6393 6388/6388
f 6396/6396 6385/6385 6261/6261
f 6254/6254 6261/6261 6255/6255
f 6396/6396 6261/6261 6254/6254
f 6265/6265 6263/6263 6266/6266
f 6397/6397 6265/6265 6266/6266
f 5430/5430 5434/5434 5569/5569
f 5430/5430 5569/5569 6398/6398
f 6261/6261 6385/6385 6386/6386
f 6011/6011 6392/6392 6056/6056
f 6056/6056 6392/6392 6399/6399
f 6262/6262 6261/6261 6386/6386
f 6391/6391 6392/6392 6011/6011
f 6262/6262 6386/6386 6397/6397
f 6058/6058 6055/6055 6400/6400
f 6387/6387 6397/6397 6386/6386
f 6266/6266 6262/6262 6397/6397
f 6393/6393 6401/6401 6394/6394
f 6373/6373 6321/6321 6306/6306
f 6403/6403 4935/4935 6402/6402
f 6404/6404 6405/6405 6407/6407
f 6407/6407 6405/6405 6408/6408
f 6407/6407 6408/6408 6409/6409
f 6298/6298 6410/6410 6402/6402
f 6407/6407 6409/6409 6411/6411
f 6412/6412 6407/6407 6413/6413
f 6411/6411 6413/6413 6407/6407
f 4935/4935 6403/6403 5779/5779
f 6403/6403 5777/5777 5779/5779
f 6401/6401 6393/6393 6414/6414
f 6410/6410 6403/6403 6402/6402
f 5777/5777 6403/6403 5794/5794
f 6415/6415 6401/6401 6414/6414
f 4935/4935 4907/4907 6402/6402
f 6402/6402 4906/4906 6298/6298
f 6402/6402 4907/4907 4906/4906
f 6416/6416 6413/6413 6411/6411
f 6417/6417 6411/6411 6415/6415
f 6417/6417 6415/6415 6414/6414
f 4935/4935 5781/5781 4645/4645
f 6414/6414 6393/6393 6418/6418
f 6419/6419 6414/6414 6418/6418
f 6058/6058 6400/6400 6421/6421
f 6058/6058 6421/6421 6175/6175
f 6071/6071 6058/6058 6175/6175
f 6423/6423 6413/6413 6424/6424
f 6425/6425 6424/6424 6426/6426
f 6425/6425 6423/6423 6424/6424
f 6424/6424 6413/6413 6416/6416
f 6410/6410 6298/6298 6382/6382
f 6427/6427 6417/6417 6414/6414
f 6427/6427 6416/6416 6417/6417
f 6416/6416 6411/6411 6417/6417
f 6428/6428 6424/6424 6416/6416
f 6426/6426 6424/6424 6428/6428
f 5794/5794 6410/6410 6385/6385
f 6420/6420 6422/6422 6429/6429
f 5794/5794 6403/6403 6410/6410
f 6430/6430 6416/6416 6427/6427
f 6428/6428 6416/6416 6430/6430
f 6385/6385 6410/6410 6382/6382
f 6418/6418 6431/6431 6419/6419
f 6385/6385 6396/6396 5794/5794
f 6427/6427 6414/6414 6430/6430
f 6430/6430 6414/6414 6419/6419
f 5794/5794 6396/6396 5793/5793
f 6254/6254 5793/5793 6396/6396
f 6432/6432 6428/6428 6430/6430
f 6430/6430 6381/6381 6432/6432
f 6433/6433 6429/6429 6422/6422
f 2635/2635 2634/2634 2645/2645
f 6383/6383 6429/6429 6384/6384
f 6336/6336 6362/6362 6359/6359
f 6434/6434 2635/2635 2645/2645
f 6387/6387 6359/6359 6362/6362
f 6435/6435 6387/6387 6362/6362
f 6436/6436 6434/6434 6437/6437
f 6453/6453 6420/6420 6383/6383
f 6420/6420 6429/6429 6383/6383
f 6437/6437 6434/6434 2645/2645
f 6438/6438 6364/6364 6384/6384
f 5812/5812 6439/6439 5810/5810
f 6358/6358 6436/6436 6437/6437
f 5810/5810 6439/6439 5814/5814
f 6429/6429 6372/6372 6384/6384
f 6440/6440 6364/6364 6438/6438
f 6441/6441 6440/6440 6438/6438
f 5814/5814 6439/6439 6440/6440
f 5814/5814 6440/6440 6441/6441
f 5814/5814 6441/6441 6442/6442
f 6435/6435 6397/6397 6387/6387
f 6362/6362 6364/6364 6435/6435
f 6440/6440 6443/6443 6435/6435
f 2465/2465 2635/2635 6444/6444
f 6443/6443 6397/6397 6435/6435
f 6397/6397 6443/6443 6265/6265
f 6440/6440 6435/6435 6364/6364
f 6439/6439 6443/6443 6440/6440
f 6384/6384 6372/6372 6371/6371
f 6271/6271 6265/6265 6439/6439
f 6443/6443 6439/6439 6265/6265
f 5812/5812 6271/6271 6439/6439
f 2469/2469 2465/2465 6444/6444
f 6371/6371 6438/6438 6384/6384
f 6442/6442 6441/6441 6438/6438
f 6442/6442 6438/6438 6371/6371
f 5434/5434 5574/5574 5569/5569
f 6445/6445 6380/6380 6447/6447
f 6448/6448 6451/6451 6445/6445
f 6444/6444 6358/6358 6355/6355
f 6447/6447 6448/6448 6445/6445
f 6358/6358 6444/6444 6436/6436
f 5844/5844 5814/5814 5849/5849
f 6442/6442 5849/5849 5814/5814
f 6422/6422 6449/6449 6446/6446
f 6370/6370 5849/5849 6442/6442
f 6436/6436 6444/6444 2635/2635
f 6029/6029 5849/5849 6370/6370
f 5844/5844 5849/5849 5856/5856
f 6370/6370 6442/6442 6371/6371
f 6357/6357 6358/6358 6452/6452
f 6420/6420 6453/6453 6449/6449
f 6422/6422 6420/6420 6449/6449
f 6355/6355 2469/2469 6444/6444
f 6445/6445 6432/6432 6381/6381
f 6381/6381 6380/6380 6445/6445
f 6454/6454 2647/2647 2650/2650
f 6436/6436 2635/2635 6434/6434
f 6455/6455 2647/2647 6454/6454
f 6457/6457 6456/6456 5569/5569
f 6380/6380 6459/6459 6447/6447
f 6486/6486 6446/6446 6458/6458
f 2530/2530 6389/6389 2645/2645
f 6457/6457 5574/5574 5583/5583
f 6457/6457 5583/5583 6051/6051
f 5796/5796 5171/5171 5172/5172
f 5583/5583 5171/5171 5796/5796
f 5796/5796 6051/6051 5583/5583
f 6040/6040 6051/6051 5796/5796
f 6047/6047 6085/6085 6051/6051
f 6446/6446 6486/6486 6422/6422
f 6460/6460 2645/2645 6389/6389
f 2585/2585 2647/2647 6393/6393
f 5574/5574 6457/6457 5569/5569
f 6303/6303 6459/6459 6380/6380
f 6051/6051 6461/6461 6457/6457
f 6461/6461 6456/6456 6457/6457
f 6462/6462 6429/6429 6433/6433
f 6433/6433 6422/6422 6486/6486
f 6463/6463 2645/2645 6460/6460
f 6085/6085 6461/6461 6051/6051
f 6460/6460 6395/6395 6464/6464
f 6467/6467 6468/6468 6463/6463
f 6460/6460 6464/6464 6463/6463
f 6465/6465 6401/6401 6469/6469
f 6467/6467 6463/6463 6464/6464
f 6393/6393 2647/2647 6455/6455
f 6470/6470 2645/2645 6463/6463
f 6471/6471 6462/6462 6433/6433
f 6472/6472 6456/6456 6461/6461
f 6103/6103 6473/6473 6461/6461
f 6473/6473 6472/6472 6461/6461
f 6460/6460 6389/6389 6395/6395
f 6394/6394 6401/6401 6465/6465
f 6108/6108 6276/6276 6473/6473
f 6087/6087 6461/6461 6085/6085
f 6474/6474 6475/6475 6476/6476
f 6477/6477 6474/6474 6478/6478
f 6088/6088 6103/6103 6087/6087
f 6087/6087 6103/6103 6461/6461
f 6437/6437 6479/6479 6358/6358
f 6103/6103 6108/6108 6473/6473
f 6452/6452 6358/6358 6479/6479
f 6475/6475 6480/6480 6437/6437
f 6481/6481 6475/6475 6437/6437
f 6482/6482 6480/6480 6475/6475
f 6437/6437 6480/6480 6479/6479
f 6479/6479 6483/6483 6452/6452
f 6483/6483 6479/6479 6480/6480
f 6144/6144 6143/6143 6484/6484
f 6483/6483 6485/6485 6452/6452
f 6471/6471 6433/6433 6486/6486
f 6482/6482 6475/6475 6474/6474
f 6483/6483 6480/6480 6482/6482
f 6487/6487 6471/6471 6486/6486
f 6471/6471 6487/6487 6484/6484
f 6488/6488 6373/6373 6375/6375
f 6160/6160 6144/6144 6484/6484
f 6167/6167 6489/6489 6487/6487
f 6483/6483 6453/6453 6485/6485
f 6166/6166 6167/6167 6162/6162
f 6166/6166 6489/6489 6167/6167
f 6489/6489 6166/6166 6160/6160
f 6160/6160 6484/6484 6489/6489
f 6484/6484 6487/6487 6489/6489
f 6488/6488 6491/6491 6492/6492
f 6453/6453 6483/6483 6493/6493
f 6490/6490 6492/6492 6491/6491
f 6490/6490 6157/6157 6146/6146
f 6157/6157 6491/6491 6222/6222
f 6151/6151 6157/6157 6222/6222
f 6490/6490 6491/6491 6157/6157
f 2062/2062 5582/5582 2682/2682
f 6495/6495 2682/2682 5582/5582
f 6180/6180 6079/6079 6059/6059
f 2682/2682 6495/6495 2650/2650
f 6496/6496 6372/6372 6497/6497
f 6194/6194 6059/6059 6496/6496
f 6194/6194 6496/6496 6497/6497
f 5579/5579 5582/5582 2063/2063
f 6276/6276 6108/6108 6214/6214
f 6498/6498 5582/5582 5579/5579
f 5578/5578 6498/6498 5579/5579
f 6374/6374 6357/6357 6452/6452
f 6495/6495 6498/6498 6499/6499
f 6498/6498 6495/6495 5582/5582
f 2650/2650 6495/6495 6494/6494
f 6374/6374 6452/6452 6485/6485
f 6045/6045 6369/6369 6500/6500
f 6500/6500 6369/6369 6372/6372
f 6499/6499 6494/6494 6495/6495
f 6045/6045 6500/6500 6059/6059
f 6500/6500 6372/6372 6496/6496
f 6059/6059 6500/6500 6496/6496
f 6494/6494 6454/6454 2650/2650
f 6383/6383 6374/6374 6485/6485
f 6498/6498 6501/6501 6499/6499
f 5580/5580 5585/5585 5578/5578
f 6498/6498 5578/5578 6502/6502
f 5585/5585 6502/6502 5578/5578
f 6372/6372 6429/6429 6462/6462
f 6502/6502 6501/6501 6498/6498
f 6372/6372 6462/6462 6497/6497
f 6454/6454 6494/6494 6499/6499
f 6499/6499 6503/6503 6454/6454
f 6504/6504 6250/6250 6199/6199
f 6250/6250 6504/6504 6251/6251
f 6189/6189 6194/6194 6195/6195
f 6505/6505 5585/5585 5584/5584
f 6180/6180 6194/6194 6177/6177
f 6504/6504 6506/6506 6260/6260
f 6505/6505 5584/5584 5586/5586
f 6505/6505 6502/6502 5585/5585
f 6180/6180 6059/6059 6194/6194
f 6504/6504 6260/6260 6251/6251
f 6260/6260 6506/6506 6507/6507
f 6195/6195 6194/6194 6497/6497
f 6195/6195 6497/6497 6508/6508
f 6508/6508 6462/6462 6471/6471
f 6462/6462 6508/6508 6497/6497
f 6195/6195 6143/6143 6185/6185
f 6195/6195 6508/6508 6143/6143
f 6143/6143 6508/6508 6484/6484
f 6484/6484 6508/6508 6471/6471
f 6509/6509 6492/6492 6507/6507
f 6321/6321 6486/6486 6458/6458
f 6257/6257 6260/6260 6507/6507
f 6257/6257 6507/6507 6510/6510
f 6492/6492 6509/6509 6488/6488
f 6510/6510 6507/6507 6492/6492
f 6507/6507 6506/6506 6509/6509
f 6510/6510 6146/6146 6147/6147
f 6257/6257 6147/6147 6258/6258
f 6510/6510 6147/6147 6257/6257
f 6510/6510 6490/6490 6146/6146
f 6454/6454 6503/6503 6511/6511
f 6492/6492 6490/6490 6510/6510
f 5569/5569 6300/6300 6398/6398
f 6512/6512 6454/6454 6511/6511
f 5569/5569 6456/6456 6300/6300
f 6383/6383 6485/6485 6453/6453
f 6513/6513 6514/6514 6515/6515
f 6515/6515 6514/6514 6517/6517
f 6468/6468 6514/6514 6518/6518
f 6519/6519 6513/6513 6515/6515
f 6518/6518 6514/6514 6513/6513
f 6520/6520 6470/6470 6518/6518
f 6468/6468 6518/6518 6470/6470
f 6470/6470 6437/6437 2645/2645
f 6470/6470 6481/6481 6437/6437
f 6470/6470 6520/6520 6481/6481
f 6476/6476 6520/6520 6513/6513
f 6518/6518 6513/6513 6520/6520
f 6521/6521 6476/6476 6513/6513
f 6520/6520 6476/6476 6481/6481
f 5637/5637 6522/6522 6523/6523
f 6481/6481 6476/6476 6475/6475
f 6467/6467 6517/6517 6514/6514
f 6405/6405 6516/6516 6408/6408
f 6516/6516 6466/6466 6408/6408
f 6467/6467 6514/6514 6468/6468
f 6373/6373 6486/6486 6321/6321
f 6469/6469 6466/6466 6465/6465
f 6408/6408 6466/6466 6469/6469
f 6408/6408 6469/6469 6409/6409
f 6517/6517 6406/6406 6515/6515
f 6456/6456 6472/6472 6300/6300
f 6468/6468 6470/6470 6463/6463
f 6524/6524 6474/6474 6477/6477
f 6525/6525 6289/6289 6300/6300
f 6524/6524 6482/6482 6474/6474
f 6526/6526 6511/6511 6527/6527
f 6526/6526 6527/6527 6528/6528
f 6525/6525 6300/6300 6472/6472
f 6483/6483 6482/6482 6493/6493
f 6493/6493 6482/6482 6524/6524
f 6415/6415 6469/6469 6401/6401
f 6469/6469 6415/6415 6409/6409
f 6411/6411 6409/6409 6415/6415
f 6512/6512 6511/6511 6529/6529
f 6373/6373 6530/6530 6486/6486
f 6529/6529 6511/6511 6526/6526
f 6531/6531 6477/6477 6532/6532
f 6531/6531 6524/6524 6477/6477
f 6472/6472 6473/6473 6276/6276
f 6532/6532 6533/6533 6531/6531
f 6536/6536 6531/6531 6533/6533
f 6493/6493 6524/6524 6537/6537
f 6504/6504 6538/6538 6506/6506
f 6506/6506 6538/6538 6530/6530
f 6539/6539 6531/6531 6536/6536
f 6539/6539 6524/6524 6531/6531
f 6455/6455 6418/6418 6393/6393
f 6418/6418 6455/6455 6454/6454
f 6524/6524 6539/6539 6537/6537
f 6512/6512 6418/6418 6454/6454
f 6426/6426 6540/6540 6425/6425
f 6542/6542 6544/6544 6545/6545
f 6546/6546 6547/6547 6541/6541
f 6543/6543 6541/6541 6547/6547
f 6367/6367 6365/6365 6375/6375
f 6545/6545 6544/6544 6532/6532
f 6532/6532 6544/6544 6533/6533
f 6548/6548 6366/6366 6378/6378
f 6549/6549 6534/6534 6543/6543
f 6543/6543 6547/6547 6549/6549
f 6547/6547 6546/6546 6549/6549
f 6538/6538 6486/6486 6530/6530
f 6525/6525 6379/6379 6289/6289
f 6549/6549 6535/6535 6534/6534
f 6550/6550 6379/6379 6525/6525
f 6450/6450 6539/6539 6536/6536
f 6535/6535 6549/6549 6551/6551
f 6535/6535 6551/6551 6451/6451
f 6450/6450 6537/6537 6539/6539
f 6486/6486 6538/6538 6487/6487
f 6450/6450 6453/6453 6537/6537
f 6453/6453 6450/6450 6449/6449
f 6425/6425 6549/6549 6546/6546
f 6425/6425 6540/6540 6549/6549
f 6167/6167 6552/6552 6199/6199
f 6167/6167 6487/6487 6552/6552
f 6551/6551 6549/6549 6540/6540
f 6551/6551 6540/6540 6553/6553
f 6554/6554 6366/6366 6548/6548
f 6199/6199 6552/6552 6538/6538
f 6199/6199 6538/6538 6504/6504
f 6445/6445 6553/6553 6432/6432
f 6552/6552 6487/6487 6538/6538
f 6551/6551 6553/6553 6445/6445
f 6451/6451 6551/6551 6445/6445
f 6537/6537 6453/6453 6493/6493
f 6491/6491 6375/6375 6557/6557
f 6557/6557 6375/6375 6558/6558
f 6540/6540 6426/6426 6428/6428
f 6428/6428 6432/6432 6540/6540
f 6553/6553 6540/6540 6432/6432
f 6491/6491 6488/6488 6375/6375
f 6509/6509 6530/6530 6373/6373
f 6222/6222 6491/6491 6557/6557
f 6506/6506 6530/6530 6509/6509
f 6555/6555 6375/6375 6365/6365
f 6488/6488 6509/6509 6373/6373
f 6558/6558 6375/6375 6555/6555
f 6377/6377 6289/6289 6379/6379
f 6559/6559 2432/2432 2433/2433
f 6431/6431 6418/6418 6512/6512
f 6379/6379 6548/6548 6378/6378
f 6560/6560 6561/6561 6562/6562
f 2438/2438 2433/2433 2429/2429
f 6560/6560 6562/6562 6563/6563
f 5911/5911 6564/6564 5798/5798
f 6560/6560 5798/5798 6564/6564
f 5994/5994 5798/5798 5999/5999
f 2433/2433 2438/2438 6565/6565
f 6276/6276 6214/6214 6566/6566
f 6560/6560 5999/5999 5798/5798
f 6566/6566 6214/6214 6275/6275
f 5999/5999 6560/6560 6008/6008
f 6431/6431 6512/6512 6419/6419
f 6008/6008 6560/6560 6563/6563
f 6566/6566 6275/6275 6274/6274
f 6567/6567 6419/6419 6512/6512
f 6008/6008 6563/6563 6568/6568
f 6273/6273 6272/6272 6569/6569
f 6563/6563 6570/6570 6568/6568
f 6571/6571 6568/6568 6570/6570
f 6568/6568 6390/6390 6008/6008
f 6472/6472 6572/6572 6525/6525
f 6008/6008 6007/6007 5999/5999
f 6573/6573 6550/6550 6525/6525
f 6390/6390 6568/6568 6571/6571
f 6572/6572 6573/6573 6525/6525
f 6472/6472 6276/6276 6572/6572
f 6572/6572 6276/6276 6566/6566
f 6559/6559 2433/2433 6565/6565
f 6566/6566 6574/6574 6572/6572
f 6573/6573 6572/6572 6574/6574
f 6575/6575 6558/6558 6556/6556
f 6550/6550 6573/6573 6576/6576
f 6576/6576 6548/6548 6550/6550
f 6565/6565 6309/6309 6559/6559
f 6430/6430 6419/6419 6567/6567
f 6574/6574 6566/6566 6274/6274
f 6274/6274 6578/6578 6574/6574
f 6273/6273 6569/6569 6577/6577
f 6575/6575 6577/6577 6569/6569
f 6576/6576 6574/6574 6578/6578
f 6574/6574 6576/6576 6573/6573
f 6222/6222 6272/6272 6220/6220
f 6569/6569 6557/6557 6558/6558
f 6222/6222 6557/6557 6569/6569
f 6222/6222 6569/6569 6272/6272
f 6579/6579 6512/6512 6529/6529
f 6555/6555 6556/6556 6558/6558
f 6569/6569 6558/6558 6575/6575
f 6580/6580 6561/6561 6581/6581
f 6501/6501 6582/6582 6583/6583
f 6344/6344 4829/4829 6559/6559
f 6584/6584 6586/6586 6587/6587
f 6584/6584 6587/6587 6580/6580
f 6499/6499 6501/6501 6503/6503
f 6581/6581 6584/6584 6580/6580
f 6583/6583 6503/6503 6501/6501
f 6588/6588 6584/6584 6581/6581
f 6559/6559 6309/6309 6344/6344
f 6589/6589 6588/6588 6581/6581
f 6590/6590 6505/6505 5586/5586
f 6589/6589 6561/6561 6560/6560
f 6561/6561 6589/6589 6581/6581
f 6592/6592 6586/6586 6584/6584
f 5638/5638 6590/6590 5586/5586
f 6590/6590 6582/6582 6505/6505
f 6592/6592 6584/6584 6593/6593
f 6501/6501 6502/6502 6505/6505
f 6501/6501 6505/6505 6582/6582
f 6588/6588 5919/5919 6584/6584
f 6593/6593 6584/6584 5919/5919
f 6593/6593 5919/5919 5917/5917
f 6591/6591 6594/6594 6595/6595
f 6590/6590 5638/5638 6596/6596
f 6597/6597 6598/6598 6595/6595
f 6590/6590 6596/6596 6599/6599
f 6595/6595 6600/6600 6597/6597
f 6600/6600 6595/6595 6594/6594
f 5916/5916 6600/6600 6594/6594
f 6601/6601 6600/6600 5916/5916
f 4776/4776 1252/1252 2459/2459
f 5947/5947 6600/6600 6601/6601
f 2459/2459 2449/2449 2432/2432
f 5947/5947 6602/6602 6600/6600
f 6564/6564 6589/6589 6560/6560
f 5911/5911 6589/6589 6564/6564
f 6527/6527 6503/6503 6583/6583
f 6589/6589 5911/5911 6588/6588
f 5911/5911 5833/5833 5912/5912
f 2459/2459 2432/2432 6559/6559
f 5912/5912 6588/6588 5911/5911
f 5911/5911 5798/5798 5832/5832
f 6588/6588 5912/5912 5919/5919
f 5913/5913 5845/5845 5918/5918
f 6590/6590 6599/6599 6582/6582
f 6527/6527 6511/6511 6503/6503
f 4829/4829 2459/2459 6559/6559
f 4776/4776 2459/2459 4829/4829
f 5916/5916 5887/5887 5938/5938
f 5916/5916 5938/5938 5941/5941
f 6601/6601 5916/5916 5941/5941
f 5941/5941 5947/5947 6601/6601
f 6596/6596 5638/5638 5637/5637
f 6523/6523 6596/6596 5637/5637
f 6603/6603 6582/6582 6599/6599
f 6603/6603 6583/6583 6582/6582
f 6604/6604 6603/6603 6599/6599
f 6604/6604 6599/6599 6596/6596
f 6606/6606 6607/6607 6608/6608
f 6606/6606 6571/6571 6607/6607
f 6610/6610 6571/6571 6606/6606
f 6523/6523 6604/6604 6596/6596
f 6571/6571 6610/6610 6390/6390
f 6392/6392 6390/6390 6610/6610
f 6399/6399 6610/6610 6606/6606
f 6392/6392 6610/6610 6399/6399
f 6600/6600 6602/6602 6597/6597
f 6611/6611 6597/6597 6602/6602
f 6604/6604 6612/6612 6603/6603
f 6613/6613 6597/6597 6611/6611
f 6522/6522 6604/6604 6523/6523
f 6400/6400 6605/6605 6421/6421
f 5961/5961 6611/6611 6602/6602
f 6602/6602 5947/5947 5961/5961
f 6614/6614 6615/6615 6616/6616
f 6615/6615 6614/6614 6613/6613
f 6528/6528 6583/6583 6603/6603
f 6528/6528 6527/6527 6583/6583
f 6615/6615 6613/6613 6617/6617
f 6618/6618 6615/6615 6619/6619
f 6613/6613 6611/6611 6617/6617
f 5961/5961 6617/6617 6611/6611
f 6617/6617 6619/6619 6615/6615
f 6619/6619 6617/6617 5960/5960
f 6612/6612 6528/6528 6603/6603
f 6182/6182 6619/6619 5960/5960
f 6421/6421 6605/6605 6616/6616
f 6618/6618 6421/6421 6616/6616
f 6175/6175 6421/6421 6618/6618
f 6174/6174 6175/6175 6618/6618
f 6618/6618 6616/6616 6615/6615
f 6619/6619 6182/6182 6174/6174
f 6618/6618 6619/6619 6174/6174
f 5974/5974 6182/6182 5960/5960
f 5947/5947 5948/5948 5961/5961
f 5960/5960 6617/6617 5961/5961
f 5961/5961 5948/5948 5962/5962
f 6522/6522 5637/5637 6620/6620
f 5650/5650 5637/5637 5642/5642
f 6621/6621 6622/6622 6623/6623
f 6624/6624 6622/6622 6621/6621
f 6625/6625 2438/2438 2316/2316
f 2316/2316 6622/6622 6625/6625
f 5637/5637 5650/5650 6620/6620
f 6565/6565 6625/6625 6624/6624
f 6624/6624 6625/6625 6622/6622
f 6565/6565 2438/2438 6625/6625
f 6622/6622 2316/2316 2464/2464
f 6627/6627 6620/6620 5650/5650
f 6627/6627 5650/5650 6628/6628
f 6286/6286 2463/2463 2462/2462
f 6623/6623 6287/6287 6631/6631
f 6629/6629 6286/6286 6293/6293
f 6288/6288 6293/6293 6286/6286
f 6528/6528 6632/6632 6526/6526
f 6623/6623 6622/6622 6287/6287
f 6287/6287 6622/6622 2464/2464
f 6364/6364 6374/6374 6384/6384
f 6579/6579 6529/6529 6526/6526
f 6633/6633 6579/6579 6526/6526
f 6526/6526 6632/6632 6633/6633
f 6309/6309 6565/6565 6634/6634
f 6633/6633 6635/6635 6579/6579
f 6621/6621 6636/6636 6624/6624
f 6565/6565 6624/6624 6636/6636
f 6637/6637 6621/6621 6328/6328
f 6638/6638 6639/6639 6640/6640
f 6633/6633 6632/6632 6638/6638
f 6326/6326 6637/6637 6328/6328
f 6638/6638 6632/6632 6639/6639
f 6637/6637 6636/6636 6621/6621
f 6620/6620 6627/6627 6640/6640
f 6640/6640 6627/6627 6638/6638
f 6641/6641 6638/6638 6627/6627
f 6634/6634 6565/6565 6636/6636
f 6642/6642 6633/6633 6638/6638
f 6642/6642 6635/6635 6633/6633
f 6331/6331 6637/6637 6326/6326
f 6643/6643 6636/6636 6637/6637
f 6643/6643 6634/6634 6636/6636
f 6634/6634 6643/6643 6644/6644
f 6643/6643 6637/6637 6331/6331
f 6314/6314 6643/6643 6331/6331
f 6626/6626 5650/5650 5655/5655
f 6339/6339 6314/6314 6331/6331
f 6644/6644 6643/6643 6314/6314
f 6312/6312 6634/6634 6644/6644
f 6314/6314 6312/6312 6644/6644
f 6628/6628 5650/5650 6626/6626
f 6634/6634 6312/6312 6309/6309
f 6645/6645 6626/6626 5655/5655
f 6361/6361 6313/6313 6340/6340
f 6315/6315 6313/6313 6361/6361
f 6296/6296 4829/4829 6344/6344
f 6641/6641 6627/6627 6628/6628
f 6646/6646 6642/6642 6638/6638
f 6645/6645 6628/6628 6626/6626
f 6646/6646 6638/6638 6641/6641
f 6647/6647 6635/6635 6642/6642
f 6642/6642 6646/6646 6647/6647
f 6648/6648 6628/6628 6645/6645
f 6628/6628 6648/6648 6641/6641
f 6308/6308 6297/6297 6343/6343
f 6649/6649 6641/6641 6648/6648
f 6649/6649 6646/6646 6641/6641
f 6298/6298 6297/6297 6308/6308
f 6650/6650 6647/6647 6646/6646
f 6647/6647 6341/6341 6635/6635
f 6649/6649 6650/6650 6646/6646
f 6345/6345 6647/6647 6650/6650
f 6647/6647 6345/6345 6341/6341
f 6382/6382 6298/6298 6308/6308
f 6430/6430 6304/6304 6381/6381
f 6304/6304 6430/6430 6567/6567
f 6296/6296 4904/4904 4829/4829
f 6567/6567 6512/6512 6579/6579
f 4899/4899 4829/4829 4904/4904
f 6304/6304 6567/6567 6579/6579
f 6303/6303 6380/6380 6304/6304
f 6298/6298 4906/4906 4903/4903
f 6341/6341 6304/6304 6579/6579
f 6579/6579 6635/6635 6341/6341
f 6305/6305 6304/6304 6341/6341
f 6640/6640 6522/6522 6620/6620
f 6612/6612 6522/6522 6640/6640
f 6639/6639 6528/6528 6612/6612
f 6632/6632 6528/6528 6639/6639
f 6640/6640 6639/6639 6612/6612
f 6645/6645 5655/5655 5432/5432
f 6645/6645 5432/5432 6652/6652
f 6648/6648 6645/6645 6652/6652
f 6652/6652 6653/6653 6648/6648
f 6648/6648 6653/6653 6649/6649
f 6649/6649 6653/6653 6650/6650
f 6278/6278 6345/6345 6650/6650
f 6651/6651 6652/6652 5432/5432
f 6295/6295 6290/6290 6652/6652
f 6290/6290 6653/6653 6652/6652
f 6653/6653 6278/6278 6650/6650
f 6279/6279 6653/6653 6290/6290
f 6279/6279 6278/6278 6653/6653
f 5430/5430 6651/6651 5432/5432
f 5430/5430 6398/6398 6651/6651
f 6398/6398 6295/6295 6651/6651
f 6300/6300 6295/6295 6398/6398
f 6295/6295 6652/6652 6651/6651
f 6654/6654 6655/6655 6657/6657
f 6658/6658 6291/6291 6654/6654
f 6654/6654 6291/6291 6655/6655
f 6656/6656 6280/6280 6659/6659
f 6659/6659 6280/6280 6660/6660
f 6660/6660 6280/6280 6283/6283
f 6661/6661 6657/6657 6659/6659
f 6659/6659 6657/6657 6656/6656
f 6661/6661 6659/6659 6660/6660
f 6280/6280 6656/6656 6292/6292
f 6283/6283 6284/6284 6660/6660
f 6660/6660 6662/6662 6661/6661
f 6662/6662 6660/6660 6284/6284
f 6280/6280 6282/6282 6283/6283
f 6280/6280 6292/6292 6281/6281
f 6291/6291 6658/6658 6294/6294
f 6663/6663 6654/6654 6657/6657
f 6664/6664 6658/6658 6654/6654
f 6654/6654 6663/6663 6664/6664
f 6665/6665 6658/6658 6664/6664
f 6666/6666 6664/6664 6663/6663
f 6666/6666 6665/6665 6664/6664
f 6667/6667 6658/6658 6665/6665
f 6327/6327 6630/6630 6667/6667
f 6668/6668 6665/6665 6666/6666
f 6669/6669 6667/6667 6668/6668
f 6668/6668 6667/6667 6665/6665
f 6670/6670 6668/6668 6671/6671
f 6671/6671 6668/6668 6666/6666
f 6670/6670 6669/6669 6668/6668
f 6669/6669 6327/6327 6667/6667
f 6657/6657 6661/6661 6672/6672
f 6663/6663 6657/6657 6672/6672
f 6672/6672 6661/6661 6662/6662
f 6662/6662 6673/6673 6672/6672
f 6674/6674 6663/6663 6672/6672
f 6674/6674 6666/6666 6663/6663
f 6674/6674 6671/6671 6666/6666
f 6671/6671 6674/6674 6675/6675
f 6676/6676 6672/6672 6673/6673
f 6677/6677 6672/6672 6676/6676
f 6674/6674 6672/6672 6677/6677
f 6294/6294 6658/6658 6667/6667
f 6667/6667 6630/6630 6294/6294
f 6662/6662 6284/6284 6317/6317
f 6673/6673 6662/6662 6317/6317
f 6673/6673 6317/6317 6320/6320
f 6676/6676 6673/6673 6320/6320
f 6325/6325 6669/6669 6670/6670
f 6678/6678 6670/6670 6671/6671
f 6671/6671 6679/6679 6678/6678
f 6678/6678 6325/6325 6670/6670
f 6669/6669 6325/6325 6327/6327
f 6678/6678 6679/6679 6332/6332
f 6334/6334 6678/6678 6332/6332
f 6334/6334 6325/6325 6678/6678
f 6679/6679 6671/6671 6675/6675
f 6680/6680 6677/6677 6349/6349
f 6674/6674 6677/6677 6675/6675
f 6677/6677 6680/6680 6675/6675
f 6332/6332 6679/6679 6680/6680
f 6680/6680 6679/6679 6675/6675
f 6681/6681 6332/6332 6680/6680
f 6349/6349 6338/6338 6680/6680
f 6680/6680 6338/6338 6681/6681
f 6324/6324 6335/6335 6326/6326
f 6332/6332 6681/6681 6333/6333
f 6681/6681 6338/6338 6333/6333
f 6347/6347 6677/6677 6676/6676
f 6347/6347 6676/6676 6320/6320
f 6349/6349 6677/6677 6347/6347
f 6319/6319 6347/6347 6320/6320
f 6347/6347 6348/6348 6349/6349
f 6682/6682 6683/6683 6684/6684
f 6515/6515 6687/6687 6683/6683
f 6687/6687 6515/6515 6406/6406
f 6684/6684 6683/6683 6687/6687
f 6685/6685 6686/6686 6404/6404
f 6405/6405 6404/6404 6686/6686
f 6684/6684 6688/6688 6682/6682
f 6691/6691 6682/6682 6688/6688
f 6689/6689 6685/6685 6404/6404
f 6689/6689 6404/6404 6692/6692
f 6693/6693 6689/6689 6692/6692
f 6694/6694 6689/6689 6693/6693
f 6690/6690 6689/6689 6694/6694
f 6692/6692 6404/6404 6407/6407
f 6693/6693 6692/6692 6412/6412
f 6407/6407 6412/6412 6692/6692
f 6695/6695 6690/6690 6694/6694
f 6697/6697 6695/6695 6698/6698
f 6698/6698 6695/6695 6694/6694
f 6698/6698 6546/6546 6697/6697
f 6423/6423 6694/6694 6693/6693
f 6423/6423 6693/6693 6412/6412
f 6698/6698 6694/6694 6423/6423
f 6413/6413 6423/6423 6412/6412
f 6698/6698 6423/6423 6425/6425
f 6698/6698 6425/6425 6546/6546
f 6699/6699 6700/6700 6701/6701
f 6701/6701 6702/6702 6699/6699
f 6699/6699 6478/6478 6700/6700
f 6521/6521 6700/6700 6476/6476
f 6476/6476 6700/6700 6474/6474
f 6474/6474 6700/6700 6478/6478
f 6699/6699 6477/6477 6478/6478
f 6532/6532 6699/6699 6702/6702
f 6532/6532 6477/6477 6699/6699
f 6519/6519 6515/6515 6683/6683
f 6521/6521 6519/6519 6682/6682
f 6683/6683 6682/6682 6519/6519
f 6519/6519 6521/6521 6513/6513
f 6701/6701 6521/6521 6682/6682
f 6701/6701 6682/6682 6691/6691
f 6700/6700 6521/6521 6701/6701
f 6696/6696 6701/6701 6691/6691
f 6701/6701 6696/6696 6702/6702
f 6545/6545 6702/6702 6704/6704
f 6704/6704 6702/6702 6696/6696
f 6695/6695 6697/6697 6703/6703
f 6704/6704 6542/6542 6545/6545
f 6541/6541 6703/6703 6546/6546
f 6546/6546 6703/6703 6697/6697
f 6702/6702 6545/6545 6532/6532
f 6705/6705 6706/6706 6707/6707
f 6707/6707 6706/6706 6710/6710
f 6710/6710 6706/6706 6711/6711
f 6705/6705 6707/6707 6713/6713
f 6714/6714 6712/6712 6708/6708
f 6714/6714 6708/6708 6709/6709
f 6706/6706 6715/6715 6716/6716
f 6717/6717 6711/6711 6706/6706
f 6717/6717 6706/6706 6716/6716
f 6716/6716 6715/6715 6718/6718
f 6715/6715 6705/6705 6719/6719
f 6715/6715 6706/6706 6705/6705
f 6561/6561 6716/6716 6562/6562
f 6562/6562 6716/6716 6718/6718
f 6715/6715 6570/6570 6718/6718
f 6570/6570 6715/6715 6719/6719
f 6562/6562 6718/6718 6563/6563
f 6563/6563 6718/6718 6570/6570
f 6580/6580 6587/6587 6717/6717
f 6621/6621 6631/6631 6328/6328
f 6621/6621 6623/6623 6631/6631
f 6587/6587 6586/6586 6711/6711
f 6711/6711 6717/6717 6587/6587
f 6720/6720 6585/6585 6598/6598
f 6585/6585 6591/6591 6598/6598
f 6379/6379 6550/6550 6548/6548
f 6561/6561 6717/6717 6716/6716
f 6717/6717 6561/6561 6580/6580
f 6598/6598 6591/6591 6595/6595
f 6705/6705 6713/6713 6722/6722
f 6712/6712 6714/6714 6721/6721
f 6721/6721 6714/6714 6723/6723
f 6724/6724 6705/6705 6722/6722
f 6719/6719 6705/6705 6724/6724
f 6724/6724 6722/6722 6725/6725
f 6725/6725 6722/6722 6726/6726
f 6726/6726 6728/6728 6725/6725
f 6571/6571 6719/6719 6607/6607
f 6607/6607 6719/6719 6724/6724
f 6570/6570 6719/6719 6571/6571
f 6607/6607 6724/6724 6725/6725
f 6728/6728 6731/6731 6725/6725
f 6607/6607 6725/6725 6731/6731
f 6612/6612 6604/6604 6522/6522
f 6608/6608 6607/6607 6731/6731
f 6720/6720 6598/6598 6732/6732
f 6732/6732 6598/6598 6733/6733
f 6733/6733 6734/6734 6732/6732
f 6733/6733 6735/6735 6734/6734
f 6736/6736 6734/6734 6735/6735
f 6614/6614 6736/6736 6735/6735
f 6597/6597 6733/6733 6598/6598
f 6597/6597 6735/6735 6733/6733
f 6613/6613 6735/6735 6597/6597
f 6614/6614 6735/6735 6613/6613
f 6730/6730 6729/6729 6736/6736
f 6736/6736 6737/6737 6730/6730
f 6614/6614 6737/6737 6736/6736
f 6609/6609 6730/6730 6737/6737
f 6616/6616 6737/6737 6614/6614
f 6616/6616 6609/6609 6737/6737
f 6605/6605 6609/6609 6616/6616
f 6585/6585 6720/6720 6709/6709
f 6720/6720 6714/6714 6709/6709
f 6711/6711 6586/6586 6710/6710
f 6721/6721 6723/6723 6727/6727
f 6723/6723 6714/6714 6732/6732
f 6714/6714 6720/6720 6732/6732
f 6734/6734 6723/6723 6732/6732
f 6727/6727 6723/6723 6734/6734
f 6729/6729 6727/6727 6736/6736
f 6727/6727 6734/6734 6736/6736
