# generated by mjlab asset_pipeline; 3520 faces
mtllib board_vis.mtl
v 0.047484 0.103264 0.007310
v 0.047484 0.103264 0.007310
v 0.054843 0.094046 0.007305
v 0.054843 0.094046 0.007305
v 0.050507 0.093047 0.006466
v 0.052041 0.093399 0.006104
v 0.053491 0.093738 0.006542
v 0.055224 0.090714 0.007270
v 0.055224 0.090714 0.007270
v 0.053872 0.090668 0.006487
v 0.052348 0.090586 0.006118
v 0.050807 0.090501 0.006521
v 0.053845 0.096928 0.007258
v 0.053845 0.096928 0.007258
v 0.049858 0.094997 0.006528
v 0.051245 0.095684 0.006061
v 0.052659 0.096345 0.006454
v 0.052386 0.099618 0.007221
v 0.052386 0.099618 0.007221
v 0.052386 0.099618 0.007221
v 0.052386 0.099618 0.007221
v 0.048808 0.096768 0.006595
v 0.048808 0.096768 0.006595
v 0.049981 0.097704 0.006079
v 0.049981 0.097704 0.006079
v 0.051237 0.098730 0.006329
v 0.051237 0.098730 0.006329
v 0.050177 0.101833 0.007268
v 0.050177 0.101833 0.007268
v 0.047315 0.098182 0.006541
v 0.048293 0.099406 0.006112
v 0.049279 0.100639 0.006510
v 0.045570 0.099236 0.006448
v 0.046265 0.100686 0.006210
v 0.046951 0.102035 0.006659
v 0.044612 0.104312 0.007428
v 0.044612 0.104312 0.007428
v 0.043621 0.099936 0.006347
v 0.044002 0.101470 0.006284
v 0.044318 0.102778 0.006936
v 0.041331 0.104421 0.007502
v 0.041331 0.104421 0.007502
v 0.041057 0.100206 0.006446
v 0.041195 0.101801 0.006341
v 0.041288 0.103143 0.007046
v 0.041025 0.098563 0.007415
v 0.041025 0.098563 0.007415
v 0.043220 0.098371 0.007375
v 0.043220 0.098371 0.007375
v 0.045058 0.098141 0.007286
v 0.045058 0.098141 0.007286
v 0.049471 0.090430 0.007453
v 0.049471 0.090430 0.007453
v 0.049258 0.092810 0.007351
v 0.049258 0.092810 0.007351
v 0.046710 0.097432 0.007206
v 0.046710 0.097432 0.007206
v 0.047992 0.096117 0.007197
v 0.047992 0.096117 0.007197
v 0.047992 0.096117 0.007197
v 0.047992 0.096117 0.007197
v 0.048832 0.094491 0.007254
v 0.048832 0.094491 0.007254
v 0.041632 0.109327 0.003579
v 0.041631 0.109353 -0.000487
v 0.041636 0.109377 -0.004547
v 0.045705 0.108863 0.003483
v 0.045710 0.108887 -0.000584
v 0.045705 0.108863 -0.004645
v 0.059913 0.091007 0.003263
v 0.059838 0.091003 -0.000802
v 0.059710 0.090996 -0.004871
v 0.059332 0.095058 -0.004870
v 0.059454 0.095086 -0.000812
v 0.059504 0.095099 0.003256
v 0.049499 0.107381 0.003402
v 0.049495 0.107374 -0.000660
v 0.049483 0.107343 -0.004738
v 0.052957 0.105204 0.003335
v 0.052937 0.105200 -0.000728
v 0.052907 0.105169 -0.004788
v 0.055945 0.102450 0.003288
v 0.055945 0.102450 0.003288
v 0.055938 0.102447 -0.000778
v 0.055938 0.102447 -0.000778
v 0.055883 0.102398 -0.004841
v 0.055883 0.102398 -0.004841
v 0.058222 0.099027 0.003278
v 0.058235 0.099030 -0.000796
v 0.058135 0.098982 -0.004868
v 0.027380 0.098815 0.007809
v 0.027380 0.098815 0.007809
v 0.027412 0.104443 0.007826
v 0.027412 0.104443 0.007826
v 0.027416 0.103247 0.007188
v 0.027403 0.101798 0.006666
v 0.027399 0.100210 0.006884
v 0.027412 0.109407 -0.000108
v 0.027414 0.109361 0.003953
v 0.059461 0.095089 0.004356
v 0.056301 0.094373 0.007210
v 0.059002 0.094986 0.005889
v 0.057753 0.094723 0.006845
v 0.056661 0.090834 0.007224
v 0.059903 0.091005 0.004366
v 0.058181 0.090899 0.006820
v 0.059398 0.090982 0.005869
v 0.058189 0.099013 0.004368
v 0.055166 0.097575 0.007186
v 0.057696 0.098767 0.005897
v 0.056568 0.098227 0.006875
v 0.055925 0.102432 0.004388
v 0.055925 0.102432 0.004388
v 0.053396 0.100391 0.007204
v 0.053396 0.100391 0.007204
v 0.055491 0.102076 0.005843
v 0.055491 0.102076 0.005843
v 0.054557 0.101366 0.006857
v 0.054557 0.101366 0.006857
v 0.052947 0.105192 0.004421
v 0.051027 0.102812 0.007215
v 0.052634 0.104817 0.005815
v 0.051898 0.103958 0.006804
v 0.049479 0.107327 0.004475
v 0.048170 0.104622 0.007263
v 0.049265 0.106887 0.005866
v 0.048775 0.105908 0.006807
v 0.045679 0.108757 0.004562
v 0.044994 0.105698 0.007375
v 0.045564 0.108282 0.006005
v 0.045335 0.107153 0.006960
v 0.041629 0.109256 0.004665
v 0.041446 0.106118 0.007512
v 0.041612 0.108774 0.006126
v 0.041538 0.107645 0.007154
v 0.027414 0.109331 0.005051
v 0.027425 0.106154 0.007906
v 0.027414 0.108892 0.006573
v 0.027412 0.107676 0.007577
v 0.027385 0.090434 0.008041
v 0.040999 0.090431 0.007759
v -0.000055 0.098834 0.008760
v -0.000055 0.098834 0.008760
v -0.000069 0.104383 0.008617
v -0.000069 0.104383 0.008617
v -0.000102 0.103226 0.007909
v -0.000053 0.101710 0.007475
v -0.000055 0.100192 0.007846
v -0.000059 0.109248 0.000558
v -0.000058 0.109195 0.004677
v -0.000069 0.106041 0.008706
v -0.000056 0.107557 0.008299
v -0.000062 0.108713 0.007266
v -0.000061 0.109165 0.005785
v -0.000055 0.090358 0.008767
v -0.000057 0.090934 -0.008754
v 0.049679 0.006128 0.007841
v 0.049679 0.006128 0.007841
v 0.041584 0.091015 -0.009432
v 0.034524 0.109436 -0.004588
v -0.000066 0.104771 -0.003028
v -0.000047 0.101353 -0.005747
v -0.000068 0.103579 -0.003209
v -0.000054 0.102525 -0.003694
v -0.000050 0.101761 -0.004595
v 0.023934 0.104950 -0.003584
v 0.023934 0.104950 -0.003584
v 0.025997 0.106116 -0.006844
v 0.023721 0.101654 -0.006462
v 0.023721 0.101654 -0.006462
v 0.025175 0.105217 -0.004049
v 0.026014 0.105521 -0.004946
v 0.023884 0.103796 -0.003800
v 0.023884 0.103796 -0.003800
v 0.025103 0.104078 -0.004333
v 0.025744 0.104362 -0.004991
v 0.025504 0.103705 -0.005149
v 0.025504 0.103705 -0.005149
v 0.025797 0.104747 -0.006786
v 0.025501 0.103747 -0.006755
v 0.025501 0.103747 -0.006755
v 0.026250 0.105685 -0.005991
v 0.026085 0.104574 -0.005945
v 0.025620 0.103664 -0.005728
v 0.025620 0.103664 -0.005728
v 0.023791 0.101952 -0.005284
v 0.023791 0.101952 -0.005284
v 0.023860 0.102736 -0.004329
v 0.023860 0.102736 -0.004329
v 0.023860 0.102736 -0.004329
v 0.024894 0.102462 -0.006574
v 0.024987 0.102690 -0.005574
v 0.024925 0.103183 -0.004801
v 0.024925 0.103183 -0.004801
v 0.023430 0.091010 -0.008945
v 0.049574 0.019046 0.007783
v 0.049574 0.019046 0.007783
v 0.049493 0.031990 0.007767
v 0.049493 0.031990 0.007767
v 0.049443 0.044955 0.007751
v 0.049443 0.044955 0.007751
v 0.049546 0.057942 0.007604
v 0.049546 0.057942 0.007604
v 0.049699 0.070952 0.007492
v 0.049699 0.070952 0.007492
v 0.049624 0.083937 0.007459
v 0.049624 0.083937 0.007459
v 0.055434 0.006146 0.007805
v 0.055434 0.006146 0.007805
v 0.055360 0.019101 0.007700
v 0.055360 0.019101 0.007700
v 0.055246 0.032099 0.007631
v 0.055246 0.032099 0.007631
v 0.055143 0.045114 0.007651
v 0.055143 0.045114 0.007651
v 0.055164 0.058141 0.007521
v 0.055164 0.058141 0.007521
v 0.055240 0.071179 0.007403
v 0.055240 0.071179 0.007403
v 0.055334 0.084174 0.007252
v 0.055334 0.084174 0.007252
v 0.053889 0.084154 0.006372
v 0.053853 0.071125 0.006481
v 0.053811 0.058098 0.006600
v 0.053779 0.045077 0.006740
v 0.053876 0.032075 0.006723
v 0.053989 0.019100 0.006738
v 0.054067 0.006141 0.006893
v 0.052336 0.084078 0.006201
v 0.052314 0.071061 0.006310
v 0.052292 0.058050 0.006392
v 0.052286 0.045035 0.006458
v 0.052345 0.032050 0.006489
v 0.052427 0.019081 0.006497
v 0.052540 0.006135 0.006532
v 0.050967 0.084011 0.006754
v 0.050922 0.071024 0.006863
v 0.050902 0.057978 0.006835
v 0.050870 0.044977 0.006874
v 0.050910 0.032014 0.006952
v 0.051008 0.019063 0.006994
v 0.051054 0.006128 0.006956
v 0.059792 0.084467 -0.004835
v 0.059798 0.071388 -0.004772
v 0.059775 0.058311 -0.004702
v 0.059770 0.045244 -0.004624
v 0.059747 0.032200 -0.004543
v 0.059739 0.019172 -0.004464
v 0.059713 0.006168 -0.004363
v 0.059889 0.084466 -0.000776
v 0.059914 0.071387 -0.000717
v 0.059867 0.058311 -0.000643
v 0.059851 0.045243 -0.000569
v 0.059822 0.032196 -0.000482
v 0.059782 0.019172 -0.000403
v 0.059787 0.006175 -0.000294
v 0.059977 0.084465 0.003287
v 0.060000 0.071395 0.003354
v 0.059957 0.058311 0.003427
v 0.059930 0.045245 0.003499
v 0.059896 0.032195 0.003577
v 0.059857 0.019172 0.003665
v 0.059840 0.006165 0.003745
v 0.059835 0.006168 0.004841
v 0.059875 0.019170 0.004756
v 0.059902 0.032195 0.004676
v 0.059933 0.045243 0.004602
v 0.059973 0.058311 0.004536
v 0.059986 0.071384 0.004465
v 0.059973 0.084464 0.004396
v 0.059468 0.084447 0.005964
v 0.059502 0.071374 0.006072
v 0.059525 0.058302 0.006162
v 0.059537 0.045231 0.006221
v 0.059560 0.032185 0.006278
v 0.059610 0.019164 0.006328
v 0.059594 0.006163 0.006351
v 0.058198 0.084387 0.006935
v 0.058219 0.071319 0.007153
v 0.058231 0.058260 0.007307
v 0.058253 0.045204 0.007412
v 0.058367 0.032172 0.007518
v 0.058467 0.019146 0.007602
v 0.058516 0.006162 0.007614
v 0.056648 0.084301 0.007314
v 0.056636 0.071254 0.007484
v 0.056603 0.058189 0.007559
v 0.056627 0.045153 0.007664
v 0.056680 0.032132 0.007735
v 0.056781 0.019130 0.007784
v 0.056885 0.006150 0.007838
v 0.040924 0.083935 0.007799
v 0.040788 0.070938 0.007898
v 0.040654 0.057939 0.007899
v 0.040544 0.044952 0.007935
v 0.040472 0.031991 0.007897
v 0.040430 0.019047 0.007910
v 0.040401 0.006124 0.007953
v 0.027373 0.083934 0.008056
v 0.027361 0.070936 0.008109
v 0.027352 0.057940 0.008095
v 0.027362 0.044954 0.008068
v 0.027400 0.031989 0.007994
v 0.027456 0.019048 0.007943
v 0.027523 0.006123 0.007953
v -0.000053 0.083868 0.008730
v -0.000047 0.070883 0.008594
v -0.000037 0.057900 0.008470
v -0.000026 0.044925 0.008356
v -0.000009 0.031968 0.008284
v 0.000009 0.019031 0.008209
v 0.000029 0.006113 0.008132
v 0.000031 0.006154 -0.009121
v 0.000010 0.019155 -0.009033
v -0.000007 0.032177 -0.008973
v -0.000017 0.045220 -0.008890
v -0.000034 0.058288 -0.008860
v -0.000058 0.071321 -0.008801
v -0.000062 0.084422 -0.008752
v 0.041760 0.006158 -0.009036
v 0.041666 0.019177 -0.009064
v 0.041598 0.032192 -0.009069
v 0.041541 0.045251 -0.009093
v 0.041537 0.058313 -0.009177
v 0.041546 0.071397 -0.009291
v 0.041568 0.084477 -0.009395
v 0.023424 0.084465 -0.008920
v 0.023407 0.071396 -0.008876
v 0.023414 0.058311 -0.008821
v 0.023418 0.045247 -0.008770
v 0.023444 0.032201 -0.008765
v 0.023498 0.019173 -0.008810
v 0.023555 0.006163 -0.008790
v 0.009093 0.098849 0.008439
v 0.009093 0.098849 0.008439
v 0.018239 0.098802 0.008058
v 0.018239 0.098802 0.008058
v 0.009095 0.103194 0.007694
v 0.018274 0.103249 0.007432
v 0.009096 0.101759 0.007210
v 0.018249 0.101788 0.006891
v 0.009095 0.100217 0.007539
v 0.018241 0.100193 0.007164
v 0.009098 0.109301 0.000280
v 0.016522 0.109326 0.000060
v 0.009098 0.109240 0.004408
v 0.017507 0.109299 0.004161
v 0.009109 0.106081 0.008459
v 0.018231 0.106115 0.008159
v 0.009084 0.090396 0.008506
v 0.018239 0.090418 0.008229
v 0.018236 0.104450 0.008059
v 0.018236 0.104450 0.008059
v 0.009095 0.104409 0.008356
v 0.009095 0.104409 0.008356
v 0.018253 0.107650 0.007808
v 0.009079 0.107620 0.008061
v 0.018255 0.108821 0.006775
v 0.009107 0.108764 0.007022
v 0.018255 0.109271 0.005253
v 0.009100 0.109212 0.005521
v 0.009085 0.083902 0.008454
v 0.018234 0.083925 0.008221
v 0.009082 0.070912 0.008346
v 0.018225 0.070927 0.008223
v 0.009095 0.057920 0.008232
v 0.018223 0.057933 0.008154
v 0.009107 0.044939 0.008174
v 0.018236 0.044948 0.008089
v 0.009125 0.031978 0.008115
v 0.018266 0.031985 0.008018
v 0.009158 0.019039 0.008053
v 0.018308 0.019044 0.007961
v 0.009191 0.006119 0.007994
v 0.018354 0.006123 0.007931
v 0.034206 0.098717 0.007646
v 0.034206 0.098717 0.007646
v 0.034259 0.103105 0.007109
v 0.034303 0.101796 0.006533
v 0.034236 0.100195 0.006681
v 0.034529 0.109426 -0.000302
v 0.034523 0.109392 0.003760
v 0.034365 0.104425 0.007670
v 0.034365 0.104425 0.007670
v 0.034404 0.106132 0.007748
v 0.034456 0.107653 0.007359
v 0.034512 0.108849 0.006351
v 0.034524 0.109331 0.004858
v 0.034199 0.090434 0.007911
v 0.034151 0.083935 0.007968
v 0.034071 0.070937 0.008021
v 0.033994 0.057947 0.008037
v 0.033959 0.044966 0.008005
v 0.033938 0.031989 0.007960
v 0.033945 0.019047 0.007950
v 0.033964 0.006123 0.007969
v 0.034486 0.091016 -0.009254
v 0.034473 0.084478 -0.009217
v 0.034454 0.071394 -0.009143
v 0.034434 0.058316 -0.009084
v 0.034461 0.045245 -0.008978
v 0.034498 0.032198 -0.008993
v 0.034566 0.019169 -0.008983
v 0.034644 0.006162 -0.008971
v 0.028958 0.091016 -0.009081
v 0.028961 0.084473 -0.009006
v 0.028932 0.071397 -0.008978
v 0.028930 0.058317 -0.008924
v 0.028945 0.045251 -0.008840
v 0.028990 0.032197 -0.008833
v 0.029041 0.019171 -0.008879
v 0.029112 0.006164 -0.008876
v 0.041456 0.104184 -0.010035
v 0.034513 0.104286 -0.009266
v 0.028037 0.097650 -0.008991
v 0.041603 0.097650 -0.009475
v 0.034499 0.097654 -0.009304
v -0.000033 0.097596 -0.008727
v 0.023442 0.097656 -0.008923
v 0.050256 0.091013 -0.009735
v 0.050228 0.084475 -0.009617
v 0.050201 0.071391 -0.009612
v 0.050191 0.058314 -0.009502
v 0.050212 0.045246 -0.009366
v 0.050256 0.032197 -0.009344
v 0.050342 0.019171 -0.009315
v 0.050448 0.006166 -0.009269
v 0.015601 0.090997 -0.008756
v 0.007775 0.090955 -0.008757
v 0.007889 0.104794 -0.003151
v 0.015834 0.104814 -0.003333
v 0.015808 0.103581 -0.003408
v 0.007862 0.103550 -0.003240
v 0.015744 0.102428 -0.003964
v 0.007775 0.102449 -0.003764
v 0.015689 0.101513 -0.004943
v 0.007846 0.101540 -0.004751
v 0.015641 0.101211 -0.006302
v 0.007816 0.101179 -0.005956
v 0.015598 0.084460 -0.008737
v 0.007787 0.084443 -0.008764
v 0.015599 0.071383 -0.008737
v 0.007777 0.071368 -0.008760
v 0.015581 0.058307 -0.008719
v 0.007779 0.058293 -0.008761
v 0.015609 0.045229 -0.008718
v 0.007788 0.045231 -0.008790
v 0.015631 0.032186 -0.008729
v 0.007810 0.032185 -0.008882
v 0.015663 0.019177 -0.008786
v 0.007838 0.019163 -0.008949
v 0.015707 0.006163 -0.008826
v 0.007868 0.006159 -0.008995
v 0.015609 0.097621 -0.008765
v 0.007769 0.097606 -0.008731
v 0.049935 0.098295 -0.009832
v 0.047495 -0.103583 0.008128
v 0.047495 -0.103583 0.008128
v 0.054996 -0.094166 0.008310
v 0.054996 -0.094166 0.008310
v 0.050605 -0.093214 0.007652
v 0.051977 -0.093537 0.007223
v 0.053413 -0.093804 0.007523
v 0.055173 -0.090854 0.008324
v 0.055173 -0.090854 0.008324
v 0.053712 -0.090741 0.007520
v 0.052313 -0.090638 0.007217
v 0.050864 -0.090599 0.007485
v 0.053941 -0.097075 0.008266
v 0.053941 -0.097075 0.008266
v 0.050027 -0.095141 0.007593
v 0.051112 -0.095754 0.007262
v 0.052526 -0.096394 0.007408
v 0.052334 -0.099739 0.008204
v 0.052334 -0.099739 0.008204
v 0.049065 -0.097028 0.007635
v 0.049939 -0.097758 0.007229
v 0.051063 -0.098711 0.007312
v 0.050116 -0.101875 0.008186
v 0.050116 -0.101875 0.008186
v 0.050116 -0.101875 0.008186
v 0.050116 -0.101875 0.008186
v 0.047446 -0.098450 0.007781
v 0.047446 -0.098450 0.007781
v 0.048173 -0.099474 0.007260
v 0.048173 -0.099474 0.007260
v 0.049118 -0.100644 0.007304
v 0.049118 -0.100644 0.007304
v 0.045582 -0.099669 0.007632
v 0.046159 -0.100817 0.007176
v 0.046783 -0.102103 0.007234
v 0.044570 -0.104664 0.008034
v 0.044570 -0.104664 0.008034
v 0.043568 -0.100345 0.007632
v 0.043928 -0.101608 0.007171
v 0.044189 -0.103015 0.007185
v 0.041184 -0.105101 0.007985
v 0.041184 -0.105101 0.007985
v 0.041095 -0.100847 0.007720
v 0.041088 -0.101930 0.007245
v 0.041129 -0.103359 0.007153
v 0.041013 -0.100072 0.007974
v 0.041013 -0.100072 0.007974
v 0.043362 -0.099319 0.008043
v 0.043362 -0.099319 0.008043
v 0.045139 -0.098732 0.008079
v 0.045139 -0.098732 0.008079
v 0.050022 -0.090564 0.008055
v 0.050022 -0.090564 0.008055
v 0.049721 -0.092989 0.008099
v 0.049721 -0.092989 0.008099
v 0.046780 -0.097661 0.008153
v 0.046780 -0.097661 0.008153
v 0.046780 -0.097661 0.008153
v 0.046780 -0.097661 0.008153
v 0.048157 -0.096363 0.008115
v 0.048157 -0.096363 0.008115
v 0.049125 -0.094737 0.008061
v 0.049125 -0.094737 0.008061
v 0.041417 -0.109291 0.004137
v 0.041417 -0.109293 0.000131
v 0.041417 -0.109268 -0.003871
v 0.045461 -0.108791 0.004182
v 0.045470 -0.108816 0.000181
v 0.045470 -0.108814 -0.003815
v 0.059241 -0.091094 0.004276
v 0.059315 -0.091076 0.000251
v 0.059251 -0.091075 -0.003725
v 0.058759 -0.095058 -0.003680
v 0.058924 -0.095053 0.000267
v 0.058849 -0.095026 0.004296
v 0.049330 -0.107477 0.004221
v 0.049352 -0.107524 0.000224
v 0.049357 -0.107538 -0.003770
v 0.052725 -0.105232 0.004251
v 0.052725 -0.105232 0.004251
v 0.052751 -0.105253 0.000256
v 0.052751 -0.105253 0.000256
v 0.052721 -0.105245 -0.003732
v 0.052721 -0.105245 -0.003732
v 0.055497 -0.102281 0.004253
v 0.055490 -0.102288 0.000242
v 0.055534 -0.102263 -0.003693
v 0.057603 -0.098835 0.004271
v 0.057676 -0.098871 0.000285
v 0.057570 -0.098829 -0.003717
v 0.027307 -0.099902 0.007870
v 0.027307 -0.099902 0.007870
v 0.027229 -0.105352 0.007774
v 0.027229 -0.105352 0.007774
v 0.027320 -0.103375 0.006914
v 0.027342 -0.101915 0.007018
v 0.027283 -0.100702 0.007661
v 0.027031 -0.109389 -0.000070
v 0.027281 -0.109418 0.003944
v 0.058773 -0.095028 0.005295
v 0.056214 -0.094448 0.008269
v 0.058466 -0.094969 0.006685
v 0.057512 -0.094770 0.007716
v 0.056583 -0.090918 0.008195
v 0.059199 -0.091085 0.005308
v 0.058020 -0.091001 0.007677
v 0.058898 -0.091063 0.006651
v 0.057537 -0.098824 0.005324
v 0.055078 -0.097610 0.008250
v 0.057281 -0.098681 0.006685
v 0.056424 -0.098242 0.007786
v 0.055434 -0.102216 0.005307
v 0.053253 -0.100462 0.008298
v 0.055201 -0.102011 0.006724
v 0.054414 -0.101390 0.007822
v 0.052690 -0.105177 0.005307
v 0.052690 -0.105177 0.005307
v 0.050849 -0.102838 0.008325
v 0.050849 -0.102838 0.008325
v 0.052469 -0.104909 0.006764
v 0.052469 -0.104909 0.006764
v 0.051794 -0.104028 0.007833
v 0.051794 -0.104028 0.007833
v 0.049317 -0.107453 0.005303
v 0.047982 -0.104628 0.008283
v 0.049138 -0.107068 0.006785
v 0.048640 -0.106016 0.007833
v 0.045454 -0.108757 0.005258
v 0.044791 -0.105739 0.008282
v 0.045369 -0.108352 0.006736
v 0.045126 -0.107236 0.007792
v 0.041416 -0.109246 0.005217
v 0.041264 -0.106135 0.008211
v 0.041394 -0.108822 0.006707
v 0.041329 -0.107675 0.007759
v 0.027278 -0.109395 0.005044
v 0.027310 -0.106152 0.008034
v 0.027280 -0.108920 0.006576
v 0.027283 -0.107707 0.007632
v 0.027393 -0.090548 0.008112
v 0.040991 -0.090536 0.008292
v -0.000082 -0.099538 0.007426
v -0.000082 -0.099538 0.007426
v -0.000063 -0.105300 0.007294
v -0.000063 -0.105300 0.007294
v -0.000082 -0.103476 0.006388
v -0.000079 -0.101890 0.006402
v -0.000126 -0.100636 0.006903
v -0.000084 -0.109417 -0.000647
v -0.000080 -0.109389 0.003454
v -0.000037 -0.106179 0.007526
v -0.000089 -0.107711 0.007188
v -0.000081 -0.108935 0.006125
v -0.000083 -0.109388 0.004569
v -0.000037 -0.090580 0.007677
v -0.000049 -0.091158 -0.009590
v 0.049781 -0.006782 0.007911
v 0.049781 -0.006782 0.007911
v 0.041571 -0.091117 -0.008797
v 0.034134 -0.109338 -0.004196
v -0.000060 -0.104889 -0.003883
v -0.000068 -0.101655 -0.006922
v -0.000075 -0.103700 -0.004018
v -0.000059 -0.102601 -0.004762
v -0.000066 -0.101907 -0.005742
v 0.023885 -0.104982 -0.003553
v 0.025989 -0.106091 -0.006962
v 0.023373 -0.101783 -0.006554
v 0.025070 -0.105216 -0.004037
v 0.025070 -0.105216 -0.004037
v 0.025746 -0.105580 -0.004679
v 0.023845 -0.103753 -0.003792
v 0.024990 -0.103986 -0.004432
v 0.024990 -0.103986 -0.004432
v 0.024990 -0.103986 -0.004432
v 0.025635 -0.104284 -0.004889
v 0.025635 -0.104284 -0.004889
v 0.025542 -0.103726 -0.005184
v 0.025890 -0.104780 -0.006756
v 0.025890 -0.104780 -0.006756
v 0.025524 -0.103498 -0.006723
v 0.026134 -0.105901 -0.005783
v 0.025919 -0.104549 -0.005892
v 0.025919 -0.104549 -0.005892
v 0.025627 -0.103552 -0.005793
v 0.023585 -0.101999 -0.005404
v 0.023754 -0.102725 -0.004464
v 0.024647 -0.102524 -0.006563
v 0.024647 -0.102524 -0.006563
v 0.024825 -0.102741 -0.005602
v 0.024825 -0.102741 -0.005602
v 0.024952 -0.103223 -0.004793
v 0.024952 -0.103223 -0.004793
v 0.023431 -0.091135 -0.008837
v 0.049857 -0.019684 0.007909
v 0.049857 -0.019684 0.007909
v 0.049901 -0.032565 0.007926
v 0.049901 -0.032565 0.007926
v 0.049845 -0.045450 0.007961
v 0.049845 -0.045450 0.007961
v 0.049756 -0.058329 0.008032
v 0.049756 -0.058329 0.008032
v 0.049682 -0.071220 0.008169
v 0.049682 -0.071220 0.008169
v 0.049560 -0.084095 0.008339
v 0.049560 -0.084095 0.008339
v 0.055511 -0.006801 0.007876
v 0.055511 -0.006801 0.007876
v 0.055605 -0.019746 0.007906
v 0.055605 -0.019746 0.007906
v 0.055657 -0.032671 0.007952
v 0.055657 -0.032671 0.007952
v 0.055610 -0.045606 0.008018
v 0.055610 -0.045606 0.008018
v 0.055509 -0.058548 0.008153
v 0.055509 -0.058548 0.008153
v 0.055407 -0.071459 0.008221
v 0.055407 -0.071459 0.008221
v 0.055250 -0.084388 0.008312
v 0.055250 -0.084388 0.008312
v 0.053856 -0.084318 0.007493
v 0.053983 -0.071397 0.007362
v 0.054110 -0.058487 0.007336
v 0.054197 -0.045587 0.007273
v 0.054340 -0.032650 0.007010
v 0.054250 -0.019731 0.007050
v 0.054183 -0.006803 0.006951
v 0.052406 -0.084232 0.007150
v 0.052541 -0.071346 0.007054
v 0.052665 -0.058429 0.006921
v 0.052747 -0.045531 0.006836
v 0.052770 -0.032621 0.006728
v 0.052733 -0.019711 0.006677
v 0.052644 -0.006797 0.006616
v 0.050969 -0.084197 0.007475
v 0.051061 -0.071276 0.007314
v 0.051131 -0.058381 0.007187
v 0.051205 -0.045488 0.007129
v 0.051241 -0.032592 0.007108
v 0.051209 -0.019697 0.007041
v 0.051159 -0.006786 0.007016
v 0.059408 -0.084617 -0.003754
v 0.059470 -0.071661 -0.003844
v 0.059521 -0.058688 -0.003907
v 0.059572 -0.045740 -0.004025
v 0.059611 -0.032784 -0.004108
v 0.059647 -0.019797 -0.004159
v 0.059682 -0.006824 -0.004284
v 0.059405 -0.084617 0.000226
v 0.059439 -0.071662 0.000169
v 0.059497 -0.058695 0.000090
v 0.059573 -0.045735 0.000039
v 0.059640 -0.032770 -0.000046
v 0.059681 -0.019806 -0.000147
v 0.059727 -0.006820 -0.000243
v 0.059369 -0.084631 0.004233
v 0.059421 -0.071653 0.004177
v 0.059500 -0.058686 0.004132
v 0.059593 -0.045728 0.004022
v 0.059673 -0.032769 0.003989
v 0.059737 -0.019798 0.003897
v 0.059761 -0.006830 0.003840
v 0.059785 -0.006828 0.004906
v 0.059737 -0.019800 0.005001
v 0.059671 -0.032776 0.005064
v 0.059581 -0.045716 0.005128
v 0.059484 -0.058699 0.005196
v 0.059413 -0.071664 0.005248
v 0.059328 -0.084625 0.005290
v 0.059001 -0.084595 0.006618
v 0.059134 -0.071630 0.006547
v 0.059238 -0.058674 0.006490
v 0.059349 -0.045712 0.006468
v 0.059453 -0.032756 0.006409
v 0.059506 -0.019799 0.006379
v 0.059558 -0.006824 0.006362
v 0.058122 -0.084522 0.007685
v 0.058278 -0.071583 0.007636
v 0.058369 -0.058637 0.007615
v 0.058507 -0.045689 0.007593
v 0.058591 -0.032744 0.007569
v 0.058613 -0.019784 0.007570
v 0.058589 -0.006819 0.007578
v 0.056722 -0.084467 0.008234
v 0.056884 -0.071534 0.008206
v 0.056995 -0.058597 0.008149
v 0.057100 -0.045662 0.008054
v 0.057134 -0.032711 0.007994
v 0.057085 -0.019748 0.007945
v 0.057001 -0.006813 0.007922
v 0.040991 -0.084101 0.008279
v 0.040991 -0.071214 0.008073
v 0.040978 -0.058342 0.007993
v 0.040935 -0.045447 0.007935
v 0.040823 -0.032568 0.007937
v 0.040673 -0.019679 0.007933
v 0.040489 -0.006784 0.007986
v 0.027436 -0.084106 0.008079
v 0.027527 -0.071237 0.007939
v 0.027600 -0.058337 0.007897
v 0.027663 -0.045463 0.007883
v 0.027667 -0.032572 0.007861
v 0.027641 -0.019680 0.007933
v 0.027589 -0.006785 0.007958
v -0.000026 -0.084135 0.007703
v 0.000003 -0.071246 0.007736
v 0.000028 -0.058357 0.007749
v 0.000050 -0.045467 0.007811
v 0.000059 -0.032579 0.007871
v 0.000058 -0.019689 0.007961
v 0.000045 -0.006792 0.008059
v 0.000046 -0.006833 -0.009168
v 0.000053 -0.019814 -0.009257
v 0.000061 -0.032781 -0.009333
v 0.000051 -0.045755 -0.009392
v 0.000030 -0.058729 -0.009400
v -0.000027 -0.071710 -0.009482
v -0.000026 -0.084667 -0.009517
v 0.041849 -0.006816 -0.009004
v 0.041919 -0.019804 -0.009017
v 0.041943 -0.032776 -0.008971
v 0.041925 -0.045745 -0.008893
v 0.041858 -0.058722 -0.008800
v 0.041752 -0.071671 -0.008753
v 0.041633 -0.084636 -0.008785
v 0.023457 -0.084634 -0.008842
v 0.023555 -0.071674 -0.008805
v 0.023634 -0.058710 -0.008839
v 0.023668 -0.045743 -0.008888
v 0.023685 -0.032778 -0.008900
v 0.023659 -0.019806 -0.008890
v 0.023611 -0.006820 -0.008817
v 0.009062 -0.099779 0.007426
v 0.009062 -0.099779 0.007426
v 0.018124 -0.099761 0.007632
v 0.018124 -0.099761 0.007632
v 0.009095 -0.103464 0.006518
v 0.018211 -0.103437 0.006687
v 0.009088 -0.101877 0.006492
v 0.018199 -0.101898 0.006684
v 0.009043 -0.100555 0.007173
v 0.018026 -0.100609 0.007359
v 0.009047 -0.109431 -0.000513
v 0.016439 -0.109424 -0.000385
v 0.009044 -0.109439 0.003600
v 0.017423 -0.109439 0.003730
v 0.009046 -0.106158 0.007647
v 0.018197 -0.106160 0.007810
v 0.009076 -0.090563 0.007709
v 0.018252 -0.090556 0.007945
v 0.018209 -0.105273 0.007549
v 0.018209 -0.105273 0.007549
v 0.009022 -0.105291 0.007428
v 0.009022 -0.105291 0.007428
v 0.018170 -0.107693 0.007462
v 0.009056 -0.107715 0.007312
v 0.018167 -0.108935 0.006425
v 0.009047 -0.108936 0.006284
v 0.018165 -0.109426 0.004860
v 0.009043 -0.109425 0.004712
v 0.009130 -0.084126 0.007728
v 0.018290 -0.084114 0.007899
v 0.009159 -0.071230 0.007663
v 0.018356 -0.071231 0.007827
v 0.009225 -0.058349 0.007679
v 0.018411 -0.058360 0.007752
v 0.009242 -0.045464 0.007682
v 0.018452 -0.045462 0.007747
v 0.009260 -0.032569 0.007741
v 0.018471 -0.032570 0.007779
v 0.009248 -0.019684 0.007829
v 0.018448 -0.019680 0.007821
v 0.009223 -0.006787 0.007935
v 0.018408 -0.006786 0.007895
v 0.034138 -0.100037 0.007999
v 0.034138 -0.100037 0.007999
v 0.034223 -0.103361 0.007064
v 0.034209 -0.101966 0.007221
v 0.034146 -0.100898 0.007795
v 0.034316 -0.109359 0.000033
v 0.034350 -0.109373 0.004043
v 0.034346 -0.105285 0.007853
v 0.034346 -0.105285 0.007853
v 0.034281 -0.106146 0.008178
v 0.034315 -0.107703 0.007731
v 0.034340 -0.108923 0.006673
v 0.034350 -0.109351 0.005135
v 0.034195 -0.090537 0.008260
v 0.034226 -0.084105 0.008202
v 0.034267 -0.071220 0.008060
v 0.034294 -0.058333 0.007986
v 0.034293 -0.045455 0.007950
v 0.034241 -0.032569 0.007944
v 0.034160 -0.019679 0.007966
v 0.034040 -0.006784 0.007990
v 0.034510 -0.091133 -0.008783
v 0.034540 -0.084643 -0.008782
v 0.034674 -0.071650 -0.008803
v 0.034729 -0.058704 -0.008840
v 0.034786 -0.045742 -0.008904
v 0.034807 -0.032780 -0.008961
v 0.034772 -0.019805 -0.008958
v 0.034721 -0.006824 -0.008978
v 0.028928 -0.091117 -0.008820
v 0.029027 -0.084644 -0.008818
v 0.029102 -0.071691 -0.008782
v 0.029192 -0.058706 -0.008836
v 0.029239 -0.045739 -0.008868
v 0.029248 -0.032773 -0.008903
v 0.029227 -0.019807 -0.008895
v 0.029180 -0.006826 -0.008889
v 0.041456 -0.104286 -0.008709
v 0.034131 -0.104290 -0.008776
v 0.027798 -0.097711 -0.008910
v 0.041510 -0.097700 -0.008750
v 0.034368 -0.097707 -0.008635
v -0.000074 -0.097746 -0.009502
v 0.023235 -0.097707 -0.008745
v 0.050232 -0.091112 -0.008827
v 0.050302 -0.084632 -0.008821
v 0.050443 -0.071669 -0.008870
v 0.050566 -0.058704 -0.008926
v 0.050646 -0.045740 -0.008980
v 0.050668 -0.032775 -0.009109
v 0.050627 -0.019804 -0.009209
v 0.050551 -0.006824 -0.009234
v 0.015590 -0.091146 -0.008974
v 0.007777 -0.091134 -0.009317
v 0.007885 -0.104899 -0.003783
v 0.015755 -0.104881 -0.003607
v 0.015700 -0.103659 -0.003839
v 0.007851 -0.103570 -0.003997
v 0.015657 -0.102543 -0.004384
v 0.007799 -0.102599 -0.004593
v 0.015594 -0.101832 -0.005446
v 0.007770 -0.101888 -0.005613
v 0.015582 -0.101632 -0.006709
v 0.007733 -0.101618 -0.006808
v 0.015652 -0.084651 -0.008955
v 0.007809 -0.084662 -0.009260
v 0.015698 -0.071679 -0.008884
v 0.007853 -0.071691 -0.009165
v 0.015734 -0.058714 -0.008920
v 0.007885 -0.058720 -0.009158
v 0.015792 -0.045736 -0.008951
v 0.007918 -0.045753 -0.009178
v 0.015803 -0.032779 -0.008957
v 0.007930 -0.032782 -0.009160
v 0.015771 -0.019810 -0.008923
v 0.007920 -0.019810 -0.009096
v 0.015759 -0.006832 -0.008863
v 0.007894 -0.006830 -0.009018
v 0.015571 -0.097726 -0.008973
v 0.007768 -0.097727 -0.009338
v 0.049957 -0.098383 -0.008925
v -0.047444 0.102457 0.009739
v -0.047444 0.102457 0.009739
v -0.054877 0.093550 0.010035
v -0.054877 0.093550 0.010035
v -0.050663 0.092539 0.009023
v -0.052095 0.092910 0.008675
v -0.053488 0.093219 0.009054
v -0.055249 0.090266 0.010013
v -0.055249 0.090266 0.010013
v -0.053794 0.090171 0.009082
v -0.052372 0.090130 0.008595
v -0.050990 0.090091 0.008945
v -0.053578 0.096263 0.009808
v -0.053578 0.096263 0.009808
v -0.049988 0.094596 0.009067
v -0.051341 0.095201 0.008773
v -0.052623 0.095807 0.009088
v -0.051982 0.098776 0.009776
v -0.051982 0.098776 0.009776
v -0.051982 0.098776 0.009776
v -0.051982 0.098776 0.009776
v -0.048868 0.096375 0.009133
v -0.048868 0.096375 0.009133
v -0.050054 0.097246 0.008736
v -0.050054 0.097246 0.008736
v -0.051051 0.098096 0.008940
v -0.051051 0.098096 0.008940
v -0.049932 0.100883 0.009670
v -0.049932 0.100883 0.009670
v -0.047424 0.097801 0.009002
v -0.048336 0.098958 0.008721
v -0.049241 0.099936 0.009109
v -0.045651 0.098845 0.008820
v -0.046350 0.100216 0.008668
v -0.047044 0.101420 0.009226
v -0.044593 0.103418 0.009734
v -0.044593 0.103418 0.009734
v -0.043717 0.099526 0.008733
v -0.044022 0.100984 0.008689
v -0.044263 0.102183 0.009146
v -0.041381 0.103694 0.009487
v -0.041381 0.103694 0.009487
v -0.041164 0.099843 0.008757
v -0.041235 0.101335 0.008599
v -0.041293 0.102696 0.009142
v -0.041137 0.097943 0.009473
v -0.041137 0.097943 0.009473
v -0.043215 0.097489 0.009524
v -0.043215 0.097489 0.009524
v -0.044828 0.097162 0.009664
v -0.044828 0.097162 0.009664
v -0.049550 0.089993 0.009750
v -0.049550 0.089993 0.009750
v -0.049308 0.092311 0.009845
v -0.049308 0.092311 0.009845
v -0.046390 0.096499 0.009779
v -0.046390 0.096499 0.009779
v -0.047613 0.095316 0.009834
v -0.047613 0.095316 0.009834
v -0.047613 0.095316 0.009834
v -0.047613 0.095316 0.009834
v -0.048732 0.093975 0.009834
v -0.048732 0.093975 0.009834
v -0.041690 0.108667 0.005779
v -0.041701 0.108694 0.001792
v -0.041680 0.108702 -0.002214
v -0.045726 0.108253 0.005851
v -0.045765 0.108402 0.001861
v -0.045766 0.108430 -0.002129
v -0.059445 0.090498 0.005852
v -0.059605 0.090490 0.001855
v -0.059735 0.090497 -0.002121
v -0.059399 0.094549 -0.002068
v -0.059287 0.094523 0.001903
v -0.059131 0.094466 0.005911
v -0.049520 0.106779 0.005902
v -0.049611 0.106977 0.001917
v -0.049697 0.107154 -0.002068
v -0.052950 0.104640 0.005928
v -0.053058 0.104770 0.001950
v -0.053157 0.104882 -0.002027
v -0.055824 0.101780 0.005935
v -0.055824 0.101780 0.005935
v -0.055963 0.101889 0.001961
v -0.055963 0.101889 0.001961
v -0.056090 0.101983 -0.002010
v -0.056090 0.101983 -0.002010
v -0.057999 0.098355 0.005924
v -0.058126 0.098417 0.001947
v -0.058234 0.098466 -0.002022
v -0.027475 0.098778 0.009305
v -0.027475 0.098778 0.009305
v -0.027522 0.104318 0.009115
v -0.027522 0.104318 0.009115
v -0.027525 0.103085 0.008385
v -0.027494 0.101509 0.008137
v -0.027477 0.100043 0.008592
v -0.027505 0.108983 0.001458
v -0.027505 0.108976 0.005476
v -0.059065 0.094456 0.006917
v -0.056357 0.093873 0.009951
v -0.058764 0.094467 0.008361
v -0.057806 0.094172 0.009401
v -0.056752 0.090349 0.009933
v -0.059399 0.090486 0.006874
v -0.058193 0.090421 0.009323
v -0.059173 0.090475 0.008265
v -0.057915 0.098315 0.006995
v -0.055250 0.097058 0.009980
v -0.057569 0.098161 0.008385
v -0.056618 0.097691 0.009486
v -0.055768 0.101723 0.007015
v -0.055768 0.101723 0.007015
v -0.053462 0.099921 0.009989
v -0.053462 0.099921 0.009989
v -0.055466 0.101487 0.008389
v -0.055466 0.101487 0.008389
v -0.054656 0.100867 0.009489
v -0.054656 0.100867 0.009489
v -0.052910 0.104591 0.007000
v -0.051074 0.102316 0.009928
v -0.052671 0.104286 0.008420
v -0.052011 0.103465 0.009442
v -0.049464 0.106728 0.006960
v -0.048205 0.104129 0.009867
v -0.049327 0.106409 0.008379
v -0.048884 0.105484 0.009401
v -0.045708 0.108178 0.006907
v -0.045042 0.105265 0.009826
v -0.045609 0.107765 0.008322
v -0.045370 0.106725 0.009370
v -0.041687 0.108615 0.006840
v -0.041515 0.105677 0.009750
v -0.041653 0.108194 0.008191
v -0.041603 0.107144 0.009281
v -0.027504 0.108935 0.006555
v -0.027495 0.105821 0.009363
v -0.027510 0.108448 0.007982
v -0.027514 0.107307 0.008953
v -0.027490 0.090183 0.009296
v -0.041070 0.090057 0.009716
v -0.049442 0.006075 0.008154
v -0.049442 0.006075 0.008154
v -0.041645 0.090636 -0.007362
v -0.034600 0.108867 -0.002598
v -0.023883 0.104562 -0.002279
v -0.027360 0.105470 -0.005506
v -0.023388 0.100947 -0.005083
v -0.025289 0.104771 -0.002291
v -0.025289 0.104771 -0.002291
v -0.026540 0.105041 -0.002977
v -0.023798 0.103306 -0.002347
v -0.025153 0.103384 -0.002497
v -0.025153 0.103384 -0.002497
v -0.025153 0.103384 -0.002497
v -0.026567 0.103751 -0.002864
v -0.026567 0.103751 -0.002864
v -0.026141 0.102781 -0.002965
v -0.027604 0.103975 -0.005432
v -0.027604 0.103975 -0.005432
v -0.026935 0.101949 -0.005281
v -0.027273 0.105282 -0.004158
v -0.027411 0.104037 -0.003960
v -0.027411 0.104037 -0.003960
v -0.026528 0.102117 -0.003734
v -0.023584 0.101312 -0.003804
v -0.023688 0.102211 -0.002867
v -0.025183 0.101096 -0.005222
v -0.025183 0.101096 -0.005222
v -0.025155 0.101459 -0.003748
v -0.025155 0.101459 -0.003748
v -0.025133 0.102351 -0.002793
v -0.025133 0.102351 -0.002793
v -0.023561 0.090734 -0.007936
v -0.049425 0.018974 0.008338
v -0.049425 0.018974 0.008338
v -0.049437 0.031876 0.008633
v -0.049437 0.031876 0.008633
v -0.049423 0.044784 0.008877
v -0.049423 0.044784 0.008877
v -0.049443 0.057696 0.009120
v -0.049443 0.057696 0.009120
v -0.049450 0.070616 0.009363
v -0.049450 0.070616 0.009363
v -0.049540 0.083534 0.009665
v -0.049540 0.083534 0.009665
v -0.055197 0.006095 0.008337
v -0.055197 0.006095 0.008337
v -0.055159 0.019031 0.008602
v -0.055159 0.019031 0.008602
v -0.055142 0.031981 0.008838
v -0.055142 0.031981 0.008838
v -0.055142 0.044923 0.009077
v -0.055142 0.044923 0.009077
v -0.055022 0.057875 0.009255
v -0.055022 0.057875 0.009255
v -0.055167 0.070834 0.009630
v -0.055167 0.070834 0.009630
v -0.055230 0.083788 0.009911
v -0.055230 0.083788 0.009911
v -0.053767 0.083690 0.008985
v -0.053739 0.070750 0.008723
v -0.053719 0.057815 0.008434
v -0.053660 0.044913 0.008185
v -0.053715 0.031938 0.007942
v -0.053710 0.019020 0.007686
v -0.053820 0.006092 0.007390
v -0.052367 0.083657 0.008526
v -0.052355 0.070703 0.008243
v -0.052311 0.057788 0.007953
v -0.052278 0.044862 0.007743
v -0.052298 0.031915 0.007506
v -0.052309 0.018998 0.007220
v -0.052352 0.006080 0.006939
v -0.050872 0.083585 0.008751
v -0.050809 0.070664 0.008413
v -0.050806 0.057734 0.008222
v -0.050784 0.044814 0.007972
v -0.050798 0.031890 0.007760
v -0.050788 0.018985 0.007445
v -0.050811 0.006085 0.007195
v -0.059761 0.084008 -0.002226
v -0.059783 0.071019 -0.002450
v -0.059738 0.058030 -0.002695
v -0.059739 0.045044 -0.002942
v -0.059766 0.032063 -0.003192
v -0.059745 0.019083 -0.003430
v -0.059801 0.006108 -0.003658
v -0.059656 0.084012 0.001741
v -0.059669 0.071021 0.001515
v -0.059637 0.058028 0.001267
v -0.059668 0.045041 0.001016
v -0.059670 0.032064 0.000760
v -0.059663 0.019086 0.000519
v -0.059731 0.006106 0.000286
v -0.059539 0.083999 0.005733
v -0.059527 0.071015 0.005471
v -0.059541 0.058031 0.005236
v -0.059609 0.045038 0.004977
v -0.059627 0.032064 0.004717
v -0.059622 0.019081 0.004465
v -0.059696 0.006106 0.004234
v -0.059689 0.006106 0.005296
v -0.059607 0.019078 0.005544
v -0.059610 0.032060 0.005783
v -0.059569 0.045049 0.006045
v -0.059506 0.058029 0.006308
v -0.059487 0.071022 0.006552
v -0.059495 0.084007 0.006772
v -0.059214 0.083993 0.008194
v -0.059212 0.071009 0.007955
v -0.059231 0.058014 0.007730
v -0.059320 0.045031 0.007514
v -0.059373 0.032053 0.007275
v -0.059422 0.019079 0.007036
v -0.059498 0.006108 0.006813
v -0.058223 0.083931 0.009266
v -0.058212 0.070955 0.009074
v -0.058239 0.057978 0.008900
v -0.058302 0.045002 0.008753
v -0.058326 0.032026 0.008538
v -0.058344 0.019072 0.008310
v -0.058385 0.006109 0.008114
v -0.056734 0.083860 0.009856
v -0.056706 0.070889 0.009632
v -0.056660 0.057928 0.009371
v -0.056652 0.044960 0.009141
v -0.056651 0.031996 0.008902
v -0.056677 0.019051 0.008647
v -0.056703 0.006097 0.008407
v -0.040993 0.083593 0.009611
v -0.040853 0.070662 0.009322
v -0.040707 0.057733 0.009082
v -0.040578 0.044807 0.008901
v -0.040457 0.031889 0.008686
v -0.040354 0.018982 0.008497
v -0.040255 0.006083 0.008281
v -0.027461 0.083700 0.009188
v -0.027442 0.070746 0.008973
v -0.027419 0.057794 0.008807
v -0.027405 0.044850 0.008654
v -0.027402 0.031918 0.008472
v -0.027405 0.019001 0.008332
v -0.027419 0.006093 0.008185
v -0.041607 0.006123 -0.008625
v -0.041582 0.019105 -0.008370
v -0.041575 0.032093 -0.008117
v -0.041572 0.045093 -0.007915
v -0.041586 0.058104 -0.007811
v -0.041615 0.071117 -0.007679
v -0.041648 0.084140 -0.007473
v -0.023517 0.084267 -0.007990
v -0.023502 0.071231 -0.008151
v -0.023478 0.058184 -0.008226
v -0.023462 0.045153 -0.008292
v -0.023454 0.032134 -0.008440
v -0.023456 0.019130 -0.008605
v -0.023466 0.006138 -0.008778
v -0.009243 0.098761 0.008845
v -0.009243 0.098761 0.008845
v -0.018319 0.098729 0.009123
v -0.018319 0.098729 0.009123
v -0.009204 0.103168 0.008096
v -0.018353 0.103106 0.008299
v -0.009208 0.101657 0.007670
v -0.018359 0.101585 0.007927
v -0.009206 0.100117 0.008029
v -0.018359 0.100062 0.008287
v -0.009213 0.109174 0.000820
v -0.016630 0.109110 0.001029
v -0.009213 0.109113 0.004931
v -0.017613 0.109066 0.005156
v -0.009230 0.105954 0.008887
v -0.018350 0.105927 0.009168
v -0.009195 0.090302 0.008884
v -0.018343 0.090239 0.009049
v -0.018354 0.104388 0.008984
v -0.018354 0.104388 0.008984
v -0.009258 0.104540 0.008892
v -0.009258 0.104540 0.008892
v -0.018382 0.107395 0.008719
v -0.009232 0.107485 0.008435
v -0.018367 0.108519 0.007727
v -0.009213 0.108565 0.007483
v -0.018362 0.109015 0.006274
v -0.009215 0.109081 0.006042
v -0.009195 0.083820 0.008831
v -0.018339 0.083765 0.008949
v -0.009181 0.070850 0.008665
v -0.018302 0.070795 0.008744
v -0.009166 0.057868 0.008523
v -0.018281 0.057834 0.008583
v -0.009154 0.044903 0.008414
v -0.018292 0.044881 0.008478
v -0.009142 0.031956 0.008329
v -0.018283 0.031943 0.008338
v -0.009133 0.019024 0.008213
v -0.018273 0.019015 0.008210
v -0.009126 0.006108 0.008128
v -0.018276 0.006101 0.008127
v -0.034281 0.098545 0.009529
v -0.034281 0.098545 0.009529
v -0.034427 0.102898 0.008837
v -0.034380 0.101412 0.008346
v -0.034325 0.099915 0.008636
v -0.034599 0.108883 0.001627
v -0.034601 0.108877 0.005637
v -0.034469 0.104005 0.009362
v -0.034469 0.104005 0.009362
v -0.034499 0.105735 0.009563
v -0.034547 0.107274 0.009128
v -0.034591 0.108366 0.008141
v -0.034600 0.108830 0.006710
v -0.034275 0.090110 0.009486
v -0.034238 0.083643 0.009376
v -0.034145 0.070704 0.009150
v -0.034064 0.057759 0.008942
v -0.033994 0.044828 0.008769
v -0.033930 0.031904 0.008576
v -0.033881 0.018991 0.008407
v -0.033840 0.006087 0.008233
v -0.034561 0.090687 -0.007583
v -0.034541 0.084184 -0.007666
v -0.034524 0.071158 -0.007856
v -0.034505 0.058138 -0.007961
v -0.034489 0.045117 -0.008061
v -0.034486 0.032108 -0.008229
v -0.034496 0.019115 -0.008466
v -0.034516 0.006127 -0.008690
v -0.028997 0.090740 -0.007729
v -0.029042 0.084225 -0.007813
v -0.029021 0.071189 -0.007994
v -0.028998 0.058158 -0.008115
v -0.028975 0.045135 -0.008161
v -0.028970 0.032121 -0.008325
v -0.028977 0.019122 -0.008509
v -0.028991 0.006134 -0.008723
v -0.041684 0.103846 -0.007123
v -0.034608 0.103913 -0.007463
v -0.028134 0.097342 -0.007647
v -0.041685 0.097231 -0.007302
v -0.034629 0.097298 -0.007512
v -0.023540 0.097412 -0.007853
v -0.050320 0.090567 -0.007078
v -0.050304 0.084067 -0.007152
v -0.050267 0.071068 -0.007446
v -0.050244 0.058064 -0.007604
v -0.050229 0.045062 -0.007722
v -0.050234 0.032077 -0.007951
v -0.050245 0.019091 -0.008234
v -0.050274 0.006116 -0.008511
v -0.015716 0.090843 -0.008142
v -0.007932 0.090899 -0.008563
v -0.008024 0.104711 -0.002870
v -0.015940 0.104637 -0.002530
v -0.015889 0.103428 -0.002615
v -0.007958 0.103520 -0.002997
v -0.015809 0.102373 -0.003012
v -0.007953 0.102442 -0.003410
v -0.015682 0.101343 -0.003946
v -0.007909 0.101534 -0.004268
v -0.015724 0.100883 -0.005290
v -0.007847 0.101095 -0.005460
v -0.015706 0.084322 -0.008239
v -0.007890 0.084377 -0.008611
v -0.015675 0.071271 -0.008344
v -0.007896 0.071289 -0.008643
v -0.015672 0.058225 -0.008419
v -0.007859 0.058249 -0.008733
v -0.015653 0.045176 -0.008496
v -0.007854 0.045201 -0.008788
v -0.015644 0.032150 -0.008597
v -0.007825 0.032166 -0.008882
v -0.015638 0.019140 -0.008706
v -0.007821 0.019152 -0.008957
v -0.015640 0.006144 -0.008848
v -0.007808 0.006151 -0.009049
v -0.015753 0.097399 -0.008111
v -0.007870 0.097578 -0.008617
v -0.050008 0.097831 -0.006969
v -0.047666 -0.103539 0.006690
v -0.047666 -0.103539 0.006690
v -0.054963 -0.094289 0.006840
v -0.054963 -0.094289 0.006840
v -0.050646 -0.093294 0.005946
v -0.052168 -0.093647 0.005609
v -0.053542 -0.093964 0.006069
v -0.055338 -0.091009 0.006908
v -0.055338 -0.091009 0.006908
v -0.053894 -0.090920 0.006132
v -0.052472 -0.090851 0.005692
v -0.050929 -0.090757 0.005954
v -0.053996 -0.097128 0.006767
v -0.053996 -0.097128 0.006767
v -0.050035 -0.095233 0.006061
v -0.051380 -0.095891 0.005605
v -0.052781 -0.096573 0.005898
v -0.052352 -0.099764 0.006756
v -0.052352 -0.099764 0.006756
v -0.048983 -0.096992 0.006112
v -0.050081 -0.097923 0.005619
v -0.051311 -0.098906 0.005876
v -0.050215 -0.101849 0.006707
v -0.050215 -0.101849 0.006707
v -0.050215 -0.101849 0.006707
v -0.050215 -0.101849 0.006707
v -0.047564 -0.098470 0.006070
v -0.047564 -0.098470 0.006070
v -0.048395 -0.099600 0.005589
v -0.048395 -0.099600 0.005589
v -0.049364 -0.100818 0.005916
v -0.049364 -0.100818 0.005916
v -0.045705 -0.099592 0.006138
v -0.046372 -0.100874 0.005648
v -0.047035 -0.102252 0.005975
v -0.044726 -0.104440 0.006989
v -0.044726 -0.104440 0.006989
v -0.043762 -0.100317 0.006171
v -0.044101 -0.101645 0.005721
v -0.044435 -0.103073 0.006177
v -0.041422 -0.104844 0.006951
v -0.041422 -0.104844 0.006951
v -0.041206 -0.100545 0.006137
v -0.041299 -0.101977 0.005679
v -0.041365 -0.103424 0.006164
v -0.041144 -0.099473 0.006822
v -0.041144 -0.099473 0.006822
v -0.043514 -0.099140 0.006843
v -0.043514 -0.099140 0.006843
v -0.045226 -0.098542 0.006823
v -0.045226 -0.098542 0.006823
v -0.049589 -0.090681 0.006914
v -0.049589 -0.090681 0.006914
v -0.049299 -0.093000 0.006910
v -0.049299 -0.093000 0.006910
v -0.046788 -0.097576 0.006808
v -0.046788 -0.097576 0.006808
v -0.046788 -0.097576 0.006808
v -0.046788 -0.097576 0.006808
v -0.048062 -0.096288 0.006784
v -0.048062 -0.096288 0.006784
v -0.049004 -0.094762 0.006790
v -0.049004 -0.094762 0.006790
v -0.041705 -0.109327 0.002900
v -0.041698 -0.109364 -0.001115
v -0.041698 -0.109362 -0.005127
v -0.045770 -0.108974 0.002851
v -0.045790 -0.109070 -0.001166
v -0.045776 -0.109012 -0.005169
v -0.059901 -0.091280 0.002834
v -0.059939 -0.091278 -0.001143
v -0.059934 -0.091275 -0.005118
v -0.059199 -0.095291 -0.005160
v -0.059414 -0.095304 -0.001181
v -0.059343 -0.095302 0.002821
v -0.049615 -0.107629 0.002810
v -0.049655 -0.107694 -0.001192
v -0.049657 -0.107700 -0.005197
v -0.053035 -0.105408 0.002791
v -0.053035 -0.105408 0.002791
v -0.053033 -0.105419 -0.001199
v -0.053033 -0.105419 -0.001199
v -0.053047 -0.105426 -0.005208
v -0.053047 -0.105426 -0.005208
v -0.055879 -0.102505 0.002778
v -0.055893 -0.102536 -0.001216
v -0.055890 -0.102513 -0.005207
v -0.057999 -0.099068 0.002817
v -0.057997 -0.099115 -0.001222
v -0.057919 -0.099103 -0.005139
v -0.027501 -0.099644 0.006983
v -0.027501 -0.099644 0.006983
v -0.027458 -0.105295 0.006998
v -0.027458 -0.105295 0.006998
v -0.027492 -0.103561 0.005952
v -0.027497 -0.101960 0.005970
v -0.027497 -0.100608 0.006537
v -0.027522 -0.109409 -0.000931
v -0.027502 -0.109399 0.003097
v -0.059398 -0.095313 0.003882
v -0.056408 -0.094628 0.006779
v -0.059004 -0.095199 0.005294
v -0.057850 -0.094959 0.006357
v -0.056809 -0.091092 0.006815
v -0.059860 -0.091269 0.003912
v -0.058262 -0.091176 0.006356
v -0.059429 -0.091231 0.005301
v -0.057962 -0.099106 0.003839
v -0.055273 -0.097774 0.006732
v -0.057653 -0.098878 0.005265
v -0.056659 -0.098456 0.006341
v -0.055854 -0.102485 0.003853
v -0.053514 -0.100652 0.006703
v -0.055528 -0.102236 0.005283
v -0.054686 -0.101545 0.006265
v -0.053009 -0.105379 0.003861
v -0.053009 -0.105379 0.003861
v -0.051101 -0.102970 0.006722
v -0.051101 -0.102970 0.006722
v -0.052741 -0.105033 0.005297
v -0.052741 -0.105033 0.005297
v -0.052042 -0.104172 0.006302
v -0.052042 -0.104172 0.006302
v -0.049599 -0.107566 0.003883
v -0.048229 -0.104719 0.006790
v -0.049413 -0.107185 0.005361
v -0.048906 -0.106147 0.006350
v -0.045756 -0.108903 0.003914
v -0.045024 -0.105903 0.006807
v -0.045657 -0.108452 0.005364
v -0.045375 -0.107354 0.006387
v -0.041699 -0.109301 0.003969
v -0.041541 -0.106300 0.006902
v -0.041644 -0.108887 0.005422
v -0.041598 -0.107827 0.006464
v -0.027502 -0.109393 0.004184
v -0.027499 -0.106253 0.007177
v -0.027500 -0.109015 0.005716
v -0.027502 -0.107834 0.006832
v -0.027502 -0.090636 0.007313
v -0.041131 -0.090666 0.007185
v -0.049486 -0.006819 0.007921
v -0.049486 -0.006819 0.007921
v -0.041712 -0.091247 -0.009828
v -0.034601 -0.109390 -0.005272
v -0.023898 -0.104989 -0.004145
v -0.027559 -0.105901 -0.007859
v -0.023577 -0.101581 -0.007275
v -0.025415 -0.105190 -0.004299
v -0.025415 -0.105190 -0.004299
v -0.026772 -0.105372 -0.005193
v -0.023822 -0.103692 -0.004192
v -0.025427 -0.103960 -0.004410
v -0.025427 -0.103960 -0.004410
v -0.025427 -0.103960 -0.004410
v -0.026558 -0.104047 -0.005297
v -0.026558 -0.104047 -0.005297
v -0.026216 -0.103174 -0.005524
v -0.027188 -0.104398 -0.007713
v -0.027188 -0.104398 -0.007713
v -0.026504 -0.102997 -0.007570
v -0.027484 -0.105619 -0.006501
v -0.027123 -0.104184 -0.006392
v -0.027123 -0.104184 -0.006392
v -0.026447 -0.102984 -0.006296
v -0.023647 -0.101769 -0.005990
v -0.023798 -0.102490 -0.004912
v -0.025197 -0.101998 -0.007410
v -0.025197 -0.101998 -0.007410
v -0.025296 -0.102138 -0.006115
v -0.025296 -0.102138 -0.006115
v -0.025246 -0.102748 -0.005124
v -0.025246 -0.102748 -0.005124
v -0.023543 -0.091207 -0.009655
v -0.049545 -0.019715 0.007755
v -0.049545 -0.019715 0.007755
v -0.049594 -0.032607 0.007611
v -0.049594 -0.032607 0.007611
v -0.049618 -0.045507 0.007457
v -0.049618 -0.045507 0.007457
v -0.049601 -0.058412 0.007230
v -0.049601 -0.058412 0.007230
v -0.049590 -0.071322 0.007092
v -0.049590 -0.071322 0.007092
v -0.049626 -0.084228 0.007018
v -0.049626 -0.084228 0.007018
v -0.055244 -0.006845 0.008048
v -0.055244 -0.006845 0.008048
v -0.055306 -0.019781 0.007764
v -0.055306 -0.019781 0.007764
v -0.055363 -0.032729 0.007577
v -0.055363 -0.032729 0.007577
v -0.055338 -0.045671 0.007454
v -0.055338 -0.045671 0.007454
v -0.055342 -0.058624 0.007319
v -0.055342 -0.058624 0.007319
v -0.055347 -0.071578 0.007135
v -0.055347 -0.071578 0.007135
v -0.055342 -0.084535 0.007009
v -0.055342 -0.084535 0.007009
v -0.053984 -0.084470 0.006082
v -0.053885 -0.071541 0.006369
v -0.053928 -0.058560 0.006425
v -0.053976 -0.045641 0.006563
v -0.053964 -0.032708 0.006701
v -0.053934 -0.019767 0.006865
v -0.053816 -0.006872 0.007178
v -0.052482 -0.084388 0.005756
v -0.052468 -0.071440 0.005906
v -0.052491 -0.058518 0.005980
v -0.052466 -0.045601 0.006157
v -0.052442 -0.032674 0.006331
v -0.052426 -0.019753 0.006506
v -0.052392 -0.006835 0.006685
v -0.050979 -0.084300 0.006114
v -0.050988 -0.071408 0.006279
v -0.050972 -0.058478 0.006336
v -0.050983 -0.045542 0.006554
v -0.051124 -0.032658 0.006783
v -0.050953 -0.019723 0.006972
v -0.050851 -0.006826 0.007005
v -0.059958 -0.084784 -0.005054
v -0.059906 -0.071788 -0.004889
v -0.059881 -0.058799 -0.004708
v -0.059849 -0.045808 -0.004516
v -0.059799 -0.032820 -0.004302
v -0.059746 -0.019842 -0.004105
v -0.059776 -0.006864 -0.003884
v -0.059990 -0.084784 -0.001076
v -0.059929 -0.071789 -0.000924
v -0.059892 -0.058795 -0.000751
v -0.059854 -0.045808 -0.000561
v -0.059818 -0.032820 -0.000365
v -0.059773 -0.019840 -0.000156
v -0.059740 -0.006864 0.000058
v -0.060000 -0.084783 0.002906
v -0.059935 -0.071789 0.003050
v -0.059903 -0.058797 0.003209
v -0.059852 -0.045801 0.003390
v -0.059825 -0.032825 0.003581
v -0.059772 -0.019837 0.003787
v -0.059737 -0.006865 0.004002
v -0.059746 -0.006866 0.005068
v -0.059781 -0.019840 0.004853
v -0.059828 -0.032820 0.004646
v -0.059862 -0.045805 0.004452
v -0.059899 -0.058796 0.004276
v -0.059930 -0.071786 0.004121
v -0.059999 -0.084783 0.003983
v -0.059568 -0.084762 0.005482
v -0.059515 -0.071769 0.005584
v -0.059546 -0.058778 0.005756
v -0.059540 -0.045793 0.005930
v -0.059565 -0.032812 0.006143
v -0.059558 -0.019836 0.006354
v -0.059529 -0.006864 0.006576
v -0.058361 -0.084698 0.006492
v -0.058401 -0.071721 0.006706
v -0.058439 -0.058737 0.006917
v -0.058466 -0.045759 0.007144
v -0.058509 -0.032822 0.007390
v -0.058446 -0.019823 0.007644
v -0.058431 -0.006860 0.007861
v -0.056824 -0.084609 0.006946
v -0.056838 -0.071646 0.007145
v -0.056842 -0.058679 0.007360
v -0.056832 -0.045716 0.007555
v -0.056810 -0.032757 0.007728
v -0.056776 -0.019802 0.007903
v -0.056738 -0.006852 0.008122
v -0.041075 -0.084214 0.007225
v -0.040955 -0.071307 0.007334
v -0.040840 -0.058404 0.007498
v -0.040716 -0.045503 0.007669
v -0.040575 -0.032612 0.007789
v -0.040436 -0.019708 0.007920
v -0.040286 -0.006815 0.008078
v -0.027502 -0.084186 0.007345
v -0.027499 -0.071286 0.007410
v -0.027495 -0.058388 0.007541
v -0.027487 -0.045490 0.007710
v -0.027473 -0.032594 0.007806
v -0.027455 -0.019701 0.007885
v -0.027438 -0.006806 0.008005
v -0.041637 -0.006854 -0.008842
v -0.041667 -0.019833 -0.009007
v -0.041692 -0.032811 -0.009139
v -0.041708 -0.045790 -0.009240
v -0.041710 -0.058779 -0.009395
v -0.041718 -0.071764 -0.009573
v -0.041720 -0.084756 -0.009736
v -0.023543 -0.084716 -0.009618
v -0.023538 -0.071734 -0.009507
v -0.023530 -0.058757 -0.009361
v -0.023528 -0.045774 -0.009147
v -0.023510 -0.032799 -0.009121
v -0.023494 -0.019824 -0.009069
v -0.023478 -0.006844 -0.008940
v -0.009177 -0.099671 0.007210
v -0.009177 -0.099671 0.007210
v -0.018363 -0.099640 0.007063
v -0.018363 -0.099640 0.007063
v -0.009214 -0.103482 0.006305
v -0.018379 -0.103475 0.006089
v -0.009207 -0.101916 0.006229
v -0.018352 -0.101933 0.006063
v -0.009140 -0.100539 0.006744
v -0.018385 -0.100596 0.006615
v -0.009218 -0.109404 -0.000801
v -0.016627 -0.109352 -0.000916
v -0.009216 -0.109388 0.003309
v -0.017610 -0.109400 0.003172
v -0.009223 -0.106210 0.007401
v -0.018343 -0.106220 0.007283
v -0.009194 -0.090596 0.007577
v -0.018348 -0.090609 0.007342
v -0.018350 -0.105294 0.007119
v -0.018350 -0.105294 0.007119
v -0.009218 -0.105298 0.007220
v -0.009218 -0.105298 0.007220
v -0.018357 -0.107803 0.006959
v -0.009215 -0.107782 0.007109
v -0.018358 -0.108985 0.005832
v -0.009215 -0.108960 0.005980
v -0.018357 -0.109399 0.004269
v -0.009218 -0.109378 0.004420
v -0.009187 -0.084150 0.007605
v -0.018350 -0.084163 0.007406
v -0.009168 -0.071257 0.007616
v -0.018340 -0.071274 0.007460
v -0.009152 -0.058366 0.007693
v -0.018327 -0.058376 0.007554
v -0.009138 -0.045474 0.007755
v -0.018317 -0.045482 0.007688
v -0.009128 -0.032583 0.007846
v -0.018306 -0.032589 0.007774
v -0.009125 -0.019692 0.007941
v -0.018294 -0.019696 0.007842
v -0.009124 -0.006795 0.008034
v -0.018283 -0.006799 0.007959
v -0.034329 -0.099573 0.006897
v -0.034329 -0.099573 0.006897
v -0.034445 -0.103552 0.005972
v -0.034400 -0.101966 0.005827
v -0.034359 -0.100596 0.006353
v -0.034603 -0.109416 -0.001027
v -0.034605 -0.109402 0.002994
v -0.034483 -0.105335 0.006859
v -0.034483 -0.105335 0.006859
v -0.034512 -0.106265 0.007039
v -0.034556 -0.107819 0.006639
v -0.034591 -0.108994 0.005591
v -0.034599 -0.109391 0.004074
v -0.034317 -0.090652 0.007260
v -0.034291 -0.084202 0.007298
v -0.034234 -0.071297 0.007392
v -0.034170 -0.058397 0.007539
v -0.034106 -0.045495 0.007716
v -0.034028 -0.032601 0.007821
v -0.033946 -0.019706 0.007923
v -0.033863 -0.006810 0.008048
v -0.034609 -0.091231 -0.009767
v -0.034612 -0.084740 -0.009689
v -0.034612 -0.071754 -0.009539
v -0.034608 -0.058768 -0.009364
v -0.034602 -0.045788 -0.009222
v -0.034585 -0.032806 -0.009120
v -0.034563 -0.019829 -0.009039
v -0.034536 -0.006851 -0.008899
v -0.029077 -0.091219 -0.009708
v -0.029079 -0.084727 -0.009653
v -0.029075 -0.071744 -0.009531
v -0.029071 -0.058764 -0.009361
v -0.029063 -0.045782 -0.009214
v -0.029050 -0.032802 -0.009144
v -0.029032 -0.019826 -0.009048
v -0.029012 -0.006847 -0.008908
v -0.041697 -0.104437 -0.009975
v -0.034608 -0.104421 -0.009939
v -0.028137 -0.097814 -0.009724
v -0.041709 -0.097842 -0.009886
v -0.034602 -0.097824 -0.009848
v -0.023562 -0.097798 -0.009639
v -0.050392 -0.091265 -0.009871
v -0.050398 -0.084768 -0.009795
v -0.050400 -0.071778 -0.009600
v -0.050400 -0.058786 -0.009405
v -0.050389 -0.045798 -0.009237
v -0.050373 -0.032816 -0.009083
v -0.050343 -0.019836 -0.008929
v -0.050307 -0.006861 -0.008783
v -0.015709 -0.091190 -0.009612
v -0.007856 -0.091181 -0.009685
v -0.008008 -0.104910 -0.003929
v -0.015940 -0.104957 -0.004017
v -0.015933 -0.103730 -0.004171
v -0.007960 -0.103631 -0.004154
v -0.015874 -0.102417 -0.004840
v -0.007987 -0.102594 -0.004813
v -0.015817 -0.101785 -0.005949
v -0.007904 -0.101874 -0.005840
v -0.015689 -0.101582 -0.007175
v -0.007892 -0.101598 -0.007019
v -0.015706 -0.084700 -0.009552
v -0.007883 -0.084679 -0.009639
v -0.015695 -0.071723 -0.009467
v -0.007842 -0.071714 -0.009551
v -0.015683 -0.058746 -0.009373
v -0.007836 -0.058735 -0.009460
v -0.015671 -0.045769 -0.009242
v -0.007808 -0.045764 -0.009391
v -0.015663 -0.032795 -0.009138
v -0.007796 -0.032796 -0.009317
v -0.015652 -0.019819 -0.009081
v -0.007799 -0.019813 -0.009260
v -0.015645 -0.006841 -0.008968
v -0.007811 -0.006835 -0.009150
v -0.015709 -0.097785 -0.009668
v -0.007821 -0.097732 -0.009681
v -0.050061 -0.098520 -0.009956
v 0.041606 0.108784 -0.009489
v 0.041606 0.108784 -0.009489
v 0.041621 0.109221 -0.009015
v 0.041621 0.109221 -0.009015
v 0.059416 0.090418 -0.009133
v 0.059416 0.090418 -0.009133
v 0.058937 0.090393 -0.009564
v 0.058937 0.090393 -0.009564
v 0.045513 0.108127 -0.009513
v 0.045513 0.108127 -0.009513
v 0.045637 0.108561 -0.009041
v 0.045637 0.108561 -0.009041
v 0.049329 0.106809 -0.009556
v 0.049329 0.106809 -0.009556
v 0.049435 0.107230 -0.009139
v 0.049435 0.107230 -0.009139
v 0.052642 0.104622 -0.009657
v 0.052642 0.104622 -0.009657
v 0.052810 0.105008 -0.009223
v 0.052810 0.105008 -0.009223
v 0.055360 0.101966 -0.009724
v 0.055360 0.101966 -0.009724
v 0.055360 0.101966 -0.009724
v 0.055692 0.102198 -0.009294
v 0.055692 0.102198 -0.009294
v 0.055692 0.102198 -0.009294
v 0.055692 0.102198 -0.009294
v 0.057365 0.098824 -0.009712
v 0.057365 0.098824 -0.009712
v 0.057817 0.098865 -0.009283
v 0.057817 0.098865 -0.009283
v 0.058458 0.095201 -0.009635
v 0.058458 0.095201 -0.009635
v 0.058965 0.095032 -0.009201
v 0.058965 0.095032 -0.009201
v 0.026810 0.108766 -0.008989
v 0.026810 0.108766 -0.008989
v 0.026810 0.108766 -0.008989
v 0.026439 0.108816 -0.008554
v 0.026885 0.109248 -0.008552
v 0.026885 0.109248 -0.008552
v -0.000045 0.108580 -0.002748
v -0.000045 0.109033 -0.002315
v -0.000045 0.109033 -0.002315
v -0.000055 0.101272 -0.008304
v -0.000055 0.101272 -0.008304
v -0.000056 0.101644 -0.007834
v -0.000056 0.101644 -0.007834
v 0.027075 0.109439 -0.006969
v 0.027075 0.109439 -0.006969
v 0.026557 0.109023 -0.007076
v 0.026557 0.109023 -0.007076
v 0.023804 0.108841 -0.003512
v 0.023804 0.108841 -0.003512
v 0.023804 0.108841 -0.003512
v 0.023804 0.108841 -0.003512
v 0.024192 0.109280 -0.003127
v 0.024192 0.109280 -0.003127
v 0.024192 0.109280 -0.003127
v 0.034523 0.108817 -0.009185
v 0.034523 0.108817 -0.009185
v 0.034524 0.109260 -0.008754
v 0.034524 0.109260 -0.008754
v 0.026655 0.109014 -0.005789
v 0.026655 0.109014 -0.005789
v 0.027140 0.109435 -0.005698
v 0.027140 0.109435 -0.005698
v 0.026183 0.108985 -0.004663
v 0.026183 0.108985 -0.004663
v 0.026500 0.109408 -0.004258
v 0.026500 0.109408 -0.004258
v 0.025179 0.108880 -0.003871
v 0.025179 0.108880 -0.003871
v 0.025425 0.109315 -0.003440
v 0.025425 0.109315 -0.003440
v 0.023520 0.101380 -0.009004
v 0.023520 0.101380 -0.009004
v 0.023520 0.101380 -0.009004
v 0.023561 0.101799 -0.008591
v 0.023561 0.101799 -0.008591
v 0.023561 0.101799 -0.008591
v 0.023561 0.101799 -0.008591
v 0.026190 0.106189 -0.008664
v 0.026190 0.106189 -0.008664
v 0.026650 0.106109 -0.009094
v 0.026650 0.106109 -0.009094
v 0.024888 0.102295 -0.008472
v 0.024888 0.102295 -0.008472
v 0.025141 0.101887 -0.008902
v 0.025141 0.101887 -0.008902
v 0.025520 0.103486 -0.008578
v 0.025520 0.103486 -0.008578
v 0.025520 0.103486 -0.008578
v 0.025520 0.103486 -0.008578
v 0.025730 0.102953 -0.008998
v 0.025730 0.102953 -0.008998
v 0.025730 0.102953 -0.008998
v 0.025888 0.104868 -0.008600
v 0.025888 0.104868 -0.008600
v 0.026322 0.104790 -0.009034
v 0.026322 0.104790 -0.009034
v 0.059503 0.084431 -0.009149
v 0.059503 0.084431 -0.009149
v 0.059032 0.084429 -0.009574
v 0.059032 0.084429 -0.009574
v 0.059598 0.071388 -0.009215
v 0.059141 0.071388 -0.009637
v 0.059141 0.071388 -0.009637
v 0.059488 0.058327 -0.009002
v 0.059025 0.058327 -0.009428
v 0.059025 0.058327 -0.009428
v 0.059525 0.045237 -0.008908
v 0.059068 0.045237 -0.009333
v 0.059068 0.045237 -0.009333
v 0.059591 0.032177 -0.008875
v 0.059144 0.032176 -0.009301
v 0.059144 0.032176 -0.009301
v 0.059608 0.019144 -0.008794
v 0.059608 0.019144 -0.008794
v 0.059165 0.019143 -0.009222
v 0.059165 0.019143 -0.009222
v 0.059577 0.006155 -0.008719
v 0.059134 0.006154 -0.009148
v 0.059134 0.006154 -0.009148
v 0.008038 0.109088 -0.002557
v 0.008038 0.109088 -0.002557
v 0.007890 0.108635 -0.002972
v 0.015914 0.108701 -0.003279
v 0.015914 0.108701 -0.003279
v 0.015993 0.109149 -0.002880
v 0.015993 0.109149 -0.002880
v 0.007781 0.101655 -0.008079
v 0.007781 0.101655 -0.008079
v 0.007774 0.101312 -0.008518
v 0.007774 0.101312 -0.008518
v 0.015619 0.101323 -0.008709
v 0.015619 0.101323 -0.008709
v 0.015624 0.101669 -0.008289
v 0.015624 0.101669 -0.008289
v 0.041383 -0.109047 -0.008204
v 0.041383 -0.109047 -0.008204
v 0.041386 -0.108601 -0.008635
v 0.041386 -0.108601 -0.008635
v 0.058590 -0.090423 -0.008190
v 0.058590 -0.090423 -0.008190
v 0.059058 -0.090452 -0.007733
v 0.059058 -0.090452 -0.007733
v 0.045407 -0.108615 -0.007845
v 0.045407 -0.108615 -0.007845
v 0.045307 -0.108208 -0.008426
v 0.045307 -0.108208 -0.008426
v 0.049221 -0.107194 -0.007893
v 0.049221 -0.107194 -0.007893
v 0.049083 -0.106753 -0.008334
v 0.049083 -0.106753 -0.008334
v 0.052599 -0.105004 -0.008019
v 0.052599 -0.105004 -0.008019
v 0.052599 -0.105004 -0.008019
v 0.052599 -0.105004 -0.008019
v 0.052433 -0.104595 -0.008470
v 0.052433 -0.104595 -0.008470
v 0.052433 -0.104595 -0.008470
v 0.055344 -0.102134 -0.008001
v 0.055344 -0.102134 -0.008001
v 0.055015 -0.101905 -0.008453
v 0.055015 -0.101905 -0.008453
v 0.057359 -0.098765 -0.007896
v 0.057359 -0.098765 -0.007896
v 0.056918 -0.098738 -0.008354
v 0.056918 -0.098738 -0.008354
v 0.058499 -0.094964 -0.007775
v 0.058499 -0.094964 -0.007775
v 0.057998 -0.095145 -0.008239
v 0.057998 -0.095145 -0.008239
v 0.027065 -0.108508 -0.008719
v 0.027065 -0.108508 -0.008719
v 0.027065 -0.108508 -0.008719
v 0.027061 -0.109030 -0.008290
v 0.027061 -0.109030 -0.008290
v 0.027061 -0.109030 -0.008290
v 0.026649 -0.108586 -0.008293
v 0.026649 -0.108586 -0.008293
v -0.000195 -0.109091 -0.003207
v -0.000195 -0.109091 -0.003207
v -0.000197 -0.108617 -0.003631
v -0.000197 -0.108617 -0.003631
v -0.000067 -0.102076 -0.008984
v -0.000068 -0.101736 -0.009410
v -0.000068 -0.101736 -0.009410
v 0.026563 -0.108902 -0.006994
v 0.026563 -0.108902 -0.006994
v 0.027068 -0.109320 -0.006841
v 0.027068 -0.109320 -0.006841
v 0.023754 -0.109272 -0.003092
v 0.023754 -0.109272 -0.003092
v 0.023395 -0.108834 -0.003480
v 0.023395 -0.108834 -0.003480
v 0.034071 -0.109182 -0.008374
v 0.034071 -0.109182 -0.008374
v 0.034070 -0.108742 -0.008796
v 0.034070 -0.108742 -0.008796
v 0.026884 -0.109349 -0.005594
v 0.026884 -0.109349 -0.005594
v 0.026414 -0.108926 -0.005690
v 0.026414 -0.108926 -0.005690
v 0.025982 -0.109306 -0.004141
v 0.025982 -0.109306 -0.004141
v 0.025770 -0.108876 -0.004594
v 0.025770 -0.108876 -0.004594
v 0.024988 -0.109264 -0.003384
v 0.024988 -0.109264 -0.003384
v 0.024988 -0.109264 -0.003384
v 0.024770 -0.108826 -0.003820
v 0.024770 -0.108826 -0.003820
v 0.024770 -0.108826 -0.003820
v 0.024770 -0.108826 -0.003820
v 0.023136 -0.102039 -0.008474
v 0.023136 -0.102039 -0.008474
v 0.023099 -0.101668 -0.008882
v 0.023099 -0.101668 -0.008882
v 0.027121 -0.105739 -0.008818
v 0.027121 -0.105739 -0.008818
v 0.026551 -0.105882 -0.008429
v 0.026551 -0.105882 -0.008429
v 0.024860 -0.102055 -0.008878
v 0.024860 -0.102055 -0.008878
v 0.024860 -0.102055 -0.008878
v 0.024613 -0.102448 -0.008448
v 0.024613 -0.102448 -0.008448
v 0.024613 -0.102448 -0.008448
v 0.024613 -0.102448 -0.008448
v 0.025947 -0.102722 -0.008800
v 0.025947 -0.102722 -0.008800
v 0.025733 -0.103227 -0.008374
v 0.025733 -0.103227 -0.008374
v 0.026951 -0.104351 -0.008824
v 0.026951 -0.104351 -0.008824
v 0.026951 -0.104351 -0.008824
v 0.026400 -0.104438 -0.008427
v 0.026400 -0.104438 -0.008427
v 0.026400 -0.104438 -0.008427
v 0.026400 -0.104438 -0.008427
v 0.058844 -0.084568 -0.008256
v 0.058844 -0.084568 -0.008256
v 0.059296 -0.084570 -0.007804
v 0.059296 -0.084570 -0.007804
v 0.058881 -0.071658 -0.008433
v 0.058881 -0.071658 -0.008433
v 0.059332 -0.071658 -0.007987
v 0.059332 -0.071658 -0.007987
v 0.059026 -0.058680 -0.008444
v 0.059026 -0.058680 -0.008444
v 0.059466 -0.058680 -0.007996
v 0.059161 -0.045680 -0.008641
v 0.059161 -0.045680 -0.008641
v 0.059591 -0.045683 -0.008200
v 0.059591 -0.045683 -0.008200
v 0.059071 -0.032792 -0.008847
v 0.059071 -0.032792 -0.008847
v 0.059512 -0.032792 -0.008410
v 0.059109 -0.019852 -0.008882
v 0.059109 -0.019852 -0.008882
v 0.059548 -0.019849 -0.008443
v 0.059548 -0.006865 -0.008466
v 0.059105 -0.006867 -0.008906
v 0.059105 -0.006867 -0.008906
v 0.007865 -0.108718 -0.003669
v 0.008011 -0.109178 -0.003263
v 0.008011 -0.109178 -0.003263
v 0.015886 -0.109046 -0.003079
v 0.015886 -0.109046 -0.003079
v 0.015802 -0.108568 -0.003479
v 0.015802 -0.108568 -0.003479
v 0.007743 -0.101771 -0.009273
v 0.007743 -0.101771 -0.009273
v 0.007739 -0.102099 -0.008853
v 0.007739 -0.102099 -0.008853
v 0.015542 -0.102041 -0.008574
v 0.015542 -0.102041 -0.008574
v 0.015537 -0.101706 -0.008988
v 0.015537 -0.101706 -0.008988
v -0.041705 0.108544 -0.006384
v -0.041705 0.108544 -0.006384
v -0.041705 0.108105 -0.006836
v -0.041705 0.108105 -0.006836
v -0.059094 0.089924 -0.006660
v -0.059094 0.089924 -0.006660
v -0.059566 0.089947 -0.006214
v -0.059566 0.089947 -0.006214
v -0.045729 0.108217 -0.006354
v -0.045729 0.108217 -0.006354
v -0.045993 0.107752 -0.006720
v -0.045993 0.107752 -0.006720
v -0.049561 0.106897 -0.006194
v -0.049561 0.106897 -0.006194
v -0.049070 0.106687 -0.006648
v -0.049070 0.106687 -0.006648
v -0.052993 0.104603 -0.006175
v -0.052993 0.104603 -0.006175
v -0.052807 0.104192 -0.006619
v -0.052807 0.104192 -0.006619
v -0.055841 0.101728 -0.006138
v -0.055841 0.101728 -0.006138
v -0.055841 0.101728 -0.006138
v -0.055841 0.101728 -0.006138
v -0.055493 0.101487 -0.006583
v -0.055493 0.101487 -0.006583
v -0.055493 0.101487 -0.006583
v -0.057963 0.098366 -0.006119
v -0.057963 0.098366 -0.006119
v -0.057507 0.098327 -0.006565
v -0.057507 0.098327 -0.006565
v -0.059134 0.094531 -0.006139
v -0.059134 0.094531 -0.006139
v -0.058629 0.094702 -0.006583
v -0.058629 0.094702 -0.006583
v -0.028201 0.108176 -0.007042
v -0.028201 0.108176 -0.007042
v -0.028201 0.108176 -0.007042
v -0.028225 0.108640 -0.006582
v -0.028225 0.108640 -0.006582
v -0.027800 0.108205 -0.006604
v -0.027797 0.108325 -0.005442
v -0.027797 0.108325 -0.005442
v -0.028284 0.108752 -0.005255
v -0.028284 0.108752 -0.005255
v -0.024283 0.108905 -0.001715
v -0.024283 0.108905 -0.001715
v -0.023866 0.108470 -0.002142
v -0.023866 0.108470 -0.002142
v -0.034599 0.108760 -0.006700
v -0.034599 0.108760 -0.006700
v -0.034600 0.108326 -0.007153
v -0.034600 0.108326 -0.007153
v -0.028067 0.108829 -0.003888
v -0.028067 0.108829 -0.003888
v -0.027587 0.108405 -0.003996
v -0.027587 0.108405 -0.003996
v -0.026911 0.108815 -0.002252
v -0.026911 0.108815 -0.002252
v -0.026690 0.108383 -0.002707
v -0.026690 0.108383 -0.002707
v -0.025542 0.108873 -0.001684
v -0.025542 0.108873 -0.001684
v -0.025542 0.108873 -0.001684
v -0.025289 0.108435 -0.002110
v -0.025289 0.108435 -0.002110
v -0.025289 0.108435 -0.002110
v -0.025289 0.108435 -0.002110
v -0.023497 0.101573 -0.007252
v -0.023497 0.101573 -0.007252
v -0.023520 0.101264 -0.007677
v -0.023520 0.101264 -0.007677
v -0.028132 0.105309 -0.007296
v -0.028132 0.105309 -0.007296
v -0.027631 0.105416 -0.006865
v -0.027631 0.105416 -0.006865
v -0.025308 0.101501 -0.007549
v -0.025308 0.101501 -0.007549
v -0.025308 0.101501 -0.007549
v -0.025068 0.101753 -0.007139
v -0.025068 0.101753 -0.007139
v -0.025068 0.101753 -0.007139
v -0.025068 0.101753 -0.007139
v -0.026541 0.102169 -0.007493
v -0.026541 0.102169 -0.007493
v -0.026489 0.102502 -0.007083
v -0.026489 0.102502 -0.007083
v -0.027744 0.103811 -0.007366
v -0.027744 0.103811 -0.007366
v -0.027744 0.103811 -0.007366
v -0.027390 0.103921 -0.006933
v -0.027390 0.103921 -0.006933
v -0.027390 0.103921 -0.006933
v -0.027390 0.103921 -0.006933
v -0.059143 0.084008 -0.006796
v -0.059143 0.084008 -0.006796
v -0.059605 0.084005 -0.006354
v -0.059180 0.071009 -0.007084
v -0.059180 0.071009 -0.007084
v -0.059636 0.071007 -0.006643
v -0.059636 0.071007 -0.006643
v -0.059205 0.058038 -0.007286
v -0.059205 0.058038 -0.007286
v -0.059651 0.058036 -0.006847
v -0.059128 0.045030 -0.007501
v -0.059128 0.045030 -0.007501
v -0.059579 0.045030 -0.007067
v -0.059579 0.045030 -0.007067
v -0.059157 0.032063 -0.007779
v -0.059157 0.032063 -0.007779
v -0.059606 0.032062 -0.007347
v -0.059606 0.032062 -0.007347
v -0.059201 0.019075 -0.008043
v -0.059201 0.019075 -0.008043
v -0.059642 0.019075 -0.007610
v -0.059218 0.006101 -0.008261
v -0.059218 0.006101 -0.008261
v -0.059663 0.006101 -0.007825
v -0.059663 0.006101 -0.007825
v -0.008018 0.108583 -0.002568
v -0.008018 0.108583 -0.002568
v -0.008162 0.109026 -0.002127
v -0.008162 0.109026 -0.002127
v -0.016028 0.108982 -0.001900
v -0.016028 0.108982 -0.001900
v -0.015944 0.108540 -0.002328
v -0.007889 0.101351 -0.008098
v -0.007889 0.101351 -0.008098
v -0.007884 0.101670 -0.007630
v -0.007884 0.101670 -0.007630
v -0.015729 0.101583 -0.007459
v -0.015729 0.101583 -0.007459
v -0.015732 0.101285 -0.007886
v -0.015732 0.101285 -0.007886
v -0.041679 -0.108669 -0.009547
v -0.041679 -0.108669 -0.009547
v -0.041679 -0.109118 -0.009081
v -0.041679 -0.109118 -0.009081
v -0.059574 -0.090708 -0.009289
v -0.059574 -0.090708 -0.009289
v -0.059087 -0.090681 -0.009718
v -0.059087 -0.090681 -0.009718
v -0.045565 -0.108131 -0.009529
v -0.045565 -0.108131 -0.009529
v -0.045685 -0.108583 -0.009161
v -0.045685 -0.108583 -0.009161
v -0.049407 -0.106817 -0.009573
v -0.049407 -0.106817 -0.009573
v -0.049524 -0.107278 -0.009141
v -0.049524 -0.107278 -0.009141
v -0.052647 -0.104735 -0.009803
v -0.052647 -0.104735 -0.009803
v -0.052647 -0.104735 -0.009803
v -0.052827 -0.105144 -0.009372
v -0.052827 -0.105144 -0.009372
v -0.052827 -0.105144 -0.009372
v -0.052827 -0.105144 -0.009372
v -0.055225 -0.102054 -0.009828
v -0.055225 -0.102054 -0.009828
v -0.055570 -0.102290 -0.009398
v -0.055570 -0.102290 -0.009398
v -0.057171 -0.098950 -0.009787
v -0.057171 -0.098950 -0.009787
v -0.057622 -0.098987 -0.009355
v -0.057622 -0.098987 -0.009355
v -0.058366 -0.095444 -0.009738
v -0.058366 -0.095444 -0.009738
v -0.058879 -0.095268 -0.009303
v -0.058879 -0.095268 -0.009303
v -0.028541 -0.108606 -0.009354
v -0.028541 -0.108606 -0.009354
v -0.028541 -0.108606 -0.009354
v -0.028134 -0.108610 -0.008909
v -0.028632 -0.109038 -0.008886
v -0.028632 -0.109038 -0.008886
v -0.028690 -0.109072 -0.007803
v -0.028690 -0.109072 -0.007803
v -0.028162 -0.108633 -0.007973
v -0.028162 -0.108633 -0.007973
v -0.023916 -0.108674 -0.004001
v -0.023916 -0.108674 -0.004001
v -0.024368 -0.109137 -0.003602
v -0.024368 -0.109137 -0.003602
v -0.034644 -0.108722 -0.009615
v -0.034644 -0.108722 -0.009615
v -0.034643 -0.109170 -0.009159
v -0.034643 -0.109170 -0.009159
v -0.028124 -0.108724 -0.006342
v -0.028124 -0.108724 -0.006342
v -0.028651 -0.109160 -0.006248
v -0.028651 -0.109160 -0.006248
v -0.027025 -0.108569 -0.004769
v -0.027025 -0.108569 -0.004769
v -0.027264 -0.109016 -0.004292
v -0.027264 -0.109016 -0.004292
v -0.025353 -0.108665 -0.004196
v -0.025353 -0.108665 -0.004196
v -0.025353 -0.108665 -0.004196
v -0.025353 -0.108665 -0.004196
v -0.025616 -0.109128 -0.003780
v -0.025616 -0.109128 -0.003780
v -0.025616 -0.109128 -0.003780
v -0.023534 -0.101887 -0.009685
v -0.023534 -0.101887 -0.009685
v -0.023539 -0.102187 -0.009284
v -0.023539 -0.102187 -0.009284
v -0.027617 -0.105869 -0.009201
v -0.027617 -0.105869 -0.009201
v -0.028050 -0.105774 -0.009644
v -0.028050 -0.105774 -0.009644
v -0.025088 -0.102456 -0.009331
v -0.025088 -0.102456 -0.009331
v -0.025088 -0.102456 -0.009331
v -0.025088 -0.102456 -0.009331
v -0.025311 -0.102173 -0.009742
v -0.025311 -0.102173 -0.009742
v -0.025311 -0.102173 -0.009742
v -0.026311 -0.103265 -0.009288
v -0.026311 -0.103265 -0.009288
v -0.026415 -0.102887 -0.009706
v -0.026415 -0.102887 -0.009706
v -0.027219 -0.104397 -0.009361
v -0.027219 -0.104397 -0.009361
v -0.027219 -0.104397 -0.009361
v -0.027219 -0.104397 -0.009361
v -0.027616 -0.104222 -0.009813
v -0.027616 -0.104222 -0.009813
v -0.027616 -0.104222 -0.009813
v -0.059766 -0.084781 -0.009274
v -0.059766 -0.084781 -0.009274
v -0.059304 -0.084781 -0.009701
v -0.059304 -0.084781 -0.009701
v -0.059690 -0.071828 -0.009081
v -0.059229 -0.071829 -0.009508
v -0.059229 -0.071829 -0.009508
v -0.059716 -0.058806 -0.008898
v -0.059263 -0.058805 -0.009325
v -0.059263 -0.058805 -0.009325
v -0.059704 -0.045793 -0.008738
v -0.059704 -0.045793 -0.008738
v -0.059257 -0.045792 -0.009165
v -0.059257 -0.045792 -0.009165
v -0.059656 -0.032819 -0.008465
v -0.059656 -0.032819 -0.008465
v -0.059210 -0.032818 -0.008898
v -0.059210 -0.032818 -0.008898
v -0.059662 -0.019836 -0.008307
v -0.059222 -0.019835 -0.008740
v -0.059222 -0.019835 -0.008740
v -0.059223 -0.006866 -0.008526
v -0.059223 -0.006866 -0.008526
v -0.059665 -0.006866 -0.008090
v -0.008007 -0.109046 -0.003477
v -0.008007 -0.109046 -0.003477
v -0.007849 -0.108570 -0.003873
v -0.007849 -0.108570 -0.003873
v -0.015949 -0.108669 -0.003924
v -0.016038 -0.109126 -0.003524
v -0.016038 -0.109126 -0.003524
v -0.007896 -0.102047 -0.009083
v -0.007896 -0.102047 -0.009083
v -0.007890 -0.101714 -0.009516
v -0.007890 -0.101714 -0.009516
v -0.015716 -0.101761 -0.009593
v -0.015716 -0.101761 -0.009593
v -0.015712 -0.102081 -0.009173
v -0.015712 -0.102081 -0.009173
vt 0.448202 0.859243
vt 0.448202 0.859243
vt 0.481587 0.820908
vt 0.481587 0.820908
vt 0.464925 0.818268
vt 0.470653 0.819246
vt 0.476105 0.820118
vt 0.482261 0.809275
vt 0.482261 0.809275
vt 0.476798 0.809263
vt 0.471265 0.809181
vt 0.465600 0.809055
vt 0.479185 0.831386
vt 0.479185 0.831386
vt 0.462922 0.825522
vt 0.468425 0.827704
vt 0.473921 0.829641
vt 0.468136 0.850174
vt 0.475471 0.841965
vt 0.468136 0.850174
vt 0.475471 0.841965
vt 0.456070 0.835932
vt 0.459513 0.832390
vt 0.460122 0.840337
vt 0.464551 0.835626
vt 0.464155 0.845036
vt 0.469765 0.838949
vt 0.458343 0.856123
vt 0.458343 0.856123
vt 0.449924 0.840430
vt 0.452973 0.845510
vt 0.455798 0.850655
vt 0.443224 0.843617
vt 0.445145 0.849064
vt 0.446944 0.854282
vt 0.438107 0.861531
vt 0.438107 0.861531
vt 0.436113 0.845523
vt 0.436987 0.850943
vt 0.437648 0.856031
vt 0.427152 0.861125
vt 0.427152 0.861125
vt 0.427092 0.845813
vt 0.427269 0.851347
vt 0.427269 0.856529
vt 0.427174 0.839118
vt 0.427174 0.839118
vt 0.434963 0.838885
vt 0.434963 0.838885
vt 0.441529 0.838667
vt 0.441529 0.838667
vt 0.459773 0.808838
vt 0.459773 0.808838
vt 0.459391 0.817449
vt 0.459391 0.817449
vt 0.447703 0.836816
vt 0.447703 0.836816
vt 0.452988 0.832637
vt 0.455707 0.829935
vt 0.452988 0.832637
vt 0.455707 0.829935
vt 0.458298 0.823666
vt 0.458298 0.823666
vt 0.428547 0.885294
vt 0.430324 0.898615
vt 0.432407 0.912333
vt 0.441622 0.883802
vt 0.443999 0.896755
vt 0.446474 0.910261
vt 0.506898 0.810356
vt 0.520778 0.811507
vt 0.535021 0.812793
vt 0.533534 0.827216
vt 0.519349 0.825724
vt 0.505712 0.824106
vt 0.454377 0.881241
vt 0.457467 0.894263
vt 0.460326 0.907924
vt 0.467443 0.877659
vt 0.471187 0.891184
vt 0.474337 0.905224
vt 0.481124 0.872976
vt 0.499741 0.851994
vt 0.485506 0.887574
vt 0.514913 0.855174
vt 0.488917 0.902422
vt 0.530389 0.857157
vt 0.503384 0.837792
vt 0.517402 0.840154
vt 0.531997 0.841930
vt 0.379146 0.838922
vt 0.379146 0.838922
vt 0.379207 0.860711
vt 0.379207 0.860711
vt 0.379267 0.855938
vt 0.379271 0.850511
vt 0.379265 0.844847
vt 0.380656 0.901868
vt 0.379901 0.887304
vt 0.502109 0.823653
vt 0.486664 0.821588
vt 0.496925 0.822955
vt 0.491726 0.822343
vt 0.487236 0.809499
vt 0.503164 0.810107
vt 0.492598 0.809570
vt 0.497812 0.809824
vt 0.499750 0.837026
vt 0.484152 0.832969
vt 0.494506 0.835704
vt 0.489366 0.834408
vt 0.479729 0.869202
vt 0.495821 0.850923
vt 0.471070 0.854022
vt 0.479737 0.844184
vt 0.477332 0.863891
vt 0.490291 0.849078
vt 0.474311 0.858883
vt 0.484928 0.846880
vt 0.466281 0.874167
vt 0.460487 0.860178
vt 0.464520 0.869537
vt 0.462473 0.864905
vt 0.453515 0.877875
vt 0.449707 0.864132
vt 0.452268 0.873333
vt 0.450983 0.868880
vt 0.441014 0.880423
vt 0.438893 0.866189
vt 0.440176 0.875742
vt 0.439557 0.871111
vt 0.428177 0.881762
vt 0.427266 0.866787
vt 0.427758 0.876798
vt 0.427424 0.871890
vt 0.379725 0.883426
vt 0.379276 0.866826
vt 0.379485 0.877846
vt 0.379309 0.872303
vt 0.379473 0.808971
vt 0.428857 0.809836
vt 0.281115 0.838858
vt 0.281115 0.838858
vt 0.281097 0.860820
vt 0.281097 0.860820
vt 0.281036 0.855963
vt 0.281245 0.850317
vt 0.281198 0.844722
vt 0.281672 0.902455
vt 0.281429 0.887591
vt 0.281100 0.866879
vt 0.281192 0.872494
vt 0.281250 0.878051
vt 0.281352 0.883608
vt 0.281049 0.808520
vt 0.781809 0.929092
vt 0.460995 0.504607
vt 0.460995 0.504607
vt 0.631616 0.929483
vt 0.407480 0.915776
vt 0.281687 0.929145
vt 0.281761 0.946624
vt 0.281642 0.933549
vt 0.281675 0.937796
vt 0.281705 0.942135
vt 0.005757 0.022566
vt 0.368288 0.929674
vt 0.021833 0.019772
vt 0.367628 0.947106
vt 0.542588 0.014306
vt 0.010443 0.021349
vt 0.014701 0.020476
vt 0.006256 0.026823
vt 0.368010 0.933914
vt 0.010848 0.025389
vt 0.014024 0.024495
vt 0.013911 0.027014
vt 0.550313 0.007146
vt 0.020637 0.024538
vt 0.019699 0.028179
vt 0.552374 0.012395
vt 0.018457 0.020476
vt 0.017511 0.024206
vt 0.015986 0.027522
vt 0.551120 0.009052
vt 0.367702 0.942686
vt 0.542311 0.010118
vt 0.007449 0.030924
vt 0.367887 0.938206
vt 0.543117 0.005862
vt 0.547505 0.013457
vt 0.547210 0.009905
vt 0.011493 0.028954
vt 0.547361 0.006779
vt 0.697105 0.929443
vt 0.460578 0.551401
vt 0.460578 0.551401
vt 0.460225 0.598301
vt 0.460225 0.598301
vt 0.459863 0.645255
vt 0.459863 0.645255
vt 0.460098 0.692216
vt 0.460098 0.692216
vt 0.460424 0.739107
vt 0.460424 0.739107
vt 0.460046 0.785644
vt 0.460046 0.785644
vt 0.484150 0.504731
vt 0.484150 0.504731
vt 0.483733 0.551651
vt 0.483733 0.551651
vt 0.483191 0.598756
vt 0.483191 0.598756
vt 0.482709 0.645941
vt 0.482709 0.645941
vt 0.482437 0.693070
vt 0.482437 0.693070
vt 0.482280 0.740018
vt 0.482280 0.740018
vt 0.482302 0.786343
vt 0.482302 0.786343
vt 0.476303 0.786314
vt 0.476300 0.739820
vt 0.476523 0.692901
vt 0.476768 0.645787
vt 0.477233 0.598654
vt 0.477674 0.551644
vt 0.478195 0.504715
vt 0.470749 0.786102
vt 0.470745 0.739566
vt 0.470990 0.692693
vt 0.471268 0.645613
vt 0.471614 0.598556
vt 0.471953 0.551564
vt 0.472511 0.504685
vt 0.465483 0.785896
vt 0.465367 0.739396
vt 0.465725 0.692392
vt 0.465924 0.645375
vt 0.466149 0.598410
vt 0.466507 0.551481
vt 0.466917 0.504640
vt 0.536739 0.789413
vt 0.538476 0.742169
vt 0.539476 0.694679
vt 0.539989 0.647112
vt 0.540275 0.599659
vt 0.540457 0.552300
vt 0.540363 0.505027
vt 0.522225 0.788522
vt 0.523788 0.741687
vt 0.524710 0.694373
vt 0.525233 0.646902
vt 0.525510 0.599483
vt 0.525707 0.552184
vt 0.525578 0.504990
vt 0.507861 0.787793
vt 0.509099 0.741289
vt 0.509938 0.694083
vt 0.510445 0.646702
vt 0.510760 0.599317
vt 0.510953 0.552067
vt 0.510917 0.504897
vt 0.506941 0.504892
vt 0.506995 0.552030
vt 0.506773 0.599267
vt 0.506444 0.646638
vt 0.505928 0.694004
vt 0.505116 0.741140
vt 0.503965 0.787639
vt 0.498176 0.787402
vt 0.499093 0.740954
vt 0.499829 0.693855
vt 0.500397 0.646506
vt 0.500828 0.599161
vt 0.501220 0.551956
vt 0.501398 0.504855
vt 0.492562 0.787102
vt 0.493081 0.740632
vt 0.493584 0.693601
vt 0.494048 0.646330
vt 0.494583 0.599053
vt 0.495023 0.551845
vt 0.495375 0.504820
vt 0.486945 0.786775
vt 0.487288 0.740331
vt 0.487636 0.693287
vt 0.488085 0.646107
vt 0.488409 0.598889
vt 0.488887 0.551768
vt 0.489408 0.504758
vt 0.428592 0.785947
vt 0.428198 0.738963
vt 0.427897 0.692062
vt 0.427661 0.645126
vt 0.427530 0.598225
vt 0.427452 0.551354
vt 0.427399 0.504554
vt 0.379599 0.785623
vt 0.379750 0.738794
vt 0.379856 0.691916
vt 0.379995 0.645014
vt 0.380216 0.598131
vt 0.380474 0.551298
vt 0.380763 0.504501
vt 0.281032 0.785220
vt 0.281009 0.738499
vt 0.281006 0.691694
vt 0.281017 0.644845
vt 0.281054 0.598002
vt 0.281111 0.551188
vt 0.281185 0.504412
vt 0.781315 0.623390
vt 0.781417 0.670270
vt 0.781503 0.717229
vt 0.781569 0.764262
vt 0.781653 0.811387
vt 0.781768 0.858381
vt 0.781813 0.905618
vt 0.630821 0.623498
vt 0.631190 0.670444
vt 0.631460 0.717376
vt 0.631693 0.764467
vt 0.631732 0.811570
vt 0.631720 0.858751
vt 0.631663 0.905915
vt 0.697113 0.905836
vt 0.697148 0.858706
vt 0.697096 0.811520
vt 0.697057 0.764410
vt 0.696936 0.717369
vt 0.696708 0.670391
vt 0.696476 0.623476
vt 0.313870 0.838965
vt 0.313870 0.838965
vt 0.346612 0.838851
vt 0.346612 0.838851
vt 0.313990 0.855896
vt 0.346832 0.856072
vt 0.314041 0.850469
vt 0.346791 0.850515
vt 0.313996 0.844823
vt 0.346728 0.844749
vt 0.314754 0.902657
vt 0.341484 0.902679
vt 0.314362 0.887802
vt 0.344573 0.887824
vt 0.313980 0.866943
vt 0.346650 0.866941
vt 0.313848 0.808645
vt 0.346687 0.808785
vt 0.346649 0.860903
vt 0.346649 0.860903
vt 0.313926 0.860852
vt 0.313926 0.860852
vt 0.346803 0.872567
vt 0.313934 0.872644
vt 0.346952 0.878147
vt 0.314148 0.878184
vt 0.347127 0.883827
vt 0.314265 0.883805
vt 0.313868 0.785330
vt 0.346742 0.785468
vt 0.313894 0.738592
vt 0.346823 0.738683
vt 0.313963 0.691755
vt 0.346900 0.691831
vt 0.314021 0.644886
vt 0.347010 0.644937
vt 0.314103 0.598033
vt 0.347167 0.598076
vt 0.314235 0.551219
vt 0.347358 0.551252
vt 0.314370 0.504440
vt 0.347559 0.504475
vt 0.403248 0.838874
vt 0.403248 0.838874
vt 0.403203 0.855671
vt 0.403478 0.850697
vt 0.403334 0.845077
vt 0.405948 0.900611
vt 0.404754 0.886521
vt 0.403477 0.860644
vt 0.403477 0.860644
vt 0.403577 0.866601
vt 0.403813 0.871996
vt 0.404176 0.877364
vt 0.404511 0.882749
vt 0.403989 0.809279
vt 0.404044 0.785792
vt 0.403957 0.738878
vt 0.403840 0.692008
vt 0.403846 0.645111
vt 0.403876 0.598172
vt 0.403967 0.551323
vt 0.404087 0.504527
vt 0.657214 0.929481
vt 0.657253 0.905907
vt 0.657300 0.858725
vt 0.657349 0.811565
vt 0.657229 0.764427
vt 0.657064 0.717381
vt 0.656793 0.670400
vt 0.656482 0.623496
vt 0.677157 0.929475
vt 0.677144 0.905876
vt 0.677223 0.858720
vt 0.677203 0.811554
vt 0.677127 0.764439
vt 0.676935 0.717368
vt 0.676719 0.670396
vt 0.676436 0.623493
vt 0.632033 0.976939
vt 0.657131 0.977339
vt 0.680501 0.953403
vt 0.631555 0.953385
vt 0.657163 0.953423
vt 0.781748 0.953107
vt 0.697077 0.953416
vt 0.600337 0.929514
vt 0.600423 0.905934
vt 0.600489 0.858750
vt 0.600504 0.811594
vt 0.600410 0.764468
vt 0.600227 0.717411
vt 0.599890 0.670443
vt 0.599483 0.623546
vt 0.725352 0.929371
vt 0.753571 0.929195
vt 0.310575 0.929103
vt 0.339088 0.929340
vt 0.338912 0.933758
vt 0.310457 0.933599
vt 0.338662 0.938331
vt 0.310155 0.937990
vt 0.338511 0.943114
vt 0.310454 0.942813
vt 0.338483 0.948096
vt 0.310393 0.947344
vt 0.725345 0.905799
vt 0.753511 0.905714
vt 0.725308 0.858641
vt 0.753514 0.858567
vt 0.725343 0.811487
vt 0.753477 0.811420
vt 0.725215 0.764329
vt 0.753421 0.764319
vt 0.725108 0.717297
vt 0.753317 0.717276
vt 0.724965 0.670389
vt 0.753188 0.670318
vt 0.724776 0.623460
vt 0.753049 0.623426
vt 0.725345 0.953266
vt 0.753620 0.953179
vt 0.601518 0.955771
vt 0.452085 0.103745
vt 0.452085 0.103745
vt 0.483084 0.145022
vt 0.483084 0.145022
vt 0.466773 0.147024
vt 0.471887 0.146287
vt 0.477011 0.145796
vt 0.483053 0.156138
vt 0.483053 0.156138
vt 0.477358 0.156300
vt 0.472412 0.156419
vt 0.467285 0.156307
vt 0.480812 0.134902
vt 0.480812 0.134902
vt 0.465467 0.139960
vt 0.469718 0.138208
vt 0.474909 0.136641
vt 0.477161 0.124781
vt 0.477161 0.124781
vt 0.462808 0.132749
vt 0.466600 0.130475
vt 0.471194 0.127788
vt 0.462449 0.108362
vt 0.471241 0.115157
vt 0.462449 0.108362
vt 0.471241 0.115157
vt 0.453504 0.123466
vt 0.457521 0.126644
vt 0.455989 0.119009
vt 0.461238 0.123013
vt 0.459021 0.114249
vt 0.465678 0.119337
vt 0.446289 0.119467
vt 0.448094 0.114854
vt 0.449864 0.110034
vt 0.441501 0.101184
vt 0.441501 0.101184
vt 0.438834 0.117539
vt 0.439888 0.112684
vt 0.440458 0.107679
vt 0.429739 0.100260
vt 0.429739 0.100260
vt 0.429873 0.116279
vt 0.429738 0.112075
vt 0.429700 0.107007
vt 0.429663 0.119204
vt 0.429663 0.119204
vt 0.438238 0.121557
vt 0.438238 0.121557
vt 0.444818 0.123315
vt 0.444818 0.123315
vt 0.463710 0.156271
vt 0.463710 0.156271
vt 0.463211 0.147613
vt 0.463211 0.147613
vt 0.451136 0.126842
vt 0.454407 0.129455
vt 0.451136 0.126842
vt 0.454407 0.129455
vt 0.458879 0.134902
vt 0.458879 0.134902
vt 0.461723 0.141159
vt 0.461723 0.141159
vt 0.430644 0.076993
vt 0.431681 0.063273
vt 0.432812 0.049172
vt 0.444322 0.078344
vt 0.445905 0.064774
vt 0.447342 0.050694
vt 0.505288 0.155213
vt 0.518818 0.154079
vt 0.532619 0.152637
vt 0.530713 0.138588
vt 0.517206 0.140526
vt 0.503997 0.142332
vt 0.458005 0.080718
vt 0.460339 0.066776
vt 0.462015 0.052367
vt 0.472285 0.084436
vt 0.493928 0.102554
vt 0.475445 0.069314
vt 0.508745 0.098210
vt 0.477343 0.053954
vt 0.524039 0.094977
vt 0.498587 0.116342
vt 0.512292 0.112941
vt 0.526465 0.110449
vt 0.501954 0.129492
vt 0.515023 0.126940
vt 0.528826 0.124726
vt 0.380533 0.120212
vt 0.380533 0.120212
vt 0.380410 0.099216
vt 0.380410 0.099216
vt 0.380574 0.106991
vt 0.380613 0.112268
vt 0.380439 0.117227
vt 0.380316 0.060173
vt 0.380897 0.074839
vt 0.500789 0.142684
vt 0.487230 0.144467
vt 0.496291 0.143244
vt 0.491826 0.143777
vt 0.487813 0.156116
vt 0.501873 0.155477
vt 0.492885 0.155986
vt 0.497326 0.155756
vt 0.498571 0.130171
vt 0.484882 0.133745
vt 0.494269 0.131250
vt 0.489778 0.132449
vt 0.495122 0.117459
vt 0.480918 0.123035
vt 0.490490 0.119104
vt 0.485817 0.120928
vt 0.471268 0.088267
vt 0.490251 0.103896
vt 0.464574 0.104320
vt 0.474907 0.112339
vt 0.469486 0.093660
vt 0.485043 0.106017
vt 0.467271 0.099007
vt 0.479931 0.108929
vt 0.457223 0.084371
vt 0.453284 0.099822
vt 0.456083 0.089453
vt 0.454792 0.094550
vt 0.443883 0.081914
vt 0.441966 0.097355
vt 0.443297 0.086917
vt 0.442667 0.092006
vt 0.430424 0.080659
vt 0.429913 0.096603
vt 0.430173 0.085879
vt 0.429980 0.091130
vt 0.380835 0.078819
vt 0.380768 0.096195
vt 0.380786 0.084612
vt 0.380742 0.090413
vt 0.380857 0.154214
vt 0.430740 0.154143
vt 0.281062 0.121104
vt 0.281062 0.121104
vt 0.281150 0.098523
vt 0.281150 0.098523
vt 0.281030 0.105982
vt 0.281034 0.111761
vt 0.280880 0.116680
vt 0.280762 0.058515
vt 0.280945 0.073557
vt 0.281261 0.095209
vt 0.281059 0.089479
vt 0.281055 0.083556
vt 0.280985 0.077631
vt 0.281233 0.153868
vt 0.781411 0.272483
vt 0.461417 0.457853
vt 0.461417 0.457853
vt 0.631282 0.272721
vt 0.406785 0.046261
vt 0.280658 0.032894
vt 0.280479 0.014831
vt 0.280590 0.028506
vt 0.280611 0.023645
vt 0.280537 0.019246
vt 0.367192 0.032146
vt 0.520223 0.019015
vt 0.365032 0.015586
vt 0.371941 0.032173
vt 0.532108 0.020688
vt 0.528679 0.019595
vt 0.366552 0.027827
vt 0.154744 0.011074
vt 0.371329 0.027311
vt 0.531543 0.025307
vt 0.152484 0.009065
vt 0.528680 0.024292
vt 0.151336 0.010994
vt 0.145772 0.007017
vt 0.521671 0.023515
vt 0.145825 0.011882
vt 0.524448 0.018927
vt 0.148854 0.007786
vt 0.524855 0.023809
vt 0.149169 0.011432
vt 0.365432 0.019662
vt 0.366050 0.023676
vt 0.146785 0.016590
vt 0.370447 0.016399
vt 0.150119 0.015368
vt 0.370677 0.020324
vt 0.153000 0.013555
vt 0.370910 0.024051
vt 0.696697 0.272616
vt 0.461811 0.411095
vt 0.461811 0.411095
vt 0.461946 0.364421
vt 0.461946 0.364421
vt 0.461854 0.317740
vt 0.461854 0.317740
vt 0.461476 0.271148
vt 0.461476 0.271148
vt 0.461195 0.224776
vt 0.461195 0.224776
vt 0.461008 0.178960
vt 0.461008 0.178960
vt 0.484513 0.457819
vt 0.484513 0.457819
vt 0.484809 0.410865
vt 0.484809 0.410865
vt 0.484960 0.364008
vt 0.484960 0.364008
vt 0.484605 0.317130
vt 0.484605 0.317130
vt 0.484174 0.270298
vt 0.484174 0.270298
vt 0.483590 0.223924
vt 0.483590 0.223924
vt 0.482929 0.178294
vt 0.482929 0.178294
vt 0.477285 0.178503
vt 0.477651 0.224188
vt 0.478332 0.270559
vt 0.478814 0.317239
vt 0.479104 0.364117
vt 0.478985 0.410930
vt 0.478651 0.457820
vt 0.472062 0.178727
vt 0.472380 0.224382
vt 0.472914 0.270799
vt 0.473320 0.317460
vt 0.473335 0.364233
vt 0.473317 0.411014
vt 0.472946 0.457841
vt 0.466871 0.178739
vt 0.467009 0.224619
vt 0.467298 0.270974
vt 0.467630 0.317612
vt 0.467632 0.364335
vt 0.467637 0.411059
vt 0.467372 0.457864
vt 0.534643 0.175595
vt 0.536718 0.222243
vt 0.537751 0.269291
vt 0.538611 0.316298
vt 0.539278 0.363357
vt 0.539654 0.410572
vt 0.540195 0.457766
vt 0.520503 0.176492
vt 0.522191 0.222621
vt 0.523235 0.269450
vt 0.523858 0.316439
vt 0.524526 0.363495
vt 0.525069 0.410581
vt 0.525497 0.457777
vt 0.506469 0.177168
vt 0.507757 0.222980
vt 0.508586 0.269650
vt 0.509409 0.316582
vt 0.509884 0.363577
vt 0.510375 0.410652
vt 0.510665 0.457739
vt 0.506795 0.457744
vt 0.506367 0.410655
vt 0.505987 0.363575
vt 0.505400 0.316654
vt 0.504743 0.269647
vt 0.503931 0.223009
vt 0.502798 0.177311
vt 0.498050 0.177531
vt 0.499188 0.223202
vt 0.499984 0.269783
vt 0.500469 0.316705
vt 0.501046 0.363668
vt 0.501294 0.410666
vt 0.501446 0.457755
vt 0.493259 0.177847
vt 0.494243 0.223422
vt 0.494853 0.269942
vt 0.495377 0.316808
vt 0.495809 0.363726
vt 0.495889 0.410724
vt 0.495806 0.457766
vt 0.488048 0.178050
vt 0.488865 0.223633
vt 0.489530 0.270101
vt 0.490010 0.316913
vt 0.490310 0.363852
vt 0.490182 0.410854
vt 0.489914 0.457779
vt 0.430180 0.177949
vt 0.429833 0.224622
vt 0.429706 0.271097
vt 0.429535 0.317748
vt 0.429077 0.364396
vt 0.428502 0.411084
vt 0.427770 0.457806
vt 0.380956 0.177606
vt 0.381111 0.224305
vt 0.381274 0.271029
vt 0.381451 0.317649
vt 0.381417 0.364340
vt 0.381279 0.411040
vt 0.381046 0.457752
vt 0.281253 0.177273
vt 0.281312 0.224056
vt 0.281350 0.270795
vt 0.281376 0.317517
vt 0.281365 0.364225
vt 0.281326 0.410933
vt 0.281256 0.457664
vt 0.781232 0.576557
vt 0.781179 0.529743
vt 0.781125 0.482983
vt 0.781135 0.436201
vt 0.781184 0.389414
vt 0.781364 0.342604
vt 0.781333 0.295886
vt 0.630472 0.576713
vt 0.630192 0.529881
vt 0.630076 0.483104
vt 0.630109 0.436335
vt 0.630324 0.389538
vt 0.630676 0.342842
vt 0.631073 0.296093
vt 0.696619 0.296058
vt 0.696291 0.342790
vt 0.696040 0.389538
vt 0.695949 0.436299
vt 0.695915 0.483053
vt 0.696041 0.529832
vt 0.696243 0.576659
vt 0.314331 0.120266
vt 0.314331 0.120266
vt 0.347276 0.120500
vt 0.347276 0.120500
vt 0.314452 0.106118
vt 0.347598 0.106398
vt 0.314404 0.111890
vt 0.347508 0.111982
vt 0.314261 0.117296
vt 0.346916 0.117270
vt 0.314075 0.058745
vt 0.341185 0.058673
vt 0.314272 0.073703
vt 0.344926 0.073892
vt 0.314389 0.095391
vt 0.347744 0.095646
vt 0.314326 0.153966
vt 0.347663 0.154085
vt 0.347730 0.099011
vt 0.347730 0.099011
vt 0.314273 0.098649
vt 0.314273 0.098649
vt 0.347686 0.089919
vt 0.314437 0.089590
vt 0.347682 0.084018
vt 0.314383 0.083766
vt 0.347657 0.078022
vt 0.314308 0.077762
vt 0.314483 0.177350
vt 0.347742 0.177476
vt 0.314513 0.224161
vt 0.347867 0.224227
vt 0.314687 0.270869
vt 0.347982 0.270883
vt 0.314695 0.317566
vt 0.348071 0.317610
vt 0.314713 0.364287
vt 0.348090 0.364313
vt 0.314633 0.410973
vt 0.347969 0.411010
vt 0.314511 0.457696
vt 0.347786 0.457720
vt 0.405105 0.119760
vt 0.405105 0.119760
vt 0.405309 0.107247
vt 0.405278 0.112248
vt 0.405100 0.116588
vt 0.406639 0.061495
vt 0.406182 0.075750
vt 0.405816 0.099862
vt 0.405816 0.099862
vt 0.405623 0.096610
vt 0.405784 0.090907
vt 0.405931 0.085221
vt 0.406075 0.079596
vt 0.405621 0.154262
vt 0.405632 0.177694
vt 0.405524 0.224463
vt 0.405514 0.271090
vt 0.405471 0.317699
vt 0.405234 0.364374
vt 0.404901 0.411065
vt 0.404413 0.457780
vt 0.656743 0.272648
vt 0.656653 0.296050
vt 0.656200 0.342903
vt 0.656031 0.389585
vt 0.655853 0.436328
vt 0.655810 0.483071
vt 0.655965 0.529860
vt 0.656176 0.576669
vt 0.676876 0.272689
vt 0.676532 0.296036
vt 0.676290 0.342741
vt 0.675997 0.389568
vt 0.675859 0.436326
vt 0.675855 0.483082
vt 0.675961 0.529840
vt 0.676163 0.576652
vt 0.631657 0.225230
vt 0.658080 0.225199
vt 0.680941 0.248914
vt 0.631485 0.248987
vt 0.657239 0.248937
vt 0.781480 0.248728
vt 0.697400 0.248921
vt 0.600055 0.272759
vt 0.599813 0.296124
vt 0.599335 0.342872
vt 0.598920 0.389622
vt 0.598658 0.436374
vt 0.598611 0.483128
vt 0.598788 0.529899
vt 0.599085 0.576703
vt 0.724979 0.272561
vt 0.753178 0.272585
vt 0.309678 0.032824
vt 0.338293 0.032899
vt 0.338021 0.028367
vt 0.309542 0.027926
vt 0.337796 0.023881
vt 0.309327 0.023772
vt 0.337507 0.019233
vt 0.309165 0.019245
vt 0.337421 0.014607
vt 0.308955 0.014790
vt 0.724768 0.295980
vt 0.753070 0.295924
vt 0.724624 0.342757
vt 0.752929 0.342696
vt 0.724528 0.389506
vt 0.752843 0.389465
vt 0.724350 0.436307
vt 0.752756 0.436227
vt 0.724342 0.483029
vt 0.752744 0.482999
vt 0.724487 0.529798
vt 0.752806 0.529779
vt 0.724559 0.576599
vt 0.752926 0.576586
vt 0.725033 0.248834
vt 0.753199 0.248815
vt 0.601041 0.246554
vt 0.114190 0.856696
vt 0.114190 0.856696
vt 0.080814 0.819557
vt 0.080814 0.819557
vt 0.097266 0.816698
vt 0.091910 0.817724
vt 0.086771 0.818567
vt 0.080029 0.808096
vt 0.080029 0.808096
vt 0.086068 0.807856
vt 0.091359 0.807818
vt 0.096421 0.807843
vt 0.084487 0.829553
vt 0.084487 0.829553
vt 0.099258 0.824388
vt 0.093999 0.826226
vt 0.089010 0.828030
vt 0.089070 0.839499
vt 0.095155 0.847275
vt 0.089070 0.839499
vt 0.095155 0.847275
vt 0.102912 0.831306
vt 0.105987 0.834869
vt 0.097992 0.834270
vt 0.101933 0.839044
vt 0.093865 0.837062
vt 0.098733 0.842932
vt 0.104559 0.852861
vt 0.104559 0.852861
vt 0.112087 0.839477
vt 0.109336 0.844285
vt 0.106565 0.848539
vt 0.118954 0.842559
vt 0.117066 0.847691
vt 0.115114 0.852540
vt 0.124164 0.858616
vt 0.124164 0.858616
vt 0.126032 0.844294
vt 0.125433 0.849478
vt 0.124940 0.853927
vt 0.135011 0.858634
vt 0.135011 0.858634
vt 0.135114 0.844719
vt 0.135182 0.849965
vt 0.135171 0.855034
vt 0.134808 0.837462
vt 0.134808 0.837462
vt 0.127287 0.836323
vt 0.127287 0.836323
vt 0.121419 0.835514
vt 0.121419 0.835514
vt 0.102339 0.807669
vt 0.102339 0.807669
vt 0.102986 0.816040
vt 0.102986 0.816040
vt 0.115524 0.833626
vt 0.115524 0.833626
vt 0.108450 0.827438
vt 0.110522 0.829777
vt 0.108450 0.827438
vt 0.110522 0.829777
vt 0.104719 0.822185
vt 0.104719 0.822185
vt 0.134372 0.883585
vt 0.133377 0.896808
vt 0.132229 0.910543
vt 0.121308 0.882361
vt 0.119741 0.895219
vt 0.118155 0.908644
vt 0.056350 0.808898
vt 0.042545 0.809627
vt 0.028471 0.810495
vt 0.029746 0.824969
vt 0.043756 0.823792
vt 0.057448 0.822379
vt 0.108443 0.880021
vt 0.106054 0.893005
vt 0.103966 0.906509
vt 0.095421 0.876628
vt 0.092112 0.890164
vt 0.089613 0.904218
vt 0.062868 0.850402
vt 0.081683 0.872013
vt 0.047767 0.853332
vt 0.077329 0.886683
vt 0.032503 0.855126
vt 0.074238 0.901830
vt 0.059428 0.836062
vt 0.045501 0.838188
vt 0.031154 0.839690
vt 0.183090 0.839064
vt 0.183090 0.839064
vt 0.183001 0.860310
vt 0.183001 0.860310
vt 0.183079 0.855258
vt 0.183191 0.849632
vt 0.183179 0.844207
vt 0.182914 0.899983
vt 0.183056 0.885614
vt 0.060824 0.822038
vt 0.075635 0.820260
vt 0.065694 0.821761
vt 0.070368 0.820893
vt 0.074840 0.808229
vt 0.059843 0.808708
vt 0.069505 0.808360
vt 0.064617 0.808531
vt 0.063082 0.835347
vt 0.078145 0.831580
vt 0.067877 0.834341
vt 0.072896 0.833030
vt 0.066787 0.849351
vt 0.083004 0.868244
vt 0.082590 0.842939
vt 0.090870 0.853146
vt 0.071951 0.847735
vt 0.085016 0.863333
vt 0.077209 0.845632
vt 0.087654 0.858319
vt 0.096462 0.873136
vt 0.101800 0.858883
vt 0.098018 0.868423
vt 0.099728 0.863823
vt 0.109260 0.876665
vt 0.112625 0.862721
vt 0.110213 0.872112
vt 0.111261 0.867628
vt 0.121706 0.879023
vt 0.123309 0.864882
vt 0.122215 0.874463
vt 0.122754 0.869829
vt 0.134546 0.880100
vt 0.134874 0.865431
vt 0.134739 0.875474
vt 0.134808 0.870517
vt 0.183065 0.881799
vt 0.183056 0.865747
vt 0.183025 0.876475
vt 0.182993 0.871188
vt 0.182620 0.808315
vt 0.133291 0.808812
vt 0.101915 0.504369
vt 0.101915 0.504369
vt 0.931836 0.927975
vt 0.157041 0.913661
vt 0.195653 0.927736
vt 0.496608 0.020927
vt 0.197348 0.945982
vt 0.190573 0.926925
vt 0.498358 0.005747
vt 0.497494 0.010946
vt 0.195935 0.932241
vt 0.093571 0.011214
vt 0.191019 0.932040
vt 0.503302 0.005384
vt 0.089585 0.007243
vt 0.502118 0.010550
vt 0.089065 0.011060
vt 0.079228 0.005313
vt 0.501837 0.020392
vt 0.080501 0.012436
vt 0.496902 0.016062
vt 0.084774 0.004973
vt 0.501361 0.015355
vt 0.085686 0.012325
vt 0.196666 0.941214
vt 0.196288 0.936571
vt 0.081855 0.019160
vt 0.190825 0.946302
vt 0.087192 0.017330
vt 0.190984 0.940760
vt 0.091149 0.014472
vt 0.191066 0.935978
vt 0.866596 0.928348
vt 0.101900 0.551175
vt 0.101900 0.551175
vt 0.102000 0.598045
vt 0.102000 0.598045
vt 0.102278 0.644874
vt 0.102278 0.644874
vt 0.102482 0.691634
vt 0.102482 0.691634
vt 0.102819 0.738259
vt 0.102819 0.738259
vt 0.102741 0.784555
vt 0.102741 0.784555
vt 0.078569 0.504505
vt 0.078569 0.504505
vt 0.078807 0.551462
vt 0.078807 0.551462
vt 0.079103 0.598530
vt 0.079103 0.598530
vt 0.079344 0.645511
vt 0.079344 0.645511
vt 0.080102 0.692454
vt 0.080102 0.692454
vt 0.079927 0.739245
vt 0.079927 0.739245
vt 0.080214 0.785432
vt 0.080214 0.785432
vt 0.086342 0.785021
vt 0.085999 0.738814
vt 0.085671 0.692137
vt 0.085616 0.645384
vt 0.085219 0.598282
vt 0.085036 0.551332
vt 0.084626 0.504409
vt 0.091579 0.784878
vt 0.091261 0.738562
vt 0.091050 0.691968
vt 0.090876 0.645142
vt 0.090601 0.598145
vt 0.090399 0.551200
vt 0.090192 0.504324
vt 0.096965 0.784637
vt 0.096853 0.738397
vt 0.096581 0.691752
vt 0.096352 0.644953
vt 0.096130 0.598054
vt 0.095984 0.551158
vt 0.095857 0.504352
vt 0.026948 0.787195
vt 0.025473 0.740181
vt 0.024565 0.692986
vt 0.023822 0.645728
vt 0.023289 0.598466
vt 0.022904 0.551211
vt 0.022609 0.503974
vt 0.041204 0.786743
vt 0.039874 0.740095
vt 0.038982 0.693004
vt 0.038224 0.645803
vt 0.037674 0.598604
vt 0.037281 0.551377
vt 0.036957 0.504156
vt 0.055373 0.786337
vt 0.054195 0.740015
vt 0.053405 0.693050
vt 0.052619 0.645880
vt 0.052061 0.598737
vt 0.051640 0.551511
vt 0.051295 0.504345
vt 0.055153 0.504394
vt 0.055564 0.551542
vt 0.055939 0.598760
vt 0.056497 0.645942
vt 0.057294 0.693053
vt 0.058089 0.740034
vt 0.059035 0.786314
vt 0.064136 0.786214
vt 0.063230 0.739986
vt 0.062544 0.693015
vt 0.061904 0.645914
vt 0.061427 0.598784
vt 0.061035 0.551601
vt 0.060701 0.504476
vt 0.069273 0.785972
vt 0.068628 0.739777
vt 0.068105 0.692895
vt 0.067721 0.645839
vt 0.067391 0.598732
vt 0.067105 0.551631
vt 0.066912 0.504553
vt 0.074911 0.785705
vt 0.074400 0.739503
vt 0.074077 0.692699
vt 0.073865 0.645678
vt 0.073617 0.598615
vt 0.073287 0.551557
vt 0.073104 0.504523
vt 0.133586 0.785076
vt 0.133849 0.738281
vt 0.134097 0.691577
vt 0.134332 0.644802
vt 0.134590 0.597985
vt 0.134857 0.551169
vt 0.135191 0.504376
vt 0.182503 0.785015
vt 0.182284 0.738312
vt 0.182147 0.691557
vt 0.182022 0.644765
vt 0.181909 0.597959
vt 0.181817 0.551162
vt 0.181727 0.504373
vt 0.931477 0.623196
vt 0.931423 0.670016
vt 0.931432 0.716859
vt 0.931457 0.763743
vt 0.931536 0.810658
vt 0.931669 0.857583
vt 0.931826 0.904547
vt 0.866424 0.905028
vt 0.866337 0.858020
vt 0.866224 0.810975
vt 0.866139 0.763988
vt 0.866079 0.717038
vt 0.866056 0.670141
vt 0.866058 0.623288
vt 0.248181 0.838844
vt 0.248181 0.838844
vt 0.215662 0.838729
vt 0.215662 0.838729
vt 0.248396 0.855821
vt 0.215618 0.855522
vt 0.248416 0.850194
vt 0.215637 0.849930
vt 0.248388 0.844527
vt 0.215607 0.844340
vt 0.248638 0.901849
vt 0.221964 0.901364
vt 0.248476 0.887030
vt 0.218301 0.886581
vt 0.248223 0.866600
vt 0.215521 0.866285
vt 0.248267 0.808415
vt 0.215440 0.808292
vt 0.215550 0.860715
vt 0.215550 0.860715
vt 0.248136 0.861514
vt 0.248136 0.861514
vt 0.215412 0.871762
vt 0.248236 0.872343
vt 0.215504 0.877115
vt 0.248358 0.877524
vt 0.215585 0.882599
vt 0.248422 0.883034
vt 0.248197 0.785124
vt 0.215333 0.785040
vt 0.248115 0.738434
vt 0.215253 0.738336
vt 0.248063 0.691622
vt 0.215162 0.691580
vt 0.248030 0.644799
vt 0.214991 0.644780
vt 0.248013 0.597980
vt 0.214930 0.597977
vt 0.248010 0.551173
vt 0.214909 0.551167
vt 0.248019 0.504394
vt 0.214866 0.504380
vt 0.159065 0.838484
vt 0.159065 0.838484
vt 0.158882 0.855017
vt 0.159020 0.849554
vt 0.159080 0.844223
vt 0.157780 0.898721
vt 0.158244 0.884771
vt 0.158710 0.859260
vt 0.158710 0.859260
vt 0.158622 0.865346
vt 0.158489 0.870848
vt 0.158375 0.875908
vt 0.158310 0.881080
vt 0.158168 0.808409
vt 0.158055 0.785036
vt 0.158086 0.738299
vt 0.158126 0.691543
vt 0.158177 0.644775
vt 0.158253 0.597970
vt 0.158337 0.551163
vt 0.158449 0.504371
vt 0.906282 0.928166
vt 0.906193 0.904717
vt 0.906094 0.857741
vt 0.905997 0.810793
vt 0.905911 0.763839
vt 0.905869 0.716927
vt 0.905869 0.670065
vt 0.905905 0.623225
vt 0.886210 0.928365
vt 0.886355 0.904872
vt 0.886243 0.857862
vt 0.886132 0.810872
vt 0.886026 0.763912
vt 0.885973 0.716982
vt 0.885967 0.670103
vt 0.885984 0.623262
vt 0.932020 0.975612
vt 0.906490 0.975849
vt 0.883116 0.952180
vt 0.931996 0.951753
vt 0.906544 0.952004
vt 0.866535 0.952429
vt 0.963133 0.927717
vt 0.963061 0.904278
vt 0.962879 0.857395
vt 0.962763 0.810504
vt 0.962681 0.763620
vt 0.962661 0.716790
vt 0.962664 0.669952
vt 0.962730 0.623154
vt 0.838299 0.928747
vt 0.810204 0.928949
vt 0.252713 0.928722
vt 0.224161 0.928074
vt 0.224235 0.932438
vt 0.252846 0.933064
vt 0.224471 0.936481
vt 0.252798 0.937251
vt 0.224931 0.941466
vt 0.252951 0.941783
vt 0.224858 0.946569
vt 0.253253 0.946380
vt 0.838245 0.905237
vt 0.810039 0.905441
vt 0.838106 0.858178
vt 0.810037 0.858253
vt 0.838069 0.811135
vt 0.809874 0.811231
vt 0.837973 0.764081
vt 0.809828 0.764180
vt 0.837910 0.717108
vt 0.809696 0.717174
vt 0.837861 0.670194
vt 0.809655 0.670247
vt 0.837835 0.623326
vt 0.809585 0.623364
vt 0.838436 0.952387
vt 0.809974 0.953006
vt 0.962031 0.953911
vt 0.110335 0.102620
vt 0.110335 0.102620
vt 0.079403 0.143877
vt 0.079403 0.143877
vt 0.095523 0.146015
vt 0.090007 0.145196
vt 0.084948 0.144526
vt 0.078858 0.154984
vt 0.078858 0.154984
vt 0.084453 0.155009
vt 0.089606 0.154953
vt 0.095080 0.155004
vt 0.081428 0.133926
vt 0.081428 0.133926
vt 0.097188 0.138925
vt 0.091924 0.137096
vt 0.086670 0.135366
vt 0.085263 0.123802
vt 0.085263 0.123802
vt 0.100237 0.132069
vt 0.095437 0.129172
vt 0.090367 0.126448
vt 0.091022 0.114487
vt 0.099907 0.107113
vt 0.091022 0.114487
vt 0.099907 0.107113
vt 0.104577 0.125712
vt 0.108702 0.122235
vt 0.100433 0.121856
vt 0.105894 0.117399
vt 0.095790 0.118001
vt 0.102803 0.112248
vt 0.116046 0.118798
vt 0.113926 0.113585
vt 0.112082 0.108169
vt 0.121043 0.100517
vt 0.121043 0.100517
vt 0.123397 0.116702
vt 0.122454 0.111542
vt 0.121657 0.106114
vt 0.132502 0.099871
vt 0.132502 0.099871
vt 0.132672 0.116239
vt 0.132529 0.110897
vt 0.132507 0.105524
vt 0.132804 0.120799
vt 0.132804 0.120799
vt 0.124179 0.121648
vt 0.124179 0.121648
vt 0.117787 0.123439
vt 0.117787 0.123439
vt 0.100895 0.155089
vt 0.100895 0.155089
vt 0.101412 0.146804
vt 0.101412 0.146804
vt 0.108633 0.129177
vt 0.111706 0.126551
vt 0.108633 0.129177
vt 0.111706 0.126551
vt 0.104533 0.134526
vt 0.104533 0.134526
vt 0.101777 0.140424
vt 0.101777 0.140424
vt 0.131387 0.075754
vt 0.130130 0.062118
vt 0.128702 0.048178
vt 0.117753 0.076902
vt 0.116016 0.063473
vt 0.114374 0.049697
vt 0.055352 0.153801
vt 0.042117 0.152325
vt 0.028477 0.150587
vt 0.030392 0.136401
vt 0.043876 0.138661
vt 0.056857 0.140686
vt 0.104210 0.079056
vt 0.101815 0.065352
vt 0.100018 0.051246
vt 0.068016 0.101127
vt 0.089971 0.082461
vt 0.053228 0.096476
vt 0.087147 0.067690
vt 0.037964 0.093106
vt 0.085188 0.052728
vt 0.062865 0.114946
vt 0.049343 0.111205
vt 0.035124 0.108272
vt 0.059323 0.128030
vt 0.046201 0.125004
vt 0.032779 0.122424
vt 0.181735 0.120879
vt 0.181735 0.120879
vt 0.181919 0.098706
vt 0.181919 0.098706
vt 0.181761 0.106049
vt 0.181728 0.111788
vt 0.181742 0.117056
vt 0.180627 0.059402
vt 0.181262 0.074053
vt 0.060181 0.141209
vt 0.074550 0.143238
vt 0.064718 0.141981
vt 0.069672 0.142585
vt 0.073902 0.154913
vt 0.058907 0.154149
vt 0.068850 0.154765
vt 0.063682 0.154551
vt 0.062597 0.128652
vt 0.076852 0.132519
vt 0.067112 0.130053
vt 0.071845 0.131112
vt 0.066383 0.116119
vt 0.080552 0.121709
vt 0.071105 0.117798
vt 0.075684 0.119689
vt 0.071764 0.102576
vt 0.090994 0.086287
vt 0.086712 0.111256
vt 0.097394 0.102358
vt 0.076931 0.105012
vt 0.092647 0.091654
vt 0.081810 0.107840
vt 0.094816 0.096906
vt 0.104913 0.082655
vt 0.108982 0.098136
vt 0.106126 0.087688
vt 0.107457 0.092659
vt 0.118218 0.080411
vt 0.120458 0.095404
vt 0.118901 0.085355
vt 0.119699 0.090289
vt 0.131672 0.079376
vt 0.132321 0.094840
vt 0.132115 0.084458
vt 0.132301 0.089457
vt 0.181387 0.077964
vt 0.181764 0.095226
vt 0.181563 0.083627
vt 0.181691 0.089439
vt 0.181599 0.153632
vt 0.131615 0.153251
vt 0.101632 0.457591
vt 0.101632 0.457591
vt 0.931633 0.272062
vt 0.153916 0.045301
vt 0.194012 0.033353
vt 0.054682 0.011887
vt 0.195154 0.014713
vt 0.057322 0.027738
vt 0.188440 0.033758
vt 0.055989 0.022042
vt 0.194494 0.028745
vt 0.061608 0.026990
vt 0.125593 0.011845
vt 0.188618 0.029219
vt 0.060749 0.021990
vt 0.121013 0.014375
vt 0.120072 0.011091
vt 0.060003 0.013088
vt 0.111936 0.016233
vt 0.112817 0.010785
vt 0.055091 0.016772
vt 0.060223 0.017719
vt 0.116726 0.015733
vt 0.117235 0.010922
vt 0.195130 0.019302
vt 0.194675 0.023845
vt 0.113890 0.004924
vt 0.189031 0.014707
vt 0.118526 0.006018
vt 0.189018 0.019617
vt 0.122351 0.007825
vt 0.189333 0.023977
vt 0.866120 0.272252
vt 0.101359 0.410740
vt 0.101359 0.410740
vt 0.101266 0.363892
vt 0.101266 0.363892
vt 0.101382 0.317104
vt 0.101382 0.317104
vt 0.101551 0.270425
vt 0.101551 0.270425
vt 0.101573 0.223880
vt 0.101573 0.223880
vt 0.101541 0.177881
vt 0.101541 0.177881
vt 0.078406 0.457539
vt 0.078406 0.457539
vt 0.078290 0.410492
vt 0.078290 0.410492
vt 0.078196 0.363407
vt 0.078196 0.363407
vt 0.078335 0.316417
vt 0.078335 0.316417
vt 0.078562 0.269554
vt 0.078562 0.269554
vt 0.079008 0.222893
vt 0.079008 0.222893
vt 0.079247 0.177137
vt 0.079247 0.177137
vt 0.084966 0.177273
vt 0.084935 0.223030
vt 0.084596 0.269792
vt 0.084233 0.316514
vt 0.084194 0.363454
vt 0.084255 0.410495
vt 0.084478 0.457376
vt 0.090338 0.177463
vt 0.090285 0.223403
vt 0.090024 0.269951
vt 0.089897 0.316656
vt 0.089888 0.363566
vt 0.089889 0.410537
vt 0.089952 0.457475
vt 0.095774 0.177688
vt 0.095762 0.223540
vt 0.095647 0.270133
vt 0.095461 0.316907
vt 0.094947 0.363653
vt 0.095505 0.410674
vt 0.095666 0.457529
vt 0.026179 0.173539
vt 0.024150 0.220432
vt 0.023257 0.267663
vt 0.022819 0.314928
vt 0.022593 0.362219
vt 0.022465 0.409493
vt 0.022488 0.456751
vt 0.040246 0.174740
vt 0.038546 0.221033
vt 0.037647 0.268067
vt 0.037206 0.315246
vt 0.036930 0.362495
vt 0.036839 0.409749
vt 0.036836 0.456978
vt 0.054095 0.175714
vt 0.052905 0.221554
vt 0.052015 0.268437
vt 0.051565 0.315582
vt 0.051283 0.362754
vt 0.051185 0.410005
vt 0.051183 0.457201
vt 0.055058 0.457262
vt 0.055064 0.410063
vt 0.055155 0.362844
vt 0.055423 0.315650
vt 0.055877 0.268544
vt 0.056739 0.221689
vt 0.057813 0.175907
vt 0.063180 0.176210
vt 0.062191 0.221922
vt 0.061375 0.268754
vt 0.060915 0.315816
vt 0.060675 0.362983
vt 0.060584 0.410173
vt 0.060597 0.457359
vt 0.068590 0.176555
vt 0.067851 0.222242
vt 0.067164 0.269027
vt 0.066793 0.316041
vt 0.066615 0.363038
vt 0.066778 0.410308
vt 0.066742 0.457459
vt 0.074115 0.176900
vt 0.073666 0.222601
vt 0.073147 0.269314
vt 0.072904 0.316242
vt 0.072911 0.363304
vt 0.072924 0.410411
vt 0.072972 0.457512
vt 0.132213 0.177110
vt 0.132816 0.223850
vt 0.133249 0.270511
vt 0.133624 0.317218
vt 0.134024 0.363951
vt 0.134472 0.410783
vt 0.135029 0.457584
vt 0.181575 0.177063
vt 0.181583 0.223868
vt 0.181581 0.270601
vt 0.181561 0.317335
vt 0.181551 0.364080
vt 0.181576 0.410833
vt 0.181636 0.457600
vt 0.931553 0.576395
vt 0.931629 0.529590
vt 0.931693 0.482791
vt 0.931721 0.435987
vt 0.931702 0.389148
vt 0.931702 0.342318
vt 0.931676 0.295468
vt 0.866132 0.295656
vt 0.866147 0.342469
vt 0.866143 0.389267
vt 0.866164 0.436089
vt 0.866127 0.482873
vt 0.866098 0.529662
vt 0.866069 0.576469
vt 0.248016 0.120575
vt 0.248016 0.120575
vt 0.214720 0.120807
vt 0.214720 0.120807
vt 0.247791 0.105966
vt 0.214553 0.106190
vt 0.247824 0.111665
vt 0.214677 0.111761
vt 0.248114 0.116998
vt 0.214608 0.116988
vt 0.247353 0.058506
vt 0.220394 0.058524
vt 0.247601 0.073474
vt 0.217070 0.073480
vt 0.247798 0.095136
vt 0.214715 0.095144
vt 0.247997 0.153809
vt 0.214786 0.153760
vt 0.214689 0.098547
vt 0.214689 0.098547
vt 0.247808 0.098515
vt 0.247808 0.098515
vt 0.214623 0.089295
vt 0.247804 0.089327
vt 0.214536 0.083375
vt 0.247743 0.083396
vt 0.214434 0.077514
vt 0.247654 0.077520
vt 0.248016 0.177203
vt 0.214773 0.177146
vt 0.248053 0.223984
vt 0.214791 0.223908
vt 0.248068 0.270730
vt 0.214806 0.270665
vt 0.248071 0.317457
vt 0.214798 0.317398
vt 0.248064 0.364179
vt 0.214790 0.364130
vt 0.248042 0.410903
vt 0.214800 0.410868
vt 0.248029 0.457641
vt 0.214831 0.457621
vt 0.157179 0.120929
vt 0.157179 0.120929
vt 0.156933 0.105825
vt 0.157000 0.111517
vt 0.157097 0.116766
vt 0.155095 0.060473
vt 0.155930 0.074759
vt 0.156866 0.098678
vt 0.156866 0.098678
vt 0.156785 0.095323
vt 0.156608 0.089645
vt 0.156366 0.084088
vt 0.156126 0.078559
vt 0.156799 0.153464
vt 0.156904 0.177021
vt 0.157166 0.223844
vt 0.157397 0.270554
vt 0.157572 0.317288
vt 0.157776 0.364029
vt 0.158028 0.410802
vt 0.158332 0.457590
vt 0.906022 0.272135
vt 0.906049 0.295541
vt 0.906075 0.342371
vt 0.906092 0.389204
vt 0.906099 0.436012
vt 0.906065 0.482824
vt 0.906015 0.529622
vt 0.905944 0.576421
vt 0.886075 0.272193
vt 0.886096 0.295602
vt 0.886112 0.342420
vt 0.886126 0.389231
vt 0.886126 0.436046
vt 0.886104 0.482850
vt 0.886069 0.529643
vt 0.886027 0.576448
vt 0.931545 0.224513
vt 0.905998 0.224580
vt 0.882670 0.248414
vt 0.931603 0.248282
vt 0.905985 0.248363
vt 0.866171 0.248484
vt 0.962934 0.271971
vt 0.962973 0.295401
vt 0.963008 0.342249
vt 0.963038 0.389102
vt 0.963027 0.435940
vt 0.962997 0.482757
vt 0.962917 0.529564
vt 0.962815 0.576353
vt 0.837869 0.272333
vt 0.809556 0.272384
vt 0.251551 0.032978
vt 0.222664 0.033354
vt 0.222665 0.028862
vt 0.251703 0.028232
vt 0.222834 0.023511
vt 0.251562 0.023739
vt 0.222988 0.018878
vt 0.251826 0.019149
vt 0.223394 0.014348
vt 0.251832 0.014720
vt 0.837874 0.295734
vt 0.809668 0.295826
vt 0.837862 0.342528
vt 0.809545 0.342574
vt 0.837847 0.389323
vt 0.809549 0.389375
vt 0.837832 0.436120
vt 0.809475 0.436153
vt 0.837831 0.482906
vt 0.809457 0.482914
vt 0.837820 0.529698
vt 0.809493 0.529730
vt 0.837822 0.576500
vt 0.809566 0.576531
vt 0.837853 0.248551
vt 0.809416 0.248767
vt 0.961718 0.245806
vt 0.435488 0.930136
vt 0.631551 0.993583
vt 0.435027 0.927817
vt 0.435027 0.927817
vt 0.550574 0.812235
vt 0.550574 0.812235
vt 0.569024 0.927292
vt 0.552947 0.812475
vt 0.449781 0.927661
vt 0.617465 0.991242
vt 0.449393 0.925327
vt 0.449393 0.925327
vt 0.603706 0.986495
vt 0.464009 0.924929
vt 0.463308 0.922902
vt 0.463308 0.922902
vt 0.478073 0.922768
vt 0.591756 0.978600
vt 0.477350 0.920729
vt 0.477350 0.920729
vt 0.581955 0.969022
vt 0.491787 0.921015
vt 0.549785 0.858122
vt 0.491763 0.918868
vt 0.547542 0.858115
vt 0.491763 0.918868
vt 0.547542 0.858115
vt 0.550190 0.843966
vt 0.574720 0.957694
vt 0.547991 0.843283
vt 0.547991 0.843283
vt 0.570767 0.944633
vt 0.551169 0.830054
vt 0.548936 0.828868
vt 0.548936 0.828868
vt 0.031280 0.011907
vt 0.380951 0.935316
vt 0.684914 0.993504
vt 0.029328 0.011799
vt 0.030109 0.009835
vt 0.381015 0.932885
vt 0.281904 0.915162
vt 0.281892 0.912889
vt 0.281892 0.912889
vt 0.281872 0.956540
vt 0.781861 0.966449
vt 0.281846 0.954363
vt 0.281846 0.954363
vt 0.381143 0.926896
vt 0.025081 0.007347
vt 0.024782 0.009655
vt 0.024782 0.009655
vt 0.004947 0.008339
vt 0.368127 0.915488
vt 0.004947 0.008339
vt 0.368127 0.915488
vt 0.369518 0.913369
vt 0.005665 0.005962
vt 0.369518 0.913369
vt 0.409562 0.933130
vt 0.657090 0.993676
vt 0.409294 0.930844
vt 0.409294 0.930844
vt 0.020205 0.008121
vt 0.020205 0.008121
vt 0.380970 0.922205
vt 0.020840 0.005817
vt 0.015412 0.007412
vt 0.015412 0.007412
vt 0.015183 0.004931
vt 0.378168 0.917121
vt 0.010301 0.007706
vt 0.010301 0.007706
vt 0.010240 0.005170
vt 0.374060 0.914306
vt 0.696811 0.966856
vt 0.367403 0.957021
vt 0.543416 0.023969
vt 0.367481 0.954891
vt 0.543820 0.021797
vt 0.367481 0.954891
vt 0.543820 0.021797
vt 0.028384 0.020727
vt 0.028384 0.020727
vt 0.685486 0.983913
vt 0.030584 0.021140
vt 0.549207 0.020638
vt 0.549207 0.020638
vt 0.690953 0.968680
vt 0.549733 0.023071
vt 0.025926 0.030457
vt 0.554045 0.018684
vt 0.025926 0.030457
vt 0.554045 0.018684
vt 0.688811 0.972530
vt 0.027443 0.032512
vt 0.553800 0.021160
vt 0.027151 0.025445
vt 0.027151 0.025445
vt 0.686672 0.979156
vt 0.029332 0.025836
vt 0.552490 0.790334
vt 0.552490 0.790334
vt 0.568673 0.905787
vt 0.554813 0.790496
vt 0.554635 0.742719
vt 0.556909 0.742792
vt 0.568254 0.858758
vt 0.555200 0.695071
vt 0.557500 0.695111
vt 0.568651 0.811655
vt 0.555627 0.647303
vt 0.557898 0.647337
vt 0.568476 0.764450
vt 0.556049 0.599750
vt 0.558293 0.599771
vt 0.568176 0.717355
vt 0.556212 0.552322
vt 0.556212 0.552322
vt 0.558455 0.552330
vt 0.568075 0.670357
vt 0.556208 0.505048
vt 0.558455 0.505043
vt 0.568159 0.623520
vt 0.311206 0.913021
vt 0.311206 0.913021
vt 0.310698 0.915247
vt 0.339628 0.915464
vt 0.339628 0.915464
vt 0.339895 0.913301
vt 0.339895 0.913301
vt 0.310340 0.955201
vt 0.310340 0.955201
vt 0.310321 0.957218
vt 0.753619 0.966566
vt 0.725321 0.966619
vt 0.338742 0.957375
vt 0.338711 0.955405
vt 0.338711 0.955405
vt 0.434001 0.033549
vt 0.434001 0.033549
vt 0.631901 0.209662
vt 0.434338 0.031304
vt 0.549678 0.152915
vt 0.569831 0.275256
vt 0.547256 0.153219
vt 0.547256 0.153219
vt 0.448555 0.036242
vt 0.448555 0.036242
vt 0.448804 0.033583
vt 0.617738 0.211068
vt 0.463357 0.037346
vt 0.463357 0.037346
vt 0.604118 0.216313
vt 0.463763 0.035022
vt 0.478380 0.037393
vt 0.540780 0.093256
vt 0.478380 0.037393
vt 0.540780 0.093256
vt 0.478752 0.035050
vt 0.543172 0.093735
vt 0.592055 0.224141
vt 0.542155 0.108117
vt 0.542155 0.108117
vt 0.582753 0.233850
vt 0.544378 0.107810
vt 0.543630 0.122419
vt 0.543630 0.122419
vt 0.575880 0.245271
vt 0.545830 0.121558
vt 0.545232 0.136797
vt 0.545232 0.136797
vt 0.571965 0.258228
vt 0.547476 0.135445
vt 0.381717 0.027373
vt 0.512012 0.011493
vt 0.683558 0.209967
vt 0.381612 0.029872
vt 0.513201 0.009341
vt 0.381612 0.029872
vt 0.514067 0.011245
vt 0.514067 0.011245
vt 0.280242 0.049027
vt 0.280242 0.049027
vt 0.280210 0.046692
vt 0.280210 0.046692
vt 0.280395 0.007123
vt 0.781443 0.234336
vt 0.280372 0.005136
vt 0.518112 0.009107
vt 0.518112 0.009107
vt 0.381362 0.035372
vt 0.517751 0.006771
vt 0.368562 0.048689
vt 0.368562 0.048689
vt 0.367166 0.046507
vt 0.367166 0.046507
vt 0.407473 0.031021
vt 0.407473 0.031021
vt 0.407617 0.028768
vt 0.658293 0.209141
vt 0.380480 0.039940
vt 0.522082 0.005466
vt 0.522821 0.007730
vt 0.522821 0.007730
vt 0.528407 0.004922
vt 0.376935 0.045146
vt 0.527782 0.007328
vt 0.527782 0.007328
vt 0.373203 0.047832
vt 0.373203 0.047832
vt 0.532940 0.005164
vt 0.372397 0.045577
vt 0.532537 0.007511
vt 0.372397 0.045577
vt 0.532537 0.007511
vt 0.365087 0.008424
vt 0.365087 0.008424
vt 0.697883 0.234635
vt 0.364913 0.006370
vt 0.512330 0.021209
vt 0.683358 0.219961
vt 0.514722 0.020511
vt 0.514722 0.020511
vt 0.691530 0.233247
vt 0.137950 0.017997
vt 0.371683 0.007034
vt 0.140120 0.017543
vt 0.370904 0.009228
vt 0.140120 0.017543
vt 0.370904 0.009228
vt 0.687604 0.230836
vt 0.137183 0.013586
vt 0.139506 0.012600
vt 0.139506 0.012600
vt 0.683976 0.224967
vt 0.137183 0.006766
vt 0.513224 0.026118
vt 0.139438 0.007493
vt 0.515612 0.025608
vt 0.139438 0.007493
vt 0.515612 0.025608
vt 0.551704 0.174593
vt 0.568945 0.296369
vt 0.549359 0.174777
vt 0.549359 0.174777
vt 0.554156 0.221757
vt 0.568867 0.342925
vt 0.551842 0.221837
vt 0.551842 0.221837
vt 0.554926 0.269082
vt 0.568363 0.389720
vt 0.552639 0.269132
vt 0.556010 0.316361
vt 0.567928 0.436601
vt 0.553771 0.316383
vt 0.553771 0.316383
vt 0.557194 0.363216
vt 0.568294 0.483078
vt 0.554937 0.363233
vt 0.557500 0.410313
vt 0.568180 0.529740
vt 0.555237 0.410334
vt 0.555442 0.457623
vt 0.557716 0.457608
vt 0.568216 0.576562
vt 0.309618 0.046599
vt 0.310171 0.048824
vt 0.310171 0.048824
vt 0.339011 0.048616
vt 0.339011 0.048616
vt 0.338666 0.046331
vt 0.338666 0.046331
vt 0.308856 0.005216
vt 0.753274 0.234233
vt 0.308857 0.007158
vt 0.308857 0.007158
vt 0.337243 0.007783
vt 0.337243 0.007783
vt 0.725151 0.234484
vt 0.337234 0.005839
vt 0.130522 0.925352
vt 0.130522 0.925352
vt 0.130152 0.927636
vt 0.932141 0.991007
vt 0.994805 0.925395
vt 0.011135 0.809694
vt 0.013536 0.809511
vt 0.013536 0.809511
vt 0.116525 0.923175
vt 0.116525 0.923175
vt 0.114976 0.924925
vt 0.947610 0.989719
vt 0.102109 0.920792
vt 0.102109 0.920792
vt 0.958706 0.985870
vt 0.103100 0.923096
vt 0.087626 0.919109
vt 0.087626 0.919109
vt 0.086982 0.921361
vt 0.972173 0.976859
vt 0.016454 0.855653
vt 0.072572 0.917831
vt 0.016454 0.855653
vt 0.072572 0.917831
vt 0.981851 0.967099
vt 0.014103 0.855623
vt 0.072672 0.920144
vt 0.016230 0.840607
vt 0.016230 0.840607
vt 0.989107 0.955701
vt 0.013952 0.841286
vt 0.015167 0.826051
vt 0.015167 0.826051
vt 0.993146 0.942629
vt 0.012889 0.827219
vt 0.179493 0.931613
vt 0.487756 0.027855
vt 0.883415 0.991313
vt 0.179490 0.929211
vt 0.485865 0.026515
vt 0.487796 0.025867
vt 0.486444 0.022153
vt 0.486444 0.022153
vt 0.484102 0.022249
vt 0.179525 0.924266
vt 0.194527 0.911448
vt 0.194527 0.911448
vt 0.196005 0.913647
vt 0.196005 0.913647
vt 0.156163 0.928381
vt 0.156163 0.928381
vt 0.155999 0.930671
vt 0.906494 0.991793
vt 0.482756 0.017567
vt 0.180519 0.919286
vt 0.485033 0.016868
vt 0.485033 0.016868
vt 0.184967 0.913453
vt 0.482263 0.010193
vt 0.484707 0.010714
vt 0.484707 0.010714
vt 0.189983 0.911377
vt 0.189983 0.911377
vt 0.482951 0.005055
vt 0.190865 0.913609
vt 0.485185 0.005124
vt 0.190865 0.913609
vt 0.485185 0.005124
vt 0.196710 0.954190
vt 0.196710 0.954190
vt 0.866485 0.966330
vt 0.196664 0.956115
vt 0.497617 0.028193
vt 0.883156 0.980935
vt 0.497279 0.025896
vt 0.497279 0.025896
vt 0.071979 0.019140
vt 0.190078 0.955457
vt 0.872950 0.967193
vt 0.074028 0.019257
vt 0.190904 0.953669
vt 0.074028 0.019257
vt 0.190904 0.953669
vt 0.071539 0.013809
vt 0.877398 0.969603
vt 0.073437 0.012955
vt 0.073437 0.012955
vt 0.881749 0.975530
vt 0.071826 0.005885
vt 0.502954 0.027532
vt 0.073863 0.006271
vt 0.502585 0.025588
vt 0.073863 0.006271
vt 0.502585 0.025588
vt 0.009493 0.787853
vt 0.994957 0.904058
vt 0.011840 0.787740
vt 0.007851 0.740278
vt 0.995040 0.857176
vt 0.010169 0.740241
vt 0.010169 0.740241
vt 0.007159 0.692991
vt 0.995094 0.810399
vt 0.009439 0.692980
vt 0.006493 0.645589
vt 0.994778 0.763490
vt 0.008774 0.645591
vt 0.008774 0.645591
vt 0.994845 0.716724
vt 0.005883 0.598326
vt 0.008152 0.598326
vt 0.008152 0.598326
vt 0.005426 0.551009
vt 0.994964 0.669883
vt 0.007678 0.551017
vt 0.005164 0.503734
vt 0.994995 0.623096
vt 0.007431 0.503750
vt 0.007431 0.503750
vt 0.253039 0.914702
vt 0.253039 0.914702
vt 0.252522 0.912447
vt 0.252522 0.912447
vt 0.224210 0.911870
vt 0.224210 0.911870
vt 0.224501 0.914083
vt 0.810110 0.966726
vt 0.253425 0.956546
vt 0.253391 0.954495
vt 0.253391 0.954495
vt 0.225006 0.954803
vt 0.225006 0.954803
vt 0.225016 0.956682
vt 0.838395 0.966427
vt 0.931475 0.209184
vt 0.126717 0.031778
vt 0.127108 0.034137
vt 0.127108 0.034137
vt 0.013370 0.150508
vt 0.013370 0.150508
vt 0.010999 0.150123
vt 0.994294 0.274059
vt 0.112456 0.033566
vt 0.945491 0.211110
vt 0.112654 0.035711
vt 0.112654 0.035711
vt 0.959349 0.215850
vt 0.097910 0.034982
vt 0.098407 0.037229
vt 0.098407 0.037229
vt 0.019394 0.091147
vt 0.083843 0.034839
vt 0.971046 0.223382
vt 0.021796 0.090779
vt 0.084165 0.037080
vt 0.021796 0.090779
vt 0.084165 0.037080
vt 0.980345 0.233052
vt 0.017593 0.105334
vt 0.019798 0.105729
vt 0.019798 0.105729
vt 0.015706 0.118949
vt 0.987367 0.244245
vt 0.017840 0.119872
vt 0.017840 0.119872
vt 0.013679 0.132598
vt 0.991685 0.256886
vt 0.015819 0.134020
vt 0.015819 0.134020
vt 0.045671 0.004904
vt 0.174914 0.028003
vt 0.884086 0.209404
vt 0.045924 0.006938
vt 0.043791 0.006288
vt 0.174713 0.030374
vt 0.042549 0.009883
vt 0.174833 0.034407
vt 0.045031 0.009963
vt 0.045031 0.009963
vt 0.193442 0.046870
vt 0.193442 0.046870
vt 0.191780 0.049150
vt 0.191780 0.049150
vt 0.152350 0.028876
vt 0.906111 0.209034
vt 0.152547 0.031215
vt 0.152547 0.031215
vt 0.043335 0.015852
vt 0.043335 0.015852
vt 0.175392 0.040141
vt 0.040801 0.015227
vt 0.043761 0.023473
vt 0.043761 0.023473
vt 0.181035 0.047008
vt 0.041308 0.024226
vt 0.045087 0.029839
vt 0.188099 0.046443
vt 0.045087 0.029839
vt 0.188099 0.046443
vt 0.042844 0.030040
vt 0.187168 0.048712
vt 0.187168 0.048712
vt 0.194561 0.005247
vt 0.866060 0.233738
vt 0.194528 0.007099
vt 0.194528 0.007099
vt 0.055399 0.007078
vt 0.055399 0.007078
vt 0.055610 0.004906
vt 0.882341 0.219673
vt 0.106631 0.005085
vt 0.188659 0.007414
vt 0.106631 0.005085
vt 0.188659 0.007414
vt 0.104633 0.005037
vt 0.187875 0.005540
vt 0.872469 0.232704
vt 0.106334 0.010577
vt 0.106334 0.010577
vt 0.104317 0.009835
vt 0.876447 0.230125
vt 0.060794 0.007336
vt 0.106040 0.016060
vt 0.060794 0.007336
vt 0.106040 0.016060
vt 0.880790 0.225307
vt 0.061285 0.005191
vt 0.103831 0.016458
vt 0.010938 0.172117
vt 0.010938 0.172117
vt 0.008614 0.171898
vt 0.995088 0.295339
vt 0.008803 0.219607
vt 0.006495 0.219511
vt 0.994849 0.342048
vt 0.007963 0.267222
vt 0.005694 0.267169
vt 0.994999 0.389016
vt 0.007440 0.314640
vt 0.007440 0.314640
vt 0.005186 0.314610
vt 0.995004 0.435947
vt 0.007409 0.361930
vt 0.007409 0.361930
vt 0.005144 0.361901
vt 0.994867 0.482737
vt 0.007156 0.409257
vt 0.004911 0.409230
vt 0.994941 0.529557
vt 0.004909 0.456483
vt 0.994978 0.576329
vt 0.007169 0.456505
vt 0.251597 0.048589
vt 0.251597 0.048589
vt 0.252147 0.046326
vt 0.252147 0.046326
vt 0.222683 0.046791
vt 0.222382 0.049000
vt 0.222382 0.049000
vt 0.251765 0.006988
vt 0.251765 0.006988
vt 0.251780 0.004995
vt 0.809649 0.234400
vt 0.837868 0.234213
vt 0.223188 0.004907
vt 0.223213 0.006816
vt 0.223213 0.006816
usemtl mat
f 456/456 1764/1764 1769/1769
f 1753/1753 413/413 414/414
f 1753/1753 414/414 1812/1812
f 347/347 360/360 136/136
f 347/347 136/136 99/99
f 1792/1792 1800/1800 160/160
f 1792/1792 160/160 1814/1814
f 456/456 1780/1780 1783/1783
f 456/456 1772/1772 1780/1780
f 416/416 413/413 1764/1764
f 416/416 1764/1764 456/456
f 1756/1756 72/72 243/243
f 1756/1756 243/243 1854/1854
f 100/100 75/75 88/88
f 100/100 88/88 108/108
f 3/3 8/8 104/104
f 3/3 104/104 101/101
f 112/112 82/82 79/79
f 112/112 79/79 120/120
f 120/120 79/79 76/76
f 120/120 76/76 124/124
f 124/124 76/76 67/67
f 124/124 67/67 128/128
f 128/128 67/67 64/64
f 128/128 64/64 132/132
f 383/383 41/41 133/133
f 383/383 133/133 385/385
f 382/382 388/388 132/132
f 382/382 132/132 64/64
f 221/221 9/9 10/10
f 221/221 10/10 222/222
f 222/222 10/10 11/11
f 222/222 11/11 229/229
f 229/229 11/11 12/12
f 229/229 12/12 236/236
f 236/236 12/12 53/53
f 236/236 53/53 207/207
f 37/37 42/42 45/45
f 37/37 45/45 40/40
f 40/40 45/45 44/44
f 40/40 44/44 39/39
f 39/39 44/44 43/43
f 39/39 43/43 38/38
f 38/38 43/43 47/47
f 38/38 47/47 49/49
f 2/2 37/37 40/40
f 2/2 40/40 35/35
f 35/35 40/40 39/39
f 35/35 39/39 34/34
f 34/34 39/39 38/38
f 34/34 38/38 33/33
f 33/33 38/38 49/49
f 33/33 49/49 51/51
f 29/29 2/2 35/35
f 29/29 35/35 32/32
f 32/32 35/35 34/34
f 32/32 34/34 31/31
f 31/31 34/34 33/33
f 31/31 33/33 30/30
f 30/30 33/33 51/51
f 30/30 51/51 57/57
f 20/20 29/29 32/32
f 20/20 32/32 26/26
f 26/26 32/32 31/31
f 26/26 31/31 24/24
f 24/24 31/31 30/30
f 24/24 30/30 22/22
f 22/22 30/30 57/57
f 22/22 57/57 60/60
f 14/14 21/21 27/27
f 14/14 27/27 17/17
f 17/17 27/27 25/25
f 17/17 25/25 16/16
f 16/16 25/25 23/23
f 16/16 23/23 15/15
f 15/15 23/23 61/61
f 15/15 61/61 63/63
f 4/4 14/14 17/17
f 4/4 17/17 7/7
f 7/7 17/17 16/16
f 7/7 16/16 6/6
f 6/6 16/16 15/15
f 6/6 15/15 5/5
f 5/5 15/15 63/63
f 5/5 63/63 55/55
f 9/9 4/4 7/7
f 9/9 7/7 10/10
f 10/10 7/7 6/6
f 10/10 6/6 11/11
f 11/11 6/6 5/5
f 11/11 5/5 12/12
f 12/12 5/5 55/55
f 12/12 55/55 53/53
f 13/13 3/3 101/101
f 13/13 101/101 109/109
f 70/70 71/71 74/74
f 70/70 74/74 75/75
f 71/71 72/72 73/73
f 71/71 73/73 74/74
f 1/1 28/28 121/121
f 1/1 121/121 125/125
f 79/79 80/80 77/77
f 79/79 77/77 76/76
f 80/80 81/81 78/78
f 80/80 78/78 77/77
f 28/28 18/18 114/114
f 28/28 114/114 121/121
f 82/82 84/84 80/80
f 82/82 80/80 79/79
f 84/84 86/86 81/81
f 84/84 81/81 80/80
f 19/19 13/13 109/109
f 19/19 109/109 115/115
f 88/88 89/89 85/85
f 88/88 85/85 83/83
f 89/89 90/90 87/87
f 89/89 87/87 85/85
f 718/718 263/263 264/264
f 718/718 264/264 719/719
f 75/75 74/74 89/89
f 75/75 89/89 88/88
f 74/74 73/73 90/90
f 74/74 90/90 89/89
f 1793/1793 161/161 1305/1305
f 1793/1793 1305/1305 2153/2153
f 1812/1812 414/414 1836/1836
f 1812/1812 1836/1836 1789/1789
f 381/381 382/382 64/64
f 381/381 64/64 65/65
f 41/41 36/36 129/129
f 41/41 129/129 133/133
f 67/67 68/68 65/65
f 67/67 65/65 64/64
f 68/68 69/69 66/66
f 68/68 66/66 65/65
f 36/36 1/1 125/125
f 36/36 125/125 129/129
f 76/76 77/77 68/68
f 76/76 68/68 67/67
f 77/77 78/78 69/69
f 77/77 69/69 68/68
f 345/345 347/347 99/99
f 345/345 99/99 98/98
f 98/98 1808/1808 1881/1881
f 98/98 1881/1881 345/345
f 380/380 97/97 92/92
f 380/380 92/92 377/377
f 379/379 96/96 97/97
f 379/379 97/97 380/380
f 378/378 95/95 96/96
f 378/378 96/96 379/379
f 384/384 94/94 95/95
f 384/384 95/95 378/378
f 105/105 70/70 75/75
f 105/105 75/75 100/100
f 352/352 93/93 137/137
f 352/352 137/137 349/349
f 704/704 249/249 256/256
f 704/704 256/256 711/711
f 2017/2017 882/882 427/427
f 2017/2017 427/427 1875/1875
f 242/242 697/697 690/690
f 242/242 690/690 235/235
f 108/108 88/88 83/83
f 108/108 83/83 113/113
f 760/760 305/305 375/375
f 760/760 375/375 830/830
f 101/101 104/104 106/106
f 101/101 106/106 103/103
f 103/103 106/106 107/107
f 103/103 107/107 102/102
f 102/102 107/107 105/105
f 102/102 105/105 100/100
f 109/109 101/101 103/103
f 109/109 103/103 111/111
f 111/111 103/103 102/102
f 111/111 102/102 110/110
f 110/110 102/102 100/100
f 110/110 100/100 108/108
f 115/115 109/109 111/111
f 115/115 111/111 119/119
f 119/119 111/111 110/110
f 119/119 110/110 117/117
f 117/117 110/110 108/108
f 117/117 108/108 113/113
f 121/121 114/114 118/118
f 121/121 118/118 123/123
f 123/123 118/118 116/116
f 123/123 116/116 122/122
f 122/122 116/116 112/112
f 122/122 112/112 120/120
f 125/125 121/121 123/123
f 125/125 123/123 127/127
f 127/127 123/123 122/122
f 127/127 122/122 126/126
f 126/126 122/122 120/120
f 126/126 120/120 124/124
f 129/129 125/125 127/127
f 129/129 127/127 131/131
f 131/131 127/127 126/126
f 131/131 126/126 130/130
f 130/130 126/126 124/124
f 130/130 124/124 128/128
f 133/133 129/129 131/131
f 133/133 131/131 135/135
f 135/135 131/131 130/130
f 135/135 130/130 134/134
f 134/134 130/130 128/128
f 134/134 128/128 132/132
f 385/385 133/133 135/135
f 385/385 135/135 386/386
f 386/386 135/135 134/134
f 386/386 134/134 387/387
f 387/387 134/134 132/132
f 387/387 132/132 388/388
f 270/270 105/105 107/107
f 270/270 107/107 271/271
f 271/271 107/107 106/106
f 271/271 106/106 278/278
f 278/278 106/106 104/104
f 278/278 104/104 285/285
f 349/349 137/137 139/139
f 349/349 139/139 356/356
f 356/356 139/139 138/138
f 356/356 138/138 358/358
f 358/358 138/138 136/136
f 358/358 136/136 360/360
f 277/277 732/732 719/719
f 277/277 719/719 264/264
f 299/299 300/300 391/391
f 299/299 391/391 390/390
f 830/830 375/375 374/374
f 830/830 374/374 829/829
f 340/340 147/147 148/148
f 340/340 148/148 342/342
f 338/338 146/146 147/147
f 338/338 147/147 340/340
f 355/355 145/145 146/146
f 355/355 146/146 338/338
f 342/342 148/148 143/143
f 342/342 143/143 335/335
f 350/350 334/334 142/142
f 350/350 142/142 155/155
f 376/376 91/91 140/140
f 376/376 140/140 389/389
f 141/141 62/62 59/59
f 415/415 405/405 195/195
f 415/415 195/195 419/419
f 415/415 419/419 1827/1827
f 415/415 1827/1827 1840/1840
f 405/405 406/406 327/327
f 405/405 327/327 195/195
f 408/408 329/329 328/328
f 408/408 328/328 407/407
f 1887/1887 1827/1827 419/419
f 1887/1887 419/419 454/454
f 907/907 452/452 333/333
f 907/907 333/333 788/788
f 66/66 160/160 381/381
f 66/66 381/381 65/65
f 454/454 419/419 195/195
f 454/454 195/195 428/428
f 407/407 328/328 327/327
f 407/407 327/327 406/406
f 166/166 171/171 175/175
f 166/166 175/175 173/173
f 171/171 172/172 176/176
f 171/171 176/176 175/175
f 173/173 175/175 193/193
f 173/173 193/193 188/188
f 175/175 176/176 177/177
f 175/175 177/177 193/193
f 168/168 179/179 183/183
f 168/168 183/183 182/182
f 179/179 180/180 184/184
f 179/179 184/184 183/183
f 182/182 183/183 176/176
f 182/182 176/176 172/172
f 183/183 184/184 177/177
f 183/183 177/177 176/176
f 170/170 187/187 192/192
f 170/170 192/192 191/191
f 187/187 190/190 194/194
f 187/187 194/194 192/192
f 191/191 192/192 185/185
f 191/191 185/185 181/181
f 192/192 194/194 178/178
f 192/192 178/178 185/185
f 431/431 167/167 174/174
f 431/431 174/174 432/432
f 432/432 174/174 189/189
f 432/432 189/189 434/434
f 434/434 189/189 186/186
f 434/434 186/186 436/436
f 436/436 186/186 169/169
f 436/436 169/169 438/438
f 1846/1846 415/415 1840/1840
f 417/417 415/415 1851/1851
f 1851/1851 415/415 1846/1846
f 1890/1890 438/438 169/169
f 1890/1890 169/169 1832/1832
f 1879/1879 1807/1807 167/167
f 1879/1879 167/167 431/431
f 160/160 1822/1822 98/98
f 160/160 98/98 381/381
f 1822/1822 1826/1826 98/98
f 1826/1826 1808/1808 98/98
f 69/69 1762/1762 1754/1754
f 69/69 1754/1754 66/66
f 882/882 775/775 320/320
f 882/882 320/320 427/427
f 409/409 330/330 329/329
f 409/409 329/329 408/408
f 410/410 331/331 330/330
f 410/410 330/330 409/409
f 411/411 332/332 331/331
f 411/411 331/331 410/410
f 412/412 333/333 332/332
f 412/412 332/332 411/411
f 319/319 441/441 443/443
f 319/319 443/443 318/318
f 428/428 195/195 327/327
f 428/428 327/327 440/440
f 441/441 440/440 442/442
f 441/441 442/442 443/443
f 443/443 442/442 444/444
f 443/443 444/444 445/445
f 445/445 444/444 446/446
f 445/445 446/446 447/447
f 447/447 446/446 448/448
f 447/447 448/448 449/449
f 449/449 448/448 450/450
f 449/449 450/450 451/451
f 451/451 450/450 452/452
f 451/451 452/452 453/453
f 420/420 421/421 326/326
f 420/420 326/326 159/159
f 423/423 324/324 325/325
f 423/423 325/325 422/422
f 424/424 323/323 324/324
f 424/424 324/324 423/423
f 425/425 322/322 323/323
f 425/425 323/323 424/424
f 426/426 321/321 322/322
f 426/426 322/322 425/425
f 427/427 320/320 321/321
f 427/427 321/321 426/426
f 299/299 363/363 365/365
f 299/299 365/365 300/300
f 350/350 155/155 306/306
f 350/350 306/306 362/362
f 363/363 362/362 364/364
f 363/363 364/364 365/365
f 365/365 364/364 366/366
f 365/365 366/366 367/367
f 367/367 366/366 368/368
f 367/367 368/368 369/369
f 369/369 368/368 370/370
f 369/369 370/370 371/371
f 371/371 370/370 372/372
f 371/371 372/372 373/373
f 373/373 372/372 374/374
f 373/373 374/374 375/375
f 389/389 140/140 299/299
f 389/389 299/299 390/390
f 300/300 301/301 392/392
f 300/300 392/392 391/391
f 301/301 302/302 393/393
f 301/301 393/393 392/392
f 302/302 303/303 394/394
f 302/302 394/394 393/393
f 303/303 304/304 395/395
f 303/303 395/395 394/394
f 304/304 305/305 396/396
f 304/304 396/396 395/395
f 775/775 859/859 404/404
f 775/775 404/404 320/320
f 52/52 141/141 292/292
f 52/52 292/292 206/206
f 293/293 294/294 203/203
f 293/293 203/203 205/205
f 294/294 295/295 200/200
f 294/294 200/200 203/203
f 295/295 296/296 198/198
f 295/295 198/198 200/200
f 296/296 297/297 196/196
f 296/296 196/196 198/198
f 297/297 298/298 157/157
f 297/297 157/157 196/196
f 283/283 290/290 291/291
f 283/283 291/291 284/284
f 664/664 746/746 291/291
f 664/664 291/291 209/209
f 282/282 289/289 290/290
f 282/282 290/290 283/283
f 281/281 288/288 289/289
f 281/281 289/289 282/282
f 280/280 287/287 288/288
f 280/280 288/288 281/281
f 279/279 286/286 287/287
f 279/279 287/287 280/280
f 278/278 285/285 286/286
f 278/278 286/286 279/279
f 276/276 283/283 284/284
f 276/276 284/284 277/277
f 291/291 746/746 739/739
f 291/291 739/739 284/284
f 275/275 282/282 283/283
f 275/275 283/283 276/276
f 274/274 281/281 282/282
f 274/274 282/282 275/275
f 273/273 280/280 281/281
f 273/273 281/281 274/274
f 272/272 279/279 280/280
f 272/272 280/280 273/273
f 271/271 278/278 279/279
f 271/271 279/279 272/272
f 264/264 265/265 276/276
f 264/264 276/276 277/277
f 284/284 739/739 732/732
f 284/284 732/732 277/277
f 265/265 266/266 275/275
f 265/265 275/275 276/276
f 266/266 267/267 274/274
f 266/266 274/274 275/275
f 267/267 268/268 273/273
f 267/267 273/273 274/274
f 268/268 269/269 272/272
f 268/268 272/272 273/273
f 269/269 270/270 271/271
f 269/269 271/271 272/272
f 269/269 258/258 257/257
f 269/269 257/257 270/270
f 70/70 105/105 270/270
f 70/70 270/270 257/257
f 268/268 259/259 258/258
f 268/268 258/258 269/269
f 267/267 260/260 259/259
f 267/267 259/259 268/268
f 266/266 261/261 260/260
f 266/266 260/260 267/267
f 265/265 262/262 261/261
f 265/265 261/261 266/266
f 264/264 263/263 262/262
f 264/264 262/262 265/265
f 1859/1859 1862/1862 423/423
f 1859/1859 423/423 422/422
f 1758/1758 1855/1855 421/421
f 1758/1758 421/421 420/420
f 1862/1862 1865/1865 424/424
f 1862/1862 424/424 423/423
f 1865/1865 1868/1868 425/425
f 1865/1865 425/425 424/424
f 1868/1868 1872/1872 426/426
f 1868/1868 426/426 425/425
f 1872/1872 1875/1875 427/427
f 1872/1872 427/427 426/426
f 2015/2015 1873/1873 249/249
f 2015/2015 249/249 704/704
f 250/250 251/251 244/244
f 250/250 244/244 243/243
f 72/72 71/71 250/250
f 72/72 250/250 243/243
f 251/251 252/252 245/245
f 251/251 245/245 244/244
f 252/252 253/253 246/246
f 252/252 246/246 245/245
f 253/253 254/254 247/247
f 253/253 247/247 246/246
f 254/254 255/255 248/248
f 254/254 248/248 247/247
f 255/255 256/256 249/249
f 255/255 249/249 248/248
f 257/257 258/258 251/251
f 257/257 251/251 250/250
f 71/71 70/70 257/257
f 71/71 257/257 250/250
f 258/258 259/259 252/252
f 258/258 252/252 251/251
f 259/259 260/260 253/253
f 259/259 253/253 252/252
f 260/260 261/261 254/254
f 260/260 254/254 253/253
f 261/261 262/262 255/255
f 261/261 255/255 254/254
f 262/262 263/263 256/256
f 262/262 256/256 255/255
f 218/218 286/286 285/285
f 218/218 285/285 220/220
f 8/8 220/220 285/285
f 8/8 285/285 104/104
f 216/216 287/287 286/286
f 216/216 286/286 218/218
f 215/215 288/288 287/287
f 215/215 287/287 216/216
f 212/212 289/289 288/288
f 212/212 288/288 215/215
f 211/211 290/290 289/289
f 211/211 289/289 212/212
f 209/209 291/291 290/290
f 209/209 290/290 211/211
f 241/241 197/197 158/158
f 241/241 158/158 242/242
f 613/613 157/157 298/298
f 613/613 298/298 753/753
f 240/240 199/199 197/197
f 240/240 197/197 241/241
f 239/239 201/201 199/199
f 239/239 199/199 240/240
f 238/238 202/202 201/201
f 238/238 201/201 239/239
f 237/237 204/204 202/202
f 237/237 202/202 238/238
f 236/236 207/207 204/204
f 236/236 204/204 237/237
f 234/234 241/241 242/242
f 234/234 242/242 235/235
f 235/235 690/690 683/683
f 235/235 683/683 228/228
f 233/233 240/240 241/241
f 233/233 241/241 234/234
f 232/232 239/239 240/240
f 232/232 240/240 233/233
f 231/231 238/238 239/239
f 231/231 239/239 232/232
f 230/230 237/237 238/238
f 230/230 238/238 231/231
f 229/229 236/236 237/237
f 229/229 237/237 230/230
f 227/227 234/234 235/235
f 227/227 235/235 228/228
f 228/228 683/683 663/663
f 228/228 663/663 208/208
f 226/226 233/233 234/234
f 226/226 234/234 227/227
f 225/225 232/232 233/233
f 225/225 233/233 226/226
f 224/224 231/231 232/232
f 224/224 232/232 225/225
f 223/223 230/230 231/231
f 223/223 231/231 224/224
f 222/222 229/229 230/230
f 222/222 230/230 223/223
f 208/208 210/210 227/227
f 208/208 227/227 228/228
f 158/158 614/614 697/697
f 158/158 697/697 242/242
f 210/210 213/213 226/226
f 210/210 226/226 227/227
f 213/213 214/214 225/225
f 213/213 225/225 226/226
f 214/214 217/217 224/224
f 214/214 224/224 225/225
f 217/217 219/219 223/223
f 217/217 223/223 224/224
f 219/219 221/221 222/222
f 219/219 222/222 223/223
f 829/829 374/374 312/312
f 829/829 312/312 767/767
f 292/292 390/390 391/391
f 292/292 391/391 293/293
f 851/851 396/396 305/305
f 851/851 305/305 760/760
f 304/304 373/373 375/375
f 304/304 375/375 305/305
f 311/311 312/312 374/374
f 311/311 374/374 372/372
f 303/303 371/371 373/373
f 303/303 373/373 304/304
f 310/310 311/311 372/372
f 310/310 372/372 370/370
f 302/302 369/369 371/371
f 302/302 371/371 303/303
f 309/309 310/310 370/370
f 309/309 370/370 368/368
f 301/301 367/367 369/369
f 301/301 369/369 302/302
f 308/308 309/309 368/368
f 308/308 368/368 366/366
f 300/300 365/365 367/367
f 300/300 367/367 301/301
f 307/307 308/308 366/366
f 307/307 366/366 364/364
f 140/140 351/351 363/363
f 140/140 363/363 299/299
f 351/351 350/350 362/362
f 351/351 362/362 363/363
f 140/140 91/91 336/336
f 140/140 336/336 351/351
f 351/351 336/336 334/334
f 351/351 334/334 350/350
f 97/97 343/343 337/337
f 97/97 337/337 92/92
f 343/343 342/342 335/335
f 343/343 335/335 337/337
f 94/94 353/353 339/339
f 94/94 339/339 95/95
f 353/353 355/355 338/338
f 353/353 338/338 339/339
f 95/95 339/339 341/341
f 95/95 341/341 96/96
f 339/339 338/338 340/340
f 339/339 340/340 341/341
f 96/96 341/341 343/343
f 96/96 343/343 97/97
f 341/341 340/340 342/342
f 341/341 342/342 343/343
f 753/753 298/298 396/396
f 753/753 396/396 851/851
f 306/306 307/307 364/364
f 306/306 364/364 362/362
f 153/153 359/359 361/361
f 153/153 361/361 154/154
f 359/359 358/358 360/360
f 359/359 360/360 361/361
f 152/152 357/357 359/359
f 152/152 359/359 153/153
f 357/357 356/356 358/358
f 357/357 358/358 359/359
f 151/151 348/348 357/357
f 151/151 357/357 152/152
f 348/348 349/349 356/356
f 348/348 356/356 357/357
f 144/144 354/354 348/348
f 144/144 348/348 151/151
f 354/354 352/352 349/349
f 354/354 349/349 348/348
f 149/149 150/150 346/346
f 149/149 346/346 344/344
f 344/344 346/346 347/347
f 344/344 347/347 345/345
f 150/150 154/154 361/361
f 150/150 361/361 346/346
f 346/346 361/361 360/360
f 346/346 360/360 347/347
f 292/292 293/293 205/205
f 292/292 205/205 206/206
f 297/297 395/395 396/396
f 297/297 396/396 298/298
f 296/296 394/394 395/395
f 296/296 395/395 297/297
f 295/295 393/393 394/394
f 295/295 394/394 296/296
f 294/294 392/392 393/393
f 294/294 393/393 295/295
f 293/293 391/391 392/392
f 293/293 392/392 294/294
f 141/141 389/389 390/390
f 141/141 390/390 292/292
f 46/46 376/376 389/389
f 46/46 389/389 141/141
f 867/867 788/788 333/333
f 867/867 333/333 412/412
f 138/138 387/387 388/388
f 138/138 388/388 136/136
f 139/139 386/386 387/387
f 139/139 387/387 138/138
f 137/137 385/385 386/386
f 137/137 386/386 139/139
f 42/42 384/384 378/378
f 42/42 378/378 45/45
f 45/45 378/378 379/379
f 45/45 379/379 44/44
f 44/44 379/379 380/380
f 44/44 380/380 43/43
f 43/43 380/380 377/377
f 43/43 377/377 47/47
f 98/98 99/99 382/382
f 98/98 382/382 381/381
f 99/99 136/136 388/388
f 99/99 388/388 382/382
f 93/93 383/383 385/385
f 93/93 385/385 137/137
f 172/172 1820/1820 1816/1816
f 172/172 1816/1816 182/182
f 859/859 867/867 412/412
f 859/859 412/412 404/404
f 321/321 320/320 404/404
f 321/321 404/404 403/403
f 322/322 321/321 403/403
f 322/322 403/403 402/402
f 323/323 322/322 402/402
f 323/323 402/402 401/401
f 324/324 323/323 401/401
f 324/324 401/401 400/400
f 325/325 324/324 400/400
f 325/325 400/400 399/399
f 326/326 325/325 399/399
f 326/326 399/399 398/398
f 159/159 326/326 398/398
f 159/159 398/398 397/397
f 416/416 159/159 397/397
f 416/416 397/397 417/417
f 345/345 1881/1881 1876/1876
f 345/345 1876/1876 344/344
f 403/403 404/404 412/412
f 403/403 412/412 411/411
f 402/402 403/403 411/411
f 402/402 411/411 410/410
f 401/401 402/402 410/410
f 401/401 410/410 409/409
f 400/400 401/401 409/409
f 400/400 409/409 408/408
f 399/399 400/400 408/408
f 399/399 408/408 407/407
f 398/398 399/399 407/407
f 398/398 407/407 406/406
f 397/397 398/398 406/406
f 397/397 406/406 405/405
f 417/417 397/397 405/405
f 417/417 405/405 415/415
f 420/420 456/456 1783/1783
f 420/420 1783/1783 1758/1758
f 1220/1220 149/149 1794/1794
f 1220/1220 1794/1794 2154/2154
f 1855/1855 1859/1859 422/422
f 1855/1855 422/422 421/421
f 1769/1769 1772/1772 456/456
f 414/414 417/417 1851/1851
f 413/413 416/416 417/417
f 413/413 417/417 414/414
f 72/72 1756/1756 1786/1786
f 72/72 1786/1786 73/73
f 414/414 1851/1851 1836/1836
f 191/191 1839/1839 1833/1833
f 191/191 1833/1833 170/170
f 768/768 313/313 453/453
f 768/768 453/453 908/908
f 248/248 249/249 1873/1873
f 248/248 1873/1873 1869/1869
f 247/247 248/248 1869/1869
f 247/247 1869/1869 1866/1866
f 246/246 247/247 1866/1866
f 246/246 1866/1866 1863/1863
f 245/245 246/246 1863/1863
f 245/245 1863/1863 1860/1860
f 244/244 245/245 1860/1860
f 244/244 1860/1860 1857/1857
f 78/78 1766/1766 1762/1762
f 78/78 1762/1762 69/69
f 243/243 244/244 1857/1857
f 243/243 1857/1857 1854/1854
f 1799/1799 2162/2162 1314/1314
f 1799/1799 1314/1314 162/162
f 868/868 1905/1905 1902/1902
f 868/868 1902/1902 1893/1893
f 422/422 325/325 326/326
f 422/422 326/326 421/421
f 782/782 783/783 862/862
f 782/782 862/862 861/861
f 314/314 451/451 453/453
f 314/314 453/453 313/313
f 332/332 333/333 452/452
f 332/332 452/452 450/450
f 315/315 449/449 451/451
f 315/315 451/451 314/314
f 331/331 332/332 450/450
f 331/331 450/450 448/448
f 316/316 447/447 449/449
f 316/316 449/449 315/315
f 330/330 331/331 448/448
f 330/330 448/448 446/446
f 317/317 445/445 447/447
f 317/317 447/447 316/316
f 329/329 330/330 446/446
f 329/329 446/446 444/444
f 318/318 443/443 445/445
f 318/318 445/445 317/317
f 328/328 329/329 444/444
f 328/328 444/444 442/442
f 156/156 429/429 441/441
f 156/156 441/441 319/319
f 429/429 428/428 440/440
f 429/429 440/440 441/441
f 165/165 437/437 439/439
f 165/165 439/439 162/162
f 437/437 436/436 438/438
f 437/437 438/438 439/439
f 164/164 435/435 437/437
f 164/164 437/437 165/165
f 435/435 434/434 436/436
f 435/435 436/436 437/437
f 163/163 433/433 435/435
f 163/163 435/435 164/164
f 433/433 432/432 434/434
f 433/433 434/434 435/435
f 161/161 430/430 433/433
f 161/161 433/433 163/163
f 430/430 431/431 432/432
f 430/430 432/432 433/433
f 908/908 453/453 452/452
f 908/908 452/452 907/907
f 327/327 328/328 442/442
f 327/327 442/442 440/440
f 418/418 455/455 429/429
f 418/418 429/429 156/156
f 455/455 454/454 428/428
f 455/455 428/428 429/429
f 1797/1797 1886/1886 455/455
f 1797/1797 455/455 418/418
f 1886/1886 1887/1887 454/454
f 1886/1886 454/454 455/455
f 1797/1797 418/418 1330/1330
f 1797/1797 1330/1330 2159/2159
f 1883/1883 439/439 438/438
f 1883/1883 438/438 1890/1890
f 420/420 159/159 416/416
f 420/420 416/416 456/456
f 90/90 1782/1782 1776/1776
f 90/90 1776/1776 87/87
f 179/179 1849/1849 1844/1844
f 179/179 1844/1844 180/180
f 86/86 1775/1775 1770/1770
f 86/86 1770/1770 81/81
f 1814/1814 160/160 66/66
f 1814/1814 66/66 1754/1754
f 168/168 1834/1834 1849/1849
f 168/168 1849/1849 179/179
f 81/81 1770/1770 1766/1766
f 81/81 1766/1766 78/78
f 56/56 50/50 141/141
f 141/141 52/52 54/54
f 56/56 141/141 58/58
f 48/48 46/46 141/141
f 62/62 141/141 54/54
f 50/50 48/48 141/141
f 73/73 1786/1786 1782/1782
f 73/73 1782/1782 90/90
f 181/181 1845/1845 1839/1839
f 181/181 1839/1839 191/191
f 1817/1817 1822/1822 160/160
f 1878/1878 1879/1879 431/431
f 1878/1878 431/431 430/430
f 166/166 1806/1806 1824/1824
f 166/166 1824/1824 171/171
f 171/171 1824/1824 1820/1820
f 171/171 1820/1820 172/172
f 1803/1803 1790/1790 1834/1834
f 1803/1803 1834/1834 168/168
f 182/182 1816/1816 1803/1803
f 182/182 1803/1803 168/168
f 911/911 1913/1913 1905/1905
f 1893/1893 1952/1952 869/869
f 1893/1893 869/869 868/868
f 802/802 555/555 592/592
f 802/802 592/592 815/815
f 1931/1931 1949/1949 616/616
f 1931/1931 616/616 1943/1943
f 911/911 1924/1924 1920/1920
f 911/911 1920/1920 1916/1916
f 871/871 911/911 1905/1905
f 871/871 1905/1905 868/868
f 1897/1897 1996/1996 698/698
f 1897/1897 698/698 528/528
f 556/556 564/564 544/544
f 556/556 544/544 531/531
f 460/460 557/557 560/560
f 460/460 560/560 464/464
f 568/568 573/573 536/536
f 568/568 536/536 541/541
f 572/572 580/580 532/532
f 572/572 532/532 535/535
f 580/580 584/584 523/523
f 580/580 523/523 532/532
f 584/584 588/588 520/520
f 584/584 520/520 523/523
f 838/838 840/840 589/589
f 838/838 589/589 497/497
f 837/837 520/520 588/588
f 837/837 588/588 843/843
f 676/676 677/677 466/466
f 676/676 466/466 465/465
f 677/677 684/684 467/467
f 677/677 467/467 466/466
f 684/684 691/691 468/468
f 684/684 468/468 467/467
f 691/691 661/661 509/509
f 691/691 509/509 468/468
f 493/493 496/496 501/501
f 493/493 501/501 498/498
f 496/496 495/495 500/500
f 496/496 500/500 501/501
f 495/495 494/494 499/499
f 495/495 499/499 500/500
f 494/494 505/505 503/503
f 494/494 503/503 499/499
f 458/458 491/491 496/496
f 458/458 496/496 493/493
f 491/491 490/490 495/495
f 491/491 495/495 496/496
f 490/490 489/489 494/494
f 490/490 494/494 495/495
f 489/489 507/507 505/505
f 489/489 505/505 494/494
f 481/481 487/487 491/491
f 481/481 491/491 458/458
f 487/487 485/485 490/490
f 487/487 490/490 491/491
f 485/485 483/483 489/489
f 485/485 489/489 490/490
f 483/483 514/514 507/507
f 483/483 507/507 489/489
f 475/475 478/478 488/488
f 475/475 488/488 482/482
f 478/478 477/477 486/486
f 478/478 486/486 488/488
f 477/477 476/476 484/484
f 477/477 484/484 486/486
f 476/476 517/517 515/515
f 476/476 515/515 484/484
f 469/469 473/473 478/478
f 469/469 478/478 475/475
f 473/473 472/472 477/477
f 473/473 477/477 478/478
f 472/472 471/471 476/476
f 472/472 476/476 477/477
f 471/471 519/519 517/517
f 471/471 517/517 476/476
f 459/459 463/463 473/473
f 459/459 473/473 469/469
f 463/463 462/462 472/472
f 463/463 472/472 473/473
f 462/462 461/461 471/471
f 462/462 471/471 472/472
f 461/461 511/511 519/519
f 461/461 519/519 471/471
f 465/465 466/466 463/463
f 465/465 463/463 459/459
f 466/466 467/467 462/462
f 466/466 462/462 463/463
f 467/467 468/468 461/461
f 467/467 461/461 462/462
f 468/468 509/509 511/511
f 468/468 511/511 461/461
f 470/470 565/565 557/557
f 470/470 557/557 460/460
f 526/526 531/531 530/530
f 526/526 530/530 527/527
f 527/527 530/530 529/529
f 527/527 529/529 528/528
f 457/457 581/581 574/574
f 457/457 574/574 479/479
f 535/535 532/532 533/533
f 535/535 533/533 537/537
f 537/537 533/533 534/534
f 537/537 534/534 539/539
f 480/480 575/575 569/569
f 480/480 569/569 474/474
f 541/541 536/536 538/538
f 541/541 538/538 542/542
f 542/542 538/538 540/540
f 542/542 540/540 543/543
f 474/474 569/569 565/565
f 474/474 565/565 470/470
f 544/544 541/541 542/542
f 544/544 542/542 545/545
f 545/545 542/542 543/543
f 545/545 543/543 546/546
f 531/531 544/544 545/545
f 531/531 545/545 530/530
f 530/530 545/545 546/546
f 530/530 546/546 529/529
f 1936/1936 2288/2288 1725/1725
f 1936/1936 1725/1725 617/617
f 1952/1952 1928/1928 1973/1973
f 1952/1952 1973/1973 869/869
f 836/836 521/521 520/520
f 836/836 520/520 837/837
f 497/497 589/589 585/585
f 497/497 585/585 492/492
f 523/523 520/520 521/521
f 523/523 521/521 524/524
f 524/524 521/521 522/522
f 524/524 522/522 525/525
f 492/492 585/585 581/581
f 492/492 581/581 457/457
f 532/532 523/523 524/524
f 532/532 524/524 533/533
f 533/533 524/524 525/525
f 533/533 525/525 534/534
f 800/800 554/554 555/555
f 800/800 555/555 802/802
f 554/554 800/800 2021/2021
f 554/554 2021/2021 1945/1945
f 835/835 832/832 548/548
f 835/835 548/548 553/553
f 834/834 835/835 553/553
f 834/834 553/553 552/552
f 833/833 834/834 552/552
f 833/833 552/552 551/551
f 839/839 833/833 551/551
f 839/839 551/551 550/550
f 561/561 556/556 531/531
f 561/561 531/531 526/526
f 807/807 804/804 593/593
f 807/807 593/593 549/549
f 564/564 568/568 541/541
f 564/564 541/541 544/544
f 557/557 559/559 562/562
f 557/557 562/562 560/560
f 559/559 558/558 563/563
f 559/559 563/563 562/562
f 558/558 556/556 561/561
f 558/558 561/561 563/563
f 565/565 567/567 559/559
f 565/565 559/559 557/557
f 567/567 566/566 558/558
f 567/567 558/558 559/559
f 566/566 564/564 556/556
f 566/566 556/556 558/558
f 569/569 571/571 567/567
f 569/569 567/567 565/565
f 571/571 570/570 566/566
f 571/571 566/566 567/567
f 570/570 568/568 564/564
f 570/570 564/564 566/566
f 575/575 579/579 571/571
f 575/575 571/571 569/569
f 579/579 577/577 570/570
f 579/579 570/570 571/571
f 577/577 573/573 568/568
f 577/577 568/568 570/570
f 581/581 583/583 578/578
f 581/581 578/578 574/574
f 583/583 582/582 576/576
f 583/583 576/576 578/578
f 582/582 580/580 572/572
f 582/582 572/572 576/576
f 585/585 587/587 583/583
f 585/585 583/583 581/581
f 587/587 586/586 582/582
f 587/587 582/582 583/583
f 586/586 584/584 580/580
f 586/586 580/580 582/582
f 589/589 591/591 587/587
f 589/589 587/587 585/585
f 591/591 590/590 586/586
f 591/591 586/586 587/587
f 590/590 588/588 584/584
f 590/590 584/584 586/586
f 840/840 841/841 591/591
f 840/840 591/591 589/589
f 841/841 842/842 590/590
f 841/841 590/590 591/591
f 842/842 843/843 588/588
f 842/842 588/588 590/590
f 725/725 726/726 563/563
f 725/725 563/563 561/561
f 726/726 733/733 562/562
f 726/726 562/562 563/563
f 733/733 740/740 560/560
f 733/733 560/560 562/562
f 804/804 811/811 595/595
f 804/804 595/595 593/593
f 811/811 813/813 594/594
f 811/811 594/594 595/595
f 813/813 815/815 592/592
f 813/813 592/592 594/594
f 795/795 797/797 604/604
f 795/795 604/604 603/603
f 793/793 795/795 603/603
f 793/793 603/603 602/602
f 810/810 793/793 602/602
f 810/810 602/602 601/601
f 797/797 790/790 599/599
f 797/797 599/599 604/604
f 805/805 611/611 598/598
f 805/805 598/598 789/789
f 831/831 844/844 596/596
f 831/831 596/596 547/547
f 597/597 516/516 518/518
f 870/870 874/874 650/650
f 870/870 650/650 860/860
f 870/870 1976/1976 1970/1970
f 870/870 1970/1970 874/874
f 860/860 650/650 782/782
f 860/860 782/782 861/861
f 783/783 784/784 863/863
f 783/783 863/863 862/862
f 2031/2031 909/909 874/874
f 2031/2031 874/874 1970/1970
f 522/522 521/521 836/836
f 522/522 836/836 616/616
f 909/909 883/883 650/650
f 909/909 650/650 874/874
f 622/622 628/628 630/630
f 622/622 630/630 625/625
f 626/626 631/631 633/633
f 626/626 633/633 627/627
f 628/628 643/643 649/649
f 628/628 649/649 630/630
f 629/629 648/648 634/634
f 629/629 634/634 632/632
f 623/623 638/638 640/640
f 623/623 640/640 636/636
f 635/635 639/639 641/641
f 635/635 641/641 637/637
f 638/638 627/627 633/633
f 638/638 633/633 640/640
f 639/639 632/632 634/634
f 639/639 634/634 641/641
f 624/624 645/645 647/647
f 624/624 647/647 642/642
f 642/642 647/647 649/649
f 642/642 649/649 643/643
f 644/644 637/637 641/641
f 644/644 641/641 646/646
f 646/646 641/641 634/634
f 646/646 634/634 648/648
f 886/886 887/887 628/628
f 886/886 628/628 622/622
f 887/887 889/889 643/643
f 887/887 643/643 628/628
f 889/889 891/891 642/642
f 889/889 642/642 643/643
f 891/891 893/893 624/624
f 891/891 624/624 642/642
f 1983/1983 1976/1976 870/870
f 872/872 1987/1987 870/870
f 1987/1987 1983/1983 870/870
f 2029/2029 1969/1969 624/624
f 2029/2029 624/624 893/893
f 2024/2024 886/886 622/622
f 2024/2024 622/622 1948/1948
f 616/616 836/836 554/554
f 616/616 554/554 1958/1958
f 1958/1958 554/554 1961/1961
f 1961/1961 554/554 1945/1945
f 875/875 1896/1896 1924/1924
f 875/875 1924/1924 911/911
f 784/784 785/785 864/864
f 784/784 864/864 863/863
f 785/785 786/786 865/865
f 785/785 865/865 864/864
f 786/786 787/787 866/866
f 786/786 866/866 865/865
f 787/787 788/788 867/867
f 787/787 867/867 866/866
f 774/774 773/773 898/898
f 774/774 898/898 896/896
f 883/883 895/895 782/782
f 883/883 782/782 650/650
f 896/896 898/898 897/897
f 896/896 897/897 895/895
f 898/898 900/900 899/899
f 898/898 899/899 897/897
f 900/900 902/902 901/901
f 900/900 901/901 899/899
f 902/902 904/904 903/903
f 902/902 903/903 901/901
f 904/904 906/906 905/905
f 904/904 905/905 903/903
f 906/906 908/908 907/907
f 906/906 907/907 905/905
f 875/875 615/615 781/781
f 875/875 781/781 876/876
f 779/779 878/878 877/877
f 779/779 877/877 780/780
f 778/778 879/879 878/878
f 778/778 878/878 779/779
f 777/777 880/880 879/879
f 777/777 879/879 778/778
f 776/776 881/881 880/880
f 776/776 880/880 777/777
f 775/775 882/882 881/881
f 775/775 881/881 776/776
f 754/754 755/755 820/820
f 754/754 820/820 818/818
f 805/805 817/817 761/761
f 805/805 761/761 611/611
f 818/818 820/820 819/819
f 818/818 819/819 817/817
f 820/820 822/822 821/821
f 820/820 821/821 819/819
f 822/822 824/824 823/823
f 822/822 823/823 821/821
f 824/824 826/826 825/825
f 824/824 825/825 823/823
f 826/826 828/828 827/827
f 826/826 827/827 825/825
f 828/828 830/830 829/829
f 828/828 829/829 827/827
f 844/844 845/845 754/754
f 844/844 754/754 596/596
f 847/847 756/756 755/755
f 847/847 755/755 846/846
f 848/848 757/757 756/756
f 848/848 756/756 847/847
f 849/849 758/758 757/757
f 849/849 757/757 848/848
f 850/850 759/759 758/758
f 850/850 758/758 849/849
f 851/851 760/760 759/759
f 851/851 759/759 850/850
f 781/781 853/853 854/854
f 781/781 854/854 780/780
f 508/508 662/662 747/747
f 508/508 747/747 597/597
f 658/658 749/749 748/748
f 658/658 748/748 660/660
f 656/656 750/750 749/749
f 656/656 749/749 658/658
f 653/653 751/751 750/750
f 653/653 750/750 656/656
f 652/652 752/752 751/751
f 652/652 751/751 653/653
f 613/613 753/753 752/752
f 613/613 752/752 652/652
f 745/745 738/738 739/739
f 745/745 739/739 746/746
f 744/744 737/737 738/738
f 744/744 738/738 745/745
f 743/743 736/736 737/737
f 743/743 737/737 744/744
f 742/742 735/735 736/736
f 742/742 736/736 743/743
f 741/741 734/734 735/735
f 741/741 735/735 742/742
f 740/740 733/733 734/734
f 740/740 734/734 741/741
f 738/738 731/731 732/732
f 738/738 732/732 739/739
f 737/737 730/730 731/731
f 737/737 731/731 738/738
f 736/736 729/729 730/730
f 736/736 730/730 737/737
f 735/735 728/728 729/729
f 735/735 729/729 736/736
f 734/734 727/727 728/728
f 734/734 728/728 735/735
f 733/733 726/726 727/727
f 733/733 727/727 734/734
f 731/731 720/720 719/719
f 731/731 719/719 732/732
f 730/730 721/721 720/720
f 730/730 720/720 731/731
f 729/729 722/722 721/721
f 729/729 721/721 730/730
f 728/728 723/723 722/722
f 728/728 722/722 729/729
f 727/727 724/724 723/723
f 727/727 723/723 728/728
f 726/726 725/725 724/724
f 726/726 724/724 727/727
f 712/712 713/713 724/724
f 712/712 724/724 725/725
f 526/526 712/712 725/725
f 526/526 725/725 561/561
f 713/713 714/714 723/723
f 713/713 723/723 724/724
f 714/714 715/715 722/722
f 714/714 722/722 723/723
f 715/715 716/716 721/721
f 715/715 721/721 722/722
f 716/716 717/717 720/720
f 716/716 720/720 721/721
f 717/717 718/718 719/719
f 717/717 719/719 720/720
f 1999/1999 877/877 878/878
f 1999/1999 878/878 2003/2003
f 1896/1896 875/875 876/876
f 1896/1896 876/876 1995/1995
f 2003/2003 878/878 879/879
f 2003/2003 879/879 2006/2006
f 2006/2006 879/879 880/880
f 2006/2006 880/880 2010/2010
f 2010/2010 880/880 881/881
f 2010/2010 881/881 2013/2013
f 2013/2013 881/881 882/882
f 2013/2013 882/882 2017/2017
f 800/800 799/799 2020/2020
f 800/800 2020/2020 2021/2021
f 698/698 699/699 706/706
f 698/698 706/706 705/705
f 528/528 698/698 705/705
f 528/528 705/705 527/527
f 699/699 700/700 707/707
f 699/699 707/707 706/706
f 700/700 701/701 708/708
f 700/700 708/708 707/707
f 701/701 702/702 709/709
f 701/701 709/709 708/708
f 702/702 703/703 710/710
f 702/702 710/710 709/709
f 703/703 704/704 711/711
f 703/703 711/711 710/710
f 705/705 706/706 713/713
f 705/705 713/713 712/712
f 527/527 705/705 712/712
f 527/527 712/712 526/526
f 706/706 707/707 714/714
f 706/706 714/714 713/713
f 707/707 708/708 715/715
f 707/707 715/715 714/714
f 708/708 709/709 716/716
f 708/708 716/716 715/715
f 709/709 710/710 717/717
f 709/709 717/717 716/716
f 710/710 711/711 718/718
f 710/710 718/718 717/717
f 740/740 741/741 673/673
f 740/740 673/673 675/675
f 464/464 560/560 740/740
f 464/464 740/740 675/675
f 741/741 742/742 671/671
f 741/741 671/671 673/673
f 742/742 743/743 669/669
f 742/742 669/669 671/671
f 743/743 744/744 667/667
f 743/743 667/667 669/669
f 744/744 745/745 665/665
f 744/744 665/665 667/667
f 745/745 746/746 664/664
f 745/745 664/664 665/665
f 614/614 651/651 696/696
f 614/614 696/696 697/697
f 651/651 654/654 695/695
f 651/651 695/695 696/696
f 654/654 655/655 694/694
f 654/654 694/694 695/695
f 655/655 657/657 693/693
f 655/655 693/693 694/694
f 657/657 659/659 692/692
f 657/657 692/692 693/693
f 659/659 661/661 691/691
f 659/659 691/691 692/692
f 696/696 689/689 690/690
f 696/696 690/690 697/697
f 695/695 688/688 689/689
f 695/695 689/689 696/696
f 694/694 687/687 688/688
f 694/694 688/688 695/695
f 693/693 686/686 687/687
f 693/693 687/687 694/694
f 692/692 685/685 686/686
f 692/692 686/686 693/693
f 691/691 684/684 685/685
f 691/691 685/685 692/692
f 689/689 682/682 683/683
f 689/689 683/683 690/690
f 688/688 681/681 682/682
f 688/688 682/682 689/689
f 687/687 680/680 681/681
f 687/687 681/681 688/688
f 686/686 679/679 680/680
f 686/686 680/680 687/687
f 685/685 678/678 679/679
f 685/685 679/679 686/686
f 684/684 677/677 678/678
f 684/684 678/678 685/685
f 682/682 666/666 663/663
f 682/682 663/663 683/683
f 681/681 668/668 666/666
f 681/681 666/666 682/682
f 680/680 670/670 668/668
f 680/680 668/668 681/681
f 679/679 672/672 670/670
f 679/679 670/670 680/680
f 678/678 674/674 672/672
f 678/678 672/672 679/679
f 677/677 676/676 674/674
f 677/677 674/674 678/678
f 819/819 762/762 761/761
f 819/819 761/761 817/817
f 747/747 748/748 846/846
f 747/747 846/846 845/845
f 846/846 755/755 754/754
f 846/846 754/754 845/845
f 759/759 760/760 830/830
f 759/759 830/830 828/828
f 829/829 767/767 766/766
f 829/829 766/766 827/827
f 758/758 759/759 828/828
f 758/758 828/828 826/826
f 827/827 766/766 765/765
f 827/827 765/765 825/825
f 757/757 758/758 826/826
f 757/757 826/826 824/824
f 825/825 765/765 764/764
f 825/825 764/764 823/823
f 756/756 757/757 824/824
f 756/756 824/824 822/822
f 823/823 764/764 763/763
f 823/823 763/763 821/821
f 755/755 756/756 822/822
f 755/755 822/822 820/820
f 821/821 763/763 762/762
f 821/821 762/762 819/819
f 596/596 754/754 818/818
f 596/596 818/818 806/806
f 806/806 818/818 817/817
f 806/806 817/817 805/805
f 596/596 806/806 791/791
f 596/596 791/791 547/547
f 806/806 805/805 789/789
f 806/806 789/789 791/791
f 553/553 548/548 792/792
f 553/553 792/792 798/798
f 798/798 792/792 790/790
f 798/798 790/790 797/797
f 550/550 551/551 794/794
f 550/550 794/794 808/808
f 808/808 794/794 793/793
f 808/808 793/793 810/810
f 551/551 552/552 796/796
f 551/551 796/796 794/794
f 794/794 796/796 795/795
f 794/794 795/795 793/793
f 552/552 553/553 798/798
f 552/552 798/798 796/796
f 796/796 798/798 797/797
f 796/796 797/797 795/795
f 609/609 610/610 816/816
f 609/609 816/816 814/814
f 814/814 816/816 815/815
f 814/814 815/815 813/813
f 608/608 609/609 814/814
f 608/608 814/814 812/812
f 812/812 814/814 813/813
f 812/812 813/813 811/811
f 607/607 608/608 812/812
f 607/607 812/812 803/803
f 803/803 812/812 811/811
f 803/803 811/811 804/804
f 600/600 607/607 803/803
f 600/600 803/803 809/809
f 809/809 803/803 804/804
f 809/809 804/804 807/807
f 605/605 799/799 801/801
f 605/605 801/801 606/606
f 799/799 800/800 802/802
f 799/799 802/802 801/801
f 606/606 801/801 816/816
f 606/606 816/816 610/610
f 801/801 802/802 815/815
f 801/801 815/815 816/816
f 660/660 748/748 747/747
f 660/660 747/747 662/662
f 752/752 753/753 851/851
f 752/752 851/851 850/850
f 751/751 752/752 850/850
f 751/751 850/850 849/849
f 750/750 751/751 849/849
f 750/750 849/849 848/848
f 749/749 750/750 848/848
f 749/749 848/848 847/847
f 748/748 749/749 847/847
f 748/748 847/847 846/846
f 597/597 747/747 845/845
f 597/597 845/845 844/844
f 502/502 597/597 844/844
f 502/502 844/844 831/831
f 594/594 592/592 843/843
f 594/594 843/843 842/842
f 595/595 594/594 842/842
f 595/595 842/842 841/841
f 593/593 595/595 841/841
f 593/593 841/841 840/840
f 498/498 501/501 833/833
f 498/498 833/833 839/839
f 501/501 500/500 834/834
f 501/501 834/834 833/833
f 500/500 499/499 835/835
f 500/500 835/835 834/834
f 499/499 503/503 832/832
f 499/499 832/832 835/835
f 554/554 836/836 837/837
f 554/554 837/837 555/555
f 555/555 837/837 843/843
f 555/555 843/843 592/592
f 549/549 593/593 840/840
f 549/549 840/840 838/838
f 627/627 638/638 1956/1956
f 627/627 1956/1956 1960/1960
f 853/853 861/861 862/862
f 853/853 862/862 854/854
f 776/776 858/858 859/859
f 776/776 859/859 775/775
f 777/777 857/857 858/858
f 777/777 858/858 776/776
f 778/778 856/856 857/857
f 778/778 857/857 777/777
f 779/779 855/855 856/856
f 779/779 856/856 778/778
f 780/780 854/854 855/855
f 780/780 855/855 779/779
f 615/615 852/852 853/853
f 615/615 853/853 781/781
f 871/871 872/872 852/852
f 871/871 852/852 615/615
f 1996/1996 2001/2001 699/699
f 1996/1996 699/699 698/698
f 858/858 866/866 867/867
f 858/858 867/867 859/859
f 857/857 865/865 866/866
f 857/857 866/866 858/858
f 856/856 864/864 865/865
f 856/856 865/865 857/857
f 855/855 863/863 864/864
f 855/855 864/864 856/856
f 854/854 862/862 863/863
f 854/854 863/863 855/855
f 852/852 860/860 861/861
f 852/852 861/861 853/853
f 872/872 870/870 860/860
f 872/872 860/860 852/852
f 1949/1949 1892/1892 522/522
f 1949/1949 522/522 616/616
f 1640/1640 2285/2285 1934/1934
f 1640/1640 1934/1934 605/605
f 1995/1995 876/876 877/877
f 1995/1995 877/877 1999/1999
f 1913/1913 911/911 1916/1916
f 869/869 1987/1987 872/872
f 868/868 869/869 872/872
f 868/868 872/872 871/871
f 528/528 529/529 1923/1923
f 528/528 1923/1923 1897/1897
f 869/869 1973/1973 1987/1987
f 645/645 624/624 1969/1969
f 645/645 1969/1969 1982/1982
f 897/897 783/783 782/782
f 897/897 782/782 895/895
f 2014/2014 2015/2015 704/704
f 2014/2014 704/704 703/703
f 2011/2011 2014/2014 703/703
f 2011/2011 703/703 702/702
f 2007/2007 2011/2011 702/702
f 2007/2007 702/702 701/701
f 2004/2004 2007/2007 701/701
f 2004/2004 701/701 700/700
f 2001/2001 2004/2004 700/700
f 2001/2001 700/700 699/699
f 534/534 525/525 1900/1900
f 534/534 1900/1900 1903/1903
f 1938/1938 618/618 1734/1734
f 1938/1938 1734/1734 2292/2292
f 1289/1289 2047/2047 2044/2044
f 1289/1289 2044/2044 2036/2036
f 780/780 877/877 876/876
f 780/780 876/876 781/781
f 1566/1566 1573/1573 1153/1153
f 1566/1566 1153/1153 1146/1146
f 769/769 768/768 908/908
f 769/769 908/908 906/906
f 907/907 788/788 787/787
f 907/907 787/787 905/905
f 770/770 769/769 906/906
f 770/770 906/906 904/904
f 905/905 787/787 786/786
f 905/905 786/786 903/903
f 771/771 770/770 904/904
f 771/771 904/904 902/902
f 903/903 786/786 785/785
f 903/903 785/785 901/901
f 772/772 771/771 902/902
f 772/772 902/902 900/900
f 901/901 785/785 784/784
f 901/901 784/784 899/899
f 773/773 772/772 900/900
f 773/773 900/900 898/898
f 899/899 784/784 783/783
f 899/899 783/783 897/897
f 612/612 774/774 896/896
f 612/612 896/896 884/884
f 884/884 896/896 895/895
f 884/884 895/895 883/883
f 621/621 618/618 894/894
f 621/621 894/894 892/892
f 892/892 894/894 893/893
f 892/892 893/893 891/891
f 620/620 621/621 892/892
f 620/620 892/892 890/890
f 890/890 892/892 891/891
f 890/890 891/891 889/889
f 619/619 620/620 890/890
f 619/619 890/890 888/888
f 888/888 890/890 889/889
f 888/888 889/889 887/887
f 617/617 619/619 888/888
f 617/617 888/888 885/885
f 885/885 888/888 887/887
f 885/885 887/887 886/886
f 873/873 612/612 884/884
f 873/873 884/884 910/910
f 910/910 884/884 883/883
f 910/910 883/883 909/909
f 1943/1943 616/616 1953/1953
f 2026/2026 910/910 909/909
f 2026/2026 909/909 2031/2031
f 799/799 605/605 1934/1934
f 799/799 1934/1934 2020/2020
f 2028/2028 2029/2029 893/893
f 2028/2028 893/893 894/894
f 875/875 911/911 871/871
f 875/875 871/871 615/615
f 546/546 543/543 1915/1915
f 546/546 1915/1915 1919/1919
f 635/635 637/637 1986/1986
f 635/635 1986/1986 1992/1992
f 543/543 540/540 1908/1908
f 543/543 1908/1908 1915/1915
f 525/525 522/522 1892/1892
f 525/525 1892/1892 1900/1900
f 623/623 636/636 1993/1993
f 623/623 1993/1993 1974/1974
f 539/539 534/534 1903/1903
f 539/539 1903/1903 1907/1907
f 512/512 597/597 506/506
f 597/597 510/510 508/508
f 513/513 516/516 597/597
f 504/504 597/597 502/502
f 518/518 510/510 597/597
f 506/506 597/597 504/504
f 529/529 546/546 1919/1919
f 529/529 1919/1919 1923/1923
f 637/637 644/644 1981/1981
f 637/637 1981/1981 1986/1986
f 1953/1953 616/616 1958/1958
f 2018/2018 885/885 886/886
f 2018/2018 886/886 2024/2024
f 622/622 625/625 1966/1966
f 622/622 1966/1966 1948/1948
f 626/626 627/627 1960/1960
f 626/626 1960/1960 1967/1967
f 1942/1942 623/623 1974/1974
f 1942/1942 1974/1974 1932/1932
f 638/638 623/623 1942/1942
f 638/638 1942/1942 1956/1956
f 1331/1331 2052/2052 2047/2047
f 2036/2036 2085/2085 1290/1290
f 2036/2036 1290/1290 1289/1289
f 1223/1223 1010/1010 1047/1047
f 1223/1223 1047/1047 1236/1236
f 2071/2071 2082/2082 1056/1056
f 2071/2071 1056/1056 2077/2077
f 1331/1331 2066/2066 2062/2062
f 1331/1331 2062/2062 2057/2057
f 1292/1292 1331/1331 2047/2047
f 1292/1292 2047/2047 1289/1289
f 2039/2039 2129/2129 1133/1133
f 2039/2039 1133/1133 983/983
f 1011/1011 1019/1019 999/999
f 1011/1011 999/999 986/986
f 914/914 1012/1012 1015/1015
f 914/914 1015/1015 919/919
f 1024/1024 1031/1031 990/990
f 1024/1024 990/990 994/994
f 1031/1031 1035/1035 987/987
f 1031/1031 987/987 990/990
f 1035/1035 1039/1039 978/978
f 1035/1035 978/978 987/987
f 1039/1039 1043/1043 975/975
f 1039/1039 975/975 978/978
f 1259/1259 1261/1261 1044/1044
f 1259/1259 1044/1044 952/952
f 1258/1258 975/975 1043/1043
f 1258/1258 1043/1043 1264/1264
f 1110/1110 1112/1112 921/921
f 1110/1110 921/921 920/920
f 1112/1112 1119/1119 922/922
f 1112/1112 922/922 921/921
f 1119/1119 1126/1126 923/923
f 1119/1119 923/923 922/922
f 1126/1126 1097/1097 963/963
f 1126/1126 963/963 923/923
f 948/948 951/951 956/956
f 948/948 956/956 953/953
f 951/951 950/950 955/955
f 951/951 955/955 956/956
f 950/950 949/949 954/954
f 950/950 954/954 955/955
f 949/949 960/960 958/958
f 949/949 958/958 954/954
f 913/913 946/946 951/951
f 913/913 951/951 948/948
f 946/946 945/945 950/950
f 946/946 950/950 951/951
f 945/945 944/944 949/949
f 945/945 949/949 950/950
f 944/944 962/962 960/960
f 944/944 960/960 949/949
f 940/940 943/943 946/946
f 940/940 946/946 913/913
f 943/943 942/942 945/945
f 943/943 945/945 946/946
f 942/942 941/941 944/944
f 942/942 944/944 945/945
f 941/941 968/968 962/962
f 941/941 962/962 944/944
f 932/932 938/938 943/943
f 932/932 943/943 940/940
f 938/938 936/936 942/942
f 938/938 942/942 943/943
f 936/936 934/934 941/941
f 936/936 941/941 942/942
f 934/934 972/972 968/968
f 934/934 968/968 941/941
f 925/925 928/928 937/937
f 925/925 937/937 931/931
f 928/928 927/927 935/935
f 928/928 935/935 937/937
f 927/927 926/926 933/933
f 927/927 933/933 935/935
f 926/926 973/973 971/971
f 926/926 971/971 933/933
f 915/915 918/918 928/928
f 915/915 928/928 925/925
f 918/918 917/917 927/927
f 918/918 927/927 928/928
f 917/917 916/916 926/926
f 917/917 926/926 927/927
f 916/916 965/965 973/973
f 916/916 973/973 926/926
f 920/920 921/921 918/918
f 920/920 918/918 915/915
f 921/921 922/922 917/917
f 921/921 917/917 918/918
f 922/922 923/923 916/916
f 922/922 916/916 917/917
f 923/923 963/963 965/965
f 923/923 965/965 916/916
f 924/924 1020/1020 1012/1012
f 924/924 1012/1012 914/914
f 981/981 986/986 985/985
f 981/981 985/985 982/982
f 982/982 985/985 984/984
f 982/982 984/984 983/983
f 912/912 1036/1036 1032/1032
f 912/912 1032/1032 939/939
f 990/990 987/987 988/988
f 990/990 988/988 991/991
f 991/991 988/988 989/989
f 991/991 989/989 992/992
f 939/939 1032/1032 1026/1026
f 939/939 1026/1026 930/930
f 994/994 990/990 991/991
f 994/994 991/991 996/996
f 996/996 991/991 992/992
f 996/996 992/992 998/998
f 929/929 1025/1025 1020/1020
f 929/929 1020/1020 924/924
f 999/999 993/993 995/995
f 999/999 995/995 1000/1000
f 1000/1000 995/995 997/997
f 1000/1000 997/997 1001/1001
f 1573/1573 1574/1574 1154/1154
f 1573/1573 1154/1154 1153/1153
f 986/986 999/999 1000/1000
f 986/986 1000/1000 985/985
f 985/985 1000/1000 1001/1001
f 985/985 1001/1001 984/984
f 344/344 1876/1876 1794/1794
f 344/344 1794/1794 149/149
f 2085/2085 2070/2070 2106/2106
f 2085/2085 2106/2106 1290/1290
f 1257/1257 976/976 975/975
f 1257/1257 975/975 1258/1258
f 952/952 1044/1044 1040/1040
f 952/952 1040/1040 947/947
f 978/978 975/975 976/976
f 978/978 976/976 979/979
f 979/979 976/976 977/977
f 979/979 977/977 980/980
f 947/947 1040/1040 1036/1036
f 947/947 1036/1036 912/912
f 987/987 978/978 979/979
f 987/987 979/979 988/988
f 988/988 979/979 980/980
f 988/988 980/980 989/989
f 1221/1221 1009/1009 1010/1010
f 1221/1221 1010/1010 1223/1223
f 1009/1009 1221/1221 2156/2156
f 1009/1009 2156/2156 2079/2079
f 1256/1256 1253/1253 1002/1002
f 1256/1256 1002/1002 1008/1008
f 1255/1255 1256/1256 1008/1008
f 1255/1255 1008/1008 1007/1007
f 1254/1254 1255/1255 1007/1007
f 1254/1254 1007/1007 1006/1006
f 1260/1260 1254/1254 1006/1006
f 1260/1260 1006/1006 1005/1005
f 1016/1016 1011/1011 986/986
f 1016/1016 986/986 981/981
f 1228/1228 1225/1225 1048/1048
f 1228/1228 1048/1048 1004/1004
f 1559/1559 1566/1566 1146/1146
f 1559/1559 1146/1146 1139/1139
f 2283/2283 2149/2149 1302/1302
f 2283/2283 1302/1302 1722/1722
f 1125/1125 1545/1545 1552/1552
f 1125/1125 1552/1552 1132/1132
f 1019/1019 1023/1023 993/993
f 1019/1019 993/993 999/999
f 1615/1615 1671/1671 1251/1251
f 1615/1615 1251/1251 1195/1195
f 1012/1012 1014/1014 1017/1017
f 1012/1012 1017/1017 1015/1015
f 1014/1014 1013/1013 1018/1018
f 1014/1014 1018/1018 1017/1017
f 1013/1013 1011/1011 1016/1016
f 1013/1013 1016/1016 1018/1018
f 1020/1020 1022/1022 1014/1014
f 1020/1020 1014/1014 1012/1012
f 1022/1022 1021/1021 1013/1013
f 1022/1022 1013/1013 1014/1014
f 1021/1021 1019/1019 1011/1011
f 1021/1021 1011/1011 1013/1013
f 1025/1025 1029/1029 1022/1022
f 1025/1025 1022/1022 1020/1020
f 1029/1029 1027/1027 1021/1021
f 1029/1029 1021/1021 1022/1022
f 1027/1027 1023/1023 1019/1019
f 1027/1027 1019/1019 1021/1021
f 1032/1032 1034/1034 1030/1030
f 1032/1032 1030/1030 1026/1026
f 1034/1034 1033/1033 1028/1028
f 1034/1034 1028/1028 1030/1030
f 1033/1033 1031/1031 1024/1024
f 1033/1033 1024/1024 1028/1028
f 1036/1036 1038/1038 1034/1034
f 1036/1036 1034/1034 1032/1032
f 1038/1038 1037/1037 1033/1033
f 1038/1038 1033/1033 1034/1034
f 1037/1037 1035/1035 1031/1031
f 1037/1037 1031/1031 1033/1033
f 1040/1040 1042/1042 1038/1038
f 1040/1040 1038/1038 1036/1036
f 1042/1042 1041/1041 1037/1037
f 1042/1042 1037/1037 1038/1038
f 1041/1041 1039/1039 1035/1035
f 1041/1041 1035/1035 1037/1037
f 1044/1044 1046/1046 1042/1042
f 1044/1044 1042/1042 1040/1040
f 1046/1046 1045/1045 1041/1041
f 1046/1046 1041/1041 1042/1042
f 1045/1045 1043/1043 1039/1039
f 1045/1045 1039/1039 1041/1041
f 1261/1261 1262/1262 1046/1046
f 1261/1261 1046/1046 1044/1044
f 1262/1262 1263/1263 1045/1045
f 1262/1262 1045/1045 1046/1046
f 1263/1263 1264/1264 1043/1043
f 1263/1263 1043/1043 1045/1045
f 1160/1160 1161/1161 1018/1018
f 1160/1160 1018/1018 1016/1016
f 1161/1161 1168/1168 1017/1017
f 1161/1161 1017/1017 1018/1018
f 1168/1168 1175/1175 1015/1015
f 1168/1168 1015/1015 1017/1017
f 1225/1225 1232/1232 1050/1050
f 1225/1225 1050/1050 1048/1048
f 1232/1232 1234/1234 1049/1049
f 1232/1232 1049/1049 1050/1050
f 1234/1234 1236/1236 1047/1047
f 1234/1234 1047/1047 1049/1049
f 1154/1154 1574/1574 1587/1587
f 1154/1154 1587/1587 1167/1167
f 1267/1267 1190/1190 1189/1189
f 1267/1267 1189/1189 1266/1266
f 1671/1671 1670/1670 1250/1250
f 1671/1671 1250/1250 1251/1251
f 1216/1216 1218/1218 148/148
f 1216/1216 148/148 147/147
f 1214/1214 1216/1216 147/147
f 1214/1214 147/147 146/146
f 1231/1231 1214/1214 146/146
f 1231/1231 146/146 145/145
f 1218/1218 1211/1211 143/143
f 1218/1218 143/143 148/148
f 1226/1226 155/155 142/142
f 1226/1226 142/142 1210/1210
f 1252/1252 1265/1265 1051/1051
f 1252/1252 1051/1051 1003/1003
f 1052/1052 969/969 974/974
f 1291/1291 1294/1294 1085/1085
f 1291/1291 1085/1085 1281/1281
f 1291/1291 2111/2111 2103/2103
f 1291/1291 2103/2103 1294/1294
f 1281/1281 1085/1085 1203/1203
f 1281/1281 1203/1203 1282/1282
f 1204/1204 1205/1205 1284/1284
f 1204/1204 1284/1284 1283/1283
f 2166/2166 1329/1329 1294/1294
f 2166/2166 1294/1294 2103/2103
f 1747/1747 1629/1629 1209/1209
f 1747/1747 1209/1209 1327/1327
f 977/977 976/976 1257/1257
f 977/977 1257/1257 1056/1056
f 1329/1329 1303/1303 1085/1085
f 1329/1329 1085/1085 1294/1294
f 1203/1203 1204/1204 1283/1283
f 1203/1203 1283/1283 1282/1282
f 1057/1057 1063/1063 1065/1065
f 1057/1057 1065/1065 1060/1060
f 1061/1061 1066/1066 1068/1068
f 1061/1061 1068/1068 1062/1062
f 1063/1063 1078/1078 1084/1084
f 1063/1063 1084/1084 1065/1065
f 1064/1064 1083/1083 1069/1069
f 1064/1064 1069/1069 1067/1067
f 1058/1058 1073/1073 1075/1075
f 1058/1058 1075/1075 1071/1071
f 1070/1070 1074/1074 1076/1076
f 1070/1070 1076/1076 1072/1072
f 1073/1073 1062/1062 1068/1068
f 1073/1073 1068/1068 1075/1075
f 1074/1074 1067/1067 1069/1069
f 1074/1074 1069/1069 1076/1076
f 1059/1059 1080/1080 1082/1082
f 1059/1059 1082/1082 1077/1077
f 1077/1077 1082/1082 1084/1084
f 1077/1077 1084/1084 1078/1078
f 1079/1079 1072/1072 1076/1076
f 1079/1079 1076/1076 1081/1081
f 1081/1081 1076/1076 1069/1069
f 1081/1081 1069/1069 1083/1083
f 1306/1306 1307/1307 1063/1063
f 1306/1306 1063/1063 1057/1057
f 1307/1307 1309/1309 1078/1078
f 1307/1307 1078/1078 1063/1063
f 1309/1309 1311/1311 1077/1077
f 1309/1309 1077/1077 1078/1078
f 1311/1311 1313/1313 1059/1059
f 1311/1311 1059/1059 1077/1077
f 2117/2117 2111/2111 1291/1291
f 1293/1293 2120/2120 1291/1291
f 2120/2120 2117/2117 1291/1291
f 2164/2164 2102/2102 1059/1059
f 2164/2164 1059/1059 1313/1313
f 2158/2158 1306/1306 1057/1057
f 2158/2158 1057/1057 2081/2081
f 1056/1056 1257/1257 1009/1009
f 1056/1056 1009/1009 2090/2090
f 2090/2090 1009/1009 2094/2094
f 2094/2094 1009/1009 2079/2079
f 1295/1295 2037/2037 2066/2066
f 1295/1295 2066/2066 1331/1331
f 1722/1722 1302/1302 1196/1196
f 1722/1722 1196/1196 1616/1616
f 1205/1205 1206/1206 1285/1285
f 1205/1205 1285/1285 1284/1284
f 1206/1206 1207/1207 1286/1286
f 1206/1206 1286/1286 1285/1285
f 1207/1207 1208/1208 1287/1287
f 1207/1207 1287/1287 1286/1286
f 1208/1208 1209/1209 1288/1288
f 1208/1208 1288/1288 1287/1287
f 319/319 318/318 1318/1318
f 319/319 1318/1318 1316/1316
f 1303/1303 1315/1315 1203/1203
f 1303/1303 1203/1203 1085/1085
f 1316/1316 1318/1318 1317/1317
f 1316/1316 1317/1317 1315/1315
f 1318/1318 1320/1320 1319/1319
f 1318/1318 1319/1319 1317/1317
f 1320/1320 1322/1322 1321/1321
f 1320/1320 1321/1321 1319/1319
f 1322/1322 1324/1324 1323/1323
f 1322/1322 1323/1323 1321/1321
f 1324/1324 1326/1326 1325/1325
f 1324/1324 1325/1325 1323/1323
f 1326/1326 1328/1328 1327/1327
f 1326/1326 1327/1327 1325/1325
f 1295/1295 1055/1055 1202/1202
f 1295/1295 1202/1202 1296/1296
f 1200/1200 1298/1298 1297/1297
f 1200/1200 1297/1297 1201/1201
f 1199/1199 1299/1299 1298/1298
f 1199/1199 1298/1298 1200/1200
f 1198/1198 1300/1300 1299/1299
f 1198/1198 1299/1299 1199/1199
f 1197/1197 1301/1301 1300/1300
f 1197/1197 1300/1300 1198/1198
f 1196/1196 1302/1302 1301/1301
f 1196/1196 1301/1301 1197/1197
f 1189/1189 1190/1190 1241/1241
f 1189/1189 1241/1241 1239/1239
f 1226/1226 1238/1238 306/306
f 1226/1226 306/306 155/155
f 1239/1239 1241/1241 1240/1240
f 1239/1239 1240/1240 1238/1238
f 1241/1241 1243/1243 1242/1242
f 1241/1241 1242/1242 1240/1240
f 1243/1243 1245/1245 1244/1244
f 1243/1243 1244/1244 1242/1242
f 1245/1245 1247/1247 1246/1246
f 1245/1245 1246/1246 1244/1244
f 1247/1247 1249/1249 1248/1248
f 1247/1247 1248/1248 1246/1246
f 1249/1249 1251/1251 1250/1250
f 1249/1249 1250/1250 1248/1248
f 1265/1265 1266/1266 1189/1189
f 1265/1265 1189/1189 1051/1051
f 1268/1268 1191/1191 1190/1190
f 1268/1268 1190/1190 1267/1267
f 1269/1269 1192/1192 1191/1191
f 1269/1269 1191/1191 1268/1268
f 1270/1270 1193/1193 1192/1192
f 1270/1270 1192/1192 1269/1269
f 1271/1271 1194/1194 1193/1193
f 1271/1271 1193/1193 1270/1270
f 1272/1272 1195/1195 1194/1194
f 1272/1272 1194/1194 1271/1271
f 1616/1616 1196/1196 1280/1280
f 1616/1616 1280/1280 1700/1700
f 964/964 1096/1096 1182/1182
f 964/964 1182/1182 1052/1052
f 1093/1093 1184/1184 1183/1183
f 1093/1093 1183/1183 1095/1095
f 1091/1091 1185/1185 1184/1184
f 1091/1091 1184/1184 1093/1093
f 1089/1089 1186/1186 1185/1185
f 1089/1089 1185/1185 1091/1091
f 1087/1087 1187/1187 1186/1186
f 1087/1087 1186/1186 1089/1089
f 1054/1054 1188/1188 1187/1187
f 1054/1054 1187/1187 1087/1087
f 1180/1180 1173/1173 1174/1174
f 1180/1180 1174/1174 1181/1181
f 1519/1519 1099/1099 1181/1181
f 1519/1519 1181/1181 1601/1601
f 1179/1179 1172/1172 1173/1173
f 1179/1179 1173/1173 1180/1180
f 1178/1178 1171/1171 1172/1172
f 1178/1178 1172/1172 1179/1179
f 1177/1177 1170/1170 1171/1171
f 1177/1177 1171/1171 1178/1178
f 1176/1176 1169/1169 1170/1170
f 1176/1176 1170/1170 1177/1177
f 1175/1175 1168/1168 1169/1169
f 1175/1175 1169/1169 1176/1176
f 1173/1173 1166/1166 1167/1167
f 1173/1173 1167/1167 1174/1174
f 1174/1174 1594/1594 1601/1601
f 1174/1174 1601/1601 1181/1181
f 1172/1172 1165/1165 1166/1166
f 1172/1172 1166/1166 1173/1173
f 1171/1171 1164/1164 1165/1165
f 1171/1171 1165/1165 1172/1172
f 1170/1170 1163/1163 1164/1164
f 1170/1170 1164/1164 1171/1171
f 1169/1169 1162/1162 1163/1163
f 1169/1169 1163/1163 1170/1170
f 1168/1168 1161/1161 1162/1162
f 1168/1168 1162/1162 1169/1169
f 1166/1166 1155/1155 1154/1154
f 1166/1166 1154/1154 1167/1167
f 1167/1167 1587/1587 1594/1594
f 1167/1167 1594/1594 1174/1174
f 1165/1165 1156/1156 1155/1155
f 1165/1165 1155/1155 1166/1166
f 1164/1164 1157/1157 1156/1156
f 1164/1164 1156/1156 1165/1165
f 1163/1163 1158/1158 1157/1157
f 1163/1163 1157/1157 1164/1164
f 1162/1162 1159/1159 1158/1158
f 1162/1162 1158/1158 1163/1163
f 1161/1161 1160/1160 1159/1159
f 1161/1161 1159/1159 1162/1162
f 1147/1147 1148/1148 1159/1159
f 1147/1147 1159/1159 1160/1160
f 981/981 1147/1147 1160/1160
f 981/981 1160/1160 1016/1016
f 1148/1148 1149/1149 1158/1158
f 1148/1148 1158/1158 1159/1159
f 1149/1149 1150/1150 1157/1157
f 1149/1149 1157/1157 1158/1158
f 1150/1150 1151/1151 1156/1156
f 1150/1150 1156/1156 1157/1157
f 1151/1151 1152/1152 1155/1155
f 1151/1151 1155/1155 1156/1156
f 1152/1152 1153/1153 1154/1154
f 1152/1152 1154/1154 1155/1155
f 2131/2131 1297/1297 1298/1298
f 2131/2131 1298/1298 2135/2135
f 2037/2037 1295/1295 1296/1296
f 2037/2037 1296/1296 2128/2128
f 2135/2135 1298/1298 1299/1299
f 2135/2135 1299/1299 2138/2138
f 2138/2138 1299/1299 1300/1300
f 2138/2138 1300/1300 2141/2141
f 2141/2141 1300/1300 1301/1301
f 2141/2141 1301/1301 2146/2146
f 2146/2146 1301/1301 1302/1302
f 2146/2146 1302/1302 2149/2149
f 2284/2284 1559/1559 1139/1139
f 2284/2284 1139/1139 2150/2150
f 1133/1133 1134/1134 1141/1141
f 1133/1133 1141/1141 1140/1140
f 983/983 1133/1133 1140/1140
f 983/983 1140/1140 982/982
f 1134/1134 1135/1135 1142/1142
f 1134/1134 1142/1142 1141/1141
f 1135/1135 1136/1136 1143/1143
f 1135/1135 1143/1143 1142/1142
f 1136/1136 1137/1137 1144/1144
f 1136/1136 1144/1144 1143/1143
f 1137/1137 1138/1138 1145/1145
f 1137/1137 1145/1145 1144/1144
f 1138/1138 1139/1139 1146/1146
f 1138/1138 1146/1146 1145/1145
f 1140/1140 1141/1141 1148/1148
f 1140/1140 1148/1148 1147/1147
f 982/982 1140/1140 1147/1147
f 982/982 1147/1147 981/981
f 1141/1141 1142/1142 1149/1149
f 1141/1141 1149/1149 1148/1148
f 1142/1142 1143/1143 1150/1150
f 1142/1142 1150/1150 1149/1149
f 1143/1143 1144/1144 1151/1151
f 1143/1143 1151/1151 1150/1150
f 1144/1144 1145/1145 1152/1152
f 1144/1144 1152/1152 1151/1151
f 1145/1145 1146/1146 1153/1153
f 1145/1145 1153/1153 1152/1152
f 1175/1175 1176/1176 1109/1109
f 1175/1175 1109/1109 1111/1111
f 919/919 1015/1015 1175/1175
f 919/919 1175/1175 1111/1111
f 1176/1176 1177/1177 1107/1107
f 1176/1176 1107/1107 1109/1109
f 1177/1177 1178/1178 1105/1105
f 1177/1177 1105/1105 1107/1107
f 1178/1178 1179/1179 1103/1103
f 1178/1178 1103/1103 1105/1105
f 1179/1179 1180/1180 1101/1101
f 1179/1179 1101/1101 1103/1103
f 1180/1180 1181/1181 1099/1099
f 1180/1180 1099/1099 1101/1101
f 1053/1053 1086/1086 1131/1131
f 1053/1053 1131/1131 1132/1132
f 1474/1474 1608/1608 1188/1188
f 1474/1474 1188/1188 1054/1054
f 1086/1086 1088/1088 1130/1130
f 1086/1086 1130/1130 1131/1131
f 1088/1088 1090/1090 1129/1129
f 1088/1088 1129/1129 1130/1130
f 1090/1090 1092/1092 1128/1128
f 1090/1090 1128/1128 1129/1129
f 1092/1092 1094/1094 1127/1127
f 1092/1092 1127/1127 1128/1128
f 1094/1094 1097/1097 1126/1126
f 1094/1094 1126/1126 1127/1127
f 1131/1131 1124/1124 1125/1125
f 1131/1131 1125/1125 1132/1132
f 1118/1118 1538/1538 1545/1545
f 1118/1118 1545/1545 1125/1125
f 1130/1130 1123/1123 1124/1124
f 1130/1130 1124/1124 1131/1131
f 1129/1129 1122/1122 1123/1123
f 1129/1129 1123/1123 1130/1130
f 1128/1128 1121/1121 1122/1122
f 1128/1128 1122/1122 1129/1129
f 1127/1127 1120/1120 1121/1121
f 1127/1127 1121/1121 1128/1128
f 1126/1126 1119/1119 1120/1120
f 1126/1126 1120/1120 1127/1127
f 1124/1124 1117/1117 1118/1118
f 1124/1124 1118/1118 1125/1125
f 1098/1098 1518/1518 1538/1538
f 1098/1098 1538/1538 1118/1118
f 1123/1123 1116/1116 1117/1117
f 1123/1123 1117/1117 1124/1124
f 1122/1122 1115/1115 1116/1116
f 1122/1122 1116/1116 1123/1123
f 1121/1121 1114/1114 1115/1115
f 1121/1121 1115/1115 1122/1122
f 1120/1120 1113/1113 1114/1114
f 1120/1120 1114/1114 1121/1121
f 1119/1119 1112/1112 1113/1113
f 1119/1119 1113/1113 1120/1120
f 1117/1117 1100/1100 1098/1098
f 1117/1117 1098/1098 1118/1118
f 1132/1132 1552/1552 1473/1473
f 1132/1132 1473/1473 1053/1053
f 1116/1116 1102/1102 1100/1100
f 1116/1116 1100/1100 1117/1117
f 1115/1115 1104/1104 1102/1102
f 1115/1115 1102/1102 1116/1116
f 1114/1114 1106/1106 1104/1104
f 1114/1114 1104/1104 1115/1115
f 1113/1113 1108/1108 1106/1106
f 1113/1113 1106/1106 1114/1114
f 1112/1112 1110/1110 1108/1108
f 1112/1112 1108/1108 1113/1113
f 1670/1670 767/767 312/312
f 1670/1670 312/312 1250/1250
f 1182/1182 1183/1183 1267/1267
f 1182/1182 1267/1267 1266/1266
f 1692/1692 1615/1615 1195/1195
f 1692/1692 1195/1195 1272/1272
f 1194/1194 1195/1195 1251/1251
f 1194/1194 1251/1251 1249/1249
f 1250/1250 312/312 311/311
f 1250/1250 311/311 1248/1248
f 1193/1193 1194/1194 1249/1249
f 1193/1193 1249/1249 1247/1247
f 1248/1248 311/311 310/310
f 1248/1248 310/310 1246/1246
f 1192/1192 1193/1193 1247/1247
f 1192/1192 1247/1247 1245/1245
f 1246/1246 310/310 309/309
f 1246/1246 309/309 1244/1244
f 1191/1191 1192/1192 1245/1245
f 1191/1191 1245/1245 1243/1243
f 1244/1244 309/309 308/308
f 1244/1244 308/308 1242/1242
f 1190/1190 1191/1191 1243/1243
f 1190/1190 1243/1243 1241/1241
f 1242/1242 308/308 307/307
f 1242/1242 307/307 1240/1240
f 1051/1051 1189/1189 1239/1239
f 1051/1051 1239/1239 1227/1227
f 1227/1227 1239/1239 1238/1238
f 1227/1227 1238/1238 1226/1226
f 1051/1051 1227/1227 1213/1213
f 1051/1051 1213/1213 1003/1003
f 1227/1227 1226/1226 1210/1210
f 1227/1227 1210/1210 1213/1213
f 1008/1008 1002/1002 1212/1212
f 1008/1008 1212/1212 1219/1219
f 1219/1219 1212/1212 1211/1211
f 1219/1219 1211/1211 1218/1218
f 1005/1005 1006/1006 1215/1215
f 1005/1005 1215/1215 1229/1229
f 1229/1229 1215/1215 1214/1214
f 1229/1229 1214/1214 1231/1231
f 1006/1006 1007/1007 1217/1217
f 1006/1006 1217/1217 1215/1215
f 1215/1215 1217/1217 1216/1216
f 1215/1215 1216/1216 1214/1214
f 1007/1007 1008/1008 1219/1219
f 1007/1007 1219/1219 1217/1217
f 1217/1217 1219/1219 1218/1218
f 1217/1217 1218/1218 1216/1216
f 1608/1608 1692/1692 1272/1272
f 1608/1608 1272/1272 1188/1188
f 1240/1240 307/307 306/306
f 1240/1240 306/306 1238/1238
f 153/153 154/154 1237/1237
f 153/153 1237/1237 1235/1235
f 1235/1235 1237/1237 1236/1236
f 1235/1235 1236/1236 1234/1234
f 152/152 153/153 1235/1235
f 152/152 1235/1235 1233/1233
f 1233/1233 1235/1235 1234/1234
f 1233/1233 1234/1234 1232/1232
f 151/151 152/152 1233/1233
f 151/151 1233/1233 1224/1224
f 1224/1224 1233/1233 1232/1232
f 1224/1224 1232/1232 1225/1225
f 144/144 151/151 1224/1224
f 144/144 1224/1224 1230/1230
f 1230/1230 1224/1224 1225/1225
f 1230/1230 1225/1225 1228/1228
f 149/149 1220/1220 1222/1222
f 149/149 1222/1222 150/150
f 1220/1220 1221/1221 1223/1223
f 1220/1220 1223/1223 1222/1222
f 150/150 1222/1222 1237/1237
f 150/150 1237/1237 154/154
f 1222/1222 1223/1223 1236/1236
f 1222/1222 1236/1236 1237/1237
f 1095/1095 1183/1183 1182/1182
f 1095/1095 1182/1182 1096/1096
f 1187/1187 1188/1188 1272/1272
f 1187/1187 1272/1272 1271/1271
f 1186/1186 1187/1187 1271/1271
f 1186/1186 1271/1271 1270/1270
f 1185/1185 1186/1186 1270/1270
f 1185/1185 1270/1270 1269/1269
f 1184/1184 1185/1185 1269/1269
f 1184/1184 1269/1269 1268/1268
f 1183/1183 1184/1184 1268/1268
f 1183/1183 1268/1268 1267/1267
f 1052/1052 1182/1182 1266/1266
f 1052/1052 1266/1266 1265/1265
f 957/957 1052/1052 1265/1265
f 957/957 1265/1265 1252/1252
f 1708/1708 1288/1288 1209/1209
f 1708/1708 1209/1209 1629/1629
f 1049/1049 1047/1047 1264/1264
f 1049/1049 1264/1264 1263/1263
f 1050/1050 1049/1049 1263/1263
f 1050/1050 1263/1263 1262/1262
f 1048/1048 1050/1050 1262/1262
f 1048/1048 1262/1262 1261/1261
f 953/953 956/956 1254/1254
f 953/953 1254/1254 1260/1260
f 956/956 955/955 1255/1255
f 956/956 1255/1255 1254/1254
f 955/955 954/954 1256/1256
f 955/955 1256/1256 1255/1255
f 954/954 958/958 1253/1253
f 954/954 1253/1253 1256/1256
f 1009/1009 1257/1257 1258/1258
f 1009/1009 1258/1258 1010/1010
f 1010/1010 1258/1258 1264/1264
f 1010/1010 1264/1264 1047/1047
f 1004/1004 1048/1048 1261/1261
f 1004/1004 1261/1261 1259/1259
f 1062/1062 1073/1073 2089/2089
f 1062/1062 2089/2089 2093/2093
f 1700/1700 1280/1280 1288/1288
f 1700/1700 1288/1288 1708/1708
f 1197/1197 1279/1279 1280/1280
f 1197/1197 1280/1280 1196/1196
f 1198/1198 1278/1278 1279/1279
f 1198/1198 1279/1279 1197/1197
f 1199/1199 1277/1277 1278/1278
f 1199/1199 1278/1278 1198/1198
f 1200/1200 1276/1276 1277/1277
f 1200/1200 1277/1277 1199/1199
f 1201/1201 1275/1275 1276/1276
f 1201/1201 1276/1276 1200/1200
f 1202/1202 1274/1274 1275/1275
f 1202/1202 1275/1275 1201/1201
f 1055/1055 1273/1273 1274/1274
f 1055/1055 1274/1274 1202/1202
f 1292/1292 1293/1293 1273/1273
f 1292/1292 1273/1273 1055/1055
f 1221/1221 1220/1220 2154/2154
f 1221/1221 2154/2154 2156/2156
f 1279/1279 1287/1287 1288/1288
f 1279/1279 1288/1288 1280/1280
f 1278/1278 1286/1286 1287/1287
f 1278/1278 1287/1287 1279/1279
f 1277/1277 1285/1285 1286/1286
f 1277/1277 1286/1286 1278/1278
f 1276/1276 1284/1284 1285/1285
f 1276/1276 1285/1285 1277/1277
f 1275/1275 1283/1283 1284/1284
f 1275/1275 1284/1284 1276/1276
f 1274/1274 1282/1282 1283/1283
f 1274/1274 1283/1283 1275/1275
f 1273/1273 1281/1281 1282/1282
f 1273/1273 1282/1282 1274/1274
f 1293/1293 1291/1291 1281/1281
f 1293/1293 1281/1281 1273/1273
f 2082/2082 2034/2034 977/977
f 2082/2082 977/977 1056/1056
f 2077/2077 1056/1056 2087/2087
f 2128/2128 1296/1296 1297/1297
f 2128/2128 1297/1297 2131/2131
f 2052/2052 1331/1331 2057/2057
f 1290/1290 2120/2120 1293/1293
f 1289/1289 1290/1290 1293/1293
f 1289/1289 1293/1293 1292/1292
f 983/983 984/984 2064/2064
f 983/983 2064/2064 2039/2039
f 1290/1290 2106/2106 2120/2120
f 1080/1080 1059/1059 2102/2102
f 1080/1080 2102/2102 2115/2115
f 768/768 1748/1748 1328/1328
f 768/768 1328/1328 313/313
f 2147/2147 2150/2150 1139/1139
f 2147/2147 1139/1139 1138/1138
f 2143/2143 2147/2147 1138/1138
f 2143/2143 1138/1138 1137/1137
f 2139/2139 2143/2143 1137/1137
f 2139/2139 1137/1137 1136/1136
f 2136/2136 2139/2139 1136/1136
f 2136/2136 1136/1136 1135/1135
f 2132/2132 2136/2136 1135/1135
f 2132/2132 1135/1135 1134/1134
f 989/989 980/980 2042/2042
f 989/989 2042/2042 2046/2046
f 2129/2129 2132/2132 1134/1134
f 2129/2129 1134/1134 1133/1133
f 1799/1799 162/162 439/439
f 1799/1799 439/439 1883/1883
f 1709/1709 2167/2167 2176/2176
f 1709/1709 2176/2176 2179/2179
f 1201/1201 1297/1297 1296/1296
f 1201/1201 1296/1296 1202/1202
f 1703/1703 1624/1624 1623/1623
f 1703/1703 1623/1623 1702/1702
f 314/314 313/313 1328/1328
f 314/314 1328/1328 1326/1326
f 1327/1327 1209/1209 1208/1208
f 1327/1327 1208/1208 1325/1325
f 315/315 314/314 1326/1326
f 315/315 1326/1326 1324/1324
f 1325/1325 1208/1208 1207/1207
f 1325/1325 1207/1207 1323/1323
f 316/316 315/315 1324/1324
f 316/316 1324/1324 1322/1322
f 1323/1323 1207/1207 1206/1206
f 1323/1323 1206/1206 1321/1321
f 317/317 316/316 1322/1322
f 317/317 1322/1322 1320/1320
f 1321/1321 1206/1206 1205/1205
f 1321/1321 1205/1205 1319/1319
f 318/318 317/317 1320/1320
f 318/318 1320/1320 1318/1318
f 1319/1319 1205/1205 1204/1204
f 1319/1319 1204/1204 1317/1317
f 156/156 319/319 1316/1316
f 156/156 1316/1316 1304/1304
f 1304/1304 1316/1316 1315/1315
f 1304/1304 1315/1315 1303/1303
f 165/165 162/162 1314/1314
f 165/165 1314/1314 1312/1312
f 1312/1312 1314/1314 1313/1313
f 1312/1312 1313/1313 1311/1311
f 164/164 165/165 1312/1312
f 164/164 1312/1312 1310/1310
f 1310/1310 1312/1312 1311/1311
f 1310/1310 1311/1311 1309/1309
f 163/163 164/164 1310/1310
f 163/163 1310/1310 1308/1308
f 1308/1308 1310/1310 1309/1309
f 1308/1308 1309/1309 1307/1307
f 161/161 163/163 1308/1308
f 161/161 1308/1308 1305/1305
f 1305/1305 1308/1308 1307/1307
f 1305/1305 1307/1307 1306/1306
f 1748/1748 1747/1747 1327/1327
f 1748/1748 1327/1327 1328/1328
f 1317/1317 1204/1204 1203/1203
f 1317/1317 1203/1203 1315/1315
f 418/418 156/156 1304/1304
f 418/418 1304/1304 1330/1330
f 1330/1330 1304/1304 1303/1303
f 1330/1330 1303/1303 1329/1329
f 1800/1800 1817/1817 160/160
f 2159/2159 1330/1330 1329/1329
f 2159/2159 1329/1329 2166/2166
f 1793/1793 1878/1878 430/430
f 1793/1793 430/430 161/161
f 2162/2162 2164/2164 1313/1313
f 2162/2162 1313/1313 1314/1314
f 1295/1295 1331/1331 1292/1292
f 1295/1295 1292/1292 1055/1055
f 1001/1001 997/997 2053/2053
f 1001/1001 2053/2053 2060/2060
f 1070/1070 1072/1072 2119/2119
f 1070/1070 2119/2119 2125/2125
f 998/998 992/992 2049/2049
f 998/998 2049/2049 2054/2054
f 980/980 977/977 2034/2034
f 980/980 2034/2034 2042/2042
f 1058/1058 1071/1071 2126/2126
f 1058/1058 2126/2126 2107/2107
f 992/992 989/989 2046/2046
f 992/992 2046/2046 2049/2049
f 967/967 1052/1052 961/961
f 1052/1052 966/966 964/964
f 967/967 970/970 1052/1052
f 959/959 1052/1052 957/957
f 974/974 966/966 1052/1052
f 961/961 1052/1052 959/959
f 984/984 1001/1001 2060/2060
f 984/984 2060/2060 2064/2064
f 1072/1072 1079/1079 2114/2114
f 1072/1072 2114/2114 2119/2119
f 2087/2087 1056/1056 2090/2090
f 2153/2153 1305/1305 1306/1306
f 2153/2153 1306/1306 2158/2158
f 1057/1057 1060/1060 2099/2099
f 1057/1057 2099/2099 2081/2081
f 1061/1061 1062/1062 2093/2093
f 1061/1061 2093/2093 2100/2100
f 2075/2075 1058/1058 2107/2107
f 2075/2075 2107/2107 2073/2073
f 1073/1073 1058/1058 2075/2075
f 1073/1073 2075/2075 2089/2089
f 1751/1751 2179/2179 2185/2185
f 2167/2167 1709/1709 1710/1710
f 2167/2167 1710/1710 2217/2217
f 1643/1643 1656/1656 1467/1467
f 1643/1643 1467/1467 1430/1430
f 2207/2207 2209/2209 1476/1476
f 2207/2207 1476/1476 2218/2218
f 1751/1751 2195/2195 2199/2199
f 1751/1751 2190/2190 2195/2195
f 1712/1712 1709/1709 2179/2179
f 1712/1712 2179/2179 1751/1751
f 2171/2171 1403/1403 1553/1553
f 2171/2171 1553/1553 2261/2261
f 1431/1431 1406/1406 1419/1419
f 1431/1431 1419/1419 1439/1439
f 1335/1335 1340/1340 1435/1435
f 1335/1335 1435/1435 1432/1432
f 1443/1443 1416/1416 1410/1410
f 1443/1443 1410/1410 1447/1447
f 1448/1448 1411/1411 1407/1407
f 1448/1448 1407/1407 1455/1455
f 1455/1455 1407/1407 1398/1398
f 1455/1455 1398/1398 1459/1459
f 1459/1459 1398/1398 1395/1395
f 1459/1459 1395/1395 1463/1463
f 1679/1679 1373/1373 1464/1464
f 1679/1679 1464/1464 1681/1681
f 1678/1678 1684/1684 1463/1463
f 1678/1678 1463/1463 1395/1395
f 1530/1530 1339/1339 1341/1341
f 1530/1530 1341/1341 1532/1532
f 1532/1532 1341/1341 1342/1342
f 1532/1532 1342/1342 1539/1539
f 1539/1539 1342/1342 1343/1343
f 1539/1539 1343/1343 1546/1546
f 1546/1546 1343/1343 1384/1384
f 1546/1546 1384/1384 1517/1517
f 1367/1367 1372/1372 1376/1376
f 1367/1367 1376/1376 1371/1371
f 1371/1371 1376/1376 1375/1375
f 1371/1371 1375/1375 1370/1370
f 1370/1370 1375/1375 1374/1374
f 1370/1370 1374/1374 1369/1369
f 1369/1369 1374/1374 1378/1378
f 1369/1369 1378/1378 1380/1380
f 1333/1333 1367/1367 1371/1371
f 1333/1333 1371/1371 1366/1366
f 1366/1366 1371/1371 1370/1370
f 1366/1366 1370/1370 1365/1365
f 1365/1365 1370/1370 1369/1369
f 1365/1365 1369/1369 1364/1364
f 1364/1364 1369/1369 1380/1380
f 1364/1364 1380/1380 1382/1382
f 1357/1357 1333/1333 1366/1366
f 1357/1357 1366/1366 1363/1363
f 1363/1363 1366/1366 1365/1365
f 1363/1363 1365/1365 1361/1361
f 1361/1361 1365/1365 1364/1364
f 1361/1361 1364/1364 1359/1359
f 1359/1359 1364/1364 1382/1382
f 1359/1359 1382/1382 1390/1390
f 1349/1349 1356/1356 1362/1362
f 1349/1349 1362/1362 1353/1353
f 1353/1353 1362/1362 1360/1360
f 1353/1353 1360/1360 1352/1352
f 1352/1352 1360/1360 1358/1358
f 1352/1352 1358/1358 1351/1351
f 1351/1351 1358/1358 1389/1389
f 1351/1351 1389/1389 1392/1392
f 1344/1344 1349/1349 1353/1353
f 1344/1344 1353/1353 1348/1348
f 1348/1348 1353/1353 1352/1352
f 1348/1348 1352/1352 1347/1347
f 1347/1347 1352/1352 1351/1351
f 1347/1347 1351/1351 1346/1346
f 1346/1346 1351/1351 1392/1392
f 1346/1346 1392/1392 1394/1394
f 1334/1334 1344/1344 1348/1348
f 1334/1334 1348/1348 1338/1338
f 1338/1338 1348/1348 1347/1347
f 1338/1338 1347/1347 1337/1337
f 1337/1337 1347/1347 1346/1346
f 1337/1337 1346/1346 1336/1336
f 1336/1336 1346/1346 1394/1394
f 1336/1336 1394/1394 1386/1386
f 1339/1339 1334/1334 1338/1338
f 1339/1339 1338/1338 1341/1341
f 1341/1341 1338/1338 1337/1337
f 1341/1341 1337/1337 1342/1342
f 1342/1342 1337/1337 1336/1336
f 1342/1342 1336/1336 1343/1343
f 1343/1343 1336/1336 1386/1386
f 1343/1343 1386/1386 1384/1384
f 1345/1345 1335/1335 1432/1432
f 1345/1345 1432/1432 1440/1440
f 1401/1401 1402/1402 1405/1405
f 1401/1401 1405/1405 1406/1406
f 1402/1402 1403/1403 1404/1404
f 1402/1402 1404/1404 1405/1405
f 1332/1332 1355/1355 1450/1450
f 1332/1332 1450/1450 1456/1456
f 1411/1411 1413/1413 1408/1408
f 1411/1411 1408/1408 1407/1407
f 1413/1413 1415/1415 1409/1409
f 1413/1413 1409/1409 1408/1408
f 1354/1354 1350/1350 1444/1444
f 1354/1354 1444/1444 1449/1449
f 1416/1416 1417/1417 1412/1412
f 1416/1416 1412/1412 1410/1410
f 1417/1417 1418/1418 1414/1414
f 1417/1417 1414/1414 1412/1412
f 1350/1350 1345/1345 1440/1440
f 1350/1350 1440/1440 1444/1444
f 1419/1419 1420/1420 1417/1417
f 1419/1419 1417/1417 1416/1416
f 1420/1420 1421/1421 1418/1418
f 1420/1420 1418/1418 1417/1417
f 1406/1406 1405/1405 1420/1420
f 1406/1406 1420/1420 1419/1419
f 1405/1405 1404/1404 1421/1421
f 1405/1405 1421/1421 1420/1420
f 1936/1936 617/617 885/885
f 1936/1936 885/885 2018/2018
f 2217/2217 1710/1710 2242/2242
f 2217/2217 2242/2242 2204/2204
f 1677/1677 1678/1678 1395/1395
f 1677/1677 1395/1395 1396/1396
f 1373/1373 1368/1368 1460/1460
f 1373/1373 1460/1460 1464/1464
f 1398/1398 1399/1399 1396/1396
f 1398/1398 1396/1396 1395/1395
f 1399/1399 1400/1400 1397/1397
f 1399/1399 1397/1397 1396/1396
f 1368/1368 1332/1332 1456/1456
f 1368/1368 1456/1456 1460/1460
f 1407/1407 1408/1408 1399/1399
f 1407/1407 1399/1399 1398/1398
f 1408/1408 1409/1409 1400/1400
f 1408/1408 1400/1400 1399/1399
f 1641/1641 1643/1643 1430/1430
f 1641/1641 1430/1430 1429/1429
f 1429/1429 2215/2215 2290/2290
f 1429/1429 2290/2290 1641/1641
f 1676/1676 1428/1428 1423/1423
f 1676/1676 1423/1423 1673/1673
f 1675/1675 1427/1427 1428/1428
f 1675/1675 1428/1428 1676/1676
f 1674/1674 1426/1426 1427/1427
f 1674/1674 1427/1427 1675/1675
f 1680/1680 1425/1425 1426/1426
f 1680/1680 1426/1426 1674/1674
f 1436/1436 1401/1401 1406/1406
f 1436/1436 1406/1406 1431/1431
f 1648/1648 1424/1424 1468/1468
f 1648/1648 1468/1468 1645/1645
f 1439/1439 1419/1419 1416/1416
f 1439/1439 1416/1416 1443/1443
f 1432/1432 1435/1435 1437/1437
f 1432/1432 1437/1437 1434/1434
f 1434/1434 1437/1437 1438/1438
f 1434/1434 1438/1438 1433/1433
f 1433/1433 1438/1438 1436/1436
f 1433/1433 1436/1436 1431/1431
f 1440/1440 1432/1432 1434/1434
f 1440/1440 1434/1434 1442/1442
f 1442/1442 1434/1434 1433/1433
f 1442/1442 1433/1433 1441/1441
f 1441/1441 1433/1433 1431/1431
f 1441/1441 1431/1431 1439/1439
f 1444/1444 1440/1440 1442/1442
f 1444/1444 1442/1442 1446/1446
f 1446/1446 1442/1442 1441/1441
f 1446/1446 1441/1441 1445/1445
f 1445/1445 1441/1441 1439/1439
f 1445/1445 1439/1439 1443/1443
f 1449/1449 1444/1444 1446/1446
f 1449/1449 1446/1446 1453/1453
f 1453/1453 1446/1446 1445/1445
f 1453/1453 1445/1445 1451/1451
f 1451/1451 1445/1445 1443/1443
f 1451/1451 1443/1443 1447/1447
f 1456/1456 1450/1450 1454/1454
f 1456/1456 1454/1454 1458/1458
f 1458/1458 1454/1454 1452/1452
f 1458/1458 1452/1452 1457/1457
f 1457/1457 1452/1452 1448/1448
f 1457/1457 1448/1448 1455/1455
f 1460/1460 1456/1456 1458/1458
f 1460/1460 1458/1458 1462/1462
f 1462/1462 1458/1458 1457/1457
f 1462/1462 1457/1457 1461/1461
f 1461/1461 1457/1457 1455/1455
f 1461/1461 1455/1455 1459/1459
f 1464/1464 1460/1460 1462/1462
f 1464/1464 1462/1462 1466/1466
f 1466/1466 1462/1462 1461/1461
f 1466/1466 1461/1461 1465/1465
f 1465/1465 1461/1461 1459/1459
f 1465/1465 1459/1459 1463/1463
f 1681/1681 1464/1464 1466/1466
f 1681/1681 1466/1466 1682/1682
f 1682/1682 1466/1466 1465/1465
f 1682/1682 1465/1465 1683/1683
f 1683/1683 1465/1465 1463/1463
f 1683/1683 1463/1463 1684/1684
f 1580/1580 1436/1436 1438/1438
f 1580/1580 1438/1438 1581/1581
f 1581/1581 1438/1438 1437/1437
f 1581/1581 1437/1437 1588/1588
f 1588/1588 1437/1437 1435/1435
f 1588/1588 1435/1435 1595/1595
f 1645/1645 1468/1468 1470/1470
f 1645/1645 1470/1470 1652/1652
f 1652/1652 1470/1470 1469/1469
f 1652/1652 1469/1469 1654/1654
f 1654/1654 1469/1469 1467/1467
f 1654/1654 1467/1467 1656/1656
f 1636/1636 603/603 604/604
f 1636/1636 604/604 1638/1638
f 1634/1634 602/602 603/603
f 1634/1634 603/603 1636/1636
f 1651/1651 601/601 602/602
f 1651/1651 602/602 1634/1634
f 1638/1638 604/604 599/599
f 1638/1638 599/599 1631/1631
f 1646/1646 1630/1630 598/598
f 1646/1646 598/598 611/611
f 1672/1672 1422/1422 1471/1471
f 1672/1672 1471/1471 1685/1685
f 1472/1472 1393/1393 1391/1391
f 1711/1711 1701/1701 1505/1505
f 1711/1711 1505/1505 1714/1714
f 1711/1711 1714/1714 2236/2236
f 1711/1711 2236/2236 2249/2249
f 1701/1701 1702/1702 1623/1623
f 1701/1701 1623/1623 1505/1505
f 1704/1704 1625/1625 1624/1624
f 1704/1704 1624/1624 1703/1703
f 2296/2296 2236/2236 1714/1714
f 2296/2296 1714/1714 1749/1749
f 1397/1397 1476/1476 1677/1677
f 1397/1397 1677/1677 1396/1396
f 1749/1749 1714/1714 1505/1505
f 1749/1749 1505/1505 1723/1723
f 1477/1477 1481/1481 1486/1486
f 1477/1477 1486/1486 1483/1483
f 1480/1480 1482/1482 1487/1487
f 1480/1480 1487/1487 1484/1484
f 1483/1483 1486/1486 1504/1504
f 1483/1483 1504/1504 1498/1498
f 1485/1485 1488/1488 1489/1489
f 1485/1485 1489/1489 1503/1503
f 1478/1478 1490/1490 1494/1494
f 1478/1478 1494/1494 1493/1493
f 1491/1491 1492/1492 1496/1496
f 1491/1491 1496/1496 1495/1495
f 1493/1493 1494/1494 1487/1487
f 1493/1493 1487/1487 1482/1482
f 1495/1495 1496/1496 1489/1489
f 1495/1495 1489/1489 1488/1488
f 1479/1479 1497/1497 1502/1502
f 1479/1479 1502/1502 1500/1500
f 1497/1497 1498/1498 1504/1504
f 1497/1497 1504/1504 1502/1502
f 1499/1499 1501/1501 1496/1496
f 1499/1499 1496/1496 1492/1492
f 1501/1501 1503/1503 1489/1489
f 1501/1501 1489/1489 1496/1496
f 1726/1726 1477/1477 1483/1483
f 1726/1726 1483/1483 1727/1727
f 1727/1727 1483/1483 1498/1498
f 1727/1727 1498/1498 1729/1729
f 1729/1729 1498/1498 1497/1497
f 1729/1729 1497/1497 1731/1731
f 1731/1731 1497/1497 1479/1479
f 1731/1731 1479/1479 1733/1733
f 2253/2253 1711/1711 2249/2249
f 1713/1713 1711/1711 2258/2258
f 2258/2258 1711/1711 2253/2253
f 2298/2298 1733/1733 1479/1479
f 2298/2298 1479/1479 2238/2238
f 2289/2289 2213/2213 1477/1477
f 2289/2289 1477/1477 1726/1726
f 1476/1476 2226/2226 1429/1429
f 1476/1476 1429/1429 1677/1677
f 2226/2226 2234/2234 1429/1429
f 2234/2234 2215/2215 1429/1429
f 1400/1400 2177/2177 2169/2169
f 1400/1400 2169/2169 1397/1397
f 1705/1705 1626/1626 1625/1625
f 1705/1705 1625/1625 1704/1704
f 1706/1706 1627/1627 1626/1626
f 1706/1706 1626/1626 1705/1705
f 1707/1707 1628/1628 1627/1627
f 1707/1707 1627/1627 1706/1706
f 1708/1708 1629/1629 1628/1628
f 1708/1708 1628/1628 1707/1707
f 774/774 1736/1736 1738/1738
f 774/774 1738/1738 773/773
f 1723/1723 1505/1505 1623/1623
f 1723/1723 1623/1623 1735/1735
f 1736/1736 1735/1735 1737/1737
f 1736/1736 1737/1737 1738/1738
f 1738/1738 1737/1737 1739/1739
f 1738/1738 1739/1739 1740/1740
f 1740/1740 1739/1739 1741/1741
f 1740/1740 1741/1741 1742/1742
f 1742/1742 1741/1741 1743/1743
f 1742/1742 1743/1743 1744/1744
f 1744/1744 1743/1743 1745/1745
f 1744/1744 1745/1745 1746/1746
f 1746/1746 1745/1745 1747/1747
f 1746/1746 1747/1747 1748/1748
f 1715/1715 1716/1716 1622/1622
f 1715/1715 1622/1622 1475/1475
f 1718/1718 1620/1620 1621/1621
f 1718/1718 1621/1621 1717/1717
f 1719/1719 1619/1619 1620/1620
f 1719/1719 1620/1620 1718/1718
f 1720/1720 1618/1618 1619/1619
f 1720/1720 1619/1619 1719/1719
f 1721/1721 1617/1617 1618/1618
f 1721/1721 1618/1618 1720/1720
f 1722/1722 1616/1616 1617/1617
f 1722/1722 1617/1617 1721/1721
f 1609/1609 1659/1659 1661/1661
f 1609/1609 1661/1661 1610/1610
f 1646/1646 611/611 761/761
f 1646/1646 761/761 1658/1658
f 1659/1659 1658/1658 1660/1660
f 1659/1659 1660/1660 1661/1661
f 1661/1661 1660/1660 1662/1662
f 1661/1661 1662/1662 1663/1663
f 1663/1663 1662/1662 1664/1664
f 1663/1663 1664/1664 1665/1665
f 1665/1665 1664/1664 1666/1666
f 1665/1665 1666/1666 1667/1667
f 1667/1667 1666/1666 1668/1668
f 1667/1667 1668/1668 1669/1669
f 1669/1669 1668/1668 1670/1670
f 1669/1669 1670/1670 1671/1671
f 1685/1685 1471/1471 1609/1609
f 1685/1685 1609/1609 1686/1686
f 1610/1610 1611/1611 1688/1688
f 1610/1610 1688/1688 1687/1687
f 1611/1611 1612/1612 1689/1689
f 1611/1611 1689/1689 1688/1688
f 1612/1612 1613/1613 1690/1690
f 1612/1612 1690/1690 1689/1689
f 1613/1613 1614/1614 1691/1691
f 1613/1613 1691/1691 1690/1690
f 1614/1614 1615/1615 1692/1692
f 1614/1614 1692/1692 1691/1691
f 1622/1622 1621/1621 1695/1695
f 1622/1622 1695/1695 1694/1694
f 1383/1383 1472/1472 1602/1602
f 1383/1383 1602/1602 1516/1516
f 1603/1603 1604/1604 1513/1513
f 1603/1603 1513/1513 1515/1515
f 1604/1604 1605/1605 1510/1510
f 1604/1604 1510/1510 1513/1513
f 1605/1605 1606/1606 1508/1508
f 1605/1605 1508/1508 1510/1510
f 1606/1606 1607/1607 1507/1507
f 1606/1606 1507/1507 1508/1508
f 1607/1607 1608/1608 1474/1474
f 1607/1607 1474/1474 1507/1507
f 1593/1593 1600/1600 1601/1601
f 1593/1593 1601/1601 1594/1594
f 1592/1592 1599/1599 1600/1600
f 1592/1592 1600/1600 1593/1593
f 1591/1591 1598/1598 1599/1599
f 1591/1591 1599/1599 1592/1592
f 1590/1590 1597/1597 1598/1598
f 1590/1590 1598/1598 1591/1591
f 1589/1589 1596/1596 1597/1597
f 1589/1589 1597/1597 1590/1590
f 1588/1588 1595/1595 1596/1596
f 1588/1588 1596/1596 1589/1589
f 1586/1586 1593/1593 1594/1594
f 1586/1586 1594/1594 1587/1587
f 1585/1585 1592/1592 1593/1593
f 1585/1585 1593/1593 1586/1586
f 1584/1584 1591/1591 1592/1592
f 1584/1584 1592/1592 1585/1585
f 1583/1583 1590/1590 1591/1591
f 1583/1583 1591/1591 1584/1584
f 1582/1582 1589/1589 1590/1590
f 1582/1582 1590/1590 1583/1583
f 1581/1581 1588/1588 1589/1589
f 1581/1581 1589/1589 1582/1582
f 1574/1574 1575/1575 1586/1586
f 1574/1574 1586/1586 1587/1587
f 1575/1575 1576/1576 1585/1585
f 1575/1575 1585/1585 1586/1586
f 1576/1576 1577/1577 1584/1584
f 1576/1576 1584/1584 1585/1585
f 1577/1577 1578/1578 1583/1583
f 1577/1577 1583/1583 1584/1584
f 1578/1578 1579/1579 1582/1582
f 1578/1578 1582/1582 1583/1583
f 1579/1579 1580/1580 1581/1581
f 1579/1579 1581/1581 1582/1582
f 1579/1579 1568/1568 1567/1567
f 1579/1579 1567/1567 1580/1580
f 1401/1401 1436/1436 1580/1580
f 1401/1401 1580/1580 1567/1567
f 1578/1578 1569/1569 1568/1568
f 1578/1578 1568/1568 1579/1579
f 1577/1577 1570/1570 1569/1569
f 1577/1577 1569/1569 1578/1578
f 1576/1576 1571/1571 1570/1570
f 1576/1576 1570/1570 1577/1577
f 1575/1575 1572/1572 1571/1571
f 1575/1575 1571/1571 1576/1576
f 1574/1574 1573/1573 1572/1572
f 1574/1574 1572/1572 1575/1575
f 2267/2267 2270/2270 1718/1718
f 2267/2267 1718/1718 1717/1717
f 2174/2174 2264/2264 1716/1716
f 2174/2174 1716/1716 1715/1715
f 2270/2270 2274/2274 1719/1719
f 2270/2270 1719/1719 1718/1718
f 2274/2274 2278/2278 1720/1720
f 2274/2274 1720/1720 1719/1719
f 2278/2278 2281/2281 1721/1721
f 2278/2278 1721/1721 1720/1720
f 2281/2281 2283/2283 1722/1722
f 2281/2281 1722/1722 1721/1721
f 1641/1641 2290/2290 2285/2285
f 1641/1641 2285/2285 1640/1640
f 1560/1560 1561/1561 1554/1554
f 1560/1560 1554/1554 1553/1553
f 1403/1403 1402/1402 1560/1560
f 1403/1403 1560/1560 1553/1553
f 1561/1561 1562/1562 1555/1555
f 1561/1561 1555/1555 1554/1554
f 1562/1562 1563/1563 1556/1556
f 1562/1562 1556/1556 1555/1555
f 1563/1563 1564/1564 1557/1557
f 1563/1563 1557/1557 1556/1556
f 1564/1564 1565/1565 1558/1558
f 1564/1564 1558/1558 1557/1557
f 1565/1565 1566/1566 1559/1559
f 1565/1565 1559/1559 1558/1558
f 1567/1567 1568/1568 1561/1561
f 1567/1567 1561/1561 1560/1560
f 1402/1402 1401/1401 1567/1567
f 1402/1402 1567/1567 1560/1560
f 1568/1568 1569/1569 1562/1562
f 1568/1568 1562/1562 1561/1561
f 1569/1569 1570/1570 1563/1563
f 1569/1569 1563/1563 1562/1562
f 1570/1570 1571/1571 1564/1564
f 1570/1570 1564/1564 1563/1563
f 1571/1571 1572/1572 1565/1565
f 1571/1571 1565/1565 1564/1564
f 1572/1572 1573/1573 1566/1566
f 1572/1572 1566/1566 1565/1565
f 1529/1529 1596/1596 1595/1595
f 1529/1529 1595/1595 1531/1531
f 1340/1340 1531/1531 1595/1595
f 1340/1340 1595/1595 1435/1435
f 1527/1527 1597/1597 1596/1596
f 1527/1527 1596/1596 1529/1529
f 1525/1525 1598/1598 1597/1597
f 1525/1525 1597/1597 1527/1527
f 1523/1523 1599/1599 1598/1598
f 1523/1523 1598/1598 1525/1525
f 1520/1520 1600/1600 1599/1599
f 1520/1520 1599/1599 1523/1523
f 1519/1519 1601/1601 1600/1600
f 1519/1519 1600/1600 1520/1520
f 1551/1551 1506/1506 1473/1473
f 1551/1551 1473/1473 1552/1552
f 1550/1550 1509/1509 1506/1506
f 1550/1550 1506/1506 1551/1551
f 1549/1549 1511/1511 1509/1509
f 1549/1549 1509/1509 1550/1550
f 1548/1548 1512/1512 1511/1511
f 1548/1548 1511/1511 1549/1549
f 1547/1547 1514/1514 1512/1512
f 1547/1547 1512/1512 1548/1548
f 1546/1546 1517/1517 1514/1514
f 1546/1546 1514/1514 1547/1547
f 1544/1544 1551/1551 1552/1552
f 1544/1544 1552/1552 1545/1545
f 1543/1543 1550/1550 1551/1551
f 1543/1543 1551/1551 1544/1544
f 1542/1542 1549/1549 1550/1550
f 1542/1542 1550/1550 1543/1543
f 1541/1541 1548/1548 1549/1549
f 1541/1541 1549/1549 1542/1542
f 1540/1540 1547/1547 1548/1548
f 1540/1540 1548/1548 1541/1541
f 1539/1539 1546/1546 1547/1547
f 1539/1539 1547/1547 1540/1540
f 1537/1537 1544/1544 1545/1545
f 1537/1537 1545/1545 1538/1538
f 1536/1536 1543/1543 1544/1544
f 1536/1536 1544/1544 1537/1537
f 1535/1535 1542/1542 1543/1543
f 1535/1535 1543/1543 1536/1536
f 1534/1534 1541/1541 1542/1542
f 1534/1534 1542/1542 1535/1535
f 1533/1533 1540/1540 1541/1541
f 1533/1533 1541/1541 1534/1534
f 1532/1532 1539/1539 1540/1540
f 1532/1532 1540/1540 1533/1533
f 1518/1518 1521/1521 1537/1537
f 1518/1518 1537/1537 1538/1538
f 1521/1521 1522/1522 1536/1536
f 1521/1521 1536/1536 1537/1537
f 1522/1522 1524/1524 1535/1535
f 1522/1522 1535/1535 1536/1536
f 1524/1524 1526/1526 1534/1534
f 1524/1524 1534/1534 1535/1535
f 1526/1526 1528/1528 1533/1533
f 1526/1526 1533/1533 1534/1534
f 1528/1528 1530/1530 1532/1532
f 1528/1528 1532/1532 1533/1533
f 761/761 762/762 1660/1660
f 761/761 1660/1660 1658/1658
f 1602/1602 1686/1686 1687/1687
f 1602/1602 1687/1687 1603/1603
f 1609/1609 1610/1610 1687/1687
f 1609/1609 1687/1687 1686/1686
f 1614/1614 1669/1669 1671/1671
f 1614/1614 1671/1671 1615/1615
f 766/766 767/767 1670/1670
f 766/766 1670/1670 1668/1668
f 1613/1613 1667/1667 1669/1669
f 1613/1613 1669/1669 1614/1614
f 765/765 766/766 1668/1668
f 765/765 1668/1668 1666/1666
f 1612/1612 1665/1665 1667/1667
f 1612/1612 1667/1667 1613/1613
f 764/764 765/765 1666/1666
f 764/764 1666/1666 1664/1664
f 1611/1611 1663/1663 1665/1665
f 1611/1611 1665/1665 1612/1612
f 763/763 764/764 1664/1664
f 763/763 1664/1664 1662/1662
f 1610/1610 1661/1661 1663/1663
f 1610/1610 1663/1663 1611/1611
f 762/762 763/763 1662/1662
f 762/762 1662/1662 1660/1660
f 1471/1471 1647/1647 1659/1659
f 1471/1471 1659/1659 1609/1609
f 1647/1647 1646/1646 1658/1658
f 1647/1647 1658/1658 1659/1659
f 1471/1471 1422/1422 1632/1632
f 1471/1471 1632/1632 1647/1647
f 1647/1647 1632/1632 1630/1630
f 1647/1647 1630/1630 1646/1646
f 1428/1428 1639/1639 1633/1633
f 1428/1428 1633/1633 1423/1423
f 1639/1639 1638/1638 1631/1631
f 1639/1639 1631/1631 1633/1633
f 1425/1425 1649/1649 1635/1635
f 1425/1425 1635/1635 1426/1426
f 1649/1649 1651/1651 1634/1634
f 1649/1649 1634/1634 1635/1635
f 1426/1426 1635/1635 1637/1637
f 1426/1426 1637/1637 1427/1427
f 1635/1635 1634/1634 1636/1636
f 1635/1635 1636/1636 1637/1637
f 1427/1427 1637/1637 1639/1639
f 1427/1427 1639/1639 1428/1428
f 1637/1637 1636/1636 1638/1638
f 1637/1637 1638/1638 1639/1639
f 609/609 1655/1655 1657/1657
f 609/609 1657/1657 610/610
f 1655/1655 1654/1654 1656/1656
f 1655/1655 1656/1656 1657/1657
f 608/608 1653/1653 1655/1655
f 608/608 1655/1655 609/609
f 1653/1653 1652/1652 1654/1654
f 1653/1653 1654/1654 1655/1655
f 607/607 1644/1644 1653/1653
f 607/607 1653/1653 608/608
f 1644/1644 1645/1645 1652/1652
f 1644/1644 1652/1652 1653/1653
f 600/600 1650/1650 1644/1644
f 600/600 1644/1644 607/607
f 1650/1650 1648/1648 1645/1645
f 1650/1650 1645/1645 1644/1644
f 605/605 606/606 1642/1642
f 605/605 1642/1642 1640/1640
f 1640/1640 1642/1642 1643/1643
f 1640/1640 1643/1643 1641/1641
f 606/606 610/610 1657/1657
f 606/606 1657/1657 1642/1642
f 1642/1642 1657/1657 1656/1656
f 1642/1642 1656/1656 1643/1643
f 1602/1602 1603/1603 1515/1515
f 1602/1602 1515/1515 1516/1516
f 1607/1607 1691/1691 1692/1692
f 1607/1607 1692/1692 1608/1608
f 1606/1606 1690/1690 1691/1691
f 1606/1606 1691/1691 1607/1607
f 1605/1605 1689/1689 1690/1690
f 1605/1605 1690/1690 1606/1606
f 1604/1604 1688/1688 1689/1689
f 1604/1604 1689/1689 1605/1605
f 1603/1603 1687/1687 1688/1688
f 1603/1603 1688/1688 1604/1604
f 1472/1472 1685/1685 1686/1686
f 1472/1472 1686/1686 1602/1602
f 1377/1377 1672/1672 1685/1685
f 1377/1377 1685/1685 1472/1472
f 1469/1469 1683/1683 1684/1684
f 1469/1469 1684/1684 1467/1467
f 1470/1470 1682/1682 1683/1683
f 1470/1470 1683/1683 1469/1469
f 1468/1468 1681/1681 1682/1682
f 1468/1468 1682/1682 1470/1470
f 1372/1372 1680/1680 1674/1674
f 1372/1372 1674/1674 1376/1376
f 1376/1376 1674/1674 1675/1675
f 1376/1376 1675/1675 1375/1375
f 1375/1375 1675/1675 1676/1676
f 1375/1375 1676/1676 1374/1374
f 1374/1374 1676/1676 1673/1673
f 1374/1374 1673/1673 1378/1378
f 1429/1429 1430/1430 1678/1678
f 1429/1429 1678/1678 1677/1677
f 1430/1430 1467/1467 1684/1684
f 1430/1430 1684/1684 1678/1678
f 1424/1424 1679/1679 1681/1681
f 1424/1424 1681/1681 1468/1468
f 1482/1482 2225/2225 2221/2221
f 1482/1482 2221/2221 1493/1493
f 1694/1694 1695/1695 1703/1703
f 1694/1694 1703/1703 1702/1702
f 1617/1617 1616/1616 1700/1700
f 1617/1617 1700/1700 1699/1699
f 1618/1618 1617/1617 1699/1699
f 1618/1618 1699/1699 1698/1698
f 1619/1619 1618/1618 1698/1698
f 1619/1619 1698/1698 1697/1697
f 1620/1620 1619/1619 1697/1697
f 1620/1620 1697/1697 1696/1696
f 1621/1621 1620/1620 1696/1696
f 1621/1621 1696/1696 1695/1695
f 1475/1475 1622/1622 1694/1694
f 1475/1475 1694/1694 1693/1693
f 1712/1712 1475/1475 1693/1693
f 1712/1712 1693/1693 1713/1713
f 1553/1553 1554/1554 2265/2265
f 1553/1553 2265/2265 2261/2261
f 1699/1699 1700/1700 1708/1708
f 1699/1699 1708/1708 1707/1707
f 1698/1698 1699/1699 1707/1707
f 1698/1698 1707/1707 1706/1706
f 1697/1697 1698/1698 1706/1706
f 1697/1697 1706/1706 1705/1705
f 1696/1696 1697/1697 1705/1705
f 1696/1696 1705/1705 1704/1704
f 1695/1695 1696/1696 1704/1704
f 1695/1695 1704/1704 1703/1703
f 1693/1693 1694/1694 1702/1702
f 1693/1693 1702/1702 1701/1701
f 1713/1713 1693/1693 1701/1701
f 1713/1713 1701/1701 1711/1711
f 1715/1715 1751/1751 2199/2199
f 1715/1715 2199/2199 2174/2174
f 2209/2209 2222/2222 1476/1476
f 2264/2264 2267/2267 1717/1717
f 2264/2264 1717/1717 1716/1716
f 2185/2185 2190/2190 1751/1751
f 1710/1710 1713/1713 2258/2258
f 1709/1709 1712/1712 1713/1713
f 1709/1709 1713/1713 1710/1710
f 1403/1403 2171/2171 2201/2201
f 1403/1403 2201/2201 1404/1404
f 1710/1710 2258/2258 2242/2242
f 1500/1500 2246/2246 2238/2238
f 1500/1500 2238/2238 1479/1479
f 1623/1623 1624/1624 1737/1737
f 1623/1623 1737/1737 1735/1735
f 1558/1558 1559/1559 2284/2284
f 1558/1558 2284/2284 2279/2279
f 1557/1557 1558/1558 2279/2279
f 1557/1557 2279/2279 2275/2275
f 1556/1556 1557/1557 2275/2275
f 1556/1556 2275/2275 2271/2271
f 1555/1555 1556/1556 2271/2271
f 1555/1555 2271/2271 2268/2268
f 1554/1554 1555/1555 2268/2268
f 1554/1554 2268/2268 2265/2265
f 1409/1409 2181/2181 2177/2177
f 1409/1409 2177/2177 1400/1400
f 1939/1939 873/873 910/910
f 1939/1939 910/910 2026/2026
f 1717/1717 1621/1621 1622/1622
f 1717/1717 1622/1622 1716/1716
f 769/769 1746/1746 1748/1748
f 769/769 1748/1748 768/768
f 1628/1628 1629/1629 1747/1747
f 1628/1628 1747/1747 1745/1745
f 770/770 1744/1744 1746/1746
f 770/770 1746/1746 769/769
f 1627/1627 1628/1628 1745/1745
f 1627/1627 1745/1745 1743/1743
f 771/771 1742/1742 1744/1744
f 771/771 1744/1744 770/770
f 1626/1626 1627/1627 1743/1743
f 1626/1626 1743/1743 1741/1741
f 772/772 1740/1740 1742/1742
f 772/772 1742/1742 771/771
f 1625/1625 1626/1626 1741/1741
f 1625/1625 1741/1741 1739/1739
f 773/773 1738/1738 1740/1740
f 773/773 1740/1740 772/772
f 1624/1624 1625/1625 1739/1739
f 1624/1624 1739/1739 1737/1737
f 612/612 1724/1724 1736/1736
f 612/612 1736/1736 774/774
f 1724/1724 1723/1723 1735/1735
f 1724/1724 1735/1735 1736/1736
f 621/621 1732/1732 1734/1734
f 621/621 1734/1734 618/618
f 1732/1732 1731/1731 1733/1733
f 1732/1732 1733/1733 1734/1734
f 620/620 1730/1730 1732/1732
f 620/620 1732/1732 621/621
f 1730/1730 1729/1729 1731/1731
f 1730/1730 1731/1731 1732/1732
f 619/619 1728/1728 1730/1730
f 619/619 1730/1730 620/620
f 1728/1728 1727/1727 1729/1729
f 1728/1728 1729/1729 1730/1730
f 617/617 1725/1725 1728/1728
f 617/617 1728/1728 619/619
f 1725/1725 1726/1726 1727/1727
f 1725/1725 1727/1727 1728/1728
f 873/873 1750/1750 1724/1724
f 873/873 1724/1724 612/612
f 1750/1750 1749/1749 1723/1723
f 1750/1750 1723/1723 1724/1724
f 1938/1938 2028/2028 894/894
f 1938/1938 894/894 618/618
f 2295/2295 2296/2296 1749/1749
f 2295/2295 1749/1749 1750/1750
f 1939/1939 2295/2295 1750/1750
f 1939/1939 1750/1750 873/873
f 2292/2292 1734/1734 1733/1733
f 2292/2292 1733/1733 2298/2298
f 1715/1715 1475/1475 1712/1712
f 1715/1715 1712/1712 1751/1751
f 1421/1421 2197/2197 2192/2192
f 1421/1421 2192/2192 1418/1418
f 1491/1491 2257/2257 2251/2251
f 1491/1491 2251/2251 1492/1492
f 1418/1418 2192/2192 2186/2186
f 1418/1418 2186/2186 1414/1414
f 2218/2218 1476/1476 1397/1397
f 2218/2218 1397/1397 2169/2169
f 1478/1478 2240/2240 2256/2256
f 1478/1478 2256/2256 1490/1490
f 1415/1415 2187/2187 2181/2181
f 1415/1415 2181/2181 1409/1409
f 1388/1388 1381/1381 1472/1472
f 1472/1472 1383/1383 1385/1385
f 1387/1387 1472/1472 1391/1391
f 1379/1379 1377/1377 1472/1472
f 1393/1393 1472/1472 1385/1385
f 1381/1381 1379/1379 1472/1472
f 1404/1404 2201/2201 2197/2197
f 1404/1404 2197/2197 1421/1421
f 1492/1492 2251/2251 2245/2245
f 1492/1492 2245/2245 1499/1499
f 2222/2222 2226/2226 1476/1476
f 2288/2288 2289/2289 1726/1726
f 2288/2288 1726/1726 1725/1725
f 1477/1477 2213/2213 2231/2231
f 1477/1477 2231/2231 1481/1481
f 1480/1480 2230/2230 2225/2225
f 1480/1480 2225/2225 1482/1482
f 2211/2211 2205/2205 2240/2240
f 2211/2211 2240/2240 1478/1478
f 1493/1493 2221/2221 2211/2211
f 1493/1493 2211/2211 1478/1478
f 711/711 256/256 263/263
f 711/711 263/263 718/718
f 1787/1787 1790/1790 1791/1791
f 1927/1927 1930/1930 1933/1933
f 2069/2069 2072/2072 2073/2073
f 2202/2202 2205/2205 2206/2206
f 1785/1785 1757/1757 1759/1759
f 1785/1785 1759/1759 1784/1784
f 1781/1781 1785/1785 1784/1784
f 1781/1781 1784/1784 1779/1779
f 1778/1778 1781/1781 1779/1779
f 1778/1778 1779/1779 1774/1774
f 1771/1771 1777/1777 1773/1773
f 1771/1771 1773/1773 1768/1768
f 1767/1767 1771/1771 1768/1768
f 1767/1767 1768/1768 1765/1765
f 1763/1763 1767/1767 1765/1765
f 1763/1763 1765/1765 1760/1760
f 1755/1755 1763/1763 1760/1760
f 1755/1755 1760/1760 1752/1752
f 1813/1813 1755/1755 1752/1752
f 1813/1813 1752/1752 1811/1811
f 1802/1802 1815/1815 1818/1818
f 1802/1802 1818/1818 1801/1801
f 1815/1815 1819/1819 1821/1821
f 1815/1815 1821/1821 1818/1818
f 1819/1819 1823/1823 1825/1825
f 1819/1819 1825/1825 1821/1821
f 1823/1823 1804/1804 1809/1809
f 1823/1823 1809/1809 1825/1825
f 1792/1792 1813/1813 1811/1811
f 1792/1792 1811/1811 1788/1788
f 1831/1831 1838/1838 1841/1841
f 1831/1831 1841/1841 1829/1829
f 1838/1838 1843/1843 1848/1848
f 1838/1838 1848/1848 1841/1841
f 1842/1842 1850/1850 1852/1852
f 1842/1842 1852/1852 1847/1847
f 1850/1850 1835/1835 1837/1837
f 1850/1850 1837/1837 1852/1852
f 1801/1801 1791/1791 1790/1790
f 1801/1801 1790/1790 1802/1802
f 1787/1787 1837/1837 1835/1835
f 1787/1787 1835/1835 1790/1790
f 1882/1882 1810/1810 1805/1805
f 1882/1882 1805/1805 1880/1880
f 1889/1889 1830/1830 1828/1828
f 1889/1889 1828/1828 1888/1888
f 1757/1757 1853/1853 1856/1856
f 1757/1757 1856/1856 1759/1759
f 1853/1853 1857/1857 1858/1858
f 1853/1853 1858/1858 1856/1856
f 1857/1857 1860/1860 1861/1861
f 1857/1857 1861/1861 1858/1858
f 1860/1860 1863/1863 1864/1864
f 1860/1860 1864/1864 1861/1861
f 1863/1863 1866/1866 1867/1867
f 1863/1863 1867/1867 1864/1864
f 1866/1866 1870/1870 1871/1871
f 1866/1866 1871/1871 1867/1867
f 1870/1870 1873/1873 1874/1874
f 1870/1870 1874/1874 1871/1871
f 1795/1795 1877/1877 1878/1878
f 1795/1795 1878/1878 1793/1793
f 1877/1877 1882/1882 1880/1880
f 1877/1877 1880/1880 1878/1878
f 1798/1798 1884/1884 1885/1885
f 1798/1798 1885/1885 1796/1796
f 1884/1884 1889/1889 1888/1888
f 1884/1884 1888/1888 1885/1885
f 1925/1925 1895/1895 1898/1898
f 1925/1925 1898/1898 1922/1922
f 1921/1921 1925/1925 1922/1922
f 1921/1921 1922/1922 1918/1918
f 1917/1917 1921/1921 1918/1918
f 1917/1917 1918/1918 1914/1914
f 1912/1912 1917/1917 1914/1914
f 1912/1912 1914/1914 1910/1910
f 1906/1906 1911/1911 1909/1909
f 1906/1906 1909/1909 1904/1904
f 1901/1901 1906/1906 1904/1904
f 1901/1901 1904/1904 1899/1899
f 1894/1894 1901/1901 1899/1899
f 1894/1894 1899/1899 1891/1891
f 1951/1951 1894/1894 1891/1891
f 1951/1951 1891/1891 1950/1950
f 2016/2016 1874/1874 1873/1873
f 2016/2016 1873/1873 2015/2015
f 1944/1944 1954/1954 1955/1955
f 1944/1944 1955/1955 1941/1941
f 1954/1954 1957/1957 1959/1959
f 1954/1954 1959/1959 1955/1955
f 1957/1957 1963/1963 1965/1965
f 1957/1957 1965/1965 1959/1959
f 1962/1962 1946/1946 1947/1947
f 1962/1962 1947/1947 1964/1964
f 1926/1926 1951/1951 1950/1950
f 1926/1926 1950/1950 1929/1929
f 1971/1971 1978/1978 1980/1980
f 1971/1971 1980/1980 1968/1968
f 1977/1977 1984/1984 1985/1985
f 1977/1977 1985/1985 1979/1979
f 1984/1984 1988/1988 1990/1990
f 1984/1984 1990/1990 1985/1985
f 1989/1989 1972/1972 1975/1975
f 1989/1989 1975/1975 1991/1991
f 1941/1941 1933/1933 1930/1930
f 1941/1941 1930/1930 1944/1944
f 1933/1933 1975/1975 1972/1972
f 1933/1933 1972/1972 1927/1927
f 2023/2023 1947/1947 1946/1946
f 2023/2023 1946/1946 2022/2022
f 2032/2032 1971/1971 1968/1968
f 2032/2032 1968/1968 2030/2030
f 1895/1895 1994/1994 1997/1997
f 1895/1895 1997/1997 1898/1898
f 1994/1994 1998/1998 2000/2000
f 1994/1994 2000/2000 1997/1997
f 1998/1998 2002/2002 2004/2004
f 1998/1998 2004/2004 2000/2000
f 2002/2002 2005/2005 2008/2008
f 2002/2002 2008/2008 2004/2004
f 2005/2005 2009/2009 2011/2011
f 2005/2005 2011/2011 2008/2008
f 2009/2009 2012/2012 2014/2014
f 2009/2009 2014/2014 2011/2011
f 2012/2012 2016/2016 2015/2015
f 2012/2012 2015/2015 2014/2014
f 1937/1937 2018/2018 2019/2019
f 1937/1937 2019/2019 1935/1935
f 2018/2018 2023/2023 2022/2022
f 2018/2018 2022/2022 2019/2019
f 1940/1940 2025/2025 2027/2027
f 1940/1940 2027/2027 1938/1938
f 2025/2025 2032/2032 2030/2030
f 2025/2025 2030/2030 2027/2027
f 2067/2067 2038/2038 2040/2040
f 2067/2067 2040/2040 2065/2065
f 2063/2063 2067/2067 2065/2065
f 2063/2063 2065/2065 2061/2061
f 2058/2058 2063/2063 2061/2061
f 2058/2058 2061/2061 2055/2055
f 2051/2051 2059/2059 2056/2056
f 2051/2051 2056/2056 2050/2050
f 2048/2048 2051/2051 2050/2050
f 2048/2048 2050/2050 2045/2045
f 2043/2043 2048/2048 2045/2045
f 2043/2043 2045/2045 2041/2041
f 2035/2035 2043/2043 2041/2041
f 2035/2035 2041/2041 2033/2033
f 2084/2084 2035/2035 2033/2033
f 2084/2084 2033/2033 2083/2083
f 2076/2076 2086/2086 2088/2088
f 2076/2076 2088/2088 2074/2074
f 2086/2086 2091/2091 2092/2092
f 2086/2086 2092/2092 2088/2088
f 2091/2091 2096/2096 2098/2098
f 2091/2091 2098/2098 2092/2092
f 2095/2095 2078/2078 2080/2080
f 2095/2095 2080/2080 2097/2097
f 2068/2068 2084/2084 2083/2083
f 2068/2068 2083/2083 2071/2071
f 2104/2104 2110/2110 2113/2113
f 2104/2104 2113/2113 2101/2101
f 2109/2109 2116/2116 2118/2118
f 2109/2109 2118/2118 2112/2112
f 2116/2116 2121/2121 2123/2123
f 2116/2116 2123/2123 2118/2118
f 2122/2122 2105/2105 2108/2108
f 2122/2122 2108/2108 2124/2124
f 2074/2074 2073/2073 2072/2072
f 2074/2074 2072/2072 2076/2076
f 2073/2073 2108/2108 2105/2105
f 2073/2073 2105/2105 2069/2069
f 2158/2158 2080/2080 2078/2078
f 2158/2158 2078/2078 2157/2157
f 2165/2165 2104/2104 2101/2101
f 2165/2165 2101/2101 2163/2163
f 2038/2038 2127/2127 2129/2129
f 2038/2038 2129/2129 2040/2040
f 2127/2127 2130/2130 2133/2133
f 2127/2127 2133/2133 2129/2129
f 2130/2130 2134/2134 2136/2136
f 2130/2130 2136/2136 2133/2133
f 2134/2134 2137/2137 2140/2140
f 2134/2134 2140/2140 2136/2136
f 2137/2137 2142/2142 2144/2144
f 2137/2137 2144/2144 2140/2140
f 2142/2142 2145/2145 2147/2147
f 2142/2142 2147/2147 2144/2144
f 2145/2145 2148/2148 2151/2151
f 2145/2145 2151/2151 2147/2147
f 1793/1793 2152/2152 2155/2155
f 1793/1793 2155/2155 1795/1795
f 2152/2152 2158/2158 2157/2157
f 2152/2152 2157/2157 2155/2155
f 1796/1796 2160/2160 2161/2161
f 1796/1796 2161/2161 1798/1798
f 2160/2160 2165/2165 2163/2163
f 2160/2160 2163/2163 2161/2161
f 2200/2200 2172/2172 2173/2173
f 2200/2200 2173/2173 2198/2198
f 2196/2196 2200/2200 2198/2198
f 2196/2196 2198/2198 2194/2194
f 2193/2193 2196/2196 2194/2194
f 2193/2193 2194/2194 2191/2191
f 2188/2188 2193/2193 2191/2191
f 2188/2188 2191/2191 2183/2183
f 2182/2182 2189/2189 2184/2184
f 2182/2182 2184/2184 2180/2180
f 2178/2178 2182/2182 2180/2180
f 2178/2178 2180/2180 2175/2175
f 2170/2170 2178/2178 2175/2175
f 2170/2170 2175/2175 2168/2168
f 2219/2219 2170/2170 2168/2168
f 2219/2219 2168/2168 2216/2216
f 2284/2284 2151/2151 2148/2148
f 2284/2284 2148/2148 2282/2282
f 2210/2210 2220/2220 2223/2223
f 2210/2210 2223/2223 2208/2208
f 2220/2220 2224/2224 2227/2227
f 2220/2220 2227/2227 2223/2223
f 2224/2224 2228/2228 2232/2232
f 2224/2224 2232/2232 2227/2227
f 2229/2229 2212/2212 2214/2214
f 2229/2229 2214/2214 2233/2233
f 2207/2207 2219/2219 2216/2216
f 2207/2207 2216/2216 2203/2203
f 2237/2237 2244/2244 2248/2248
f 2237/2237 2248/2248 2235/2235
f 2243/2243 2250/2250 2252/2252
f 2243/2243 2252/2252 2247/2247
f 2250/2250 2255/2255 2260/2260
f 2250/2250 2260/2260 2252/2252
f 2254/2254 2239/2239 2241/2241
f 2254/2254 2241/2241 2259/2259
f 2208/2208 2206/2206 2205/2205
f 2208/2208 2205/2205 2210/2210
f 2202/2202 2241/2241 2239/2239
f 2202/2202 2239/2239 2205/2205
f 2291/2291 2214/2214 2212/2212
f 2291/2291 2212/2212 2289/2289
f 2299/2299 2237/2237 2235/2235
f 2299/2299 2235/2235 2297/2297
f 2172/2172 2262/2262 2263/2263
f 2172/2172 2263/2263 2173/2173
f 2262/2262 2265/2265 2266/2266
f 2262/2262 2266/2266 2263/2263
f 2265/2265 2268/2268 2269/2269
f 2265/2265 2269/2269 2266/2266
f 2268/2268 2272/2272 2273/2273
f 2268/2268 2273/2273 2269/2269
f 2272/2272 2276/2276 2277/2277
f 2272/2272 2277/2277 2273/2273
f 2276/2276 2279/2279 2280/2280
f 2276/2276 2280/2280 2277/2277
f 2279/2279 2284/2284 2282/2282
f 2279/2279 2282/2282 2280/2280
f 1935/1935 2286/2286 2287/2287
f 1935/1935 2287/2287 1937/1937
f 2286/2286 2291/2291 2289/2289
f 2286/2286 2289/2289 2287/2287
f 1938/1938 2293/2293 2294/2294
f 1938/1938 2294/2294 1940/1940
f 2293/2293 2299/2299 2297/2297
f 2293/2293 2297/2297 2294/2294
f 413/413 1753/1753 1761/1761
f 413/413 1761/1761 1764/1764
