# generated by mjlab asset_pipeline; 11999 faces
mtllib block_vis.mtl
v -0.046674 -0.063449 -0.013433
v -0.046729 -0.061823 -0.023104
v -0.045145 -0.075994 -0.016289
v -0.003328 -0.077891 -0.102352
v -0.003342 -0.077917 -0.102352
v -0.006764 -0.077648 -0.102839
v -0.000152 -0.077816 -0.102717
v -0.000152 -0.077816 -0.102717
v -0.007919 -0.076445 -0.103579
v -0.044324 -0.075058 -0.060286
v -0.044251 -0.074822 -0.066164
v -0.005956 -0.073741 -0.103732
v 0.001246 -0.076491 -0.103484
v -0.041983 -0.077356 -0.025822
v -0.027555 -0.077624 -0.022878
v -0.034592 -0.077583 -0.015529
v -0.045566 -0.051316 -0.094176
v -0.045687 -0.046316 -0.094577
v -0.045473 -0.051886 -0.095680
v -0.015414 -0.077901 -0.012261
v 0.004547 -0.077887 -0.102462
v 0.004547 -0.077887 -0.102462
v 0.005609 -0.076771 -0.103247
v -0.044910 -0.048857 -0.097843
v -0.045441 -0.045930 -0.095982
v -0.046176 -0.051001 -0.093113
v -0.046472 -0.046936 -0.093244
v -0.046484 -0.057385 -0.065822
v -0.045153 -0.066907 -0.076308
v -0.003200 -0.072349 -0.104826
v 0.000641 -0.073182 -0.103608
v -0.046621 -0.048242 -0.089002
v -0.046038 -0.054111 -0.090510
v 0.005457 -0.074807 -0.103513
v -0.046504 -0.053123 -0.086920
v 0.003143 -0.071971 -0.104729
v 0.004907 -0.072786 -0.103338
v 0.006618 -0.072348 -0.104325
v -0.046998 -0.050005 -0.083747
v -0.045776 -0.064499 -0.055460
v -0.036735 -0.077722 -0.012904
v -0.039090 -0.077592 -0.016034
v 0.008433 -0.077890 -0.102471
v 0.008433 -0.077890 -0.102471
v -0.040396 -0.077704 -0.013485
v -0.046473 -0.046499 -0.090979
v 0.013793 -0.077502 -0.102800
v 0.013006 -0.077962 -0.102173
v 0.012984 -0.077939 -0.102173
v 0.007990 -0.075572 -0.103550
v 0.006998 -0.074355 -0.104302
v 0.013089 -0.072398 -0.104041
v 0.017944 -0.076279 -0.103214
v -0.046673 -0.044340 -0.091609
v -0.047085 -0.054017 -0.052941
v -0.046945 -0.046570 -0.086703
v -0.044254 -0.044069 -0.098457
v -0.043588 -0.051462 -0.099413
v 0.017215 -0.077948 -0.102279
v -0.046494 -0.062190 -0.034256
v -0.045103 -0.075882 -0.021762
v -0.045868 -0.044283 -0.094664
v -0.045264 -0.042209 -0.096544
v 0.022619 -0.075284 -0.103703
v -0.043207 -0.039993 -0.099514
v -0.045397 -0.042524 -0.095132
v -0.046272 -0.057632 -0.078804
v -0.042963 -0.043287 -0.100714
v 0.012051 -0.078076 -0.098475
v -0.042686 -0.039859 -0.101438
v -0.043579 -0.038065 -0.099516
v 0.022831 -0.077936 -0.099690
v -0.044338 -0.038593 -0.098276
v 0.001768 -0.069784 -0.104903
v -0.045072 -0.040094 -0.095986
v -0.045886 -0.038808 -0.094754
v 0.008799 -0.071000 -0.104928
v -0.046081 -0.041572 -0.093727
v -0.046818 -0.041235 -0.089979
v -0.046843 -0.042043 -0.091327
v 0.003715 -0.065572 -0.104681
v 0.008809 -0.062808 -0.104768
v 0.010490 -0.065821 -0.104878
v -0.042682 -0.076919 -0.010310
v -0.041807 -0.077447 -0.012596
v -0.041289 -0.077576 -0.008638
v -0.045650 -0.074073 -0.004016
v -0.045282 -0.076121 -0.011237
v -0.046146 -0.040534 -0.092460
v -0.045410 -0.075840 -0.008270
v -0.046895 -0.038897 -0.090802
v 0.014217 -0.070641 -0.104814
v -0.043728 -0.076689 -0.012757
v 0.014180 -0.067703 -0.104739
v -0.044000 -0.076624 -0.008195
v -0.046337 -0.036105 -0.093354
v 0.016311 -0.071478 -0.103915
v -0.046374 -0.056241 -0.083999
v -0.046271 -0.054490 -0.082664
v -0.046602 -0.051662 -0.081541
v 0.017201 -0.068861 -0.103710
v 0.022093 -0.068676 -0.103663
v -0.046838 -0.053303 -0.080395
v -0.045494 -0.076018 -0.005557
v 0.015563 -0.066945 -0.103985
v -0.043877 -0.076762 -0.004827
v -0.046705 -0.049187 -0.082068
v -0.047299 -0.048404 -0.083959
v -0.047529 -0.042833 -0.082746
v -0.047363 -0.042294 -0.084418
v 0.014040 -0.063698 -0.104773
v -0.046411 -0.059661 -0.051534
v 0.010285 -0.059246 -0.104915
v 0.016081 -0.063801 -0.103796
v -0.045989 -0.072726 0.006594
v 0.028455 -0.069057 -0.103371
v -0.046300 -0.061675 -0.045917
v 0.022652 -0.062015 -0.103596
v -0.047045 -0.048806 -0.078190
v -0.037104 -0.077615 -0.006892
v 0.015622 -0.060838 -0.103841
v -0.047307 -0.041688 -0.080797
v -0.047901 -0.039094 -0.078415
v 0.030010 -0.062109 -0.103130
v 0.024963 -0.059803 -0.103468
v -0.047442 -0.038349 -0.086291
v -0.029013 -0.077792 -0.003159
v -0.042013 -0.076768 -0.102024
v -0.042804 -0.074236 -0.101632
v -0.040994 -0.076417 -0.103454
v -0.040645 -0.073883 -0.103216
v -0.029454 -0.077867 -0.000784
v -0.042809 -0.075239 -0.099441
v -0.041614 -0.077567 -0.004121
v -0.041253 -0.069323 -0.103015
v -0.043676 -0.070354 -0.100282
v -0.037639 -0.071858 -0.103961
v -0.038273 -0.068238 -0.103832
v -0.047256 -0.032027 -0.090053
v -0.047337 -0.048215 -0.062943
v -0.042932 -0.076931 -0.002251
v -0.040244 -0.064931 -0.103366
v -0.041945 -0.077651 0.000681
v -0.047483 -0.034145 -0.087391
v -0.037182 -0.061473 -0.103957
v -0.047819 -0.040113 -0.082685
v -0.041407 -0.063824 -0.102703
v -0.047714 -0.038059 -0.083394
v -0.041101 -0.061343 -0.103161
v -0.048074 -0.037700 -0.081769
v -0.047572 -0.038621 -0.079871
v -0.047861 -0.036381 -0.080921
v -0.030100 -0.077944 0.003558
v -0.043566 -0.073233 -0.099167
v -0.043580 -0.072955 -0.097287
v -0.047639 -0.035451 -0.084440
v -0.044218 -0.068503 -0.095764
v -0.047609 -0.047093 -0.058309
v -0.043831 -0.071684 -0.095097
v -0.048215 -0.034187 -0.081345
v -0.048011 -0.040797 -0.056897
v -0.044374 -0.070390 -0.094071
v -0.048138 -0.030840 -0.083086
v -0.048181 -0.031708 -0.080813
v -0.044173 -0.070882 -0.092589
v -0.044571 -0.068294 -0.091780
v -0.043346 -0.032829 -0.100025
v -0.042004 -0.029727 -0.102579
v -0.042032 -0.037029 -0.102635
v -0.046877 -0.060492 -0.019383
v -0.045262 -0.028534 -0.096222
v -0.042735 -0.068332 -0.101542
v -0.007255 -0.077852 -0.055863
v -0.018761 -0.077590 -0.057510
v -0.006743 -0.077735 -0.063644
v -0.044263 -0.067238 -0.098929
v -0.042833 -0.064223 -0.100973
v -0.039827 -0.033250 -0.103704
v -0.047028 -0.058329 -0.014473
v -0.047168 -0.058602 -0.017783
v -0.042637 -0.027035 -0.101122
v -0.044172 -0.064401 -0.098933
v -0.044808 -0.063951 -0.097066
v -0.044598 -0.025767 -0.097754
v -0.043696 -0.076436 -0.042067
v -0.041728 -0.077267 -0.045077
v -0.041803 -0.077257 -0.039453
v -0.047413 -0.057233 -0.001913
v -0.044478 -0.076068 -0.037016
v -0.043620 -0.076772 -0.034559
v -0.045657 -0.033342 -0.095183
v -0.042996 -0.060707 -0.100874
v -0.045012 -0.076008 -0.026832
v -0.044769 -0.075503 -0.041303
v -0.043510 -0.061007 -0.099784
v -0.044673 -0.061419 -0.098505
v -0.044522 -0.075791 -0.045851
v -0.044901 -0.072676 -0.047739
v -0.038746 -0.077406 -0.045889
v -0.047545 -0.054306 -0.013573
v -0.046245 -0.031065 -0.094030
v -0.044786 -0.063299 -0.094596
v -0.046591 -0.025335 -0.092822
v -0.046259 -0.023508 -0.094063
v -0.045237 -0.064176 -0.092679
v -0.044934 -0.065159 -0.091353
v -0.045080 -0.060823 -0.097031
v -0.046692 -0.032709 -0.092183
v -0.044651 -0.058204 -0.098257
v -0.039577 -0.023867 -0.103608
v -0.045484 -0.060707 -0.093114
v -0.042160 -0.022303 -0.102485
v -0.045326 -0.056726 -0.094547
v -0.033567 -0.018823 -0.104068
v -0.045194 -0.057534 -0.095999
v -0.047669 -0.051904 -0.027770
v -0.047636 -0.050992 -0.033035
v -0.044978 -0.068911 -0.086787
v -0.045559 -0.061329 -0.090507
v -0.040947 -0.018582 -0.103036
v -0.045580 -0.062970 -0.085777
v -0.042201 -0.017822 -0.102316
v -0.047674 -0.052500 -0.019966
v -0.045950 -0.056712 -0.093021
v -0.039474 -0.016197 -0.103503
v -0.048124 -0.047492 -0.018679
v -0.045434 -0.062155 -0.083832
v -0.044993 -0.064510 -0.084245
v -0.048778 -0.038363 -0.033382
v -0.047941 -0.047318 -0.035420
v -0.048089 -0.046384 -0.029687
v -0.043161 -0.018213 -0.100444
v -0.047520 -0.050098 -0.031543
v -0.047924 -0.048647 -0.032126
v -0.045464 -0.018709 -0.096155
v -0.044513 -0.016970 -0.098002
v -0.045307 -0.065846 -0.081804
v -0.043462 -0.014308 -0.099777
v -0.032547 -0.033760 -0.104130
v -0.028240 -0.023414 -0.104322
v -0.036350 -0.077379 -0.038794
v -0.040954 -0.077507 -0.034761
v -0.034906 -0.074120 -0.104134
v -0.027595 -0.073849 -0.104485
v -0.033883 -0.075471 -0.103727
v -0.048699 -0.039520 -0.026682
v -0.046877 -0.029437 -0.091977
v -0.030056 -0.077912 -0.102937
v -0.030056 -0.077912 -0.102937
v -0.034550 -0.076806 -0.103676
v -0.026690 -0.077662 -0.103086
v -0.026690 -0.077662 -0.103086
v -0.028367 -0.077665 -0.100093
v -0.032285 -0.077774 -0.102833
v -0.032285 -0.077774 -0.102833
v -0.037414 -0.078079 -0.102735
v -0.037414 -0.078079 -0.102735
v -0.047052 -0.030221 -0.089652
v -0.041742 -0.077359 -0.029701
v -0.047821 -0.031275 -0.087929
v -0.025230 -0.077842 -0.101703
v -0.037428 -0.077580 -0.031248
v -0.024229 -0.075000 -0.103796
v -0.047251 -0.028167 -0.089596
v -0.040216 -0.077781 -0.102827
v -0.040987 -0.077990 -0.101274
v -0.029698 -0.077584 -0.029959
v -0.038803 -0.077419 -0.100217
v -0.036325 -0.077479 -0.100330
v -0.047202 -0.021052 -0.091331
v -0.034693 -0.077309 -0.045928
v -0.040850 -0.077394 -0.099456
v -0.048121 -0.030176 -0.085228
v -0.048085 -0.028083 -0.084852
v -0.040253 -0.077424 -0.097768
v -0.029368 -0.077582 -0.094528
v -0.047855 -0.021668 -0.086716
v -0.026696 -0.077446 -0.039341
v -0.030226 -0.077515 -0.045413
v -0.048104 -0.050820 -0.015847
v -0.039261 -0.074932 -0.103767
v -0.047852 -0.050216 -0.013074
v -0.048223 -0.047439 -0.013656
v -0.022619 -0.077387 -0.040261
v -0.022676 -0.077953 -0.102747
v -0.022676 -0.077953 -0.102747
v -0.019753 -0.076447 -0.103720
v -0.019747 -0.077878 -0.102605
v -0.019747 -0.077878 -0.102605
v -0.048239 -0.046747 -0.009898
v -0.018341 -0.077903 -0.102901
v -0.018341 -0.077903 -0.102901
v -0.021784 -0.077453 -0.037844
v -0.020386 -0.077771 -0.099459
v -0.046726 -0.018008 -0.092727
v -0.014113 -0.077211 -0.103282
v -0.014849 -0.077888 -0.102434
v -0.014849 -0.077888 -0.102434
v -0.011625 -0.077793 -0.038991
v -0.045684 -0.014247 -0.095775
v -0.006990 -0.077940 -0.099789
v -0.046918 -0.013323 -0.093217
v -0.022526 -0.077852 -0.097170
v -0.048986 -0.034378 -0.016606
v -0.023096 -0.077424 -0.033867
v -0.026222 -0.077564 -0.092920
v -0.047546 -0.016449 -0.089794
v -0.048062 -0.017568 -0.086547
v -0.048397 -0.044111 -0.014059
v -0.010647 -0.077953 -0.094986
v -0.013594 -0.077847 -0.089751
v -0.047702 -0.012234 -0.090262
v -0.048706 -0.040099 -0.015910
v -0.047788 -0.015650 -0.087586
v -0.048147 -0.013167 -0.087583
v -0.048604 -0.041443 -0.013091
v -0.025944 -0.059475 -0.104463
v -0.032341 -0.063495 -0.104211
v -0.029354 -0.068708 -0.104345
v -0.015828 -0.077770 -0.026374
v -0.028408 -0.059091 -0.104234
v -0.038052 -0.058845 -0.103835
v -0.022899 -0.071485 -0.104610
v -0.044216 -0.076641 -0.028947
v -0.045605 -0.076129 0.001005
v -0.017169 -0.069876 -0.104733
v -0.015587 -0.060435 -0.104753
v -0.034519 -0.055965 -0.103994
v -0.025603 -0.052940 -0.104509
v -0.020791 -0.052327 -0.104671
v -0.013902 -0.055203 -0.104739
v -0.041091 -0.077516 -0.020293
v -0.013071 -0.062837 -0.104666
v -0.018352 -0.074524 -0.103715
v -0.044308 -0.076837 0.000410
v -0.016938 -0.073171 -0.104721
v -0.021143 -0.073933 -0.104437
v -0.043185 -0.076938 0.001045
v -0.007514 -0.067172 -0.104728
v -0.007421 -0.064312 -0.104840
v -0.008902 -0.077925 -0.102477
v -0.008902 -0.077925 -0.102477
v -0.045638 -0.076263 0.003930
v -0.009417 -0.072639 -0.104858
v -0.003032 -0.059165 -0.104765
v -0.046944 -0.056837 -0.049571
v -0.043030 -0.075341 -0.094521
v -0.037341 -0.077251 -0.094712
v -0.046388 -0.058517 -0.048677
v -0.040550 -0.077273 -0.092452
v -0.041444 -0.076928 -0.094055
v -0.046692 -0.057854 -0.046753
v -0.046946 -0.054573 -0.048972
v -0.047264 -0.052914 -0.045759
v -0.038548 -0.077184 -0.092495
v -0.047704 -0.054532 0.002795
v -0.034137 -0.077322 -0.088152
v -0.014669 -0.051542 -0.104831
v -0.016473 -0.049911 -0.104729
v -0.041581 -0.076920 -0.089816
v -0.015341 -0.045375 -0.104797
v -0.014252 -0.047667 -0.104919
v -0.047202 -0.061142 0.012988
v -0.043679 -0.074870 -0.092232
v -0.043195 -0.075445 -0.089309
v -0.000855 -0.053289 -0.104762
v -0.039108 -0.077108 -0.089012
v -0.041109 -0.077245 -0.087544
v -0.045848 -0.076229 0.013957
v -0.012790 -0.050634 -0.104692
v -0.037867 -0.077168 -0.083719
v -0.047448 -0.052844 -0.049743
v -0.000342 -0.049691 -0.104846
v -0.044152 -0.074173 -0.086805
v -0.013558 -0.045932 -0.104728
v -0.047868 -0.045408 -0.051507
v -0.006149 -0.044907 -0.104734
v -0.047137 -0.061934 0.016595
v -0.047711 -0.049589 -0.049164
v -0.047335 -0.051794 -0.048086
v -0.000197 -0.051532 -0.104919
v -0.047758 -0.048293 -0.047550
v -0.019694 -0.077694 -0.083668
v -0.034456 -0.052406 -0.103952
v -0.048087 -0.046701 -0.048880
v -0.048187 -0.044097 -0.048305
v -0.032904 -0.040430 -0.104097
v -0.027173 -0.044245 -0.104405
v -0.047960 -0.047668 -0.045830
v -0.047915 -0.045717 -0.044906
v -0.047800 -0.045632 -0.046963
v -0.047606 -0.055219 0.014917
v -0.020204 -0.043151 -0.104727
v -0.006651 -0.078034 -0.097354
v -0.002424 -0.066881 -0.104739
v -0.048046 -0.048854 0.016530
v 0.000056 -0.065796 -0.105002
v -0.000188 -0.077949 -0.095632
v -0.003869 -0.078085 -0.092340
v -0.006553 -0.077943 -0.089114
v -0.000048 -0.063610 -0.104874
v 0.003367 -0.060007 -0.104692
v 0.008529 -0.058778 -0.104814
v -0.048519 -0.040000 -0.011394
v -0.048979 -0.036538 -0.014809
v -0.048648 -0.038052 -0.014280
v 0.005232 -0.056121 -0.104733
v -0.048272 -0.043320 -0.041762
v -0.048858 -0.035113 -0.012711
v -0.048606 -0.036992 -0.011076
v -0.048586 -0.041182 0.003241
v -0.048726 -0.038389 -0.004981
v 0.013460 -0.056736 -0.104797
v 0.006824 -0.054743 -0.104884
v 0.000203 -0.077917 -0.091181
v -0.048762 -0.037215 -0.038879
v 0.002075 -0.052555 -0.104657
v 0.005863 -0.078006 -0.096825
v 0.008338 -0.053928 -0.104725
v -0.049056 -0.030580 -0.008991
v 0.007061 -0.051150 -0.104835
v 0.010987 -0.049946 -0.104907
v 0.013758 -0.052650 -0.104832
v 0.005779 -0.047559 -0.104743
v 0.014305 -0.058477 -0.104581
v -0.047609 -0.044969 -0.075449
v 0.015769 -0.055712 -0.103787
v -0.049040 -0.027382 0.004448
v -0.048358 -0.034458 -0.073797
v 0.019268 -0.077960 -0.087343
v 0.011476 -0.077949 -0.081823
v -0.047495 -0.046821 -0.064750
v 0.016007 -0.050889 -0.104053
v 0.018981 -0.051401 -0.103735
v 0.022630 -0.053504 -0.103566
v -0.010325 -0.078023 -0.085476
v -0.048388 -0.028880 -0.075331
v -0.013941 -0.077812 -0.084508
v -0.047870 -0.034079 -0.079234
v -0.008366 -0.043161 -0.104852
v -0.048477 -0.030510 -0.077350
v -0.047895 -0.031642 -0.079857
v -0.048155 -0.029950 -0.078435
v 0.000053 -0.046842 -0.104751
v -0.007162 -0.077899 -0.083657
v -0.001735 -0.042603 -0.104889
v -0.015864 -0.077695 -0.074996
v 0.000244 -0.045374 -0.104936
v -0.006569 -0.077801 -0.074441
v 0.001959 -0.077896 -0.086648
v -0.002943 -0.039063 -0.104729
v 0.003124 -0.043320 -0.104681
v -0.048814 -0.031757 -0.063751
v 0.006308 -0.039073 -0.104757
v -0.048019 -0.041422 -0.065487
v -0.048460 -0.041355 0.007863
v 0.006161 -0.036016 -0.104751
v 0.001716 -0.034900 -0.104853
v -0.024310 -0.040920 -0.104644
v -0.048404 -0.036751 -0.061277
v -0.047804 -0.042542 -0.061774
v -0.025450 -0.037781 -0.104450
v -0.019737 -0.037390 -0.104765
v -0.014431 -0.035733 -0.104845
v 0.000619 -0.077679 -0.071868
v -0.022136 -0.034358 -0.104695
v -0.049840 -0.010959 -0.041962
v -0.049792 -0.015438 -0.047513
v -0.049814 -0.011435 -0.048952
v -0.041216 -0.077175 -0.080090
v -0.041728 -0.076811 -0.082898
v -0.040543 -0.077253 -0.083660
v -0.012229 -0.032178 -0.104774
v -0.038105 -0.077184 -0.074507
v -0.012293 -0.036444 -0.104702
v -0.007310 -0.038192 -0.104851
v -0.041634 -0.077059 -0.072482
v -0.043809 -0.074973 -0.077825
v -0.048835 -0.029434 -0.060309
v -0.043808 -0.075405 -0.072906
v -0.044481 -0.073658 -0.077175
v -0.049751 -0.000241 -0.048806
v -0.044630 -0.074226 -0.073542
v -0.048447 -0.026406 -0.083888
v -0.048502 -0.024071 -0.083814
v -0.048602 -0.020469 -0.082385
v -0.043399 -0.075922 -0.066141
v -0.041651 -0.077335 -0.069172
v -0.044311 -0.073209 -0.073305
v -0.044438 -0.074271 -0.071144
v -0.048847 -0.020501 -0.079370
v -0.048891 -0.014243 -0.076179
v -0.041781 -0.077131 -0.062489
v -0.013411 -0.029757 -0.104842
v -0.048383 -0.028863 -0.082123
v -0.008973 -0.034848 -0.104870
v -0.025323 -0.077508 -0.072951
v -0.049747 -0.003879 -0.029830
v -0.048401 -0.025144 -0.078125
v -0.026249 -0.077510 -0.069518
v -0.038505 -0.077123 -0.068751
v -0.025243 -0.030319 -0.104539
v -0.049127 -0.019382 -0.075048
v -0.038883 -0.077280 -0.064820
v -0.016175 -0.026484 -0.104846
v -0.048721 -0.018894 -0.084225
v -0.014806 -0.024883 -0.104768
v -0.013363 -0.023149 -0.104896
v -0.033697 -0.077342 -0.062957
v -0.024550 -0.019763 -0.104580
v -0.018732 -0.021230 -0.104758
v -0.048482 -0.017386 -0.084090
v -0.006504 -0.026652 -0.104760
v -0.027886 -0.077614 -0.066169
v -0.048613 -0.011327 -0.084952
v -0.049551 0.010340 -0.025547
v -0.004052 -0.030474 -0.104836
v -0.048833 -0.016047 -0.081062
v 0.000686 -0.037045 -0.104881
v -0.028853 -0.077394 -0.060820
v -0.022652 -0.077553 -0.067502
v -0.049259 -0.010783 -0.077402
v -0.049003 -0.010518 -0.082435
v -0.049200 -0.007858 -0.078889
v -0.043744 -0.074882 -0.083687
v -0.044551 -0.072160 -0.083655
v 0.008296 -0.028601 -0.104784
v 0.000552 -0.031825 -0.104728
v -0.049067 -0.021458 -0.071569
v -0.049057 -0.028775 -0.039320
v -0.049280 -0.027815 -0.030463
v -0.049029 -0.037095 -0.030184
v -0.049259 -0.032797 -0.029573
v 0.008786 -0.049176 -0.104716
v -0.048944 -0.035499 -0.028426
v -0.044445 -0.071187 -0.085275
v -0.044723 -0.070085 -0.084435
v -0.049127 -0.014817 -0.072524
v -0.049170 -0.032475 -0.026906
v -0.043515 -0.075291 -0.080720
v 0.014521 -0.049235 -0.104602
v -0.044635 -0.073059 -0.081500
v -0.049449 -0.016770 -0.067085
v 0.014358 -0.046098 -0.104735
v -0.044356 -0.071421 -0.082009
v -0.048955 -0.026478 -0.042717
v -0.048976 -0.029019 -0.043780
v -0.049266 -0.019547 -0.064287
v -0.044716 -0.067919 -0.084787
v -0.049286 -0.023631 -0.036704
v -0.049433 -0.022721 -0.046622
v -0.029489 -0.077415 -0.079774
v 0.010402 -0.042420 -0.104860
v -0.049580 -0.001985 -0.072921
v 0.015891 -0.046861 -0.103840
v 0.016503 -0.044332 -0.103847
v 0.014084 -0.041777 -0.104739
v -0.049717 -0.008619 -0.068008
v -0.049341 -0.000992 -0.071296
v -0.017702 -0.077772 -0.077833
v 0.015664 -0.041051 -0.103877
v -0.049199 -0.032623 -0.024025
v 0.025853 -0.047677 -0.103348
v 0.032362 -0.053421 -0.102879
v 0.037058 -0.046504 -0.102434
v -0.048556 -0.035104 -0.055975
v -0.048897 -0.030696 -0.058058
v -0.049206 -0.023438 -0.058998
v -0.048865 -0.031190 -0.052052
v 0.023744 -0.039723 -0.103391
v -0.049241 -0.025072 -0.053362
v 0.034801 -0.042916 -0.102507
v -0.045504 -0.062962 -0.079061
v -0.048954 -0.028350 -0.048451
v -0.049467 -0.023337 -0.052418
v 0.010370 -0.034390 -0.104933
v 0.013864 -0.034485 -0.104771
v 0.015823 -0.036344 -0.103952
v -0.049657 -0.015807 -0.031592
v -0.049617 -0.014316 -0.021475
v -0.049573 -0.019616 -0.058134
v 0.013351 -0.028707 -0.104863
v -0.049286 -0.028051 -0.014498
v 0.015483 -0.032692 -0.103803
v -0.049472 -0.019691 -0.054917
v -0.049624 -0.013045 -0.060106
v -0.049581 -0.009623 -0.064865
v 0.027212 -0.027107 -0.103033
v 0.021241 -0.028154 -0.103479
v -0.049709 -0.008694 -0.056506
v 0.038643 -0.039134 -0.102153
v -0.049838 -0.014426 -0.051211
v -0.049496 -0.006574 -0.062302
v -0.049666 -0.001480 -0.063130
v -0.021497 -0.077728 -0.073153
v -0.043508 -0.077025 0.004935
v -0.042091 -0.077624 0.005676
v -0.049800 -0.011196 -0.027681
v -0.049611 -0.018660 -0.049546
v -0.045693 -0.076184 0.007718
v -0.043280 -0.076969 0.009326
v -0.042028 -0.077722 0.010646
v -0.034325 -0.077854 0.008024
v -0.032905 -0.078075 0.011019
v -0.044618 -0.076775 0.011414
v -0.049513 -0.016538 -0.049063
v -0.042585 -0.077688 0.014704
v -0.049211 -0.031816 -0.013198
v -0.036788 -0.078026 0.016264
v -0.043614 -0.076929 0.013675
v -0.049866 0.000130 -0.049967
v 0.001891 -0.077718 -0.066460
v -0.044173 -0.077047 0.019273
v -0.045268 -0.076734 0.016449
v -0.042851 -0.077765 0.018685
v -0.045939 -0.076242 0.018073
v -0.045657 -0.076558 0.020049
v -0.042485 -0.077762 0.022488
v -0.043416 -0.076129 -0.060288
v -0.049458 -0.017196 -0.012078
v -0.047451 -0.045163 -0.063188
v -0.047911 -0.044109 -0.064671
v -0.041602 -0.077349 -0.059348
v -0.038313 -0.077235 -0.059911
v -0.049481 -0.012389 -0.015989
v -0.032220 -0.077548 -0.061650
v -0.031588 -0.077497 -0.059107
v -0.042119 -0.076996 -0.055759
v -0.040806 -0.077377 -0.056289
v -0.043868 -0.076063 -0.055301
v -0.037152 -0.077225 -0.055904
v -0.035846 -0.077336 -0.052635
v -0.048433 -0.036344 -0.050669
v -0.041025 -0.077326 -0.052363
v -0.044433 -0.075700 -0.052046
v -0.041371 -0.056697 -0.102949
v -0.048186 -0.037871 -0.055068
v -0.037080 -0.053502 -0.104026
v -0.041019 -0.077303 -0.049168
v -0.042133 -0.077019 -0.051101
v -0.043191 -0.055004 -0.100378
v -0.041926 -0.051885 -0.102355
v -0.040876 -0.051733 -0.103263
v -0.048187 -0.041509 -0.046010
v -0.049249 -0.018699 0.001755
v -0.048608 -0.037781 -0.048412
v -0.035350 -0.049708 -0.104097
v -0.038682 -0.050829 -0.103786
v -0.044843 -0.055354 -0.098227
v -0.043524 -0.055651 -0.099616
v -0.044820 -0.053185 -0.098009
v -0.041755 -0.046439 -0.102733
v -0.042966 -0.048300 -0.100945
v -0.048459 -0.038101 -0.043724
v -0.040657 -0.045635 -0.103412
v -0.048771 -0.035599 -0.044814
v -0.037815 -0.046727 -0.103992
v -0.048482 -0.035441 -0.046607
v -0.025363 -0.077578 -0.055786
v -0.049029 -0.032854 -0.047292
v -0.034318 -0.040564 -0.104126
v -0.048738 -0.032410 -0.042711
v -0.049683 -0.010786 -0.019751
v -0.041471 -0.041663 -0.103177
v -0.038377 -0.039517 -0.103893
v -0.020550 -0.077606 -0.051445
v -0.049523 0.004041 -0.016143
v -0.014312 -0.077861 -0.054647
v -0.049295 -0.028059 -0.044864
v -0.008483 -0.077978 -0.052640
v -0.049551 -0.007001 -0.012743
v -0.035151 -0.035573 -0.104121
v -0.049273 -0.026202 -0.044553
v -0.013626 -0.077684 -0.051750
v -0.007731 -0.077833 -0.050204
v -0.010608 -0.077747 -0.048828
v -0.032567 -0.077472 -0.051156
v -0.028490 -0.077517 -0.049104
v -0.026775 -0.033020 -0.104290
v -0.043575 -0.076631 -0.019982
v -0.043008 -0.077172 -0.021894
v -0.041895 -0.077288 -0.017552
v -0.043673 -0.076837 -0.017806
v -0.026272 -0.077443 -0.046983
v -0.022163 -0.077626 -0.046659
v -0.042701 -0.076791 -0.015300
v -0.041346 -0.077645 -0.015666
v -0.049234 -0.009617 0.004401
v -0.019305 -0.077572 -0.048144
v -0.016553 -0.077563 -0.048261
v -0.015244 -0.077776 -0.043879
v -0.013642 -0.077915 -0.046401
v -0.011993 -0.077763 -0.045482
v -0.005897 -0.077991 -0.048965
v -0.007513 -0.078018 -0.045404
v -0.007057 -0.077867 -0.042067
v 0.045137 -0.049994 -0.055318
v 0.044456 -0.055586 -0.058217
v 0.044940 -0.050477 -0.057605
v 0.037991 -0.078620 0.002317
v 0.037811 -0.078862 0.006092
v 0.033521 -0.078825 0.006132
v 0.044545 -0.053929 -0.054221
v 0.045074 -0.053954 -0.062983
v 0.046077 -0.052345 -0.071283
v 0.045682 -0.050127 -0.063535
v 0.031976 -0.077727 -0.102430
v 0.031976 -0.077727 -0.102430
v 0.026676 -0.078090 -0.102281
v 0.026676 -0.078090 -0.102281
v 0.034317 -0.078079 -0.101559
v 0.044903 -0.050904 -0.051605
v 0.021816 -0.077938 -0.102399
v 0.021816 -0.077938 -0.102399
v 0.039301 -0.077272 0.001652
v 0.044157 -0.057634 -0.063069
v 0.044785 -0.056956 -0.068302
v 0.038704 -0.076715 0.007704
v 0.044157 -0.058059 -0.057134
v 0.044058 -0.054833 -0.048482
v 0.044662 -0.050557 -0.049082
v 0.038964 -0.075214 0.003063
v 0.036652 -0.078908 0.008434
v 0.022182 -0.077940 -0.094104
v 0.044051 -0.058417 -0.059975
v 0.026341 -0.077922 -0.095660
v 0.038118 -0.073933 0.009155
v 0.029265 -0.077836 -0.099886
v 0.045521 -0.047372 -0.057523
v 0.045453 -0.046302 -0.054103
v 0.038745 -0.077617 -0.098180
v 0.045162 -0.051415 -0.058676
v 0.045117 -0.047960 -0.050983
v 0.031913 -0.078952 0.008648
v 0.022381 -0.078596 -0.000509
v 0.030606 -0.079587 0.014832
v 0.026711 -0.079055 0.009005
v 0.034271 -0.079573 0.010465
v 0.042954 -0.059721 -0.044680
v 0.043805 -0.054541 -0.043972
v 0.036710 -0.078764 0.011104
v 0.043513 -0.053410 -0.039352
v 0.032167 -0.077821 -0.092533
v 0.038656 -0.077680 -0.095132
v 0.038348 -0.077126 0.009915
v 0.042427 -0.062098 -0.040781
v 0.041787 -0.069162 -0.049091
v 0.042550 -0.063780 -0.047972
v 0.046963 -0.051440 -0.078442
v 0.045933 -0.054759 -0.074491
v 0.046819 -0.053640 -0.080966
v 0.032734 -0.075577 -0.103481
v 0.037913 -0.077251 0.012416
v 0.037742 -0.077871 -0.102145
v 0.037742 -0.077871 -0.102145
v 0.047841 -0.050444 -0.085066
v 0.047437 -0.048630 -0.078833
v 0.028989 -0.073160 -0.103473
v 0.046924 -0.050166 -0.077539
v 0.038027 -0.070090 0.008843
v 0.042919 -0.058898 -0.040445
v 0.037323 -0.075101 0.014776
v 0.039305 -0.074809 -0.000949
v 0.039555 -0.077272 -0.002901
v 0.039801 -0.077022 -0.011084
v 0.041880 -0.064687 -0.031634
v 0.042486 -0.059492 -0.034347
v 0.048152 -0.047726 -0.085114
v 0.048337 -0.042208 -0.079391
v 0.040191 -0.072546 -0.012919
v 0.039547 -0.072300 -0.003958
v 0.047816 -0.043919 -0.077368
v 0.047227 -0.047167 -0.074293
v 0.040269 -0.066374 -0.009054
v 0.047460 -0.043832 -0.074342
v 0.039239 -0.066273 -0.102527
v 0.047114 -0.045754 -0.072095
v 0.048370 -0.045156 -0.084691
v 0.039249 -0.077938 -0.100305
v 0.048583 -0.042067 -0.084066
v 0.048923 -0.037792 -0.081656
v 0.041597 -0.077439 -0.101895
v 0.041597 -0.077439 -0.101895
v 0.041400 -0.077113 -0.100456
v 0.039752 -0.066689 -0.004643
v 0.038953 -0.076219 -0.103195
v 0.045225 -0.045603 -0.050057
v 0.041590 -0.076227 -0.102732
v 0.041590 -0.076227 -0.102732
v 0.038174 -0.064650 0.007630
v 0.038913 -0.073156 -0.102817
v 0.043170 -0.073730 -0.101723
v 0.042933 -0.076357 -0.102065
v 0.041840 -0.072897 -0.102268
v 0.041840 -0.072897 -0.102268
v 0.042987 -0.075454 -0.101535
v 0.048767 -0.036721 -0.083573
v 0.044225 -0.045433 -0.037790
v 0.044106 -0.072855 -0.099671
v 0.049001 -0.035657 -0.082589
v 0.040413 -0.059825 -0.008740
v 0.040717 -0.060544 -0.012789
v 0.049026 -0.035672 -0.084614
v 0.043102 -0.069329 -0.101591
v 0.048756 -0.036853 -0.077929
v 0.048754 -0.035682 -0.079953
v 0.045251 -0.038059 -0.042215
v 0.039336 -0.062058 -0.000973
v 0.048837 -0.032978 -0.083328
v 0.048907 -0.033314 -0.078471
v 0.041127 -0.077050 -0.099109
v 0.047900 -0.042450 -0.075109
v 0.039736 -0.054509 -0.003139
v 0.048118 -0.041214 -0.076591
v 0.040468 -0.077245 -0.096564
v 0.042096 -0.076669 -0.097711
v 0.041967 -0.074820 -0.098995
v 0.043759 -0.073413 -0.096889
v 0.046313 -0.044300 -0.060694
v 0.040554 -0.077427 -0.093386
v 0.048238 -0.038481 -0.075490
v 0.048384 -0.039792 -0.075201
v 0.042150 -0.076166 -0.095313
v 0.038816 -0.069623 0.003886
v 0.048042 -0.039693 -0.072198
v 0.046193 -0.042576 -0.057582
v 0.045681 -0.044003 -0.056216
v 0.043820 -0.071751 -0.097850
v 0.045537 -0.043047 -0.056765
v 0.045265 -0.069519 -0.098471
v 0.046538 -0.039654 -0.057723
v 0.046595 -0.044890 -0.064993
v 0.044243 -0.071896 -0.095282
v 0.045065 -0.069939 -0.095893
v 0.045923 -0.067808 -0.095661
v 0.048721 -0.036597 -0.074515
v 0.048638 -0.034950 -0.075852
v 0.045765 -0.043700 -0.053103
v 0.045843 -0.041419 -0.053477
v 0.036874 -0.068417 0.015346
v 0.045172 -0.046226 -0.052302
v 0.047621 -0.041593 -0.071031
v 0.045794 -0.039349 -0.049066
v 0.047853 -0.038300 -0.071073
v 0.045997 -0.041170 -0.056251
v 0.038639 -0.062098 0.003693
v 0.045849 -0.039840 -0.056234
v 0.048209 -0.036804 -0.072584
v 0.037680 -0.062953 0.009651
v 0.046317 -0.036784 -0.055465
v 0.046703 -0.036235 -0.056717
v 0.038454 -0.057620 -0.102405
v 0.046246 -0.036262 -0.052472
v 0.038992 -0.056315 0.002538
v 0.047391 -0.037121 -0.064431
v 0.047514 -0.030640 -0.059669
v 0.048727 -0.030713 -0.073749
v 0.048154 -0.031776 -0.068008
v 0.048250 -0.029613 -0.064550
v 0.038437 -0.055276 0.004986
v 0.042028 -0.067043 -0.102073
v 0.042028 -0.067043 -0.102073
v 0.037930 -0.060906 0.008535
v 0.043036 -0.064295 -0.101384
v 0.037929 -0.059350 0.007824
v 0.048801 -0.029529 -0.068785
v 0.047070 -0.031974 -0.056722
v 0.037954 -0.056191 0.008164
v 0.041940 -0.062104 -0.102025
v 0.041940 -0.062104 -0.102025
v 0.046369 -0.034373 -0.055334
v 0.046544 -0.033437 -0.053750
v 0.045003 -0.064047 -0.098931
v 0.045616 -0.065237 -0.097760
v 0.046036 -0.066902 -0.097441
v 0.013776 -0.079158 0.013617
v 0.047645 -0.026347 -0.057978
v 0.047768 -0.031130 -0.056934
v 0.047135 -0.030413 -0.055819
v 0.033634 -0.079903 0.017576
v 0.044738 -0.059417 -0.098672
v 0.045825 -0.061597 -0.097300
v 0.041729 -0.059485 -0.101988
v 0.041729 -0.059485 -0.101988
v 0.042945 -0.060363 -0.101326
v 0.042851 -0.058588 -0.101561
v 0.045922 -0.035549 -0.048835
v 0.033788 -0.080035 0.020815
v 0.041713 -0.053829 -0.101935
v 0.041713 -0.053829 -0.101935
v 0.035507 -0.079558 0.017561
v 0.042912 -0.054629 -0.101426
v 0.022882 -0.079901 0.025343
v 0.032746 -0.079714 0.023664
v 0.035603 -0.079705 0.022403
v 0.046267 -0.047087 -0.065921
v 0.036717 -0.078571 0.015658
v 0.037076 -0.077403 0.016851
v 0.047250 -0.043206 -0.071060
v 0.045638 -0.032554 -0.042814
v 0.036623 -0.078552 0.019256
v 0.036350 -0.071438 0.020064
v 0.046056 -0.034182 -0.050397
v 0.036297 -0.073886 0.019406
v 0.046288 -0.032003 -0.048549
v 0.046814 -0.027820 -0.051537
v 0.036246 -0.075921 0.021145
v 0.026815 -0.077767 -0.087464
v 0.036284 -0.071431 0.024402
v 0.039877 -0.077608 -0.086684
v 0.036453 -0.068280 0.019272
v 0.036830 -0.077340 0.020938
v 0.036881 -0.078449 0.022189
v 0.036139 -0.079292 0.026428
v 0.036682 -0.076142 0.024498
v 0.037184 -0.078130 0.024879
v 0.039861 -0.077610 -0.091331
v 0.040965 -0.077238 -0.088448
v 0.046008 -0.023224 -0.042320
v 0.025970 -0.079609 0.026842
v 0.042164 -0.057692 -0.025567
v 0.041198 -0.076956 -0.083521
v 0.041848 -0.076145 -0.084530
v 0.039244 -0.077615 -0.083240
v 0.018666 -0.079761 0.029497
v 0.008734 -0.079429 0.027505
v 0.043305 -0.050381 -0.032274
v 0.013261 -0.079457 0.032601
v 0.015947 -0.079368 0.033306
v 0.020177 -0.079641 0.032177
v -0.029395 -0.078051 0.010871
v 0.030143 -0.079577 0.033199
v 0.034545 -0.079702 0.028482
v 0.036909 -0.078277 0.030055
v 0.035877 -0.079193 0.031435
v -0.034425 -0.077917 0.015147
v 0.033395 -0.079664 0.031809
v 0.043654 -0.045314 -0.031105
v 0.037217 -0.077294 0.029656
v 0.037128 -0.078047 0.033301
v 0.035503 -0.079387 0.036986
v 0.036339 -0.066151 0.024213
v 0.037296 -0.077073 0.026049
v 0.043092 -0.042996 -0.024213
v 0.036824 -0.076131 0.027901
v -0.034161 -0.078051 0.020398
v -0.031216 -0.078291 0.019759
v 0.036682 -0.067936 0.031481
v 0.041460 -0.060773 -0.019597
v 0.041337 -0.055716 -0.015194
v 0.034909 -0.077783 -0.077254
v 0.031996 -0.077773 -0.074715
v 0.036946 -0.074466 0.030562
v 0.037517 -0.077566 -0.078021
v 0.039854 -0.077556 -0.079753
v 0.037101 -0.072576 0.035128
v 0.032948 -0.077861 -0.061840
v 0.042287 -0.049381 -0.020988
v -0.025017 -0.078419 0.023380
v 0.036466 -0.077803 -0.071636
v 0.041389 -0.076699 -0.079612
v 0.039652 -0.077614 -0.073704
v 0.037317 -0.064303 0.012638
v 0.041339 -0.077118 -0.076120
v 0.041250 -0.051730 -0.013246
v 0.036461 -0.055734 0.016517
v 0.041877 -0.074357 -0.077771
v 0.041122 -0.076940 -0.070667
v 0.041411 -0.076662 -0.073495
v -0.011698 -0.078711 0.020404
v 0.041530 -0.074908 -0.070836
v 0.042337 -0.072210 -0.074015
v 0.036249 -0.063964 0.021932
v 0.036245 -0.059386 0.019075
v -0.012430 -0.078701 0.028950
v 0.009241 -0.077838 -0.070971
v 0.014511 -0.077880 -0.067235
v -0.001866 -0.077811 -0.050635
v 0.036682 -0.053570 0.015568
v 0.038905 -0.048245 0.002115
v 0.007844 -0.077598 -0.068647
v 0.037391 -0.049279 0.010836
v 0.044727 -0.032229 -0.033633
v 0.011995 -0.077814 -0.060582
v -0.004301 -0.077935 -0.040271
v 0.025861 -0.077930 -0.056335
v 0.036447 -0.045788 0.017110
v 0.003133 -0.077907 -0.032567
v 0.006818 -0.077861 -0.043492
v 0.036420 -0.061979 0.026527
v -0.007233 -0.077738 -0.036943
v 0.036148 -0.055382 0.021058
v 0.035915 -0.056985 0.024276
v 0.036507 -0.064768 0.028130
v 0.036112 -0.058571 0.027713
v 0.036673 -0.062566 0.030602
v 0.004464 -0.077697 -0.060926
v 0.010750 -0.077877 -0.038647
v 0.043673 -0.036292 -0.026691
v 0.018305 -0.077981 -0.033361
v 0.017032 -0.077757 -0.038409
v 0.036186 -0.050635 0.020307
v 0.007222 -0.077647 -0.055344
v 0.036048 -0.047102 0.021586
v 0.044314 -0.027277 -0.028733
v 0.036012 -0.054413 0.026771
v 0.036219 -0.049206 0.024798
v 0.042488 -0.039799 -0.018852
v 0.012274 -0.077730 -0.047817
v 0.042439 -0.031851 -0.016817
v 0.040542 -0.055166 -0.008721
v 0.041110 -0.050690 -0.011183
v 0.040830 -0.044633 -0.008911
v 0.045274 -0.014887 -0.034412
v 0.044051 -0.015213 -0.025530
v 0.037915 -0.077528 -0.069318
v 0.040068 -0.077431 -0.069013
v 0.018915 -0.077973 -0.042512
v 0.036876 -0.077693 -0.067504
v 0.040675 -0.077205 -0.065631
v 0.041307 -0.076511 -0.065862
v 0.001873 -0.078093 -0.010426
v 0.023742 -0.077919 -0.047323
v 0.042946 -0.067521 -0.068215
v 0.040810 -0.036855 -0.007500
v 0.039508 -0.077505 -0.064167
v 0.036835 -0.077644 -0.062083
v 0.041050 -0.076348 -0.062615
v 0.040019 -0.077638 -0.061869
v -0.008638 -0.078171 -0.001592
v -0.010486 -0.078262 -0.000741
v 0.040170 -0.047311 -0.004351
v 0.041577 -0.074262 -0.065632
v 0.041687 -0.072853 -0.060529
v 0.042564 -0.067552 -0.059524
v 0.029072 -0.077992 -0.050984
v 0.034786 -0.077857 -0.057685
v 0.016919 -0.078603 0.001781
v 0.021069 -0.077975 -0.041457
v 0.039604 -0.042621 -0.001168
v 0.034249 -0.077838 -0.054550
v 0.039145 -0.078154 -0.053953
v 0.038051 -0.078093 -0.051625
v 0.007341 -0.078036 -0.021592
v 0.039886 -0.077837 -0.052245
v 0.039104 -0.078183 -0.049056
v 0.013787 -0.077793 -0.043054
v 0.010197 -0.077731 -0.042539
v 0.038104 -0.077892 -0.060803
v 0.039410 -0.077959 -0.057294
v 0.040925 -0.077047 -0.057954
v 0.040388 -0.037123 -0.005673
v -0.019644 -0.077920 -0.003205
v 0.039914 -0.033788 -0.002543
v 0.039195 -0.036627 0.000849
v 0.040769 -0.076914 -0.053446
v 0.041028 -0.074623 -0.054600
v -0.020981 -0.078154 0.001986
v 0.042280 -0.067346 -0.053626
v 0.040744 -0.076926 -0.050184
v 0.041997 -0.076444 -0.092647
v 0.041250 -0.033470 -0.010392
v 0.043298 -0.072780 -0.093904
v 0.042375 -0.074361 -0.088874
v 0.032779 -0.077954 -0.047558
v 0.042117 -0.075977 -0.089826
v 0.041846 -0.075664 -0.087103
v -0.010174 -0.078265 0.002616
v 0.042818 -0.024749 -0.018308
v 0.044498 -0.069033 -0.092685
v 0.044600 -0.067798 -0.089341
v 0.036189 -0.077879 -0.047544
v 0.043387 -0.070933 -0.087290
v 0.042825 -0.072205 -0.083114
v 0.039284 -0.078212 -0.045432
v 0.024133 -0.078154 -0.040077
v 0.042626 -0.019267 -0.016726
v 0.031350 -0.078116 -0.041837
v 0.046920 -0.064698 -0.095353
v 0.035688 -0.077989 -0.042759
v 0.045396 -0.065970 -0.092871
v 0.010408 -0.078178 -0.006233
v 0.012577 -0.078283 -0.007270
v 0.014871 -0.078211 -0.009064
v 0.041760 -0.025179 -0.012170
v 0.046166 -0.063467 -0.092224
v 0.047251 -0.061546 -0.094025
v 0.045579 -0.060128 -0.097956
v 0.046950 -0.060158 -0.095469
v 0.040957 -0.028743 -0.008022
v 0.046822 -0.062588 -0.096011
v 0.040621 -0.031880 -0.005858
v 0.034463 -0.078058 -0.039549
v 0.021134 -0.078399 -0.005031
v 0.047403 -0.058133 -0.094620
v 0.040584 -0.077092 -0.044700
v 0.047719 -0.058831 -0.093312
v 0.045147 -0.063184 -0.082351
v 0.038515 -0.078236 -0.042857
v 0.040077 -0.077807 -0.042090
v 0.047010 -0.059765 -0.091515
v 0.016722 -0.078417 -0.004013
v 0.039798 -0.028358 -0.002026
v 0.039048 -0.078247 -0.040983
v 0.047892 -0.055703 -0.091923
v 0.046526 -0.059499 -0.087745
v 0.040000 -0.024605 -0.002469
v 0.017544 -0.078401 -0.000979
v 0.040584 -0.077085 -0.038560
v 0.027482 -0.078282 -0.008489
v 0.040544 -0.075954 -0.038935
v 0.040947 -0.073821 -0.045409
v 0.039667 -0.019875 -0.000228
v 0.040138 -0.018301 -0.003385
v 0.041826 -0.023390 -0.013212
v 0.038016 -0.078447 -0.006151
v 0.041720 -0.022224 -0.011670
v 0.040456 -0.016651 -0.004595
v 0.042663 -0.004687 -0.015915
v 0.046673 -0.057269 -0.083852
v 0.046584 -0.055139 -0.082816
v 0.046579 -0.056125 -0.081851
v 0.045403 -0.060145 -0.079491
v 0.046029 -0.055633 -0.078358
v 0.041168 -0.072344 -0.041154
v 0.043891 -0.067199 -0.079676
v 0.038054 -0.043814 0.007500
v 0.036744 -0.043132 0.014301
v 0.038239 -0.041072 0.006266
v 0.043005 -0.068830 -0.074260
v 0.037980 -0.039518 0.008049
v 0.037302 -0.041923 0.010986
v 0.043797 -0.065945 -0.074583
v 0.038673 -0.034998 0.004328
v 0.044658 -0.061994 -0.076339
v 0.038802 -0.030767 0.003422
v 0.026191 -0.078105 -0.037680
v 0.038442 -0.038338 0.006668
v 0.038658 -0.034181 0.006373
v 0.038009 -0.034048 0.007700
v 0.032999 -0.078157 -0.033111
v 0.035117 -0.078011 -0.036111
v 0.038388 -0.031534 0.006893
v 0.037289 -0.035109 0.011214
v 0.042080 -0.049565 -0.101843
v 0.037538 -0.029388 0.010485
v 0.036973 -0.041781 0.013892
v 0.037098 -0.037932 0.013273
v 0.036334 -0.039304 0.017227
v 0.025974 -0.078187 -0.033918
v 0.042858 -0.051049 -0.101431
v 0.042082 -0.049575 -0.101871
v 0.043125 -0.047319 -0.101008
v 0.043536 -0.049013 -0.099981
v 0.038169 -0.029486 0.008790
v 0.044875 -0.055661 -0.098485
v 0.036734 -0.031645 0.015690
v 0.036455 -0.037099 0.017593
v 0.040669 -0.066492 -0.016342
v 0.043645 -0.052381 -0.100001
v 0.036132 -0.031683 0.018706
v 0.035998 -0.034421 0.019149
v 0.041121 -0.061258 -0.016420
v 0.045593 -0.052978 -0.097577
v 0.045943 -0.054650 -0.096671
v 0.039116 -0.078181 -0.038419
v 0.036377 -0.029134 0.018005
v 0.045777 -0.050987 -0.096764
v 0.045332 -0.049025 -0.097623
v 0.044732 -0.047392 -0.098457
v 0.048061 -0.053625 -0.093264
v 0.038417 -0.078396 -0.034409
v -0.022879 -0.078132 0.006491
v 0.039514 -0.077975 -0.034667
v 0.048260 -0.051681 -0.090663
v 0.039057 -0.024566 0.001903
v 0.040815 -0.073979 -0.038128
v 0.047134 -0.050388 -0.094768
v 0.038241 -0.027726 0.006990
v 0.040353 -0.076994 -0.032912
v 0.038389 -0.025175 0.006022
v 0.047457 -0.046527 -0.093876
v 0.046749 -0.046300 -0.095371
v 0.048549 -0.048635 -0.091714
v 0.038325 -0.025619 0.007799
v 0.038705 -0.020821 0.004590
v 0.038087 -0.078357 -0.029257
v 0.038263 -0.022661 0.008364
v 0.039698 -0.077759 -0.031161
v 0.039409 -0.078150 -0.029031
v -0.001631 -0.078927 0.017782
v 0.042626 -0.046006 -0.101721
v 0.042626 -0.046006 -0.101721
v 0.041572 -0.042421 -0.101851
v 0.040312 -0.075657 -0.032451
v -0.000609 -0.078804 0.012110
v 0.040239 -0.076851 -0.028238
v 0.042706 -0.043375 -0.101388
v 0.042706 -0.043375 -0.101388
v 0.045769 -0.040740 -0.096657
v 0.042586 -0.040088 -0.101436
v 0.042593 -0.040091 -0.101441
v 0.047294 -0.040845 -0.094216
v 0.038478 -0.017436 0.005614
v 0.039401 -0.014635 0.001367
v 0.039727 -0.012862 -0.001026
v 0.041347 -0.069366 -0.034184
v 0.042120 -0.037700 -0.101671
v 0.042120 -0.037700 -0.101671
v 0.044597 -0.036611 -0.098285
v 0.037322 -0.026696 0.011262
v 0.037705 -0.024661 0.009749
v 0.038144 -0.020756 0.008345
v 0.038295 -0.017889 0.008593
v 0.036204 -0.026412 0.019107
v 0.040576 -0.072917 -0.028338
v 0.036492 -0.018325 0.017632
v 0.036187 -0.019301 0.019501
v 0.047663 -0.053381 -0.086185
v 0.047137 -0.054002 -0.084951
v 0.037422 -0.015487 0.011648
v 0.048242 -0.050186 -0.087782
v 0.048551 -0.046001 -0.088379
v 0.048403 -0.049888 -0.086046
v 0.048495 -0.046876 -0.086329
v -0.009363 -0.077800 -0.029683
v 0.038082 -0.015924 0.009331
v 0.004542 -0.079264 0.018295
v 0.038316 -0.012332 0.007317
v 0.038623 -0.009353 0.005508
v -0.002743 -0.077942 -0.033772
v 0.038111 -0.013812 0.010100
v 0.037664 -0.012537 0.011367
v 0.038148 -0.009300 0.007436
v 0.002300 -0.079233 0.024551
v 0.037787 -0.009788 0.011018
v 0.048883 -0.043113 -0.090671
v 0.048591 -0.033618 -0.091711
v 0.046961 -0.035229 -0.094646
v 0.049139 -0.036925 -0.089455
v 0.048847 -0.042550 -0.085200
v 0.048699 -0.042146 -0.086518
v 0.049005 -0.039780 -0.085710
v 0.049271 -0.033172 -0.084795
v 0.036418 -0.040270 0.017573
v 0.036027 -0.041933 0.021659
v 0.043479 -0.065916 -0.070602
v 0.043628 -0.064949 -0.072098
v 0.036288 -0.036859 0.019496
v 0.044507 -0.058591 -0.066817
v -0.006338 -0.078869 0.033364
v 0.044051 -0.060774 -0.064776
v 0.044903 -0.058951 -0.071527
v 0.045598 -0.057346 -0.074813
v 0.038281 -0.078454 -0.003657
v 0.039038 -0.078147 -0.007825
v 0.045367 -0.056287 -0.072936
v 0.043546 -0.062502 -0.062427
v 0.042838 -0.064588 -0.055754
v 0.043294 -0.063255 -0.057456
v 0.043433 -0.060165 -0.052722
v 0.027097 -0.078161 -0.024622
v 0.029443 -0.078218 -0.019336
v 0.031336 -0.078211 -0.013194
v 0.033657 -0.078240 -0.021233
v 0.038587 -0.078381 -0.011152
v 0.038567 -0.078306 -0.025973
v 0.039760 -0.077481 -0.025771
v 0.039487 -0.078159 -0.024336
v 0.040185 -0.077198 -0.023619
v 0.040220 -0.075024 -0.025036
v 0.038600 -0.078353 -0.022320
v 0.039604 -0.078011 -0.020368
v 0.040199 -0.074393 -0.019730
v 0.038848 -0.078275 -0.017543
v 0.040110 -0.076941 -0.016348
v 0.041022 -0.068764 -0.025095
v 0.040565 -0.070897 -0.022751
v 0.041024 -0.067063 -0.022121
v 0.041147 -0.062517 -0.019326
v 0.039458 -0.077944 -0.013426
v 0.043355 -0.059858 -0.049106
v -0.014598 0.078588 -0.085555
v -0.002705 0.078339 -0.086728
v -0.021281 0.078523 -0.087761
v -0.049611 0.013291 -0.041967
v -0.049733 0.015269 -0.049770
v -0.049840 0.005481 -0.046649
v 0.049055 0.037732 -0.091437
v 0.048548 0.035435 -0.093407
v 0.048618 0.039519 -0.093824
v 0.048861 0.040386 -0.087042
v 0.049318 0.032970 -0.088885
v -0.024984 0.078886 -0.091524
v -0.024192 0.078697 -0.085619
v -0.020940 -0.016484 -0.104812
v -0.049797 0.014450 -0.043139
v -0.049590 0.016029 -0.047219
v 0.030020 0.037184 -0.102264
v 0.031242 0.045782 -0.101982
v 0.038963 0.037953 -0.100832
v -0.049809 0.017476 -0.045818
v -0.049709 0.018675 -0.048107
v -0.043865 0.005688 -0.099784
v -0.046130 0.003570 -0.095804
v -0.045601 0.008558 -0.097379
v -0.045961 0.007666 -0.096134
v -0.019415 0.078513 -0.083998
v -0.038493 -0.014322 -0.103771
v -0.031805 -0.012571 -0.104247
v 0.039083 0.044091 -0.100659
v -0.004362 0.078538 -0.085440
v -0.017630 0.078442 -0.080350
v -0.011607 0.078391 -0.080526
v -0.009864 0.078379 -0.083770
v -0.042350 -0.010017 -0.102345
v -0.040468 -0.011019 -0.103238
v -0.042138 -0.014864 -0.102475
v -0.043129 -0.012681 -0.100802
v -0.049588 0.012013 -0.033900
v 0.041367 0.036770 -0.100657
v 0.041367 0.036770 -0.100657
v 0.042240 0.038914 -0.100214
v 0.042989 0.035601 -0.099504
v 0.041025 0.039949 -0.100701
v 0.041025 0.039949 -0.100701
v 0.043672 0.040200 -0.098792
v 0.041081 0.044167 -0.100522
v 0.041081 0.044167 -0.100522
v 0.045458 0.036031 -0.097126
v -0.000191 0.078494 -0.095787
v 0.042305 0.042108 -0.099964
v -0.042410 -0.002604 -0.102337
v -0.040294 -0.006391 -0.103398
v 0.044807 0.044695 -0.098053
v -0.037924 -0.010349 -0.103782
v 0.005719 0.078172 -0.086655
v 0.001679 0.078210 -0.084373
v 0.004995 0.078416 -0.085488
v -0.037731 -0.001557 -0.103783
v 0.033585 0.051251 -0.101541
v -0.006449 0.078326 -0.080113
v -0.001433 0.078329 -0.084203
v 0.039060 0.053894 -0.100505
v 0.041242 0.049547 -0.100362
v 0.041242 0.049547 -0.100362
v -0.026860 -0.016795 -0.104556
v 0.042506 0.046331 -0.099825
v 0.001560 0.078347 -0.081552
v 0.005813 0.078107 -0.081826
v 0.003037 0.078101 -0.080228
v 0.007597 0.078021 -0.083032
v -0.030503 0.078595 -0.083446
v 0.044135 0.047212 -0.098484
v -0.025336 0.078578 -0.078371
v -0.049499 0.015260 -0.042337
v 0.046870 0.045660 -0.096357
v -0.049567 0.016785 -0.040431
v -0.049331 0.028785 -0.044964
v -0.015986 0.078452 -0.075650
v -0.049642 0.019347 -0.043456
v -0.030360 0.078617 -0.072901
v 0.047034 0.041023 -0.095683
v 0.046861 0.037256 -0.095633
v -0.018354 0.078519 -0.076321
v -0.018675 -0.012661 -0.104721
v -0.013299 -0.015102 -0.104897
v 0.047870 0.035915 -0.094705
v -0.017819 0.078549 -0.073539
v -0.049581 0.015224 -0.037728
v 0.047544 0.043159 -0.095379
v 0.048834 0.041666 -0.093165
v -0.049352 0.014245 -0.034493
v 0.048930 0.040966 -0.091068
v -0.016602 0.078373 -0.071503
v -0.009004 0.078393 -0.075405
v 0.048811 0.043574 -0.092827
v -0.049672 0.015466 -0.033721
v -0.049442 0.018722 -0.033377
v -0.030525 0.003010 -0.104364
v -0.049500 0.020287 -0.037954
v -0.049620 0.019788 -0.036420
v 0.046302 0.048187 -0.097119
v 0.048426 0.045036 -0.094072
v -0.038353 0.006814 -0.103555
v -0.049674 0.023718 -0.053693
v -0.049812 0.019183 -0.057716
v -0.049751 0.016965 -0.052417
v 0.046953 0.051145 -0.096451
v 0.048159 0.048941 -0.094104
v -0.049624 0.022602 -0.049727
v 0.048237 0.047496 -0.091826
v -0.002015 0.078113 -0.077746
v -0.049474 0.030901 -0.058906
v 0.001568 0.078197 -0.077564
v 0.004494 0.078046 -0.075620
v 0.010941 0.052095 -0.104645
v 0.008590 0.060503 -0.104198
v -0.018114 0.020007 -0.104777
v 0.004530 0.078083 -0.073021
v 0.014454 0.054824 -0.103544
v 0.012580 0.052199 -0.104518
v 0.013633 0.057826 -0.103706
v 0.011789 0.060412 -0.104405
v -0.003128 0.078190 -0.070144
v 0.013820 0.060285 -0.103405
v 0.015891 0.058591 -0.103348
v -0.000359 0.078090 -0.071831
v -0.049443 0.027364 -0.048744
v 0.019756 0.056797 -0.103113
v 0.018723 0.049525 -0.103397
v 0.022729 0.054786 -0.102892
v 0.022730 0.056580 -0.102988
v 0.013387 0.063190 -0.103437
v 0.012054 0.064638 -0.104114
v 0.008446 0.066437 -0.103929
v -0.024742 0.009533 -0.104625
v 0.015068 0.066426 -0.103262
v 0.022481 0.064189 -0.102826
v 0.024748 0.058519 -0.102605
v -0.044845 -0.012979 -0.097743
v -0.044569 -0.007602 -0.098116
v 0.025923 0.048809 -0.102760
v -0.046001 -0.011339 -0.094805
v -0.049388 0.036037 -0.066960
v 0.011941 0.066704 -0.104622
v 0.013545 0.066240 -0.103646
v 0.012133 0.067981 -0.104435
v 0.029414 0.051572 -0.102008
v -0.045706 -0.005088 -0.096536
v 0.028685 0.055742 -0.102184
v 0.017507 0.068935 -0.103177
v 0.023797 0.067355 -0.102626
v 0.012596 0.068325 -0.103243
v 0.010612 0.070206 -0.103200
v 0.010612 0.070206 -0.103200
v -0.046953 -0.010675 -0.093010
v -0.048980 0.036021 -0.048140
v 0.031119 0.055926 -0.101746
v -0.046773 -0.007157 -0.093608
v -0.047233 -0.011854 -0.091524
v 0.023038 0.069315 -0.102767
v -0.048644 0.043228 -0.055838
v -0.047602 -0.007477 -0.090928
v 0.032880 0.056383 -0.101664
v 0.011198 0.073365 -0.103204
v -0.046137 -0.004876 -0.094862
v 0.017753 0.073780 -0.103070
v -0.047103 -0.002958 -0.093109
v 0.023658 0.074107 -0.102635
v -0.043329 -0.002424 -0.100610
v 0.030341 0.070200 -0.101791
v 0.029220 0.061492 -0.101988
v 0.011110 0.074535 -0.102671
v 0.018711 0.075251 -0.102537
v -0.042265 0.002858 -0.102248
v -0.049396 0.023680 -0.042027
v -0.049420 0.027940 -0.042338
v 0.029066 0.064621 -0.101899
v 0.031735 0.059179 -0.101545
v -0.039790 0.004726 -0.103318
v 0.035930 0.060633 -0.100964
v -0.049303 0.026369 -0.039586
v -0.049047 0.031932 -0.040484
v 0.036113 0.067636 -0.100862
v -0.045897 0.000899 -0.096334
v -0.047594 -0.000399 -0.092306
v -0.049375 0.022506 -0.034674
v -0.047786 0.001851 -0.091513
v 0.041545 0.065573 -0.099782
v -0.049329 0.029542 -0.039089
v -0.042471 0.006467 -0.102000
v -0.042213 0.009683 -0.102010
v -0.040492 0.010670 -0.102914
v 0.040247 0.069698 -0.099999
v 0.040247 0.069698 -0.099999
v 0.035165 0.074472 -0.100912
v -0.042314 0.012651 -0.101914
v 0.041555 0.054309 -0.100052
v 0.041555 0.054309 -0.100052
v -0.045656 0.013272 -0.097447
v -0.038354 0.014127 -0.103437
v -0.040295 0.014365 -0.102554
v 0.016955 0.078238 -0.097552
v 0.013617 0.077996 -0.086727
v 0.043960 0.052564 -0.098715
v -0.043623 0.015376 -0.100658
v -0.041711 0.017527 -0.101992
v -0.048784 0.038537 -0.044152
v 0.019741 0.077671 -0.088774
v -0.044667 0.017976 -0.099088
v 0.047273 0.055715 -0.096389
v 0.046563 0.058447 -0.096831
v 0.047787 0.052001 -0.094910
v 0.047473 0.054479 -0.093251
v 0.046543 0.059225 -0.094829
v 0.047197 0.052804 -0.096796
v 0.046412 0.055450 -0.097314
v 0.045968 0.059862 -0.095830
v 0.046586 0.056826 -0.091007
v 0.045802 0.060808 -0.091932
v -0.042166 0.023435 -0.102060
v -0.042980 0.019839 -0.101261
v 0.041407 0.057730 -0.100016
v 0.041407 0.057730 -0.100016
v -0.038440 0.021324 -0.103266
v 0.045808 0.059487 -0.089895
v -0.032450 0.024435 -0.104120
v -0.043990 0.021966 -0.099975
v 0.045337 0.060076 -0.085369
v 0.044445 0.063939 -0.089158
v -0.048581 0.042429 -0.045150
v 0.041364 0.060699 -0.099919
v 0.041364 0.060699 -0.099919
v 0.047757 0.050718 -0.091772
v -0.038853 0.026678 -0.103171
v 0.043839 0.058779 -0.098784
v 0.047210 0.053473 -0.091791
v 0.047379 0.051676 -0.089725
v 0.047408 0.050081 -0.088812
v 0.047834 0.048849 -0.088661
v 0.046547 0.054638 -0.091659
v 0.046866 0.052773 -0.088271
v 0.046796 0.054487 -0.089089
v 0.047459 0.048789 -0.086380
v 0.047239 0.051337 -0.085664
v 0.046315 0.057171 -0.097669
v 0.045850 0.060437 -0.097871
v 0.046781 0.053275 -0.086382
v 0.046572 0.052767 -0.083707
v 0.045535 0.058184 -0.083929
v -0.049580 0.013418 -0.032189
v 0.041548 0.065573 -0.099798
v 0.043955 0.065155 -0.098827
v -0.049285 0.015367 -0.028293
v -0.049364 0.014763 -0.031051
v 0.044518 0.066446 -0.097818
v 0.044831 0.063244 -0.096102
v 0.043262 0.066914 -0.096215
v 0.045822 0.061611 -0.097331
v -0.046943 0.003160 -0.094570
v -0.047438 0.003808 -0.092503
v -0.046935 0.007581 -0.094396
v 0.045181 0.063399 -0.092573
v 0.045355 0.063162 -0.094766
v -0.047901 0.005455 -0.091516
v 0.045175 0.064485 -0.093508
v -0.048220 0.006618 -0.089630
v 0.044078 0.066900 -0.094766
v 0.041999 0.068367 -0.099619
v -0.049353 0.017530 -0.024787
v -0.047712 -0.008168 -0.089172
v -0.048179 -0.008764 -0.087660
v 0.041819 0.070314 -0.099362
v 0.043906 0.068814 -0.097911
v 0.043906 0.068814 -0.097911
v -0.049038 0.017185 -0.032077
v -0.048331 -0.007761 -0.084993
v -0.048842 -0.006697 -0.083606
v 0.042037 0.069734 -0.096334
v 0.042323 0.071870 -0.097579
v -0.049220 0.019505 -0.030500
v -0.012016 0.019898 -0.104830
v 0.044932 0.062515 -0.091432
v 0.043950 0.066369 -0.091164
v 0.044293 0.065845 -0.093747
v -0.049043 0.020497 -0.032717
v -0.048863 0.025997 -0.033556
v -0.049312 0.025022 -0.030912
v -0.047956 -0.002932 -0.089149
v -0.048415 -0.000890 -0.087876
v 0.043394 0.066807 -0.088075
v 0.043444 0.068179 -0.094901
v 0.042952 0.069847 -0.092170
v 0.041881 0.073002 -0.094997
v 0.043054 0.070244 -0.094465
v 0.041828 0.073275 -0.093200
v -0.049135 0.024364 -0.026983
v -0.049002 0.027402 -0.029914
v -0.048467 -0.009632 -0.083789
v -0.049135 -0.008773 -0.082134
v 0.044660 0.061448 -0.084308
v 0.044415 0.063022 -0.086612
v 0.043696 0.065429 -0.083785
v 0.044034 0.062710 -0.080573
v 0.046277 0.055213 -0.084375
v 0.045877 0.055564 -0.082857
v 0.046440 0.052406 -0.080819
v -0.049289 -0.005378 -0.079322
v -0.048985 -0.005122 -0.082824
v 0.045127 0.058276 -0.079142
v -0.048888 -0.001441 -0.083692
v -0.049033 0.027050 -0.019431
v 0.044720 0.059780 -0.082203
v 0.044405 0.060948 -0.078656
v 0.045704 0.056170 -0.078952
v 0.045945 0.053499 -0.077902
v 0.044522 0.059612 -0.075970
v -0.049013 0.026453 -0.023318
v -0.047789 0.000067 -0.089922
v -0.032435 0.012743 -0.104210
v -0.047885 0.003627 -0.089984
v 0.043399 0.065439 -0.078074
v 0.044261 0.064358 -0.086751
v -0.048849 0.034179 -0.037854
v 0.043183 0.066713 -0.085192
v 0.043223 0.067788 -0.086784
v -0.048482 -0.000138 -0.085990
v -0.048447 0.002304 -0.088366
v -0.049181 0.028313 -0.036119
v 0.042767 0.068967 -0.084579
v 0.042309 0.070693 -0.088918
v -0.049226 0.000863 -0.082767
v 0.041437 0.072931 -0.090349
v 0.041418 0.072072 -0.085904
v -0.048878 0.029375 -0.034028
v 0.042641 0.069543 -0.086517
v -0.027483 0.019997 -0.104415
v -0.048560 0.034918 -0.035992
v -0.049281 0.028643 -0.032354
v -0.027284 0.024124 -0.104528
v 0.043217 0.065450 -0.080693
v -0.048815 0.006008 -0.085367
v -0.048573 0.009263 -0.088599
v 0.042563 0.068405 -0.080115
v 0.041783 0.071538 -0.083244
v -0.049051 0.032001 -0.033478
v 0.040611 0.075709 -0.085893
v -0.048834 0.031355 -0.030566
v -0.049204 -0.006248 -0.074898
v -0.049270 -0.003225 -0.077414
v 0.041717 0.071214 -0.078757
v -0.049538 -0.005280 -0.076811
v -0.048838 0.035326 -0.032576
v -0.048317 0.038565 -0.032502
v -0.049202 -0.001813 -0.080233
v -0.049405 -0.002926 -0.081705
v -0.048581 0.038203 -0.037995
v 0.025589 0.075651 -0.101845
v 0.031762 0.075960 -0.100998
v 0.032913 0.077442 -0.100826
v 0.032913 0.077442 -0.100826
v 0.008746 0.076795 -0.102772
v 0.008746 0.076795 -0.102772
v 0.017047 0.076902 -0.102546
v 0.017047 0.076902 -0.102546
v -0.048949 0.036022 -0.037399
v -0.048438 0.040212 -0.038519
v 0.022084 0.077003 -0.102228
v 0.022084 0.077003 -0.102228
v 0.018416 0.077828 -0.102096
v 0.015589 0.078235 -0.101997
v -0.049448 -0.000183 -0.077269
v -0.049372 0.002263 -0.080173
v 0.020361 0.078185 -0.101988
v 0.022513 0.077966 -0.101664
v 0.019477 0.077997 -0.100611
v -0.048101 0.045425 -0.040001
v 0.025082 0.078174 -0.100873
v 0.013611 0.078273 -0.099352
v 0.008953 0.078208 -0.101951
v 0.020390 0.078221 -0.098782
v 0.000420 -0.023888 -0.104922
v -0.048140 0.038668 -0.036379
v 0.026367 0.077300 -0.101730
v 0.026367 0.077300 -0.101730
v 0.025277 0.077438 -0.098767
v -0.049230 -0.003451 -0.074652
v -0.048179 0.041896 -0.035172
v 0.028570 0.078461 -0.100586
v -0.007214 -0.018529 -0.104965
v -0.048572 0.038647 -0.034502
v -0.047855 0.042545 -0.037332
v 0.023243 0.078308 -0.097948
v 0.029570 0.077095 -0.097556
v 0.027999 0.078000 -0.096596
v -0.047821 0.043944 -0.034097
v -0.049700 -0.002293 -0.075724
v -0.049134 -0.001017 -0.076011
v -0.049278 -0.001344 -0.074338
v -0.049629 -0.000318 -0.075550
v -0.049417 0.001561 -0.076171
v 0.040737 0.073708 -0.099728
v 0.040737 0.073708 -0.099728
v -0.049322 0.001945 -0.074010
v 0.037559 0.077144 -0.099982
v 0.037559 0.077144 -0.099982
v -0.008590 -0.014901 -0.104834
v 0.001649 -0.025201 -0.104723
v 0.040621 0.074979 -0.098926
v 0.040014 0.076655 -0.099123
v 0.040014 0.076655 -0.099123
v 0.040014 0.076655 -0.099123
v 0.030761 0.078079 -0.098841
v -0.049410 0.007008 -0.082896
v -0.048956 0.030359 -0.027244
v 0.032862 0.077143 -0.096498
v 0.034249 0.077692 -0.097300
v 0.032175 0.077760 -0.095232
v 0.039001 0.076163 -0.096153
v 0.039001 0.076163 -0.096153
v 0.040890 0.072975 -0.096474
v 0.037740 0.077061 -0.097640
v -0.049216 0.006509 -0.081304
v 0.013578 -0.024430 -0.104840
v 0.036723 0.077261 -0.095193
v -0.049435 0.006425 -0.079098
v 0.036715 0.077610 -0.096597
v -0.049084 0.009236 -0.084945
v 0.036660 0.077324 -0.093900
v 0.038837 0.076860 -0.092184
v 0.038837 0.076860 -0.092184
v 0.039673 0.076620 -0.094150
v 0.039673 0.076620 -0.094150
v 0.002904 -0.018453 -0.104877
v 0.005546 -0.020987 -0.104911
v 0.040591 0.075442 -0.094618
v 0.032472 0.077961 -0.099960
v 0.036933 0.077736 -0.099449
v -0.048472 0.036971 -0.024387
v 0.010579 -0.019718 -0.104872
v -0.048368 0.039874 -0.029612
v 0.019618 0.077750 -0.094455
v 0.021389 0.077947 -0.093363
v -0.049419 0.004952 -0.076637
v -0.049620 0.003290 -0.075732
v -0.049393 0.005444 -0.073277
v -0.049699 0.005524 -0.075036
v -0.047976 0.041334 -0.023705
v -0.048380 0.036700 -0.011807
v 0.024287 0.077713 -0.090351
v -0.004054 -0.012586 -0.104847
v 0.002108 -0.014410 -0.104917
v -0.049345 0.012345 -0.081531
v -0.006512 0.000510 -0.104781
v 0.029874 0.077519 -0.092548
v -0.049724 0.011343 -0.075629
v -0.049482 0.012775 -0.077670
v 0.036834 0.077081 -0.091230
v -0.046362 0.011529 -0.095739
v -0.047876 0.046531 -0.031407
v 0.008460 -0.014864 -0.104879
v -0.047599 0.050859 -0.028599
v 0.039343 0.076787 -0.089821
v 0.039343 0.076787 -0.089821
v 0.028068 0.077509 -0.087749
v -0.047766 0.011775 -0.092380
v 0.021283 0.077782 -0.087043
v 0.013640 -0.015216 -0.104740
v 0.019048 0.077752 -0.084447
v -0.004703 -0.003824 -0.104881
v 0.039020 0.076976 -0.084453
v -0.046035 0.018035 -0.096808
v -0.047292 0.014604 -0.093626
v -0.047104 0.016958 -0.094494
v 0.013253 -0.003423 -0.104769
v -0.047973 0.011162 -0.090367
v 0.007684 -0.004835 -0.104718
v -0.047890 0.014346 -0.091484
v 0.040795 0.075468 -0.092324
v -0.048602 0.014101 -0.088854
v 0.040822 0.075418 -0.088529
v 0.036268 -0.033254 -0.102260
v -0.047991 0.018310 -0.091687
v 0.039072 0.076879 -0.087353
v 0.039072 0.076879 -0.087353
v -0.048446 0.015333 -0.088945
v 0.039002 0.077003 -0.083616
v 0.034929 0.077193 -0.080955
v 0.040721 0.075538 -0.082141
v 0.037541 -0.024166 -0.101986
v -0.045245 0.020484 -0.097750
v 0.010456 0.078113 -0.085057
v -0.046511 0.020720 -0.096129
v 0.014513 0.078173 -0.085353
v 0.009870 0.078010 -0.080492
v 0.013473 0.077897 -0.083258
v -0.045484 0.023206 -0.097710
v -0.049116 0.015676 -0.005075
v -0.046685 0.024296 -0.095713
v 0.015335 -0.026504 -0.103887
v 0.015532 -0.029461 -0.104000
v -0.044461 0.025528 -0.099675
v 0.017981 -0.029604 -0.103651
v -0.042474 0.027571 -0.101949
v -0.048936 0.042986 -0.065511
v 0.015208 -0.019161 -0.103791
v 0.013669 -0.020012 -0.104674
v -0.047930 0.019897 -0.092436
v -0.047938 0.054109 -0.065983
v -0.048530 0.050269 -0.070072
v -0.047363 0.021729 -0.093696
v 0.019186 0.077753 -0.079337
v -0.048272 0.021410 -0.091124
v -0.048750 0.018445 -0.087948
v 0.015331 0.077799 -0.077286
v 0.011213 0.077847 -0.076447
v 0.021631 -0.014798 -0.103374
v 0.019946 0.077667 -0.075580
v -0.047768 0.030072 -0.093378
v -0.046470 0.029162 -0.096179
v -0.047365 0.058833 -0.065714
v -0.047744 0.058598 -0.070505
v -0.047883 0.051285 -0.054408
v 0.028933 0.077423 -0.075978
v 0.030730 -0.017539 -0.102627
v -0.049044 0.014418 -0.085084
v -0.047592 0.055398 -0.059819
v -0.049343 0.015521 -0.083419
v 0.015302 -0.013910 -0.103792
v -0.047001 0.059024 -0.060823
v 0.031849 0.077267 -0.073747
v -0.047273 0.056882 -0.055022
v 0.009372 0.078080 -0.074278
v -0.049142 0.019966 -0.085456
v -0.049087 0.018534 -0.083934
v -0.049441 0.019648 -0.083279
v -0.049406 0.014506 -0.080530
v 0.015689 0.077855 -0.073695
v 0.011089 0.077882 -0.071268
v -0.049467 0.018451 -0.079449
v 0.014937 -0.004000 -0.103779
v 0.022072 -0.007162 -0.103300
v -0.049767 0.019438 -0.078461
v -0.049483 0.022554 -0.079244
v -0.048617 0.025267 -0.089349
v 0.036866 -0.018215 -0.102031
v -0.048816 0.024627 -0.086545
v 0.019440 0.077897 -0.073202
v 0.027183 0.077539 -0.073197
v -0.048267 0.033025 -0.092031
v 0.040494 -0.019829 -0.101597
v 0.019497 0.077653 -0.071646
v -0.048444 0.032724 -0.089198
v -0.048955 0.028071 -0.086815
v -0.049079 0.026305 -0.087218
v 0.028386 0.077348 -0.071982
v 0.034987 -0.011685 -0.102128
v -0.049131 0.025043 -0.085448
v -0.049372 0.024236 -0.082416
v -0.049179 0.022130 -0.082862
v 0.041101 -0.014490 -0.101414
v 0.027152 0.077521 -0.055352
v -0.048128 0.047344 -0.047352
v -0.049005 0.027218 -0.084039
v -0.049529 0.028406 -0.081734
v -0.049068 0.031662 -0.087226
v 0.027476 0.077421 -0.064314
v -0.049163 0.030985 -0.083953
v 0.042572 0.067054 -0.072805
v -0.049715 0.014787 -0.076818
v 0.018211 -0.002822 -0.103614
v 0.028418 -0.008186 -0.102762
v 0.043644 0.058789 -0.058175
v -0.049672 -0.004754 -0.068165
v 0.031720 -0.003892 -0.102371
v -0.046765 0.062024 -0.049280
v -0.049719 0.000452 -0.068473
v 0.042623 0.067168 -0.074765
v -0.049535 -0.002188 -0.067420
v 0.042516 0.065388 -0.062953
v 0.028069 0.003461 -0.102698
v -0.046301 0.065532 -0.066033
v 0.042725 0.066659 -0.076873
v -0.049764 0.010974 -0.069271
v 0.041668 0.070848 -0.074884
v 0.042605 0.068219 -0.072488
v -0.046055 0.067582 -0.068937
v -0.047026 0.064823 -0.074890
v 0.040701 0.074504 -0.080171
v 0.041239 0.072460 -0.079103
v 0.041932 -0.008474 -0.101320
v 0.040571 0.075817 -0.078356
v -0.046751 0.061696 -0.063916
v 0.042084 -0.011338 -0.101280
v 0.042084 -0.011338 -0.101280
v 0.041569 0.070760 -0.070836
v -0.046525 0.063652 -0.061366
v 0.037496 0.077195 -0.070098
v 0.035883 -0.008820 -0.101892
v -0.049859 0.005822 -0.062765
v 0.040777 0.074025 -0.073575
v 0.040499 0.075681 -0.074795
v 0.039053 0.076942 -0.077294
v 0.039053 0.076942 -0.077294
v 0.039080 0.076859 -0.074694
v 0.039080 0.076859 -0.074694
v -0.046245 0.069405 -0.075454
v -0.045168 0.073117 -0.071419
v 0.041933 -0.008472 -0.101336
v 0.039444 0.076741 -0.071675
v 0.039444 0.076741 -0.071675
v 0.040351 0.075935 -0.064830
v 0.044368 -0.005891 -0.098410
v -0.044588 0.076402 -0.074551
v 0.039876 -0.001178 -0.101384
v 0.042121 -0.005007 -0.101315
v 0.042121 -0.005007 -0.101315
v 0.042150 0.068277 -0.066762
v 0.041664 0.068961 -0.062636
v -0.049413 0.008989 -0.073313
v -0.049758 0.009386 -0.071502
v -0.045516 0.070310 -0.065506
v 0.043010 0.062464 -0.059696
v -0.044932 0.073826 -0.067510
v 0.036801 0.000337 -0.101796
v -0.049573 0.010647 -0.074148
v -0.049735 0.014066 -0.075050
v -0.049983 0.013007 -0.074534
v 0.041824 -0.002011 -0.101372
v 0.041824 -0.002011 -0.101372
v -0.044481 0.077607 -0.069252
v 0.042312 0.067510 -0.063350
v 0.043578 0.060193 -0.056810
v -0.049489 0.013049 -0.072741
v -0.044484 0.077732 -0.065160
v 0.042817 0.064140 -0.059235
v 0.042580 -0.000806 -0.100669
v 0.041768 0.001520 -0.101346
v 0.041768 0.001520 -0.101346
v 0.043219 0.060142 -0.055640
v 0.042588 0.062548 -0.057332
v 0.043716 0.002240 -0.099091
v 0.042171 0.065454 -0.059063
v 0.042658 0.065411 -0.061441
v 0.041869 0.004323 -0.101195
v 0.041869 0.004323 -0.101195
v 0.041744 0.067517 -0.056561
v -0.046238 0.065477 -0.058341
v 0.042425 0.063925 -0.054262
v -0.049751 0.015460 -0.062516
v 0.032204 0.077215 -0.069394
v 0.030324 0.076872 -0.071519
v 0.030792 0.077093 -0.066357
v 0.040346 0.074996 -0.065303
v -0.046210 0.067565 -0.051999
v 0.039206 0.076882 -0.066859
v 0.039206 0.076882 -0.066859
v 0.035103 0.077244 -0.066409
v 0.032617 0.077290 -0.063918
v -0.045359 0.074023 -0.056650
v 0.030805 0.077135 -0.060657
v 0.038921 0.077007 -0.062146
v 0.038921 0.077007 -0.062146
v -0.003411 0.001326 -0.104841
v 0.038043 0.077196 -0.065186
v -0.045257 0.073202 -0.063205
v 0.040275 0.075653 -0.060928
v -0.045368 0.072317 -0.059880
v -0.044962 0.075569 -0.060287
v -0.044942 0.073690 -0.060745
v -0.044764 0.077717 -0.062442
v 0.040396 0.074042 -0.059666
v -0.043592 0.078587 -0.057986
v -0.044830 0.077465 -0.058463
v -0.043333 0.078727 -0.064394
v -0.049862 0.006298 -0.053783
v 0.039001 0.076932 -0.059661
v 0.039001 0.076932 -0.059661
v -0.040145 0.078648 -0.059850
v -0.038209 0.078694 -0.055836
v -0.044924 0.077662 -0.055664
v 0.014757 0.004395 -0.103828
v 0.038923 0.077005 -0.080550
v 0.038923 0.077005 -0.080550
v -0.042673 0.078707 -0.054635
v 0.013074 0.010141 -0.104750
v -0.048082 0.046027 -0.041956
v -0.048082 0.047874 -0.043056
v -0.049760 0.015564 -0.054036
v -0.044472 0.077746 -0.073244
v -0.044593 0.077703 -0.079024
v -0.043389 0.078690 -0.075189
v -0.043389 0.078608 -0.079418
v -0.040749 0.078767 -0.077849
v -0.037897 0.078689 -0.072835
v -0.035657 0.078704 -0.075046
v -0.047656 0.051811 -0.041453
v -0.043009 0.078670 -0.072301
v -0.047504 0.054275 -0.042197
v -0.040280 0.078811 -0.071521
v -0.047815 0.048036 -0.039880
v -0.005457 0.022982 -0.104907
v -0.036550 0.078971 -0.071381
v -0.033561 0.078553 -0.071931
v -0.047729 0.045581 -0.036411
v -0.047465 0.047029 -0.038628
v -0.032156 0.078551 -0.068362
v -0.047597 0.048725 -0.036244
v -0.043356 0.078766 -0.070205
v -0.042807 0.078765 -0.067817
v -0.039179 0.078714 -0.066948
v -0.047363 0.050377 -0.039256
v -0.047054 0.051980 -0.039128
v -0.047139 0.053691 -0.040100
v -0.047396 0.052261 -0.037636
v -0.047260 0.052774 -0.036069
v -0.036503 0.079010 -0.066415
v -0.033732 0.078581 -0.064563
v -0.047090 0.058868 -0.045440
v -0.049853 0.017588 -0.060483
v -0.049608 0.017165 -0.056647
v 0.023937 0.006024 -0.103141
v -0.036750 0.078832 -0.064178
v -0.036768 0.078848 -0.060466
v -0.049325 0.022422 -0.076679
v -0.036394 0.079002 -0.056879
v -0.049143 0.026903 -0.079864
v 0.021580 0.008430 -0.103333
v -0.049383 0.024796 -0.078149
v 0.014708 0.015601 -0.103797
v -0.046699 0.063177 -0.045022
v -0.050000 0.025329 -0.075343
v -0.049522 0.027736 -0.076657
v -0.049472 0.028886 -0.078142
v -0.046967 0.056966 -0.039754
v -0.046884 0.059271 -0.041625
v -0.049215 0.032777 -0.082308
v -0.047275 0.055912 -0.037429
v -0.049049 0.030957 -0.079436
v -0.047098 0.058943 -0.038905
v 0.027286 0.007771 -0.102723
v 0.025104 0.008033 -0.103081
v -0.046627 0.063011 -0.041380
v 0.027082 0.010896 -0.102713
v -0.049865 0.022018 -0.074496
v -0.046804 0.063886 -0.038679
v 0.031226 0.008713 -0.102339
v -0.049876 0.029695 -0.075383
v -0.049740 0.027995 -0.074155
v -0.047452 0.052908 -0.033339
v -0.049713 0.023625 -0.072266
v 0.045312 0.001027 -0.097028
v -0.049763 0.027127 -0.070726
v -0.049527 0.032790 -0.072188
v -0.049416 0.033598 -0.077088
v -0.049396 0.034303 -0.079576
v -0.049997 0.032562 -0.075359
v 0.046232 0.004704 -0.095532
v 0.045655 0.006991 -0.096484
v -0.049506 0.034668 -0.074583
v -0.049795 0.029495 -0.071019
v -0.046762 0.060302 -0.022194
v -0.046668 0.061767 -0.029933
v -0.047613 0.052722 -0.023722
v -0.032974 0.027833 -0.103879
v -0.038332 0.028808 -0.103358
v -0.035597 0.034062 -0.103570
v -0.028506 0.028331 -0.104220
v -0.028781 0.037734 -0.103990
v -0.049595 0.036629 -0.071931
v 0.001620 0.078091 -0.048328
v -0.046944 0.057656 -0.036228
v -0.046918 0.059910 -0.036549
v -0.033954 0.078504 -0.057494
v -0.023101 0.020810 -0.104733
v -0.023040 0.023799 -0.104669
v -0.049764 0.015449 -0.073236
v -0.046617 0.063805 -0.036188
v -0.047055 0.064736 -0.036604
v -0.049575 0.018262 -0.075997
v -0.016099 0.028147 -0.104690
v -0.023546 0.028799 -0.104434
v -0.049648 0.016744 -0.070981
v -0.046738 0.064910 -0.034529
v -0.049855 0.020745 -0.070755
v -0.046440 0.064443 -0.032558
v -0.046312 0.066120 -0.032505
v -0.049790 0.016797 -0.065124
v -0.046048 0.066898 -0.021725
v -0.045736 0.073251 -0.051312
v -0.045980 0.071479 -0.046983
v -0.045217 0.077457 -0.048423
v -0.045098 0.077389 -0.051974
v -0.014068 0.025712 -0.104897
v -0.049723 0.018988 -0.067464
v -0.049881 0.017729 -0.068332
v -0.044189 0.078278 -0.051691
v -0.014264 0.078305 -0.035455
v -0.049648 0.017875 -0.063195
v -0.049936 0.020050 -0.065073
v -0.042985 0.078594 -0.049743
v -0.041132 0.078518 -0.050052
v -0.036106 0.078913 -0.053552
v -0.049751 0.024062 -0.066045
v -0.045116 0.075754 -0.039311
v -0.045235 0.077524 -0.040507
v -0.043526 0.078596 -0.046224
v -0.005250 0.028366 -0.104766
v -0.044093 0.078475 -0.044016
v -0.001001 0.026587 -0.104915
v -0.046257 0.067946 -0.044574
v -0.046832 0.064216 -0.043077
v -0.014004 0.040126 -0.104525
v -0.046639 0.065146 -0.041242
v -0.046093 0.070279 -0.041739
v -0.038795 0.078648 -0.048161
v -0.036305 0.079037 -0.047774
v 0.008729 0.047690 -0.104575
v -0.033692 0.078426 -0.045440
v -0.038360 0.078593 -0.043930
v -0.036114 0.078747 -0.044279
v -0.044563 0.029236 -0.099952
v -0.042935 0.033262 -0.102425
v -0.016044 0.052040 -0.104208
v -0.043951 0.035082 -0.101382
v -0.045132 0.030928 -0.098548
v -0.046508 0.065650 -0.037605
v -0.046600 0.066612 -0.039432
v -0.039946 0.032765 -0.103146
v -0.041102 0.036885 -0.102942
v -0.039048 0.037241 -0.103500
v -0.045793 0.070026 -0.035426
v -0.044827 0.034387 -0.099280
v -0.042639 0.037625 -0.102874
v -0.045618 0.070819 -0.033509
v -0.045910 0.068915 -0.031934
v -0.045739 0.067662 -0.030494
v -0.045601 0.071545 -0.032064
v -0.045216 0.074659 -0.034725
v -0.046971 0.034284 -0.095118
v -0.046611 0.036876 -0.096392
v -0.044890 0.037857 -0.099280
v -0.001495 0.060176 -0.104283
v -0.044074 0.078288 -0.038543
v -0.042634 0.078586 -0.039955
v -0.045243 0.040772 -0.098676
v -0.044387 0.043427 -0.101198
v 0.026921 0.077648 -0.043017
v -0.045712 0.048704 -0.098183
v -0.043771 0.048225 -0.102091
v -0.040464 0.078518 -0.040263
v -0.036362 0.078954 -0.042140
v -0.043275 0.040617 -0.102244
v -0.033905 0.078433 -0.039414
v -0.044442 0.040078 -0.100758
v -0.041989 0.040781 -0.102864
v -0.036561 0.078779 -0.039222
v -0.045365 0.077243 -0.036618
v -0.036389 0.045849 -0.103408
v 0.012843 0.019461 -0.104795
v -0.043078 0.078544 -0.034286
v -0.045432 0.077056 -0.032294
v -0.044194 0.078498 -0.032422
v -0.042704 0.043696 -0.102746
v -0.039486 0.078493 -0.033591
v -0.040314 0.045393 -0.103203
v -0.036946 0.078810 -0.032366
v -0.033995 0.078440 -0.030761
v -0.038675 0.043362 -0.103469
v 0.007276 0.024965 -0.104931
v 0.042877 0.060571 -0.051505
v 0.042124 0.064629 -0.052318
v -0.039394 0.048626 -0.103368
v 0.042737 0.061392 -0.049489
v 0.041370 0.068816 -0.052146
v 0.039896 0.076160 -0.053005
v 0.042297 0.062119 -0.046622
v 0.042738 0.061151 -0.047092
v 0.025097 0.011347 -0.103063
v 0.041513 0.067963 -0.044182
v -0.046504 0.042525 -0.096698
v -0.015452 0.078307 -0.022675
v 0.014333 0.019316 -0.103848
v -0.042655 0.048282 -0.102845
v 0.012686 0.024575 -0.104866
v 0.014243 0.023900 -0.103910
v 0.028379 0.077327 -0.057314
v 0.015992 0.022326 -0.103638
v 0.043528 0.057102 -0.053259
v 0.022626 0.022770 -0.103218
v -0.048214 0.034745 -0.091513
v 0.043463 0.057598 -0.050498
v 0.037422 0.077270 -0.059746
v 0.034825 0.077439 -0.054693
v 0.038408 0.077274 -0.055850
v 0.038408 0.077274 -0.055850
v 0.007246 0.028095 -0.104758
v 0.031649 0.077288 -0.055423
v 0.011226 0.029850 -0.104918
v 0.012770 0.027563 -0.104769
v 0.013363 0.033109 -0.104791
v 0.030285 0.077118 -0.054415
v -0.047986 0.042576 -0.092636
v -0.049060 0.034346 -0.086340
v 0.014352 0.028168 -0.103723
v 0.018787 0.025304 -0.103603
v 0.032025 0.077445 -0.051961
v 0.034883 0.077362 -0.052155
v -0.049046 0.037839 -0.086603
v 0.040172 0.076160 -0.056319
v -0.020048 0.071732 -0.103618
v -0.035551 0.061325 -0.103044
v -0.035438 0.071155 -0.102952
v -0.048432 0.042389 -0.089901
v -0.015925 0.062773 -0.103961
v 0.024473 0.027981 -0.103009
v 0.039234 0.076857 -0.054277
v 0.038195 0.077280 -0.051951
v 0.038195 0.077280 -0.051951
v 0.024064 0.034184 -0.102978
v -0.020729 0.076385 -0.103583
v -0.016446 0.076502 -0.103591
v -0.016763 0.073063 -0.103860
v -0.043476 0.066971 -0.102534
v -0.044306 0.066802 -0.101966
v -0.044703 0.072649 -0.101928
v 0.039995 0.076201 -0.050540
v -0.047700 0.048902 -0.093999
v -0.043572 0.073550 -0.102391
v -0.039110 0.070526 -0.103007
v 0.040519 0.072960 -0.047067
v -0.047956 0.045524 -0.091730
v 0.041906 0.065014 -0.041048
v -0.048400 0.049878 -0.090141
v -0.038493 0.077131 -0.102822
v -0.043183 0.077775 -0.102418
v 0.008723 0.034501 -0.104750
v 0.040782 0.071101 -0.042433
v -0.032092 0.072516 -0.103165
v -0.030534 0.076836 -0.103096
v -0.045250 0.067005 -0.100103
v -0.046268 0.071153 -0.099030
v -0.046074 0.067535 -0.099129
v 0.009682 0.033689 -0.104875
v -0.045120 0.076120 -0.101420
v -0.046823 0.070052 -0.097030
v -0.046360 0.072620 -0.098177
v 0.015211 0.032768 -0.103643
v -0.045343 0.075011 -0.098198
v -0.044733 0.077503 -0.101362
v 0.040334 0.072250 -0.038380
v -0.038184 0.079087 -0.101727
v -0.038184 0.079087 -0.101727
v -0.044131 0.077718 -0.099526
v 0.039603 0.076267 -0.037541
v 0.039603 0.076267 -0.037541
v 0.039615 0.076426 -0.042785
v 0.039615 0.076426 -0.042785
v 0.026000 0.014568 -0.102886
v -0.044898 0.076871 -0.098330
v -0.042813 0.079078 -0.101302
v -0.042088 0.078585 -0.099589
v -0.040768 0.078860 -0.098615
v 0.030079 0.077202 -0.050747
v 0.033041 0.077459 -0.049139
v 0.028693 0.019787 -0.102593
v 0.032394 0.077439 -0.045840
v 0.031335 0.018651 -0.102191
v -0.024655 0.072845 -0.103551
v -0.044946 0.049904 -0.100304
v -0.044001 0.052710 -0.101805
v -0.042911 0.057091 -0.102698
v -0.045238 0.053891 -0.099526
v -0.039143 0.056965 -0.103226
v 0.030072 0.077409 -0.041176
v 0.039834 0.008880 -0.101175
v -0.043641 0.057203 -0.102068
v 0.039700 0.076518 -0.047877
v 0.037552 0.077375 -0.048364
v 0.037552 0.077375 -0.048364
v 0.041913 0.007901 -0.100978
v 0.041913 0.007901 -0.100978
v -0.032399 0.078198 -0.102236
v -0.032399 0.078198 -0.102236
v -0.033806 0.078648 -0.102125
v 0.039099 0.076967 -0.049493
v 0.041704 0.010660 -0.100931
v 0.041704 0.010660 -0.100931
v -0.032021 0.079363 -0.100508
v -0.036470 0.079086 -0.100308
v -0.036519 0.079162 -0.099136
v 0.038717 0.077279 -0.045512
v 0.038717 0.077279 -0.045512
v 0.040026 0.075792 -0.045811
v -0.031336 0.078861 -0.098840
v 0.037369 0.077521 -0.046831
v -0.036812 0.078685 -0.097089
v 0.044666 0.009536 -0.097771
v -0.028432 0.077658 -0.102575
v -0.028432 0.077658 -0.102575
v -0.027712 0.078783 -0.102200
v -0.023387 0.077456 -0.102693
v -0.023387 0.077456 -0.102693
v 0.046293 0.010315 -0.095494
v -0.030101 0.079327 -0.101634
v -0.025105 0.079047 -0.101741
v 0.035322 0.077548 -0.040143
v 0.041705 0.014638 -0.100855
v 0.041680 0.017625 -0.100789
v 0.038203 0.077541 -0.040400
v -0.019063 0.077270 -0.102692
v -0.019063 0.077270 -0.102692
v 0.037102 0.019571 -0.101397
v -0.013586 0.078744 -0.102172
v -0.013286 0.077041 -0.102817
v -0.013286 0.077041 -0.102817
v 0.038964 0.077200 -0.039012
v -0.020978 0.078888 -0.102125
v 0.041667 0.017629 -0.100782
v 0.044999 0.015888 -0.097277
v -0.019868 0.079026 -0.101501
v -0.022041 0.078690 -0.098072
v -0.028635 0.079341 -0.100478
v -0.024519 0.079081 -0.099904
v -0.026761 0.078814 -0.097150
v -0.024928 0.079312 -0.097938
v 0.048037 0.012190 -0.093380
v 0.047947 0.018335 -0.093736
v -0.015198 0.078586 -0.098209
v 0.033722 0.023858 -0.101900
v -0.025203 0.079019 -0.095218
v -0.020785 0.078599 -0.094702
v -0.007799 0.061771 -0.104244
v 0.037723 0.029609 -0.101135
v 0.034978 0.029175 -0.101617
v -0.007563 0.071681 -0.104037
v 0.041734 0.020929 -0.100738
v 0.041728 0.020925 -0.100731
v 0.045895 0.022541 -0.096327
v 0.041452 0.027457 -0.100710
v 0.041452 0.027457 -0.100710
v 0.043234 0.024201 -0.098990
v 0.043139 0.026858 -0.099249
v 0.049174 0.019358 -0.091845
v 0.048301 0.025439 -0.093569
v 0.002356 0.068300 -0.103997
v 0.049289 0.026977 -0.091930
v -0.046049 0.054042 -0.097690
v -0.047092 0.052428 -0.095833
v 0.049551 0.021803 -0.089932
v 0.049266 0.029920 -0.091329
v 0.049654 0.024556 -0.087754
v 0.049445 0.030273 -0.088690
v -0.047311 0.057196 -0.095628
v 0.018321 0.077962 -0.017264
v 0.007164 0.078133 -0.017544
v -0.045400 0.058230 -0.099549
v -0.043790 0.060318 -0.102141
v -0.046274 0.056840 -0.097156
v -0.010573 0.075399 -0.103964
v -0.005636 0.072926 -0.104089
v -0.046114 0.061813 -0.098456
v -0.047764 0.053142 -0.093331
v 0.001427 0.070988 -0.103941
v 0.013043 0.036405 -0.104842
v 0.014294 0.035263 -0.103863
v -0.047904 0.057213 -0.093531
v 0.010761 0.038030 -0.104891
v -0.005153 0.075405 -0.103957
v 0.003219 0.074697 -0.103951
v -0.048409 0.052821 -0.090131
v -0.008208 0.076732 -0.102874
v -0.008208 0.076732 -0.102874
v -0.004162 0.077663 -0.102615
v -0.002546 0.076473 -0.102914
v -0.002546 0.076473 -0.102914
v 0.027609 0.077676 -0.036426
v 0.014488 0.040679 -0.103809
v -0.048310 0.056502 -0.090172
v 0.010199 0.044095 -0.104752
v 0.004216 0.069871 -0.104686
v 0.005255 0.073773 -0.104753
v 0.013547 0.039855 -0.104621
v 0.012863 0.043830 -0.104751
v 0.009973 0.069357 -0.104684
v 0.015959 0.039781 -0.103601
v 0.014546 0.044424 -0.103646
v 0.005895 0.074727 -0.104324
v 0.008207 0.072907 -0.103225
v 0.008207 0.072907 -0.103225
v 0.029950 0.077276 -0.036887
v 0.031883 0.077547 -0.037983
v 0.040480 0.071328 -0.033476
v 0.039692 0.075560 -0.035001
v 0.039692 0.075560 -0.035001
v 0.004382 0.075871 -0.102959
v 0.004382 0.075871 -0.102959
v 0.004382 0.075871 -0.102959
v 0.030397 0.077454 -0.033327
v 0.006181 0.074536 -0.102943
v 0.006181 0.074536 -0.102943
v 0.032398 0.077611 -0.031855
v 0.036775 0.077553 -0.031662
v 0.003868 0.077454 -0.102556
v 0.004221 0.078317 -0.101987
v 0.030567 0.032812 -0.102230
v -0.008306 0.078587 -0.102183
v 0.027228 0.077699 -0.027668
v 0.006257 0.078362 -0.102186
v 0.007733 0.078371 -0.100065
v 0.023248 0.040298 -0.103008
v 0.008037 0.074603 -0.102550
v 0.036778 0.077633 -0.035423
v 0.038566 0.077296 -0.031499
v 0.039577 0.076224 -0.031916
v 0.039577 0.076224 -0.031916
v 0.038631 0.077159 -0.034909
v 0.025292 0.037112 -0.102963
v 0.039588 0.076029 -0.029067
v 0.039588 0.076029 -0.029067
v 0.038032 0.077485 -0.028242
v 0.026779 0.041313 -0.102536
v -0.046589 0.065417 -0.097206
v -0.047169 0.065169 -0.096022
v 0.012992 0.048347 -0.104562
v -0.005689 0.078552 -0.099787
v -0.047776 0.063449 -0.092879
v 0.000469 0.078419 -0.099992
v 0.014035 0.047486 -0.103793
v 0.016059 0.049143 -0.103582
v 0.023735 0.046804 -0.102934
v -0.046349 0.067370 -0.097401
v 0.014218 0.050054 -0.103642
v 0.024700 0.043497 -0.102927
v 0.006957 0.078214 -0.098974
v 0.030287 0.077435 -0.027200
v 0.028603 0.047996 -0.102275
v 0.033293 0.077570 -0.028020
v 0.037497 0.077572 -0.025132
v 0.038742 0.077155 -0.027197
v 0.029408 0.077425 -0.021698
v 0.027073 0.077804 -0.015270
v 0.032124 0.077694 -0.018494
v 0.036940 0.077557 -0.020298
v 0.041356 0.032386 -0.100755
v 0.041356 0.032386 -0.100755
v 0.042011 0.031573 -0.100316
v -0.045892 0.072387 -0.094689
v -0.045023 0.075420 -0.095985
v -0.046430 0.069588 -0.093495
v -0.044922 0.075602 -0.092820
v -0.046192 0.070796 -0.090955
v 0.034752 0.036752 -0.101587
v -0.045432 0.074135 -0.086410
v -0.044813 0.077446 -0.096225
v -0.043023 0.078513 -0.096886
v -0.041605 0.078672 -0.094736
v -0.044664 0.077456 -0.092735
v -0.043237 0.078503 -0.091438
v -0.039005 0.078610 -0.093640
v 0.046621 0.029573 -0.095713
v 0.046849 0.033672 -0.095427
v 0.048149 0.030245 -0.093829
v -0.044657 0.077495 -0.086696
v 0.048481 0.031852 -0.093702
v -0.039655 0.078660 -0.091423
v -0.039785 0.078632 -0.085578
v -0.027857 0.078673 -0.092014
v -0.028492 0.078605 -0.089024
v 0.049426 0.032779 -0.091285
v 0.049376 0.030354 -0.085045
v -0.025806 0.078878 -0.087215
v -0.049195 0.039587 -0.082395
v -0.048919 0.042956 -0.085609
v -0.025130 0.079049 -0.089145
v -0.044486 0.077693 -0.081736
v -0.048991 0.041941 -0.082643
v -0.043069 0.078762 -0.084676
v -0.042140 0.078705 -0.081923
v -0.049313 0.036729 -0.078696
v -0.049508 0.038199 -0.076978
v -0.049312 0.042915 -0.079964
v -0.049042 0.040115 -0.077358
v -0.033562 0.078638 -0.079391
v -0.048860 0.043563 -0.077754
v -0.048979 0.044343 -0.076556
v -0.049142 0.041717 -0.075250
v -0.048855 0.045900 -0.084204
v -0.048759 0.050979 -0.086603
v -0.048635 0.051840 -0.083292
v -0.049006 0.048269 -0.079680
v -0.048469 0.047963 -0.077675
v -0.048611 0.050950 -0.080035
v -0.048196 0.054478 -0.077355
v -0.048359 0.054668 -0.083492
v -0.049333 0.039284 -0.073426
v -0.049525 0.041761 -0.072527
v -0.049201 0.040010 -0.069206
v -0.048944 0.044604 -0.073730
v -0.049147 0.043362 -0.070305
v -0.049226 0.044317 -0.072455
v -0.049044 0.048399 -0.072453
v -0.048756 0.048460 -0.075405
v -0.048272 0.051928 -0.074219
v -0.048483 0.054923 -0.075434
v -0.048843 0.050831 -0.072621
v -0.048176 0.053439 -0.072151
v -0.047850 0.060213 -0.074973
v -0.048421 0.056496 -0.087093
v -0.047998 0.061193 -0.090165
v -0.048001 0.059958 -0.086334
v -0.047852 0.058792 -0.082490
v -0.047518 0.061379 -0.081011
v -0.048317 0.055991 -0.081539
v -0.048493 0.056049 -0.080619
v -0.046754 0.067880 -0.088796
v -0.047131 0.068051 -0.094605
v -0.046346 0.070008 -0.085662
v -0.046545 0.067308 -0.080687
v -0.048291 0.057943 -0.079636
v -0.047759 0.058271 -0.077330
v -0.047123 0.063356 -0.077284
v -0.046674 0.065175 -0.076959
v -0.046255 0.070806 -0.082799
v -0.046198 0.069778 -0.078356
v -0.046217 0.067999 -0.076735
v 0.049135 0.032414 -0.085274
v 0.049149 0.034701 -0.085773
v 0.048856 0.033895 -0.082660
v 0.048959 0.035206 -0.083119
v 0.049100 0.032299 -0.081057
v 0.048597 0.038379 -0.083228
v 0.048488 0.040964 -0.084129
v 0.048519 0.035050 -0.080776
v 0.048453 0.035068 -0.078252
v 0.047650 0.043075 -0.078556
v 0.048479 0.043414 -0.089192
v 0.048209 0.044313 -0.086571
v 0.048566 0.045305 -0.090417
v 0.048638 0.041455 -0.088019
v 0.048612 0.042757 -0.086518
v 0.048088 0.047524 -0.089237
v 0.047999 0.043942 -0.083160
v 0.047667 0.045742 -0.083065
v 0.047464 0.045240 -0.081237
v 0.048240 0.046375 -0.086122
v 0.047232 0.048840 -0.083187
v 0.047538 0.037716 -0.069474
v 0.046754 0.042664 -0.066740
v 0.046019 0.048402 -0.066398
v 0.046797 0.048997 -0.078432
v 0.047183 0.049814 -0.081936
v 0.044650 0.053645 -0.059123
v 0.044141 0.055642 -0.057534
v 0.044953 0.053779 -0.056281
v 0.046687 0.013351 -0.044990
v 0.045983 0.025271 -0.041318
v 0.047200 0.020405 -0.052241
v 0.046808 0.024918 -0.049772
v 0.041069 -0.034319 -0.101813
v 0.041069 -0.034319 -0.101813
v 0.047025 0.023371 -0.053414
v 0.046816 0.025866 -0.052377
v 0.048876 -0.006083 -0.069012
v 0.049235 -0.004684 -0.071487
v 0.048873 -0.002813 -0.071012
v 0.042569 -0.032048 -0.101034
v 0.042166 -0.034604 -0.101402
v 0.049304 0.000880 -0.073976
v 0.049446 -0.004858 -0.074817
v 0.049679 -0.001932 -0.076817
v 0.045916 0.032053 -0.043122
v 0.046161 0.029682 -0.045406
v 0.041783 -0.030342 -0.101543
v 0.041783 -0.030342 -0.101543
v 0.042753 -0.036413 -0.101309
v 0.044873 0.035915 -0.034806
v 0.043630 -0.034658 -0.099776
v 0.044893 -0.031902 -0.097608
v 0.048983 -0.000844 -0.068608
v 0.048687 -0.007828 -0.066518
v 0.049141 -0.008813 -0.070085
v 0.043660 0.032861 -0.021766
v 0.048825 -0.005859 -0.066214
v 0.041385 -0.024330 -0.101540
v 0.041385 -0.024330 -0.101540
v 0.042419 -0.027812 -0.101126
v 0.045123 -0.028691 -0.097490
v 0.046704 0.030935 -0.053719
v 0.047039 0.027622 -0.055544
v 0.046082 0.034190 -0.046855
v 0.046116 0.036086 -0.045744
v 0.046431 -0.030342 -0.095269
v 0.045602 0.037250 -0.043695
v 0.045886 0.037746 -0.048116
v 0.046463 0.033288 -0.050580
v 0.047604 -0.028959 -0.093569
v 0.046177 0.041026 -0.055788
v 0.046910 0.034119 -0.055547
v 0.046435 0.036241 -0.053915
v 0.046767 0.035050 -0.051910
v 0.045059 0.037562 -0.038238
v 0.045129 0.039044 -0.039496
v 0.045675 -0.023327 -0.096501
v 0.045182 0.039617 -0.038046
v 0.044822 0.042759 -0.039330
v 0.044781 0.040109 -0.036331
v 0.049343 0.004605 -0.074906
v 0.049761 0.003288 -0.078542
v 0.046288 0.032494 -0.046313
v 0.046378 0.035568 -0.048651
v 0.045491 0.035694 -0.039126
v 0.049577 0.007470 -0.076069
v 0.049858 0.008165 -0.078687
v 0.049546 0.006740 -0.074074
v 0.048199 -0.028749 -0.092031
v 0.049746 0.011061 -0.078458
v 0.044118 0.035956 -0.026875
v 0.049225 -0.032232 -0.088671
v 0.049241 0.004681 -0.071700
v 0.045212 0.037069 -0.035810
v 0.049114 0.011528 -0.072511
v 0.047215 0.037773 -0.066735
v 0.047622 0.035370 -0.067836
v 0.047774 0.037422 -0.068461
v 0.047680 0.033739 -0.064867
v 0.047145 0.036964 -0.064258
v 0.047165 0.034579 -0.063614
v 0.049055 0.015366 -0.071296
v 0.047177 0.040275 -0.066810
v 0.049247 0.008550 -0.072487
v 0.049230 -0.026955 -0.090490
v 0.048867 -0.022441 -0.091415
v 0.049489 -0.025199 -0.084462
v 0.048955 0.009108 -0.068001
v 0.049718 -0.001575 -0.079446
v 0.042625 -0.024660 -0.100797
v 0.047395 0.032702 -0.062198
v 0.042247 -0.021735 -0.101294
v 0.042247 -0.021735 -0.101294
v 0.044488 0.018944 -0.026587
v 0.046101 -0.020470 -0.095932
v 0.042705 0.030581 -0.014392
v 0.046168 0.044980 -0.061371
v 0.041855 -0.017659 -0.101339
v 0.042595 -0.019425 -0.100772
v 0.042595 -0.019425 -0.100772
v 0.045195 -0.015542 -0.097074
v 0.043613 0.045361 -0.030640
v 0.044206 0.044051 -0.033954
v 0.048182 -0.006790 -0.058740
v 0.048081 0.005759 -0.057825
v 0.042547 -0.015779 -0.100803
v 0.042547 -0.015779 -0.100803
v 0.044770 0.038438 -0.034105
v 0.043925 -0.014898 -0.099027
v 0.044373 0.039604 -0.031392
v 0.049173 -0.019493 -0.090838
v 0.044685 0.040226 -0.032616
v 0.049131 -0.012174 -0.091025
v 0.043700 0.044121 -0.027766
v 0.043281 0.043937 -0.022404
v 0.049231 -0.021919 -0.090157
v 0.041817 -0.014719 -0.101330
v 0.041817 -0.014719 -0.101330
v 0.044650 0.046364 -0.043208
v 0.045182 -0.009395 -0.097142
v 0.047626 -0.007950 -0.093726
v 0.044539 0.052204 -0.052922
v 0.044362 0.049410 -0.045640
v 0.048888 0.012517 -0.068554
v 0.048593 0.011916 -0.064349
v 0.049106 0.011955 -0.067244
v 0.048658 0.013523 -0.064612
v 0.044966 0.044356 -0.040126
v 0.044378 0.046198 -0.040401
v 0.047842 -0.001882 -0.093381
v 0.044492 0.049312 -0.043589
v 0.044467 0.051324 -0.045884
v 0.043862 0.051715 -0.044299
v 0.048935 -0.029975 -0.082748
v 0.049223 -0.030504 -0.081715
v 0.043624 0.051408 -0.038512
v 0.043737 0.052466 -0.041357
v 0.044584 0.053190 -0.051270
v 0.044202 0.054322 -0.052808
v 0.044291 0.052430 -0.047963
v 0.043872 0.053784 -0.049253
v 0.043397 0.056639 -0.048777
v 0.049356 -0.027844 -0.082989
v 0.043465 0.055082 -0.045722
v 0.043757 0.055329 -0.048189
v 0.042863 0.058932 -0.048708
v 0.049599 -0.027850 -0.081198
v 0.049216 -0.026803 -0.080076
v 0.043385 0.055886 -0.042781
v 0.049414 -0.023769 -0.079574
v 0.043258 0.057790 -0.046783
v 0.042569 0.059804 -0.043075
v 0.042879 0.060026 -0.045085
v 0.049540 -0.015373 -0.087328
v 0.047047 -0.014193 -0.048641
v 0.047022 -0.006218 -0.047589
v 0.044008 0.045384 -0.035575
v 0.045456 -0.005392 -0.034878
v 0.043711 0.047093 -0.032456
v 0.049534 -0.017705 -0.084637
v 0.044355 0.002182 -0.026253
v 0.045369 0.003227 -0.033944
v 0.043458 0.050847 -0.033875
v 0.049500 -0.021157 -0.082256
v 0.049699 -0.016750 -0.081427
v 0.043468 0.049167 -0.030326
v 0.049358 -0.020036 -0.078024
v 0.043352 0.053188 -0.033613
v 0.043288 0.054357 -0.038690
v 0.043052 0.054791 -0.036228
v 0.042908 0.055346 -0.032776
v 0.049768 -0.008157 -0.084493
v 0.049647 -0.011057 -0.080174
v 0.049129 -0.028488 -0.074839
v 0.042983 0.051681 -0.029794
v 0.042971 0.053809 -0.030301
v 0.048853 -0.026331 -0.076610
v 0.049444 -0.029030 -0.072664
v 0.048613 -0.027462 -0.071876
v 0.049130 -0.023535 -0.075859
v 0.042710 0.058628 -0.039365
v 0.048943 -0.021303 -0.070906
v 0.042421 0.061960 -0.042787
v 0.039792 0.009278 0.001106
v 0.042375 0.061330 -0.039586
v 0.048472 -0.025914 -0.067166
v 0.042695 0.058874 -0.034921
v 0.042839 0.059402 -0.036734
v 0.043142 0.055864 -0.034659
v 0.042271 0.062488 -0.037410
v 0.049101 -0.018495 -0.074021
v 0.049516 -0.013610 -0.077498
v 0.042691 0.060524 -0.034475
v 0.042299 0.061193 -0.033122
v 0.049441 -0.016317 -0.075903
v 0.042239 0.062856 -0.034109
v 0.048911 -0.017734 -0.068867
v 0.040773 0.013746 -0.003833
v 0.049662 -0.011534 -0.087343
v 0.049526 -0.006797 -0.090086
v 0.049725 -0.003198 -0.085183
v 0.049598 -0.001493 -0.089980
v 0.042775 0.048998 -0.019467
v 0.039811 0.053913 0.003628
v 0.040953 0.027175 -0.003586
v 0.047572 0.003141 -0.093844
v 0.049843 -0.000431 -0.086862
v 0.049748 0.006159 -0.088994
v 0.043176 0.012424 -0.018023
v 0.049450 0.004182 -0.090580
v 0.047668 0.006619 -0.093792
v 0.049539 0.008726 -0.090595
v 0.049887 -0.003888 -0.083097
v 0.040977 0.053722 -0.005076
v 0.043009 0.050430 -0.024836
v 0.042965 0.052942 -0.026357
v 0.042736 0.057005 -0.031089
v 0.042862 0.057181 -0.029084
v 0.042542 0.057066 -0.025272
v 0.042650 0.053128 -0.022362
v 0.042936 0.053907 -0.024866
v 0.042862 0.055906 -0.023892
v 0.042837 0.054236 -0.022512
v 0.042396 0.055188 -0.020598
v 0.042464 0.055883 -0.022600
v 0.049865 0.002538 -0.084535
v 0.042540 0.056011 -0.019325
v 0.042221 0.058183 -0.021856
v 0.049904 -0.000117 -0.080868
v 0.049908 0.006642 -0.083339
v 0.039648 -0.007735 0.000402
v 0.042315 0.060597 -0.029166
v 0.041947 0.062642 -0.030410
v 0.041107 0.067765 -0.032493
v 0.041673 0.065947 -0.035907
v 0.042409 0.059234 -0.025626
v 0.041928 0.061049 -0.023532
v 0.041630 0.063718 -0.024636
v 0.041168 0.067224 -0.029271
v 0.049834 0.012632 -0.088192
v 0.040665 0.067826 -0.022529
v 0.038926 0.002302 0.005161
v 0.050000 0.009509 -0.084764
v 0.041972 0.058650 -0.018747
v 0.042271 0.054123 -0.017876
v 0.049879 0.016172 -0.085213
v 0.049775 0.014889 -0.081004
v 0.042160 0.056598 -0.017685
v 0.049743 0.014155 -0.079284
v 0.049710 0.022372 -0.084036
v 0.041466 0.059792 -0.015285
v 0.041196 0.059655 -0.009517
v 0.040868 0.061360 -0.010154
v 0.040996 0.064801 -0.018764
v 0.038105 -0.004826 0.008966
v 0.038202 -0.000839 0.008760
v 0.049386 0.025936 -0.082056
v 0.049638 0.027677 -0.084923
v 0.040732 0.065183 -0.012270
v 0.048203 -0.025402 -0.062685
v 0.040364 0.068266 -0.015936
v 0.048543 -0.019585 -0.066669
v 0.040336 0.068965 -0.017779
v 0.048401 -0.018550 -0.060808
v 0.048061 -0.022243 -0.058406
v 0.048562 -0.016918 -0.064612
v 0.048756 -0.009959 -0.066172
v 0.039570 0.011946 0.002048
v 0.038427 0.011619 0.009144
v 0.038511 0.005670 0.008437
v 0.048521 -0.015599 -0.062132
v 0.040164 0.071687 -0.026385
v 0.039863 0.073110 -0.029241
v 0.041918 0.024542 -0.009577
v 0.039957 0.072345 -0.021003
v 0.039649 0.074633 -0.024967
v 0.047619 -0.019693 -0.055194
v 0.039578 0.075947 -0.025725
v 0.039578 0.075947 -0.025725
v 0.049521 0.016957 -0.078455
v 0.042161 0.019614 -0.011256
v 0.039369 0.076256 -0.021024
v 0.039369 0.076256 -0.021024
v 0.038571 0.077388 -0.019925
v 0.039852 0.073883 -0.012544
v 0.049428 0.022142 -0.078322
v 0.048928 0.020136 -0.071434
v 0.049110 0.021477 -0.074925
v 0.040521 0.012756 -0.001858
v 0.040457 0.017283 -0.001817
v 0.041160 0.017595 -0.005273
v 0.049090 0.029986 -0.080314
v 0.038983 0.014946 0.006121
v 0.048834 0.025473 -0.073494
v 0.039022 0.023188 0.006856
v 0.040328 0.024378 -0.000391
v 0.048947 0.027972 -0.076841
v 0.040910 0.023962 -0.004355
v 0.048212 0.032567 -0.073017
v 0.048624 0.030176 -0.073533
v 0.048476 0.017076 -0.064860
v 0.040021 0.026424 0.000670
v 0.048165 0.023966 -0.065864
v 0.048473 0.024750 -0.069047
v 0.048493 0.015359 -0.063486
v 0.048093 0.017778 -0.062323
v 0.048051 0.020610 -0.062252
v 0.048077 0.018375 -0.059888
v 0.048090 0.023453 -0.063741
v 0.048547 0.024664 -0.071220
v 0.048265 0.028854 -0.070960
v 0.047992 0.028772 -0.066377
v 0.048115 0.031166 -0.071463
v 0.048108 0.033218 -0.070536
v 0.047773 0.031723 -0.066686
v 0.047584 0.020960 -0.058434
v 0.047368 0.022354 -0.054528
v 0.047256 0.023665 -0.055733
v 0.047134 0.031699 -0.059512
v 0.047240 0.033469 -0.058514
v -0.047843 -0.043171 0.049781
v -0.047682 -0.041325 0.049915
v -0.047885 -0.040593 0.046231
v -0.043907 -0.076993 0.024167
v -0.047094 -0.011667 0.066317
v -0.046707 -0.012441 0.073593
v -0.047881 -0.038307 0.044789
v -0.048083 -0.035726 0.042425
v -0.048168 -0.032348 0.040082
v -0.047936 -0.042438 0.040406
v -0.047078 -0.007132 0.065229
v -0.046087 -0.076202 0.024235
v -0.048111 -0.029825 0.044916
v -0.047884 -0.032378 0.045637
v -0.047915 -0.033678 0.048313
v -0.048347 -0.027029 0.034450
v -0.048269 -0.036560 0.033465
v -0.046898 -0.004745 0.070170
v -0.047053 -0.003331 0.066574
v -0.048113 -0.026917 0.042292
v -0.048367 -0.021479 0.037070
v -0.048288 -0.023248 0.035783
v -0.048560 -0.023804 0.033632
v -0.047626 -0.000528 0.054092
v -0.047431 -0.002977 0.057667
v -0.046915 -0.066296 0.026333
v -0.047083 0.000794 0.064891
v -0.046176 -0.076431 0.029936
v -0.046176 -0.076431 0.029936
v -0.047670 -0.006668 0.054952
v -0.047360 -0.005608 0.061571
v -0.048461 0.014136 0.031419
v -0.048694 0.018435 0.019766
v -0.048204 -0.016559 0.041193
v -0.047966 -0.019442 0.048706
v -0.047873 -0.027125 0.047013
v -0.049018 -0.024396 0.011479
v -0.046770 -0.017323 0.073037
v -0.046378 -0.011285 0.079673
v -0.046513 -0.004686 0.076061
v -0.048546 0.020019 0.028661
v -0.046838 -0.068851 0.037171
v -0.046561 -0.073046 0.037262
v -0.046799 -0.066018 0.032093
v -0.047039 -0.065370 0.036144
v -0.046263 -0.006206 0.082279
v -0.046181 -0.010940 0.082668
v -0.046934 -0.066914 0.040795
v -0.046538 -0.070973 0.038893
v -0.047292 -0.064565 0.039749
v -0.048069 -0.001784 0.044382
v -0.046552 0.001221 0.073696
v -0.046683 -0.001554 0.074849
v -0.047576 -0.048485 0.054439
v -0.047644 -0.050847 0.053009
v -0.047505 -0.050314 0.056927
v -0.047916 -0.046586 0.052256
v -0.047806 -0.046592 0.050214
v -0.047382 -0.047000 0.056646
v -0.047679 -0.044804 0.053546
v -0.046561 0.002156 0.075647
v -0.047507 -0.044873 0.055945
v -0.047754 -0.045616 0.057528
v -0.047657 -0.042811 0.053193
v -0.046390 -0.001961 0.080569
v -0.047733 -0.042912 0.054891
v -0.046271 0.001380 0.080292
v -0.047921 -0.040180 0.052585
v -0.047681 -0.038204 0.055269
v -0.047536 -0.043228 0.057658
v -0.047502 -0.045873 0.059438
v -0.046638 0.010701 0.078548
v -0.046424 0.004481 0.079422
v -0.047426 -0.057790 0.020166
v -0.048864 -0.022432 0.020039
v -0.049003 -0.017053 0.017938
v -0.047782 -0.038684 0.051892
v -0.047861 -0.036495 0.051809
v -0.047201 -0.063004 0.027872
v -0.047564 -0.037364 0.053773
v -0.047629 0.019639 0.059106
v -0.048048 -0.035368 0.052746
v -0.047840 -0.034206 0.051301
v -0.047495 -0.058792 0.016474
v -0.047961 -0.031006 0.047455
v -0.048029 -0.031809 0.050988
v -0.047859 -0.029921 0.051424
v -0.047618 -0.031228 0.053428
v -0.047745 -0.033776 0.054172
v -0.047797 -0.053550 0.019237
v -0.047397 -0.037298 0.062234
v -0.048771 -0.003005 0.022698
v -0.047940 0.017572 0.049382
v -0.047530 -0.034739 0.060214
v -0.047727 -0.030465 0.054476
v -0.048725 -0.029609 0.017940
v -0.047717 -0.053503 0.022774
v -0.048059 -0.046241 0.022152
v -0.047413 -0.025018 0.061895
v -0.048799 -0.029156 0.020316
v -0.047517 0.027195 0.065516
v -0.048856 -0.021834 0.022823
v -0.047693 0.025204 0.058594
v -0.048109 -0.028345 0.049833
v -0.047899 -0.026515 0.051482
v -0.047905 -0.022927 0.049022
v -0.046816 -0.064791 0.028481
v -0.047228 -0.064338 0.031650
v -0.047518 -0.060059 0.028343
v -0.047137 -0.060990 0.030666
v -0.047855 -0.023369 0.052380
v -0.047566 -0.026920 0.056876
v -0.047184 -0.062798 0.034340
v -0.048082 -0.022047 0.050489
v -0.047826 -0.020805 0.051897
v -0.047368 -0.058624 0.031359
v -0.047312 -0.035082 0.062958
v -0.049075 0.015043 0.000037
v -0.047553 -0.056980 0.036322
v -0.047363 -0.035746 0.064415
v -0.047563 -0.033303 0.063805
v -0.047230 -0.031279 0.064167
v -0.046908 0.020273 0.079982
v -0.048370 -0.039758 0.023818
v -0.047688 -0.054467 0.026905
v -0.047325 -0.026620 0.063800
v -0.047250 -0.030545 0.066760
v -0.045994 -0.004069 0.087923
v -0.046187 0.000511 0.084430
v -0.046508 0.003394 0.080713
v -0.046239 0.003674 0.083528
v -0.047847 -0.050105 0.031925
v -0.046096 0.004572 0.088704
v -0.047497 -0.018485 0.058174
v -0.046395 0.010484 0.083929
v -0.048976 0.011545 0.007916
v -0.045814 0.010716 0.095461
v -0.047226 -0.023576 0.063095
v -0.047426 -0.021474 0.061833
v -0.046386 0.012123 0.087772
v -0.047187 -0.022800 0.066697
v -0.047519 -0.017914 0.060507
v -0.047203 -0.018944 0.062632
v -0.047165 -0.017877 0.065390
v -0.048324 -0.043208 0.018625
v -0.048731 -0.008788 0.025492
v -0.046701 0.017929 0.083024
v -0.046851 -0.022658 0.072057
v -0.047018 -0.026496 0.071419
v -0.048241 -0.046288 0.019302
v -0.046945 -0.019332 0.071387
v -0.048637 -0.023735 0.025982
v -0.048538 -0.027949 0.023599
v -0.047343 0.029175 0.073357
v -0.048554 -0.032889 0.023815
v -0.048605 -0.017879 0.027079
v -0.046711 -0.021793 0.076418
v -0.048684 -0.019475 0.030106
v -0.048439 -0.022450 0.031159
v -0.048525 -0.026195 0.030914
v -0.048449 -0.018592 0.034095
v -0.046748 0.021047 0.086491
v -0.047215 0.027608 0.078915
v -0.047070 0.028368 0.082470
v -0.048585 -0.013806 0.030417
v -0.046625 0.016442 0.088315
v -0.046145 0.015829 0.093350
v -0.046739 0.019419 0.087720
v -0.047912 -0.015006 0.046497
v -0.047909 -0.010348 0.047037
v -0.046910 0.023948 0.086702
v -0.047887 -0.006888 0.048835
v -0.046547 0.022267 0.092959
v -0.046203 0.021077 0.095836
v -0.046030 0.018346 0.096055
v -0.046122 0.016945 0.096482
v -0.047766 -0.010665 0.051524
v -0.048575 -0.009433 0.031320
v -0.047282 0.031083 0.081066
v -0.047101 0.030103 0.087843
v -0.047166 0.032428 0.084907
v -0.046999 0.030671 0.090537
v -0.045587 0.016332 0.098790
v -0.045090 0.020664 0.101775
v -0.045778 0.026007 0.099178
v -0.044567 0.022950 0.103892
v -0.046575 0.028857 0.094619
v -0.047684 -0.003816 0.049000
v -0.046381 0.032652 0.096768
v -0.044715 0.026725 0.103595
v -0.045118 0.027957 0.101734
v -0.047278 -0.058655 0.037559
v -0.044716 0.030891 0.103681
v -0.045744 0.035386 0.099858
v -0.047277 -0.062170 0.040486
v -0.044127 0.024773 0.104183
v -0.047587 -0.009498 0.055839
v -0.044365 0.028909 0.104092
v -0.047057 -0.065691 0.044348
v -0.044439 0.032730 0.103969
v -0.047224 -0.014826 0.061555
v -0.047460 -0.014549 0.060069
v -0.041624 0.032514 0.104442
v -0.044743 0.038385 0.103850
v -0.047411 -0.010713 0.060258
v -0.044271 0.037370 0.104238
v -0.047590 -0.056202 0.040432
v -0.047403 -0.057147 0.042905
v -0.047213 -0.062752 0.046119
v -0.047345 -0.008317 0.058575
v -0.047495 -0.056683 0.048199
v -0.047890 -0.004632 0.051493
v -0.047494 -0.052788 0.042519
v -0.047656 -0.003617 0.054241
v -0.047705 -0.049905 0.038888
v -0.048111 -0.040747 0.038776
v -0.047849 -0.048120 0.041479
v -0.047607 -0.053823 0.045386
v -0.047563 -0.051268 0.049587
v -0.047656 -0.050569 0.045192
v -0.048208 0.017339 0.041969
v -0.047783 -0.046275 0.045519
v -0.047730 -0.050220 0.048376
v -0.047617 -0.048843 0.047724
v -0.047732 -0.045147 0.044900
v -0.047953 -0.042136 0.043973
v -0.048135 0.028217 0.042343
v 0.005739 -0.078477 0.099151
v 0.001587 -0.078817 0.095067
v -0.047308 -0.044664 0.066222
v -0.047212 -0.038561 0.068698
v -0.047307 -0.038880 0.065165
v -0.042516 -0.077837 0.028294
v -0.001070 -0.078184 0.100949
v -0.046135 -0.041083 0.098169
v -0.046235 -0.037247 0.096295
v -0.046310 -0.039686 0.093638
v -0.046446 -0.034997 0.092189
v 0.014015 -0.078573 0.097343
v -0.045735 -0.040260 0.101185
v 0.010169 -0.078366 0.100107
v -0.045800 -0.034588 0.100059
v -0.004903 -0.078797 0.094726
v -0.025752 -0.078360 0.025318
v -0.045539 -0.037697 0.102295
v -0.045586 -0.038594 0.103542
v 0.004064 -0.078257 0.100938
v -0.045388 -0.035232 0.103865
v -0.010607 -0.077915 0.102011
v -0.001722 -0.076699 0.102722
v -0.001722 -0.076699 0.102722
v -0.008654 -0.076793 0.102878
v -0.008654 -0.076793 0.102878
v -0.046439 -0.033092 0.093440
v -0.043919 -0.077000 0.031614
v -0.002119 -0.075072 0.102908
v -0.046071 -0.030474 0.096714
v -0.045720 -0.030176 0.099833
v 0.006163 -0.076438 0.102673
v 0.006163 -0.076438 0.102673
v 0.005272 -0.075340 0.103040
v -0.046898 -0.031791 0.074332
v 0.007445 -0.077798 0.101294
v 0.015541 -0.077872 0.100937
v -0.045079 -0.039420 0.104168
v -0.044798 -0.041691 0.104330
v -0.042901 -0.041482 0.104578
v -0.042781 -0.038533 0.104652
v -0.044906 -0.037013 0.104232
v -0.044749 -0.033384 0.104223
v -0.042076 -0.031626 0.104586
v -0.046851 -0.054204 0.082379
v -0.047012 -0.052790 0.077373
v -0.046727 -0.054712 0.079099
v -0.041500 -0.036888 0.104579
v -0.019916 -0.078667 0.026732
v -0.046865 -0.049443 0.079686
v 0.009594 -0.075270 0.103272
v 0.009594 -0.075270 0.103272
v -0.047140 -0.049012 0.074305
v -0.047125 -0.051765 0.072630
v -0.017763 -0.078653 0.029372
v -0.037038 -0.032702 0.104324
v 0.010924 -0.075242 0.104361
v -0.016886 -0.078584 0.043998
v -0.045368 -0.031726 0.103317
v -0.046944 -0.045847 0.075020
v -0.021243 -0.077832 0.102066
v -0.015677 -0.078092 0.099511
v -0.045147 -0.029268 0.103446
v -0.020082 -0.077261 0.102959
v -0.020082 -0.077261 0.102959
v -0.045668 -0.026820 0.099859
v -0.046003 -0.028757 0.098175
v -0.044619 -0.030011 0.103869
v -0.015189 -0.076916 0.102929
v -0.015189 -0.076916 0.102929
v -0.046899 -0.045152 0.078259
v -0.009797 -0.075333 0.102905
v -0.016453 -0.075007 0.103083
v -0.046756 -0.050600 0.082474
v -0.032715 -0.032878 0.104206
v -0.046940 -0.046707 0.081261
v -0.027595 -0.078351 0.043374
v -0.017835 -0.073699 0.104544
v -0.016032 -0.073734 0.104649
v -0.013936 -0.074459 0.103150
v -0.009465 -0.074647 0.103228
v -0.014103 -0.073081 0.105000
v -0.007012 -0.073607 0.104965
v -0.046722 -0.045923 0.084060
v -0.046658 -0.048725 0.087058
v -0.028408 -0.053572 0.103793
v -0.027835 -0.049538 0.103761
v -0.035264 -0.049327 0.104224
v -0.046838 -0.044497 0.084774
v -0.046815 -0.042163 0.080659
v -0.044352 -0.077859 0.040702
v -0.043568 -0.077885 0.042879
v -0.044883 -0.077072 0.037025
v -0.047071 -0.056669 0.081869
v -0.031914 -0.046341 0.104035
v -0.024514 -0.045228 0.103727
v -0.046102 -0.075959 0.040071
v -0.046701 -0.053219 0.084449
v -0.038036 -0.052919 0.104211
v -0.038217 -0.046879 0.104242
v -0.042552 -0.046830 0.104607
v -0.042676 -0.077864 0.034870
v -0.046863 -0.050408 0.085402
v -0.046208 -0.076432 0.033766
v -0.046208 -0.076432 0.033766
v 0.000711 -0.074357 0.104760
v -0.046977 -0.038862 0.075151
v -0.047074 -0.044117 0.073388
v -0.047031 -0.042011 0.075786
v -0.037624 -0.044218 0.104328
v -0.034823 -0.078089 0.042639
v -0.047094 -0.044608 0.075507
v -0.035122 -0.040345 0.104184
v -0.046816 -0.042919 0.076842
v -0.031742 -0.041944 0.104113
v -0.046474 -0.076379 0.035885
v -0.046041 -0.076226 0.037248
v -0.008632 -0.064810 0.104706
v -0.002516 -0.069536 0.104772
v -0.021299 -0.043062 0.103763
v -0.016563 -0.071365 0.104989
v -0.046436 -0.074839 0.039207
v -0.021668 -0.058167 0.103616
v -0.018533 -0.053192 0.103675
v -0.018517 -0.068288 0.104193
v -0.017982 -0.050122 0.103755
v -0.046938 -0.034793 0.074769
v -0.017962 -0.057266 0.103689
v -0.032548 -0.078211 0.045334
v -0.017283 -0.052098 0.104174
v -0.015583 -0.058368 0.104543
v -0.046780 -0.038962 0.079175
v -0.015238 -0.052259 0.104569
v -0.046789 -0.040102 0.082755
v -0.018753 -0.047380 0.103741
v -0.047034 -0.038106 0.077611
v -0.017070 -0.047722 0.104396
v -0.046677 -0.033916 0.080030
v -0.017467 -0.045254 0.103847
v 0.008962 -0.072751 0.104533
v -0.012241 -0.047309 0.104582
v -0.046687 -0.036766 0.082696
v -0.015345 -0.045593 0.104513
v -0.046552 -0.043451 0.087585
v -0.034249 -0.037777 0.104284
v 0.014143 -0.074876 0.104565
v -0.046617 -0.053803 0.088721
v -0.030747 -0.036750 0.104032
v -0.028955 -0.041222 0.103909
v -0.046579 -0.051513 0.089478
v -0.009037 -0.078947 0.034157
v -0.024675 -0.037500 0.103831
v -0.046359 -0.049416 0.093713
v -0.046567 -0.051692 0.092871
v -0.046630 -0.047129 0.092293
v -0.015938 -0.061458 0.104682
v -0.018113 -0.065449 0.104259
v -0.046441 -0.045281 0.091268
v -0.008925 -0.078803 0.036281
v -0.019579 -0.031917 0.103857
v -0.007603 -0.057830 0.104501
v -0.017634 -0.042414 0.103913
v -0.006528 -0.078907 0.036275
v -0.014584 -0.041720 0.104572
v -0.001411 -0.062419 0.104534
v 0.000402 -0.079031 0.040631
v -0.046042 -0.046937 0.099594
v 0.001292 -0.078914 0.041732
v 0.002474 -0.062120 0.104409
v 0.001889 -0.078956 0.039743
v -0.007289 -0.037483 0.104551
v -0.046708 -0.042192 0.089585
v -0.013098 -0.037516 0.104549
v -0.046113 -0.042900 0.096737
v 0.007529 -0.071015 0.104618
v 0.006291 -0.078904 0.040147
v 0.003191 -0.065275 0.104387
v 0.011098 -0.066747 0.104249
v -0.017276 -0.036325 0.103851
v -0.016411 -0.038840 0.104572
v -0.014986 -0.037382 0.104798
v -0.017249 -0.034251 0.103937
v -0.014996 -0.033291 0.104529
v 0.017700 -0.069659 0.104152
v -0.046573 -0.039283 0.087108
v 0.004645 -0.065027 0.104503
v -0.046459 -0.038035 0.083971
v 0.005253 -0.062559 0.104485
v -0.031993 -0.030235 0.104237
v 0.019623 -0.063006 0.104005
v -0.046729 -0.036466 0.084241
v -0.046494 -0.035843 0.085971
v -0.046278 -0.032728 0.091182
v -0.046481 -0.030307 0.089861
v -0.046553 -0.033787 0.087909
v -0.019539 -0.078542 0.048157
v -0.046191 -0.030314 0.094105
v -0.046506 -0.026459 0.087088
v -0.046484 -0.032300 0.085967
v -0.006563 -0.078705 0.046380
v -0.046415 -0.038343 0.089360
v 0.018776 -0.078579 0.093667
v 0.019648 -0.078433 0.099340
v -0.046615 -0.036684 0.088374
v -0.046183 -0.021238 0.090968
v -0.046394 -0.023643 0.085810
v 0.017591 -0.078515 0.099680
v 0.013928 -0.078301 0.099952
v 0.021223 -0.077907 0.100611
v -0.001446 -0.078753 0.045755
v 0.024650 -0.078273 0.099768
v -0.046098 -0.020692 0.094560
v 0.018936 -0.076093 0.102765
v 0.018936 -0.076093 0.102765
v 0.006568 -0.078903 0.044890
v -0.045631 -0.023928 0.099814
v 0.013252 -0.075967 0.102808
v 0.013252 -0.075967 0.102808
v 0.020798 -0.076227 0.103353
v -0.006517 -0.078758 0.052087
v 0.013953 -0.075596 0.104423
v 0.013953 -0.075596 0.104423
v -0.045905 -0.020145 0.097499
v 0.018044 -0.075676 0.104295
v -0.046392 -0.020020 0.085338
v -0.003238 -0.078678 0.050568
v -0.046097 -0.013534 0.088409
v -0.046425 -0.017241 0.083529
v -0.046169 -0.019408 0.083654
v 0.023789 -0.076435 0.102453
v 0.023789 -0.076435 0.102453
v 0.030336 -0.077606 0.100905
v 0.027705 -0.076362 0.102313
v 0.027705 -0.076362 0.102313
v 0.002920 -0.078756 0.050781
v 0.023275 -0.070784 0.104016
v 0.016989 -0.070528 0.104335
v -0.046339 -0.014098 0.084541
v -0.046938 -0.029797 0.075227
v -0.044863 -0.077317 0.042768
v -0.046295 -0.076125 0.043274
v -0.044502 -0.077919 0.046717
v -0.046326 -0.075957 0.045593
v 0.025272 -0.076059 0.104302
v -0.045194 -0.076833 0.047802
v -0.045986 -0.013307 0.092709
v -0.046199 -0.009270 0.086673
v -0.045961 -0.010822 0.088848
v -0.040907 -0.078039 0.052079
v 0.029096 -0.075896 0.104285
v 0.023915 -0.067498 0.104078
v -0.046517 -0.075939 0.048662
v -0.046841 -0.032131 0.079883
v -0.046688 -0.074373 0.043982
v -0.045131 -0.077196 0.050154
v -0.044304 -0.077939 0.049979
v -0.045782 -0.013720 0.096992
v 0.024454 -0.065753 0.103924
v 0.029190 -0.078009 0.097926
v 0.029973 -0.078264 0.099811
v 0.034515 -0.077871 0.097821
v -0.044950 -0.077580 0.053833
v -0.044124 -0.078039 0.053626
v -0.046628 -0.076033 0.053059
v 0.034418 -0.077627 0.099852
v -0.046797 -0.073621 0.052051
v -0.046721 -0.072965 0.047437
v -0.046728 -0.026905 0.073765
v -0.045627 -0.011714 0.096461
v -0.045808 -0.008297 0.093416
v 0.034936 -0.077140 0.101374
v -0.046917 -0.025342 0.074829
v -0.026947 -0.078383 0.049236
v -0.046802 -0.028771 0.077660
v 0.033163 -0.076585 0.101992
v 0.033163 -0.076585 0.101992
v -0.045467 -0.021429 0.100928
v -0.045258 -0.017872 0.101829
v 0.028537 -0.076494 0.103142
v 0.033374 -0.076278 0.103560
v 0.037037 -0.077535 0.098284
v 0.036885 -0.077611 0.100122
v 0.036303 -0.077019 0.102554
v 0.036303 -0.077019 0.102554
v 0.037757 -0.076767 0.102217
v -0.046652 -0.025025 0.077722
v 0.038391 -0.076629 0.099936
v 0.039100 -0.075159 0.100854
v -0.044990 -0.019107 0.103707
v 0.036711 -0.076446 0.103246
v 0.036711 -0.076446 0.103246
v -0.030505 -0.078361 0.053566
v -0.045230 -0.026991 0.103722
v 0.039132 -0.073765 0.101833
v 0.038101 -0.075591 0.098507
v 0.039223 -0.072722 0.098044
v -0.045096 -0.025668 0.103810
v -0.045096 -0.025668 0.103810
v 0.040006 -0.072239 0.099153
v -0.024927 -0.078565 0.050372
v 0.039984 -0.072143 0.100350
v -0.027972 -0.078627 0.054671
v 0.037113 -0.074391 0.103618
v 0.037113 -0.074391 0.103618
v 0.036773 -0.072499 0.103342
v 0.036773 -0.072499 0.103342
v -0.045156 -0.023915 0.103860
v -0.042286 -0.023756 0.104561
v -0.046620 -0.029778 0.081947
v 0.036877 -0.068932 0.103335
v 0.036877 -0.068932 0.103335
v -0.035692 -0.028018 0.104354
v -0.046791 -0.071595 0.043113
v 0.032628 -0.072504 0.103708
v -0.046652 -0.071767 0.045056
v 0.033378 -0.075268 0.104230
v -0.044895 -0.021833 0.103522
v -0.046461 -0.028398 0.085264
v -0.046714 -0.027518 0.081038
v -0.029827 -0.028539 0.104058
v -0.028229 -0.023529 0.104028
v 0.033733 -0.058829 0.103639
v -0.033012 -0.020548 0.104241
v -0.047003 -0.068898 0.044522
v -0.046585 -0.026029 0.081991
v -0.044197 -0.021108 0.104072
v -0.046680 -0.071651 0.049936
v -0.041642 -0.019314 0.104591
v -0.046960 -0.067807 0.047816
v -0.047143 -0.066326 0.046026
v -0.046640 -0.030316 0.086110
v -0.044527 -0.016457 0.104097
v -0.045497 -0.009065 0.098144
v -0.046442 -0.021825 0.083383
v -0.044366 -0.078138 0.056743
v -0.046625 -0.073472 0.054214
v -0.046717 -0.075689 0.056182
v -0.045581 -0.077044 0.059582
v -0.044881 -0.013523 0.104012
v -0.044881 -0.013523 0.104012
v -0.045271 -0.077878 0.058877
v -0.046793 -0.072531 0.056565
v -0.045433 -0.077929 0.062325
v -0.046642 -0.076045 0.065548
v -0.046539 -0.075928 0.059244
v -0.046469 -0.020373 0.081029
v -0.045013 -0.008589 0.103569
v -0.045013 -0.008589 0.103569
v -0.044656 -0.011165 0.103888
v -0.042139 -0.012893 0.104578
v -0.044844 -0.009402 0.104043
v -0.041893 -0.009322 0.104624
v -0.045127 -0.006154 0.101098
v -0.042809 -0.078160 0.058419
v -0.047077 -0.064411 0.050697
v -0.047354 -0.059417 0.050372
v -0.047171 -0.061507 0.053222
v -0.040172 -0.078188 0.061194
v -0.028794 -0.078392 0.057724
v -0.047526 -0.055127 0.055576
v -0.047271 -0.063288 0.053086
v -0.027761 -0.011777 0.104123
v -0.047381 -0.052987 0.054673
v -0.047301 -0.058307 0.055776
v -0.047131 -0.062460 0.056054
v -0.047318 -0.060145 0.058430
v -0.044290 -0.078211 0.061224
v -0.045067 -0.078219 0.065606
v -0.034806 -0.004239 0.104368
v -0.023953 -0.078488 0.057357
v 0.018717 -0.079459 0.036599
v 0.040151 -0.069388 0.084136
v 0.038849 -0.074877 0.079376
v 0.039448 -0.071129 0.075001
v 0.024380 -0.079434 0.039432
v -0.047025 -0.066759 0.053096
v -0.047018 -0.069006 0.053479
v 0.040065 -0.067046 0.072316
v 0.040639 -0.066456 0.079221
v 0.040155 -0.068393 0.075001
v -0.046741 -0.069637 0.056539
v -0.024245 -0.026601 0.103915
v -0.018453 -0.027063 0.103882
v 0.038709 -0.076753 0.080198
v -0.015304 -0.027712 0.104545
v -0.047076 -0.066552 0.056450
v -0.016905 -0.030381 0.103933
v -0.046856 -0.068845 0.062434
v 0.021739 -0.078877 0.049778
v 0.038497 -0.075765 0.086644
v -0.000885 -0.029124 0.104488
v 0.039575 -0.072237 0.090003
v 0.040673 -0.067502 0.087632
v -0.024580 -0.078427 0.053747
v -0.013709 -0.024936 0.103816
v 0.036544 -0.078975 0.043774
v -0.023207 -0.078379 0.056098
v 0.040972 -0.065945 0.083525
v 0.037275 -0.078153 0.037004
v 0.037490 -0.076759 0.036812
v 0.036608 -0.079004 0.040904
v 0.040885 -0.065116 0.081993
v 0.037700 -0.077714 0.040771
v -0.020540 -0.078451 0.051941
v 0.041134 -0.064778 0.085846
v -0.013660 -0.078628 0.051157
v 0.040506 -0.064784 0.072959
v -0.016625 -0.078723 0.051623
v -0.015710 -0.078569 0.053251
v -0.005941 -0.022852 0.104531
v -0.007812 -0.021550 0.103723
v 0.028936 -0.078807 0.049886
v 0.041134 -0.063824 0.080370
v 0.041635 -0.058705 0.076694
v 0.042196 -0.057623 0.081535
v 0.038058 -0.077602 0.044825
v 0.041240 -0.059093 0.073186
v 0.037653 -0.074869 0.040726
v -0.017020 -0.078569 0.057951
v -0.012487 -0.078518 0.057473
v -0.006402 -0.020451 0.104559
v 0.041620 -0.056910 0.074202
v 0.041114 -0.056984 0.071684
v 0.037202 -0.078803 0.048005
v 0.037759 -0.074422 0.044611
v 0.042504 -0.057295 0.077222
v -0.003337 -0.078672 0.054219
v 0.041850 -0.056013 0.076542
v 0.037008 -0.064249 0.037217
v -0.000679 -0.078832 0.053292
v 0.042791 -0.057103 0.088022
v 0.006172 -0.078606 0.054818
v -0.001813 -0.078531 0.057659
v 0.041837 -0.055465 0.078820
v -0.006488 -0.078579 0.058543
v -0.005847 -0.078613 0.061411
v 0.037735 -0.066502 0.044454
v -0.021447 -0.018623 0.103973
v 0.042247 -0.055772 0.081273
v -0.004386 -0.078427 0.058647
v -0.000745 -0.078611 0.059931
v 0.041761 -0.062317 0.086340
v 0.003767 -0.078541 0.062982
v 0.037503 -0.063223 0.042570
v 0.039873 -0.071791 0.094965
v 0.041495 -0.064571 0.087907
v -0.029247 -0.078504 0.072013
v -0.010192 -0.078598 0.069521
v 0.041376 -0.066870 0.094698
v 0.042051 -0.062631 0.091016
v -0.016022 -0.017787 0.103859
v 0.034141 -0.078768 0.050678
v 0.041584 -0.067565 0.097161
v 0.038067 -0.074125 0.049189
v -0.020678 -0.013724 0.103953
v 0.042212 -0.064524 0.096510
v 0.022757 -0.078579 0.056205
v -0.017578 -0.015212 0.103993
v -0.016371 -0.015399 0.104619
v 0.031400 -0.078540 0.052829
v 0.042521 -0.054664 0.083854
v -0.014670 -0.015761 0.104986
v 0.029786 -0.078338 0.058886
v -0.015520 -0.012463 0.104667
v 0.038002 -0.068834 0.047603
v -0.011427 -0.019540 0.103840
v 0.037907 -0.062746 0.044525
v 0.037895 -0.063866 0.046811
v 0.042981 -0.054448 0.085595
v -0.011378 -0.017898 0.104593
v 0.011230 -0.078730 0.053488
v -0.004838 -0.008349 0.104524
v 0.015322 -0.078680 0.054861
v 0.038563 -0.065851 0.052240
v 0.038327 -0.064277 0.050662
v -0.012891 -0.014759 0.104620
v 0.042816 -0.060462 0.093090
v 0.042518 -0.061001 0.095743
v 0.038613 -0.060553 0.051097
v 0.042833 -0.060235 0.095527
v 0.042553 -0.058751 0.094434
v 0.037541 -0.078435 0.051863
v 0.038317 -0.077379 0.051651
v 0.036679 -0.078608 0.053837
v 0.042512 -0.055918 0.095487
v 0.038335 -0.077372 0.048160
v 0.018853 -0.078476 0.055914
v 0.010607 -0.078516 0.060130
v -0.044787 -0.002673 0.104282
v -0.044810 -0.004639 0.104243
v 0.043826 -0.051348 0.089314
v 0.017552 -0.078268 0.059438
v 0.038556 -0.077209 0.056059
v -0.002101 -0.053397 0.104447
v 0.037527 -0.078373 0.056926
v 0.038389 -0.073323 0.053809
v 0.038476 -0.076625 0.057749
v -0.001515 -0.050895 0.104508
v 0.014976 -0.078548 0.060427
v 0.041527 -0.053539 0.070209
v 0.042020 -0.053314 0.074554
v 0.016152 -0.078399 0.062706
v 0.038721 -0.070481 0.057336
v -0.000834 -0.044861 0.104488
v 0.039153 -0.065775 0.059129
v 0.036493 -0.058046 0.031841
v 0.042218 -0.054234 0.078269
v 0.041559 -0.051276 0.069248
v 0.019348 -0.078361 0.060468
v 0.000028 -0.049712 0.104407
v 0.042318 -0.048631 0.075448
v 0.041718 -0.048927 0.071079
v 0.036704 -0.056437 0.035329
v 0.023109 -0.078201 0.064800
v 0.041087 -0.048206 0.068243
v 0.041479 -0.046345 0.067129
v 0.025325 -0.078115 0.064476
v 0.042610 -0.047233 0.075647
v 0.004178 -0.040224 0.104342
v 0.010313 -0.044525 0.104309
v 0.042771 -0.051473 0.079892
v 0.037530 -0.057926 0.043428
v 0.042776 -0.048896 0.077986
v 0.024255 -0.038669 0.104007
v 0.037144 -0.055564 0.039961
v 0.012870 -0.078359 0.065849
v 0.007732 -0.078527 0.074479
v 0.008729 -0.039053 0.104340
v 0.014571 -0.036371 0.104273
v -0.001756 -0.078567 0.070686
v 0.043291 -0.049970 0.083795
v 0.036194 -0.051716 0.030553
v 0.003422 -0.078591 0.074672
v 0.001118 -0.078655 0.073812
v 0.036224 -0.046980 0.026622
v 0.010059 -0.078422 0.073713
v 0.013641 -0.030799 0.104240
v 0.041596 -0.039725 0.066225
v 0.042085 -0.039752 0.069264
v 0.042905 -0.037830 0.074165
v 0.036403 -0.044946 0.028550
v 0.016289 -0.078287 0.072576
v 0.036556 -0.052273 0.033644
v 0.041319 -0.037653 0.065141
v 0.042277 -0.038911 0.067501
v 0.020605 -0.078173 0.074130
v 0.027195 -0.077995 0.073200
v 0.042124 -0.034695 0.068218
v 0.036703 -0.051987 0.036135
v 0.036995 -0.049580 0.038167
v 0.016176 -0.078407 0.074865
v 0.043202 -0.040154 0.076928
v 0.036530 -0.046478 0.033801
v 0.025875 -0.037011 0.104049
v 0.036343 -0.043185 0.031568
v 0.023138 -0.078287 0.075569
v 0.014217 -0.028891 0.104279
v 0.033054 -0.077925 0.065426
v 0.035969 -0.077701 0.070034
v 0.042992 -0.038523 0.076426
v 0.037813 -0.058851 0.045195
v 0.037723 -0.077749 0.074029
v 0.037904 -0.051019 0.044331
v 0.011079 -0.023292 0.104236
v 0.042782 -0.036677 0.076103
v 0.043285 -0.034906 0.075642
v 0.043250 -0.053127 0.084730
v 0.037476 -0.052226 0.042912
v 0.037739 -0.077802 0.076801
v 0.043611 -0.051171 0.084952
v 0.038871 -0.076699 0.072955
v 0.043715 -0.049106 0.086377
v 0.038666 -0.076368 0.075095
v -0.045458 -0.078360 0.077425
v -0.044824 -0.078312 0.074931
v -0.043305 -0.078294 0.081239
v -0.045812 -0.077976 0.079462
v 0.038409 -0.057506 0.049562
v 0.038166 -0.057420 0.047392
v -0.046041 -0.077938 0.081773
v -0.046716 -0.076529 0.079991
v -0.042344 -0.078358 0.084318
v -0.040705 -0.078621 0.081568
v 0.037858 -0.054540 0.046043
v -0.046303 -0.076934 0.083241
v -0.046141 -0.077864 0.083958
v -0.045342 -0.078465 0.083075
v 0.037850 -0.052082 0.045652
v 0.038329 -0.053193 0.047111
v 0.038288 -0.054276 0.048813
v 0.038287 -0.051663 0.048776
v 0.044202 -0.045759 0.087613
v 0.038217 -0.055123 0.049725
v -0.040498 -0.078595 0.086123
v -0.037285 -0.078358 0.084016
v -0.035628 -0.078622 0.091323
v -0.034494 -0.078353 0.083800
v 0.043794 -0.048912 0.088988
v -0.046760 -0.073629 0.063473
v 0.044379 -0.040452 0.086134
v 0.036852 -0.042808 0.036754
v 0.037409 -0.047408 0.040921
v 0.017649 -0.021266 0.104172
v 0.037368 -0.043678 0.041628
v 0.037837 -0.040470 0.043943
v -0.046904 -0.069240 0.066055
v -0.045477 -0.077261 0.065493
v -0.045012 -0.078250 0.070596
v 0.022266 -0.026800 0.104116
v -0.045757 -0.077215 0.068142
v 0.037550 -0.048984 0.043776
v -0.046873 -0.076000 0.068691
v 0.043394 -0.046817 0.091539
v 0.038212 -0.048754 0.046907
v 0.037814 -0.045166 0.044360
v 0.024806 -0.029409 0.104024
v -0.035037 -0.078360 0.072937
v 0.038020 -0.046864 0.046392
v -0.045379 -0.077743 0.072222
v -0.046837 -0.073666 0.070005
v 0.043844 -0.038972 0.078854
v 0.043873 -0.038903 0.081664
v -0.046744 -0.076010 0.072001
v -0.043624 -0.078252 0.073533
v -0.045643 -0.077979 0.074087
v -0.046863 -0.069847 0.075581
v 0.024563 -0.022091 0.103986
v 0.044204 -0.039328 0.085462
v -0.040305 -0.078296 0.072802
v 0.034298 -0.027578 0.103807
v 0.043482 -0.036255 0.077211
v 0.043573 -0.036937 0.080002
v -0.038466 -0.078508 0.076798
v -0.033274 -0.078548 0.074055
v 0.043955 -0.034960 0.081186
v -0.046782 -0.071279 0.069674
v 0.038787 -0.062499 0.054584
v 0.030209 -0.020213 0.103916
v 0.037543 -0.078159 0.059913
v 0.033850 -0.032476 0.103811
v 0.031874 -0.078286 0.061117
v -0.047004 -0.064463 0.063800
v -0.047066 -0.065762 0.066203
v 0.039033 -0.076796 0.061770
v 0.038684 -0.075279 0.062604
v -0.047018 -0.063071 0.061167
v 0.044105 -0.040281 0.090251
v -0.046011 -0.007537 0.085757
v -0.047269 -0.059917 0.061773
v 0.044485 -0.038788 0.085894
v 0.043973 -0.038589 0.089239
v -0.046157 -0.005785 0.086889
v 0.044406 -0.037125 0.085510
v 0.044408 -0.035840 0.083750
v 0.036283 -0.077758 0.064710
v -0.046959 -0.069738 0.071612
v -0.047011 -0.064637 0.070751
v -0.045878 -0.007713 0.089836
v -0.047207 -0.062846 0.067425
v -0.046972 -0.062966 0.065829
v 0.038115 -0.077329 0.065222
v -0.047229 -0.060959 0.065478
v 0.039157 -0.076374 0.066631
v 0.044420 -0.033497 0.083211
v -0.046925 -0.061404 0.067637
v 0.044707 -0.033881 0.086896
v 0.038691 -0.074382 0.067751
v -0.047287 -0.058559 0.066745
v 0.038957 -0.072271 0.064847
v -0.046780 -0.076320 0.076138
v -0.046193 -0.076891 0.077992
v -0.046956 -0.073346 0.074623
v 0.039374 -0.068872 0.064136
v -0.046995 -0.075905 0.078655
v -0.046845 -0.071896 0.078541
v -0.000808 -0.057808 0.104420
v 0.005276 -0.057063 0.104385
v -0.045518 -0.006901 0.098423
v -0.045658 -0.002146 0.095223
v -0.047024 -0.067526 0.075069
v 0.039682 -0.065264 0.063531
v -0.047065 -0.073552 0.079697
v 0.006836 -0.052663 0.104259
v -0.046895 -0.073321 0.083109
v -0.045432 0.000606 0.096585
v -0.047108 -0.075769 0.082697
v -0.046981 -0.070246 0.081805
v -0.046932 -0.076229 0.085469
v -0.046995 -0.069178 0.078299
v -0.046825 -0.068089 0.081524
v -0.045320 -0.003455 0.098094
v -0.046900 -0.066370 0.078258
v 0.015864 -0.058594 0.103935
v 0.038384 -0.077405 0.070505
v -0.044727 0.002288 0.104342
v -0.047004 -0.061812 0.075688
v 0.009063 -0.058452 0.104161
v 0.013907 -0.057093 0.104120
v -0.047077 -0.059151 0.068083
v -0.047146 -0.060884 0.071486
v 0.039368 -0.070542 0.070050
v -0.047098 -0.056250 0.073361
v -0.046906 -0.059023 0.078734
v -0.045156 0.006029 0.100740
v -0.046867 -0.066986 0.072990
v -0.047048 -0.064322 0.076876
v -0.023259 -0.003856 0.104036
v -0.047051 -0.060480 0.080563
v 0.024916 -0.050317 0.103967
v 0.039703 -0.067151 0.066195
v 0.023699 -0.056043 0.103910
v 0.039906 -0.065974 0.068766
v -0.035169 0.001795 0.104395
v -0.019276 -0.078599 0.072521
v 0.040184 -0.066816 0.069292
v 0.019705 -0.048687 0.104040
v 0.040252 -0.058136 0.063451
v -0.028134 -0.078614 0.074561
v -0.031913 -0.078394 0.075724
v 0.040943 -0.058745 0.069822
v -0.021357 -0.078699 0.074770
v -0.025918 -0.078460 0.075404
v -0.026952 -0.078519 0.078633
v -0.013528 -0.078639 0.073289
v 0.040778 -0.058181 0.066547
v -0.014947 -0.078631 0.074817
v -0.016693 -0.078816 0.074230
v -0.007725 -0.078654 0.072643
v 0.038955 -0.059584 0.054520
v 0.038777 -0.055152 0.052310
v -0.009172 -0.078671 0.074860
v 0.017379 -0.047251 0.104200
v -0.004856 -0.078782 0.074647
v -0.019018 -0.078608 0.074948
v -0.017490 -0.011153 0.103914
v 0.038996 -0.054613 0.050875
v -0.020871 -0.078683 0.082262
v 0.038776 -0.052311 0.050354
v 0.039067 -0.050931 0.050746
v -0.016136 -0.078748 0.082594
v -0.010729 -0.078639 0.078112
v -0.012410 -0.078452 0.078750
v -0.008775 -0.078930 0.079430
v -0.005850 -0.078631 0.076580
v 0.039076 -0.050513 0.053378
v 0.028742 -0.059047 0.103817
v -0.012383 -0.078683 0.081043
v 0.040775 -0.068923 0.099457
v 0.039768 -0.054721 0.058746
v -0.033870 -0.078168 0.079604
v 0.038513 -0.066890 0.101316
v 0.041712 -0.066139 0.097803
v -0.030798 -0.078810 0.081755
v 0.039977 -0.050432 0.058877
v 0.040257 -0.064725 0.099019
v 0.038281 -0.049129 0.050255
v 0.036899 -0.060480 0.103302
v 0.038577 -0.045971 0.048970
v 0.038686 -0.048466 0.051233
v 0.039281 -0.046601 0.051418
v -0.027109 -0.078625 0.082729
v 0.039080 -0.044981 0.051387
v 0.039206 -0.049460 0.052476
v 0.041982 -0.061354 0.097271
v 0.038312 -0.044372 0.046405
v -0.026840 0.002133 0.104171
v 0.038137 -0.042269 0.046237
v -0.017494 0.002057 0.103984
v 0.040301 -0.061815 0.098914
v 0.038438 -0.044244 0.050346
v -0.015615 0.000754 0.104671
v -0.029946 -0.078766 0.086693
v 0.038804 -0.041945 0.049729
v 0.039743 -0.047629 0.057539
v 0.039060 -0.045944 0.052512
v -0.007229 -0.001288 0.104583
v 0.036809 -0.064746 0.103305
v 0.036809 -0.064746 0.103305
v -0.011681 -0.078710 0.083813
v -0.012480 -0.078594 0.085472
v 0.039327 -0.041841 0.051113
v 0.038742 -0.040022 0.049777
v 0.039286 -0.040411 0.052920
v 0.039992 -0.060123 0.098772
v 0.037968 -0.060438 0.101586
v 0.040343 -0.040173 0.058887
v -0.023287 -0.078760 0.089974
v -0.020013 -0.078757 0.088554
v 0.039839 -0.051572 0.060413
v -0.026495 -0.078537 0.089502
v 0.040392 -0.048242 0.061647
v 0.039865 -0.050428 0.061329
v 0.036909 -0.060518 0.103311
v 0.040415 -0.049455 0.062629
v -0.012947 -0.078780 0.088070
v 0.040893 -0.047374 0.064311
v 0.041820 -0.058796 0.096862
v -0.009003 -0.078737 0.090624
v -0.045397 -0.078244 0.086388
v 0.040554 -0.039046 0.056162
v -0.045820 -0.078268 0.089065
v 0.039485 -0.057610 0.099842
v -0.047164 -0.075783 0.087800
v -0.046979 -0.076324 0.090415
v -0.046870 -0.072705 0.088160
v 0.041526 -0.054730 0.097176
v 0.040417 -0.037865 0.059901
v 0.041609 -0.038832 0.062369
v -0.045744 -0.078137 0.091680
v -0.047057 -0.076004 0.093804
v -0.046011 -0.078360 0.093691
v 0.043257 -0.049927 0.092687
v 0.007579 -0.012245 0.104358
v 0.041038 -0.040457 0.063161
v 0.042469 -0.052273 0.095171
v -0.046826 -0.076350 0.096989
v -0.046759 -0.073047 0.091612
v 0.041768 -0.047308 0.097064
v 0.041020 -0.037026 0.062885
v -0.039045 -0.078629 0.089339
v -0.040090 -0.078414 0.090588
v -0.023032 0.005030 0.104029
v 0.036376 -0.055973 0.103415
v 0.036376 -0.055973 0.103415
v 0.037252 -0.056685 0.102969
v -0.032928 -0.078446 0.091265
v 0.040519 -0.055552 0.061801
v 0.040656 -0.056511 0.064820
v -0.030178 -0.078575 0.093027
v 0.039562 -0.052133 0.099885
v -0.041372 -0.078523 0.092418
v 0.040315 -0.054831 0.062082
v 0.040680 -0.055895 0.066364
v 0.040456 -0.051699 0.062305
v -0.037709 -0.078426 0.093464
v -0.041555 -0.078489 0.097008
v -0.045184 -0.078301 0.095988
v -0.045966 -0.078039 0.095195
v 0.040979 -0.052566 0.066177
v 0.037033 -0.051702 0.103445
v 0.037033 -0.051702 0.103445
v 0.040352 -0.046879 0.098712
v 0.040892 -0.049482 0.064251
v 0.041139 -0.055911 0.068197
v -0.035428 -0.078477 0.095924
v 0.040793 -0.056732 0.069952
v -0.039568 -0.078389 0.099725
v -0.023985 -0.078611 0.093288
v 0.023868 -0.058948 0.103845
v -0.023855 -0.078671 0.095727
v -0.005186 0.008825 0.104508
v -0.026703 -0.078265 0.099427
v 0.041363 -0.048676 0.067330
v 0.040876 -0.048229 0.066122
v -0.045613 -0.078311 0.100118
v -0.046606 -0.078007 0.098200
v -0.046415 -0.077401 0.100167
v -0.043078 -0.078029 0.102694
v -0.043078 -0.078029 0.102694
v -0.046382 -0.077570 0.096763
v 0.021146 -0.057068 0.104114
v 0.036278 -0.033044 0.020100
v -0.046614 -0.075432 0.101132
v 0.009449 -0.006940 0.104298
v -0.046437 -0.072489 0.099339
v 0.011533 0.007044 0.104193
v 0.036169 -0.028998 0.023744
v -0.036573 -0.078130 0.100494
v 0.035942 -0.026194 0.026119
v -0.039440 -0.077921 0.102959
v -0.039440 -0.077921 0.102959
v -0.034451 -0.078021 0.102355
v -0.046616 -0.077602 0.101949
v -0.045697 -0.078094 0.102577
v -0.046339 -0.076256 0.103500
v -0.045187 -0.077390 0.103446
v -0.046558 -0.072993 0.100933
v -0.042921 -0.075655 0.104279
v -0.040953 -0.076652 0.103594
v -0.045753 -0.074192 0.103444
v -0.042595 -0.073809 0.104447
v -0.045759 -0.072435 0.103713
v -0.046169 -0.070639 0.102715
v -0.043238 -0.071549 0.104284
v 0.025552 -0.052649 0.103992
v 0.036429 -0.016085 0.017125
v -0.034513 -0.077637 0.103000
v -0.034513 -0.077637 0.103000
v -0.034742 -0.076325 0.103359
v -0.037017 -0.075259 0.104383
v 0.036045 -0.020748 0.023976
v -0.030077 -0.073574 0.104527
v 0.036028 -0.023261 0.028446
v 0.035912 -0.021419 0.026914
v 0.036496 -0.017562 0.019711
v 0.036058 -0.015428 0.020740
v 0.036224 -0.015941 0.025229
v -0.030972 -0.077563 0.103134
v -0.030972 -0.077563 0.103134
v -0.028156 -0.077786 0.102508
v 0.036077 -0.013634 0.022051
v -0.026272 -0.077273 0.103079
v -0.026272 -0.077273 0.103079
v -0.029786 -0.076045 0.103327
v -0.025900 -0.075654 0.103221
v 0.036573 -0.014943 0.017570
v 0.034024 -0.047593 0.103821
v 0.036820 -0.010717 0.015898
v 0.036267 -0.047100 0.103518
v 0.037338 -0.008463 0.013080
v 0.037967 -0.007071 0.011419
v 0.037510 0.000228 0.013355
v -0.028042 -0.074772 0.104540
v -0.046863 -0.071265 0.083926
v 0.036702 -0.006187 0.017230
v 0.036105 -0.009744 0.021755
v -0.046971 -0.070900 0.085844
v 0.025323 -0.042112 0.104019
v -0.046953 -0.067154 0.083985
v -0.046742 -0.067712 0.086413
v -0.046830 -0.063639 0.085941
v 0.036589 -0.002821 0.020524
v 0.036390 -0.015894 0.027475
v 0.036363 -0.017297 0.030621
v -0.046579 -0.070410 0.093690
v -0.046822 -0.066181 0.088796
v -0.046660 -0.064581 0.088809
v 0.037548 -0.047872 0.103039
v 0.037548 -0.047872 0.103039
v -0.046653 -0.067008 0.092531
v 0.002222 0.016660 0.104371
v 0.006491 0.012464 0.104197
v 0.036389 -0.012932 0.028253
v -0.046851 -0.061245 0.082736
v 0.036554 -0.011174 0.032756
v 0.037017 -0.017072 0.037139
v 0.036076 -0.010655 0.024649
v 0.036132 -0.008552 0.028194
v -0.046998 -0.059902 0.084052
v -0.046874 -0.058026 0.082181
v -0.046766 -0.064049 0.090970
v 0.036110 -0.003780 0.022253
v 0.004027 0.019307 0.104252
v -0.046663 -0.062002 0.088712
v -0.046858 -0.058685 0.085255
v 0.036216 -0.005099 0.025210
v 0.036242 -0.002410 0.024185
v 0.015189 0.017909 0.104081
v 0.007856 0.023179 0.104137
v 0.043006 -0.044848 0.094949
v -0.046875 -0.055851 0.085500
v -0.046466 -0.055612 0.091406
v 0.036823 -0.004121 0.035253
v -0.046501 -0.068763 0.096637
v 0.014618 0.024937 0.104094
v 0.043522 -0.042806 0.091708
v 0.043091 -0.038517 0.094887
v 0.036648 -0.000070 0.032845
v -0.046332 -0.063006 0.095650
v -0.042187 0.001598 0.104695
v -0.046265 -0.065569 0.096213
v -0.046615 -0.066955 0.096288
v -0.046181 -0.064617 0.099125
v -0.046278 -0.067636 0.099950
v 0.042166 -0.038782 0.096900
v 0.040700 -0.035953 0.098814
v -0.044186 0.001100 0.104330
v -0.046024 -0.065371 0.102908
v -0.045977 -0.062256 0.100703
v -0.046492 -0.061130 0.095941
v -0.045959 -0.060216 0.099646
v 0.037504 -0.003603 0.039716
v 0.037062 0.000614 0.037144
v -0.046557 -0.057589 0.093155
v 0.044280 -0.036381 0.090508
v 0.038024 -0.001208 0.042605
v 0.037525 0.002592 0.039947
v 0.035830 -0.040012 0.025545
v 0.036000 -0.041130 0.028935
v 0.044573 -0.036019 0.088298
v 0.036095 -0.036753 0.029452
v -0.046530 -0.055081 0.094472
v -0.046080 -0.058550 0.099841
v -0.046098 -0.056601 0.096647
v 0.036247 -0.033584 0.025741
v -0.045857 -0.049990 0.100933
v 0.043702 -0.034778 0.093545
v 0.042633 -0.033990 0.095770
v 0.042228 -0.034667 0.097241
v 0.043648 -0.031158 0.093556
v 0.044439 -0.025144 0.090372
v -0.044782 0.006366 0.104074
v -0.043975 0.007216 0.104531
v -0.020177 -0.078633 0.090092
v -0.017190 -0.078782 0.092457
v -0.044632 0.010062 0.104272
v -0.042230 0.008692 0.104654
v -0.017254 -0.078588 0.095987
v -0.012128 -0.078737 0.093342
v 0.034304 -0.042065 0.103802
v 0.036191 -0.028450 0.027784
v -0.018429 -0.078377 0.098733
v 0.036687 -0.043051 0.103548
v 0.036161 -0.032227 0.028045
v 0.037682 -0.045275 0.103055
v 0.037682 -0.045275 0.103055
v 0.037670 -0.042434 0.103054
v 0.037670 -0.042434 0.103054
v 0.036620 -0.031820 0.034723
v -0.045186 0.011473 0.100410
v -0.044995 -0.069163 0.103910
v 0.039944 -0.041380 0.099874
v 0.037512 -0.037404 0.103015
v 0.037512 -0.037404 0.103015
v -0.045740 -0.066890 0.103521
v -0.033261 -0.068550 0.104208
v -0.038222 -0.067971 0.104242
v -0.044557 0.012645 0.104113
v -0.044557 0.012645 0.104113
v -0.022780 -0.074303 0.104457
v -0.021940 -0.072340 0.104478
v -0.041567 0.017787 0.104629
v 0.037935 -0.038619 0.044415
v 0.037665 -0.036080 0.042904
v 0.035168 -0.037654 0.103729
v -0.022040 -0.065201 0.104010
v -0.037010 0.019140 0.104420
v -0.030576 -0.062139 0.103922
v 0.037693 -0.032821 0.042560
v 0.037220 -0.040460 0.103361
v 0.036358 -0.027266 0.030884
v -0.018349 -0.063860 0.103907
v -0.018171 -0.058780 0.103785
v 0.036710 -0.022297 0.034334
v -0.001503 -0.078513 0.073015
v 0.037179 -0.023584 0.038469
v 0.040633 -0.032316 0.098663
v -0.001186 -0.078521 0.076284
v 0.040082 -0.032711 0.099665
v -0.003497 -0.078430 0.078770
v 0.042284 -0.029430 0.097239
v -0.005946 -0.078775 0.083326
v -0.001103 -0.078588 0.080807
v 0.001259 -0.078786 0.079493
v 0.004402 -0.078691 0.080726
v 0.040858 -0.027653 0.098524
v 0.001093 -0.078517 0.082942
v 0.002752 -0.078789 0.084255
v 0.037311 -0.026598 0.103117
v 0.005897 -0.078480 0.078250
v 0.007473 -0.078507 0.082042
v -0.017360 0.015408 0.103840
v 0.037962 -0.034754 0.044033
v 0.037811 -0.036105 0.045618
v 0.036584 -0.034800 0.103463
v 0.037346 -0.033105 0.102991
v 0.037346 -0.033105 0.102991
v 0.037871 -0.030660 0.043150
v 0.038664 -0.034928 0.046911
v 0.038056 -0.031459 0.045318
v -0.044954 0.015893 0.101664
v 0.038499 -0.034537 0.047457
v 0.010743 -0.078263 0.076777
v 0.038875 -0.032612 0.048745
v 0.038744 -0.030257 0.049026
v 0.015454 -0.078518 0.080065
v 0.037210 -0.030393 0.103152
v 0.037210 -0.030393 0.103152
v 0.038419 -0.039141 0.045490
v 0.011144 -0.078516 0.078654
v -0.044245 0.015436 0.104055
v 0.038571 -0.038237 0.048694
v 0.018517 -0.078095 0.075848
v 0.018134 -0.078233 0.080106
v -0.044677 0.017701 0.103654
v 0.020456 -0.078171 0.078671
v 0.039782 -0.039315 0.051977
v 0.021927 -0.078439 0.087579
v 0.039017 -0.037680 0.051414
v 0.038877 -0.035717 0.050896
v -0.044463 0.019387 0.104064
v 0.037301 -0.026540 0.103108
v 0.039403 -0.036569 0.052811
v 0.012943 -0.078548 0.083142
v 0.039049 -0.033857 0.049701
v 0.039702 -0.034136 0.051330
v 0.039518 -0.030691 0.051857
v 0.038914 -0.032205 0.050363
v 0.039385 -0.033542 0.052600
v 0.041512 -0.036057 0.064838
v 0.019001 -0.078333 0.082987
v 0.038604 -0.031025 0.050399
v 0.020063 -0.078225 0.084865
v 0.041391 -0.033595 0.063698
v 0.037639 -0.028650 0.042100
v 0.016743 -0.078545 0.088014
v 0.013675 -0.078689 0.086749
v 0.037595 -0.024918 0.042253
v -0.009015 -0.078733 0.083134
v 0.038416 -0.030329 0.045518
v 0.038049 -0.028032 0.044745
v 0.038208 -0.026700 0.043316
v -0.002342 -0.078647 0.084525
v -0.009054 -0.078965 0.085674
v 0.042710 -0.025246 0.070287
v 0.040129 -0.027070 0.056106
v -0.041540 0.024805 0.104593
v 0.040656 -0.025345 0.059170
v 0.038161 -0.022587 0.043377
v 0.037607 -0.019554 0.041555
v 0.000070 -0.078783 0.087745
v 0.038471 -0.029169 0.047118
v 0.038024 -0.027375 0.045753
v 0.038505 -0.026498 0.046357
v 0.039081 -0.027149 0.049355
v 0.038869 -0.025457 0.047384
v -0.032839 0.025083 0.104192
v 0.038721 -0.024037 0.048282
v 0.037843 -0.023745 0.044549
v 0.038557 -0.023368 0.046231
v -0.026597 0.028070 0.103994
v 0.043643 -0.027409 0.076270
v 0.038259 -0.019488 0.045713
v 0.003611 -0.078710 0.090374
v 0.038957 -0.022129 0.048323
v -0.007266 -0.078860 0.091998
v 0.039050 -0.020495 0.048614
v -0.002909 -0.078741 0.093025
v 0.039520 -0.027576 0.051778
v 0.040983 -0.024040 0.060197
v 0.005193 -0.078842 0.086909
v 0.039481 -0.035831 0.055008
v 0.040581 -0.035860 0.059918
v 0.011138 -0.078527 0.088973
v 0.040089 -0.035185 0.058241
v 0.042381 -0.023978 0.067635
v 0.014781 -0.078780 0.091324
v 0.042018 -0.018300 0.065344
v 0.039424 -0.028401 0.052580
v -0.017550 0.026268 0.103702
v 0.010160 -0.078705 0.092996
v 0.040864 -0.018036 0.059241
v 0.040921 -0.036410 0.060669
v 0.016873 -0.078560 0.091747
v 0.040700 -0.035486 0.062022
v 0.040147 -0.016643 0.060274
v 0.040978 -0.016534 0.063488
v 0.042747 -0.018842 0.069267
v 0.026204 -0.078040 0.079969
v 0.028565 -0.077916 0.080065
v 0.039323 -0.023461 0.049843
v 0.038743 -0.021889 0.050146
v 0.039310 -0.019756 0.050318
v 0.039487 -0.024147 0.052451
v 0.039646 -0.024539 0.051544
v 0.039678 -0.021453 0.051640
v 0.039796 -0.016733 0.051346
v 0.029314 -0.078093 0.084035
v 0.033126 -0.077983 0.081263
v 0.042170 -0.017146 0.066787
v 0.039718 -0.026694 0.051268
v 0.037401 -0.077737 0.080405
v 0.040029 -0.024972 0.056311
v 0.042891 -0.014550 0.068018
v 0.026779 -0.078083 0.084145
v 0.043956 -0.023827 0.077425
v 0.028173 -0.078240 0.087383
v 0.043894 -0.018068 0.075994
v 0.031105 -0.077938 0.088067
v 0.034808 -0.078033 0.088840
v 0.037127 -0.077866 0.085555
v 0.042984 -0.011657 0.069408
v 0.037922 -0.077465 0.082668
v 0.038585 -0.076570 0.083940
v 0.043735 -0.012307 0.074049
v 0.038284 -0.076959 0.088649
v 0.037199 -0.010294 0.038261
v 0.037771 -0.016102 0.042559
v 0.044044 -0.015643 0.077355
v 0.043504 -0.013846 0.075879
v 0.044846 -0.017133 0.077472
v 0.027681 -0.078271 0.095318
v 0.044252 -0.012792 0.077111
v 0.038294 -0.018412 0.044051
v 0.044485 -0.015102 0.079833
v 0.038585 -0.017153 0.044618
v -0.019690 0.031397 0.103747
v 0.038221 -0.016496 0.045201
v 0.020551 -0.078374 0.090934
v 0.039135 -0.018993 0.048001
v 0.038901 -0.016786 0.047294
v 0.030338 -0.078101 0.090657
v 0.038261 -0.013842 0.045041
v 0.037829 -0.011237 0.042295
v -0.011764 0.023468 0.103593
v -0.014965 0.026985 0.104542
v 0.038451 -0.012468 0.044738
v -0.016794 0.028482 0.103656
v -0.014408 0.029425 0.104637
v 0.037776 -0.006627 0.042385
v 0.037935 -0.008774 0.043330
v 0.037818 -0.003531 0.042260
v 0.032228 -0.078035 0.094146
v 0.035919 -0.078017 0.092723
v 0.038818 -0.017486 0.048967
v 0.037109 -0.077804 0.090646
v 0.038392 -0.076674 0.091825
v 0.038850 -0.015754 0.049123
v -0.033556 0.034234 0.104114
v 0.038444 -0.075966 0.093986
v 0.037525 -0.077359 0.094158
v 0.039163 -0.012284 0.048576
v 0.039093 -0.013737 0.049739
v 0.039985 -0.013841 0.051446
v 0.038655 -0.009849 0.047242
v 0.039001 -0.012030 0.050338
v 0.045012 -0.024895 0.085737
v 0.039157 -0.009962 0.050296
v 0.038082 -0.076589 0.097283
v 0.039669 -0.011021 0.052582
v 0.040626 -0.010860 0.057549
v 0.039809 -0.010648 0.051641
v 0.039793 -0.008433 0.053093
v 0.038616 -0.007998 0.046315
v 0.038333 -0.004539 0.043947
v 0.039280 -0.008179 0.049031
v 0.038948 -0.006257 0.048455
v -0.006403 -0.078546 0.098504
v 0.038677 -0.004486 0.046852
v -0.015176 0.014847 0.104659
v 0.044552 -0.018138 0.080289
v 0.037851 -0.001960 0.043564
v 0.037967 -0.000158 0.043736
v 0.045194 -0.017328 0.084742
v 0.038622 -0.001256 0.045715
v 0.038487 0.000708 0.046488
v 0.038920 -0.007518 0.050329
v 0.038713 -0.004782 0.049174
v 0.039705 -0.005415 0.049993
v 0.039811 -0.003957 0.050385
v 0.039003 -0.003058 0.049254
v 0.039806 -0.008429 0.050951
v 0.040004 -0.006637 0.051665
v 0.039738 -0.006195 0.052738
v 0.039786 -0.002945 0.051189
v -0.009906 0.017429 0.104548
v 0.040685 -0.007644 0.057980
v 0.039043 -0.000484 0.048188
v -0.014084 0.017625 0.103705
v 0.039267 -0.001700 0.049609
v -0.010690 0.018829 0.103637
v 0.040660 -0.009720 0.059222
v 0.039153 0.001200 0.050209
v 0.038797 -0.002678 0.050080
v 0.039779 0.000743 0.051455
v 0.038877 0.002405 0.048022
v 0.042120 -0.006646 0.064409
v 0.041472 -0.008466 0.060569
v 0.040407 -0.015498 0.059024
v -0.047145 -0.058359 0.057825
v -0.047303 -0.055609 0.058242
v 0.041295 -0.013472 0.060502
v 0.041304 -0.015590 0.061666
v 0.041578 -0.014399 0.063336
v -0.047341 -0.053324 0.058894
v 0.041438 -0.009756 0.061778
v -0.047546 -0.051901 0.058410
v 0.042308 -0.015008 0.065420
v 0.042175 -0.015602 0.066227
v -0.047139 -0.056896 0.062948
v -0.047016 -0.055499 0.060922
v -0.047149 -0.054723 0.061961
v 0.042063 -0.011424 0.064188
v 0.042146 -0.013279 0.066341
v -0.007487 0.020565 0.103454
v -0.047172 -0.054327 0.067390
v 0.042495 -0.010874 0.066771
v 0.042579 -0.010708 0.065480
v 0.043174 -0.012732 0.067577
v -0.047424 -0.052394 0.061565
v -0.005505 0.019892 0.104478
v -0.047423 -0.048581 0.059122
v -0.047242 -0.049780 0.066492
v -0.047398 -0.047781 0.064602
v 0.041762 -0.009699 0.064290
v -0.006178 0.022382 0.104480
v -0.047412 -0.043336 0.062379
v -0.001664 0.026249 0.104371
v 0.040735 0.000811 0.057443
v 0.041816 -0.001100 0.062672
v -0.047174 -0.054088 0.070746
v 0.039782 0.006974 0.052617
v -0.001326 0.031207 0.104401
v -0.046998 -0.054585 0.072460
v 0.041409 0.000935 0.061709
v 0.040786 0.003160 0.059126
v 0.042171 0.001289 0.064295
v 0.041393 0.004925 0.060443
v 0.041691 0.002896 0.061645
v -0.047495 -0.041238 0.064327
v 0.042822 -0.008522 0.069527
v 0.043613 -0.010483 0.070366
v 0.014306 -0.014602 0.104218
v 0.043841 -0.010414 0.073031
v 0.043605 -0.006324 0.072064
v 0.044367 -0.010729 0.077937
v 0.043695 -0.009413 0.073237
v 0.044293 -0.008972 0.076618
v 0.019753 -0.007626 0.104131
v 0.044539 -0.007902 0.078419
v 0.041707 0.004679 0.062599
v 0.026630 -0.014827 0.103942
v 0.042800 0.002539 0.065465
v 0.042330 0.004373 0.065563
v 0.043121 -0.000080 0.068990
v 0.042351 0.000775 0.066287
v 0.043281 0.002756 0.067591
v 0.042947 0.004667 0.066307
v 0.044189 0.000838 0.074352
v 0.043420 0.006356 0.069690
v 0.042611 0.006400 0.065645
v 0.034332 -0.001942 0.103825
v 0.044872 -0.026544 0.087099
v 0.034739 -0.013350 0.103725
v 0.043828 -0.023955 0.093669
v 0.043910 -0.027042 0.093410
v 0.020904 0.003005 0.104074
v 0.037420 -0.006567 0.103418
v 0.037420 -0.006567 0.103418
v 0.044111 -0.022365 0.091562
v 0.045477 -0.016730 0.082827
v 0.045056 -0.015300 0.083346
v 0.045056 -0.013014 0.082339
v 0.045696 -0.013895 0.084112
v 0.045766 -0.010768 0.084436
v 0.044770 -0.014593 0.089429
v 0.044221 -0.012356 0.091968
v 0.020040 0.001579 0.104045
v 0.045350 -0.010782 0.085582
v 0.042542 -0.022879 0.096880
v 0.044103 -0.021173 0.092894
v 0.043836 -0.017936 0.094180
v 0.042440 -0.017727 0.097050
v 0.037281 -0.023406 0.103110
v 0.037281 -0.023406 0.103110
v 0.040145 -0.018589 0.099682
v 0.037361 -0.019946 0.103028
v 0.037361 -0.019946 0.103028
v 0.041146 -0.015392 0.098378
v 0.037430 -0.016220 0.103022
v 0.037430 -0.016220 0.103022
v 0.044031 -0.010487 0.094421
v 0.037404 -0.014000 0.103120
v 0.037404 -0.014000 0.103120
v 0.040886 -0.013547 0.098432
v 0.037799 -0.010995 0.102743
v 0.044709 -0.010310 0.090418
v 0.036879 -0.009870 0.103485
v 0.036879 -0.009870 0.103485
v 0.042704 -0.013984 0.096790
v 0.042169 -0.011697 0.097100
v 0.039942 -0.003590 0.100109
v 0.043975 -0.007612 0.094468
v 0.042536 -0.004041 0.096886
v 0.036905 -0.004300 0.103586
v 0.037856 -0.004724 0.103124
v 0.037856 -0.004724 0.103124
v 0.044959 -0.010397 0.082014
v 0.044976 -0.008452 0.080211
v 0.044944 -0.007958 0.082043
v 0.037657 -0.001303 0.103329
v 0.037645 -0.001334 0.103318
v 0.034954 0.007632 0.103697
v 0.044827 -0.006151 0.079325
v 0.044697 -0.000231 0.077337
v 0.041163 0.000291 0.098488
v 0.045569 -0.006241 0.084447
v 0.037713 0.003672 0.103337
v 0.037713 0.003672 0.103337
v 0.041245 0.006500 0.098396
v 0.045639 0.000391 0.084768
v 0.039820 0.006148 0.100391
v 0.045283 -0.000454 0.081443
v 0.042531 0.006175 0.097075
v 0.044358 0.003148 0.094070
v 0.044447 0.007118 0.094387
v 0.042385 0.000530 0.097205
v 0.042801 0.009197 0.097096
v 0.044199 0.013023 0.095142
v 0.045143 0.007793 0.090378
v 0.044837 0.015204 0.091843
v 0.044192 0.001767 0.076309
v 0.045175 0.001028 0.078745
v 0.045095 0.002031 0.079910
v 0.044385 0.006478 0.074849
v 0.040649 0.009213 0.099606
v 0.044777 0.004573 0.077286
v 0.044276 0.005698 0.075676
v 0.037520 0.007424 0.103306
v 0.037520 0.007424 0.103306
v 0.045074 0.005425 0.079159
v 0.044671 0.008109 0.076399
v 0.038629 0.009580 0.102224
v 0.041458 0.014800 0.098468
v 0.045566 0.001062 0.080490
v 0.045482 0.000909 0.082540
v 0.037709 0.011806 0.103065
v 0.037709 0.011806 0.103065
v 0.045855 0.003668 0.083094
v 0.045136 0.006998 0.078501
v 0.045553 0.006047 0.082437
v 0.045787 0.010887 0.085751
v 0.021079 0.004956 0.103926
v 0.019329 0.010663 0.104095
v 0.023423 0.005516 0.103992
v 0.046322 0.007401 0.084076
v 0.021891 0.009825 0.103990
v 0.045875 0.008951 0.082863
v 0.045435 0.012438 0.089601
v 0.044598 0.003142 0.091761
v 0.044513 0.006727 0.092167
v 0.045399 -0.007908 0.084596
v 0.044914 -0.007850 0.088609
v 0.044864 -0.006411 0.089986
v 0.044342 -0.008130 0.091747
v 0.044267 -0.005336 0.093710
v 0.044287 -0.002748 0.094030
v -0.045410 -0.062137 0.103576
v -0.045625 -0.058966 0.103575
v -0.045951 -0.054235 0.099548
v -0.045512 -0.056181 0.103157
v -0.044759 -0.055536 0.103891
v -0.042536 -0.056628 0.104557
v 0.034811 0.021723 0.103589
v -0.045211 -0.053524 0.103918
v -0.045546 -0.052492 0.103296
v -0.042894 -0.053666 0.104520
v -0.045258 -0.050143 0.104157
v -0.042179 -0.050518 0.104633
v -0.042188 -0.066658 0.104381
v 0.037823 0.018850 0.103058
v 0.037823 0.018850 0.103058
v 0.037832 0.015205 0.103032
v 0.037832 0.015205 0.103032
v -0.043230 -0.064440 0.104330
v -0.043071 -0.061217 0.104470
v -0.036304 -0.063796 0.104114
v -0.035548 -0.060091 0.104140
v 0.041067 -0.004317 0.098324
v -0.033953 -0.065401 0.104200
v -0.033438 -0.062830 0.103930
v -0.038387 -0.057228 0.104185
v -0.033352 -0.057076 0.103953
v -0.033709 -0.054820 0.104131
v -0.045651 -0.043273 0.101509
v -0.045321 -0.046340 0.103764
v -0.045747 -0.044542 0.103353
v -0.044575 -0.046441 0.104235
v -0.045473 -0.042803 0.103782
v -0.035621 0.078572 -0.001520
v -0.036716 0.079041 -0.005471
v -0.036928 0.079043 -0.000612
v -0.047138 0.062863 0.066839
v -0.047356 0.059537 0.062777
v -0.047485 0.050263 0.064974
v -0.045331 0.074276 -0.001387
v -0.045623 0.074015 0.000605
v -0.045665 0.076259 0.001329
v -0.045645 0.077465 -0.000636
v -0.045700 0.077457 -0.002569
v -0.044008 0.078506 -0.000764
v -0.047283 0.057817 0.059733
v -0.047063 0.062565 0.058687
v -0.046953 0.068056 0.053142
v -0.046066 0.077132 0.002316
v -0.045159 0.078100 0.003276
v -0.046713 0.067264 0.055924
v -0.048799 0.027791 -0.002417
v -0.046015 0.077283 0.004816
v -0.045983 0.072493 -0.001546
v -0.045593 0.074753 0.004264
v -0.046251 0.069957 0.011122
v -0.045914 0.074179 0.012348
v -0.045964 0.073705 0.006556
v -0.039121 0.078541 -0.003951
v -0.044243 0.078438 -0.003655
v -0.045986 0.076997 0.011873
v -0.045768 0.075894 0.006987
v -0.046193 0.075153 0.010142
v -0.039278 0.078481 0.003518
v -0.046978 0.063560 0.062280
v -0.045915 0.076722 0.017602
v -0.046054 0.076707 0.015190
v -0.042542 0.078574 0.004016
v -0.037108 0.078915 0.003977
v -0.046812 0.068514 0.056985
v -0.046937 0.066778 0.063925
v -0.045293 0.077978 0.014374
v -0.044582 0.078395 0.020175
v -0.044285 0.078447 0.008733
v -0.045712 0.077874 0.006414
v -0.039002 0.078544 0.010997
v -0.044118 0.078435 0.014381
v -0.048504 0.034649 -0.006502
v -0.047088 0.063308 0.070413
v -0.046832 0.063765 0.017660
v -0.047063 0.058815 0.014792
v -0.047474 0.053442 0.020648
v -0.046814 0.065135 0.065666
v -0.046657 0.065118 0.017507
v -0.047171 0.059310 0.029585
v -0.023761 0.078373 -0.018309
v -0.047961 0.045678 -0.015983
v -0.047274 0.063058 0.073717
v -0.046826 0.071063 0.070413
v -0.009322 0.078317 -0.017728
v -0.046628 0.075078 0.069228
v -0.046993 0.066048 0.072797
v -0.047908 0.046657 -0.010215
v -0.047080 0.067437 0.079256
v -0.045951 0.077269 0.022177
v -0.004419 0.078213 -0.016846
v -0.046927 0.071876 0.077928
v -0.046739 0.066930 0.032047
v 0.004451 0.078252 -0.016234
v -0.014553 0.078505 -0.016483
v -0.014648 0.078215 -0.015039
v -0.029734 0.078594 -0.016600
v -0.033928 0.078237 -0.015466
v -0.048285 0.038594 -0.001700
v -0.047468 0.055598 0.034230
v -0.014331 0.078309 -0.013287
v -0.034553 0.078430 -0.012900
v -0.047442 0.050852 0.072436
v -0.047493 0.051298 0.076679
v -0.047912 0.045430 -0.002637
v -0.047248 0.057780 0.075898
v -0.047430 0.052397 0.081098
v -0.005105 0.078290 0.003752
v -0.029218 0.078396 -0.001440
v -0.047252 0.053633 -0.006440
v -0.041286 0.078560 0.017572
v -0.009245 0.078491 -0.016497
v -0.045933 0.077479 0.026258
v -0.010752 0.078340 -0.014766
v -0.003204 0.078080 -0.014319
v -0.044452 0.078379 0.025416
v -0.047755 0.047575 0.003682
v -0.047197 0.062016 0.077580
v -0.047349 0.058812 0.080634
v -0.046176 0.075719 0.032045
v 0.005018 0.078114 -0.013607
v -0.039660 0.078476 0.028614
v -0.047190 0.039391 0.091621
v -0.047310 0.044060 0.089952
v -0.047261 0.038843 0.086996
v -0.046441 0.077213 0.030596
v -0.044848 0.078391 0.031570
v -0.042377 0.078562 0.031681
v -0.047016 0.034670 0.092179
v -0.038861 0.078542 0.022504
v -0.041045 0.078424 0.033178
v -0.037459 0.078782 0.030659
v -0.037144 0.078865 0.023816
v -0.035400 0.078500 0.029354
v -0.035021 0.078259 0.030673
v -0.037355 0.078914 0.033146
v -0.033996 0.078331 0.032603
v -0.036879 0.078947 0.014066
v -0.035775 0.078553 0.010794
v -0.036952 0.079154 0.011120
v -0.033969 0.078364 0.013676
v -0.034148 0.078374 0.008316
v -0.038740 0.078599 0.016077
v -0.046965 0.044734 0.095086
v 0.014948 0.078017 -0.011708
v -0.037280 0.078949 0.016492
v -0.035903 0.078548 0.015973
v -0.026913 0.078380 0.020063
v -0.034398 0.078343 0.020218
v -0.039040 0.078477 0.018532
v -0.047447 0.046693 0.084260
v -0.037152 0.079065 0.021643
v -0.047244 0.046765 0.089786
v -0.047392 0.048695 0.091704
v -0.036475 0.078808 0.019909
v -0.047304 0.051255 0.088877
v -0.047397 0.046815 0.080576
v -0.035566 0.078313 0.022446
v -0.047322 0.056532 0.088474
v 0.017926 0.077987 -0.002254
v 0.026647 0.077820 -0.001754
v -0.013879 0.078377 0.021285
v -0.048939 0.017900 0.000947
v -0.047144 0.053588 0.094782
v -0.046882 0.060288 0.004722
v -0.021594 0.078340 0.023947
v -0.034425 0.078320 0.024256
v -0.033599 0.078392 -0.008528
v -0.048904 0.019973 0.005377
v -0.041660 0.039587 0.104380
v -0.033823 0.078346 -0.002717
v -0.044863 0.042987 0.103701
v -0.046213 0.044542 0.099041
v -0.034571 0.078400 0.028629
v -0.048739 0.026626 0.001774
v -0.044460 0.040898 0.104328
v -0.021211 0.078406 0.029113
v -0.036462 0.038929 0.104179
v -0.044579 0.046037 0.104291
v -0.041033 0.042898 0.104309
v -0.044200 0.043554 0.104176
v -0.037751 0.041561 0.104148
v -0.025555 0.078568 0.029592
v -0.024304 0.078304 0.032975
v -0.035511 0.047377 0.104100
v -0.015580 0.078348 0.032996
v -0.046885 0.048796 0.096845
v -0.046936 0.053554 0.097110
v -0.026383 0.078373 0.034418
v -0.047269 0.057167 0.094138
v -0.048368 0.034944 -0.003410
v -0.047076 0.057797 0.097493
v -0.045856 0.051431 0.100801
v -0.000488 0.078299 0.023133
v 0.009535 0.078158 0.017413
v -0.046477 0.049684 0.098929
v -0.033968 0.078377 0.002666
v -0.044721 0.048120 0.104021
v -0.044892 0.050308 0.104056
v -0.044387 0.048683 0.104229
v -0.042002 0.050501 0.104252
v -0.043559 0.054457 0.104277
v -0.005431 0.078351 0.028653
v -0.037017 0.078963 0.008823
v 0.002385 0.078214 0.025287
v -0.034083 0.050679 0.103924
v -0.045652 0.057702 0.101061
v -0.044545 0.054334 0.103859
v 0.005302 0.078206 0.029154
v 0.006975 0.078305 0.028460
v 0.009191 0.078168 0.025215
v 0.010639 0.078118 0.029601
v -0.046837 0.070746 0.083976
v 0.025255 0.077954 0.021606
v -0.047177 0.060418 0.088048
v 0.015348 0.078138 0.029125
v 0.018802 0.077972 0.024987
v -0.047215 0.062097 0.083100
v -0.007862 0.078328 0.029404
v -0.014447 0.078473 0.030370
v -0.048463 0.032648 0.015148
v -0.003350 0.078336 0.032167
v -0.047178 0.063470 0.087571
v -0.046899 0.068153 0.087524
v 0.000056 0.078129 0.033550
v 0.001380 0.078360 0.029908
v 0.009168 0.078098 0.033128
v -0.048379 0.030683 0.028648
v -0.046890 0.069744 0.089712
v -0.011668 0.078345 0.036886
v -0.004445 0.078285 0.035890
v -0.046705 0.074203 0.088091
v -0.046705 0.075591 0.084485
v 0.025689 0.077933 0.017647
v 0.026763 0.077851 0.003833
v -0.047030 0.060034 0.096803
v 0.003649 0.078205 0.038604
v 0.008918 0.078075 0.037943
v -0.047088 0.061443 0.093560
v 0.001900 0.078094 0.040452
v 0.005207 0.078027 0.041671
v -0.048185 0.037621 0.028155
v -0.046456 0.074554 0.044230
v -0.047310 0.057573 0.037585
v -0.046894 0.064956 0.098121
v -0.046576 0.058736 0.099319
v -0.048168 0.040101 0.006865
v -0.047073 0.062643 0.098442
v -0.046881 0.067553 0.047687
v -0.045983 0.063251 0.100517
v -0.046698 0.067580 0.098450
v -0.044555 0.063011 0.103676
v -0.044621 0.058527 0.103548
v -0.038211 0.061469 0.103912
v -0.028285 0.053909 0.103785
v -0.046175 0.077460 0.037877
v -0.046220 0.077224 0.032939
v -0.038764 0.078577 0.034238
v -0.044588 0.078384 0.038870
v -0.042825 0.078387 0.039740
v -0.037077 0.078785 0.036276
v -0.038850 0.078555 0.038139
v -0.046588 0.071810 0.095135
v -0.047627 0.048807 0.004292
v -0.047240 0.056387 0.001693
v -0.046055 0.077995 0.042614
v -0.037814 0.078816 0.039517
v -0.040739 0.078443 0.043637
v -0.046417 0.075780 0.092541
v -0.034769 0.078377 0.035955
v -0.046265 0.074718 0.095953
v -0.035324 0.078223 0.038873
v -0.046476 0.075768 0.058206
v -0.046583 0.071324 0.051649
v -0.048173 0.039413 0.025882
v -0.034590 0.078425 0.041622
v -0.028354 0.078327 0.041809
v -0.037697 0.078333 0.043506
v -0.038634 0.078578 0.042596
v -0.046524 0.076849 0.054328
v -0.046736 0.077639 0.057450
v -0.047941 0.044908 0.021205
v -0.020655 0.078306 0.041892
v -0.046534 0.077157 0.060894
v -0.045372 0.078352 0.059299
v -0.046709 0.077251 0.064014
v -0.045106 0.078346 0.062958
v -0.046416 0.076944 0.048711
v -0.046235 0.077749 0.051916
v -0.045251 0.078330 0.054241
v -0.044911 0.078441 0.052276
v -0.041192 0.078461 0.053545
v -0.041909 0.078205 0.054520
v -0.037686 0.077974 0.056497
v -0.040748 0.078200 0.051886
v -0.036284 0.078016 0.053983
v -0.035659 0.078200 0.055573
v -0.031938 0.077841 0.055137
v -0.031188 0.077794 0.057480
v -0.040514 0.077792 0.063523
v -0.043424 0.078269 0.062379
v -0.035861 0.077846 0.059938
v -0.046496 0.077304 0.045312
v -0.041615 0.077893 0.066489
v -0.045408 0.078144 0.045797
v -0.032668 0.077434 0.063461
v -0.042831 0.078182 0.043992
v -0.048105 0.038680 0.033130
v -0.047962 0.040334 0.026729
v -0.046804 0.059459 -0.016866
v -0.042732 0.078358 0.048077
v -0.045102 0.078220 0.049034
v -0.046859 0.076706 0.067962
v -0.045568 0.078279 0.065439
v -0.045845 0.078055 0.067823
v -0.041103 0.078222 0.046637
v -0.037054 0.077731 0.065184
v -0.044599 0.078348 0.067797
v -0.045077 0.078181 0.070306
v -0.042847 0.078070 0.069507
v -0.036276 0.077450 0.070960
v -0.031199 0.078234 0.048777
v -0.046667 0.075296 0.074230
v -0.046258 0.066705 -0.029248
v -0.047903 0.039100 0.048702
v -0.046120 0.068028 -0.023416
v -0.046714 0.076926 0.069750
v -0.046312 0.077570 0.071609
v -0.046939 0.076844 0.073287
v -0.019431 0.078396 0.039079
v -0.043815 0.078234 0.073205
v -0.046206 0.067258 -0.017117
v -0.021502 0.078214 0.045482
v -0.045591 0.078099 0.074765
v -0.018233 0.077803 0.045114
v -0.018222 0.078345 0.043063
v -0.015863 0.078091 0.047086
v -0.015130 0.078246 0.044014
v -0.020166 0.077580 0.047045
v -0.024494 0.078101 0.048253
v -0.022715 0.077822 0.049243
v -0.030632 0.077624 0.055816
v -0.027313 0.077500 0.053221
v -0.026318 0.077717 0.054893
v -0.027245 0.077535 0.057923
v -0.025432 0.077877 0.057621
v -0.019833 0.077956 0.049431
v -0.031939 0.077581 0.059034
v -0.030696 0.077133 0.068118
v -0.024665 0.077630 0.060176
v -0.023034 0.077310 0.058319
v -0.019734 0.077801 0.052605
v -0.022533 0.076525 0.059924
v -0.014157 0.077773 0.050795
v -0.024627 0.077092 0.062346
v -0.020815 0.076759 0.060247
v -0.021493 0.076942 0.063425
v -0.019402 0.076984 0.061195
v -0.021768 0.077942 0.055006
v -0.022558 0.077458 0.056596
v -0.018117 0.077377 0.055902
v -0.017549 0.076860 0.059129
v -0.046965 0.058564 -0.001125
v -0.017590 0.077890 0.054361
v -0.047915 0.044644 0.029802
v -0.009347 0.077979 0.048293
v -0.046130 0.069338 -0.019127
v -0.012699 0.077852 0.053724
v -0.028190 0.076827 0.069743
v -0.020750 0.076600 0.065985
v -0.007181 0.077525 0.052825
v -0.015604 0.078149 0.054356
v -0.013919 0.077306 0.055981
v -0.012292 0.077386 0.054579
v -0.008159 0.077266 0.054726
v -0.008823 0.076829 0.059231
v -0.011975 0.076709 0.058468
v -0.015572 0.076910 0.059102
v -0.012954 0.076527 0.063986
v -0.005611 0.076750 0.058786
v -0.046178 0.068756 -0.012652
v -0.004253 0.077595 0.053953
v -0.003363 0.076666 0.060233
v -0.000813 0.077202 0.054890
v -0.046313 0.070141 -0.014933
v -0.045994 0.070491 -0.017669
v 0.001819 0.077026 0.056088
v -0.019908 0.076524 0.067728
v -0.046404 0.070812 -0.012935
v -0.017234 0.078302 0.041050
v -0.008440 0.075984 0.068092
v -0.012351 0.076085 0.068611
v -0.046329 0.071101 -0.007223
v -0.019075 0.076281 0.069965
v -0.014265 0.075968 0.072442
v -0.045897 0.070069 -0.029355
v -0.011843 0.078421 0.040995
v -0.008645 0.078150 0.042022
v -0.045702 0.068068 -0.028059
v -0.045856 0.070241 -0.025835
v -0.045608 0.071312 -0.027573
v -0.036825 0.077469 0.074301
v -0.033748 0.077187 0.070574
v -0.031443 0.077000 0.072934
v -0.045475 0.077509 -0.028133
v -0.015603 0.077986 0.042110
v -0.041771 0.077819 0.075397
v -0.011653 0.078094 0.042434
v -0.034504 0.077582 0.075354
v -0.036449 0.077927 0.076977
v -0.012151 0.078014 0.045634
v -0.026039 0.076796 0.071835
v -0.045662 0.073948 -0.025431
v -0.025616 0.076530 0.073330
v -0.028449 0.076996 0.075357
v -0.005024 0.078265 0.040323
v -0.031541 0.076983 0.074866
v -0.045842 0.071023 -0.023129
v -0.032188 0.076723 0.075888
v -0.027242 0.077037 0.075987
v -0.030883 0.076547 0.078797
v -0.005012 0.077907 0.042113
v -0.023321 0.076290 0.074636
v -0.002181 0.077933 0.042545
v -0.023790 0.075941 0.075924
v -0.023378 0.075898 0.077621
v -0.020457 0.076430 0.075239
v -0.046104 0.071628 -0.020925
v -0.005061 0.078132 0.043618
v -0.024551 0.076136 0.079779
v 0.001652 0.077759 0.041897
v -0.003234 0.077971 0.045174
v 0.001334 0.078118 0.043431
v -0.022939 0.075628 0.079233
v -0.019965 0.076022 0.078515
v -0.018383 0.076488 0.076464
v 0.004949 0.077964 0.043061
v -0.045478 0.077394 -0.025446
v -0.017653 0.075934 0.078107
v -0.018270 0.075804 0.079962
v -0.045778 0.074246 -0.021047
v -0.024937 0.076641 0.070227
v -0.044105 0.078473 -0.027006
v -0.002959 0.077806 0.048518
v -0.039471 0.078569 -0.030119
v 0.000262 0.077866 0.048113
v -0.019970 0.076382 0.071569
v -0.036354 0.079108 -0.029947
v -0.021962 0.076330 0.073099
v -0.017886 0.076057 0.074053
v 0.001889 0.077627 0.049479
v -0.040186 0.078434 -0.026102
v -0.011172 0.075991 0.071616
v -0.008629 0.075484 0.073643
v -0.015633 0.075803 0.073712
v -0.016814 0.076151 0.075055
v -0.039144 0.078571 -0.024054
v -0.036817 0.078848 -0.026401
v -0.013558 0.075883 0.074983
v -0.045057 0.077958 -0.021886
v -0.000860 0.077462 0.052272
v -0.043894 0.078499 -0.020168
v -0.016674 0.075782 0.076279
v -0.033978 0.078403 -0.022851
v -0.012439 0.075465 0.076622
v -0.013387 0.075516 0.078979
v -0.016493 0.076305 0.079878
v -0.016686 0.076140 0.081148
v -0.046684 0.075645 0.078355
v -0.046665 0.077368 0.075647
v -0.036676 0.079008 -0.024397
v -0.046798 0.076935 0.077810
v -0.043567 0.078251 0.075757
v -0.046219 0.077665 0.078970
v -0.047801 0.034056 0.058202
v -0.047811 0.028651 0.056403
v -0.044579 0.078186 0.079410
v -0.041218 0.077808 0.077778
v 0.021342 0.078041 -0.016258
v -0.046882 0.077044 0.082662
v -0.045862 0.078065 0.083574
v -0.046082 0.074348 -0.018559
v 0.016719 0.077864 -0.013423
v -0.046348 0.072970 -0.016364
v -0.045711 0.076001 -0.018474
v -0.037660 0.077564 0.077767
v -0.045695 0.077036 -0.021331
v -0.045735 0.077411 -0.017793
v 0.029857 0.077332 -0.018131
v -0.035670 0.077804 0.079322
v -0.039002 0.077520 0.080919
v -0.036277 0.077843 0.082011
v 0.030393 0.077524 -0.015309
v -0.032626 0.076718 0.081060
v -0.046003 0.074245 -0.013750
v -0.045624 0.077218 -0.015799
v -0.027675 0.077243 0.078609
v -0.047629 0.048739 0.050791
v -0.044264 0.078507 -0.016046
v -0.031275 0.076371 0.082641
v -0.045469 0.076307 -0.012018
v -0.045765 0.077414 -0.013951
v -0.045489 0.077561 -0.009887
v -0.047744 0.042173 0.057358
v 0.026567 0.077763 -0.013541
v -0.043859 0.078579 -0.012926
v -0.040231 0.077651 0.086597
v -0.037881 0.077504 0.083482
v -0.042745 0.077991 0.083404
v -0.047602 0.035608 0.062897
v -0.038957 0.078522 -0.019962
v 0.029824 0.077433 -0.012253
v -0.039071 0.078518 -0.013367
v 0.026772 0.077750 -0.008239
v -0.033095 0.076965 0.085694
v -0.036704 0.079120 -0.012296
v -0.037024 0.078996 -0.014824
v -0.036766 0.077795 0.084945
v -0.034948 0.077679 0.086370
v -0.036219 0.078170 0.086248
v -0.036779 0.078801 -0.020242
v -0.027274 0.077006 0.081814
v -0.020341 0.076064 0.080862
v -0.034585 0.078472 -0.017456
v -0.036792 0.079102 -0.018413
v -0.028667 0.077044 0.082632
v -0.025902 0.076402 0.082823
v -0.022148 0.076165 0.083262
v 0.029749 0.077265 -0.009139
v -0.019086 0.075967 0.082583
v -0.014914 0.075751 0.082069
v -0.016162 0.076152 0.084876
v -0.019963 0.076788 0.086466
v -0.047892 0.028663 0.058316
v -0.029857 0.076930 0.084253
v -0.047674 0.030943 0.059796
v -0.026718 0.076966 0.086176
v -0.023327 0.076137 0.084837
v -0.028031 0.076977 0.086816
v -0.024280 0.076743 0.087055
v -0.047729 0.026480 0.061132
v -0.047596 0.027962 0.059989
v -0.018818 0.077580 0.088898
v -0.047532 0.041285 0.069519
v -0.025505 0.077736 0.090080
v -0.022844 0.078280 0.091665
v -0.021532 0.077583 0.090232
v -0.046273 0.077545 0.087982
v -0.046715 0.076815 0.089497
v -0.045112 0.078148 0.087179
v -0.042568 0.078014 0.087861
v -0.041289 0.078172 0.090222
v -0.047355 0.034363 0.078340
v -0.044680 0.078462 0.091271
v -0.042104 0.078668 0.092631
v -0.038997 0.078379 0.089539
v -0.037502 0.078000 0.087825
v -0.035792 0.077830 0.089818
v -0.038588 0.078487 0.092026
v -0.033556 0.077514 0.087951
v -0.046821 0.077026 0.092214
v -0.045647 0.078050 0.094113
v -0.046607 0.077231 0.095659
v -0.045967 0.072125 0.001260
v -0.034332 0.078697 0.093343
v -0.036482 0.079002 0.095324
v -0.045334 0.078236 0.097680
v -0.042392 0.078573 0.100415
v -0.029993 0.078007 0.090229
v -0.046064 0.070276 -0.006838
v -0.033613 0.078120 0.090392
v -0.030400 0.078599 0.093416
v -0.026415 0.078504 0.092012
v -0.025974 0.078558 0.093764
v -0.016622 0.077850 0.091718
v -0.020298 0.077989 0.092118
v -0.021638 0.078442 0.092860
v -0.032568 0.079358 0.096599
v -0.047367 0.057016 0.049718
v -0.028142 0.079283 0.096501
v -0.047462 0.036564 0.079822
v -0.047366 0.037314 0.084107
v -0.025391 0.079992 0.099862
v -0.047457 0.041614 0.078198
v -0.018184 0.079071 0.096411
v -0.047346 0.037867 0.081389
v -0.044422 0.067417 0.103636
v -0.046770 0.067909 0.099848
v -0.045807 0.068183 0.101166
v -0.043429 0.058802 0.104178
v -0.043691 0.061335 0.104194
v -0.045548 0.075507 -0.007034
v -0.043419 0.070723 0.104041
v -0.045796 0.077033 -0.006832
v -0.043766 0.078504 -0.008993
v -0.039789 0.078420 -0.008308
v -0.027177 0.068099 0.103656
v -0.036773 0.069530 0.103896
v -0.045419 0.077801 -0.006594
v -0.046302 0.070993 0.100583
v -0.046222 0.074400 0.101685
v -0.037059 0.078883 -0.008778
v -0.044352 0.070919 0.103685
v -0.035473 0.078507 -0.006659
v -0.046090 0.076602 0.098800
v -0.045379 0.076197 -0.003382
v -0.045846 0.077160 -0.004287
v -0.045058 0.074616 0.103200
v -0.045300 0.075849 0.102775
v -0.045624 0.077469 0.100714
v -0.043151 0.075264 0.103921
v -0.045431 0.076891 0.103216
v -0.044729 0.078098 0.103057
v -0.044607 0.078311 0.100352
v -0.044566 0.077270 0.103669
v -0.039231 0.075665 0.103759
v -0.038232 0.076362 0.102720
v -0.039887 0.077905 0.102776
v -0.039887 0.077905 0.102776
v -0.028557 0.069281 0.103817
v -0.033997 0.075283 0.103756
v -0.028505 0.074800 0.103732
v -0.027677 0.073441 0.103837
v -0.037617 0.079653 0.101325
v -0.036221 0.079148 0.099302
v -0.041936 0.079101 0.102577
v -0.039393 0.079184 0.102176
v -0.042611 0.078552 0.103178
v -0.035092 0.076740 0.102465
v -0.033157 0.079897 0.100656
v -0.033791 0.079510 0.101767
v -0.028403 0.079730 0.100933
v -0.028058 0.076209 0.102306
v -0.032498 0.078191 0.102377
v -0.032498 0.078191 0.102377
v -0.028215 0.078083 0.102290
v -0.028215 0.078083 0.102290
v -0.023980 0.078071 0.102225
v -0.023980 0.078071 0.102225
v -0.029934 0.079598 0.098892
v -0.022979 0.079260 0.101266
v -0.037391 0.078190 0.102685
v -0.037391 0.078190 0.102685
v 0.042339 0.063478 0.068187
v 0.042880 0.060598 0.067920
v 0.042021 0.060769 0.064185
v 0.045273 0.041855 0.093897
v 0.043495 0.041718 0.097185
v 0.043210 0.032391 0.097092
v 0.038431 0.002611 0.007768
v 0.038068 0.001981 0.011181
v 0.045031 0.035231 0.094001
v 0.037185 0.003783 0.015407
v 0.037803 0.005364 0.012059
v 0.041189 0.067113 0.062714
v 0.041610 0.065971 0.065677
v 0.041513 0.064353 0.062366
v 0.040844 0.068188 0.060254
v 0.040711 0.068437 0.071307
v 0.046395 0.041676 0.088948
v 0.038991 0.011913 0.048200
v 0.038616 0.013536 0.046527
v 0.038826 0.013047 0.049422
v 0.045646 0.043711 0.092566
v 0.037841 -0.003020 0.011969
v 0.039005 0.016816 0.048860
v 0.038489 0.016570 0.046032
v 0.038011 0.011016 0.043819
v 0.039100 0.074737 0.064228
v 0.039731 0.014888 0.050477
v 0.039990 0.017605 0.050832
v 0.045217 0.043037 0.094981
v 0.043250 0.060440 0.072604
v 0.042836 0.059597 0.069650
v 0.042020 0.064131 0.070469
v 0.038985 0.020528 0.048548
v 0.038127 0.022032 0.044329
v 0.044657 0.045261 0.095789
v 0.044338 0.048769 0.096758
v 0.041801 0.030289 0.098343
v 0.041302 0.036980 0.099517
v 0.041007 0.033336 0.099867
v 0.038680 0.022340 0.047274
v 0.042008 0.041387 0.098582
v 0.038970 0.018872 0.049769
v 0.039820 0.019677 0.051169
v 0.038786 0.041016 0.102716
v 0.038786 0.041016 0.102716
v 0.039913 0.036996 0.101031
v 0.039129 0.020545 0.050168
v 0.042544 0.062012 0.074810
v 0.038448 0.038739 0.103225
v 0.038448 0.038739 0.103225
v 0.038208 0.036176 0.103220
v 0.038208 0.036176 0.103220
v 0.039469 0.022659 0.050289
v 0.038779 0.024051 0.047739
v 0.036659 -0.001590 0.018413
v 0.039773 0.020970 0.052676
v 0.039775 0.025103 0.051636
v 0.010198 0.077804 0.047304
v 0.038602 0.027886 0.046459
v 0.038008 0.025190 0.043813
v 0.037513 0.028191 0.040167
v 0.007772 0.077758 0.042368
v 0.008225 0.078120 0.040768
v 0.037678 0.023760 0.041243
v 0.038734 0.023727 0.046437
v 0.013071 0.077553 0.042039
v 0.013453 0.077900 0.040768
v 0.042241 0.046356 0.098595
v 0.010735 0.077909 0.043507
v 0.038463 0.045514 0.103156
v 0.038943 0.025670 0.048377
v 0.012880 0.077781 0.044633
v 0.017138 0.077918 0.045024
v 0.017121 0.077398 0.042322
v 0.045647 0.048969 0.091730
v 0.045626 0.044706 0.091718
v 0.046309 0.052429 0.090054
v 0.019571 0.077680 0.042693
v 0.021445 0.077715 0.045696
v 0.036751 0.000851 0.019006
v 0.038274 0.031976 0.045242
v 0.012457 0.077525 0.049897
v 0.006731 0.077657 0.049896
v 0.036523 0.004025 0.021222
v 0.044475 0.050457 0.096832
v 0.039030 0.026403 0.050196
v 0.038944 0.024601 0.050250
v 0.045614 0.053026 0.092287
v 0.008325 0.077437 0.050648
v 0.037952 0.003540 0.010509
v 0.004245 0.077558 0.051173
v 0.039996 0.027066 0.053803
v 0.010155 0.077594 0.052454
v 0.039379 0.026773 0.050863
v 0.039373 0.029169 0.050350
v 0.042529 0.053454 0.098766
v 0.038501 0.005710 0.010677
v 0.039509 0.028973 0.052257
v 0.044214 0.052342 0.097053
v 0.045196 0.055340 0.093415
v 0.038583 0.034152 0.045952
v 0.039012 0.032221 0.049642
v 0.017370 0.077580 0.051016
v 0.038128 0.007863 0.011228
v 0.013475 0.078001 0.052287
v 0.021648 0.077784 0.043713
v 0.024201 0.077530 0.042579
v 0.044312 0.055801 0.097324
v 0.026120 0.077713 0.043807
v 0.039628 0.031345 0.051834
v 0.039711 0.034047 0.052513
v 0.039082 0.036128 0.049301
v 0.020987 0.077420 0.051270
v 0.037441 0.043498 0.038809
v 0.037085 0.037011 0.034584
v 0.032900 0.077492 0.047068
v 0.028848 0.077782 0.043308
v 0.037912 0.035276 0.042761
v 0.044786 0.047484 0.095980
v 0.037479 0.010487 0.014798
v 0.036588 0.011280 0.021833
v 0.016572 0.077325 0.052672
v 0.019585 0.076889 0.052565
v 0.038008 0.043111 0.043405
v 0.021857 0.077038 0.055068
v 0.038364 0.037357 0.045524
v 0.038128 0.011164 0.011865
v 0.038275 0.013957 0.012174
v 0.037876 0.012832 0.012553
v 0.030077 0.077063 0.055703
v 0.038998 0.038042 0.048941
v 0.030640 0.077563 0.043101
v 0.038445 0.040014 0.045460
v 0.001868 0.077750 0.053469
v 0.022117 0.026767 0.103807
v 0.020648 0.035985 0.103884
v 0.006889 0.077764 0.052433
v 0.039016 0.042299 0.049142
v 0.005632 0.077217 0.054012
v 0.027311 0.030220 0.103749
v 0.006672 0.076998 0.056101
v 0.036661 0.000058 0.020824
v 0.036156 -0.001272 0.022626
v 0.012961 0.077178 0.053741
v 0.040161 0.029178 0.055059
v 0.009652 0.077002 0.055103
v 0.009976 0.076590 0.056885
v 0.040202 0.028162 0.056765
v 0.041046 0.028833 0.058130
v 0.040502 0.031172 0.055767
v 0.014609 0.076763 0.057295
v 0.036382 0.001141 0.022730
v 0.004930 0.076567 0.057846
v 0.000584 0.076608 0.058571
v 0.040295 0.033876 0.054035
v 0.004417 0.076692 0.059604
v 0.014548 0.076749 0.058736
v 0.040284 0.035148 0.055096
v 0.041166 0.033437 0.058387
v 0.041428 0.031857 0.060266
v 0.017916 0.077124 0.055000
v 0.034882 0.031668 0.103564
v 0.041534 0.035985 0.060429
v 0.018439 0.076529 0.056425
v 0.041877 0.034095 0.060953
v 0.038927 0.037323 0.050490
v 0.019982 0.076724 0.058809
v 0.039416 0.040154 0.051079
v 0.039738 0.036279 0.051776
v 0.039788 0.036652 0.053054
v 0.027679 0.038800 0.103737
v 0.024597 0.041171 0.103676
v 0.020527 0.076232 0.064997
v 0.039750 0.042110 0.052463
v 0.036340 0.003737 0.026129
v 0.039024 0.043326 0.050292
v 0.039224 0.043664 0.052718
v 0.039296 0.044809 0.050448
v 0.039866 0.044471 0.052871
v 0.040787 0.041279 0.057360
v 0.025945 0.076563 0.062476
v 0.036556 0.004954 0.030700
v 0.036475 0.008782 0.024844
v 0.039945 0.044028 0.056066
v 0.040589 0.045598 0.056823
v 0.039115 0.074224 0.052917
v 0.039541 0.065110 0.053297
v 0.038848 0.066527 0.049441
v 0.038515 0.068916 0.045863
v 0.035287 0.048812 0.103390
v 0.026516 0.044303 0.103679
v 0.039739 0.069107 0.054729
v 0.040779 0.042988 0.058208
v 0.037506 0.013834 0.015251
v 0.038019 0.015209 0.012161
v 0.036942 0.011771 0.020671
v 0.040850 0.044092 0.057084
v 0.038978 0.076344 0.050782
v 0.038978 0.076344 0.050782
v 0.038645 0.073840 0.045705
v 0.038891 0.076355 0.046990
v 0.038891 0.076355 0.046990
v 0.036918 0.013352 0.019451
v 0.035972 0.077459 0.048517
v 0.038240 0.077001 0.052521
v 0.037641 0.077213 0.046746
v 0.037662 0.040407 0.103249
v 0.041669 0.042117 0.061105
v 0.042325 0.043335 0.060957
v 0.040931 0.044330 0.058893
v 0.041513 0.046757 0.060019
v 0.036841 0.016490 0.022545
v 0.041521 0.044931 0.061330
v 0.036933 0.014345 0.022800
v 0.042934 0.043573 0.064224
v 0.039747 0.072522 0.056214
v 0.040313 0.070569 0.058494
v 0.036605 0.014257 0.024123
v 0.042423 0.046713 0.064418
v 0.042515 0.045245 0.065449
v 0.026937 0.047667 0.103664
v 0.039318 0.073717 0.056926
v 0.038460 0.045465 0.103138
v 0.043326 0.049409 0.067337
v 0.043175 0.048348 0.068117
v 0.039306 0.003061 0.049676
v 0.039916 0.003928 0.050746
v 0.035948 0.077164 0.057477
v 0.039131 0.005053 0.049669
v 0.038905 0.003867 0.049553
v 0.039861 0.005976 0.051383
v 0.038419 0.047794 0.103141
v 0.038419 0.047794 0.103141
v 0.039379 0.008343 0.050350
v 0.040826 0.007795 0.057816
v 0.038887 0.076060 0.054541
v 0.038887 0.076060 0.054541
v 0.038793 0.009658 0.047727
v 0.037968 0.076846 0.059714
v 0.039032 0.075809 0.058754
v 0.039032 0.075809 0.058754
v 0.038796 0.010095 0.050475
v 0.039592 0.011352 0.049471
v 0.039769 0.011086 0.051314
v 0.036657 0.013718 0.031158
v 0.039808 0.014704 0.052954
v 0.040066 0.066945 0.056816
v 0.037183 0.077595 0.043933
v 0.041078 0.010278 0.058696
v 0.028808 0.054525 0.103536
v 0.022207 0.050437 0.103695
v 0.041040 0.007836 0.059678
v 0.039744 0.072365 0.061170
v 0.032771 0.076581 0.065040
v 0.041606 0.012703 0.061198
v 0.039063 0.075964 0.063049
v 0.039063 0.075964 0.063049
v 0.038610 0.052854 0.102979
v 0.038606 0.052837 0.102949
v 0.037209 0.076832 0.064585
v 0.038213 0.020445 0.011783
v 0.027026 0.076151 0.068512
v 0.041745 0.008029 0.061791
v 0.038105 0.076577 0.066462
v 0.038105 0.076577 0.066462
v 0.041477 0.009859 0.059823
v 0.041704 0.009609 0.062535
v 0.038565 0.055201 0.102925
v 0.042182 0.058696 0.099532
v 0.038516 0.058852 0.102982
v 0.038516 0.058852 0.102982
v 0.036898 0.076823 0.070434
v 0.042563 0.009147 0.064718
v 0.042177 0.011168 0.063467
v 0.039545 0.024152 0.004174
v 0.035508 0.060639 0.103258
v 0.039153 0.073580 0.069551
v 0.042837 0.008202 0.067682
v 0.042956 0.010500 0.067147
v 0.042207 0.010988 0.066186
v 0.043499 0.010224 0.069555
v 0.038990 0.075827 0.067157
v 0.038808 0.075246 0.070750
v 0.042961 0.012159 0.066619
v 0.043737 0.049416 0.069772
v 0.042566 0.050881 0.065473
v 0.039870 0.027648 0.002673
v 0.043576 0.014200 0.070193
v 0.043934 0.051144 0.071530
v 0.039054 0.028251 0.006681
v 0.043176 0.012299 0.069183
v 0.044501 0.049150 0.072832
v 0.043593 0.013169 0.070656
v 0.045401 0.049078 0.076547
v 0.044939 0.050147 0.075942
v 0.043698 0.007451 0.069596
v 0.043470 0.008749 0.070596
v 0.043766 0.056612 0.071723
v 0.045517 0.051436 0.078928
v 0.043973 0.057073 0.075056
v 0.041180 0.020608 0.059073
v 0.042353 0.056773 0.065148
v 0.041855 0.019888 0.061942
v 0.043577 0.058000 0.072360
v 0.042943 0.059251 0.074648
v 0.039405 0.075875 -0.012807
v 0.039405 0.075875 -0.012807
v 0.040885 0.026018 0.057690
v 0.000304 0.076157 0.064731
v 0.041174 0.022145 0.059857
v 0.038552 0.030084 0.010265
v 0.040827 0.025442 0.058809
v 0.037164 0.077627 -0.016146
v 0.038863 0.039781 0.008828
v 0.038800 0.077015 -0.016876
v 0.043004 0.020607 0.066919
v 0.038474 0.077551 -0.014057
v 0.038248 0.017664 0.013464
v 0.037641 0.016158 0.014797
v 0.033487 0.077628 -0.011727
v 0.042408 0.021454 0.062137
v 0.036888 0.077669 -0.009208
v 0.042987 0.021795 0.064873
v 0.031149 0.077743 -0.010118
v 0.042133 0.023334 0.063622
v 0.041551 0.024858 0.060510
v 0.041369 0.026991 0.060259
v 0.032367 0.077710 -0.007846
v 0.038146 0.021596 0.013978
v 0.039602 0.074565 -0.010368
v 0.040253 0.070167 -0.011123
v 0.042837 0.025714 0.066041
v 0.039783 0.073213 -0.007917
v 0.042738 0.022589 0.065923
v 0.039393 0.076250 -0.008916
v 0.039393 0.076250 -0.008916
v 0.042330 0.024265 0.066439
v 0.038605 0.077155 -0.010169
v 0.037617 0.025277 0.016225
v 0.039015 0.076695 -0.005858
v 0.039015 0.076695 -0.005858
v -0.006353 0.075790 0.071348
v -0.001649 0.075627 0.070368
v 0.029970 0.077551 -0.006915
v 0.042464 0.029467 0.064318
v 0.037398 0.077650 -0.006160
v 0.042217 0.032154 0.063117
v 0.029641 0.077400 -0.004475
v 0.038007 0.026523 0.015261
v 0.031301 0.077730 -0.005211
v 0.032282 0.077759 -0.001079
v 0.008411 0.075684 0.068395
v 0.039191 0.076522 -0.003674
v 0.039191 0.076522 -0.003674
v 0.039142 0.076000 -0.001673
v 0.039142 0.076000 -0.001673
v 0.003914 0.075421 0.072111
v 0.000880 0.075237 0.073321
v 0.038094 0.077386 -0.002345
v 0.037164 0.077654 -0.000781
v 0.043627 0.007899 0.072623
v 0.036975 0.025877 0.022573
v 0.029560 0.077411 -0.001083
v 0.044084 0.011749 0.072793
v 0.044452 0.009573 0.074670
v 0.044219 0.007967 0.073923
v 0.015989 0.075662 0.069552
v 0.044969 0.010554 0.077778
v 0.039500 0.072306 0.000756
v 0.039171 0.074726 0.001600
v 0.039125 0.076628 0.001525
v 0.039125 0.076628 0.001525
v 0.045042 0.013691 0.076742
v 0.006859 0.075505 0.071759
v 0.037695 0.077686 0.003618
v 0.045133 0.012015 0.079448
v 0.029038 0.077648 0.003174
v 0.006783 0.075043 0.073728
v 0.045697 0.011712 0.081786
v 0.045794 0.014832 0.081711
v 0.009396 0.075163 0.073792
v 0.012655 0.075441 0.071817
v 0.037204 0.077704 0.006513
v 0.031590 0.077791 0.006034
v 0.038988 0.076208 0.005183
v 0.038988 0.076208 0.005183
v 0.018593 0.075294 0.073769
v 0.038558 0.077089 0.005914
v 0.020644 0.075640 0.072369
v 0.021624 0.075639 0.070747
v 0.038968 0.076363 0.009256
v 0.038968 0.076363 0.009256
v 0.037712 0.077461 0.009753
v 0.036361 0.077767 0.010418
v 0.045192 0.015902 0.079733
v 0.045466 0.017576 0.079582
v 0.014038 0.075133 0.074894
v 0.015828 0.075037 0.073667
v -0.017273 0.037465 0.103641
v -0.016602 0.031107 0.103886
v 0.016759 0.075507 0.075637
v 0.038560 0.038730 0.011484
v -0.014871 0.031807 0.104537
v -0.016556 0.032780 0.103568
v 0.037660 0.029372 0.017359
v -0.016271 0.035378 0.103738
v 0.037209 0.031106 0.019916
v -0.014297 0.036536 0.104610
v 0.043192 0.024550 0.069494
v 0.043346 0.022968 0.069502
v -0.001256 0.075479 0.075090
v 0.044206 0.022271 0.072746
v 0.044175 0.024018 0.071435
v -0.006902 0.075185 0.077014
v 0.036988 0.028179 0.022228
v 0.042989 0.027640 0.066563
v 0.044144 0.027237 0.071837
v 0.037390 0.029187 0.021315
v -0.001582 0.075083 0.076205
v 0.044389 0.023756 0.073100
v 0.043955 0.025409 0.072089
v 0.037780 0.034749 0.016511
v -0.032439 0.037079 0.104124
v 0.005393 0.075354 0.075154
v 0.044992 0.026023 0.076457
v 0.045167 0.024508 0.076748
v 0.037098 0.032821 0.023479
v 0.045408 0.028490 0.078847
v 0.002909 0.074840 0.077397
v 0.045692 0.023130 0.080445
v -0.034476 0.042297 0.104139
v 0.045289 0.023996 0.078692
v -0.028792 0.045744 0.103896
v 0.045473 0.014486 0.082851
v -0.010447 0.074934 0.079305
v 0.046297 0.011525 0.083737
v -0.007632 0.075167 0.080191
v -0.021983 0.041462 0.103701
v -0.009425 0.075397 0.081081
v 0.046076 0.016765 0.084381
v -0.005248 0.075533 0.080472
v -0.002430 0.074941 0.077750
v 0.045642 0.016303 0.081703
v -0.002965 0.074798 0.082214
v -0.000042 0.074568 0.078828
v -0.006395 0.075439 0.081738
v -0.005630 0.075079 0.082613
v 0.000815 0.074493 0.080550
v -0.016411 0.038854 0.103630
v 0.006688 0.074874 0.076325
v -0.014445 0.039067 0.104571
v 0.007219 0.074692 0.077935
v 0.009734 0.075304 0.075193
v -0.018122 0.045767 0.103615
v -0.020980 0.053717 0.103613
v -0.016234 0.048964 0.103556
v 0.011669 0.074937 0.076500
v 0.013436 0.074708 0.076350
v 0.017798 0.075194 0.077337
v 0.045795 0.025060 0.082275
v 0.036946 0.012606 0.035618
v 0.045200 0.026001 0.078472
v 0.045923 0.025693 0.080411
v 0.014339 0.074328 0.081233
v 0.046025 0.027154 0.082702
v 0.046102 0.028245 0.082206
v 0.036694 0.022068 0.024777
v 0.004771 0.075104 0.080850
v 0.003231 0.074799 0.079906
v 0.007887 0.074262 0.081716
v 0.046314 0.025403 0.085592
v 0.002740 0.074919 0.083123
v -0.016692 0.044054 0.103578
v 0.046333 0.026440 0.083659
v 0.005649 0.074384 0.082679
v 0.046298 0.029709 0.084385
v 0.046126 0.028243 0.086205
v -0.014461 0.042840 0.104557
v 0.013035 0.074294 0.083910
v 0.036727 0.020600 0.029889
v 0.042485 0.029961 0.065821
v 0.042788 0.031635 0.065397
v 0.042714 0.032710 0.066502
v 0.043437 0.030270 0.068846
v 0.043409 0.034092 0.067640
v -0.014672 0.046649 0.104483
v -0.014141 0.050169 0.104435
v 0.042824 0.034172 0.065607
v 0.023350 0.075303 0.073615
v 0.022124 0.075522 0.075221
v 0.042003 0.035174 0.063061
v -0.007353 0.047559 0.104431
v -0.004684 0.051002 0.104232
v 0.024763 0.075554 0.076298
v 0.027834 0.075837 0.074713
v 0.043502 0.037265 0.068989
v -0.009552 0.051287 0.104401
v 0.043212 0.060601 0.076515
v 0.036929 0.022609 0.034476
v 0.042833 0.060647 0.079329
v 0.041412 0.064926 0.080456
v 0.044191 0.033458 0.072127
v 0.043351 0.034885 0.068539
v 0.040454 0.068752 0.077038
v 0.039696 0.071820 0.072739
v 0.002791 0.030203 0.104240
v 0.037983 0.004921 0.043015
v -0.001668 0.037279 0.104309
v 0.038984 0.073411 0.074537
v 0.038558 0.002568 0.044737
v 0.043294 0.041436 0.068008
v 0.042701 0.042662 0.065682
v 0.037828 0.009604 0.042160
v 0.040537 0.067729 0.079013
v 0.040157 0.068489 0.082229
v 0.042683 0.043779 0.067684
v 0.043000 0.043615 0.070180
v 0.044267 0.041805 0.072522
v 0.043558 0.046175 0.068847
v 0.039378 0.071834 0.078722
v 0.045489 0.033464 0.078771
v 0.038479 0.008457 0.045103
v 0.038814 0.072778 0.081781
v 0.045138 0.035277 0.077110
v 0.019653 0.075062 0.076689
v 0.019926 0.074674 0.078908
v 0.044678 0.034611 0.075248
v 0.044704 0.036041 0.074399
v 0.044080 0.037227 0.072603
v 0.044907 0.037888 0.075551
v 0.024113 0.075230 0.079195
v 0.018616 0.074757 0.081015
v 0.017289 0.074450 0.082710
v 0.022060 0.074486 0.082579
v 0.019492 0.074306 0.083118
v 0.045888 0.034749 0.083605
v 0.045790 0.036021 0.080890
v 0.037351 0.018031 0.038752
v 0.027144 0.075577 0.076253
v 0.045660 0.041748 0.079710
v -0.001262 0.040365 0.104348
v 0.030050 0.075696 0.079727
v 0.027266 0.075701 0.079822
v 0.002084 0.044863 0.104189
v 0.025845 0.075923 0.081028
v 0.046213 0.031939 0.084222
v 0.029982 0.075660 0.082565
v 0.046301 0.033660 0.084206
v 0.018048 0.074509 0.085227
v 0.013915 0.075339 0.087870
v 0.043485 0.043655 0.072967
v 0.044409 0.043875 0.075636
v 0.045662 0.044067 0.080508
v 0.005559 0.048174 0.104042
v 0.021305 0.074327 0.086099
v 0.024155 0.074647 0.086345
v 0.044164 0.045320 0.072017
v 0.044038 0.047654 0.071413
v 0.025930 0.075606 0.085014
v 0.044956 0.045250 0.075596
v 0.044752 0.047496 0.075308
v 0.030536 0.075402 0.085655
v 0.015880 0.041248 0.103950
v 0.026350 0.074796 0.087202
v 0.021247 0.075193 0.088538
v 0.025981 0.074660 0.087971
v 0.046260 0.041536 0.084725
v 0.041020 0.065226 0.084570
v 0.040443 0.066755 0.087518
v 0.039950 0.068084 0.084967
v 0.045429 0.046799 0.078406
v 0.039344 0.070108 0.086469
v 0.045545 0.048914 0.080132
v 0.037319 0.046711 0.033890
v 0.037244 0.047024 0.035413
v 0.037466 0.048289 0.035918
v 0.038507 0.072341 0.086780
v 0.037413 0.049567 0.037008
v -0.002892 0.047599 0.104234
v 0.038009 0.075868 0.084891
v 0.037203 0.049218 0.032530
v 0.038949 0.070577 0.087810
v 0.037412 0.051264 0.033118
v 0.040218 0.069646 0.090724
v 0.038149 0.073367 0.088634
v 0.037564 0.055658 0.036569
v 0.036805 0.026362 0.027034
v 0.033061 0.076286 0.083683
v 0.037937 0.048816 0.043385
v 0.033563 0.075915 0.086096
v -0.017092 0.062934 0.103522
v 0.028865 0.074365 0.087783
v 0.030988 0.074166 0.088131
v 0.038273 0.046973 0.044593
v 0.032137 0.074497 0.088741
v 0.032137 0.074497 0.088741
v -0.016453 0.056606 0.103549
v 0.033984 0.074875 0.089317
v 0.036425 0.076262 0.088079
v 0.036425 0.076262 0.088079
v 0.038141 0.057210 0.044249
v 0.038473 0.052629 0.046116
v 0.036907 0.028924 0.033294
v 0.038197 0.075048 0.088098
v 0.037287 0.053739 0.028928
v 0.037464 0.056983 0.029099
v 0.040501 0.072768 0.091137
v 0.039079 0.073606 0.089819
v -0.016904 0.052209 0.103735
v 0.038176 0.075382 0.089624
v -0.014622 0.052299 0.104364
v 0.037776 0.061254 0.036203
v 0.037756 0.063304 0.029349
v -0.014178 0.056239 0.104347
v 0.037427 0.029156 0.024075
v 0.037018 0.028938 0.026692
v 0.036926 0.030266 0.024572
v -0.016347 0.053469 0.103596
v 0.038028 0.063106 0.041497
v 0.037310 0.035133 0.020669
v 0.038357 0.066291 0.044832
v -0.014280 0.060934 0.104324
v -0.009803 0.058227 0.104277
v 0.038365 0.058233 0.046219
v 0.026027 0.075966 0.071963
v 0.032544 0.076360 0.070630
v 0.038773 0.049300 0.047997
v 0.039381 0.048284 0.051902
v 0.029256 0.076051 0.073478
v -0.016672 0.066850 0.103612
v 0.036836 0.031351 0.027972
v 0.039362 0.050148 0.051142
v -0.014590 0.069661 0.104421
v 0.039041 0.052200 0.050285
v -0.006155 0.072849 0.104240
v 0.039075 0.053154 0.049687
v 0.038922 0.055445 0.048789
v 0.039025 0.055346 0.050284
v 0.040226 0.047468 0.054987
v 0.037191 0.042083 0.024919
v 0.037389 0.041722 0.020969
v 0.039934 0.049324 0.052413
v 0.039693 0.050637 0.052981
v 0.040768 0.049327 0.056217
v 0.039632 0.052319 0.051934
v 0.036951 0.035431 0.028722
v 0.041324 0.048919 0.059148
v 0.030969 0.076309 0.074734
v 0.032336 0.076210 0.079105
v 0.039778 0.054144 0.051663
v 0.039777 0.056829 0.051565
v 0.035891 0.076750 0.075980
v -0.011902 0.072134 0.104371
v 0.039605 0.056664 0.052834
v 0.038155 0.060511 0.044342
v 0.038028 0.076341 0.072279
v 0.038028 0.076341 0.072279
v 0.038463 0.063308 0.045697
v 0.038645 0.075775 0.073089
v 0.038909 0.059112 0.049568
v 0.039291 0.057914 0.050668
v 0.016555 0.047470 0.103855
v 0.039352 0.060145 0.051505
v 0.038527 0.075184 0.076097
v 0.037173 0.076585 0.076191
v 0.037173 0.076585 0.076191
v 0.039084 0.062357 0.051052
v 0.036320 0.076678 0.079909
v 0.036320 0.076678 0.079909
v 0.038130 0.075788 0.079414
v 0.038987 0.058831 0.052698
v 0.038077 0.069249 0.030016
v 0.037914 0.065282 0.023112
v 0.038251 0.073244 0.029504
v 0.038179 0.071519 0.024386
v 0.038190 0.070198 0.034080
v 0.015381 0.063460 0.103763
v 0.036486 0.076600 0.083143
v 0.036486 0.076600 0.083143
v 0.026730 0.077954 0.024067
v 0.028446 0.077573 0.020379
v 0.028734 0.077707 0.023563
v 0.026136 0.077863 0.026814
v 0.028899 0.077572 0.028290
v -0.000116 0.047700 0.104308
v 0.036099 0.076440 0.085401
v 0.036099 0.076440 0.085401
v 0.016743 0.078080 0.032280
v 0.026014 0.077910 0.030017
v -0.012999 0.075220 0.082621
v -0.010070 0.075233 0.082042
v 0.037062 0.043656 0.028369
v 0.026616 0.077955 0.032157
v -0.013680 0.075967 0.085293
v 0.029614 0.077720 0.026100
v 0.030278 0.077813 0.022945
v 0.033761 0.077772 0.026399
v -0.009933 0.075751 0.085153
v -0.011327 0.076372 0.086540
v 0.032862 0.077991 0.028388
v 0.038477 0.074623 0.027991
v 0.038462 0.076783 0.024911
v 0.038462 0.076783 0.024911
v 0.038356 0.076946 0.028249
v 0.038356 0.076946 0.028249
v -0.016868 0.077102 0.088637
v 0.038515 0.074358 0.033854
v -0.008073 0.077067 0.089594
v -0.007794 0.076643 0.087179
v 0.038477 0.076583 0.032318
v 0.038477 0.076583 0.032318
v 0.036960 0.077751 0.026027
v -0.012754 0.077204 0.089692
v -0.015947 0.077326 0.090104
v -0.011401 0.077736 0.090323
v 0.034653 0.077589 0.028266
v 0.037359 0.077865 0.021631
v -0.007122 0.075841 0.085063
v 0.035993 0.077809 0.030744
v 0.029291 0.077636 0.030989
v 0.032371 0.077793 0.030773
v -0.004348 0.075951 0.085537
v -0.001624 0.074863 0.083437
v -0.002065 0.076186 0.087449
v 0.028829 0.077364 0.032565
v 0.026490 0.077747 0.033035
v 0.004928 0.069982 0.104006
v 0.030268 0.077577 0.034527
v -0.005135 0.076587 0.086480
v -0.004617 0.076473 0.087944
v 0.037138 0.077767 0.033144
v 0.033126 0.077833 0.034468
v 0.038562 0.004651 0.046471
v 0.037293 0.077661 0.037220
v 0.038562 0.076287 0.037244
v 0.038574 0.076287 0.037246
v -0.004196 0.076955 0.089819
v -0.012497 0.077724 0.091411
v -0.006253 0.077552 0.091735
v -0.006516 0.077509 0.090378
v 0.001143 0.077379 0.091930
v 0.016247 0.077956 0.033516
v 0.015282 0.078021 0.037267
v 0.000989 0.075804 0.086838
v 0.002896 0.075488 0.084849
v 0.004777 0.075505 0.085792
v 0.007582 0.075637 0.087275
v 0.011116 0.076420 0.089963
v 0.026831 0.070950 0.103471
v 0.018056 0.077971 0.040803
v 0.020707 0.077799 0.040735
v 0.005902 0.076709 0.090174
v 0.026547 0.077909 0.040281
v 0.044820 0.018397 0.093048
v 0.028774 0.077450 0.041100
v 0.044035 0.018288 0.095515
v 0.000669 0.077098 0.090333
v 0.045127 0.026060 0.092107
v 0.045764 0.026272 0.089991
v 0.044600 0.021627 0.094831
v 0.025851 0.077827 0.036272
v 0.042968 0.017233 0.097183
v -0.000608 0.077938 0.092935
v 0.028738 0.077409 0.036736
v 0.039178 0.041984 0.007465
v 0.004471 0.077652 0.092709
v 0.040547 0.019142 0.099923
v 0.029916 0.077695 0.036802
v 0.008517 0.076945 0.091504
v 0.043105 0.029395 0.097096
v 0.032765 0.077625 0.040263
v 0.003714 0.078430 0.095585
v 0.003736 0.077933 0.094325
v 0.008336 0.077655 0.092908
v 0.007764 0.078071 0.094803
v 0.009401 0.077611 0.094377
v 0.012423 0.077546 0.093181
v 0.046061 0.028221 0.088249
v -0.011707 0.078283 0.093218
v -0.016130 0.078472 0.093120
v 0.036674 0.077565 0.042239
v 0.046044 0.030915 0.088891
v -0.013817 0.078583 0.094789
v 0.044797 0.025870 0.094634
v 0.044953 0.028259 0.094062
v 0.045135 0.032051 0.093919
v -0.013452 0.079331 0.097727
v 0.039521 0.050361 0.005772
v -0.018152 0.079920 0.099464
v -0.008432 0.078827 0.096223
v 0.024608 0.024869 0.103855
v -0.010594 0.079706 0.099287
v 0.038237 0.071039 0.036805
v -0.016591 0.079647 0.100772
v -0.010250 0.079274 0.100769
v -0.004877 0.079321 0.100771
v -0.005332 0.074356 0.102394
v -0.009803 0.074016 0.102290
v 0.039057 0.044094 0.008218
v 0.001055 0.074717 0.102463
v 0.038056 0.021828 0.102967
v 0.038056 0.021828 0.102967
v 0.000515 0.073431 0.104067
v -0.004963 0.076049 0.102268
v -0.012970 0.075181 0.102266
v 0.040791 0.026465 0.099720
v 0.037951 0.024963 0.103042
v 0.037951 0.024963 0.103042
v -0.009071 0.077763 0.102347
v -0.009071 0.077763 0.102347
v -0.000640 0.077756 0.102339
v -0.000640 0.077756 0.102339
v -0.004641 0.077812 0.102114
v -0.004641 0.077812 0.102114
v 0.039277 0.053410 0.005716
v 0.039439 0.055388 0.005456
v 0.038646 0.076468 0.042038
v 0.038646 0.076468 0.042038
v 0.038584 0.047198 0.012190
v 0.039108 0.049945 0.008495
v 0.038755 0.050001 0.012168
v 0.038113 0.077210 0.038852
v 0.007933 0.075156 0.102288
v 0.002147 0.077529 0.102298
v 0.002147 0.077529 0.102298
v 0.039353 0.052875 0.007305
v 0.004634 0.077743 0.102343
v 0.004634 0.077743 0.102343
v -0.009341 0.078081 0.092575
v -0.007408 0.078345 0.094864
v -0.006249 0.078220 0.093074
v -0.003860 0.078031 0.093076
v 0.038760 0.053011 0.011569
v -0.005239 0.078701 0.095969
v -0.006654 0.079510 0.098781
v -0.002328 0.076541 0.058617
v -0.002220 0.078095 0.094620
v 0.041111 0.050616 0.059147
v 0.038187 0.028782 0.103028
v 0.038187 0.028782 0.103028
v -0.000552 0.078436 0.095247
v 0.038349 0.032276 0.103050
v 0.038349 0.032276 0.103050
v 0.041520 0.049587 0.058532
v 0.037442 0.030670 0.103373
v 0.042195 0.049631 0.062136
v 0.008385 0.078711 0.096368
v 0.040770 0.056935 0.058113
v 0.005121 0.079154 0.098592
v 0.008132 0.079722 0.099373
v 0.046307 0.033801 0.087520
v 0.042629 0.049142 0.065129
v 0.046015 0.034536 0.087461
v 0.046417 0.035995 0.086380
v 0.005494 0.079258 0.100106
v 0.046122 0.035510 0.089212
v 0.041107 0.057942 0.060806
v 0.001184 0.078895 0.101162
v 0.007855 0.079298 0.100387
v 0.038284 0.043017 0.013215
v 0.042006 0.057974 0.065270
v 0.009663 0.077626 0.102217
v 0.009663 0.077626 0.102217
v 0.039458 0.058797 0.055095
v 0.038671 0.041401 0.011581
v 0.016489 0.075102 0.087003
v 0.015941 0.076170 0.089944
v 0.018489 0.076195 0.089998
v 0.040454 0.059450 0.058510
v 0.040757 0.060581 0.058277
v 0.045913 0.043662 0.082452
v 0.046291 0.043696 0.083469
v 0.046124 0.044478 0.084321
v 0.046419 0.043569 0.088127
v 0.040508 0.065237 0.057946
v 0.016921 0.076504 0.091542
v 0.046527 0.046064 0.083584
v 0.046220 0.045626 0.085422
v 0.041580 0.060218 0.061682
v 0.041237 0.062022 0.061260
v 0.045948 0.047112 0.081462
v 0.022416 0.076045 0.090378
v 0.041355 0.059445 0.062591
v 0.028746 0.075228 0.090076
v 0.045742 0.049914 0.081491
v 0.045864 0.047016 0.082994
v 0.046104 0.048332 0.083465
v 0.024899 0.076308 0.091856
v 0.046140 0.050101 0.085065
v 0.045654 0.049647 0.082992
v 0.046001 0.051537 0.084293
v 0.040757 0.058192 -0.003991
v 0.014949 0.077290 0.093894
v 0.012397 0.077869 0.094692
v 0.016820 0.077980 0.095843
v 0.046113 0.052636 0.087702
v 0.018572 0.077200 0.092983
v 0.018613 0.077573 0.095214
v 0.041871 0.059114 0.067144
v 0.040584 0.062734 -0.006705
v 0.023678 0.076812 0.092938
v 0.042927 0.058205 0.069457
v 0.028395 0.076901 0.095002
v 0.020808 0.076986 0.093850
v 0.024390 0.077056 0.094883
v 0.021911 0.077528 0.095414
v 0.043533 0.058903 0.070915
v 0.042261 0.059457 0.065578
v 0.029394 0.075803 0.090363
v 0.029394 0.075803 0.090363
v 0.034305 0.075091 0.090916
v 0.030053 0.075610 0.091279
v 0.033571 0.075824 0.092365
v 0.040264 0.062054 -0.001179
v 0.032416 0.076446 0.093805
v 0.037283 0.075822 0.090412
v 0.037283 0.075822 0.090412
v 0.037829 0.075758 0.091768
v 0.037829 0.075758 0.091768
v 0.040597 0.073541 0.092293
v 0.039962 0.074680 0.092613
v 0.038012 0.076090 0.094028
v 0.038012 0.076090 0.094028
v 0.040269 0.069927 -0.007905
v 0.030519 0.077182 0.096927
v 0.028384 0.077990 0.098631
v 0.040289 0.066941 -0.005088
v 0.034711 0.076794 0.096957
v 0.036764 0.076486 0.097917
v 0.036764 0.076486 0.097917
v 0.038814 0.075456 0.098758
v 0.031355 0.077137 0.099706
v 0.035663 0.076942 0.099830
v 0.037998 0.075985 0.099408
v 0.037998 0.075985 0.099408
v 0.020414 0.074274 0.103661
v 0.010349 0.067866 0.103935
v 0.039931 0.070056 -0.004339
v 0.039756 0.061804 0.003817
v 0.039564 0.058963 0.004586
v 0.005549 0.073649 0.103890
v 0.010550 0.073759 0.103887
v 0.013241 0.075765 0.102356
v 0.013005 0.074564 0.103485
v 0.015923 0.074115 0.103691
v 0.016153 0.075550 0.102281
v 0.039010 0.060712 0.009699
v 0.039256 0.064047 0.007906
v 0.012025 0.078200 0.096218
v 0.010234 0.078748 0.097723
v 0.039040 0.073540 0.008091
v 0.015271 0.078624 0.097788
v 0.011190 0.079138 0.099763
v 0.020875 0.078889 0.099825
v 0.018607 0.078046 0.101665
v 0.038125 0.050698 0.015390
v 0.038270 0.056116 0.015285
v 0.023973 0.078294 0.101079
v 0.011877 0.078254 0.101580
v 0.015113 0.077348 0.102406
v 0.015113 0.077348 0.102406
v 0.037980 0.056231 0.019702
v 0.020103 0.077102 0.102307
v 0.020103 0.077102 0.102307
v 0.027954 0.075770 0.102358
v 0.027634 0.074864 0.103313
v 0.027945 0.077346 0.102233
v 0.027945 0.077346 0.102233
v 0.037876 0.044145 0.016357
v 0.031086 0.074608 0.103366
v 0.038020 0.046349 0.017157
v 0.035583 0.074106 0.103140
v 0.033384 0.075644 0.102546
v 0.031103 0.077605 0.101416
v 0.037392 0.047214 0.022753
v 0.033061 0.077455 0.100922
v 0.037701 0.077320 0.101223
v 0.033926 0.077062 0.102180
v 0.033926 0.077062 0.102180
v 0.037251 0.048447 0.025721
v 0.036330 0.075923 0.102619
v 0.044301 0.055669 0.082880
v 0.037736 0.051845 0.021520
v 0.037516 0.053626 0.022844
v 0.043647 0.057926 0.079325
v 0.042943 0.058877 0.078306
v 0.043148 0.058818 0.080811
v 0.037197 0.046823 0.028768
v 0.043516 0.058159 0.085680
v 0.037296 0.050254 0.029144
v 0.043707 0.058755 0.083334
v 0.037130 0.046335 0.031052
v 0.042749 0.060390 0.082724
v 0.041887 0.063723 0.084207
v 0.037399 0.048192 0.031120
v 0.045624 0.055708 0.091003
v 0.042089 0.063147 0.088144
v 0.045044 0.058740 0.092157
v 0.045161 0.055587 0.091952
v 0.045398 0.057429 0.092389
v 0.037558 0.052651 0.025859
v 0.037638 0.056511 0.024605
v 0.041150 0.064306 0.085536
v 0.043042 0.063575 0.090984
v 0.044462 0.058901 0.095547
v 0.045242 0.060226 0.093988
v 0.044548 0.061988 0.095792
v 0.041953 0.064972 0.090323
v 0.041092 0.064546 0.088228
v 0.042357 0.066119 0.092291
v 0.044286 0.064393 0.094193
v 0.043520 0.066340 0.093642
v 0.038790 0.060093 0.012529
v 0.044495 0.062873 0.093180
v 0.038189 0.061502 0.018135
v 0.041070 0.065264 0.087427
v 0.038889 0.066342 0.011869
v 0.040798 0.068551 0.090488
v 0.042180 0.069274 0.092753
v 0.044222 0.059946 0.097159
v 0.043009 0.061608 0.098885
v 0.038696 0.070019 0.015095
v 0.042439 0.063313 0.099942
v 0.044378 0.062626 0.097310
v 0.027825 0.077638 0.005013
v 0.043340 0.067431 0.097469
v 0.029898 0.077471 0.008790
v 0.043504 0.064248 0.098714
v 0.043462 0.066319 0.099165
v 0.027612 0.077688 0.011426
v 0.038859 0.063472 0.102837
v 0.038859 0.063472 0.102837
v 0.031647 0.077743 0.009945
v 0.032501 0.077762 0.012780
v 0.038741 0.067119 0.102766
v 0.038741 0.067119 0.102766
v 0.039007 0.069858 0.102747
v 0.039007 0.069858 0.102747
v 0.042735 0.067282 0.099861
v 0.042433 0.070353 0.094955
v 0.043845 0.066542 0.095185
v 0.042756 0.069394 0.098520
v 0.038933 0.073585 0.012024
v 0.038544 0.072281 0.016445
v 0.039775 0.074326 0.094839
v 0.037940 0.077500 0.012753
v 0.040902 0.072989 0.098458
v 0.040825 0.072083 0.099604
v 0.041483 0.070270 0.100927
v 0.038900 0.074601 0.015009
v 0.041050 0.072409 0.100815
v 0.038850 0.076433 0.014079
v 0.038850 0.076433 0.014079
v 0.039020 0.073412 0.102638
v 0.039020 0.073412 0.102638
v 0.039377 0.076061 0.101376
v 0.039377 0.076061 0.101376
v 0.039759 0.075132 0.101899
v 0.038163 0.068432 0.022580
v 0.038763 0.076414 0.102377
v 0.038763 0.076414 0.102377
v 0.038763 0.076414 0.102377
v 0.029111 0.077524 0.015976
v -0.022400 0.070028 0.103724
v 0.029859 0.077781 0.017633
v -0.016812 0.070178 0.103622
v -0.014803 0.072459 0.103821
v -0.015380 0.073850 0.103726
v -0.020299 0.077969 0.102310
v -0.020299 0.077969 0.102310
v 0.038518 0.073875 0.020131
v -0.011958 0.072972 0.103763
v 0.038601 0.076181 0.017977
v 0.038601 0.076181 0.017977
v 0.037019 0.077827 0.016189
v 0.038122 0.077326 0.017569
v -0.014418 0.077896 0.102340
v -0.014418 0.077896 0.102340
v 0.036707 0.077834 0.019699
v 0.038456 0.076552 0.021289
v 0.038456 0.076552 0.021289
v -0.011243 0.077703 0.102098
v -0.011243 0.077703 0.102098
vt 0.469341 0.349210
vt 0.465597 0.327445
vt 0.498009 0.342765
vt 0.562011 0.147098
vt 0.505438 0.085184
vt 0.504086 0.090683
vt 0.504683 0.080018
vt 0.567059 0.146167
vt 0.500865 0.092522
vt 0.496142 0.243516
vt 0.495523 0.229753
vt 0.494711 0.089278
vt 0.501221 0.077756
vt 0.503703 0.321259
vt 0.526884 0.327082
vt 0.516074 0.344065
vt 0.441936 0.166835
vt 0.430596 0.165888
vt 0.443243 0.163462
vt 0.545542 0.352341
vt 0.505026 0.072305
vt 0.574547 0.146621
vt 0.501882 0.070649
vt 0.436415 0.158488
vt 0.429740 0.162702
vt 0.439766 0.170696
vt 0.431975 0.169140
vt 0.454460 0.227866
vt 0.477051 0.206640
vt 0.490637 0.084934
vt 0.493701 0.078711
vt 0.434887 0.178674
vt 0.448236 0.175288
vt 0.497407 0.070999
vt 0.446132 0.181898
vt 0.489766 0.074820
vt 0.493038 0.072102
vt 0.491090 0.069136
vt 0.438834 0.190497
vt 0.470910 0.254623
vt 0.512299 0.350450
vt 0.508726 0.343146
vt 0.580730 0.146488
vt 0.504851 0.065986
vt 0.506768 0.348943
vt 0.430966 0.174194
vt 0.503441 0.057396
vt 0.588021 0.147024
vt 0.505203 0.058629
vt 0.498962 0.066797
vt 0.495602 0.068239
vt 0.491203 0.058642
vt 0.500338 0.050777
vt 0.426052 0.172750
vt 0.447280 0.260110
vt 0.431054 0.183832
vt 0.425569 0.156780
vt 0.442333 0.154365
vt 0.504738 0.051867
vt 0.466456 0.302291
vt 0.497777 0.330365
vt 0.425974 0.165732
vt 0.421332 0.161346
vt 0.497697 0.043332
vt 0.416357 0.153926
vt 0.421958 0.164523
vt 0.455980 0.201625
vt 0.423806 0.151293
vt 0.588994 0.154862
vt 0.416018 0.149580
vt 0.411900 0.154104
vt 0.603809 0.152666
vt 0.413023 0.157026
vt 0.484945 0.076947
vt 0.416477 0.162441
vt 0.413506 0.165457
vt 0.486927 0.065145
vt 0.419786 0.167835
vt 0.418964 0.176379
vt 0.420841 0.173365
vt 0.475268 0.073746
vt 0.469453 0.065422
vt 0.475927 0.062963
vt 0.502753 0.356219
vt 0.504492 0.351015
vt 0.505488 0.359953
vt 0.493470 0.370494
vt 0.498252 0.354194
vt 0.417392 0.170658
vt 0.497684 0.360898
vt 0.413432 0.174491
vt 0.486855 0.057160
vt 0.500955 0.350713
vt 0.480235 0.057124
vt 0.500613 0.361035
vt 0.407341 0.168633
vt 0.488996 0.053379
vt 0.453039 0.189950
vt 0.449100 0.193041
vt 0.442637 0.195513
vt 0.482993 0.051754
vt 0.482688 0.043952
vt 0.446340 0.198117
vt 0.497962 0.367034
vt 0.478555 0.054331
vt 0.501078 0.368641
vt 0.437019 0.194391
vt 0.435167 0.190055
vt 0.422578 0.192916
vt 0.421311 0.188960
vt 0.471159 0.057256
vt 0.460839 0.263197
vt 0.460846 0.062150
vt 0.471421 0.053321
vt 0.489616 0.394997
vt 0.484195 0.033642
vt 0.465409 0.275876
vt 0.468781 0.043453
vt 0.436149 0.203297
vt 0.512749 0.363429
vt 0.464685 0.053942
vt 0.419957 0.197177
vt 0.414019 0.202571
vt 0.467587 0.031227
vt 0.462691 0.038702
vt 0.412354 0.184701
vt 0.525398 0.371913
vt 0.499321 0.148903
vt 0.493755 0.150093
vt 0.498924 0.145742
vt 0.493217 0.145176
vt 0.524409 0.377512
vt 0.496292 0.154900
vt 0.505206 0.370168
vt 0.482911 0.145905
vt 0.485080 0.153208
vt 0.488851 0.139961
vt 0.480554 0.140823
vt 0.398032 0.176123
vt 0.434766 0.237477
vt 0.502735 0.374412
vt 0.472996 0.144023
vt 0.504931 0.380640
vt 0.402820 0.182171
vt 0.465239 0.138805
vt 0.416334 0.192883
vt 0.470448 0.146394
vt 0.411668 0.191241
vt 0.464880 0.145440
vt 0.410882 0.194939
vt 0.412973 0.199244
vt 0.407858 0.196834
vt 0.524056 0.386000
vt 0.491608 0.155668
vt 0.491090 0.159875
vt 0.405762 0.188856
vt 0.480858 0.163310
vt 0.432191 0.247927
vt 0.488254 0.164803
vt 0.402852 0.195859
vt 0.418965 0.249884
vt 0.485228 0.167166
vt 0.395256 0.191894
vt 0.397217 0.197025
vt 0.486405 0.170476
vt 0.480498 0.172337
vt 0.400026 0.152771
vt 0.393049 0.146564
vt 0.409627 0.146641
vt 0.462607 0.335769
vt 0.390288 0.161905
vt 0.480592 0.149924
vt 0.557596 0.251729
vt 0.539323 0.248806
vt 0.560409 0.236115
vt 0.478036 0.156229
vt 0.471291 0.150956
vt 0.401056 0.142532
vt 0.457678 0.346845
vt 0.457906 0.340945
vt 0.386861 0.150295
vt 0.471631 0.156064
vt 0.470581 0.160408
vt 0.383905 0.157968
vt 0.499671 0.284533
vt 0.503219 0.277673
vt 0.503338 0.290376
vt 0.455362 0.374411
vt 0.498351 0.295958
vt 0.500489 0.301489
vt 0.401093 0.164308
vt 0.463318 0.151170
vt 0.497954 0.318938
vt 0.496953 0.286283
vt 0.463969 0.153756
vt 0.464868 0.157168
vt 0.497640 0.275989
vt 0.490357 0.271750
vt 0.507939 0.275730
vt 0.448482 0.348872
vt 0.395901 0.167005
vt 0.469126 0.165982
vt 0.382937 0.169376
vt 0.378730 0.166774
vt 0.471080 0.170370
vt 0.473365 0.173344
vt 0.463493 0.160509
vt 0.399611 0.171255
vt 0.457588 0.157606
vt 0.379775 0.141842
vt 0.463203 0.169404
vt 0.376180 0.146684
vt 0.454199 0.166058
vt 0.368942 0.133372
vt 0.456044 0.162789
vt 0.442997 0.316797
vt 0.441003 0.304949
vt 0.481944 0.183568
vt 0.464596 0.175264
vt 0.367733 0.144290
vt 0.468368 0.185925
vt 0.365971 0.146863
vt 0.444382 0.334434
vt 0.454117 0.169631
vt 0.362332 0.141660
vt 0.432162 0.337165
vt 0.466552 0.190338
vt 0.471948 0.189396
vt 0.412215 0.304146
vt 0.432627 0.299567
vt 0.430472 0.312501
vt 0.366821 0.151393
vt 0.438968 0.308312
vt 0.435615 0.307001
vt 0.367861 0.161786
vt 0.363947 0.157308
vt 0.474935 0.194910
vt 0.357931 0.152918
vt 0.402549 0.130134
vt 0.378329 0.122862
vt 0.512163 0.291489
vt 0.505015 0.301031
vt 0.494185 0.135781
vt 0.493924 0.124056
vt 0.497544 0.134388
vt 0.414825 0.319259
vt 0.392164 0.171692
vt 0.519424 0.146237
vt 0.503798 0.128464
vt 0.500710 0.135723
vt 0.503260 0.122927
vt 0.524815 0.145843
vt 0.521740 0.152855
vt 0.515840 0.146471
vt 0.503651 0.132143
vt 0.507469 0.146353
vt 0.503780 0.141016
vt 0.393909 0.176923
vt 0.504002 0.312372
vt 0.396283 0.180979
vt 0.527142 0.148997
vt 0.510790 0.308739
vt 0.496939 0.118714
vt 0.389241 0.177083
vt 0.502535 0.145909
vt 0.502314 0.149922
vt 0.523126 0.311375
vt 0.505512 0.152550
vt 0.509400 0.152163
vt 0.373109 0.173072
vt 0.514397 0.275498
vt 0.502118 0.154284
vt 0.393759 0.187062
vt 0.389003 0.187872
vt 0.503158 0.158158
vt 0.520814 0.165058
vt 0.374469 0.183544
vt 0.527408 0.289964
vt 0.521554 0.276509
vt 0.440515 0.343727
vt 0.495719 0.142780
vt 0.439160 0.349989
vt 0.432818 0.348662
vt 0.533920 0.287911
vt 0.504411 0.116440
vt 0.531207 0.146617
vt 0.500476 0.111589
vt 0.504590 0.111705
vt 0.535872 0.146895
vt 0.431232 0.357142
vt 0.538101 0.146200
vt 0.504296 0.109362
vt 0.535194 0.293713
vt 0.534863 0.153822
vt 0.366216 0.169785
vt 0.502591 0.102527
vt 0.543671 0.147185
vt 0.505055 0.103700
vt 0.551498 0.290424
vt 0.357715 0.162631
vt 0.556258 0.153302
vt 0.355574 0.168711
vt 0.531580 0.159222
vt 0.402744 0.341706
vt 0.533506 0.302265
vt 0.529301 0.168683
vt 0.362639 0.176523
vt 0.365152 0.183914
vt 0.424472 0.347445
vt 0.550406 0.164832
vt 0.546397 0.174688
vt 0.353050 0.175476
vt 0.416105 0.343549
vt 0.360812 0.181514
vt 0.355148 0.181569
vt 0.419158 0.349911
vt 0.460757 0.120931
vt 0.469970 0.131152
vt 0.483743 0.126302
vt 0.544129 0.320167
vt 0.459999 0.124456
vt 0.458720 0.140113
vt 0.488459 0.116409
vt 0.499798 0.314144
vt 0.498120 0.381848
vt 0.485211 0.107266
vt 0.462943 0.104575
vt 0.452771 0.134389
vt 0.444300 0.121005
vt 0.445157 0.110647
vt 0.451443 0.101515
vt 0.505330 0.333594
vt 0.468840 0.100428
vt 0.496183 0.109209
vt 0.500687 0.380439
vt 0.492354 0.106911
vt 0.494092 0.113704
vt 0.502457 0.381873
vt 0.478043 0.091951
vt 0.472265 0.091461
vt 0.505045 0.094142
vt 0.553137 0.146949
vt 0.498427 0.388446
vt 0.489902 0.096019
vt 0.460689 0.084301
vt 0.454351 0.267625
vt 0.496781 0.165949
vt 0.508600 0.163208
vt 0.458250 0.269649
vt 0.502968 0.170382
vt 0.501221 0.166788
vt 0.456694 0.273998
vt 0.449228 0.269027
vt 0.445417 0.276255
vt 0.506160 0.170201
vt 0.448907 0.385113
vt 0.513433 0.179199
vt 0.443071 0.102635
vt 0.439295 0.105448
vt 0.501366 0.176459
vt 0.429014 0.103531
vt 0.434249 0.101874
vt 0.464022 0.409827
vt 0.495476 0.171171
vt 0.497134 0.177714
vt 0.447404 0.080719
vt 0.505430 0.178167
vt 0.502376 0.181607
vt 0.498318 0.411077
vt 0.441024 0.099606
vt 0.507667 0.190082
vt 0.445242 0.267242
vt 0.438228 0.079734
vt 0.493963 0.183421
vt 0.430239 0.100344
vt 0.428327 0.263251
vt 0.427809 0.089097
vt 0.465708 0.416964
vt 0.437831 0.268544
vt 0.442869 0.270996
vt 0.443258 0.079547
vt 0.434884 0.272184
vt 0.535212 0.188337
vt 0.444708 0.134140
vt 0.431240 0.269181
vt 0.425306 0.270603
vt 0.417531 0.131177
vt 0.426021 0.121731
vt 0.433442 0.276062
vt 0.429014 0.278178
vt 0.428847 0.273526
vt 0.450416 0.413149
vt 0.423875 0.111208
vt 0.556911 0.158455
vt 0.478199 0.083568
vt 0.436040 0.416723
vt 0.475584 0.079624
vt 0.566899 0.163145
vt 0.561543 0.169691
vt 0.557269 0.177085
vt 0.470713 0.079695
vt 0.462583 0.074149
vt 0.459239 0.066689
vt 0.415880 0.353746
vt 0.407988 0.346015
vt 0.411458 0.347236
vt 0.453775 0.071060
vt 0.423491 0.285963
vt 0.404750 0.350745
vt 0.408961 0.354321
vt 0.418985 0.387259
vt 0.412176 0.368205
vt 0.455320 0.057944
vt 0.450662 0.068463
vt 0.567683 0.173431
vt 0.409623 0.291752
vt 0.445615 0.075962
vt 0.576761 0.160138
vt 0.448828 0.066007
vt 0.394416 0.359125
vt 0.442492 0.067978
vt 0.439810 0.061657
vt 0.446008 0.057331
vt 0.434384 0.069435
vt 0.459296 0.056566
vt 0.427097 0.209118
vt 0.453052 0.053570
vt 0.394753 0.385130
vt 0.403456 0.212981
vt 0.599802 0.179894
vt 0.586079 0.192706
vt 0.431584 0.233398
vt 0.442046 0.053254
vt 0.443052 0.048722
vt 0.448303 0.042088
vt 0.551490 0.185288
vt 0.390824 0.209661
vt 0.545791 0.187636
vt 0.402633 0.200643
vt 0.424065 0.092368
vt 0.394486 0.204917
vt 0.397110 0.199227
vt 0.393231 0.202405
vt 0.432584 0.079044
vt 0.556671 0.189383
vt 0.423968 0.080951
vt 0.543817 0.209948
vt 0.429208 0.078716
vt 0.558883 0.210830
vt 0.571327 0.183393
vt 0.414820 0.083634
vt 0.424608 0.074048
vt 0.396167 0.233502
vt 0.414975 0.068893
vt 0.419281 0.231729
vt 0.418601 0.396482
vt 0.408263 0.069007
vt 0.405393 0.076134
vt 0.418736 0.117682
vt 0.408642 0.241207
vt 0.421841 0.240108
vt 0.411571 0.119460
vt 0.410764 0.110340
vt 0.407202 0.101594
vt 0.569510 0.215388
vt 0.403647 0.114144
vt 0.350400 0.284489
vt 0.359520 0.272547
vt 0.351014 0.268905
vt 0.502518 0.198491
vt 0.501245 0.192138
vt 0.503367 0.190370
vt 0.399841 0.098031
vt 0.507026 0.210988
vt 0.408733 0.098471
vt 0.412551 0.090471
vt 0.502172 0.215724
vt 0.496028 0.203741
vt 0.391992 0.243362
vt 0.497144 0.214854
vt 0.492845 0.205250
vt 0.325459 0.269464
vt 0.494092 0.213454
vt 0.385182 0.190082
vt 0.378572 0.192143
vt 0.371694 0.193419
vt 0.498304 0.230113
vt 0.502502 0.223239
vt 0.491597 0.214018
vt 0.494207 0.218840
vt 0.371748 0.200330
vt 0.357511 0.207277
vt 0.502338 0.238303
vt 0.393274 0.100165
vt 0.390278 0.193982
vt 0.405131 0.093155
vt 0.528722 0.212381
vt 0.333265 0.310951
vt 0.382306 0.203077
vt 0.526491 0.222787
vt 0.507474 0.224068
vt 0.393604 0.119557
vt 0.369170 0.209953
vt 0.506819 0.232824
vt 0.386832 0.104555
vt 0.368152 0.189247
vt 0.382055 0.102141
vt 0.378435 0.099941
vt 0.515396 0.237071
vt 0.370451 0.116871
vt 0.374243 0.108436
vt 0.364711 0.189520
vt 0.386506 0.089072
vt 0.524278 0.229413
vt 0.350975 0.187529
vt 0.300868 0.321045
vt 0.395240 0.085234
vt 0.361642 0.196363
vt 0.410256 0.077821
vt 0.523112 0.241657
vt 0.535796 0.227970
vt 0.349648 0.204418
vt 0.349107 0.193245
vt 0.343051 0.201253
vt 0.495752 0.190470
vt 0.489523 0.190690
vt 0.393541 0.066669
vt 0.398376 0.077920
vt 0.373895 0.217933
vt 0.390424 0.290721
vt 0.388196 0.310686
vt 0.409301 0.311355
vt 0.399521 0.312715
vt 0.438020 0.065175
vt 0.405676 0.315320
vt 0.487180 0.186976
vt 0.484653 0.188899
vt 0.358816 0.215720
vt 0.398783 0.318729
vt 0.496823 0.197155
vt 0.438250 0.055939
vt 0.491421 0.195502
vt 0.363179 0.227437
vt 0.431084 0.056224
vt 0.487721 0.194622
vt 0.385217 0.283049
vt 0.391011 0.280654
vt 0.369131 0.236014
vt 0.479713 0.188148
vt 0.378706 0.296593
vt 0.376664 0.274212
vt 0.521946 0.198143
vt 0.422888 0.062790
vt 0.329633 0.214702
vt 0.432865 0.053140
vt 0.427104 0.052190
vt 0.421249 0.056552
vt 0.344697 0.225892
vt 0.327383 0.218073
vt 0.539610 0.201644
vt 0.419615 0.053370
vt 0.400932 0.327768
vt 0.433384 0.037049
vt 0.448289 0.026760
vt 0.430957 0.020004
vt 0.404880 0.253147
vt 0.394848 0.248446
vt 0.378347 0.246296
vt 0.395960 0.261980
vt 0.416195 0.040732
vt 0.382042 0.259014
vt 0.423848 0.022848
vt 0.468397 0.201121
vt 0.389511 0.270131
vt 0.378083 0.261144
vt 0.404350 0.061965
vt 0.404635 0.056632
vt 0.408882 0.053093
vt 0.360884 0.308085
vt 0.357660 0.331194
vt 0.369644 0.248228
vt 0.391452 0.057446
vt 0.388753 0.346479
vt 0.400579 0.053402
vt 0.369808 0.255486
vt 0.354722 0.243746
vt 0.346968 0.232992
vt 0.387311 0.034037
vt 0.391959 0.042706
vt 0.343598 0.251562
vt 0.415275 0.016473
vt 0.357824 0.263805
vt 0.340029 0.238753
vt 0.328588 0.236915
vt 0.534279 0.213528
vt 0.502264 0.390665
vt 0.505630 0.391290
vt 0.350385 0.316884
vt 0.367442 0.267600
vt 0.498294 0.396981
vt 0.502606 0.400564
vt 0.505270 0.403515
vt 0.517452 0.397343
vt 0.520068 0.404404
vt 0.500518 0.405307
vt 0.362607 0.268672
vt 0.504532 0.412872
vt 0.397233 0.349635
vt 0.513915 0.416044
vt 0.502223 0.410373
vt 0.324732 0.266542
vt 0.572857 0.228133
vt 0.501764 0.423015
vt 0.499772 0.416688
vt 0.504399 0.421663
vt 0.498313 0.420364
vt 0.499189 0.424812
vt 0.505027 0.430311
vt 0.498852 0.243339
vt 0.363564 0.352283
vt 0.427836 0.236940
vt 0.425382 0.233592
vt 0.502856 0.245380
vt 0.508290 0.243915
vt 0.353053 0.343265
vt 0.517724 0.239880
vt 0.518813 0.245611
vt 0.501964 0.253507
vt 0.504206 0.252260
vt 0.498498 0.254629
vt 0.510261 0.255968
vt 0.513189 0.260583
vt 0.407671 0.265069
vt 0.504016 0.261152
vt 0.497438 0.262001
vt 0.454281 0.145729
vt 0.411166 0.255147
vt 0.447108 0.138399
vt 0.504139 0.268395
vt 0.502196 0.264060
vt 0.450383 0.152176
vt 0.443331 0.147261
vt 0.443006 0.144621
vt 0.419436 0.275667
vt 0.367097 0.383931
vt 0.410945 0.270214
vt 0.438524 0.135519
vt 0.440997 0.140909
vt 0.451143 0.157724
vt 0.451833 0.153985
vt 0.446222 0.158140
vt 0.430962 0.146349
vt 0.435177 0.150805
vt 0.411671 0.280827
vt 0.429163 0.144013
vt 0.405967 0.278364
vt 0.431700 0.139345
vt 0.405681 0.274520
vt 0.526606 0.254998
vt 0.399679 0.272727
vt 0.417646 0.133912
vt 0.398717 0.283092
vt 0.347511 0.335547
vt 0.420144 0.145272
vt 0.415332 0.140121
vt 0.536733 0.262616
vt 0.315809 0.345538
vt 0.546545 0.255145
vt 0.388779 0.278201
vt 0.555934 0.259923
vt 0.340784 0.350562
vt 0.406423 0.134863
vt 0.384576 0.278879
vt 0.547738 0.261677
vt 0.557217 0.264970
vt 0.552688 0.268167
vt 0.517561 0.263613
vt 0.524116 0.268102
vt 0.400716 0.121513
vt 0.500839 0.334362
vt 0.502170 0.330012
vt 0.504069 0.339815
vt 0.501016 0.339284
vt 0.527779 0.272837
vt 0.534347 0.273436
vt 0.502341 0.344925
vt 0.505194 0.344083
vt 0.348220 0.388532
vt 0.538836 0.269995
vt 0.543207 0.269638
vt 0.545519 0.279496
vt 0.547968 0.273750
vt 0.550638 0.275779
vt 0.560197 0.267720
vt 0.557784 0.275804
vt 0.558368 0.283013
vt 0.697141 0.251076
vt 0.684278 0.244672
vt 0.695945 0.245933
vt 0.632517 0.381425
vt 0.632272 0.390457
vt 0.625569 0.390792
vt 0.688176 0.253654
vt 0.687919 0.233839
vt 0.691465 0.215024
vt 0.696665 0.232473
vt 0.504021 0.028388
vt 0.618116 0.145542
vt 0.609727 0.146340
vt 0.504902 0.036841
vt 0.621850 0.147598
vt 0.695163 0.259478
vt 0.602013 0.146245
vt 0.504490 0.044563
vt 0.636116 0.380359
vt 0.679408 0.233788
vt 0.680978 0.221921
vt 0.637236 0.394063
vt 0.678452 0.247276
vt 0.686246 0.266654
vt 0.696244 0.264690
vt 0.640754 0.383589
vt 0.631093 0.395863
vt 0.603347 0.164804
vt 0.677730 0.240791
vt 0.610092 0.158714
vt 0.643227 0.397313
vt 0.613988 0.151657
vt 0.703071 0.246005
vt 0.705586 0.253717
vt 0.629296 0.155035
vt 0.693821 0.243481
vt 0.701880 0.260811
vt 0.623272 0.396579
vt 0.607114 0.377047
vt 0.621395 0.410122
vt 0.614988 0.397613
vt 0.627354 0.400703
vt 0.675149 0.275407
vt 0.687060 0.276949
vt 0.631750 0.401953
vt 0.689703 0.287241
vt 0.619065 0.168607
vt 0.629229 0.161988
vt 0.636193 0.399060
vt 0.669661 0.283798
vt 0.652926 0.267167
vt 0.666156 0.267671
vt 0.693891 0.198926
vt 0.686057 0.207862
vt 0.688382 0.193173
vt 0.498589 0.027190
vt 0.635856 0.404759
vt 0.627182 0.146062
vt 0.504603 0.019138
vt 0.695678 0.183810
vt 0.699890 0.197821
vt 0.492839 0.033098
vt 0.696311 0.200821
vt 0.651680 0.397411
vt 0.677440 0.284781
vt 0.640769 0.410199
vt 0.641007 0.374616
vt 0.636010 0.370137
vt 0.636454 0.351704
vt 0.663674 0.304735
vt 0.675803 0.298502
vt 0.701549 0.183529
vt 0.714479 0.196527
vt 0.647606 0.345874
vt 0.647391 0.367384
vt 0.710391 0.200867
vt 0.702794 0.207796
vt 0.660710 0.356077
vt 0.710866 0.207860
vt 0.476435 0.016516
vt 0.706527 0.212983
vt 0.707760 0.184469
vt 0.629780 0.150097
vt 0.714814 0.185816
vt 0.724909 0.191289
vt 0.633214 0.146078
vt 0.503713 0.012803
vt 0.633605 0.149550
vt 0.662108 0.369398
vt 0.500133 0.017334
vt 0.707269 0.262856
vt 0.500310 0.013044
vt 0.635953 0.143332
vt 0.664241 0.394069
vt 0.493016 0.017452
vt 0.642045 0.146286
vt 0.636205 0.145874
vt 0.492619 0.012333
vt 0.643826 0.143750
vt 0.638180 0.146965
vt 0.726989 0.186795
vt 0.708901 0.289502
vt 0.644253 0.151043
vt 0.729446 0.188998
vt 0.675504 0.356585
vt 0.673787 0.347671
vt 0.729373 0.184412
vt 0.652061 0.146008
vt 0.726786 0.199541
vt 0.729418 0.194960
vt 0.723833 0.282726
vt 0.670817 0.374403
vt 0.735526 0.187283
vt 0.734832 0.198260
vt 0.633444 0.152743
vt 0.714042 0.206061
vt 0.687321 0.370022
vt 0.716832 0.202682
vt 0.632236 0.158707
vt 0.634999 0.156095
vt 0.638780 0.152940
vt 0.642780 0.157819
vt 0.710041 0.238699
vt 0.632320 0.165916
vt 0.723073 0.205098
vt 0.720114 0.205782
vt 0.636066 0.161476
vt 0.654362 0.384980
vt 0.720377 0.212562
vt 0.714025 0.245662
vt 0.710770 0.248891
vt 0.646402 0.155369
vt 0.713004 0.247719
vt 0.651966 0.153875
vt 0.720698 0.245244
vt 0.708690 0.228787
vt 0.646348 0.161299
vt 0.650952 0.159808
vt 0.655966 0.160236
vt 0.727422 0.207199
vt 0.731154 0.204204
vt 0.711559 0.255918
vt 0.716737 0.255038
vt 0.656200 0.412293
vt 0.705786 0.257806
vt 0.716061 0.215265
vt 0.721552 0.264934
vt 0.723562 0.215098
vt 0.717248 0.248796
vt 0.670523 0.384935
vt 0.720268 0.248686
vt 0.726962 0.211639
vt 0.668593 0.398486
vt 0.727229 0.250420
vt 0.728475 0.247497
vt 0.457625 0.017333
vt 0.728515 0.257155
vt 0.684530 0.381764
vt 0.726610 0.229345
vt 0.741174 0.240705
vt 0.740774 0.208865
vt 0.738487 0.221866
vt 0.743402 0.229513
vt 0.685962 0.387954
vt 0.479292 0.011849
vt 0.657232 0.143826
vt 0.673255 0.395913
vt 0.663586 0.145878
vt 0.676798 0.394287
vt 0.743847 0.220025
vt 0.738099 0.247423
vt 0.683885 0.395344
vt 0.668553 0.143501
vt 0.468053 0.011857
vt 0.732700 0.250665
vt 0.734934 0.254201
vt 0.664350 0.152203
vt 0.661742 0.155105
vt 0.658000 0.156216
vt 0.591874 0.408126
vt 0.751064 0.244427
vt 0.740171 0.246840
vt 0.741872 0.249417
vt 0.626657 0.416830
vt 0.674938 0.152276
vt 0.670030 0.155929
vt 0.674546 0.143123
vt 0.462083 0.012105
vt 0.672595 0.145664
vt 0.676643 0.145095
vt 0.730260 0.265272
vt 0.627074 0.425221
vt 0.449193 0.011967
vt 0.687485 0.142913
vt 0.629794 0.416736
vt 0.685695 0.145175
vt 0.609087 0.435670
vt 0.625377 0.430658
vt 0.629861 0.427696
vt 0.703565 0.226993
vt 0.632603 0.412290
vt 0.635447 0.414944
vt 0.712341 0.215278
vt 0.737143 0.278901
vt 0.632835 0.420509
vt 0.648906 0.422365
vt 0.733281 0.261810
vt 0.643671 0.420759
vt 0.738311 0.265909
vt 0.747659 0.258663
vt 0.639111 0.424728
vt 0.610307 0.180620
vt 0.649280 0.432178
vt 0.631338 0.177634
vt 0.657235 0.420934
vt 0.635744 0.424287
vt 0.633330 0.427199
vt 0.631012 0.436788
vt 0.638686 0.432498
vt 0.634117 0.433286
vt 0.631288 0.170594
vt 0.633419 0.177064
vt 0.756525 0.279296
vt 0.614836 0.438336
vt 0.680096 0.318173
vt 0.634271 0.188196
vt 0.636359 0.185879
vt 0.630808 0.188903
vt 0.603098 0.444185
vt 0.587191 0.440931
vt 0.696727 0.303182
vt 0.594544 0.451343
vt 0.598997 0.453216
vt 0.605608 0.450200
vt 0.525221 0.404891
vt 0.621414 0.452383
vt 0.628444 0.441503
vt 0.633664 0.445008
vt 0.631130 0.448167
vt 0.517745 0.413233
vt 0.626834 0.449049
vt 0.709071 0.306223
vt 0.635974 0.444086
vt 0.634377 0.452382
vt 0.630216 0.460744
vt 0.661436 0.431521
vt 0.636477 0.435920
vt 0.713672 0.321237
vt 0.638726 0.440082
vt 0.517044 0.425845
vt 0.522965 0.423759
vt 0.657819 0.447198
vt 0.673299 0.332110
vt 0.684811 0.341429
vt 0.624107 0.202567
vt 0.619334 0.208655
vt 0.642522 0.446074
vt 0.628272 0.200757
vt 0.631940 0.196776
vt 0.646990 0.456354
vt 0.621033 0.237434
vt 0.699185 0.328699
vt 0.533009 0.431786
vt 0.626853 0.215223
vt 0.635118 0.197036
vt 0.631803 0.210441
vt 0.665374 0.405536
vt 0.634555 0.204932
vt 0.694247 0.346563
vt 0.685237 0.413860
vt 0.641275 0.202723
vt 0.634803 0.217221
vt 0.635558 0.210840
vt 0.554932 0.425611
vt 0.639894 0.216825
vt 0.645466 0.209022
vt 0.666735 0.425854
vt 0.676816 0.419145
vt 0.553288 0.443532
vt 0.583413 0.217542
vt 0.590644 0.224139
vt 0.566698 0.263511
vt 0.690026 0.411809
vt 0.700895 0.381540
vt 0.581438 0.222944
vt 0.700498 0.401876
vt 0.737506 0.299309
vt 0.590102 0.240641
vt 0.563967 0.288462
vt 0.608350 0.250573
vt 0.707534 0.416184
vt 0.578265 0.303269
vt 0.580680 0.279677
vt 0.670989 0.436685
vt 0.558578 0.294915
vt 0.685953 0.424430
vt 0.682360 0.431523
vt 0.664947 0.439691
vt 0.678798 0.439304
vt 0.669722 0.445912
vt 0.576782 0.241421
vt 0.587140 0.290503
vt 0.728885 0.315482
vt 0.599800 0.301837
vt 0.597144 0.290835
vt 0.696784 0.422468
vt 0.580340 0.250659
vt 0.704853 0.425305
vt 0.749720 0.310928
vt 0.689482 0.437861
vt 0.700104 0.432584
vt 0.721660 0.333997
vt 0.589125 0.268664
vt 0.739814 0.339651
vt 0.687721 0.355920
vt 0.696339 0.350940
vt 0.709711 0.357539
vt 0.777578 0.297066
vt 0.777023 0.318474
vt 0.629378 0.220416
vt 0.632853 0.221018
vt 0.599140 0.281158
vt 0.627769 0.224559
vt 0.634103 0.228672
vt 0.635971 0.228099
vt 0.574323 0.354468
vt 0.607807 0.270833
vt 0.656358 0.222386
vt 0.728075 0.359045
vt 0.632181 0.232035
vt 0.627923 0.236806
vt 0.636394 0.235466
vt 0.633051 0.237250
vt 0.558366 0.373533
vt 0.554154 0.377729
vt 0.704041 0.366907
vt 0.641140 0.228549
vt 0.643801 0.240329
vt 0.656700 0.241907
vt 0.615453 0.261902
vt 0.624704 0.246801
vt 0.598853 0.381894
vt 0.603179 0.283809
vt 0.716166 0.374535
vt 0.624140 0.254115
vt 0.631759 0.255149
vt 0.630143 0.260421
vt 0.584628 0.327521
vt 0.633121 0.258973
vt 0.631894 0.266194
vt 0.591792 0.280445
vt 0.586103 0.281727
vt 0.629975 0.239720
vt 0.632066 0.247622
vt 0.635185 0.246042
vt 0.727334 0.363374
vt 0.540332 0.371319
vt 0.734875 0.370433
vt 0.728464 0.378046
vt 0.635600 0.256198
vt 0.641009 0.253414
vt 0.538769 0.384422
vt 0.657406 0.253630
vt 0.635703 0.263560
vt 0.635536 0.167517
vt 0.735518 0.352427
vt 0.644062 0.164583
vt 0.640415 0.175997
vt 0.620759 0.268743
vt 0.636709 0.173871
vt 0.637338 0.180042
vt 0.555741 0.384375
vt 0.755260 0.334269
vt 0.652830 0.167182
vt 0.656139 0.173886
vt 0.627272 0.269708
vt 0.648416 0.179470
vt 0.645539 0.189040
vt 0.632268 0.274359
vt 0.608502 0.286938
vt 0.767756 0.337771
vt 0.619957 0.282607
vt 0.663155 0.160844
vt 0.626593 0.280454
vt 0.659919 0.166698
vt 0.588108 0.363709
vt 0.591515 0.361291
vt 0.595526 0.356369
vt 0.754362 0.348225
vt 0.665782 0.168011
vt 0.670343 0.163745
vt 0.673336 0.154411
vt 0.673455 0.160385
vt 0.744816 0.356850
vt 0.667838 0.159271
vt 0.739194 0.362680
vt 0.624841 0.287741
vt 0.605223 0.366240
vt 0.678087 0.162306
vt 0.635571 0.275934
vt 0.676540 0.165314
vt 0.666875 0.190463
vt 0.631158 0.280168
vt 0.633847 0.281828
vt 0.674322 0.169468
vt 0.598285 0.368515
vt 0.746570 0.371838
vt 0.632047 0.284380
vt 0.683650 0.168383
vt 0.675011 0.178275
vt 0.755984 0.370124
vt 0.599949 0.374928
vt 0.635758 0.289739
vt 0.614461 0.355289
vt 0.638312 0.288863
vt 0.641746 0.274091
vt 0.767076 0.374974
vt 0.770051 0.368177
vt 0.758420 0.345849
vt 0.631988 0.360805
vt 0.761096 0.349312
vt 0.774669 0.365533
vt 0.800857 0.338908
vt 0.680078 0.186713
vt 0.684913 0.189047
vt 0.682689 0.191230
vt 0.673443 0.196719
vt 0.683788 0.199161
vt 0.646721 0.282610
vt 0.657194 0.196535
vt 0.712182 0.393293
vt 0.713904 0.408694
vt 0.718412 0.390447
vt 0.653489 0.208860
vt 0.721970 0.394474
vt 0.716526 0.401221
vt 0.660017 0.208379
vt 0.732333 0.386524
vt 0.669329 0.203439
vt 0.741838 0.383800
vt 0.611765 0.292208
vt 0.724649 0.391263
vt 0.734093 0.390488
vt 0.734415 0.393640
vt 0.622807 0.302302
vt 0.626357 0.295319
vt 0.740125 0.391674
vt 0.731958 0.402040
vt 0.439502 0.011264
vt 0.745052 0.399868
vt 0.716887 0.407797
vt 0.725593 0.406459
vt 0.722567 0.415341
vt 0.611855 0.301641
vt 0.693873 0.144990
vt 0.697231 0.143381
vt 0.702417 0.145885
vt 0.698590 0.148342
vt 0.744823 0.395918
vt 0.683493 0.152566
vt 0.739986 0.411703
vt 0.727595 0.416109
vt 0.660300 0.339684
vt 0.690897 0.148495
vt 0.739931 0.418556
vt 0.733723 0.419608
vt 0.672241 0.339315
vt 0.689633 0.154787
vt 0.686146 0.157303
vt 0.632338 0.290142
vt 0.745600 0.416860
vt 0.694214 0.156512
vt 0.698648 0.154381
vt 0.702341 0.152211
vt 0.688359 0.165313
vt 0.631412 0.299202
vt 0.536672 0.394810
vt 0.633367 0.298572
vt 0.692835 0.171122
vt 0.755935 0.380251
vt 0.642821 0.290643
vt 0.695654 0.161490
vt 0.748812 0.391852
vt 0.636023 0.302481
vt 0.754605 0.389599
vt 0.704663 0.163051
vt 0.704938 0.159852
vt 0.699751 0.168670
vt 0.753632 0.393607
vt 0.764498 0.386281
vt 0.631125 0.310811
vt 0.760069 0.394833
vt 0.634047 0.306476
vt 0.633252 0.311305
vt 0.568696 0.420051
vt 0.705393 0.144071
vt 0.431377 0.010263
vt 0.423182 0.011876
vt 0.639074 0.303493
vt 0.571863 0.405090
vt 0.636471 0.313023
vt 0.711401 0.144732
vt 0.425352 0.009783
vt 0.717784 0.156752
vt 0.718877 0.144454
vt 0.417885 0.009971
vt 0.717256 0.162847
vt 0.772024 0.389007
vt 0.778611 0.378756
vt 0.782553 0.373401
vt 0.651868 0.299700
vt 0.412430 0.010846
vt 0.724321 0.143573
vt 0.726910 0.152172
vt 0.751193 0.401603
vt 0.755813 0.398114
vt 0.764790 0.394628
vt 0.771225 0.395283
vt 0.752062 0.419633
vt 0.645429 0.312696
vt 0.770489 0.415848
vt 0.768108 0.420282
vt 0.688989 0.181291
vt 0.687535 0.184178
vt 0.776716 0.402275
vt 0.696281 0.177574
vt 0.705798 0.176140
vt 0.696984 0.181474
vt 0.703837 0.180790
vt 0.555466 0.310912
vt 0.775700 0.396948
vt 0.580030 0.419334
vt 0.783856 0.392336
vt 0.790615 0.388181
vt 0.565877 0.301936
vt 0.780517 0.398631
vt 0.783445 0.401550
vt 0.790758 0.392590
vt 0.576088 0.430484
vt 0.789621 0.400551
vt 0.712337 0.170889
vt 0.733927 0.168296
vt 0.730172 0.161167
vt 0.726446 0.173494
vt 0.713713 0.183230
vt 0.714595 0.180239
vt 0.720011 0.182009
vt 0.735596 0.183002
vt 0.720365 0.416130
vt 0.716561 0.425190
vt 0.660274 0.217025
vt 0.662454 0.213621
vt 0.728164 0.420434
vt 0.677594 0.224451
vt 0.563227 0.453517
vt 0.672214 0.230012
vt 0.676282 0.214690
vt 0.679928 0.207195
vt 0.632620 0.368520
vt 0.633749 0.359099
vt 0.682357 0.211434
vt 0.668298 0.235382
vt 0.663717 0.250528
vt 0.666749 0.246628
vt 0.674266 0.257008
vt 0.613894 0.320337
vt 0.617783 0.333667
vt 0.621086 0.347272
vt 0.624444 0.329034
vt 0.632747 0.351628
vt 0.632105 0.318213
vt 0.634911 0.318617
vt 0.633544 0.321897
vt 0.635886 0.323512
vt 0.640689 0.320203
vt 0.632167 0.326467
vt 0.633966 0.330833
vt 0.642310 0.332117
vt 0.632831 0.337213
vt 0.636591 0.339824
vt 0.655266 0.320201
vt 0.650166 0.325248
vt 0.658910 0.326614
vt 0.669315 0.332783
vt 0.634274 0.346456
vt 0.674751 0.265394
vt 0.099650 0.185306
vt 0.080754 0.182257
vt 0.110308 0.181250
vt 0.294792 0.284515
vt 0.290331 0.266898
vt 0.312734 0.273211
vt 0.896324 0.167916
vt 0.891109 0.163388
vt 0.900396 0.162497
vt 0.902365 0.177736
vt 0.885507 0.174303
vt 0.116406 0.171664
vt 0.115004 0.185050
vt 0.363132 0.111754
vt 0.292156 0.281857
vt 0.288579 0.272653
vt 0.240958 0.029904
vt 0.223255 0.027052
vt 0.239918 0.014274
vt 0.285268 0.275804
vt 0.282567 0.270631
vt 0.312449 0.152698
vt 0.317157 0.162362
vt 0.305836 0.158591
vt 0.307849 0.161479
vt 0.107331 0.188671
vt 0.358071 0.139956
vt 0.354051 0.128991
vt 0.225927 0.013775
vt 0.083345 0.185202
vt 0.104381 0.196904
vt 0.094552 0.195760
vt 0.092074 0.189063
vt 0.348442 0.147162
vt 0.350521 0.143214
vt 0.359238 0.146468
vt 0.354246 0.150526
vt 0.297606 0.302722
vt 0.242647 0.010249
vt 0.894030 0.143208
vt 0.898930 0.144890
vt 0.891393 0.146904
vt 0.235389 0.010752
vt 0.901328 0.142700
vt 0.901919 0.148775
vt 0.225766 0.010573
vt 0.910969 0.142995
vt 0.892423 0.153556
vt 0.076903 0.161796
vt 0.906262 0.145319
vt 0.331402 0.146737
vt 0.340015 0.142774
vt 0.912207 0.151153
vt 0.349048 0.138958
vt 0.067270 0.182266
vt 0.073658 0.187509
vt 0.068364 0.184970
vt 0.329067 0.138592
vt 0.208872 0.022001
vt 0.084723 0.196364
vt 0.078302 0.188152
vt 0.203636 0.013738
vt 0.213529 0.010220
vt 0.923304 0.143381
vt 0.363828 0.121365
vt 0.915933 0.145734
vt 0.073789 0.193892
vt 0.068305 0.194061
vt 0.071359 0.196873
vt 0.064159 0.190492
vt 0.125020 0.190114
vt 0.917967 0.149695
vt 0.116626 0.201463
vt 0.290284 0.283679
vt 0.914423 0.156196
vt 0.286636 0.287968
vt 0.259665 0.278223
vt 0.101440 0.207890
vt 0.278971 0.281515
vt 0.124412 0.214108
vt 0.903831 0.157601
vt 0.895237 0.157582
vt 0.106177 0.204089
vt 0.352838 0.107171
vt 0.360133 0.099713
vt 0.892198 0.160254
vt 0.104578 0.211912
vt 0.290364 0.294064
vt 0.908711 0.158606
vt 0.905272 0.163984
vt 0.292576 0.301380
vt 0.903680 0.168730
vt 0.102431 0.215866
vt 0.090267 0.207751
vt 0.909602 0.164747
vt 0.289767 0.303112
vt 0.282704 0.303998
vt 0.318391 0.127408
vt 0.278842 0.293520
vt 0.279974 0.296981
vt 0.920203 0.154313
vt 0.912952 0.161908
vt 0.310027 0.139587
vt 0.271131 0.258012
vt 0.281074 0.249177
vt 0.285960 0.260486
vt 0.926874 0.156053
vt 0.921835 0.161806
vt 0.273676 0.266901
vt 0.918559 0.166967
vt 0.079382 0.202557
vt 0.255092 0.244093
vt 0.073659 0.202899
vt 0.068940 0.207262
vt 0.207423 0.059800
vt 0.188264 0.063420
vt 0.280174 0.107284
vt 0.069423 0.214637
vt 0.201168 0.053591
vt 0.207208 0.057329
vt 0.194295 0.054956
vt 0.188438 0.058392
vt 0.083835 0.219919
vt 0.188632 0.054455
vt 0.192520 0.051274
vt 0.076582 0.215904
vt 0.261409 0.267256
vt 0.196705 0.045044
vt 0.213044 0.046364
vt 0.201502 0.040305
vt 0.197262 0.040288
vt 0.181962 0.055155
vt 0.178728 0.057822
vt 0.174900 0.063873
vt 0.303919 0.117689
vt 0.174441 0.052251
vt 0.179854 0.040263
vt 0.192853 0.036920
vt 0.354863 0.157984
vt 0.342608 0.156511
vt 0.215365 0.035921
vt 0.351059 0.165134
vt 0.243710 0.228516
vt 0.173956 0.058315
vt 0.174857 0.054894
vt 0.171102 0.057983
vt 0.208786 0.029439
vt 0.336895 0.160856
vt 0.199276 0.030620
vt 0.168743 0.048014
vt 0.172353 0.038093
vt 0.169653 0.055723
vt 0.165141 0.058648
vt 0.165141 0.058648
vt 0.349539 0.169145
vt 0.243183 0.267312
vt 0.198899 0.026611
vt 0.341540 0.167837
vt 0.352216 0.172523
vt 0.168153 0.039160
vt 0.226383 0.253292
vt 0.342230 0.174143
vt 0.197902 0.023788
vt 0.158049 0.057636
vt 0.336389 0.164676
vt 0.157609 0.047205
vt 0.331981 0.168848
vt 0.157227 0.037799
vt 0.330938 0.150879
vt 0.165010 0.027472
vt 0.186188 0.029550
vt 0.155104 0.057721
vt 0.154129 0.045484
vt 0.318993 0.146599
vt 0.271147 0.284324
vt 0.261471 0.283600
vt 0.178151 0.029291
vt 0.191507 0.025477
vt 0.314776 0.141940
vt 0.188001 0.019506
vt 0.265024 0.289815
vt 0.252375 0.287764
vt 0.172416 0.017985
vt 0.323259 0.161218
vt 0.326137 0.170716
vt 0.273785 0.300912
vt 0.321013 0.172465
vt 0.177249 0.009088
vt 0.257813 0.290933
vt 0.310779 0.147109
vt 0.303441 0.146740
vt 0.301220 0.143287
vt 0.167870 0.011009
vt 0.970453 0.145485
vt 0.157359 0.019467
vt 0.296656 0.146907
vt 0.934298 0.144223
vt 0.202720 0.009524
vt 0.295101 0.158360
vt 0.293334 0.139662
vt 0.292752 0.143355
vt 0.049417 0.157521
vt 0.054658 0.181990
vt 0.930224 0.149077
vt 0.290374 0.150318
vt 0.285497 0.145928
vt 0.238993 0.278977
vt 0.044914 0.177295
vt 0.284406 0.154193
vt 0.937252 0.156642
vt 0.943539 0.155696
vt 0.928819 0.160002
vt 0.934471 0.163726
vt 0.945304 0.160200
vt 0.930728 0.155736
vt 0.936751 0.154130
vt 0.946907 0.157866
vt 0.939945 0.168846
vt 0.949035 0.166746
vt 0.271948 0.146277
vt 0.280181 0.148522
vt 0.942262 0.144257
vt 0.194977 0.009682
vt 0.276948 0.139494
vt 0.946318 0.171616
vt 0.270043 0.130870
vt 0.275297 0.151861
vt 0.947593 0.181602
vt 0.956447 0.173069
vt 0.228509 0.277206
vt 0.188270 0.009619
vt 0.949238 0.144715
vt 0.925905 0.167098
vt 0.264623 0.140263
vt 0.944513 0.149117
vt 0.932196 0.167098
vt 0.928149 0.171753
vt 0.924557 0.173825
vt 0.921687 0.174126
vt 0.934983 0.167513
vt 0.930752 0.175063
vt 0.934621 0.173218
vt 0.921664 0.179323
vt 0.927455 0.180920
vt 0.940722 0.153671
vt 0.948056 0.153099
vt 0.931877 0.179732
vt 0.930814 0.185379
vt 0.943240 0.184864
vt 0.294431 0.306595
vt 0.960509 0.146031
vt 0.959086 0.150359
vt 0.289967 0.315394
vt 0.291348 0.309173
vt 0.961868 0.152966
vt 0.954776 0.157171
vt 0.963478 0.156936
vt 0.950753 0.154354
vt 0.318062 0.165438
vt 0.316560 0.170145
vt 0.308009 0.165603
vt 0.954983 0.165285
vt 0.954403 0.160309
vt 0.312803 0.172039
vt 0.957387 0.163164
vt 0.310146 0.176720
vt 0.963125 0.160407
vt 0.966845 0.147779
vt 0.285039 0.323304
vt 0.343785 0.177873
vt 0.345118 0.181369
vt 0.971345 0.148652
vt 0.967255 0.152607
vt 0.967255 0.152607
vt 0.285817 0.306863
vt 0.342858 0.187399
vt 0.340332 0.190525
vt 0.970145 0.156620
vt 0.974551 0.153185
vt 0.280556 0.310421
vt 0.280545 0.095794
vt 0.953092 0.167961
vt 0.962010 0.168541
vt 0.960755 0.162722
vt 0.278312 0.305398
vt 0.265825 0.303453
vt 0.268019 0.309464
vt 0.331872 0.177880
vt 0.327227 0.180671
vt 0.963178 0.175522
vt 0.966187 0.160086
vt 0.970058 0.166266
vt 0.977367 0.159755
vt 0.970903 0.161117
vt 0.978022 0.163844
vt 0.269499 0.318333
vt 0.262592 0.311719
vt 0.347131 0.190091
vt 0.345110 0.193918
vt 0.950814 0.184032
vt 0.954392 0.178828
vt 0.960001 0.185203
vt 0.953805 0.192471
vt 0.936384 0.183851
vt 0.937267 0.187305
vt 0.930035 0.191904
vt 0.337375 0.200224
vt 0.336765 0.192293
vt 0.943229 0.196027
vt 0.328417 0.190273
vt 0.263268 0.335392
vt 0.947053 0.188797
vt 0.950412 0.195821
vt 0.938677 0.196102
vt 0.933303 0.198505
vt 0.946858 0.202908
vt 0.264732 0.326591
vt 0.325055 0.176076
vt 0.296539 0.130016
vt 0.316964 0.175887
vt 0.960087 0.198115
vt 0.957431 0.178499
vt 0.247248 0.293681
vt 0.963028 0.182024
vt 0.965431 0.178428
vt 0.325481 0.185040
vt 0.319940 0.179674
vt 0.260715 0.297316
vt 0.968195 0.183400
vt 0.972186 0.173599
vt 0.323167 0.192361
vt 0.977464 0.170350
vt 0.976225 0.180371
vt 0.258115 0.302212
vt 0.969525 0.179018
vt 0.280086 0.121985
vt 0.245541 0.297944
vt 0.259802 0.306191
vt 0.270699 0.121542
vt 0.960178 0.192209
vt 0.311502 0.186407
vt 0.304123 0.179067
vt 0.966988 0.193498
vt 0.974240 0.186426
vt 0.252182 0.303636
vt 0.983950 0.180423
vt 0.253607 0.310231
vt 0.339363 0.210259
vt 0.332483 0.204515
vt 0.973518 0.196572
vt 0.337172 0.205895
vt 0.244615 0.305646
vt 0.237206 0.305840
vt 0.329266 0.198168
vt 0.331726 0.194808
vt 0.238097 0.293339
vt 0.153618 0.034390
vt 0.153216 0.024362
vt 0.149903 0.022387
vt 0.023605 0.148602
vt 0.062711 0.143767
vt 0.149749 0.061465
vt 0.150240 0.047995
vt 0.049489 0.144386
vt 0.243073 0.294716
vt 0.233519 0.292176
vt 0.041354 0.144933
vt 0.150345 0.039926
vt 0.047306 0.146824
vt 0.051857 0.147531
vt 0.325522 0.204815
vt 0.320245 0.198482
vt 0.044230 0.147437
vt 0.040705 0.147569
vt 0.045555 0.150453
vt 0.221787 0.289876
vt 0.036509 0.149188
vt 0.055587 0.152231
vt 0.062436 0.147652
vt 0.044094 0.154621
vt 0.379908 0.078046
vt 0.236991 0.297039
vt 0.149908 0.033008
vt 0.034417 0.146151
vt 0.036073 0.154248
vt 0.333011 0.210795
vt 0.229661 0.299766
vt 0.030886 0.149793
vt 0.368321 0.090627
vt 0.237065 0.301313
vt 0.228144 0.294879
vt 0.039570 0.156568
vt 0.029270 0.156987
vt 0.032025 0.159598
vt 0.224964 0.302181
vt 0.330384 0.208372
vt 0.327480 0.207629
vt 0.328161 0.211494
vt 0.325809 0.208671
vt 0.321542 0.207313
vt 0.158766 0.009890
vt 0.979362 0.148289
vt 0.320697 0.212207
vt 0.015966 0.150869
vt 0.150796 0.014758
vt 0.359720 0.092207
vt 0.382939 0.076214
vt 0.982196 0.150226
vt 0.151840 0.010375
vt 0.012102 0.153306
vt 0.986136 0.149784
vt 0.027245 0.153545
vt 0.309210 0.192216
vt 0.255865 0.317726
vt 0.024071 0.159304
vt 0.021768 0.157200
vt 0.025289 0.162439
vt 0.985628 0.156717
vt 0.013341 0.160232
vt 0.977741 0.156029
vt 0.015954 0.156659
vt 0.310344 0.195662
vt 0.382549 0.057172
vt 0.017873 0.162336
vt 0.310527 0.200658
vt 0.017974 0.159018
vt 0.304169 0.187370
vt 0.018014 0.165299
vt 0.987724 0.166039
vt 0.014429 0.169262
vt 0.986319 0.161524
vt 0.012892 0.164931
vt 0.367691 0.074002
vt 0.373763 0.069775
vt 0.983230 0.160599
vt 0.024503 0.150925
vt 0.017384 0.152320
vt 0.240803 0.324136
vt 0.370945 0.061724
vt 0.234223 0.312345
vt 0.045270 0.164506
vt 0.042366 0.166913
vt 0.313874 0.206211
vt 0.317621 0.208306
vt 0.312751 0.213843
vt 0.312559 0.209843
vt 0.229835 0.326320
vt 0.240158 0.352137
vt 0.037685 0.173681
vt 0.354910 0.084909
vt 0.358744 0.075150
vt 0.297105 0.195106
vt 0.324700 0.088292
vt 0.028895 0.168542
vt 0.299373 0.208378
vt 0.296117 0.203840
vt 0.017645 0.171408
vt 0.299047 0.162428
vt 0.219075 0.308242
vt 0.359816 0.065049
vt 0.209134 0.314739
vt 0.013560 0.174566
vt 0.987117 0.171455
vt 0.031661 0.180808
vt 0.298448 0.170357
vt 0.042413 0.181185
vt 0.360721 0.056831
vt 0.045937 0.186976
vt 0.332383 0.084696
vt 0.014668 0.187787
vt 0.284240 0.159831
vt 0.292025 0.167399
vt 0.286679 0.165378
vt 0.333870 0.057217
vt 0.299828 0.174924
vt 0.336770 0.066444
vt 0.292601 0.172362
vt 0.983279 0.165801
vt 0.293141 0.178437
vt 0.983231 0.174423
vt 0.400946 0.020299
vt 0.284275 0.171690
vt 0.013964 0.180150
vt 0.987571 0.177084
vt 0.290338 0.178190
vt 0.987855 0.185569
vt 0.020436 0.196791
vt 0.983538 0.188910
vt 0.381671 0.017331
vt 0.278667 0.157323
vt 0.059672 0.185825
vt 0.278118 0.161520
vt 0.053235 0.185113
vt 0.060012 0.196882
vt 0.054797 0.189877
vt 0.272458 0.157566
vt 0.287839 0.366473
vt 0.269986 0.162524
vt 0.386453 0.053576
vt 0.393204 0.053459
vt 0.266956 0.152655
vt 0.393569 0.049439
vt 0.262566 0.146656
vt 0.226853 0.232924
vt 0.369742 0.053679
vt 0.371654 0.056776
vt 0.279978 0.170211
vt 0.201851 0.230364
vt 0.210844 0.221044
vt 0.275818 0.167209
vt 0.046152 0.196962
vt 0.276540 0.173230
vt 0.283269 0.180481
vt 0.052698 0.203855
vt 0.058218 0.205272
vt 0.360470 0.040148
vt 0.044150 0.206649
vt 0.257166 0.167218
vt 0.258977 0.161366
vt 0.192169 0.230489
vt 0.191807 0.220837
vt 0.208332 0.256223
vt 0.030275 0.206831
vt 0.367425 0.029013
vt 0.292449 0.187231
vt 0.199022 0.244086
vt 0.289912 0.190806
vt 0.357774 0.053358
vt 0.190103 0.241458
vt 0.025154 0.211021
vt 0.195741 0.253278
vt 0.061032 0.209959
vt 0.279807 0.186170
vt 0.283079 0.189611
vt 0.280517 0.191131
vt 0.291860 0.197590
vt 0.051021 0.211423
vt 0.058299 0.216989
vt 0.283251 0.199796
vt 0.335204 0.053731
vt 0.341813 0.042930
vt 0.280979 0.202047
vt 0.273902 0.200245
vt 0.267667 0.177534
vt 0.368321 0.018598
vt 0.269247 0.183665
vt 0.045034 0.212453
vt 0.032694 0.212335
vt 0.250169 0.171375
vt 0.371643 0.012985
vt 0.044892 0.216005
vt 0.250844 0.177755
vt 0.261404 0.183113
vt 0.265422 0.182209
vt 0.030742 0.215071
vt 0.352856 0.021721
vt 0.268284 0.186197
vt 0.270087 0.193072
vt 0.274877 0.192051
vt 0.359458 0.011844
vt 0.033264 0.254653
vt 0.217426 0.272235
vt 0.263336 0.189365
vt 0.260632 0.194625
vt 0.253250 0.182285
vt 0.031948 0.232409
vt 0.254784 0.189639
vt 0.962463 0.211213
vt 0.291542 0.205778
vt 0.331608 0.048549
vt 0.346049 0.032338
vt 0.945117 0.243037
vt 0.335919 0.225510
vt 0.335416 0.027022
vt 0.184509 0.268301
vt 0.324085 0.224780
vt 0.964172 0.205596
vt 0.330134 0.227267
vt 0.959871 0.232211
vt 0.318530 0.032328
vt 0.175779 0.229529
vt 0.963041 0.200739
vt 0.300271 0.223285
vt 0.972710 0.205325
vt 0.966552 0.210727
vt 0.169714 0.222188
vt 0.177686 0.210037
vt 0.981181 0.193368
vt 0.976453 0.195792
vt 0.345750 0.010427
vt 0.984158 0.197476
vt 0.184637 0.234811
vt 0.784419 0.143696
vt 0.352277 0.010219
vt 0.972497 0.214492
vt 0.180161 0.240538
vt 0.015819 0.219146
vt 0.346469 0.020156
vt 0.311821 0.237633
vt 0.980083 0.208290
vt 0.983879 0.205528
vt 0.987646 0.199911
vt 0.013737 0.202851
vt 0.987392 0.205778
vt 0.013547 0.208721
vt 0.167191 0.208692
vt 0.158558 0.217741
vt 0.790941 0.143397
vt 0.012792 0.215530
vt 0.986805 0.212589
vt 0.984393 0.228042
vt 0.796950 0.150827
vt 0.151060 0.210622
vt 0.329090 0.013241
vt 0.337862 0.010054
vt 0.798834 0.143506
vt 0.966764 0.223665
vt 0.968538 0.233149
vt 0.304716 0.213746
vt 0.303796 0.217868
vt 0.164524 0.231594
vt 0.953467 0.239587
vt 0.156885 0.226561
vt 0.325560 0.018512
vt 0.300946 0.211861
vt 0.293161 0.209780
vt 0.295600 0.210944
vt 0.331037 0.010460
vt 0.805657 0.143068
vt 0.148286 0.222560
vt 0.964997 0.231370
vt 0.948293 0.246092
vt 0.295480 0.215041
vt 0.147922 0.231819
vt 0.957286 0.240628
vt 0.808410 0.145047
vt 0.322991 0.010456
vt 0.813698 0.143024
vt 0.948289 0.249143
vt 0.953852 0.245061
vt 0.815424 0.148876
vt 0.960438 0.241103
vt 0.960202 0.235675
vt 0.316602 0.010227
vt 0.820081 0.143343
vt 0.965261 0.246862
vt 0.176055 0.247200
vt 0.956780 0.251916
vt 0.289446 0.235639
vt 0.024394 0.220857
vt 0.027513 0.216131
vt 0.026738 0.227654
vt 0.982306 0.226985
vt 0.172020 0.262211
vt 0.013118 0.226445
vt 0.987298 0.223472
vt 0.019737 0.227542
vt 0.023678 0.233216
vt 0.156693 0.251056
vt 0.026497 0.240603
vt 0.013489 0.237103
vt 0.987701 0.234149
vt 0.320242 0.081629
vt 0.015039 0.230263
vt 0.158336 0.236275
vt 0.983873 0.236866
vt 0.160353 0.243809
vt 0.152907 0.242863
vt 0.157178 0.241822
vt 0.148071 0.237980
vt 0.980187 0.239726
vt 0.145302 0.247988
vt 0.148569 0.246963
vt 0.144948 0.233531
vt 0.310737 0.257893
vt 0.987454 0.239715
vt 0.013254 0.242698
vt 0.139619 0.243792
vt 0.136619 0.252619
vt 0.148191 0.253273
vt 0.316895 0.053397
vt 0.987936 0.192519
vt 0.014060 0.195512
vt 0.143750 0.255540
vt 0.302980 0.057258
vt 0.220285 0.284400
vt 0.216090 0.281896
vt 0.289761 0.257431
vt 0.147967 0.213530
vt 0.148720 0.201113
vt 0.145278 0.209098
vt 0.145412 0.199576
vt 0.140906 0.203149
vt 0.136547 0.214321
vt 0.132981 0.209282
vt 0.208723 0.285399
vt 0.144758 0.215637
vt 0.201490 0.283887
vt 0.140334 0.217342
vt 0.215672 0.289052
vt 0.272970 0.086338
vt 0.134170 0.217625
vt 0.129511 0.216282
vt 0.221244 0.296949
vt 0.217922 0.291947
vt 0.127194 0.224324
vt 0.214081 0.297320
vt 0.145125 0.220375
vt 0.144349 0.225788
vt 0.138355 0.227690
vt 0.210325 0.290507
vt 0.206661 0.290770
vt 0.202788 0.288578
vt 0.206038 0.294167
vt 0.204861 0.297696
vt 0.134162 0.228800
vt 0.129615 0.232972
vt 0.191036 0.276693
vt 0.285117 0.242710
vt 0.286037 0.251375
vt 0.315533 0.039405
vt 0.134466 0.233869
vt 0.134391 0.242273
vt 0.274172 0.206031
vt 0.133740 0.250375
vt 0.264028 0.198869
vt 0.306984 0.042918
vt 0.268807 0.202733
vt 0.290566 0.053835
vt 0.181198 0.277402
vt 0.267588 0.209152
vt 0.262138 0.206131
vt 0.259527 0.202806
vt 0.195339 0.289321
vt 0.190079 0.285092
vt 0.250708 0.193374
vt 0.197742 0.294589
vt 0.254827 0.199841
vt 0.190854 0.291244
vt 0.308568 0.033708
vt 0.307935 0.037274
vt 0.181565 0.285621
vt 0.301445 0.033972
vt 0.275114 0.211035
vt 0.179577 0.291717
vt 0.304113 0.026304
vt 0.257692 0.209068
vt 0.261535 0.211848
vt 0.204563 0.303858
vt 0.271453 0.216092
vt 0.812673 0.154302
vt 0.265091 0.220888
vt 0.250631 0.216291
vt 0.248820 0.205169
vt 0.247224 0.199557
vt 0.251199 0.209138
vt 0.821079 0.157893
vt 0.826274 0.155514
vt 0.246378 0.210864
vt 0.258107 0.218949
vt 0.187040 0.327030
vt 0.184353 0.311467
vt 0.205379 0.325504
vt 0.262140 0.130614
vt 0.259777 0.139215
vt 0.247896 0.134477
vt 0.261074 0.123364
vt 0.238979 0.124075
vt 0.241905 0.216854
vt 0.070244 0.268221
vt 0.193761 0.297307
vt 0.187044 0.298847
vt 0.129731 0.248924
vt 0.278180 0.114920
vt 0.271485 0.114755
vt 0.290024 0.213890
vt 0.179812 0.297338
vt 0.177667 0.296360
vt 0.283654 0.207623
vt 0.261897 0.103540
vt 0.260231 0.114087
vt 0.287082 0.218998
vt 0.177214 0.301037
vt 0.277985 0.219498
vt 0.178254 0.305515
vt 0.174424 0.305611
vt 0.286950 0.232233
vt 0.171763 0.329683
vt 0.158254 0.263138
vt 0.161622 0.273460
vt 0.148647 0.269784
vt 0.148778 0.261614
vt 0.267521 0.100357
vt 0.281953 0.226937
vt 0.284834 0.224993
vt 0.146276 0.262223
vt 0.098866 0.296775
vt 0.284480 0.236575
vt 0.279523 0.232345
vt 0.144166 0.266588
vt 0.141211 0.265858
vt 0.133202 0.257870
vt 0.270422 0.230142
vt 0.151984 0.290207
vt 0.148411 0.287487
vt 0.144876 0.274545
vt 0.261299 0.086245
vt 0.145667 0.279536
vt 0.266187 0.079340
vt 0.170314 0.278378
vt 0.178827 0.281785
vt 0.234522 0.100197
vt 0.176698 0.285922
vt 0.164888 0.285071
vt 0.137447 0.270082
vt 0.133425 0.270902
vt 0.212086 0.067985
vt 0.129008 0.276137
vt 0.136567 0.279627
vt 0.132934 0.278797
vt 0.258696 0.152423
vt 0.249456 0.146481
vt 0.207208 0.102889
vt 0.245329 0.149897
vt 0.254878 0.155810
vt 0.175462 0.294108
vt 0.173322 0.289976
vt 0.250714 0.141556
vt 0.241343 0.143221
vt 0.240555 0.139730
vt 0.166066 0.298215
vt 0.247008 0.154255
vt 0.239630 0.145584
vt 0.163633 0.303311
vt 0.167995 0.306867
vt 0.170821 0.310118
vt 0.160983 0.308630
vt 0.154870 0.300541
vt 0.247275 0.164188
vt 0.241362 0.161350
vt 0.239137 0.154338
vt 0.189722 0.078450
vt 0.145765 0.291905
vt 0.143370 0.288698
vt 0.232510 0.155869
vt 0.226544 0.150130
vt 0.032066 0.279682
vt 0.214540 0.157144
vt 0.215627 0.147860
vt 0.139768 0.287957
vt 0.133359 0.283654
vt 0.232845 0.147099
vt 0.129465 0.289772
vt 0.234054 0.150960
vt 0.232499 0.144582
vt 0.133716 0.290242
vt 0.148955 0.296259
vt 0.221090 0.135345
vt 0.281621 0.057509
vt 0.143925 0.301494
vt 0.149450 0.306046
vt 0.145630 0.305734
vt 0.225874 0.145640
vt 0.138153 0.302996
vt 0.222080 0.141650
vt 0.133997 0.305729
vt 0.129102 0.309295
vt 0.226709 0.139040
vt 0.269104 0.066338
vt 0.949274 0.258156
vt 0.958883 0.256547
vt 0.214762 0.140118
vt 0.951153 0.262713
vt 0.967128 0.257482
vt 0.985097 0.254868
vt 0.952935 0.269452
vt 0.950590 0.268129
vt 0.300469 0.037267
vt 0.967840 0.272907
vt 0.228546 0.160699
vt 0.099237 0.326974
vt 0.282098 0.054308
vt 0.215504 0.145334
vt 0.270116 0.057694
vt 0.271665 0.054405
vt 0.030292 0.248201
vt 0.275270 0.051577
vt 0.941327 0.254193
vt 0.274789 0.040549
vt 0.246252 0.172556
vt 0.942445 0.260420
vt 0.015892 0.242549
vt 0.019848 0.254020
vt 0.988772 0.248360
vt 0.014217 0.251320
vt 0.261461 0.066320
vt 0.025000 0.252400
vt 0.258090 0.059953
vt 0.263303 0.057487
vt 0.250691 0.056510
vt 0.027171 0.254706
vt 0.228451 0.170118
vt 0.247128 0.184310
vt 0.261966 0.054018
vt 0.268536 0.047043
vt 0.024293 0.260198
vt 0.019738 0.259745
vt 0.239089 0.183788
vt 0.985007 0.247278
vt 0.162437 0.109296
vt 0.186000 0.134434
vt 0.163345 0.133828
vt 0.228888 0.176305
vt 0.182632 0.102737
vt 0.262789 0.037836
vt 0.987071 0.251904
vt 0.988873 0.257172
vt 0.014447 0.260134
vt 0.248363 0.038355
vt 0.151558 0.110379
vt 0.151435 0.103490
vt 0.159217 0.103989
vt 0.173226 0.146663
vt 0.173580 0.148390
vt 0.160546 0.148955
vt 0.985114 0.260348
vt 0.214094 0.167054
vt 0.158534 0.146961
vt 0.165071 0.139566
vt 0.977724 0.268203
vt 0.221763 0.172148
vt 0.959499 0.281791
vt 0.211889 0.175802
vt 0.149954 0.139434
vt 0.149078 0.147002
vt 0.247472 0.064035
vt 0.974317 0.279339
vt 0.160289 0.128595
vt 0.150395 0.126401
vt 0.173167 0.152826
vt 0.163850 0.155764
vt 0.171969 0.155363
vt 0.249342 0.062356
vt 0.152886 0.150338
vt 0.166298 0.160271
vt 0.160513 0.157636
vt 0.251508 0.052572
vt 0.154848 0.157391
vt 0.149836 0.150054
vt 0.976146 0.287832
vt 0.144680 0.139706
vt 0.137768 0.148213
vt 0.148311 0.153815
vt 0.010519 0.292707
vt 0.985356 0.289732
vt 0.010887 0.280815
vt 0.985719 0.277890
vt 0.293067 0.035672
vt 0.150510 0.156795
vt 0.145448 0.148442
vt 0.144453 0.153038
vt 0.142114 0.155373
vt 0.027161 0.263049
vt 0.022600 0.266593
vt 0.281291 0.030577
vt 0.023901 0.274766
vt 0.283698 0.026759
vt 0.159566 0.116678
vt 0.211805 0.152229
vt 0.205472 0.148490
vt 0.195545 0.145842
vt 0.202781 0.153975
vt 0.195836 0.139772
vt 0.027184 0.284649
vt 0.306194 0.013368
vt 0.195283 0.147643
vt 0.985939 0.266370
vt 0.989923 0.265287
vt 0.015375 0.268248
vt 0.828234 0.143725
vt 0.308443 0.010037
vt 0.128504 0.146025
vt 0.146764 0.129646
vt 0.130745 0.147101
vt 0.987320 0.262725
vt 0.834522 0.143577
vt 0.302166 0.010307
vt 0.127981 0.151230
vt 0.135151 0.151588
vt 0.135213 0.154265
vt 0.013423 0.274715
vt 0.988177 0.271754
vt 0.984213 0.271042
vt 0.126885 0.155175
vt 0.015661 0.271735
vt 0.135661 0.159062
vt 0.832040 0.152148
vt 0.122122 0.144496
vt 0.148086 0.123016
vt 0.120987 0.147186
vt 0.114043 0.144234
vt 0.148472 0.114776
vt 0.833870 0.157886
vt 0.124839 0.148838
vt 0.116842 0.148461
vt 0.018767 0.286898
vt 0.293108 0.010200
vt 0.850388 0.143681
vt 0.014220 0.286219
vt 0.148690 0.107713
vt 0.107105 0.143822
vt 0.281741 0.017436
vt 0.098650 0.147831
vt 0.149305 0.098368
vt 0.097850 0.143417
vt 0.012858 0.289376
vt 0.110205 0.147675
vt 0.286296 0.010171
vt 0.846542 0.153419
vt 0.108454 0.149147
vt 0.111771 0.156886
vt 0.122526 0.151368
vt 0.115916 0.152698
vt 0.119558 0.158971
vt 0.116484 0.157186
vt 0.838187 0.163364
vt 0.852166 0.162468
vt 0.100916 0.156484
vt 0.272629 0.023234
vt 0.116892 0.163317
vt 0.109739 0.164473
vt 0.185366 0.089653
vt 0.258941 0.016173
vt 0.259903 0.020785
vt 0.162941 0.089336
vt 0.857917 0.143759
vt 0.278788 0.009988
vt 0.861696 0.155718
vt 0.872797 0.143404
vt 0.263895 0.010286
vt 0.865410 0.148305
vt 0.871463 0.147675
vt 0.854534 0.167146
vt 0.868345 0.162926
vt 0.170532 0.073577
vt 0.871857 0.166919
vt 0.202444 0.158309
vt 0.206093 0.162825
vt 0.860107 0.171671
vt 0.878560 0.168220
vt 0.866388 0.176392
vt 0.879379 0.174194
vt 0.195322 0.163166
vt 0.045155 0.338837
vt 0.062663 0.338409
vt 0.192959 0.153981
vt 0.188197 0.147503
vt 0.196109 0.159468
vt 0.154002 0.094037
vt 0.159693 0.086169
vt 0.184873 0.156681
vt 0.204487 0.168560
vt 0.164309 0.075088
vt 0.243207 0.056983
vt 0.245803 0.054039
vt 0.195274 0.168165
vt 0.239477 0.060552
vt 0.154043 0.085317
vt 0.156019 0.071873
vt 0.205217 0.175830
vt 0.089727 0.142941
vt 0.150058 0.090164
vt 0.083339 0.145309
vt 0.150783 0.081005
vt 0.080695 0.142591
vt 0.031061 0.295424
vt 0.233492 0.053660
vt 0.196877 0.175732
vt 0.225668 0.061297
vt 0.166967 0.070446
vt 0.158568 0.068756
vt 0.235369 0.056033
vt 0.226336 0.057077
vt 0.168099 0.061448
vt 0.235545 0.051272
vt 0.224968 0.053445
vt 0.156505 0.067729
vt 0.159016 0.062505
vt 0.159016 0.062505
vt 0.027256 0.294338
vt 0.024159 0.291835
vt 0.974024 0.298904
vt 0.983737 0.295468
vt 0.009093 0.298446
vt 0.069639 0.141540
vt 0.152324 0.069201
vt 0.152324 0.069201
vt 0.026468 0.302373
vt 0.154975 0.065548
vt 0.154975 0.065548
vt 0.023219 0.305667
vt 0.016178 0.305964
vt 0.070543 0.145237
vt 0.070008 0.147628
vt 0.252389 0.027358
vt 0.090004 0.147432
vt 0.031641 0.315221
vt 0.066743 0.147348
vt 0.064350 0.151934
vt 0.234433 0.039590
vt 0.154702 0.062546
vt 0.016287 0.297540
vt 0.013319 0.306371
vt 0.010417 0.305401
vt 0.985254 0.302432
vt 0.013115 0.298661
vt 0.241714 0.036389
vt 0.984812 0.308868
vt 0.009997 0.311829
vt 0.014133 0.313739
vt 0.232151 0.033854
vt 0.176753 0.159710
vt 0.177303 0.162525
vt 0.216011 0.056684
vt 0.085961 0.152422
vt 0.181174 0.169612
vt 0.075957 0.152157
vt 0.218020 0.054313
vt 0.214205 0.051099
vt 0.219595 0.038755
vt 0.172357 0.159217
vt 0.212025 0.053883
vt 0.227148 0.037250
vt 0.065568 0.154434
vt 0.026673 0.316259
vt 0.216930 0.030849
vt 0.020539 0.315086
vt 0.014928 0.320776
vt 0.012772 0.316102
vt 0.027733 0.328688
vt 0.030671 0.342946
vt 0.023258 0.335882
vt 0.015669 0.331702
vt 0.884031 0.143132
vt 0.252648 0.010363
vt 0.882187 0.144587
vt 0.160717 0.165393
vt 0.153745 0.162272
vt 0.167088 0.168168
vt 0.153168 0.169364
vt 0.164251 0.173802
vt 0.242620 0.021020
vt 0.155618 0.183691
vt 0.149194 0.161491
vt 0.145539 0.159749
vt 0.143140 0.164603
vt 0.148920 0.169421
vt 0.145662 0.172288
vt 0.138763 0.167448
vt 0.877726 0.157351
vt 0.887068 0.158009
vt 0.879290 0.162251
vt 0.148723 0.183099
vt 0.882968 0.162716
vt 0.139601 0.173513
vt 0.139835 0.185479
vt 0.121401 0.170483
vt 0.122103 0.177443
vt 0.885057 0.168358
vt 0.879432 0.182323
vt 0.117572 0.181352
vt 0.235245 0.193221
vt 0.227603 0.185985
vt 0.116722 0.177036
vt 0.148127 0.194413
vt 0.229889 0.192654
vt 0.145014 0.187608
vt 0.143582 0.193825
vt 0.241711 0.201559
vt 0.238388 0.205471
vt 0.227670 0.198700
vt 0.233989 0.204588
vt 0.130530 0.199815
vt 0.226152 0.203714
vt 0.224389 0.206426
vt 0.230351 0.209355
vt 0.220909 0.189146
vt 0.209389 0.183773
vt 0.207405 0.191213
vt 0.215512 0.199314
vt 0.216138 0.203899
vt 0.209393 0.198546
vt 0.201324 0.204564
vt 0.200973 0.190752
vt 0.235882 0.213464
vt 0.230257 0.215515
vt 0.234188 0.223014
vt 0.223776 0.212780
vt 0.226578 0.220531
vt 0.224438 0.215681
vt 0.215166 0.215665
vt 0.215027 0.209020
vt 0.207089 0.211641
vt 0.200307 0.208911
vt 0.209643 0.215291
vt 0.203630 0.216326
vt 0.188188 0.210125
vt 0.196862 0.182649
vt 0.185553 0.175288
vt 0.188965 0.184325
vt 0.191077 0.192752
vt 0.185610 0.196283
vt 0.197926 0.195115
vt 0.197805 0.197201
vt 0.170903 0.178708
vt 0.170760 0.165691
vt 0.165967 0.185701
vt 0.172037 0.196937
vt 0.193493 0.199373
vt 0.192653 0.204605
vt 0.181042 0.204648
vt 0.176842 0.205358
vt 0.164100 0.192116
vt 0.166090 0.202860
vt 0.170381 0.205812
vt 0.884308 0.181909
vt 0.889498 0.180749
vt 0.887723 0.187802
vt 0.890689 0.186731
vt 0.884223 0.191413
vt 0.897921 0.186477
vt 0.903782 0.184411
vt 0.890401 0.192059
vt 0.890275 0.197549
vt 0.907417 0.197555
vt 0.909292 0.172957
vt 0.911406 0.178864
vt 0.913564 0.170161
vt 0.904837 0.175626
vt 0.907844 0.178965
vt 0.918655 0.172823
vt 0.910601 0.186589
vt 0.914732 0.186816
vt 0.913633 0.190966
vt 0.916066 0.179840
vt 0.921817 0.186536
vt 0.896649 0.217550
vt 0.907977 0.223732
vt 0.922194 0.224215
vt 0.922266 0.197297
vt 0.924035 0.189357
vt 0.933201 0.240926
vt 0.937893 0.244518
vt 0.933518 0.247341
vt 0.840236 0.273608
vt 0.868802 0.281303
vt 0.857874 0.256385
vt 0.867766 0.262242
vt 0.404702 0.012476
vt 0.732096 0.142031
vt 0.864207 0.254037
vt 0.870073 0.256309
vt 0.796992 0.219147
vt 0.800117 0.213499
vt 0.804393 0.214600
vt 0.737250 0.145017
vt 0.731418 0.144015
vt 0.812146 0.207321
vt 0.799677 0.205985
vt 0.806402 0.201341
vt 0.884114 0.277200
vt 0.877351 0.271126
vt 0.741129 0.143307
vt 0.395635 0.011168
vt 0.727295 0.144811
vt 0.893211 0.295873
vt 0.731333 0.148401
vt 0.737666 0.153612
vt 0.808911 0.219981
vt 0.793060 0.224810
vt 0.790607 0.216944
vt 0.886945 0.324972
vt 0.797545 0.225460
vt 0.754801 0.142757
vt 0.381926 0.011667
vt 0.746890 0.144659
vt 0.744514 0.154215
vt 0.881252 0.253312
vt 0.872281 0.250129
vt 0.888912 0.268736
vt 0.893339 0.271226
vt 0.741212 0.159582
vt 0.895970 0.275849
vt 0.897034 0.265852
vt 0.886788 0.260330
vt 0.744488 0.163613
vt 0.902622 0.248783
vt 0.888628 0.249085
vt 0.893473 0.252783
vt 0.890776 0.257279
vt 0.896776 0.288183
vt 0.900129 0.285313
vt 0.756137 0.156634
vt 0.901444 0.288574
vt 0.908602 0.285660
vt 0.902600 0.292487
vt 0.821191 0.205664
vt 0.818150 0.197449
vt 0.885049 0.269967
vt 0.892022 0.264639
vt 0.892469 0.286181
vt 0.827696 0.202983
vt 0.829236 0.197049
vt 0.826064 0.207496
vt 0.744998 0.167203
vt 0.836097 0.197317
vt 0.893078 0.314108
vt 0.737146 0.175152
vt 0.821418 0.212902
vt 0.895655 0.293654
vt 0.836978 0.210983
vt 0.896804 0.223809
vt 0.891302 0.221311
vt 0.895945 0.219848
vt 0.887616 0.228001
vt 0.895012 0.229403
vt 0.889592 0.230872
vt 0.845056 0.214192
vt 0.902496 0.223571
vt 0.829297 0.212062
vt 0.749130 0.170993
vt 0.759382 0.168730
vt 0.753171 0.184621
vt 0.831533 0.221203
vt 0.807076 0.195481
vt 0.754081 0.145363
vt 0.885321 0.234089
vt 0.760733 0.144036
vt 0.376029 0.010164
vt 0.853599 0.312743
vt 0.764001 0.157875
vt 0.881239 0.342053
vt 0.913681 0.235825
vt 0.366710 0.010737
vt 0.766005 0.145282
vt 0.370747 0.009086
vt 0.774828 0.154859
vt 0.914819 0.305194
vt 0.911624 0.297843
vt 0.795531 0.242371
vt 0.825905 0.243754
vt 0.774299 0.145097
vt 0.362437 0.009125
vt 0.898800 0.297534
vt 0.776566 0.149282
vt 0.901488 0.303681
vt 0.766078 0.170062
vt 0.902882 0.300869
vt 0.782766 0.169578
vt 0.911840 0.311849
vt 0.911484 0.323971
vt 0.758139 0.173009
vt 0.359911 0.010654
vt 0.776719 0.143446
vt 0.916724 0.276857
vt 0.788943 0.154214
vt 0.792315 0.162834
vt 0.929975 0.254925
vt 0.923662 0.271366
vt 0.839296 0.219898
vt 0.837972 0.229428
vt 0.838005 0.222863
vt 0.841630 0.228798
vt 0.912269 0.283822
vt 0.916506 0.283335
vt 0.805378 0.162577
vt 0.923461 0.276001
vt 0.927989 0.270811
vt 0.929044 0.274461
vt 0.742338 0.188523
vt 0.739907 0.191474
vt 0.928401 0.287545
vt 0.930779 0.281107
vt 0.932204 0.258619
vt 0.934923 0.255208
vt 0.930535 0.266117
vt 0.933736 0.263250
vt 0.940280 0.264321
vt 0.747242 0.187932
vt 0.936764 0.271269
vt 0.937257 0.265656
vt 0.945556 0.264492
vt 0.747107 0.192001
vt 0.749691 0.194510
vt 0.938575 0.277876
vt 0.756608 0.195565
vt 0.942894 0.268838
vt 0.947592 0.277220
vt 0.948020 0.272649
vt 0.775554 0.177904
vt 0.778674 0.265527
vt 0.797716 0.267347
vt 0.914782 0.294312
vt 0.800914 0.298074
vt 0.918588 0.301239
vt 0.770225 0.185022
vt 0.815677 0.315158
vt 0.819122 0.299245
vt 0.927142 0.298029
vt 0.762489 0.189460
vt 0.772533 0.191251
vt 0.923322 0.306043
vt 0.765126 0.198999
vt 0.932469 0.298599
vt 0.935785 0.287835
vt 0.936150 0.292693
vt 0.937424 0.300500
vt 0.791713 0.183714
vt 0.785518 0.193238
vt 0.745913 0.206354
vt 0.929092 0.307251
vt 0.933932 0.306090
vt 0.750823 0.202345
vt 0.744719 0.211247
vt 0.748414 0.213051
vt 0.756547 0.203843
vt 0.944896 0.285594
vt 0.762384 0.215107
vt 0.952503 0.277867
vt 0.832482 0.375890
vt 0.951078 0.285093
vt 0.752017 0.223445
vt 0.945457 0.295631
vt 0.946660 0.291526
vt 0.938590 0.296230
vt 0.953731 0.290003
vt 0.768700 0.208022
vt 0.779961 0.199597
vt 0.949209 0.296614
vt 0.950779 0.299702
vt 0.773622 0.203715
vt 0.954559 0.297459
vt 0.770397 0.219392
vt 0.842988 0.366630
vt 0.784288 0.177814
vt 0.795033 0.171541
vt 0.803298 0.182550
vt 0.807102 0.171696
vt 0.923028 0.330572
vt 0.935145 0.382026
vt 0.873737 0.367802
vt 0.817562 0.162298
vt 0.809572 0.178724
vt 0.824468 0.174214
vt 0.839369 0.334165
vt 0.820005 0.170228
vt 0.825471 0.162390
vt 0.830361 0.170222
vt 0.801754 0.187274
vt 0.934110 0.362968
vt 0.926248 0.318441
vt 0.931492 0.314546
vt 0.941219 0.304294
vt 0.941609 0.308817
vt 0.941317 0.317453
vt 0.932423 0.324025
vt 0.934161 0.318338
vt 0.938680 0.320518
vt 0.934949 0.323642
vt 0.937142 0.327993
vt 0.938745 0.323491
vt 0.816359 0.183931
vt 0.939028 0.330852
vt 0.943988 0.325149
vt 0.810375 0.192244
vt 0.825708 0.186574
vt 0.794232 0.376530
vt 0.949427 0.308625
vt 0.954500 0.306044
vt 0.965936 0.300795
vt 0.961648 0.293401
vt 0.946328 0.316618
vt 0.950517 0.321354
vt 0.956984 0.318968
vt 0.964612 0.308390
vt 0.839266 0.175538
vt 0.966009 0.323612
vt 0.817254 0.387436
vt 0.832210 0.183316
vt 0.945079 0.332173
vt 0.934748 0.334160
vt 0.847354 0.182215
vt 0.844473 0.190044
vt 0.940146 0.334677
vt 0.842845 0.195626
vt 0.861468 0.184795
vt 0.947736 0.339998
vt 0.947459 0.353025
vt 0.951375 0.351592
vt 0.959395 0.332799
vt 0.800964 0.395961
vt 0.810036 0.395433
vt 0.869602 0.189236
vt 0.873513 0.182728
vt 0.959058 0.347349
vt 0.753144 0.233755
vt 0.966948 0.338092
vt 0.766327 0.224662
vt 0.968892 0.334171
vt 0.766527 0.238541
vt 0.760011 0.243598
vt 0.772880 0.228489
vt 0.787013 0.226866
vt 0.840005 0.380576
vt 0.837012 0.396549
vt 0.824862 0.394549
vt 0.774833 0.234815
vt 0.974879 0.314919
vt 0.978164 0.308478
vt 0.867549 0.353299
vt 0.975800 0.326958
vt 0.981629 0.318124
vt 0.766241 0.250610
vt 0.009643 0.319351
vt 0.984618 0.316411
vt 0.850923 0.198544
vt 0.855216 0.350223
vt 0.985340 0.327020
vt 0.010217 0.329977
vt 0.013065 0.332507
vt 0.979710 0.346152
vt 0.861051 0.197861
vt 0.856565 0.213300
vt 0.859567 0.205398
vt 0.840850 0.371025
vt 0.850466 0.371068
vt 0.851804 0.363181
vt 0.878841 0.193127
vt 0.845944 0.389162
vt 0.868681 0.208590
vt 0.864610 0.390825
vt 0.867309 0.374186
vt 0.874317 0.200997
vt 0.866308 0.365200
vt 0.884894 0.209580
vt 0.879386 0.208439
vt 0.849854 0.228243
vt 0.871980 0.376596
vt 0.865483 0.225764
vt 0.867106 0.218653
vt 0.845817 0.231322
vt 0.851356 0.233936
vt 0.857791 0.234064
vt 0.852725 0.239424
vt 0.864543 0.230266
vt 0.866868 0.213750
vt 0.876420 0.214308
vt 0.876677 0.224585
vt 0.881673 0.213152
vt 0.886365 0.215201
vt 0.883012 0.223933
vt 0.858651 0.242704
vt 0.861974 0.251413
vt 0.864837 0.248782
vt 0.883164 0.240162
vt 0.887093 0.242392
vt 0.422792 0.491744
vt 0.418588 0.492048
vt 0.416657 0.483537
vt 0.502245 0.434062
vt 0.351085 0.528804
vt 0.354376 0.544696
vt 0.411551 0.479834
vt 0.405887 0.475122
vt 0.398217 0.469823
vt 0.421181 0.470673
vt 0.340718 0.526515
vt 0.498220 0.434264
vt 0.392448 0.480716
vt 0.398255 0.482360
vt 0.401191 0.488396
vt 0.386144 0.457101
vt 0.407422 0.453289
vt 0.335789 0.538350
vt 0.331775 0.529403
vt 0.385844 0.474792
vt 0.373517 0.462949
vt 0.377540 0.460103
vt 0.378803 0.455237
vt 0.324277 0.500006
vt 0.332087 0.509868
vt 0.475604 0.438956
vt 0.321993 0.527106
vt 0.498625 0.447122
vt 0.498625 0.447122
vt 0.339110 0.503103
vt 0.337270 0.518241
vt 0.292652 0.451339
vt 0.281305 0.424056
vt 0.362326 0.471980
vt 0.369124 0.489257
vt 0.386290 0.485443
vt 0.379427 0.405390
vt 0.363840 0.544229
vt 0.350103 0.559156
vt 0.335369 0.550643
vt 0.279714 0.445134
vt 0.481394 0.463441
vt 0.490956 0.463650
vt 0.474960 0.451964
vt 0.473451 0.461102
vt 0.338545 0.565008
vt 0.348088 0.566966
vt 0.476967 0.471609
vt 0.485580 0.467200
vt 0.471592 0.469235
vt 0.328205 0.480155
vt 0.321678 0.545605
vt 0.327996 0.548209
vt 0.435095 0.502235
vt 0.440302 0.499128
vt 0.438995 0.507903
vt 0.430547 0.497342
vt 0.430574 0.492735
vt 0.431467 0.507258
vt 0.426479 0.500246
vt 0.318461 0.550190
vt 0.426634 0.505645
vt 0.428266 0.509242
vt 0.421950 0.499448
vt 0.329082 0.561361
vt 0.422159 0.503289
vt 0.321300 0.560488
vt 0.415961 0.498073
vt 0.411448 0.504130
vt 0.421993 0.508951
vt 0.428863 0.513561
vt 0.300087 0.556513
vt 0.314231 0.558510
vt 0.456184 0.425196
vt 0.375746 0.424560
vt 0.363396 0.419906
vt 0.412562 0.496499
vt 0.407584 0.496287
vt 0.468025 0.442468
vt 0.409548 0.500753
vt 0.279463 0.513333
vt 0.405004 0.498387
vt 0.402372 0.495137
vt 0.458537 0.416678
vt 0.395116 0.486455
vt 0.396930 0.494432
vt 0.392624 0.495412
vt 0.395585 0.499953
vt 0.401379 0.501635
vt 0.446632 0.422215
vt 0.410812 0.518823
vt 0.331317 0.428025
vt 0.285062 0.491944
vt 0.403528 0.515261
vt 0.393838 0.502313
vt 0.390599 0.418909
vt 0.446491 0.430307
vt 0.429189 0.429357
vt 0.381141 0.518552
vt 0.390720 0.424835
vt 0.263035 0.525905
vt 0.374410 0.430524
vt 0.267204 0.511371
vt 0.389045 0.491808
vt 0.384804 0.495635
vt 0.376719 0.490091
vt 0.472185 0.443805
vt 0.471083 0.450955
vt 0.461358 0.443460
vt 0.463487 0.448717
vt 0.377714 0.497550
vt 0.385765 0.507718
vt 0.467591 0.457021
vt 0.374710 0.493271
vt 0.371853 0.496551
vt 0.458090 0.450267
vt 0.404320 0.521465
vt 0.290727 0.378392
vt 0.454319 0.461447
vt 0.405804 0.524776
vt 0.400267 0.523328
vt 0.395636 0.524196
vt 0.278848 0.559745
vt 0.414783 0.433923
vt 0.448640 0.440194
vt 0.385208 0.523701
vt 0.393954 0.530041
vt 0.333949 0.577431
vt 0.323245 0.569824
vt 0.316704 0.561422
vt 0.316049 0.567781
vt 0.438683 0.451498
vt 0.313996 0.578927
vt 0.366067 0.510628
vt 0.300434 0.569607
vt 0.298507 0.397092
vt 0.299959 0.594280
vt 0.378130 0.521755
vt 0.373357 0.518890
vt 0.295408 0.578081
vt 0.376343 0.529880
vt 0.365266 0.515885
vt 0.367600 0.520702
vt 0.365152 0.526919
vt 0.423207 0.421754
vt 0.345931 0.437507
vt 0.283635 0.566538
vt 0.375988 0.541989
vt 0.384721 0.540549
vt 0.430046 0.423003
vt 0.368196 0.540645
vt 0.378687 0.437982
vt 0.388294 0.432632
vt 0.256839 0.546582
vt 0.399340 0.432706
vt 0.365377 0.440315
vt 0.374001 0.551836
vt 0.368968 0.447264
vt 0.375736 0.449656
vt 0.384260 0.449116
vt 0.366943 0.456267
vt 0.276505 0.574417
vt 0.260771 0.558082
vt 0.259898 0.565268
vt 0.355977 0.447943
vt 0.286969 0.578558
vt 0.288354 0.589972
vt 0.280291 0.577206
vt 0.358722 0.484247
vt 0.348676 0.485763
vt 0.269918 0.574871
vt 0.339392 0.489827
vt 0.273664 0.587978
vt 0.276325 0.595485
vt 0.282598 0.596105
vt 0.285778 0.597055
vt 0.349007 0.496041
vt 0.346398 0.450004
vt 0.253732 0.562066
vt 0.255988 0.577568
vt 0.249839 0.569491
vt 0.255221 0.584213
vt 0.287211 0.602353
vt 0.277336 0.609143
vt 0.265167 0.603160
vt 0.272124 0.614031
vt 0.258706 0.592745
vt 0.333250 0.489862
vt 0.249572 0.598579
vt 0.263511 0.613277
vt 0.260706 0.609025
vt 0.458141 0.464258
vt 0.253998 0.613447
vt 0.243692 0.605394
vt 0.466235 0.470805
vt 0.267946 0.614927
vt 0.346148 0.505316
vt 0.258527 0.614500
vt 0.474141 0.479612
vt 0.249802 0.614233
vt 0.358234 0.518252
vt 0.357608 0.514881
vt 0.250342 0.618567
vt 0.236909 0.613589
vt 0.348949 0.515128
vt 0.239206 0.614765
vt 0.452527 0.470726
vt 0.454724 0.476123
vt 0.468420 0.483952
vt 0.343443 0.511494
vt 0.454095 0.488774
vt 0.335114 0.495486
vt 0.444747 0.475424
vt 0.332770 0.501683
vt 0.438197 0.467205
vt 0.417050 0.466102
vt 0.434113 0.473038
vt 0.447517 0.482201
vt 0.441231 0.491349
vt 0.439667 0.481434
vt 0.284924 0.472890
vt 0.429887 0.482146
vt 0.438847 0.488611
vt 0.435717 0.487129
vt 0.426782 0.480453
vt 0.420470 0.478640
vt 0.258307 0.475381
vt 0.585254 0.602048
vt 0.578508 0.592717
vt 0.426071 0.528865
vt 0.412731 0.535871
vt 0.412923 0.526471
vt 0.505448 0.443827
vt 0.574386 0.606295
vt 0.417802 0.600839
vt 0.409077 0.596650
vt 0.414623 0.590664
vt 0.403955 0.587424
vt 0.598387 0.597691
vt 0.415945 0.607631
vt 0.592378 0.604071
vt 0.403085 0.603653
vt 0.568045 0.592367
vt 0.531829 0.436986
vt 0.410128 0.610154
vt 0.412200 0.612871
vt 0.582632 0.606107
vt 0.404570 0.613620
vt 0.559210 0.609041
vt 0.501333 0.683940
vt 0.573537 0.611664
vt 0.501251 0.672772
vt 0.562451 0.612188
vt 0.399627 0.590266
vt 0.502472 0.450856
vt 0.497611 0.683335
vt 0.393673 0.597706
vt 0.393004 0.604815
vt 0.500663 0.696586
vt 0.586187 0.611643
vt 0.498024 0.695161
vt 0.396310 0.547113
vt 0.588081 0.607139
vt 0.601026 0.606038
vt 0.414039 0.614483
vt 0.419120 0.615059
vt 0.418735 0.618075
vt 0.412104 0.618224
vt 0.408602 0.614713
vt 0.400385 0.614857
vt 0.396309 0.619004
vt 0.447668 0.565375
vt 0.444486 0.554044
vt 0.448850 0.557958
vt 0.408259 0.620176
vt 0.541299 0.439146
vt 0.436848 0.559243
vt 0.497784 0.702091
vt 0.591809 0.614304
vt 0.436014 0.547204
vt 0.441925 0.543413
vt 0.544816 0.445064
vt 0.398036 0.626087
vt 0.495440 0.704360
vt 0.550029 0.476031
vt 0.396596 0.612676
vt 0.428713 0.548714
vt 0.542195 0.609580
vt 0.551002 0.603604
vt 0.390989 0.613168
vt 0.501553 0.654485
vt 0.544103 0.611943
vt 0.385391 0.604877
vt 0.389546 0.601179
vt 0.392691 0.614487
vt 0.551966 0.612349
vt 0.501137 0.662278
vt 0.427120 0.556019
vt 0.497865 0.671052
vt 0.496649 0.660408
vt 0.439479 0.565555
vt 0.400250 0.634310
vt 0.431565 0.561975
vt 0.532227 0.476596
vt 0.492069 0.658193
vt 0.492000 0.661157
vt 0.495708 0.664460
vt 0.496123 0.671628
vt 0.490510 0.664361
vt 0.491693 0.675690
vt 0.428856 0.569103
vt 0.435137 0.575782
vt 0.446688 0.641013
vt 0.438680 0.642207
vt 0.436507 0.630222
vt 0.425605 0.570699
vt 0.420306 0.561428
vt 0.502720 0.471375
vt 0.504142 0.476410
vt 0.501197 0.463122
vt 0.453257 0.564203
vt 0.429713 0.635548
vt 0.427705 0.645862
vt 0.497735 0.470009
vt 0.445427 0.570034
vt 0.444735 0.625471
vt 0.430958 0.625519
vt 0.430842 0.618571
vt 0.505322 0.458059
vt 0.439043 0.572156
vt 0.498649 0.455736
vt 0.498649 0.455736
vt 0.493333 0.688024
vt 0.412824 0.548994
vt 0.424316 0.544699
vt 0.419979 0.550433
vt 0.424913 0.626448
vt 0.517169 0.475462
vt 0.425888 0.549804
vt 0.416094 0.630397
vt 0.422050 0.552830
vt 0.419706 0.635779
vt 0.498382 0.460530
vt 0.498390 0.463612
vt 0.472262 0.672533
vt 0.480081 0.684086
vt 0.422233 0.652854
vt 0.486680 0.660344
vt 0.495110 0.468052
vt 0.456587 0.651676
vt 0.445261 0.656862
vt 0.479497 0.656936
vt 0.438284 0.657676
vt 0.404078 0.548582
vt 0.454518 0.657744
vt 0.521772 0.480563
vt 0.442761 0.659442
vt 0.457040 0.661977
vt 0.413037 0.558078
vt 0.443118 0.662529
vt 0.415611 0.566149
vt 0.432031 0.656513
vt 0.411081 0.554537
vt 0.432810 0.659581
vt 0.401547 0.560000
vt 0.427170 0.658558
vt 0.488852 0.701187
vt 0.431350 0.667295
vt 0.408014 0.566007
vt 0.427941 0.662270
vt 0.423213 0.577040
vt 0.410234 0.631725
vt 0.494482 0.709490
vt 0.446743 0.579669
vt 0.407867 0.637285
vt 0.418057 0.640218
vt 0.441539 0.581354
vt 0.558967 0.455589
vt 0.409736 0.646722
vt 0.436764 0.590878
vt 0.441943 0.588999
vt 0.431929 0.587854
vt 0.464098 0.661444
vt 0.473160 0.657686
vt 0.427357 0.585341
vt 0.557062 0.460379
vt 0.396280 0.655168
vt 0.455753 0.674701
vt 0.420707 0.658378
vt 0.563064 0.460266
vt 0.419122 0.663453
vt 0.465066 0.683807
vt 0.574295 0.469875
vt 0.431185 0.604077
vt 0.575743 0.472355
vt 0.465429 0.690797
vt 0.576636 0.467826
vt 0.410360 0.674887
vt 0.419134 0.581473
vt 0.409550 0.665859
vt 0.421934 0.597641
vt 0.485694 0.698894
vt 0.583664 0.468627
vt 0.472637 0.691952
vt 0.475567 0.704904
vt 0.406864 0.658666
vt 0.412589 0.660602
vt 0.409268 0.662839
vt 0.402158 0.658766
vt 0.399989 0.662647
vt 0.482460 0.715120
vt 0.413721 0.575965
vt 0.472031 0.694278
vt 0.410894 0.568908
vt 0.466523 0.695223
vt 0.393048 0.635159
vt 0.466032 0.717270
vt 0.407312 0.569486
vt 0.405899 0.573407
vt 0.398793 0.585179
vt 0.393294 0.582206
vt 0.401215 0.577781
vt 0.542779 0.487507
vt 0.393629 0.591142
vt 0.384565 0.575953
vt 0.397845 0.573399
vt 0.563409 0.482889
vt 0.411579 0.581040
vt 0.605670 0.588959
vt 0.607505 0.602020
vt 0.407802 0.578822
vt 0.372507 0.583943
vt 0.378063 0.572834
vt 0.604219 0.602805
vt 0.598384 0.603648
vt 0.610123 0.605081
vt 0.571393 0.482048
vt 0.615546 0.602836
vt 0.371934 0.592236
vt 0.606684 0.611594
vt 0.500137 0.717028
vt 0.584480 0.479404
vt 0.378796 0.604782
vt 0.499626 0.707932
vt 0.597580 0.612203
vt 0.498936 0.720082
vt 0.563715 0.495987
vt 0.496018 0.709202
vt 0.496018 0.709202
vt 0.370115 0.599949
vt 0.496352 0.715728
vt 0.369941 0.572003
vt 0.568873 0.492453
vt 0.355197 0.578947
vt 0.363626 0.567895
vt 0.368564 0.568187
vt 0.501230 0.724850
vt 0.614433 0.610296
vt 0.624833 0.605811
vt 0.620769 0.609969
vt 0.501507 0.731260
vt 0.578711 0.492869
vt 0.485023 0.724039
vt 0.484484 0.713995
vt 0.356488 0.570163
vt 0.392209 0.549149
vt 0.501614 0.476133
vt 0.498031 0.477275
vt 0.502890 0.485045
vt 0.497594 0.482513
vt 0.497029 0.727233
vt 0.500271 0.487507
vt 0.354700 0.587969
vt 0.345502 0.574950
vt 0.349024 0.579889
vt 0.509044 0.496950
vt 0.496612 0.733293
vt 0.478505 0.724844
vt 0.497427 0.489479
vt 0.397486 0.559656
vt 0.493975 0.478850
vt 0.501122 0.492811
vt 0.503270 0.492397
vt 0.355588 0.598323
vt 0.473552 0.725886
vt 0.622701 0.598466
vt 0.624043 0.602710
vt 0.631206 0.598072
vt 0.502021 0.501158
vt 0.503716 0.500671
vt 0.497595 0.499384
vt 0.631234 0.602793
vt 0.492103 0.497076
vt 0.490688 0.486650
vt 0.385637 0.545864
vt 0.351019 0.597109
vt 0.343265 0.590167
vt 0.632454 0.606489
vt 0.382067 0.548251
vt 0.530972 0.490117
vt 0.389858 0.554646
vt 0.629658 0.608553
vt 0.501633 0.740158
vt 0.373097 0.607391
vt 0.365200 0.609132
vt 0.499574 0.732548
vt 0.497999 0.740243
vt 0.635339 0.598954
vt 0.635060 0.603125
vt 0.635254 0.608925
vt 0.500204 0.745255
vt 0.637414 0.607731
vt 0.381337 0.554793
vt 0.638207 0.602668
vt 0.641625 0.604733
vt 0.367797 0.613658
vt 0.498100 0.745656
vt 0.637391 0.610635
vt 0.525518 0.500100
vt 0.385773 0.613592
vt 0.644589 0.607074
vt 0.640233 0.599346
vt 0.646969 0.598393
vt 0.382764 0.613828
vt 0.382764 0.613828
vt 0.648376 0.601051
vt 0.534281 0.492679
vt 0.648566 0.603781
vt 0.529640 0.502474
vt 0.642395 0.611835
vt 0.493258 0.746115
vt 0.647153 0.612222
vt 0.488857 0.745653
vt 0.378785 0.613857
vt 0.378157 0.618611
vt 0.392125 0.564329
vt 0.480717 0.745787
vt 0.655498 0.612495
vt 0.387626 0.628792
vt 0.487632 0.476873
vt 0.488857 0.738983
vt 0.488003 0.481262
vt 0.495262 0.740061
vt 0.374031 0.613432
vt 0.388975 0.571823
vt 0.386993 0.562274
vt 0.389178 0.638613
vt 0.377489 0.640522
vt 0.457739 0.740758
vt 0.370119 0.633113
vt 0.481451 0.480030
vt 0.383360 0.564803
vt 0.372377 0.615170
vt 0.486918 0.491823
vt 0.368250 0.619311
vt 0.478923 0.487455
vt 0.475546 0.483413
vt 0.393331 0.573750
vt 0.361711 0.614709
vt 0.344333 0.601380
vt 0.374052 0.567579
vt 0.503615 0.507717
vt 0.491747 0.501957
vt 0.496764 0.506411
vt 0.500263 0.514112
vt 0.355039 0.614259
vt 0.355039 0.614259
vt 0.502195 0.512573
vt 0.489761 0.507282
vt 0.502137 0.520296
vt 0.497367 0.527564
vt 0.497245 0.513331
vt 0.370727 0.562022
vt 0.343808 0.613135
vt 0.343808 0.613135
vt 0.349645 0.614249
vt 0.353597 0.618700
vt 0.345618 0.614278
vt 0.345445 0.619221
vt 0.338322 0.607465
vt 0.506171 0.511435
vt 0.471154 0.493930
vt 0.459779 0.493169
vt 0.464512 0.499611
vt 0.510654 0.518117
vt 0.528451 0.509402
vt 0.449876 0.504797
vt 0.468568 0.499318
vt 0.349410 0.640981
vt 0.445182 0.502922
vt 0.457207 0.505355
vt 0.466654 0.506006
vt 0.461361 0.511355
vt 0.504019 0.517805
vt 0.503000 0.527927
vt 0.335281 0.630502
vt 0.535580 0.508357
vt 0.603971 0.460364
vt 0.653967 0.567384
vt 0.642156 0.556323
vt 0.650046 0.547089
vt 0.612700 0.465882
vt 0.476470 0.499365
vt 0.481579 0.500249
vt 0.660190 0.540417
vt 0.661259 0.556067
vt 0.657117 0.546486
vt 0.482984 0.507166
vt 0.385717 0.647845
vt 0.385784 0.656815
vt 0.638000 0.558195
vt 0.387182 0.662020
vt 0.475520 0.507069
vt 0.393389 0.659264
vt 0.481097 0.520456
vt 0.609087 0.488242
vt 0.640188 0.572706
vt 0.390996 0.682910
vt 0.649564 0.578760
vt 0.659226 0.575002
vt 0.535012 0.500291
vt 0.380935 0.664192
vt 0.631572 0.475875
vt 0.537305 0.505537
vt 0.662800 0.565757
vt 0.634314 0.460787
vt 0.637496 0.460302
vt 0.632113 0.469595
vt 0.664661 0.562297
vt 0.635520 0.469305
vt 0.541354 0.496089
vt 0.665470 0.570998
vt 0.552637 0.493378
vt 0.665363 0.541891
vt 0.547594 0.495236
vt 0.549115 0.498899
vt 0.376131 0.676923
vt 0.373131 0.673543
vt 0.620548 0.489956
vt 0.667615 0.558652
vt 0.679209 0.550380
vt 0.681822 0.561332
vt 0.635954 0.478439
vt 0.678355 0.542446
vt 0.641979 0.469090
vt 0.549002 0.510857
vt 0.554439 0.508244
vt 0.370486 0.676204
vt 0.683385 0.544778
vt 0.683141 0.539046
vt 0.632986 0.485582
vt 0.643155 0.477849
vt 0.682614 0.551657
vt 0.568872 0.500720
vt 0.685583 0.550031
vt 0.665784 0.460853
vt 0.573068 0.498443
vt 0.683108 0.576013
vt 0.585232 0.502809
vt 0.571386 0.508819
vt 0.686820 0.555172
vt 0.564027 0.510587
vt 0.565174 0.517061
vt 0.661312 0.476829
vt 0.366124 0.651322
vt 0.686063 0.560727
vt 0.567392 0.510783
vt 0.573238 0.513570
vt 0.671144 0.572153
vt 0.580557 0.520328
vt 0.668504 0.472996
vt 0.649331 0.591474
vt 0.665994 0.575673
vt 0.528652 0.541858
vt 0.558569 0.533502
vt 0.660744 0.590948
vt 0.670467 0.582708
vt 0.364659 0.660529
vt 0.628283 0.491660
vt 0.659233 0.596529
vt 0.643970 0.488182
vt 0.355732 0.652850
vt 0.666171 0.595076
vt 0.610483 0.504456
vt 0.358707 0.657984
vt 0.358988 0.660359
vt 0.624041 0.496600
vt 0.688591 0.566545
vt 0.359731 0.663114
vt 0.622110 0.510462
vt 0.352386 0.661607
vt 0.657039 0.484931
vt 0.368626 0.667869
vt 0.669628 0.477453
vt 0.667131 0.482638
vt 0.689148 0.570543
vt 0.364608 0.668256
vt 0.591629 0.497410
vt 0.351165 0.681647
vt 0.598600 0.501622
vt 0.662722 0.494995
vt 0.666265 0.491385
vt 0.357474 0.665948
vt 0.675689 0.587782
vt 0.674152 0.593431
vt 0.674933 0.492285
vt 0.675926 0.592911
vt 0.679374 0.590601
vt 0.633879 0.494232
vt 0.636586 0.493775
vt 0.632488 0.498674
vt 0.685799 0.593026
vt 0.636632 0.485942
vt 0.604257 0.503964
vt 0.591325 0.513686
vt 0.330370 0.614532
vt 0.334820 0.614495
vt 0.696294 0.578998
vt 0.602360 0.511938
vt 0.637035 0.503666
vt 0.446076 0.683377
vt 0.633987 0.505605
vt 0.645806 0.498607
vt 0.638246 0.507523
vt 0.440398 0.683842
vt 0.598288 0.514272
vt 0.691018 0.535717
vt 0.691649 0.545538
vt 0.600283 0.519374
vt 0.652128 0.506350
vt 0.423600 0.685909
vt 0.663277 0.510458
vt 0.679387 0.447298
vt 0.689668 0.553947
vt 0.696603 0.533480
vt 0.605274 0.514212
vt 0.437287 0.686831
vt 0.702314 0.547528
vt 0.701568 0.537626
vt 0.683768 0.456386
vt 0.611121 0.523634
vt 0.703097 0.531130
vt 0.707824 0.528558
vt 0.615185 0.522530
vt 0.706725 0.547913
vt 0.415524 0.693882
vt 0.426641 0.704812
vt 0.695958 0.557634
vt 0.681158 0.474219
vt 0.701774 0.553310
vt 0.410818 0.725175
vt 0.685976 0.466221
vt 0.595342 0.527449
vt 0.586926 0.546010
vt 0.412918 0.700619
vt 0.405227 0.710163
vt 0.572083 0.537892
vt 0.699295 0.566267
vt 0.694397 0.445811
vt 0.580312 0.546809
vt 0.576786 0.544886
vt 0.705319 0.436919
vt 0.591227 0.544701
vt 0.393737 0.708328
vt 0.722402 0.526538
vt 0.722424 0.533466
vt 0.726896 0.544561
vt 0.710962 0.441728
vt 0.600927 0.541634
vt 0.693251 0.452609
vt 0.727137 0.523994
vt 0.724368 0.529508
vt 0.607985 0.545172
vt 0.618300 0.543162
vt 0.733951 0.531033
vt 0.693945 0.458231
vt 0.700083 0.463716
vt 0.600774 0.546538
vt 0.721630 0.550886
vt 0.706457 0.452873
vt 0.407726 0.728153
vt 0.713927 0.447779
vt 0.611973 0.548194
vt 0.389488 0.709282
vt 0.627472 0.524981
vt 0.631570 0.534092
vt 0.725363 0.549692
vt 0.678491 0.478892
vt 0.635151 0.544316
vt 0.696300 0.477076
vt 0.374456 0.704019
vt 0.729510 0.548885
vt 0.733598 0.547909
vt 0.692213 0.568604
vt 0.693522 0.473580
vt 0.635263 0.550545
vt 0.696695 0.569122
vt 0.638081 0.541835
vt 0.701374 0.572354
vt 0.638818 0.546678
vt 0.502799 0.554368
vt 0.503663 0.548744
vt 0.506288 0.562868
vt 0.502062 0.558951
vt 0.681608 0.488825
vt 0.681771 0.483874
vt 0.501799 0.564158
vt 0.498408 0.560152
vt 0.507960 0.569848
vt 0.510486 0.563577
vt 0.688299 0.480738
vt 0.499459 0.567502
vt 0.501598 0.569028
vt 0.503343 0.567078
vt 0.693895 0.479832
vt 0.691395 0.483206
vt 0.688957 0.487016
vt 0.694905 0.486931
vt 0.709022 0.575136
vt 0.686997 0.489015
vt 0.510956 0.573869
vt 0.516016 0.569036
vt 0.519098 0.585454
vt 0.521016 0.568387
vt 0.701830 0.578267
vt 0.491936 0.523466
vt 0.721082 0.571767
vt 0.715133 0.459859
vt 0.704464 0.469006
vt 0.371344 0.714895
vt 0.712965 0.470544
vt 0.720303 0.475761
vt 0.482008 0.529821
vt 0.500678 0.527414
vt 0.503178 0.538726
vt 0.384728 0.722047
vt 0.500470 0.533375
vt 0.700916 0.475452
vt 0.497251 0.534662
vt 0.706585 0.584082
vt 0.701485 0.482629
vt 0.709613 0.476779
vt 0.391305 0.725317
vt 0.519171 0.543881
vt 0.705782 0.481410
vt 0.502057 0.542612
vt 0.491992 0.537607
vt 0.724409 0.555292
vt 0.724540 0.561624
vt 0.497426 0.542099
vt 0.505360 0.545486
vt 0.502150 0.546870
vt 0.483943 0.550649
vt 0.374979 0.725008
vt 0.723620 0.570204
vt 0.512098 0.545130
vt 0.386322 0.741156
vt 0.730570 0.551531
vt 0.729043 0.557813
vt 0.513833 0.552745
vt 0.522013 0.546437
vt 0.733552 0.560503
vt 0.486565 0.536824
vt 0.670197 0.500259
vt 0.370669 0.733484
vt 0.634324 0.513469
vt 0.397685 0.740585
vt 0.625250 0.515269
vt 0.471131 0.523498
vt 0.474056 0.528938
vt 0.637858 0.516617
vt 0.641329 0.518476
vt 0.467992 0.517551
vt 0.721484 0.581085
vt 0.341547 0.572873
vt 0.460570 0.519022
vt 0.724899 0.571214
vt 0.725323 0.578781
vt 0.337560 0.575414
vt 0.728675 0.570327
vt 0.731585 0.566344
vt 0.632666 0.523261
vt 0.483039 0.541178
vt 0.471721 0.538806
vt 0.341782 0.581909
vt 0.467421 0.531662
vt 0.467713 0.528055
vt 0.635817 0.524383
vt 0.463137 0.527260
vt 0.638621 0.527546
vt 0.736918 0.565103
vt 0.464124 0.532156
vt 0.736087 0.573436
vt 0.643238 0.530070
vt 0.457667 0.530103
vt 0.648144 0.523543
vt 0.497903 0.551452
vt 0.499394 0.555646
vt 0.491225 0.547995
vt 0.655814 0.521956
vt 0.496893 0.557130
vt 0.487854 0.556828
vt 0.454820 0.686116
vt 0.453889 0.695230
vt 0.340059 0.601435
vt 0.329260 0.594160
vt 0.477981 0.548955
vt 0.662560 0.521606
vt 0.491609 0.559465
vt 0.443865 0.697695
vt 0.491047 0.567157
vt 0.323595 0.597373
vt 0.496579 0.566275
vt 0.484097 0.564179
vt 0.497697 0.572517
vt 0.482032 0.556675
vt 0.479207 0.563527
vt 0.332218 0.600656
vt 0.475325 0.556141
vt 0.457316 0.712143
vt 0.636182 0.536344
vt 0.318584 0.614267
vt 0.464812 0.549737
vt 0.457026 0.701292
vt 0.453888 0.709005
vt 0.458997 0.533020
vt 0.462915 0.540823
vt 0.652091 0.535289
vt 0.452373 0.545019
vt 0.458602 0.556149
vt 0.310541 0.606527
vt 0.476771 0.544259
vt 0.470684 0.553006
vt 0.332058 0.647978
vt 0.461943 0.561297
vt 0.438392 0.726360
vt 0.659835 0.526604
vt 0.451427 0.724615
vt 0.662623 0.532401
vt 0.320515 0.629025
vt 0.544258 0.542544
vt 0.660746 0.533602
vt 0.434235 0.718180
vt 0.680371 0.520384
vt 0.530222 0.547427
vt 0.524245 0.550187
vt 0.679095 0.534831
vt 0.541013 0.547727
vt 0.533780 0.549308
vt 0.532283 0.556617
vt 0.553412 0.543798
vt 0.680395 0.527433
vt 0.551225 0.547625
vt 0.548356 0.546414
vt 0.562652 0.542500
vt 0.676963 0.500115
vt 0.686989 0.495075
vt 0.560433 0.547563
vt 0.431269 0.714276
vt 0.567301 0.546952
vt 0.544732 0.548089
vt 0.349446 0.658011
vt 0.688208 0.491828
vt 0.542096 0.564660
vt 0.693414 0.490619
vt 0.696552 0.491538
vt 0.549633 0.565269
vt 0.558079 0.554963
vt 0.555409 0.556451
vt 0.561283 0.557897
vt 0.565802 0.551357
vt 0.697533 0.497448
vt 0.458249 0.732613
vt 0.555557 0.561649
vt 0.655987 0.601739
vt 0.688085 0.509686
vt 0.521238 0.558986
vt 0.660451 0.607422
vt 0.662452 0.598012
vt 0.526334 0.563798
vt 0.697863 0.509924
vt 0.665588 0.601655
vt 0.700697 0.490185
vt 0.675084 0.612869
vt 0.707839 0.487272
vt 0.702204 0.492481
vt 0.706522 0.492912
vt 0.532222 0.565892
vt 0.710163 0.492863
vt 0.699921 0.495398
vt 0.673305 0.596955
vt 0.711462 0.481451
vt 0.319485 0.643049
vt 0.716242 0.481012
vt 0.319443 0.657981
vt 0.672216 0.601505
vt 0.711783 0.490256
vt 0.322391 0.661478
vt 0.527804 0.574912
vt 0.717059 0.488984
vt 0.704196 0.506839
vt 0.708020 0.495427
vt 0.327976 0.673636
vt 0.665262 0.612781
vt 0.471186 0.745657
vt 0.556779 0.567887
vt 0.555566 0.571657
vt 0.717294 0.492224
vt 0.721453 0.489046
vt 0.720428 0.496317
vt 0.676182 0.601904
vt 0.675322 0.608596
vt 0.721184 0.509850
vt 0.538189 0.582244
vt 0.543692 0.578865
vt 0.695295 0.513389
vt 0.533373 0.581194
vt 0.702913 0.516188
vt 0.697885 0.515464
vt 0.461563 0.745776
vt 0.700153 0.518441
vt 0.554924 0.577568
vt 0.704961 0.522257
vt 0.679201 0.596277
vt 0.561332 0.583010
vt 0.503012 0.574561
vt 0.723776 0.503733
vt 0.502593 0.580610
vt 0.681845 0.604050
vt 0.496673 0.577738
vt 0.497917 0.583652
vt 0.489675 0.578536
vt 0.688469 0.597175
vt 0.726532 0.512013
vt 0.724409 0.517822
vt 0.502590 0.586500
vt 0.497176 0.591253
vt 0.502550 0.591073
vt 0.699355 0.588000
vt 0.351824 0.698475
vt 0.720643 0.519578
vt 0.694107 0.592415
vt 0.497932 0.598542
vt 0.490177 0.586940
vt 0.705411 0.597062
vt 0.728584 0.518864
vt 0.513380 0.581104
vt 0.511720 0.583959
vt 0.313033 0.648928
vt 0.451216 0.744882
vt 0.685482 0.613727
vt 0.683863 0.612030
vt 0.523170 0.585338
vt 0.686278 0.516704
vt 0.684128 0.523501
vt 0.527554 0.589091
vt 0.694333 0.604127
vt 0.509737 0.588122
vt 0.687953 0.517294
vt 0.685689 0.526986
vt 0.695035 0.517794
vt 0.515574 0.590473
vt 0.509473 0.598139
vt 0.503659 0.596244
vt 0.502199 0.594460
vt 0.693151 0.526558
vt 0.695258 0.613119
vt 0.441479 0.745895
vt 0.706345 0.601274
vt 0.700144 0.522169
vt 0.685586 0.531153
vt 0.519263 0.596000
vt 0.683669 0.535105
vt 0.512675 0.604736
vt 0.537496 0.589699
vt 0.458043 0.724971
vt 0.537713 0.594704
vt 0.304361 0.676520
vt 0.533448 0.603520
vt 0.701926 0.529111
vt 0.703040 0.526343
vt 0.503037 0.605703
vt 0.501622 0.601285
vt 0.500418 0.605693
vt 0.506947 0.611687
vt 0.502956 0.616922
vt 0.500886 0.597997
vt 0.453799 0.720544
vt 0.736867 0.421761
vt 0.495894 0.607652
vt 0.340618 0.700969
vt 0.489188 0.603644
vt 0.308260 0.704681
vt 0.745940 0.428579
vt 0.517529 0.606422
vt 0.752843 0.435434
vt 0.512948 0.612125
vt 0.502662 0.623144
vt 0.520994 0.610576
vt 0.500842 0.609724
vt 0.502501 0.611627
vt 0.497689 0.612600
vt 0.500466 0.613714
vt 0.490357 0.607201
vt 0.496453 0.617991
vt 0.499308 0.620907
vt 0.493061 0.613046
vt 0.492246 0.618563
vt 0.489097 0.613482
vt 0.485006 0.611267
vt 0.486084 0.617550
vt 0.444182 0.727660
vt 0.775440 0.414722
vt 0.520950 0.612273
vt 0.502137 0.631287
vt 0.499039 0.630993
vt 0.495625 0.627354
vt 0.764917 0.430283
vt 0.487438 0.637583
vt 0.759265 0.440395
vt 0.763438 0.436915
vt 0.772106 0.420488
vt 0.776981 0.422891
vt 0.775890 0.433019
vt 0.501968 0.637035
vt 0.526649 0.612419
vt 0.531123 0.610784
vt 0.781090 0.425807
vt 0.501473 0.644631
vt 0.534206 0.612412
vt 0.498512 0.639017
vt 0.497796 0.645307
vt 0.778063 0.415682
vt 0.432125 0.741012
vt 0.787650 0.411836
vt 0.430977 0.744739
vt 0.792741 0.405402
vt 0.795897 0.401525
vt 0.812524 0.405816
vt 0.494454 0.641725
vt 0.486394 0.568980
vt 0.797977 0.414773
vt 0.789958 0.424987
vt 0.485572 0.573304
vt 0.419695 0.726917
vt 0.477078 0.569073
vt 0.478333 0.574557
vt 0.469089 0.573460
vt 0.805677 0.422120
vt 0.776040 0.438089
vt 0.773132 0.444700
vt 0.484458 0.590972
vt 0.474866 0.579917
vt 0.471228 0.579944
vt 0.704002 0.611997
vt 0.432727 0.746988
vt 0.476725 0.588347
vt 0.286101 0.689429
vt 0.296123 0.696462
vt 0.783167 0.439662
vt 0.463677 0.566211
vt 0.786297 0.450565
vt 0.773357 0.459681
vt 0.787619 0.430937
vt 0.792743 0.439952
vt 0.460614 0.569165
vt 0.456358 0.564936
vt 0.470007 0.584812
vt 0.803501 0.426113
vt 0.280684 0.692088
vt 0.465363 0.579705
vt 0.457802 0.571884
vt 0.799623 0.433147
vt 0.806686 0.430428
vt 0.284745 0.711002
vt 0.269316 0.698038
vt 0.711059 0.591870
vt 0.451409 0.572415
vt 0.450833 0.585723
vt 0.799001 0.454465
vt 0.480738 0.597531
vt 0.267251 0.709567
vt 0.715720 0.584461
vt 0.725061 0.591555
vt 0.810371 0.449297
vt 0.467628 0.595386
vt 0.320695 0.618612
vt 0.473437 0.596658
vt 0.476626 0.596811
vt 0.471298 0.603239
vt 0.478172 0.605075
vt 0.724878 0.596459
vt 0.731255 0.601756
vt 0.321842 0.615487
vt 0.473063 0.611742
vt 0.465942 0.606842
vt 0.463365 0.596021
vt 0.461293 0.604424
vt 0.804267 0.465537
vt 0.813880 0.460277
vt 0.455132 0.589519
vt 0.730380 0.581678
vt 0.809785 0.472038
vt 0.818379 0.465958
vt 0.721002 0.433873
vt 0.718571 0.441787
vt 0.731236 0.576608
vt 0.728668 0.442710
vt 0.449815 0.592750
vt 0.457447 0.604846
vt 0.453078 0.597607
vt 0.735715 0.434475
vt 0.438457 0.605737
vt 0.734029 0.588517
vt 0.735809 0.593810
vt 0.734262 0.597183
vt 0.742278 0.588573
vt 0.755985 0.581322
vt 0.309926 0.614101
vt 0.307998 0.615742
vt 0.543488 0.582352
vt 0.548325 0.587624
vt 0.301563 0.614585
vt 0.304611 0.618798
vt 0.548405 0.595246
vt 0.556494 0.589349
vt 0.419320 0.741459
vt 0.747403 0.439025
vt 0.546556 0.601860
vt 0.421753 0.745252
vt 0.740688 0.439789
vt 0.426833 0.747147
vt 0.709927 0.611987
vt 0.716408 0.612045
vt 0.420338 0.747175
vt 0.739566 0.453776
vt 0.298270 0.605937
vt 0.481695 0.614594
vt 0.718884 0.604027
vt 0.727888 0.612187
vt 0.408883 0.746841
vt 0.476518 0.613193
vt 0.480300 0.633424
vt 0.478188 0.625990
vt 0.295698 0.614422
vt 0.295698 0.614422
vt 0.493442 0.650170
vt 0.488960 0.651550
vt 0.283877 0.619066
vt 0.724542 0.476804
vt 0.730242 0.473333
vt 0.409478 0.742741
vt 0.472616 0.651320
vt 0.279501 0.627114
vt 0.465771 0.638558
vt 0.737299 0.472319
vt 0.415862 0.746099
vt 0.751153 0.446249
vt 0.469478 0.657127
vt 0.459290 0.657428
vt 0.762870 0.452231
vt 0.572576 0.543142
vt 0.758646 0.462930
vt 0.739594 0.601291
vt 0.573234 0.550552
vt 0.738666 0.603699
vt 0.569661 0.556237
vt 0.746191 0.597182
vt 0.565899 0.566629
vt 0.573518 0.560789
vt 0.577255 0.557760
vt 0.582313 0.560426
vt 0.750220 0.600801
vt 0.577059 0.565547
vt 0.579823 0.568457
vt 0.752627 0.612638
vt 0.584606 0.554770
vt 0.588815 0.563846
vt 0.289048 0.658006
vt 0.733254 0.475594
vt 0.730249 0.479437
vt 0.402966 0.744998
vt 0.399074 0.746518
vt 0.737710 0.612363
vt 0.742668 0.473816
vt 0.733041 0.482504
vt 0.740883 0.478734
vt 0.288232 0.608969
vt 0.733974 0.483716
vt 0.592251 0.551286
vt 0.738392 0.486575
vt 0.743792 0.487160
vt 0.599873 0.558587
vt 0.392903 0.746130
vt 0.743913 0.612814
vt 0.723320 0.479332
vt 0.592973 0.555549
vt 0.289309 0.614613
vt 0.725510 0.486559
vt 0.604642 0.548964
vt 0.604181 0.558585
vt 0.284107 0.613452
vt 0.607818 0.555277
vt 0.723056 0.494263
vt 0.610359 0.575329
vt 0.726817 0.492761
vt 0.731309 0.491554
vt 0.280245 0.614392
vt 0.384134 0.746257
vt 0.729440 0.495962
vt 0.596014 0.565621
vt 0.735581 0.488793
vt 0.735102 0.492551
vt 0.742842 0.493729
vt 0.739361 0.490174
vt 0.736426 0.495468
vt 0.730805 0.523343
vt 0.605652 0.565069
vt 0.741962 0.490152
vt 0.607440 0.569272
vt 0.736409 0.520727
vt 0.747223 0.471366
vt 0.602386 0.576944
vt 0.597165 0.574241
vt 0.755732 0.471618
vt 0.560998 0.566276
vt 0.743501 0.479222
vt 0.748680 0.477364
vt 0.751686 0.474184
vt 0.571820 0.569331
vt 0.561052 0.572033
vt 0.754202 0.536607
vt 0.750803 0.503248
vt 0.267879 0.619145
vt 0.755337 0.510311
vt 0.761095 0.474200
vt 0.767963 0.469970
vt 0.575684 0.576439
vt 0.746181 0.482828
vt 0.750107 0.479683
vt 0.752247 0.481053
vt 0.750852 0.487921
vt 0.754643 0.483410
vt 0.266996 0.633084
vt 0.757904 0.485376
vt 0.758390 0.476784
vt 0.759324 0.480673
vt 0.262174 0.641494
vt 0.750646 0.549293
vt 0.768125 0.479395
vt 0.581464 0.582607
vt 0.762265 0.485461
vt 0.564155 0.586266
vt 0.765982 0.486106
vt 0.571153 0.588462
vt 0.749918 0.493503
vt 0.758073 0.512647
vt 0.583805 0.574382
vt 0.731246 0.500891
vt 0.731374 0.512080
vt 0.593368 0.578855
vt 0.732739 0.508243
vt 0.758333 0.529633
vt 0.599288 0.584038
vt 0.771161 0.524339
vt 0.748044 0.495325
vt 0.264256 0.657560
vt 0.592015 0.587989
vt 0.771676 0.510345
vt 0.729920 0.513854
vt 0.602672 0.584957
vt 0.732053 0.516869
vt 0.775045 0.512655
vt 0.775215 0.519942
vt 0.770055 0.533302
vt 0.617066 0.557535
vt 0.620973 0.558169
vt 0.759234 0.489034
vt 0.762885 0.489499
vt 0.767720 0.489992
vt 0.757729 0.495007
vt 0.756822 0.492925
vt 0.763845 0.493115
vt 0.774586 0.492387
vt 0.622123 0.567140
vt 0.628135 0.560740
vt 0.773860 0.527584
vt 0.751939 0.492338
vt 0.634936 0.558677
vt 0.755887 0.503760
vt 0.779842 0.530502
vt 0.618129 0.567434
vt 0.758807 0.551898
vt 0.620205 0.573879
vt 0.771910 0.548588
vt 0.625167 0.576144
vt 0.631057 0.577751
vt 0.634646 0.570286
vt 0.786461 0.533617
vt 0.636065 0.563759
vt 0.638379 0.566611
vt 0.785067 0.544109
vt 0.637447 0.577205
vt 0.788441 0.463768
vt 0.775856 0.472180
vt 0.777639 0.551618
vt 0.781597 0.548219
vt 0.774166 0.552195
vt 0.620076 0.592759
vt 0.784106 0.551123
vt 0.770596 0.475674
vt 0.778906 0.557267
vt 0.773452 0.476975
vt 0.252531 0.653974
vt 0.775099 0.478180
vt 0.608499 0.582673
vt 0.769388 0.484704
vt 0.774377 0.483018
vt 0.623836 0.581665
vt 0.781071 0.477786
vt 0.786932 0.471508
vt 0.270707 0.666747
vt 0.262401 0.662093
vt 0.784207 0.477117
vt 0.259141 0.658644
vt 0.257343 0.663184
vt 0.797122 0.471901
vt 0.792560 0.473808
vt 0.804483 0.471291
vt 0.627280 0.589833
vt 0.633038 0.586452
vt 0.772857 0.486817
vt 0.634810 0.581716
vt 0.638056 0.584339
vt 0.776775 0.487098
vt 0.246129 0.631458
vt 0.639601 0.589207
vt 0.636066 0.589612
vt 0.784657 0.485824
vt 0.781371 0.488463
vt 0.781162 0.492538
vt 0.790222 0.481889
vt 0.785263 0.489751
vt 0.758022 0.570403
vt 0.789903 0.489693
vt 0.638026 0.596593
vt 0.787580 0.495119
vt 0.788053 0.506389
vt 0.788405 0.492972
vt 0.793499 0.496234
vt 0.794377 0.480630
vt 0.802217 0.475201
vt 0.793956 0.486846
vt 0.798373 0.485466
vt 0.565785 0.601090
vt 0.802386 0.481755
vt 0.290502 0.661905
vt 0.771726 0.558379
vt 0.808088 0.474191
vt 0.812191 0.474581
vt 0.773740 0.568492
vt 0.809707 0.479163
vt 0.814198 0.480872
vt 0.795595 0.489628
vt 0.801796 0.486905
vt 0.800334 0.489205
vt 0.803604 0.490095
vt 0.805664 0.487182
vt 0.793413 0.491372
vt 0.797558 0.492986
vt 0.798608 0.495305
vt 0.805999 0.491846
vt 0.284696 0.670111
vt 0.795415 0.507361
vt 0.811513 0.484821
vt 0.283896 0.663183
vt 0.808829 0.488100
vt 0.281087 0.668526
vt 0.790685 0.510134
vt 0.815379 0.489327
vt 0.806510 0.488944
vt 0.814383 0.492352
vt 0.818089 0.484351
vt 0.797831 0.522073
vt 0.793611 0.513357
vt 0.777564 0.509951
vt 0.457301 0.509985
vt 0.451043 0.510910
vt 0.782285 0.513381
vt 0.777621 0.516025
vt 0.780202 0.519762
vt 0.445815 0.512356
vt 0.790696 0.516068
vt 0.442589 0.511256
vt 0.778830 0.524542
vt 0.777407 0.526334
vt 0.453794 0.521378
vt 0.450769 0.516975
vt 0.448977 0.519300
vt 0.786949 0.521677
vt 0.782736 0.526516
vt 0.277111 0.673414
vt 0.448041 0.531537
vt 0.788247 0.527584
vt 0.788655 0.524666
vt 0.784009 0.529603
vt 0.443677 0.518379
vt 0.278761 0.677171
vt 0.435027 0.512853
vt 0.437622 0.529275
vt 0.433171 0.525215
vt 0.790889 0.521706
vt 0.272819 0.676099
vt 0.423076 0.520187
vt 0.264601 0.683392
vt 0.814630 0.506001
vt 0.810380 0.517987
vt 0.447475 0.539105
vt 0.828531 0.494521
vt 0.251847 0.683378
vt 0.448590 0.542983
vt 0.814998 0.515688
vt 0.820008 0.509737
vt 0.815843 0.521647
vt 0.824058 0.512794
vt 0.819475 0.515599
vt 0.418291 0.524573
vt 0.793670 0.533745
vt 0.789192 0.535890
vt 0.357141 0.709219
vt 0.789379 0.541859
vt 0.798162 0.539517
vt 0.788795 0.552952
vt 0.791683 0.542267
vt 0.793142 0.550056
vt 0.341841 0.719445
vt 0.795232 0.554027
vt 0.823550 0.517690
vt 0.358502 0.728566
vt 0.818734 0.524399
vt 0.822926 0.524432
vt 0.812820 0.532427
vt 0.814695 0.526161
vt 0.819279 0.529260
vt 0.823621 0.526334
vt 0.815013 0.544655
vt 0.827459 0.533958
vt 0.827524 0.524688
vt 0.328097 0.741104
vt 0.752776 0.573852
vt 0.354120 0.741895
vt 0.758691 0.588797
vt 0.751660 0.588184
vt 0.316928 0.719604
vt 0.338638 0.746094
vt 0.798320 0.613348
vt 0.762316 0.584019
vt 0.775135 0.564120
vt 0.778419 0.565227
vt 0.783635 0.562942
vt 0.781658 0.567045
vt 0.788734 0.567766
vt 0.780021 0.579100
vt 0.785140 0.584820
vt 0.321021 0.718508
vt 0.788724 0.570426
vt 0.761129 0.596340
vt 0.765032 0.587028
vt 0.772444 0.589971
vt 0.772883 0.596796
vt 0.759869 0.612739
vt 0.376997 0.746186
vt 0.770892 0.603777
vt 0.767769 0.612544
vt 0.369121 0.746330
vt 0.778177 0.600279
vt 0.776277 0.612501
vt 0.360643 0.746408
vt 0.789411 0.590472
vt 0.781346 0.612724
vt 0.355586 0.746289
vt 0.782730 0.600858
vt 0.788212 0.611710
vt 0.789812 0.581323
vt 0.346170 0.745243
vt 0.790758 0.613961
vt 0.781417 0.596117
vt 0.786649 0.597160
vt 0.805083 0.605153
vt 0.795977 0.590546
vt 0.804087 0.596281
vt 0.333470 0.745211
vt 0.802538 0.612454
vt 0.334427 0.747056
vt 0.789582 0.562182
vt 0.793962 0.558121
vt 0.795131 0.562248
vt 0.810341 0.612994
vt 0.326695 0.746446
vt 0.306314 0.741712
vt 0.799222 0.556088
vt 0.812624 0.551482
vt 0.814002 0.600745
vt 0.799075 0.567731
vt 0.821695 0.613020
vt 0.315286 0.746466
vt 0.828175 0.600588
vt 0.814181 0.568376
vt 0.827365 0.605590
vt 0.812184 0.560829
vt 0.827446 0.596923
vt 0.820534 0.589600
vt 0.829606 0.590147
vt 0.814549 0.597151
vt 0.834358 0.596738
vt 0.843086 0.591598
vt 0.831075 0.581295
vt 0.848006 0.584150
vt 0.817178 0.549044
vt 0.815503 0.554730
vt 0.817889 0.557292
vt 0.827866 0.545675
vt 0.834376 0.603456
vt 0.823596 0.551286
vt 0.826104 0.547552
vt 0.306736 0.746126
vt 0.830264 0.613135
vt 0.825568 0.555514
vt 0.831617 0.549183
vt 0.835201 0.610143
vt 0.847135 0.600528
vt 0.815619 0.558680
vt 0.815334 0.563305
vt 0.840293 0.612535
vt 0.296740 0.746476
vt 0.821635 0.564537
vt 0.829149 0.554015
vt 0.827033 0.562899
vt 0.838067 0.570526
vt 0.312494 0.719839
vt 0.298818 0.715093
vt 0.311206 0.723571
vt 0.830144 0.566703
vt 0.301403 0.721112
vt 0.833662 0.563901
vt 0.841685 0.579425
vt 0.820483 0.584280
vt 0.828644 0.585165
vt 0.795266 0.568088
vt 0.795425 0.577211
vt 0.798717 0.580299
vt 0.794803 0.584648
vt 0.801177 0.588787
vt 0.807085 0.589470
vt 0.465668 0.613443
vt 0.458453 0.613219
vt 0.447710 0.604137
vt 0.452086 0.612461
vt 0.450605 0.614549
vt 0.453087 0.618497
vt 0.274187 0.741399
vt 0.445983 0.614074
vt 0.443679 0.612510
vt 0.446366 0.617988
vt 0.438351 0.614320
vt 0.439223 0.619235
vt 0.475954 0.619152
vt 0.856396 0.612408
vt 0.280691 0.746535
vt 0.848065 0.612364
vt 0.288994 0.746624
vt 0.470685 0.617481
vt 0.463560 0.617716
vt 0.469445 0.628543
vt 0.460633 0.629595
vt 0.803478 0.600474
vt 0.473116 0.632306
vt 0.467240 0.633131
vt 0.455198 0.625470
vt 0.454140 0.633242
vt 0.449004 0.632659
vt 0.422766 0.608390
vt 0.429750 0.613611
vt 0.425658 0.612504
vt 0.429979 0.615215
vt 0.421709 0.613534
vt 0.131009 0.375312
vt 0.133117 0.366453
vt 0.133317 0.377375
vt 0.181613 0.529970
vt 0.189123 0.520624
vt 0.210196 0.525623
vt 0.155675 0.375779
vt 0.156322 0.380273
vt 0.151227 0.381909
vt 0.148355 0.377498
vt 0.148412 0.373120
vt 0.144802 0.377165
vt 0.193512 0.513319
vt 0.182216 0.511387
vt 0.169725 0.498857
vt 0.149200 0.384158
vt 0.146571 0.386305
vt 0.171507 0.505153
vt 0.262405 0.372656
vt 0.148932 0.389757
vt 0.159946 0.375460
vt 0.154664 0.388512
vt 0.165535 0.404051
vt 0.155902 0.406775
vt 0.157078 0.393708
vt 0.137287 0.369920
vt 0.145197 0.370640
vt 0.149617 0.405626
vt 0.152098 0.394640
vt 0.153718 0.401781
vt 0.137219 0.386742
vt 0.179959 0.519495
vt 0.149948 0.418420
vt 0.150045 0.413130
vt 0.142262 0.387912
vt 0.133453 0.387730
vt 0.168675 0.507550
vt 0.172648 0.523213
vt 0.146922 0.411266
vt 0.145451 0.424374
vt 0.144972 0.398530
vt 0.147515 0.393348
vt 0.136652 0.403598
vt 0.144770 0.411280
vt 0.245742 0.365322
vt 0.180643 0.537218
vt 0.179582 0.418838
vt 0.191412 0.412667
vt 0.199035 0.427637
vt 0.176376 0.527157
vt 0.176359 0.418554
vt 0.190897 0.445007
vt 0.112215 0.337098
vt 0.222251 0.341333
vt 0.181085 0.545341
vt 0.163500 0.538701
vt 0.089495 0.338301
vt 0.153762 0.535154
vt 0.174417 0.543332
vt 0.219966 0.354114
vt 0.170481 0.557508
vt 0.148740 0.428956
vt 0.081619 0.340203
vt 0.161052 0.554795
vt 0.172878 0.450584
vt 0.067467 0.341446
vt 0.097761 0.341088
vt 0.097884 0.344815
vt 0.121893 0.341142
vt 0.128464 0.343436
vt 0.236501 0.376299
vt 0.197958 0.456615
vt 0.097054 0.347780
vt 0.129463 0.349801
vt 0.208827 0.542466
vt 0.207698 0.552170
vt 0.220200 0.373757
vt 0.193068 0.550241
vt 0.204842 0.562346
vt 0.081017 0.386967
vt 0.122267 0.375454
vt 0.202095 0.359309
vt 0.140016 0.418475
vt 0.089320 0.341075
vt 0.148235 0.438185
vt 0.091667 0.345028
vt 0.079622 0.345903
vt 0.145026 0.436239
vt 0.216148 0.387676
vt 0.183440 0.554027
vt 0.191217 0.560684
vt 0.152335 0.451230
vt 0.066644 0.347434
vt 0.137233 0.443346
vt 0.234773 0.585763
vt 0.222911 0.581647
vt 0.236122 0.575271
vt 0.148941 0.447994
vt 0.145382 0.450156
vt 0.141463 0.450337
vt 0.245505 0.587124
vt 0.136277 0.429548
vt 0.139332 0.453699
vt 0.133594 0.447938
vt 0.133306 0.432456
vt 0.130231 0.444934
vt 0.129548 0.447919
vt 0.133344 0.453566
vt 0.127877 0.452300
vt 0.133026 0.410467
vt 0.130984 0.403094
vt 0.133217 0.403840
vt 0.128127 0.409581
vt 0.128469 0.397483
vt 0.136099 0.415036
vt 0.222777 0.592858
vt 0.050036 0.352747
vt 0.133623 0.415942
vt 0.131241 0.414765
vt 0.117315 0.423794
vt 0.128766 0.424317
vt 0.136552 0.420588
vt 0.218565 0.570019
vt 0.133386 0.427570
vt 0.218024 0.581572
vt 0.213611 0.585875
vt 0.132295 0.423641
vt 0.207607 0.579370
vt 0.217957 0.560851
vt 0.130474 0.429373
vt 0.196290 0.579061
vt 0.046762 0.373987
vt 0.031775 0.373839
vt 0.093470 0.426695
vt 0.284329 0.380934
vt 0.202795 0.592561
vt 0.188143 0.390584
vt 0.108148 0.431777
vt 0.128720 0.433629
vt 0.127946 0.359489
vt 0.279047 0.391179
vt 0.234206 0.619020
vt 0.128146 0.372585
vt 0.226662 0.613301
vt 0.223007 0.602468
vt 0.128643 0.441199
vt 0.264319 0.383027
vt 0.231217 0.614693
vt 0.107442 0.444494
vt 0.235676 0.627244
vt 0.219538 0.614472
vt 0.226755 0.619977
vt 0.225199 0.614784
vt 0.229683 0.625191
vt 0.114481 0.445396
vt 0.113576 0.451006
vt 0.216581 0.628749
vt 0.098494 0.453140
vt 0.213337 0.597448
vt 0.202512 0.598075
vt 0.115705 0.456309
vt 0.194339 0.591393
vt 0.245318 0.371450
vt 0.192878 0.598978
vt 0.207471 0.606155
vt 0.074588 0.430263
vt 0.061655 0.417029
vt 0.211300 0.602162
vt 0.128305 0.384731
vt 0.214875 0.613880
vt 0.209932 0.613859
vt 0.213612 0.614623
vt 0.209428 0.618388
vt 0.200256 0.615706
vt 0.082336 0.442505
vt 0.133262 0.398691
vt 0.069941 0.435281
vt 0.208447 0.630917
vt 0.193095 0.607377
vt 0.200804 0.613829
vt 0.065219 0.443978
vt 0.062564 0.442376
vt 0.059080 0.435025
vt 0.056689 0.444918
vt 0.163355 0.568687
vt 0.033537 0.427194
vt 0.188384 0.578832
vt 0.049189 0.443777
vt 0.043743 0.434343
vt 0.182250 0.566908
vt 0.086286 0.445272
vt 0.096726 0.446996
vt 0.250502 0.413566
vt 0.078983 0.450724
vt 0.180097 0.576574
vt 0.170215 0.576960
vt 0.073509 0.453938
vt 0.071470 0.445734
vt 0.058976 0.452938
vt 0.254933 0.443815
vt 0.165863 0.581394
vt 0.092166 0.461674
vt 0.080306 0.460004
vt 0.155744 0.577730
vt 0.152616 0.569615
vt 0.032495 0.417710
vt 0.031453 0.386461
vt 0.187805 0.597432
vt 0.067676 0.465346
vt 0.059047 0.464662
vt 0.184776 0.589901
vt 0.070505 0.469687
vt 0.065117 0.472286
vt 0.239194 0.442779
vt 0.155593 0.479209
vt 0.193610 0.463813
vt 0.176447 0.600456
vt 0.190723 0.603183
vt 0.236724 0.397019
vt 0.181864 0.601107
vt 0.170908 0.486708
vt 0.180440 0.606084
vt 0.170631 0.601161
vt 0.180983 0.613539
vt 0.191218 0.613265
vt 0.183601 0.623991
vt 0.196720 0.639636
vt 0.148335 0.464378
vt 0.148861 0.453246
vt 0.135674 0.456048
vt 0.144874 0.466569
vt 0.142022 0.468509
vt 0.132879 0.460603
vt 0.135729 0.464828
vt 0.161173 0.593637
vt 0.210806 0.389109
vt 0.196603 0.384355
vt 0.147069 0.475055
vt 0.133998 0.467938
vt 0.138599 0.477308
vt 0.152235 0.587747
vt 0.129211 0.460313
vt 0.154590 0.595432
vt 0.129861 0.466458
vt 0.152069 0.510304
vt 0.162891 0.495252
vt 0.233713 0.437384
vt 0.129125 0.472638
vt 0.119074 0.473241
vt 0.133711 0.476988
vt 0.135257 0.474905
vt 0.149698 0.501571
vt 0.148168 0.508640
vt 0.222497 0.426956
vt 0.106473 0.473129
vt 0.149005 0.516373
vt 0.145600 0.512804
vt 0.148839 0.523393
vt 0.145307 0.520994
vt 0.149321 0.488860
vt 0.147591 0.496123
vt 0.145621 0.501367
vt 0.145019 0.496920
vt 0.139126 0.499728
vt 0.141465 0.502226
vt 0.133389 0.506096
vt 0.138419 0.495935
vt 0.131238 0.500614
vt 0.130260 0.504229
vt 0.124450 0.502947
vt 0.123083 0.508525
vt 0.136337 0.520787
vt 0.142338 0.519676
vt 0.130466 0.514178
vt 0.148686 0.481154
vt 0.139612 0.528987
vt 0.146066 0.482254
vt 0.125279 0.522157
vt 0.141987 0.478122
vt 0.236591 0.453809
vt 0.232897 0.439411
vt 0.188842 0.340263
vt 0.141777 0.487376
vt 0.145621 0.489588
vt 0.150033 0.532288
vt 0.145941 0.526590
vt 0.146582 0.531960
vt 0.139140 0.484115
vt 0.132316 0.526064
vt 0.144485 0.531906
vt 0.145363 0.537563
vt 0.141721 0.535786
vt 0.131274 0.539716
vt 0.123238 0.488784
vt 0.153291 0.546433
vt 0.173092 0.312979
vt 0.236612 0.489063
vt 0.170061 0.326124
vt 0.149487 0.536330
vt 0.147818 0.540502
vt 0.149756 0.544294
vt 0.104538 0.466733
vt 0.143381 0.544565
vt 0.171806 0.340348
vt 0.107858 0.481207
vt 0.146233 0.547634
vt 0.102563 0.480481
vt 0.102528 0.475712
vt 0.098644 0.484866
vt 0.097567 0.477672
vt 0.105562 0.484858
vt 0.112526 0.487544
vt 0.109740 0.489734
vt 0.122148 0.504747
vt 0.116935 0.498785
vt 0.115246 0.502653
vt 0.116806 0.509535
vt 0.113789 0.508772
vt 0.104953 0.490236
vt 0.124224 0.512106
vt 0.123172 0.531920
vt 0.112623 0.514476
vt 0.109742 0.510456
vt 0.104770 0.497109
vt 0.108753 0.514312
vt 0.095817 0.493106
vt 0.112418 0.519615
vt 0.106059 0.514957
vt 0.107313 0.522071
vt 0.103794 0.516388
vt 0.107941 0.502834
vt 0.109018 0.506612
vt 0.101986 0.505015
vt 0.100967 0.512384
vt 0.189845 0.376260
vt 0.101276 0.501327
vt 0.223521 0.445989
vt 0.088218 0.487116
vt 0.167080 0.335800
vt 0.093447 0.499804
vt 0.118374 0.535938
vt 0.106086 0.527877
vt 0.084639 0.497795
vt 0.098051 0.501173
vt 0.095277 0.505167
vt 0.092687 0.501972
vt 0.086115 0.502191
vt 0.087089 0.512251
vt 0.092124 0.510874
vt 0.097826 0.512299
vt 0.093582 0.523308
vt 0.081944 0.511436
vt 0.168667 0.350314
vt 0.079916 0.500253
vt 0.078292 0.514712
vt 0.074411 0.502518
vt 0.165240 0.345272
vt 0.164443 0.339073
vt 0.070170 0.505201
vt 0.104711 0.531798
vt 0.163935 0.349872
vt 0.101095 0.471041
vt 0.086165 0.533321
vt 0.092541 0.533763
vt 0.163019 0.362639
vt 0.103329 0.536938
vt 0.095538 0.542410
vt 0.165373 0.312684
vt 0.092379 0.470938
vt 0.087232 0.473266
vt 0.169868 0.315660
vt 0.164976 0.320666
vt 0.162525 0.316718
vt 0.132104 0.546651
vt 0.126984 0.538270
vt 0.123288 0.543619
vt 0.148482 0.315443
vt 0.098335 0.473605
vt 0.139938 0.548365
vt 0.092043 0.474264
vt 0.128432 0.549089
vt 0.131560 0.552762
vt 0.092753 0.481531
vt 0.114565 0.541106
vt 0.156541 0.321556
vt 0.113819 0.544521
vt 0.118501 0.549116
vt 0.081487 0.469347
vt 0.123456 0.547997
vt 0.163220 0.326757
vt 0.124386 0.550398
vt 0.116594 0.550552
vt 0.122421 0.556941
vt 0.081413 0.473452
vt 0.110047 0.547443
vt 0.076892 0.474377
vt 0.110728 0.550472
vt 0.109953 0.554242
vt 0.105468 0.548740
vt 0.161856 0.331736
vt 0.081493 0.476867
vt 0.111793 0.559168
vt 0.070781 0.472872
vt 0.078654 0.479730
vt 0.071270 0.476391
vt 0.109145 0.557820
vt 0.104534 0.556197
vt 0.102186 0.551461
vt 0.065503 0.475465
vt 0.148665 0.321500
vt 0.100837 0.555294
vt 0.101974 0.559500
vt 0.155873 0.331435
vt 0.112775 0.537468
vt 0.145380 0.317953
vt 0.078037 0.487927
vt 0.138107 0.310833
vt 0.073326 0.486898
vt 0.104755 0.540469
vt 0.133077 0.311177
vt 0.107916 0.543944
vt 0.101306 0.546039
vt 0.070262 0.490038
vt 0.139101 0.319928
vt 0.090619 0.540504
vt 0.086454 0.545113
vt 0.097659 0.545310
vt 0.099586 0.548330
vt 0.137149 0.324606
vt 0.133621 0.319179
vt 0.094336 0.548182
vt 0.147181 0.329528
vt 0.074567 0.496379
vt 0.144879 0.333383
vt 0.099163 0.551204
vt 0.128885 0.327143
vt 0.092459 0.551973
vt 0.094016 0.557293
vt 0.099121 0.559355
vt 0.099410 0.562229
vt 0.152497 0.555755
vt 0.148600 0.549636
vt 0.133415 0.323724
vt 0.149539 0.554533
vt 0.143056 0.549884
vt 0.147619 0.557151
vt 0.247048 0.510436
vt 0.259372 0.506402
vt 0.144739 0.558144
vt 0.139312 0.554479
vt 0.040565 0.341056
vt 0.149383 0.565479
vt 0.146613 0.567563
vt 0.155704 0.337062
vt 0.047847 0.347637
vt 0.158819 0.342032
vt 0.151920 0.337227
vt 0.133681 0.554486
vt 0.149513 0.330792
vt 0.148741 0.338743
vt 0.026932 0.336736
vt 0.130498 0.558027
vt 0.135768 0.561614
vt 0.131420 0.564117
vt 0.025886 0.342941
vt 0.125224 0.561976
vt 0.155884 0.347915
vt 0.149113 0.343261
vt 0.117234 0.556502
vt 0.216095 0.494895
vt 0.145430 0.342678
vt 0.122952 0.565512
vt 0.151121 0.351820
vt 0.148668 0.347434
vt 0.148171 0.356596
vt 0.228920 0.508529
vt 0.032184 0.348211
vt 0.144706 0.349708
vt 0.137682 0.574422
vt 0.133997 0.567419
vt 0.141740 0.567207
vt 0.244334 0.520302
vt 0.136664 0.333848
vt 0.026862 0.350047
vt 0.137147 0.348659
vt 0.031714 0.359182
vt 0.125830 0.572400
vt 0.133171 0.351004
vt 0.133710 0.345342
vt 0.132107 0.570731
vt 0.129105 0.574008
vt 0.131362 0.573765
vt 0.133392 0.333105
vt 0.116500 0.563719
vt 0.105179 0.561628
vt 0.129633 0.339434
vt 0.133436 0.337279
vt 0.118673 0.565562
vt 0.113966 0.565998
vt 0.108036 0.567039
vt 0.026919 0.357099
vt 0.103168 0.565534
vt 0.096554 0.564333
vt 0.098580 0.570781
vt 0.104753 0.574503
vt 0.259338 0.510716
vt 0.120614 0.569234
vt 0.254145 0.514052
vt 0.115665 0.573650
vt 0.110004 0.570535
vt 0.117795 0.575057
vt 0.111701 0.575617
vt 0.264296 0.517094
vt 0.260926 0.514514
vt 0.103090 0.580306
vt 0.230593 0.535925
vt 0.113923 0.582732
vt 0.109788 0.586669
vt 0.107528 0.583157
vt 0.147979 0.577502
vt 0.149776 0.580916
vt 0.145608 0.575738
vt 0.141472 0.577273
vt 0.139324 0.582613
vt 0.245284 0.556628
vt 0.144714 0.584978
vt 0.140571 0.588087
vt 0.135622 0.581224
vt 0.133242 0.577315
vt 0.130385 0.581799
vt 0.134997 0.586863
vt 0.126749 0.577590
vt 0.149373 0.587022
vt 0.146491 0.591287
vt 0.148972 0.594648
vt 0.162882 0.384786
vt 0.128271 0.590095
vt 0.133788 0.595329
vt 0.146219 0.599263
vt 0.140987 0.605351
vt 0.121152 0.583042
vt 0.164929 0.363531
vt 0.126936 0.583336
vt 0.121976 0.590401
vt 0.115527 0.587385
vt 0.114904 0.591358
vt 0.099705 0.586762
vt 0.105644 0.587562
vt 0.107892 0.589440
vt 0.125655 0.597730
vt 0.195957 0.491666
vt 0.118558 0.597687
vt 0.241277 0.559209
vt 0.239551 0.568866
vt 0.114368 0.605553
vt 0.229806 0.555501
vt 0.102532 0.597718
vt 0.238215 0.562909
vt 0.170903 0.613653
vt 0.169860 0.604314
vt 0.169202 0.607653
vt 0.190570 0.615675
vt 0.184797 0.615402
vt 0.152902 0.363050
vt 0.163263 0.615434
vt 0.149425 0.363510
vt 0.144582 0.358571
vt 0.138178 0.360064
vt 0.169228 0.641478
vt 0.166017 0.626496
vt 0.147585 0.364022
vt 0.162815 0.606041
vt 0.154908 0.608275
vt 0.133660 0.358979
vt 0.162830 0.613748
vt 0.130886 0.363723
vt 0.150157 0.601740
vt 0.151336 0.371288
vt 0.149063 0.369237
vt 0.154283 0.612251
vt 0.151497 0.610979
vt 0.148043 0.606016
vt 0.152683 0.615713
vt 0.149040 0.611773
vt 0.146376 0.611228
vt 0.145489 0.605261
vt 0.147773 0.613451
vt 0.151894 0.621954
vt 0.149226 0.623918
vt 0.138432 0.613764
vt 0.145825 0.621142
vt 0.165077 0.639950
vt 0.152800 0.630481
vt 0.153736 0.639296
vt 0.156947 0.640637
vt 0.134147 0.608361
vt 0.131810 0.603712
vt 0.141362 0.610496
vt 0.137255 0.610295
vt 0.143010 0.611753
vt 0.148312 0.628914
vt 0.126889 0.607060
vt 0.128029 0.609686
vt 0.119259 0.607972
vt 0.149376 0.640137
vt 0.144931 0.632993
vt 0.125898 0.612939
vt 0.145096 0.639858
vt 0.118908 0.612822
vt 0.145108 0.646602
vt 0.112081 0.612689
vt 0.121605 0.603093
vt 0.110476 0.609216
vt 0.134136 0.613054
vt 0.145088 0.625132
vt 0.957913 0.529086
vt 0.951332 0.528651
vt 0.951606 0.520108
vt 0.908779 0.588655
vt 0.908570 0.596230
vt 0.888084 0.594288
vt 0.817878 0.393121
vt 0.816485 0.400857
vt 0.893710 0.588669
vt 0.820642 0.410473
vt 0.824200 0.402847
vt 0.966049 0.516511
vt 0.963545 0.523277
vt 0.959724 0.515849
vt 0.968422 0.510890
vt 0.969646 0.535882
vt 0.908341 0.576936
vt 0.839787 0.484537
vt 0.843438 0.480708
vt 0.842443 0.487240
vt 0.913045 0.585135
vt 0.805114 0.402727
vt 0.850952 0.486048
vt 0.850598 0.479482
vt 0.838045 0.475777
vt 0.983910 0.519632
vt 0.846616 0.489902
vt 0.852749 0.490668
vt 0.911585 0.590591
vt 0.951008 0.539238
vt 0.949010 0.532550
vt 0.959570 0.534222
vt 0.859369 0.485176
vt 0.862690 0.475618
vt 0.916664 0.592547
vt 0.924642 0.594533
vt 0.882479 0.600067
vt 0.897759 0.602577
vt 0.889424 0.603690
vt 0.863480 0.482255
vt 0.907809 0.600174
vt 0.855648 0.487905
vt 0.857465 0.491354
vt 0.906988 0.610829
vt 0.230148 0.748027
vt 0.897802 0.606650
vt 0.859502 0.488849
vt 0.955124 0.544773
vt 0.901796 0.612112
vt 0.235358 0.747153
vt 0.895941 0.612291
vt 0.241202 0.746828
vt 0.864272 0.489227
vt 0.867390 0.483286
vt 0.808459 0.417372
vt 0.860450 0.494718
vt 0.869844 0.492299
vt 0.057580 0.485935
vt 0.876103 0.480323
vt 0.869918 0.474322
vt 0.877109 0.466577
vt 0.060981 0.473865
vt 0.060327 0.470160
vt 0.866608 0.468526
vt 0.866611 0.480358
vt 0.052539 0.473095
vt 0.051971 0.470113
vt 0.919165 0.600015
vt 0.056260 0.476468
vt 0.917273 0.611936
vt 0.871085 0.484702
vt 0.052795 0.478975
vt 0.045975 0.479844
vt 0.046092 0.473712
vt 0.924988 0.583139
vt 0.915298 0.583207
vt 0.932815 0.579144
vt 0.042140 0.474475
vt 0.039253 0.480979
vt 0.814036 0.418659
vt 0.885117 0.477698
vt 0.053390 0.490815
vt 0.062456 0.490635
vt 0.820993 0.422575
vt 0.928532 0.594721
vt 0.872794 0.488817
vt 0.868754 0.488952
vt 0.934252 0.584258
vt 0.059963 0.492615
vt 0.820026 0.399337
vt 0.066480 0.493826
vt 0.874340 0.497128
vt 0.057006 0.496713
vt 0.873647 0.490413
vt 0.879090 0.489195
vt 0.935349 0.600035
vt 0.825002 0.399576
vt 0.878670 0.493515
vt 0.932634 0.595067
vt 0.939550 0.586810
vt 0.890366 0.479075
vt 0.886022 0.487474
vt 0.045503 0.493400
vt 0.829894 0.400867
vt 0.051737 0.496118
vt 0.038797 0.476785
vt 0.034743 0.474149
vt 0.940691 0.595746
vt 0.031649 0.476938
vt 0.884065 0.492542
vt 0.890227 0.494027
vt 0.894904 0.486636
vt 0.039635 0.493927
vt 0.911478 0.462832
vt 0.896663 0.452985
vt 0.021645 0.483256
vt 0.027297 0.475770
vt 0.892867 0.471773
vt 0.921731 0.592853
vt 0.835901 0.408963
vt 0.837774 0.425022
vt 0.046754 0.497233
vt 0.041886 0.497104
vt 0.910712 0.473439
vt 0.038107 0.502644
vt 0.897663 0.478012
vt 0.837412 0.402247
vt 0.843776 0.402869
vt 0.841195 0.403860
vt 0.023436 0.503709
vt 0.899282 0.485758
vt 0.024397 0.475290
vt 0.903706 0.478013
vt 0.070182 0.499064
vt 0.262801 0.721227
vt 0.241783 0.718325
vt 0.062240 0.496654
vt 0.909005 0.486135
vt 0.064128 0.500456
vt 0.255157 0.728855
vt 0.062437 0.505170
vt 0.812270 0.422769
vt 0.809253 0.426896
vt 0.052500 0.499789
vt 0.879199 0.499922
vt 0.057708 0.502919
vt 0.057134 0.507036
vt 0.876872 0.503730
vt 0.878482 0.507024
vt 0.883745 0.501552
vt 0.049709 0.507839
vt 0.814757 0.427088
vt 0.065139 0.509248
vt 0.072051 0.510931
vt 0.889848 0.497588
vt 0.065960 0.513657
vt 0.049826 0.511316
vt 0.892785 0.499926
vt 0.888952 0.507513
vt 0.885144 0.512321
vt 0.044697 0.502458
vt 0.251516 0.741673
vt 0.894791 0.512118
vt 0.043566 0.505822
vt 0.890486 0.513402
vt 0.897670 0.489210
vt 0.041031 0.511162
vt 0.904090 0.490645
vt 0.895287 0.492356
vt 0.896159 0.495226
vt 0.235330 0.729947
vt 0.229957 0.725005
vt 0.041491 0.527886
vt 0.908514 0.493787
vt 0.821062 0.434192
vt 0.911352 0.488774
vt 0.912137 0.494216
vt 0.914780 0.489109
vt 0.914201 0.494654
vt 0.906762 0.504987
vt 0.031424 0.519357
vt 0.823519 0.445842
vt 0.832184 0.431725
vt 0.913042 0.501806
vt 0.916737 0.503650
vt 0.981830 0.494147
vt 0.961427 0.495257
vt 0.964313 0.486257
vt 0.971577 0.477369
vt 0.212417 0.741884
vt 0.223092 0.727837
vt 0.970356 0.498238
vt 0.910698 0.506846
vt 0.843544 0.409933
vt 0.846628 0.402866
vt 0.838924 0.422197
vt 0.913343 0.504442
vt 0.010139 0.492604
vt 0.986687 0.488995
vt 0.980823 0.477599
vt 0.010240 0.484045
vt 0.986592 0.480431
vt 0.842529 0.419329
vt 0.015883 0.487224
vt 0.012026 0.496538
vt 0.012961 0.483464
vt 0.231562 0.745891
vt 0.908669 0.513566
vt 0.911593 0.513440
vt 0.913873 0.508409
vt 0.919485 0.510996
vt 0.849704 0.426397
vt 0.915413 0.513966
vt 0.844828 0.426989
vt 0.912174 0.520751
vt 0.978168 0.501485
vt 0.973789 0.506769
vt 0.844635 0.430013
vt 0.919442 0.521058
vt 0.916080 0.523406
vt 0.215132 0.728632
vt 0.981008 0.503025
vt 0.220008 0.747060
vt 0.925646 0.527703
vt 0.923222 0.529441
vt 0.819595 0.488149
vt 0.821602 0.490742
vt 0.015439 0.507751
vt 0.824188 0.488045
vt 0.821506 0.487732
vt 0.826255 0.492102
vt 0.922481 0.611939
vt 0.214708 0.746978
vt 0.831590 0.489658
vt 0.830535 0.506691
vt 0.009747 0.501156
vt 0.986223 0.497485
vt 0.834586 0.483488
vt 0.012182 0.512814
vt 0.009330 0.510686
vt 0.985890 0.507032
vt 0.835595 0.489510
vt 0.838584 0.487527
vt 0.837936 0.491845
vt 0.843969 0.445775
vt 0.846165 0.495238
vt 0.965509 0.503041
vt 0.014042 0.477095
vt 0.836214 0.508679
vt 0.200335 0.730035
vt 0.208700 0.721150
vt 0.830652 0.510863
vt 0.978139 0.512724
vt 0.020407 0.525026
vt 0.841784 0.514348
vt 0.009667 0.520381
vt 0.986524 0.516740
vt 0.934078 0.611446
vt 0.203208 0.747230
vt 0.013356 0.523863
vt 0.858530 0.402105
vt 0.029535 0.533045
vt 0.831138 0.515791
vt 0.011768 0.528094
vt 0.988563 0.524496
vt 0.835281 0.511316
vt 0.834740 0.517434
vt 0.939459 0.611360
vt 0.947361 0.601715
vt 0.189506 0.746953
vt 0.947864 0.611456
vt 0.013637 0.537115
vt 0.833730 0.522550
vt 0.838353 0.519589
vt 0.866872 0.384568
vt 0.185458 0.742084
vt 0.981484 0.531659
vt 0.831646 0.529258
vt 0.836843 0.528074
vt 0.837930 0.525655
vt 0.836299 0.533580
vt 0.986382 0.526093
vt 0.985433 0.534279
vt 0.840694 0.526819
vt 0.925726 0.533234
vt 0.928992 0.523337
vt 0.874811 0.381096
vt 0.844506 0.536059
vt 0.929691 0.537175
vt 0.876236 0.390229
vt 0.841008 0.532609
vt 0.925161 0.540254
vt 0.843034 0.535969
vt 0.924990 0.548717
vt 0.927482 0.547272
vt 0.829983 0.533734
vt 0.832968 0.535943
vt 0.942121 0.537477
vt 0.930427 0.554046
vt 0.943253 0.544988
vt 0.859740 0.509357
vt 0.942380 0.522465
vt 0.858077 0.515947
vt 0.945334 0.538840
vt 0.948411 0.543933
vt 0.984482 0.345556
vt 0.009124 0.348641
vt 0.872024 0.506042
vt 0.071239 0.523925
vt 0.863292 0.511059
vt 0.880006 0.398354
vt 0.870750 0.508582
vt 0.015118 0.341095
vt 0.902401 0.394655
vt 0.012063 0.339418
vt 0.859843 0.527323
vt 0.013142 0.345834
vt 0.852263 0.405731
vt 0.848833 0.408874
vt 0.020952 0.351156
vt 0.861695 0.516523
vt 0.015430 0.356794
vt 0.862508 0.522696
vt 0.024566 0.354833
vt 0.866113 0.519693
vt 0.869485 0.512578
vt 0.874326 0.511892
vt 0.022623 0.359967
vt 0.861205 0.406854
vt 0.981486 0.351061
vt 0.972191 0.348332
vt 0.871589 0.525203
vt 0.978400 0.356595
vt 0.864351 0.525014
vt 0.010054 0.357439
vt 0.985333 0.354328
vt 0.868210 0.526031
vt 0.012451 0.354591
vt 0.869460 0.412300
vt 0.986417 0.361235
vt 0.011219 0.364345
vt 0.082873 0.539881
vt 0.075369 0.537668
vt 0.026506 0.362123
vt 0.880036 0.521144
vt 0.014590 0.363692
vt 0.886122 0.518337
vt 0.026980 0.367640
vt 0.872154 0.408922
vt 0.024253 0.365762
vt 0.022612 0.375272
vt 0.059194 0.533915
vt 0.010668 0.369268
vt 0.985987 0.366161
vt 0.009651 0.373786
vt 0.984814 0.370677
vt 0.066450 0.541575
vt 0.071300 0.544145
vt 0.013248 0.372323
vt 0.014804 0.375888
vt 0.831071 0.540511
vt 0.871084 0.426252
vt 0.027160 0.375286
vt 0.839847 0.540900
vt 0.834928 0.545238
vt 0.831257 0.543573
vt 0.047178 0.535622
vt 0.837208 0.552269
vt 0.974656 0.374782
vt 0.981935 0.378061
vt 0.010793 0.381028
vt 0.986262 0.377877
vt 0.844342 0.549886
vt 0.061737 0.540705
vt 0.013968 0.385833
vt 0.840558 0.556007
vt 0.027812 0.385183
vt 0.061820 0.545222
vt 0.839917 0.561369
vt 0.847000 0.561085
vt 0.057647 0.545134
vt 0.052472 0.540794
vt 0.014673 0.392372
vt 0.023623 0.391366
vt 0.985340 0.386128
vt 0.009989 0.389348
vt 0.042926 0.545170
vt 0.012111 0.391006
vt 0.039657 0.541906
vt 0.038140 0.538232
vt 0.985742 0.395302
vt 0.010435 0.398550
vt 0.013642 0.399706
vt 0.015912 0.401228
vt 0.849418 0.556590
vt 0.853231 0.556261
vt 0.050234 0.547877
vt 0.047413 0.545056
vt 0.238754 0.657789
vt 0.253177 0.659008
vt 0.045763 0.549439
vt 0.900130 0.400856
vt 0.251567 0.662234
vt 0.249382 0.658881
vt 0.878946 0.414435
vt 0.243484 0.659369
vt 0.882956 0.420213
vt 0.240862 0.663073
vt 0.868908 0.533030
vt 0.865285 0.533126
vt 0.074690 0.548534
vt 0.863761 0.540597
vt 0.867703 0.537652
vt 0.083634 0.552893
vt 0.876244 0.425491
vt 0.875939 0.526386
vt 0.875084 0.538443
vt 0.878603 0.423388
vt 0.075166 0.551062
vt 0.867159 0.541404
vt 0.870922 0.538995
vt 0.891186 0.412420
vt 0.239681 0.633853
vt 0.064077 0.548474
vt 0.872400 0.548986
vt 0.868946 0.549706
vt 0.887389 0.428278
vt 0.877988 0.554332
vt 0.067974 0.553712
vt 0.865841 0.558139
vt 0.227977 0.630375
vt 0.867790 0.554111
vt 0.220236 0.639426
vt 0.846255 0.563659
vt 0.089251 0.558076
vt 0.839521 0.565879
vt 0.084852 0.560089
vt 0.230442 0.649912
vt 0.087623 0.562184
vt 0.851436 0.567222
vt 0.081088 0.560743
vt 0.076501 0.554565
vt 0.850359 0.561094
vt 0.077193 0.564687
vt 0.072660 0.557026
vt 0.082856 0.563654
vt 0.081408 0.565628
vt 0.071299 0.560898
vt 0.235559 0.659067
vt 0.061964 0.551294
vt 0.235106 0.662837
vt 0.061080 0.554939
vt 0.057136 0.548523
vt 0.219891 0.656382
vt 0.201969 0.651765
vt 0.212486 0.659268
vt 0.054052 0.551569
vt 0.051195 0.551300
vt 0.044149 0.553335
vt 0.870249 0.562228
vt 0.841079 0.456722
vt 0.872393 0.553541
vt 0.871697 0.558054
vt 0.049720 0.562324
vt 0.875101 0.563162
vt 0.877570 0.562036
vt 0.862406 0.431393
vt 0.065049 0.561491
vt 0.067524 0.559387
vt 0.059881 0.563513
vt 0.871121 0.569744
vt 0.068161 0.566785
vt 0.223817 0.658598
vt 0.873464 0.565368
vt 0.063408 0.565726
vt 0.880936 0.566931
vt 0.877619 0.571071
vt 0.226277 0.662794
vt 0.051727 0.568294
vt 0.860421 0.441365
vt 0.881188 0.524509
vt 0.884969 0.523530
vt 0.887423 0.525991
vt 0.882508 0.531657
vt 0.890582 0.528740
vt 0.217895 0.662314
vt 0.209848 0.663086
vt 0.890744 0.524023
vt 0.035354 0.544829
vt 0.037229 0.548517
vt 0.892997 0.518125
vt 0.215599 0.674041
vt 0.207388 0.678002
vt 0.032923 0.550884
vt 0.028041 0.547179
vt 0.897704 0.531736
vt 0.207257 0.670365
vt 0.951599 0.548024
vt 0.863479 0.453931
vt 0.951940 0.554385
vt 0.961981 0.556728
vt 0.889216 0.538980
vt 0.892395 0.530748
vt 0.970680 0.548838
vt 0.977566 0.538961
vt 0.254423 0.690060
vt 0.823631 0.472578
vt 0.240250 0.683571
vt 0.981415 0.542976
vt 0.818418 0.476922
vt 0.907301 0.529374
vt 0.910047 0.524016
vt 0.833771 0.470810
vt 0.968462 0.553356
vt 0.970408 0.560578
vt 0.912713 0.528468
vt 0.912388 0.534107
vt 0.908142 0.539658
vt 0.918294 0.531205
vt 0.977983 0.552521
vt 0.888627 0.554346
vt 0.831816 0.477611
vt 0.980394 0.559428
vt 0.893466 0.550293
vt 0.041078 0.552079
vt 0.040693 0.557071
vt 0.891885 0.546041
vt 0.895118 0.544118
vt 0.897776 0.539927
vt 0.899374 0.546686
vt 0.033994 0.557536
vt 0.042921 0.561740
vt 0.045034 0.565643
vt 0.037043 0.565258
vt 0.041525 0.566555
vt 0.892376 0.565033
vt 0.895276 0.558864
vt 0.853525 0.462781
vt 0.029110 0.550738
vt 0.908282 0.556025
vt 0.232773 0.683881
vt 0.024225 0.558526
vt 0.028648 0.558810
vt 0.220941 0.688672
vt 0.030753 0.561620
vt 0.885997 0.566511
vt 0.024162 0.565000
vt 0.889905 0.566448
vt 0.043819 0.571368
vt 0.050464 0.577623
vt 0.912517 0.540375
vt 0.913038 0.546551
vt 0.913753 0.557666
vt 0.215722 0.693414
vt 0.038611 0.573217
vt 0.034009 0.573794
vt 0.916493 0.538420
vt 0.921755 0.536996
vt 0.030656 0.570489
vt 0.916285 0.546575
vt 0.921374 0.545843
vt 0.023336 0.572043
vt 0.229360 0.710879
vt 0.030439 0.575698
vt 0.038707 0.579030
vt 0.031102 0.577491
vt 0.907908 0.567400
vt 0.962938 0.566006
vt 0.966654 0.572571
vt 0.969712 0.566791
vt 0.919828 0.552926
vt 0.974460 0.570093
vt 0.924697 0.556782
vt 0.918717 0.451579
vt 0.919472 0.454934
vt 0.922379 0.456060
vt 0.979735 0.570772
vt 0.925506 0.458662
vt 0.215582 0.681069
vt 0.987660 0.566387
vt 0.924409 0.448380
vt 0.975676 0.573097
vt 0.929088 0.449673
vt 0.973177 0.579754
vt 0.982159 0.574963
vt 0.938588 0.457685
vt 0.872253 0.436487
vt 0.018996 0.567445
vt 0.923581 0.472771
vt 0.018282 0.573067
vt 0.180389 0.657790
vt 0.026512 0.577221
vt 0.023323 0.578156
vt 0.920328 0.476602
vt 0.021381 0.579512
vt 0.021381 0.579512
vt 0.195204 0.658774
vt 0.018424 0.580819
vt 0.989965 0.573724
vt 0.013581 0.577785
vt 0.942776 0.473399
vt 0.932366 0.479409
vt 0.877633 0.450202
vt 0.986003 0.573784
vt 0.934628 0.440159
vt 0.942191 0.441204
vt 0.980032 0.581501
vt 0.982394 0.578052
vt 0.205224 0.658272
vt 0.986691 0.577407
vt 0.205007 0.662253
vt 0.950525 0.455801
vt 0.956405 0.440914
vt 0.196035 0.662890
vt 0.878622 0.429598
vt 0.878115 0.435519
vt 0.881208 0.430739
vt 0.202321 0.659041
vt 0.956260 0.468353
vt 0.892152 0.421832
vt 0.963674 0.475846
vt 0.185343 0.662486
vt 0.189227 0.669899
vt 0.945292 0.479166
vt 0.031016 0.540903
vt 0.020641 0.537723
vt 0.924967 0.483411
vt 0.922751 0.492299
vt 0.025793 0.544302
vt 0.171894 0.658301
vt 0.883648 0.438397
vt 0.926997 0.490564
vt 0.165523 0.662020
vt 0.931640 0.488511
vt 0.158363 0.675473
vt 0.933808 0.487155
vt 0.939012 0.485036
vt 0.938808 0.488381
vt 0.920986 0.499428
vt 0.907668 0.430051
vt 0.907032 0.422193
vt 0.925195 0.493589
vt 0.928214 0.494761
vt 0.925256 0.502270
vt 0.931984 0.492348
vt 0.892407 0.440692
vt 0.924349 0.508971
vt 0.022917 0.547094
vt 0.020696 0.556840
vt 0.936120 0.491724
vt 0.942153 0.491436
vt 0.014871 0.549729
vt 0.159907 0.666186
vt 0.941875 0.494324
vt 0.951336 0.474823
vt 0.011492 0.541274
vt 0.988288 0.537721
vt 0.956849 0.477859
vt 0.986692 0.539567
vt 0.947411 0.486748
vt 0.944691 0.489316
vt 0.215537 0.712191
vt 0.950031 0.491153
vt 0.985623 0.546430
vt 0.989490 0.546631
vt 0.012784 0.550165
vt 0.954878 0.490023
vt 0.990769 0.555046
vt 0.013957 0.558690
vt 0.987231 0.553951
vt 0.946843 0.493855
vt 0.967502 0.441876
vt 0.959333 0.427986
vt 0.978260 0.441013
vt 0.975113 0.430253
vt 0.971138 0.448960
vt 0.179319 0.708818
vt 0.013506 0.566138
vt 0.990559 0.562399
vt 0.031114 0.432205
vt 0.028403 0.423855
vt 0.027867 0.431043
vt 0.031998 0.438422
vt 0.027525 0.441741
vt 0.215323 0.685491
vt 0.014096 0.571407
vt 0.990914 0.567649
vt 0.046899 0.450889
vt 0.032150 0.445563
vt 0.093336 0.565511
vt 0.088441 0.564635
vt 0.911691 0.439260
vt 0.031192 0.450468
vt 0.094598 0.571698
vt 0.026402 0.436768
vt 0.025309 0.428904
vt 0.019746 0.437384
vt 0.088543 0.571397
vt 0.090907 0.574733
vt 0.021185 0.441883
vt 0.982151 0.437597
vt 0.011324 0.434012
vt 0.986989 0.430598
vt 0.011790 0.441548
vt 0.987445 0.438124
vt 0.099855 0.579542
vt 0.981685 0.450836
vt 0.085870 0.581936
vt 0.085306 0.576420
vt 0.986707 0.447313
vt 0.010813 0.450736
vt 0.014625 0.436486
vt 0.093366 0.582015
vt 0.098469 0.582929
vt 0.091262 0.583896
vt 0.018231 0.441607
vt 0.014174 0.426557
vt 0.084076 0.571265
vt 0.016020 0.447215
vt 0.026797 0.447843
vt 0.021851 0.447306
vt 0.079643 0.572553
vt 0.075082 0.567437
vt 0.076048 0.576936
vt 0.027544 0.451467
vt 0.031345 0.452512
vt 0.164581 0.693101
vt 0.025146 0.455852
vt 0.081174 0.574918
vt 0.080157 0.578136
vt 0.014225 0.452639
vt 0.020570 0.455671
vt 0.823188 0.480770
vt 0.013881 0.461863
vt 0.986155 0.458437
vt 0.010103 0.461939
vt 0.079588 0.582501
vt 0.093063 0.586296
vt 0.083058 0.587018
vt 0.083377 0.583966
vt 0.071167 0.587375
vt 0.047669 0.453396
vt 0.049228 0.462427
vt 0.071125 0.575448
vt 0.067990 0.570940
vt 0.065026 0.573096
vt 0.060581 0.576467
vt 0.055093 0.582837
vt 0.163147 0.728587
vt 0.044628 0.470107
vt 0.040394 0.469976
vt 0.063456 0.583401
vt 0.031131 0.468848
vt 0.855303 0.586903
vt 0.027445 0.470720
vt 0.855085 0.592626
vt 0.071863 0.583859
vt 0.872734 0.584375
vt 0.873200 0.579686
vt 0.862699 0.590855
vt 0.032305 0.459825
vt 0.852686 0.596767
vt 0.074084 0.590055
vt 0.027588 0.460840
vt 0.907503 0.391767
vt 0.065874 0.589505
vt 0.857044 0.604027
vt 0.025608 0.460995
vt 0.059308 0.586472
vt 0.880422 0.596339
vt 0.021185 0.468713
vt 0.067244 0.596261
vt 0.067207 0.593176
vt 0.059704 0.590014
vt 0.060713 0.594417
vt 0.057979 0.593265
vt 0.053126 0.590776
vt 0.877078 0.576031
vt 0.091923 0.590577
vt 0.099043 0.590217
vt 0.014773 0.473273
vt 0.883748 0.577089
vt 0.095376 0.594097
vt 0.872359 0.590288
vt 0.877800 0.588953
vt 0.886439 0.588466
vt 0.094989 0.600952
vt 0.926538 0.387780
vt 0.102660 0.604858
vt 0.086821 0.597587
vt 0.266940 0.726512
vt 0.090481 0.604708
vt 0.974353 0.458179
vt 0.100183 0.607888
vt 0.089931 0.608214
vt 0.081254 0.608122
vt 0.152847 0.676521
vt 0.153635 0.669449
vt 0.912946 0.394538
vt 0.152176 0.686733
vt 0.863202 0.612028
vt 0.273903 0.746897
vt 0.156820 0.685973
vt 0.148955 0.677112
vt 0.151188 0.664288
vt 0.873766 0.603459
vt 0.266769 0.746651
vt 0.870360 0.612231
vt 0.087956 0.613160
vt 0.145246 0.670419
vt 0.074390 0.613063
vt 0.145139 0.684067
vt 0.144940 0.677593
vt 0.080836 0.612693
vt 0.933478 0.387645
vt 0.937973 0.387014
vt 0.986694 0.469247
vt 0.010651 0.472820
vt 0.919441 0.402402
vt 0.925633 0.393975
vt 0.925823 0.402283
vt 0.012334 0.465575
vt 0.151215 0.697744
vt 0.145707 0.688536
vt 0.069910 0.613375
vt 0.932242 0.391286
vt 0.065870 0.613104
vt 0.145265 0.692536
vt 0.088084 0.589134
vt 0.085099 0.594377
vt 0.083155 0.590381
vt 0.079313 0.590314
vt 0.932661 0.400895
vt 0.081660 0.597033
vt 0.084080 0.603484
vt 0.076685 0.511087
vt 0.076734 0.593799
vt 0.928308 0.508875
vt 0.258066 0.746979
vt 0.879079 0.611981
vt 0.074081 0.595421
vt 0.250072 0.747253
vt 0.887052 0.611867
vt 0.925870 0.507595
vt 0.253732 0.745640
vt 0.926039 0.515831
vt 0.059790 0.598248
vt 0.942645 0.506381
vt 0.065141 0.603315
vt 0.060319 0.605141
vt 0.890285 0.573918
vt 0.925005 0.522622
vt 0.892015 0.573796
vt 0.895370 0.571298
vt 0.064548 0.606813
vt 0.894342 0.577702
vt 0.945016 0.512458
vt 0.071476 0.609326
vt 0.060732 0.607466
vt 0.909911 0.404754
vt 0.945191 0.522642
vt 0.145698 0.700621
vt 0.057606 0.612874
vt 0.946852 0.499267
vt 0.906243 0.401096
vt 0.046338 0.575617
vt 0.047341 0.582696
vt 0.043276 0.582860
vt 0.948440 0.507078
vt 0.951069 0.506595
vt 0.912707 0.562161
vt 0.912770 0.564548
vt 0.914602 0.566416
vt 0.912663 0.574905
vt 0.961647 0.505714
vt 0.045820 0.586382
vt 0.918208 0.564732
vt 0.917253 0.568887
vt 0.950275 0.514432
vt 0.954390 0.513347
vt 0.920574 0.559829
vt 0.036997 0.583701
vt 0.948472 0.516466
vt 0.026972 0.582558
vt 0.927005 0.559855
vt 0.920474 0.563243
vt 0.923389 0.564374
vt 0.033050 0.587162
vt 0.927474 0.567954
vt 0.926363 0.563246
vt 0.930730 0.566168
vt 0.943804 0.365454
vt 0.049053 0.592110
vt 0.053225 0.594120
vt 0.046193 0.596813
vt 0.933272 0.573841
vt 0.043288 0.590062
vt 0.043268 0.595192
vt 0.947782 0.526785
vt 0.954527 0.359379
vt 0.035074 0.589813
vt 0.945741 0.532206
vt 0.027686 0.594781
vt 0.039656 0.591935
vt 0.033945 0.594254
vt 0.037741 0.595504
vt 0.947374 0.535574
vt 0.948661 0.523298
vt 0.025891 0.583897
vt 0.025891 0.583897
vt 0.017817 0.584498
vt 0.024617 0.585820
vt 0.019025 0.588222
vt 0.953936 0.371197
vt 0.021095 0.592184
vt 0.988576 0.579102
vt 0.012787 0.583560
vt 0.988225 0.582377
vt 0.012213 0.586821
vt 0.981686 0.584135
vt 0.984406 0.584882
vt 0.012008 0.592076
vt 0.988862 0.587954
vt 0.970888 0.356623
vt 0.024133 0.599015
vt 0.027787 0.603037
vt 0.965205 0.363047
vt 0.017354 0.598935
vt 0.990852 0.596968
vt 0.013932 0.600983
vt 0.986799 0.598811
vt 0.022646 0.605369
vt 0.015729 0.605443
vt 0.011327 0.604112
vt 0.988467 0.600386
vt 0.154633 0.717729
vt 0.170095 0.703992
vt 0.971229 0.364680
vt 0.952539 0.383184
vt 0.946019 0.384963
vt 0.156204 0.693988
vt 0.155904 0.701992
vt 0.150089 0.706276
vt 0.153877 0.705917
vt 0.155041 0.710577
vt 0.150479 0.710947
vt 0.950151 0.396536
vt 0.957707 0.392418
vt 0.053860 0.597659
vt 0.056745 0.601250
vt 0.978478 0.392955
vt 0.048749 0.601420
vt 0.055325 0.606068
vt 0.039814 0.606009
vt 0.043259 0.610712
vt 0.927151 0.409697
vt 0.940527 0.408660
vt 0.034687 0.608760
vt 0.054106 0.610650
vt 0.048783 0.613229
vt 0.146443 0.709272
vt 0.940126 0.419256
vt 0.040676 0.613132
vt 0.146994 0.717274
vt 0.150315 0.729774
vt 0.153216 0.729241
vt 0.028080 0.611651
vt 0.146642 0.729848
vt 0.912562 0.411919
vt 0.153777 0.734731
vt 0.918254 0.414244
vt 0.154829 0.741912
vt 0.150851 0.738441
vt 0.023146 0.609388
vt 0.918930 0.425057
vt 0.019973 0.608233
vt 0.012797 0.608724
vt 0.147575 0.739437
vt 0.018521 0.611225
vt 0.922810 0.433341
vt 0.150548 0.743182
vt 0.940423 0.562719
vt 0.930177 0.423444
vt 0.934252 0.426421
vt 0.945476 0.554566
vt 0.947833 0.552189
vt 0.947796 0.557809
vt 0.918884 0.439922
vt 0.946380 0.568894
vt 0.926841 0.441234
vt 0.947499 0.563529
vt 0.917812 0.445096
vt 0.951509 0.561994
vt 0.959248 0.565213
vt 0.922058 0.445195
vt 0.940345 0.581230
vt 0.957998 0.574237
vt 0.947313 0.583795
vt 0.940097 0.583508
vt 0.944290 0.584377
vt 0.932098 0.433242
vt 0.940792 0.430186
vt 0.960884 0.568255
vt 0.958706 0.580864
vt 0.947665 0.591696
vt 0.950618 0.587973
vt 0.954672 0.592083
vt 0.962239 0.579111
vt 0.961500 0.574274
vt 0.964624 0.583657
vt 0.960131 0.588465
vt 0.964688 0.587203
vt 0.948784 0.402591
vt 0.956698 0.586188
vt 0.951845 0.414046
vt 0.963122 0.572454
vt 0.963559 0.402001
vt 0.970522 0.579390
vt 0.971683 0.585105
vt 0.950096 0.595336
vt 0.953952 0.599651
vt 0.971366 0.408537
vt 0.957934 0.602074
vt 0.956165 0.595466
vt 0.029682 0.389115
vt 0.967150 0.595805
vt 0.026306 0.397622
vt 0.959963 0.598738
vt 0.964669 0.599556
vt 0.029910 0.403612
vt 0.958551 0.610696
vt 0.178979 0.747442
vt 0.023448 0.400221
vt 0.022050 0.406612
vt 0.967058 0.610409
vt 0.170672 0.747198
vt 0.164431 0.747554
vt 0.973420 0.609606
vt 0.966968 0.601308
vt 0.973945 0.590160
vt 0.965039 0.590686
vt 0.971673 0.598187
vt 0.979469 0.401583
vt 0.976575 0.411594
vt 0.983909 0.589895
vt 0.013287 0.406483
vt 0.980296 0.598089
vt 0.978423 0.600862
vt 0.973995 0.603830
vt 0.981838 0.408296
vt 0.978926 0.603683
vt 0.985989 0.406170
vt 0.010417 0.409436
vt 0.156326 0.747524
vt 0.981588 0.608761
vt 0.987607 0.605300
vt 0.009086 0.608951
vt 0.985334 0.606358
vt 0.966897 0.424140
vt 0.010488 0.611522
vt 0.149455 0.747107
vt 0.988500 0.607843
vt 0.027427 0.413861
vt 0.164664 0.649137
vt 0.026180 0.417760
vt 0.164283 0.658087
vt 0.159009 0.661364
vt 0.155877 0.660365
vt 0.145276 0.652446
vt 0.106148 0.613022
vt 0.980277 0.419876
vt 0.157573 0.665961
vt 0.985485 0.414976
vt 0.009959 0.418260
vt 0.014811 0.414264
vt 0.012682 0.417359
vt 0.145213 0.661790
vt 0.096610 0.613133
vt 0.015186 0.422192
vt 0.010727 0.425775
vt 0.986390 0.422436
vt 0.145461 0.666889
vt 0.091448 0.612947
usemtl mat
f 1/1 2/2 3/3
f 5/5 6/6 7/7
f 9/9 7/7 6/6
f 12/12 13/13 9/9
f 14/14 15/15 16/16
f 13/13 7/7 9/9
f 17/17 18/18 19/19
f 16/16 15/15 20/20
f 13/13 21/21 7/7
f 23/23 21/21 13/13
f 19/19 18/18 24/24
f 22/22 4/4 8/8
f 18/18 25/25 24/24
f 26/26 18/18 17/17
f 27/27 18/18 26/26
f 28/28 29/29 11/11
f 12/12 30/30 31/31
f 32/32 26/26 33/33
f 31/31 13/13 12/12
f 13/13 34/34 23/23
f 31/31 34/34 13/13
f 31/31 30/30 36/36
f 36/36 37/37 31/31
f 37/37 34/34 31/31
f 37/37 36/36 38/38
f 40/40 11/11 10/10
f 16/16 41/41 42/42
f 44/44 21/21 23/23
f 35/35 32/32 33/33
f 43/43 4/4 22/22
f 41/41 45/45 42/42
f 28/28 11/11 40/40
f 47/47 49/49 44/44
f 46/46 26/26 32/32
f 46/46 27/27 26/26
f 51/51 53/53 50/50
f 54/54 27/27 46/46
f 47/47 44/44 23/23
f 50/50 23/23 34/34
f 23/23 50/50 47/47
f 55/55 28/28 40/40
f 34/34 51/51 50/50
f 54/54 46/46 32/32
f 56/56 54/54 32/32
f 37/37 38/38 51/51
f 37/37 51/51 34/34
f 51/51 38/38 52/52
f 24/24 57/57 58/58
f 57/57 24/24 25/25
f 49/49 47/47 59/59
f 53/53 47/47 50/50
f 2/2 60/60 61/61
f 62/62 25/25 18/18
f 63/63 25/25 62/62
f 64/64 53/53 51/51
f 59/59 47/47 53/53
f 63/63 57/57 25/25
f 63/63 65/65 57/57
f 63/63 62/62 66/66
f 65/65 68/68 57/57
f 48/48 69/69 43/43
f 65/65 70/70 68/68
f 71/71 70/70 65/65
f 72/72 69/69 48/48
f 73/73 71/71 65/65
f 75/75 65/65 63/63
f 30/30 74/74 36/36
f 75/75 73/73 65/65
f 73/73 75/75 76/76
f 36/36 74/74 77/77
f 36/36 77/77 38/38
f 54/54 62/62 18/18
f 27/27 54/54 18/18
f 66/66 62/62 78/78
f 62/62 54/54 78/78
f 79/79 80/80 54/54
f 81/81 77/77 74/74
f 82/82 83/83 81/81
f 84/84 85/85 86/86
f 83/83 77/77 81/81
f 80/80 78/78 54/54
f 87/87 3/3 88/88
f 78/78 80/80 89/89
f 79/79 89/89 80/80
f 88/88 90/90 87/87
f 91/91 89/89 79/79
f 75/75 63/63 66/66
f 92/92 52/52 77/77
f 85/85 41/41 86/86
f 78/78 75/75 66/66
f 93/93 84/84 88/88
f 94/94 92/92 77/77
f 76/76 75/75 78/78
f 88/88 84/84 95/95
f 90/90 88/88 95/95
f 77/77 52/52 38/38
f 89/89 76/76 78/78
f 96/96 89/89 91/91
f 96/96 76/76 89/89
f 64/64 51/51 52/52
f 87/87 1/1 3/3
f 97/97 64/64 52/52
f 39/39 35/35 98/98
f 98/98 99/99 39/39
f 35/35 39/39 32/32
f 52/52 92/92 97/97
f 100/100 39/39 99/99
f 101/101 102/102 97/97
f 100/100 99/99 103/103
f 90/90 95/95 104/104
f 105/105 97/97 92/92
f 106/106 95/95 84/84
f 104/104 95/95 106/106
f 101/101 97/97 105/105
f 107/107 39/39 100/100
f 77/77 83/83 94/94
f 90/90 104/104 87/87
f 56/56 108/108 109/109
f 94/94 105/105 92/92
f 56/56 109/109 110/110
f 94/94 83/83 111/111
f 39/39 56/56 32/32
f 39/39 108/108 56/56
f 113/113 111/111 82/82
f 108/108 39/39 107/107
f 83/83 82/82 111/111
f 109/109 108/108 107/107
f 94/94 114/114 105/105
f 112/112 55/55 40/40
f 111/111 114/114 94/94
f 115/115 1/1 87/87
f 102/102 116/116 97/97
f 112/112 40/40 117/117
f 103/103 107/107 100/100
f 114/114 101/101 105/105
f 101/101 114/114 102/102
f 102/102 114/114 118/118
f 120/120 86/86 41/41
f 106/106 84/84 86/86
f 114/114 121/121 118/118
f 109/109 107/107 122/122
f 122/122 107/107 103/103
f 123/123 122/122 103/103
f 125/125 124/124 118/118
f 56/56 79/79 54/54
f 126/126 79/79 56/56
f 128/128 129/129 130/130
f 91/91 79/79 126/126
f 129/129 131/131 130/130
f 41/41 16/16 127/127
f 120/120 41/41 132/132
f 110/110 126/126 56/56
f 128/128 133/133 129/129
f 41/41 127/127 132/132
f 106/106 86/86 134/134
f 135/135 131/131 129/129
f 134/134 86/86 120/120
f 136/136 135/135 129/129
f 137/137 131/131 135/135
f 137/137 135/135 138/138
f 96/96 91/91 139/139
f 140/140 28/28 55/55
f 141/141 106/106 134/134
f 142/142 138/138 135/135
f 141/141 134/134 143/143
f 144/144 139/139 91/91
f 144/144 91/91 126/126
f 146/146 110/110 109/109
f 147/147 142/142 135/135
f 148/148 126/126 110/110
f 145/145 138/138 142/142
f 146/146 148/148 110/110
f 109/109 122/122 146/146
f 143/143 134/134 120/120
f 145/145 142/142 149/149
f 143/143 120/120 132/132
f 150/150 148/148 146/146
f 122/122 150/150 146/146
f 151/151 150/150 122/122
f 152/152 150/150 151/151
f 132/132 153/153 143/143
f 154/154 136/136 129/129
f 154/154 129/129 133/133
f 155/155 136/136 154/154
f 148/148 156/156 126/126
f 157/157 136/136 155/155
f 158/158 140/140 55/55
f 157/157 155/155 159/159
f 148/148 160/160 156/156
f 148/148 150/150 152/152
f 148/148 152/152 160/160
f 158/158 55/55 161/161
f 159/159 162/162 157/157
f 163/163 156/156 160/160
f 164/164 163/163 160/160
f 162/162 159/159 165/165
f 166/166 157/157 162/162
f 167/167 168/168 169/169
f 166/166 162/162 165/165
f 170/170 2/2 1/1
f 73/73 171/171 71/71
f 169/169 71/71 167/167
f 171/171 167/167 71/71
f 172/172 135/135 136/136
f 173/173 174/174 175/175
f 136/136 157/157 176/176
f 176/176 172/172 136/136
f 177/177 147/147 172/172
f 176/176 177/177 172/172
f 172/172 147/147 135/135
f 179/179 170/170 1/1
f 180/180 170/170 179/179
f 177/177 176/176 182/182
f 183/183 182/182 176/176
f 167/167 181/181 168/168
f 184/184 181/181 167/167
f 185/185 186/186 187/187
f 149/149 142/142 147/147
f 188/188 1/1 115/115
f 189/189 185/185 187/187
f 190/190 189/189 187/187
f 171/171 73/73 191/191
f 149/149 147/147 177/177
f 76/76 96/96 191/191
f 192/192 149/149 177/177
f 193/193 194/194 189/189
f 191/191 73/73 76/76
f 195/195 177/177 182/182
f 196/196 195/195 182/182
f 185/185 197/197 186/186
f 195/195 192/192 177/177
f 194/194 198/198 197/197
f 194/194 197/197 185/185
f 171/171 184/184 167/167
f 187/187 186/186 199/199
f 200/200 179/179 1/1
f 157/157 183/183 176/176
f 201/201 171/171 191/191
f 202/202 183/183 157/157
f 203/203 204/204 171/171
f 157/157 205/205 202/202
f 204/204 184/184 171/171
f 205/205 157/157 166/166
f 206/206 205/205 166/166
f 71/71 169/169 70/70
f 196/196 182/182 183/183
f 207/207 196/196 183/183
f 208/208 191/191 96/96
f 195/195 196/196 209/209
f 207/207 209/209 196/196
f 168/168 210/210 178/178
f 202/202 207/207 183/183
f 205/205 211/211 202/202
f 207/207 202/202 213/213
f 185/185 189/189 194/194
f 198/198 194/194 193/193
f 215/215 209/209 207/207
f 213/213 215/215 207/207
f 168/168 212/212 210/210
f 181/181 212/212 168/168
f 218/218 206/206 166/166
f 219/219 211/211 205/205
f 60/60 40/40 198/198
f 206/206 218/218 219/219
f 219/219 205/205 206/206
f 210/210 212/212 220/220
f 221/221 219/219 218/218
f 220/220 212/212 222/222
f 223/223 2/2 170/170
f 213/213 202/202 211/211
f 224/224 213/213 211/211
f 220/220 225/225 210/210
f 2/2 223/223 216/216
f 226/226 216/216 223/223
f 61/61 198/198 193/193
f 33/33 211/211 219/219
f 33/33 224/224 211/211
f 35/35 33/33 219/219
f 60/60 198/198 61/61
f 227/227 221/221 228/228
f 229/229 230/230 231/231
f 232/232 181/181 184/184
f 233/233 230/230 217/217
f 234/234 230/230 233/233
f 204/204 235/235 184/184
f 98/98 219/219 221/221
f 98/98 221/221 227/227
f 216/216 233/233 217/217
f 232/232 212/212 181/181
f 219/219 98/98 35/35
f 233/233 216/216 231/231
f 232/232 222/222 212/212
f 231/231 234/234 233/233
f 231/231 230/230 234/234
f 235/235 232/232 184/184
f 232/232 235/235 236/236
f 99/99 98/98 227/227
f 103/103 227/227 237/237
f 103/103 99/99 227/227
f 236/236 238/238 232/232
f 239/239 178/178 210/210
f 239/239 210/210 214/214
f 226/226 231/231 216/216
f 119/119 103/103 67/67
f 208/208 201/201 191/191
f 187/187 241/241 242/242
f 243/243 244/244 245/245
f 246/246 229/229 231/231
f 247/247 201/201 208/208
f 249/249 250/250 251/251
f 253/253 254/254 248/248
f 250/250 255/255 257/257
f 208/208 139/139 247/247
f 249/249 255/255 250/250
f 139/139 258/258 247/247
f 242/242 190/190 187/187
f 259/259 190/190 242/242
f 258/258 139/139 260/260
f 248/248 252/252 261/261
f 193/193 189/189 190/190
f 253/253 248/248 261/261
f 171/171 201/201 247/247
f 203/203 171/171 247/247
f 180/180 223/223 170/170
f 263/263 245/245 244/244
f 250/250 245/245 263/263
f 264/264 203/203 247/247
f 258/258 264/264 247/247
f 128/128 265/265 266/266
f 128/128 130/130 265/265
f 266/266 265/265 256/256
f 242/242 241/241 267/267
f 266/266 256/256 268/268
f 200/200 180/180 179/179
f 268/268 256/256 269/269
f 199/199 271/271 241/241
f 264/264 270/270 203/203
f 187/187 199/199 241/241
f 133/133 128/128 266/266
f 272/272 133/133 266/266
f 272/272 266/266 268/268
f 260/260 273/273 264/264
f 264/264 258/258 260/260
f 264/264 273/273 274/274
f 275/275 272/272 268/268
f 268/268 269/269 276/276
f 277/277 270/270 264/264
f 278/278 271/271 279/279
f 241/241 271/271 278/278
f 280/280 223/223 180/180
f 130/130 257/257 265/265
f 130/130 250/250 257/257
f 277/277 264/264 274/274
f 281/281 250/250 130/130
f 131/131 281/281 130/130
f 250/250 281/281 245/245
f 254/254 269/269 256/256
f 226/226 223/223 280/280
f 243/243 245/245 281/281
f 281/281 137/137 243/243
f 208/208 96/96 139/139
f 281/281 131/131 137/137
f 180/180 200/200 280/280
f 139/139 144/144 260/260
f 269/269 254/254 253/253
f 273/273 260/260 144/144
f 273/273 144/144 126/126
f 126/126 156/156 273/273
f 280/280 200/200 282/282
f 163/163 273/273 156/156
f 163/163 274/274 273/273
f 282/282 283/283 280/280
f 280/280 283/283 226/226
f 269/269 253/253 276/276
f 285/285 287/287 288/288
f 282/282 200/200 290/290
f 292/292 288/288 287/287
f 235/235 204/204 203/203
f 250/250 287/287 251/251
f 287/287 285/285 251/251
f 261/261 252/252 286/286
f 263/263 287/287 250/250
f 278/278 284/284 293/293
f 286/286 289/289 294/294
f 261/261 286/286 294/294
f 295/295 203/203 270/270
f 292/292 296/296 298/298
f 293/293 284/284 299/299
f 289/289 291/291 294/294
f 294/294 291/291 297/297
f 300/300 236/236 235/235
f 301/301 294/294 297/297
f 295/295 235/235 203/203
f 295/295 302/302 235/235
f 226/226 246/246 231/231
f 304/304 246/246 226/226
f 253/253 261/261 294/294
f 294/294 303/303 253/253
f 305/305 241/241 278/278
f 278/278 293/293 305/305
f 276/276 253/253 303/303
f 267/267 241/241 305/305
f 306/306 276/276 303/303
f 307/307 270/270 277/277
f 307/307 277/277 308/308
f 307/307 302/302 295/295
f 303/303 294/294 310/310
f 307/307 295/295 270/270
f 310/310 294/294 301/301
f 300/300 235/235 302/302
f 309/309 226/226 283/283
f 306/306 303/303 310/310
f 311/311 306/306 310/310
f 312/312 302/302 307/307
f 226/226 309/309 313/313
f 314/314 312/312 307/307
f 315/315 312/312 314/314
f 316/316 313/313 309/309
f 319/319 244/244 243/243
f 321/321 317/317 318/318
f 318/318 145/145 322/322
f 322/322 321/321 318/318
f 259/259 242/242 262/262
f 226/226 313/313 304/304
f 190/190 259/259 324/324
f 323/323 244/244 319/319
f 324/324 193/193 190/190
f 325/325 104/104 106/106
f 317/317 326/326 319/319
f 262/262 242/242 267/267
f 317/317 327/327 326/326
f 87/87 104/104 325/325
f 267/267 259/259 262/262
f 243/243 137/137 319/319
f 322/322 328/328 321/321
f 321/321 328/328 329/329
f 317/317 321/321 329/329
f 138/138 319/319 137/137
f 324/324 259/259 14/14
f 330/330 327/327 317/317
f 327/327 330/330 331/331
f 318/318 319/319 138/138
f 193/193 324/324 14/14
f 330/330 317/317 329/329
f 145/145 318/318 138/138
f 14/14 259/259 267/267
f 14/14 267/267 15/15
f 319/319 318/318 317/317
f 326/326 327/327 333/333
f 334/334 287/287 263/263
f 325/325 106/106 335/335
f 335/335 106/106 141/141
f 336/336 337/337 323/323
f 338/338 141/141 143/143
f 335/335 141/141 338/338
f 336/336 334/334 337/337
f 337/337 263/263 244/244
f 337/337 334/334 263/263
f 323/323 337/337 244/244
f 333/333 339/339 326/326
f 15/15 267/267 320/320
f 296/296 292/292 287/287
f 339/339 333/333 340/340
f 298/298 296/296 341/341
f 296/296 9/9 341/341
f 343/343 87/87 325/325
f 287/287 9/9 296/296
f 115/115 87/87 343/343
f 331/331 333/333 327/327
f 334/334 336/336 344/344
f 12/12 9/9 334/334
f 287/287 334/334 9/9
f 340/340 333/333 345/345
f 333/333 331/331 345/345
f 326/326 344/344 336/336
f 319/319 326/326 323/323
f 326/326 336/336 323/323
f 326/326 339/339 344/344
f 1/1 188/188 200/200
f 344/344 12/12 334/334
f 267/267 305/305 320/320
f 339/339 74/74 344/344
f 346/346 55/55 112/112
f 347/347 133/133 272/272
f 348/348 275/275 268/268
f 276/276 348/348 268/268
f 349/349 346/346 112/112
f 275/275 348/348 350/350
f 351/351 272/272 275/275
f 351/351 347/347 272/272
f 349/349 352/352 346/346
f 155/155 133/133 347/347
f 352/352 353/353 346/346
f 354/354 353/353 352/352
f 351/351 275/275 350/350
f 355/355 350/350 348/348
f 355/355 348/348 357/357
f 358/358 330/330 359/359
f 155/155 154/154 133/133
f 330/330 329/329 359/359
f 349/349 112/112 117/117
f 352/352 349/349 117/117
f 360/360 351/351 350/350
f 359/359 361/361 362/362
f 356/356 115/115 363/363
f 347/347 364/364 159/159
f 347/347 365/365 364/364
f 366/366 345/345 331/331
f 360/360 347/347 351/351
f 365/365 347/347 360/360
f 350/350 367/367 360/360
f 368/368 360/360 367/367
f 360/360 368/368 365/365
f 350/350 355/355 357/357
f 363/363 115/115 369/369
f 354/354 352/352 117/117
f 331/331 330/330 358/358
f 331/331 358/358 370/370
f 367/367 350/350 357/357
f 60/60 354/354 117/117
f 367/367 357/357 371/371
f 372/372 55/55 346/346
f 159/159 155/155 347/347
f 370/370 366/366 331/331
f 364/364 165/165 159/159
f 366/366 370/370 373/373
f 353/353 372/372 346/346
f 359/359 370/370 358/358
f 374/374 165/165 364/364
f 166/166 165/165 374/374
f 375/375 370/370 362/362
f 359/359 362/362 370/370
f 348/348 276/276 306/306
f 55/55 376/376 161/161
f 348/348 306/306 357/357
f 370/370 375/375 373/373
f 377/377 373/373 375/375
f 379/379 55/55 372/372
f 379/379 376/376 55/55
f 356/356 188/188 115/115
f 353/353 354/354 372/372
f 380/380 372/372 354/354
f 373/373 381/381 366/366
f 372/372 380/380 379/379
f 354/354 382/382 380/380
f 306/306 311/311 383/383
f 384/384 329/329 328/328
f 385/385 376/376 379/379
f 382/382 385/385 379/379
f 382/382 379/379 380/380
f 386/386 376/376 385/385
f 329/329 387/387 388/388
f 389/389 382/382 354/354
f 390/390 389/389 354/354
f 391/391 382/382 389/389
f 385/385 382/382 391/391
f 391/391 386/386 385/385
f 390/390 391/391 389/389
f 357/357 306/306 383/383
f 60/60 117/117 40/40
f 356/356 363/363 392/392
f 393/393 359/359 329/329
f 361/361 359/359 393/393
f 301/301 394/394 310/310
f 74/74 339/339 395/395
f 392/392 396/396 356/356
f 340/340 395/395 339/339
f 340/340 397/397 395/395
f 395/395 397/397 81/81
f 74/74 395/395 81/81
f 398/398 399/399 310/310
f 290/290 283/283 282/282
f 400/400 310/310 399/399
f 397/397 340/340 401/401
f 397/397 401/401 81/81
f 6/6 341/341 9/9
f 297/297 342/342 301/301
f 2/2 216/216 60/60
f 6/6 5/5 341/341
f 401/401 340/340 345/345
f 301/301 342/342 4/4
f 345/345 402/402 401/401
f 290/290 309/309 283/283
f 217/217 60/60 216/216
f 81/81 403/403 82/82
f 81/81 401/401 403/403
f 401/401 402/402 403/403
f 309/309 404/404 316/316
f 405/405 313/313 406/406
f 405/405 304/304 313/313
f 394/394 301/301 398/398
f 403/403 402/402 345/345
f 345/345 407/407 403/403
f 404/404 406/406 316/316
f 398/398 301/301 4/4
f 407/407 345/345 366/366
f 408/408 390/390 354/354
f 406/406 409/409 405/405
f 406/406 313/313 316/316
f 30/30 12/12 344/344
f 409/409 406/406 404/404
f 410/410 409/409 404/404
f 30/30 344/344 74/74
f 290/290 411/411 412/412
f 309/309 290/290 404/404
f 310/310 394/394 398/398
f 412/412 404/404 290/290
f 403/403 113/113 82/82
f 414/414 403/403 407/407
f 398/398 415/415 399/399
f 229/229 416/416 408/408
f 366/366 417/417 407/407
f 418/418 4/4 43/43
f 229/229 408/408 230/230
f 410/410 404/404 412/412
f 418/418 398/398 4/4
f 408/408 354/354 60/60
f 414/414 419/419 403/403
f 408/408 60/60 217/217
f 419/419 113/113 403/403
f 418/418 43/43 69/69
f 412/412 420/420 410/410
f 421/421 419/419 414/414
f 414/414 407/407 421/421
f 419/419 421/421 422/422
f 113/113 419/419 423/423
f 408/408 217/217 230/230
f 423/423 413/413 113/113
f 422/422 423/423 419/419
f 381/381 417/417 366/366
f 373/373 417/417 381/381
f 373/373 424/424 417/417
f 407/407 417/417 424/424
f 121/121 114/114 111/111
f 113/113 413/413 111/111
f 111/111 413/413 425/425
f 121/121 111/111 425/425
f 426/426 119/119 67/67
f 398/398 418/418 415/415
f 425/425 427/427 121/121
f 28/28 426/426 67/67
f 119/119 123/123 103/103
f 427/427 425/425 413/413
f 415/415 418/418 69/69
f 427/427 118/118 121/121
f 411/411 428/428 412/412
f 119/119 426/426 429/429
f 415/415 69/69 430/430
f 415/415 430/430 431/431
f 28/28 432/432 426/426
f 413/413 423/423 427/427
f 433/433 427/427 423/423
f 434/434 435/435 427/427
f 435/435 118/118 427/427
f 290/290 200/200 188/188
f 125/125 118/118 435/435
f 311/311 310/310 400/400
f 400/400 399/399 415/415
f 122/122 123/123 151/151
f 311/311 400/400 436/436
f 375/375 362/362 361/361
f 437/437 123/123 119/119
f 152/152 151/151 439/439
f 290/290 188/188 411/411
f 439/439 160/160 152/152
f 188/188 356/356 411/411
f 375/375 440/440 377/377
f 439/439 164/164 160/160
f 311/311 436/436 438/438
f 438/438 383/383 311/311
f 123/123 439/439 151/151
f 441/441 439/439 123/123
f 441/441 123/123 437/437
f 442/442 164/164 439/439
f 443/443 442/442 439/439
f 441/441 443/443 439/439
f 377/377 444/444 373/373
f 436/436 400/400 445/445
f 429/429 437/437 119/119
f 446/446 444/444 377/377
f 447/447 436/436 445/445
f 444/444 446/446 448/448
f 447/447 445/445 449/449
f 451/451 446/446 440/440
f 450/450 400/400 415/415
f 377/377 440/440 446/446
f 452/452 448/448 446/446
f 453/453 429/429 426/426
f 446/446 454/454 452/452
f 426/426 432/432 455/455
f 445/445 400/400 450/450
f 396/396 456/456 356/356
f 451/451 454/454 446/446
f 457/457 454/454 451/451
f 393/393 329/329 388/388
f 393/393 388/388 459/459
f 456/456 411/411 356/356
f 449/449 445/445 450/450
f 460/460 455/455 461/461
f 462/462 459/459 388/388
f 455/455 453/453 426/426
f 393/393 459/459 463/463
f 464/464 393/393 463/463
f 465/465 450/450 431/431
f 453/453 455/455 460/460
f 361/361 393/393 375/375
f 464/464 375/375 393/393
f 450/450 415/415 431/431
f 462/462 463/463 459/459
f 463/463 462/462 466/466
f 469/469 468/468 467/467
f 470/470 471/471 472/472
f 463/463 466/466 473/473
f 474/474 470/470 371/371
f 475/475 476/476 375/375
f 475/475 375/375 464/464
f 470/470 477/477 478/478
f 460/460 479/479 453/453
f 463/463 473/473 464/464
f 480/480 478/478 477/477
f 481/481 478/478 480/480
f 482/482 469/469 467/467
f 470/470 474/474 477/477
f 476/476 440/440 375/375
f 440/440 476/476 451/451
f 483/483 481/481 480/480
f 274/274 484/484 485/485
f 485/485 277/277 274/274
f 487/487 477/477 488/488
f 489/489 483/483 490/490
f 486/486 485/485 491/491
f 490/490 483/483 480/480
f 480/480 477/477 487/487
f 493/493 487/487 488/488
f 480/480 487/487 490/490
f 11/11 490/490 487/487
f 11/11 489/489 490/490
f 495/495 163/163 164/164
f 475/475 496/496 476/476
f 163/163 484/484 274/274
f 495/495 484/484 163/163
f 494/494 473/473 466/466
f 443/443 164/164 442/442
f 464/464 473/473 496/496
f 464/464 496/496 475/475
f 443/443 495/495 164/164
f 498/498 482/482 467/467
f 488/488 477/477 474/474
f 485/485 484/484 495/495
f 495/495 499/499 485/485
f 500/500 474/474 497/497
f 500/500 501/501 474/474
f 499/499 495/495 443/443
f 443/443 441/441 499/499
f 437/437 503/503 441/441
f 488/488 474/474 501/501
f 491/491 485/485 499/499
f 466/466 502/502 494/494
f 505/505 494/494 502/502
f 503/503 499/499 441/441
f 492/492 491/491 499/499
f 499/499 503/503 492/492
f 493/493 488/488 504/504
f 504/504 488/488 501/501
f 500/500 504/504 501/501
f 506/506 308/308 277/277
f 277/277 485/485 506/506
f 504/504 500/500 509/509
f 505/505 510/510 511/511
f 494/494 505/505 507/507
f 485/485 486/486 506/506
f 512/512 308/308 506/506
f 494/494 507/507 513/513
f 486/486 512/512 506/506
f 308/308 314/314 307/307
f 509/509 500/500 514/514
f 496/496 458/458 476/476
f 512/512 314/314 308/308
f 512/512 315/315 314/314
f 515/515 315/315 512/512
f 496/496 517/517 458/458
f 519/519 451/451 476/476
f 518/518 512/512 486/486
f 476/476 458/458 519/519
f 457/457 451/451 519/519
f 518/518 486/486 491/491
f 520/520 514/514 521/521
f 519/519 458/458 457/457
f 491/491 492/492 522/522
f 473/473 517/517 496/496
f 494/494 517/517 473/473
f 518/518 515/515 512/512
f 523/523 515/515 518/518
f 374/374 364/364 365/365
f 524/524 523/523 518/518
f 374/374 365/365 525/525
f 368/368 525/525 365/365
f 494/494 513/513 517/517
f 522/522 518/518 491/491
f 526/526 374/374 525/525
f 524/524 518/518 522/522
f 517/517 513/513 527/527
f 528/528 458/458 517/517
f 371/371 368/368 367/367
f 437/437 429/429 529/529
f 368/368 371/371 472/472
f 530/530 416/416 531/531
f 457/457 458/458 528/528
f 517/517 527/527 528/528
f 471/471 368/368 472/472
f 525/525 368/368 471/471
f 529/529 429/429 453/453
f 532/532 229/229 246/246
f 533/533 229/229 532/532
f 424/424 421/421 407/407
f 421/421 424/424 534/534
f 533/533 532/532 535/535
f 535/535 532/532 246/246
f 421/421 534/534 422/422
f 166/166 374/374 218/218
f 374/374 526/526 536/536
f 374/374 536/536 218/218
f 533/533 416/416 229/229
f 416/416 533/533 531/531
f 536/536 537/537 218/218
f 538/538 503/503 437/437
f 529/529 538/538 437/437
f 539/539 533/533 535/535
f 526/526 525/525 540/540
f 422/422 541/541 423/423
f 542/542 526/526 540/540
f 543/543 529/529 453/453
f 422/422 544/544 541/541
f 542/542 537/537 526/526
f 545/545 537/537 542/542
f 481/481 542/542 540/540
f 489/489 542/542 481/481
f 546/546 547/547 530/530
f 444/444 424/424 373/373
f 545/545 542/542 489/489
f 540/540 525/525 471/471
f 540/540 471/471 470/470
f 472/472 371/371 470/470
f 478/478 540/540 470/470
f 452/452 424/424 444/444
f 452/452 444/444 448/448
f 543/543 453/453 548/548
f 540/540 478/478 481/481
f 537/537 536/536 526/526
f 537/537 549/549 218/218
f 549/549 537/537 545/545
f 550/550 546/546 530/530
f 550/550 551/551 546/546
f 549/549 221/221 218/218
f 237/237 549/549 545/545
f 530/530 531/531 550/550
f 452/452 454/454 424/424
f 371/371 357/357 552/552
f 553/553 424/424 454/454
f 554/554 492/492 503/503
f 538/538 554/554 503/503
f 383/383 552/552 357/357
f 553/553 422/422 534/534
f 534/534 424/424 553/553
f 422/422 553/553 544/544
f 544/544 555/555 541/541
f 556/556 555/555 544/544
f 557/557 544/544 553/553
f 538/538 558/558 559/559
f 538/538 559/559 554/554
f 552/552 383/383 560/560
f 544/544 557/557 556/556
f 557/557 561/561 556/556
f 562/562 539/539 535/535
f 427/427 433/433 434/434
f 423/423 541/541 433/433
f 538/538 529/529 543/543
f 371/371 552/552 497/497
f 497/497 474/474 371/371
f 541/541 555/555 433/433
f 539/539 531/531 533/533
f 555/555 434/434 433/433
f 434/434 555/555 563/563
f 552/552 560/560 497/497
f 558/558 538/538 543/543
f 564/564 125/125 435/435
f 435/435 563/563 565/565
f 566/566 479/479 460/460
f 566/566 567/567 479/479
f 549/549 228/228 221/221
f 562/562 535/535 246/246
f 228/228 549/549 237/237
f 227/227 228/228 237/237
f 562/562 246/246 304/304
f 29/29 545/545 489/489
f 563/563 435/435 434/434
f 568/568 479/479 567/567
f 569/569 567/567 566/566
f 489/489 481/481 483/483
f 571/571 567/567 569/569
f 571/571 568/568 567/567
f 572/572 565/565 563/563
f 556/556 563/563 555/555
f 545/545 573/573 237/237
f 563/563 556/556 570/570
f 569/569 574/574 571/571
f 575/575 571/571 574/574
f 573/573 545/545 29/29
f 454/454 576/576 553/553
f 576/576 577/577 553/553
f 551/551 575/575 574/574
f 562/562 531/531 539/539
f 11/11 29/29 489/489
f 454/454 457/457 576/576
f 568/568 548/548 453/453
f 553/553 577/577 557/557
f 568/568 453/453 479/479
f 577/577 578/578 557/557
f 579/579 550/550 531/531
f 557/557 578/578 561/561
f 561/561 578/578 570/570
f 579/579 531/531 580/580
f 576/576 457/457 527/527
f 531/531 562/562 580/580
f 548/548 568/568 581/581
f 577/577 576/576 582/582
f 562/562 583/583 580/580
f 584/584 578/578 577/577
f 578/578 584/584 570/570
f 568/568 585/585 581/581
f 571/571 585/585 568/568
f 573/573 67/67 237/237
f 67/67 103/103 237/237
f 563/563 570/570 572/572
f 556/556 561/561 570/570
f 585/585 586/586 581/581
f 67/67 573/573 29/29
f 550/550 468/468 551/551
f 67/67 29/29 28/28
f 550/550 579/579 468/468
f 581/581 586/586 548/548
f 548/548 587/587 543/543
f 587/587 548/548 586/586
f 438/438 560/560 383/383
f 584/584 589/589 570/570
f 590/590 587/587 586/586
f 588/588 570/570 589/589
f 579/579 467/467 468/468
f 587/587 558/558 543/543
f 588/588 591/591 570/570
f 592/592 586/586 585/585
f 436/436 560/560 438/438
f 528/528 527/527 457/457
f 447/447 560/560 436/436
f 587/587 590/590 593/593
f 498/498 467/467 579/579
f 594/594 558/558 587/587
f 325/325 335/335 338/338
f 595/595 560/560 447/447
f 343/343 325/325 338/338
f 338/338 596/596 343/343
f 596/596 338/338 143/143
f 560/560 595/595 497/497
f 597/597 143/143 153/153
f 143/143 597/597 596/596
f 579/579 580/580 598/598
f 571/571 575/575 585/585
f 599/599 585/585 575/575
f 600/600 343/343 596/596
f 599/599 575/575 551/551
f 598/598 498/498 579/579
f 115/115 343/343 600/600
f 601/601 596/596 597/597
f 601/601 600/600 596/596
f 592/592 585/585 599/599
f 597/597 602/602 601/601
f 597/597 153/153 603/603
f 449/449 450/450 465/465
f 604/604 602/602 597/597
f 604/604 597/597 603/603
f 468/468 599/599 551/551
f 369/369 600/600 605/605
f 606/606 592/592 599/599
f 601/601 605/605 600/600
f 369/369 115/115 600/600
f 469/469 592/592 606/606
f 468/468 606/606 599/599
f 468/468 469/469 606/606
f 409/409 304/304 405/405
f 601/601 602/602 607/607
f 590/590 586/586 592/592
f 608/608 304/304 409/409
f 607/607 602/602 609/609
f 583/583 562/562 304/304
f 609/609 602/602 604/604
f 610/610 601/601 607/607
f 610/610 605/605 601/601
f 304/304 608/608 583/583
f 369/369 605/605 610/610
f 590/590 592/592 469/469
f 608/608 409/409 410/410
f 410/410 420/420 608/608
f 447/447 521/521 595/595
f 500/500 595/595 521/521
f 500/500 497/497 595/595
f 583/583 608/608 420/420
f 514/514 500/500 521/521
f 613/613 610/610 607/607
f 610/610 614/614 369/369
f 613/613 614/614 610/610
f 615/615 613/613 607/607
f 420/420 428/428 583/583
f 449/449 521/521 447/447
f 616/616 369/369 614/614
f 616/616 614/614 613/613
f 616/616 613/613 617/617
f 482/482 590/590 469/469
f 618/618 615/615 607/607
f 611/611 590/590 482/482
f 174/174 521/521 175/175
f 432/432 28/28 140/140
f 175/175 521/521 449/449
f 619/619 487/487 493/493
f 10/10 11/11 487/487
f 619/619 10/10 487/487
f 620/620 580/580 583/583
f 621/621 622/622 432/432
f 623/623 493/493 504/504
f 621/621 432/432 140/140
f 623/623 504/504 624/624
f 461/461 622/622 621/621
f 622/622 455/455 432/432
f 625/625 580/580 620/620
f 624/624 504/504 509/509
f 449/449 465/465 175/175
f 509/509 514/514 626/626
f 621/621 140/140 158/158
f 612/612 175/175 465/465
f 461/461 621/621 158/158
f 627/627 624/624 509/509
f 627/627 509/509 626/626
f 619/619 493/493 623/623
f 161/161 461/461 158/158
f 628/628 623/623 629/629
f 461/461 455/455 622/622
f 619/619 630/630 10/10
f 619/619 623/623 628/628
f 460/460 461/461 161/161
f 628/628 630/630 619/619
f 623/623 624/624 629/629
f 629/629 624/624 631/631
f 633/633 161/161 376/376
f 628/628 634/634 630/630
f 634/634 635/635 630/630
f 635/635 10/10 630/630
f 161/161 633/633 637/637
f 412/412 428/428 420/420
f 145/145 149/149 322/322
f 566/566 161/161 637/637
f 634/634 628/628 629/629
f 634/634 629/629 631/631
f 149/149 636/636 322/322
f 386/386 633/633 376/376
f 322/322 638/638 328/328
f 631/631 632/632 634/634
f 639/639 640/640 634/634
f 192/192 641/641 149/149
f 195/195 641/641 192/192
f 639/639 634/634 632/632
f 635/635 634/634 640/640
f 636/636 149/149 641/641
f 642/642 643/643 636/636
f 641/641 642/642 636/636
f 322/322 636/636 643/643
f 322/322 643/643 638/638
f 328/328 638/638 384/384
f 645/645 620/620 428/428
f 646/646 633/633 386/386
f 198/198 10/10 635/635
f 638/638 647/647 384/384
f 638/638 643/643 648/648
f 566/566 460/460 161/161
f 648/648 647/647 638/638
f 197/197 198/198 635/635
f 649/649 650/650 209/209
f 197/197 640/640 639/639
f 635/635 640/640 197/197
f 620/620 583/583 428/428
f 637/637 569/569 566/566
f 209/209 215/215 649/649
f 651/651 649/649 215/215
f 651/651 650/650 649/649
f 651/651 58/58 650/650
f 569/569 637/637 633/633
f 650/650 195/195 209/209
f 650/650 641/641 195/195
f 574/574 569/569 633/633
f 197/197 639/639 186/186
f 186/186 639/639 199/199
f 58/58 641/641 650/650
f 644/644 646/646 386/386
f 58/58 642/642 641/641
f 390/390 386/386 391/391
f 652/652 643/643 642/642
f 644/644 386/386 390/390
f 642/642 58/58 653/653
f 40/40 10/10 198/198
f 24/24 58/58 651/651
f 390/390 408/408 644/644
f 408/408 654/654 644/644
f 643/643 655/655 648/648
f 655/655 643/643 652/652
f 654/654 656/656 644/644
f 655/655 657/657 648/648
f 658/658 646/646 644/644
f 626/626 514/514 520/520
f 633/633 646/646 574/574
f 174/174 520/520 521/521
f 329/329 384/384 387/387
f 656/656 658/658 644/644
f 627/627 626/626 520/520
f 659/659 520/520 174/174
f 647/647 648/648 657/657
f 520/520 659/659 627/627
f 660/660 646/646 658/658
f 656/656 660/660 658/658
f 387/387 384/384 647/647
f 416/416 654/654 408/408
f 387/387 647/647 657/657
f 661/661 387/387 657/657
f 662/662 656/656 654/654
f 624/624 627/627 631/631
f 631/631 627/627 659/659
f 654/654 416/416 662/662
f 653/653 652/652 642/642
f 662/662 416/416 530/530
f 663/663 598/598 580/580
f 653/653 58/58 68/68
f 57/57 68/68 58/58
f 660/660 574/574 646/646
f 653/653 68/68 652/652
f 664/664 655/655 652/652
f 665/665 657/657 655/655
f 665/665 661/661 657/657
f 625/625 663/663 580/580
f 664/664 665/665 655/655
f 178/178 665/665 664/664
f 547/547 574/574 660/660
f 68/68 664/664 652/652
f 70/70 664/664 68/68
f 169/169 664/664 70/70
f 662/662 660/660 656/656
f 169/169 168/168 178/178
f 547/547 660/660 662/662
f 668/668 174/174 173/173
f 547/547 669/669 574/574
f 670/670 668/668 173/173
f 387/387 462/462 388/388
f 671/671 663/663 625/625
f 668/668 659/659 174/174
f 662/662 530/530 547/547
f 667/667 663/663 671/671
f 663/663 498/498 598/598
f 498/498 663/663 667/667
f 666/666 659/659 668/668
f 546/546 669/669 547/547
f 665/665 672/672 661/661
f 673/673 574/574 669/669
f 169/169 178/178 664/664
f 673/673 551/551 574/574
f 546/546 673/673 669/669
f 546/546 551/551 673/673
f 666/666 668/668 674/674
f 672/672 665/665 178/178
f 674/674 668/668 670/670
f 667/667 516/516 498/498
f 661/661 672/672 387/387
f 672/672 178/178 239/239
f 674/674 670/670 676/676
f 675/675 676/676 670/670
f 677/677 632/632 631/631
f 387/387 672/672 239/239
f 239/239 462/462 387/387
f 631/631 678/678 677/677
f 462/462 239/239 466/466
f 679/679 466/466 239/239
f 680/680 681/681 332/332
f 680/680 332/332 682/682
f 671/671 625/625 620/620
f 677/677 678/678 632/632
f 682/682 683/683 680/680
f 683/683 61/61 680/680
f 682/682 332/332 42/42
f 42/42 332/332 16/16
f 193/193 14/14 681/681
f 61/61 193/193 681/681
f 239/239 214/214 502/502
f 678/678 631/631 659/659
f 679/679 239/239 502/502
f 466/466 679/679 502/502
f 678/678 659/659 666/666
f 61/61 681/681 680/680
f 684/684 678/678 666/666
f 684/684 666/666 685/685
f 199/199 639/639 271/271
f 240/240 502/502 214/214
f 271/271 639/639 632/632
f 14/14 332/332 681/681
f 271/271 632/632 678/678
f 16/16 332/332 14/14
f 3/3 61/61 683/683
f 686/686 683/683 682/682
f 683/683 686/686 3/3
f 682/682 687/687 686/686
f 279/279 678/678 684/684
f 688/688 671/671 620/620
f 687/687 682/682 42/42
f 271/271 678/678 279/279
f 85/85 686/686 687/687
f 502/502 240/240 510/510
f 45/45 687/687 42/42
f 686/686 93/93 3/3
f 88/88 3/3 93/93
f 510/510 505/505 502/502
f 85/85 687/687 45/45
f 671/671 688/688 667/667
f 85/85 93/93 686/686
f 684/684 278/278 279/279
f 84/84 93/93 85/85
f 85/85 45/45 41/41
f 278/278 684/684 685/685
f 651/651 215/215 19/19
f 215/215 213/213 17/17
f 213/213 224/224 17/17
f 215/215 17/17 19/19
f 26/26 17/17 224/224
f 224/224 33/33 26/26
f 690/690 666/666 674/674
f 666/666 690/690 689/689
f 685/685 666/666 689/689
f 2/2 61/61 3/3
f 19/19 24/24 651/651
f 689/689 690/690 691/691
f 674/674 676/676 692/692
f 674/674 692/692 690/690
f 676/676 693/693 692/692
f 676/676 675/675 694/694
f 695/695 676/676 694/694
f 691/691 690/690 692/692
f 693/693 695/695 696/696
f 676/676 695/695 693/693
f 685/685 689/689 284/284
f 284/284 278/278 685/685
f 691/691 299/299 284/284
f 284/284 689/689 691/691
f 693/693 691/691 692/692
f 691/691 693/693 299/299
f 299/299 693/693 696/696
f 697/697 698/698 699/699
f 700/700 701/701 702/702
f 703/703 698/698 697/697
f 704/704 705/705 706/706
f 707/707 710/710 53/53
f 709/709 708/708 711/711
f 712/712 703/703 697/697
f 59/59 53/53 714/714
f 715/715 701/701 700/700
f 698/698 716/716 717/717
f 715/715 718/718 701/701
f 710/710 714/714 53/53
f 719/719 703/703 720/720
f 698/698 717/717 704/704
f 72/72 713/713 709/709
f 72/72 48/48 713/713
f 720/720 703/703 721/721
f 718/718 715/715 722/722
f 723/723 701/701 718/718
f 716/716 698/698 725/725
f 724/724 72/72 726/726
f 718/718 722/722 727/727
f 728/728 709/709 711/711
f 721/721 703/703 712/712
f 72/72 709/709 728/728
f 698/698 719/719 725/725
f 729/729 730/730 697/697
f 731/731 728/728 711/711
f 712/712 697/697 730/730
f 732/732 698/698 704/704
f 733/733 712/712 730/730
f 734/734 735/735 702/702
f 733/733 721/721 712/712
f 72/72 728/728 726/726
f 736/736 737/737 734/734
f 738/738 734/734 702/702
f 701/701 738/738 702/702
f 728/728 731/731 726/726
f 701/701 723/723 738/738
f 739/739 720/720 740/740
f 723/723 741/741 738/738
f 742/742 739/739 740/740
f 743/743 731/731 744/744
f 741/741 723/723 745/745
f 732/732 704/704 706/706
f 736/736 734/734 738/738
f 746/746 747/747 748/748
f 746/746 748/748 739/739
f 749/749 750/750 751/751
f 53/53 64/64 752/752
f 745/745 753/753 741/741
f 752/752 707/707 53/53
f 707/707 752/752 755/755
f 749/749 751/751 756/756
f 749/749 756/756 757/757
f 718/718 745/745 723/723
f 745/745 718/718 727/727
f 758/758 752/752 64/64
f 759/759 749/749 757/757
f 761/761 746/746 739/739
f 762/762 753/753 745/745
f 742/742 761/761 739/739
f 762/762 745/745 727/727
f 763/763 764/764 765/765
f 766/766 746/746 767/767
f 757/757 768/768 769/769
f 64/64 97/97 116/116
f 763/763 765/765 770/770
f 64/64 116/116 758/758
f 767/767 746/746 761/761
f 771/771 763/763 770/770
f 757/757 772/772 773/773
f 772/772 757/757 769/769
f 774/774 771/771 770/770
f 759/759 757/757 773/773
f 102/102 118/118 116/116
f 758/758 116/116 776/776
f 777/777 772/772 775/775
f 740/740 720/720 721/721
f 711/711 708/708 754/754
f 779/779 711/711 754/754
f 722/722 763/763 771/771
f 769/769 780/780 781/781
f 779/779 754/754 782/782
f 784/784 779/779 782/782
f 721/721 733/733 740/740
f 785/785 771/771 774/774
f 752/752 786/786 755/755
f 740/740 733/733 787/787
f 755/755 786/786 783/783
f 788/788 783/783 786/786
f 791/791 788/788 786/786
f 789/789 792/792 793/793
f 795/795 792/792 789/789
f 789/789 793/793 782/782
f 784/784 782/782 793/793
f 793/793 796/796 784/784
f 796/796 793/793 792/792
f 781/781 780/780 797/797
f 742/742 740/740 798/798
f 784/784 796/796 799/799
f 791/791 752/752 758/758
f 791/791 786/786 752/752
f 781/781 797/797 800/800
f 791/791 794/794 788/788
f 801/801 774/774 802/802
f 774/774 801/801 785/785
f 800/800 797/797 803/803
f 792/792 795/795 804/804
f 796/796 792/792 799/799
f 805/805 781/781 806/806
f 779/779 731/731 711/711
f 807/807 798/798 740/740
f 808/808 785/785 801/801
f 800/800 803/803 809/809
f 806/806 781/781 800/800
f 810/810 806/806 800/800
f 731/731 779/779 811/811
f 772/772 769/769 812/812
f 813/813 808/808 801/801
f 814/814 812/812 769/769
f 815/815 744/744 731/731
f 811/811 779/779 784/784
f 775/775 772/772 812/812
f 731/731 811/811 815/815
f 815/815 811/811 816/816
f 811/811 784/784 817/817
f 817/817 784/784 799/799
f 817/817 816/816 811/811
f 769/769 781/781 814/814
f 816/816 817/817 818/818
f 729/729 706/706 819/819
f 744/744 815/815 820/820
f 821/821 822/822 814/814
f 823/823 815/815 816/816
f 814/814 781/781 821/821
f 821/821 781/781 805/805
f 820/820 815/815 823/823
f 824/824 722/722 771/771
f 816/816 818/818 823/823
f 727/727 722/722 824/824
f 825/825 812/812 814/814
f 791/791 758/758 776/776
f 727/727 824/824 760/760
f 729/729 819/819 826/826
f 730/730 729/729 827/827
f 827/827 729/729 826/826
f 771/771 785/785 824/824
f 828/828 817/817 799/799
f 829/829 827/827 826/826
f 825/825 814/814 822/822
f 825/825 822/822 821/821
f 824/824 785/785 790/790
f 830/830 792/792 804/804
f 792/792 830/830 799/799
f 790/790 785/785 808/808
f 818/818 817/817 828/828
f 831/831 819/819 832/832
f 828/828 799/799 830/830
f 833/833 818/818 834/834
f 834/834 818/818 828/828
f 810/810 805/805 806/806
f 826/826 819/819 831/831
f 835/835 834/834 828/828
f 836/836 821/821 805/805
f 837/837 836/836 805/805
f 838/838 827/827 839/839
f 837/837 805/805 810/810
f 116/116 118/118 776/776
f 840/840 727/727 760/760
f 838/838 730/730 827/827
f 841/841 730/730 838/838
f 787/787 841/841 838/838
f 733/733 730/730 841/841
f 787/787 733/733 841/841
f 812/812 842/842 775/775
f 842/842 812/812 825/825
f 776/776 118/118 124/124
f 843/843 838/838 839/839
f 844/844 842/842 825/825
f 827/827 829/829 845/845
f 826/826 845/845 829/829
f 844/844 825/825 821/821
f 839/839 827/827 845/845
f 845/845 826/826 831/831
f 847/847 845/845 831/831
f 844/844 821/821 848/848
f 846/846 849/849 790/790
f 847/847 850/850 845/845
f 847/847 831/831 850/850
f 850/850 831/831 851/851
f 760/760 824/824 790/790
f 839/839 845/845 850/850
f 836/836 848/848 821/821
f 850/850 853/853 839/839
f 848/848 836/836 837/837
f 790/790 808/808 846/846
f 846/846 808/808 854/854
f 125/125 564/564 124/124
f 854/854 808/808 813/813
f 831/831 832/832 855/855
f 852/852 776/776 124/124
f 851/851 831/831 855/855
f 851/851 855/855 856/856
f 564/564 852/852 124/124
f 857/857 858/858 848/848
f 860/860 846/846 854/854
f 844/844 848/848 858/858
f 855/855 844/844 858/858
f 795/795 862/862 804/804
f 794/794 791/791 861/861
f 849/849 846/846 863/863
f 804/804 862/862 864/864
f 863/863 846/846 865/865
f 866/866 858/858 857/857
f 851/851 856/856 867/867
f 860/860 865/865 846/846
f 776/776 861/861 791/791
f 868/868 865/865 860/860
f 776/776 852/852 870/870
f 870/870 861/861 776/776
f 864/864 862/862 869/869
f 851/851 871/871 850/850
f 856/856 855/855 858/858
f 872/872 853/853 850/850
f 872/872 850/850 871/871
f 864/864 873/873 804/804
f 859/859 856/856 858/858
f 859/859 858/858 866/866
f 871/871 851/851 867/867
f 830/830 804/804 874/874
f 872/872 871/871 867/867
f 874/874 804/804 873/873
f 875/875 830/830 874/874
f 835/835 828/828 830/830
f 875/875 835/835 830/830
f 876/876 737/737 736/736
f 877/877 856/856 859/859
f 750/750 749/749 705/705
f 878/878 867/867 856/856
f 878/878 856/856 879/879
f 705/705 749/749 759/759
f 879/879 867/867 878/878
f 879/879 856/856 877/877
f 705/705 759/759 773/773
f 873/873 864/864 881/881
f 881/881 882/882 873/873
f 884/884 870/870 852/852
f 843/843 787/787 838/838
f 869/869 885/885 864/864
f 885/885 869/869 883/883
f 886/886 885/885 883/883
f 740/740 787/787 843/843
f 885/885 881/881 864/864
f 807/807 740/740 843/843
f 887/887 839/839 853/853
f 888/888 736/736 880/880
f 777/777 773/773 772/772
f 889/889 884/884 852/852
f 891/891 888/888 880/880
f 892/892 883/883 890/890
f 886/886 883/883 892/892
f 887/887 843/843 839/839
f 736/736 888/888 893/893
f 706/706 705/705 773/773
f 888/888 891/891 895/895
f 895/895 894/894 888/888
f 69/69 72/72 724/724
f 736/736 738/738 880/880
f 896/896 773/773 777/777
f 896/896 777/777 832/832
f 891/891 738/738 741/741
f 891/891 880/880 738/738
f 724/724 726/726 743/743
f 897/897 891/891 741/741
f 741/741 753/753 897/897
f 897/897 753/753 898/898
f 753/753 762/762 898/898
f 832/832 777/777 899/899
f 807/807 843/843 900/900
f 777/777 775/775 842/842
f 899/899 777/777 842/842
f 891/891 897/897 901/901
f 840/840 762/762 727/727
f 762/762 840/840 902/902
f 903/903 887/887 853/853
f 832/832 842/842 855/855
f 903/903 853/853 872/872
f 898/898 762/762 904/904
f 904/904 762/762 902/902
f 905/905 887/887 903/903
f 706/706 773/773 896/896
f 903/903 872/872 905/905
f 905/905 872/872 906/906
f 907/907 898/898 904/904
f 872/872 867/867 879/879
f 819/819 706/706 896/896
f 872/872 879/879 906/906
f 430/430 69/69 724/724
f 832/832 819/819 896/896
f 430/430 724/724 743/743
f 879/879 877/877 906/906
f 908/908 430/430 743/743
f 902/902 907/907 904/904
f 909/909 907/907 902/902
f 908/908 743/743 910/910
f 743/743 726/726 731/731
f 832/832 899/899 842/842
f 901/901 897/897 898/898
f 912/912 901/901 898/898
f 891/891 901/901 895/895
f 913/913 895/895 901/901
f 901/901 912/912 913/913
f 907/907 912/912 898/898
f 914/914 895/895 913/913
f 900/900 843/843 887/887
f 915/915 913/913 912/912
f 916/916 913/913 915/915
f 900/900 887/887 905/905
f 743/743 744/744 820/820
f 915/915 912/912 907/907
f 917/917 743/743 820/820
f 915/915 907/907 909/909
f 910/910 743/743 917/917
f 910/910 917/917 918/918
f 906/906 919/919 905/905
f 855/855 842/842 844/844
f 920/920 893/893 888/888
f 920/920 888/888 894/894
f 921/921 766/766 767/767
f 922/922 918/918 923/923
f 924/924 908/908 910/910
f 924/924 910/910 918/918
f 742/742 767/767 761/761
f 925/925 926/926 893/893
f 767/767 742/742 927/927
f 918/918 922/922 924/924
f 925/925 928/928 926/926
f 921/921 767/767 927/927
f 929/929 928/928 925/925
f 930/930 929/929 925/925
f 920/920 930/930 925/925
f 925/925 893/893 920/920
f 932/932 930/930 920/920
f 914/914 894/894 895/895
f 933/933 920/920 894/894
f 914/914 933/933 894/894
f 932/932 920/920 933/933
f 914/914 916/916 934/934
f 935/935 933/933 914/914
f 935/935 914/914 934/934
f 936/936 604/604 931/931
f 932/932 933/933 937/937
f 936/936 609/609 604/604
f 935/935 937/937 933/933
f 939/939 940/940 934/934
f 941/941 937/937 935/935
f 932/932 937/937 941/941
f 934/934 940/940 935/935
f 938/938 742/742 798/798
f 911/911 909/909 902/902
f 927/927 742/742 938/938
f 911/911 942/942 909/909
f 916/916 914/914 913/913
f 943/943 916/916 915/915
f 921/921 927/927 944/944
f 944/944 927/927 938/938
f 943/943 939/939 916/916
f 916/916 939/939 934/934
f 945/945 943/943 915/915
f 945/945 939/939 943/943
f 946/946 607/607 609/609
f 609/609 936/936 947/947
f 618/618 607/607 946/946
f 948/948 915/915 909/909
f 949/949 921/921 950/950
f 951/951 908/908 924/924
f 908/908 951/951 952/952
f 947/947 946/946 609/609
f 953/953 939/939 945/945
f 953/953 940/940 939/939
f 954/954 924/924 955/955
f 953/953 945/945 915/915
f 954/954 951/951 924/924
f 430/430 908/908 952/952
f 956/956 953/953 948/948
f 957/957 430/430 952/952
f 948/948 953/953 915/915
f 946/946 947/947 959/959
f 950/950 921/921 958/958
f 947/947 936/936 959/959
f 952/952 951/951 960/960
f 936/936 931/931 959/959
f 955/955 924/924 922/922
f 955/955 922/922 961/961
f 922/922 923/923 961/961
f 962/962 954/954 955/955
f 840/840 760/760 963/963
f 961/961 964/964 955/955
f 965/965 950/950 958/958
f 963/963 849/849 863/863
f 963/963 863/863 966/966
f 962/962 955/955 964/964
f 963/963 760/760 790/790
f 963/963 790/790 849/849
f 967/967 964/964 961/961
f 951/951 954/954 962/962
f 921/921 944/944 958/958
f 962/962 964/964 968/968
f 968/968 964/964 969/969
f 911/911 902/902 840/840
f 969/969 964/964 967/967
f 969/969 967/967 971/971
f 971/971 967/967 972/972
f 973/973 911/911 974/974
f 959/959 970/970 975/975
f 974/974 911/911 840/840
f 963/963 974/974 840/840
f 976/976 431/431 977/977
f 465/465 431/431 976/976
f 965/965 958/958 944/944
f 865/865 868/868 863/863
f 978/978 675/675 670/670
f 966/966 863/863 979/979
f 612/612 465/465 976/976
f 979/979 863/863 868/868
f 675/675 978/978 694/694
f 860/860 854/854 980/980
f 612/612 976/976 981/981
f 695/695 694/694 696/696
f 696/696 694/694 978/978
f 982/982 868/868 860/860
f 983/983 798/798 807/807
f 981/981 976/976 977/977
f 974/974 963/963 966/966
f 977/977 957/957 986/986
f 979/979 868/868 982/982
f 984/984 977/977 986/986
f 696/696 978/978 985/985
f 977/977 431/431 430/430
f 938/938 798/798 983/983
f 957/957 977/977 430/430
f 988/988 985/985 989/989
f 942/942 911/911 973/973
f 990/990 942/942 973/973
f 299/299 696/696 991/991
f 983/983 807/807 900/900
f 973/973 974/974 992/992
f 985/985 991/991 696/696
f 993/993 973/973 992/992
f 983/983 900/900 919/919
f 994/994 942/942 990/990
f 900/900 905/905 919/919
f 990/990 973/973 993/993
f 990/990 995/995 994/994
f 995/995 990/990 993/993
f 909/909 942/942 994/994
f 948/948 909/909 994/994
f 992/992 974/974 966/966
f 612/612 981/981 997/997
f 999/999 938/938 983/983
f 984/984 981/981 977/977
f 1000/1000 998/998 1001/1001
f 997/997 981/981 984/984
f 979/979 982/982 987/987
f 1002/1002 979/979 987/987
f 1002/1002 992/992 966/966
f 1002/1002 966/966 979/979
f 173/173 997/997 1003/1003
f 997/997 175/175 612/612
f 1004/1004 1002/1002 987/987
f 670/670 173/173 978/978
f 1005/1005 999/999 983/983
f 997/997 173/173 175/175
f 993/993 992/992 1006/1006
f 173/173 1003/1003 978/978
f 995/995 993/993 1006/1006
f 944/944 938/938 999/999
f 1007/1007 1002/1002 1004/1004
f 999/999 1008/1008 944/944
f 1009/1009 1003/1003 984/984
f 1006/1006 992/992 1002/1002
f 1006/1006 1002/1002 1007/1007
f 1003/1003 997/997 984/984
f 978/978 1003/1003 1009/1009
f 1010/1010 1008/1008 999/999
f 1010/1010 999/999 1005/1005
f 802/802 950/950 1011/1011
f 1011/1011 950/950 965/965
f 1012/1012 1011/1011 965/965
f 1005/1005 983/983 919/919
f 1014/1014 1005/1005 919/919
f 1015/1015 1005/1005 1014/1014
f 1013/1013 1012/1012 965/965
f 1013/1013 1011/1011 1012/1012
f 1008/1008 965/965 944/944
f 960/960 951/951 962/962
f 1016/1016 960/960 962/962
f 1016/1016 962/962 1017/1017
f 1009/1009 984/984 1018/1018
f 952/952 960/960 1019/1019
f 957/957 952/952 1019/1019
f 1019/1019 960/960 1016/1016
f 1018/1018 984/984 986/986
f 1020/1020 1017/1017 968/968
f 1020/1020 968/968 1021/1021
f 971/971 968/968 969/969
f 1017/1017 962/962 968/968
f 1013/1013 965/965 1008/1008
f 1023/1023 1018/1018 986/986
f 1024/1024 971/971 972/972
f 127/127 16/16 20/20
f 968/968 971/971 1021/1021
f 1017/1017 1019/1019 1016/1016
f 1019/1019 1017/1017 1026/1026
f 1026/1026 1017/1017 1020/1020
f 1013/1013 1008/1008 1025/1025
f 957/957 1019/1019 1027/1027
f 1019/1019 1026/1026 1027/1027
f 1028/1028 1020/1020 1021/1021
f 1029/1029 1026/1026 1020/1020
f 1029/1029 1020/1020 1028/1028
f 1029/1029 1027/1027 1026/1026
f 1030/1030 1031/1031 20/20
f 813/813 1011/1011 1032/1032
f 1024/1024 1033/1033 971/971
f 813/813 1032/1032 980/980
f 1033/1033 1021/1021 971/971
f 1032/1032 1011/1011 1013/1013
f 1030/1030 20/20 1022/1022
f 1028/1028 1021/1021 1033/1033
f 1028/1028 1033/1033 1034/1034
f 1035/1035 1034/1034 1033/1033
f 1036/1036 957/957 1037/1037
f 1030/1030 1022/1022 1038/1038
f 1039/1039 1018/1018 1023/1023
f 986/986 957/957 1036/1036
f 1040/1040 980/980 1032/1032
f 1036/1036 1037/1037 1041/1041
f 985/985 978/978 1009/1009
f 989/989 985/985 1009/1009
f 1041/1041 1042/1042 1043/1043
f 1042/1042 1045/1045 1043/1043
f 1046/1046 1043/1043 1045/1045
f 1037/1037 957/957 1027/1027
f 1009/1009 1047/1047 989/989
f 1048/1048 989/989 1047/1047
f 1049/1049 1027/1027 1029/1029
f 989/989 1048/1048 998/998
f 988/988 989/989 998/998
f 1049/1049 1029/1029 1050/1050
f 1051/1051 1029/1029 1028/1028
f 1051/1051 1028/1028 1034/1034
f 1052/1052 1013/1013 1025/1025
f 1037/1037 1027/1027 1049/1049
f 1049/1049 1050/1050 1037/1037
f 1032/1032 1013/1013 1040/1040
f 1051/1051 1050/1050 1029/1029
f 1047/1047 1009/1009 1018/1018
f 1040/1040 1013/1013 1052/1052
f 1040/1040 1052/1052 1054/1054
f 127/127 20/20 1053/1053
f 998/998 1048/1048 1047/1047
f 1055/1055 1040/1040 1054/1054
f 1053/1053 20/20 1031/1031
f 998/998 1047/1047 1001/1001
f 1047/1047 1018/1018 1039/1039
f 1001/1001 1047/1047 1039/1039
f 1041/1041 1037/1037 1050/1050
f 1050/1050 1051/1051 1042/1042
f 1041/1041 1050/1050 1042/1042
f 1056/1056 1042/1042 1051/1051
f 132/132 127/127 1053/1053
f 1056/1056 1051/1051 1057/1057
f 1057/1057 1051/1051 1034/1034
f 132/132 1053/1053 1058/1058
f 1042/1042 1056/1056 1045/1045
f 1010/1010 1025/1025 1008/1008
f 1059/1059 1057/1057 1034/1034
f 1023/1023 986/986 1036/1036
f 1059/1059 1034/1034 1035/1035
f 1060/1060 1045/1045 1056/1056
f 1045/1045 1060/1060 1046/1046
f 1061/1061 820/820 823/823
f 1061/1061 918/918 820/820
f 823/823 818/818 1063/1063
f 1061/1061 823/823 1064/1064
f 1063/1063 1064/1064 823/823
f 917/917 820/820 918/918
f 1066/1066 918/918 1061/1061
f 1066/1066 1061/1061 1064/1064
f 1067/1067 918/918 1066/1066
f 1068/1068 1031/1031 1030/1030
f 1090/1090 1010/1010 1069/1069
f 1036/1036 1041/1041 1065/1065
f 1063/1063 818/818 833/833
f 1065/1065 1041/1041 1043/1043
f 833/833 834/834 1063/1063
f 1063/1063 834/834 1070/1070
f 834/834 835/835 1070/1070
f 1043/1043 1046/1046 1065/1065
f 1069/1069 1005/1005 1015/1015
f 1071/1071 1063/1063 1070/1070
f 1010/1010 1005/1005 1069/1069
f 923/923 918/918 1067/1067
f 1067/1067 1066/1066 1064/1064
f 1072/1072 1065/1065 1046/1046
f 1064/1064 1063/1063 1073/1073
f 1074/1074 923/923 1067/1067
f 1058/1058 1053/1053 1031/1031
f 1072/1072 1046/1046 1075/1075
f 1058/1058 1031/1031 1068/1068
f 1073/1073 1067/1067 1064/1064
f 1067/1067 1073/1073 1074/1074
f 1073/1073 1063/1063 1071/1071
f 1023/1023 1076/1076 1039/1039
f 1068/1068 1173/1173 1058/1058
f 1069/1069 1015/1015 1077/1077
f 1065/1065 1023/1023 1036/1036
f 1078/1078 1023/1023 1065/1065
f 1078/1078 1076/1076 1023/1023
f 1079/1079 875/875 874/874
f 1079/1079 835/835 875/875
f 1078/1078 1065/1065 1080/1080
f 1079/1079 1081/1081 835/835
f 1081/1081 1070/1070 835/835
f 1082/1082 1022/1022 1083/1083
f 1080/1080 1065/1065 1072/1072
f 1071/1071 1070/1070 1081/1081
f 1022/1022 1084/1084 1083/1083
f 1085/1085 1090/1090 1069/1069
f 1086/1086 1081/1081 1079/1079
f 1086/1086 1079/1079 1087/1087
f 1080/1080 1072/1072 1075/1075
f 1088/1088 882/882 881/881
f 1025/1025 1010/1010 1062/1062
f 1089/1089 1088/1088 881/881
f 882/882 874/874 873/873
f 1090/1090 1062/1062 1010/1010
f 882/882 1091/1091 874/874
f 874/874 1091/1091 1079/1079
f 1052/1052 1025/1025 1062/1062
f 1089/1089 882/882 1088/1088
f 1092/1092 1052/1052 1062/1062
f 1093/1093 1078/1078 1080/1080
f 1079/1079 1091/1091 1087/1087
f 1092/1092 1062/1062 1090/1090
f 1087/1087 1091/1091 882/882
f 1083/1083 1084/1084 1094/1094
f 1087/1087 882/882 1089/1089
f 1087/1087 1089/1089 1095/1095
f 1075/1075 1046/1046 1060/1060
f 1075/1075 1060/1060 1096/1096
f 1087/1087 1095/1095 1097/1097
f 1081/1081 1086/1086 1071/1071
f 1038/1038 1022/1022 1082/1082
f 1080/1080 1075/1075 1099/1099
f 1092/1092 1054/1054 1052/1052
f 1100/1100 1075/1075 1096/1096
f 1075/1075 1100/1100 1099/1099
f 1101/1101 1086/1086 1087/1087
f 1101/1101 1087/1087 1097/1097
f 1082/1082 1094/1094 1102/1102
f 1094/1094 1082/1082 1083/1083
f 1054/1054 1092/1092 1103/1103
f 1080/1080 1099/1099 1104/1104
f 1101/1101 1097/1097 1105/1105
f 1093/1093 1080/1080 1104/1104
f 1106/1106 1086/1086 1101/1101
f 1103/1103 1092/1092 1090/1090
f 1103/1103 1090/1090 1107/1107
f 1038/1038 1082/1082 1108/1108
f 1108/1108 1082/1082 1102/1102
f 1109/1109 1104/1104 1100/1100
f 1100/1100 1104/1104 1099/1099
f 1106/1106 1101/1101 1105/1105
f 1094/1094 1084/1084 1110/1110
f 1085/1085 1107/1107 1090/1090
f 1096/1096 1109/1109 1100/1100
f 1111/1111 1109/1109 1112/1112
f 1112/1112 1109/1109 1096/1096
f 1073/1073 1071/1071 1098/1098
f 1074/1074 1073/1073 1098/1098
f 1113/1113 1085/1085 1114/1114
f 1113/1113 1107/1107 1085/1085
f 1115/1115 1069/1069 1077/1077
f 747/747 1057/1057 1059/1059
f 1106/1106 1098/1098 1071/1071
f 1117/1117 1077/1077 1118/1118
f 1118/1118 1077/1077 1119/1119
f 1071/1071 1086/1086 1106/1106
f 1110/1110 1116/1116 1094/1094
f 1060/1060 1056/1056 1112/1112
f 1098/1098 1106/1106 1120/1120
f 1112/1112 1056/1056 1057/1057
f 1085/1085 1069/1069 1115/1115
f 1117/1117 1115/1115 1077/1077
f 1096/1096 1060/1060 1112/1112
f 1117/1117 1085/1085 1115/1115
f 1108/1108 1102/1102 1094/1094
f 1120/1120 1121/1121 1122/1122
f 1122/1122 1123/1123 1120/1120
f 735/735 1108/1108 1094/1094
f 1124/1124 1122/1122 751/751
f 747/747 1112/1112 1057/1057
f 1114/1114 1085/1085 1117/1117
f 961/961 923/923 1074/1074
f 735/735 1094/1094 700/700
f 1074/1074 967/967 961/961
f 1117/1117 1118/1118 1114/1114
f 1125/1125 1112/1112 747/747
f 1074/1074 1098/1098 1126/1126
f 980/980 1040/1040 1127/1127
f 967/967 1074/1074 1126/1126
f 1128/1128 980/980 1127/1127
f 1127/1127 1040/1040 1129/1129
f 972/972 967/967 1126/1126
f 1130/1130 972/972 1126/1126
f 1127/1127 1129/1129 1131/1131
f 1131/1131 1132/1132 1127/1127
f 1030/1030 1038/1038 876/876
f 1130/1130 1126/1126 1133/1133
f 1134/1134 1040/1040 1055/1055
f 1135/1135 1126/1126 1098/1098
f 1129/1129 1040/1040 1134/1134
f 1133/1133 1126/1126 1135/1135
f 1123/1123 1098/1098 1120/1120
f 1135/1135 1098/1098 1123/1123
f 1134/1134 1055/1055 1054/1054
f 1134/1134 1054/1054 1136/1136
f 1124/1124 1123/1123 1122/1122
f 1138/1138 1129/1129 1134/1134
f 1137/1137 1039/1039 1076/1076
f 1131/1131 1129/1129 1138/1138
f 564/564 435/435 565/565
f 1137/1137 1076/1076 1078/1078
f 1131/1131 1138/1138 1139/1139
f 1138/1138 1134/1134 1139/1139
f 1139/1139 1140/1140 1131/1131
f 1137/1137 1078/1078 1093/1093
f 1093/1093 1141/1141 1137/1137
f 1141/1141 1093/1093 1142/1142
f 1143/1143 1134/1134 1136/1136
f 1144/1144 1131/1131 1140/1140
f 1134/1134 1143/1143 1139/1139
f 852/852 564/564 1145/1145
f 1140/1140 1139/1139 1143/1143
f 1140/1140 1143/1143 1146/1146
f 564/564 565/565 1145/1145
f 1147/1147 1132/1132 1148/1148
f 1148/1148 1149/1149 1147/1147
f 1148/1148 1132/1132 1131/1131
f 1150/1150 1039/1039 1137/1137
f 1148/1148 1131/1131 1144/1144
f 889/889 852/852 1145/1145
f 1000/1000 1001/1001 1039/1039
f 890/890 1151/1151 892/892
f 890/890 1152/1152 1151/1151
f 1150/1150 1000/1000 1039/1039
f 1153/1153 1151/1151 1152/1152
f 1144/1144 1140/1140 1146/1146
f 1154/1154 1151/1151 1153/1153
f 1146/1146 1143/1143 1155/1155
f 1038/1038 1108/1108 737/737
f 1156/1156 886/886 892/892
f 1137/1137 1141/1141 1150/1150
f 881/881 885/885 886/886
f 881/881 886/886 1156/1156
f 876/876 1038/1038 737/737
f 1157/1157 1144/1144 1146/1146
f 774/774 1159/1159 802/802
f 1144/1144 1157/1157 1148/1148
f 1156/1156 892/892 1160/1160
f 1158/1158 1148/1148 1157/1157
f 1156/1156 1089/1089 881/881
f 1157/1157 1161/1161 1158/1158
f 1161/1161 1162/1162 1158/1158
f 950/950 802/802 1163/1163
f 1164/1164 1165/1165 1156/1156
f 1095/1095 1089/1089 1156/1156
f 1095/1095 1156/1156 1165/1165
f 1093/1093 1104/1104 1166/1166
f 1160/1160 892/892 1151/1151
f 1161/1161 1157/1157 1167/1167
f 1166/1166 1142/1142 1093/1093
f 1157/1157 1146/1146 1167/1167
f 801/801 802/802 1011/1011
f 1166/1166 1104/1104 1109/1109
f 1160/1160 1151/1151 1168/1168
f 1164/1164 1160/1160 1168/1168
f 813/813 801/801 1011/1011
f 1164/1164 1156/1156 1160/1160
f 1165/1165 1164/1164 1168/1168
f 1151/1151 1169/1169 1168/1168
f 1169/1169 1151/1151 1154/1154
f 1169/1169 1154/1154 1170/1170
f 1171/1171 1165/1165 1168/1168
f 1058/1058 153/153 132/132
f 1136/1136 1054/1054 1103/1103
f 1105/1105 1097/1097 1095/1095
f 1095/1095 1165/1165 1171/1171
f 604/604 603/603 153/153
f 1105/1105 1095/1095 1171/1171
f 1142/1142 1166/1166 1172/1172
f 1058/1058 1173/1173 153/153
f 153/153 1173/1173 604/604
f 1172/1172 1166/1166 1174/1174
f 1174/1174 1166/1166 1109/1109
f 1175/1175 1105/1105 1171/1171
f 1176/1176 1103/1103 1107/1107
f 1111/1111 1177/1177 1109/1109
f 1178/1178 1171/1171 1168/1168
f 1179/1179 1136/1136 1103/1103
f 1174/1174 1109/1109 1180/1180
f 1109/1109 1177/1177 1180/1180
f 1181/1181 1179/1179 1103/1103
f 1178/1178 1168/1168 1182/1182
f 1182/1182 1168/1168 1169/1169
f 1182/1182 1169/1169 1183/1183
f 1143/1143 1136/1136 1179/1179
f 1155/1155 1143/1143 1179/1179
f 1184/1184 1178/1178 1182/1182
f 1185/1185 1179/1179 1181/1181
f 1171/1171 1178/1178 1184/1184
f 931/931 604/604 1173/1173
f 1175/1175 1171/1171 1184/1184
f 1186/1186 1176/1176 1107/1107
f 1187/1187 1142/1142 1172/1172
f 1181/1181 1103/1103 1176/1176
f 1188/1188 1181/1181 1176/1176
f 1141/1141 1142/1142 1187/1187
f 1176/1176 1186/1186 1188/1188
f 1187/1187 1172/1172 1189/1189
f 1187/1187 1189/1189 1190/1190
f 1172/1172 1174/1174 1189/1189
f 1189/1189 1174/1174 1180/1180
f 1191/1191 1173/1173 1068/1068
f 1145/1145 565/565 1193/1193
f 1193/1193 565/565 1194/1194
f 1195/1195 1180/1180 1177/1177
f 1192/1192 1153/1153 1152/1152
f 1191/1191 1068/1068 1196/1196
f 1170/1170 1154/1154 1153/1153
f 1197/1197 1189/1189 1180/1180
f 1199/1199 1193/1193 1194/1194
f 1197/1197 1180/1180 1195/1195
f 1170/1170 1153/1153 1192/1192
f 1200/1200 1192/1192 1198/1198
f 591/591 1194/1194 565/565
f 1125/1125 1111/1111 1112/1112
f 1202/1202 1199/1199 1194/1194
f 1200/1200 1198/1198 1201/1201
f 1177/1177 1111/1111 1125/1125
f 931/931 1173/1173 1191/1191
f 1192/1192 1203/1203 1170/1170
f 1203/1203 1192/1192 1200/1200
f 1186/1186 1107/1107 1113/1113
f 591/591 572/572 570/570
f 1204/1204 1186/1186 1113/1113
f 572/572 591/591 565/565
f 1113/1113 1114/1114 1205/1205
f 1204/1204 1113/1113 1205/1205
f 1205/1205 1118/1118 1206/1206
f 1118/1118 1205/1205 1114/1114
f 1177/1177 1125/1125 1207/1207
f 1208/1208 1202/1202 1194/1194
f 1194/1194 591/591 1208/1208
f 1210/1210 1201/1201 1209/1209
f 1211/1211 1155/1155 1179/1179
f 970/970 931/931 1191/1191
f 1179/1179 1212/1212 1211/1211
f 1179/1179 1185/1185 1212/1212
f 1185/1185 1188/1188 1212/1212
f 1155/1155 1211/1211 1146/1146
f 959/959 931/931 970/970
f 1210/1210 1200/1200 1201/1201
f 766/766 1125/1125 747/747
f 1203/1203 1169/1169 1170/1170
f 1169/1169 1203/1203 1183/1183
f 1188/1188 1186/1186 1213/1213
f 1195/1195 1177/1177 1207/1207
f 1196/1196 1068/1068 1030/1030
f 1212/1212 1188/1188 1213/1213
f 1188/1188 1185/1185 1181/1181
f 1146/1146 1211/1211 1167/1167
f 1196/1196 1030/1030 876/876
f 1183/1183 1203/1203 1182/1182
f 1215/1215 1211/1211 1212/1212
f 1207/1207 1216/1216 1195/1195
f 1167/1167 1211/1211 1215/1215
f 1212/1212 1217/1217 1215/1215
f 1207/1207 1125/1125 766/766
f 1218/1218 1215/1215 1217/1217
f 1106/1106 1105/1105 1219/1219
f 1219/1219 1105/1105 1175/1175
f 746/746 766/766 747/747
f 1120/1120 1106/1106 1219/1219
f 1120/1120 1219/1219 1220/1220
f 1213/1213 1221/1221 1212/1212
f 1219/1219 1175/1175 1222/1222
f 1217/1217 1212/1212 1221/1221
f 1204/1204 1213/1213 1186/1186
f 1223/1223 1222/1222 1175/1175
f 1223/1223 1175/1175 1184/1184
f 1204/1204 1214/1214 1213/1213
f 1224/1224 1219/1219 1222/1222
f 1225/1225 1222/1222 1223/1223
f 293/293 299/299 1226/1226
f 1227/1227 1214/1214 1204/1204
f 1191/1191 1196/1196 1228/1228
f 1121/1121 1120/1120 1220/1220
f 1205/1205 1229/1229 1204/1204
f 751/751 1220/1220 756/756
f 756/756 1219/1219 1224/1224
f 1230/1230 1205/1205 1206/1206
f 756/756 1220/1220 1219/1219
f 1121/1121 1220/1220 751/751
f 1121/1121 751/751 1122/1122
f 757/757 756/756 768/768
f 1230/1230 1229/1229 1205/1205
f 1213/1213 1214/1214 1227/1227
f 1226/1226 299/299 991/991
f 1225/1225 768/768 1222/1222
f 1221/1221 1213/1213 1227/1227
f 1231/1231 991/991 985/985
f 988/988 1231/1231 985/985
f 1224/1224 1222/1222 768/768
f 756/756 1224/1224 768/768
f 768/768 1225/1225 778/778
f 1221/1221 1227/1227 1232/1232
f 1221/1221 1232/1232 1233/1233
f 1226/1226 991/991 1231/1231
f 1204/1204 1229/1229 1227/1227
f 1227/1227 1229/1229 1232/1232
f 1233/1233 1232/1232 1229/1229
f 769/769 768/768 778/778
f 1234/1234 1229/1229 1230/1230
f 1228/1228 876/876 1235/1235
f 1235/1235 876/876 893/893
f 1233/1233 1229/1229 1236/1236
f 1236/1236 1229/1229 1234/1234
f 1228/1228 1196/1196 876/876
f 1223/1223 1184/1184 1237/1237
f 1184/1184 1182/1182 1237/1237
f 854/854 813/813 980/980
f 305/305 293/293 1226/1226
f 1238/1238 1182/1182 1203/1203
f 876/876 736/736 893/893
f 320/320 305/305 1226/1226
f 860/860 980/980 982/982
f 1239/1239 1203/1203 1200/1200
f 1237/1237 1182/1182 1238/1238
f 1128/1128 982/982 980/980
f 1235/1235 970/970 1191/1191
f 1225/1225 1223/1223 778/778
f 778/778 1223/1223 1241/1241
f 1237/1237 1242/1242 1223/1223
f 1242/1242 1237/1237 1243/1243
f 1241/1241 1223/1223 1242/1242
f 1241/1241 780/780 778/778
f 769/769 778/778 780/780
f 1128/1128 1127/1127 1132/1132
f 1241/1241 1242/1242 1243/1243
f 780/780 1241/1241 1243/1243
f 1238/1238 1240/1240 1237/1237
f 803/803 1237/1237 1240/1240
f 803/803 1240/1240 1244/1244
f 803/803 1243/1243 1237/1237
f 987/987 982/982 1128/1128
f 1243/1243 797/797 780/780
f 970/970 1235/1235 975/975
f 1128/1128 1132/1132 1147/1147
f 803/803 797/797 1243/1243
f 750/750 1124/1124 751/751
f 987/987 1128/1128 1245/1245
f 1130/1130 1024/1024 972/972
f 1245/1245 1128/1128 1147/1147
f 1149/1149 1148/1148 1158/1158
f 1245/1245 1147/1147 1149/1149
f 988/988 998/998 1000/1000
f 1246/1246 1004/1004 987/987
f 1191/1191 1228/1228 1235/1235
f 1247/1247 1024/1024 1130/1130
f 1007/1007 1004/1004 1246/1246
f 1247/1247 1130/1130 1133/1133
f 1247/1247 1133/1133 1248/1248
f 926/926 1235/1235 893/893
f 987/987 1245/1245 1246/1246
f 988/988 1000/1000 1044/1044
f 1249/1249 1245/1245 1149/1149
f 1246/1246 1245/1245 1249/1249
f 1226/1226 1231/1231 988/988
f 1249/1249 1149/1149 1158/1158
f 1249/1249 1158/1158 1162/1162
f 1035/1035 1033/1033 1024/1024
f 1044/1044 1226/1226 988/988
f 1250/1250 1248/1248 1133/1133
f 1247/1247 1248/1248 1250/1250
f 1251/1251 1235/1235 926/926
f 1250/1250 1024/1024 1247/1247
f 1252/1252 1024/1024 1250/1250
f 1253/1253 1133/1133 1135/1135
f 1254/1254 1253/1253 1135/1135
f 1135/1135 1123/1123 1254/1254
f 1254/1254 1123/1123 1124/1124
f 1255/1255 1116/1116 1256/1256
f 1255/1255 1256/1256 764/764
f 20/20 15/15 320/320
f 1124/1124 1257/1257 1254/1254
f 1257/1257 1124/1124 750/750
f 700/700 1255/1255 764/764
f 1250/1250 1133/1133 1253/1253
f 1094/1094 1116/1116 1255/1255
f 1094/1094 1255/1255 700/700
f 717/717 1250/1250 1253/1253
f 1257/1257 1253/1253 1254/1254
f 717/717 1253/1253 1257/1257
f 764/764 715/715 700/700
f 717/717 1257/1257 750/750
f 763/763 715/715 764/764
f 722/722 715/715 763/763
f 735/735 700/700 702/702
f 1108/1108 735/735 734/734
f 737/737 1108/1108 734/734
f 1258/1258 1024/1024 1252/1252
f 1035/1035 1024/1024 1258/1258
f 320/320 1226/1226 1044/1044
f 725/725 1258/1258 1252/1252
f 1059/1059 1035/1035 1259/1259
f 1259/1259 1035/1035 1260/1260
f 1258/1258 1260/1260 1035/1035
f 1260/1260 1258/1258 725/725
f 725/725 719/719 1260/1260
f 20/20 320/320 1022/1022
f 1261/1261 1260/1260 719/719
f 717/717 716/716 1250/1250
f 725/725 1252/1252 716/716
f 716/716 1252/1252 1250/1250
f 704/704 717/717 750/750
f 704/704 750/750 705/705
f 1022/1022 320/320 1044/1044
f 1262/1262 1044/1044 1000/1000
f 1263/1263 1044/1044 1262/1262
f 1084/1084 1022/1022 1044/1044
f 1264/1264 1263/1263 1265/1265
f 1264/1264 1110/1110 1044/1044
f 1044/1044 1263/1263 1264/1264
f 1084/1084 1044/1044 1110/1110
f 1110/1110 1264/1264 1266/1266
f 1116/1116 1110/1110 1266/1266
f 1000/1000 1150/1150 1262/1262
f 1141/1141 1262/1262 1150/1150
f 1262/1262 1141/1141 1187/1187
f 1190/1190 1189/1189 1197/1197
f 1267/1267 1262/1262 1187/1187
f 1187/1187 1190/1190 1267/1267
f 1268/1268 1190/1190 1197/1197
f 1267/1267 1190/1190 1268/1268
f 1269/1269 1267/1267 1268/1268
f 1268/1268 1270/1270 1269/1269
f 1216/1216 1197/1197 1195/1195
f 1197/1197 1216/1216 1271/1271
f 1271/1271 1268/1268 1197/1197
f 1262/1262 1267/1267 1265/1265
f 1262/1262 1265/1265 1263/1263
f 1265/1265 1267/1267 1272/1272
f 1272/1272 1267/1267 1269/1269
f 1272/1272 1269/1269 1270/1270
f 1270/1270 1268/1268 1271/1271
f 1273/1273 1272/1272 1270/1270
f 1274/1274 1270/1270 1271/1271
f 1265/1265 1272/1272 1275/1275
f 1273/1273 1275/1275 1272/1272
f 1276/1276 1273/1273 1270/1270
f 1276/1276 1270/1270 1274/1274
f 1277/1277 1271/1271 1216/1216
f 1278/1278 1271/1271 1277/1277
f 1278/1278 1274/1274 1271/1271
f 1216/1216 1207/1207 1277/1277
f 1277/1277 1207/1207 766/766
f 1279/1279 1278/1278 1277/1277
f 921/921 1277/1277 766/766
f 949/949 1277/1277 921/921
f 1274/1274 1278/1278 1279/1279
f 1159/1159 1274/1274 1279/1279
f 949/949 1279/1279 1277/1277
f 1280/1280 1279/1279 949/949
f 1159/1159 1279/1279 1280/1280
f 1159/1159 1280/1280 1163/1163
f 1163/1163 1280/1280 949/949
f 1163/1163 949/949 950/950
f 1159/1159 1163/1163 802/802
f 1264/1264 1275/1275 1266/1266
f 1116/1116 1266/1266 1256/1256
f 1273/1273 1276/1276 1275/1275
f 1274/1274 770/770 1276/1276
f 1275/1275 1276/1276 1281/1281
f 1265/1265 1275/1275 1264/1264
f 1276/1276 765/765 1281/1281
f 770/770 1274/1274 1159/1159
f 1266/1266 1275/1275 1281/1281
f 1266/1266 1281/1281 765/765
f 765/765 1276/1276 770/770
f 1256/1256 1266/1266 765/765
f 765/765 764/764 1256/1256
f 774/774 770/770 1159/1159
f 1059/1059 1259/1259 1261/1261
f 748/748 747/747 1059/1059
f 748/748 1059/1059 1282/1282
f 1261/1261 1259/1259 1260/1260
f 1059/1059 1261/1261 1282/1282
f 720/720 1261/1261 719/719
f 748/748 1282/1282 739/739
f 1261/1261 720/720 1282/1282
f 720/720 739/739 1282/1282
f 698/698 703/703 719/719
f 729/729 732/732 706/706
f 699/699 732/732 729/729
f 697/697 699/699 729/729
f 698/698 732/732 699/699
f 1283/1283 1284/1284 1285/1285
f 1286/1286 1287/1287 1288/1288
f 1289/1289 1290/1290 1291/1291
f 1292/1292 1293/1293 1289/1289
f 1294/1294 1295/1295 1285/1285
f 510/510 1296/1296 511/511
f 1297/1297 1287/1287 1286/1286
f 1297/1297 1298/1298 1287/1287
f 1299/1299 1300/1300 1301/1301
f 1302/1302 1303/1303 1298/1298
f 1304/1304 1305/1305 1306/1306
f 1285/1285 1295/1295 1283/1283
f 1307/1307 1306/1306 1305/1305
f 1308/1308 1283/1283 1295/1295
f 210/210 225/225 214/214
f 214/214 1309/1309 1310/1310
f 214/214 225/225 1309/1309
f 1284/1284 1283/1283 1312/1312
f 498/498 516/516 1288/1288
f 1300/1300 1311/1311 1301/1301
f 1313/1313 1283/1283 1308/1308
f 1313/1313 1314/1314 1283/1283
f 1316/1316 1317/1317 1318/1318
f 1319/1319 1318/1318 232/232
f 1319/1319 1316/1316 1318/1318
f 1283/1283 1314/1314 1315/1315
f 222/222 225/225 220/220
f 1322/1322 1323/1323 1324/1324
f 225/225 222/222 1318/1318
f 1323/1323 1322/1322 1326/1326
f 232/232 1318/1318 222/222
f 1327/1327 1323/1323 1326/1326
f 225/225 1318/1318 1309/1309
f 1328/1328 1325/1325 1301/1301
f 1327/1327 1330/1330 1323/1323
f 232/232 238/238 1319/1319
f 1332/1332 1326/1326 1329/1329
f 1328/1328 1301/1301 1311/1311
f 1327/1327 1326/1326 1332/1332
f 1333/1333 1334/1334 1316/1316
f 1317/1317 1316/1316 1334/1334
f 1332/1332 1335/1335 1327/1327
f 1336/1336 1309/1309 1317/1317
f 1318/1318 1317/1317 1309/1309
f 1309/1309 1336/1336 1310/1310
f 1284/1284 1338/1338 1337/1337
f 516/516 1320/1320 1288/1288
f 1337/1337 1338/1338 1339/1339
f 1334/1334 1336/1336 1317/1317
f 1334/1334 1340/1340 1336/1336
f 1341/1341 1311/1311 1300/1300
f 1315/1315 1312/1312 1283/1283
f 1328/1328 1311/1311 1341/1341
f 1342/1342 1343/1343 1312/1312
f 1310/1310 240/240 214/214
f 1344/1344 1328/1328 1341/1341
f 1344/1344 1345/1345 1328/1328
f 1310/1310 1347/1347 240/240
f 1315/1315 1342/1342 1312/1312
f 1342/1342 1315/1315 1314/1314
f 1329/1329 1335/1335 1332/1332
f 1284/1284 1312/1312 1343/1343
f 1343/1343 1338/1338 1284/1284
f 1335/1335 1329/1329 1348/1348
f 1338/1338 1343/1343 1349/1349
f 1338/1338 1349/1349 1350/1350
f 510/510 240/240 1347/1347
f 1348/1348 1329/1329 1346/1346
f 1351/1351 1350/1350 1349/1349
f 1296/1296 510/510 1347/1347
f 1352/1352 1339/1339 1338/1338
f 1286/1286 1288/1288 1320/1320
f 1350/1350 1352/1352 1338/1338
f 1308/1308 1295/1295 1353/1353
f 1346/1346 1354/1354 1348/1348
f 1353/1353 1355/1355 1308/1308
f 1335/1335 1348/1348 1354/1354
f 1356/1356 1297/1297 1286/1286
f 1354/1354 1357/1357 1335/1335
f 1298/1298 1297/1297 1356/1356
f 1355/1355 1313/1313 1308/1308
f 1302/1302 1298/1298 1356/1356
f 1302/1302 1356/1356 1358/1358
f 1303/1303 1302/1302 1359/1359
f 1360/1360 1314/1314 1313/1313
f 1347/1347 1310/1310 1296/1296
f 1361/1361 1302/1302 1358/1358
f 1361/1361 1359/1359 1302/1302
f 1363/1363 1364/1364 1327/1327
f 1355/1355 1362/1362 1365/1365
f 1366/1366 1296/1296 1310/1310
f 1363/1363 1327/1327 1335/1335
f 1367/1367 1296/1296 1366/1366
f 1368/1368 1364/1364 1291/1291
f 1291/1291 1364/1364 1363/1363
f 1362/1362 1369/1369 1365/1365
f 1365/1365 1313/1313 1355/1355
f 1360/1360 1313/1313 1365/1365
f 1286/1286 1320/1320 1370/1370
f 1371/1371 1363/1363 1335/1335
f 1369/1369 1360/1360 1365/1365
f 1286/1286 1358/1358 1356/1356
f 1370/1370 1358/1358 1286/1286
f 1372/1372 1291/1291 1363/1363
f 1371/1371 1372/1372 1363/1363
f 1373/1373 1370/1370 1320/1320
f 1310/1310 1336/1336 1340/1340
f 1374/1374 1291/1291 1372/1372
f 1360/1360 1369/1369 1375/1375
f 1374/1374 1372/1372 1377/1377
f 1378/1378 1370/1370 1373/1373
f 1378/1378 1379/1379 1370/1370
f 1375/1375 1376/1376 1360/1360
f 1310/1310 1340/1340 1380/1380
f 1374/1374 1289/1289 1291/1291
f 1358/1358 1370/1370 1381/1381
f 1357/1357 1371/1371 1335/1335
f 1382/1382 1381/1381 1370/1370
f 1379/1379 1382/1382 1370/1370
f 1357/1357 1372/1372 1371/1371
f 1358/1358 1381/1381 1361/1361
f 1383/1383 1357/1357 1354/1354
f 1372/1372 1384/1384 1377/1377
f 1384/1384 1372/1372 1357/1357
f 1380/1380 1340/1340 1385/1385
f 1386/1386 1387/1387 1388/1388
f 1384/1384 1357/1357 1389/1389
f 1383/1383 1389/1389 1357/1357
f 1384/1384 1389/1389 1390/1390
f 1391/1391 1386/1386 1388/1388
f 1314/1314 1376/1376 1342/1342
f 1392/1392 1384/1384 1390/1390
f 1342/1342 1393/1393 1343/1343
f 1393/1393 1349/1349 1343/1343
f 1395/1395 1349/1349 1393/1393
f 1395/1395 1351/1351 1349/1349
f 1351/1351 1395/1395 1396/1396
f 1393/1393 1342/1342 1376/1376
f 1397/1397 2099/2099 1398/1398
f 1393/1393 1376/1376 1400/1400
f 1394/1394 1387/1387 1386/1386
f 1396/1396 1393/1393 1400/1400
f 1393/1393 1396/1396 1395/1395
f 1403/1403 1401/1401 1402/1402
f 1360/1360 1376/1376 1314/1314
f 1397/1397 1398/1398 1404/1404
f 1375/1375 1405/1405 1376/1376
f 1402/1402 1397/1397 1404/1404
f 1404/1404 1403/1403 1402/1402
f 1403/1403 1404/1404 1406/1406
f 1403/1403 1406/1406 1407/1407
f 1303/1303 1391/1391 1388/1388
f 1405/1405 1408/1408 1376/1376
f 1408/1408 1400/1400 1376/1376
f 1401/1401 1407/1407 1410/1410
f 1410/1410 1411/1411 1401/1401
f 1411/1411 1410/1410 1412/1412
f 1394/1394 1386/1386 1391/1391
f 1412/1412 1410/1410 1413/1413
f 1401/1401 1403/1403 1407/1407
f 1414/1414 1406/1406 1404/1404
f 1406/1406 1414/1414 1407/1407
f 1398/1398 1415/1415 1404/1404
f 1380/1380 1366/1366 1310/1310
f 1415/1415 1398/1398 1416/1416
f 1414/1414 1404/1404 1415/1415
f 1380/1380 1417/1417 1366/1366
f 1418/1418 1407/1407 1414/1414
f 1419/1419 1410/1410 1407/1407
f 1419/1419 1420/1420 1410/1410
f 300/300 1421/1421 236/236
f 1422/1422 1319/1319 238/238
f 1422/1422 238/238 1421/1421
f 1421/1421 300/300 1424/1424
f 1424/1424 300/300 302/302
f 1414/1414 1415/1415 1426/1426
f 1414/1414 1426/1426 1427/1427
f 1427/1427 1426/1426 1428/1428
f 1412/1412 1429/1429 1423/1423
f 1414/1414 1427/1427 1418/1418
f 1430/1430 1421/1421 1424/1424
f 1421/1421 238/238 236/236
f 1412/1412 1431/1431 1429/1429
f 1432/1432 1433/1433 1418/1418
f 1319/1319 1422/1422 1316/1316
f 1434/1434 1427/1427 1428/1428
f 1418/1418 1427/1427 1434/1434
f 1436/1436 1434/1434 1428/1428
f 1432/1432 1418/1418 1434/1434
f 1413/1413 1410/1410 1420/1420
f 1413/1413 1420/1420 1412/1412
f 1430/1430 1422/1422 1421/1421
f 1412/1412 1420/1420 1431/1431
f 1407/1407 1418/1418 1419/1419
f 1409/1409 1394/1394 1391/1391
f 1418/1418 1433/1433 1419/1419
f 1437/1437 1424/1424 302/302
f 1438/1438 1394/1394 1409/1409
f 1439/1439 1429/1429 1431/1431
f 1429/1429 1439/1439 1341/1341
f 1440/1440 1424/1424 1437/1437
f 312/312 1441/1441 302/302
f 1437/1437 302/302 1441/1441
f 1442/1442 1433/1433 1432/1432
f 1394/1394 1438/1438 1443/1443
f 312/312 1437/1437 1441/1441
f 1437/1437 312/312 1444/1444
f 1444/1444 1440/1440 1437/1437
f 1445/1445 1341/1341 1439/1439
f 1446/1446 1434/1434 1435/1435
f 1447/1447 1430/1430 1424/1424
f 1440/1440 1447/1447 1424/1424
f 1448/1448 1434/1434 1446/1446
f 1341/1341 1445/1445 1344/1344
f 1448/1448 1432/1432 1434/1434
f 1303/1303 1359/1359 1391/1391
f 1449/1449 1447/1447 1440/1440
f 1432/1432 1448/1448 1450/1450
f 1449/1449 1440/1440 1444/1444
f 1359/1359 1409/1409 1391/1391
f 1451/1451 1333/1333 1316/1316
f 1452/1452 1433/1433 1442/1442
f 1450/1450 1442/1442 1432/1432
f 1422/1422 1451/1451 1316/1316
f 1453/1453 1420/1420 1419/1419
f 1450/1450 1452/1452 1442/1442
f 1454/1454 1455/1455 1448/1448
f 1333/1333 1451/1451 1456/1456
f 1431/1431 1420/1420 1439/1439
f 1458/1458 1359/1359 1457/1457
f 1420/1420 1453/1453 1460/1460
f 1439/1439 1420/1420 1460/1460
f 1456/1456 1461/1461 1334/1334
f 1439/1439 1460/1460 1445/1445
f 1462/1462 1445/1445 1460/1460
f 1456/1456 1334/1334 1333/1333
f 1459/1459 1453/1453 1419/1419
f 1340/1340 1334/1334 1461/1461
f 1344/1344 1445/1445 1462/1462
f 1433/1433 1459/1459 1419/1419
f 1452/1452 1459/1459 1433/1433
f 1304/1304 1456/1456 1451/1451
f 1458/1458 1463/1463 1464/1464
f 1459/1459 1452/1452 1465/1465
f 1462/1462 1460/1460 1453/1453
f 1457/1457 1359/1359 1361/1361
f 1430/1430 1466/1466 1422/1422
f 1462/1462 1459/1459 1465/1465
f 1422/1422 1466/1466 1451/1451
f 1381/1381 1457/1457 1361/1361
f 1447/1447 1466/1466 1430/1430
f 1447/1447 1449/1449 1466/1466
f 1453/1453 1459/1459 1462/1462
f 1467/1467 1466/1466 1449/1449
f 1381/1381 1468/1468 1463/1463
f 1381/1381 1463/1463 1457/1457
f 1469/1469 1466/1466 1467/1467
f 1304/1304 1451/1451 1466/1466
f 1463/1463 1458/1458 1457/1457
f 1471/1471 1464/1464 1463/1463
f 1304/1304 1466/1466 1305/1305
f 1472/1472 1304/1304 1473/1473
f 1465/1465 1470/1470 1462/1462
f 1473/1473 1474/1474 1472/1472
f 1475/1475 1470/1470 1465/1465
f 1452/1452 1477/1477 1465/1465
f 1477/1477 1475/1475 1465/1465
f 1304/1304 1478/1478 1473/1473
f 1345/1345 1344/1344 1480/1480
f 1306/1306 1481/1481 1304/1304
f 1478/1478 1474/1474 1473/1473
f 1383/1383 1354/1354 1346/1346
f 1478/1478 1482/1482 1474/1474
f 1483/1483 1482/1482 1478/1478
f 1484/1484 1337/1337 1485/1485
f 1486/1486 1383/1383 1346/1346
f 1486/1486 1389/1389 1383/1383
f 1478/1478 1304/1304 1487/1487
f 1478/1478 1487/1487 1488/1488
f 1489/1489 1409/1409 1359/1359
f 1490/1490 1484/1484 1485/1485
f 1304/1304 1481/1481 1491/1491
f 1479/1479 1486/1486 1346/1346
f 1491/1491 1487/1487 1304/1304
f 1409/1409 1489/1489 1438/1438
f 1488/1488 1483/1483 1478/1478
f 1359/1359 1458/1458 1489/1489
f 1489/1489 1458/1458 1464/1464
f 1492/1492 1493/1493 1494/1494
f 1493/1493 1495/1495 1494/1494
f 1493/1493 1496/1496 1495/1495
f 1488/1488 1482/1482 1483/1483
f 1497/1497 1389/1389 1486/1486
f 1497/1497 1486/1486 1479/1479
f 1479/1479 1498/1498 1497/1497
f 1496/1496 1493/1493 1499/1499
f 1500/1500 1495/1495 1496/1496
f 1494/1494 1497/1497 1492/1492
f 1500/1500 1496/1496 1501/1501
f 1502/1502 1488/1488 1503/1503
f 1505/1505 1480/1480 1344/1344
f 1488/1488 1487/1487 1503/1503
f 1482/1482 1488/1488 1506/1506
f 1507/1507 1500/1500 1501/1501
f 1498/1498 1479/1479 1504/1504
f 1502/1502 1503/1503 1509/1509
f 1510/1510 1507/1507 1511/1511
f 1502/1502 1506/1506 1488/1488
f 1344/1344 1462/1462 1505/1505
f 1513/1513 1505/1505 1462/1462
f 1512/1512 1438/1438 1489/1489
f 1515/1515 1390/1390 1494/1494
f 1506/1506 1502/1502 1516/1516
f 1515/1515 1392/1392 1390/1390
f 1517/1517 1498/1498 1504/1504
f 1518/1518 1515/1515 1494/1494
f 1518/1518 1494/1494 1495/1495
f 1519/1519 1520/1520 1515/1515
f 1519/1519 1515/1515 1518/1518
f 1515/1515 1520/1520 1521/1521
f 1522/1522 1518/1518 1495/1495
f 1523/1523 1519/1519 1518/1518
f 1518/1518 1522/1522 1524/1524
f 1492/1492 1497/1497 1498/1498
f 1500/1500 1522/1522 1495/1495
f 1525/1525 1520/1520 1519/1519
f 1526/1526 1525/1525 1519/1519
f 1526/1526 1519/1519 1523/1523
f 1524/1524 1523/1523 1518/1518
f 1524/1524 1522/1522 1500/1500
f 1517/1517 1527/1527 1498/1498
f 1517/1517 1528/1528 1527/1527
f 1529/1529 1523/1523 1524/1524
f 1493/1493 1527/1527 1528/1528
f 1492/1492 1498/1498 1527/1527
f 1492/1492 1527/1527 1493/1493
f 1526/1526 1523/1523 1529/1529
f 1530/1530 1526/1526 1529/1529
f 1529/1529 1524/1524 1507/1507
f 1390/1390 1389/1389 1494/1494
f 1494/1494 1389/1389 1497/1497
f 1507/1507 1524/1524 1500/1500
f 1399/1399 1366/1366 1417/1417
f 1531/1531 1529/1529 1507/1507
f 1531/1531 1507/1507 1510/1510
f 1462/1462 1470/1470 1513/1513
f 1532/1532 1320/1320 516/516
f 1504/1504 1514/1514 1517/1517
f 1514/1514 1533/1533 1528/1528
f 1534/1534 1528/1528 1533/1533
f 1535/1535 1536/1536 1532/1532
f 516/516 1535/1535 1532/1532
f 1517/1517 1514/1514 1528/1528
f 1528/1528 1534/1534 1537/1537
f 1538/1538 1537/1537 1539/1539
f 1493/1493 1528/1528 1540/1540
f 1499/1499 1493/1493 1540/1540
f 1538/1538 1499/1499 1540/1540
f 1541/1541 1542/1542 1543/1543
f 1543/1543 1305/1305 1541/1541
f 1543/1543 1307/1307 1305/1305
f 1537/1537 1540/1540 1528/1528
f 1540/1540 1537/1537 1538/1538
f 1538/1538 1496/1496 1499/1499
f 1544/1544 1496/1496 1545/1545
f 1546/1546 1543/1543 1542/1542
f 1496/1496 1544/1544 1501/1501
f 1545/1545 1496/1496 1538/1538
f 1547/1547 1545/1545 1538/1538
f 1547/1547 1538/1538 1549/1549
f 1550/1550 1534/1534 1533/1533
f 1551/1551 1535/1535 516/516
f 315/315 1444/1444 312/312
f 1537/1537 1534/1534 1550/1550
f 1533/1533 1476/1476 1550/1550
f 1532/1532 1373/1373 1320/1320
f 1552/1552 1444/1444 315/315
f 1532/1532 1378/1378 1373/1373
f 1553/1553 1552/1552 315/315
f 1554/1554 1550/1550 1476/1476
f 1556/1556 1550/1550 1554/1554
f 1556/1556 1537/1537 1550/1550
f 1539/1539 1537/1537 1555/1555
f 1536/1536 1378/1378 1532/1532
f 1549/1549 1538/1538 1539/1539
f 1557/1557 1378/1378 1536/1536
f 1557/1557 1379/1379 1378/1378
f 1553/1553 1558/1558 1559/1559
f 1560/1560 1555/1555 1561/1561
f 1562/1562 1557/1557 1536/1536
f 1535/1535 1562/1562 1536/1536
f 1539/1539 1555/1555 1560/1560
f 515/515 1553/1553 315/315
f 1382/1382 1379/1379 1468/1468
f 1468/1468 1381/1381 1382/1382
f 1501/1501 1544/1544 1564/1564
f 1507/1507 1501/1501 1564/1564
f 1544/1544 1545/1545 1547/1547
f 1565/1565 1547/1547 1566/1566
f 1379/1379 1567/1567 1468/1468
f 1511/1511 1507/1507 1564/1564
f 1568/1568 1468/1468 1567/1567
f 1511/1511 1564/1564 1544/1544
f 1562/1562 1569/1569 1567/1567
f 1568/1568 1567/1567 1569/1569
f 1557/1557 1567/1567 1379/1379
f 1547/1547 1511/1511 1544/1544
f 1511/1511 1547/1547 1565/1565
f 1557/1557 1562/1562 1567/1567
f 1570/1570 1449/1449 1444/1444
f 1552/1552 1553/1553 1571/1571
f 1570/1570 1444/1444 1552/1552
f 1571/1571 1570/1570 1552/1552
f 1565/1565 1572/1572 1511/1511
f 1559/1559 1571/1571 1553/1553
f 1549/1549 1539/1539 1573/1573
f 1574/1574 1549/1549 1573/1573
f 1575/1575 1576/1576 1560/1560
f 1560/1560 1573/1573 1539/1539
f 1573/1573 1560/1560 1576/1576
f 1574/1574 1573/1573 1576/1576
f 1574/1574 1576/1576 1577/1577
f 1566/1566 1547/1547 1549/1549
f 1565/1565 1566/1566 1549/1549
f 1578/1578 1579/1579 1569/1569
f 1549/1549 1574/1574 1565/1565
f 515/515 523/523 1580/1580
f 515/515 1580/1580 1553/1553
f 1581/1581 1553/1553 1580/1580
f 1582/1582 1510/1510 1583/1583
f 1581/1581 1580/1580 523/523
f 1535/1535 1551/1551 1562/1562
f 1553/1553 1581/1581 1558/1558
f 1582/1582 1584/1584 1585/1585
f 1551/1551 1578/1578 1562/1562
f 1569/1569 1562/1562 1578/1578
f 524/524 1581/1581 523/523
f 1586/1586 1530/1530 1529/1529
f 524/524 1559/1559 1581/1581
f 1559/1559 1558/1558 1581/1581
f 1530/1530 1586/1586 1587/1587
f 1588/1588 1530/1530 1587/1587
f 667/667 1551/1551 516/516
f 524/524 1589/1589 1559/1559
f 1589/1589 1590/1590 1559/1559
f 1586/1586 1529/1529 1531/1531
f 1590/1590 1571/1571 1559/1559
f 1461/1461 1385/1385 1340/1340
f 1588/1588 1587/1587 1591/1591
f 1591/1591 1587/1587 1531/1531
f 1571/1571 1590/1590 1592/1592
f 1472/1472 1461/1461 1456/1456
f 1551/1551 667/667 1593/1593
f 1304/1304 1472/1472 1456/1456
f 1593/1593 1578/1578 1551/1551
f 1461/1461 1472/1472 1474/1474
f 1385/1385 1461/1461 1474/1474
f 1587/1587 1586/1586 1531/1531
f 1510/1510 1582/1582 1531/1531
f 1594/1594 1531/1531 1582/1582
f 1531/1531 1594/1594 1591/1591
f 1595/1595 1594/1594 1582/1582
f 1596/1596 1588/1588 1591/1591
f 1597/1597 1588/1588 1596/1596
f 1598/1598 1597/1597 1596/1596
f 1449/1449 1570/1570 1467/1467
f 1599/1599 1578/1578 1593/1593
f 1541/1541 1466/1466 1469/1469
f 1482/1482 1385/1385 1474/1474
f 1482/1482 1380/1380 1385/1385
f 1598/1598 1596/1596 1591/1591
f 1570/1570 1600/1600 1467/1467
f 1570/1570 1571/1571 1600/1600
f 1469/1469 1467/1467 1600/1600
f 1591/1591 1594/1594 1595/1595
f 1595/1595 1582/1582 1585/1585
f 1602/1602 1469/1469 1600/1600
f 1466/1466 1541/1541 1305/1305
f 1598/1598 1591/1591 1595/1595
f 1541/1541 1469/1469 1542/1542
f 1595/1595 1585/1585 1603/1603
f 1602/1602 1542/1542 1469/1469
f 1546/1546 1542/1542 1602/1602
f 1511/1511 1583/1583 1510/1510
f 1482/1482 1601/1601 1380/1380
f 1604/1604 1583/1583 1511/1511
f 1546/1546 1602/1602 1548/1548
f 1508/1508 1601/1601 1482/1482
f 1471/1471 1605/1605 1464/1464
f 1606/1606 1511/1511 1572/1572
f 1607/1607 1606/1606 1572/1572
f 1608/1608 1609/1609 1571/1571
f 1582/1582 1583/1583 1584/1584
f 1604/1604 1584/1584 1583/1583
f 1610/1610 1463/1463 1468/1468
f 1609/1609 1600/1600 1571/1571
f 1609/1609 1602/1602 1600/1600
f 1380/1380 1601/1601 1417/1417
f 1607/1607 1611/1611 1606/1606
f 1606/1606 1604/1604 1511/1511
f 1606/1606 1584/1584 1604/1604
f 1612/1612 1565/1565 1574/1574
f 1613/1613 1609/1609 1608/1608
f 1568/1568 1610/1610 1468/1468
f 1571/1571 1592/1592 1608/1608
f 1614/1614 1574/1574 1577/1577
f 1612/1612 1574/1574 1614/1614
f 1613/1613 1608/1608 1592/1592
f 1615/1615 1612/1612 1614/1614
f 1616/1616 1610/1610 1568/1568
f 1617/1617 1612/1612 1615/1615
f 1463/1463 1610/1610 1471/1471
f 1471/1471 1610/1610 1616/1616
f 1612/1612 1572/1572 1565/1565
f 1471/1471 1616/1616 1605/1605
f 1548/1548 1602/1602 1609/1609
f 1572/1572 1617/1617 1607/1607
f 1617/1617 1572/1572 1612/1612
f 1617/1617 1611/1611 1607/1607
f 1601/1601 1508/1508 1618/1618
f 1619/1619 1605/1605 1616/1616
f 1569/1569 1620/1620 1568/1568
f 1508/1508 1621/1621 1618/1618
f 1606/1606 1611/1611 1584/1584
f 1399/1399 1417/1417 1618/1618
f 1622/1622 1585/1585 1584/1584
f 1623/1623 1624/1624 1548/1548
f 1585/1585 1622/1622 1603/1603
f 1603/1603 1622/1622 1625/1625
f 1626/1626 1625/1625 1584/1584
f 1579/1579 1620/1620 1569/1569
f 1622/1622 1584/1584 1625/1625
f 1618/1618 1417/1417 1601/1601
f 1620/1620 1616/1616 1568/1568
f 1627/1627 1616/1616 1620/1620
f 1629/1629 1627/1627 1620/1620
f 1506/1506 1508/1508 1482/1482
f 1611/1611 1617/1617 1615/1615
f 1630/1630 524/524 522/522
f 522/522 492/492 1630/1630
f 1584/1584 1611/1611 1626/1626
f 1626/1626 1611/1611 1615/1615
f 1629/1629 1620/1620 1579/1579
f 554/554 1630/1630 492/492
f 1631/1631 1589/1589 524/524
f 1632/1632 1625/1625 1626/1626
f 1631/1631 524/524 1633/1633
f 1629/1629 1634/1634 1627/1627
f 1633/1633 524/524 1630/1630
f 1635/1635 1634/1634 1629/1629
f 1589/1589 1636/1636 1590/1590
f 1636/1636 1637/1637 1590/1590
f 1450/1450 1448/1448 1455/1455
f 1464/1464 1605/1605 1638/1638
f 1639/1639 1450/1450 1455/1455
f 1613/1613 1590/1590 1637/1637
f 1613/1613 1592/1592 1590/1590
f 1489/1489 1464/1464 1638/1638
f 1636/1636 1613/1613 1637/1637
f 1640/1640 1639/1639 1641/1641
f 1455/1455 1644/1644 1645/1645
f 1647/1647 1638/1638 1605/1605
f 1619/1619 1647/1647 1605/1605
f 1636/1636 1589/1589 1631/1631
f 1638/1638 1648/1648 1489/1489
f 505/505 511/511 507/507
f 1455/1455 1645/1645 1650/1650
f 1651/1651 1646/1646 1652/1652
f 1636/1636 1653/1653 1654/1654
f 507/507 511/511 508/508
f 1655/1655 1646/1646 1651/1651
f 1646/1646 1655/1655 1649/1649
f 1649/1649 1655/1655 1656/1656
f 1651/1651 1652/1652 1657/1657
f 1657/1657 1655/1655 1651/1651
f 1512/1512 1489/1489 1658/1658
f 1656/1656 1655/1655 1659/1659
f 1657/1657 1659/1659 1655/1655
f 1660/1660 1652/1652 1661/1661
f 1652/1652 1660/1660 1662/1662
f 1653/1653 1636/1636 1631/1631
f 1484/1484 1662/1662 1660/1660
f 1662/1662 1657/1657 1652/1652
f 1658/1658 1489/1489 1648/1648
f 1455/1455 1650/1650 1639/1639
f 508/508 1663/1663 507/507
f 1647/1647 1619/1619 1664/1664
f 513/513 507/507 1663/1663
f 1649/1649 1656/1656 1666/1666
f 1659/1659 1666/1666 1656/1656
f 1630/1630 1631/1631 1633/1633
f 1664/1664 1638/1638 1647/1647
f 1659/1659 1657/1657 1667/1667
f 1668/1668 1630/1630 554/554
f 1665/1665 1639/1639 1650/1650
f 1638/1638 1664/1664 1648/1648
f 1669/1669 1648/1648 1664/1664
f 1641/1641 1639/1639 1665/1665
f 1659/1659 1670/1670 1666/1666
f 1663/1663 508/508 1671/1671
f 1670/1670 1642/1642 1666/1666
f 508/508 511/511 1671/1671
f 1664/1664 1672/1672 1669/1669
f 1673/1673 1658/1658 1648/1648
f 1662/1662 1667/1667 1657/1657
f 1674/1674 1667/1667 1662/1662
f 1659/1659 1667/1667 1675/1675
f 511/511 1296/1296 1367/1367
f 1667/1667 1674/1674 1676/1676
f 1677/1677 1669/1669 1635/1635
f 1640/1640 1450/1450 1639/1639
f 1630/1630 1668/1668 1631/1631
f 1631/1631 1668/1668 1678/1678
f 1679/1679 1653/1653 1631/1631
f 1627/1627 1619/1619 1616/1616
f 1631/1631 1678/1678 1679/1679
f 1680/1680 1679/1679 1678/1678
f 1680/1680 1678/1678 1668/1668
f 1681/1681 1679/1679 1680/1680
f 1477/1477 1452/1452 1450/1450
f 1640/1640 1477/1477 1450/1450
f 1672/1672 1619/1619 1627/1627
f 1679/1679 1681/1681 1653/1653
f 1634/1634 1672/1672 1627/1627
f 1682/1682 1653/1653 1681/1681
f 1672/1672 1664/1664 1619/1619
f 1668/1668 554/554 1680/1680
f 1683/1683 1475/1475 1477/1477
f 1554/1554 1476/1476 1684/1684
f 511/511 1367/1367 1671/1671
f 1680/1680 1682/1682 1681/1681
f 1685/1685 1682/1682 1680/1680
f 1477/1477 1687/1687 1683/1683
f 1671/1671 1367/1367 1688/1688
f 1477/1477 1640/1640 1687/1687
f 1680/1680 554/554 1685/1685
f 1635/1635 1672/1672 1634/1634
f 1663/1663 1689/1689 513/513
f 1690/1690 1684/1684 1693/1693
f 527/527 513/513 1689/1689
f 1687/1687 1640/1640 1641/1641
f 1654/1654 1613/1613 1636/1636
f 1691/1691 1683/1683 1687/1687
f 1635/1635 1669/1669 1672/1672
f 1609/1609 1613/1613 1623/1623
f 1670/1670 1659/1659 1694/1694
f 1696/1696 1629/1629 1579/1579
f 1578/1578 1696/1696 1579/1579
f 1675/1675 1694/1694 1659/1659
f 1676/1676 1675/1675 1667/1667
f 1676/1676 1697/1697 1675/1675
f 1675/1675 1698/1698 1694/1694
f 1699/1699 1697/1697 1676/1676
f 1675/1675 1697/1697 1698/1698
f 1700/1700 1561/1561 1690/1690
f 1700/1700 1702/1702 1561/1561
f 1599/1599 1696/1696 1578/1578
f 1700/1700 1690/1690 1693/1693
f 1703/1703 1701/1701 1692/1692
f 1613/1613 1654/1654 1695/1695
f 1704/1704 1695/1695 1654/1654
f 1689/1689 1705/1705 527/527
f 1697/1697 1706/1706 1698/1698
f 1704/1704 1654/1654 1707/1707
f 1698/1698 1706/1706 1708/1708
f 1699/1699 1706/1706 1697/1697
f 1623/1623 1548/1548 1609/1609
f 1623/1623 1613/1613 1695/1695
f 1701/1701 1703/1703 1708/1708
f 1695/1695 1709/1709 1623/1623
f 1706/1706 1701/1701 1708/1708
f 1710/1710 1701/1701 1706/1706
f 1712/1712 1714/1714 1710/1710
f 1671/1671 1715/1715 1663/1663
f 1663/1663 1715/1715 1716/1716
f 1714/1714 1701/1701 1710/1710
f 1700/1700 1713/1713 1717/1717
f 1718/1718 1642/1642 1670/1670
f 1694/1694 1718/1718 1670/1670
f 1689/1689 1663/1663 1716/1716
f 1624/1624 1623/1623 1709/1709
f 1642/1642 1718/1718 1719/1719
f 1703/1703 1719/1719 1718/1718
f 1718/1718 1694/1694 1698/1698
f 1698/1698 1703/1703 1718/1718
f 1719/1719 1686/1686 1642/1642
f 1689/1689 1716/1716 1705/1705
f 1686/1686 1719/1719 1692/1692
f 1703/1703 1692/1692 1719/1719
f 1703/1703 1698/1698 1708/1708
f 1696/1696 1599/1599 1720/1720
f 1720/1720 1599/1599 1593/1593
f 1705/1705 1716/1716 1721/1721
f 1722/1722 1696/1696 1720/1720
f 1723/1723 1662/1662 1484/1484
f 1682/1682 1654/1654 1653/1653
f 1724/1724 1662/1662 1723/1723
f 1654/1654 1725/1725 1707/1707
f 1682/1682 1725/1725 1654/1654
f 1674/1674 1662/1662 1724/1724
f 1685/1685 1726/1726 1682/1682
f 1682/1682 1726/1726 1725/1725
f 1724/1724 1676/1676 1674/1674
f 1727/1727 1728/1728 1726/1726
f 1728/1728 1707/1707 1725/1725
f 1728/1728 1725/1725 1726/1726
f 1729/1729 1720/1720 1730/1730
f 1366/1366 1688/1688 1367/1367
f 1732/1732 1671/1671 1688/1688
f 1671/1671 1732/1732 1733/1733
f 1727/1727 1726/1726 1685/1685
f 1490/1490 1723/1723 1484/1484
f 1366/1366 1732/1732 1688/1688
f 1704/1704 1707/1707 1734/1734
f 1730/1730 1720/1720 1593/1593
f 1490/1490 1724/1724 1723/1723
f 1735/1735 1732/1732 1366/1366
f 1724/1724 1490/1490 1731/1731
f 1704/1704 1734/1734 1695/1695
f 1722/1722 1635/1635 1629/1629
f 1736/1736 1699/1699 1676/1676
f 1724/1724 1731/1731 1676/1676
f 1696/1696 1722/1722 1629/1629
f 1731/1731 1736/1736 1676/1676
f 1737/1737 1707/1707 1728/1728
f 1707/1707 1737/1737 1734/1734
f 1671/1671 1733/1733 1715/1715
f 1738/1738 1734/1734 1737/1737
f 1710/1710 1706/1706 1699/1699
f 1736/1736 1710/1710 1699/1699
f 1710/1710 1736/1736 1739/1739
f 1740/1740 1306/1306 1307/1307
f 1741/1741 1635/1635 1722/1722
f 1739/1739 1712/1712 1710/1710
f 1742/1742 1715/1715 1733/1733
f 1740/1740 1481/1481 1306/1306
f 1743/1743 1741/1741 1722/1722
f 1712/1712 1739/1739 1744/1744
f 1543/1543 1740/1740 1307/1307
f 1716/1716 1715/1715 1742/1742
f 1721/1721 1716/1716 1742/1742
f 1746/1746 1736/1736 1731/1731
f 1747/1747 1543/1543 1546/1546
f 1490/1490 1746/1746 1731/1731
f 1747/1747 1740/1740 1543/1543
f 1748/1748 1746/1746 1490/1490
f 1749/1749 1721/1721 1742/1742
f 1746/1746 1748/1748 1750/1750
f 1722/1722 1729/1729 1743/1743
f 1746/1746 1739/1739 1736/1736
f 1729/1729 1722/1722 1720/1720
f 1746/1746 1752/1752 1739/1739
f 1753/1753 1491/1491 1481/1481
f 1740/1740 1747/1747 1754/1754
f 1733/1733 1732/1732 1742/1742
f 1481/1481 1754/1754 1755/1755
f 1755/1755 1753/1753 1481/1481
f 1561/1561 1556/1556 1554/1554
f 1561/1561 1554/1554 1684/1684
f 1754/1754 1481/1481 1740/1740
f 1684/1684 1690/1690 1561/1561
f 1702/1702 1560/1560 1561/1561
f 1756/1756 1742/1742 1732/1732
f 1548/1548 1757/1757 1546/1546
f 1702/1702 1575/1575 1560/1560
f 1756/1756 1749/1749 1742/1742
f 1624/1624 1757/1757 1548/1548
f 1546/1546 1757/1757 1747/1747
f 1756/1756 1732/1732 1758/1758
f 1759/1759 1747/1747 1757/1757
f 1576/1576 1575/1575 1577/1577
f 1575/1575 1702/1702 1700/1700
f 1700/1700 1717/1717 1575/1575
f 1717/1717 1760/1760 1577/1577
f 1760/1760 1717/1717 1713/1713
f 1577/1577 1575/1575 1717/1717
f 1757/1757 1624/1624 1761/1761
f 1614/1614 1577/1577 1760/1760
f 1761/1761 1759/1759 1757/1757
f 1711/1711 1760/1760 1713/1713
f 1711/1711 1745/1745 1760/1760
f 1745/1745 1762/1762 1760/1760
f 1760/1760 1762/1762 1614/1614
f 1759/1759 1754/1754 1747/1747
f 1615/1615 1614/1614 1762/1762
f 1628/1628 1615/1615 1762/1762
f 1763/1763 591/591 588/588
f 1628/1628 1762/1762 1766/1766
f 1759/1759 1767/1767 1754/1754
f 1765/1765 1744/1744 1739/1739
f 1739/1739 1752/1752 1765/1765
f 1759/1759 1761/1761 1767/1767
f 1766/1766 1762/1762 1745/1745
f 1764/1764 1754/1754 1767/1767
f 1764/1764 1755/1755 1754/1754
f 1615/1615 1628/1628 1770/1770
f 1768/1768 1628/1628 1766/1766
f 1768/1768 1770/1770 1628/1628
f 1763/1763 588/588 1771/1771
f 1491/1491 1503/1503 1487/1487
f 1509/1509 1503/1503 1491/1491
f 1772/1772 1509/1509 1491/1491
f 1773/1773 1337/1337 1339/1339
f 1337/1337 1773/1773 1485/1485
f 1352/1352 1773/1773 1339/1339
f 1772/1772 1491/1491 1753/1753
f 1753/1753 1755/1755 1764/1764
f 527/527 582/582 576/576
f 1753/1753 1764/1764 1774/1774
f 1773/1773 1775/1775 1485/1485
f 1774/1774 1772/1772 1753/1753
f 1776/1776 1777/1777 1773/1773
f 1705/1705 582/582 527/527
f 1778/1778 1772/1772 1774/1774
f 1779/1779 1593/1593 667/667
f 1780/1780 1778/1778 1774/1774
f 1775/1775 1750/1750 1485/1485
f 1781/1781 1782/1782 582/582
f 582/582 1705/1705 1781/1781
f 1750/1750 1490/1490 1485/1485
f 1490/1490 1750/1750 1748/1748
f 1782/1782 577/577 582/582
f 584/584 577/577 1782/1782
f 584/584 1782/1782 1784/1784
f 584/584 1784/1784 589/589
f 1775/1775 1773/1773 1777/1777
f 1750/1750 1775/1775 1777/1777
f 1772/1772 1778/1778 1509/1509
f 1783/1783 1502/1502 1509/1509
f 1783/1783 1785/1785 1502/1502
f 1781/1781 1784/1784 1782/1782
f 1778/1778 1783/1783 1509/1509
f 1784/1784 1781/1781 589/589
f 1773/1773 1352/1352 1776/1776
f 1705/1705 1787/1787 1781/1781
f 1776/1776 1352/1352 1350/1350
f 1705/1705 1721/1721 1788/1788
f 1774/1774 1764/1764 1789/1789
f 1786/1786 1790/1790 1791/1791
f 1792/1792 1780/1780 1774/1774
f 1787/1787 1705/1705 1788/1788
f 1776/1776 1750/1750 1777/1777
f 1793/1793 1750/1750 1776/1776
f 1774/1774 1789/1789 1792/1792
f 1789/1789 1794/1794 1792/1792
f 1795/1795 1789/1789 1764/1764
f 1781/1781 588/588 589/589
f 1796/1796 1793/1793 1776/1776
f 1797/1797 1796/1796 1776/1776
f 588/588 1787/1787 1798/1798
f 1793/1793 1796/1796 1799/1799
f 1794/1794 1800/1800 1792/1792
f 588/588 1781/1781 1787/1787
f 1783/1783 1778/1778 1780/1780
f 1801/1801 1783/1783 1780/1780
f 1801/1801 1780/1780 1792/1792
f 1803/1803 1790/1790 1802/1802
f 1750/1750 1793/1793 1746/1746
f 1800/1800 1801/1801 1792/1792
f 1804/1804 1790/1790 1786/1786
f 1709/1709 1761/1761 1624/1624
f 1805/1805 1746/1746 1793/1793
f 1709/1709 1807/1807 1761/1761
f 1808/1808 1802/1802 1790/1790
f 1805/1805 1793/1793 1799/1799
f 1749/1749 1788/1788 1721/1721
f 1804/1804 1808/1808 1790/1790
f 1807/1807 1695/1695 1809/1809
f 1746/1746 1805/1805 1769/1769
f 1787/1787 1788/1788 1749/1749
f 1749/1749 1810/1810 1787/1787
f 1761/1761 1807/1807 1767/1767
f 1767/1767 1807/1807 1795/1795
f 1787/1787 1810/1810 1798/1798
f 1811/1811 1802/1802 1808/1808
f 1805/1805 1812/1812 1769/1769
f 1795/1795 1764/1764 1767/1767
f 1396/1396 1350/1350 1351/1351
f 1813/1813 1808/1808 1804/1804
f 1350/1350 1396/1396 1776/1776
f 1396/1396 1814/1814 1776/1776
f 1815/1815 1795/1795 1816/1816
f 1816/1816 1795/1795 1807/1807
f 1813/1813 1811/1811 1808/1808
f 1817/1817 1815/1815 1816/1816
f 1814/1814 1396/1396 1400/1400
f 1814/1814 1797/1797 1776/1776
f 1818/1818 1809/1809 1734/1734
f 1814/1814 1796/1796 1797/1797
f 1819/1819 1796/1796 1814/1814
f 1816/1816 1807/1807 1809/1809
f 1809/1809 1818/1818 1816/1816
f 1819/1819 1814/1814 1820/1820
f 1821/1821 1816/1816 1818/1818
f 1817/1817 1816/1816 1821/1821
f 1822/1822 1810/1810 1749/1749
f 1823/1823 1810/1810 1822/1822
f 1443/1443 1425/1425 1394/1394
f 1824/1824 1817/1817 1821/1821
f 1798/1798 1810/1810 1823/1823
f 1405/1405 1400/1400 1408/1408
f 1443/1443 1786/1786 1425/1425
f 1825/1825 1817/1817 1824/1824
f 1794/1794 1789/1789 1795/1795
f 588/588 1798/1798 1806/1806
f 1820/1820 1400/1400 1405/1405
f 1826/1826 1794/1794 1795/1795
f 1820/1820 1814/1814 1400/1400
f 1827/1827 588/588 1806/1806
f 1815/1815 1826/1826 1795/1795
f 1815/1815 1828/1828 1826/1826
f 1819/1819 1799/1799 1796/1796
f 1829/1829 1830/1830 1799/1799
f 1827/1827 1771/1771 588/588
f 1831/1831 1800/1800 1826/1826
f 1829/1829 1799/1799 1819/1819
f 1832/1832 1771/1771 1827/1827
f 1829/1829 1819/1819 1833/1833
f 1834/1834 1831/1831 1826/1826
f 1826/1826 1835/1835 1834/1834
f 1830/1830 1829/1829 1833/1833
f 1800/1800 1794/1794 1826/1826
f 1805/1805 1799/1799 1830/1830
f 1826/1826 1828/1828 1836/1836
f 1837/1837 1805/1805 1830/1830
f 1837/1837 1812/1812 1805/1805
f 1826/1826 1836/1836 1835/1835
f 1839/1839 1828/1828 1815/1815
f 1830/1830 1833/1833 1837/1837
f 1840/1840 1815/1815 1841/1841
f 1841/1841 1815/1815 1817/1817
f 1819/1819 1820/1820 1833/1833
f 1836/1836 1828/1828 1839/1839
f 1840/1840 1839/1839 1815/1815
f 1804/1804 1786/1786 1443/1443
f 1825/1825 1841/1841 1817/1817
f 1827/1827 1806/1806 1842/1842
f 1842/1842 1832/1832 1827/1827
f 1843/1843 1833/1833 1820/1820
f 1825/1825 1840/1840 1841/1841
f 1758/1758 1732/1732 1751/1751
f 1845/1845 1839/1839 1840/1840
f 1844/1844 1804/1804 1443/1443
f 1845/1845 1840/1840 1846/1846
f 1847/1847 1834/1834 1835/1835
f 1443/1443 1438/1438 1844/1844
f 1848/1848 1833/1833 1843/1843
f 1848/1848 1837/1837 1833/1833
f 1845/1845 1836/1836 1839/1839
f 1836/1836 1845/1845 1835/1835
f 1438/1438 1512/1512 1844/1844
f 1845/1845 1849/1849 1835/1835
f 1847/1847 1835/1835 1849/1849
f 1709/1709 1695/1695 1807/1807
f 1756/1756 1822/1822 1749/1749
f 1734/1734 1809/1809 1695/1695
f 1595/1595 1850/1850 1598/1598
f 1603/1603 1850/1850 1595/1595
f 1738/1738 1818/1818 1734/1734
f 1851/1851 1818/1818 1738/1738
f 1822/1822 1852/1852 1823/1823
f 1851/1851 1821/1821 1818/1818
f 1853/1853 1798/1798 1823/1823
f 1854/1854 1597/1597 1598/1598
f 1855/1855 559/559 558/558
f 1823/1823 1856/1856 1853/1853
f 1813/1813 1804/1804 1857/1857
f 1855/1855 1858/1858 559/559
f 1844/1844 1857/1857 1804/1804
f 594/594 1855/1855 558/558
f 1855/1855 594/594 1860/1860
f 1861/1861 1598/1598 1850/1850
f 1858/1858 1855/1855 1860/1860
f 1852/1852 1862/1862 1823/1823
f 1863/1863 1803/1803 1802/1802
f 1864/1864 1603/1603 1625/1625
f 1862/1862 1856/1856 1823/1823
f 559/559 1865/1865 554/554
f 1864/1864 1866/1866 1859/1859
f 1867/1867 1859/1859 1866/1866
f 1803/1803 1868/1868 1869/1869
f 1870/1870 1615/1615 1770/1770
f 1864/1864 1625/1625 1632/1632
f 1626/1626 1871/1871 1632/1632
f 559/559 1858/1858 1865/1865
f 1806/1806 1838/1838 1842/1842
f 1842/1842 1838/1838 1872/1872
f 1870/1870 1626/1626 1615/1615
f 1626/1626 1870/1870 1871/1871
f 1868/1868 1803/1803 1863/1863
f 1873/1873 1870/1870 1770/1770
f 1866/1866 1864/1864 1632/1632
f 1876/1876 1842/1842 1872/1872
f 1873/1873 1871/1871 1870/1870
f 1874/1874 1863/1863 1802/1802
f 1806/1806 1798/1798 1838/1838
f 1802/1802 1811/1811 1874/1874
f 1877/1877 1867/1867 1866/1866
f 1853/1853 1838/1838 1798/1798
f 1878/1878 1874/1874 1811/1811
f 1769/1769 1812/1812 1879/1879
f 1880/1880 1838/1838 1853/1853
f 1880/1880 1872/1872 1838/1838
f 1881/1881 1858/1858 1860/1860
f 1878/1878 1863/1863 1874/1874
f 1871/1871 1882/1882 1632/1632
f 1856/1856 1880/1880 1853/1853
f 1866/1866 1632/1632 1882/1882
f 1882/1882 1877/1877 1866/1866
f 1882/1882 1871/1871 1873/1873
f 1883/1883 1882/1882 1873/1873
f 1883/1883 1873/1873 1884/1884
f 1886/1886 1883/1883 1884/1884
f 1868/1868 1889/1889 1888/1888
f 1879/1879 1887/1887 1885/1885
f 1856/1856 1872/1872 1880/1880
f 593/593 594/594 587/587
f 1892/1892 1883/1883 1886/1886
f 1893/1893 1882/1882 1883/1883
f 1890/1890 1894/1894 1875/1875
f 1603/1603 1864/1864 1859/1859
f 1850/1850 1603/1603 1859/1859
f 1889/1889 1895/1895 1888/1888
f 1872/1872 1856/1856 1896/1896
f 1850/1850 1859/1859 1867/1867
f 1898/1898 1894/1894 1890/1890
f 1872/1872 1896/1896 1897/1897
f 1899/1899 1850/1850 1867/1867
f 1861/1861 1850/1850 1899/1899
f 1899/1899 1867/1867 1877/1877
f 1728/1728 1727/1727 1737/1737
f 1877/1877 1900/1900 1899/1899
f 1901/1901 1727/1727 1902/1902
f 1727/1727 1685/1685 554/554
f 1854/1854 1598/1598 1861/1861
f 1903/1903 1868/1868 1863/1863
f 1861/1861 1904/1904 1854/1854
f 1905/1905 1889/1889 1868/1868
f 554/554 1902/1902 1727/1727
f 1868/1868 1903/1903 1905/1905
f 1862/1862 1906/1906 1856/1856
f 1863/1863 1878/1878 1903/1903
f 1902/1902 554/554 1865/1865
f 1906/1906 1896/1896 1856/1856
f 1727/1727 1901/1901 1737/1737
f 1901/1901 1907/1907 1737/1737
f 1908/1908 1737/1737 1909/1909
f 1896/1896 1910/1910 1897/1897
f 1912/1912 1889/1889 1905/1905
f 1913/1913 1861/1861 1899/1899
f 1907/1907 1901/1901 1902/1902
f 1854/1854 1904/1904 1914/1914
f 1909/1909 1737/1737 1907/1907
f 1915/1915 1909/1909 1907/1907
f 1916/1916 1912/1912 1905/1905
f 1861/1861 1917/1917 1904/1904
f 1894/1894 1898/1898 1918/1918
f 1915/1915 1907/1907 1902/1902
f 1910/1910 1896/1896 1919/1919
f 1921/1921 1914/1914 1922/1922
f 1898/1898 1911/1911 1918/1918
f 1904/1904 1917/1917 1914/1914
f 1922/1922 1914/1914 1917/1917
f 1894/1894 1918/1918 1923/1923
f 1858/1858 1881/1881 1865/1865
f 1900/1900 1924/1924 1925/1925
f 1925/1925 1861/1861 1913/1913
f 1900/1900 1925/1925 1913/1913
f 1918/1918 1911/1911 1920/1920
f 1920/1920 1923/1923 1918/1918
f 1896/1896 1926/1926 1919/1919
f 1927/1927 1923/1923 1920/1920
f 1917/1917 1861/1861 1925/1925
f 1811/1811 1813/1813 1929/1929
f 1925/1925 1924/1924 1917/1917
f 1811/1811 1929/1929 1878/1878
f 1922/1922 1917/1917 1924/1924
f 1930/1930 1922/1922 1924/1924
f 1931/1931 1865/1865 1881/1881
f 1924/1924 1900/1900 1928/1928
f 1812/1812 1932/1932 1879/1879
f 1812/1812 1837/1837 1933/1933
f 1933/1933 1932/1932 1812/1812
f 1865/1865 1915/1915 1902/1902
f 1933/1933 1837/1837 1934/1934
f 1934/1934 1932/1932 1933/1933
f 1735/1735 1366/1366 1399/1399
f 1877/1877 1882/1882 1935/1935
f 1935/1935 1882/1882 1893/1893
f 1891/1891 1887/1887 1879/1879
f 1903/1903 1878/1878 1929/1929
f 1892/1892 1893/1893 1883/1883
f 1881/1881 1860/1860 594/594
f 1735/1735 1751/1751 1732/1732
f 1857/1857 1936/1936 1813/1813
f 1937/1937 1891/1891 1879/1879
f 1938/1938 1893/1893 1892/1892
f 1936/1936 1929/1929 1813/1813
f 1848/1848 1934/1934 1837/1837
f 1939/1939 1932/1932 1934/1934
f 1940/1940 1939/1939 1934/1934
f 1941/1941 1929/1929 1936/1936
f 590/590 594/594 593/593
f 1942/1942 1934/1934 1848/1848
f 1934/1934 1942/1942 1940/1940
f 1938/1938 1944/1944 1893/1893
f 1939/1939 1879/1879 1932/1932
f 1879/1879 1939/1939 1937/1937
f 1946/1946 1937/1937 1939/1939
f 1939/1939 1940/1940 1946/1946
f 1758/1758 1751/1751 1945/1945
f 611/611 594/594 590/590
f 1943/1943 1937/1937 1946/1946
f 1944/1944 1948/1948 1893/1893
f 1949/1949 1903/1903 1929/1929
f 1949/1949 1947/1947 1903/1903
f 1950/1950 1947/1947 1951/1951
f 1563/1563 1735/1735 1399/1399
f 1951/1951 1947/1947 1949/1949
f 1905/1905 1903/1903 1947/1947
f 1916/1916 1905/1905 1947/1947
f 1945/1945 1735/1735 1563/1563
f 1735/1735 1945/1945 1751/1751
f 1899/1899 1900/1900 1913/1913
f 1900/1900 1877/1877 1935/1935
f 1952/1952 1916/1916 1947/1947
f 1947/1947 1950/1950 1952/1952
f 1954/1954 1952/1952 1955/1955
f 1954/1954 1956/1956 1952/1952
f 1949/1949 1929/1929 1941/1941
f 1900/1900 1935/1935 1953/1953
f 1928/1928 1900/1900 1953/1953
f 1951/1951 1949/1949 1950/1950
f 1949/1949 1941/1941 1950/1950
f 1948/1948 1953/1953 1935/1935
f 1948/1948 1935/1935 1893/1893
f 1957/1957 594/594 611/611
f 1957/1957 1881/1881 594/594
f 1944/1944 1958/1958 1948/1948
f 1952/1952 1950/1950 1955/1955
f 1769/1769 1752/1752 1746/1746
f 1954/1954 1960/1960 1956/1956
f 1954/1954 1961/1961 1960/1960
f 1962/1962 1955/1955 1950/1950
f 1962/1962 1950/1950 1941/1941
f 1756/1756 1963/1963 1822/1822
f 1954/1954 1955/1955 1962/1962
f 1769/1769 1965/1965 1752/1752
f 1964/1964 1770/1770 1768/1768
f 1770/1770 1964/1964 1873/1873
f 1964/1964 1884/1884 1873/1873
f 1885/1885 1965/1965 1769/1769
f 1879/1879 1885/1885 1769/1769
f 1968/1968 1844/1844 1512/1512
f 1969/1969 1844/1844 1968/1968
f 1931/1931 1881/1881 1970/1970
f 1658/1658 1968/1968 1512/1512
f 1895/1895 1971/1971 1972/1972
f 1973/1973 1974/1974 1972/1972
f 1971/1971 1973/1973 1972/1972
f 1973/1973 1975/1975 1974/1974
f 1975/1975 1976/1976 1977/1977
f 1969/1969 1978/1978 1844/1844
f 1979/1979 1973/1973 1971/1971
f 1979/1979 1975/1975 1973/1973
f 1981/1981 1975/1975 1979/1979
f 1976/1976 1975/1975 1981/1981
f 1968/1968 1982/1982 1969/1969
f 1982/1982 1978/1978 1969/1969
f 1984/1984 1977/1977 1976/1976
f 1984/1984 1985/1985 1977/1977
f 1673/1673 1986/1986 1658/1658
f 1968/1968 1658/1658 1987/1987
f 1985/1985 1362/1362 1977/1977
f 1982/1982 1968/1968 1987/1987
f 1985/1985 1984/1984 1988/1988
f 1986/1986 1987/1987 1658/1658
f 1989/1989 1987/1987 1986/1986
f 1673/1673 1669/1669 1986/1986
f 1986/1986 1669/1669 1677/1677
f 1971/1971 1895/1895 1889/1889
f 1912/1912 1971/1971 1889/1889
f 1971/1971 1990/1990 1979/1979
f 1912/1912 1990/1990 1971/1971
f 1957/1957 1970/1970 1881/1881
f 1990/1990 1991/1991 1981/1981
f 1991/1991 1992/1992 1981/1981
f 1993/1993 1982/1982 1987/1987
f 1979/1979 1990/1990 1981/1981
f 1993/1993 1978/1978 1982/1982
f 1758/1758 1967/1967 1756/1756
f 1916/1916 1990/1990 1912/1912
f 1990/1990 1916/1916 1991/1991
f 1994/1994 1980/1980 1978/1978
f 1993/1993 1994/1994 1978/1978
f 1976/1976 1981/1981 1992/1992
f 1984/1984 1976/1976 1992/1992
f 1995/1995 1980/1980 1994/1994
f 1987/1987 1989/1989 1993/1993
f 1758/1758 1945/1945 1967/1967
f 1989/1989 1996/1996 1993/1993
f 1996/1996 1994/1994 1993/1993
f 1994/1994 1996/1996 1995/1995
f 1996/1996 1989/1989 1997/1997
f 1998/1998 1984/1984 1992/1992
f 1999/1999 1984/1984 1998/1998
f 1844/1844 1978/1978 2000/2000
f 1822/1822 1963/1963 1852/1852
f 1991/1991 1916/1916 1956/1956
f 1952/1952 1956/1956 1916/1916
f 1970/1970 2001/2001 1931/1931
f 1963/1963 1756/1756 1967/1967
f 1970/1970 2002/2002 2001/2001
f 1991/1991 1956/1956 1992/1992
f 2004/2004 1992/1992 1960/1960
f 1978/1978 1980/1980 2000/2000
f 2004/2004 1998/1998 1992/1992
f 2004/2004 1999/1999 1998/1998
f 2005/2005 2004/2004 1960/1960
f 1992/1992 1956/1956 1960/1960
f 2006/2006 1825/1825 1824/1824
f 2005/2005 1999/1999 2004/2004
f 1961/1961 2005/2005 1960/1960
f 2005/2005 1961/1961 2007/2007
f 2000/2000 1857/1857 1844/1844
f 1988/1988 1362/1362 1985/1985
f 1840/1840 1825/1825 2008/2008
f 2010/2010 2008/2008 1825/1825
f 1846/1846 1840/1840 2008/2008
f 1375/1375 1369/1369 1362/1362
f 1967/1967 2011/2011 1963/1963
f 1988/1988 1375/1375 1362/1362
f 2010/2010 1825/1825 2006/2006
f 1963/1963 2011/2011 2009/2009
f 1999/1999 1375/1375 1988/1988
f 1857/1857 2000/2000 2012/2012
f 2013/2013 2010/2010 2006/2006
f 2010/2010 2014/2014 2015/2015
f 2015/2015 2008/2008 2010/2010
f 2003/2003 1852/1852 1963/1963
f 2013/2013 2014/2014 2010/2010
f 2016/2016 2017/2017 1980/1980
f 1852/1852 2003/2003 1862/1862
f 2016/2016 1980/1980 1995/1995
f 1849/1849 1846/1846 2018/2018
f 1963/1963 2009/2009 2003/2003
f 1849/1849 1845/1845 1846/1846
f 2016/2016 1995/1995 2019/2019
f 1996/1996 2019/2019 1995/1995
f 2019/2019 1996/1996 1997/1997
f 2018/2018 1846/1846 2020/2020
f 2020/2020 1846/1846 2008/2008
f 2021/2021 2016/2016 2019/2019
f 1984/1984 1999/1999 1988/1988
f 2003/2003 2022/2022 1862/1862
f 2000/2000 1980/1980 2017/2017
f 2020/2020 2008/2008 2015/2015
f 2023/2023 2022/2022 2003/2003
f 2009/2009 2023/2023 2003/2003
f 2012/2012 2000/2000 2024/2024
f 2024/2024 2000/2000 2017/2017
f 2025/2025 2022/2022 2023/2023
f 2021/2021 2017/2017 2016/2016
f 2023/2023 2009/2009 2025/2025
f 2006/2006 2026/2026 2013/2013
f 2027/2027 2024/2024 2017/2017
f 1741/1741 1677/1677 1635/1635
f 1677/1677 1741/1741 1986/1986
f 2028/2028 1862/1862 2022/2022
f 2029/2029 2014/2014 2013/2013
f 1741/1741 1989/1989 1986/1986
f 2029/2029 2013/2013 2030/2030
f 2031/2031 1989/1989 1741/1741
f 2032/2032 2030/2030 2013/2013
f 1923/1923 2033/2033 1894/1894
f 2034/2034 2035/2035 2030/2030
f 2028/2028 1906/1906 1862/1862
f 1989/1989 2031/2031 1997/1997
f 2029/2029 2015/2015 2014/2014
f 2020/2020 2015/2015 2036/2036
f 2020/2020 2036/2036 2037/2037
f 2029/2029 2036/2036 2015/2015
f 2029/2029 2038/2038 2036/2036
f 1743/1743 2031/2031 1741/1741
f 2029/2029 2030/2030 2038/2038
f 2039/2039 2033/2033 1923/1923
f 1923/1923 2040/2040 2039/2039
f 2041/2041 2036/2036 2038/2038
f 2038/2038 2030/2030 2035/2035
f 2041/2041 2038/2038 2035/2035
f 1785/1785 1516/1516 1502/1502
f 2042/2042 2035/2035 2034/2034
f 1516/1516 1508/1508 1506/1506
f 2043/2043 2044/2044 1743/1743
f 2043/2043 1743/1743 2045/2045
f 1425/1425 2042/2042 2034/2034
f 2046/2046 1508/1508 1516/1516
f 2046/2046 1516/1516 2047/2047
f 1405/1405 1375/1375 1999/1999
f 2047/2047 2048/2048 2049/2049
f 1425/1425 2035/2035 2042/2042
f 2050/2050 2049/2049 2048/2048
f 1425/1425 2051/2051 2035/2035
f 1405/1405 1999/1999 2052/2052
f 2053/2053 2019/2019 1997/1997
f 2053/2053 1997/1997 2031/2031
f 2019/2019 2053/2053 2021/2021
f 1563/1563 1983/1983 1945/1945
f 2021/2021 2053/2053 2054/2054
f 1737/1737 1851/1851 1738/1738
f 1908/1908 1851/1851 1737/1737
f 2005/2005 2055/2055 1999/1999
f 2044/2044 2053/2053 2031/2031
f 2054/2054 2053/2053 2044/2044
f 1618/1618 2057/2057 2056/2056
f 1908/1908 1915/1915 2058/2058
f 1621/1621 2057/2057 1618/1618
f 2059/2059 2027/2027 2017/2017
f 2021/2021 2059/2059 2017/2017
f 1618/1618 2056/2056 1399/1399
f 1915/1915 1908/1908 1909/1909
f 2060/2060 2027/2027 2059/2059
f 1851/1851 1908/1908 2061/2061
f 1908/1908 2058/2058 2061/2061
f 2026/2026 2061/2061 2058/2058
f 2054/2054 2059/2059 2021/2021
f 1851/1851 2061/2061 1821/1821
f 1824/1824 1821/1821 2061/2061
f 2062/2062 2057/2057 2063/2063
f 2044/2044 2031/2031 1743/1743
f 2007/2007 2055/2055 2005/2005
f 2026/2026 1824/1824 2061/2061
f 2026/2026 2006/2006 1824/1824
f 2064/2064 2058/2058 1915/1915
f 1508/1508 2049/2049 1621/1621
f 2064/2064 1915/1915 1865/1865
f 2065/2065 2060/2060 2059/2059
f 1508/1508 2046/2046 2049/2049
f 2066/2066 2058/2058 2064/2064
f 2066/2066 2026/2026 2058/2058
f 2059/2059 2054/2054 2067/2067
f 2065/2065 2059/2059 2067/2067
f 2068/2068 2065/2065 2067/2067
f 1621/1621 2049/2049 2057/2057
f 1931/1931 2064/2064 1865/1865
f 2044/2044 2067/2067 2054/2054
f 2069/2069 2064/2064 1931/1931
f 2070/2070 2068/2068 2067/2067
f 2049/2049 2050/2050 2063/2063
f 2046/2046 2047/2047 2049/2049
f 2066/2066 2032/2032 2026/2026
f 1936/1936 2071/2071 1941/1941
f 2057/2057 2049/2049 2063/2063
f 1936/1936 2072/2072 2071/2071
f 2073/2073 2071/2071 2072/2072
f 2034/2034 2032/2032 2066/2066
f 2071/2071 2074/2074 1941/1941
f 2074/2074 1962/1962 1941/1941
f 2056/2056 1563/1563 1399/1399
f 2013/2013 2026/2026 2032/2032
f 2034/2034 2030/2030 2032/2032
f 2073/2073 2074/2074 2071/2071
f 2056/2056 2057/2057 2075/2075
f 2076/2076 2064/2064 2077/2077
f 2074/2074 2078/2078 1962/1962
f 2077/2077 2064/2064 2069/2069
f 2066/2066 2064/2064 2076/2076
f 2078/2078 1954/1954 1962/1962
f 1954/1954 2078/2078 1966/1966
f 1966/1966 1961/1961 1954/1954
f 2076/2076 2077/2077 2069/2069
f 1563/1563 2056/2056 2075/2075
f 1999/1999 2055/2055 2052/2052
f 2079/2079 2052/2052 2055/2055
f 2080/2080 2076/2076 2069/2069
f 2081/2081 2076/2076 2080/2080
f 2062/2062 2075/2075 2057/2057
f 2082/2082 1966/1966 2078/2078
f 1966/1966 2082/2082 1961/1961
f 2083/2083 1961/1961 2082/2082
f 2069/2069 2001/2001 2080/2080
f 1961/1961 2084/2084 2007/2007
f 2084/2084 2055/2055 2007/2007
f 2085/2085 2066/2066 2076/2076
f 2075/2075 1983/1983 1563/1563
f 2085/2085 2076/2076 2081/2081
f 2086/2086 2087/2087 2073/2073
f 2073/2073 2078/2078 2074/2074
f 2088/2088 2078/2078 2073/2073
f 2066/2066 2085/2085 2034/2034
f 2088/2088 2082/2082 2078/2078
f 2089/2089 1983/1983 2075/2075
f 2088/2088 2073/2073 2090/2090
f 2087/2087 2090/2090 2073/2073
f 1983/1983 2089/2089 2091/2091
f 2001/2001 2081/2081 2080/2080
f 1387/1387 2081/2081 2001/2001
f 2092/2092 1857/1857 2012/2012
f 1857/1857 2092/2092 2072/2072
f 1931/1931 2001/2001 2069/2069
f 1857/1857 2072/2072 1936/1936
f 2012/2012 2024/2024 2093/2093
f 2002/2002 1387/1387 2001/2001
f 2094/2094 2062/2062 2063/2063
f 2012/2012 2093/2093 2092/2092
f 2024/2024 2095/2095 2093/2093
f 2095/2095 2092/2092 2093/2093
f 2092/2092 2095/2095 2096/2096
f 1394/1394 2081/2081 1387/1387
f 2096/2096 2072/2072 2092/2092
f 2052/2052 1820/1820 1405/1405
f 2050/2050 2094/2094 2063/2063
f 2089/2089 2075/2075 2062/2062
f 2062/2062 2094/2094 2089/2089
f 2097/2097 2084/2084 1961/1961
f 2097/2097 2098/2098 2084/2084
f 2094/2094 2099/2099 2089/2089
f 2100/2100 2055/2055 2084/2084
f 2084/2084 2098/2098 2100/2100
f 2097/2097 1961/1961 2083/2083
f 1394/1394 2034/2034 2085/2085
f 1394/1394 2085/2085 2081/2081
f 2079/2079 2055/2055 2100/2100
f 2072/2072 2096/2096 2073/2073
f 2073/2073 2096/2096 2086/2086
f 2097/2097 2083/2083 2082/2082
f 2034/2034 1394/1394 1425/1425
f 2098/2098 2097/2097 2101/2101
f 2097/2097 2082/2082 2088/2088
f 2101/2101 2097/2097 2088/2088
f 1820/1820 2052/2052 1843/1843
f 2090/2090 2101/2101 2088/2088
f 2102/2102 2098/2098 2101/2101
f 1783/1783 2103/2103 1785/1785
f 2102/2102 2100/2100 2098/2098
f 2103/2103 2104/2104 1785/1785
f 2050/2050 2105/2105 2094/2094
f 2106/2106 2103/2103 2107/2107
f 1785/1785 2047/2047 1516/1516
f 2095/2095 2024/2024 2027/2027
f 2108/2108 2095/2095 2027/2027
f 2109/2109 2095/2095 2108/2108
f 1785/1785 2104/2104 2110/2110
f 2095/2095 2109/2109 2096/2096
f 2027/2027 2060/2060 2108/2108
f 2110/2110 2104/2104 2111/2111
f 2111/2111 2112/2112 2110/2110
f 2065/2065 2108/2108 2060/2060
f 2104/2104 2103/2103 2106/2106
f 2096/2096 2109/2109 2113/2113
f 2113/2113 2109/2109 2108/2108
f 2114/2114 2106/2106 2107/2107
f 2106/2106 2115/2115 2104/2104
f 2094/2094 2105/2105 2099/2099
f 2110/2110 2047/2047 1785/1785
f 2047/2047 2110/2110 2112/2112
f 2048/2048 2047/2047 2112/2112
f 2096/2096 2113/2113 2086/2086
f 2068/2068 2108/2108 2065/2065
f 2113/2113 2108/2108 2068/2068
f 1801/1801 2103/2103 1783/1783
f 2107/2107 2103/2103 1801/1801
f 2116/2116 2113/2113 2068/2068
f 2117/2117 2116/2116 2068/2068
f 2118/2118 2117/2117 2068/2068
f 2116/2116 2117/2117 2119/2119
f 2121/2121 1801/1801 1800/1800
f 2120/2120 2086/2086 2113/2113
f 1801/1801 2114/2114 2107/2107
f 2116/2116 2120/2120 2113/2113
f 2120/2120 2116/2116 2119/2119
f 2122/2122 2114/2114 2121/2121
f 2114/2114 2123/2123 2106/2106
f 2122/2122 2123/2123 2114/2114
f 2099/2099 2105/2105 2124/2124
f 2121/2121 2114/2114 1801/1801
f 2125/2125 2090/2090 2087/2087
f 2125/2125 2126/2126 2090/2090
f 2130/2130 2131/2131 2128/2128
f 2101/2101 2090/2090 2126/2126
f 2132/2132 2101/2101 2126/2126
f 2132/2132 2133/2133 2101/2101
f 2102/2102 2101/2101 2133/2133
f 2134/2134 2115/2115 2106/2106
f 2115/2115 2111/2111 2104/2104
f 2135/2135 2100/2100 2102/2102
f 2135/2135 2102/2102 2133/2133
f 2124/2124 1398/1398 2099/2099
f 2136/2136 2134/2134 2106/2106
f 2134/2134 2137/2137 2115/2115
f 2133/2133 2138/2138 2135/2135
f 2132/2132 2138/2138 2133/2133
f 2111/2111 2115/2115 2137/2137
f 2137/2137 2112/2112 2111/2111
f 2139/2139 2087/2087 2086/2086
f 2140/2140 2048/2048 2112/2112
f 2087/2087 2139/2139 2125/2125
f 2142/2142 2126/2126 2125/2125
f 2132/2132 2126/2126 2142/2142
f 2139/2139 2086/2086 2120/2120
f 2140/2140 2050/2050 2048/2048
f 2120/2120 2143/2143 2139/2139
f 2129/2129 1843/1843 2052/2052
f 2141/2141 1967/1967 1945/1945
f 1983/1983 2141/2141 1945/1945
f 2144/2144 2125/2125 2139/2139
f 2142/2142 2125/2125 2144/2144
f 2134/2134 2145/2145 2137/2137
f 2132/2132 2146/2146 2138/2138
f 2147/2147 2112/2112 2137/2137
f 2147/2147 2137/2137 2145/2145
f 2146/2146 2132/2132 2142/2142
f 2148/2148 2135/2135 2138/2138
f 2148/2148 2138/2138 2146/2146
f 2148/2148 2149/2149 2135/2135
f 2140/2140 2112/2112 2150/2150
f 2150/2150 2112/2112 2147/2147
f 2152/2152 1921/1921 1922/1922
f 1983/1983 2151/2151 2141/2141
f 2091/2091 2151/2151 1983/1983
f 2140/2140 2150/2150 2147/2147
f 2147/2147 2154/2154 2140/2140
f 2155/2155 2152/2152 1930/1930
f 2152/2152 1922/1922 1930/1930
f 2079/2079 2100/2100 2135/2135
f 2157/2157 2156/2156 1928/1928
f 1924/1924 1928/1928 1930/1930
f 1930/1930 1928/1928 2153/2153
f 2156/2156 2153/2153 1928/1928
f 2158/2158 2155/2155 2153/2153
f 2155/2155 1930/1930 2153/2153
f 2106/2106 2123/2123 2136/2136
f 2159/2159 2155/2155 2158/2158
f 2011/2011 2160/2160 2009/2009
f 2128/2128 2134/2134 2136/2136
f 2158/2158 2153/2153 2161/2161
f 2122/2122 2136/2136 2123/2123
f 2127/2127 2136/2136 2122/2122
f 2161/2161 2153/2153 2156/2156
f 2162/2162 2127/2127 2122/2122
f 2127/2127 2128/2128 2136/2136
f 2135/2135 2149/2149 2163/2163
f 2135/2135 2163/2163 2079/2079
f 2128/2128 2145/2145 2134/2134
f 2131/2131 2145/2145 2128/2128
f 2011/2011 1967/1967 2141/2141
f 2141/2141 2164/2164 2011/2011
f 2131/2131 2165/2165 2145/2145
f 2145/2145 2165/2165 2147/2147
f 2166/2166 2141/2141 2151/2151
f 2167/2167 2164/2164 2141/2141
f 1848/1848 1843/1843 2168/2168
f 2168/2168 1942/1942 1848/1848
f 2169/2169 2164/2164 2167/2167
f 2011/2011 2164/2164 2171/2171
f 2171/2171 2160/2160 2011/2011
f 2121/2121 1800/1800 1831/1831
f 1921/1921 2152/2152 2170/2170
f 1831/1831 2172/2172 2121/2121
f 2164/2164 2169/2169 2171/2171
f 2155/2155 2173/2173 2152/2152
f 2174/2174 1946/1946 1940/1940
f 2174/2174 1943/1943 1946/1946
f 2172/2172 1831/1831 1834/1834
f 2174/2174 1959/1959 1943/1943
f 2175/2175 2174/2174 1940/1940
f 2177/2177 2174/2174 2175/2175
f 2172/2172 2122/2122 2121/2121
f 2179/2179 1942/1942 2168/2168
f 2178/2178 2180/2180 2151/2151
f 2181/2181 2166/2166 2151/2151
f 2151/2151 2180/2180 2181/2181
f 2180/2180 2182/2182 2181/2181
f 2167/2167 2141/2141 2166/2166
f 1843/1843 2183/2183 2168/2168
f 2122/2122 2172/2172 2184/2184
f 2179/2179 1940/1940 1942/1942
f 2179/2179 2175/2175 1940/1940
f 2183/2183 2179/2179 2168/2168
f 2167/2167 2166/2166 2181/2181
f 2185/2185 1834/1834 1847/1847
f 2181/2181 2186/2186 2167/2167
f 2185/2185 2172/2172 1834/1834
f 2186/2186 2187/2187 2169/2169
f 2169/2169 2167/2167 2186/2186
f 2183/2183 2188/2188 2179/2179
f 2179/2179 2189/2189 2175/2175
f 2188/2188 2189/2189 2179/2179
f 1849/1849 2185/2185 1847/1847
f 2185/2185 1849/1849 2018/2018
f 2169/2169 2187/2187 2171/2171
f 2191/2191 1953/1953 1948/1948
f 2192/2192 2193/2193 2194/2194
f 2157/2157 1928/1928 1953/1953
f 2184/2184 2172/2172 2185/2185
f 2182/2182 2186/2186 2181/2181
f 2195/2195 2184/2184 2185/2185
f 2192/2192 2196/2196 2193/2193
f 2187/2187 2186/2186 2197/2197
f 2191/2191 1948/1948 1958/1958
f 2177/2177 1959/1959 2174/2174
f 2176/2176 2191/2191 1958/1958
f 2197/2197 2171/2171 2187/2187
f 2157/2157 1953/1953 2191/2191
f 2185/2185 2190/2190 2195/2195
f 2191/2191 2198/2198 2157/2157
f 2200/2200 2177/2177 2175/2175
f 2175/2175 2189/2189 2200/2200
f 2130/2130 2128/2128 2127/2127
f 2199/2199 2157/2157 2198/2198
f 2192/2192 2202/2202 2203/2203
f 2203/2203 2204/2204 2192/2192
f 2205/2205 2206/2206 2207/2207
f 2130/2130 2162/2162 2209/2209
f 2208/2208 2157/2157 2199/2199
f 2207/2207 2210/2210 2205/2205
f 2211/2211 2205/2205 2210/2210
f 2212/2212 2156/2156 2157/2157
f 2184/2184 2209/2209 2162/2162
f 2089/2089 2178/2178 2091/2091
f 2176/2176 2198/2198 2191/2191
f 2194/2194 2193/2193 2211/2211
f 2199/2199 2198/2198 2176/2176
f 2184/2184 2213/2213 2209/2209
f 2178/2178 2151/2151 2091/2091
f 2214/2214 2158/2158 2161/2161
f 2215/2215 2209/2209 2213/2213
f 2216/2216 2211/2211 2217/2217
f 2099/2099 2218/2218 2178/2178
f 2194/2194 2211/2211 2216/2216
f 2219/2219 2214/2214 2161/2161
f 2194/2194 2216/2216 2220/2220
f 2178/2178 2089/2089 2099/2099
f 2161/2161 2156/2156 2212/2212
f 2216/2216 2221/2221 2220/2220
f 2184/2184 2162/2162 2122/2122
f 2218/2218 2180/2180 2178/2178
f 2222/2222 2207/2207 2206/2206
f 2223/2223 2222/2222 2224/2224
f 2180/2180 2218/2218 2225/2225
f 2223/2223 2207/2207 2222/2222
f 2219/2219 2161/2161 2212/2212
f 2225/2225 2182/2182 2180/2180
f 2207/2207 2223/2223 2226/2226
f 2162/2162 2130/2130 2127/2127
f 2227/2227 2228/2228 2223/2223
f 2226/2226 2223/2223 2228/2228
f 2186/2186 2182/2182 2229/2229
f 2230/2230 2226/2226 2228/2228
f 2226/2226 2210/2210 2207/2207
f 2186/2186 2229/2229 2197/2197
f 2211/2211 2210/2210 2217/2217
f 2217/2217 2210/2210 2226/2226
f 2231/2231 2217/2217 2226/2226
f 2184/2184 2195/2195 2213/2213
f 2022/2022 2025/2025 2028/2028
f 2160/2160 2025/2025 2009/2009
f 2216/2216 2217/2217 2233/2233
f 2231/2231 2226/2226 2235/2235
f 2237/2237 2219/2219 2239/2239
f 2237/2237 2232/2232 2219/2219
f 2235/2235 2226/2226 2230/2230
f 2241/2241 2235/2235 2230/2230
f 2235/2235 2242/2242 2231/2231
f 2242/2242 2217/2217 2231/2231
f 2025/2025 2160/2160 2240/2240
f 2243/2243 2242/2242 2235/2235
f 2025/2025 2240/2240 2028/2028
f 2244/2244 2243/2243 2235/2235
f 2216/2216 2233/2233 2221/2221
f 2195/2195 2215/2215 2213/2213
f 2183/2183 1843/1843 2245/2245
f 2188/2188 2183/2183 2245/2245
f 2189/2189 2188/2188 2245/2245
f 2240/2240 2160/2160 2171/2171
f 2246/2246 2189/2189 2245/2245
f 2129/2129 2245/2245 1843/1843
f 2247/2247 2028/2028 2240/2240
f 2171/2171 2247/2247 2240/2240
f 2248/2248 2246/2246 2245/2245
f 2247/2247 2249/2249 2028/2028
f 2192/2192 2194/2194 2220/2220
f 2250/2250 2192/2192 2220/2220
f 2220/2220 2221/2221 2250/2250
f 2251/2251 2131/2131 2130/2130
f 2252/2252 2165/2165 2131/2131
f 2165/2165 2252/2252 2253/2253
f 2251/2251 2252/2252 2131/2131
f 2254/2254 2252/2252 2251/2251
f 2255/2255 2154/2154 2165/2165
f 2202/2202 2192/2192 2250/2250
f 2253/2253 2255/2255 2165/2165
f 2256/2256 2245/2245 2129/2129
f 2245/2245 2256/2256 2248/2248
f 2028/2028 2257/2257 1906/1906
f 2258/2258 2253/2253 2252/2252
f 2242/2242 2233/2233 2217/2217
f 2212/2212 2157/2157 2208/2208
f 2212/2212 2208/2208 2259/2259
f 2257/2257 1896/1896 1906/1906
f 2257/2257 1926/1926 1896/1896
f 2189/2189 2261/2261 2200/2200
f 2257/2257 2263/2263 1926/1926
f 2265/2265 2221/2221 2233/2233
f 2266/2266 2264/2264 2234/2234
f 2259/2259 2208/2208 2267/2267
f 2199/2199 2267/2267 2208/2208
f 2269/2269 2257/2257 2028/2028
f 2267/2267 2199/2199 2260/2260
f 2270/2270 2266/2266 2234/2234
f 2269/2269 2263/2263 2257/2257
f 2261/2261 2189/2189 2246/2246
f 2270/2270 2234/2234 2271/2271
f 2248/2248 2261/2261 2246/2246
f 2242/2242 2243/2243 2271/2271
f 2271/2271 2234/2234 2242/2242
f 2271/2271 2243/2243 2272/2272
f 2272/2272 2243/2243 2244/2244
f 2260/2260 2259/2259 2267/2267
f 2274/2274 2259/2259 2260/2260
f 2272/2272 2270/2270 2271/2271
f 1923/1923 1927/1927 2262/2262
f 2274/2274 2275/2275 2259/2259
f 2276/2276 2270/2270 2272/2272
f 2261/2261 2277/2277 2273/2273
f 2278/2278 2276/2276 2272/2272
f 2275/2275 2212/2212 2259/2259
f 2279/2279 2262/2262 2268/2268
f 2040/2040 1923/1923 2262/2262
f 2265/2265 2281/2281 2221/2221
f 2264/2264 2282/2282 2280/2280
f 2248/2248 2277/2277 2261/2261
f 2262/2262 2279/2279 2040/2040
f 2281/2281 2202/2202 2221/2221
f 2284/2284 2202/2202 2281/2281
f 2040/2040 2279/2279 2285/2285
f 2286/2286 2282/2282 2264/2264
f 2282/2282 2283/2283 2280/2280
f 2277/2277 2248/2248 2273/2273
f 2287/2287 2283/2283 2282/2282
f 2202/2202 2250/2250 2221/2221
f 2288/2288 2248/2248 2256/2256
f 2289/2289 2269/2269 2028/2028
f 2291/2291 2273/2273 2248/2248
f 2289/2289 2028/2028 2249/2249
f 2288/2288 2291/2291 2248/2248
f 2284/2284 2292/2292 2202/2202
f 2239/2239 2275/2275 2274/2274
f 2239/2239 2219/2219 2212/2212
f 2239/2239 2212/2212 2275/2275
f 2202/2202 2292/2292 2203/2203
f 2289/2289 2249/2249 2294/2294
f 2291/2291 2238/2238 2273/2273
f 2293/2293 2295/2295 2297/2297
f 2298/2298 2238/2238 2291/2291
f 2287/2287 2299/2299 2283/2283
f 2238/2238 2298/2298 2236/2236
f 2299/2299 2293/2293 2283/2283
f 2193/2193 2050/2050 2140/2140
f 2302/2302 2299/2299 2287/2287
f 2279/2279 2268/2268 2290/2290
f 2293/2293 2299/2299 2295/2295
f 2301/2301 2279/2279 2290/2290
f 2302/2302 2295/2295 2299/2299
f 2286/2286 2264/2264 2266/2266
f 2301/2301 2285/2285 2279/2279
f 2266/2266 2270/2270 2286/2286
f 2270/2270 2304/2304 2286/2286
f 2286/2286 2287/2287 2282/2282
f 2304/2304 2287/2287 2286/2286
f 2304/2304 2305/2305 2287/2287
f 2305/2305 2304/2304 2276/2276
f 2276/2276 2304/2304 2270/2270
f 2154/2154 2147/2147 2165/2165
f 2306/2306 2305/2305 2276/2276
f 2154/2154 2255/2255 2140/2140
f 2307/2307 2305/2305 2306/2306
f 2305/2305 2302/2302 2287/2287
f 2305/2305 2303/2303 2302/2302
f 2308/2308 2285/2285 2301/2301
f 2305/2305 2307/2307 2303/2303
f 2303/2303 2310/2310 2302/2302
f 2301/2301 2309/2309 2308/2308
f 2312/2312 2307/2307 2306/2306
f 2294/2294 2249/2249 2311/2311
f 2312/2312 2303/2303 2307/2307
f 2140/2140 2255/2255 2193/2193
f 2313/2313 2303/2303 2312/2312
f 2247/2247 2171/2171 2311/2311
f 2249/2249 2247/2247 2311/2311
f 2294/2294 2311/2311 2315/2315
f 2197/2197 2311/2311 2171/2171
f 2316/2316 2311/2311 2197/2197
f 2315/2315 2311/2311 2316/2316
f 2294/2294 2300/2300 2289/2289
f 2314/2314 2196/2196 2317/2317
f 2301/2301 2290/2290 2318/2318
f 2320/2320 2301/2301 2318/2318
f 2319/2319 2300/2300 2294/2294
f 2294/2294 2315/2315 2319/2319
f 2192/2192 2317/2317 2196/2196
f 2193/2193 2196/2196 2105/2105
f 2301/2301 2320/2320 2309/2309
f 2322/2322 2319/2319 2315/2315
f 2321/2321 2324/2324 2318/2318
f 2320/2320 2318/2318 2323/2323
f 2320/2320 2323/2323 2324/2324
f 2323/2323 2318/2318 2324/2324
f 2325/2325 2309/2309 2320/2320
f 1416/1416 1398/1398 2124/2124
f 2314/2314 2317/2317 2124/2124
f 2325/2325 2320/2320 2326/2326
f 2317/2317 2327/2327 2124/2124
f 2328/2328 2325/2325 2326/2326
f 2130/2130 2254/2254 2251/2251
f 2329/2329 2254/2254 2130/2130
f 2209/2209 2330/2330 2130/2130
f 2331/2331 2328/2328 2332/2332
f 2330/2330 2329/2329 2130/2130
f 2333/2333 2331/2331 2332/2332
f 2333/2333 2332/2332 2334/2334
f 2327/2327 1416/1416 2124/2124
f 2335/2335 2329/2329 2330/2330
f 2252/2252 2254/2254 2258/2258
f 2204/2204 2317/2317 2192/2192
f 2336/2336 2052/2052 2337/2337
f 2079/2079 2337/2337 2052/2052
f 2338/2338 2339/2339 2258/2258
f 2079/2079 4591/4591 2337/2337
f 2340/2340 2338/2338 2254/2254
f 2341/2341 2317/2317 2204/2204
f 2341/2341 2342/2342 2317/2317
f 2340/2340 2254/2254 2329/2329
f 2338/2338 2258/2258 2254/2254
f 2343/2343 2338/2338 2340/2340
f 2344/2344 2330/2330 2209/2209
f 2317/2317 2342/2342 2345/2345
f 2182/2182 2225/2225 2346/2346
f 2347/2347 2229/2229 2182/2182
f 2182/2182 2346/2346 2347/2347
f 2348/2348 2330/2330 2344/2344
f 2225/2225 2218/2218 2349/2349
f 2341/2341 2350/2350 2342/2342
f 2335/2335 2330/2330 2348/2348
f 2341/2341 2203/2203 2350/2350
f 2215/2215 2344/2344 2209/2209
f 2225/2225 2349/2349 2346/2346
f 2350/2350 2351/2351 2342/2342
f 2352/2352 2344/2344 2215/2215
f 2354/2354 2350/2350 2203/2203
f 2355/2355 2357/2357 2353/2353
f 2359/2359 2347/2347 2346/2346
f 2356/2356 2351/2351 2350/2350
f 2356/2356 2350/2350 2354/2354
f 2360/2360 2344/2344 2352/2352
f 2358/2358 2256/2256 2129/2129
f 2335/2335 2340/2340 2329/2329
f 2362/2362 2327/2327 2345/2345
f 2129/2129 2052/2052 2336/2336
f 2345/2345 2363/2363 2362/2362
f 2218/2218 2361/2361 2349/2349
f 2349/2349 2364/2364 2346/2346
f 2365/2365 2349/2349 2361/2361
f 1426/1426 1415/1415 1416/1416
f 2364/2364 2349/2349 2365/2365
f 1426/1426 2366/2366 1428/1428
f 2346/2346 2364/2364 2359/2359
f 2367/2367 2347/2347 2359/2359
f 1426/1426 1416/1416 2362/2362
f 1416/1416 2327/2327 2362/2362
f 2362/2362 2366/2366 1426/1426
f 2363/2363 2366/2366 2362/2362
f 2359/2359 2364/2364 2365/2365
f 2129/2129 2336/2336 2358/2358
f 2366/2366 2363/2363 1428/1428
f 2367/2367 2359/2359 2368/2368
f 2368/2368 2359/2359 2365/2365
f 2339/2339 2253/2253 2258/2258
f 2363/2363 2369/2369 1428/1428
f 2371/2371 1436/1436 1428/1428
f 2370/2370 1446/1446 1435/1435
f 2205/2205 2253/2253 2339/2339
f 2358/2358 2372/2372 2256/2256
f 2255/2255 2253/2253 2205/2205
f 2197/2197 2229/2229 2201/2201
f 2317/2317 2345/2345 2327/2327
f 2372/2372 2373/2373 2256/2256
f 2374/2374 2219/2219 2232/2232
f 2347/2347 2367/2367 2229/2229
f 2351/2351 2345/2345 2342/2342
f 2229/2229 2367/2367 2201/2201
f 2363/2363 2345/2345 2351/2351
f 2375/2375 2232/2232 2237/2237
f 2338/2338 2343/2343 2339/2339
f 2375/2375 2374/2374 2232/2232
f 2369/2369 2363/2363 2351/2351
f 2379/2379 2369/2369 2351/2351
f 2206/2206 2339/2339 2343/2343
f 2380/2380 2372/2372 2358/2358
f 2381/2381 2369/2369 2378/2378
f 2379/2379 2351/2351 2356/2356
f 2357/2357 2355/2355 2377/2377
f 2380/2380 2373/2373 2372/2372
f 2383/2383 2384/2384 2373/2373
f 2385/2385 2377/2377 2355/2355
f 2380/2380 2383/2383 2373/2373
f 2386/2386 2385/2385 2355/2355
f 2201/2201 1299/1299 2387/2387
f 2355/2355 2388/2388 2386/2386
f 2380/2380 2358/2358 2389/2389
f 1643/1643 2377/2377 2385/2385
f 2386/2386 2390/2390 2385/2385
f 2385/2385 2390/2390 1643/1643
f 2386/2386 2391/2391 2390/2390
f 2371/2371 1428/1428 2369/2369
f 2371/2371 2369/2369 2381/2381
f 2392/2392 2201/2201 2367/2367
f 2393/2393 2370/2370 2382/2382
f 2205/2205 2211/2211 2255/2255
f 2393/2393 1446/1446 2370/2370
f 2211/2211 2193/2193 2255/2255
f 1454/1454 1446/1446 2393/2393
f 2395/2395 2396/2396 2398/2398
f 2382/2382 2379/2379 2393/2393
f 2379/2379 1644/1644 2393/2393
f 1644/1644 1454/1454 2393/2393
f 1454/1454 1448/1448 1446/1446
f 2392/2392 2399/2399 2201/2201
f 1644/1644 1455/1455 1454/1454
f 2395/2395 2401/2401 2396/2396
f 1299/1299 2201/2201 2399/2399
f 2384/2384 2402/2402 2395/2395
f 2206/2206 2205/2205 2339/2339
f 2203/2203 2341/2341 2204/2204
f 2403/2403 2399/2399 2392/2392
f 2296/2296 2203/2203 2292/2292
f 1299/1299 2399/2399 2403/2403
f 2288/2288 2256/2256 2373/2373
f 2354/2354 2203/2203 2296/2296
f 2295/2295 2388/2388 2297/2297
f 2353/2353 2297/2297 2388/2388
f 2353/2353 2388/2388 2355/2355
f 2384/2384 2288/2288 2373/2373
f 2394/2394 2288/2288 2384/2384
f 2310/2310 2295/2295 2302/2302
f 2398/2398 2236/2236 2298/2298
f 2343/2343 2340/2340 2404/2404
f 2291/2291 2288/2288 2298/2298
f 2288/2288 2394/2394 2298/2298
f 2405/2405 2340/2340 2335/2335
f 2365/2365 2361/2361 2406/2406
f 2394/2394 2398/2398 2298/2298
f 2398/2398 2376/2376 2236/2236
f 2396/2396 2376/2376 2398/2398
f 2405/2405 2404/2404 2340/2340
f 2361/2361 2218/2218 1397/1397
f 1397/1397 2406/2406 2361/2361
f 2405/2405 2335/2335 2408/2408
f 2384/2384 2395/2395 2394/2394
f 1397/1397 2218/2218 2099/2099
f 2388/2388 2407/2407 2409/2409
f 2395/2395 2398/2398 2394/2394
f 2407/2407 2388/2388 2295/2295
f 2222/2222 2206/2206 2343/2343
f 2365/2365 2410/2410 2368/2368
f 2365/2365 2406/2406 2410/2410
f 2224/2224 2222/2222 2343/2343
f 2224/2224 2343/2343 2404/2404
f 2411/2411 2410/2410 2406/2406
f 1331/1331 2409/2409 2407/2407
f 2368/2368 2410/2410 2411/2411
f 2368/2368 2411/2411 2412/2412
f 2413/2413 2224/2224 2404/2404
f 2405/2405 2413/2413 2404/2404
f 2413/2413 2405/2405 2227/2227
f 2313/2313 2310/2310 2303/2303
f 2413/2413 2227/2227 2224/2224
f 2227/2227 2223/2223 2224/2224
f 2313/2313 1331/1331 2310/2310
f 2358/2358 2336/2336 2389/2389
f 1402/1402 2406/2406 1397/1397
f 1402/1402 2414/2414 2406/2406
f 2406/2406 2414/2414 2411/2411
f 2414/2414 1411/1411 2411/2411
f 1411/1411 2412/2412 2411/2411
f 2295/2295 2310/2310 2407/2407
f 1401/1401 2414/2414 1402/1402
f 1401/1401 1411/1411 2414/2414
f 1331/1331 2407/2407 2310/2310
f 2367/2367 2368/2368 2392/2392
f 2392/2392 2368/2368 2412/2412
f 2409/2409 2386/2386 2388/2388
f 2392/2392 2412/2412 2415/2415
f 2392/2392 2415/2415 2403/2403
f 2409/2409 2391/2391 2386/2386
f 2416/2416 2391/2391 2409/2409
f 1299/1299 2403/2403 1300/1300
f 2417/2417 2380/2380 2389/2389
f 2417/2417 2383/2383 2380/2380
f 2403/2403 2415/2415 1300/1300
f 2418/2418 2415/2415 2412/2412
f 2415/2415 2418/2418 1300/1300
f 2412/2412 1423/1423 2418/2418
f 2416/2416 2409/2409 1331/1331
f 2416/2416 1331/1331 1660/1660
f 2050/2050 2193/2193 2105/2105
f 2417/2417 2419/2419 2383/2383
f 2419/2419 2384/2384 2383/2383
f 2384/2384 2419/2419 2402/2402
f 2420/2420 2402/2402 2419/2419
f 1423/1423 2412/2412 1411/1411
f 1660/1660 1331/1331 1484/1484
f 2420/2420 2421/2421 2402/2402
f 1412/1412 1423/1423 1411/1411
f 2422/2422 2417/2417 2389/2389
f 1423/1423 1429/1429 2418/2418
f 2423/2423 2389/2389 2336/2336
f 2418/2418 1429/1429 1341/1341
f 2418/2418 1341/1341 1300/1300
f 2387/2387 2197/2197 2201/2201
f 2197/2197 2387/2387 2316/2316
f 2422/2422 2419/2419 2417/2417
f 1337/1337 1484/1484 1284/1284
f 2424/2424 2419/2419 2422/2422
f 1331/1331 1284/1284 1484/1484
f 2424/2424 2425/2425 2419/2419
f 2427/2427 2322/2322 2315/2315
f 1652/1652 1646/1646 1643/1643
f 1661/1661 1652/1652 1643/1643
f 2387/2387 2315/2315 2316/2316
f 2387/2387 1301/1301 2315/2315
f 1661/1661 1643/1643 2390/2390
f 2390/2390 2391/2391 1661/1661
f 2426/2426 2428/2428 2321/2321
f 1301/1301 2427/2427 2315/2315
f 1660/1660 1661/1661 2391/2391
f 2391/2391 2416/2416 1660/1660
f 2428/2428 2324/2324 2321/2321
f 2429/2429 2228/2228 2227/2227
f 2430/2430 2228/2228 2429/2429
f 2227/2227 2431/2431 2429/2429
f 2430/2430 2230/2230 2228/2228
f 2230/2230 2430/2430 2241/2241
f 2432/2432 2429/2429 2433/2433
f 2387/2387 1299/1299 2434/2434
f 2429/2429 2432/2432 2430/2430
f 1301/1301 2387/2387 2434/2434
f 2433/2433 2435/2435 2432/2432
f 2436/2436 2235/2235 2241/2241
f 2436/2436 2437/2437 2235/2235
f 2434/2434 1299/1299 1301/1301
f 2437/2437 2244/2244 2235/2235
f 2437/2437 2438/2438 2244/2244
f 2105/2105 2314/2314 2124/2124
f 2430/2430 2436/2436 2241/2241
f 1321/1321 2427/2427 1301/1301
f 2436/2436 2439/2439 2437/2437
f 2105/2105 2196/2196 2314/2314
f 2439/2439 2436/2436 2430/2430
f 2439/2439 2440/2440 2437/2437
f 1321/1321 1301/1301 1325/1325
f 2278/2278 2272/2272 2244/2244
f 2278/2278 2244/2244 2438/2438
f 1324/1324 2426/2426 1322/1322
f 2278/2278 2438/2438 2441/2441
f 1324/1324 1323/1323 1330/1330
f 2440/2440 2438/2438 2437/2437
f 2324/2324 2442/2442 2320/2320
f 2324/2324 2428/2428 2442/2442
f 2442/2442 2428/2428 1324/1324
f 2443/2443 2442/2442 1324/1324
f 2442/2442 2326/2326 2320/2320
f 2444/2444 2326/2326 2442/2442
f 2445/2445 2439/2439 2432/2432
f 2445/2445 2432/2432 2435/2435
f 2430/2430 2432/2432 2439/2439
f 2328/2328 2326/2326 2444/2444
f 2332/2332 2328/2328 2444/2444
f 2444/2444 2442/2442 2443/2443
f 2443/2443 2446/2446 2444/2444
f 2332/2332 2444/2444 2446/2446
f 2447/2447 2438/2438 2440/2440
f 2426/2426 1324/1324 2428/2428
f 2447/2447 2441/2441 2438/2438
f 2439/2439 2445/2445 2440/2440
f 1330/1330 2443/2443 1324/1324
f 2448/2448 2449/2449 2447/2447
f 2443/2443 1368/1368 2446/2446
f 1330/1330 1364/1364 2443/2443
f 1368/1368 2443/2443 1364/1364
f 1364/1364 1330/1330 1327/1327
f 1290/1290 2446/2446 1368/1368
f 2332/2332 2446/2446 2451/2451
f 2334/2334 2332/2332 2451/2451
f 2452/2452 2334/2334 1293/1293
f 1293/1293 2334/2334 2451/2451
f 2450/2450 2449/2449 1353/1353
f 2453/2453 2450/2450 1295/1295
f 1291/1291 1290/1290 1368/1368
f 2278/2278 2441/2441 2276/2276
f 2190/2190 2185/2185 2018/2018
f 2306/2306 2276/2276 2441/2441
f 2451/2451 2446/2446 1289/1289
f 1290/1290 1289/1289 2446/2446
f 2449/2449 2306/2306 2441/2441
f 1293/1293 2451/2451 1289/1289
f 2447/2447 2449/2449 2441/2441
f 2449/2449 2312/2312 2306/2306
f 2020/2020 2037/2037 2018/2018
f 2312/2312 1294/1294 2313/2313
f 2190/2190 2018/2018 2037/2037
f 1294/1294 2312/2312 2449/2449
f 1285/1285 2313/2313 1294/1294
f 2190/2190 2454/2454 2455/2455
f 2455/2455 2195/2195 2190/2190
f 2456/2456 1294/1294 2449/2449
f 2449/2449 2450/2450 2456/2456
f 1294/1294 2456/2456 1295/1295
f 2453/2453 2456/2456 2450/2450
f 2456/2456 2453/2453 1295/1295
f 2445/2445 2435/2435 2457/2457
f 2458/2458 2455/2455 2454/2454
f 2457/2457 2459/2459 2445/2445
f 2459/2459 2457/2457 2460/2460
f 1974/1974 2460/2460 2457/2457
f 2461/2461 2037/2037 2036/2036
f 2459/2459 2440/2440 2445/2445
f 2448/2448 2447/2447 2459/2459
f 2459/2459 2447/2447 2440/2440
f 2461/2461 2190/2190 2037/2037
f 2041/2041 2461/2461 2036/2036
f 1972/1972 1974/1974 2457/2457
f 2461/2461 2041/2041 2462/2462
f 2190/2190 2461/2461 2454/2454
f 2463/2463 2454/2454 2461/2461
f 2464/2464 2463/2463 2461/2461
f 2463/2463 2458/2458 2454/2454
f 2449/2449 2448/2448 1353/1353
f 2465/2465 1353/1353 2448/2448
f 2466/2466 2463/2463 2464/2464
f 2465/2465 2459/2459 2460/2460
f 2448/2448 2459/2459 2465/2465
f 2461/2461 2462/2462 2464/2464
f 2450/2450 1353/1353 1295/1295
f 2467/2467 2466/2466 2464/2464
f 2467/2467 2464/2464 2468/2468
f 2469/2469 2470/2470 2215/2215
f 2215/2215 2470/2470 2352/2352
f 2195/2195 2455/2455 2215/2215
f 2455/2455 2469/2469 2215/2215
f 2460/2460 1974/1974 1975/1975
f 2455/2455 2458/2458 2469/2469
f 2465/2465 2460/2460 1975/1975
f 2471/2471 2470/2470 2469/2469
f 2465/2465 1355/1355 1353/1353
f 1977/1977 2465/2465 1975/1975
f 2469/2469 2458/2458 2463/2463
f 2465/2465 1977/1977 1355/1355
f 1362/1362 1355/1355 1977/1977
f 2466/2466 2472/2472 2463/2463
f 2463/2463 2472/2472 2469/2469
f 2473/2473 2472/2472 2466/2466
f 1285/1285 1331/1331 2313/2313
f 2472/2472 2471/2471 2469/2469
f 2472/2472 2474/2474 2471/2471
f 2471/2471 2474/2474 2475/2475
f 2476/2476 2471/2471 2475/2475
f 1285/1285 1284/1284 1331/1331
f 2051/2051 2041/2041 2035/2035
f 2462/2462 2041/2041 2477/2477
f 2051/2051 2477/2477 2041/2041
f 2051/2051 2478/2478 2477/2477
f 2479/2479 2478/2478 2051/2051
f 2462/2462 2477/2477 2464/2464
f 2468/2468 2464/2464 2477/2477
f 2468/2468 2478/2478 2480/2480
f 2468/2468 2480/2480 2467/2467
f 2478/2478 2468/2468 2477/2477
f 2479/2479 2481/2481 2478/2478
f 2482/2482 2480/2480 2478/2478
f 2482/2482 2478/2478 2481/2481
f 1425/1425 2479/2479 2051/2051
f 1786/1786 2479/2479 1425/1425
f 2481/2481 2483/2483 2482/2482
f 2481/2481 2479/2479 1786/1786
f 2466/2466 2467/2467 2473/2473
f 2473/2473 2467/2467 2484/2484
f 2480/2480 2484/2484 2467/2467
f 2485/2485 2484/2484 2483/2483
f 2482/2482 2483/2483 2480/2480
f 2483/2483 2484/2484 2480/2480
f 2474/2474 2472/2472 2473/2473
f 2485/2485 2474/2474 2473/2473
f 2485/2485 2475/2475 2474/2474
f 2473/2473 2484/2484 2485/2485
f 2486/2486 2475/2475 2485/2485
f 2487/2487 2485/2485 2483/2483
f 2481/2481 1791/1791 2483/2483
f 2481/2481 1786/1786 1791/1791
f 1791/1791 2487/2487 2483/2483
f 2488/2488 2485/2485 2487/2487
f 2485/2485 2488/2488 2486/2486
f 2489/2489 2486/2486 2488/2488
f 1791/1791 2488/2488 2487/2487
f 1790/1790 2488/2488 1791/1791
f 1790/1790 1803/1803 2488/2488
f 2360/2360 2348/2348 2344/2344
f 2490/2490 2360/2360 2352/2352
f 2470/2470 2476/2476 2352/2352
f 2352/2352 2476/2476 2490/2490
f 2491/2491 2408/2408 2348/2348
f 2491/2491 2348/2348 2360/2360
f 2360/2360 2490/2490 2491/2491
f 2492/2492 2490/2490 2493/2493
f 2490/2490 2492/2492 2491/2491
f 2493/2493 2491/2491 2492/2492
f 2494/2494 2491/2491 2493/2493
f 2471/2471 2476/2476 2470/2470
f 2495/2495 2490/2490 2476/2476
f 2496/2496 2495/2495 2476/2476
f 2493/2493 2490/2490 2495/2495
f 2335/2335 2348/2348 2408/2408
f 2491/2491 2497/2497 2408/2408
f 2227/2227 2405/2405 2498/2498
f 2498/2498 2431/2431 2227/2227
f 2408/2408 2498/2498 2405/2405
f 2408/2408 2497/2497 2498/2498
f 2431/2431 2498/2498 2497/2497
f 2433/2433 2431/2431 2497/2497
f 2431/2431 2433/2433 2429/2429
f 2499/2499 2497/2497 2491/2491
f 2499/2499 2433/2433 2497/2497
f 2499/2499 2435/2435 2433/2433
f 2500/2500 2491/2491 2494/2494
f 2496/2496 2476/2476 2475/2475
f 2501/2501 2493/2493 2495/2495
f 2501/2501 2496/2496 2502/2502
f 2495/2495 2496/2496 2501/2501
f 2475/2475 2502/2502 2496/2496
f 2489/2489 2475/2475 2486/2486
f 2502/2502 2494/2494 2501/2501
f 2494/2494 2493/2493 2501/2501
f 2494/2494 2502/2502 2500/2500
f 2475/2475 2489/2489 2502/2502
f 1803/1803 2489/2489 2488/2488
f 2502/2502 2489/2489 2503/2503
f 2503/2503 2489/2489 1869/1869
f 2503/2503 1869/1869 2504/2504
f 1869/1869 2489/2489 1803/1803
f 2500/2500 2499/2499 2491/2491
f 2500/2500 2505/2505 2499/2499
f 2499/2499 2505/2505 2457/2457
f 2457/2457 2435/2435 2499/2499
f 2457/2457 2505/2505 1972/1972
f 2500/2500 2506/2506 2505/2505
f 1972/1972 2505/2505 2506/2506
f 1895/1895 1972/1972 2506/2506
f 2503/2503 2500/2500 2502/2502
f 2503/2503 2504/2504 2500/2500
f 2507/2507 2500/2500 2504/2504
f 1888/1888 2507/2507 2504/2504
f 2500/2500 2507/2507 2506/2506
f 1888/1888 2504/2504 1869/1869
f 1868/1868 1888/1888 1869/1869
f 1888/1888 2506/2506 2507/2507
f 1895/1895 2506/2506 1888/1888
f 2508/2508 2452/2452 1293/1293
f 2508/2508 1293/1293 2509/2509
f 2510/2510 2508/2508 2509/2509
f 2511/2511 2510/2510 2509/2509
f 2508/2508 2510/2510 2512/2512
f 1293/1293 1292/1292 2509/2509
f 2509/2509 2513/2513 2511/2511
f 2514/2514 2513/2513 1292/1292
f 2513/2513 2509/2509 1292/1292
f 2515/2515 2512/2512 2510/2510
f 2515/2515 2510/2510 2511/2511
f 2515/2515 2511/2511 2513/2513
f 2516/2516 2515/2515 2513/2513
f 2513/2513 2517/2517 2516/2516
f 1377/1377 2518/2518 1374/1374
f 2519/2519 2518/2518 2520/2520
f 1292/1292 1289/1289 1374/1374
f 1292/1292 1374/1374 2521/2521
f 2518/2518 2521/2521 1374/1374
f 2514/2514 1292/1292 2521/2521
f 2522/2522 2521/2521 2518/2518
f 2519/2519 2522/2522 2518/2518
f 2520/2520 2518/2518 1377/1377
f 2520/2520 1377/1377 1392/1392
f 1392/1392 1377/1377 1384/1384
f 1392/1392 2523/2523 2520/2520
f 1515/1515 2523/2523 1392/1392
f 2523/2523 2519/2519 2520/2520
f 1521/1521 2523/2523 1515/1515
f 2521/2521 2522/2522 2524/2524
f 2514/2514 2521/2521 2524/2524
f 2519/2519 2524/2524 2522/2522
f 2519/2519 2525/2525 2524/2524
f 2514/2514 2526/2526 2513/2513
f 2526/2526 2514/2514 2524/2524
f 2517/2517 2513/2513 2526/2526
f 2524/2524 2525/2525 2526/2526
f 2527/2527 2519/2519 2523/2523
f 1525/1525 2527/2527 2523/2523
f 1525/1525 2523/2523 1521/1521
f 1525/1525 1521/1521 1520/1520
f 2528/2528 1525/1525 1526/1526
f 1530/1530 2528/2528 1526/1526
f 2525/2525 2519/2519 2527/2527
f 2525/2525 2527/2527 1525/1525
f 2528/2528 2525/2525 1525/1525
f 2517/2517 2530/2530 2529/2529
f 2531/2531 2530/2530 2517/2517
f 2532/2532 2517/2517 2526/2526
f 2528/2528 1530/1530 2533/2533
f 1530/1530 1588/1588 2533/2533
f 2532/2532 2533/2533 1588/1588
f 1597/1597 2532/2532 1588/1588
f 2526/2526 2525/2525 2528/2528
f 2528/2528 2533/2533 2526/2526
f 2532/2532 2526/2526 2533/2533
f 2517/2517 2532/2532 2531/2531
f 2531/2531 2532/2532 1597/1597
f 1854/1854 2531/2531 1597/1597
f 2534/2534 2531/2531 1854/1854
f 2535/2535 2536/2536 2534/2534
f 1854/1854 2535/2535 2534/2534
f 1854/1854 1921/1921 2535/2535
f 1914/1914 1921/1921 1854/1854
f 1288/1288 611/611 482/482
f 1957/1957 611/611 1288/1288
f 498/498 1288/1288 482/482
f 1388/1388 1387/1387 2002/2002
f 1388/1388 2002/2002 1970/1970
f 1287/1287 1388/1388 1970/1970
f 1303/1303 1388/1388 1287/1287
f 1287/1287 1298/1298 1303/1303
f 1970/1970 1957/1957 1288/1288
f 1287/1287 1970/1970 1288/1288
f 1648/1648 1669/1669 1673/1673
f 2539/2539 2540/2540 2538/2538
f 591/591 2541/2541 1208/1208
f 1763/1763 2541/2541 591/591
f 2540/2540 2539/2539 2543/2543
f 2540/2540 2543/2543 2544/2544
f 2545/2545 2546/2546 2547/2547
f 2548/2548 2549/2549 2542/2542
f 2550/2550 2551/2551 2552/2552
f 2548/2548 2542/2542 2555/2555
f 2557/2557 1209/1209 2542/2542
f 2554/2554 2540/2540 2544/2544
f 2538/2538 2554/2554 2558/2558
f 2558/2558 2554/2554 2553/2553
f 1209/1209 2557/2557 1210/1210
f 2549/2549 2557/2557 2542/2542
f 2537/2537 2539/2539 2538/2538
f 2559/2559 2557/2557 2549/2549
f 2550/2550 2546/2546 2551/2551
f 1210/1210 2557/2557 2559/2559
f 2547/2547 2546/2546 2550/2550
f 2560/2560 1210/1210 2559/2559
f 2549/2549 2548/2548 2559/2559
f 2547/2547 2550/2550 2561/2561
f 2559/2559 2548/2548 2560/2560
f 2562/2562 2563/2563 2545/2545
f 2538/2538 2540/2540 2554/2554
f 1763/1763 1771/1771 2556/2556
f 2541/2541 1763/1763 2556/2556
f 2564/2564 2537/2537 2538/2538
f 2562/2562 2545/2545 2565/2565
f 1771/1771 2567/2567 2556/2556
f 2565/2565 2545/2545 2561/2561
f 2566/2566 2568/2568 2555/2555
f 2569/2569 2560/2560 2548/2548
f 2548/2548 2555/2555 2568/2568
f 2572/2572 2573/2573 2553/2553
f 1239/1239 1210/1210 2574/2574
f 2560/2560 2574/2574 1210/1210
f 2575/2575 2573/2573 2576/2576
f 2554/2554 2544/2544 2571/2571
f 2554/2554 2571/2571 2570/2570
f 2545/2545 2547/2547 2561/2561
f 2579/2579 2575/2575 2576/2576
f 2569/2569 2548/2548 2568/2568
f 2580/2580 2581/2581 2582/2582
f 2583/2583 2575/2575 2584/2584
f 2583/2583 2584/2584 2586/2586
f 2577/2577 2570/2570 2580/2580
f 2582/2582 2577/2577 2580/2580
f 2560/2560 2569/2569 2574/2574
f 2586/2586 2584/2584 2587/2587
f 2586/2586 2587/2587 2588/2588
f 2574/2574 2569/2569 2585/2585
f 2589/2589 2550/2550 2590/2590
f 2591/2591 2570/2570 2577/2577
f 2572/2572 2591/2591 2577/2577
f 2591/2591 2554/2554 2570/2570
f 2553/2553 2591/2591 2572/2572
f 1200/1200 1210/1210 1239/1239
f 2572/2572 2577/2577 2592/2592
f 1239/1239 1238/1238 1203/1203
f 2577/2577 2582/2582 2592/2592
f 2593/2593 2558/2558 2553/2553
f 2593/2593 2553/2553 2573/2573
f 2592/2592 2581/2581 2576/2576
f 2573/2573 2575/2575 2593/2593
f 2594/2594 2590/2590 2595/2595
f 2589/2589 2590/2590 2594/2594
f 2594/2594 2596/2596 2589/2589
f 2592/2592 2582/2582 2581/2581
f 1239/1239 2574/2574 2578/2578
f 2573/2573 2592/2592 2576/2576
f 1238/1238 1239/1239 2597/2597
f 2578/2578 2597/2597 1239/1239
f 2573/2573 2572/2572 2592/2592
f 2594/2594 2595/2595 2598/2598
f 2599/2599 2538/2538 2558/2558
f 1244/1244 1240/1240 2600/2600
f 2601/2601 2589/2589 2596/2596
f 2602/2602 2593/2593 2583/2583
f 2558/2558 2593/2593 2602/2602
f 2553/2553 2554/2554 2591/2591
f 1240/1240 1238/1238 2600/2600
f 2593/2593 2575/2575 2583/2583
f 2603/2603 2596/2596 2594/2594
f 2604/2604 2605/2605 2606/2606
f 2607/2607 2608/2608 2609/2609
f 2610/2610 2594/2594 2598/2598
f 2588/2588 2602/2602 2583/2583
f 2603/2603 2594/2594 2610/2610
f 2608/2608 2607/2607 2605/2605
f 2604/2604 2608/2608 2605/2605
f 2588/2588 2583/2583 2586/2586
f 2611/2611 2606/2606 2529/2529
f 2601/2601 2596/2596 2612/2612
f 2612/2612 2596/2596 2603/2603
f 2611/2611 2604/2604 2606/2606
f 2597/2597 2613/2613 1238/1238
f 2608/2608 2604/2604 2611/2611
f 2608/2608 2611/2611 2530/2530
f 2597/2597 2578/2578 2614/2614
f 2600/2600 1238/1238 2613/2613
f 2611/2611 2529/2529 2530/2530
f 2615/2615 2600/2600 2613/2613
f 2599/2599 2564/2564 2538/2538
f 2550/2550 2552/2552 2617/2617
f 2585/2585 2568/2568 2618/2618
f 2618/2618 2568/2568 2566/2566
f 2619/2619 2608/2608 2579/2579
f 1832/1832 2621/2621 1771/1771
f 2621/2621 2567/2567 1771/1771
f 2601/2601 2550/2550 2589/2589
f 2566/2566 2620/2620 2618/2618
f 2579/2579 2608/2608 2530/2530
f 2561/2561 2550/2550 2601/2601
f 2623/2623 2585/2585 2618/2618
f 2624/2624 2622/2622 2564/2564
f 2623/2623 2618/2618 2620/2620
f 2585/2585 2569/2569 2568/2568
f 2623/2623 2574/2574 2585/2585
f 2616/2616 2561/2561 2601/2601
f 2579/2579 2530/2530 2625/2625
f 2625/2625 2530/2530 2531/2531
f 2626/2626 2628/2628 1832/1832
f 1832/1832 2628/2628 2621/2621
f 2601/2601 2612/2612 2616/2616
f 2627/2627 2629/2629 2620/2620
f 2630/2630 2588/2588 2631/2631
f 2623/2623 2620/2620 2629/2629
f 2632/2632 2565/2565 2633/2633
f 2633/2633 2565/2565 2561/2561
f 1832/1832 1842/1842 2626/2626
f 2628/2628 2626/2626 2635/2635
f 2635/2635 2626/2626 1842/1842
f 2629/2629 2627/2627 2634/2634
f 2636/2636 2558/2558 2602/2602
f 2629/2629 2634/2634 2637/2637
f 2632/2632 2562/2562 2565/2565
f 2578/2578 2574/2574 2614/2614
f 2623/2623 2614/2614 2574/2574
f 2558/2558 2636/2636 2638/2638
f 2636/2636 2602/2602 2588/2588
f 2639/2639 2614/2614 2623/2623
f 2636/2636 2588/2588 2640/2640
f 2638/2638 2636/2636 2640/2640
f 2588/2588 2630/2630 2640/2640
f 2599/2599 2558/2558 2638/2638
f 2641/2641 2639/2639 2623/2623
f 2599/2599 2642/2642 2643/2643
f 2614/2614 2613/2613 2597/2597
f 2613/2613 2614/2614 2644/2644
f 2642/2642 2638/2638 2640/2640
f 2638/2638 2642/2642 2599/2599
f 2645/2645 2635/2635 1842/1842
f 2637/2637 2634/2634 2646/2646
f 2642/2642 2640/2640 2630/2630
f 2637/2637 2646/2646 1875/1875
f 1876/1876 2645/2645 1842/1842
f 2579/2579 2576/2576 2581/2581
f 2575/2575 2579/2579 2647/2647
f 2648/2648 2637/2637 1875/1875
f 2629/2629 2637/2637 2648/2648
f 2650/2650 2651/2651 2647/2647
f 2649/2649 2623/2623 2629/2629
f 2623/2623 2649/2649 2641/2641
f 2579/2579 2625/2625 2647/2647
f 2616/2616 2612/2612 2652/2652
f 2587/2587 2575/2575 2647/2647
f 2648/2648 1875/1875 1894/1894
f 2584/2584 2575/2575 2587/2587
f 2625/2625 2650/2650 2647/2647
f 2653/2653 2616/2616 2654/2654
f 2652/2652 2654/2654 2616/2616
f 2653/2653 2654/2654 2655/2655
f 2656/2656 2587/2587 2647/2647
f 2587/2587 2656/2656 2657/2657
f 2633/2633 2561/2561 2616/2616
f 2648/2648 1894/1894 2658/2658
f 2659/2659 2660/2660 2661/2661
f 2534/2534 2650/2650 2531/2531
f 2531/2531 2650/2650 2625/2625
f 2656/2656 2647/2647 2659/2659
f 1244/1244 2600/2600 2615/2615
f 2647/2647 2651/2651 2659/2659
f 2659/2659 2651/2651 2660/2660
f 2650/2650 2534/2534 2536/2536
f 2662/2662 809/809 1244/1244
f 2657/2657 2656/2656 2659/2659
f 809/809 803/803 1244/1244
f 2659/2659 2661/2661 2657/2657
f 2663/2663 800/800 809/809
f 2657/2657 2661/2661 2664/2664
f 800/800 2663/2663 810/810
f 2665/2665 2664/2664 2661/2661
f 2663/2663 809/809 2662/2662
f 2666/2666 2650/2650 2536/2536
f 2667/2667 2666/2666 2536/2536
f 2668/2668 2650/2650 2666/2666
f 2667/2667 2536/2536 2535/2535
f 2535/2535 1921/1921 2667/2667
f 2669/2669 2666/2666 2667/2667
f 2667/2667 2670/2670 2669/2669
f 2633/2633 2616/2616 2653/2653
f 2170/2170 2667/2667 1921/1921
f 2651/2651 2650/2650 2668/2668
f 2671/2671 1244/1244 2615/2615
f 2662/2662 1244/1244 2671/2671
f 2660/2660 2651/2651 2668/2668
f 2668/2668 2661/2661 2660/2660
f 2672/2672 2669/2669 2673/2673
f 2666/2666 2669/2669 2668/2668
f 2661/2661 2668/2668 2669/2669
f 2672/2672 2661/2661 2669/2669
f 2173/2173 2667/2667 2170/2170
f 2173/2173 2670/2670 2667/2667
f 2173/2173 2170/2170 2152/2152
f 2673/2673 2669/2669 2670/2670
f 2670/2670 2173/2173 2674/2674
f 2663/2663 2662/2662 2675/2675
f 857/857 810/810 2663/2663
f 2675/2675 2662/2662 2671/2671
f 2676/2676 2671/2671 2615/2615
f 2675/2675 2671/2671 2676/2676
f 2665/2665 2661/2661 2672/2672
f 2678/2678 2676/2676 2615/2615
f 2672/2672 2679/2679 2677/2677
f 1119/1119 1077/1077 1015/1015
f 2670/2670 2679/2679 2673/2673
f 2672/2672 2673/2673 2679/2679
f 2679/2679 2670/2670 2674/2674
f 2173/2173 2155/2155 2674/2674
f 2674/2674 2155/2155 2159/2159
f 2679/2679 2674/2674 2159/2159
f 2539/2539 2633/2633 2653/2653
f 2677/2677 2679/2679 2680/2680
f 2681/2681 2679/2679 2159/2159
f 2682/2682 2639/2639 2641/2641
f 2159/2159 2158/2158 2681/2681
f 2685/2685 2587/2587 2657/2657
f 2685/2685 2631/2631 2587/2587
f 2631/2631 2588/2588 2587/2587
f 2615/2615 2613/2613 2644/2644
f 2664/2664 2685/2685 2657/2657
f 1015/1015 1014/1014 2686/2686
f 2644/2644 2614/2614 2639/2639
f 2687/2687 2631/2631 2685/2685
f 2615/2615 2644/2644 2688/2688
f 1015/1015 2686/2686 2689/2689
f 2644/2644 2639/2639 2682/2682
f 2644/2644 2682/2682 2688/2688
f 2689/2689 2686/2686 2690/2690
f 2691/2691 2685/2685 2664/2664
f 2692/2692 2615/2615 2688/2688
f 2630/2630 2631/2631 2687/2687
f 2678/2678 2615/2615 2692/2692
f 2691/2691 2687/2687 2685/2685
f 2692/2692 2688/2688 2693/2693
f 1119/1119 1015/1015 2689/2689
f 2694/2694 2630/2630 2687/2687
f 2693/2693 2695/2695 2692/2692
f 2691/2691 2664/2664 2696/2696
f 2697/2697 2696/2696 2664/2664
f 2698/2698 2696/2696 2697/2697
f 2698/2698 2699/2699 2696/2696
f 2700/2700 2688/2688 2682/2682
f 2700/2700 2701/2701 2688/2688
f 2694/2694 2687/2687 2691/2691
f 837/837 810/810 857/857
f 2702/2702 857/857 2663/2663
f 857/857 848/848 837/837
f 2703/2703 2694/2694 2691/2691
f 2704/2704 2691/2691 2696/2696
f 2702/2702 2663/2663 2675/2675
f 2704/2704 2696/2696 2699/2699
f 2704/2704 2703/2703 2691/2691
f 2675/2675 2705/2705 2702/2702
f 2706/2706 857/857 2702/2702
f 2642/2642 2630/2630 2694/2694
f 866/866 857/857 2706/2706
f 2665/2665 2697/2697 2664/2664
f 2706/2706 2702/2702 2707/2707
f 2665/2665 2677/2677 2697/2697
f 2665/2665 2672/2672 2677/2677
f 2708/2708 2678/2678 2695/2695
f 2705/2705 2675/2675 2676/2676
f 2708/2708 2676/2676 2678/2678
f 2708/2708 2705/2705 2676/2676
f 2683/2683 919/919 906/906
f 2677/2677 2709/2709 2697/2697
f 2707/2707 2702/2702 2705/2705
f 2680/2680 2679/2679 2681/2681
f 2677/2677 2680/2680 2709/2709
f 2680/2680 2681/2681 2158/2158
f 2711/2711 2680/2680 2158/2158
f 866/866 2706/2706 2707/2707
f 1118/1118 1119/1119 2712/2712
f 2709/2709 2680/2680 2713/2713
f 2713/2713 2680/2680 2711/2711
f 866/866 2707/2707 2714/2714
f 859/859 866/866 2714/2714
f 2715/2715 2697/2697 2709/2709
f 2698/2698 2697/2697 2715/2715
f 2708/2708 2707/2707 2705/2705
f 2715/2715 2709/2709 2716/2716
f 2714/2714 2707/2707 2708/2708
f 2717/2717 2699/2699 2698/2698
f 2717/2717 2698/2698 2715/2715
f 2699/2699 2717/2717 2715/2715
f 1014/1014 919/919 2683/2683
f 2716/2716 2709/2709 2713/2713
f 2695/2695 2678/2678 2692/2692
f 2716/2716 2713/2713 2718/2718
f 2708/2708 2695/2695 2719/2719
f 2718/2718 2713/2713 2214/2214
f 2720/2720 2695/2695 2693/2693
f 2715/2715 2716/2716 2718/2718
f 2721/2721 2715/2715 2718/2718
f 2721/2721 2718/2718 2722/2722
f 2695/2695 2723/2723 2719/2719
f 2723/2723 2695/2695 2720/2720
f 2724/2724 2722/2722 2718/2718
f 2710/2710 2708/2708 2719/2719
f 2693/2693 2688/2688 2701/2701
f 2720/2720 2693/2693 2701/2701
f 2710/2710 2719/2719 2725/2725
f 2683/2683 2684/2684 2686/2686
f 2563/2563 2723/2723 2720/2720
f 2725/2725 2719/2719 2563/2563
f 2563/2563 2719/2719 2723/2723
f 2682/2682 2641/2641 2727/2727
f 2643/2643 2564/2564 2599/2599
f 2629/2629 2648/2648 2649/2649
f 2683/2683 2686/2686 1014/1014
f 2649/2649 2648/2648 2658/2658
f 2690/2690 2622/2622 2689/2689
f 2728/2728 2641/2641 2649/2649
f 2641/2641 2700/2700 2727/2727
f 2700/2700 2641/2641 2728/2728
f 2729/2729 2728/2728 2730/2730
f 2729/2729 2700/2700 2728/2728
f 2727/2727 2700/2700 2682/2682
f 2658/2658 1894/1894 2033/2033
f 2624/2624 2732/2732 2733/2733
f 2728/2728 2649/2649 2658/2658
f 2033/2033 2734/2734 2658/2658
f 2734/2734 2033/2033 2039/2039
f 2730/2730 2728/2728 2658/2658
f 2622/2622 2537/2537 2564/2564
f 2729/2729 2730/2730 2735/2735
f 2736/2736 2735/2735 2730/2730
f 2730/2730 2658/2658 2734/2734
f 2737/2737 2622/2622 2624/2624
f 2738/2738 2730/2730 2734/2734
f 2732/2732 2624/2624 2564/2564
f 2039/2039 2739/2739 2734/2734
f 2738/2738 2734/2734 2739/2739
f 2643/2643 2731/2731 2564/2564
f 2736/2736 2738/2738 2740/2740
f 2736/2736 2730/2730 2738/2738
f 2700/2700 2729/2729 2741/2741
f 2732/2732 2564/2564 2742/2742
f 2700/2700 2741/2741 2701/2701
f 2701/2701 2741/2741 2552/2552
f 2617/2617 2552/2552 2741/2741
f 2731/2731 2742/2742 2564/2564
f 2684/2684 2632/2632 2633/2633
f 2743/2743 2694/2694 2703/2703
f 2689/2689 2737/2737 1119/1119
f 2744/2744 2703/2703 2704/2704
f 2551/2551 2720/2720 2701/2701
f 2699/2699 2745/2745 2704/2704
f 2689/2689 2622/2622 2737/2737
f 2746/2746 2704/2704 2745/2745
f 2744/2744 2743/2743 2703/2703
f 2704/2704 2747/2747 2744/2744
f 2747/2747 2704/2704 2746/2746
f 2551/2551 2701/2701 2552/2552
f 2748/2748 2744/2744 2749/2749
f 2744/2744 2747/2747 2749/2749
f 2750/2750 2749/2749 2747/2747
f 2751/2751 2748/2748 2749/2749
f 2752/2752 2751/2751 2753/2753
f 2751/2751 2749/2749 2750/2750
f 2753/2753 2751/2751 2750/2750
f 2753/2753 2750/2750 2747/2747
f 2726/2726 1119/1119 2737/2737
f 2754/2754 2735/2735 2736/2736
f 2755/2755 2753/2753 2756/2756
f 2741/2741 2729/2729 2617/2617
f 2617/2617 2729/2729 2757/2757
f 2743/2743 2642/2642 2694/2694
f 2754/2754 2757/2757 2729/2729
f 2643/2643 2642/2642 2743/2743
f 2754/2754 2729/2729 2735/2735
f 2537/2537 2684/2684 2633/2633
f 2643/2643 2743/2743 2731/2731
f 2748/2748 2731/2731 2743/2743
f 2758/2758 2754/2754 2736/2736
f 2744/2744 2748/2748 2743/2743
f 2752/2752 2748/2748 2751/2751
f 2590/2590 2757/2757 2754/2754
f 2617/2617 2757/2757 2590/2590
f 2745/2745 2699/2699 2715/2715
f 2550/2550 2617/2617 2590/2590
f 2745/2745 2715/2715 2722/2722
f 2722/2722 2715/2715 2721/2721
f 2746/2746 2745/2745 2760/2760
f 2758/2758 2590/2590 2754/2754
f 2760/2760 2745/2745 2722/2722
f 2595/2595 2590/2590 2758/2758
f 2760/2760 2722/2722 2761/2761
f 2595/2595 2758/2758 2598/2598
f 2762/2762 2718/2718 2763/2763
f 2762/2762 2724/2724 2718/2718
f 2761/2761 2724/2724 2762/2762
f 2722/2722 2724/2724 2761/2761
f 2739/2739 2039/2039 2040/2040
f 2537/2537 2633/2633 2539/2539
f 2740/2740 2738/2738 2739/2739
f 2740/2740 2739/2739 2040/2040
f 2712/2712 2759/2759 1118/1118
f 2285/2285 2308/2308 2040/2040
f 2764/2764 2747/2747 2746/2746
f 2740/2740 2040/2040 2308/2308
f 2764/2764 2746/2746 2760/2760
f 2760/2760 2761/2761 2764/2764
f 2756/2756 2747/2747 2764/2764
f 2756/2756 2753/2753 2747/2747
f 2756/2756 2764/2764 2765/2765
f 2761/2761 2765/2765 2764/2764
f 2765/2765 2761/2761 2766/2766
f 2761/2761 2762/2762 2767/2767
f 2767/2767 2766/2766 2761/2761
f 2768/2768 2736/2736 2740/2740
f 2769/2769 2766/2766 2767/2767
f 2771/2771 2736/2736 2768/2768
f 1206/1206 1118/1118 2759/2759
f 2771/2771 2758/2758 2736/2736
f 1230/1230 1206/1206 2759/2759
f 2752/2752 2753/2753 2755/2755
f 2755/2755 2756/2756 2772/2772
f 2740/2740 2308/2308 2309/2309
f 2712/2712 1119/1119 2726/2726
f 2740/2740 2309/2309 2325/2325
f 2331/2331 2740/2740 2325/2325
f 2773/2773 2731/2731 2748/2748
f 2740/2740 2331/2331 2768/2768
f 2774/2774 2768/2768 2331/2331
f 2731/2731 2773/2773 2742/2742
f 2774/2774 2331/2331 2333/2333
f 2775/2775 2771/2771 2768/2768
f 2774/2774 2775/2775 2768/2768
f 2773/2773 2748/2748 2752/2752
f 2773/2773 2752/2752 2755/2755
f 2758/2758 2771/2771 2775/2775
f 2773/2773 2755/2755 2776/2776
f 2598/2598 2758/2758 2775/2775
f 2772/2772 2776/2776 2755/2755
f 2598/2598 2775/2775 2777/2777
f 2778/2778 2775/2775 2774/2774
f 2772/2772 2779/2779 2776/2776
f 2331/2331 2325/2325 2328/2328
f 2780/2780 2773/2773 2776/2776
f 2770/2770 2759/2759 2712/2712
f 2781/2781 2776/2776 2779/2779
f 2765/2765 2772/2772 2756/2756
f 2778/2778 2774/2774 2333/2333
f 2772/2772 2765/2765 2782/2782
f 2783/2783 2759/2759 2784/2784
f 2772/2772 2782/2782 2779/2779
f 2784/2784 2759/2759 2770/2770
f 2785/2785 2778/2778 2333/2333
f 2785/2785 2333/2333 2786/2786
f 2333/2333 2334/2334 2786/2786
f 2766/2766 2769/2769 2765/2765
f 2782/2782 2765/2765 2769/2769
f 1230/1230 2759/2759 2783/2783
f 2782/2782 2787/2787 2779/2779
f 2537/2537 2690/2690 2684/2684
f 2714/2714 2788/2788 859/859
f 1234/1234 1230/1230 2783/2783
f 1236/1236 1234/1234 2783/2783
f 2714/2714 2708/2708 2710/2710
f 2789/2789 2787/2787 2782/2782
f 2690/2690 2537/2537 2622/2622
f 2790/2790 2714/2714 2710/2710
f 2769/2769 2791/2791 2782/2782
f 2788/2788 2714/2714 2792/2792
f 2792/2792 2714/2714 2790/2790
f 2789/2789 2782/2782 2791/2791
f 2781/2781 2779/2779 2787/2787
f 2793/2793 2788/2788 2792/2792
f 2711/2711 2158/2158 2214/2214
f 2713/2713 2711/2711 2214/2214
f 2718/2718 2214/2214 2763/2763
f 2725/2725 2790/2790 2710/2710
f 2763/2763 2214/2214 2219/2219
f 2794/2794 2790/2790 2725/2725
f 2792/2792 2790/2790 2794/2794
f 2725/2725 2563/2563 2795/2795
f 2763/2763 2219/2219 2374/2374
f 2762/2762 2763/2763 2374/2374
f 2797/2797 2770/2770 2712/2712
f 2798/2798 2770/2770 2797/2797
f 2797/2797 2712/2712 2796/2796
f 2562/2562 2795/2795 2563/2563
f 2794/2794 2725/2725 2795/2795
f 2792/2792 2794/2794 2799/2799
f 2769/2769 2767/2767 2762/2762
f 2769/2769 2762/2762 2374/2374
f 2800/2800 2769/2769 2374/2374
f 2374/2374 2801/2801 2800/2800
f 2374/2374 2375/2375 2397/2397
f 2397/2397 2801/2801 2374/2374
f 2624/2624 2733/2733 2802/2802
f 2400/2400 2801/2801 2397/2397
f 2690/2690 2686/2686 2684/2684
f 2402/2402 2401/2401 2395/2395
f 2795/2795 2799/2799 2794/2794
f 2803/2803 2769/2769 2800/2800
f 2800/2800 2801/2801 2804/2804
f 2632/2632 2795/2795 2562/2562
f 2805/2805 2793/2793 2792/2792
f 2792/2792 2799/2799 2805/2805
f 2803/2803 2800/2800 2804/2804
f 2400/2400 2804/2804 2801/2801
f 2807/2807 2804/2804 2400/2400
f 2808/2808 2598/2598 2777/2777
f 2421/2421 2401/2401 2402/2402
f 2421/2421 2806/2806 2401/2401
f 2610/2610 2598/2598 2808/2808
f 2803/2803 2804/2804 2810/2810
f 2807/2807 2810/2810 2804/2804
f 2812/2812 2421/2421 2420/2420
f 2806/2806 2421/2421 2812/2812
f 2813/2813 2803/2803 2810/2810
f 2769/2769 2803/2803 2791/2791
f 2808/2808 2777/2777 2775/2775
f 2799/2799 2795/2795 2632/2632
f 2803/2803 2813/2813 2791/2791
f 2811/2811 2806/2806 2812/2812
f 2805/2805 2799/2799 2683/2683
f 2425/2425 2420/2420 2419/2419
f 2420/2420 2425/2425 2812/2812
f 2684/2684 2799/2799 2632/2632
f 2652/2652 2612/2612 2603/2603
f 2684/2684 2683/2683 2799/2799
f 2737/2737 2624/2624 2809/2809
f 2808/2808 2814/2814 2816/2816
f 2610/2610 2808/2808 2815/2815
f 877/877 859/859 2788/2788
f 877/877 2788/2788 2793/2793
f 2808/2808 2816/2816 2815/2815
f 2808/2808 2775/2775 2778/2778
f 2778/2778 2785/2785 2808/2808
f 906/906 877/877 2793/2793
f 2802/2802 2809/2809 2624/2624
f 906/906 2793/2793 2805/2805
f 2814/2814 2808/2808 2785/2785
f 2817/2817 2712/2712 2726/2726
f 2818/2818 2817/2817 2726/2726
f 2819/2819 2737/2737 2809/2809
f 2726/2726 2737/2737 2819/2819
f 2452/2452 2786/2786 2334/2334
f 2818/2818 2726/2726 2819/2819
f 2452/2452 2785/2785 2786/2786
f 2452/2452 2820/2820 2785/2785
f 2796/2796 2817/2817 2818/2818
f 906/906 2805/2805 2683/2683
f 2712/2712 2817/2817 2796/2796
f 2818/2818 2821/2821 2796/2796
f 2822/2822 2816/2816 2814/2814
f 2546/2546 2720/2720 2551/2551
f 2563/2563 2720/2720 2546/2546
f 2545/2545 2563/2563 2546/2546
f 2814/2814 2785/2785 2820/2820
f 2823/2823 2818/2818 2824/2824
f 2825/2825 2814/2814 2820/2820
f 2826/2826 2809/2809 2802/2802
f 2809/2809 2826/2826 2818/2818
f 2814/2814 2825/2825 2822/2822
f 2819/2819 2809/2809 2818/2818
f 2825/2825 2827/2827 2828/2828
f 2825/2825 2820/2820 2827/2827
f 2610/2610 2652/2652 2603/2603
f 2655/2655 2654/2654 2652/2652
f 2818/2818 2826/2826 2824/2824
f 2655/2655 2652/2652 2610/2610
f 2824/2824 2826/2826 2733/2733
f 2733/2733 2826/2826 2802/2802
f 2829/2829 2655/2655 2610/2610
f 2733/2733 2830/2830 2824/2824
f 2815/2815 2831/2831 2829/2829
f 2829/2829 2610/2610 2815/2815
f 2831/2831 2815/2815 2832/2832
f 2833/2833 2655/2655 2829/2829
f 2834/2834 2833/2833 2829/2829
f 2834/2834 2829/2829 2835/2835
f 2836/2836 2833/2833 2834/2834
f 2836/2836 2834/2834 2835/2835
f 2835/2835 2829/2829 2837/2837
f 2837/2837 2829/2829 2831/2831
f 2653/2653 2655/2655 2833/2833
f 2838/2838 2822/2822 2832/2832
f 2839/2839 2832/2832 2822/2822
f 2839/2839 2840/2840 2832/2832
f 2815/2815 2816/2816 2838/2838
f 2816/2816 2822/2822 2838/2838
f 2832/2832 2815/2815 2838/2838
f 2839/2839 2822/2822 2825/2825
f 2839/2839 2825/2825 2828/2828
f 2828/2828 2841/2841 2839/2839
f 2842/2842 2828/2828 2827/2827
f 2842/2842 2841/2841 2828/2828
f 2832/2832 2840/2840 2831/2831
f 2842/2842 2839/2839 2841/2841
f 2840/2840 2839/2839 2842/2842
f 2840/2840 2842/2842 2843/2843
f 2452/2452 2508/2508 2820/2820
f 2820/2820 2508/2508 2512/2512
f 2512/2512 2515/2515 2516/2516
f 2827/2827 2820/2820 2512/2512
f 2827/2827 2512/2512 2516/2516
f 2517/2517 2827/2827 2516/2516
f 2529/2529 2827/2827 2517/2517
f 2827/2827 2529/2529 2842/2842
f 2606/2606 2842/2842 2529/2529
f 2606/2606 2605/2605 2842/2842
f 2843/2843 2842/2842 2605/2605
f 2836/2836 2844/2844 2845/2845
f 2844/2844 2836/2836 2835/2835
f 2844/2844 2835/2835 2571/2571
f 2845/2845 2844/2844 2846/2846
f 2571/2571 2835/2835 2837/2837
f 2846/2846 2844/2844 2571/2571
f 2543/2543 2845/2845 2846/2846
f 2544/2544 2846/2846 2571/2571
f 2543/2543 2846/2846 2544/2544
f 2539/2539 2653/2653 2833/2833
f 2836/2836 2539/2539 2833/2833
f 2539/2539 2836/2836 2845/2845
f 2543/2543 2539/2539 2845/2845
f 2831/2831 2840/2840 2837/2837
f 2570/2570 2837/2837 2840/2840
f 2571/2571 2837/2837 2570/2570
f 2570/2570 2840/2840 2847/2847
f 2607/2607 2843/2843 2605/2605
f 2607/2607 2619/2619 2843/2843
f 2619/2619 2607/2607 2609/2609
f 2619/2619 2609/2609 2608/2608
f 2619/2619 2840/2840 2843/2843
f 2619/2619 2847/2847 2840/2840
f 2579/2579 2581/2581 2619/2619
f 2848/2848 2847/2847 2619/2619
f 2581/2581 2848/2848 2619/2619
f 2570/2570 2847/2847 2580/2580
f 2847/2847 2848/2848 2580/2580
f 2848/2848 2581/2581 2580/2580
f 2849/2849 2850/2850 2851/2851
f 613/613 615/615 618/618
f 613/613 2852/2852 617/617
f 2852/2852 613/613 618/618
f 2856/2856 2857/2857 2858/2858
f 2853/2853 2854/2854 2859/2859
f 2860/2860 617/617 2852/2852
f 2861/2861 2856/2856 2862/2862
f 2862/2862 2856/2856 2855/2855
f 2863/2863 2855/2855 2851/2851
f 2863/2863 2862/2862 2855/2855
f 369/369 616/616 2860/2860
f 2857/2857 2864/2864 2865/2865
f 2860/2860 616/616 617/617
f 2859/2859 2866/2866 2867/2867
f 2868/2868 2869/2869 2857/2857
f 2866/2866 2859/2859 2854/2854
f 2857/2857 2869/2869 2864/2864
f 2864/2864 2870/2870 2871/2871
f 2860/2860 2874/2874 369/369
f 2870/2870 2864/2864 2869/2869
f 2873/2873 2875/2875 2872/2872
f 2852/2852 2876/2876 2860/2860
f 2873/2873 2878/2878 2879/2879
f 2880/2880 2881/2881 2940/2940
f 2882/2882 2869/2869 2868/2868
f 2867/2867 2879/2879 2859/2859
f 2883/2883 2882/2882 2868/2868
f 2861/2861 2857/2857 2856/2856
f 2857/2857 2861/2861 2868/2868
f 2879/2879 2867/2867 2873/2873
f 2867/2867 2875/2875 2873/2873
f 2874/2874 2860/2860 2877/2877
f 2884/2884 2868/2868 2861/2861
f 2885/2885 645/645 428/428
f 2866/2866 2854/2854 2888/2888
f 2889/2889 2881/2881 2880/2880
f 2890/2890 2874/2874 2877/2877
f 2890/2890 2877/2877 2891/2891
f 2892/2892 2874/2874 2890/2890
f 2893/2893 2892/2892 2890/2890
f 2888/2888 2854/2854 2887/2887
f 2887/2887 2894/2894 2888/2888
f 2894/2894 2887/2887 2895/2895
f 2896/2896 2890/2890 2897/2897
f 2896/2896 2898/2898 2890/2890
f 2874/2874 363/363 369/369
f 2874/2874 378/378 363/363
f 2900/2900 2867/2867 2866/2866
f 2901/2901 2900/2900 2866/2866
f 2900/2900 2875/2875 2867/2867
f 2904/2904 2902/2902 2903/2903
f 688/688 620/620 645/645
f 2901/2901 2866/2866 2888/2888
f 2905/2905 2906/2906 2902/2902
f 2907/2907 2905/2905 2902/2902
f 2907/2907 2908/2908 2905/2905
f 2904/2904 2907/2907 2902/2902
f 2907/2907 2910/2910 2908/2908
f 2911/2911 2910/2910 2907/2907
f 2906/2906 2905/2905 2908/2908
f 2909/2909 2875/2875 2900/2900
f 2912/2912 2849/2849 2908/2908
f 2849/2849 2912/2912 2850/2850
f 2913/2913 2901/2901 2888/2888
f 2911/2911 2914/2914 2910/2910
f 2901/2901 2913/2913 2915/2915
f 2914/2914 2908/2908 2910/2910
f 688/688 645/645 2885/2885
f 2912/2912 2914/2914 2916/2916
f 2914/2914 2912/2912 2908/2908
f 2915/2915 2900/2900 2901/2901
f 2909/2909 2900/2900 2915/2915
f 2917/2917 2916/2916 2914/2914
f 2918/2918 2914/2914 2911/2911
f 2919/2919 2918/2918 2911/2911
f 2918/2918 2917/2917 2914/2914
f 2921/2921 2920/2920 2909/2909
f 378/378 2874/2874 2922/2922
f 2923/2923 2924/2924 2885/2885
f 2916/2916 2850/2850 2912/2912
f 2916/2916 2925/2925 2850/2850
f 2851/2851 2850/2850 2925/2925
f 2925/2925 2926/2926 2851/2851
f 2922/2922 2874/2874 2927/2927
f 688/688 2885/2885 2924/2924
f 2917/2917 2925/2925 2916/2916
f 2917/2917 2928/2928 2925/2925
f 2926/2926 2925/2925 2928/2928
f 2928/2928 2930/2930 2926/2926
f 2851/2851 2926/2926 2863/2863
f 2875/2875 2909/2909 2929/2929
f 2929/2929 2872/2872 2875/2875
f 2931/2931 2863/2863 2926/2926
f 2932/2932 392/392 363/363
f 2863/2863 2933/2933 2862/2862
f 2863/2863 2931/2931 2934/2934
f 2935/2935 2863/2863 2934/2934
f 2934/2934 2936/2936 2935/2935
f 2931/2931 2926/2926 2930/2930
f 2930/2930 2928/2928 2937/2937
f 2937/2937 2928/2928 2917/2917
f 2938/2938 2932/2932 2922/2922
f 2938/2938 392/392 2932/2932
f 2939/2939 2917/2917 2918/2918
f 2940/2940 688/688 2924/2924
f 2929/2929 2941/2941 2872/2872
f 2938/2938 396/396 392/392
f 2939/2939 2937/2937 2917/2917
f 2942/2942 2937/2937 2939/2939
f 2943/2943 2935/2935 2936/2936
f 2931/2931 2930/2930 2937/2937
f 2946/2946 396/396 2945/2945
f 2945/2945 396/396 2938/2938
f 2937/2937 2934/2934 2931/2931
f 2937/2937 2936/2936 2934/2934
f 2943/2943 2936/2936 2937/2937
f 2932/2932 363/363 378/378
f 378/378 2922/2922 2932/2932
f 2937/2937 2942/2942 2947/2947
f 2923/2923 2944/2944 2948/2948
f 2885/2885 2944/2944 2923/2923
f 2947/2947 2943/2943 2937/2937
f 2950/2950 2923/2923 2948/2948
f 2933/2933 2861/2861 2862/2862
f 2941/2941 2929/2929 2951/2951
f 2884/2884 2861/2861 2933/2933
f 2922/2922 2945/2945 2938/2938
f 2935/2935 2933/2933 2863/2863
f 2950/2950 2924/2924 2923/2923
f 2952/2952 2884/2884 2933/2933
f 2952/2952 2933/2933 2935/2935
f 2949/2949 2929/2929 2909/2909
f 2953/2953 2952/2952 2935/2935
f 2884/2884 2952/2952 2954/2954
f 2953/2953 2954/2954 2952/2952
f 2883/2883 2868/2868 2884/2884
f 2955/2955 2927/2927 2874/2874
f 2892/2892 2955/2955 2874/2874
f 2927/2927 2955/2955 2956/2956
f 2956/2956 2955/2955 2892/2892
f 2883/2883 2884/2884 2954/2954
f 2953/2953 2935/2935 2943/2943
f 2958/2958 2957/2957 2927/2927
f 2960/2960 2953/2953 2943/2943
f 2959/2959 2953/2953 2960/2960
f 2958/2958 2927/2927 2956/2956
f 2920/2920 2949/2949 2909/2909
f 2961/2961 2892/2892 2893/2893
f 2961/2961 2956/2956 2892/2892
f 2954/2954 2959/2959 2962/2962
f 2959/2959 2954/2954 2953/2953
f 2961/2961 2958/2958 2956/2956
f 2962/2962 2883/2883 2954/2954
f 2963/2963 2883/2883 2962/2962
f 2959/2959 2963/2963 2962/2962
f 2964/2964 2957/2957 2958/2958
f 2965/2965 2942/2942 2939/2939
f 2958/2958 2961/2961 2964/2964
f 2964/2964 2961/2961 2967/2967
f 2968/2968 2965/2965 2939/2939
f 2969/2969 2942/2942 2965/2965
f 2942/2942 2969/2969 2970/2970
f 688/688 2966/2966 667/667
f 2972/2972 2946/2946 2945/2945
f 2973/2973 2945/2945 2922/2922
f 2970/2970 2947/2947 2942/2942
f 2973/2973 2922/2922 2927/2927
f 2947/2947 2970/2970 2974/2974
f 2973/2973 2927/2927 2957/2957
f 2913/2913 2888/2888 2894/2894
f 2968/2968 2969/2969 2965/2965
f 2970/2970 2969/2969 2968/2968
f 2975/2975 2970/2970 2968/2968
f 2894/2894 2976/2976 2913/2913
f 2977/2977 2913/2913 2976/2976
f 2975/2975 2974/2974 2970/2970
f 2972/2972 2945/2945 2973/2973
f 2909/2909 2915/2915 2978/2978
f 2964/2964 2973/2973 2957/2957
f 2977/2977 2978/2978 2915/2915
f 2977/2977 2915/2915 2913/2913
f 2979/2979 2978/2978 2977/2977
f 2959/2959 2960/2960 2947/2947
f 2978/2978 2921/2921 2909/2909
f 2960/2960 2943/2943 2947/2947
f 2980/2980 2973/2973 2964/2964
f 2967/2967 2980/2980 2964/2964
f 2979/2979 2921/2921 2978/2978
f 2979/2979 2920/2920 2921/2921
f 2980/2980 2972/2972 2973/2973
f 2981/2981 2979/2979 2977/2977
f 2981/2981 2977/2977 2976/2976
f 2959/2959 2982/2982 2963/2963
f 2983/2983 2920/2920 2979/2979
f 2959/2959 2947/2947 2982/2982
f 2983/2983 2979/2979 2981/2981
f 2986/2986 2987/2987 2947/2947
f 2988/2988 2981/2981 2985/2985
f 2989/2989 2986/2986 2974/2974
f 2947/2947 2974/2974 2986/2986
f 2987/2987 2986/2986 2989/2989
f 2940/2940 2966/2966 688/688
f 2990/2990 2982/2982 2987/2987
f 2987/2987 2982/2982 2947/2947
f 2991/2991 2990/2990 2987/2987
f 2987/2987 2992/2992 2991/2991
f 2984/2984 2966/2966 2940/2940
f 2949/2949 2920/2920 2971/2971
f 456/456 396/396 2993/2993
f 2994/2994 2940/2940 2924/2924
f 2995/2995 2920/2920 2983/2983
f 2996/2996 2989/2989 2974/2974
f 2997/2997 2974/2974 2975/2975
f 2996/2996 2974/2974 2997/2997
f 396/396 2998/2998 2993/2993
f 2988/2988 2995/2995 2983/2983
f 2995/2995 2971/2971 2920/2920
f 2996/2996 2999/2999 2989/2989
f 2992/2992 2987/2987 2989/2989
f 3000/3000 2948/2948 3001/3001
f 3000/3000 2950/2950 2948/2948
f 3002/3002 2949/2949 2971/2971
f 3000/3000 3001/3001 3003/3003
f 2999/2999 2992/2992 2989/2989
f 2853/2853 2992/2992 2999/2999
f 2994/2994 2924/2924 2950/2950
f 3004/3004 2994/2994 2950/2950
f 2886/2886 2999/2999 3005/3005
f 428/428 456/456 2993/2993
f 3004/3004 2950/2950 3000/3000
f 428/428 411/411 456/456
f 3004/3004 3000/3000 3006/3006
f 3007/3007 3006/3006 3000/3000
f 2854/2854 2853/2853 2886/2886
f 2886/2886 2853/2853 2999/2999
f 3007/3007 3000/3000 3008/3008
f 2871/2871 3007/3007 3008/3008
f 3009/3009 3006/3006 3007/3007
f 3010/3010 3002/3002 2971/2971
f 3010/3010 3011/3011 3002/3002
f 3004/3004 3006/3006 3013/3013
f 2981/2981 2988/2988 2983/2983
f 3014/3014 2995/2995 2988/2988
f 2944/2944 428/428 2993/2993
f 3014/3014 2988/2988 3015/3015
f 3014/3014 3016/3016 2995/2995
f 3013/3013 2994/2994 3004/3004
f 3016/3016 2971/2971 2995/2995
f 2885/2885 428/428 2944/2944
f 2985/2985 3015/3015 2988/2988
f 3009/3009 3007/3007 2871/2871
f 2946/2946 2998/2998 396/396
f 2869/2869 2871/2871 2870/2870
f 2946/2946 2993/2993 2998/2998
f 3009/3009 2871/2871 2869/2869
f 3017/3017 2882/2882 2883/2883
f 2882/2882 3009/3009 2869/2869
f 3017/3017 3018/3018 2882/2882
f 3019/3019 3010/3010 3016/3016
f 3018/3018 3020/3020 2882/2882
f 3013/3013 3006/3006 3009/3009
f 3015/3015 3016/3016 3014/3014
f 3021/3021 3016/3016 3015/3015
f 3022/3022 3021/3021 3015/3015
f 3015/3015 3023/3023 3022/3022
f 3015/3015 3024/3024 3023/3023
f 3021/3021 3019/3019 3016/3016
f 3018/3018 3017/3017 2883/2883
f 3025/3025 3018/3018 2883/2883
f 3016/3016 3010/3010 2971/2971
f 3011/3011 3010/3010 3019/3019
f 3012/3012 3011/3011 3019/3019
f 3026/3026 3013/3013 3009/3009
f 3012/3012 3027/3027 3011/3011
f 2882/2882 3026/3026 3009/3009
f 3028/3028 3012/3012 3019/3019
f 3028/3028 3029/3029 3012/3012
f 3029/3029 3027/3027 3012/3012
f 2994/2994 3013/3013 3026/3026
f 2972/2972 2993/2993 2946/2946
f 2883/2883 2963/2963 3025/3025
f 3021/3021 3028/3028 3019/3019
f 2899/2899 2994/2994 3026/3026
f 3031/3031 3015/3015 2985/2985
f 3031/3031 3024/3024 3015/3015
f 3031/3031 3023/3023 3024/3024
f 2899/2899 3026/3026 3020/3020
f 3031/3031 3032/3032 3022/3022
f 2882/2882 3020/3020 3026/3026
f 2944/2944 2993/2993 2972/2972
f 3003/3003 2944/2944 2972/2972
f 3022/3022 3023/3023 3031/3031
f 3032/3032 3033/3033 3022/3022
f 3034/3034 3033/3033 3032/3032
f 3030/3030 3028/3028 3021/3021
f 3030/3030 3021/3021 3035/3035
f 2948/2948 2944/2944 3003/3003
f 3035/3035 3021/3021 3022/3022
f 3033/3033 3035/3035 3022/3022
f 3036/3036 2899/2899 3020/3020
f 3037/3037 3030/3030 3035/3035
f 3025/3025 2963/2963 2982/2982
f 3038/3038 3033/3033 3034/3034
f 3039/3039 3033/3033 3038/3038
f 3001/3001 2948/2948 3003/3003
f 3039/3039 3037/3037 3033/3033
f 3037/3037 3035/3035 3033/3033
f 2890/2890 2898/2898 2893/2893
f 2940/2940 2881/2881 2984/2984
f 2893/2893 3040/3040 2961/2961
f 3042/3042 3037/3037 3041/3041
f 3043/3043 3040/3040 2893/2893
f 3034/3034 3044/3044 3038/3038
f 3045/3045 3025/3025 2982/2982
f 3043/3043 2893/2893 2898/2898
f 3041/3041 3039/3039 3046/3046
f 3043/3043 2898/2898 3047/3047
f 3038/3038 3046/3046 3039/3039
f 3039/3039 3041/3041 3037/3037
f 3041/3041 3048/3048 3042/3042
f 3040/3040 2967/2967 2961/2961
f 3049/3049 2982/2982 2990/2990
f 3049/3049 3050/3050 2982/2982
f 3048/3048 3041/3041 3046/3046
f 3046/3046 3051/3051 3048/3048
f 3052/3052 3042/3042 3048/3048
f 3053/3053 2982/2982 3050/3050
f 3054/3054 3052/3052 3048/3048
f 3051/3051 3054/3054 3048/3048
f 3055/3055 3040/3040 3043/3043
f 3053/3053 3050/3050 3049/3049
f 2992/2992 2990/2990 2991/2991
f 2982/2982 3053/3053 3045/3045
f 3043/3043 3057/3057 3056/3056
f 2899/2899 2940/2940 2994/2994
f 3055/3055 3043/3043 3056/3056
f 3058/3058 3045/3045 3053/3053
f 3020/3020 3018/3018 3025/3025
f 3020/3020 3025/3025 2878/2878
f 3060/3060 3036/3036 3020/3020
f 3060/3060 3020/3020 2878/2878
f 3045/3045 2878/2878 3025/3025
f 3056/3056 3061/3061 3055/3055
f 3062/3062 3060/3060 2878/2878
f 2872/2872 2899/2899 3036/3036
f 3063/3063 2980/2980 2967/2967
f 3036/3036 3060/3060 3062/3062
f 2872/2872 3036/3036 3062/3062
f 2873/2873 3062/3062 2878/2878
f 3064/3064 2980/2980 3063/3063
f 3040/3040 3055/3055 3063/3063
f 3063/3063 2967/2967 3040/3040
f 2872/2872 3062/3062 2873/2873
f 3065/3065 3063/3063 3055/3055
f 3065/3065 3055/3055 3061/3061
f 2878/2878 3045/3045 3058/3058
f 2879/2879 2878/2878 3058/3058
f 2858/2858 3063/3063 3065/3065
f 2858/2858 3064/3064 3063/3063
f 3066/3066 3061/3061 3056/3056
f 3059/3059 3066/3066 3056/3056
f 2903/2903 3066/3066 3059/3059
f 2903/2903 3067/3067 3066/3066
f 3068/3068 3061/3061 3066/3066
f 3068/3068 3065/3065 3061/3061
f 3070/3070 3065/3065 3068/3068
f 3067/3067 3068/3068 3066/3066
f 3068/3068 3071/3071 3072/3072
f 3070/3070 3068/3068 3072/3072
f 3067/3067 3071/3071 3068/3068
f 3073/3073 2858/2858 3065/3065
f 3073/3073 3065/3065 3070/3070
f 2906/2906 3072/3072 3071/3071
f 3067/3067 2906/2906 3071/3071
f 2902/2902 3067/3067 2903/2903
f 2902/2902 2906/2906 3067/3067
f 2906/2906 3070/3070 3072/3072
f 3073/3073 3070/3070 2906/2906
f 2849/2849 3073/3073 2906/2906
f 2880/2880 2940/2940 2899/2899
f 2849/2849 2906/2906 2908/2908
f 3003/3003 2972/2972 2865/2865
f 3069/3069 2880/2880 2899/2899
f 2865/2865 2980/2980 3064/3064
f 2865/2865 2972/2972 2980/2980
f 3069/3069 2899/2899 2872/2872
f 3064/3064 2857/2857 2865/2865
f 2941/2941 3069/3069 2872/2872
f 3008/3008 3003/3003 2865/2865
f 2864/2864 3008/3008 2865/2865
f 3008/3008 3000/3000 3003/3003
f 3008/3008 2864/2864 2871/2871
f 2858/2858 3073/3073 3074/3074
f 2855/2855 2858/2858 3074/3074
f 2858/2858 2855/2855 2856/2856
f 2857/2857 3064/3064 2858/2858
f 3069/3069 2941/2941 3075/3075
f 3049/3049 2990/2990 2992/2992
f 2851/2851 2855/2855 3074/3074
f 3049/3049 2853/2853 3053/3053
f 2992/2992 2853/2853 3049/3049
f 2851/2851 3074/3074 3073/3073
f 2849/2849 2851/2851 3073/3073
f 2859/2859 3053/3053 2853/2853
f 3053/3053 2879/2879 3058/3058
f 2859/2859 2879/2879 3053/3053
f 3078/3078 3079/3079 3080/3080
f 3081/3081 618/618 946/946
f 3082/3082 3077/3077 3076/3076
f 3083/3083 3084/3084 3085/3085
f 3085/3085 3084/3084 3086/3086
f 3079/3079 2968/2968 3080/3080
f 3076/3076 3077/3077 3087/3087
f 3083/3083 3088/3088 3084/3084
f 3089/3089 3076/3076 3087/3087
f 3084/3084 3088/3088 3090/3090
f 3084/3084 3090/3090 3086/3086
f 3082/3082 3091/3091 3077/3077
f 946/946 959/959 3092/3092
f 3090/3090 3088/3088 3093/3093
f 3081/3081 946/946 3092/3092
f 2939/2939 3080/3080 2968/2968
f 3094/3094 3093/3093 3088/3088
f 3096/3096 3090/3090 3093/3093
f 3097/3097 3082/3082 3099/3099
f 3101/3101 3097/3097 3099/3099
f 2852/2852 618/618 3081/3081
f 2968/2968 3079/3079 2975/2975
f 3095/3095 3082/3082 3076/3076
f 3090/3090 3102/3102 3086/3086
f 3099/3099 3082/3082 3095/3095
f 3105/3105 3102/3102 3090/3090
f 3090/3090 3106/3106 3105/3105
f 3107/3107 3104/3104 3098/3098
f 3109/3109 3104/3104 3107/3107
f 3103/3103 2852/2852 3081/3081
f 2876/2876 2852/2852 3103/3103
f 3110/3110 2975/2975 3079/3079
f 3076/3076 3111/3111 3095/3095
f 3111/3111 3076/3076 3089/3089
f 3111/3111 3089/3089 3112/3112
f 3113/3113 3114/3114 3115/3115
f 3115/3115 3116/3116 3113/3113
f 3117/3117 3094/3094 3113/3113
f 3117/3117 3093/3093 3094/3094
f 3099/3099 3095/3095 3108/3108
f 3095/3095 3111/3111 3108/3108
f 3117/3117 3096/3096 3093/3093
f 3096/3096 3117/3117 3118/3118
f 3118/3118 3117/3117 3119/3119
f 3113/3113 3116/3116 3117/3117
f 3120/3120 3121/3121 3122/3122
f 3123/3123 3117/3117 3116/3116
f 3092/3092 959/959 3124/3124
f 3109/3109 3107/3107 3126/3126
f 3121/3121 3120/3120 3125/3125
f 3127/3127 3108/3108 3111/3111
f 3119/3119 3117/3117 3123/3123
f 3125/3125 3128/3128 3129/3129
f 3130/3130 3092/3092 3124/3124
f 3131/3131 3119/3119 3123/3123
f 3125/3125 3129/3129 3121/3121
f 3132/3132 3109/3109 3126/3126
f 3092/3092 3130/3130 3133/3133
f 3134/3134 3106/3106 3090/3090
f 3134/3134 3090/3090 3096/3096
f 3124/3124 975/975 3130/3130
f 3118/3118 3134/3134 3096/3096
f 3097/3097 3136/3136 3137/3137
f 3138/3138 3106/3106 3134/3134
f 3140/3140 3136/3136 3097/3097
f 3141/3141 3142/3142 3106/3106
f 3138/3138 3141/3141 3106/3106
f 975/975 3124/3124 959/959
f 3134/3134 3118/3118 3143/3143
f 3143/3143 3118/3118 3119/3119
f 3143/3143 3138/3138 3134/3134
f 3140/3140 3097/3097 3144/3144
f 3146/3146 3135/3135 3128/3128
f 3147/3147 3148/3148 3145/3145
f 3146/3146 3128/3128 3125/3125
f 3147/3147 3145/3145 3100/3100
f 3145/3145 3148/3148 3139/3139
f 3149/3149 3125/3125 3120/3120
f 3149/3149 3151/3151 3125/3125
f 3152/3152 3092/3092 3133/3133
f 3153/3153 3148/3148 3154/3154
f 3154/3154 3148/3148 3155/3155
f 3147/3147 3155/3155 3148/3148
f 3151/3151 3146/3146 3125/3125
f 3155/3155 3156/3156 3154/3154
f 3154/3154 3156/3156 3157/3157
f 3157/3157 3156/3156 3158/3158
f 3159/3159 3151/3151 3149/3149
f 3149/3149 3160/3160 3159/3159
f 3097/3097 3101/3101 3144/3144
f 3161/3161 3162/3162 3163/3163
f 3164/3164 3165/3165 3151/3151
f 3159/3159 3164/3164 3151/3151
f 3155/3155 3147/3147 3156/3156
f 3120/3120 3122/3122 3169/3169
f 3170/3170 3162/3162 3171/3171
f 3166/3166 3172/3172 3168/3168
f 3098/3098 3104/3104 3100/3100
f 3104/3104 3147/3147 3100/3100
f 3149/3149 3120/3120 3173/3173
f 3174/3174 3175/3175 3176/3176
f 3163/3163 3175/3175 3174/3174
f 3174/3174 3161/3161 3163/3163
f 3178/3178 3149/3149 3173/3173
f 3180/3180 2876/2876 3103/3103
f 3147/3147 3104/3104 3156/3156
f 3163/3163 3162/3162 3170/3170
f 3175/3175 3163/3163 3170/3170
f 3160/3160 3149/3149 3178/3178
f 3103/3103 3168/3168 3180/3180
f 3103/3103 3081/3081 3177/3177
f 3168/3168 3103/3103 3177/3177
f 3158/3158 3156/3156 3181/3181
f 2891/2891 2877/2877 3179/3179
f 3182/3182 3183/3183 3184/3184
f 3170/3170 3185/3185 3175/3175
f 3177/3177 3081/3081 3186/3186
f 3186/3186 3081/3081 3092/3092
f 3187/3187 3183/3183 3135/3135
f 3187/3187 3135/3135 3146/3146
f 3116/3116 3185/3185 3188/3188
f 3189/3189 3187/3187 3146/3146
f 3183/3183 3187/3187 3184/3184
f 3190/3190 3185/3185 3170/3170
f 3184/3184 3187/3187 3189/3189
f 3180/3180 3168/3168 3191/3191
f 3168/3168 3192/3192 3191/3191
f 3172/3172 3192/3192 3168/3168
f 3192/3192 2891/2891 3191/3191
f 3193/3193 3158/3158 3194/3194
f 3166/3166 3168/3168 3177/3177
f 3190/3190 3170/3170 3171/3171
f 3179/3179 3191/3191 2891/2891
f 3154/3154 3196/3196 3153/3153
f 3196/3196 3154/3154 3157/3157
f 3182/3182 3079/3079 3183/3183
f 3192/3192 3172/3172 3197/3197
f 3197/3197 2891/2891 3192/3192
f 3198/3198 3199/3199 3161/3161
f 3153/3153 3196/3196 3200/3200
f 3162/3162 3161/3161 3199/3199
f 2897/2897 2891/2891 3197/3197
f 3166/3166 3177/3177 3167/3167
f 3196/3196 3157/3157 3158/3158
f 3201/3201 3162/3162 3199/3199
f 3202/3202 3079/3079 3182/3182
f 3167/3167 3177/3177 3186/3186
f 3165/3165 3189/3189 3146/3146
f 3199/3199 3198/3198 3203/3203
f 3165/3165 3146/3146 3151/3151
f 3186/3186 3204/3204 3167/3167
f 3193/3193 3196/3196 3158/3158
f 3199/3199 3203/3203 3205/3205
f 3205/3205 3203/3203 3206/3206
f 2897/2897 2890/2890 2891/2891
f 3165/3165 3184/3184 3189/3189
f 3207/3207 3184/3184 3165/3165
f 3206/3206 3208/3208 3205/3205
f 3201/3201 3199/3199 3205/3205
f 3186/3186 3092/3092 3152/3152
f 3181/3181 3156/3156 3104/3104
f 3209/3209 3207/3207 3165/3165
f 3162/3162 3210/3210 3195/3195
f 3162/3162 3195/3195 3171/3171
f 3162/3162 3201/3201 3210/3210
f 3109/3109 3181/3181 3104/3104
f 3202/3202 3182/3182 3211/3211
f 3201/3201 3212/3212 3210/3210
f 3211/3211 3213/3213 3202/3202
f 3210/3210 3212/3212 3214/3214
f 3207/3207 3182/3182 3184/3184
f 3215/3215 3194/3194 3181/3181
f 3207/3207 3211/3211 3182/3182
f 3158/3158 3181/3181 3194/3194
f 3201/3201 3205/3205 3212/3212
f 3204/3204 3186/3186 3152/3152
f 3212/3212 3205/3205 3208/3208
f 3217/3217 3207/3207 3209/3209
f 3207/3207 3217/3217 3211/3211
f 3216/3216 3212/3212 3208/3208
f 3218/3218 3212/3212 3216/3216
f 3214/3214 3212/3212 3218/3218
f 3217/3217 3213/3213 3211/3211
f 3181/3181 3109/3109 3132/3132
f 3188/3188 3185/3185 3190/3190
f 3219/3219 3164/3164 3160/3160
f 3188/3188 3220/3220 3116/3116
f 3221/3221 3181/3181 3132/3132
f 3181/3181 3221/3221 3215/3215
f 3123/3123 3116/3116 3220/3220
f 3188/3188 3190/3190 3220/3220
f 3222/3222 3178/3178 3173/3173
f 3223/3223 3220/3220 3190/3190
f 3224/3224 3190/3190 3171/3171
f 3222/3222 3160/3160 3178/3178
f 3225/3225 3160/3160 3222/3222
f 3224/3224 3171/3171 3195/3195
f 3226/3226 3130/3130 975/975
f 3227/3227 3224/3224 3195/3195
f 3228/3228 3225/3225 3229/3229
f 3225/3225 3230/3230 3160/3160
f 3227/3227 3190/3190 3224/3224
f 3223/3223 3190/3190 3227/3227
f 3226/3226 975/975 1251/1251
f 3223/3223 3123/3123 3220/3220
f 3123/3123 3223/3223 3150/3150
f 3231/3231 3232/3232 3196/3196
f 975/975 1235/1235 1251/1251
f 3164/3164 3159/3159 3160/3160
f 3193/3193 3231/3231 3196/3196
f 3150/3150 3223/3223 3227/3227
f 3233/3233 3219/3219 3160/3160
f 3226/3226 3234/3234 3130/3130
f 3225/3225 3228/3228 3230/3230
f 3206/3206 3231/3231 3193/3193
f 3237/3237 3235/3235 3227/3227
f 3206/3206 3193/3193 3236/3236
f 3210/3210 3214/3214 3195/3195
f 3237/3237 3195/3195 3214/3214
f 1251/1251 3238/3238 3226/3226
f 3239/3239 3237/3237 3218/3218
f 3240/3240 3193/3193 3194/3194
f 3237/3237 3214/3214 3218/3218
f 3236/3236 3193/3193 3240/3240
f 3234/3234 3226/3226 3238/3238
f 3239/3239 3218/3218 3216/3216
f 3238/3238 1251/1251 3241/3241
f 3242/3242 3230/3230 3228/3228
f 3238/3238 3241/3241 3243/3243
f 3233/3233 3160/3160 3230/3230
f 3245/3245 1251/1251 928/928
f 3246/3246 3239/3239 3216/3216
f 3241/3241 1251/1251 3245/3245
f 3233/3233 3247/3247 3219/3219
f 3239/3239 3246/3246 3248/3248
f 3249/3249 3233/3233 3242/3242
f 3242/3242 3233/3233 3230/3230
f 3247/3247 3233/3233 3249/3249
f 3245/3245 928/928 3251/3251
f 3227/3227 3195/3195 3237/3237
f 3252/3252 3194/3194 3253/3253
f 3219/3219 3165/3165 3164/3164
f 3250/3250 3194/3194 3215/3215
f 3239/3239 3255/3255 3237/3237
f 3255/3255 3239/3239 3256/3256
f 3209/3209 3165/3165 3219/3219
f 3133/3133 3130/3130 3234/3234
f 3254/3254 3237/3237 3255/3255
f 3256/3256 3254/3254 3255/3255
f 3247/3247 3209/3209 3219/3219
f 3254/3254 3256/3256 3257/3257
f 3256/3256 3258/3258 3257/3257
f 3259/3259 3194/3194 3250/3250
f 3253/3253 3194/3194 3259/3259
f 3248/3248 3256/3256 3239/3239
f 3260/3260 3209/3209 3247/3247
f 3234/3234 3238/3238 3243/3243
f 3252/3252 3253/3253 3261/3261
f 3262/3262 3217/3217 3209/3209
f 3244/3244 3252/3252 3263/3263
f 3263/3263 3252/3252 3261/3261
f 3150/3150 3131/3131 3123/3123
f 3263/3263 3261/3261 3253/3253
f 3264/3264 3131/3131 3150/3150
f 3266/3266 3217/3217 3262/3262
f 3266/3266 3262/3262 3267/3267
f 3268/3268 3269/3269 3270/3270
f 3260/3260 3262/3262 3209/3209
f 3267/3267 3262/3262 3260/3260
f 3273/3273 3269/3269 3272/3272
f 3217/3217 3266/3266 3213/3213
f 3271/3271 3152/3152 3133/3133
f 3274/3274 3266/3266 3267/3267
f 3240/3240 3194/3194 3244/3244
f 3252/3252 3244/3244 3194/3194
f 3275/3275 3133/3133 3234/3234
f 3276/3276 3260/3260 3247/3247
f 3277/3277 3278/3278 3087/3087
f 3279/3279 3260/3260 3276/3276
f 3280/3280 3273/3273 3272/3272
f 3280/3280 3281/3281 3273/3273
f 3282/3282 3087/3087 3278/3278
f 3085/3085 3276/3276 3247/3247
f 3089/3089 3087/3087 3283/3283
f 3279/3279 3276/3276 3085/3085
f 3283/3283 3087/3087 3282/3282
f 3279/3279 3267/3267 3260/3260
f 3284/3284 3282/3282 3278/3278
f 3283/3283 3282/3282 3112/3112
f 3234/3234 3243/3243 3285/3285
f 3267/3267 3279/3279 3270/3270
f 3142/3142 3272/3272 3105/3105
f 3112/3112 3282/3282 3284/3284
f 3270/3270 3274/3274 3267/3267
f 3286/3286 3284/3284 3278/3278
f 3241/3241 3245/3245 3243/3243
f 3287/3287 3272/3272 3142/3142
f 3243/3243 3245/3245 3251/3251
f 3288/3288 3112/3112 3284/3284
f 3112/3112 3089/3089 3283/3283
f 3290/3290 3243/3243 3251/3251
f 3086/3086 3270/3270 3279/3279
f 3287/3287 3280/3280 3272/3272
f 3293/3293 3111/3111 3112/3112
f 3288/3288 3293/3293 3112/3112
f 3294/3294 3292/3292 3289/3289
f 3127/3127 3111/3111 3293/3293
f 3291/3291 3287/3287 3142/3142
f 3133/3133 3275/3275 3295/3295
f 3275/3275 3234/3234 3285/3285
f 3297/3297 3132/3132 3292/3292
f 3292/3292 3132/3132 3126/3126
f 3221/3221 3132/3132 3296/3296
f 3297/3297 3292/3292 3299/3299
f 3299/3299 3292/3292 3294/3294
f 3296/3296 3299/3299 3221/3221
f 3298/3298 3287/3287 3291/3291
f 3105/3105 3106/3106 3142/3142
f 3141/3141 3291/3291 3142/3142
f 3202/3202 3110/3110 3079/3079
f 3281/3281 3280/3280 3300/3300
f 3301/3301 3295/3295 3275/3275
f 3302/3302 3300/3300 3280/3280
f 3301/3301 3275/3275 3285/3285
f 3303/3303 3304/3304 3300/3300
f 3306/3306 3284/3284 3307/3307
f 3307/3307 3284/3284 3286/3286
f 3302/3302 3303/3303 3300/3300
f 3306/3306 3307/3307 3308/3308
f 3285/3285 3243/3243 3290/3290
f 3310/3310 3285/3285 3290/3290
f 3311/3311 3215/3215 3221/3221
f 3215/3215 3311/3311 3312/3312
f 3303/3303 3302/3302 3313/3313
f 3288/3288 3284/3284 3306/3306
f 3294/3294 3289/3289 3305/3305
f 3315/3315 3166/3166 3167/3167
f 3315/3315 3172/3172 3166/3166
f 3316/3316 3172/3172 3315/3315
f 2895/2895 3313/3313 3302/3302
f 3315/3315 3317/3317 3318/3318
f 3318/3318 3316/3316 3315/3315
f 3305/3305 3319/3319 3294/3294
f 3299/3299 3294/3294 3319/3319
f 3221/3221 3299/3299 3319/3319
f 3317/3317 3320/3320 3318/3318
f 3302/3302 3322/3322 2895/2895
f 3323/3323 3322/3322 3302/3302
f 2997/2997 3110/3110 3314/3314
f 2997/2997 2975/2975 3110/3110
f 3167/3167 3317/3317 3315/3315
f 3317/3317 3167/3167 3324/3324
f 3280/3280 3321/3321 3302/3302
f 3321/3321 3280/3280 3287/3287
f 3324/3324 3167/3167 3204/3204
f 3325/3325 3221/3221 3319/3319
f 3311/3311 3221/3221 3325/3325
f 3312/3312 3326/3326 3259/3259
f 3326/3326 3312/3312 3311/3311
f 3327/3327 3318/3318 3320/3320
f 3328/3328 3110/3110 3202/3202
f 3327/3327 3329/3329 3318/3318
f 3321/3321 3287/3287 3298/3298
f 3330/3330 3317/3317 3331/3331
f 3321/3321 3298/3298 3332/3332
f 3331/3331 3317/3317 3324/3324
f 3333/3333 3259/3259 3326/3326
f 3327/3327 3320/3320 3330/3330
f 3320/3320 3317/3317 3330/3330
f 3328/3328 3202/3202 3213/3213
f 3321/3321 3323/3323 3302/3302
f 3286/3286 3334/3334 3335/3335
f 3335/3335 3334/3334 3336/3336
f 3337/3337 3331/3331 3338/3338
f 3307/3307 3286/3286 3335/3335
f 3338/3338 3331/3331 3324/3324
f 3339/3339 3327/3327 3330/3330
f 3335/3335 3336/3336 3340/3340
f 3327/3327 3341/3341 3342/3342
f 3343/3343 2997/2997 3314/3314
f 3344/3344 3345/3345 3321/3321
f 3307/3307 3335/3335 3340/3340
f 3307/3307 3340/3340 3346/3346
f 3347/3347 2996/2996 2997/2997
f 3343/3343 3347/3347 2997/2997
f 3349/3349 3343/3343 3314/3314
f 3307/3307 3350/3350 3308/3308
f 3350/3350 3307/3307 3346/3346
f 3353/3353 3298/3298 3352/3352
f 3354/3354 3309/3309 3351/3351
f 3352/3352 3298/3298 3291/3291
f 3355/3355 3354/3354 3351/3351
f 3340/3340 3356/3356 3357/3357
f 3347/3347 3343/3343 3349/3349
f 3346/3346 3340/3340 3357/3357
f 3324/3324 3204/3204 3348/3348
f 3358/3358 3346/3346 3357/3357
f 3358/3358 3357/3357 3360/3360
f 3361/3361 3347/3347 3349/3349
f 3360/3360 3357/3357 3362/3362
f 3362/3362 3363/3363 3360/3360
f 3364/3364 3353/3353 3352/3352
f 3346/3346 3358/3358 3350/3350
f 3355/3355 3351/3351 3359/3359
f 3366/3366 3358/3358 3360/3360
f 3359/3359 3365/3365 3355/3355
f 3367/3367 3324/3324 3348/3348
f 3141/3141 3138/3138 3368/3368
f 3363/3363 3369/3369 3360/3360
f 3362/3362 3356/3356 3370/3370
f 3371/3371 3362/3362 3370/3370
f 3291/3291 3141/3141 3373/3373
f 3141/3141 3368/3368 3373/3373
f 3374/3374 3362/3362 3371/3371
f 3363/3363 3362/3362 3374/3374
f 3367/3367 3348/3348 3375/3375
f 3363/3363 3374/3374 3376/3376
f 3369/3369 3363/3363 3376/3376
f 3361/3361 3005/3005 3347/3347
f 3005/3005 2996/2996 3347/3347
f 3368/3368 3138/3138 3143/3143
f 3367/3367 3375/3375 3377/3377
f 3143/3143 3119/3119 3368/3368
f 2996/2996 3005/3005 2999/2999
f 3119/3119 3372/3372 3368/3368
f 3366/3366 3360/3360 3369/3369
f 3366/3366 3369/3369 3378/3378
f 3378/3378 3369/3369 3380/3380
f 3382/3382 3291/3291 3373/3373
f 3382/3382 3352/3352 3291/3291
f 3376/3376 3380/3380 3369/3369
f 3383/3383 3372/3372 3119/3119
f 3110/3110 3384/3384 3314/3314
f 3386/3386 3380/3380 3376/3376
f 3314/3314 3384/3384 3349/3349
f 3172/3172 3316/3316 3329/3329
f 3309/3309 3354/3354 3305/3305
f 3319/3319 3305/3305 3354/3354
f 3384/3384 3110/3110 3328/3328
f 3329/3329 3197/3197 3172/3172
f 3319/3319 3354/3354 3325/3325
f 3197/3197 3329/3329 2897/2897
f 3119/3119 3131/3131 3387/3387
f 3388/3388 2897/2897 3329/3329
f 3318/3318 3329/3329 3316/3316
f 3311/3311 3325/3325 3389/3389
f 3354/3354 3355/3355 3325/3325
f 3390/3390 3388/3388 3329/3329
f 3342/3342 3390/3390 3329/3329
f 3325/3325 3355/3355 3391/3391
f 3119/3119 3387/3387 3383/3383
f 3213/3213 3266/3266 3384/3384
f 3389/3389 3325/3325 3391/3391
f 3213/3213 3384/3384 3328/3328
f 3266/3266 3274/3274 3384/3384
f 3365/3365 3391/3391 3355/3355
f 3391/3391 3365/3365 3379/3379
f 3392/3392 3352/3352 3382/3382
f 3384/3384 3393/3393 3394/3394
f 3389/3389 3391/3391 3381/3381
f 2896/2896 2897/2897 3047/3047
f 3394/3394 3349/3349 3384/3384
f 3394/3394 3361/3361 3349/3349
f 3387/3387 3395/3395 3396/3396
f 3397/3397 3326/3326 3389/3389
f 3397/3397 3389/3389 3385/3385
f 3047/3047 2898/2898 2896/2896
f 3389/3389 3326/3326 3311/3311
f 3398/3398 3383/3383 3387/3387
f 3342/3342 3329/3329 3327/3327
f 3398/3398 3387/3387 3396/3396
f 3399/3399 3388/3388 3390/3390
f 3379/3379 3381/3381 3391/3391
f 3361/3361 3394/3394 3400/3400
f 3389/3389 3381/3381 3385/3385
f 3401/3401 3392/3392 3382/3382
f 3341/3341 3402/3402 3342/3342
f 3401/3401 3382/3382 3383/3383
f 3402/3402 3390/3390 3342/3342
f 3402/3402 3399/3399 3390/3390
f 3403/3403 3401/3401 3383/3383
f 3382/3382 3372/3372 3383/3383
f 3388/3388 3399/3399 2897/2897
f 3399/3399 3047/3047 2897/2897
f 3404/3404 3399/3399 3402/3402
f 3364/3364 3392/3392 3401/3401
f 3364/3364 3352/3352 3392/3392
f 3312/3312 3250/3250 3215/3215
f 3393/3393 3384/3384 3274/3274
f 3404/3404 3047/3047 3399/3399
f 3405/3405 3047/3047 3404/3404
f 3406/3406 3393/3393 3274/3274
f 3407/3407 3401/3401 3403/3403
f 3259/3259 3250/3250 3312/3312
f 3364/3364 3401/3401 3407/3407
f 3400/3400 3394/3394 3393/3393
f 3265/3265 3253/3253 3259/3259
f 3398/3398 3403/3403 3383/3383
f 3269/3269 3406/3406 3274/3274
f 3269/3269 3274/3274 3270/3270
f 3057/3057 3047/3047 3405/3405
f 3333/3333 3265/3265 3259/3259
f 3269/3269 3393/3393 3406/3406
f 3353/3353 3332/3332 3298/3298
f 3273/3273 3393/3393 3269/3269
f 3273/3273 3281/3281 3400/3400
f 3348/3348 3204/3204 3152/3152
f 3344/3344 3408/3408 3345/3345
f 1251/1251 926/926 928/928
f 3400/3400 3281/3281 3409/3409
f 3331/3331 3337/3337 3330/3330
f 3332/3332 3344/3344 3321/3321
f 3330/3330 3337/3337 3339/3339
f 3344/3344 3332/3332 3353/3353
f 3400/3400 3393/3393 3273/3273
f 3324/3324 3410/3410 3338/3338
f 3408/3408 3344/3344 3353/3353
f 3339/3339 3341/3341 3327/3327
f 3411/3411 3341/3341 3339/3339
f 3337/3337 3338/3338 3410/3410
f 3337/3337 3412/3412 3339/3339
f 3413/3413 3412/3412 3337/3337
f 3407/3407 3353/3353 3364/3364
f 3415/3415 3353/3353 3407/3407
f 3416/3416 3337/3337 3410/3410
f 3337/3337 3416/3416 3413/3413
f 3400/3400 3005/3005 3361/3361
f 3339/3339 3412/3412 3411/3411
f 3415/3415 3408/3408 3353/3353
f 3417/3417 3411/3411 3412/3412
f 3413/3413 3416/3416 3418/3418
f 3419/3419 3420/3420 3413/3413
f 3251/3251 928/928 929/929
f 3413/3413 3420/3420 3412/3412
f 3421/3421 3005/3005 3400/3400
f 3005/3005 3421/3421 2854/2854
f 3290/3290 3251/3251 929/929
f 3420/3420 3417/3417 3412/3412
f 3422/3422 3408/3408 3415/3415
f 3043/3043 3047/3047 3057/3057
f 3424/3424 3423/3423 3414/3414
f 3425/3425 3424/3424 3414/3414
f 3426/3426 3422/3422 3424/3424
f 3426/3426 3424/3424 3425/3425
f 3427/3427 3426/3426 3425/3425
f 2854/2854 2886/2886 3005/3005
f 3428/3428 3408/3408 3422/3422
f 3059/3059 3056/3056 3057/3057
f 3421/3421 3400/3400 3409/3409
f 3429/3429 3410/3410 3324/3324
f 3429/3429 3324/3324 3367/3367
f 3057/3057 3430/3430 3431/3431
f 3432/3432 3431/3431 3430/3430
f 3057/3057 3431/3431 3059/3059
f 3429/3429 3367/3367 3433/3433
f 3434/3434 3433/3433 3367/3367
f 3407/3407 3403/3403 3414/3414
f 3304/3304 3421/3421 3409/3409
f 3414/3414 3403/3403 3425/3425
f 3281/3281 3300/3300 3409/3409
f 3434/3434 3367/3367 3377/3377
f 3300/3300 3304/3304 3409/3409
f 3431/3431 3432/3432 3435/3435
f 3430/3430 3436/3436 3432/3432
f 3403/3403 3437/3437 3425/3425
f 3431/3431 3435/3435 3438/3438
f 3438/3438 3059/3059 3431/3431
f 3398/3398 3437/3437 3403/3403
f 3303/3303 3421/3421 3304/3304
f 3439/3439 3432/3432 3440/3440
f 3432/3432 3439/3439 3435/3435
f 3416/3416 3410/3410 3429/3429
f 3441/3441 3439/3439 3440/3440
f 3442/3442 3416/3416 3429/3429
f 3442/3442 3429/3429 3433/3433
f 3437/3437 3398/3398 3396/3396
f 3418/3418 3416/3416 3442/3442
f 2903/2903 3059/3059 3438/3438
f 3443/3443 3442/3442 3433/3433
f 2887/2887 2854/2854 3421/3421
f 3313/3313 2887/2887 3421/3421
f 3313/3313 3421/3421 3303/3303
f 3444/3444 3427/3427 3425/3425
f 2895/2895 2887/2887 3313/3313
f 3443/3443 3433/3433 3445/3445
f 3446/3446 929/929 930/930
f 3447/3447 3448/3448 3449/3449
f 3446/3446 930/930 3450/3450
f 3451/3451 3404/3404 3402/3402
f 3451/3451 3402/3402 3452/3452
f 3395/3395 3227/3227 3235/3235
f 3453/3453 3454/3454 3455/3455
f 3341/3341 3452/3452 3402/3402
f 3411/3411 3452/3452 3341/3341
f 3449/3449 3455/3455 3454/3454
f 3449/3449 3454/3454 3447/3447
f 3417/3417 3452/3452 3411/3411
f 3452/3452 3417/3417 3456/3456
f 3457/3457 3235/3235 3458/3458
f 3430/3430 3405/3405 3404/3404
f 3451/3451 3430/3430 3404/3404
f 3057/3057 3405/3405 3430/3430
f 3235/3235 3237/3237 3254/3254
f 3235/3235 3254/3254 3257/3257
f 3258/3258 3256/3256 3248/3248
f 3290/3290 929/929 3446/3446
f 3248/3248 3460/3460 3258/3258
f 3436/3436 3430/3430 3451/3451
f 3461/3461 3451/3451 3452/3452
f 3462/3462 3235/3235 3257/3257
f 3462/3462 3257/3257 3258/3258
f 3258/3258 3460/3460 3462/3462
f 3461/3461 3452/3452 3456/3456
f 3417/3417 3463/3463 3456/3456
f 3460/3460 3248/3248 3246/3246
f 3464/3464 3446/3446 3450/3450
f 3440/3440 3436/3436 3451/3451
f 3461/3461 3440/3440 3451/3451
f 3450/3450 930/930 932/932
f 3465/3465 3448/3448 3447/3447
f 3466/3466 3460/3460 3246/3246
f 3440/3440 3432/3432 3436/3436
f 3467/3467 3465/3465 3447/3447
f 3458/3458 3235/3235 3462/3462
f 3462/3462 3460/3460 3458/3458
f 3441/3441 3440/3440 3461/3461
f 3467/3467 3447/3447 3468/3468
f 3377/3377 3375/3375 3469/3469
f 3458/3458 3460/3460 3470/3470
f 3445/3445 3377/3377 3469/3469
f 3450/3450 932/932 3471/3471
f 3445/3445 3469/3469 3472/3472
f 3474/3474 935/935 940/940
f 3474/3474 940/940 3475/3475
f 3473/3473 3447/3447 3454/3454
f 3471/3471 932/932 941/941
f 3476/3476 935/935 3474/3474
f 935/935 3476/3476 941/941
f 3473/3473 3454/3454 3477/3477
f 3476/3476 3474/3474 3478/3478
f 3348/3348 3152/3152 3375/3375
f 3375/3375 3152/3152 3271/3271
f 3478/3478 3474/3474 3475/3475
f 3479/3479 3375/3375 3271/3271
f 3468/3468 3447/3447 3473/3473
f 3468/3468 3473/3473 3480/3480
f 3481/3481 3271/3271 3133/3133
f 3480/3480 3473/3473 3477/3477
f 3454/3454 3453/3453 3482/3482
f 3481/3481 3133/3133 3295/3295
f 3271/3271 3481/3481 3483/3483
f 3483/3483 3479/3479 3271/3271
f 3484/3484 3483/3483 3481/3481
f 3470/3470 3460/3460 3485/3485
f 3486/3486 3470/3470 3485/3485
f 3487/3487 3450/3450 3471/3471
f 3469/3469 3375/3375 3479/3479
f 3485/3485 3460/3460 3466/3466
f 3454/3454 3482/3482 3488/3488
f 3469/3469 3479/3479 3484/3484
f 3488/3488 3482/3482 3489/3489
f 3490/3490 3488/3488 3489/3489
f 3484/3484 3479/3479 3483/3483
f 941/941 3476/3476 3471/3471
f 3469/3469 3484/3484 3472/3472
f 3491/3491 3476/3476 3478/3478
f 3491/3491 3471/3471 3476/3476
f 3489/3489 3482/3482 3492/3492
f 3493/3493 3478/3478 3475/3475
f 3491/3491 3478/3478 3493/3493
f 3494/3494 3472/3472 3495/3495
f 3495/3495 3472/3472 3484/3484
f 3485/3485 3466/3466 3496/3496
f 3497/3497 3492/3492 3498/3498
f 3499/3499 3471/3471 3491/3491
f 3496/3496 3486/3486 3485/3485
f 3497/3497 3489/3489 3492/3492
f 3491/3491 3493/3493 3500/3500
f 953/953 956/956 3475/3475
f 3475/3475 940/940 953/953
f 3497/3497 3501/3501 3489/3489
f 3301/3301 3502/3502 3295/3295
f 3503/3503 3501/3501 3497/3497
f 3387/3387 3131/3131 3264/3264
f 3481/3481 3295/3295 3502/3502
f 3488/3488 3477/3477 3454/3454
f 3227/3227 3395/3395 3150/3150
f 3395/3395 3264/3264 3150/3150
f 3504/3504 3475/3475 956/956
f 3301/3301 3285/3285 3310/3310
f 3395/3395 3387/3387 3264/3264
f 3310/3310 3505/3505 3301/3301
f 3502/3502 3301/3301 3505/3505
f 3506/3506 3488/3488 3490/3490
f 956/956 948/948 3504/3504
f 3396/3396 3395/3395 3235/3235
f 3502/3502 3507/3507 3508/3508
f 3495/3495 3484/3484 3481/3481
f 3503/3503 3509/3509 3501/3501
f 3508/3508 3481/3481 3502/3502
f 3489/3489 3501/3501 3490/3490
f 3510/3510 3495/3495 3481/3481
f 3510/3510 3481/3481 3508/3508
f 3457/3457 3396/3396 3235/3235
f 3493/3493 3475/3475 3504/3504
f 3495/3495 3510/3510 3511/3511
f 3512/3512 3493/3493 3504/3504
f 3513/3513 3396/3396 3457/3457
f 3500/3500 3493/3493 3512/3512
f 3514/3514 3501/3501 3509/3509
f 3490/3490 3501/3501 3514/3514
f 3515/3515 3510/3510 3508/3508
f 3515/3515 3508/3508 3516/3516
f 3515/3515 3511/3511 3510/3510
f 3515/3515 3516/3516 3511/3511
f 3488/3488 3517/3517 3477/3477
f 3480/3480 3477/3477 3517/3517
f 3518/3518 3516/3516 3508/3508
f 3445/3445 3434/3434 3377/3377
f 3488/3488 3506/3506 3517/3517
f 3519/3519 3512/3512 3504/3504
f 3445/3445 3472/3472 3494/3494
f 3470/3470 3457/3457 3458/3458
f 3445/3445 3433/3433 3434/3434
f 3487/3487 3464/3464 3450/3450
f 3521/3521 3468/3468 3480/3480
f 3523/3523 3445/3445 3494/3494
f 3524/3524 3467/3467 3468/3468
f 3523/3523 3522/3522 3445/3445
f 3525/3525 3468/3468 3521/3521
f 3524/3524 3468/3468 3525/3525
f 3520/3520 3467/3467 3524/3524
f 3457/3457 3470/3470 3513/3513
f 3513/3513 3470/3470 3526/3526
f 3527/3527 3487/3487 3471/3471
f 3527/3527 3471/3471 3499/3499
f 3371/3371 3520/3520 3528/3528
f 3528/3528 3520/3520 3524/3524
f 3491/3491 3500/3500 3529/3529
f 3530/3530 3396/3396 3513/3513
f 3494/3494 3495/3495 3523/3523
f 3523/3523 3495/3495 3511/3511
f 3526/3526 3530/3530 3513/3513
f 3524/3524 3525/3525 3531/3531
f 3532/3532 3464/3464 3487/3487
f 3526/3526 3533/3533 3530/3530
f 3526/3526 3534/3534 3533/3533
f 3528/3528 3524/3524 3531/3531
f 3527/3527 3535/3535 3487/3487
f 3518/3518 3511/3511 3516/3516
f 3490/3490 3514/3514 3536/3536
f 3534/3534 3526/3526 3537/3537
f 3523/3523 3511/3511 3518/3518
f 3538/3538 3487/3487 3535/3535
f 3535/3535 3527/3527 3538/3538
f 3537/3537 3539/3539 3534/3534
f 3437/3437 3396/3396 3530/3530
f 3529/3529 3500/3500 3512/3512
f 3480/3480 3517/3517 3525/3525
f 3525/3525 3521/3521 3480/3480
f 3529/3529 3512/3512 3540/3540
f 3290/3290 3446/3446 3464/3464
f 3486/3486 3541/3541 3470/3470
f 3506/3506 3525/3525 3517/3517
f 3542/3542 3512/3512 3519/3519
f 3512/3512 3543/3543 3540/3540
f 3506/3506 3490/3490 3544/3544
f 3544/3544 3490/3490 3536/3536
f 3526/3526 3470/3470 3541/3541
f 3541/3541 3545/3545 3526/3526
f 3310/3310 3290/3290 3546/3546
f 3546/3546 3290/3290 3464/3464
f 3486/3486 3496/3496 3545/3545
f 3545/3545 3541/3541 3486/3486
f 3547/3547 3545/3545 3496/3496
f 3546/3546 3464/3464 3548/3548
f 3537/3537 3526/3526 3545/3545
f 3532/3532 3548/3548 3464/3464
f 3550/3550 3549/3549 3540/3540
f 3543/3543 3550/3550 3540/3540
f 3505/3505 3310/3310 3546/3546
f 3551/3551 3537/3537 3545/3545
f 3507/3507 3505/3505 3546/3546
f 3531/3531 3525/3525 3552/3552
f 3502/3502 3505/3505 3507/3507
f 3553/3553 3531/3531 3552/3552
f 3550/3550 3543/3543 3554/3554
f 3553/3553 3552/3552 3555/3555
f 3555/3555 3552/3552 3556/3556
f 3557/3557 3499/3499 3558/3558
f 3559/3559 3499/3499 3557/3557
f 3556/3556 3552/3552 3560/3560
f 3561/3561 3499/3499 3491/3491
f 3525/3525 3506/3506 3552/3552
f 3561/3561 3491/3491 3529/3529
f 3558/3558 3499/3499 3561/3561
f 3548/3548 3532/3532 3562/3562
f 3529/3529 3558/3558 3561/3561
f 3422/3422 3426/3426 3565/3565
f 3507/3507 3546/3546 3548/3548
f 3552/3552 3506/3506 3566/3566
f 3499/3499 3559/3559 3527/3527
f 3567/3567 3548/3548 3562/3562
f 3507/3507 3548/3548 3563/3563
f 3208/3208 3206/3206 3236/3236
f 3557/3557 3558/3558 3568/3568
f 3236/3236 3569/3569 3208/3208
f 3570/3570 3559/3559 3557/3557
f 3560/3560 3552/3552 3566/3566
f 3507/3507 3518/3518 3508/3508
f 3538/3538 3527/3527 3559/3559
f 3568/3568 3570/3570 3557/3557
f 3216/3216 3208/3208 3569/3569
f 3571/3571 3568/3568 3558/3558
f 3571/3571 3558/3558 3529/3529
f 3572/3572 3568/3568 3571/3571
f 3216/3216 3569/3569 3573/3573
f 3567/3567 3574/3574 3563/3563
f 3567/3567 3563/3563 3548/3548
f 3518/3518 3507/3507 3563/3563
f 3571/3571 3529/3529 3540/3540
f 3575/3575 3576/3576 3498/3498
f 3577/3577 3563/3563 3574/3574
f 3578/3578 3571/3571 3540/3540
f 3216/3216 3573/3573 3579/3579
f 3497/3497 3498/3498 3576/3576
f 3580/3580 3540/3540 3549/3549
f 3581/3581 996/996 995/995
f 995/995 996/996 994/994
f 3503/3503 3497/3497 3576/3576
f 3503/3503 3576/3576 3582/3582
f 3576/3576 3575/3575 3583/3583
f 3567/3567 3562/3562 3584/3584
f 3584/3584 3562/3562 3532/3532
f 3586/3586 3576/3576 3583/3583
f 3573/3573 3585/3585 3579/3579
f 3574/3574 3567/3567 3577/3577
f 3577/3577 3567/3567 3584/3584
f 3584/3584 3532/3532 3589/3589
f 3583/3583 3590/3590 3587/3587
f 3587/3587 3590/3590 3591/3591
f 948/948 994/994 996/996
f 3579/3579 3246/3246 3216/3216
f 3577/3577 3584/3584 3589/3589
f 3586/3586 3583/3583 3587/3587
f 948/948 996/996 3581/3581
f 3586/3586 3587/3587 3593/3593
f 3504/3504 948/948 3581/3581
f 3592/3592 3589/3589 3538/3538
f 3509/3509 3503/3503 3582/3582
f 3595/3595 3594/3594 3579/3579
f 3596/3596 3582/3582 3576/3576
f 3597/3597 3504/3504 3588/3588
f 3596/3596 3576/3576 3598/3598
f 3595/3595 3599/3599 3594/3594
f 3582/3582 3536/3536 3509/3509
f 3514/3514 3509/3509 3536/3536
f 3597/3597 3588/3588 3600/3600
f 3581/3581 3588/3588 3504/3504
f 3579/3579 3594/3594 3246/3246
f 3518/3518 3563/3563 3601/3601
f 3598/3598 3576/3576 3586/3586
f 3563/3563 3577/3577 3601/3601
f 3604/3604 3594/3594 3603/3603
f 3581/3581 995/995 1006/1006
f 3593/3593 3598/3598 3586/3586
f 3605/3605 3523/3523 3518/3518
f 3605/3605 3518/3518 3601/3601
f 3594/3594 3604/3604 3246/3246
f 3596/3596 3598/3598 3606/3606
f 3598/3598 3593/3593 3606/3606
f 3607/3607 3581/3581 1006/1006
f 3608/3608 3609/3609 3605/3605
f 3610/3610 3607/3607 1006/1006
f 3605/3605 3601/3601 3602/3602
f 3602/3602 3601/3601 3611/3611
f 3608/3608 3605/3605 3602/3602
f 1006/1006 1007/1007 3610/3610
f 3591/3591 3613/3613 3614/3614
f 3593/3593 3587/3587 3591/3591
f 3246/3246 3604/3604 3466/3466
f 3612/3612 3466/3466 3604/3604
f 3591/3591 3614/3614 3615/3615
f 3589/3589 3601/3601 3577/3577
f 3617/3617 3601/3601 3589/3589
f 3599/3599 3603/3603 3594/3594
f 3588/3588 3581/3581 3618/3618
f 3619/3619 3620/3620 3613/3613
f 3618/3618 3581/3581 3607/3607
f 3621/3621 3589/3589 3622/3622
f 3614/3614 3613/3613 3620/3620
f 3604/3604 3603/3603 3599/3599
f 3614/3614 3620/3620 3623/3623
f 3624/3624 3618/3618 3625/3625
f 3593/3593 3591/3591 3627/3627
f 3626/3626 3611/3611 3617/3617
f 3626/3626 3617/3617 3621/3621
f 3615/3615 3627/3627 3591/3591
f 3607/3607 3610/3610 3616/3616
f 3617/3617 3611/3611 3601/3601
f 3589/3589 3621/3621 3617/3617
f 3618/3618 3607/3607 3628/3628
f 3625/3625 3618/3618 3628/3628
f 3616/3616 3628/3628 3607/3607
f 3612/3612 3604/3604 3629/3629
f 3628/3628 3616/3616 3630/3630
f 3588/3588 3618/3618 3624/3624
f 3592/3592 3633/3633 3634/3634
f 3597/3597 3519/3519 3504/3504
f 3622/3622 3589/3589 3592/3592
f 3622/3622 3592/3592 3634/3634
f 3614/3614 3623/3623 3615/3615
f 3635/3635 3627/3627 3615/3615
f 3636/3636 3519/3519 3597/3597
f 3632/3632 3466/3466 3612/3612
f 3638/3638 3636/3636 3597/3597
f 3466/3466 3632/3632 3639/3639
f 3543/3543 3512/3512 3542/3542
f 3636/3636 3543/3543 3542/3542
f 3542/3542 3519/3519 3636/3636
f 3640/3640 3635/3635 3615/3615
f 3640/3640 3615/3615 3641/3641
f 3642/3642 3536/3536 3582/3582
f 3642/3642 3582/3582 3596/3596
f 3631/3631 3621/3621 3622/3622
f 3600/3600 3588/3588 3624/3624
f 3606/3606 3642/3642 3596/3596
f 3643/3643 3597/3597 3600/3600
f 3544/3544 3536/3536 3642/3642
f 3644/3644 3634/3634 3637/3637
f 3606/3606 3645/3645 3642/3642
f 3644/3644 3637/3637 3646/3646
f 3634/3634 3644/3644 3622/3622
f 3543/3543 3636/3636 3554/3554
f 3606/3606 3647/3647 3645/3645
f 3646/3646 3648/3648 3644/3644
f 3496/3496 3466/3466 3639/3639
f 3459/3459 3644/3644 3648/3648
f 3649/3649 3650/3650 3651/3651
f 3652/3652 3649/3649 3651/3651
f 3653/3653 3554/3554 3636/3636
f 3653/3653 3636/3636 3654/3654
f 3652/3652 3655/3655 3656/3656
f 3655/3655 3652/3652 3651/3651
f 3638/3638 3597/3597 3643/3643
f 3657/3657 3651/3651 3658/3658
f 3659/3659 3636/3636 3638/3638
f 3660/3660 3656/3656 3655/3655
f 3661/3661 3655/3655 3662/3662
f 3655/3655 3661/3661 3660/3660
f 3659/3659 3638/3638 3663/3663
f 3662/3662 3651/3651 3657/3657
f 3662/3662 3655/3655 3651/3651
f 3664/3664 3659/3659 3663/3663
f 3665/3665 3659/3659 3664/3664
f 3664/3664 3663/3663 3666/3666
f 3654/3654 3636/3636 3659/3659
f 3659/3659 3665/3665 3654/3654
f 3667/3667 3606/3606 3593/3593
f 3668/3668 3654/3654 3665/3665
f 3653/3653 3654/3654 3668/3668
f 3658/3658 3669/3669 3657/3657
f 3658/3658 3670/3670 3669/3669
f 3669/3669 3670/3670 3671/3671
f 3671/3671 3670/3670 3672/3672
f 3667/3667 3673/3673 3647/3647
f 3647/3647 3606/3606 3667/3667
f 3674/3674 3417/3417 3420/3420
f 3419/3419 3674/3674 3420/3420
f 3667/3667 3593/3593 3675/3675
f 3625/3625 3628/3628 3676/3676
f 3463/3463 3417/3417 3674/3674
f 3625/3625 3676/3676 3677/3677
f 3677/3677 3676/3676 3679/3679
f 3676/3676 3680/3680 3679/3679
f 3624/3624 3625/3625 3600/3600
f 3647/3647 3544/3544 3642/3642
f 3647/3647 3642/3642 3645/3645
f 3506/3506 3544/3544 3647/3647
f 3647/3647 3566/3566 3506/3506
f 3442/3442 3443/3443 3418/3418
f 3682/3682 3413/3413 3418/3418
f 3682/3682 3419/3419 3413/3413
f 3600/3600 3625/3625 3643/3643
f 3443/3443 3682/3682 3418/3418
f 3566/3566 3647/3647 3673/3673
f 3632/3632 3612/3612 3684/3684
f 3685/3685 3682/3682 3443/3443
f 3685/3685 3419/3419 3682/3682
f 3638/3638 3643/3643 3686/3686
f 3687/3687 3419/3419 3685/3685
f 3686/3686 3643/3643 3625/3625
f 3625/3625 3677/3677 3686/3686
f 3688/3688 3566/3566 3673/3673
f 3663/3663 3638/3638 3689/3689
f 3689/3689 3666/3666 3663/3663
f 3686/3686 3677/3677 3690/3690
f 3690/3690 3638/3638 3686/3686
f 3443/3443 3692/3692 3683/3683
f 3689/3689 3638/3638 3690/3690
f 3629/3629 3691/3691 3612/3612
f 3693/3693 3689/3689 3690/3690
f 3690/3690 3677/3677 3679/3679
f 3692/3692 3443/3443 3522/3522
f 3685/3685 3443/3443 3683/3683
f 3685/3685 3683/3683 3694/3694
f 3675/3675 3593/3593 3627/3627
f 3612/3612 3691/3691 3684/3684
f 3419/3419 3687/3687 3695/3695
f 3690/3690 3679/3679 3680/3680
f 3687/3687 3685/3685 3694/3694
f 3684/3684 3639/3639 3632/3632
f 3696/3696 3697/3697 3627/3627
f 3698/3698 3687/3687 3694/3694
f 3694/3694 3683/3683 3699/3699
f 3700/3700 3694/3694 3699/3699
f 3698/3698 3694/3694 3700/3700
f 3698/3698 3695/3695 3687/3687
f 3532/3532 3487/3487 3538/3538
f 3701/3701 3695/3695 3698/3698
f 3675/3675 3627/3627 3697/3697
f 3702/3702 3639/3639 3684/3684
f 3675/3675 3697/3697 3703/3703
f 3692/3692 3704/3704 3683/3683
f 3532/3532 3538/3538 3589/3589
f 3684/3684 3691/3691 3705/3705
f 3699/3699 3683/3683 3704/3704
f 3696/3696 3627/3627 3635/3635
f 3635/3635 3706/3706 3707/3707
f 3707/3707 3696/3696 3635/3635
f 3635/3635 3640/3640 3706/3706
f 3706/3706 3640/3640 3641/3641
f 3708/3708 3704/3704 3709/3709
f 3695/3695 3674/3674 3419/3419
f 3674/3674 3695/3695 3681/3681
f 3710/3710 3706/3706 3641/3641
f 3711/3711 3681/3681 3695/3695
f 3554/3554 3712/3712 3549/3549
f 3554/3554 3549/3549 3550/3550
f 3713/3713 3702/3702 3684/3684
f 3707/3707 3706/3706 3710/3710
f 3639/3639 3702/3702 3678/3678
f 3463/3463 3461/3461 3456/3456
f 3538/3538 3570/3570 3714/3714
f 3570/3570 3538/3538 3559/3559
f 3705/3705 3691/3691 3715/3715
f 3681/3681 3463/3463 3674/3674
f 3714/3714 3716/3716 3538/3538
f 3717/3717 3461/3461 3463/3463
f 3718/3718 3717/3717 3463/3463
f 3719/3719 3570/3570 3572/3572
f 3572/3572 3570/3570 3568/3568
f 3719/3719 3714/3714 3570/3570
f 3705/3705 3713/3713 3684/3684
f 3719/3719 3572/3572 3720/3720
f 3441/3441 3461/3461 3721/3721
f 3578/3578 3572/3572 3571/3571
f 3675/3675 3722/3722 3667/3667
f 3461/3461 3717/3717 3721/3721
f 3572/3572 3578/3578 3720/3720
f 2894/2894 2895/2895 3322/3322
f 2894/2894 3322/3322 3723/3723
f 3441/3441 3721/3721 3724/3724
f 3675/3675 3703/3703 3725/3725
f 3675/3675 3725/3725 3726/3726
f 3723/3723 3727/3727 2894/2894
f 3322/3322 3727/3727 3723/3723
f 3716/3716 3714/3714 3633/3633
f 3681/3681 3718/3718 3463/3463
f 3633/3633 3538/3538 3716/3716
f 3592/3592 3538/3538 3633/3633
f 3725/3725 3703/3703 3697/3697
f 3728/3728 3725/3725 3697/3697
f 3729/3729 3728/3728 3697/3697
f 3727/3727 2976/2976 2894/2894
f 3731/3731 3681/3681 3711/3711
f 3697/3697 3707/3707 3710/3710
f 3681/3681 3732/3732 3718/3718
f 3710/3710 3729/3729 3697/3697
f 3681/3681 3731/3731 3732/3732
f 3727/3727 3322/3322 3733/3733
f 3633/3633 3714/3714 3730/3730
f 3718/3718 3732/3732 3734/3734
f 3733/3733 2976/2976 3727/3727
f 3724/3724 3717/3717 3735/3735
f 3345/3345 3323/3323 3321/3321
f 3345/3345 3322/3322 3323/3323
f 3714/3714 3736/3736 3730/3730
f 3736/3736 3714/3714 3719/3719
f 3724/3724 3721/3721 3717/3717
f 3345/3345 3733/3733 3322/3322
f 3737/3737 3724/3724 3735/3735
f 3738/3738 3719/3719 3720/3720
f 3729/3729 3710/3710 3739/3739
f 3734/3734 3737/3737 3735/3735
f 3737/3737 3734/3734 3740/3740
f 3735/3735 3717/3717 3718/3718
f 3735/3735 3718/3718 3734/3734
f 3736/3736 3719/3719 3738/3738
f 3729/3729 3739/3739 3741/3741
f 3742/3742 3738/3738 3720/3720
f 3743/3743 3737/3737 3740/3740
f 3744/3744 3720/3720 3578/3578
f 3650/3650 3700/3700 3699/3699
f 3745/3745 3698/3698 3700/3700
f 3649/3649 3700/3700 3650/3650
f 3746/3746 3700/3700 3649/3649
f 3745/3745 3700/3700 3746/3746
f 3701/3701 3698/3698 3747/3747
f 3744/3744 3578/3578 3748/3748
f 3745/3745 3747/3747 3698/3698
f 3746/3746 3749/3749 3745/3745
f 3742/3742 3720/3720 3744/3744
f 3749/3749 3747/3747 3745/3745
f 3750/3750 3747/3747 3749/3749
f 3580/3580 3578/3578 3540/3540
f 3699/3699 3704/3704 3650/3650
f 3651/3651 3650/3650 3704/3704
f 3652/3652 3746/3746 3649/3649
f 3236/3236 3240/3240 3751/3751
f 3704/3704 3708/3708 3658/3658
f 3651/3651 3704/3704 3658/3658
f 3569/3569 3236/3236 3751/3751
f 3731/3731 3695/3695 3701/3701
f 3731/3731 3711/3711 3695/3695
f 3753/3753 3345/3345 3408/3408
f 3712/3712 3580/3580 3549/3549
f 3754/3754 3733/3733 3345/3345
f 3701/3701 3747/3747 3750/3750
f 3755/3755 3731/3731 3701/3701
f 3748/3748 3578/3578 3756/3756
f 3754/3754 2976/2976 3733/3733
f 3580/3580 3756/3756 3578/3578
f 3656/3656 3757/3757 3749/3749
f 3573/3573 3569/3569 3585/3585
f 3758/3758 3585/3585 3569/3569
f 3749/3749 3757/3757 3750/3750
f 3656/3656 3759/3759 3757/3757
f 2976/2976 3754/3754 3760/3760
f 3759/3759 3656/3656 3761/3761
f 3759/3759 3750/3750 3757/3757
f 3760/3760 2981/2981 2976/2976
f 3762/3762 3750/3750 3759/3759
f 3652/3652 3656/3656 3746/3746
f 3749/3749 3746/3746 3656/3656
f 3656/3656 3660/3660 3761/3761
f 3763/3763 3761/3761 3660/3660
f 3764/3764 3701/3701 3750/3750
f 3756/3756 3580/3580 3712/3712
f 3764/3764 3755/3755 3701/3701
f 3253/3253 3265/3265 3263/3263
f 3764/3764 3750/3750 3765/3765
f 3766/3766 3754/3754 3345/3345
f 3750/3750 3762/3762 3765/3765
f 3755/3755 3764/3764 3767/3767
f 3408/3408 3428/3428 3753/3753
f 3766/3766 3345/3345 3753/3753
f 3768/3768 3263/3263 3265/3265
f 3633/3633 3730/3730 3634/3634
f 3766/3766 3753/3753 3428/3428
f 3634/3634 3730/3730 3736/3736
f 3634/3634 3736/3736 3769/3769
f 3770/3770 3766/3766 3428/3428
f 3738/3738 3769/3769 3736/3736
f 3263/3263 3768/3768 3772/3772
f 3768/3768 3773/3773 3772/3772
f 3734/3734 3732/3732 3740/3740
f 3738/3738 3646/3646 3769/3769
f 3774/3774 3740/3740 3732/3732
f 3775/3775 3774/3774 3732/3732
f 3774/3774 3743/3743 3740/3740
f 3646/3646 3738/3738 3742/3742
f 3637/3637 3634/3634 3769/3769
f 3770/3770 3428/3428 3565/3565
f 3775/3775 3732/3732 3771/3771
f 3240/3240 3244/3244 3751/3751
f 3754/3754 3766/3766 3760/3760
f 3770/3770 3760/3760 3766/3766
f 3777/3777 3774/3774 3775/3775
f 3263/3263 3772/3772 3244/3244
f 3751/3751 3244/3244 3772/3772
f 3751/3751 3772/3772 3752/3752
f 3778/3778 3775/3775 3771/3771
f 3778/3778 3777/3777 3775/3775
f 3744/3744 3748/3748 3776/3776
f 3744/3744 3776/3776 3742/3742
f 3449/3449 3742/3742 3776/3776
f 3760/3760 3770/3770 3779/3779
f 3780/3780 3732/3732 3731/3731
f 3755/3755 3780/3780 3731/3731
f 3771/3771 3732/3732 3780/3780
f 3637/3637 3769/3769 3646/3646
f 3648/3648 3646/3646 3742/3742
f 3437/3437 3444/3444 3425/3425
f 3781/3781 3780/3780 3755/3755
f 3772/3772 3758/3758 3752/3752
f 3781/3781 3771/3771 3780/3780
f 3773/3773 3758/3758 3772/3772
f 3767/3767 3781/3781 3755/3755
f 3648/3648 3742/3742 3449/3449
f 3758/3758 3751/3751 3752/3752
f 3448/3448 3648/3648 3449/3449
f 3778/3778 3771/3771 3781/3781
f 3758/3758 3569/3569 3751/3751
f 3783/3783 3778/3778 3781/3781
f 3455/3455 3776/3776 3748/3748
f 3455/3455 3748/3748 3453/3453
f 3776/3776 3455/3455 3449/3449
f 3782/3782 3444/3444 3437/3437
f 3459/3459 3648/3648 3448/3448
f 3773/3773 3784/3784 3758/3758
f 3443/3443 3445/3445 3522/3522
f 3785/3785 3748/3748 3756/3756
f 3786/3786 3784/3784 3773/3773
f 3787/3787 3785/3785 3756/3756
f 3782/3782 3788/3788 3444/3444
f 3522/3522 3523/3523 3789/3789
f 3790/3790 3785/3785 3787/3787
f 3585/3585 3758/3758 3791/3791
f 3712/3712 3792/3792 3756/3756
f 3692/3692 3522/3522 3709/3709
f 3522/3522 3793/3793 3709/3709
f 3704/3704 3692/3692 3709/3709
f 3579/3579 3585/3585 3595/3595
f 3794/3794 3709/3709 3793/3793
f 3795/3795 3756/3756 3792/3792
f 3595/3595 3585/3585 3791/3791
f 3748/3748 3785/3785 3453/3453
f 3790/3790 3453/3453 3785/3785
f 3787/3787 3453/3453 3790/3790
f 3793/3793 3522/3522 3796/3796
f 3797/3797 3793/3793 3796/3796
f 3798/3798 3793/3793 3797/3797
f 3794/3794 3793/3793 3798/3798
f 3784/3784 3791/3791 3758/3758
f 3760/3760 3779/3779 2981/2981
f 3482/3482 3787/3787 3756/3756
f 3453/3453 3787/3787 3482/3482
f 2981/2981 3779/3779 2985/2985
f 3799/3799 3789/3789 3523/3523
f 3795/3795 3792/3792 3800/3800
f 3482/3482 3756/3756 3795/3795
f 3789/3789 3799/3799 3801/3801
f 3802/3802 3789/3789 3801/3801
f 3482/3482 3795/3795 3492/3492
f 3799/3799 3523/3523 3803/3803
f 3492/3492 3795/3795 3498/3498
f 3804/3804 3712/3712 3554/3554
f 3805/3805 3554/3554 3653/3653
f 3803/3803 3806/3806 3799/3799
f 3806/3806 3803/3803 3808/3808
f 3798/3798 3797/3797 3796/3796
f 3805/3805 3804/3804 3554/3554
f 3796/3796 3522/3522 3789/3789
f 3796/3796 3789/3789 3809/3809
f 3533/3533 3810/3810 3530/3530
f 3809/3809 3789/3789 3802/3802
f 3807/3807 3595/3595 3791/3791
f 3539/3539 3810/3810 3533/3533
f 3539/3539 3533/3533 3534/3534
f 3805/3805 3653/3653 3811/3811
f 3811/3811 3653/3653 3668/3668
f 3809/3809 3802/3802 3801/3801
f 3551/3551 3539/3539 3537/3537
f 3668/3668 3665/3665 3811/3811
f 3812/3812 3796/3796 3809/3809
f 3665/3665 3664/3664 3666/3666
f 3809/3809 3801/3801 3812/3812
f 3811/3811 3665/3665 3813/3813
f 3813/3813 3665/3665 3666/3666
f 3813/3813 3666/3666 3814/3814
f 3812/3812 3801/3801 3815/3815
f 3806/3806 3801/3801 3799/3799
f 3816/3816 3801/3801 3806/3806
f 3801/3801 3816/3816 3817/3817
f 3805/3805 3811/3811 3813/3813
f 3818/3818 3816/3816 3819/3819
f 3437/3437 3530/3530 3782/3782
f 3816/3816 3806/3806 3819/3819
f 3805/3805 3813/3813 3820/3820
f 3821/3821 3333/3333 3326/3326
f 3782/3782 3530/3530 3810/3810
f 3815/3815 3801/3801 3817/3817
f 3374/3374 3371/3371 3528/3528
f 3816/3816 3822/3822 3817/3817
f 3374/3374 3528/3528 3823/3823
f 3605/3605 3803/3803 3523/3523
f 3374/3374 3823/3823 3376/3376
f 3824/3824 3804/3804 3805/3805
f 3825/3825 3709/3709 3794/3794
f 3708/3708 3709/3709 3825/3825
f 3826/3826 3823/3823 3827/3827
f 3825/3825 3794/3794 3828/3828
f 3827/3827 3823/3823 3528/3528
f 3824/3824 3805/3805 3820/3820
f 3824/3824 3820/3820 3829/3829
f 3823/3823 3826/3826 3376/3376
f 3386/3386 3376/3376 3826/3826
f 3670/3670 3658/3658 3708/3708
f 3828/3828 3672/3672 3825/3825
f 3670/3670 3708/3708 3825/3825
f 3827/3827 3830/3830 3826/3826
f 3814/3814 3666/3666 3831/3831
f 3831/3831 3666/3666 3689/3689
f 3832/3832 3826/3826 3830/3830
f 3833/3833 3689/3689 3693/3693
f 3833/3833 3831/3831 3689/3689
f 3828/3828 3794/3794 3798/3798
f 3834/3834 3831/3831 3833/3833
f 3835/3835 3834/3834 3833/3833
f 3828/3828 3798/3798 3836/3836
f 3835/3835 3833/3833 3837/3837
f 3531/3531 3827/3827 3528/3528
f 3814/3814 3831/3831 3838/3838
f 3820/3820 3813/3813 3814/3814
f 3820/3820 3814/3814 3838/3838
f 3827/3827 3839/3839 3830/3830
f 3838/3838 3831/3831 3834/3834
f 3839/3839 3531/3531 3553/3553
f 3693/3693 3690/3690 3840/3840
f 3670/3670 3825/3825 3672/3672
f 3839/3839 3827/3827 3531/3531
f 3840/3840 3833/3833 3693/3693
f 3840/3840 3690/3690 3842/3842
f 3810/3810 3843/3843 3782/3782
f 3844/3844 3830/3830 3839/3839
f 3845/3845 3833/3833 3840/3840
f 3539/3539 3846/3846 3810/3810
f 3845/3845 3837/3837 3833/3833
f 3828/3828 3836/3836 3847/3847
f 3840/3840 3848/3848 3845/3845
f 3848/3848 3840/3840 3842/3842
f 3672/3672 3828/3828 3847/3847
f 3849/3849 3820/3820 3838/3838
f 3850/3850 3834/3834 3835/3835
f 3798/3798 3796/3796 3812/3812
f 3849/3849 3838/3838 3834/3834
f 3849/3849 3834/3834 3850/3850
f 3539/3539 3851/3851 3846/3846
f 3821/3821 3326/3326 3397/3397
f 3812/3812 3836/3836 3798/3798
f 3853/3853 3397/3397 3385/3385
f 3547/3547 3551/3551 3545/3545
f 3551/3551 3547/3547 3539/3539
f 3826/3826 3852/3852 3386/3386
f 3850/3850 3835/3835 3837/3837
f 3815/3815 3854/3854 3855/3855
f 3837/3837 3845/3845 3848/3848
f 3837/3837 3848/3848 3856/3856
f 3856/3856 3848/3848 3857/3857
f 3850/3850 3837/3837 3856/3856
f 3858/3858 3850/3850 3856/3856
f 3815/3815 3817/3817 3822/3822
f 3852/3852 3826/3826 3832/3832
f 3854/3854 3822/3822 3816/3816
f 3832/3832 3830/3830 3844/3844
f 3815/3815 3822/3822 3854/3854
f 3844/3844 3859/3859 3860/3860
f 3861/3861 3850/3850 3858/3858
f 3836/3836 3812/3812 3862/3862
f 3863/3863 3812/3812 3815/3815
f 3864/3864 3824/3824 3829/3829
f 3863/3863 3862/3862 3812/3812
f 3836/3836 3862/3862 3865/3865
f 3847/3847 3836/3836 3865/3865
f 3829/3829 3866/3866 3864/3864
f 3867/3867 3864/3864 3866/3866
f 3639/3639 3547/3547 3496/3496
f 3869/3869 3867/3867 3866/3866
f 3397/3397 3853/3853 3868/3868
f 3829/3829 3820/3820 3849/3849
f 3829/3829 3849/3849 3866/3866
f 3832/3832 3844/3844 3860/3860
f 3870/3870 3863/3863 3815/3815
f 3870/3870 3815/3815 3855/3855
f 3871/3871 3866/3866 3850/3850
f 3555/3555 3839/3839 3553/3553
f 3850/3850 3866/3866 3849/3849
f 3555/3555 3872/3872 3839/3839
f 3873/3873 3863/3863 3870/3870
f 3872/3872 3555/3555 3556/3556
f 3661/3661 3874/3874 3660/3660
f 3560/3560 3872/3872 3556/3556
f 3763/3763 3660/3660 3874/3874
f 3859/3859 3844/3844 3839/3839
f 3861/3861 3858/3858 3875/3875
f 3839/3839 3872/3872 3859/3859
f 3874/3874 3662/3662 3657/3657
f 3874/3874 3661/3661 3662/3662
f 3876/3876 3874/3874 3669/3669
f 3851/3851 3539/3539 3547/3547
f 3878/3878 3879/3879 3880/3880
f 3872/3872 3881/3881 3859/3859
f 3874/3874 3876/3876 3878/3878
f 3878/3878 3763/3763 3874/3874
f 3878/3878 3876/3876 3879/3879
f 3861/3861 3882/3882 3883/3883
f 3884/3884 3879/3879 3876/3876
f 3880/3880 3879/3879 3885/3885
f 3885/3885 3879/3879 3884/3884
f 3885/3885 3884/3884 3886/3886
f 3887/3887 3560/3560 3566/3566
f 3850/3850 3861/3861 3889/3889
f 3613/3613 3850/3850 3889/3889
f 3890/3890 3560/3560 3887/3887
f 3881/3881 3872/3872 3560/3560
f 3891/3891 3892/3892 3885/3885
f 3861/3861 3883/3883 3889/3889
f 3881/3881 3560/3560 3890/3890
f 3657/3657 3669/3669 3874/3874
f 3881/3881 3890/3890 3893/3893
f 3613/3613 3889/3889 3619/3619
f 3619/3619 3889/3889 3883/3883
f 3619/3619 3883/3883 3894/3894
f 3669/3669 3671/3671 3895/3895
f 3877/3877 3860/3860 3859/3859
f 3712/3712 3804/3804 3824/3824
f 3896/3896 3669/3669 3895/3895
f 3669/3669 3896/3896 3876/3876
f 3712/3712 3824/3824 3792/3792
f 3782/3782 3843/3843 3897/3897
f 3841/3841 3782/3782 3897/3897
f 3397/3397 3868/3868 3898/3898
f 3896/3896 3895/3895 3671/3671
f 3860/3860 3900/3900 3832/3832
f 3860/3860 3877/3877 3900/3900
f 3899/3899 3832/3832 3900/3900
f 3901/3901 3671/3671 3672/3672
f 3672/3672 3847/3847 3901/3901
f 3810/3810 3846/3846 3843/3843
f 3792/3792 3824/3824 3902/3902
f 3903/3903 3792/3792 3902/3902
f 3800/3800 3792/3792 3903/3903
f 3904/3904 3671/3671 3901/3901
f 3905/3905 3877/3877 3859/3859
f 3900/3900 3877/3877 3905/3905
f 3884/3884 3876/3876 3906/3906
f 3886/3886 3884/3884 3906/3906
f 3896/3896 3906/3906 3876/3876
f 3903/3903 3902/3902 3907/3907
f 3908/3908 3903/3903 3907/3907
f 3908/3908 3907/3907 3909/3909
f 3886/3886 3906/3906 3910/3910
f 3824/3824 3907/3907 3902/3902
f 3907/3907 3824/3824 3864/3864
f 3881/3881 3893/3893 3859/3859
f 3864/3864 3909/3909 3907/3907
f 3671/3671 3906/3906 3896/3896
f 3911/3911 3912/3912 3886/3886
f 3910/3910 3911/3911 3886/3886
f 3886/3886 3912/3912 3913/3913
f 3914/3914 3908/3908 3909/3909
f 3900/3900 3905/3905 3915/3915
f 3909/3909 3864/3864 3867/3867
f 3909/3909 3867/3867 3869/3869
f 3859/3859 3917/3917 3905/3905
f 3918/3918 3869/3869 3866/3866
f 3903/3903 3919/3919 3800/3800
f 3919/3919 3903/3903 3908/3908
f 3910/3910 3906/3906 3671/3671
f 3910/3910 3671/3671 3904/3904
f 3920/3920 3910/3910 3904/3904
f 3919/3919 3908/3908 3914/3914
f 3498/3498 3795/3795 3921/3921
f 3921/3921 3795/3795 3800/3800
f 3921/3921 3800/3800 3919/3919
f 3911/3911 3910/3910 3920/3920
f 3922/3922 3911/3911 3920/3920
f 3498/3498 3921/3921 3575/3575
f 3575/3575 3919/3919 3914/3914
f 3921/3921 3919/3919 3575/3575
f 3918/3918 3914/3914 3909/3909
f 3918/3918 3909/3909 3869/3869
f 3920/3920 3904/3904 3925/3925
f 3904/3904 3923/3923 3925/3925
f 3265/3265 3924/3924 3768/3768
f 3583/3583 3575/3575 3914/3914
f 3924/3924 3265/3265 3333/3333
f 3925/3925 3927/3927 3920/3920
f 3914/3914 3918/3918 3928/3928
f 3851/3851 3926/3926 3846/3846
f 3821/3821 3924/3924 3333/3333
f 3918/3918 3929/3929 3928/3928
f 3590/3590 3928/3928 3929/3929
f 3583/3583 3928/3928 3590/3590
f 3583/3583 3914/3914 3928/3928
f 3871/3871 3918/3918 3866/3866
f 3591/3591 3871/3871 3850/3850
f 3929/3929 3918/3918 3871/3871
f 3912/3912 3930/3930 3931/3931
f 3932/3932 3931/3931 3930/3930
f 3929/3929 3871/3871 3591/3591
f 3590/3590 3929/3929 3591/3591
f 3933/3933 3930/3930 3922/3922
f 3935/3935 3913/3913 3912/3912
f 3924/3924 3936/3936 3768/3768
f 3913/3913 3885/3885 3886/3886
f 3591/3591 3850/3850 3613/3613
f 3773/3773 3768/3768 3936/3936
f 3931/3931 3935/3935 3912/3912
f 3786/3786 3773/3773 3936/3936
f 3935/3935 3891/3891 3913/3913
f 3891/3891 3885/3885 3913/3913
f 3911/3911 3930/3930 3912/3912
f 3937/3937 1162/1162 1161/1161
f 1167/1167 3937/3937 1161/1161
f 3932/3932 3935/3935 3931/3931
f 3891/3891 3935/3935 3932/3932
f 3851/3851 3547/3547 3939/3939
f 3938/3938 3891/3891 3932/3932
f 3939/3939 3547/3547 3888/3888
f 3922/3922 3930/3930 3911/3911
f 3891/3891 3938/3938 3940/3940
f 3924/3924 3786/3786 3936/3936
f 3851/3851 3939/3939 3941/3941
f 3942/3942 1167/1167 1215/1215
f 3922/3922 3920/3920 3943/3943
f 3944/3944 3942/3942 1215/1215
f 3943/3943 3945/3945 3922/3922
f 3947/3947 3945/3945 3943/3943
f 3948/3948 3932/3932 3930/3930
f 3786/3786 3924/3924 3821/3821
f 3948/3948 3930/3930 3949/3949
f 3949/3949 3930/3930 3933/3933
f 3950/3950 3948/3948 3949/3949
f 3951/3951 3949/3949 3934/3934
f 3951/3951 3950/3950 3949/3949
f 3933/3933 3922/3922 3945/3945
f 3946/3946 3951/3951 3934/3934
f 3944/3944 1215/1215 1218/1218
f 3932/3932 3948/3948 3938/3938
f 3938/3938 3948/3948 3950/3950
f 3940/3940 3938/3938 3952/3952
f 3950/3950 3951/3951 3953/3953
f 3954/3954 3953/3953 3951/3951
f 3955/3955 3938/3938 3950/3950
f 3956/3956 3950/3950 3953/3953
f 3955/3955 3957/3957 3938/3938
f 3938/3938 3957/3957 3952/3952
f 3957/3957 3958/3958 3952/3952
f 3955/3955 3950/3950 3956/3956
f 3957/3957 3955/3955 3956/3956
f 3956/3956 3959/3959 3957/3957
f 3954/3954 3951/3951 3946/3946
f 3784/3784 3786/3786 3960/3960
f 3945/3945 3947/3947 3962/3962
f 3964/3964 3946/3946 3963/3963
f 3821/3821 3397/3397 3786/3786
f 3946/3946 3964/3964 3954/3954
f 3965/3965 3954/3954 3964/3964
f 3966/3966 3944/3944 1218/1218
f 3953/3953 3954/3954 3965/3965
f 3965/3965 3956/3956 3953/3953
f 3956/3956 3965/3965 3967/3967
f 3968/3968 3944/3944 3966/3966
f 3969/3969 3968/3968 3966/3966
f 3956/3956 3967/3967 3959/3959
f 3397/3397 3960/3960 3786/3786
f 3927/3927 3943/3943 3920/3920
f 3970/3970 1218/1218 1217/1217
f 1217/1217 3971/3971 3970/3970
f 3961/3961 3971/3971 1217/1217
f 3972/3972 1218/1218 3971/3971
f 1218/1218 3970/3970 3971/3971
f 3966/3966 1218/1218 3972/3972
f 3962/3962 3947/3947 3974/3974
f 3947/3947 3975/3975 3974/3974
f 3927/3927 3975/3975 3943/3943
f 3947/3947 3943/3943 3975/3975
f 3972/3972 3971/3971 3976/3976
f 3974/3974 3975/3975 3978/3978
f 3977/3977 3979/3979 3973/3973
f 3979/3979 3977/3977 3980/3980
f 1217/1217 1221/1221 3961/3961
f 3927/3927 3136/3136 3975/3975
f 3981/3981 3961/3961 1221/1221
f 3960/3960 3397/3397 3982/3982
f 1233/1233 3981/3981 1221/1221
f 3975/3975 3136/3136 3978/3978
f 3978/3978 3136/3136 3140/3140
f 3982/3982 3784/3784 3960/3960
f 3983/3983 3981/3981 1233/1233
f 3973/3973 3964/3964 3963/3963
f 3973/3973 3979/3979 3964/3964
f 3964/3964 3979/3979 3965/3965
f 3983/3983 1233/1233 1236/1236
f 3985/3985 1236/1236 3986/3986
f 3987/3987 3985/3985 3986/3986
f 3965/3965 3979/3979 3988/3988
f 3762/3762 3759/3759 3989/3989
f 3759/3759 3761/3761 3763/3763
f 3983/3983 1236/1236 3985/3985
f 3983/3983 3985/3985 3990/3990
f 3880/3880 3989/3989 3759/3759
f 3991/3991 3981/3981 3983/3983
f 3878/3878 3759/3759 3763/3763
f 3759/3759 3878/3878 3880/3880
f 3981/3981 3971/3971 3961/3961
f 3992/3992 3989/3989 3880/3880
f 3971/3971 3981/3981 3976/3976
f 3991/3991 3976/3976 3981/3981
f 3791/3791 3993/3993 3807/3807
f 3993/3993 3791/3791 3784/3784
f 3762/3762 3989/3989 3765/3765
f 3765/3765 3989/3989 3994/3994
f 3989/3989 3995/3995 3994/3994
f 3926/3926 3851/3851 3941/3941
f 3996/3996 3764/3764 3765/3765
f 3994/3994 3996/3996 3765/3765
f 3989/3989 3992/3992 3995/3995
f 3997/3997 3983/3983 3990/3990
f 3991/3991 3983/3983 3997/3997
f 3992/3992 3880/3880 3892/3892
f 3892/3892 3880/3880 3885/3885
f 3900/3900 3915/3915 3899/3899
f 3998/3998 3969/3969 3966/3966
f 3999/3999 3968/3968 3969/3969
f 3916/3916 3397/3397 3898/3898
f 3969/3969 3998/3998 3999/3999
f 3996/3996 3994/3994 3995/3995
f 4001/4001 3996/3996 3995/3995
f 4002/4002 3996/3996 4001/4001
f 4003/4003 3915/3915 3905/3905
f 3998/3998 3966/3966 3972/3972
f 4001/4001 3995/3995 3992/3992
f 4001/4001 3992/3992 3892/3892
f 3916/3916 3982/3982 3397/3397
f 3982/3982 3916/3916 3984/3984
f 4005/4005 4001/4001 3892/3892
f 3984/3984 3916/3916 4004/4004
f 4006/4006 3926/3926 4007/4007
f 4007/4007 3926/3926 3941/3941
f 3122/3122 3121/3121 3778/3778
f 3999/3999 3998/3998 4008/4008
f 3998/3998 3972/3972 4008/4008
f 4009/4009 3767/3767 3764/3764
f 4009/4009 3781/3781 3767/3767
f 3807/3807 3599/3599 3595/3595
f 4010/4010 4011/4011 3999/3999
f 3999/3999 4008/4008 4010/4010
f 4009/4009 3783/3783 3781/3781
f 3599/3599 3807/3807 3993/3993
f 3996/3996 4009/4009 3764/3764
f 3976/3976 4008/4008 3972/3972
f 4008/4008 3976/3976 4012/4012
f 4012/4012 3976/3976 3991/3991
f 4012/4012 4013/4013 4008/4008
f 4014/4014 3783/3783 4009/4009
f 3783/3783 4015/4015 3778/3778
f 4014/4014 4015/4015 3783/3783
f 3778/3778 4015/4015 3122/3122
f 3629/3629 3604/3604 3599/3599
f 3169/3169 3122/3122 4015/4015
f 3688/3688 3667/3667 3722/3722
f 4014/4014 4009/4009 3996/3996
f 4016/4016 3996/3996 4002/4002
f 3991/3991 3997/3997 4017/4017
f 4018/4018 4006/4006 4007/4007
f 3996/3996 4019/4019 4014/4014
f 4014/4014 4019/4019 4020/4020
f 4016/4016 4019/4019 3996/3996
f 4021/4021 3991/3991 4017/4017
f 4021/4021 4017/4017 4022/4022
f 3566/3566 3688/3688 3887/3887
f 4021/4021 4012/4012 3991/3991
f 4018/4018 4007/4007 4023/4023
f 4013/4013 4012/4012 4021/4021
f 4014/4014 4020/4020 4015/4015
f 4023/4023 4024/4024 4018/4018
f 3120/3120 4015/4015 4020/4020
f 4025/4025 3890/3890 3887/3887
f 3120/3120 3169/3169 4015/4015
f 3893/3893 3890/3890 4025/4025
f 4026/4026 3120/3120 4020/4020
f 3120/3120 4026/4026 3173/3173
f 3688/3688 3673/3673 3667/3667
f 4010/4010 4008/4008 4013/4013
f 3222/3222 3173/3173 4026/4026
f 4000/4000 3892/3892 3891/3891
f 4029/4029 3891/3891 3940/3940
f 3891/3891 4029/4029 4000/4000
f 4030/4030 4024/4024 4023/4023
f 3887/3887 3688/3688 4025/4025
f 4010/4010 4013/4013 4028/4028
f 3565/3565 3428/3428 3422/3422
f 4025/4025 3688/3688 4031/4031
f 4005/4005 3892/3892 4000/4000
f 4029/4029 4005/4005 4000/4000
f 3564/3564 3426/3426 3427/3427
f 4021/4021 4028/4028 4013/4013
f 3893/3893 3917/3917 3859/3859
f 4028/4028 4021/4021 4033/4033
f 4005/4005 4002/4002 4001/4001
f 4016/4016 4002/4002 4005/4005
f 4034/4034 4016/4016 4005/4005
f 3427/3427 4035/4035 3564/3564
f 4036/4036 4005/4005 4037/4037
f 3427/3427 3444/3444 4035/4035
f 4037/4037 4005/4005 4029/4029
f 4003/4003 3905/3905 3917/3917
f 4036/4036 4034/4034 4005/4005
f 4034/4034 4036/4036 4038/4038
f 4039/4039 4029/4029 3940/3940
f 4038/4038 4036/4036 4037/4037
f 4038/4038 4037/4037 4029/4029
f 4029/4029 4039/4039 4038/4038
f 4025/4025 4031/4031 4032/4032
f 4025/4025 4032/4032 3893/3893
f 3893/3893 4032/4032 4040/4040
f 3893/3893 4041/4041 3917/3917
f 4042/4042 3564/3564 4035/4035
f 4043/4043 4038/4038 4039/4039
f 3770/3770 3564/3564 4042/4042
f 3893/3893 4040/4040 4041/4041
f 4034/4034 4044/4044 4045/4045
f 4034/4034 4038/4038 4044/4044
f 4044/4044 4046/4046 4045/4045
f 3688/3688 3722/3722 4031/4031
f 4047/4047 4028/4028 4033/4033
f 4047/4047 4033/4033 4048/4048
f 3722/3722 3675/3675 3726/3726
f 4020/4020 4045/4045 4049/4049
f 3770/3770 4042/4042 4035/4035
f 4050/4050 3726/3726 3725/3725
f 4020/4020 4019/4019 4045/4045
f 4051/4051 4048/4048 4052/4052
f 4048/4048 4051/4051 4047/4047
f 4045/4045 4019/4019 4016/4016
f 4016/4016 4034/4034 4045/4045
f 4032/4032 4031/4031 3722/3722
f 3610/3610 1007/1007 1246/1246
f 4049/4049 4027/4027 4020/4020
f 4053/4053 3610/3610 1246/1246
f 3722/3722 3726/3726 4050/4050
f 4032/4032 3722/3722 4050/4050
f 3616/3616 3610/3610 4054/4054
f 3610/3610 4053/4053 4054/4054
f 4026/4026 4020/4020 4027/4027
f 3728/3728 3741/3741 4055/4055
f 3222/3222 4026/4026 4027/4027
f 3725/3725 3728/3728 4050/4050
f 4054/4054 4053/4053 4056/4056
f 4050/4050 3728/3728 4055/4055
f 4050/4050 4055/4055 3741/3741
f 4057/4057 3222/3222 4027/4027
f 3741/3741 3728/3728 3729/3729
f 3225/3225 3222/3222 4057/4057
f 4035/4035 3444/3444 3788/3788
f 4053/4053 1246/1246 1249/1249
f 4049/4049 4045/4045 4058/4058
f 4049/4049 4058/4058 4059/4059
f 4060/4060 4053/4053 1249/1249
f 4045/4045 4046/4046 4058/4058
f 4057/4057 4027/4027 4049/4049
f 3630/3630 3616/3616 4054/4054
f 3225/3225 4057/4057 3229/3229
f 3676/3676 3628/3628 3630/3630
f 4061/4061 3229/3229 4057/4057
f 4057/4057 4049/4049 4059/4059
f 3676/3676 3630/3630 4054/4054
f 3676/3676 4054/4054 4056/4056
f 3841/3841 3788/3788 3782/3782
f 4040/4040 4032/4032 4062/4062
f 4062/4062 4063/4063 4040/4040
f 4064/4064 4040/4040 4063/4063
f 3901/3901 3847/3847 3865/3865
f 4056/4056 4053/4053 4060/4060
f 4032/4032 4050/4050 4062/4062
f 4065/4065 4050/4050 4066/4066
f 4062/4062 4050/4050 4065/4065
f 3904/3904 3865/3865 3862/3862
f 3770/3770 4067/4067 3779/3779
f 3904/3904 3901/3901 3865/3865
f 4068/4068 4067/4067 3770/3770
f 4062/4062 4065/4065 4063/4063
f 3923/3923 3904/3904 3862/3862
f 4069/4069 3862/3862 3863/3863
f 3942/3942 1249/1249 3937/3937
f 4060/4060 1249/1249 3942/3942
f 4069/4069 4070/4070 3862/3862
f 1162/1162 3937/3937 1249/1249
f 4071/4071 3779/3779 4067/4067
f 4069/4069 3863/3863 3873/3873
f 4069/4069 3873/3873 4070/4070
f 3862/3862 4070/4070 3923/3923
f 4035/4035 4072/4072 3770/3770
f 3923/3923 4070/4070 3925/3925
f 3942/3942 3937/3937 1167/1167
f 4068/4068 3770/3770 4072/4072
f 4073/4073 3925/3925 4070/4070
f 4073/4073 4070/4070 4074/4074
f 3984/3984 4075/4075 3982/3982
f 4076/4076 4060/4060 3942/3942
f 3925/3925 4073/4073 4077/4077
f 4078/4078 4075/4075 3984/3984
f 4072/4072 4035/4035 3788/3788
f 3927/3927 3925/3925 4077/4077
f 4079/4079 4056/4056 4060/4060
f 4080/4080 4083/4083 4078/4078
f 4079/4079 4084/4084 4056/4056
f 4079/4079 4060/4060 4076/4076
f 2985/2985 3779/3779 4085/4085
f 3952/3952 3958/3958 3940/3940
f 3958/3958 4039/4039 3940/3940
f 4086/4086 3958/3958 3957/3957
f 4087/4087 4088/4088 4082/4082
f 3958/3958 4090/4090 4039/4039
f 4076/4076 3942/3942 3944/3944
f 4085/4085 3779/3779 4071/4071
f 3959/3959 3967/3967 4091/4091
f 3676/3676 4056/4056 4084/4084
f 4091/4091 4092/4092 3959/3959
f 3982/3982 3993/3993 3784/3784
f 3136/3136 3927/3927 4077/4077
f 3980/3980 3977/3977 3139/3139
f 3139/3139 3148/3148 3980/3980
f 4071/4071 4067/4067 4068/4068
f 4071/4071 4068/4068 4072/4072
f 3988/3988 3967/3967 3965/3965
f 3993/3993 3982/3982 4075/4075
f 4094/4094 4085/4085 4071/4071
f 4093/4093 4071/4071 4072/4072
f 3988/3988 3979/3979 3980/3980
f 4095/4095 3988/3988 3980/3980
f 3980/3980 3148/3148 4095/4095
f 4096/4096 3988/3988 4095/4095
f 4093/4093 4072/4072 4097/4097
f 4096/4096 3967/3967 3988/3988
f 3599/3599 3993/3993 3629/3629
f 3897/3897 4072/4072 3788/3788
f 4099/4099 4098/4098 3680/3680
f 3153/3153 4095/4095 3148/3148
f 4096/4096 4095/4095 3153/3153
f 3680/3680 3676/3676 4099/4099
f 4099/4099 3676/3676 4084/4084
f 3993/3993 4075/4075 3629/3629
f 4075/4075 4100/4100 3629/3629
f 4097/4097 4072/4072 3897/3897
f 4097/4097 3897/3897 4102/4102
f 4103/4103 4091/4091 3967/3967
f 4099/4099 4084/4084 4104/4104
f 4103/4103 3967/3967 4101/4101
f 3200/3200 3967/3967 4096/4096
f 3200/3200 4096/4096 3153/3153
f 4078/4078 4105/4105 4075/4075
f 4078/4078 4083/4083 4105/4105
f 4101/4101 3967/3967 3200/3200
f 3788/3788 3841/3841 3897/3897
f 4105/4105 4083/4083 4089/4089
f 4105/4105 4089/4089 4100/4100
f 4084/4084 4079/4079 4106/4106
f 4100/4100 4075/4075 4105/4105
f 4103/4103 4101/4101 3198/3198
f 4079/4079 4076/4076 4106/4106
f 4106/4106 4076/4076 3944/3944
f 4101/4101 3200/3200 3232/3232
f 3200/3200 3196/3196 3232/3232
f 4107/4107 4101/4101 3232/3232
f 3917/3917 4082/4082 4081/4081
f 4081/4081 4003/4003 3917/3917
f 4108/4108 3198/3198 4107/4107
f 4107/4107 3198/3198 4101/4101
f 4106/4106 3944/3944 3968/3968
f 4109/4109 4106/4106 3968/3968
f 3231/3231 4107/4107 3232/3232
f 3984/3984 4004/4004 4080/4080
f 3231/3231 4108/4108 4107/4107
f 4080/4080 4078/4078 3984/3984
f 3917/3917 4087/4087 4082/4082
f 4087/4087 3917/3917 4041/4041
f 4108/4108 3231/3231 3206/3206
f 3198/3198 4108/4108 3203/3203
f 3203/3203 4108/4108 3206/3206
f 4041/4041 4040/4040 4064/4064
f 3803/3803 3605/3605 4110/4110
f 4104/4104 4084/4084 4111/4111
f 3808/3808 3803/3803 4110/4110
f 4041/4041 4064/4064 4112/4112
f 3819/3819 3806/3806 3808/3808
f 4088/4088 4087/4087 4041/4041
f 3819/3819 3808/3808 4113/4113
f 4111/4111 4106/4106 4109/4109
f 4112/4112 4114/4114 4041/4041
f 4114/4114 4088/4088 4041/4041
f 4111/4111 4084/4084 4106/4106
f 3819/3819 4113/4113 4115/4115
f 4063/4063 4116/4116 4064/4064
f 3818/3818 4115/4115 4117/4117
f 4064/4064 4116/4116 4112/4112
f 3819/3819 4115/4115 3818/3818
f 4118/4118 4115/4115 4119/4119
f 4063/4063 4065/4065 4116/4116
f 4117/4117 4115/4115 4118/4118
f 4119/4119 4113/4113 4120/4120
f 4115/4115 4113/4113 4119/4119
f 4109/4109 3968/3968 3999/3999
f 4116/4116 4121/4121 4112/4112
f 4122/4122 4118/4118 4119/4119
f 4123/4123 4119/4119 4120/4120
f 4124/4124 4112/4112 4121/4121
f 4122/4122 4119/4119 4123/4123
f 4120/4120 4125/4125 4126/4126
f 4110/4110 3605/3605 3609/3609
f 3629/3629 4100/4100 3715/3715
f 4011/4011 4109/4109 3999/3999
f 3808/3808 4110/4110 3609/3609
f 4113/4113 3808/3808 3609/3609
f 3691/3691 3629/3629 3715/3715
f 4128/4128 4098/4098 4099/4099
f 4129/4129 4098/4098 4128/4128
f 4128/4128 4099/4099 4104/4104
f 4113/4113 3609/3609 3608/3608
f 4120/4120 3608/3608 4125/4125
f 4120/4120 4113/4113 3608/3608
f 4089/4089 4130/4130 4100/4100
f 3602/3602 4125/4125 3608/3608
f 4132/4132 4088/4088 4114/4114
f 3031/3031 2985/2985 4085/4085
f 4130/4130 4089/4089 4131/4131
f 4128/4128 4134/4134 4129/4129
f 4134/4134 4128/4128 4135/4135
f 4085/4085 4094/4094 4136/4136
f 4128/4128 4104/4104 4135/4135
f 4136/4136 3031/3031 4085/4085
f 4137/4137 4134/4134 4135/4135
f 4138/4138 3611/3611 3626/3626
f 4137/4137 4135/4135 4139/4139
f 4130/4130 3715/3715 4100/4100
f 4139/4139 4135/4135 4140/4140
f 3715/3715 4130/4130 4131/4131
f 3842/3842 3690/3690 3680/3680
f 3626/3626 4141/4141 4138/4138
f 4131/4131 4142/4142 3715/3715
f 4125/4125 3602/3602 4138/4138
f 4138/4138 3602/3602 3611/3611
f 3842/3842 3680/3680 4144/4144
f 4098/4098 4144/4144 3680/3680
f 4145/4145 4138/4138 4141/4141
f 4136/4136 4094/4094 4146/4146
f 4144/4144 4147/4147 3842/3842
f 3857/3857 3842/3842 4147/4147
f 3857/3857 3848/3848 3842/3842
f 4148/4148 3626/3626 3621/3621
f 4144/4144 4098/4098 4147/4147
f 3032/3032 3031/3031 4136/4136
f 4147/4147 4098/4098 4129/4129
f 3626/3626 4148/4148 4149/4149
f 4146/4146 4150/4150 4136/4136
f 4150/4150 3032/3032 4136/4136
f 4124/4124 4114/4114 4112/4112
f 4151/4151 4148/4148 3621/3621
f 4147/4147 4129/4129 4134/4134
f 4151/4151 3621/3621 3631/3631
f 4124/4124 4132/4132 4114/4114
f 4149/4149 4141/4141 3626/3626
f 4097/4097 4146/4146 4093/4093
f 4152/4152 3856/3856 3857/3857
f 4149/4149 4148/4148 4151/4151
f 4143/4143 4132/4132 4124/4124
f 4153/4153 4151/4151 3631/3631
f 4147/4147 4154/4154 3857/3857
f 4152/4152 3857/3857 4154/4154
f 4155/4155 4154/4154 4147/4147
f 4155/4155 4147/4147 4134/4134
f 3715/3715 4142/4142 3705/3705
f 4150/4150 4146/4146 4156/4156
f 3858/3858 3856/3856 4152/4152
f 4126/4126 4125/4125 4138/4138
f 3875/3875 3858/3858 4152/4152
f 4156/4156 4146/4146 4097/4097
f 4157/4157 3705/3705 4142/4142
f 3875/3875 4152/4152 4154/4154
f 4138/4138 4145/4145 4126/4126
f 4141/4141 4126/4126 4145/4145
f 4155/4155 4158/4158 4154/4154
f 4126/4126 4141/4141 4159/4159
f 4155/4155 4134/4134 4137/4137
f 4160/4160 4155/4155 4137/4137
f 4160/4160 4137/4137 4139/4139
f 4161/4161 4155/4155 4160/4160
f 4162/4162 4160/4160 4163/4163
f 4161/4161 4160/4160 4162/4162
f 4164/4164 4161/4161 4162/4162
f 3620/3620 3619/3619 3623/3623
f 3623/3623 3619/3619 4165/4165
f 4164/4164 4155/4155 4161/4161
f 4163/4163 4160/4160 4139/4139
f 4166/4166 4149/4149 4151/4151
f 4139/4139 4167/4167 4163/4163
f 4168/4168 4166/4166 4151/4151
f 3623/3623 4165/4165 4169/4169
f 4166/4166 4141/4141 4149/4149
f 4167/4167 4139/4139 4140/4140
f 4162/4162 4163/4163 4167/4167
f 4133/4133 4104/4104 4170/4170
f 4159/4159 4141/4141 4166/4166
f 4170/4170 4104/4104 4111/4111
f 4171/4171 4159/4159 4166/4166
f 4171/4171 4172/4172 4159/4159
f 4171/4171 4166/4166 4168/4168
f 4170/4170 4111/4111 4173/4173
f 3854/3854 3816/3816 4174/4174
f 3816/3816 3818/3818 4174/4174
f 4133/4133 4135/4135 4104/4104
f 4133/4133 4175/4175 4135/4135
f 4156/4156 3032/3032 4150/4150
f 4133/4133 4170/4170 4176/4176
f 4117/4117 4174/4174 3818/3818
f 4176/4176 4175/4175 4133/4133
f 3034/3034 3032/3032 4156/4156
f 4177/4177 4170/4170 4173/4173
f 4178/4178 4117/4117 4118/4118
f 4176/4176 4170/4170 4177/4177
f 4174/4174 4179/4179 3854/3854
f 4180/4180 3623/3623 4169/4169
f 3034/3034 4156/4156 4097/4097
f 3855/3855 3854/3854 4179/4179
f 4179/4179 4174/4174 4117/4117
f 4169/4169 4181/4181 4180/4180
f 4117/4117 4178/4178 4179/4179
f 4182/4182 4097/4097 4102/4102
f 4183/4183 4180/4180 4181/4181
f 4178/4178 4118/4118 4122/4122
f 4123/4123 4178/4178 4122/4122
f 4173/4173 4111/4111 4184/4184
f 4184/4184 4111/4111 4185/4185
f 4140/4140 4135/4135 4175/4175
f 4140/4140 4175/4175 4187/4187
f 4187/4187 4175/4175 4176/4176
f 4188/4188 4187/4187 4176/4176
f 4186/4186 4178/4178 4123/4123
f 4189/4189 4176/4176 4177/4177
f 4188/4188 4176/4176 4189/4189
f 3870/3870 3855/3855 4179/4179
f 4188/4188 4189/4189 4187/4187
f 3873/3873 3870/3870 4179/4179
f 4140/4140 4187/4187 4190/4190
f 4189/4189 4190/4190 4187/4187
f 4190/4190 4189/4189 4191/4191
f 4190/4190 4191/4191 4193/4193
f 4194/4194 4177/4177 4173/4173
f 4189/4189 4177/4177 4194/4194
f 4189/4189 4194/4194 4195/4195
f 4194/4194 4173/4173 4184/4184
f 4195/4195 4194/4194 4184/4184
f 4197/4197 3641/3641 4180/4180
f 4179/4179 4178/4178 3873/3873
f 4180/4180 3641/3641 3623/3623
f 4186/4186 3873/3873 4178/4178
f 4195/4195 4191/4191 4189/4189
f 4193/4193 4191/4191 4195/4195
f 4102/4102 3897/3897 4127/4127
f 4193/4193 4195/4195 4198/4198
f 3873/3873 4186/4186 4199/4199
f 4200/4200 4193/4193 4198/4198
f 4201/4201 3873/3873 4199/4199
f 4200/4200 4198/4198 4202/4202
f 4201/4201 4199/4199 4203/4203
f 4204/4204 4140/4140 4190/4190
f 3882/3882 3875/3875 4154/4154
f 4120/4120 4126/4126 4206/4206
f 4207/4207 4158/4158 4155/4155
f 4164/4164 4207/4207 4155/4155
f 4208/4208 4154/4154 4158/4158
f 4158/4158 4207/4207 4208/4208
f 4126/4126 4172/4172 4209/4209
f 3882/3882 4154/4154 4208/4208
f 4186/4186 4123/4123 4206/4206
f 4123/4123 4120/4120 4206/4206
f 4207/4207 4210/4210 4208/4208
f 4199/4199 4186/4186 4206/4206
f 4210/4210 4207/4207 4164/4164
f 4206/4206 4126/4126 4209/4209
f 3882/3882 3861/3861 3875/3875
f 4199/4199 4206/4206 4209/4209
f 4211/4211 4183/4183 4205/4205
f 4212/4212 4172/4172 4171/4171
f 4209/4209 4172/4172 4212/4212
f 4211/4211 4205/4205 4213/4213
f 4164/4164 4162/4162 4214/4214
f 4203/4203 4199/4199 3077/3077
f 3077/3077 4199/4199 4216/4216
f 4214/4214 4181/4181 4164/4164
f 4213/4213 4205/4205 4217/4217
f 4216/4216 4199/4199 4209/4209
f 4208/4208 4218/4218 3882/3882
f 3894/3894 3883/3883 3882/3882
f 3894/3894 3882/3882 4218/4218
f 4216/4216 4209/4209 4212/4212
f 4216/4216 4212/4212 4219/4219
f 4208/4208 4220/4220 4218/4218
f 4164/4164 4169/4169 4210/4210
f 4208/4208 4210/4210 4169/4169
f 3894/3894 4218/4218 4220/4220
f 4221/4221 4222/4222 4217/4217
f 4220/4220 4165/4165 3894/3894
f 4213/4213 4217/4217 4222/4222
f 4216/4216 3277/3277 3077/3077
f 4220/4220 4208/4208 4169/4169
f 4220/4220 4169/4169 4165/4165
f 4126/4126 4159/4159 4172/4172
f 4211/4211 4180/4180 4183/4183
f 4211/4211 4213/4213 4223/4223
f 4153/4153 3631/3631 4224/4224
f 4181/4181 4169/4169 4164/4164
f 4224/4224 3631/3631 3622/3622
f 4224/4224 3622/3622 4225/4225
f 4226/4226 4193/4193 4200/4200
f 4227/4227 4226/4226 4200/4200
f 4228/4228 4227/4227 4200/4200
f 4229/4229 4230/4230 4231/4231
f 4102/4102 4127/4127 4215/4215
f 4229/4229 4231/4231 4232/4232
f 4233/4233 4224/4224 4225/4225
f 4234/4234 3622/3622 3644/3644
f 4225/4225 3622/3622 4234/4234
f 4235/4235 4213/4213 4222/4222
f 4214/4214 4162/4162 4204/4204
f 4236/4236 4229/4229 4204/4204
f 4229/4229 4236/4236 4230/4230
f 4234/4234 3644/3644 4237/4237
f 4181/4181 4214/4214 4204/4204
f 4196/4196 4192/4192 4102/4102
f 4238/4238 4204/4204 4229/4229
f 4181/4181 4204/4204 4238/4238
f 4235/4235 4223/4223 4213/4213
f 4168/4168 4151/4151 4153/4153
f 4235/4235 4239/4239 4223/4223
f 4240/4240 4224/4224 4233/4233
f 4153/4153 4224/4224 4240/4240
f 4205/4205 4238/4238 4229/4229
f 4183/4183 4181/4181 4238/4238
f 4241/4241 4180/4180 4211/4211
f 4153/4153 4240/4240 4242/4242
f 4233/4233 4242/4242 4240/4240
f 4243/4243 4211/4211 4223/4223
f 4205/4205 4183/4183 4238/4238
f 4242/4242 4233/4233 4244/4244
f 4244/4244 4233/4233 4245/4245
f 4243/4243 4241/4241 4211/4211
f 4233/4233 4225/4225 4234/4234
f 4102/4102 4215/4215 4196/4196
f 4205/4205 4229/4229 4217/4217
f 4246/4246 4233/4233 4234/4234
f 4245/4245 4233/4233 4246/4246
f 4237/4237 3644/3644 3459/3459
f 4246/4246 4234/4234 4237/4237
f 4223/4223 4239/4239 4247/4247
f 4248/4248 4237/4237 3459/3459
f 4011/4011 4111/4111 4109/4109
f 4246/4246 4237/4237 4248/4248
f 3459/3459 4249/4249 4248/4248
f 4243/4243 4223/4223 4250/4250
f 4185/4185 4111/4111 4011/4011
f 4249/4249 4246/4246 4248/4248
f 3448/3448 4249/4249 3459/3459
f 3465/3465 4249/4249 3448/3448
f 4247/4247 4250/4250 4223/4223
f 4249/4249 4251/4251 4246/4246
f 4249/4249 3465/3465 4251/4251
f 4011/4011 4010/4010 4252/4252
f 4216/4216 4219/4219 3277/3277
f 4253/4253 4011/4011 4252/4252
f 4253/4253 4185/4185 4011/4011
f 3087/3087 3077/3077 3277/3277
f 4254/4254 4243/4243 4255/4255
f 4256/4256 4243/4243 4254/4254
f 4255/4255 4243/4243 4250/4250
f 3278/3278 3277/3277 4257/4257
f 4255/4255 4258/4258 4254/4254
f 4171/4171 4168/4168 4153/4153
f 4198/4198 4185/4185 4259/4259
f 4260/4260 4254/4254 4258/4258
f 4259/4259 4185/4185 4253/4253
f 4261/4261 4259/4259 4253/4253
f 4263/4263 4261/4261 4253/4253
f 4195/4195 4184/4184 4185/4185
f 4195/4195 4185/4185 4198/4198
f 3615/3615 3623/3623 3641/3641
f 4219/4219 4171/4171 4264/4264
f 4212/4212 4171/4171 4219/4219
f 4171/4171 4153/4153 4264/4264
f 4153/4153 4242/4242 4264/4264
f 4265/4265 4198/4198 4259/4259
f 4266/4266 4265/4265 4259/4259
f 4215/4215 4262/4262 4196/4196
f 4266/4266 4259/4259 4261/4261
f 4268/4268 4253/4253 4269/4269
f 4267/4267 4242/4242 4244/4244
f 4269/4269 4253/4253 4252/4252
f 4264/4264 4242/4242 4267/4267
f 4263/4263 4253/4253 4268/4268
f 4270/4270 4271/4271 4215/4215
f 4272/4272 4268/4268 4269/4269
f 4273/4273 4262/4262 4215/4215
f 4219/4219 4264/4264 3277/3277
f 4273/4273 4215/4215 4271/4271
f 4271/4271 4274/4274 4273/4273
f 4252/4252 4010/4010 4028/4028
f 3277/3277 4264/4264 4267/4267
f 3277/3277 4267/4267 4257/4257
f 4097/4097 4182/4182 3034/3034
f 4252/4252 4028/4028 4047/4047
f 3739/3739 3710/3710 3641/3641
f 4269/4269 4252/4252 4275/4275
f 4276/4276 4269/4269 4275/4275
f 3044/3044 3034/3034 4182/4182
f 3278/3278 4257/4257 3286/3286
f 4192/4192 4182/4182 4102/4102
f 4275/4275 4252/4252 4047/4047
f 3286/3286 4257/4257 3334/3334
f 4245/4245 4267/4267 4244/4244
f 4275/4275 4047/4047 4277/4277
f 3739/3739 3641/3641 4197/4197
f 4278/4278 4267/4267 4245/4245
f 3046/3046 3038/3038 3044/3044
f 4278/4278 4245/4245 4279/4279
f 3046/3046 3044/3044 4182/4182
f 4277/4277 4047/4047 4051/4051
f 4198/4198 4265/4265 4202/4202
f 4280/4280 4265/4265 4266/4266
f 4228/4228 4265/4265 4280/4280
f 4281/4281 4245/4245 4246/4246
f 4281/4281 4246/4246 4251/4251
f 4266/4266 4261/4261 4263/4263
f 4245/4245 4281/4281 4279/4279
f 4266/4266 4263/4263 4268/4268
f 3051/3051 3046/3046 4182/4182
f 4251/4251 4282/4282 4281/4281
f 4283/4283 4280/4280 4266/4266
f 4283/4283 4266/4266 4268/4268
f 4282/4282 4251/4251 3465/3465
f 4192/4192 4284/4284 4182/4182
f 3465/3465 4285/4285 4282/4282
f 4285/4285 3465/3465 3467/3467
f 4285/4285 3467/3467 3520/3520
f 4281/4281 4282/4282 4286/4286
f 4279/4279 4281/4281 4286/4286
f 4182/4182 4284/4284 3051/3051
f 4287/4287 4283/4283 4268/4268
f 4288/4288 4283/4283 4287/4287
f 4285/4285 4286/4286 4282/4282
f 4232/4232 4280/4280 4283/4283
f 4232/4232 4283/4283 4288/4288
f 4288/4288 4289/4289 4232/4232
f 4269/4269 4276/4276 4272/4272
f 4257/4257 4267/4267 4278/4278
f 4278/4278 3334/3334 4257/4257
f 3334/3334 4278/4278 3336/3336
f 3336/3336 4278/4278 4279/4279
f 4268/4268 4272/4272 4290/4290
f 4268/4268 4290/4290 4287/4287
f 4279/4279 3356/3356 3336/3336
f 4287/4287 4291/4291 4288/4288
f 4291/4291 4289/4289 4288/4288
f 4292/4292 3739/3739 4197/4197
f 4291/4291 4287/4287 4293/4293
f 4287/4287 4290/4290 4293/4293
f 3340/3340 3336/3336 3356/3356
f 3356/3356 4279/4279 4286/4286
f 4294/4294 3356/3356 4286/4286
f 4229/4229 4232/4232 4295/4295
f 4295/4295 4232/4232 4289/4289
f 4294/4294 3370/3370 3356/3356
f 3357/3357 3356/3356 3362/3362
f 4294/4294 4286/4286 4285/4285
f 4296/4296 4229/4229 4295/4295
f 4297/4297 4289/4289 4291/4291
f 4196/4196 4284/4284 4192/4192
f 4295/4295 4289/4289 4297/4297
f 3370/3370 4294/4294 4285/4285
f 3520/3520 3370/3370 4285/4285
f 3370/3370 3520/3520 3371/3371
f 4292/4292 4197/4197 4180/4180
f 4292/4292 4180/4180 4241/4241
f 4298/4298 4295/4295 4297/4297
f 4074/4074 3873/3873 4201/4201
f 4074/4074 4070/4070 3873/3873
f 4295/4295 4298/4298 4296/4296
f 4074/4074 4201/4201 4203/4203
f 4296/4296 4217/4217 4229/4229
f 4284/4284 4196/4196 4262/4262
f 4290/4290 4272/4272 4276/4276
f 4299/4299 4290/4290 4276/4276
f 4300/4300 4275/4275 4277/4277
f 4127/4127 3897/3897 3843/3843
f 4275/4275 4299/4299 4276/4276
f 3091/3091 4074/4074 4203/4203
f 4203/4203 3077/3077 3091/3091
f 4299/4299 4301/4301 4290/4290
f 4301/4301 4299/4299 4302/4302
f 3091/3091 4303/4303 4074/4074
f 4304/4304 4299/4299 4275/4275
f 4300/4300 4304/4304 4275/4275
f 4304/4304 4302/4302 4299/4299
f 3846/3846 4305/4305 3843/3843
f 4293/4293 4290/4290 4301/4301
f 4127/4127 3843/3843 4305/4305
f 4241/4241 4243/4243 4306/4306
f 3846/3846 3926/3926 4305/4305
f 4300/4300 4277/4277 4307/4307
f 4073/4073 4074/4074 4303/4303
f 4308/4308 4051/4051 4052/4052
f 4309/4309 4241/4241 4306/4306
f 4307/4307 4277/4277 4051/4051
f 4307/4307 4051/4051 4308/4308
f 3137/3137 4073/4073 4303/4303
f 4300/4300 4307/4307 4310/4310
f 4304/4304 4300/4300 4310/4310
f 4073/4073 3137/3137 4077/4077
f 3136/3136 4077/4077 3137/3137
f 4308/4308 4310/4310 4307/4307
f 3137/3137 4303/4303 3097/3097
f 4310/4310 4308/4308 4311/4311
f 4312/4312 4301/4301 4302/4302
f 4313/4313 4302/4302 4304/4304
f 4314/4314 4302/4302 4313/4313
f 4306/4306 4243/4243 4256/4256
f 4313/4313 4315/4315 4314/4314
f 4303/4303 3091/3091 3082/3082
f 4316/4316 4315/4315 4313/4313
f 4260/4260 4256/4256 4254/4254
f 4317/4317 4301/4301 4312/4312
f 4318/4318 4317/4317 4312/4312
f 4312/4312 4302/4302 4314/4314
f 4318/4318 4312/4312 4314/4314
f 4298/4298 4297/4297 4317/4317
f 4298/4298 4317/4317 4318/4318
f 4319/4319 4298/4298 4318/4318
f 3097/3097 4303/4303 3082/3082
f 4318/4318 4314/4314 4315/4315
f 4318/4318 4315/4315 4319/4319
f 4319/4319 4315/4315 4320/4320
f 4296/4296 4298/4298 4322/4322
f 4313/4313 4304/4304 4316/4316
f 4323/4323 4316/4316 4304/4304
f 4324/4324 4127/4127 4305/4305
f 4324/4324 4305/4305 4321/4321
f 4325/4325 4316/4316 4323/4323
f 4127/4127 4324/4324 4215/4215
f 4304/4304 4310/4310 4311/4311
f 4326/4326 4324/4324 4321/4321
f 4323/4323 4304/4304 4311/4311
f 4327/4327 4296/4296 4322/4322
f 4323/4323 4311/4311 4328/4328
f 4315/4315 4316/4316 4329/4329
f 4320/4320 4315/4315 4329/4329
f 4320/4320 4329/4329 4325/4325
f 4329/4329 4316/4316 4325/4325
f 4320/4320 4325/4325 4330/4330
f 4325/4325 4323/4323 4328/4328
f 4331/4331 4328/4328 4311/4311
f 4332/4332 4333/4333 4322/4322
f 4305/4305 3926/3926 4321/4321
f 4325/4325 4328/4328 4330/4330
f 4334/4334 4217/4217 4296/4296
f 4319/4319 4320/4320 4330/4330
f 4221/4221 4217/4217 4334/4334
f 4335/4335 3439/3439 3441/3441
f 4336/4336 3435/3435 4335/4335
f 4335/4335 3435/3435 3439/3439
f 3724/3724 4335/4335 3441/3441
f 4221/4221 4334/4334 4337/4337
f 4221/4221 4338/4338 4222/4222
f 4338/4338 4221/4221 4337/4337
f 4336/4336 4335/4335 3724/3724
f 4339/4339 4338/4338 4337/4337
f 4296/4296 4327/4327 4334/4334
f 4337/4337 4334/4334 4327/4327
f 3435/3435 4340/4340 3438/3438
f 4341/4341 4337/4337 4327/4327
f 2904/2904 2903/2903 3438/3438
f 4333/4333 4327/4327 4322/4322
f 4340/4340 3435/3435 4336/4336
f 4338/4338 4339/4339 4222/4222
f 4222/4222 4339/4339 4343/4343
f 4222/4222 4343/4343 4344/4344
f 4340/4340 4342/4342 3438/3438
f 3438/3438 4342/4342 2904/2904
f 4339/4339 4337/4337 4341/4341
f 4345/4345 4336/4336 3724/3724
f 4345/4345 4346/4346 4336/4336
f 4347/4347 4346/4346 4345/4345
f 4343/4343 4339/4339 4348/4348
f 4324/4324 4326/4326 4270/4270
f 4344/4344 4343/4343 4349/4349
f 4270/4270 4215/4215 4324/4324
f 4239/4239 4344/4344 4349/4349
f 3737/3737 4345/4345 3724/3724
f 4349/4349 4343/4343 4348/4348
f 3743/3743 4345/4345 3737/3737
f 4350/4350 4270/4270 4326/4326
f 4348/4348 4352/4352 4349/4349
f 4352/4352 4348/4348 4353/4353
f 4352/4352 4354/4354 4349/4349
f 4347/4347 4336/4336 4346/4346
f 4336/4336 4347/4347 4355/4355
f 4355/4355 4340/4340 4336/4336
f 4321/4321 3926/3926 4356/4356
f 4340/4340 4355/4355 4342/4342
f 4342/4342 4357/4357 2904/2904
f 4348/4348 4339/4339 4341/4341
f 4355/4355 4357/4357 4342/4342
f 4341/4341 4327/4327 4333/4333
f 4356/4356 3926/3926 4006/4006
f 4358/4358 4347/4347 4345/4345
f 4006/4006 4018/4018 4356/4356
f 4358/4358 4355/4355 4347/4347
f 4341/4341 4333/4333 4332/4332
f 4321/4321 4350/4350 4326/4326
f 4357/4357 4355/4355 4358/4358
f 4358/4358 4359/4359 4357/4357
f 4348/4348 4341/4341 4360/4360
f 4360/4360 4341/4341 4332/4332
f 4356/4356 4350/4350 4321/4321
f 4360/4360 4353/4353 4348/4348
f 4361/4361 4350/4350 4356/4356
f 4353/4353 4360/4360 4332/4332
f 2907/2907 2904/2904 4357/4357
f 2919/2919 2911/2911 2907/2907
f 2919/2919 2907/2907 4357/4357
f 4270/4270 4350/4350 4361/4361
f 4319/4319 4322/4322 4298/4298
f 4357/4357 4359/4359 2919/2919
f 4362/4362 2919/2919 4359/4359
f 4361/4361 4356/4356 4018/4018
f 4362/4362 2918/2918 2919/2919
f 4351/4351 4345/4345 3743/3743
f 4351/4351 3743/3743 3774/3774
f 4018/4018 4363/4363 4361/4361
f 4332/4332 4322/4322 4319/4319
f 4364/4364 4365/4365 4319/4319
f 4363/4363 4018/4018 4024/4024
f 4366/4366 3774/3774 3777/3777
f 4351/4351 3774/3774 4366/4366
f 4319/4319 4330/4330 4367/4367
f 4358/4358 4345/4345 4351/4351
f 4361/4361 4271/4271 4270/4270
f 4361/4361 4274/4274 4271/4271
f 4361/4361 4368/4368 4274/4274
f 4366/4366 3129/3129 4351/4351
f 4358/4358 4351/4351 3129/3129
f 4368/4368 4361/4361 4363/4363
f 4369/4369 4366/4366 3777/3777
f 4364/4364 4319/4319 4367/4367
f 4369/4369 3129/3129 4366/4366
f 4332/4332 4319/4319 4365/4365
f 3121/3121 3777/3777 3778/3778
f 3121/3121 4369/4369 3777/3777
f 3129/3129 4369/4369 3121/3121
f 3129/3129 3183/3183 4358/4358
f 3129/3129 3128/3128 3183/3183
f 4365/4365 4364/4364 4370/4370
f 3183/3183 3128/3128 3135/3135
f 3078/3078 4359/4359 4358/4358
f 4370/4370 4364/4364 4371/4371
f 3078/3078 4362/4362 4359/4359
f 4372/4372 4365/4365 4370/4370
f 4370/4370 4371/4371 4373/4373
f 4374/4374 4370/4370 4373/4373
f 4375/4375 2939/2939 4362/4362
f 2939/2939 2918/2918 4362/4362
f 4375/4375 4362/4362 3078/3078
f 3078/3078 3080/3080 4375/4375
f 3080/3080 2939/2939 4375/4375
f 3078/3078 4358/4358 3183/3183
f 4376/4376 4377/4377 4247/4247
f 4247/4247 4239/4239 4354/4354
f 3079/3079 3078/3078 3183/3183
f 3547/3547 3639/3639 4378/4378
f 4379/4379 4247/4247 4377/4377
f 4378/4378 3888/3888 3547/3547
f 4380/4380 4376/4376 4332/4332
f 4378/4378 3639/3639 3678/3678
f 4379/4379 4250/4250 4247/4247
f 4381/4381 4379/4379 4382/4382
f 4381/4381 4382/4382 4383/4383
f 4255/4255 4250/4250 4379/4379
f 4258/4258 4255/4255 4379/4379
f 4381/4381 4258/4258 4379/4379
f 4378/4378 3939/3939 3888/3888
f 3939/3939 4378/4378 4384/4384
f 4382/4382 4376/4376 4380/4380
f 4380/4380 4383/4383 4382/4382
f 4385/4385 4383/4383 4380/4380
f 4386/4386 4374/4374 4373/4373
f 4386/4386 4372/4372 4374/4374
f 4386/4386 4388/4388 4372/4372
f 4389/4389 4388/4388 4386/4386
f 4380/4380 4332/4332 4365/4365
f 4390/4390 4380/4380 4365/4365
f 3678/3678 3702/3702 3713/3713
f 4391/4391 4365/4365 4372/4372
f 4391/4391 4390/4390 4365/4365
f 4378/4378 3678/3678 4387/4387
f 4389/4389 4392/4392 4388/4388
f 4392/4392 4389/4389 4393/4393
f 4378/4378 4387/4387 4384/4384
f 4387/4387 3678/3678 3713/3713
f 4394/4394 4380/4380 4390/4390
f 4390/4390 4391/4391 4392/4392
f 4395/4395 4390/4390 4392/4392
f 4395/4395 4393/4393 4396/4396
f 4395/4395 4392/4392 4393/4393
f 4394/4394 4390/4390 4395/4395
f 4384/4384 4387/4387 4397/4397
f 3741/3741 3739/3739 4292/4292
f 4398/4398 3741/3741 4292/4292
f 4066/4066 3741/3741 4398/4398
f 4050/4050 3741/3741 4066/4066
f 4397/4397 4387/4387 4399/4399
f 4400/4400 4401/4401 4066/4066
f 4401/4401 4065/4065 4066/4066
f 4066/4066 4398/4398 4292/4292
f 4402/4402 4384/4384 4397/4397
f 4400/4400 4066/4066 4405/4405
f 4309/4309 4292/4292 4241/4241
f 4256/4256 4260/4260 4406/4406
f 4306/4306 4256/4256 4406/4406
f 4309/4309 4306/4306 4406/4406
f 4260/4260 4407/4407 4406/4406
f 4406/4406 4407/4407 4309/4309
f 4407/4407 4260/4260 4408/4408
f 4407/4407 4408/4408 4409/4409
f 4407/4407 4409/4409 4309/4309
f 4410/4410 4409/4409 4408/4408
f 4066/4066 4292/4292 4309/4309
f 4411/4411 4066/4066 4309/4309
f 4405/4405 4066/4066 4412/4412
f 4413/4413 3941/3941 3939/3939
f 4411/4411 4309/4309 4414/4414
f 4414/4414 4309/4309 4409/4409
f 4401/4401 4116/4116 4065/4065
f 3939/3939 4384/4384 4413/4413
f 4415/4415 4116/4116 4401/4401
f 4415/4415 4401/4401 4400/4400
f 4116/4116 4415/4415 4121/4121
f 4416/4416 4400/4400 4405/4405
f 4415/4415 4400/4400 4416/4416
f 4415/4415 4416/4416 4417/4417
f 4417/4417 4418/4418 4415/4415
f 4157/4157 4420/4420 3705/3705
f 4421/4421 4422/4422 4419/4419
f 4121/4121 4421/4421 4124/4124
f 3705/3705 4420/4420 4423/4423
f 4421/4421 4419/4419 4124/4124
f 3705/3705 4399/4399 3713/3713
f 4415/4415 4424/4424 4121/4121
f 4421/4421 4121/4121 4424/4424
f 4424/4424 4415/4415 4418/4418
f 4421/4421 4425/4425 4422/4422
f 4387/4387 3713/3713 4399/4399
f 4417/4417 4405/4405 4412/4412
f 4423/4423 4399/4399 3705/3705
f 4411/4411 4412/4412 4066/4066
f 4423/4423 4426/4426 4399/4399
f 4427/4427 4417/4417 4412/4412
f 4416/4416 4405/4405 4417/4417
f 4428/4428 4424/4424 4430/4430
f 4428/4428 4421/4421 4424/4424
f 4421/4421 4428/4428 4425/4425
f 4432/4432 4412/4412 4411/4411
f 4399/4399 4426/4426 4429/4429
f 4434/4434 4428/4428 4431/4431
f 4430/4430 4431/4431 4428/4428
f 4427/4427 4418/4418 4417/4417
f 4418/4418 4427/4427 4435/4435
f 4424/4424 4418/4418 4435/4435
f 4424/4424 4435/4435 4436/4436
f 4430/4430 4424/4424 4436/4436
f 4430/4430 4437/4437 4431/4431
f 4436/4436 4435/4435 4427/4427
f 4429/4429 4433/4433 4399/4399
f 4399/4399 4433/4433 4397/4397
f 4436/4436 4427/4427 4438/4438
f 4403/4403 4397/4397 4433/4433
f 4430/4430 4436/4436 4439/4439
f 4434/4434 4431/4431 4404/4404
f 4437/4437 4404/4404 4431/4431
f 4260/4260 4258/4258 4381/4381
f 4440/4440 4403/4403 4442/4442
f 4408/4408 4260/4260 4443/4443
f 4443/4443 4260/4260 4381/4381
f 4443/4443 4381/4381 4444/4444
f 4444/4444 4381/4381 4383/4383
f 4444/4444 4383/4383 4385/4385
f 4445/4445 4444/4444 4385/4385
f 4443/4443 4444/4444 4445/4445
f 4397/4397 4403/4403 4440/4440
f 4447/4447 4397/4397 4440/4440
f 4397/4397 4448/4448 4402/4402
f 4380/4380 4449/4449 4385/4385
f 4450/4450 4449/4449 4380/4380
f 4445/4445 4385/4385 4449/4449
f 4452/4452 4445/4445 4449/4449
f 4453/4453 4446/4446 4451/4451
f 4453/4453 4451/4451 4455/4455
f 4397/4397 4447/4447 4454/4454
f 4454/4454 4448/4448 4397/4397
f 4452/4452 4449/4449 4456/4456
f 4457/4457 4453/4453 4455/4455
f 4458/4458 4449/4449 4450/4450
f 4458/4458 4456/4456 4449/4449
f 4459/4459 4460/4460 4461/4461
f 4462/4462 4460/4460 4459/4459
f 4462/4462 4459/4459 4455/4455
f 4459/4459 4463/4463 4455/4455
f 4380/4380 4394/4394 4450/4450
f 4464/4464 4461/4461 4465/4465
f 4464/4464 4465/4465 4466/4466
f 4461/4461 4463/4463 4459/4459
f 4461/4461 4464/4464 4463/4463
f 4394/4394 4467/4467 4450/4450
f 4458/4458 4450/4450 4468/4468
f 4468/4468 4450/4450 4467/4467
f 4469/4469 4468/4468 4467/4467
f 4470/4470 4394/4394 4395/4395
f 4467/4467 4394/4394 4470/4470
f 4457/4457 4455/4455 4471/4471
f 4472/4472 4467/4467 4473/4473
f 4473/4473 4467/4467 4470/4470
f 4475/4475 4453/4453 4457/4457
f 4473/4473 4476/4476 4472/4472
f 4477/4477 4473/4473 4470/4470
f 4476/4476 4473/4473 4477/4477
f 4457/4457 4478/4478 4475/4475
f 4478/4478 4457/4457 4471/4471
f 4463/4463 4479/4479 4455/4455
f 4471/4471 4455/4455 4479/4479
f 4458/4458 4468/4468 4480/4480
f 4480/4480 4468/4468 4469/4469
f 4480/4480 4481/4481 4458/4458
f 4482/4482 4478/4478 4471/4471
f 4456/4456 4458/4458 4481/4481
f 4481/4481 4480/4480 4469/4469
f 4484/4484 4481/4481 4469/4469
f 4413/4413 4402/4402 3941/3941
f 4456/4456 4481/4481 4484/4484
f 4477/4477 4485/4485 4476/4476
f 4469/4469 4467/4467 4476/4476
f 4476/4476 4467/4467 4472/4472
f 4484/4484 4469/4469 4476/4476
f 4486/4486 4484/4484 4476/4476
f 4486/4486 4476/4476 4485/4485
f 4465/4465 4456/4456 4487/4487
f 4488/4488 4489/4489 3941/3941
f 4488/4488 3941/3941 4402/4402
f 4402/4402 4490/4490 4488/4488
f 4491/4491 4484/4484 4486/4486
f 4484/4484 4491/4491 4456/4456
f 4489/4489 4488/4488 4492/4492
f 4487/4487 4456/4456 4491/4491
f 4491/4491 4486/4486 4493/4493
f 4492/4492 4488/4488 4490/4490
f 4460/4460 4495/4495 4461/4461
f 3941/3941 4489/4489 4007/4007
f 4465/4465 4487/4487 4494/4494
f 4413/4413 4384/4384 4402/4402
f 4495/4495 4465/4465 4496/4496
f 4461/4461 4495/4495 4496/4496
f 4461/4461 4496/4496 4465/4465
f 4466/4466 4465/4465 4494/4494
f 4443/4443 4410/4410 4408/4408
f 4410/4410 4414/4414 4409/4409
f 4414/4414 4410/4410 4497/4497
f 4497/4497 4410/4410 4443/4443
f 4497/4497 4443/4443 4445/4445
f 4448/4448 4490/4490 4402/4402
f 4411/4411 4414/4414 4432/4432
f 4432/4432 4414/4414 4498/4498
f 4414/4414 4497/4497 4498/4498
f 4497/4497 4445/4445 4452/4452
f 4452/4452 4498/4498 4497/4497
f 4499/4499 4498/4498 4452/4452
f 4432/4432 4498/4498 4500/4500
f 4412/4412 4432/4432 4500/4500
f 4427/4427 4412/4412 4500/4500
f 4500/4500 4498/4498 4499/4499
f 4465/4465 4452/4452 4456/4456
f 4499/4499 4452/4452 4465/4465
f 4500/4500 4499/4499 4465/4465
f 4438/4438 4427/4427 4500/4500
f 4500/4500 4501/4501 4438/4438
f 4023/4023 4007/4007 4489/4489
f 4439/4439 4436/4436 4438/4438
f 4439/4439 4438/4438 4501/4501
f 4502/4502 4439/4439 4501/4501
f 4501/4501 4500/4500 4502/4502
f 4492/4492 4023/4023 4489/4489
f 4465/4465 4495/4495 4500/4500
f 4460/4460 4502/4502 4500/4500
f 4460/4460 4500/4500 4495/4495
f 4462/4462 4502/4502 4460/4460
f 4503/4503 4038/4038 4043/4043
f 4044/4044 4038/4038 4503/4503
f 4504/4504 4046/4046 4044/4044
f 4504/4504 4044/4044 4503/4503
f 4058/4058 4046/4046 4504/4504
f 4058/4058 4505/4505 4059/4059
f 4504/4504 4506/4506 4058/4058
f 4505/4505 4058/4058 4506/4506
f 4448/4448 4492/4492 4490/4490
f 4507/4507 4506/4506 4504/4504
f 4508/4508 4507/4507 4504/4504
f 4057/4057 4059/4059 4505/4505
f 4061/4061 4057/4057 4505/4505
f 4509/4509 4492/4492 4448/4448
f 4454/4454 4474/4474 4448/4448
f 4507/4507 4510/4510 4506/4506
f 4511/4511 4505/4505 4506/4506
f 4511/4511 4061/4061 4505/4505
f 4510/4510 4507/4507 4512/4512
f 4506/4506 4510/4510 4511/4511
f 4474/4474 4483/4483 4448/4448
f 4510/4510 4513/4513 4511/4511
f 4513/4513 4510/4510 4512/4512
f 4514/4514 4513/4513 4512/4512
f 4090/4090 3958/3958 4086/4086
f 3957/3957 3959/3959 4086/4086
f 4090/4090 4086/4086 4515/4515
f 3959/3959 4515/4515 4086/4086
f 4517/4517 4509/4509 4519/4519
f 4515/4515 3959/3959 4092/4092
f 4475/4475 4478/4478 4482/4482
f 4520/4520 4090/4090 4515/4515
f 4043/4043 4039/4039 4090/4090
f 4471/4471 4518/4518 4482/4482
f 4090/4090 4503/4503 4043/4043
f 4090/4090 4520/4520 4503/4503
f 4483/4483 4509/4509 4448/4448
f 4520/4520 4515/4515 4092/4092
f 4509/4509 4483/4483 4519/4519
f 4520/4520 4522/4522 4523/4523
f 4520/4520 4523/4523 4521/4521
f 4503/4503 4520/4520 4521/4521
f 4439/4439 4524/4524 4430/4430
f 4503/4503 4521/4521 4504/4504
f 4430/4430 4524/4524 4437/4437
f 4091/4091 4522/4522 4092/4092
f 4525/4525 4522/4522 4091/4091
f 4522/4522 4520/4520 4092/4092
f 4522/4522 4525/4525 4526/4526
f 4526/4526 4525/4525 4103/4103
f 4525/4525 4091/4091 4103/4103
f 4462/4462 4439/4439 4502/4502
f 4521/4521 4508/4508 4504/4504
f 4524/4524 4439/4439 4462/4462
f 4451/4451 4524/4524 4462/4462
f 4527/4527 4508/4508 4521/4521
f 4527/4527 4521/4521 4523/4523
f 4524/4524 4451/4451 4437/4437
f 4451/4451 4446/4446 4437/4437
f 4507/4507 4508/4508 4512/4512
f 4462/4462 4455/4455 4451/4451
f 4437/4437 4441/4441 4404/4404
f 4440/4440 4442/4442 4447/4447
f 4446/4446 4441/4441 4437/4437
f 4523/4523 4526/4526 4103/4103
f 4526/4526 4523/4523 4522/4522
f 4528/4528 4527/4527 4523/4523
f 3174/3174 4508/4508 4527/4527
f 4523/4523 3161/3161 4528/4528
f 3161/3161 4523/4523 4103/4103
f 4527/4527 4528/4528 4529/4529
f 4527/4527 4529/4529 3174/3174
f 4528/4528 3161/3161 4529/4529
f 3161/3161 3174/3174 4529/4529
f 3174/3174 4512/4512 4508/4508
f 3174/3174 4514/4514 4512/4512
f 3198/3198 3161/3161 4103/4103
f 3229/3229 4061/4061 3228/3228
f 3242/3242 3228/3228 4061/4061
f 3085/3085 3247/3247 3249/3249
f 3083/3083 3085/3085 3249/3249
f 4530/4530 3249/3249 3242/3242
f 4513/4513 4061/4061 4511/4511
f 4513/4513 3242/3242 4061/4061
f 4531/4531 3242/3242 4513/4513
f 4513/4513 4514/4514 3176/3176
f 3176/3176 4514/4514 3174/3174
f 4532/4532 4530/4530 3242/3242
f 4531/4531 4532/4532 3242/3242
f 4513/4513 4533/4533 4531/4531
f 4513/4513 3176/3176 4533/4533
f 4531/4531 4534/4534 4532/4532
f 4534/4534 4531/4531 4533/4533
f 4530/4530 3083/3083 3249/3249
f 3088/3088 3083/3083 4530/4530
f 3088/3088 4530/4530 4534/4534
f 3094/3094 3088/3088 4534/4534
f 4530/4530 4532/4532 4534/4534
f 4533/4533 3115/3115 4534/4534
f 3115/3115 4533/4533 3176/3176
f 3114/3114 4534/4534 3115/3115
f 3185/3185 3176/3176 3175/3175
f 3115/3115 3176/3176 3185/3185
f 3114/3114 3113/3113 4534/4534
f 3113/3113 3094/3094 4534/4534
f 3116/3116 3115/3115 3185/3185
f 3086/3086 3279/3279 3085/3085
f 3086/3086 3268/3268 3270/3270
f 3102/3102 3268/3268 3086/3086
f 3272/3272 3269/3269 3268/3268
f 3272/3272 3268/3268 3102/3102
f 3105/3105 3272/3272 3102/3102
f 3697/3697 3696/3696 3707/3707
f 4190/4190 4193/4193 4230/4230
f 3894/3894 4165/4165 3619/3619
f 4193/4193 4226/4226 4230/4230
f 4226/4226 4231/4231 4230/4230
f 4227/4227 4231/4231 4226/4226
f 4228/4228 4200/4200 4202/4202
f 4227/4227 4228/4228 4231/4231
f 4167/4167 4140/4140 4162/4162
f 4140/4140 4204/4204 4162/4162
f 4236/4236 4204/4204 4190/4190
f 4236/4236 4190/4190 4230/4230
f 4235/4235 4222/4222 4344/4344
f 4228/4228 4202/4202 4265/4265
f 4228/4228 4280/4280 4232/4232
f 4231/4231 4228/4228 4232/4232
f 4291/4291 4293/4293 4297/4297
f 4317/4317 4297/4297 4293/4293
f 4293/4293 4301/4301 4317/4317
f 4344/4344 4239/4239 4235/4235
f 4354/4354 4239/4239 4349/4349
f 4247/4247 4354/4354 4352/4352
f 4376/4376 4247/4247 4352/4352
f 4353/4353 4332/4332 4352/4352
f 4332/4332 4376/4376 4352/4352
f 4379/4379 4377/4377 4376/4376
f 4379/4379 4376/4376 4382/4382
f 4372/4372 4370/4370 4374/4374
f 4391/4391 4372/4372 4392/4392
f 4372/4372 4388/4388 4392/4392
f 4535/4535 4536/4536 4537/4537
f 4538/4538 4539/4539 4540/4540
f 4541/4541 4542/4542 4543/4543
f 4541/4541 4544/4544 4545/4545
f 4544/4544 4541/4541 4543/4543
f 4544/4544 4546/4546 4545/4545
f 4547/4547 4548/4548 4549/4549
f 4550/4550 4544/4544 4543/4543
f 4546/4546 4544/4544 4551/4551
f 4549/4549 4548/4548 4552/4552
f 4550/4550 4543/4543 4554/4554
f 4551/4551 4544/4544 4550/4550
f 4551/4551 4550/4550 4554/4554
f 4542/4542 4555/4555 4556/4556
f 4556/4556 4543/4543 4542/4542
f 4557/4557 4558/4558 4559/4559
f 4548/4548 4547/4547 4539/4539
f 4546/4546 4560/4560 4561/4561
f 4562/4562 4563/4563 4564/4564
f 4564/4564 4559/4559 4558/4558
f 4565/4565 4560/4560 4546/4546
f 4566/4566 4548/4548 4539/4539
f 4537/4537 4560/4560 4565/4565
f 4567/4567 4558/4558 4557/4557
f 4568/4568 4562/4562 4564/4564
f 4565/4565 4546/4546 4569/4569
f 4558/4558 4568/4568 4564/4564
f 4570/4570 4537/4537 4565/4565
f 4548/4548 4571/4571 4552/4552
f 4554/4554 4543/4543 4563/4563
f 4563/4563 4543/4543 4556/4556
f 4567/4567 4568/4568 4558/4558
f 4572/4572 4571/4571 4548/4548
f 4551/4551 4569/4569 4546/4546
f 4567/4567 4573/4573 4568/4568
f 4574/4574 4573/4573 4567/4567
f 4575/4575 4551/4551 4576/4576
f 4575/4575 4569/4569 4551/4551
f 4576/4576 4551/4551 4554/4554
f 4569/4569 4575/4575 4565/4565
f 4566/4566 4572/4572 4548/4548
f 4562/4562 4554/4554 4563/4563
f 4554/4554 4562/4562 4576/4576
f 4577/4577 4575/4575 4578/4578
f 4576/4576 4562/4562 4573/4573
f 4538/4538 4566/4566 4539/4539
f 4578/4578 4575/4575 4576/4576
f 4573/4573 4578/4578 4576/4576
f 4568/4568 4573/4573 4562/4562
f 4538/4538 4572/4572 4566/4566
f 4577/4577 4565/4565 4575/4575
f 4553/4553 4579/4579 1593/1593
f 1593/1593 4579/4579 1730/1730
f 4574/4574 4578/4578 4573/4573
f 4581/4581 4582/4582 4583/4583
f 4580/4580 4584/4584 4538/4538
f 4584/4584 4572/4572 4538/4538
f 4591/4591 2079/2079 2163/2163
f 4585/4585 4581/4581 4583/4583
f 4586/4586 4585/4585 4583/4583
f 4588/4588 1743/1743 1729/1729
f 4580/4580 4572/4572 4584/4584
f 4590/4590 4572/4572 4580/4580
f 4591/4591 2163/2163 4587/4587
f 4572/4572 4590/4590 4592/4592
f 1730/1730 4588/4588 1729/1729
f 4593/4593 4580/4580 4589/4589
f 4585/4585 4567/4567 4557/4557
f 4590/4590 4580/4580 4593/4593
f 4594/4594 4588/4588 1730/1730
f 2337/2337 4591/4591 4597/4597
f 4598/4598 4590/4590 4593/4593
f 4600/4600 2337/2337 4597/4597
f 4585/4585 4586/4586 4567/4567
f 1730/1730 4579/4579 4594/4594
f 4599/4599 4567/4567 4586/4586
f 4602/4602 4603/4603 4604/4604
f 4594/4594 4579/4579 4605/4605
f 4587/4587 4603/4603 4601/4601
f 4601/4601 4603/4603 4602/4602
f 4586/4586 4606/4606 4599/4599
f 4607/4607 4602/4602 4608/4608
f 4580/4580 4538/4538 4609/4609
f 4601/4601 4591/4591 4587/4587
f 4604/4604 4608/4608 4602/4602
f 4610/4610 4580/4580 4609/4609
f 4589/4589 4580/4580 4610/4610
f 4596/4596 4567/4567 4599/4599
f 4605/4605 4611/4611 4594/4594
f 4589/4589 4610/4610 4612/4612
f 4614/4614 4608/4608 4615/4615
f 4610/4610 4613/4613 4612/4612
f 4616/4616 4594/4594 4611/4611
f 4574/4574 4567/4567 4596/4596
f 4614/4614 4607/4607 4608/4608
f 4591/4591 4601/4601 4618/4618
f 4599/4599 4619/4619 4596/4596
f 4620/4620 4618/4618 4601/4601
f 4601/4601 4602/4602 4620/4620
f 4618/4618 4597/4597 4591/4591
f 4619/4619 4574/4574 4596/4596
f 4621/4621 4597/4597 4618/4618
f 4622/4622 4574/4574 4619/4619
f 4622/4622 4617/4617 4574/4574
f 4621/4621 4618/4618 4620/4620
f 4607/4607 4621/4621 4620/4620
f 4623/4623 4616/4616 4611/4611
f 4602/4602 4607/4607 4620/4620
f 4624/4624 4589/4589 4612/4612
f 4624/4624 4612/4612 4625/4625
f 4625/4625 4612/4612 4613/4613
f 4597/4597 4621/4621 4600/4600
f 4619/4619 4599/4599 4626/4626
f 4621/4621 4607/4607 4627/4627
f 4589/4589 4624/4624 4593/4593
f 4624/4624 4595/4595 4593/4593
f 4617/4617 4622/4622 4628/4628
f 4629/4629 4630/4630 4631/4631
f 4632/4632 4619/4619 4626/4626
f 4622/4622 4619/4619 4632/4632
f 4633/4633 4622/4622 4632/4632
f 4634/4634 4628/4628 4622/4622
f 3028/3028 3030/3030 4635/4635
f 3029/3029 3028/3028 4635/4635
f 4633/4633 4634/4634 4622/4622
f 4628/4628 4636/4636 4617/4617
f 4614/4614 4627/4627 4607/4607
f 4628/4628 4634/4634 4637/4637
f 4637/4637 4638/4638 4628/4628
f 4638/4638 4639/4639 4628/4628
f 3037/3037 4635/4635 3030/3030
f 4638/4638 4640/4640 4639/4639
f 4641/4641 4640/4640 4638/4638
f 4631/4631 4635/4635 4629/4629
f 4642/4642 4641/4641 4638/4638
f 4643/4643 4641/4641 4642/4642
f 4627/4627 4600/4600 4621/4621
f 4644/4644 4645/4645 4646/4646
f 4647/4647 4648/4648 4645/4645
f 4644/4644 4647/4647 4645/4645
f 2966/2966 1779/1779 667/667
f 3037/3037 4629/4629 4635/4635
f 4578/4578 4649/4649 4577/4577
f 4650/4650 4629/4629 3037/3037
f 4644/4644 4646/4646 4577/4577
f 4649/4649 4644/4644 4577/4577
f 4652/4652 4644/4644 4649/4649
f 4653/4653 4647/4647 4644/4644
f 4650/4650 3037/3037 3042/3042
f 4655/4655 4654/4654 4647/4647
f 4650/4650 4630/4630 4629/4629
f 4578/4578 4617/4617 4649/4649
f 4614/4614 4651/4651 4627/4627
f 4656/4656 4649/4649 4617/4617
f 4656/4656 4652/4652 4649/4649
f 4652/4652 4653/4653 4644/4644
f 4574/4574 4617/4617 4578/4578
f 4553/4553 1593/1593 1779/1779
f 4656/4656 4617/4617 4636/4636
f 4658/4658 4656/4656 4636/4636
f 4647/4647 4653/4653 4655/4655
f 4652/4652 4655/4655 4653/4653
f 4659/4659 4657/4657 4630/4630
f 4660/4660 4657/4657 4659/4659
f 4661/4661 4652/4652 4656/4656
f 4661/4661 4655/4655 4652/4652
f 4658/4658 4661/4661 4656/4656
f 4662/4662 4613/4613 4657/4657
f 4657/4657 4613/4613 4663/4663
f 4664/4664 4661/4661 4658/4658
f 4664/4664 4655/4655 4661/4661
f 4665/4665 4613/4613 4662/4662
f 4657/4657 4660/4660 4662/4662
f 4630/4630 4660/4660 4659/4659
f 4650/4650 4660/4660 4630/4630
f 4668/4668 4647/4647 4654/4654
f 4669/4669 2966/2966 2984/2984
f 4660/4660 4670/4670 4662/4662
f 2966/2966 4669/4669 1779/1779
f 4655/4655 4673/4673 4654/4654
f 4585/4585 4671/4671 4582/4582
f 4581/4581 4585/4585 4582/4582
f 4674/4674 4615/4615 4608/4608
f 4669/4669 2984/2984 4675/4675
f 4654/4654 4672/4672 4668/4668
f 4676/4676 3054/3054 3051/3051
f 4677/4677 4615/4615 4674/4674
f 4639/4639 4658/4658 4636/4636
f 3042/3042 4679/4679 4650/4650
f 4639/4639 4664/4664 4658/4658
f 4664/4664 4673/4673 4655/4655
f 4553/4553 1779/1779 4669/4669
f 4678/4678 3042/3042 3052/3052
f 4639/4639 4673/4673 4664/4664
f 4679/4679 3042/3042 4678/4678
f 4628/4628 4639/4639 4636/4636
f 4680/4680 4673/4673 4639/4639
f 4640/4640 4680/4680 4639/4639
f 4669/4669 4681/4681 4553/4553
f 4673/4673 4672/4672 4654/4654
f 4682/4682 3052/3052 3054/3054
f 4673/4673 4680/4680 4683/4683
f 4684/4684 4676/4676 3051/3051
f 4676/4676 4682/4682 3054/3054
f 4678/4678 4685/4685 4679/4679
f 4683/4683 4672/4672 4673/4673
f 4682/4682 4678/4678 3052/3052
f 4675/4675 4681/4681 4669/4669
f 4682/4682 4686/4686 4687/4687
f 4678/4678 4682/4682 4687/4687
f 4686/4686 4682/4682 4676/4676
f 4686/4686 4676/4676 4688/4688
f 4640/4640 4689/4689 4680/4680
f 4641/4641 4689/4689 4640/4640
f 4685/4685 4678/4678 4687/4687
f 4685/4685 4687/4687 4686/4686
f 4690/4690 4641/4641 4643/4643
f 4689/4689 4683/4683 4680/4680
f 4685/4685 4686/4686 4691/4691
f 4689/4689 4690/4690 4683/4683
f 4683/4683 4690/4690 4692/4692
f 4689/4689 4641/4641 4690/4690
f 4660/4660 4650/4650 4693/4693
f 4693/4693 4670/4670 4660/4660
f 4694/4694 4670/4670 4693/4693
f 4690/4690 4695/4695 4692/4692
f 4681/4681 4579/4579 4553/4553
f 4670/4670 4694/4694 4696/4696
f 4681/4681 4697/4697 4579/4579
f 4698/4698 4694/4694 4699/4699
f 4605/4605 4697/4697 4681/4681
f 4693/4693 4650/4650 4679/4679
f 4614/4614 4668/4668 4701/4701
f 4685/4685 4693/4693 4679/4679
f 4700/4700 4701/4701 4668/4668
f 4702/4702 4693/4693 4685/4685
f 4703/4703 4677/4677 4535/4535
f 4703/4703 4535/4535 4537/4537
f 4605/4605 4579/4579 4697/4697
f 4693/4693 4702/4702 4694/4694
f 4703/4703 4615/4615 4677/4677
f 4699/4699 4694/4694 4702/4702
f 4570/4570 4703/4703 4537/4537
f 4704/4704 4702/4702 4685/4685
f 4704/4704 4699/4699 4702/4702
f 4668/4668 4672/4672 4700/4700
f 4705/4705 4699/4699 4704/4704
f 4675/4675 2984/2984 2881/2881
f 4705/4705 4704/4704 4706/4706
f 4706/4706 4707/4707 4705/4705
f 4707/4707 4708/4708 4705/4705
f 4672/4672 4709/4709 4700/4700
f 4704/4704 4685/4685 4706/4706
f 4577/4577 4710/4710 4565/4565
f 4706/4706 4685/4685 4707/4707
f 4709/4709 4711/4711 4700/4700
f 4691/4691 4707/4707 4685/4685
f 4646/4646 4710/4710 4577/4577
f 4710/4710 4645/4645 4648/4648
f 4646/4646 4645/4645 4710/4710
f 4707/4707 4691/4691 4712/4712
f 4710/4710 4570/4570 4565/4565
f 4703/4703 4570/4570 4648/4648
f 4648/4648 4615/4615 4703/4703
f 4710/4710 4648/4648 4570/4570
f 4648/4648 4647/4647 4615/4615
f 4713/4713 4698/4698 4699/4699
f 4714/4714 4699/4699 4705/4705
f 4705/4705 4708/4708 4714/4714
f 4715/4715 4711/4711 4709/4709
f 4647/4647 4614/4614 4615/4615
f 4714/4714 4713/4713 4699/4699
f 4711/4711 4716/4716 4717/4717
f 4716/4716 4711/4711 4715/4715
f 4716/4716 4715/4715 4718/4718
f 4717/4717 4716/4716 4718/4718
f 4707/4707 4712/4712 4708/4708
f 4595/4595 4598/4598 4593/4593
f 4595/4595 4719/4719 4598/4598
f 4701/4701 4700/4700 4720/4720
f 4720/4720 4700/4700 4717/4717
f 4665/4665 4625/4625 4613/4613
f 4711/4711 4717/4717 4700/4700
f 4721/4721 4625/4625 4665/4665
f 4722/4722 4723/4723 4717/4717
f 4605/4605 4681/4681 4675/4675
f 4722/4722 4717/4717 4718/4718
f 4624/4624 4625/4625 4724/4724
f 4709/4709 4683/4683 4725/4725
f 4726/4726 4725/4725 4683/4683
f 4709/4709 4672/4672 4683/4683
f 4727/4727 4605/4605 4675/4675
f 4662/4662 4670/4670 4665/4665
f 4728/4728 4725/4725 4726/4726
f 4721/4721 4724/4724 4625/4625
f 4692/4692 4726/4726 4683/4683
f 4666/4666 4651/4651 4614/4614
f 4724/4724 4721/4721 4729/4729
f 4624/4624 4724/4724 4595/4595
f 4728/4728 4726/4726 4692/4692
f 4730/4730 4595/4595 4724/4724
f 4731/4731 4728/4728 4692/4692
f 4725/4725 4732/4732 4709/4709
f 4730/4730 4724/4724 4729/4729
f 4732/4732 4715/4715 4709/4709
f 4701/4701 4666/4666 4614/4614
f 4725/4725 4728/4728 4732/4732
f 4728/4728 4733/4733 4732/4732
f 4732/4732 4733/4733 4715/4715
f 2889/2889 4734/4734 2881/2881
f 4718/4718 4715/4715 4733/4733
f 4719/4719 4595/4595 4730/4730
f 4728/4728 4731/4731 4733/4733
f 4735/4735 4719/4719 4730/4730
f 4736/4736 4737/4737 4692/4692
f 4719/4719 4738/4738 4739/4739
f 4675/4675 2881/2881 4727/4727
f 4696/4696 4665/4665 4670/4670
f 4734/4734 4727/4727 2881/2881
f 4731/4731 4692/4692 4737/4737
f 4721/4721 4665/4665 4696/4696
f 4666/4666 4740/4740 4741/4741
f 4742/4742 4721/4721 4696/4696
f 4743/4743 4733/4733 4731/4731
f 4743/4743 4731/4731 4737/4737
f 4698/4698 4696/4696 4694/4694
f 4743/4743 4744/4744 4733/4733
f 4721/4721 4742/4742 4745/4745
f 4746/4746 4743/4743 4737/4737
f 4698/4698 4742/4742 4696/4696
f 4744/4744 4743/4743 4747/4747
f 4749/4749 4599/4599 4750/4750
f 4745/4745 4729/4729 4721/4721
f 4701/4701 4740/4740 4666/4666
f 4748/4748 4727/4727 4734/4734
f 4668/4668 4614/4614 4647/4647
f 4749/4749 4626/4626 4599/4599
f 4713/4713 4752/4752 4698/4698
f 4752/4752 4742/4742 4698/4698
f 4754/4754 4745/4745 4742/4742
f 4727/4727 4753/4753 4605/4605
f 4754/4754 4742/4742 4752/4752
f 4754/4754 4752/4752 4756/4756
f 4754/4754 4751/4751 4745/4745
f 4611/4611 4605/4605 4753/4753
f 4751/4751 4754/4754 4756/4756
f 4713/4713 4756/4756 4752/4752
f 4758/4758 4713/4713 4759/4759
f 4756/4756 4713/4713 4758/4758
f 4760/4760 4708/4708 4761/4761
f 4753/4753 4623/4623 4611/4611
f 4762/4762 4763/4763 4626/4626
f 4763/4763 4632/4632 4626/4626
f 4763/4763 4633/4633 4632/4632
f 4762/4762 4633/4633 4763/4763
f 4745/4745 4730/4730 4729/4729
f 4745/4745 4735/4735 4730/4730
f 4751/4751 4735/4735 4745/4745
f 4637/4637 4764/4764 4638/4638
f 4638/4638 4764/4764 4642/4642
f 4765/4765 4634/4634 4633/4633
f 4765/4765 4633/4633 4762/4762
f 4740/4740 4701/4701 4720/4720
f 4765/4765 4637/4637 4634/4634
f 4637/4637 4765/4765 4766/4766
f 4767/4767 4642/4642 4764/4764
f 4768/4768 4764/4764 4637/4637
f 4764/4764 4768/4768 4767/4767
f 4749/4749 4762/4762 4626/4626
f 4738/4738 4719/4719 4769/4769
f 4770/4770 4623/4623 4753/4753
f 4769/4769 4735/4735 4751/4751
f 4769/4769 4719/4719 4735/4735
f 4771/4771 4623/4623 4770/4770
f 4765/4765 4762/4762 4772/4772
f 4757/4757 4769/4769 4751/4751
f 4765/4765 4772/4772 4766/4766
f 4766/4766 4768/4768 4637/4637
f 4766/4766 4773/4773 4768/4768
f 4773/4773 4766/4766 4774/4774
f 4775/4775 4738/4738 4769/4769
f 4776/4776 4643/4643 4642/4642
f 4695/4695 4690/4690 4643/4643
f 4775/4775 4769/4769 4777/4777
f 4776/4776 4695/4695 4643/4643
f 4767/4767 4776/4776 4642/4642
f 4776/4776 4767/4767 4778/4778
f 4779/4779 4780/4780 4571/4571
f 4781/4781 4753/4753 4727/4727
f 4727/4727 4748/4748 4781/4781
f 4768/4768 4773/4773 4767/4767
f 4778/4778 4773/4773 4782/4782
f 4773/4773 4778/4778 4767/4767
f 4776/4776 4778/4778 4783/4783
f 4784/4784 4782/4782 4773/4773
f 4773/4773 4785/4785 4784/4784
f 4783/4783 4778/4778 4782/4782
f 4787/4787 4786/4786 4779/4779
f 4753/4753 4781/4781 4788/4788
f 4592/4592 4779/4779 4571/4571
f 4783/4783 4789/4789 4776/4776
f 4592/4592 4571/4571 4572/4572
f 2889/2889 2880/2880 3069/3069
f 4788/4788 4770/4770 4753/4753
f 4790/4790 4787/4787 4779/4779
f 4791/4791 4787/4787 4790/4790
f 4592/4592 4792/4792 4779/4779
f 4792/4792 4790/4790 4779/4779
f 4582/4582 4671/4671 4770/4770
f 4790/4790 4793/4793 4791/4791
f 4794/4794 4749/4749 4780/4780
f 4794/4794 4779/4779 4786/4786
f 4794/4794 4786/4786 4795/4795
f 4796/4796 4795/4795 4786/4786
f 4797/4797 4795/4795 4796/4796
f 4770/4770 4788/4788 4582/4582
f 4780/4780 4779/4779 4794/4794
f 4796/4796 4798/4798 4797/4797
f 4798/4798 4796/4796 4799/4799
f 4800/4800 4798/4798 4799/4799
f 4801/4801 4798/4798 4802/4802
f 4786/4786 4787/4787 4796/4796
f 4791/4791 4796/4796 4787/4787
f 4749/4749 4755/4755 4780/4780
f 4791/4791 4799/4799 4796/4796
f 4802/4802 4798/4798 4803/4803
f 4803/4803 4798/4798 4800/4800
f 4549/4549 4755/4755 4547/4547
f 4802/4802 4803/4803 4804/4804
f 4780/4780 4755/4755 4549/4549
f 4804/4804 4803/4803 4805/4805
f 4806/4806 4800/4800 4799/4799
f 4552/4552 4780/4780 4549/4549
f 4571/4571 4780/4780 4552/4552
f 4807/4807 4806/4806 4799/4799
f 4582/4582 4788/4788 4583/4583
f 4799/4799 4791/4791 4807/4807
f 4793/4793 4807/4807 4791/4791
f 2045/2045 1743/1743 4588/4588
f 4800/4800 4806/4806 4808/4808
f 4809/4809 4762/4762 4749/4749
f 4810/4810 4806/4806 4807/4807
f 4809/4809 4772/4772 4762/4762
f 4811/4811 4766/4766 4772/4772
f 4812/4812 4808/4808 4806/4806
f 4813/4813 4774/4774 4766/4766
f 4811/4811 4813/4813 4766/4766
f 4748/4748 4734/4734 4814/4814
f 4814/4814 4815/4815 4748/4748
f 4794/4794 4809/4809 4749/4749
f 4811/4811 4772/4772 4809/4809
f 4809/4809 4794/4794 4811/4811
f 4816/4816 2043/2043 2045/2045
f 4817/4817 4811/4811 4818/4818
f 4819/4819 4792/4792 4592/4592
f 4792/4792 4820/4820 4793/4793
f 4793/4793 4790/4790 4792/4792
f 4818/4818 4811/4811 4794/4794
f 4795/4795 4818/4818 4794/4794
f 2045/2045 4588/4588 4594/4594
f 4821/4821 4792/4792 4819/4819
f 2889/2889 3069/3069 3075/3075
f 4811/4811 4774/4774 4813/4813
f 4817/4817 4774/4774 4811/4811
f 4774/4774 4817/4817 4822/4822
f 4820/4820 4792/4792 4821/4821
f 4774/4774 4785/4785 4773/4773
f 4820/4820 4807/4807 4793/4793
f 4774/4774 4784/4784 4785/4785
f 4822/4822 4784/4784 4774/4774
f 4810/4810 4823/4823 4806/4806
f 4782/4782 4784/4784 4822/4822
f 4821/4821 4824/4824 4820/4820
f 4824/4824 4807/4807 4820/4820
f 4824/4824 4810/4810 4807/4807
f 4825/4825 4824/4824 4821/4821
f 4824/4824 4826/4826 4810/4810
f 4827/4827 4823/4823 4810/4810
f 4826/4826 4827/4827 4810/4810
f 4828/4828 4783/4783 4782/4782
f 4822/4822 4801/4801 4782/4782
f 4829/4829 4592/4592 4590/4590
f 2067/2067 2044/2044 2070/2070
f 4818/4818 4795/4795 4797/4797
f 4797/4797 4817/4817 4818/4818
f 4830/4830 2068/2068 2070/2070
f 4822/4822 4817/4817 4801/4801
f 4817/4817 4797/4797 4801/4801
f 4798/4798 4801/4801 4797/4797
f 3075/3075 4734/4734 2889/2889
f 4802/4802 4782/4782 4801/4801
f 2043/2043 2070/2070 2044/2044
f 3075/3075 4831/4831 4734/4734
f 4832/4832 4830/4830 2070/2070
f 4592/4592 4833/4833 4819/4819
f 4833/4833 4821/4821 4819/4819
f 4833/4833 4834/4834 4821/4821
f 4835/4835 4833/4833 4592/4592
f 4833/4833 4835/4835 4834/4834
f 4825/4825 4821/4821 4834/4834
f 4802/4802 4828/4828 4782/4782
f 4826/4826 4824/4824 4825/4825
f 4828/4828 4802/4802 4804/4804
f 4831/4831 4814/4814 4734/4734
f 4838/4838 2070/2070 2043/2043
f 4829/4829 4835/4835 4592/4592
f 4789/4789 4783/4783 4839/4839
f 4825/4825 4834/4834 4840/4840
f 4841/4841 4842/4842 4789/4789
f 4840/4840 4837/4837 4825/4825
f 4839/4839 4841/4841 4789/4789
f 4843/4843 4844/4844 4841/4841
f 4826/4826 4825/4825 4837/4837
f 4843/4843 4841/4841 4845/4845
f 4846/4846 4839/4839 4783/4783
f 4839/4839 4846/4846 4845/4845
f 4847/4847 4845/4845 4846/4846
f 4848/4848 4849/4849 4804/4804
f 4594/4594 4616/4616 2045/2045
f 4848/4848 4850/4850 4849/4849
f 4805/4805 4848/4848 4804/4804
f 4800/4800 4805/4805 4803/4803
f 4828/4828 4846/4846 4783/4783
f 4616/4616 4816/4816 2045/2045
f 4851/4851 4852/4852 4850/4850
f 4849/4849 4847/4847 4846/4846
f 4848/4848 4851/4851 4850/4850
f 4847/4847 4853/4853 4845/4845
f 4845/4845 4841/4841 4839/4839
f 4805/4805 4800/4800 4854/4854
f 4805/4805 4851/4851 4848/4848
f 4853/4853 4843/4843 4845/4845
f 4800/4800 4808/4808 4854/4854
f 4805/4805 4854/4854 4851/4851
f 4854/4854 4855/4855 4851/4851
f 4852/4852 4856/4856 4857/4857
f 4847/4847 4858/4858 4853/4853
f 4858/4858 4843/4843 4853/4853
f 4851/4851 4856/4856 4852/4852
f 4859/4859 4857/4857 4856/4856
f 4860/4860 4843/4843 4858/4858
f 4861/4861 4856/4856 4851/4851
f 4859/4859 4862/4862 4857/4857
f 4861/4861 4862/4862 4859/4859
f 4861/4861 4859/4859 4856/4856
f 4863/4863 4864/4864 4862/4862
f 4846/4846 4828/4828 4804/4804
f 4865/4865 4852/4852 4866/4866
f 4857/4857 4866/4866 4852/4852
f 4748/4748 4815/4815 4781/4781
f 4857/4857 4867/4867 4866/4866
f 4857/4857 4868/4868 4867/4867
f 4804/4804 4849/4849 4846/4846
f 4857/4857 4862/4862 4868/4868
f 4812/4812 4854/4854 4808/4808
f 4847/4847 4849/4849 4850/4850
f 4788/4788 4781/4781 4815/4815
f 4869/4869 4616/4616 4623/4623
f 4812/4812 4855/4855 4854/4854
f 4847/4847 4850/4850 4858/4858
f 4823/4823 4812/4812 4806/4806
f 4869/4869 4816/4816 4616/4616
f 4870/4870 4860/4860 4858/4858
f 4865/4865 4858/4858 4850/4850
f 4852/4852 4865/4865 4850/4850
f 4851/4851 4855/4855 4861/4861
f 4865/4865 4866/4866 4867/4867
f 4865/4865 4870/4870 4858/4858
f 4870/4870 4865/4865 4867/4867
f 4862/4862 4861/4861 4863/4863
f 4860/4860 4872/4872 4843/4843
f 4838/4838 4873/4873 2070/2070
f 4788/4788 4815/4815 4871/4871
f 4861/4861 4875/4875 4863/4863
f 4855/4855 4875/4875 4861/4861
f 4876/4876 4863/4863 4875/4875
f 4860/4860 4874/4874 4877/4877
f 4862/4862 4864/4864 4868/4868
f 4860/4860 4878/4878 4874/4874
f 4878/4878 4860/4860 4870/4870
f 4816/4816 4838/4838 2043/2043
f 4879/4879 4874/4874 4878/4878
f 4879/4879 4880/4880 4874/4874
f 4881/4881 4874/4874 4880/4880
f 4877/4877 4874/4874 4881/4881
f 4879/4879 4881/4881 4880/4880
f 4867/4867 4879/4879 4870/4870
f 4879/4879 4878/4878 4870/4870
f 4882/4882 4883/4883 4884/4884
f 4868/4868 4884/4884 4867/4867
f 4884/4884 4868/4868 4864/4864
f 4884/4884 4879/4879 4867/4867
f 4864/4864 4882/4882 4884/4884
f 4814/4814 4871/4871 4815/4815
f 4883/4883 4879/4879 4884/4884
f 4885/4885 4882/4882 4864/4864
f 4882/4882 4885/4885 4886/4886
f 4887/4887 4838/4838 4816/4816
f 4881/4881 4888/4888 4877/4877
f 4885/4885 4889/4889 4886/4886
f 4838/4838 4887/4887 4873/4873
f 4881/4881 4890/4890 4888/4888
f 4891/4891 4892/4892 4873/4873
f 4891/4891 4873/4873 4887/4887
f 4890/4890 4881/4881 4886/4886
f 4893/4893 4890/4890 4886/4886
f 4883/4883 4882/4882 4879/4879
f 4869/4869 4887/4887 4816/4816
f 4871/4871 4583/4583 4788/4788
f 4886/4886 4881/4881 4882/4882
f 4882/4882 4881/4881 4879/4879
f 4864/4864 4863/4863 4876/4876
f 4836/4836 4692/4692 4695/4695
f 4876/4876 4885/4885 4864/4864
f 4789/4789 4695/4695 4776/4776
f 4789/4789 4836/4836 4695/4695
f 4876/4876 4894/4894 4885/4885
f 4895/4895 4891/4891 4887/4887
f 4836/4836 4896/4896 4692/4692
f 4889/4889 4885/4885 4897/4897
f 4885/4885 4898/4898 4897/4897
f 4899/4899 4895/4895 4887/4887
f 4900/4900 4898/4898 4885/4885
f 4901/4901 4898/4898 4900/4900
f 2068/2068 4830/4830 2118/2118
f 4902/4902 2118/2118 4830/4830
f 4903/4903 4736/4736 4896/4896
f 4902/4902 2119/2119 2117/2117
f 4902/4902 2117/2117 2118/2118
f 4736/4736 4692/4692 4896/4896
f 4904/4904 4737/4737 4736/4736
f 4736/4736 4903/4903 4904/4904
f 4905/4905 4902/4902 4830/4830
f 4832/4832 4905/4905 4830/4830
f 4832/4832 4906/4906 4905/4905
f 4906/4906 4907/4907 4905/4905
f 4907/4907 4902/4902 4905/4905
f 4896/4896 4836/4836 4789/4789
f 4837/4837 4827/4827 4826/4826
f 4827/4827 4837/4837 4908/4908
f 4896/4896 4789/4789 4842/4842
f 4827/4827 4910/4910 4909/4909
f 2120/2120 2119/2119 2143/2143
f 4827/4827 4908/4908 4910/4910
f 4896/4896 4842/4842 4912/4912
f 4844/4844 4912/4912 4842/4842
f 4911/4911 2143/2143 2119/2119
f 4844/4844 4914/4914 4912/4912
f 4914/4914 4903/4903 4912/4912
f 4837/4837 4913/4913 4908/4908
f 4915/4915 4910/4910 4908/4908
f 4844/4844 4842/4842 4841/4841
f 4916/4916 4915/4915 4908/4908
f 4907/4907 2119/2119 4902/4902
f 4910/4910 4875/4875 4909/4909
f 4918/4918 4875/4875 4910/4910
f 4917/4917 4844/4844 4843/4843
f 4919/4919 2119/2119 4907/4907
f 4872/4872 4917/4917 4843/4843
f 4919/4919 4911/4911 2119/2119
f 4918/4918 4910/4910 4920/4920
f 4920/4920 4910/4910 4921/4921
f 4923/4923 4910/4910 4915/4915
f 4746/4746 4737/4737 4922/4922
f 4906/4906 4832/4832 4924/4924
f 4925/4925 4923/4923 4915/4915
f 4921/4921 4910/4910 4923/4923
f 4903/4903 4914/4914 4904/4904
f 4924/4924 4919/4919 4906/4906
f 4926/4926 4920/4920 4921/4921
f 4925/4925 4921/4921 4923/4923
f 4927/4927 4921/4921 4925/4925
f 4737/4737 4904/4904 4922/4922
f 4606/4606 4871/4871 4814/4814
f 4922/4922 4904/4904 4928/4928
f 4929/4929 4920/4920 4926/4926
f 4922/4922 4928/4928 4930/4930
f 2070/2070 4924/4924 4832/4832
f 4931/4931 4929/4929 4926/4926
f 2070/2070 4873/4873 4924/4924
f 4932/4932 4933/4933 4929/4929
f 4924/4924 4934/4934 4919/4919
f 4935/4935 4930/4930 4928/4928
f 4936/4936 4931/4931 4926/4926
f 4932/4932 4929/4929 4931/4931
f 4922/4922 4930/4930 4746/4746
f 4919/4919 4907/4907 4906/4906
f 4746/4746 4930/4930 4937/4937
f 4930/4930 4935/4935 4938/4938
f 4939/4939 4930/4930 4938/4938
f 4940/4940 4933/4933 4932/4932
f 4930/4930 4939/4939 4937/4937
f 4941/4941 4942/4942 4933/4933
f 4943/4943 4937/4937 4939/4939
f 4941/4941 4933/4933 4940/4940
f 4944/4944 4911/4911 4919/4919
f 4945/4945 4942/4942 4941/4941
f 4945/4945 4941/4941 4946/4946
f 4812/4812 4823/4823 4855/4855
f 4919/4919 4934/4934 4947/4947
f 4947/4947 4944/4944 4919/4919
f 4747/4747 4746/4746 4937/4937
f 4743/4743 4746/4746 4747/4747
f 4827/4827 4855/4855 4823/4823
f 4747/4747 4937/4937 4943/4943
f 4827/4827 4909/4909 4855/4855
f 4844/4844 4904/4904 4914/4914
f 4904/4904 4844/4844 4935/4935
f 2144/2144 2139/2139 2143/2143
f 4938/4938 4935/4935 4844/4844
f 4935/4935 4928/4928 4904/4904
f 4948/4948 4876/4876 4875/4875
f 4844/4844 4917/4917 4938/4938
f 4909/4909 4875/4875 4855/4855
f 4911/4911 2144/2144 2143/2143
f 4911/4911 4949/4949 2144/2144
f 4872/4872 4938/4938 4917/4917
f 4918/4918 4948/4948 4875/4875
f 4948/4948 4894/4894 4876/4876
f 4938/4938 4872/4872 4950/4950
f 2144/2144 2146/2146 2142/2142
f 4951/4951 2146/2146 2144/2144
f 4900/4900 4894/4894 4948/4948
f 4952/4952 4939/4939 4938/4938
f 4900/4900 4885/4885 4894/4894
f 4952/4952 4938/4938 4950/4950
f 2148/2148 2146/2146 4951/4951
f 4954/4954 2149/2149 2148/2148
f 4606/4606 4583/4583 4871/4871
f 4900/4900 4948/4948 4953/4953
f 4949/4949 4951/4951 2144/2144
f 4948/4948 4955/4955 4953/4953
f 4955/4955 4948/4948 4918/4918
f 4956/4956 4900/4900 4953/4953
f 4951/4951 4954/4954 2148/2148
f 4955/4955 4956/4956 4953/4953
f 4954/4954 4951/4951 4958/4958
f 4583/4583 4606/4606 4586/4586
f 4959/4959 4898/4898 4901/4901
f 4959/4959 4897/4897 4898/4898
f 4949/4949 4911/4911 4944/4944
f 4901/4901 4960/4960 4959/4959
f 4956/4956 4901/4901 4900/4900
f 4951/4951 4949/4949 4958/4958
f 4901/4901 4956/4956 4961/4961
f 4962/4962 4961/4961 4956/4956
f 4963/4963 4964/4964 4958/4958
f 4964/4964 4954/4954 4958/4958
f 4872/4872 4860/4860 4877/4877
f 4901/4901 4965/4965 4960/4960
f 4877/4877 4950/4950 4872/4872
f 4961/4961 4962/4962 4965/4965
f 4961/4961 4965/4965 4901/4901
f 4966/4966 4949/4949 4944/4944
f 4967/4967 4952/4952 4950/4950
f 4920/4920 4955/4955 4918/4918
f 4929/4929 4955/4955 4920/4920
f 4950/4950 4888/4888 4967/4967
f 4958/4958 4949/4949 4963/4963
f 4956/4956 4955/4955 4933/4933
f 4888/4888 4950/4950 4877/4877
f 4968/4968 4963/4963 4949/4949
f 4955/4955 4929/4929 4933/4933
f 4933/4933 4962/4962 4956/4956
f 4962/4962 4933/4933 4942/4942
f 4969/4969 4962/4962 4942/4942
f 4970/4970 2149/2149 4964/4964
f 4971/4971 4965/4965 4962/4962
f 4964/4964 2149/2149 4954/4954
f 4969/4969 4971/4971 4962/4962
f 4970/4970 2163/2163 2149/2149
f 4945/4945 4969/4969 4942/4942
f 4969/4969 4945/4945 4971/4971
f 4945/4945 4972/4972 4971/4971
f 4945/4945 4973/4973 4972/4972
f 4974/4974 4972/4972 4973/4973
f 4598/4598 4829/4829 4590/4590
f 4829/4829 4598/4598 4975/4975
f 4835/4835 4829/4829 4976/4976
f 4750/4750 4599/4599 4606/4606
f 4975/4975 4976/4976 4829/4829
f 4970/4970 4964/4964 4977/4977
f 4978/4978 4976/4976 4975/4975
f 4976/4976 4834/4834 4835/4835
f 4840/4840 4834/4834 4976/4976
f 4977/4977 4964/4964 4963/4963
f 4587/4587 2163/2163 4970/4970
f 4979/4979 4837/4837 4840/4840
f 4837/4837 4979/4979 4913/4913
f 4980/4980 4976/4976 4978/4978
f 4980/4980 4840/4840 4976/4976
f 4981/4981 3075/3075 4982/4982
f 4831/4831 3075/3075 4981/4981
f 4983/4983 4979/4979 4840/4840
f 4979/4979 4983/4983 4984/4984
f 4980/4980 4983/4983 4840/4840
f 2337/2337 4600/4600 4985/4985
f 4739/4739 4975/4975 4598/4598
f 4739/4739 4598/4598 4719/4719
f 4627/4627 4985/4985 4600/4600
f 4986/4986 4975/4975 4739/4739
f 4986/4986 4978/4978 4975/4975
f 4978/4978 4986/4986 4980/4980
f 4924/4924 4873/4873 4934/4934
f 4985/4985 2336/2336 2337/2337
f 4892/4892 4934/4934 4873/4873
f 4987/4987 4983/4983 4980/4980
f 4980/4980 4986/4986 4987/4987
f 4934/4934 4988/4988 4947/4947
f 4989/4989 4985/4985 4627/4627
f 4892/4892 4988/4988 4934/4934
f 4990/4990 4988/4988 4892/4892
f 4988/4988 4990/4990 4991/4991
f 4984/4984 4992/4992 4913/4913
f 4908/4908 4913/4913 4992/4992
f 4947/4947 4993/4993 4944/4944
f 4944/4944 4993/4993 4966/4966
f 4991/4991 4993/4993 4947/4947
f 4908/4908 4992/4992 4916/4916
f 4984/4984 4913/4913 4979/4979
f 4991/4991 4947/4947 4988/4988
f 2336/2336 4985/4985 2423/2423
f 4991/4991 4994/4994 4993/4993
f 4995/4995 2422/2422 2423/2423
f 4994/4994 4966/4966 4993/4993
f 4992/4992 4996/4996 4916/4916
f 4997/4997 4992/4992 4984/4984
f 4997/4997 4998/4998 4992/4992
f 4891/4891 4990/4990 4892/4892
f 4999/4999 4995/4995 2423/2423
f 5000/5000 4925/4925 4916/4916
f 5000/5000 4927/4927 4925/4925
f 4999/4999 2424/2424 4995/4995
f 4916/4916 4925/4925 4915/4915
f 5001/5001 4990/4990 4891/4891
f 2422/2422 2389/2389 2423/2423
f 5001/5001 5002/5002 4990/4990
f 2424/2424 2422/2422 4995/4995
f 5003/5003 4921/4921 4927/4927
f 4990/4990 5002/5002 4991/4991
f 4991/4991 5002/5002 4994/4994
f 4996/4996 5000/5000 4916/4916
f 4998/4998 4996/4996 4992/4992
f 4968/4968 4966/4966 4994/4994
f 4968/4968 4994/4994 5005/5005
f 5006/5006 4927/4927 5000/5000
f 5005/5005 4994/4994 5002/5002
f 5007/5007 5002/5002 5001/5001
f 5007/5007 5008/5008 5002/5002
f 5007/5007 5009/5009 5008/5008
f 5008/5008 5005/5005 5002/5002
f 5011/5011 2423/2423 4985/4985
f 5012/5012 5005/5005 5008/5008
f 5004/5004 4831/4831 5010/5010
f 4989/4989 5011/5011 4985/4985
f 5013/5013 5014/5014 5015/5015
f 4651/4651 5011/5011 4989/4989
f 5016/5016 4831/4831 4981/4981
f 5001/5001 4891/4891 4895/4895
f 4984/4984 4983/4983 5015/5015
f 4831/4831 5016/5016 5010/5010
f 4984/4984 5015/5015 4997/4997
f 5011/5011 4999/4999 2423/2423
f 4997/4997 5015/5015 5014/5014
f 5005/5005 5017/5017 4968/4968
f 4987/4987 5015/5015 4983/4983
f 4999/4999 5011/5011 5018/5018
f 5019/5019 5017/5017 5005/5005
f 5011/5011 4651/4651 5020/5020
f 5012/5012 5019/5019 5005/5005
f 4996/4996 4998/4998 5000/5000
f 4998/4998 4997/4997 5014/5014
f 5021/5021 5006/5006 5000/5000
f 5022/5022 5023/5023 5019/5019
f 5024/5024 4998/4998 5014/5014
f 4651/4651 4989/4989 4627/4627
f 5024/5024 5025/5025 4998/4998
f 5013/5013 5024/5024 5014/5014
f 5026/5026 5025/5025 5024/5024
f 5025/5025 5000/5000 4998/4998
f 5021/5021 5000/5000 5025/5025
f 4968/4968 4949/4949 4966/4966
f 5003/5003 4926/4926 4921/4921
f 4936/4936 4926/4926 5003/5003
f 5027/5027 4977/4977 4963/4963
f 5028/5028 4936/4936 5003/5003
f 4936/4936 4932/4932 4931/4931
f 4936/4936 4940/4940 4932/4932
f 4963/4963 4968/4968 5017/5017
f 5027/5027 4963/4963 5017/5017
f 5029/5029 4940/4940 4936/4936
f 4970/4970 5027/5027 5030/5030
f 5027/5027 4970/4970 4977/4977
f 5031/5031 5030/5030 5027/5027
f 5032/5032 5003/5003 4927/4927
f 5003/5003 5032/5032 5028/5028
f 5033/5033 4936/4936 5028/5028
f 4982/4982 3075/3075 2941/2941
f 5034/5034 4936/4936 5033/5033
f 5018/5018 5011/5011 5020/5020
f 5020/5020 5035/5035 5018/5018
f 5031/5031 5027/5027 5017/5017
f 5029/5029 4941/4941 4940/4940
f 5029/5029 4946/4946 4941/4941
f 4651/4651 4666/4666 5020/5020
f 4666/4666 4667/4667 5020/5020
f 4587/4587 4970/4970 5030/5030
f 4973/4973 4945/4945 4946/4946
f 2951/2951 4982/4982 2941/2941
f 4974/4974 4973/4973 4946/4946
f 4974/4974 4946/4946 5029/5029
f 5036/5036 4974/4974 5029/5029
f 5034/5034 5029/5029 4936/4936
f 5036/5036 5029/5029 5034/5034
f 4974/4974 5036/5036 5037/5037
f 5038/5038 5037/5037 5036/5036
f 5036/5036 5034/5034 5039/5039
f 4604/4604 4603/4603 5030/5030
f 5040/5040 4982/4982 2951/2951
f 5032/5032 5006/5006 5041/5041
f 5042/5042 4982/4982 5040/5040
f 5041/5041 5043/5043 5032/5032
f 4603/4603 4587/4587 5030/5030
f 5023/5023 5031/5031 5017/5017
f 5028/5028 5032/5032 5043/5043
f 5043/5043 5033/5033 5028/5028
f 5023/5023 5030/5030 5031/5031
f 5023/5023 4604/4604 5030/5030
f 5043/5043 5044/5044 5033/5033
f 5023/5023 5017/5017 5019/5019
f 5021/5021 5041/5041 5006/5006
f 5041/5041 5021/5021 5045/5045
f 5045/5045 5043/5043 5041/5041
f 5023/5023 4608/4608 4604/4604
f 5034/5034 5033/5033 5044/5044
f 5046/5046 5044/5044 5043/5043
f 5044/5044 5046/5046 5039/5039
f 5022/5022 4608/4608 5023/5023
f 5044/5044 5039/5039 5034/5034
f 2951/2951 5047/5047 5048/5048
f 5038/5038 5036/5036 5039/5039
f 5047/5047 2951/2951 2929/2929
f 5049/5049 5038/5038 5039/5039
f 5048/5048 5040/5040 2951/2951
f 3002/3002 5050/5050 5016/5016
f 5050/5050 5010/5010 5016/5016
f 5051/5051 5046/5046 5043/5043
f 5040/5040 5048/5048 5042/5042
f 5052/5052 5046/5046 5051/5051
f 5046/5046 5052/5052 5053/5053
f 2949/2949 5047/5047 2929/2929
f 2949/2949 5048/5048 5047/5047
f 5046/5046 5053/5053 5039/5039
f 2949/2949 5042/5042 5048/5048
f 5042/5042 4981/4981 4982/4982
f 4986/4986 4739/4739 5054/5054
f 5055/5055 5054/5054 4739/4739
f 5054/5054 4987/4987 4986/4986
f 4987/4987 5056/5056 5015/5015
f 4771/4771 4869/4869 4623/4623
f 4987/4987 5054/5054 5056/5056
f 5015/5015 5056/5056 5057/5057
f 5013/5013 5015/5015 5057/5057
f 5058/5058 5013/5013 5057/5057
f 4775/4775 5055/5055 4738/4738
f 5055/5055 4739/4739 4738/4738
f 5059/5059 3002/3002 3011/3011
f 5060/5060 5056/5056 5054/5054
f 5057/5057 5056/5056 5058/5058
f 5060/5060 5061/5061 5056/5056
f 5061/5061 5058/5058 5056/5056
f 5016/5016 5042/5042 2949/2949
f 5062/5062 5063/5063 5013/5013
f 5013/5013 5058/5058 5062/5062
f 5059/5059 5050/5050 3002/3002
f 5062/5062 5064/5064 5063/5063
f 5065/5065 5064/5064 5062/5062
f 4671/4671 4771/4771 4770/4770
f 5013/5013 5026/5026 5024/5024
f 5063/5063 5026/5026 5013/5013
f 3002/3002 5016/5016 2949/2949
f 5025/5025 5026/5026 5063/5063
f 5066/5066 5021/5021 5025/5025
f 5016/5016 4981/4981 5042/5042
f 5063/5063 5066/5066 5025/5025
f 5064/5064 5066/5066 5063/5063
f 5067/5067 5054/5054 5055/5055
f 5060/5060 5054/5054 5067/5067
f 5067/5067 5055/5055 4775/4775
f 5067/5067 5068/5068 5060/5060
f 5068/5068 5061/5061 5060/5060
f 5069/5069 5068/5068 5067/5067
f 5069/5069 5067/5067 4775/4775
f 5070/5070 4869/4869 4771/4771
f 5065/5065 5062/5062 5058/5058
f 5061/5061 5065/5065 5058/5058
f 5071/5071 5065/5065 5061/5061
f 5072/5072 5071/5071 5061/5061
f 5073/5073 5061/5061 5068/5068
f 5074/5074 5072/5072 5061/5061
f 4540/4540 5010/5010 5050/5050
f 5075/5075 5021/5021 5066/5066
f 5075/5075 5045/5045 5021/5021
f 5064/5064 5075/5075 5066/5066
f 5051/5051 5045/5045 5075/5075
f 5051/5051 5043/5043 5045/5045
f 4887/4887 5076/5076 4899/4899
f 5064/5064 5077/5077 5075/5075
f 5078/5078 5075/5075 5077/5077
f 5077/5077 5071/5071 5078/5078
f 5079/5079 5051/5051 5075/5075
f 5070/5070 5076/5076 4887/4887
f 5078/5078 5079/5079 5075/5075
f 5080/5080 5079/5079 5078/5078
f 5004/5004 4814/4814 4831/4831
f 5053/5053 5049/5049 5039/5039
f 4869/4869 5070/5070 4887/4887
f 5049/5049 5053/5053 5081/5081
f 5082/5082 5053/5053 5052/5052
f 5053/5053 5082/5082 5081/5081
f 5079/5079 5052/5052 5051/5051
f 4609/4609 4540/4540 5050/5050
f 5052/5052 5079/5079 5083/5083
f 5080/5080 5083/5083 5079/5079
f 5070/5070 4771/4771 4671/4671
f 5083/5083 5082/5082 5052/5052
f 5071/5071 5064/5064 5065/5065
f 5004/5004 4606/4606 4814/4814
f 5071/5071 5077/5077 5064/5064
f 3027/3027 5059/5059 3011/3011
f 4555/4555 5076/5076 5070/5070
f 5076/5076 4555/4555 4899/4899
f 3027/3027 3029/3029 5059/5059
f 5071/5071 5072/5072 5078/5078
f 5072/5072 5084/5084 5078/5078
f 4606/4606 5004/5004 5085/5085
f 5084/5084 5086/5086 5078/5078
f 3029/3029 5087/5087 5059/5059
f 4542/4542 4541/4541 4555/4555
f 5088/5088 5087/5087 3029/3029
f 5089/5089 5083/5083 5080/5080
f 5089/5089 5080/5080 5086/5086
f 5089/5089 5091/5091 5083/5083
f 5086/5086 5080/5080 5078/5078
f 5087/5087 5088/5088 5092/5092
f 5059/5059 5087/5087 5090/5090
f 5087/5087 5092/5092 5090/5090
f 4631/4631 5088/5088 3029/3029
f 4713/4713 4714/4714 4759/4759
f 4657/4657 5092/5092 5088/5088
f 4557/4557 4671/4671 4585/4585
f 5093/5093 4756/4756 4758/4758
f 5088/5088 4631/4631 4657/4657
f 5094/5094 4757/4757 4751/4751
f 4630/4630 4657/4657 4631/4631
f 4751/4751 4756/4756 5094/5094
f 4756/4756 5095/5095 5094/5094
f 4755/4755 4749/4749 4750/4750
f 5070/5070 4671/4671 4557/4557
f 5095/5095 4756/4756 5093/5093
f 4631/4631 3029/3029 4635/4635
f 4750/4750 4606/4606 5085/5085
f 5059/5059 5090/5090 5050/5050
f 5050/5050 5090/5090 4609/4609
f 4610/4610 4609/4609 5090/5090
f 4714/4714 5096/5096 4759/4759
f 5096/5096 4714/4714 4708/4708
f 5085/5085 4755/4755 4750/4750
f 4759/4759 5096/5096 5097/5097
f 5097/5097 4758/4758 4759/4759
f 4663/4663 4610/4610 5090/5090
f 4760/4760 5097/5097 5096/5096
f 4708/4708 4760/4760 5096/5096
f 4559/4559 5070/5070 4557/4557
f 4559/4559 4555/4555 5070/5070
f 4559/4559 4556/4556 4555/4555
f 4563/4563 4556/4556 4559/4559
f 4559/4559 4564/4564 4563/4563
f 4657/4657 5090/5090 5092/5092
f 5008/5008 5009/5009 5012/5012
f 4657/4657 4663/4663 5090/5090
f 5001/5001 5098/5098 5007/5007
f 5001/5001 4895/4895 5098/5098
f 5097/5097 5093/5093 4758/4758
f 4895/4895 4899/4899 4541/4541
f 5097/5097 5099/5099 5093/5093
f 4541/4541 5098/5098 4895/4895
f 4760/4760 5099/5099 5097/5097
f 5009/5009 5007/5007 5098/5098
f 4663/4663 4613/4613 4610/4610
f 5100/5100 5009/5009 5098/5098
f 5101/5101 5012/5012 5009/5009
f 5101/5101 5019/5019 5012/5012
f 5101/5101 5102/5102 5019/5019
f 5103/5103 5104/5104 4760/4760
f 5105/5105 5009/5009 5100/5100
f 5105/5105 5101/5101 5009/5009
f 5106/5106 4757/4757 5094/5094
f 5106/5106 5094/5094 5095/5095
f 5106/5106 4769/4769 4757/4757
f 5107/5107 4769/4769 5106/5106
f 5107/5107 4777/4777 4769/4769
f 5010/5010 4540/4540 5004/5004
f 5108/5108 5022/5022 5019/5019
f 5108/5108 4608/4608 5022/5022
f 5102/5102 5108/5108 5019/5019
f 5108/5108 4674/4674 4608/4608
f 5106/5106 5095/5095 5109/5109
f 5110/5110 4674/4674 5108/5108
f 5109/5109 5095/5095 5093/5093
f 4536/4536 5108/5108 5102/5102
f 4536/4536 5110/5110 5108/5108
f 4560/4560 4536/4536 5102/5102
f 4540/4540 4539/4539 4547/4547
f 5004/5004 4547/4547 5085/5085
f 4547/4547 5004/5004 4540/4540
f 5069/5069 4775/4775 4777/4777
f 5111/5111 5069/5069 4777/4777
f 4555/4555 4541/4541 4899/4899
f 5111/5111 4777/4777 5107/5107
f 4609/4609 4538/4538 4540/4540
f 5100/5100 5098/5098 5112/5112
f 5113/5113 5100/5100 5112/5112
f 5105/5105 5100/5100 5113/5113
f 4541/4541 5112/5112 5098/5098
f 5106/5106 5114/5114 5107/5107
f 5115/5115 5111/5111 5107/5107
f 4561/4561 5105/5105 5113/5113
f 5115/5115 5116/5116 5111/5111
f 4545/4545 5113/5113 5112/5112
f 5113/5113 4545/4545 4561/4561
f 4545/4545 5112/5112 4541/4541
f 5106/5106 5109/5109 5114/5114
f 5109/5109 5099/5099 5114/5114
f 4561/4561 5101/5101 5105/5105
f 5114/5114 5115/5115 5107/5107
f 4560/4560 5102/5102 5101/5101
f 4561/4561 4560/4560 5101/5101
f 5099/5099 5117/5117 5114/5114
f 5115/5115 5118/5118 5116/5116
f 4546/4546 4561/4561 4545/4545
f 5119/5119 5120/5120 5116/5116
f 5116/5116 5118/5118 5119/5119
f 5119/5119 5118/5118 5121/5121
f 5115/5115 5114/5114 5118/5118
f 5118/5118 5114/5114 5121/5121
f 5121/5121 5114/5114 5117/5117
f 5121/5121 5117/5117 5122/5122
f 5122/5122 5123/5123 5121/5121
f 5121/5121 5123/5123 5125/5125
f 4547/4547 4755/4755 5085/5085
f 4677/4677 4674/4674 5110/5110
f 4536/4536 4677/4677 5110/5110
f 4677/4677 4536/4536 4535/4535
f 4760/4760 5104/5104 5099/5099
f 4537/4537 4536/4536 4560/4560
f 5126/5126 5104/5104 5103/5103
f 5127/5127 5122/5122 5104/5104
f 5104/5104 5126/5126 5127/5127
f 5127/5127 5126/5126 5128/5128
f 5126/5126 5129/5129 5128/5128
f 5093/5093 5099/5099 5109/5109
f 5122/5122 5099/5099 5104/5104
f 5122/5122 5117/5117 5099/5099
f 5123/5123 5122/5122 5127/5127
f 5069/5069 5073/5073 5068/5068
f 5069/5069 5111/5111 5073/5073
f 5073/5073 5074/5074 5061/5061
f 5111/5111 5116/5116 5073/5073
f 5120/5120 5074/5074 5073/5073
f 5120/5120 5073/5073 5116/5116
f 5130/5130 5131/5131 5074/5074
f 5131/5131 5072/5072 5074/5074
f 5132/5132 5074/5074 5120/5120
f 5132/5132 5130/5130 5074/5074
f 5133/5133 5130/5130 5132/5132
f 5119/5119 5121/5121 5134/5134
f 5132/5132 5119/5119 5134/5134
f 5134/5134 5121/5121 5124/5124
f 5132/5132 5134/5134 5124/5124
f 5131/5131 5084/5084 5072/5072
f 5127/5127 5135/5135 5123/5123
f 5130/5130 5136/5136 5131/5131
f 5137/5137 5136/5136 5130/5130
f 5137/5137 5138/5138 5136/5136
f 5128/5128 5135/5135 5127/5127
f 5128/5128 5139/5139 5135/5135
f 5140/5140 5139/5139 5142/5142
f 5139/5139 5140/5140 5135/5135
f 5141/5141 5138/5138 5137/5137
f 5143/5143 5138/5138 5141/5141
f 5144/5144 5142/5142 5139/5139
f 5138/5138 5143/5143 5145/5145
f 5146/5146 5086/5086 5084/5084
f 5084/5084 5131/5131 5146/5146
f 5136/5136 5146/5146 5131/5131
f 5086/5086 5146/5146 5089/5089
f 5089/5089 5146/5146 5136/5136
f 5089/5089 5138/5138 5147/5147
f 5138/5138 5089/5089 5136/5136
f 5145/5145 5147/5147 5138/5138
f 5125/5125 5123/5123 5135/5135
f 5135/5135 5149/5149 5125/5125
f 5133/5133 5132/5132 5124/5124
f 5124/5124 5148/5148 5133/5133
f 5135/5135 5140/5140 5149/5149
f 5148/5148 5137/5137 5133/5133
f 5130/5130 5133/5133 5137/5137
f 5137/5137 5148/5148 5141/5141
f 4912/4912 4903/4903 4896/4896
f 5032/5032 4927/4927 5006/5006
f 5120/5120 5119/5119 5132/5132
f 5150/5150 5151/5151 5152/5152
f 5153/5153 5154/5154 5155/5155
f 2784/2784 2770/2770 5156/5156
f 5157/5157 2784/2784 5156/5156
f 5158/5158 5153/5153 5155/5155
f 5159/5159 5157/5157 5160/5160
f 3986/3986 1236/1236 2783/2783
f 5161/5161 5162/5162 5163/5163
f 5164/5164 5165/5165 5161/5161
f 5167/5167 5168/5168 5169/5169
f 5153/5153 5166/5166 5170/5170
f 3987/3987 3986/3986 5171/5171
f 5162/5162 5150/5150 5163/5163
f 5172/5172 5169/5169 5168/5168
f 5173/5173 5168/5168 5174/5174
f 5172/5172 5168/5168 5173/5173
f 5165/5165 5162/5162 5161/5161
f 5171/5171 2783/2783 2784/2784
f 5171/5171 3986/3986 2783/2783
f 5175/5175 5165/5165 5164/5164
f 3990/3990 3985/3985 3987/3987
f 5176/5176 5172/5172 5177/5177
f 5153/5153 5178/5178 5154/5154
f 5179/5179 5180/5180 5151/5151
f 5178/5178 5153/5153 5170/5170
f 5150/5150 5181/5181 5151/5151
f 5182/5182 5173/5173 5183/5183
f 5184/5184 5185/5185 5154/5154
f 5178/5178 5184/5184 5154/5154
f 5182/5182 5172/5172 5173/5173
f 5186/5186 5187/5187 5188/5188
f 5187/5187 5186/5186 5190/5190
f 5181/5181 5179/5179 5151/5151
f 5189/5189 5182/5182 5183/5183
f 5191/5191 5172/5172 5182/5182
f 5172/5172 5191/5191 5192/5192
f 5190/5190 5155/5155 5154/5154
f 5192/5192 5177/5177 5172/5172
f 5192/5192 5191/5191 5182/5182
f 5193/5193 5195/5195 5187/5187
f 5192/5192 5182/5182 5196/5196
f 3987/3987 5171/5171 2784/2784
f 5197/5197 5179/5179 5181/5181
f 5193/5193 5187/5187 5190/5190
f 3987/3987 2784/2784 5157/5157
f 5198/5198 5195/5195 5193/5193
f 5195/5195 5198/5198 5200/5200
f 5202/5202 5196/5196 5182/5182
f 5192/5192 5196/5196 5202/5202
f 5182/5182 5189/5189 5202/5202
f 5202/5202 5189/5189 5203/5203
f 5204/5204 3990/3990 3987/3987
f 5205/5205 5202/5202 5206/5206
f 5181/5181 5150/5150 5162/5162
f 5205/5205 5192/5192 5202/5202
f 5162/5162 5165/5165 5181/5181
f 5165/5165 5197/5197 5181/5181
f 5207/5207 4943/4943 4939/4939
f 5208/5208 5209/5209 5210/5210
f 4747/4747 5211/5211 5212/5212
f 4744/4744 4747/4747 5212/5212
f 5183/5183 5213/5213 5214/5214
f 5214/5214 5213/5213 5209/5209
f 5190/5190 5154/5154 5185/5185
f 4747/4747 4943/4943 5211/5211
f 5189/5189 5183/5183 5214/5214
f 5215/5215 5216/5216 5212/5212
f 5203/5203 5214/5214 5209/5209
f 5215/5215 5212/5212 5211/5211
f 5217/5217 5190/5190 5185/5185
f 5203/5203 5209/5209 5208/5208
f 5218/5218 5215/5215 5211/5211
f 5204/5204 3997/3997 3990/3990
f 5203/5203 5189/5189 5214/5214
f 5190/5190 5219/5219 5193/5193
f 5220/5220 5203/5203 5208/5208
f 5211/5211 4943/4943 5218/5218
f 5219/5219 5190/5190 5217/5217
f 4943/4943 5207/5207 5218/5218
f 5221/5221 5215/5215 5218/5218
f 5221/5221 5222/5222 5215/5215
f 5222/5222 5223/5223 5215/5215
f 5224/5224 5225/5225 5226/5226
f 5223/5223 5222/5222 5227/5227
f 5227/5227 5222/5222 5228/5228
f 3987/3987 5157/5157 5159/5159
f 5221/5221 5218/5218 5207/5207
f 3987/3987 5159/5159 5229/5229
f 5208/5208 5210/5210 5230/5230
f 5231/5231 5228/5228 5222/5222
f 5204/5204 3987/3987 5229/5229
f 5232/5232 5207/5207 4939/4939
f 4952/4952 5232/5232 4939/4939
f 5233/5233 5229/5229 5159/5159
f 5185/5185 5224/5224 5234/5234
f 5232/5232 4952/4952 4957/4957
f 5235/5235 5236/5236 5220/5220
f 5234/5234 5224/5224 5237/5237
f 5202/5202 5203/5203 5220/5220
f 5237/5237 5224/5224 5226/5226
f 5236/5236 5202/5202 5220/5220
f 5206/5206 5202/5202 5236/5236
f 5206/5206 5236/5236 5235/5235
f 5156/5156 2770/2770 2798/2798
f 5235/5235 5220/5220 5208/5208
f 5238/5238 5207/5207 5232/5232
f 5239/5239 5157/5157 5156/5156
f 5239/5239 5156/5156 2798/2798
f 5241/5241 5205/5205 5206/5206
f 5231/5231 5207/5207 5242/5242
f 5206/5206 5243/5243 5241/5241
f 5235/5235 5244/5244 5243/5243
f 5234/5234 5245/5245 5217/5217
f 5246/5246 5239/5239 2798/2798
f 5243/5243 5244/5244 5247/5247
f 5231/5231 5221/5221 5207/5207
f 5231/5231 5222/5222 5221/5221
f 5160/5160 5239/5239 5246/5246
f 5234/5234 5237/5237 5248/5248
f 5248/5248 5237/5237 5249/5249
f 5250/5250 5251/5251 5230/5230
f 5252/5252 5228/5228 5231/5231
f 5244/5244 5235/5235 5208/5208
f 5245/5245 5234/5234 5248/5248
f 5246/5246 2798/2798 5253/5253
f 5231/5231 5254/5254 5252/5252
f 5228/5228 5255/5255 5227/5227
f 5255/5255 5256/5256 5227/5227
f 5248/5248 5257/5257 5245/5245
f 5244/5244 5208/5208 5251/5251
f 5253/5253 2798/2798 2797/2797
f 5258/5258 5256/5256 5255/5255
f 5259/5259 5244/5244 5251/5251
f 5255/5255 5228/5228 5258/5258
f 5230/5230 5251/5251 5208/5208
f 5260/5260 5259/5259 5251/5251
f 5260/5260 5251/5251 5261/5261
f 5228/5228 5262/5262 5265/5265
f 5170/5170 5225/5225 5224/5224
f 5265/5265 5258/5258 5228/5228
f 5258/5258 5265/5265 5266/5266
f 5178/5178 5170/5170 5184/5184
f 5267/5267 5210/5210 5263/5263
f 2797/2797 2796/2796 2821/2821
f 5267/5267 5230/5230 5210/5210
f 5239/5239 5160/5160 5157/5157
f 5184/5184 5170/5170 5224/5224
f 5268/5268 5184/5184 5224/5224
f 5268/5268 5224/5224 5185/5185
f 5160/5160 5246/5246 5253/5253
f 5250/5250 5230/5230 5267/5267
f 5185/5185 5184/5184 5268/5268
f 5228/5228 5252/5252 5262/5262
f 5160/5160 5269/5269 5270/5270
f 5269/5269 5160/5160 5253/5253
f 5271/5271 5252/5252 5254/5254
f 5271/5271 5272/5272 5252/5252
f 5272/5272 5262/5262 5252/5252
f 5267/5267 5263/5263 5273/5273
f 5272/5272 5274/5274 5262/5262
f 5217/5217 5185/5185 5234/5234
f 5275/5275 5250/5250 5267/5267
f 5276/5276 5253/5253 2797/2797
f 5275/5275 5267/5267 5273/5273
f 5276/5276 2797/2797 5277/5277
f 5278/5278 5276/5276 5277/5277
f 5276/5276 5269/5269 5253/5253
f 5251/5251 5250/5250 5261/5261
f 5261/5261 5250/5250 5275/5275
f 5269/5269 5276/5276 5278/5278
f 5279/5279 5265/5265 5262/5262
f 5261/5261 5275/5275 5280/5280
f 5266/5266 5265/5265 5281/5281
f 4957/4957 4952/4952 4967/4967
f 4967/4967 5240/5240 4957/4957
f 5282/5282 5275/5275 5273/5273
f 5283/5283 5240/5240 4967/4967
f 5240/5240 5232/5232 4957/4957
f 4030/4030 5284/5284 5285/5285
f 5286/5286 5238/5238 5232/5232
f 5286/5286 5232/5232 5240/5240
f 5240/5240 5283/5283 5286/5286
f 4888/4888 5283/5283 4967/4967
f 4890/4890 5283/5283 4888/4888
f 4893/4893 5283/5283 4890/4890
f 5287/5287 5280/5280 5275/5275
f 5287/5287 5275/5275 5282/5282
f 5288/5288 5286/5286 5283/5283
f 5289/5289 5285/5285 5284/5284
f 5283/5283 4893/4893 5288/5288
f 5288/5288 4893/4893 5290/5290
f 5238/5238 5242/5242 5207/5207
f 5286/5286 5242/5242 5238/5238
f 5291/5291 5204/5204 5229/5229
f 5242/5242 5254/5254 5231/5231
f 3997/3997 5204/5204 5292/5292
f 5242/5242 5286/5286 5288/5288
f 5288/5288 5293/5293 5242/5242
f 5293/5293 5254/5254 5242/5242
f 5254/5254 5293/5293 5271/5271
f 5243/5243 5247/5247 5241/5241
f 5294/5294 5241/5241 5247/5247
f 4022/4022 4017/4017 3997/3997
f 5288/5288 5290/5290 5295/5295
f 5296/5296 5295/5295 5290/5290
f 5297/5297 5241/5241 5294/5294
f 5298/5298 5297/5297 5294/5294
f 5294/5294 5299/5299 5298/5298
f 5296/5296 5300/5300 5295/5295
f 5291/5291 5292/5292 5204/5204
f 4022/4022 3997/3997 5292/5292
f 5295/5295 5293/5293 5288/5288
f 5292/5292 5291/5291 5301/5301
f 5295/5295 5300/5300 5293/5293
f 5259/5259 5247/5247 5244/5244
f 5259/5259 5299/5299 5247/5247
f 5294/5294 5247/5247 5299/5299
f 5301/5301 4022/4022 5292/5292
f 5302/5302 5290/5290 4893/4893
f 5302/5302 4893/4893 5303/5303
f 5302/5302 5296/5296 5290/5290
f 5299/5299 5259/5259 5304/5304
f 5304/5304 5259/5259 5260/5260
f 5305/5305 5296/5296 5302/5302
f 5233/5233 5159/5159 5160/5160
f 5306/5306 5296/5296 5305/5305
f 5304/5304 5260/5260 5307/5307
f 5304/5304 5308/5308 5299/5299
f 5291/5291 5229/5229 5301/5301
f 5306/5306 5305/5305 5458/5458
f 5309/5309 5299/5299 5308/5308
f 5301/5301 5229/5229 5233/5233
f 5310/5310 5271/5271 5293/5293
f 5308/5308 5304/5304 5307/5307
f 5310/5310 5272/5272 5271/5271
f 5312/5312 5308/5308 5307/5307
f 5272/5272 5310/5310 5313/5313
f 5274/5274 5272/5272 5313/5313
f 5314/5314 5308/5308 5312/5312
f 5293/5293 5300/5300 5310/5310
f 5315/5315 5261/5261 5280/5280
f 5313/5313 5310/5310 5300/5300
f 5300/5300 5306/5306 5313/5313
f 5316/5316 5313/5313 5306/5306
f 5315/5315 5280/5280 5317/5317
f 5260/5260 5261/5261 5318/5318
f 4033/4033 4022/4022 5301/5301
f 5315/5315 5318/5318 5261/5261
f 5313/5313 5316/5316 5274/5274
f 5319/5319 5260/5260 5318/5318
f 5307/5307 5260/5260 5319/5319
f 5315/5315 5317/5317 5318/5318
f 5319/5319 5318/5318 5317/5317
f 5320/5320 5321/5321 5285/5285
f 5262/5262 5274/5274 5279/5279
f 5317/5317 5280/5280 5287/5287
f 5285/5285 5289/5289 5320/5320
f 4021/4021 4022/4022 4033/4033
f 5306/5306 5300/5300 5296/5296
f 5306/5306 5322/5322 5316/5316
f 5323/5323 5317/5317 5287/5287
f 5289/5289 5311/5311 5320/5320
f 5233/5233 5324/5324 5301/5301
f 4033/4033 5301/5301 5324/5324
f 5323/5323 5287/5287 5325/5325
f 5323/5323 5325/5325 5326/5326
f 5326/5326 5325/5325 5327/5327
f 5327/5327 5328/5328 5326/5326
f 5323/5323 5319/5319 5317/5317
f 5329/5329 5307/5307 5319/5319
f 5316/5316 5330/5330 5274/5274
f 5324/5324 5331/5331 4033/4033
f 5332/5332 5324/5324 5233/5233
f 5322/5322 5330/5330 5316/5316
f 5312/5312 5307/5307 5329/5329
f 5333/5333 5326/5326 5334/5334
f 5328/5328 5334/5334 5326/5326
f 5335/5335 5336/5336 5337/5337
f 5335/5335 5337/5337 5338/5338
f 5329/5329 5319/5319 5323/5323
f 5339/5339 5340/5340 5320/5320
f 5341/5341 5336/5336 5335/5335
f 5320/5320 5340/5340 5321/5321
f 5323/5323 5326/5326 5333/5333
f 5342/5342 5329/5329 5323/5323
f 5269/5269 5278/5278 5343/5343
f 5323/5323 5333/5333 5342/5342
f 5343/5343 5278/5278 5277/5277
f 5277/5277 5344/5344 5343/5343
f 5269/5269 5345/5345 5270/5270
f 5333/5333 5346/5346 5342/5342
f 5348/5348 5349/5349 5351/5351
f 5346/5346 5333/5333 5334/5334
f 5345/5345 5269/5269 5352/5352
f 5343/5343 5352/5352 5269/5269
f 5354/5354 5347/5347 5355/5355
f 5339/5339 5320/5320 5311/5311
f 5339/5339 5311/5311 5356/5356
f 5348/5348 5338/5338 5349/5349
f 5342/5342 5357/5357 5329/5329
f 5357/5357 5342/5342 5358/5358
f 5358/5358 5342/5342 5359/5359
f 5270/5270 5345/5345 5352/5352
f 5359/5359 5342/5342 5346/5346
f 5335/5335 5338/5338 5348/5348
f 5359/5359 5346/5346 5334/5334
f 5334/5334 5360/5360 5359/5359
f 5362/5362 5359/5359 5360/5360
f 5363/5363 5352/5352 5361/5361
f 5363/5363 5270/5270 5352/5352
f 5358/5358 5364/5364 5357/5357
f 5362/5362 5364/5364 5358/5358
f 5365/5365 5341/5341 5335/5335
f 5362/5362 5358/5358 5359/5359
f 5366/5366 5341/5341 5365/5365
f 5367/5367 5363/5363 5361/5361
f 5362/5362 5368/5368 5369/5369
f 5368/5368 5362/5362 5360/5360
f 5270/5270 5233/5233 5160/5160
f 5364/5364 5362/5362 5369/5369
f 5339/5339 5370/5370 5340/5340
f 5365/5365 5371/5371 5366/5366
f 5339/5339 5356/5356 5372/5372
f 5368/5368 5373/5373 5374/5374
f 5265/5265 5279/5279 5353/5353
f 5375/5375 4330/4330 4328/4328
f 5376/5376 4330/4330 5375/5375
f 5279/5279 5377/5377 5353/5353
f 5354/5354 5355/5355 5353/5353
f 5378/5378 5376/5376 5379/5379
f 5217/5217 5245/5245 5219/5219
f 4367/4367 4330/4330 5376/5376
f 5353/5353 5377/5377 5354/5354
f 5380/5380 4367/4367 5376/5376
f 5380/5380 5378/5378 5383/5383
f 5380/5380 5376/5376 5378/5378
f 5383/5383 4367/4367 5380/5380
f 5384/5384 4364/4364 4367/4367
f 5386/5386 5365/5365 5335/5335
f 5270/5270 5332/5332 5233/5233
f 5385/5385 5347/5347 5354/5354
f 5386/5386 5335/5335 5348/5348
f 5378/5378 5387/5387 5383/5383
f 5388/5388 5354/5354 5377/5377
f 5388/5388 5385/5385 5354/5354
f 5382/5382 5339/5339 5372/5372
f 5365/5365 5386/5386 5371/5371
f 5371/5371 5386/5386 5390/5390
f 5391/5391 5383/5383 5387/5387
f 5392/5392 5387/5387 5167/5167
f 5391/5391 5387/5387 5392/5392
f 5393/5393 5391/5391 5392/5392
f 5392/5392 5167/5167 5169/5169
f 5393/5393 5392/5392 5169/5169
f 5388/5388 5389/5389 5385/5385
f 5383/5383 5393/5393 4367/4367
f 5391/5391 5393/5393 5383/5383
f 5332/5332 5270/5270 5394/5394
f 4367/4367 5393/5393 5395/5395
f 5164/5164 5396/5396 5366/5366
f 5396/5396 5341/5341 5366/5366
f 5353/5353 5397/5397 5265/5265
f 5384/5384 4367/4367 5398/5398
f 5367/5367 5270/5270 5363/5363
f 5394/5394 5270/5270 5367/5367
f 4371/4371 4364/4364 5384/5384
f 5399/5399 5400/5400 5370/5370
f 5347/5347 5350/5350 5355/5355
f 5401/5401 4371/4371 5384/5384
f 5401/5401 4373/4373 4371/4371
f 5402/5402 5366/5366 5371/5371
f 5175/5175 5402/5402 5390/5390
f 5311/5311 5201/5201 5199/5199
f 5199/5199 5356/5356 5311/5311
f 4367/4367 5395/5395 5398/5398
f 5199/5199 5194/5194 5356/5356
f 5194/5194 5372/5372 5356/5356
f 5279/5279 5403/5403 5377/5377
f 5371/5371 5390/5390 5402/5402
f 5381/5381 5219/5219 5245/5245
f 5344/5344 2821/2821 2818/2818
f 5401/5401 5384/5384 5398/5398
f 5169/5169 5176/5176 5393/5393
f 5172/5172 5176/5176 5169/5169
f 5393/5393 5176/5176 5395/5395
f 5344/5344 2818/2818 2823/2823
f 5175/5175 5390/5390 5406/5406
f 5177/5177 5395/5395 5176/5176
f 5388/5388 5405/5405 5389/5389
f 5408/5408 5339/5339 5382/5382
f 5409/5409 5388/5388 5377/5377
f 5330/5330 5279/5279 5274/5274
f 5344/5344 2823/2823 5410/5410
f 5277/5277 2797/2797 2821/2821
f 5277/5277 2821/2821 5344/5344
f 5407/5407 5381/5381 5245/5245
f 5411/5411 5403/5403 5330/5330
f 5205/5205 5177/5177 5192/5192
f 5177/5177 5205/5205 5395/5395
f 5403/5403 5279/5279 5330/5330
f 4386/4386 4373/4373 5412/5412
f 5412/5412 4373/4373 5401/5401
f 5413/5413 5405/5405 5388/5388
f 5409/5409 5413/5413 5388/5388
f 5412/5412 5401/5401 5415/5415
f 5403/5403 5409/5409 5377/5377
f 5416/5416 5412/5412 5415/5415
f 5417/5417 5418/5418 5420/5420
f 5417/5417 5407/5407 5418/5418
f 5418/5418 5407/5407 5245/5245
f 5416/5416 4386/4386 5412/5412
f 4396/4396 4386/4386 5416/5416
f 4389/4389 4386/4386 4396/4396
f 4389/4389 4396/4396 4393/4393
f 5421/5421 5409/5409 5403/5403
f 5409/5409 5421/5421 5413/5413
f 5422/5422 4396/4396 5416/5416
f 5402/5402 5164/5164 5366/5366
f 5398/5398 5395/5395 5404/5404
f 5399/5399 5370/5370 5339/5339
f 5402/5402 5175/5175 5164/5164
f 5415/5415 5401/5401 5398/5398
f 5423/5423 5415/5415 5398/5398
f 5416/5416 5415/5415 5423/5423
f 5404/5404 5423/5423 5398/5398
f 5423/5423 5422/5422 5416/5416
f 2824/2824 5424/5424 2823/2823
f 5165/5165 5175/5175 5426/5426
f 5427/5427 4396/4396 5422/5422
f 5428/5428 5427/5427 5422/5422
f 5429/5429 5428/5428 5422/5422
f 2824/2824 2830/2830 5424/5424
f 5430/5430 5427/5427 5428/5428
f 5426/5426 5175/5175 5431/5431
f 5432/5432 5426/5426 5431/5431
f 5414/5414 5175/5175 5406/5406
f 5431/5431 5175/5175 5414/5414
f 5433/5433 5423/5423 5404/5404
f 5429/5429 5422/5422 5423/5423
f 5429/5429 5423/5423 5433/5433
f 5434/5434 5374/5374 5373/5373
f 5428/5428 5429/5429 5433/5433
f 5434/5434 5373/5373 5435/5435
f 5436/5436 5424/5424 2830/2830
f 5433/5433 5404/5404 5437/5437
f 5438/5438 5434/5434 5435/5435
f 5439/5439 5424/5424 5436/5436
f 5440/5440 5430/5430 5428/5428
f 2830/2830 2733/2733 5436/5436
f 5440/5440 5428/5428 5433/5433
f 5441/5441 5434/5434 5438/5438
f 5440/5440 5433/5433 5442/5442
f 5442/5442 5433/5433 5437/5437
f 5443/5443 5441/5441 5444/5444
f 5444/5444 5441/5441 5438/5438
f 4395/4395 4396/4396 5427/5427
f 4395/4395 5427/5427 5445/5445
f 5427/5427 5446/5446 5445/5445
f 5444/5444 5438/5438 5447/5447
f 5445/5445 5446/5446 4395/4395
f 5425/5425 5399/5399 5339/5339
f 5446/5446 5427/5427 5430/5430
f 5408/5408 5425/5425 5339/5339
f 5444/5444 5447/5447 5448/5448
f 5448/5448 5447/5447 5449/5449
f 5450/5450 5404/5404 5395/5395
f 5450/5450 5395/5395 5205/5205
f 5447/5447 5438/5438 5451/5451
f 5419/5419 5425/5425 5408/5408
f 5404/5404 5450/5450 5452/5452
f 5449/5449 5447/5447 5453/5453
f 2823/2823 5424/5424 5439/5439
f 5449/5449 5453/5453 5454/5454
f 5455/5455 2813/2813 2810/2810
f 5450/5450 5205/5205 5457/5457
f 5458/5458 5305/5305 5303/5303
f 4889/4889 5458/5458 5303/5303
f 5457/5457 5205/5205 5241/5241
f 5450/5450 5457/5457 5459/5459
f 5460/5460 5439/5439 5436/5436
f 5459/5459 5457/5457 5461/5461
f 4897/4897 5458/5458 4889/4889
f 2425/2425 5462/5462 2812/2812
f 5460/5460 5436/5436 5463/5463
f 5462/5462 2425/2425 2424/2424
f 5404/5404 5452/5452 5437/5437
f 5456/5456 2811/2811 5464/5464
f 5464/5464 2811/2811 2812/2812
f 5465/5465 5437/5437 5452/5452
f 5466/5466 5464/5464 5462/5462
f 2812/2812 5462/5462 5464/5464
f 4999/4999 5462/5462 2424/2424
f 5466/5466 5456/5456 5464/5464
f 5467/5467 5468/5468 5344/5344
f 5018/5018 5469/5469 4999/4999
f 5452/5452 5450/5450 5470/5470
f 5343/5343 5344/5344 5468/5468
f 5469/5469 5471/5471 5466/5466
f 5459/5459 5470/5470 5450/5450
f 5452/5452 5470/5470 5472/5472
f 5473/5473 5469/5469 5018/5018
f 5459/5459 5474/5474 5470/5470
f 5475/5475 5461/5461 5476/5476
f 5473/5473 5018/5018 5035/5035
f 5410/5410 5467/5467 5344/5344
f 5477/5477 5469/5469 5473/5473
f 5461/5461 5475/5475 5459/5459
f 5467/5467 5410/5410 5478/5478
f 5474/5474 5459/5459 5475/5475
f 5468/5468 5467/5467 5478/5478
f 5469/5469 5477/5477 5471/5471
f 5474/5474 5472/5472 5470/5470
f 5479/5479 5480/5480 2813/2813
f 5475/5475 5481/5481 5474/5474
f 5482/5482 5480/5480 5479/5479
f 5352/5352 5343/5343 5468/5468
f 5465/5465 5452/5452 5472/5472
f 5455/5455 5479/5479 2813/2813
f 5465/5465 5472/5472 5483/5483
f 5485/5485 5479/5479 5455/5455
f 5483/5483 5472/5472 5474/5474
f 5483/5483 5474/5474 5486/5486
f 5487/5487 5456/5456 5466/5466
f 5484/5484 5456/5456 5487/5487
f 5468/5468 5478/5478 5488/5488
f 5485/5485 5482/5482 5479/5479
f 5352/5352 5468/5468 5488/5488
f 5457/5457 5241/5241 5297/5297
f 5485/5485 5489/5489 5482/5482
f 5298/5298 5457/5457 5297/5297
f 5469/5469 5462/5462 4999/4999
f 5476/5476 5461/5461 5457/5457
f 5476/5476 5457/5457 5298/5298
f 5462/5462 5469/5469 5466/5466
f 5487/5487 5466/5466 5471/5471
f 5309/5309 5476/5476 5298/5298
f 5492/5492 5458/5458 4897/4897
f 5309/5309 5298/5298 5299/5299
f 5493/5493 5035/5035 5020/5020
f 5493/5493 5477/5477 5035/5035
f 5035/5035 5477/5477 5473/5473
f 5491/5491 5492/5492 4897/4897
f 5475/5475 5476/5476 5494/5494
f 5481/5481 5475/5475 5494/5494
f 5477/5477 5495/5495 5471/5471
f 5494/5494 5476/5476 5309/5309
f 5494/5494 5309/5309 5496/5496
f 5497/5497 5493/5493 5020/5020
f 5488/5488 5478/5478 5498/5498
f 5478/5478 5410/5410 5498/5498
f 4667/4667 5497/5497 5020/5020
f 5499/5499 5493/5493 5497/5497
f 5499/5499 5477/5477 5493/5493
f 5499/5499 5495/5495 5477/5477
f 5482/5482 5489/5489 5503/5503
f 5314/5314 5496/5496 5309/5309
f 5314/5314 5309/5309 5308/5308
f 5505/5505 5482/5482 5503/5503
f 5490/5490 5484/5484 5487/5487
f 5471/5471 5495/5495 5487/5487
f 5487/5487 5495/5495 5490/5490
f 5492/5492 5501/5501 5458/5458
f 5501/5501 5492/5492 5506/5506
f 5507/5507 5506/5506 5492/5492
f 5508/5508 5490/5490 5495/5495
f 5509/5509 5495/5495 5499/5499
f 5509/5509 5508/5508 5495/5495
f 5510/5510 4395/4395 5446/5446
f 5501/5501 5306/5306 5458/5458
f 5508/5508 5502/5502 5490/5490
f 5510/5510 4470/4470 4395/4395
f 5361/5361 5352/5352 5511/5511
f 5512/5512 5497/5497 4667/4667
f 5500/5500 5499/5499 5497/5497
f 5512/5512 5500/5500 5497/5497
f 5510/5510 5446/5446 5513/5513
f 5513/5513 5446/5446 5430/5430
f 5514/5514 5515/5515 5510/5510
f 5510/5510 5515/5515 4470/4470
f 4477/4477 4470/4470 5515/5515
f 5352/5352 5488/5488 5511/5511
f 4477/4477 5515/5515 5514/5514
f 5516/5516 5322/5322 5501/5501
f 5510/5510 5513/5513 5514/5514
f 5513/5513 5517/5517 5514/5514
f 5442/5442 5430/5430 5440/5440
f 5513/5513 5430/5430 5442/5442
f 5518/5518 5505/5505 5519/5519
f 5508/5508 5504/5504 5502/5502
f 5521/5521 5519/5519 5505/5505
f 5437/5437 5513/5513 5442/5442
f 5509/5509 5520/5520 5508/5508
f 5520/5520 5504/5504 5508/5508
f 5500/5500 5509/5509 5499/5499
f 5522/5522 5513/5513 5437/5437
f 5517/5517 4485/4485 4477/4477
f 5460/5460 5410/5410 2823/2823
f 5514/5514 5517/5517 4477/4477
f 5524/5524 5509/5509 5500/5500
f 5524/5524 5520/5520 5509/5509
f 5498/5498 5410/5410 5460/5460
f 5439/5439 5460/5460 2823/2823
f 5517/5517 5513/5513 5522/5522
f 5525/5525 5517/5517 5522/5522
f 5500/5500 5512/5512 5526/5526
f 5501/5501 5506/5506 5523/5523
f 5527/5527 5523/5523 5506/5506
f 5528/5528 5517/5517 5525/5525
f 5525/5525 5522/5522 5529/5529
f 5526/5526 5524/5524 5500/5500
f 5530/5530 5531/5531 5523/5523
f 5501/5501 5523/5523 5531/5531
f 4493/4493 4485/4485 5528/5528
f 5528/5528 4485/4485 5517/5517
f 4493/4493 4486/4486 4485/4485
f 5527/5527 5530/5530 5523/5523
f 5532/5532 5524/5524 5526/5526
f 5531/5531 5516/5516 5501/5501
f 5532/5532 5526/5526 5533/5533
f 5534/5534 5519/5519 5521/5521
f 5536/5536 5516/5516 5531/5531
f 5524/5524 5535/5535 5520/5520
f 5537/5537 5524/5524 5532/5532
f 5537/5537 5535/5535 5524/5524
f 5538/5538 5539/5539 5516/5516
f 5541/5541 5535/5535 5537/5537
f 5542/5542 5537/5537 5532/5532
f 5543/5543 5542/5542 5532/5532
f 5536/5536 5538/5538 5516/5516
f 5529/5529 5522/5522 5544/5544
f 5545/5545 5522/5522 5437/5437
f 5545/5545 5544/5544 5522/5522
f 5546/5546 5547/5547 5530/5530
f 5547/5547 5536/5536 5531/5531
f 5547/5547 5531/5531 5530/5530
f 5546/5546 5536/5536 5547/5547
f 5549/5549 4262/4262 4273/4273
f 5550/5550 5536/5536 5546/5546
f 5551/5551 5460/5460 5463/5463
f 5037/5037 4972/4972 4974/4974
f 5549/5549 4273/4273 4274/4274
f 5552/5552 5549/5549 4274/4274
f 5491/5491 4897/4897 4960/4960
f 5553/5553 4262/4262 5549/5549
f 5549/5549 5552/5552 5553/5553
f 5554/5554 5498/5498 5460/5460
f 4897/4897 4959/4959 4960/4960
f 5555/5555 5553/5553 5552/5552
f 5486/5486 5474/5474 5481/5481
f 5460/5460 5556/5556 5554/5554
f 4274/4274 5557/5557 5552/5552
f 5486/5486 5558/5558 5483/5483
f 5559/5559 5465/5465 5483/5483
f 5555/5555 5548/5548 4262/4262
f 5491/5491 4960/4960 5507/5507
f 5559/5559 5483/5483 5558/5558
f 4262/4262 5553/5553 5555/5555
f 5558/5558 5486/5486 5481/5481
f 5552/5552 5557/5557 5555/5555
f 5557/5557 5548/5548 5555/5555
f 5554/5554 5488/5488 5498/5498
f 4960/4960 4965/4965 5560/5560
f 5561/5561 5465/5465 5559/5559
f 5562/5562 5561/5561 5559/5559
f 5562/5562 5559/5559 5558/5558
f 5563/5563 5560/5560 4971/4971
f 5511/5511 5488/5488 5554/5554
f 5554/5554 5564/5564 5511/5511
f 5565/5565 5558/5558 5481/5481
f 5558/5558 5565/5565 5566/5566
f 5560/5560 5507/5507 4960/4960
f 5567/5567 5564/5564 5554/5554
f 5465/5465 5561/5561 5437/5437
f 4284/4284 4684/4684 3051/3051
f 5563/5563 5568/5568 5560/5560
f 5491/5491 5507/5507 5492/5492
f 5561/5561 5562/5562 5569/5569
f 5570/5570 5562/5562 5558/5558
f 5569/5569 5562/5562 5570/5570
f 5551/5551 5571/5571 5460/5460
f 5566/5566 5570/5570 5558/5558
f 4684/4684 4284/4284 5572/5572
f 5560/5560 5573/5573 5507/5507
f 5569/5569 5570/5570 5574/5574
f 5570/5570 5566/5566 5574/5574
f 5569/5569 5575/5575 5561/5561
f 5575/5575 5569/5569 5574/5574
f 5556/5556 5460/5460 5571/5571
f 5576/5576 5556/5556 5571/5571
f 5577/5577 5574/5574 5566/5566
f 5560/5560 5568/5568 5578/5578
f 4971/4971 5560/5560 4965/4965
f 5579/5579 5545/5545 5437/5437
f 4688/4688 4684/4684 5580/5580
f 5437/5437 5561/5561 5579/5579
f 5579/5579 5561/5561 5581/5581
f 5581/5581 5561/5561 5575/5575
f 5582/5582 4684/4684 5572/5572
f 5582/5582 5580/5580 4684/4684
f 5580/5580 5582/5582 4686/4686
f 5528/5528 5525/5525 5529/5529
f 5583/5583 5528/5528 5529/5529
f 5584/5584 5563/5563 4971/4971
f 5528/5528 5585/5585 4493/4493
f 5585/5585 5528/5528 5583/5583
f 4971/4971 4972/4972 5584/5584
f 4487/4487 4491/4491 4493/4493
f 4487/4487 4493/4493 5585/5585
f 5586/5586 5563/5563 5584/5584
f 5584/5584 5588/5588 5586/5586
f 5589/5589 5585/5585 5583/5583
f 5585/5585 5589/5589 4487/4487
f 4684/4684 4688/4688 4676/4676
f 5590/5590 5591/5591 5563/5563
f 4686/4686 4688/4688 5580/5580
f 5592/5592 5529/5529 5544/5544
f 5545/5545 5592/5592 5544/5544
f 5593/5593 5594/5594 5591/5591
f 5563/5563 5591/5591 5568/5568
f 5591/5591 5578/5578 5568/5568
f 5572/5572 4284/4284 4262/4262
f 5572/5572 4262/4262 5548/5548
f 5578/5578 5591/5591 5594/5594
f 5583/5583 5529/5529 5592/5592
f 5583/5583 5592/5592 5589/5589
f 5589/5589 5592/5592 5545/5545
f 5563/5563 5586/5586 5590/5590
f 5595/5595 5586/5586 5588/5588
f 5595/5595 5590/5590 5586/5586
f 5596/5596 5590/5590 5595/5595
f 5548/5548 5587/5587 5572/5572
f 5596/5596 5593/5593 5590/5590
f 5591/5591 5590/5590 5593/5593
f 5597/5597 5594/5594 5593/5593
f 5598/5598 5587/5587 5548/5548
f 5578/5578 5573/5573 5560/5560
f 5573/5573 5578/5578 5599/5599
f 5557/5557 5600/5600 5548/5548
f 5548/5548 5600/5600 5598/5598
f 5601/5601 5599/5599 5578/5578
f 5587/5587 5582/5582 5572/5572
f 4487/4487 5589/5589 4494/4494
f 4048/4048 4033/4033 5331/5331
f 5573/5573 5506/5506 5507/5507
f 5573/5573 5527/5527 5506/5506
f 5602/5602 5527/5527 5573/5573
f 5582/5582 5587/5587 5603/5603
f 5602/5602 5530/5530 5527/5527
f 5604/5604 5582/5582 5605/5605
f 5599/5599 5602/5602 5573/5573
f 5599/5599 5606/5606 5602/5602
f 5599/5599 5601/5601 5606/5606
f 5602/5602 5546/5546 5530/5530
f 4691/4691 4686/4686 5582/5582
f 5606/5606 5546/5546 5602/5602
f 5607/5607 5546/5546 5606/5606
f 5607/5607 5550/5550 5546/5546
f 5607/5607 5608/5608 5550/5550
f 5581/5581 5609/5609 5579/5579
f 5610/5610 4048/4048 5331/5331
f 4691/4691 5582/5582 5604/5604
f 5581/5581 5575/5575 5574/5574
f 5611/5611 5581/5581 5574/5574
f 5611/5611 5574/5574 5577/5577
f 5611/5611 5612/5612 5581/5581
f 5608/5608 5607/5607 5613/5613
f 5609/5609 5581/5581 5612/5612
f 5614/5614 5612/5612 5611/5611
f 4712/4712 4691/4691 5604/5604
f 4712/4712 5604/5604 4761/4761
f 5615/5615 5611/5611 5577/5577
f 5616/5616 5367/5367 5361/5361
f 5617/5617 5578/5578 5618/5618
f 4761/4761 4708/4708 4712/4712
f 5618/5618 5578/5578 5594/5594
f 5594/5594 5597/5597 5618/5618
f 5579/5579 5589/5589 5545/5545
f 5601/5601 5578/5578 5617/5617
f 5619/5619 5601/5601 5617/5617
f 5620/5620 5589/5589 5579/5579
f 5620/5620 5579/5579 5609/5609
f 4494/4494 5589/5589 5620/5620
f 5621/5621 5597/5597 5593/5593
f 5324/5324 5332/5332 5394/5394
f 5587/5587 5598/5598 5622/5622
f 5597/5597 5621/5621 5618/5618
f 5621/5621 5617/5617 5618/5618
f 5609/5609 5612/5612 5623/5623
f 5623/5623 5612/5612 5614/5614
f 5624/5624 5619/5619 5617/5617
f 5620/5620 5609/5609 5623/5623
f 5621/5621 5624/5624 5617/5617
f 5614/5614 5611/5611 5615/5615
f 5615/5615 5625/5625 5614/5614
f 5331/5331 5324/5324 5394/5394
f 5619/5619 5606/5606 5601/5601
f 5622/5622 5603/5603 5587/5587
f 5626/5626 5620/5620 5623/5623
f 5626/5626 5623/5623 5614/5614
f 5613/5613 5606/5606 5619/5619
f 5598/5598 5600/5600 5622/5622
f 5613/5613 5607/5607 5606/5606
f 5626/5626 5614/5614 5625/5625
f 5600/5600 5627/5627 5622/5622
f 5613/5613 5619/5619 5628/5628
f 5627/5627 5600/5600 5557/5557
f 5628/5628 5619/5619 5624/5624
f 5565/5565 5481/5481 5494/5494
f 5394/5394 5367/5367 5616/5616
f 5394/5394 5616/5616 5629/5629
f 5630/5630 5565/5565 5494/5494
f 5631/5631 5494/5494 5496/5496
f 5630/5630 5494/5494 5631/5631
f 5632/5632 5630/5630 5631/5631
f 5633/5633 5565/5565 5634/5634
f 5632/5632 5634/5634 5630/5630
f 5565/5565 5630/5630 5634/5634
f 5603/5603 5605/5605 5582/5582
f 5635/5635 5603/5603 5622/5622
f 5633/5633 5566/5566 5565/5565
f 5635/5635 5605/5605 5603/5603
f 5635/5635 5636/5636 5605/5605
f 5637/5637 5496/5496 5314/5314
f 5538/5538 5536/5536 5638/5638
f 5536/5536 5550/5550 5639/5639
f 5312/5312 5640/5640 5314/5314
f 5639/5639 5638/5638 5536/5536
f 5637/5637 5314/5314 5640/5640
f 5610/5610 5331/5331 5394/5394
f 5641/5641 5635/5635 5627/5627
f 5631/5631 5496/5496 5632/5632
f 5642/5642 5635/5635 5641/5641
f 5637/5637 5632/5632 5496/5496
f 5643/5643 5644/5644 5639/5639
f 5635/5635 5622/5622 5627/5627
f 5634/5634 5632/5632 5637/5637
f 5645/5645 5637/5637 5640/5640
f 5642/5642 5636/5636 5635/5635
f 5312/5312 5645/5645 5640/5640
f 5642/5642 5646/5646 5636/5636
f 5647/5647 5179/5179 5197/5197
f 5634/5634 5637/5637 5645/5645
f 5648/5648 5394/5394 5629/5629
f 5649/5649 5647/5647 5197/5197
f 5197/5197 5650/5650 5649/5649
f 5577/5577 5566/5566 5633/5633
f 5652/5652 5633/5633 5634/5634
f 5650/5650 5197/5197 5653/5653
f 5165/5165 5426/5426 5654/5654
f 5652/5652 5634/5634 5645/5645
f 5633/5633 5652/5652 5651/5651
f 4368/4368 4363/4363 5655/5655
f 5656/5656 4308/4308 4052/4052
f 5651/5651 5652/5652 5645/5645
f 5653/5653 5197/5197 5165/5165
f 5645/5645 5312/5312 5329/5329
f 5557/5557 4274/4274 5657/5657
f 5658/5658 5653/5653 5165/5165
f 5165/5165 5654/5654 5658/5658
f 5357/5357 5645/5645 5329/5329
f 5645/5645 5357/5357 5660/5660
f 5661/5661 5357/5357 5364/5364
f 5657/5657 4274/4274 4368/4368
f 5656/5656 4052/4052 4048/4048
f 5662/5662 5656/5656 4048/4048
f 5663/5663 5650/5650 5653/5653
f 5662/5662 4048/4048 5610/5610
f 5660/5660 5357/5357 5661/5661
f 5657/5657 4368/4368 5655/5655
f 5663/5663 5664/5664 5650/5650
f 5660/5660 5661/5661 5665/5665
f 5666/5666 5660/5660 5665/5665
f 5667/5667 5660/5660 5666/5666
f 5364/5364 5369/5369 5661/5661
f 5665/5665 5661/5661 5369/5369
f 5668/5668 5666/5666 5665/5665
f 5668/5668 5369/5369 5368/5368
f 5665/5665 5369/5369 5668/5668
f 5668/5668 5368/5368 5374/5374
f 5655/5655 4363/4363 4024/4024
f 5669/5669 5653/5653 5658/5658
f 5577/5577 5633/5633 5670/5670
f 5671/5671 5656/5656 5662/5662
f 5387/5387 5656/5656 5671/5671
f 5669/5669 5663/5663 5653/5653
f 5664/5664 5663/5663 5669/5669
f 5669/5669 5672/5672 5664/5664
f 5670/5670 5633/5633 5651/5651
f 4030/4030 5655/5655 4024/4024
f 5671/5671 5662/5662 5174/5174
f 5674/5674 5608/5608 5675/5675
f 5670/5670 5651/5651 5676/5676
f 5676/5676 5651/5651 5645/5645
f 5608/5608 5639/5639 5550/5550
f 5676/5676 5645/5645 5677/5677
f 5387/5387 5174/5174 5167/5167
f 5674/5674 5639/5639 5608/5608
f 5677/5677 5645/5645 5678/5678
f 5677/5677 5678/5678 5679/5679
f 5674/5674 5643/5643 5639/5639
f 5673/5673 5676/5676 5677/5677
f 5675/5675 5643/5643 5674/5674
f 5680/5680 5643/5643 5675/5675
f 5673/5673 5670/5670 5676/5676
f 5679/5679 5673/5673 5677/5677
f 4030/4030 5285/5285 5655/5655
f 5681/5681 5675/5675 5608/5608
f 5608/5608 5613/5613 5682/5682
f 5682/5682 5681/5681 5608/5608
f 5174/5174 5662/5662 5610/5610
f 5675/5675 5683/5683 5680/5680
f 5684/5684 5675/5675 5681/5681
f 5685/5685 5670/5670 5673/5673
f 5683/5683 5675/5675 5684/5684
f 5686/5686 5673/5673 5679/5679
f 5686/5686 5685/5685 5673/5673
f 5687/5687 5174/5174 5610/5610
f 5688/5688 5643/5643 5680/5680
f 5689/5689 5686/5686 5679/5679
f 5690/5690 5627/5627 5557/5557
f 5691/5691 5688/5688 5692/5692
f 5692/5692 5688/5688 5680/5680
f 5687/5687 5610/5610 5394/5394
f 5648/5648 5687/5687 5394/5394
f 5557/5557 5657/5657 5690/5690
f 5693/5693 5627/5627 5690/5690
f 5680/5680 5694/5694 5692/5692
f 5625/5625 5615/5615 5577/5577
f 5695/5695 5625/5625 5577/5577
f 5655/5655 5712/5712 5657/5657
f 5695/5695 5577/5577 5670/5670
f 5691/5691 5692/5692 5696/5696
f 5696/5696 5692/5692 5694/5694
f 5697/5697 5695/5695 5670/5670
f 5613/5613 5628/5628 5682/5682
f 5698/5698 5682/5682 5628/5628
f 5685/5685 5697/5697 5670/5670
f 5712/5712 5690/5690 5657/5657
f 5645/5645 5679/5679 5678/5678
f 5645/5645 5660/5660 5667/5667
f 5700/5700 5667/5667 5666/5666
f 5173/5173 5174/5174 5687/5687
f 5667/5667 5701/5701 5702/5702
f 5701/5701 5667/5667 5700/5700
f 5682/5682 5684/5684 5681/5681
f 5693/5693 5690/5690 5703/5703
f 5667/5667 5679/5679 5645/5645
f 5698/5698 5684/5684 5682/5682
f 5285/5285 5712/5712 5655/5655
f 5704/5704 5684/5684 5698/5698
f 5684/5684 5704/5704 5705/5705
f 5706/5706 5666/5666 5668/5668
f 5167/5167 5174/5174 5168/5168
f 5705/5705 5683/5683 5684/5684
f 5707/5707 5668/5668 5374/5374
f 5374/5374 5434/5434 5707/5707
f 5666/5666 5706/5706 5700/5700
f 5708/5708 5694/5694 5680/5680
f 5701/5701 5700/5700 5706/5706
f 5708/5708 5696/5696 5694/5694
f 5706/5706 5709/5709 5701/5701
f 5441/5441 5707/5707 5434/5434
f 5707/5707 5706/5706 5668/5668
f 5710/5710 5706/5706 5707/5707
f 5696/5696 5708/5708 5711/5711
f 5667/5667 5689/5689 5679/5679
f 5705/5705 5680/5680 5683/5683
f 5285/5285 5321/5321 5712/5712
f 5689/5689 5667/5667 5702/5702
f 5680/5680 5705/5705 5708/5708
f 5183/5183 5173/5173 5687/5687
f 5705/5705 5713/5713 5708/5708
f 5713/5713 5711/5711 5708/5708
f 5705/5705 5714/5714 5715/5715
f 5713/5713 5705/5705 5715/5715
f 5716/5716 5686/5686 5689/5689
f 5650/5650 5664/5664 5717/5717
f 5702/5702 5701/5701 5709/5709
f 5664/5664 5718/5718 5717/5717
f 5718/5718 5664/5664 5719/5719
f 5710/5710 5709/5709 5706/5706
f 5720/5720 5709/5709 5710/5710
f 5710/5710 5707/5707 5441/5441
f 5664/5664 5721/5721 5719/5719
f 5441/5441 5443/5443 5710/5710
f 5718/5718 5719/5719 5721/5721
f 5712/5712 5703/5703 5690/5690
f 5616/5616 5361/5361 5511/5511
f 5709/5709 5720/5720 5702/5702
f 5720/5720 5710/5710 5443/5443
f 5720/5720 5443/5443 5722/5722
f 5722/5722 5443/5443 5444/5444
f 5263/5263 5723/5723 5724/5724
f 5725/5725 5263/5263 5724/5724
f 5664/5664 5672/5672 5726/5726
f 5641/5641 5627/5627 5693/5693
f 5721/5721 5664/5664 5726/5726
f 5263/5263 5725/5725 5727/5727
f 5728/5728 5641/5641 5693/5693
f 5672/5672 5729/5729 5726/5726
f 5725/5725 5724/5724 5723/5723
f 5730/5730 5725/5725 5723/5723
f 5721/5721 5731/5731 5718/5718
f 5725/5725 5730/5730 5732/5732
f 5725/5725 5732/5732 5727/5727
f 5733/5733 5731/5731 5734/5734
f 5735/5735 5727/5727 5732/5732
f 5736/5736 5616/5616 5511/5511
f 5737/5737 5696/5696 5711/5711
f 5738/5738 5727/5727 5735/5735
f 5711/5711 5739/5739 5737/5737
f 5711/5711 5741/5741 5742/5742
f 5273/5273 5263/5263 5727/5727
f 5629/5629 5616/5616 5736/5736
f 5711/5711 5713/5713 5741/5741
f 5273/5273 5727/5727 5738/5738
f 5743/5743 5273/5273 5738/5738
f 5745/5745 5711/5711 5742/5742
f 5745/5745 5739/5739 5711/5711
f 5746/5746 4761/4761 5604/5604
f 5747/5747 5739/5739 5745/5745
f 5740/5740 4760/4760 4761/4761
f 5749/5749 5739/5739 5747/5747
f 5751/5751 5743/5743 5738/5738
f 5731/5731 5721/5721 5726/5726
f 5751/5751 5738/5738 5750/5750
f 5734/5734 5731/5731 5726/5726
f 5736/5736 5752/5752 5629/5629
f 5282/5282 5273/5273 5743/5743
f 5753/5753 5726/5726 5729/5729
f 5732/5732 5754/5754 5755/5755
f 5735/5735 5732/5732 5755/5755
f 5740/5740 4761/4761 5746/5746
f 5756/5756 5733/5733 5734/5734
f 5756/5756 5734/5734 5757/5757
f 5759/5759 5753/5753 5748/5748
f 5758/5758 5605/5605 5636/5636
f 5734/5734 5726/5726 5753/5753
f 5646/5646 5760/5760 5636/5636
f 5636/5636 5760/5760 5758/5758
f 5759/5759 5757/5757 5734/5734
f 5735/5735 5755/5755 5761/5761
f 5759/5759 5734/5734 5753/5753
f 5761/5761 5755/5755 5762/5762
f 5501/5501 5322/5322 5306/5306
f 5736/5736 5511/5511 5564/5564
f 5642/5642 5763/5763 5646/5646
f 5567/5567 5554/5554 5556/5556
f 5750/5750 5738/5738 5735/5735
f 5758/5758 5604/5604 5605/5605
f 5567/5567 5764/5764 5564/5564
f 5764/5764 5765/5765 5564/5564
f 5764/5764 5567/5567 5766/5766
f 5767/5767 5604/5604 5758/5758
f 5746/5746 5604/5604 5767/5767
f 5758/5758 5760/5760 5767/5767
f 5746/5746 5767/5767 5760/5760
f 5539/5539 5322/5322 5516/5516
f 5411/5411 5330/5330 5322/5322
f 5763/5763 5760/5760 5646/5646
f 5746/5746 5760/5760 5763/5763
f 5766/5766 5567/5567 5556/5556
f 5539/5539 5411/5411 5322/5322
f 5766/5766 5556/5556 5576/5576
f 5769/5769 5576/5576 5571/5571
f 5768/5768 5750/5750 5761/5761
f 5768/5768 5761/5761 5770/5770
f 5771/5771 5746/5746 5763/5763
f 5750/5750 5735/5735 5761/5761
f 5772/5772 5771/5771 5763/5763
f 5763/5763 5642/5642 5772/5772
f 5773/5773 5751/5751 5750/5750
f 5774/5774 5411/5411 5539/5539
f 5411/5411 5774/5774 5775/5775
f 5287/5287 5282/5282 5743/5743
f 5327/5327 5287/5287 5743/5743
f 5764/5764 5766/5766 5765/5765
f 5775/5775 5403/5403 5411/5411
f 5776/5776 5743/5743 5751/5751
f 5736/5736 5564/5564 5765/5765
f 5777/5777 5327/5327 5743/5743
f 5775/5775 5421/5421 5403/5403
f 5327/5327 5325/5325 5287/5287
f 5778/5778 5775/5775 5774/5774
f 5103/5103 5740/5740 5779/5779
f 5777/5777 5743/5743 5776/5776
f 5780/5780 5766/5766 5576/5576
f 5781/5781 5777/5777 5776/5776
f 5782/5782 5779/5779 5740/5740
f 5780/5780 5765/5765 5766/5766
f 5765/5765 5780/5780 5736/5736
f 5752/5752 5736/5736 5780/5780
f 5776/5776 5751/5751 5783/5783
f 5783/5783 5781/5781 5776/5776
f 5771/5771 5772/5772 5784/5784
f 5783/5783 5751/5751 5785/5785
f 5740/5740 5746/5746 5771/5771
f 5785/5785 5751/5751 5786/5786
f 5785/5785 5786/5786 5787/5787
f 5328/5328 5327/5327 5777/5777
f 5788/5788 5328/5328 5777/5777
f 5789/5789 5769/5769 5790/5790
f 5771/5771 5782/5782 5740/5740
f 5538/5538 5774/5774 5539/5539
f 5791/5791 5777/5777 5781/5781
f 5792/5792 5793/5793 5791/5791
f 5781/5781 5794/5794 5792/5792
f 5792/5792 5791/5791 5781/5781
f 5638/5638 5774/5774 5538/5538
f 5638/5638 5778/5778 5774/5774
f 5791/5791 5793/5793 5777/5777
f 5788/5788 5777/5777 5793/5793
f 5769/5769 5789/5789 5576/5576
f 5644/5644 5638/5638 5639/5639
f 5644/5644 5778/5778 5638/5638
f 5795/5795 5576/5576 5789/5789
f 5788/5788 5334/5334 5328/5328
f 5780/5780 5576/5576 5795/5795
f 5334/5334 5788/5788 5796/5796
f 5796/5796 5788/5788 5793/5793
f 5778/5778 5797/5797 5775/5775
f 5644/5644 5797/5797 5778/5778
f 5794/5794 5781/5781 5783/5783
f 5797/5797 5798/5798 5775/5775
f 5794/5794 5783/5783 5785/5785
f 5794/5794 5785/5785 5799/5799
f 5799/5799 5785/5785 5787/5787
f 5787/5787 5800/5800 5799/5799
f 5784/5784 5782/5782 5771/5771
f 5798/5798 5801/5801 5775/5775
f 5792/5792 5794/5794 5799/5799
f 5782/5782 5784/5784 5802/5802
f 5644/5644 5643/5643 5688/5688
f 5792/5792 5799/5799 5803/5803
f 5800/5800 5803/5803 5799/5799
f 5688/5688 5798/5798 5644/5644
f 5644/5644 5798/5798 5797/5797
f 5786/5786 5751/5751 5773/5773
f 5654/5654 5426/5426 5432/5432
f 5414/5414 5432/5432 5431/5431
f 5773/5773 5750/5750 5804/5804
f 5805/5805 5413/5413 5421/5421
f 5806/5806 5432/5432 5414/5414
f 5768/5768 5804/5804 5750/5750
f 5658/5658 5654/5654 5432/5432
f 5806/5806 5808/5808 5432/5432
f 5807/5807 5804/5804 5768/5768
f 5807/5807 5768/5768 5770/5770
f 5648/5648 5629/5629 5752/5752
f 5658/5658 5432/5432 5808/5808
f 5809/5809 5786/5786 5773/5773
f 5810/5810 5786/5786 5809/5809
f 5786/5786 5810/5810 5787/5787
f 5811/5811 5712/5712 5340/5340
f 5809/5809 5773/5773 5812/5812
f 5703/5703 5712/5712 5811/5811
f 5669/5669 5658/5658 5813/5813
f 5812/5812 5810/5810 5809/5809
f 5340/5340 5712/5712 5321/5321
f 5801/5801 5421/5421 5775/5775
f 5814/5814 5808/5808 5806/5806
f 5773/5773 5804/5804 5812/5812
f 5801/5801 5805/5805 5421/5421
f 5812/5812 5804/5804 5816/5816
f 5213/5213 5687/5687 5648/5648
f 5815/5815 5805/5805 5801/5801
f 5807/5807 5816/5816 5804/5804
f 5813/5813 5658/5658 5808/5808
f 5814/5814 5813/5813 5808/5808
f 5213/5213 5648/5648 5210/5210
f 5818/5818 5801/5801 5798/5798
f 5337/5337 5807/5807 5770/5770
f 5672/5672 5669/5669 5813/5813
f 5816/5816 5807/5807 5337/5337
f 5819/5819 5813/5813 5814/5814
f 5337/5337 5336/5336 5816/5816
f 5819/5819 5672/5672 5813/5813
f 5800/5800 5787/5787 5810/5810
f 5800/5800 5810/5810 5803/5803
f 5810/5810 5820/5820 5803/5803
f 5209/5209 5213/5213 5210/5210
f 5400/5400 5811/5811 5340/5340
f 5812/5812 5820/5820 5810/5810
f 5183/5183 5687/5687 5213/5213
f 5400/5400 5340/5340 5370/5370
f 5823/5823 5821/5821 5824/5824
f 5691/5691 5798/5798 5688/5688
f 5210/5210 5648/5648 5752/5752
f 5823/5823 5825/5825 5821/5821
f 5752/5752 5264/5264 5210/5210
f 5826/5826 5811/5811 5400/5400
f 4723/4723 4720/4720 4717/4717
f 5819/5819 5814/5814 5817/5817
f 5818/5818 5815/5815 5801/5801
f 5696/5696 5798/5798 5691/5691
f 5798/5798 5737/5737 5827/5827
f 5737/5737 5798/5798 5696/5696
f 5400/5400 5399/5399 5826/5826
f 5827/5827 5818/5818 5798/5798
f 4723/4723 5829/5829 4720/4720
f 5830/5830 4720/4720 5831/5831
f 5829/5829 5831/5831 4720/4720
f 5828/5828 5819/5819 5817/5817
f 5832/5832 4723/4723 4722/4722
f 5795/5795 5752/5752 5780/5780
f 5264/5264 5752/5752 5795/5795
f 5832/5832 5829/5829 4723/4723
f 5832/5832 5831/5831 5829/5829
f 5729/5729 5819/5819 5828/5828
f 5831/5831 5832/5832 5833/5833
f 5819/5819 5729/5729 5672/5672
f 5728/5728 5642/5642 5641/5641
f 5642/5642 5728/5728 5834/5834
f 5693/5693 5834/5834 5728/5728
f 5739/5739 5827/5827 5737/5737
f 5834/5834 5703/5703 5642/5642
f 5835/5835 5827/5827 5739/5739
f 5837/5837 4722/4722 4718/4718
f 5739/5739 5749/5749 5835/5835
f 5836/5836 5729/5729 5828/5828
f 4722/4722 5837/5837 5838/5838
f 5748/5748 5729/5729 5836/5836
f 5748/5748 5753/5753 5729/5729
f 5834/5834 5693/5693 5703/5703
f 5839/5839 4972/4972 5037/5037
f 5838/5838 5833/5833 5832/5832
f 5584/5584 4972/4972 5839/5839
f 5838/5838 5832/5832 4722/4722
f 5840/5840 5588/5588 5839/5839
f 5789/5789 5841/5841 5795/5795
f 5642/5642 5703/5703 5772/5772
f 5839/5839 5037/5037 5038/5038
f 5843/5843 5839/5839 5038/5038
f 5264/5264 5795/5795 5841/5841
f 5844/5844 5845/5845 5831/5831
f 5839/5839 5843/5843 5840/5840
f 5846/5846 5845/5845 5844/5844
f 5831/5831 5833/5833 5844/5844
f 5848/5848 5840/5840 5843/5843
f 5849/5849 5846/5846 5844/5844
f 5848/5848 5847/5847 5840/5840
f 5823/5823 5824/5824 5850/5850
f 5703/5703 5811/5811 5772/5772
f 5852/5852 5850/5850 5824/5824
f 5854/5854 5850/5850 5852/5852
f 5038/5038 5855/5855 5843/5843
f 5857/5857 5858/5858 5848/5848
f 5855/5855 5038/5038 5049/5049
f 5859/5859 5850/5850 5854/5854
f 5855/5855 5848/5848 5843/5843
f 5845/5845 5846/5846 5861/5861
f 5857/5857 5848/5848 5862/5862
f 5862/5862 5848/5848 5855/5855
f 5863/5863 5862/5862 5855/5855
f 5264/5264 5841/5841 5723/5723
f 5863/5863 5864/5864 5862/5862
f 5865/5865 5846/5846 5849/5849
f 5861/5861 5851/5851 5866/5866
f 5851/5851 5861/5861 5853/5853
f 5584/5584 5839/5839 5588/5588
f 5865/5865 5861/5861 5846/5846
f 5867/5867 5588/5588 5840/5840
f 5868/5868 5853/5853 5861/5861
f 5868/5868 5861/5861 5865/5865
f 5847/5847 5867/5867 5840/5840
f 5811/5811 5826/5826 5772/5772
f 5588/5588 5867/5867 5595/5595
f 5867/5867 5596/5596 5595/5595
f 5869/5869 5833/5833 5838/5838
f 5849/5849 5844/5844 5833/5833
f 5870/5870 5849/5849 5833/5833
f 5596/5596 5867/5867 5871/5871
f 5264/5264 5723/5723 5263/5263
f 5849/5849 5870/5870 5865/5865
f 5869/5869 5870/5870 5833/5833
f 5871/5871 5593/5593 5596/5596
f 5593/5593 5871/5871 5872/5872
f 5842/5842 5869/5869 5838/5838
f 5873/5873 5872/5872 5871/5871
f 5874/5874 5869/5869 5842/5842
f 5842/5842 5875/5875 5874/5874
f 5858/5858 5867/5867 5847/5847
f 5876/5876 5772/5772 5826/5826
f 5877/5877 5869/5869 5874/5874
f 5210/5210 5264/5264 5263/5263
f 5871/5871 5867/5867 5878/5878
f 5868/5868 5865/5865 5870/5870
f 5871/5871 5879/5879 5873/5873
f 5878/5878 5879/5879 5871/5871
f 5859/5859 5823/5823 5850/5850
f 5856/5856 5823/5823 5859/5859
f 5853/5853 5880/5880 5860/5860
f 5858/5858 5847/5847 5848/5848
f 5659/5659 4308/4308 5656/5656
f 5858/5858 5857/5857 5879/5879
f 4311/4311 4308/4308 5659/5659
f 5870/5870 5880/5880 5868/5868
f 5881/5881 5880/5880 5870/5870
f 5858/5858 5878/5878 5867/5867
f 5879/5879 5878/5878 5858/5858
f 5659/5659 5656/5656 5882/5882
f 5860/5860 5883/5883 5885/5885
f 5886/5886 5873/5873 5879/5879
f 4311/4311 5659/5659 4331/4331
f 5880/5880 5883/5883 5860/5860
f 5880/5880 5853/5853 5868/5868
f 5864/5864 5887/5887 5888/5888
f 5862/5862 5864/5864 5857/5857
f 5888/5888 5857/5857 5864/5864
f 4733/4733 5837/5837 4718/4718
f 5882/5882 4331/4331 5659/5659
f 5857/5857 5886/5886 5879/5879
f 5886/5886 5857/5857 5889/5889
f 5886/5886 5888/5888 5890/5890
f 4733/4733 5891/5891 5837/5837
f 5876/5876 5784/5784 5772/5772
f 5888/5888 5889/5889 5857/5857
f 5889/5889 5888/5888 5886/5886
f 5872/5872 5621/5621 5593/5593
f 5892/5892 5891/5891 4733/4733
f 5882/5882 5656/5656 5387/5387
f 4331/4331 5882/5882 5375/5375
f 5375/5375 5882/5882 5379/5379
f 5621/5621 5872/5872 5893/5893
f 5873/5873 5893/5893 5872/5872
f 5621/5621 5893/5893 5894/5894
f 4331/4331 5375/5375 4328/4328
f 5376/5376 5375/5375 5379/5379
f 4733/4733 4744/4744 5892/5892
f 5895/5895 5624/5624 5621/5621
f 5895/5895 5621/5621 5894/5894
f 5378/5378 5882/5882 5387/5387
f 5379/5379 5882/5882 5378/5378
f 5893/5893 5895/5895 5894/5894
f 4744/4744 5212/5212 5216/5216
f 5387/5387 5671/5671 5174/5174
f 5896/5896 5624/5624 5895/5895
f 5628/5628 5624/5624 5699/5699
f 5897/5897 5699/5699 5624/5624
f 5897/5897 5624/5624 5896/5896
f 5892/5892 4744/4744 5216/5216
f 5898/5898 5826/5826 5399/5399
f 5899/5899 5892/5892 5216/5216
f 5899/5899 5900/5900 5892/5892
f 5227/5227 5900/5900 5899/5899
f 5223/5223 5227/5227 5899/5899
f 5895/5895 5901/5901 5896/5896
f 5897/5897 5896/5896 5901/5901
f 5900/5900 5227/5227 5256/5256
f 5256/5256 5902/5902 5900/5900
f 4464/4464 4466/4466 5903/5903
f 5258/5258 5904/5904 5256/5256
f 5905/5905 4464/4464 5903/5903
f 5906/5906 5893/5893 5873/5873
f 5873/5873 5886/5886 5906/5906
f 5907/5907 4466/4466 4494/4494
f 5903/5903 4466/4466 5907/5907
f 5901/5901 5895/5895 5893/5893
f 5901/5901 5893/5893 5906/5906
f 4494/4494 5908/5908 5907/5907
f 5842/5842 5838/5838 5837/5837
f 5891/5891 5842/5842 5837/5837
f 5891/5891 5875/5875 5842/5842
f 5886/5886 5890/5890 5906/5906
f 5903/5903 5907/5907 5909/5909
f 5892/5892 5910/5910 5891/5891
f 5911/5911 4463/4463 4464/4464
f 4463/4463 5911/5911 4479/4479
f 5911/5911 4464/4464 5905/5905
f 5875/5875 5891/5891 5910/5910
f 5913/5913 5875/5875 5910/5910
f 5914/5914 2733/2733 2732/2732
f 5912/5912 5915/5915 5890/5890
f 5913/5913 5874/5874 5875/5875
f 5877/5877 5874/5874 5913/5913
f 4479/4479 5916/5916 4471/4471
f 5917/5917 5877/5877 5913/5913
f 5890/5890 5901/5901 5906/5906
f 5902/5902 5910/5910 5900/5900
f 5918/5918 5897/5897 5901/5901
f 5909/5909 5905/5905 5903/5903
f 5911/5911 5905/5905 5909/5909
f 5909/5909 5919/5919 5911/5911
f 5910/5910 5902/5902 5913/5913
f 5881/5881 5869/5869 5877/5877
f 5881/5881 5870/5870 5869/5869
f 5920/5920 5880/5880 5881/5881
f 5915/5915 5901/5901 5890/5890
f 5917/5917 5881/5881 5877/5877
f 5901/5901 5915/5915 5918/5918
f 5911/5911 5919/5919 4479/4479
f 5921/5921 5915/5915 5922/5922
f 5915/5915 5923/5923 5918/5918
f 5908/5908 4494/4494 5620/5620
f 5917/5917 5913/5913 5904/5904
f 5924/5924 5923/5923 5915/5915
f 5915/5915 5921/5921 5924/5924
f 5923/5923 5924/5924 5925/5925
f 5925/5925 5926/5926 5923/5923
f 5920/5920 5881/5881 5917/5917
f 5863/5863 5855/5855 5049/5049
f 5883/5883 5880/5880 5920/5920
f 5081/5081 5863/5863 5049/5049
f 5892/5892 5900/5900 5910/5910
f 5913/5913 5902/5902 5904/5904
f 5081/5081 5864/5864 5863/5863
f 5864/5864 5081/5081 5887/5887
f 5626/5626 5927/5927 5620/5620
f 5904/5904 5920/5920 5917/5917
f 5887/5887 5081/5081 5928/5928
f 5920/5920 5904/5904 5266/5266
f 5920/5920 5266/5266 5281/5281
f 5908/5908 5620/5620 5927/5927
f 5929/5929 5081/5081 5082/5082
f 5929/5929 5082/5082 5083/5083
f 5625/5625 5931/5931 5626/5626
f 5931/5931 5625/5625 5695/5695
f 5927/5927 5626/5626 5931/5931
f 5258/5258 5266/5266 5904/5904
f 5929/5929 5928/5928 5081/5081
f 5265/5265 5920/5920 5281/5281
f 5932/5932 5928/5928 5929/5929
f 5933/5933 5909/5909 5907/5907
f 5825/5825 5761/5761 5762/5762
f 5934/5934 5933/5933 5907/5907
f 5919/5919 5909/5909 5933/5933
f 5825/5825 5762/5762 5821/5821
f 5091/5091 5929/5929 5083/5083
f 5762/5762 5822/5822 5821/5821
f 5907/5907 5908/5908 5934/5934
f 5934/5934 5908/5908 5927/5927
f 5935/5935 5934/5934 5927/5927
f 5936/5936 5932/5932 5929/5929
f 5091/5091 5936/5936 5929/5929
f 5935/5935 5927/5927 5931/5931
f 5933/5933 5934/5934 5919/5919
f 5934/5934 5935/5935 5919/5919
f 5914/5914 2732/2732 5937/5937
f 5155/5155 5919/5919 5935/5935
f 5091/5091 5089/5089 5938/5938
f 5938/5938 5936/5936 5091/5091
f 5770/5770 5761/5761 5825/5825
f 5936/5936 5939/5939 5932/5932
f 5939/5939 5928/5928 5932/5932
f 5940/5940 4030/4030 4023/4023
f 5284/5284 4030/4030 5940/5940
f 5939/5939 5936/5936 5941/5941
f 5338/5338 5770/5770 5825/5825
f 5936/5936 5938/5938 5941/5941
f 5943/5943 5941/5941 5938/5938
f 4509/4509 5940/5940 4492/4492
f 5942/5942 5825/5825 5823/5823
f 5940/5940 4023/4023 4492/4492
f 5944/5944 5945/5945 5941/5941
f 5944/5944 5941/5941 5943/5943
f 5338/5338 5825/5825 5942/5942
f 5856/5856 5942/5942 5823/5823
f 5784/5784 5946/5946 5947/5947
f 5856/5856 5859/5859 5884/5884
f 5784/5784 5949/5949 5946/5946
f 4509/4509 5289/5289 5940/5940
f 5284/5284 5940/5940 5289/5289
f 5948/5948 5914/5914 5937/5937
f 5311/5311 5289/5289 4509/4509
f 4517/4517 5951/5951 4509/4509
f 4471/4471 5916/5916 4518/4518
f 5784/5784 5876/5876 5952/5952
f 4518/4518 5916/5916 4516/4516
f 5884/5884 5338/5338 5942/5942
f 4516/4516 5916/5916 5950/5950
f 5953/5953 5954/5954 5947/5947
f 5916/5916 4479/4479 5955/5955
f 5955/5955 5957/5957 5916/5916
f 5946/5946 5953/5953 5947/5947
f 5958/5958 5945/5945 5944/5944
f 5337/5337 5770/5770 5338/5338
f 5953/5953 5961/5961 5962/5962
f 5959/5959 5953/5953 5962/5962
f 5964/5964 5937/5937 2732/2732
f 5945/5945 5958/5958 5963/5963
f 5945/5945 5963/5963 5960/5960
f 5964/5964 2732/2732 5965/5965
f 5338/5338 5884/5884 5349/5349
f 5966/5966 5349/5349 5884/5884
f 5956/5956 4509/4509 5951/5951
f 5953/5953 5946/5946 5949/5949
f 5949/5949 5784/5784 5952/5952
f 5969/5969 5948/5948 5937/5937
f 5950/5950 5916/5916 5957/5957
f 5968/5968 5948/5948 5969/5969
f 5942/5942 5856/5856 5884/5884
f 5969/5969 5970/5970 5968/5968
f 5971/5971 5885/5885 5883/5883
f 5972/5972 5953/5953 5949/5949
f 5967/5967 5885/5885 5971/5971
f 5953/5953 5972/5972 5973/5973
f 5969/5969 5937/5937 5975/5975
f 5973/5973 5961/5961 5953/5953
f 5977/5977 5973/5973 5972/5972
f 5930/5930 5883/5883 5920/5920
f 5967/5967 5971/5971 5930/5930
f 5930/5930 5971/5971 5883/5883
f 5937/5937 5964/5964 5975/5975
f 5964/5964 5965/5965 5975/5975
f 5978/5978 5888/5888 5887/5887
f 5928/5928 5978/5978 5887/5887
f 5979/5979 5978/5978 5928/5928
f 5919/5919 5186/5186 4479/4479
f 5888/5888 5978/5978 5980/5980
f 5980/5980 5981/5981 5888/5888
f 5397/5397 5930/5930 5920/5920
f 5186/5186 5955/5955 4479/4479
f 5982/5982 5970/5970 5969/5969
f 5975/5975 5982/5982 5969/5969
f 5397/5397 5967/5967 5930/5930
f 5979/5979 5980/5980 5978/5978
f 5265/5265 5397/5397 5920/5920
f 5353/5353 5355/5355 5397/5397
f 5349/5349 5966/5966 5351/5351
f 5967/5967 5397/5397 5350/5350
f 5355/5355 5350/5350 5397/5397
f 5939/5939 5979/5979 5928/5928
f 5955/5955 5186/5186 5188/5188
f 5980/5980 5979/5979 5983/5983
f 5939/5939 5983/5983 5979/5979
f 5984/5984 5983/5983 5939/5939
f 5303/5303 4893/4893 5985/5985
f 4893/4893 4886/4886 5985/5985
f 5985/5985 4886/4886 4889/4889
f 5941/5941 5984/5984 5939/5939
f 4889/4889 5303/5303 5985/5985
f 5305/5305 5302/5302 5303/5303
f 5888/5888 5981/5981 5890/5890
f 5912/5912 5890/5890 5981/5981
f 5186/5186 5919/5919 5155/5155
f 5986/5986 5912/5912 5981/5981
f 5983/5983 5981/5981 5980/5980
f 5793/5793 5792/5792 5987/5987
f 5957/5957 5955/5955 5989/5989
f 5986/5986 5990/5990 5912/5912
f 5463/5463 5436/5436 2733/2733
f 5921/5921 5912/5912 5990/5990
f 5360/5360 5334/5334 5796/5796
f 5989/5989 5955/5955 5188/5188
f 5188/5188 5992/5992 5989/5989
f 5983/5983 5986/5986 5981/5981
f 5993/5993 5796/5796 5793/5793
f 5990/5990 5986/5986 5983/5983
f 5956/5956 5988/5988 4509/4509
f 5993/5993 5793/5793 5987/5987
f 5984/5984 5990/5990 5983/5983
f 5988/5988 5311/5311 4509/4509
f 5994/5994 5311/5311 5988/5988
f 5995/5995 5360/5360 5796/5796
f 5368/5368 5360/5360 5995/5995
f 5796/5796 5993/5993 5987/5987
f 5994/5994 5988/5988 5991/5991
f 5915/5915 5912/5912 5922/5922
f 5921/5921 5922/5922 5912/5912
f 5987/5987 5995/5995 5796/5796
f 5987/5987 5792/5792 5803/5803
f 5188/5188 5187/5187 5195/5195
f 5996/5996 5925/5925 5924/5924
f 5463/5463 2733/2733 5914/5914
f 5997/5997 5987/5987 5803/5803
f 5201/5201 5311/5311 5994/5994
f 5990/5990 5984/5984 5921/5921
f 5201/5201 5994/5994 5991/5991
f 5200/5200 5992/5992 5188/5188
f 5921/5921 5984/5984 5998/5998
f 5200/5200 5188/5188 5195/5195
f 5924/5924 5921/5921 5998/5998
f 5998/5998 5996/5996 5924/5924
f 5999/5999 5996/5996 5998/5998
f 6000/6000 5931/5931 5695/5695
f 5995/5995 6001/6001 5368/5368
f 5435/5435 6001/6001 5995/5995
f 5435/5435 5995/5995 5987/5987
f 6000/6000 5695/5695 5697/5697
f 6000/6000 5697/5697 5685/5685
f 5435/5435 5987/5987 5451/5451
f 6002/6002 6000/6000 5685/5685
f 6003/6003 6002/6002 5685/5685
f 5373/5373 5368/5368 6001/6001
f 5945/5945 6004/6004 5984/5984
f 5935/5935 5931/5931 6000/6000
f 5945/5945 5984/5984 5941/5941
f 5373/5373 6001/6001 5435/5435
f 6005/6005 6002/6002 6003/6003
f 6003/6003 5685/5685 5686/5686
f 6006/6006 5451/5451 5997/5997
f 5551/5551 5463/5463 5914/5914
f 6007/6007 5945/5945 5960/5960
f 6003/6003 5686/5686 5716/5716
f 5997/5997 5451/5451 5987/5987
f 6007/6007 6008/6008 6004/6004
f 6007/6007 5976/5976 6008/6008
f 5166/5166 6003/6003 5716/5716
f 5998/5998 5984/5984 6004/6004
f 5935/5935 6000/6000 5158/5158
f 5158/5158 6000/6000 6002/6002
f 6004/6004 5999/5999 5998/5998
f 6008/6008 5999/5999 6004/6004
f 6006/6006 6010/6010 5451/5451
f 5158/5158 6002/6002 6005/6005
f 5960/5960 5974/5974 6007/6007
f 6009/6009 5571/5571 5551/5551
f 6004/6004 5945/5945 6007/6007
f 5974/5974 5976/5976 6007/6007
f 5769/5769 5571/5571 5790/5790
f 5977/5977 5972/5972 6011/6011
f 5158/5158 6005/6005 5153/5153
f 6005/6005 6003/6003 5166/5166
f 5396/5396 5336/5336 5341/5341
f 6013/6013 5997/5997 5803/5803
f 6013/6013 5803/5803 5820/5820
f 6014/6014 5551/5551 5914/5914
f 6014/6014 5914/5914 5948/5948
f 5628/5628 5699/5699 6015/6015
f 6013/6013 5820/5820 5812/5812
f 6009/6009 6014/6014 5948/5948
f 6015/6015 5698/5698 5628/5628
f 6015/6015 5704/5704 5698/5698
f 5153/5153 6005/6005 5166/5166
f 6016/6016 6017/6017 6015/6015
f 6018/6018 5997/5997 6013/6013
f 6019/6019 6018/6018 6013/6013
f 5699/5699 5897/5897 6016/6016
f 6009/6009 5551/5551 6014/6014
f 6016/6016 6015/6015 5699/5699
f 6019/6019 6013/6013 5812/5812
f 5716/5716 5689/5689 6020/6020
f 6021/6021 5716/5716 6020/6020
f 6020/6020 5689/5689 5702/5702
f 5812/5812 5816/5816 5336/5336
f 6022/6022 6020/6020 5702/5702
f 6009/6009 5948/5948 5968/5968
f 5716/5716 6021/6021 6023/6023
f 6017/6017 5714/5714 6015/6015
f 5336/5336 6024/6024 5812/5812
f 6022/6022 6023/6023 6021/6021
f 6025/6025 6017/6017 6016/6016
f 6024/6024 5336/5336 5396/5396
f 6021/6021 6020/6020 6022/6022
f 6026/6026 6022/6022 5702/5702
f 5714/5714 5704/5704 6015/6015
f 5714/5714 5705/5705 5704/5704
f 6022/6022 6026/6026 6027/6027
f 6028/6028 6006/6006 5997/5997
f 5448/5448 5722/5722 5444/5444
f 6028/6028 5997/5997 6018/6018
f 6029/6029 6028/6028 6018/6018
f 6030/6030 5702/5702 5720/5720
f 6030/6030 5720/5720 5722/5722
f 6030/6030 6026/6026 5702/5702
f 6029/6029 6018/6018 6019/6019
f 5714/5714 6031/6031 5715/5715
f 6032/6032 6006/6006 6028/6028
f 6033/6033 5715/5715 6031/6031
f 6030/6030 5722/5722 6034/6034
f 6034/6034 5722/5722 5448/5448
f 6017/6017 6031/6031 5714/5714
f 6026/6026 6030/6030 6035/6035
f 6036/6036 6035/6035 6030/6030
f 6025/6025 6031/6031 6017/6017
f 6026/6026 6035/6035 6036/6036
f 6037/6037 6031/6031 6025/6025
f 6010/6010 6006/6006 6032/6032
f 6036/6036 6038/6038 6026/6026
f 6038/6038 6036/6036 6039/6039
f 6036/6036 6030/6030 6034/6034
f 6028/6028 5152/5152 6032/6032
f 6019/6019 5812/5812 6024/6024
f 5448/5448 6040/6040 6034/6034
f 6037/6037 6033/6033 6031/6031
f 6038/6038 6034/6034 6040/6040
f 6039/6039 6036/6036 6034/6034
f 6039/6039 6034/6034 6038/6038
f 6019/6019 6024/6024 6029/6029
f 6025/6025 6016/6016 5897/5897
f 6027/6027 6023/6023 6022/6022
f 5897/5897 5918/5918 6025/6025
f 2780/2780 6041/6041 2773/2773
f 5163/5163 6029/6029 6024/6024
f 5225/5225 6023/6023 5226/5226
f 6027/6027 6026/6026 6038/6038
f 2742/2742 2773/2773 6041/6041
f 5918/5918 5923/5923 5926/5926
f 5926/5926 6025/6025 5918/5918
f 6023/6023 6027/6027 6038/6038
f 6024/6024 5396/5396 5164/5164
f 2780/2780 2776/2776 2781/2781
f 5161/5161 6024/6024 5164/5164
f 5163/5163 6024/6024 5161/5161
f 5926/5926 6043/6043 6042/6042
f 5226/5226 6023/6023 6038/6038
f 5451/5451 5438/5438 5435/5435
f 6042/6042 6043/6043 6044/6044
f 6040/6040 6045/6045 6038/6038
f 5226/5226 6038/6038 6045/6045
f 6046/6046 6025/6025 5926/5926
f 6042/6042 6046/6046 5926/5926
f 6047/6047 6046/6046 6042/6042
f 6023/6023 5166/5166 5716/5716
f 6042/6042 6044/6044 6047/6047
f 6010/6010 6048/6048 5451/5451
f 6046/6046 6037/6037 6025/6025
f 5170/5170 5166/5166 6023/6023
f 2781/2781 6049/6049 2780/2780
f 6023/6023 5225/5225 5170/5170
f 6050/6050 6037/6037 6046/6046
f 6051/6051 5451/5451 6048/6048
f 6052/6052 6037/6037 6050/6050
f 5935/5935 5158/5158 5155/5155
f 5180/5180 6051/6051 6048/6048
f 6053/6053 6050/6050 6046/6046
f 6050/6050 6053/6053 6054/6054
f 5447/5447 5451/5451 6051/6051
f 6055/6055 6054/6054 6053/6053
f 6047/6047 6053/6053 6046/6046
f 6055/6055 6053/6053 6047/6047
f 5453/5453 5447/5447 6051/6051
f 5180/5180 6056/6056 6051/6051
f 5186/5186 5155/5155 5190/5190
f 5453/5453 6051/6051 6056/6056
f 6055/6055 6047/6047 6044/6044
f 6056/6056 5179/5179 5453/5453
f 5454/5454 5453/5453 5179/5179
f 5163/5163 5152/5152 6028/6028
f 5163/5163 6028/6028 6029/6029
f 6057/6057 6010/6010 6032/6032
f 5715/5715 5741/5741 5713/5713
f 6048/6048 6010/6010 6057/6057
f 6033/6033 5741/5741 5715/5715
f 6057/6057 6032/6032 5152/5152
f 6057/6057 5152/5152 5151/5151
f 2732/2732 2742/2742 6041/6041
f 5150/5150 5152/5152 5163/5163
f 6033/6033 5742/5742 5741/5741
f 6057/6057 5151/5151 6048/6048
f 5744/5744 5742/5742 6033/6033
f 6059/6059 5744/5744 6033/6033
f 5180/5180 6048/6048 5151/5151
f 5745/5745 6060/6060 5747/5747
f 6061/6061 5745/5745 6058/6058
f 6061/6061 6060/6060 5745/5745
f 6061/6061 6062/6062 6060/6060
f 6041/6041 2780/2780 6049/6049
f 6059/6059 6033/6033 6037/6037
f 6061/6061 6058/6058 6037/6037
f 6063/6063 6041/6041 6049/6049
f 6064/6064 6061/6061 6037/6037
f 6062/6062 6061/6061 6064/6064
f 5749/5749 5747/5747 6060/6060
f 6065/6065 5759/5759 5748/5748
f 6066/6066 5749/5749 6060/6060
f 6068/6068 6066/6066 6060/6060
f 6065/6065 6069/6069 5759/5759
f 6065/6065 6067/6067 6069/6069
f 5756/5756 5757/5757 6069/6069
f 6069/6069 5757/5757 5759/5759
f 6069/6069 6067/6067 6070/6070
f 6060/6060 6062/6062 6068/6068
f 6071/6071 6062/6062 6064/6064
f 6068/6068 6062/6062 6071/6071
f 6072/6072 6070/6070 6067/6067
f 5480/5480 2787/2787 2789/2789
f 5480/5480 2789/2789 2791/2791
f 6052/6052 6064/6064 6037/6037
f 5480/5480 2791/2791 2813/2813
f 6054/6054 6052/6052 6050/6050
f 6073/6073 2787/2787 5480/5480
f 6064/6064 6052/6052 6074/6074
f 6055/6055 6052/6052 6054/6054
f 6075/6075 6052/6052 6055/6055
f 6073/6073 6076/6076 2787/2787
f 6074/6074 6052/6052 6075/6075
f 6077/6077 6064/6064 6074/6074
f 6071/6071 6064/6064 6077/6077
f 5482/5482 6073/6073 5480/5480
f 6079/6079 6071/6071 6077/6077
f 6080/6080 6072/6072 6078/6078
f 6081/6081 6077/6077 6074/6074
f 6082/6082 6077/6077 6081/6081
f 6082/6082 6079/6079 6077/6077
f 6082/6082 6083/6083 6079/6079
f 6049/6049 2781/2781 2787/2787
f 6085/6085 6086/6086 5826/5826
f 6076/6076 6049/6049 2787/2787
f 5876/5876 5826/5826 6086/6086
f 6087/6087 6076/6076 6073/6073
f 2732/2732 6041/6041 6088/6088
f 5965/5965 2732/2732 6089/6089
f 6089/6089 2732/2732 6088/6088
f 6088/6088 6041/6041 6063/6063
f 5972/5972 6090/6090 6091/6091
f 6092/6092 5972/5972 6091/6091
f 6093/6093 6092/6092 6091/6091
f 6090/6090 5952/5952 5876/5876
f 6091/6091 6090/6090 5876/5876
f 5949/5949 5952/5952 6090/6090
f 6090/6090 5972/5972 5949/5949
f 6086/6086 6091/6091 5876/5876
f 6094/6094 6086/6086 6085/6085
f 6091/6091 6086/6086 6094/6094
f 5975/5975 5965/5965 6089/6089
f 6093/6093 6091/6091 6094/6094
f 6093/6093 6095/6095 6092/6092
f 6095/6095 6093/6093 6094/6094
f 6088/6088 6096/6096 6089/6089
f 6063/6063 6097/6097 6088/6088
f 5898/5898 5399/5399 5425/5425
f 5482/5482 6087/6087 6073/6073
f 5505/5505 6087/6087 5482/5482
f 6087/6087 5505/5505 5518/5518
f 5826/5826 5898/5898 6085/6085
f 6063/6063 6049/6049 6076/6076
f 5518/5518 6076/6076 6087/6087
f 5518/5518 6063/6063 6076/6076
f 6098/6098 5926/5926 5925/5925
f 6098/6098 6043/6043 5926/5926
f 6098/6098 5925/5925 5996/5996
f 6099/6099 6098/6098 5996/5996
f 6043/6043 6098/6098 6044/6044
f 5518/5518 6100/6100 6063/6063
f 6101/6101 6098/6098 6099/6099
f 6099/6099 5996/5996 5999/5999
f 6102/6102 6099/6099 5999/5999
f 6102/6102 6101/6101 6099/6099
f 6101/6101 6102/6102 6103/6103
f 6104/6104 6103/6103 6102/6102
f 5534/5534 5518/5518 5519/5519
f 6101/6101 6044/6044 6098/6098
f 5534/5534 6100/6100 5518/5518
f 6055/6055 6044/6044 6101/6101
f 6103/6103 6055/6055 6101/6101
f 6105/6105 5970/5970 5982/5982
f 6104/6104 6107/6107 6103/6103
f 6092/6092 6011/6011 5972/5972
f 6012/6012 6008/6008 5976/5976
f 6106/6106 5982/5982 5975/5975
f 6105/6105 5982/5982 6106/6106
f 6008/6008 6102/6102 5999/5999
f 6108/6108 6102/6102 6008/6008
f 6008/6008 6012/6012 6108/6108
f 6108/6108 6104/6104 6102/6102
f 6108/6108 6012/6012 6109/6109
f 6095/6095 6110/6110 6092/6092
f 6110/6110 6011/6011 6092/6092
f 6095/6095 6094/6094 6085/6085
f 6104/6104 6108/6108 6109/6109
f 5790/5790 5571/5571 6009/6009
f 6095/6095 6113/6113 6110/6110
f 6104/6104 6109/6109 6112/6112
f 6114/6114 6113/6113 6095/6095
f 6085/6085 5898/5898 6115/6115
f 6112/6112 6116/6116 6104/6104
f 6114/6114 6085/6085 6115/6115
f 6114/6114 6117/6117 6113/6113
f 5790/5790 6009/6009 6118/6118
f 6118/6118 6009/6009 5968/5968
f 6115/6115 5898/5898 6119/6119
f 6118/6118 5968/5968 6120/6120
f 6121/6121 6119/6119 5898/5898
f 5790/5790 6118/6118 6120/6120
f 6119/6119 6122/6122 6114/6114
f 6114/6114 6115/6115 6119/6119
f 6103/6103 6075/6075 6055/6055
f 5789/5789 5790/5790 6120/6120
f 6107/6107 6081/6081 6075/6075
f 6081/6081 6107/6107 6123/6123
f 6107/6107 6075/6075 6103/6103
f 6116/6116 6107/6107 6104/6104
f 6116/6116 6123/6123 6107/6107
f 6075/6075 6081/6081 6074/6074
f 5789/5789 6120/6120 6124/6124
f 6081/6081 6123/6123 6125/6125
f 6125/6125 6082/6082 6081/6081
f 6125/6125 6126/6126 6082/6082
f 6123/6123 6128/6128 6125/6125
f 6126/6126 6125/6125 6128/6128
f 6117/6117 6114/6114 6127/6127
f 6128/6128 6123/6123 6116/6116
f 6127/6127 6114/6114 6122/6122
f 6119/6119 6130/6130 6122/6122
f 6127/6127 6122/6122 6130/6130
f 6085/6085 6114/6114 6095/6095
f 6105/6105 5968/5968 5970/5970
f 6105/6105 6120/6120 5968/5968
f 6124/6124 6120/6120 6105/6105
f 6131/6131 5448/5448 5449/5449
f 5448/5448 6131/6131 6040/6040
f 6132/6132 6124/6124 6105/6105
f 6111/6111 6105/6105 6106/6106
f 6132/6132 6105/6105 6111/6111
f 6111/6111 6133/6133 6132/6132
f 6134/6134 5449/5449 6135/6135
f 5647/5647 5454/5454 5179/5179
f 6135/6135 5449/5449 5454/5454
f 6135/6135 5454/5454 5647/5647
f 5841/5841 5789/5789 6124/6124
f 6136/6136 6134/6134 6135/6135
f 6131/6131 5449/5449 6134/6134
f 5649/5649 6135/6135 5647/5647
f 6136/6136 6135/6135 5649/5649
f 6137/6137 6124/6124 6129/6129
f 6138/6138 6040/6040 6131/6131
f 6124/6124 6137/6137 5841/5841
f 6138/6138 6045/6045 6040/6040
f 6139/6139 6137/6137 6129/6129
f 6140/6140 6131/6131 6134/6134
f 6136/6136 6140/6140 6134/6134
f 6138/6138 6131/6131 6140/6140
f 6141/6141 5723/5723 5841/5841
f 6140/6140 6136/6136 6142/6142
f 6137/6137 6141/6141 5841/5841
f 5649/5649 6142/6142 6136/6136
f 6138/6138 6140/6140 6142/6142
f 6143/6143 6138/6138 6142/6142
f 6141/6141 6137/6137 6144/6144
f 6144/6144 6137/6137 6139/6139
f 5730/5730 6144/6144 6139/6139
f 5650/5650 6142/6142 5649/5649
f 6143/6143 6142/6142 5650/5650
f 5732/5732 5730/5730 6139/6139
f 5730/5730 6141/6141 6144/6144
f 5730/5730 5723/5723 6141/6141
f 6145/6145 6045/6045 6146/6146
f 6147/6147 6145/6145 6146/6146
f 6145/6145 5226/5226 6045/6045
f 6129/6129 6124/6124 6132/6132
f 6129/6129 6132/6132 6133/6133
f 5237/5237 5226/5226 6145/6145
f 6148/6148 5237/5237 6145/6145
f 6149/6149 6145/6145 6147/6147
f 6148/6148 6145/6145 6149/6149
f 6129/6129 6133/6133 6150/6150
f 6139/6139 6129/6129 6150/6150
f 6138/6138 6146/6146 6045/6045
f 5754/5754 6150/6150 6151/6151
f 5754/5754 6139/6139 6150/6150
f 6151/6151 6133/6133 6111/6111
f 6151/6151 6150/6150 6133/6133
f 6146/6146 6138/6138 6152/6152
f 6138/6138 6143/6143 6152/6152
f 6153/6153 6147/6147 6146/6146
f 5249/5249 5237/5237 6148/6148
f 5249/5249 6148/6148 6149/6149
f 6149/6149 6154/6154 5249/5249
f 5754/5754 5732/5732 6139/6139
f 6149/6149 6147/6147 6155/6155
f 5257/5257 5248/5248 5249/5249
f 5257/5257 5249/5249 6154/6154
f 5755/5755 5754/5754 6151/6151
f 6149/6149 6155/6155 6154/6154
f 6156/6156 6154/6154 6155/6155
f 6157/6157 6146/6146 6158/6158
f 5755/5755 6151/6151 5762/5762
f 6146/6146 6157/6157 6153/6153
f 6159/6159 6153/6153 6157/6157
f 6160/6160 6153/6153 6161/6161
f 6161/6161 6153/6153 6159/6159
f 6162/6162 5975/5975 6089/6089
f 6153/6153 6163/6163 6147/6147
f 6155/6155 6147/6147 6163/6163
f 6162/6162 6106/6106 5975/5975
f 6089/6089 6096/6096 6162/6162
f 6156/6156 6155/6155 6163/6163
f 6160/6160 6163/6163 6153/6153
f 6163/6163 6160/6160 6156/6156
f 5717/5717 6143/6143 5650/5650
f 6152/6152 6143/6143 5717/5717
f 6152/6152 5718/5718 6165/6165
f 6165/6165 6146/6146 6152/6152
f 6096/6096 6088/6088 6097/6097
f 5718/5718 6152/6152 5717/5717
f 6158/6158 6146/6146 6165/6165
f 6162/6162 6096/6096 6097/6097
f 6157/6157 6158/6158 6165/6165
f 6166/6166 6162/6162 6097/6097
f 5718/5718 6157/6157 6165/6165
f 6167/6167 6157/6157 5718/5718
f 6167/6167 5718/5718 5731/5731
f 6162/6162 6164/6164 6106/6106
f 6168/6168 6157/6157 6167/6167
f 6168/6168 6159/6159 6157/6157
f 6159/6159 6168/6168 6161/6161
f 6111/6111 6106/6106 6164/6164
f 6168/6168 6167/6167 5733/5733
f 5733/5733 6167/6167 5731/5731
f 6151/6151 6111/6111 6164/6164
f 6168/6168 5733/5733 5756/5756
f 6164/6164 6162/6162 6166/6166
f 5418/5418 5245/5245 5257/5257
f 6169/6169 5257/5257 6154/6154
f 6169/6169 6154/6154 6156/6156
f 5418/5418 5257/5257 6170/6170
f 5257/5257 6169/6169 6170/6170
f 6164/6164 6166/6166 6171/6171
f 5512/5512 4667/4667 4741/4741
f 4666/4666 4741/4741 4667/4667
f 5420/5420 5418/5418 6172/6172
f 6172/6172 5418/5418 6170/6170
f 5526/5526 5512/5512 4741/4741
f 6173/6173 6169/6169 6156/6156
f 6170/6170 6169/6169 6173/6173
f 6174/6174 5526/5526 4741/4741
f 6160/6160 6173/6173 6156/6156
f 6175/6175 6173/6173 6160/6160
f 6176/6176 5526/5526 6174/6174
f 6173/6173 6177/6177 6170/6170
f 5533/5533 5526/5526 6176/6176
f 6172/6172 6170/6170 6177/6177
f 6177/6177 6173/6173 6175/6175
f 6178/6178 6177/6177 6175/6175
f 4740/4740 6174/6174 4741/4741
f 6179/6179 6176/6176 6174/6174
f 4740/4740 6179/6179 6174/6174
f 6182/6182 5532/5532 5533/5533
f 6182/6182 5533/5533 6176/6176
f 6182/6182 5543/5543 5532/5532
f 6180/6180 5420/5420 6172/6172
f 6182/6182 6176/6176 6179/6179
f 6182/6182 6179/6179 6183/6183
f 6183/6183 5543/5543 6182/6182
f 5419/5419 6181/6181 5425/5425
f 6063/6063 6166/6166 6097/6097
f 5425/5425 6181/6181 6185/6185
f 6100/6100 6166/6166 6063/6063
f 6186/6186 5425/5425 6185/6185
f 6178/6178 6172/6172 6177/6177
f 6172/6172 6184/6184 6180/6180
f 6184/6184 6172/6172 6178/6178
f 6184/6184 6178/6178 6188/6188
f 6188/6188 6187/6187 6184/6184
f 6189/6189 6161/6161 6168/6168
f 6189/6189 6190/6190 6161/6161
f 6168/6168 6069/6069 6189/6189
f 6191/6191 6175/6175 6189/6189
f 6100/6100 6171/6171 6166/6166
f 6190/6190 6160/6160 6161/6161
f 6171/6171 6100/6100 6192/6192
f 6190/6190 6175/6175 6160/6160
f 6175/6175 6190/6190 6189/6189
f 6171/6171 6192/6192 6193/6193
f 6178/6178 6175/6175 6188/6188
f 6188/6188 6175/6175 6191/6191
f 6069/6069 6168/6168 5756/5756
f 6189/6189 6069/6069 6194/6194
f 6194/6194 6069/6069 6070/6070
f 5537/5537 5542/5542 5541/5541
f 6195/6195 5541/5541 5542/5542
f 5540/5540 6100/6100 5534/5534
f 6196/6196 6191/6191 6189/6189
f 6192/6192 6100/6100 5540/5540
f 6196/6196 6189/6189 6194/6194
f 6197/6197 6191/6191 6196/6196
f 6198/6198 6191/6191 6197/6197
f 6193/6193 6192/6192 6199/6199
f 6188/6188 6198/6198 6187/6187
f 6198/6198 6197/6197 6200/6200
f 6195/6195 5542/5542 5543/5543
f 6201/6201 6192/6192 5540/5540
f 6198/6198 6204/6204 6187/6187
f 6195/6195 6202/6202 5541/5541
f 6198/6198 6200/6200 6204/6204
f 6198/6198 6188/6188 6191/6191
f 5822/5822 6151/6151 6164/6164
f 6196/6196 6194/6194 6080/6080
f 6072/6072 6194/6194 6070/6070
f 6080/6080 6194/6194 6072/6072
f 6084/6084 6196/6196 6080/6080
f 6197/6197 6196/6196 6084/6084
f 5822/5822 6164/6164 6171/6171
f 6197/6197 6205/6205 6200/6200
f 6205/6205 6197/6197 6084/6084
f 6207/6207 6200/6200 6205/6205
f 6084/6084 6080/6080 6078/6078
f 5822/5822 6171/6171 6208/6208
f 6121/6121 5898/5898 5425/5425
f 5762/5762 6151/6151 5822/5822
f 6186/6186 6121/6121 5425/5425
f 6203/6203 6121/6121 6186/6186
f 5821/5821 5822/5822 6208/6208
f 6121/6121 6130/6130 6119/6119
f 5821/5821 6208/6208 5824/5824
f 6121/6121 6203/6203 6210/6210
f 6210/6210 6130/6130 6121/6121
f 6210/6210 6127/6127 6130/6130
f 6211/6211 6207/6207 6205/6205
f 6204/6204 6200/6200 6207/6207
f 6204/6204 6207/6207 6211/6211
f 6126/6126 6083/6083 6082/6082
f 6126/6126 6206/6206 6083/6083
f 6126/6126 6128/6128 6209/6209
f 6209/6209 6206/6206 6126/6126
f 5740/5740 5103/5103 4760/4760
f 6179/6179 4740/4740 6212/6212
f 6212/6212 6183/6183 6179/6179
f 6212/6212 6214/6214 6183/6183
f 5103/5103 6213/6213 5126/5126
f 6213/6213 5129/5129 5126/5126
f 6213/6213 5128/5128 5129/5129
f 5779/5779 6213/6213 5103/5103
f 6213/6213 5779/5779 6215/6215
f 5779/5779 5782/5782 6215/6215
f 6216/6216 6217/6217 6215/6215
f 6217/6217 6213/6213 6215/6215
f 6216/6216 6215/6215 5782/5782
f 5830/5830 4740/4740 4720/4720
f 5830/5830 6214/6214 4740/4740
f 4740/4740 6214/6214 6212/6212
f 6217/6217 5954/5954 5139/5139
f 5830/5830 5845/5845 6214/6214
f 5831/5831 5845/5845 5830/5830
f 6218/6218 5139/5139 5954/5954
f 6217/6217 5128/5128 6213/6213
f 6217/6217 5139/5139 5128/5128
f 6218/6218 5144/5144 5139/5139
f 6208/6208 6171/6171 6193/6193
f 6220/6220 6208/6208 6193/6193
f 6216/6216 5782/5782 5802/5802
f 6217/6217 6216/6216 6221/6221
f 6221/6221 6216/6216 5802/5802
f 6199/6199 6222/6222 6220/6220
f 6224/6224 6195/6195 5543/5543
f 5543/5543 6183/6183 6224/6224
f 6199/6199 6192/6192 6201/6201
f 5954/5954 6217/6217 6221/6221
f 6225/6225 6195/6195 6224/6224
f 6202/6202 6195/6195 6225/6225
f 6222/6222 6199/6199 6201/6201
f 6221/6221 5947/5947 5954/5954
f 5147/5147 5145/5145 6219/6219
f 5147/5147 5943/5943 5089/5089
f 6219/6219 5943/5943 5147/5147
f 6183/6183 6214/6214 6224/6224
f 6218/6218 5954/5954 6226/6226
f 6223/6223 6202/6202 6225/6225
f 5943/5943 6219/6219 6227/6227
f 6228/6228 6225/6225 6224/6224
f 5943/5943 5938/5938 5089/5089
f 6220/6220 6193/6193 6199/6199
f 6220/6220 6222/6222 6230/6230
f 6229/6229 6223/6223 6225/6225
f 5824/5824 6208/6208 6220/6220
f 6226/6226 5954/5954 6231/6231
f 6231/6231 5954/5954 5959/5959
f 6227/6227 5944/5944 5943/5943
f 6227/6227 6232/6232 5944/5944
f 5944/5944 6232/6232 5958/5958
f 6221/6221 5802/5802 5784/5784
f 5947/5947 6221/6221 5784/5784
f 5845/5845 6228/6228 6214/6214
f 5959/5959 5954/5954 5953/5953
f 6228/6228 6224/6224 6214/6214
f 5866/5866 6225/6225 6228/6228
f 5845/5845 5866/5866 6228/6228
f 5861/5861 5866/5866 5845/5845
f 5866/5866 6229/6229 6225/6225
f 5824/5824 6220/6220 5852/5852
f 5852/5852 6220/6220 6230/6230
f 5851/5851 6229/6229 5866/5866
f 5216/5216 5215/5215 5899/5899
f 5223/5223 5899/5899 5215/5215
f 5206/5206 5235/5235 5243/5243
f 5902/5902 5256/5256 5904/5904
f 5179/5179 6056/6056 5180/5180
