# generated by mjlab asset_pipeline; 12630 faces
mtllib container_vis.mtl
v -0.070749 0.040475 0.001564
v -0.070634 0.039400 0.000911
v -0.071516 0.037985 0.001908
v -0.069064 0.041063 0.000363
v -0.069319 0.042056 0.000602
v -0.071030 0.037777 0.001007
v -0.069871 0.036958 0.000714
v -0.072735 0.035841 0.000591
v -0.073281 0.035624 0.001114
v -0.073255 0.036236 0.003178
v -0.073355 0.032926 0.000350
v -0.066650 0.040408 0.000846
v -0.077443 0.024579 0.000577
v -0.076867 0.027076 0.000848
v -0.076387 0.027637 0.000527
v -0.073887 0.029355 0.000615
v -0.076665 0.024410 0.000296
v -0.073034 0.026899 0.000694
v -0.076532 0.028347 0.001643
v -0.074863 0.029993 0.001072
v -0.074332 0.032481 0.000627
v -0.075019 0.032079 0.002337
v -0.075031 0.030432 0.001472
v -0.075246 0.030968 0.003423
v -0.075224 0.031419 0.005075
v -0.074972 0.032945 0.004611
v -0.077439 0.026987 0.004986
v -0.076032 0.029372 0.004540
v -0.074232 0.028733 0.003737
v -0.073977 0.027912 0.001856
v -0.072153 0.032947 0.002233
v -0.076981 0.027199 0.006265
v -0.076759 0.029452 0.012202
v -0.072682 0.030374 0.001783
v -0.070536 0.035645 0.001835
v -0.071802 0.034556 0.004046
v -0.073548 0.027131 0.001650
v -0.064152 0.033013 0.001517
v -0.079050 0.019294 0.000445
v -0.079652 0.016351 0.000369
v -0.080329 0.015736 0.002101
v -0.081353 0.007613 0.000885
v -0.081094 0.010255 0.000798
v -0.081000 0.007498 0.000391
v -0.080322 0.011425 0.000394
v -0.080004 0.008533 0.000170
v -0.079960 0.013546 0.001134
v -0.078671 0.012937 0.000489
v -0.080619 0.013688 0.004067
v -0.081263 0.011395 0.003191
v -0.080633 0.012300 0.001259
v -0.080995 0.012008 0.005205
v -0.081773 0.009060 0.005044
v -0.079332 0.010307 0.004176
v -0.078763 0.010880 0.002149
v -0.077691 0.017145 0.002363
v -0.079498 0.005894 0.002405
v -0.076834 0.021378 0.000522
v -0.077965 0.018628 0.000216
v -0.076773 0.014590 0.000623
v -0.077712 0.013318 0.001614
v -0.076529 0.018813 0.001694
v -0.072684 0.008610 0.001518
v -0.072714 0.020461 0.001550
v -0.078690 0.003919 0.000565
v -0.068629 -0.006153 0.000795
v -0.078525 0.008158 0.001667
v -0.064692 0.018775 0.000523
v -0.078590 0.021884 0.004252
v -0.079170 0.020305 0.001864
v -0.079697 0.019687 0.004108
v -0.078011 0.022185 0.001605
v -0.077775 0.022218 0.001059
v -0.080423 0.016726 0.004724
v -0.079515 0.019513 0.006101
v -0.078069 0.025079 0.004680
v -0.078189 0.023942 0.002621
v -0.078206 0.023892 0.005870
v -0.079286 0.022307 0.012287
v -0.080419 0.015481 0.005674
v -0.077893 0.017251 0.003300
v -0.081472 0.014172 0.013523
v -0.077579 0.020019 0.007288
v -0.079306 0.013271 0.008684
v -0.081645 0.007888 0.006237
v -0.078518 0.018913 0.012873
v -0.075585 0.023110 0.001799
v -0.076246 0.023063 0.003004
v -0.068510 0.014800 0.001435
v -0.076374 0.024814 0.009570
v -0.052127 0.042178 0.000914
v -0.052700 0.011828 0.001999
v -0.055249 0.038762 0.001793
v -0.080133 -0.003684 0.000468
v -0.080847 -0.003670 0.000750
v -0.081399 -0.001412 0.000486
v -0.080598 -0.008284 0.000073
v -0.081567 -0.009422 0.000751
v -0.081404 -0.006252 0.000389
v -0.081282 -0.003729 0.001312
v -0.081926 -0.005701 0.002030
v -0.078453 -0.004442 0.000589
v -0.079630 -0.012043 0.000407
v -0.080498 -0.012389 0.001045
v -0.081733 -0.010439 0.002543
v -0.081129 -0.012524 0.003704
v -0.080704 -0.015621 0.000524
v -0.081148 -0.014436 0.002495
v -0.080431 -0.018023 0.001192
v -0.081254 -0.013301 0.004868
v -0.081005 -0.016636 0.005110
v -0.080559 -0.018680 0.004183
v -0.080097 -0.019433 0.005440
v -0.080097 -0.019433 0.005440
v -0.080662 -0.017241 0.006276
v -0.080662 -0.017241 0.006276
v -0.079425 -0.020798 0.003091
v -0.079425 -0.020798 0.003091
v -0.079449 -0.022232 0.005075
v -0.079462 -0.015605 0.000058
v -0.079918 -0.018036 0.000400
v -0.077213 -0.012427 0.000677
v -0.078788 -0.010578 0.001711
v -0.079561 -0.008538 0.002279
v -0.078379 -0.016894 0.002319
v -0.077854 -0.016506 0.001697
v -0.079606 -0.012231 0.004135
v -0.078751 -0.017983 0.005482
v -0.070955 -0.015972 0.001789
v -0.077987 -0.020723 0.000316
v -0.078941 -0.020902 0.001163
v -0.074475 -0.023632 0.000820
v -0.077663 -0.023643 0.000000
v -0.078687 -0.023586 0.000315
v -0.079139 -0.023518 0.001123
v -0.079139 -0.023518 0.001123
v -0.078200 -0.025399 0.000504
v -0.075691 -0.028356 0.000599
v -0.075463 -0.026434 0.001801
v -0.077214 -0.020949 0.001768
v -0.076337 -0.025226 0.002244
v -0.077287 -0.023066 0.003575
v -0.079356 -0.023987 0.004535
v -0.078407 -0.024942 0.016975
v -0.076661 -0.026532 0.007086
v -0.062823 -0.030646 0.002436
v -0.064434 -0.013490 0.002111
v -0.081787 0.006812 0.003050
v -0.081180 0.004875 0.001579
v -0.081747 0.004887 0.004162
v -0.079801 0.005064 0.000475
v -0.080883 0.005088 0.001012
v -0.081583 0.002499 0.000566
v -0.081941 -0.001100 0.000980
v -0.082059 0.002916 0.002473
v -0.081285 0.001222 0.000193
v -0.080763 0.000676 0.000033
v -0.082405 0.000166 0.004754
v -0.082231 -0.001710 0.002900
v -0.079022 0.003548 0.001630
v -0.079808 -0.001146 0.002189
v -0.080168 0.001803 0.004412
v -0.082021 0.002796 0.005650
v -0.080498 0.006150 0.009891
v -0.081875 -0.003874 0.004006
v -0.082106 -0.001306 0.005960
v -0.080166 -0.005878 0.004167
v -0.082182 -0.006495 0.004030
v -0.081960 -0.006909 0.005950
v -0.082725 -0.005294 0.011619
v -0.082409 0.001667 0.008526
v -0.081179 -0.002770 0.012108
v -0.080612 -0.009569 0.010269
v -0.078992 -0.004496 0.001633
v -0.082619 0.005041 0.012473
v -0.081356 0.001961 0.014419
v -0.081569 0.008386 0.020805
v -0.084241 0.000325 0.023839
v -0.082372 -0.001497 0.021030
v -0.082088 -0.008610 0.005033
v -0.081584 -0.010679 0.005498
v -0.082444 -0.011928 0.014109
v -0.082444 -0.011928 0.014109
v -0.079439 -0.018012 0.011561
v -0.081076 -0.014631 0.019036
v -0.080648 -0.020278 0.011947
v -0.082393 -0.006942 0.022245
v -0.083944 -0.010772 0.025073
v -0.083944 -0.010772 0.025073
v -0.084558 -0.005585 0.027394
v -0.084558 -0.005585 0.027394
v -0.083537 -0.016107 0.027837
v -0.080431 -0.021081 0.024050
v -0.082244 -0.022602 0.028680
v -0.052473 0.009478 0.001056
v -0.037881 -0.016666 0.002613
v -0.043440 -0.017921 0.003490
v -0.024356 0.000603 0.002698
v -0.048922 -0.029813 0.003419
v -0.032070 0.000654 0.003433
v -0.018296 0.017119 0.002792
v -0.016518 -0.020773 0.004408
v -0.077598 0.048447 0.034185
v -0.076353 0.041695 0.029027
v -0.079961 0.041797 0.035564
v -0.077820 0.047566 0.035786
v -0.076050 0.050474 0.033373
v -0.079943 0.045074 0.037225
v -0.077217 0.038277 0.030929
v -0.078931 0.034842 0.033781
v -0.079163 0.037289 0.032417
v -0.081820 0.032525 0.036210
v -0.081862 0.041835 0.039283
v -0.084221 0.037167 0.042552
v -0.081695 0.017206 0.035395
v -0.079093 0.022385 0.025830
v -0.080164 0.024147 0.038322
v -0.078410 0.030076 0.030709
v -0.081448 0.021304 0.030420
v -0.081977 0.023496 0.040064
v -0.086535 0.032613 0.046826
v -0.084794 0.026339 0.041492
v -0.086926 0.021256 0.046142
v -0.083359 0.026431 0.040759
v -0.085889 0.023205 0.044031
v -0.086169 0.020274 0.046166
v -0.078650 0.032155 0.036389
v -0.080287 0.028314 0.039294
v -0.077330 0.033877 0.034710
v -0.077330 0.033877 0.034710
v -0.077813 0.039799 0.035596
v -0.079913 0.038124 0.038687
v -0.076579 0.036812 0.035866
v -0.078725 0.033777 0.039893
v -0.079268 0.031736 0.042141
v -0.079268 0.031736 0.042141
v -0.077974 0.029219 0.035726
v -0.076863 0.032311 0.038300
v -0.077843 0.034182 0.041571
v -0.076143 0.036708 0.036556
v -0.076143 0.036708 0.036556
v -0.077537 0.032254 0.041986
v -0.081539 0.025308 0.040896
v -0.082119 0.024905 0.042421
v -0.082710 0.022899 0.043755
v -0.082185 0.020660 0.045945
v -0.084522 0.002605 0.028042
v -0.083460 0.007719 0.022268
v -0.082624 0.016319 0.028725
v -0.081493 0.019216 0.023381
v -0.083670 0.011154 0.028369
v -0.082850 0.007212 0.031635
v -0.081289 0.015114 0.028103
v -0.082609 0.014913 0.030114
v -0.084066 0.006423 0.029928
v -0.082417 0.003714 0.023577
v -0.083356 0.001360 0.031699
v -0.083183 -0.003771 0.029608
v -0.084597 -0.000998 0.030282
v -0.084597 -0.000998 0.030282
v -0.084086 -0.001831 0.036946
v -0.082572 -0.010922 0.027253
v -0.084318 -0.009296 0.030258
v -0.083350 -0.016440 0.030174
v -0.083167 -0.010230 0.032190
v -0.081913 -0.017233 0.029688
v -0.086924 -0.003277 0.050535
v -0.084160 -0.006549 0.037701
v -0.086266 0.006562 0.047759
v -0.086266 0.006562 0.047759
v -0.083708 -0.014001 0.039161
v -0.085850 -0.016508 0.050546
v -0.082234 -0.018679 0.034329
v -0.084622 -0.008946 0.042203
v -0.082415 0.017272 0.030864
v -0.083582 0.016688 0.039398
v -0.085101 0.007849 0.040278
v -0.083308 0.011563 0.040134
v -0.084289 0.006778 0.042022
v -0.083892 0.020568 0.046132
v -0.088565 0.014690 0.051460
v -0.088565 0.014690 0.051460
v -0.084841 0.018132 0.048251
v -0.084769 0.017442 0.048403
v -0.085298 0.011410 0.047672
v -0.085714 0.012060 0.051847
v -0.085714 0.012060 0.051847
v -0.084437 0.017750 0.047326
v -0.083840 0.014919 0.047450
v -0.083335 0.022193 0.044674
v -0.086185 0.008321 0.059062
v -0.085514 0.001919 0.048304
v -0.085671 -0.002415 0.049023
v -0.086777 -0.009614 0.051968
v -0.086857 -0.006755 0.060220
v -0.076684 0.047541 0.035446
v -0.078525 0.043806 0.037768
v -0.081677 0.041533 0.040640
v -0.079683 0.044505 0.038321
v -0.079683 0.044505 0.038321
v -0.084003 0.038164 0.042922
v -0.080568 0.040745 0.040499
v -0.082997 0.036627 0.044043
v -0.084586 0.035660 0.045473
v -0.086887 0.031911 0.048373
v -0.085713 0.031446 0.048797
v -0.090247 0.023058 0.055792
v -0.090247 0.023058 0.055792
v -0.088517 0.028080 0.051213
v -0.087203 0.030163 0.050152
v -0.088577 0.027059 0.052874
v -0.087339 0.027324 0.052624
v -0.086410 0.029097 0.050901
v -0.087842 0.025422 0.054489
v -0.086283 0.023999 0.053496
v -0.084914 0.028786 0.049218
v -0.081431 0.028060 0.046428
v -0.081431 0.028060 0.046428
v -0.084056 0.024067 0.060560
v -0.081530 0.028450 0.052005
v -0.083005 0.024083 0.051061
v -0.081572 0.033373 0.043200
v -0.081773 0.036952 0.042464
v -0.074879 0.039272 0.038398
v -0.078048 0.035224 0.047220
v -0.079878 0.030465 0.044768
v -0.080244 0.033239 0.067753
v -0.075745 0.036170 0.043083
v -0.076970 0.039083 0.064864
v -0.072272 0.042810 0.045163
v -0.083210 0.024503 0.050539
v -0.083210 0.024503 0.050539
v -0.082262 0.027253 0.064897
v -0.080112 0.026928 0.045526
v -0.080067 0.034029 0.059394
v -0.074015 0.043733 0.052369
v -0.072369 0.048951 0.070596
v -0.069627 0.048318 0.045474
v -0.071158 0.049144 0.069070
v -0.073330 0.044616 0.061553
v -0.068183 0.051371 0.058304
v -0.070807 0.051831 0.070768
v -0.078572 0.039688 0.070536
v -0.076182 0.044766 0.072902
v -0.079399 0.039289 0.073137
v -0.082001 0.032545 0.070508
v -0.082928 0.031701 0.072267
v -0.074618 0.046107 0.070547
v -0.074687 0.045455 0.077180
v -0.091601 0.003008 0.063382
v -0.091707 0.016573 0.060572
v -0.090415 0.008983 0.057525
v -0.090001 0.023047 0.056317
v -0.090001 0.023047 0.056317
v -0.091034 0.017598 0.061542
v -0.089427 0.020582 0.058619
v -0.089427 0.020582 0.058619
v -0.089811 0.019270 0.059741
v -0.089811 0.019270 0.059741
v -0.092336 0.014360 0.064104
v -0.088480 0.016169 0.061855
v -0.088480 0.016169 0.061855
v -0.091693 0.013696 0.065048
v -0.093274 0.009391 0.068164
v -0.088720 0.014247 0.063342
v -0.090352 0.006954 0.058548
v -0.091584 -0.000703 0.065760
v -0.090101 0.000977 0.064059
v -0.092792 0.009089 0.069252
v -0.094004 0.003987 0.073371
v -0.093682 0.004912 0.073119
v -0.091766 0.008275 0.070165
v -0.090493 0.010727 0.068133
v -0.088844 0.011756 0.065836
v -0.089074 0.009896 0.067493
v -0.088212 0.009852 0.066234
v -0.088518 0.008831 0.067111
v -0.088518 0.008831 0.067111
v -0.088518 0.008831 0.067111
v -0.090903 0.010032 0.068806
v -0.088750 0.008500 0.067671
v -0.088260 0.008996 0.067366
v -0.088260 0.008996 0.067366
v -0.088294 0.008835 0.066967
v -0.088294 0.008835 0.066967
v -0.088294 0.008835 0.066967
v -0.088479 0.008319 0.067629
v -0.088479 0.008319 0.067629
v -0.091104 0.009202 0.069295
v -0.088769 0.007018 0.068703
v -0.088795 0.006332 0.069766
v -0.088795 0.006332 0.069766
v -0.088795 0.006332 0.069766
v -0.088360 0.009008 0.070341
v -0.088902 0.006500 0.069308
v -0.089637 0.004848 0.071361
v -0.089637 0.004848 0.071361
v -0.089637 0.004848 0.071361
v -0.089212 0.005501 0.071131
v -0.089212 0.005501 0.071131
v -0.092556 -0.006483 0.072239
v -0.089253 0.005453 0.070592
v -0.089253 0.005453 0.070592
v -0.088835 0.015603 0.051592
v -0.088835 0.015603 0.051592
v -0.086872 0.015830 0.050093
v -0.086872 0.015830 0.050093
v -0.085421 0.016418 0.049861
v -0.085771 0.014241 0.052004
v -0.085771 0.014241 0.052004
v -0.088639 0.023150 0.056181
v -0.084965 0.020434 0.054667
v -0.084965 0.020434 0.054667
v -0.083743 0.019715 0.056139
v -0.085004 0.019529 0.055750
v -0.086071 0.017460 0.057833
v -0.086071 0.017460 0.057833
v -0.088092 0.010279 0.055321
v -0.086558 0.010653 0.055044
v -0.086558 0.010653 0.055044
v -0.087304 0.008567 0.057043
v -0.086802 0.008430 0.054822
v -0.087937 0.014097 0.082867
v -0.087385 0.019354 0.057560
v -0.086427 0.016546 0.062625
v -0.086020 0.016808 0.058754
v -0.085813 0.021160 0.078554
v -0.086634 0.015668 0.059855
v -0.086634 0.015668 0.059855
v -0.086491 0.015656 0.060729
v -0.086719 0.015349 0.060637
v -0.086719 0.015349 0.060637
v -0.086719 0.015349 0.060637
v -0.086960 0.013242 0.063098
v -0.086960 0.013242 0.063098
v -0.086960 0.013242 0.063098
v -0.086960 0.013242 0.063098
v -0.087301 0.013441 0.062813
v -0.087431 0.012264 0.063640
v -0.087431 0.012264 0.063640
v -0.086943 0.014819 0.061247
v -0.086943 0.014819 0.061247
v -0.086943 0.014819 0.061247
v -0.086943 0.014819 0.061247
v -0.086943 0.014819 0.061247
v -0.086748 0.014677 0.061207
v -0.086748 0.014677 0.061207
v -0.086977 0.014349 0.061473
v -0.086681 0.014871 0.061437
v -0.086681 0.014871 0.061437
v -0.086681 0.014871 0.061437
v -0.086703 0.014738 0.061382
v -0.086703 0.014738 0.061382
v -0.086760 0.014661 0.061538
v -0.086760 0.014661 0.061538
v -0.086738 0.014629 0.061258
v -0.086738 0.014629 0.061258
v -0.086738 0.014629 0.061258
v -0.087006 0.014069 0.061737
v -0.087006 0.014069 0.061737
v -0.086822 0.014037 0.061691
v -0.086822 0.014037 0.061691
v -0.086822 0.014037 0.061691
v -0.086822 0.014037 0.061691
v -0.086822 0.014037 0.061691
v -0.086966 0.013888 0.061571
v -0.086966 0.013888 0.061571
v -0.086966 0.013888 0.061571
v -0.086899 0.013565 0.061910
v -0.086899 0.013565 0.061910
v -0.086836 0.013776 0.062129
v -0.086836 0.013776 0.062129
v -0.086836 0.013776 0.062129
v -0.086836 0.013776 0.062129
v -0.086860 0.013621 0.062064
v -0.086860 0.013621 0.062064
v -0.086860 0.013621 0.062064
v -0.086952 0.013704 0.062032
v -0.086952 0.013704 0.062032
v -0.086912 0.013616 0.062205
v -0.086989 0.013344 0.065768
v -0.087312 0.011602 0.064280
v -0.087312 0.011602 0.064280
v -0.087812 0.002838 0.059939
v -0.087717 0.005382 0.059528
v -0.088478 0.004997 0.060727
v -0.088177 0.003233 0.061928
v -0.089203 -0.000878 0.066185
v -0.088519 -0.000083 0.064641
v -0.088426 0.001426 0.073583
v -0.087747 0.010613 0.064827
v -0.087747 0.010613 0.064827
v -0.087715 0.010173 0.066065
v -0.087715 0.010173 0.066065
v -0.088775 -0.009985 0.069866
v -0.089151 -0.004822 0.069607
v -0.087118 0.018982 0.072253
v -0.087212 0.016434 0.070448
v -0.088632 0.010534 0.071810
v -0.087548 0.021043 0.081799
v -0.084647 0.027138 0.072231
v -0.091622 0.006279 0.071933
v -0.087632 0.012342 0.070466
v -0.089241 0.006344 0.072402
v -0.090908 0.010921 0.092493
v -0.090255 0.005109 0.080885
v -0.092725 0.003118 0.074960
v -0.091824 0.004246 0.073613
v -0.090854 0.003656 0.073076
v -0.094037 -0.000495 0.078423
v -0.094505 -0.003525 0.080530
v -0.092745 -0.000723 0.078808
v -0.091533 -0.000706 0.077544
v -0.090058 0.001459 0.075633
v -0.090058 0.001459 0.075633
v -0.088286 0.007834 0.077373
v -0.090393 0.000020 0.076223
v -0.090393 0.000020 0.076223
v -0.089980 0.016112 0.092806
v -0.091756 0.004275 0.092546
v -0.090909 0.005112 0.097063
v -0.090862 -0.003271 0.081956
v -0.090862 -0.003271 0.081956
v -0.084581 0.026033 0.070737
v -0.051353 0.062901 0.001406
v -0.050851 0.062405 0.000931
v -0.053678 0.060688 0.001059
v -0.051124 0.063249 0.002781
v -0.053030 0.062099 0.005831
v -0.049655 0.064212 0.005053
v -0.060736 0.054158 0.002361
v -0.059898 0.054665 0.000974
v -0.061506 0.052187 0.001721
v -0.059978 0.052864 0.000812
v -0.060758 0.051533 0.000955
v -0.065263 0.048429 0.000874
v -0.063629 0.048701 0.000490
v -0.065172 0.046611 0.000543
v -0.068597 0.043449 0.000723
v -0.065838 0.044657 0.000834
v -0.067182 0.044361 0.000961
v -0.066228 0.047367 0.002138
v -0.066393 0.045910 0.001278
v -0.067010 0.045502 0.003066
v -0.068886 0.043773 0.003287
v -0.066992 0.045019 0.001470
v -0.063000 0.046851 0.000867
v -0.060072 0.050522 0.001021
v -0.063531 0.050769 0.001830
v -0.063213 0.050368 0.000749
v -0.066264 0.047603 0.004317
v -0.064796 0.049694 0.005387
v -0.066940 0.046083 0.004804
v -0.068275 0.044333 0.005522
v -0.064176 0.047218 0.005286
v -0.064176 0.047218 0.005286
v -0.066223 0.043754 0.002785
v -0.066223 0.043754 0.002785
v -0.061859 0.049498 0.002584
v -0.066497 0.043943 0.005328
v -0.065469 0.048339 0.006609
v -0.069729 0.043236 0.013031
v -0.062898 0.051502 0.005746
v -0.058610 0.053802 0.004243
v -0.065500 0.043812 0.001937
v -0.059109 0.051844 0.001973
v -0.058004 0.055160 0.000658
v -0.057735 0.056348 0.000809
v -0.052986 0.057301 0.001142
v -0.050518 0.051417 0.001911
v -0.060204 0.055158 0.005228
v -0.061662 0.052802 0.004752
v -0.060219 0.054631 0.006557
v -0.060070 0.055417 0.011773
v -0.057477 0.057562 0.006192
v -0.058014 0.057324 0.004328
v -0.064583 0.050693 0.015309
v -0.057915 0.054011 0.002695
v -0.061852 0.051041 0.012771
v -0.061852 0.051041 0.012771
v -0.065293 0.047324 0.016381
v -0.057674 0.055634 0.013558
v -0.057674 0.055634 0.013558
v -0.055290 0.058425 0.001473
v -0.057792 0.056959 0.001366
v -0.055522 0.058533 0.001863
v -0.054717 0.057685 0.001026
v -0.054898 0.060123 0.003233
v -0.055997 0.058635 0.004327
v -0.052650 0.059033 0.002675
v -0.051611 0.060336 0.004332
v -0.052884 0.060327 0.000728
v -0.052899 0.057974 0.002132
v -0.049133 0.061220 0.002187
v -0.034035 0.060944 0.001374
v -0.054810 0.059971 0.006018
v -0.052848 0.061775 0.006900
v -0.066014 0.055984 0.021265
v -0.064595 0.055626 0.019085
v -0.068285 0.051609 0.021702
v -0.062697 0.058618 0.018866
v -0.065057 0.051152 0.020837
v -0.067785 0.047785 0.022429
v -0.063210 0.055863 0.018209
v -0.069846 0.048613 0.023256
v -0.065918 0.051238 0.021496
v -0.063370 0.053662 0.019705
v -0.074882 0.052297 0.031756
v -0.071762 0.054459 0.027993
v -0.074759 0.050887 0.030668
v -0.072042 0.055621 0.029226
v -0.072042 0.055621 0.029226
v -0.072761 0.053690 0.031305
v -0.072761 0.053690 0.031305
v -0.070480 0.056153 0.029580
v -0.070480 0.056153 0.029580
v -0.070035 0.056697 0.029054
v -0.070035 0.056697 0.029054
v -0.069187 0.055896 0.028467
v -0.072737 0.051578 0.031499
v -0.070126 0.053522 0.028436
v -0.066746 0.060040 0.026736
v -0.066746 0.060040 0.026736
v -0.063025 0.063670 0.024298
v -0.063025 0.063670 0.024298
v -0.065815 0.062106 0.024841
v -0.065815 0.062106 0.024841
v -0.067185 0.059871 0.024865
v -0.067780 0.060173 0.026090
v -0.067780 0.060173 0.026090
v -0.064238 0.061509 0.025104
v -0.066688 0.058640 0.026702
v -0.061523 0.061295 0.022033
v -0.063312 0.064262 0.023437
v -0.062678 0.063860 0.022138
v -0.058152 0.066551 0.021736
v -0.072097 0.047181 0.024801
v -0.065631 0.056932 0.024306
v -0.068984 0.052846 0.026653
v -0.066511 0.053078 0.023333
v -0.069844 0.050396 0.026358
v -0.062873 0.057055 0.021045
v -0.064237 0.055721 0.021914
v -0.064530 0.053180 0.021892
v -0.063528 0.054676 0.022016
v -0.062781 0.055782 0.021386
v -0.063113 0.054017 0.021732
v -0.063113 0.054017 0.021732
v -0.063364 0.054061 0.021706
v -0.065114 0.051825 0.023147
v -0.065114 0.051825 0.023147
v -0.064022 0.053039 0.025480
v -0.061857 0.054778 0.036642
v -0.064879 0.050259 0.031841
v -0.068480 0.058364 0.027991
v -0.068480 0.058364 0.027991
v -0.060147 0.057352 0.025463
v -0.063912 0.053557 0.030330
v -0.060606 0.057186 0.030680
v -0.046690 0.066812 0.009349
v -0.053140 0.061905 0.010883
v -0.050388 0.064518 0.012449
v -0.050388 0.064518 0.012449
v -0.053586 0.064690 0.013505
v -0.048777 0.067474 0.011541
v -0.053050 0.064073 0.013156
v -0.054017 0.071351 0.018680
v -0.058339 0.064732 0.018160
v -0.058438 0.068303 0.020547
v -0.052979 0.071886 0.019281
v -0.059439 0.067395 0.021669
v -0.057985 0.067662 0.021821
v -0.052428 0.071450 0.019561
v -0.051271 0.070943 0.018728
v -0.046528 0.076285 0.016382
v -0.049612 0.073265 0.016380
v -0.049356 0.074575 0.017360
v -0.047169 0.075445 0.017613
v -0.053381 0.062927 0.014973
v -0.053381 0.062927 0.014973
v -0.050851 0.066391 0.015080
v -0.049723 0.065601 0.013963
v -0.049723 0.065601 0.013963
v -0.050662 0.065049 0.014073
v -0.050662 0.065049 0.014073
v -0.048811 0.066053 0.013279
v -0.048811 0.066053 0.013279
v -0.048279 0.066732 0.013184
v -0.048279 0.066732 0.013184
v -0.048510 0.065939 0.013398
v -0.047397 0.071000 0.015630
v -0.047256 0.073703 0.017583
v -0.047235 0.074533 0.017801
v -0.059562 0.056706 0.016961
v -0.055260 0.060140 0.012086
v -0.058818 0.058023 0.016729
v -0.058818 0.058023 0.016729
v -0.059099 0.060031 0.015763
v -0.055011 0.061195 0.014664
v -0.055011 0.061195 0.014664
v -0.055068 0.060714 0.014334
v -0.051733 0.061136 0.013302
v -0.047982 0.063475 0.007931
v -0.047480 0.064251 0.010281
v -0.054749 0.061761 0.015742
v -0.054749 0.061761 0.015742
v -0.054041 0.062009 0.015652
v -0.051865 0.063980 0.014142
v -0.051865 0.063980 0.014142
v -0.051692 0.063727 0.014295
v -0.055610 0.061307 0.016388
v -0.055610 0.061307 0.016388
v -0.055507 0.061291 0.016335
v -0.055504 0.061484 0.016299
v -0.055504 0.061484 0.016299
v -0.055504 0.061484 0.016299
v -0.055496 0.061184 0.016400
v -0.055496 0.061184 0.016400
v -0.055496 0.061184 0.016400
v -0.055255 0.061270 0.016297
v -0.055255 0.061270 0.016297
v -0.055255 0.061270 0.016297
v -0.055510 0.061884 0.016318
v -0.055510 0.061884 0.016318
v -0.058456 0.059852 0.017919
v -0.059205 0.060431 0.019018
v -0.060235 0.057236 0.019193
v -0.057401 0.063077 0.018890
v -0.056260 0.061105 0.016683
v -0.056260 0.061105 0.016683
v -0.058037 0.058922 0.018236
v -0.058037 0.058922 0.018236
v -0.060068 0.056746 0.019639
v -0.060068 0.056746 0.019639
v -0.056129 0.060115 0.018592
v -0.056893 0.060180 0.016980
v -0.056893 0.060180 0.016980
v -0.055524 0.060785 0.017098
v -0.055788 0.061806 0.027517
v -0.061465 0.056954 0.019976
v -0.061789 0.055689 0.020544
v -0.062900 0.054754 0.021012
v -0.062487 0.054404 0.021174
v -0.062487 0.054404 0.021174
v -0.061223 0.055969 0.020289
v -0.061223 0.055969 0.020289
v -0.060739 0.056076 0.021389
v -0.056000 0.059358 0.027641
v -0.052748 0.061241 0.020694
v -0.052748 0.061241 0.020694
v -0.051301 0.063713 0.015899
v -0.052633 0.063140 0.018139
v -0.050452 0.064837 0.014257
v -0.049237 0.065431 0.015200
v -0.048880 0.066977 0.024526
v -0.045303 0.068327 0.015976
v -0.046444 0.065656 0.015722
v -0.046043 0.066592 0.021741
v -0.046043 0.066592 0.021741
v -0.050315 0.064233 0.028683
v -0.045637 0.066355 0.019493
v -0.015458 0.079760 0.001909
v -0.016712 0.079913 0.004229
v -0.012608 0.080620 0.002380
v -0.048596 0.062979 0.001167
v -0.045269 0.063584 0.001319
v -0.047542 0.065972 0.002473
v -0.046571 0.067069 0.005831
v -0.044215 0.068408 0.003333
v -0.048925 0.064036 0.001681
v -0.047680 0.063203 0.002922
v -0.046278 0.065597 0.000904
v -0.046881 0.066088 0.001326
v -0.045573 0.063762 0.002319
v -0.043355 0.060069 0.002079
v -0.044386 0.065995 0.005042
v -0.044120 0.066954 0.000917
v -0.044309 0.068021 0.001386
v -0.041973 0.068044 0.001436
v -0.042444 0.068796 0.002015
v -0.040582 0.067193 0.001369
v -0.042878 0.066570 0.003094
v -0.039007 0.068130 0.002344
v -0.048866 0.038430 0.002148
v -0.046360 0.050134 0.002077
v -0.036921 0.062280 0.002186
v -0.034140 0.051873 0.002450
v -0.025913 0.045231 0.001993
v -0.021319 0.048948 0.003180
v -0.008798 0.066844 0.001859
v -0.017646 0.059690 0.002841
v -0.048022 0.065544 0.006416
v -0.044317 0.068214 0.006911
v -0.042381 0.068984 0.003466
v -0.041557 0.069234 0.002044
v -0.040244 0.070661 0.002472
v -0.040889 0.070308 0.006882
v -0.042952 0.067028 0.008380
v -0.040748 0.068799 0.009714
v -0.045082 0.068124 0.010522
v -0.045082 0.068124 0.010522
v -0.045327 0.066013 0.014663
v -0.042332 0.069877 0.009730
v -0.042332 0.069877 0.009730
v -0.043439 0.070974 0.010157
v -0.040062 0.071040 0.009185
v -0.040062 0.071040 0.009185
v -0.039099 0.071064 0.001226
v -0.039824 0.069415 0.001064
v -0.036894 0.072602 0.001984
v -0.036777 0.072126 0.001305
v -0.036844 0.070860 0.001095
v -0.040441 0.070793 0.005102
v -0.033970 0.072043 0.001412
v -0.034352 0.072893 0.001961
v -0.034331 0.073260 0.002836
v -0.034962 0.070958 0.002994
v -0.030605 0.072392 0.002595
v -0.037482 0.072574 0.005439
v -0.037148 0.072326 0.007279
v -0.035393 0.073166 0.005334
v -0.032725 0.074621 0.003207
v -0.034298 0.073752 0.006326
v -0.032542 0.074972 0.005732
v -0.037148 0.070316 0.007812
v -0.035198 0.071164 0.004524
v -0.029803 0.073656 0.004620
v -0.038680 0.069188 0.003250
v -0.034723 0.066548 0.002440
v -0.040143 0.079569 0.014853
v -0.042759 0.078412 0.015788
v -0.044214 0.075707 0.017079
v -0.042445 0.072312 0.013098
v -0.038728 0.076330 0.014010
v -0.039423 0.072187 0.011285
v -0.036769 0.073453 0.010641
v -0.040383 0.077559 0.015995
v -0.044746 0.069325 0.012700
v -0.044388 0.069154 0.012082
v -0.043952 0.069174 0.012578
v -0.043952 0.069174 0.012578
v -0.043952 0.069174 0.012578
v -0.044118 0.068999 0.011986
v -0.044118 0.068999 0.011986
v -0.044118 0.068999 0.011986
v -0.043649 0.069599 0.012466
v -0.043649 0.069599 0.012466
v -0.043649 0.069599 0.012466
v -0.043649 0.069599 0.012466
v -0.044207 0.068861 0.012731
v -0.044207 0.068861 0.012731
v -0.046860 0.067080 0.012565
v -0.046860 0.067080 0.012565
v -0.046433 0.067908 0.012590
v -0.046433 0.067908 0.012590
v -0.046235 0.067284 0.012950
v -0.045398 0.068052 0.012553
v -0.045193 0.068383 0.012216
v -0.045193 0.068383 0.012216
v -0.043329 0.069448 0.013823
v -0.038910 0.071940 0.013603
v -0.041851 0.068204 0.014557
v -0.039060 0.073248 0.009108
v -0.043215 0.069549 0.012388
v -0.043215 0.069549 0.012388
v -0.043203 0.069854 0.012153
v -0.043203 0.069854 0.012153
v -0.043203 0.069854 0.012153
v -0.042935 0.069853 0.011753
v -0.042935 0.069853 0.011753
v -0.042939 0.069613 0.012212
v -0.042939 0.069613 0.012212
v -0.041597 0.070229 0.011482
v -0.041597 0.070229 0.011482
v -0.041597 0.070229 0.011482
v -0.043093 0.069735 0.012180
v -0.041230 0.070962 0.011373
v -0.039778 0.071403 0.011226
v -0.039778 0.071403 0.011226
v -0.039778 0.071403 0.011226
v -0.038997 0.071896 0.011438
v -0.038997 0.071896 0.011438
v -0.038924 0.072136 0.012409
v -0.039797 0.070283 0.020593
v -0.041132 0.069068 0.015475
v -0.037203 0.071066 0.015215
v -0.043657 0.070451 0.024569
v -0.038931 0.072991 0.022867
v -0.033714 0.074332 0.007926
v -0.037823 0.072315 0.008684
v -0.037823 0.072315 0.008684
v -0.034085 0.075651 0.008374
v -0.030275 0.074320 0.015089
v -0.032570 0.073054 0.011164
v -0.033701 0.074619 0.010721
v -0.034465 0.075150 0.010830
v -0.035236 0.073602 0.011120
v -0.035236 0.073602 0.011120
v -0.033602 0.077895 0.012526
v -0.036225 0.079123 0.014976
v -0.034191 0.082491 0.014121
v -0.032020 0.075241 0.010960
v -0.032020 0.075241 0.010960
v -0.035415 0.073714 0.012101
v -0.032537 0.074961 0.012698
v -0.028131 0.077182 0.009604
v -0.031269 0.075644 0.009986
v -0.037977 0.072524 0.010724
v -0.037977 0.072524 0.010724
v -0.037935 0.072241 0.011117
v -0.037935 0.072241 0.011117
v -0.031375 0.074992 0.001500
v -0.031933 0.073437 0.001194
v -0.029283 0.072053 0.001653
v -0.028721 0.076247 0.002038
v -0.028985 0.075132 0.001186
v -0.030790 0.075867 0.006108
v -0.028985 0.073548 0.003054
v -0.026277 0.075575 0.001684
v -0.025675 0.074975 0.001588
v -0.026324 0.076443 0.002335
v -0.026810 0.076747 0.004765
v -0.023344 0.077734 0.001500
v -0.024158 0.077824 0.002286
v -0.023180 0.072798 0.002586
v -0.027296 0.068738 0.002459
v -0.025375 0.074828 0.002780
v -0.021944 0.076166 0.002838
v -0.014199 0.069357 0.002647
v -0.022370 0.077226 0.001144
v -0.021029 0.078756 0.002120
v -0.022026 0.074590 0.001758
v -0.020294 0.078607 0.001738
v -0.021714 0.071568 0.002669
v -0.017933 0.076677 0.002770
v -0.017809 0.077996 0.001685
v -0.010009 0.078056 0.001858
v -0.019891 0.071479 0.002560
v -0.029899 0.075957 0.007394
v -0.028441 0.077993 0.007769
v -0.027427 0.076942 0.007314
v -0.025701 0.077193 0.006099
v -0.024695 0.078002 0.004610
v -0.024021 0.078228 0.007181
v -0.031868 0.081254 0.014578
v -0.027588 0.081621 0.013157
v -0.023765 0.080087 0.010574
v -0.024965 0.077927 0.009597
v -0.024965 0.077927 0.009597
v -0.028072 0.076785 0.011221
v -0.024821 0.077906 0.011972
v -0.031239 0.076490 0.020990
v -0.023499 0.079794 0.007626
v -0.023619 0.078851 0.009500
v -0.022030 0.080060 0.010393
v -0.022027 0.076663 0.005756
v -0.025167 0.076335 0.015525
v -0.021379 0.078952 0.005109
v -0.017811 0.077351 0.003659
v -0.018773 0.078734 0.002471
v -0.017750 0.078847 0.002460
v -0.014250 0.077609 0.002959
v -0.010765 0.075168 0.002768
v -0.018344 0.079099 0.004930
v -0.014257 0.078360 0.004955
v -0.021263 0.079092 0.007322
v -0.021612 0.078768 0.007055
v -0.018399 0.081248 0.007548
v -0.016879 0.079747 0.007457
v -0.020921 0.079887 0.009904
v -0.021074 0.079171 0.009668
v -0.021074 0.079171 0.009668
v -0.019431 0.080028 0.009592
v -0.017128 0.080073 0.009776
v -0.017128 0.080073 0.009776
v -0.018956 0.078084 0.014213
v -0.013315 0.080470 0.007602
v -0.013185 0.080665 0.005943
v -0.014237 0.082241 0.007763
v -0.009897 0.081674 0.008292
v -0.066817 0.051795 0.041085
v -0.060126 0.058706 0.036858
v -0.055731 0.063484 0.041328
v -0.064489 0.056395 0.052437
v -0.059788 0.057691 0.040423
v -0.055094 0.062461 0.030863
v -0.052334 0.064692 0.028790
v -0.052712 0.064035 0.040296
v -0.048245 0.065379 0.025878
v -0.040923 0.070124 0.025379
v -0.040923 0.070124 0.025379
v -0.048069 0.067924 0.030715
v -0.043600 0.068725 0.026729
v -0.040679 0.072582 0.029496
v -0.044712 0.068232 0.030134
v -0.056825 0.061008 0.043430
v -0.049721 0.065424 0.033942
v -0.046532 0.071384 0.050399
v -0.045975 0.069225 0.030724
v -0.050148 0.068112 0.043613
v -0.043116 0.069574 0.031924
v -0.044013 0.071419 0.040650
v -0.038624 0.073349 0.031205
v -0.046331 0.068866 0.042457
v -0.044633 0.069039 0.035945
v -0.056720 0.063157 0.058263
v -0.059860 0.062064 0.059893
v -0.051169 0.067281 0.055096
v -0.040276 0.072028 0.039240
v -0.038037 0.074246 0.047429
v -0.053984 0.067230 0.060688
v -0.045819 0.070426 0.051386
v -0.042601 0.073874 0.055221
v -0.037795 0.076103 0.048629
v -0.037598 0.075065 0.051197
v -0.027101 0.085173 0.014173
v -0.028179 0.084662 0.013466
v -0.028884 0.083902 0.014784
v -0.032056 0.082517 0.015109
v -0.028257 0.082572 0.014358
v -0.022649 0.086642 0.013488
v -0.023714 0.085413 0.014729
v -0.022968 0.084213 0.014029
v -0.020617 0.086592 0.014706
v -0.019240 0.085234 0.014170
v -0.017002 0.088097 0.013575
v -0.020714 0.081420 0.010816
v -0.017581 0.083845 0.012409
v -0.018352 0.087797 0.014167
v -0.017426 0.085928 0.014285
v -0.017985 0.087005 0.014866
v -0.017985 0.087005 0.014866
v -0.014005 0.088111 0.015215
v -0.015045 0.088598 0.014436
v -0.012771 0.084644 0.012409
v -0.010575 0.087230 0.014740
v -0.009500 0.089519 0.014343
v -0.011025 0.089209 0.015196
v -0.040795 0.078760 0.016237
v -0.038348 0.080446 0.015481
v -0.036509 0.080276 0.015624
v -0.036760 0.072751 0.027358
v -0.036760 0.072751 0.027358
v -0.034513 0.073267 0.022673
v -0.033941 0.075825 0.025677
v -0.028579 0.076158 0.025627
v -0.041830 0.069816 0.030149
v -0.037210 0.072531 0.029959
v -0.037862 0.072472 0.031104
v -0.035451 0.074160 0.034977
v -0.031289 0.077266 0.030224
v -0.035461 0.075235 0.031152
v -0.032290 0.075101 0.030282
v -0.032290 0.075101 0.030282
v -0.025292 0.079511 0.029378
v -0.030136 0.077589 0.030995
v -0.025093 0.078048 0.032169
v -0.025093 0.078048 0.032169
v -0.022654 0.078321 0.026646
v -0.043029 0.068926 0.030261
v -0.017977 0.079716 0.011785
v -0.020013 0.079177 0.010730
v -0.022897 0.079605 0.022972
v -0.015911 0.080754 0.009552
v -0.014312 0.079134 0.015187
v -0.014038 0.080514 0.011463
v -0.015551 0.081436 0.022910
v -0.018133 0.079543 0.026762
v -0.014546 0.079767 0.021872
v -0.012449 0.079312 0.021193
v -0.011920 0.078796 0.014824
v -0.014154 0.080175 0.024836
v -0.011649 0.079739 0.024782
v -0.012634 0.080563 0.026337
v -0.030731 0.077046 0.041901
v -0.030408 0.078982 0.045485
v -0.028391 0.077322 0.035728
v -0.024100 0.079725 0.031426
v -0.024206 0.080917 0.044765
v -0.022642 0.079455 0.039066
v -0.023258 0.079679 0.043780
v -0.025762 0.079557 0.049178
v -0.030981 0.077689 0.050751
v -0.015594 0.081928 0.030067
v -0.015047 0.081876 0.031842
v -0.016745 0.080110 0.033281
v -0.020170 0.079717 0.035325
v -0.020170 0.079717 0.035325
v -0.011742 0.080888 0.030136
v -0.010700 0.080841 0.026464
v -0.008901 0.082948 0.030334
v -0.004932 0.081534 0.028360
v -0.010216 0.082551 0.031313
v -0.010367 0.081417 0.034333
v -0.008702 0.081140 0.030613
v -0.012845 0.080797 0.033101
v -0.014383 0.081197 0.038357
v -0.014383 0.081197 0.038357
v -0.016648 0.081069 0.041862
v -0.019937 0.081801 0.042814
v -0.016905 0.081448 0.045226
v -0.017523 0.083506 0.055435
v -0.010228 0.081529 0.036011
v -0.007966 0.080702 0.034662
v -0.008683 0.081520 0.036910
v -0.007314 0.080933 0.035125
v -0.006913 0.081774 0.036005
v -0.011163 0.081887 0.042565
v -0.010128 0.083997 0.047219
v -0.009258 0.081885 0.040349
v -0.010637 0.081447 0.038414
v -0.010637 0.081447 0.038414
v -0.007466 0.081617 0.037955
v -0.008141 0.081458 0.038994
v -0.008141 0.081458 0.038994
v -0.007203 0.081821 0.039371
v -0.007203 0.081821 0.039371
v -0.004808 0.083332 0.040290
v -0.073394 0.037014 0.013269
v -0.074000 0.034364 0.006402
v -0.074009 0.034960 0.005265
v -0.072894 0.036471 0.005495
v -0.071425 0.039073 0.005244
v -0.071011 0.040422 0.003667
v -0.070149 0.042099 0.005375
v -0.068813 0.039819 0.003097
v -0.068233 0.039776 0.001939
v -0.069672 0.039230 0.007846
v -0.069961 0.041698 0.006555
v -0.072368 0.033936 0.007074
v -0.074754 0.029896 0.012266
v -0.070965 0.038640 0.016108
v -0.076975 0.032834 0.025766
v -0.074032 0.038630 0.025396
v -0.068063 0.044312 0.021730
v -0.074701 0.033925 0.026356
v -0.079394 0.026581 0.024325
v -0.077368 0.025379 0.019529
v -0.079896 0.016069 0.018637
v -0.073919 0.043787 0.026880
v -0.069953 0.046794 0.024874
v -0.074927 0.037357 0.028615
v -0.071040 0.043808 0.026241
v -0.068409 0.047697 0.023689
v -0.070656 0.045028 0.025979
v -0.072847 0.038352 0.030419
v -0.072044 0.042952 0.027839
v -0.070155 0.045542 0.026975
v -0.070155 0.045542 0.026975
v -0.071132 0.044501 0.027474
v -0.071001 0.044435 0.027576
v -0.071684 0.043328 0.028680
v -0.071684 0.043328 0.028680
v -0.075345 0.049994 0.033982
v -0.076256 0.046458 0.034939
v -0.077854 0.044161 0.036979
v -0.074300 0.047855 0.031962
v -0.075687 0.040623 0.029153
v -0.075366 0.038216 0.031566
v -0.073641 0.040114 0.030147
v -0.073641 0.040114 0.030147
v -0.074715 0.038296 0.031352
v -0.074715 0.038296 0.031352
v -0.073820 0.039400 0.030089
v -0.073783 0.040768 0.030526
v -0.075324 0.038553 0.033574
v -0.074481 0.039060 0.032878
v -0.074481 0.039060 0.032878
v -0.073398 0.042022 0.028583
v -0.072918 0.041412 0.028823
v -0.072918 0.041412 0.028823
v -0.072729 0.041287 0.029821
v -0.072729 0.041287 0.029821
v -0.072832 0.041798 0.029226
v -0.072832 0.041798 0.029226
v -0.071946 0.043675 0.028465
v -0.073132 0.043477 0.029922
v -0.072187 0.042955 0.035135
v -0.069837 0.044961 0.030427
v -0.068148 0.048173 0.028826
v -0.068599 0.044859 0.029784
v -0.070883 0.043084 0.037734
v -0.067091 0.051050 0.023288
v -0.068107 0.049049 0.024640
v -0.066827 0.050302 0.023527
v -0.067423 0.048982 0.024881
v -0.067423 0.048982 0.024881
v -0.069512 0.047792 0.025549
v -0.069385 0.046848 0.025922
v -0.066574 0.049838 0.030056
v -0.077174 0.028685 0.028183
v -0.032712 0.027856 0.003146
v -0.014943 0.034375 0.002768
v -0.012313 0.038783 0.003910
v -0.010836 0.005729 0.004276
v -0.072263 0.042244 0.043879
v -0.067289 0.049204 0.042571
v -0.061797 0.058669 0.059955
v -0.077151 0.042292 0.034801
v -0.090501 0.007664 0.069364
v -0.086502 0.021190 0.055853
v -0.055518 0.061349 0.016412
v -0.055518 0.061349 0.016412
v -0.055518 0.061349 0.016412
v -0.055518 0.061349 0.016412
v -0.055518 0.061349 0.016412
v -0.055518 0.061349 0.016412
v -0.006354 0.082188 0.040751
v -0.006354 0.082188 0.040751
v -0.072130 0.046776 0.028374
v -0.074446 0.044446 0.031169
v -0.074218 -0.033900 0.000255
v -0.074851 -0.034570 0.000763
v -0.075851 -0.031702 0.000603
v -0.072861 -0.036657 0.000979
v -0.073409 -0.036955 0.001596
v -0.076682 -0.028607 0.001076
v -0.077876 -0.027126 0.001645
v -0.078542 -0.026551 0.004549
v -0.077131 -0.029025 0.004168
v -0.076710 -0.031475 0.004185
v -0.076199 -0.030019 0.000963
v -0.073872 -0.032187 0.002488
v -0.074920 -0.030617 0.004645
v -0.076412 -0.031675 0.001634
v -0.074824 -0.031362 0.000288
v -0.074929 -0.035536 0.003343
v -0.073071 -0.030804 0.000781
v -0.071975 -0.035928 0.000723
v -0.072984 -0.032392 0.001926
v -0.071704 -0.037715 0.003232
v -0.078627 -0.025418 0.006120
v -0.077810 -0.027515 0.005450
v -0.078825 -0.027474 0.013971
v -0.076025 -0.032652 0.006722
v -0.076073 -0.033498 0.005113
v -0.073606 -0.035236 0.009664
v -0.076039 -0.030833 0.014782
v -0.074389 -0.036243 0.005385
v -0.073121 -0.039055 0.002057
v -0.073519 -0.037911 0.005060
v -0.072919 -0.039936 0.004338
v -0.072076 -0.041109 0.006758
v -0.074612 -0.036953 0.010866
v -0.071777 -0.042153 0.005105
v -0.071378 -0.038989 0.006943
v -0.071878 -0.038563 0.008025
v -0.071778 -0.039422 0.012100
v -0.071629 -0.038419 0.000559
v -0.072303 -0.040014 0.000611
v -0.063252 -0.043264 0.001336
v -0.067709 -0.042599 0.000867
v -0.070891 -0.042745 0.001453
v -0.070373 -0.041079 0.000426
v -0.070625 -0.041775 0.000522
v -0.069349 -0.033450 0.002010
v -0.069222 -0.036815 0.001960
v -0.063502 -0.041271 0.002300
v -0.071140 -0.036910 0.001943
v -0.070648 -0.039410 0.002554
v -0.068150 -0.042494 0.002092
v -0.068690 -0.043162 0.002900
v -0.066673 -0.037979 0.002326
v -0.058599 -0.043221 0.002584
v -0.070285 -0.041177 0.007820
v -0.046953 -0.036244 0.002313
v -0.048081 -0.049727 0.003116
v -0.069109 -0.044515 0.001413
v -0.069472 -0.044613 0.003139
v -0.068207 -0.044025 0.000900
v -0.067815 -0.046923 0.000698
v -0.068240 -0.047147 0.001322
v -0.068757 -0.047130 0.004478
v -0.066036 -0.046032 0.002100
v -0.066074 -0.048178 0.000506
v -0.062351 -0.050441 0.001021
v -0.065445 -0.048094 0.002908
v -0.065870 -0.049620 0.000843
v -0.066075 -0.050259 0.001699
v -0.066713 -0.049892 0.003988
v -0.064697 -0.051895 0.004363
v -0.064177 -0.051701 0.001609
v -0.063501 -0.051491 0.001085
v -0.062816 -0.049947 0.002107
v -0.061640 -0.052855 0.002652
v -0.060805 -0.054591 0.004128
v -0.063509 -0.053601 0.002032
v -0.062545 -0.053560 0.000708
v -0.062855 -0.053963 0.001066
v -0.060794 -0.056131 0.000888
v -0.061028 -0.056607 0.001698
v -0.063509 -0.054215 0.004440
v -0.061834 -0.056237 0.005073
v -0.060698 -0.054829 0.000704
v -0.056970 -0.056553 0.001230
v -0.056208 -0.057958 0.002510
v -0.052996 -0.057362 0.002511
v -0.058068 -0.057549 0.001245
v -0.058679 -0.058243 0.001858
v -0.059172 -0.055973 0.002951
v -0.058951 -0.058629 0.004680
v -0.056643 -0.058372 0.003208
v -0.057429 -0.058291 0.005296
v -0.070346 -0.043772 0.005500
v -0.066104 -0.047723 0.004274
v -0.068880 -0.046340 0.005877
v -0.068865 -0.043141 0.007386
v -0.067920 -0.045327 0.007802
v -0.069584 -0.047325 0.015948
v -0.066773 -0.049604 0.006598
v -0.066835 -0.047487 0.008634
v -0.065155 -0.049375 0.006999
v -0.069218 -0.043490 0.008133
v -0.068675 -0.044760 0.011602
v -0.064925 -0.050648 0.012230
v -0.067558 -0.046370 0.012481
v -0.063725 -0.053591 0.006540
v -0.063517 -0.052151 0.008901
v -0.060001 -0.056140 0.008483
v -0.061010 -0.056886 0.007189
v -0.057020 -0.059010 0.008312
v -0.060541 -0.056078 0.012191
v -0.061917 -0.055228 0.015119
v -0.072777 -0.038722 0.016625
v -0.077468 -0.035538 0.027796
v -0.073329 -0.041278 0.017680
v -0.072548 -0.039719 0.017656
v -0.074083 -0.037741 0.022520
v -0.080256 -0.028717 0.028725
v -0.076605 -0.032955 0.025404
v -0.078698 -0.028184 0.027747
v -0.069886 -0.043737 0.017205
v -0.068547 -0.045915 0.013868
v -0.070227 -0.044213 0.018533
v -0.071929 -0.041648 0.021857
v -0.073420 -0.043961 0.028403
v -0.070616 -0.044816 0.023884
v -0.073634 -0.040286 0.028760
v -0.068442 -0.047596 0.022677
v -0.077192 -0.036099 0.030236
v -0.073464 -0.043570 0.030233
v -0.068762 -0.051330 0.028437
v -0.067761 -0.049488 0.024296
v -0.064552 -0.055348 0.020512
v -0.068406 -0.048741 0.026271
v -0.069709 -0.047711 0.030470
v -0.071004 -0.047732 0.030296
v -0.067217 -0.050754 0.029092
v -0.066970 -0.050977 0.027312
v -0.066736 -0.054102 0.030625
v -0.067777 -0.047425 0.016569
v -0.068260 -0.047141 0.018164
v -0.065947 -0.049820 0.013843
v -0.066970 -0.048548 0.018333
v -0.065242 -0.051310 0.017768
v -0.067372 -0.048470 0.019434
v -0.066073 -0.050713 0.020627
v -0.064731 -0.052757 0.020523
v -0.066516 -0.050610 0.023640
v -0.065332 -0.051675 0.023680
v -0.066213 -0.051323 0.025478
v -0.064935 -0.051881 0.025313
v -0.057411 -0.060387 0.001878
v -0.057511 -0.060603 0.004488
v -0.057510 -0.060448 0.007003
v -0.055943 -0.062252 0.005636
v -0.060619 -0.061322 0.029255
v -0.057411 -0.059525 0.013432
v -0.055942 -0.060126 0.015341
v -0.058453 -0.058985 0.015243
v -0.054425 -0.063347 0.006438
v -0.053935 -0.065563 0.016915
v -0.055453 -0.060500 0.015676
v -0.054796 -0.060363 0.009348
v -0.061790 -0.056028 0.018999
v -0.057884 -0.059972 0.018912
v -0.055098 -0.061799 0.015867
v -0.054254 -0.062191 0.011492
v -0.054293 -0.062993 0.015533
v -0.055689 -0.060895 0.019108
v -0.055106 -0.063002 0.020406
v -0.059902 -0.059418 0.025203
v -0.057925 -0.060442 0.023274
v -0.056325 -0.061114 0.023682
v -0.052551 -0.065825 0.023811
v -0.055705 -0.063058 0.023696
v -0.065095 -0.053440 0.026494
v -0.065820 -0.051962 0.026235
v -0.064476 -0.053618 0.024311
v -0.064304 -0.057179 0.028933
v -0.063358 -0.055811 0.027059
v -0.065424 -0.053372 0.029113
v -0.065803 -0.053630 0.031519
v -0.062473 -0.058613 0.030892
v -0.061011 -0.058835 0.030520
v -0.063657 -0.056559 0.034027
v -0.067125 -0.055944 0.041484
v -0.057236 -0.062306 0.026729
v -0.058657 -0.063033 0.030678
v -0.061440 -0.058463 0.033267
v -0.061037 -0.059401 0.034787
v -0.060395 -0.063286 0.042270
v -0.059352 -0.061359 0.034368
v -0.057340 -0.062635 0.030767
v -0.058493 -0.060849 0.025849
v -0.057055 -0.061286 0.024983
v -0.055039 -0.066443 0.028940
v -0.053854 -0.065647 0.030417
v -0.052315 -0.068408 0.030912
v -0.049010 -0.069120 0.028741
v -0.052831 -0.067074 0.035073
v -0.051401 -0.067351 0.031733
v -0.056367 -0.060751 0.000911
v -0.056196 -0.059676 0.000846
v -0.043679 -0.053505 0.002151
v -0.053292 -0.059477 0.002405
v -0.043563 -0.066501 0.001894
v -0.046104 -0.059946 0.002803
v -0.034976 -0.056733 0.003579
v -0.026198 -0.043722 0.004411
v -0.014914 -0.041807 0.003465
v -0.032533 -0.053438 0.002593
v -0.016224 -0.066640 0.002869
v -0.016232 -0.056352 0.004383
v -0.022886 -0.058147 0.004095
v -0.028877 -0.032896 0.004385
v -0.014128 -0.051263 0.004631
v -0.054245 -0.063464 0.003311
v -0.054714 -0.062824 0.001537
v -0.053781 -0.062244 0.000908
v -0.055818 -0.059010 0.003769
v -0.054769 -0.059682 0.003043
v -0.053806 -0.059782 0.002872
v -0.053041 -0.061726 0.002952
v -0.054648 -0.059942 0.004906
v -0.054072 -0.061086 0.005126
v -0.052714 -0.062781 0.004315
v -0.053717 -0.062177 0.007317
v -0.052798 -0.064452 0.005125
v -0.051314 -0.062930 0.001363
v -0.052304 -0.063864 0.001632
v -0.052280 -0.061544 0.002446
v -0.047873 -0.065605 0.002740
v -0.052343 -0.064282 0.002213
v -0.050061 -0.065758 0.001021
v -0.050694 -0.066004 0.001359
v -0.051231 -0.066121 0.002841
v -0.048964 -0.067651 0.001380
v -0.051670 -0.065616 0.006151
v -0.047742 -0.066448 0.003366
v -0.047470 -0.067114 0.005133
v -0.049281 -0.067986 0.005727
v -0.047258 -0.068313 0.001353
v -0.045238 -0.068278 0.001536
v -0.039972 -0.067895 0.002925
v -0.047380 -0.069016 0.002732
v -0.045442 -0.069334 0.001952
v -0.045540 -0.069843 0.003938
v -0.047151 -0.069098 0.006379
v -0.041152 -0.071371 0.005033
v -0.044149 -0.069715 0.001524
v -0.043047 -0.070658 0.001334
v -0.043502 -0.071551 0.001817
v -0.045022 -0.070071 0.002442
v -0.044085 -0.071396 0.003213
v -0.040816 -0.072800 0.001551
v -0.043026 -0.069085 0.002869
v -0.041384 -0.070691 0.003042
v -0.040579 -0.073369 0.002261
v -0.044402 -0.070903 0.006337
v -0.042349 -0.072746 0.006140
v -0.040496 -0.073636 0.004618
v -0.040015 -0.073634 0.006982
v -0.052050 -0.064185 0.010285
v -0.048808 -0.066354 0.007775
v -0.050088 -0.066996 0.007130
v -0.048221 -0.068115 0.016953
v -0.046494 -0.070719 0.014773
v -0.038996 -0.063882 0.003141
v -0.039653 -0.060405 0.003244
v -0.042199 -0.070847 0.007620
v -0.042385 -0.072286 0.007492
v -0.040101 -0.074605 0.016152
v -0.044759 -0.069912 0.013083
v -0.038464 -0.073349 0.010996
v -0.037777 -0.074080 0.014143
v -0.041672 -0.071979 0.015163
v -0.038283 -0.072561 0.001692
v -0.035884 -0.073447 0.003117
v -0.038388 -0.073769 0.002282
v -0.038043 -0.074406 0.004247
v -0.036774 -0.073349 0.001821
v -0.037312 -0.074433 0.002032
v -0.037172 -0.075059 0.003049
v -0.037269 -0.073029 0.003375
v -0.037269 -0.073029 0.003375
v -0.034447 -0.071067 0.002114
v -0.033458 -0.073134 0.002081
v -0.035382 -0.074603 0.001498
v -0.036128 -0.075112 0.001617
v -0.036258 -0.075625 0.002147
v -0.033863 -0.076757 0.002010
v -0.032896 -0.076305 0.001587
v -0.032629 -0.072465 0.003145
v -0.033307 -0.075193 0.003492
v -0.033307 -0.075193 0.003492
v -0.032248 -0.073636 0.003342
v -0.030210 -0.076298 0.001982
v -0.029005 -0.076227 0.003172
v -0.025394 -0.075531 0.003377
v -0.021118 -0.077774 0.002409
v -0.028994 -0.077039 0.001956
v -0.036239 -0.062624 0.003372
v -0.034988 -0.062049 0.003324
v -0.036113 -0.068673 0.003230
v -0.031197 -0.067428 0.003323
v -0.035275 -0.074497 0.007316
v -0.032320 -0.075922 0.005091
v -0.032320 -0.075922 0.005091
v -0.026179 -0.061819 0.003752
v -0.028290 -0.071123 0.003310
v -0.029048 -0.072174 0.003403
v -0.037062 -0.075122 0.006518
v -0.036303 -0.075900 0.003931
v -0.032275 -0.077713 0.003719
v -0.030193 -0.077655 0.002400
v -0.030198 -0.076382 0.003563
v -0.030087 -0.078017 0.003335
v -0.028597 -0.078878 0.002198
v -0.028555 -0.079242 0.003483
v -0.027268 -0.078496 0.001713
v -0.025530 -0.080083 0.002122
v -0.024459 -0.079429 0.001824
v -0.024134 -0.080670 0.003455
v -0.034827 -0.076783 0.006308
v -0.034927 -0.076282 0.007530
v -0.031682 -0.077743 0.007182
v -0.034777 -0.075235 0.010841
v -0.029692 -0.076766 0.007506
v -0.029692 -0.076766 0.007506
v -0.030944 -0.076809 0.009505
v -0.035213 -0.075262 0.013847
v -0.031471 -0.076317 0.013619
v -0.031557 -0.076292 0.011521
v -0.032263 -0.078730 0.020917
v -0.029533 -0.078447 0.006179
v -0.026990 -0.080024 0.006303
v -0.026322 -0.078072 0.003758
v -0.025941 -0.078538 0.005318
v -0.023353 -0.078144 0.003387
v -0.025539 -0.078026 0.008204
v -0.028379 -0.076926 0.008335
v -0.028379 -0.076926 0.008335
v -0.024814 -0.080693 0.005966
v -0.027354 -0.079430 0.007689
v -0.024148 -0.080515 0.007626
v -0.021792 -0.079738 0.006335
v -0.026343 -0.078043 0.012228
v -0.026343 -0.078043 0.012228
v -0.025824 -0.080820 0.017815
v -0.023049 -0.078901 0.013993
v -0.023049 -0.078901 0.013993
v -0.021469 -0.079461 0.008642
v -0.042948 -0.071675 0.018367
v -0.049928 -0.070231 0.029491
v -0.045711 -0.072956 0.029784
v -0.040225 -0.072507 0.016277
v -0.038171 -0.073766 0.016020
v -0.041049 -0.072689 0.018600
v -0.038590 -0.073986 0.020655
v -0.041460 -0.072977 0.023002
v -0.040095 -0.073328 0.022291
v -0.039364 -0.073287 0.019381
v -0.038151 -0.074588 0.022819
v -0.036497 -0.075019 0.019615
v -0.036748 -0.074328 0.015807
v -0.046160 -0.070691 0.026378
v -0.043173 -0.072363 0.025577
v -0.043668 -0.071699 0.026743
v -0.042329 -0.073168 0.028848
v -0.043106 -0.072211 0.027439
v -0.044300 -0.073640 0.031265
v -0.045630 -0.071093 0.030609
v -0.051414 -0.070280 0.041264
v -0.038286 -0.074897 0.025001
v -0.039020 -0.074574 0.026435
v -0.041452 -0.073273 0.026860
v -0.040409 -0.074010 0.028715
v -0.035782 -0.075402 0.023446
v -0.038802 -0.076699 0.030209
v -0.034538 -0.075360 0.026750
v -0.041386 -0.074243 0.033554
v -0.040196 -0.075732 0.031470
v -0.036789 -0.076200 0.032606
v -0.035717 -0.077701 0.031465
v -0.031475 -0.079747 0.030335
v -0.033585 -0.075826 0.017148
v -0.031833 -0.076558 0.019098
v -0.034538 -0.076765 0.034640
v -0.018866 -0.078393 0.031198
v -0.018866 -0.078393 0.031198
v -0.033883 -0.078202 0.031408
v -0.027963 -0.080392 0.031629
v -0.026671 -0.081363 0.030603
v -0.022285 -0.078686 0.016514
v -0.022285 -0.078686 0.016514
v -0.023857 -0.082316 0.030050
v -0.020214 -0.082408 0.017708
v -0.015421 -0.084458 0.030552
v -0.082379 -0.020912 0.029818
v -0.084548 -0.021661 0.046837
v -0.082855 -0.026942 0.048729
v -0.082637 -0.019176 0.037274
v -0.081290 -0.023538 0.035974
v -0.082355 -0.024605 0.044952
v -0.079793 -0.030118 0.039377
v -0.081876 -0.034366 0.058752
v -0.082293 -0.030619 0.050741
v -0.077251 -0.038007 0.036424
v -0.078682 -0.040646 0.056100
v -0.085253 -0.015412 0.053081
v -0.084241 -0.021942 0.053980
v -0.084441 -0.024893 0.061858
v -0.086790 -0.013379 0.064264
v -0.086792 -0.023363 0.070396
v -0.080919 -0.032156 0.052081
v -0.079286 -0.040266 0.067176
v -0.075445 -0.042055 0.045701
v -0.082358 -0.034184 0.070694
v -0.081386 -0.038740 0.070442
v -0.091178 -0.006503 0.071288
v -0.092370 -0.010874 0.075606
v -0.089577 -0.008254 0.072262
v -0.088912 -0.014892 0.072107
v -0.090088 -0.006765 0.071762
v -0.090337 -0.008852 0.073381
v -0.091613 -0.011706 0.076328
v -0.089740 -0.010970 0.075088
v -0.088770 -0.008455 0.076012
v -0.089001 -0.005264 0.077240
v -0.087800 -0.018189 0.070029
v -0.088243 -0.019601 0.072662
v -0.093008 -0.016692 0.082530
v -0.089344 -0.012675 0.083759
v -0.090319 -0.011306 0.076157
v -0.090219 -0.016237 0.081098
v -0.089819 -0.014466 0.078747
v -0.088271 -0.020540 0.085738
v -0.086507 -0.019875 0.070259
v -0.085300 -0.027193 0.069690
v -0.084563 -0.030828 0.070287
v -0.085075 -0.026758 0.072126
v -0.086866 -0.025224 0.072094
v -0.084788 -0.031555 0.072039
v -0.082733 -0.036985 0.072055
v -0.085901 -0.036011 0.092695
v -0.087189 -0.027628 0.080339
v -0.086325 -0.027820 0.084335
v -0.094435 -0.009748 0.087461
v -0.092950 -0.005114 0.083159
v -0.093190 -0.007470 0.085383
v -0.094666 -0.011218 0.088238
v -0.090868 -0.004035 0.080604
v -0.092554 -0.003274 0.081126
v -0.091733 -0.004249 0.081020
v -0.091413 -0.006519 0.083251
v -0.092033 -0.006856 0.083790
v -0.092041 -0.007841 0.084905
v -0.091284 -0.007273 0.084395
v -0.091491 -0.018206 0.082770
v -0.091391 -0.008433 0.085351
v -0.091391 -0.008433 0.085351
v -0.093163 -0.009489 0.087517
v -0.093064 -0.011366 0.089326
v -0.092343 -0.010708 0.088335
v -0.091995 -0.011644 0.088437
v -0.092988 -0.014790 0.092625
v -0.092370 -0.015063 0.091984
v -0.091100 -0.004055 0.094362
v -0.091457 -0.009555 0.088068
v -0.091457 -0.009555 0.088068
v -0.092106 -0.003879 0.092306
v -0.092446 -0.008485 0.086213
v -0.092104 -0.010120 0.086955
v -0.091342 -0.010252 0.087087
v -0.091342 -0.010252 0.087087
v -0.091718 -0.010860 0.088059
v -0.091718 -0.010860 0.088059
v -0.091507 -0.011645 0.088904
v -0.091595 -0.013119 0.090230
v -0.091991 -0.009232 0.093112
v -0.091603 -0.014114 0.092839
v -0.091603 -0.014114 0.092839
v -0.092436 -0.008869 0.105312
v -0.090463 -0.019513 0.084472
v -0.089215 -0.022103 0.085487
v -0.092413 -0.023114 0.087698
v -0.091143 -0.022931 0.087310
v -0.092598 -0.027135 0.092286
v -0.092598 -0.027135 0.092286
v -0.089566 -0.022712 0.087399
v -0.090067 -0.023939 0.088864
v -0.088650 -0.027147 0.090493
v -0.090927 -0.026817 0.090155
v -0.089961 -0.027001 0.091238
v -0.089074 -0.027772 0.091965
v -0.092115 -0.029204 0.092382
v -0.094553 -0.016903 0.093872
v -0.093677 -0.021823 0.093670
v -0.094261 -0.016392 0.094065
v -0.091634 -0.015461 0.092607
v -0.091216 -0.017247 0.093994
v -0.093236 -0.016548 0.094579
v -0.092557 -0.016683 0.094800
v -0.092557 -0.016683 0.094800
v -0.092557 -0.016683 0.094800
v -0.091942 -0.007888 0.094279
v -0.091192 -0.015446 0.094293
v -0.091192 -0.015446 0.094293
v -0.091259 -0.017012 0.096358
v -0.094465 -0.018615 0.096655
v -0.091990 -0.017918 0.095031
v -0.091985 -0.017115 0.095210
v -0.091985 -0.017115 0.095210
v -0.091985 -0.017115 0.095210
v -0.091993 -0.018025 0.095656
v -0.091993 -0.018025 0.095656
v -0.091332 -0.018211 0.095555
v -0.093862 -0.020247 0.099287
v -0.093862 -0.020247 0.099287
v -0.094543 -0.021121 0.097943
v -0.094543 -0.021121 0.097943
v -0.094555 -0.020624 0.099242
v -0.094555 -0.020624 0.099242
v -0.094555 -0.020624 0.099242
v -0.094555 -0.020624 0.099242
v -0.091968 -0.017309 0.095767
v -0.091968 -0.017309 0.095767
v -0.091968 -0.017309 0.095767
v -0.091465 -0.017141 0.095423
v -0.091465 -0.017141 0.095423
v -0.091465 -0.017141 0.095423
v -0.091465 -0.017141 0.095423
v -0.091465 -0.017141 0.095423
v -0.091736 -0.017400 0.095459
v -0.091736 -0.017400 0.095459
v -0.091736 -0.017400 0.095459
v -0.091736 -0.017400 0.095459
v -0.091586 -0.017733 0.096541
v -0.091419 -0.018056 0.095972
v -0.091419 -0.018056 0.095972
v -0.091419 -0.018056 0.095972
v -0.091664 -0.018535 0.096019
v -0.091664 -0.018535 0.096019
v -0.091664 -0.018535 0.096019
v -0.092980 -0.024422 0.093051
v -0.093336 -0.022475 0.094381
v -0.091936 -0.022995 0.094566
v -0.091591 -0.025005 0.093665
v -0.092577 -0.026467 0.093239
v -0.092565 -0.027723 0.093749
v -0.092514 -0.028896 0.095250
v -0.092211 -0.028380 0.095407
v -0.091518 -0.026880 0.094211
v -0.091163 -0.027733 0.095900
v -0.091118 -0.027828 0.096934
v -0.091118 -0.027828 0.096934
v -0.092583 -0.028598 0.096651
v -0.092583 -0.028598 0.096651
v -0.092583 -0.028598 0.096651
v -0.095645 -0.026801 0.100689
v -0.095263 -0.026291 0.099208
v -0.095460 -0.027371 0.098265
v -0.094237 -0.025776 0.099584
v -0.094237 -0.025776 0.099584
v -0.094253 -0.026158 0.100466
v -0.094253 -0.026158 0.100466
v -0.093620 -0.021931 0.095541
v -0.093945 -0.021994 0.097108
v -0.093945 -0.021994 0.097108
v -0.092673 -0.021972 0.096300
v -0.091564 -0.022879 0.096818
v -0.094379 -0.022005 0.098311
v -0.092947 -0.023064 0.098591
v -0.092947 -0.023064 0.098591
v -0.094046 -0.023460 0.099086
v -0.094046 -0.023460 0.099086
v -0.094105 -0.024818 0.100033
v -0.091516 -0.023431 0.099209
v -0.091516 -0.023431 0.099209
v -0.091516 -0.023431 0.099209
v -0.091241 -0.023397 0.098020
v -0.091241 -0.023397 0.098020
v -0.094817 -0.026693 0.097993
v -0.094697 -0.027906 0.097043
v -0.092245 -0.026721 0.098367
v -0.092245 -0.026721 0.098367
v -0.092245 -0.026721 0.098367
v -0.093448 -0.025986 0.099131
v -0.093448 -0.025986 0.099131
v -0.091411 -0.026533 0.098140
v -0.093626 -0.025255 0.099445
v -0.092070 -0.024212 0.099276
v -0.092070 -0.024212 0.099276
v -0.091914 -0.025852 0.099609
v -0.091914 -0.025852 0.099609
v -0.091914 -0.025852 0.099609
v -0.091870 -0.024873 0.099246
v -0.091654 -0.024462 0.098408
v -0.091349 -0.023754 0.099157
v -0.091199 -0.026117 0.097937
v -0.091573 -0.025691 0.099378
v -0.091003 -0.017297 0.094395
v -0.091640 -0.018686 0.107870
v -0.089571 -0.025046 0.102046
v -0.090248 -0.031837 0.094096
v -0.089608 -0.029933 0.092770
v -0.088522 -0.029701 0.093157
v -0.088083 -0.030096 0.093090
v -0.086613 -0.030890 0.093453
v -0.091253 -0.023794 0.095720
v -0.091248 -0.023656 0.096752
v -0.091248 -0.023656 0.096752
v -0.091248 -0.023656 0.096752
v -0.091286 -0.023457 0.096549
v -0.091286 -0.023457 0.096549
v -0.091367 -0.025449 0.095314
v -0.091367 -0.025449 0.095314
v -0.090710 -0.027115 0.096615
v -0.078882 -0.043766 0.070586
v -0.080707 -0.041608 0.072691
v -0.075648 -0.047522 0.061746
v -0.076669 -0.048202 0.080990
v -0.074368 -0.045959 0.053151
v -0.077138 -0.047834 0.072341
v -0.075908 -0.048822 0.070715
v -0.077313 -0.048927 0.078543
v -0.072426 -0.054820 0.073035
v -0.072361 -0.053921 0.070494
v -0.079738 -0.043933 0.084948
v -0.083386 -0.038230 0.091239
v -0.081955 -0.042891 0.086923
v -0.080907 -0.044490 0.085370
v -0.079567 -0.046804 0.085153
v -0.081332 -0.045862 0.086584
v -0.080540 -0.047211 0.086933
v -0.078664 -0.048647 0.086760
v -0.075747 -0.052805 0.096609
v -0.070299 -0.054720 0.067804
v -0.073403 -0.057025 0.092844
v -0.070107 -0.060922 0.093400
v -0.076009 -0.053644 0.092739
v -0.092499 -0.030082 0.095272
v -0.092018 -0.031801 0.094513
v -0.094389 -0.029349 0.096711
v -0.094389 -0.029349 0.096711
v -0.095236 -0.028790 0.097451
v -0.094598 -0.030237 0.097471
v -0.094598 -0.030237 0.097471
v -0.093735 -0.028787 0.096656
v -0.093735 -0.028787 0.096656
v -0.093000 -0.030438 0.097090
v -0.092902 -0.029295 0.096537
v -0.092692 -0.031956 0.098452
v -0.092692 -0.031956 0.098452
v -0.092624 -0.033476 0.099903
v -0.092624 -0.033476 0.099903
v -0.091812 -0.033711 0.097118
v -0.095340 -0.027891 0.099311
v -0.095378 -0.028982 0.101836
v -0.094862 -0.029128 0.099186
v -0.094571 -0.030889 0.100200
v -0.093627 -0.031448 0.100780
v -0.093729 -0.029518 0.102300
v -0.094178 -0.031510 0.099192
v -0.093079 -0.031781 0.100627
v -0.093079 -0.031781 0.100627
v -0.091769 -0.034380 0.100352
v -0.091253 -0.034563 0.100249
v -0.093324 -0.031529 0.103723
v -0.092363 -0.033660 0.102249
v -0.092363 -0.033660 0.102249
v -0.091192 -0.034447 0.101405
v -0.090521 -0.034057 0.100046
v -0.090973 -0.032230 0.102652
v -0.090973 -0.032230 0.102652
v -0.091579 -0.032981 0.103356
v -0.091579 -0.032981 0.103356
v -0.090648 -0.032822 0.095700
v -0.087802 -0.030713 0.094299
v -0.089231 -0.031504 0.094897
v -0.089231 -0.031504 0.094897
v -0.089757 -0.032746 0.097507
v -0.087875 -0.031413 0.095967
v -0.087875 -0.031413 0.095967
v -0.088253 -0.031356 0.096005
v -0.088253 -0.031356 0.096005
v -0.088785 -0.032644 0.097042
v -0.088348 -0.031863 0.098226
v -0.088348 -0.031863 0.098226
v -0.089952 -0.033532 0.098029
v -0.086400 -0.034323 0.094192
v -0.082867 -0.042639 0.094985
v -0.087012 -0.034246 0.098150
v -0.087089 -0.038100 0.108775
v -0.088089 -0.032029 0.098418
v -0.089370 -0.033285 0.097517
v -0.088763 -0.033441 0.098222
v -0.089884 -0.033487 0.098716
v -0.089884 -0.033487 0.098716
v -0.089110 -0.033118 0.098587
v -0.089110 -0.033118 0.098587
v -0.089661 -0.032905 0.098408
v -0.089661 -0.032905 0.098408
v -0.090117 -0.032990 0.099471
v -0.088692 -0.032251 0.100022
v -0.088692 -0.032251 0.100022
v -0.089560 -0.032491 0.100166
v -0.090083 -0.032918 0.100857
v -0.089793 -0.032151 0.101953
v -0.089793 -0.032151 0.101953
v -0.089492 -0.031718 0.101637
v -0.089492 -0.031718 0.101637
v -0.089492 -0.031718 0.101637
v -0.088923 -0.031803 0.101557
v -0.088923 -0.031803 0.101557
v -0.088341 -0.032254 0.100497
v -0.088467 -0.032087 0.102222
v -0.088467 -0.032087 0.102222
v -0.087151 -0.035470 0.108236
v -0.083604 -0.043588 0.103531
v -0.082341 -0.045308 0.101303
v -0.083516 -0.045092 0.103722
v -0.083017 -0.046490 0.102958
v -0.083782 -0.046136 0.105876
v -0.083693 -0.044204 0.105283
v -0.082398 -0.047252 0.102570
v -0.082182 -0.048141 0.103724
v -0.082220 -0.042992 0.088558
v -0.081949 -0.045625 0.089821
v -0.081955 -0.045075 0.088095
v -0.081608 -0.044668 0.090958
v -0.080629 -0.047584 0.089362
v -0.078576 -0.049216 0.088743
v -0.080943 -0.047025 0.090235
v -0.079985 -0.047540 0.090960
v -0.080830 -0.045717 0.099697
v -0.084335 -0.040796 0.105349
v -0.078853 -0.049494 0.094628
v -0.080793 -0.048003 0.101600
v -0.075547 -0.054247 0.095180
v -0.070174 -0.060656 0.095317
v -0.068441 -0.062203 0.095545
v -0.072380 -0.060031 0.105262
v -0.080144 -0.049468 0.103306
v -0.080394 -0.049622 0.105239
v -0.082530 -0.048061 0.106017
v -0.081904 -0.045745 0.105830
v -0.069541 -0.063772 0.111056
v -0.067646 -0.064808 0.104511
v -0.080646 -0.023607 0.032601
v -0.079840 -0.028450 0.030058
v -0.079114 -0.028583 0.032923
v -0.079359 -0.030615 0.030020
v -0.076890 -0.033758 0.030829
v -0.079140 -0.030078 0.036554
v -0.075022 -0.039831 0.036574
v -0.077475 -0.034633 0.037152
v -0.077475 -0.034633 0.037152
v -0.074361 -0.046087 0.045646
v -0.072198 -0.045323 0.036995
v -0.071293 -0.049273 0.037490
v -0.068563 -0.050910 0.036192
v -0.076906 -0.036387 0.039212
v -0.076906 -0.036387 0.039212
v -0.076650 -0.038017 0.041028
v -0.076650 -0.038017 0.041028
v -0.073127 -0.044702 0.041385
v -0.066546 -0.054056 0.037896
v -0.068537 -0.051626 0.040160
v -0.067493 -0.052975 0.041386
v -0.066104 -0.054939 0.040844
v -0.064792 -0.056381 0.039918
v -0.064108 -0.056901 0.037923
v -0.064586 -0.056975 0.041917
v -0.071319 -0.051605 0.049264
v -0.072401 -0.047521 0.046698
v -0.071110 -0.048438 0.042663
v -0.069800 -0.052223 0.048946
v -0.068372 -0.052718 0.043211
v -0.068889 -0.052531 0.046501
v -0.067099 -0.055273 0.046780
v -0.064295 -0.057557 0.043438
v -0.063643 -0.059410 0.046225
v -0.062447 -0.059844 0.044046
v -0.065869 -0.059535 0.057614
v -0.068073 -0.057304 0.056853
v -0.064991 -0.059538 0.056152
v -0.061959 -0.058796 0.036388
v -0.062285 -0.058160 0.034581
v -0.062602 -0.057688 0.037547
v -0.061391 -0.059080 0.037477
v -0.059632 -0.061548 0.037145
v -0.061128 -0.059616 0.038977
v -0.061405 -0.059302 0.040357
v -0.061396 -0.059716 0.038050
v -0.063354 -0.057135 0.039076
v -0.063556 -0.057121 0.041088
v -0.061643 -0.060335 0.042222
v -0.060592 -0.061148 0.039623
v -0.056568 -0.064183 0.036065
v -0.058794 -0.063237 0.042428
v -0.056625 -0.066319 0.040936
v -0.062539 -0.058819 0.042762
v -0.059170 -0.063420 0.044103
v -0.055168 -0.065965 0.040211
v -0.053375 -0.066947 0.037348
v -0.048608 -0.069843 0.036451
v -0.050672 -0.068945 0.037411
v -0.052871 -0.068084 0.040713
v -0.051255 -0.068923 0.038463
v -0.047001 -0.071949 0.039296
v -0.060939 -0.063265 0.054983
v -0.058048 -0.067509 0.060646
v -0.055545 -0.067298 0.051299
v -0.050631 -0.071149 0.053158
v -0.047065 -0.074793 0.058300
v -0.043117 -0.075522 0.042795
v -0.051901 -0.072406 0.063838
v -0.072321 -0.050462 0.059603
v -0.062568 -0.063708 0.060956
v -0.068514 -0.058609 0.070870
v -0.063024 -0.063380 0.072578
v -0.066967 -0.059185 0.071487
v -0.065720 -0.061337 0.071155
v -0.057529 -0.067901 0.070033
v -0.063513 -0.063879 0.071255
v -0.059924 -0.067058 0.071055
v -0.056042 -0.070015 0.070818
v -0.051515 -0.072311 0.070832
v -0.041536 -0.074721 0.038564
v -0.040097 -0.075816 0.040012
v -0.037249 -0.076767 0.038240
v -0.036634 -0.077868 0.036586
v -0.032762 -0.078644 0.034502
v -0.035294 -0.077326 0.036348
v -0.033327 -0.078992 0.040656
v -0.035993 -0.079384 0.047093
v -0.034698 -0.077966 0.039170
v -0.031900 -0.077534 0.036250
v -0.034068 -0.077436 0.037257
v -0.033451 -0.079882 0.043342
v -0.032596 -0.078106 0.039820
v -0.042001 -0.075713 0.048115
v -0.046160 -0.074760 0.061721
v -0.036037 -0.078517 0.047782
v -0.029192 -0.080067 0.035131
v -0.025747 -0.081467 0.032447
v -0.030402 -0.079682 0.040893
v -0.029229 -0.078643 0.039784
v -0.029161 -0.081254 0.042105
v -0.019782 -0.083310 0.031931
v -0.030130 -0.080424 0.042623
v -0.024113 -0.080553 0.041128
v -0.067648 -0.060353 0.072635
v -0.070533 -0.058854 0.093933
v -0.062893 -0.065162 0.072881
v -0.065028 -0.063978 0.090071
v -0.056360 -0.070509 0.073162
v -0.058010 -0.069947 0.090981
v -0.064717 -0.066215 0.093189
v -0.058834 -0.070016 0.083944
v -0.066874 -0.063925 0.095000
v -0.050179 -0.074127 0.071527
v -0.046502 -0.075554 0.074754
v -0.043979 -0.077399 0.071574
v -0.043233 -0.077339 0.067096
v -0.033452 -0.079734 0.051280
v -0.026764 -0.082334 0.044375
v -0.017320 -0.084677 0.045489
v -0.024480 -0.082196 0.045524
v -0.031907 -0.081269 0.059251
v -0.025334 -0.082696 0.056386
v -0.016218 -0.084215 0.048304
v -0.041330 -0.077867 0.059323
v -0.038345 -0.078513 0.060996
v -0.036504 -0.080389 0.065002
v -0.031216 -0.081211 0.060812
v -0.029132 -0.082789 0.063780
v -0.039295 -0.078847 0.072846
v -0.036392 -0.080722 0.072078
v -0.032393 -0.081772 0.071840
v -0.029779 -0.082975 0.072229
v -0.023162 -0.084281 0.062066
v -0.014487 -0.085915 0.059811
v -0.017068 -0.084767 0.060573
v -0.010290 -0.086283 0.070775
v -0.029789 -0.082202 0.071941
v -0.017277 -0.086041 0.072314
v -0.052563 -0.073849 0.080037
v -0.056393 -0.072863 0.093969
v -0.051951 -0.073706 0.073901
v -0.054737 -0.071975 0.076784
v -0.053657 -0.072679 0.074822
v -0.051873 -0.074850 0.075347
v -0.048375 -0.075738 0.073749
v -0.049940 -0.075071 0.074615
v -0.051470 -0.073075 0.077110
v -0.053482 -0.073921 0.076641
v -0.054342 -0.072605 0.078770
v -0.053090 -0.074249 0.078510
v -0.051667 -0.075514 0.078819
v -0.050036 -0.075848 0.076641
v -0.048060 -0.076236 0.076967
v -0.050676 -0.075025 0.080173
v -0.049123 -0.075886 0.079313
v -0.041840 -0.078953 0.073530
v -0.047895 -0.076947 0.083230
v -0.052489 -0.073649 0.089832
v -0.051453 -0.076003 0.093873
v -0.042446 -0.080500 0.093828
v -0.040664 -0.080038 0.092642
v -0.035698 -0.080879 0.080254
v -0.046775 -0.078488 0.093855
v -0.062640 -0.067885 0.095374
v -0.063396 -0.067617 0.105105
v -0.056876 -0.072359 0.095576
v -0.049773 -0.076822 0.095855
v -0.052661 -0.075845 0.102175
v -0.062116 -0.070358 0.110086
v -0.054537 -0.074767 0.102477
v -0.052373 -0.075389 0.104139
v -0.056039 -0.073989 0.103989
v -0.056125 -0.074379 0.105720
v -0.055456 -0.075534 0.105542
v -0.054464 -0.076040 0.104023
v -0.056656 -0.073856 0.106994
v -0.055492 -0.074997 0.107472
v -0.054083 -0.076803 0.107411
v -0.053445 -0.076466 0.103639
v -0.052318 -0.077471 0.105828
v -0.050136 -0.077445 0.104138
v -0.050838 -0.077487 0.107559
v -0.046443 -0.078749 0.106659
v -0.044438 -0.079491 0.095747
v -0.031449 -0.083472 0.095784
v -0.036676 -0.082520 0.096126
v -0.034041 -0.083615 0.094757
v -0.036347 -0.082316 0.086473
v -0.046800 -0.079550 0.108055
v -0.042198 -0.081634 0.109068
v -0.039556 -0.081859 0.108988
v -0.037953 -0.082754 0.104012
v -0.034244 -0.083571 0.101349
v -0.032641 -0.082589 0.073816
v -0.023874 -0.084627 0.072438
v -0.029328 -0.085034 0.093855
v -0.022001 -0.085600 0.074573
v -0.027676 -0.083757 0.083968
v -0.023184 -0.086573 0.094591
v -0.019667 -0.084800 0.071629
v -0.019293 -0.085860 0.086154
v -0.014356 -0.087016 0.074541
v -0.009425 -0.087151 0.072638
v -0.015437 -0.087593 0.087121
v -0.004638 -0.088081 0.074730
v -0.012283 -0.088062 0.087472
v -0.033885 -0.083168 0.096341
v -0.032056 -0.084033 0.096269
v -0.031592 -0.084922 0.106750
v -0.025036 -0.085854 0.096358
v -0.023271 -0.086914 0.105583
v -0.025899 -0.085898 0.110175
v -0.017260 -0.087534 0.096551
v -0.015206 -0.086939 0.091410
v -0.014854 -0.087713 0.103807
v -0.017360 -0.087377 0.088378
v -0.017597 -0.087528 0.091125
v -0.016037 -0.088550 0.091449
v -0.015842 -0.088590 0.089812
v -0.016666 -0.087866 0.092195
v -0.014374 -0.088775 0.088789
v -0.013966 -0.089094 0.092053
v -0.014361 -0.088233 0.093399
v -0.012677 -0.089186 0.091982
v -0.012247 -0.088863 0.089431
v -0.011010 -0.088308 0.088719
v -0.005061 -0.088660 0.086606
v -0.010979 -0.088543 0.091429
v -0.013399 -0.088345 0.095603
v -0.008100 -0.088737 0.097186
v -0.011864 -0.088477 0.092704
v -0.005721 -0.088426 0.101182
v -0.016145 -0.088202 0.103788
v -0.012693 -0.088609 0.102992
v -0.002482 -0.086996 0.072489
v -0.002482 -0.086996 0.072489
v -0.008149 -0.088879 0.095361
v -0.001136 -0.089256 0.094865
v -0.091277 -0.023701 0.096727
v -0.091277 -0.023701 0.096727
v -0.091277 -0.023701 0.096727
v -0.091277 -0.023701 0.096727
v -0.016236 -0.080345 0.039716
v -0.016236 -0.080345 0.039716
v -0.010146 -0.082629 0.041822
v -0.010146 -0.082629 0.041822
v -0.003587 -0.018200 0.003427
v -0.011539 0.080084 0.001941
v -0.013670 0.079129 0.001587
v -0.008787 0.079478 0.001983
v -0.009504 0.080304 0.002644
v -0.010114 0.080661 0.004807
v -0.006937 0.081295 0.002670
v -0.006977 0.080676 0.001847
v -0.008114 0.081334 0.008330
v -0.006902 0.081335 0.007485
v -0.008062 0.081330 0.005288
v -0.003912 0.081304 0.002128
v -0.004335 0.080694 0.001785
v -0.003297 0.081635 0.003478
v -0.004672 0.081728 0.005890
v -0.000673 0.080711 0.002460
v -0.000513 0.079936 0.002100
v -0.001171 0.081048 0.003353
v -0.001427 0.081455 0.005413
v 0.001121 0.081911 0.005271
v 0.001659 0.081727 0.003154
v 0.002126 0.081461 0.002243
v 0.003498 0.080879 0.001875
v 0.003032 0.078434 0.002143
v 0.005229 0.081272 0.002269
v 0.005397 0.081617 0.003467
v 0.007057 0.079757 0.002192
v 0.007805 0.080584 0.002630
v -0.012472 0.077229 0.002790
v -0.011609 0.078033 0.003995
v -0.010311 0.078310 0.004017
v -0.010365 0.077060 0.003010
v -0.009350 0.078168 0.003086
v -0.008447 0.078930 0.003845
v -0.009282 0.079225 0.006651
v -0.006487 0.078736 0.003114
v -0.011050 0.078849 0.013914
v -0.004035 0.079843 0.005476
v 0.004385 0.066116 0.003297
v -0.000768 0.078369 0.003038
v -0.004193 0.079279 0.003511
v -0.002159 0.079364 0.003590
v 0.003354 0.052899 0.003982
v 0.012186 0.056457 0.004062
v 0.003480 0.079476 0.003685
v 0.008043 0.078541 0.003289
v 0.010583 0.072674 0.003229
v 0.015893 0.077756 0.002350
v 0.011251 0.080330 0.002080
v 0.023162 0.066479 0.002579
v 0.010374 0.056706 0.002820
v 0.020517 0.061056 0.003897
v 0.024028 0.044211 0.003474
v 0.022751 0.070107 0.003476
v 0.035080 0.051033 0.004499
v 0.020075 0.042561 0.004916
v 0.052507 0.047294 0.003197
v -0.011049 0.082993 0.008052
v -0.003572 0.084262 0.009149
v -0.003572 0.084262 0.009149
v -0.002092 0.083967 0.009238
v -0.002092 0.083967 0.009238
v -0.007822 0.084395 0.011876
v -0.003252 0.081466 0.006858
v 0.001430 0.081617 0.007766
v -0.001612 0.082670 0.010157
v -0.001612 0.082670 0.010157
v 0.000723 0.083643 0.011713
v 0.000723 0.083643 0.011713
v 0.000723 0.083643 0.011713
v 0.000723 0.083643 0.011713
v 0.000723 0.083643 0.011713
v 0.000723 0.083643 0.011713
v -0.006056 0.084037 0.011394
v -0.002919 0.082841 0.010583
v -0.001165 0.088924 0.016613
v -0.001165 0.088924 0.016613
v 0.003094 0.085147 0.010739
v 0.000307 0.082590 0.010762
v 0.000307 0.082590 0.010762
v 0.000948 0.083370 0.010131
v 0.000948 0.083370 0.010131
v 0.000948 0.083370 0.010131
v 0.000948 0.083370 0.010131
v 0.000573 0.082635 0.010960
v 0.000573 0.082635 0.010960
v 0.000573 0.082635 0.010960
v 0.000573 0.082635 0.010960
v 0.000573 0.082635 0.010960
v -0.000356 0.082656 0.011099
v -0.000356 0.082656 0.011099
v -0.000356 0.082656 0.011099
v 0.001246 0.082941 0.011022
v 0.001246 0.082941 0.011022
v 0.001271 0.082763 0.011287
v 0.001271 0.082763 0.011287
v 0.001271 0.082763 0.011287
v 0.001276 0.082732 0.011196
v 0.001276 0.082732 0.011196
v 0.001276 0.082732 0.011196
v 0.001276 0.082732 0.011196
v 0.002216 0.083012 0.011383
v 0.002216 0.083012 0.011383
v 0.002216 0.083012 0.011383
v 0.002216 0.083012 0.011383
v 0.002216 0.083012 0.011383
v 0.002216 0.083012 0.011383
v 0.002216 0.083012 0.011383
v 0.001195 0.082610 0.011083
v 0.001195 0.082610 0.011083
v 0.001195 0.082610 0.011083
v 0.001195 0.082610 0.011083
v 0.001195 0.082610 0.011083
v 0.001195 0.082610 0.011083
v 0.003996 0.083741 0.010967
v 0.001959 0.082808 0.011368
v 0.001959 0.082808 0.011368
v 0.001959 0.082808 0.011368
v 0.001959 0.082808 0.011368
v 0.001899 0.082873 0.011567
v 0.001899 0.082873 0.011567
v 0.001899 0.082873 0.011567
v 0.001899 0.082873 0.011567
v 0.001899 0.082873 0.011567
v 0.003457 0.083079 0.011789
v 0.003457 0.083079 0.011789
v -0.010383 0.088691 0.015499
v -0.008036 0.089895 0.015271
v -0.006960 0.089624 0.016039
v -0.006092 0.088488 0.015804
v -0.006792 0.089987 0.014825
v -0.005176 0.090388 0.015571
v -0.004145 0.090244 0.015158
v -0.004145 0.090244 0.015158
v -0.003352 0.090508 0.016304
v -0.003352 0.090508 0.016304
v -0.002183 0.090016 0.016919
v -0.002183 0.090016 0.016919
v 0.001089 0.090489 0.015931
v 0.003161 0.087050 0.012869
v 0.000389 0.090950 0.016592
v -0.001801 0.090468 0.016829
v -0.000085 0.090881 0.017090
v 0.003998 0.089380 0.018156
v 0.002508 0.090440 0.018041
v 0.001973 0.091098 0.017142
v 0.005550 0.091206 0.017799
v 0.003580 0.091084 0.017875
v 0.003966 0.081893 0.006522
v 0.005701 0.081497 0.007476
v 0.007530 0.081163 0.004933
v 0.010128 0.081241 0.003383
v 0.008862 0.081302 0.007857
v 0.010833 0.081360 0.006559
v 0.010732 0.080911 0.002346
v 0.013941 0.080629 0.002869
v 0.013799 0.080971 0.005555
v 0.013528 0.080021 0.002086
v 0.015717 0.079884 0.003207
v 0.009645 0.084254 0.012063
v 0.009645 0.084254 0.012063
v 0.009645 0.084254 0.012063
v 0.005439 0.082984 0.012215
v 0.005439 0.082984 0.012215
v 0.005439 0.082984 0.012215
v 0.008274 0.085230 0.012093
v 0.003365 0.084156 0.012557
v 0.008108 0.084670 0.014343
v 0.008361 0.082912 0.013232
v 0.008361 0.082912 0.013232
v 0.009935 0.091033 0.018731
v 0.014880 0.085033 0.014108
v 0.014880 0.085033 0.014108
v 0.015590 0.083962 0.014143
v 0.011597 0.083545 0.013538
v 0.011597 0.083545 0.013538
v 0.011597 0.083545 0.013538
v 0.006533 0.089673 0.019015
v 0.006786 0.090741 0.019088
v 0.008042 0.091317 0.018911
v 0.011633 0.089842 0.020783
v 0.010266 0.090720 0.020114
v 0.012761 0.091071 0.020406
v 0.012970 0.088360 0.020209
v 0.013517 0.090516 0.021413
v 0.016127 0.089245 0.022399
v 0.016923 0.090734 0.021400
v 0.012937 0.085081 0.016818
v 0.016624 0.084559 0.017715
v 0.013695 0.087566 0.019491
v 0.021511 0.084410 0.016620
v 0.021511 0.084410 0.016620
v 0.018662 0.090468 0.023068
v 0.018699 0.089648 0.023572
v 0.021376 0.088070 0.024204
v 0.023710 0.089580 0.023943
v 0.020571 0.090353 0.023196
v 0.023255 0.089693 0.025283
v 0.021448 0.089506 0.024794
v 0.024821 0.089784 0.025214
v 0.023095 0.088679 0.025488
v -0.011424 0.081383 0.010250
v -0.011424 0.081383 0.010250
v -0.009407 0.079870 0.014541
v -0.005291 0.080102 0.010777
v -0.010111 0.081903 0.010076
v -0.008248 0.082061 0.010225
v -0.008876 0.081403 0.012415
v -0.007435 0.081866 0.010394
v -0.007435 0.081866 0.010394
v -0.006939 0.082288 0.010146
v -0.005268 0.082433 0.010578
v -0.004416 0.082149 0.010875
v -0.004416 0.082149 0.010875
v -0.002629 0.081976 0.012982
v -0.001106 0.080482 0.013368
v -0.001588 0.081875 0.009605
v 0.004871 0.080314 0.011299
v -0.003175 0.082407 0.010584
v 0.001448 0.081895 0.010281
v 0.000644 0.082444 0.011408
v 0.001489 0.082828 0.011437
v 0.001489 0.082828 0.011437
v 0.001675 0.082537 0.011854
v 0.003622 0.082581 0.012088
v 0.003622 0.082581 0.012088
v 0.003622 0.082581 0.012088
v 0.002367 0.082732 0.011614
v 0.002367 0.082732 0.011614
v 0.002367 0.082732 0.011614
v -0.007265 0.082563 0.022903
v -0.009764 0.080408 0.020304
v -0.004723 0.080941 0.020346
v -0.009947 0.080574 0.022914
v -0.001853 0.083374 0.029952
v 0.002924 0.082099 0.014063
v 0.001596 0.081245 0.022646
v 0.007207 0.080443 0.016552
v 0.006908 0.080960 0.022970
v 0.006908 0.080960 0.022970
v 0.004014 0.079875 0.005679
v 0.008597 0.079248 0.003860
v 0.008797 0.079741 0.009496
v 0.011308 0.079306 0.005832
v 0.007556 0.081829 0.012132
v 0.017864 0.077181 0.003529
v 0.017307 0.075295 0.003323
v 0.016056 0.078269 0.004088
v 0.016463 0.079038 0.002602
v 0.016631 0.079647 0.003115
v 0.014022 0.080658 0.007564
v 0.017738 0.078331 0.009683
v 0.013604 0.080899 0.010250
v 0.016306 0.080128 0.005445
v 0.017677 0.080030 0.007614
v 0.019147 0.077771 0.005304
v 0.018493 0.079846 0.003470
v 0.019691 0.079841 0.006786
v 0.005322 0.082403 0.012334
v 0.005435 0.083234 0.012821
v 0.005435 0.083234 0.012821
v 0.004917 0.083029 0.012574
v 0.004917 0.083029 0.012574
v 0.004917 0.083029 0.012574
v 0.004917 0.083029 0.012574
v 0.004810 0.082730 0.012429
v 0.004810 0.082730 0.012429
v 0.004810 0.082730 0.012429
v 0.005511 0.082489 0.013250
v 0.008346 0.082087 0.013021
v 0.007592 0.081981 0.014965
v 0.011591 0.079726 0.011875
v 0.008492 0.082770 0.014182
v 0.009957 0.082801 0.013975
v 0.009957 0.082801 0.013975
v 0.009957 0.082801 0.013975
v 0.009957 0.082801 0.013975
v 0.009957 0.082801 0.013975
v 0.009957 0.082801 0.013975
v 0.010347 0.082261 0.014175
v 0.015009 0.079325 0.014956
v 0.015009 0.079325 0.014956
v 0.006707 0.082785 0.023959
v 0.013599 0.081437 0.016941
v 0.009848 0.082289 0.014596
v 0.011985 0.081659 0.015991
v 0.011532 0.082543 0.014807
v 0.011532 0.082543 0.014807
v 0.012849 0.082097 0.015278
v 0.012849 0.082097 0.015278
v 0.011180 0.080183 0.017968
v 0.011180 0.080183 0.017968
v 0.017214 0.078771 0.010917
v 0.014435 0.081118 0.014963
v 0.018443 0.080050 0.010810
v 0.021178 0.077680 0.010691
v 0.021178 0.077680 0.010691
v 0.014211 0.082835 0.015746
v 0.014564 0.081800 0.016115
v 0.014564 0.081800 0.016115
v 0.016971 0.081087 0.017049
v 0.019249 0.080592 0.018533
v 0.020208 0.080062 0.016741
v 0.024202 0.078935 0.014906
v 0.019925 0.084016 0.015791
v 0.019765 0.083391 0.016248
v 0.019430 0.078661 0.017329
v 0.021916 0.077851 0.015718
v 0.024018 0.077463 0.016712
v 0.000797 0.081630 0.027067
v 0.000797 0.081630 0.027067
v -0.007631 0.081343 0.032143
v -0.001643 0.082873 0.031630
v -0.004037 0.081604 0.031916
v -0.000522 0.081339 0.030652
v -0.000522 0.081339 0.030652
v 0.003123 0.083243 0.030211
v 0.004702 0.081181 0.030859
v 0.009140 0.081046 0.027738
v -0.005226 0.080998 0.033449
v -0.003598 0.081601 0.032684
v -0.000964 0.081755 0.031806
v -0.000964 0.081755 0.031806
v -0.002427 0.081429 0.033311
v -0.002427 0.081429 0.033311
v -0.000355 0.084023 0.043022
v -0.001287 0.081803 0.034905
v 0.001175 0.081852 0.034641
v 0.001134 0.083164 0.031889
v -0.005405 0.081578 0.037154
v -0.005405 0.081578 0.037154
v -0.005582 0.081333 0.035965
v -0.005330 0.081816 0.038630
v -0.005330 0.081816 0.038630
v -0.006003 0.081494 0.038011
v -0.004428 0.081767 0.036352
v -0.004428 0.081767 0.036352
v -0.005601 0.081910 0.039666
v -0.005601 0.081910 0.039666
v -0.005529 0.081826 0.039414
v -0.005529 0.081826 0.039414
v -0.003065 0.082164 0.039108
v -0.005403 0.081979 0.039873
v -0.005403 0.081979 0.039873
v -0.005403 0.081979 0.039873
v -0.005469 0.081819 0.039386
v -0.005469 0.081819 0.039386
v -0.005469 0.081819 0.039386
v -0.005469 0.081819 0.039386
v -0.002808 0.081733 0.036174
v -0.002335 0.081869 0.035661
v 0.001600 0.082400 0.039189
v 0.001265 0.081795 0.032317
v 0.002584 0.081415 0.030987
v 0.004398 0.081737 0.032958
v 0.010831 0.082637 0.028645
v 0.007638 0.081075 0.031851
v 0.008390 0.082808 0.032342
v 0.005872 0.084439 0.051537
v 0.005886 0.081615 0.034292
v 0.008061 0.080797 0.032958
v 0.004496 0.081948 0.037133
v 0.008531 0.081174 0.034714
v 0.008131 0.081337 0.035942
v 0.009190 0.081776 0.038087
v 0.015454 0.081362 0.020449
v 0.012406 0.080103 0.022372
v 0.016144 0.079468 0.021078
v 0.010931 0.080718 0.023565
v 0.016043 0.081770 0.026970
v 0.016398 0.079999 0.028647
v 0.016689 0.079640 0.022644
v 0.021433 0.080229 0.022256
v 0.023034 0.078260 0.022075
v 0.021795 0.078144 0.020951
v 0.021669 0.078575 0.025366
v 0.011090 0.080816 0.031508
v 0.015111 0.081866 0.032266
v 0.012815 0.080597 0.032896
v 0.016677 0.079747 0.031538
v 0.009705 0.080844 0.036185
v 0.012927 0.080146 0.035055
v 0.012000 0.080804 0.036880
v 0.011307 0.080257 0.034869
v 0.010713 0.080571 0.034371
v 0.016405 0.079985 0.033019
v 0.022018 0.080561 0.030220
v 0.026489 0.078897 0.022929
v 0.021508 0.078944 0.029297
v 0.026054 0.077285 0.026010
v 0.021397 0.078873 0.031892
v 0.014637 0.079971 0.035461
v 0.018323 0.079536 0.034171
v 0.016644 0.079517 0.035207
v 0.020067 0.079474 0.035545
v 0.017996 0.079233 0.036675
v 0.024046 0.079801 0.031810
v 0.029123 0.078418 0.030903
v 0.025868 0.077636 0.031743
v 0.022660 0.080925 0.041558
v 0.022589 0.078904 0.035500
v 0.024893 0.078472 0.033997
v 0.028783 0.083445 0.020174
v 0.028783 0.083445 0.020174
v 0.025824 0.087293 0.026356
v 0.026306 0.088669 0.027106
v 0.027284 0.089091 0.027303
v 0.028821 0.088791 0.026666
v 0.030230 0.088554 0.027826
v 0.018926 0.079159 0.002320
v 0.020737 0.079277 0.002687
v 0.021479 0.078213 0.002258
v 0.024036 0.076240 0.004227
v 0.021873 0.071711 0.003658
v 0.022849 0.078401 0.002687
v 0.022582 0.078834 0.003133
v 0.024788 0.075297 0.002470
v 0.024391 0.077060 0.002609
v 0.024683 0.077700 0.003380
v 0.026279 0.075041 0.003727
v 0.026944 0.076425 0.002284
v 0.030286 0.071812 0.003707
v 0.022430 0.078880 0.007666
v 0.022409 0.079210 0.005914
v 0.024964 0.076255 0.005971
v 0.024964 0.076255 0.005971
v 0.024371 0.078210 0.005878
v 0.027670 0.077195 0.002660
v 0.026532 0.077856 0.004905
v 0.025331 0.078344 0.010663
v 0.026035 0.077863 0.007523
v 0.029444 0.068708 0.003645
v 0.030038 0.075794 0.002301
v 0.032145 0.073578 0.002489
v 0.030433 0.076361 0.003079
v 0.029648 0.076966 0.006849
v 0.030561 0.073887 0.003937
v 0.030367 0.074442 0.005619
v 0.030367 0.074442 0.005619
v 0.030660 0.074481 0.008474
v 0.031412 0.076072 0.004152
v 0.032842 0.075256 0.005977
v 0.032666 0.074734 0.002983
v 0.035776 0.071293 0.003894
v 0.035786 0.073462 0.002277
v 0.035798 0.074101 0.002990
v 0.033842 0.072721 0.004206
v 0.037295 0.071632 0.007455
v 0.034146 0.069133 0.003665
v 0.038521 0.064938 0.002779
v 0.036380 0.065097 0.003699
v 0.025858 0.076316 0.011439
v 0.025736 0.076590 0.012386
v 0.031383 0.074734 0.014715
v 0.031086 0.076545 0.014893
v 0.030388 0.076360 0.008106
v 0.034441 0.074752 0.007611
v 0.035000 0.074711 0.006200
v 0.040435 0.070464 0.012910
v 0.037683 0.073824 0.016446
v 0.042884 0.057022 0.003979
v 0.038554 0.072817 0.003143
v 0.038480 0.072086 0.002412
v 0.039128 0.072649 0.004426
v 0.037060 0.073835 0.007164
v 0.035777 0.066642 0.003823
v 0.043884 0.062809 0.003827
v 0.035793 0.071889 0.004598
v 0.039927 0.069807 0.002516
v 0.041173 0.069241 0.004397
v 0.044056 0.067969 0.006149
v 0.040702 0.070656 0.002772
v 0.040548 0.071072 0.003260
v 0.040896 0.071376 0.006272
v 0.043350 0.067430 0.003913
v 0.042294 0.070887 0.004132
v 0.043207 0.070193 0.002921
v 0.046677 0.065183 0.002594
v 0.043422 0.069139 0.002305
v 0.045502 0.068930 0.002721
v 0.044696 0.069755 0.007176
v 0.046698 0.068265 0.003982
v 0.048167 0.064792 0.004432
v 0.047654 0.065953 0.002651
v 0.047748 0.066625 0.003263
v 0.050335 0.065688 0.003195
v 0.050817 0.064809 0.002517
v 0.048126 0.066855 0.005327
v 0.051955 0.061225 0.003968
v 0.050786 0.063303 0.005647
v 0.038265 0.072930 0.008266
v 0.041196 0.071580 0.009764
v 0.043782 0.069916 0.008311
v 0.044956 0.067459 0.008634
v 0.044622 0.070240 0.018464
v 0.046936 0.067948 0.007791
v 0.049500 0.066132 0.007879
v 0.050385 0.065816 0.006393
v 0.050964 0.065050 0.008359
v 0.048125 0.065655 0.013257
v 0.044839 0.050874 0.004279
v 0.051807 0.064803 0.007339
v 0.050968 0.064020 0.018426
v 0.053000 0.061980 0.012059
v 0.050951 0.066015 0.018784
v 0.055605 0.062447 0.018793
v 0.025127 0.083327 0.017986
v 0.022744 0.082428 0.018652
v 0.023677 0.079509 0.020054
v 0.021424 0.084697 0.020263
v 0.023908 0.084006 0.021389
v 0.027113 0.084206 0.023366
v 0.031067 0.082250 0.020973
v 0.027264 0.082130 0.019741
v 0.028961 0.081791 0.020751
v 0.026608 0.076759 0.020618
v 0.032654 0.074633 0.020675
v 0.028680 0.076357 0.021850
v 0.031896 0.077123 0.025408
v 0.031017 0.075533 0.025192
v 0.034296 0.082074 0.023078
v 0.034296 0.082074 0.023078
v 0.033075 0.081037 0.022555
v 0.037691 0.072270 0.018426
v 0.035295 0.074037 0.026578
v 0.031551 0.085645 0.028891
v 0.029737 0.082985 0.023974
v 0.027700 0.087749 0.027794
v 0.029751 0.088146 0.028533
v 0.029402 0.087122 0.028484
v 0.033207 0.087387 0.028708
v 0.027730 0.077081 0.027398
v 0.029021 0.076809 0.032087
v 0.028136 0.078453 0.031996
v 0.031771 0.075825 0.032974
v 0.034857 0.075642 0.032346
v 0.036098 0.080698 0.023883
v 0.032560 0.082112 0.025431
v 0.038765 0.080686 0.025710
v 0.038765 0.080686 0.025710
v 0.036326 0.081142 0.027767
v 0.036861 0.082699 0.030356
v 0.039134 0.079623 0.025823
v 0.043413 0.078973 0.028661
v 0.036628 0.075387 0.028747
v 0.040527 0.071522 0.025560
v 0.043486 0.071685 0.026530
v 0.036423 0.073992 0.034030
v 0.035270 0.075987 0.030796
v 0.037069 0.074941 0.032229
v 0.037262 0.079733 0.025114
v 0.040252 0.073701 0.031055
v 0.040871 0.071810 0.033690
v 0.045743 0.067968 0.021067
v 0.040601 0.078959 0.026889
v 0.043578 0.078293 0.028664
v 0.041258 0.078426 0.027789
v 0.043176 0.077335 0.029258
v 0.055233 0.060320 0.015602
v 0.051648 0.064450 0.027188
v 0.054852 0.061225 0.020909
v 0.045879 0.068695 0.029413
v 0.045789 0.068681 0.032034
v 0.046251 0.070190 0.030521
v 0.049735 0.067838 0.027517
v 0.051771 0.066458 0.030681
v 0.050522 0.065512 0.032121
v 0.055361 0.063709 0.030682
v 0.056857 0.060239 0.026990
v 0.055380 0.061644 0.030748
v 0.009501 0.018805 0.004712
v 0.033065 0.025234 0.003833
v 0.032721 -0.011137 0.004333
v -0.003991 -0.001485 0.003289
v -0.001313 0.001969 0.003344
v 0.003137 -0.000853 0.004898
v -0.001913 -0.006752 0.003413
v -0.001405 -0.001033 0.002937
v -0.000625 -0.002192 0.002641
v -0.000275 -0.000393 0.003189
v 0.001226 -0.001413 0.003635
v 0.002854 0.002354 0.003484
v -0.002018 -0.003090 0.003243
v -0.000223 -0.004593 0.003203
v 0.000440 -0.002934 0.003036
v 0.002621 -0.003598 0.003498
v 0.013182 -0.011339 0.005045
v 0.011055 -0.035478 0.005211
v 0.034857 0.035772 0.005021
v 0.031903 0.018492 0.005154
v 0.050983 0.030367 0.004785
v 0.053156 0.038538 0.004487
v 0.043643 0.011884 0.005326
v 0.056296 0.018620 0.004950
v 0.033333 -0.015363 0.005477
v 0.052528 0.009037 0.004105
v 0.049049 -0.014955 0.005478
v 0.057654 -0.003245 0.005231
v 0.052126 -0.022760 0.004236
v 0.054791 0.041466 0.004198
v 0.055541 0.044184 0.004313
v 0.052144 0.062627 0.002395
v 0.053042 0.063584 0.002852
v 0.054201 0.060308 0.002560
v 0.054061 0.061840 0.003011
v 0.053966 0.060192 0.004452
v 0.053691 0.063207 0.005637
v 0.054869 0.061510 0.004312
v 0.056078 0.053969 0.003870
v 0.058328 0.055674 0.004080
v 0.054929 0.060872 0.002923
v 0.056945 0.060181 0.002774
v 0.056475 0.060766 0.004411
v 0.055715 0.061091 0.006866
v 0.057620 0.058232 0.002296
v 0.059124 0.057788 0.002587
v 0.059828 0.053855 0.002677
v 0.058686 0.056373 0.005237
v 0.056970 0.058112 0.006094
v 0.060841 0.043462 0.004022
v 0.057413 0.047841 0.004111
v 0.059778 0.057587 0.003469
v 0.060586 0.054915 0.002714
v 0.061015 0.055445 0.003426
v 0.059514 0.058141 0.006630
v 0.061294 0.055623 0.005485
v 0.063354 0.052334 0.002312
v 0.062613 0.053981 0.002569
v 0.062723 0.051908 0.004712
v 0.062895 0.054332 0.003539
v 0.058408 0.056812 0.009837
v 0.064479 0.050041 0.005554
v 0.065547 0.041649 0.003866
v 0.067446 0.044834 0.003982
v 0.064942 0.051578 0.002499
v 0.065593 0.051150 0.003292
v 0.064031 0.053401 0.006958
v 0.065048 0.047369 0.002772
v 0.065750 0.049214 0.002750
v 0.066490 0.048935 0.003281
v 0.067015 0.048924 0.005473
v 0.065395 0.051827 0.006818
v 0.068250 0.044587 0.004472
v 0.053702 0.062914 0.007850
v 0.053553 0.061149 0.008539
v 0.058084 0.059540 0.006961
v 0.058052 0.059243 0.008528
v 0.058939 0.056628 0.011397
v 0.059677 0.057704 0.008922
v 0.060260 0.055465 0.013363
v 0.062668 0.054394 0.007544
v 0.063157 0.051307 0.009992
v 0.063021 0.052297 0.011240
v 0.064791 0.050204 0.010861
v 0.065229 0.051595 0.008634
v 0.064506 0.049753 0.009523
v 0.068479 0.047331 0.007932
v 0.064807 0.053174 0.017734
v 0.063352 0.051764 0.014363
v 0.061784 0.053508 0.016225
v 0.068092 0.047063 0.002553
v 0.068448 0.047504 0.003409
v 0.059600 0.056244 0.016340
v 0.061221 0.058477 0.030814
v 0.059255 0.057106 0.019154
v 0.062971 0.053105 0.017744
v 0.062778 0.053348 0.020451
v 0.058803 0.057829 0.023396
v 0.061390 0.055011 0.023160
v 0.063342 0.052347 0.022846
v 0.063209 0.051367 0.016194
v 0.064717 0.050666 0.017194
v 0.061720 0.055209 0.024342
v 0.061224 0.056038 0.029703
v 0.064396 0.052383 0.024202
v 0.060557 0.059131 0.030867
v 0.060226 0.057336 0.032044
v 0.066948 0.052215 0.030215
v 0.060536 0.027509 0.004457
v 0.065700 0.030600 0.004255
v 0.066207 0.020627 0.004469
v 0.074987 0.022743 0.003049
v 0.078427 0.012675 0.003030
v 0.070898 0.035406 0.002942
v 0.068882 0.021633 0.004234
v 0.071507 0.019567 0.004284
v 0.071661 0.024269 0.004098
v 0.069533 0.029794 0.004038
v 0.078046 0.025465 0.002739
v 0.078791 0.019648 0.002735
v 0.080019 0.021320 0.002026
v 0.080577 0.022231 0.002097
v 0.080577 0.022231 0.002097
v 0.079664 0.024671 0.002710
v 0.075754 0.020288 0.003967
v 0.078743 0.021589 0.003958
v 0.079958 0.016012 0.003977
v 0.080388 0.019101 0.002327
v 0.080388 0.019101 0.002327
v 0.081256 0.018371 0.003155
v 0.081137 0.017283 0.002452
v 0.081137 0.017283 0.002452
v 0.079326 0.021225 0.004578
v 0.080373 0.016618 0.004317
v 0.081445 0.015281 0.002188
v 0.081445 0.015281 0.002188
v 0.080958 0.010347 0.003905
v 0.081477 0.011875 0.004530
v 0.059008 -0.027705 0.005000
v 0.066534 -0.003297 0.003754
v 0.063360 -0.011202 0.005003
v 0.070590 0.002275 0.004596
v 0.073669 -0.005849 0.004298
v 0.073514 0.002116 0.004376
v 0.066586 0.004936 0.003653
v 0.077883 -0.003316 0.004062
v 0.081841 0.004942 0.003965
v 0.080711 0.002073 0.002921
v 0.080711 0.002073 0.002921
v 0.075668 -0.005510 0.004380
v 0.080622 -0.003405 0.003983
v 0.079665 -0.009437 0.002917
v 0.079665 -0.009437 0.002917
v 0.071672 -0.023794 0.003403
v 0.071672 -0.023794 0.003403
v 0.066505 -0.022451 0.004714
v 0.073226 -0.022224 0.004331
v 0.075719 -0.012413 0.004433
v 0.077379 -0.018668 0.004138
v 0.081617 -0.009001 0.004154
v 0.080005 -0.016905 0.002799
v 0.075167 -0.031186 0.002983
v 0.081481 0.020292 0.003758
v 0.082747 0.015241 0.003249
v 0.082662 0.013563 0.002464
v 0.081938 0.016867 0.003554
v 0.081631 0.018040 0.005013
v 0.083368 0.011999 0.003370
v 0.083274 -0.002826 0.002178
v 0.082170 0.009918 0.002386
v 0.082170 0.009918 0.002386
v 0.082697 0.006604 0.002261
v 0.082788 0.008233 0.002421
v 0.082989 0.003605 0.002163
v 0.084037 0.006558 0.002869
v 0.084074 0.004109 0.002706
v 0.082909 0.011794 0.002598
v 0.082609 0.010077 0.002619
v 0.083278 0.008687 0.003606
v 0.083145 0.009896 0.004088
v 0.083464 0.012799 0.006603
v 0.083370 0.010951 0.007274
v 0.082299 0.005116 0.004334
v 0.082621 0.005823 0.006153
v 0.083650 0.008724 0.006659
v 0.084408 0.003015 0.004518
v 0.084266 0.007000 0.006342
v 0.081511 0.013755 0.006160
v 0.082365 0.008970 0.008909
v 0.084498 0.005209 0.007140
v 0.081676 0.002488 0.003965
v 0.081749 0.000046 0.003818
v 0.082814 0.000638 0.002439
v 0.083332 0.000825 0.002820
v 0.083811 0.001077 0.003818
v 0.081981 -0.004000 0.004262
v 0.084247 -0.001429 0.003014
v 0.084167 -0.004379 0.002763
v 0.082431 0.002356 0.004491
v 0.082586 -0.002905 0.004869
v 0.082844 0.001864 0.006480
v 0.084025 0.000622 0.005425
v 0.084637 -0.001489 0.005694
v 0.082962 0.004874 0.010890
v 0.084262 0.003289 0.007924
v 0.084169 0.005316 0.008471
v 0.082747 -0.003333 0.007808
v 0.084308 -0.000655 0.007277
v 0.084685 -0.003221 0.007202
v 0.083070 -0.000445 0.010234
v 0.082770 -0.008092 0.002387
v 0.083577 -0.007537 0.003711
v 0.084278 -0.005350 0.003491
v 0.082408 -0.010589 0.002288
v 0.083351 -0.012284 0.002606
v 0.082422 -0.012867 0.002025
v 0.083769 -0.010248 0.003046
v 0.083445 -0.013759 0.003351
v 0.081202 -0.019554 0.002187
v 0.081625 -0.016711 0.002278
v 0.082092 -0.019562 0.002725
v 0.080741 -0.016877 0.004201
v 0.082046 -0.009677 0.004320
v 0.082035 -0.014784 0.002172
v 0.082479 -0.016172 0.003736
v 0.082244 -0.010696 0.005563
v 0.081657 -0.014870 0.005986
v 0.082749 -0.016417 0.005618
v 0.083656 -0.014196 0.006430
v 0.078774 -0.022949 0.004079
v 0.079945 -0.021395 0.004435
v 0.082540 -0.019028 0.004016
v 0.082654 -0.019930 0.007297
v 0.082645 -0.018635 0.008148
v 0.081204 -0.004871 0.004192
v 0.081770 -0.006301 0.004637
v 0.081985 -0.004654 0.006128
v 0.082361 -0.008303 0.005841
v 0.084077 -0.007023 0.006855
v 0.082290 -0.004695 0.010479
v 0.082078 -0.006874 0.006035
v 0.082100 -0.006322 0.009547
v 0.084235 -0.010196 0.006336
v 0.083946 -0.008809 0.006798
v 0.083721 -0.012826 0.008834
v 0.084396 -0.003283 0.008575
v 0.082133 -0.006552 0.011747
v 0.083319 -0.002932 0.012070
v 0.082598 -0.004775 0.011488
v 0.082486 -0.008247 0.010416
v 0.082517 -0.010828 0.010161
v 0.082927 -0.008050 0.011615
v 0.082866 -0.010815 0.011598
v 0.082890 -0.011096 0.015093
v 0.081888 -0.012788 0.008813
v 0.082020 -0.015124 0.009926
v 0.080521 -0.021603 0.008973
v 0.081730 -0.017825 0.013119
v 0.082354 -0.015630 0.015619
v 0.085951 -0.007901 0.024162
v 0.064779 0.037183 0.004010
v 0.066680 0.035930 0.004248
v 0.066596 0.047066 0.008083
v 0.065991 0.047471 0.009772
v 0.067422 0.046311 0.010239
v 0.066677 0.047837 0.010675
v 0.066494 0.047810 0.012740
v 0.070133 0.042939 0.015135
v 0.064892 0.050161 0.015636
v 0.068085 0.046389 0.017334
v 0.068793 0.045442 0.002339
v 0.070047 0.042110 0.002626
v 0.070857 0.040679 0.002689
v 0.070307 0.044250 0.002621
v 0.071411 0.041613 0.003067
v 0.072775 0.038668 0.002368
v 0.072949 0.039813 0.002549
v 0.070080 0.045094 0.003071
v 0.069598 0.046380 0.007079
v 0.068454 0.044487 0.007765
v 0.070300 0.041762 0.005663
v 0.071103 0.043969 0.006120
v 0.071555 0.039292 0.004378
v 0.071227 0.039980 0.008611
v 0.071114 0.043500 0.004003
v 0.071696 0.041733 0.003607
v 0.071774 0.042051 0.005833
v 0.073232 0.040226 0.003948
v 0.074462 0.038059 0.003161
v 0.070517 0.044420 0.008363
v 0.073081 0.040260 0.008046
v 0.073953 0.039409 0.006438
v 0.072109 0.031408 0.003942
v 0.073664 0.034092 0.003960
v 0.074310 0.034945 0.002574
v 0.074564 0.037082 0.002509
v 0.074586 0.033430 0.004379
v 0.072327 0.038461 0.005092
v 0.075151 0.037292 0.007193
v 0.075878 0.031379 0.005830
v 0.073366 0.036709 0.008063
v 0.075146 0.036555 0.008242
v 0.075619 0.034448 0.003216
v 0.075588 0.035847 0.003992
v 0.076004 0.034139 0.004937
v 0.074863 0.031709 0.002693
v 0.075701 0.033498 0.002814
v 0.076888 0.030844 0.002247
v 0.077163 0.031933 0.002655
v 0.077276 0.032316 0.003160
v 0.076384 0.033366 0.003565
v 0.077714 0.031958 0.006560
v 0.078847 0.029098 0.007005
v 0.076234 0.031450 0.011929
v 0.077352 0.032056 0.008230
v 0.069452 0.043397 0.010541
v 0.070261 0.046343 0.018455
v 0.071259 0.040876 0.012126
v 0.071261 0.041009 0.010162
v 0.069830 0.043821 0.017380
v 0.070972 0.042306 0.016217
v 0.073286 0.037427 0.010068
v 0.074320 0.036170 0.015073
v 0.072599 0.039667 0.016354
v 0.074553 0.039754 0.020168
v 0.077109 0.034457 0.017422
v 0.076353 0.028144 0.004008
v 0.077082 0.027549 0.004359
v 0.078964 0.023746 0.006561
v 0.078257 0.029114 0.002506
v 0.078729 0.026438 0.003002
v 0.079017 0.028414 0.003774
v 0.079090 0.026144 0.003410
v 0.079171 0.026994 0.006580
v 0.080845 0.023190 0.003196
v 0.080845 0.023190 0.003196
v 0.080662 0.024315 0.005823
v 0.080662 0.024315 0.005823
v 0.079871 0.025291 0.006634
v 0.079871 0.025291 0.006634
v 0.081360 0.022436 0.007008
v 0.077735 0.026885 0.008803
v 0.078212 0.030011 0.008454
v 0.079909 0.028886 0.020698
v 0.079909 0.028886 0.020698
v 0.080862 0.022674 0.008506
v 0.079908 0.020500 0.008893
v 0.081518 0.019887 0.007691
v 0.082355 0.016486 0.007424
v 0.081414 0.014220 0.008544
v 0.081832 0.015642 0.015413
v 0.078785 0.024645 0.011356
v 0.079926 0.022252 0.014099
v 0.077990 0.027860 0.014206
v 0.077505 0.030818 0.021160
v 0.080082 0.023600 0.020243
v 0.081964 0.022956 0.020837
v 0.083700 0.016222 0.020374
v 0.066134 0.049226 0.017278
v 0.066278 0.049192 0.021855
v 0.069676 0.048333 0.026265
v 0.068549 0.046274 0.021384
v 0.071326 0.042196 0.020862
v 0.065315 0.050379 0.020399
v 0.063464 0.052318 0.021524
v 0.064804 0.051226 0.022428
v 0.067429 0.048464 0.023436
v 0.070270 0.044684 0.023749
v 0.067401 0.048886 0.028154
v 0.066079 0.050992 0.030029
v 0.062393 0.055108 0.031383
v 0.063500 0.053714 0.032468
v 0.065122 0.051990 0.033804
v 0.063888 0.053085 0.033996
v 0.067760 0.048841 0.034139
v 0.068604 0.047752 0.032495
v 0.067419 0.051295 0.032461
v 0.070498 0.045137 0.029312
v 0.072118 0.045240 0.032776
v 0.072118 0.045240 0.032776
v 0.072892 0.040860 0.026806
v 0.071419 0.043907 0.032936
v 0.072779 0.044468 0.031026
v 0.072779 0.044468 0.031026
v 0.074047 0.039691 0.032052
v 0.073902 0.037813 0.020322
v 0.077655 0.035856 0.027942
v 0.077655 0.035856 0.027942
v 0.074685 0.041213 0.027909
v 0.074685 0.041213 0.027909
v 0.074484 0.037508 0.022686
v 0.073733 0.040073 0.028914
v 0.077236 0.037098 0.031111
v 0.076012 0.039009 0.032180
v 0.078379 0.030592 0.027453
v 0.081566 0.022524 0.029615
v 0.082467 0.016795 0.024230
v 0.076210 0.035574 0.028869
v 0.080082 0.031170 0.031019
v 0.077571 0.033033 0.031792
v 0.077177 0.034829 0.035306
v 0.075933 0.037773 0.038756
v 0.079217 0.032730 0.032238
v 0.079801 0.029188 0.035518
v 0.079735 0.028140 0.032054
v 0.081278 0.027774 0.032075
v 0.080823 0.032666 0.045988
v 0.081689 0.023107 0.035817
v 0.082538 0.024897 0.031029
v 0.083594 0.020952 0.030974
v 0.082264 0.023986 0.032331
v 0.082862 0.027769 0.045691
v 0.082979 0.013980 0.008566
v 0.084724 0.009075 0.017082
v 0.083550 0.008823 0.020482
v 0.084269 0.002449 0.020744
v 0.083654 0.002103 0.014944
v 0.083832 -0.003672 0.018650
v 0.082968 -0.004534 0.017380
v 0.083321 -0.004906 0.020589
v 0.083112 -0.006816 0.018738
v 0.083112 -0.006816 0.018738
v 0.083511 -0.006352 0.020575
v 0.083511 -0.006352 0.020575
v 0.082868 -0.015644 0.020249
v 0.081711 -0.017812 0.015969
v 0.083568 -0.009702 0.018157
v 0.083778 -0.008556 0.020434
v 0.083678 -0.011486 0.022216
v 0.084170 -0.002928 0.019498
v 0.083627 -0.004879 0.023682
v 0.083627 -0.004879 0.023682
v 0.084549 -0.002342 0.023822
v 0.084176 -0.003954 0.024369
v 0.083632 -0.004801 0.024469
v 0.085142 0.001773 0.028801
v 0.085083 -0.003742 0.026763
v 0.084794 -0.004316 0.025782
v 0.085256 -0.004412 0.030726
v 0.083182 -0.007378 0.022382
v 0.083900 -0.008456 0.022591
v 0.083384 -0.006580 0.024985
v 0.083808 -0.005633 0.025395
v 0.083808 -0.005633 0.025395
v 0.084567 -0.007453 0.026025
v 0.084534 -0.008586 0.024932
v 0.084124 -0.012465 0.025492
v 0.084344 -0.005945 0.026269
v 0.084344 -0.005945 0.026269
v 0.084858 -0.007712 0.027996
v 0.084812 -0.006496 0.027324
v 0.084812 -0.006496 0.027324
v 0.084761 -0.009746 0.030828
v 0.084821 -0.006737 0.030570
v 0.084821 -0.006737 0.030570
v 0.084238 -0.012121 0.031383
v 0.085188 0.014508 0.030632
v 0.083322 0.015662 0.029596
v 0.084233 0.010641 0.029007
v 0.086468 0.005727 0.030241
v 0.085034 0.006453 0.031616
v 0.084302 0.011305 0.032806
v 0.086116 0.007687 0.032221
v 0.083241 0.020098 0.032092
v 0.084122 0.018131 0.032159
v 0.083031 0.018693 0.034547
v 0.082920 0.015992 0.032383
v 0.083917 0.014315 0.035521
v 0.083474 0.016317 0.035539
v 0.084945 0.014655 0.032264
v 0.085570 0.018709 0.045098
v 0.084073 0.016891 0.039007
v 0.084219 0.014942 0.037752
v 0.083636 0.012574 0.034208
v 0.084738 0.010160 0.037125
v 0.084670 0.007642 0.036475
v 0.086714 0.014066 0.046044
v 0.085129 0.007685 0.034830
v 0.084849 0.006921 0.035669
v 0.085498 0.008148 0.038866
v 0.084487 0.014012 0.036737
v 0.084604 0.012244 0.037298
v 0.084897 0.013268 0.039034
v 0.084948 0.011009 0.037992
v 0.085270 0.010691 0.040117
v 0.085525 0.009421 0.039325
v 0.085255 0.010205 0.037686
v 0.087264 0.008772 0.043828
v 0.087773 0.003887 0.043947
v 0.086138 0.006437 0.041461
v 0.085007 0.014961 0.042055
v 0.085440 0.001782 0.033900
v 0.085636 -0.001117 0.033595
v 0.086714 -0.000347 0.032172
v 0.086849 -0.003090 0.029781
v 0.085921 -0.000937 0.037954
v 0.088198 -0.002010 0.047063
v 0.086475 -0.008044 0.032413
v 0.084983 -0.008020 0.033009
v 0.084983 -0.008020 0.033009
v 0.086345 -0.010614 0.030740
v 0.085714 -0.011966 0.032492
v 0.087882 -0.010225 0.049449
v 0.085186 -0.006699 0.037277
v 0.085621 -0.006035 0.038277
v 0.084973 -0.009910 0.037692
v 0.084973 -0.009910 0.037692
v 0.085482 0.005173 0.035202
v 0.085421 0.006597 0.035793
v 0.085421 0.006597 0.035793
v 0.085138 0.006136 0.036058
v 0.085138 0.006136 0.036058
v 0.085674 0.003667 0.037307
v 0.085248 0.004726 0.037606
v 0.085864 0.004140 0.039327
v 0.085865 0.002064 0.038398
v 0.086512 0.001097 0.042308
v 0.086267 0.001051 0.039846
v 0.087051 0.000393 0.044905
v 0.086189 -0.001472 0.040239
v 0.086127 -0.005894 0.039638
v 0.086596 -0.004067 0.041796
v 0.085658 -0.007719 0.039261
v 0.085983 -0.009348 0.042655
v 0.085983 -0.009348 0.042655
v 0.086425 -0.000755 0.042375
v 0.086439 -0.011094 0.045540
v 0.086439 -0.011094 0.045540
v 0.082947 0.015605 0.006536
v 0.085647 0.001399 0.019569
v 0.082529 -0.004939 0.013091
v 0.083583 -0.002626 0.016257
v 0.082723 -0.007279 0.013760
v 0.082562 -0.009789 0.016246
v 0.083121 -0.010688 0.016860
v 0.083426 -0.011381 0.017706
v 0.084976 -0.014159 0.022380
v -0.011018 0.082379 0.010421
v 0.009102 0.083764 0.014144
v 0.009102 0.083764 0.014144
v 0.009102 0.083764 0.014144
v 0.011545 0.084037 0.014973
v 0.011545 0.084037 0.014973
v 0.010222 0.083235 0.014202
v 0.010222 0.083235 0.014202
v 0.010222 0.083235 0.014202
v 0.010222 0.083235 0.014202
v 0.010222 0.083235 0.014202
v 0.010222 0.083235 0.014202
v 0.009897 0.082918 0.014294
v 0.009897 0.082918 0.014294
v 0.010165 0.082519 0.014265
v 0.011944 0.083332 0.014555
v 0.018474 0.082772 0.017110
v -0.004703 0.080704 0.034864
v -0.002725 0.081149 0.033961
v -0.002725 0.081149 0.033961
v -0.003378 0.080976 0.035518
v -0.003378 0.080976 0.035518
v -0.005458 0.081898 0.039633
v -0.005458 0.081898 0.039633
v 0.009835 0.080505 0.033518
v 0.019565 0.084168 0.018735
v 0.019066 0.082917 0.017828
v 0.020397 0.082596 0.017837
v 0.021329 0.082405 0.018684
v 0.021938 0.082499 0.019312
v 0.013588 0.080626 0.036688
v 0.015060 0.079578 0.035893
v 0.023949 0.081598 0.019779
v 0.024860 0.082688 0.018919
v 0.024334 0.081769 0.020959
v 0.026304 0.082050 0.021965
v 0.025552 0.081464 0.020487
v 0.026454 0.081585 0.021172
v 0.028007 0.081417 0.021755
v 0.028780 0.081301 0.022748
v 0.030138 0.080877 0.022743
v 0.030917 0.080855 0.024104
v 0.031843 0.080424 0.023989
v 0.034177 0.079958 0.024703
v 0.033303 0.080245 0.024930
v 0.033209 0.080761 0.025366
v 0.034653 0.079605 0.026021
v 0.035943 0.079664 0.026820
v 0.036578 0.079306 0.026395
v 0.037434 0.079323 0.027571
v 0.038720 0.078786 0.026790
v 0.039891 0.078243 0.028407
v 0.039204 0.078830 0.028836
v 0.041262 0.077931 0.030321
v 0.042000 0.077358 0.030050
v 0.082594 -0.006310 0.015742
v 0.082149 -0.007608 0.015598
v 0.081972 -0.007504 0.017484
v 0.082890 -0.006388 0.017964
v -0.004502 -0.042743 0.004990
v -0.002193 -0.055188 0.004830
v 0.019809 -0.034175 0.004191
v 0.020426 -0.057661 0.003869
v 0.016187 -0.054250 0.005067
v 0.008796 -0.048973 0.005084
v -0.015218 -0.067642 0.003935
v -0.011442 -0.063224 0.004230
v -0.020000 -0.074567 0.003593
v -0.015060 -0.076210 0.003691
v -0.012495 -0.079839 0.002592
v -0.006897 -0.073699 0.004046
v -0.005584 -0.079834 0.002715
v -0.007943 -0.071418 0.003932
v -0.021485 -0.079491 0.002274
v -0.022120 -0.080492 0.002601
v -0.021966 -0.080819 0.003144
v -0.019768 -0.081456 0.002101
v -0.017236 -0.081300 0.001944
v -0.019417 -0.081994 0.002614
v -0.016461 -0.082306 0.002186
v -0.020028 -0.079994 0.003881
v -0.021274 -0.077930 0.003297
v -0.021810 -0.080971 0.005254
v -0.020546 -0.081780 0.004654
v -0.020056 -0.081660 0.007422
v -0.019260 -0.079154 0.003392
v -0.010536 -0.079022 0.003626
v -0.016568 -0.080162 0.003580
v -0.011458 -0.081987 0.004283
v -0.015754 -0.082905 0.003574
v -0.017258 -0.082798 0.006650
v -0.019103 -0.082377 0.006161
v -0.017908 -0.082256 0.008046
v -0.016639 -0.081125 0.004913
v -0.017130 -0.080959 0.007117
v -0.015666 -0.080938 0.008704
v -0.011586 -0.082186 0.006551
v -0.014646 -0.082871 0.006890
v -0.011438 -0.084184 0.017116
v -0.013338 -0.081285 0.002410
v -0.013639 -0.082399 0.002751
v -0.013557 -0.082746 0.003247
v -0.013250 -0.083024 0.005185
v -0.005460 -0.082159 0.003834
v -0.002716 -0.077974 0.003860
v -0.010422 -0.082311 0.002003
v -0.011127 -0.083388 0.002274
v -0.011877 -0.083485 0.003180
v -0.008277 -0.083109 0.002074
v -0.012919 -0.081154 0.009937
v -0.002714 -0.076275 0.003891
v -0.005661 -0.082785 0.005182
v -0.008117 -0.084059 0.002798
v -0.011055 -0.083907 0.005602
v -0.011322 -0.083486 0.007648
v -0.008477 -0.084324 0.006955
v -0.006817 -0.082609 0.007963
v -0.006634 -0.084265 0.003929
v -0.009726 -0.081809 0.008400
v -0.006233 -0.082357 0.011248
v -0.006903 -0.084069 0.007908
v 0.002601 -0.071190 0.004286
v 0.011121 -0.077893 0.003017
v -0.005057 -0.083667 0.003000
v -0.005006 -0.082649 0.002534
v -0.000648 -0.083654 0.002164
v -0.002286 -0.084193 0.002369
v -0.002884 -0.082856 0.004430
v -0.003575 -0.084227 0.003063
v -0.002279 -0.084580 0.003270
v 0.000794 -0.084363 0.002622
v -0.004942 -0.084027 0.004765
v -0.002398 -0.084660 0.006047
v -0.002561 -0.084402 0.008028
v -0.001154 -0.083213 0.006457
v 0.001479 -0.082997 0.004489
v 0.001791 -0.084688 0.004068
v 0.000342 -0.084873 0.006817
v -0.002835 -0.082676 0.009128
v 0.002821 -0.082343 0.002551
v 0.003222 -0.083421 0.002615
v 0.005225 -0.083396 0.002446
v 0.004791 -0.082070 0.003880
v 0.014892 -0.073873 0.004236
v 0.004511 -0.082777 0.004453
v 0.009321 -0.082423 0.004285
v 0.008449 -0.083225 0.002398
v 0.013387 -0.081262 0.004045
v 0.003072 -0.084106 0.003382
v 0.004219 -0.083945 0.003110
v 0.004285 -0.084152 0.004217
v 0.004150 -0.083121 0.006609
v 0.003938 -0.084221 0.005724
v 0.006288 -0.084285 0.002777
v 0.006124 -0.084614 0.004577
v 0.008668 -0.084228 0.002766
v 0.010509 -0.084229 0.005726
v 0.010167 -0.084220 0.003898
v -0.004375 -0.063409 0.004476
v 0.011046 -0.061751 0.004738
v -0.004830 -0.082322 0.009350
v -0.003519 -0.085031 0.017928
v 0.000402 -0.082694 0.012489
v -0.001893 -0.082541 0.013844
v -0.001108 -0.082532 0.009462
v 0.001402 -0.082644 0.009599
v -0.000776 -0.082827 0.008467
v 0.001571 -0.084484 0.008281
v -0.001731 -0.082901 0.018264
v 0.001602 -0.082948 0.016721
v 0.005925 -0.084314 0.007760
v 0.003877 -0.082760 0.008314
v 0.007407 -0.082867 0.007558
v 0.005277 -0.082541 0.008614
v 0.007993 -0.082983 0.006345
v 0.012343 -0.082219 0.004801
v 0.008663 -0.084532 0.007238
v 0.007416 -0.082532 0.008565
v 0.009599 -0.084067 0.008516
v 0.007158 -0.085781 0.030628
v 0.010523 -0.083151 0.020578
v -0.000543 -0.086008 0.030511
v 0.002831 -0.083061 0.021751
v 0.006881 -0.083308 0.023464
v 0.014326 -0.083424 0.008070
v 0.012395 -0.085264 0.030555
v 0.026660 -0.043440 0.005323
v 0.037701 -0.043081 0.004147
v 0.027641 -0.055318 0.004996
v 0.034554 -0.048398 0.005123
v 0.034661 -0.055571 0.004880
v 0.011703 -0.082046 0.002618
v 0.017124 -0.082096 0.002464
v 0.013857 -0.082835 0.002634
v 0.011845 -0.082954 0.002792
v 0.016957 -0.083161 0.002937
v 0.011775 -0.083496 0.003837
v 0.013215 -0.083256 0.003345
v 0.014785 -0.083576 0.003276
v 0.020410 -0.063141 0.004775
v 0.022949 -0.067929 0.004479
v 0.030672 -0.071891 0.003258
v 0.019611 -0.075519 0.004140
v 0.029223 -0.071768 0.004340
v 0.025910 -0.062752 0.004659
v 0.025317 -0.066068 0.004643
v 0.016067 -0.081540 0.004478
v 0.024950 -0.078951 0.004124
v 0.020340 -0.080370 0.004398
v 0.013157 -0.082282 0.006986
v 0.012515 -0.083479 0.005822
v 0.019263 -0.082768 0.006000
v 0.015730 -0.083599 0.006502
v 0.017540 -0.081573 0.006912
v 0.017329 -0.083337 0.007371
v 0.016797 -0.081719 0.016719
v 0.015011 -0.081293 0.008825
v 0.019062 -0.081099 0.008895
v 0.017101 -0.082988 0.008782
v 0.017559 -0.080998 0.010248
v 0.020817 -0.080630 0.002649
v 0.020246 -0.081551 0.002962
v 0.019182 -0.082673 0.004408
v 0.021040 -0.081746 0.004427
v 0.021566 -0.081403 0.003117
v 0.024025 -0.077217 0.002900
v 0.025147 -0.079791 0.002170
v 0.023801 -0.081429 0.002923
v 0.023257 -0.081755 0.004336
v 0.024858 -0.078496 0.002426
v 0.025689 -0.078665 0.001917
v 0.026031 -0.081009 0.003399
v 0.021748 -0.080491 0.005785
v 0.020546 -0.080667 0.009069
v 0.025415 -0.075587 0.004153
v 0.023925 -0.074179 0.004433
v 0.022317 -0.081713 0.007523
v 0.025375 -0.079164 0.004526
v 0.025762 -0.079399 0.006503
v 0.026080 -0.081234 0.007398
v 0.025255 -0.079470 0.009033
v 0.019679 -0.082344 0.007697
v 0.025897 -0.080895 0.008629
v 0.019009 -0.081487 0.014523
v 0.017856 -0.082808 0.027864
v 0.021052 -0.080800 0.016318
v 0.018897 -0.083572 0.022158
v 0.022699 -0.080390 0.010840
v 0.024713 -0.079894 0.012222
v 0.021117 -0.080358 0.011851
v 0.025919 -0.081584 0.018113
v 0.023909 -0.080282 0.014871
v 0.021024 -0.081654 0.023849
v 0.025099 -0.080063 0.018559
v 0.026075 -0.079885 0.017368
v 0.032104 -0.080445 0.029433
v 0.029234 -0.078551 0.014912
v 0.034707 -0.063905 0.004568
v 0.041868 -0.054908 0.004742
v 0.043667 -0.063073 0.004337
v 0.039764 -0.069498 0.004093
v 0.034543 -0.073361 0.004272
v 0.043477 -0.067965 0.003162
v 0.043477 -0.067965 0.003162
v 0.040798 -0.065977 0.004437
v 0.034727 -0.074424 0.002895
v 0.039104 -0.073347 0.002509
v 0.039104 -0.073347 0.002509
v 0.044369 -0.070397 0.002590
v 0.039462 -0.073906 0.001778
v 0.039462 -0.073906 0.001778
v 0.041309 -0.072985 0.001731
v 0.040257 -0.073807 0.002002
v 0.043933 -0.071454 0.002115
v 0.042319 -0.072711 0.001879
v 0.042373 -0.072768 0.002390
v 0.046247 -0.065876 0.004260
v 0.040120 -0.072291 0.004173
v 0.043895 -0.069840 0.004171
v 0.039634 -0.073114 0.004624
v 0.042050 -0.071652 0.004407
v 0.040876 -0.072713 0.005994
v 0.029907 -0.077319 0.002669
v 0.028693 -0.078290 0.001920
v 0.028240 -0.079071 0.002403
v 0.031117 -0.078043 0.001427
v 0.032380 -0.077650 0.001159
v 0.027454 -0.080515 0.004509
v 0.028998 -0.079365 0.003798
v 0.028448 -0.080002 0.007238
v 0.029736 -0.077988 0.007293
v 0.031476 -0.076888 0.004542
v 0.030266 -0.079377 0.007080
v 0.032181 -0.077820 0.002274
v 0.032776 -0.077808 0.001311
v 0.033518 -0.077003 0.001661
v 0.033518 -0.077003 0.001661
v 0.033422 -0.077335 0.001453
v 0.033422 -0.077335 0.001453
v 0.033354 -0.077348 0.001420
v 0.033354 -0.077348 0.001420
v 0.033624 -0.077172 0.001899
v 0.033624 -0.077172 0.001899
v 0.034208 -0.075529 0.004139
v 0.032014 -0.078778 0.003410
v 0.034579 -0.077605 0.003381
v 0.031712 -0.079135 0.005452
v 0.035453 -0.077554 0.005757
v 0.034026 -0.076964 0.001722
v 0.034026 -0.076964 0.001722
v 0.034026 -0.076964 0.001722
v 0.034029 -0.076691 0.001781
v 0.034029 -0.076691 0.001781
v 0.034029 -0.076691 0.001781
v 0.034245 -0.076849 0.002239
v 0.034245 -0.076849 0.002239
v 0.034887 -0.076667 0.001745
v 0.036726 -0.075406 0.002093
v 0.036726 -0.075406 0.002093
v 0.036726 -0.075406 0.002093
v 0.034866 -0.076459 0.001691
v 0.034866 -0.076459 0.001691
v 0.035832 -0.076193 0.001931
v 0.035832 -0.076193 0.001931
v 0.037104 -0.075515 0.003027
v 0.036976 -0.076141 0.004547
v 0.037394 -0.075395 0.002116
v 0.030471 -0.077753 0.010601
v 0.034044 -0.076077 0.008719
v 0.033869 -0.076201 0.005988
v 0.032882 -0.078802 0.007425
v 0.032864 -0.078480 0.008806
v 0.036189 -0.076930 0.007643
v 0.031916 -0.077476 0.013481
v 0.032831 -0.077039 0.014822
v 0.035899 -0.075650 0.011004
v 0.038632 -0.077469 0.028390
v 0.035887 -0.077451 0.012688
v 0.036451 -0.074396 0.004138
v 0.039048 -0.075579 0.008273
v 0.040087 -0.074983 0.003337
v 0.039728 -0.075564 0.006438
v 0.042752 -0.073653 0.003823
v 0.039087 -0.073830 0.010812
v 0.040663 -0.072772 0.008684
v 0.038449 -0.074448 0.013289
v 0.042493 -0.073965 0.007418
v 0.043244 -0.073246 0.008382
v 0.043184 -0.071249 0.009101
v -0.008110 -0.085480 0.030151
v 0.062399 -0.049542 0.003267
v 0.062399 -0.049542 0.003267
v 0.049308 -0.059809 0.004462
v 0.052057 -0.064583 0.002737
v 0.045190 -0.070887 0.002269
v 0.044472 -0.071587 0.003210
v 0.045405 -0.069686 0.004666
v 0.044659 -0.072140 0.005645
v 0.047550 -0.070583 0.003442
v 0.048704 -0.068367 0.002067
v 0.050113 -0.065755 0.004351
v 0.047876 -0.068064 0.004472
v 0.046514 -0.069296 0.006493
v 0.046763 -0.071279 0.005393
v 0.046247 -0.071356 0.007780
v 0.045586 -0.069913 0.009328
v 0.049188 -0.069910 0.007410
v 0.051399 -0.066152 0.002109
v 0.050996 -0.066815 0.002086
v 0.049627 -0.068913 0.003243
v 0.049493 -0.067980 0.002231
v 0.051073 -0.066881 0.002999
v 0.050052 -0.068881 0.003843
v 0.051759 -0.066771 0.003630
v 0.052109 -0.064818 0.004601
v 0.051588 -0.065647 0.006047
v 0.052018 -0.067007 0.005731
v 0.056170 -0.062267 0.001826
v 0.053215 -0.064824 0.001849
v 0.053215 -0.064824 0.001849
v 0.055641 -0.062955 0.002044
v 0.052886 -0.065288 0.002155
v 0.058041 -0.059221 0.002688
v 0.058213 -0.060683 0.002030
v 0.051801 -0.066181 0.002171
v 0.051801 -0.066181 0.002171
v 0.053964 -0.065510 0.003173
v 0.053916 -0.065970 0.004419
v 0.056227 -0.063680 0.003129
v 0.057147 -0.063226 0.004540
v 0.001921 -0.083334 0.023302
v 0.007300 -0.083503 0.028890
v 0.009070 -0.084065 0.033703
v 0.046301 -0.035920 0.005232
v 0.041376 -0.046737 0.005015
v 0.026317 -0.080388 0.024718
v 0.025986 -0.082648 0.030842
v 0.031195 -0.078123 0.017679
v 0.029580 -0.079053 0.021327
v 0.024223 -0.081407 0.030916
v 0.030005 -0.079346 0.027511
v 0.030511 -0.079699 0.035393
v 0.023728 -0.081687 0.036001
v 0.035155 -0.077445 0.029633
v 0.034684 -0.076700 0.017125
v 0.036347 -0.075602 0.014946
v 0.035510 -0.076419 0.020384
v 0.038242 -0.074690 0.017664
v 0.034140 -0.077609 0.024954
v 0.042052 -0.072306 0.013311
v 0.039903 -0.073420 0.014774
v 0.038804 -0.074176 0.015244
v 0.045195 -0.070592 0.010970
v 0.044162 -0.074160 0.024397
v 0.044984 -0.070519 0.012877
v 0.041636 -0.072648 0.016032
v 0.040797 -0.073499 0.017488
v 0.040403 -0.073934 0.019673
v 0.043794 -0.071098 0.015026
v 0.044210 -0.071495 0.018423
v 0.044389 -0.070318 0.015747
v 0.045094 -0.070100 0.017807
v 0.048830 -0.066666 0.015830
v 0.039910 -0.074701 0.023328
v 0.038413 -0.075515 0.026782
v 0.037223 -0.078136 0.032508
v 0.031306 -0.080623 0.032777
v 0.038195 -0.075981 0.029248
v 0.036774 -0.077034 0.033797
v 0.039636 -0.074698 0.029729
v 0.042849 -0.072701 0.021561
v 0.044929 -0.071413 0.019709
v 0.047019 -0.069322 0.019388
v 0.046326 -0.070481 0.021346
v 0.046223 -0.071090 0.023632
v 0.042479 -0.073503 0.027608
v 0.044310 -0.072284 0.028332
v 0.049274 -0.068979 0.023993
v 0.038298 -0.076042 0.034789
v 0.043577 -0.074981 0.031382
v 0.040161 -0.075243 0.033604
v 0.040740 -0.075953 0.032822
v 0.036195 -0.077671 0.038845
v 0.038559 -0.078231 0.042567
v 0.036958 -0.077864 0.044601
v 0.043660 -0.073086 0.031395
v 0.051902 -0.067888 0.034847
v 0.047256 -0.070675 0.033401
v 0.049886 -0.071000 0.030114
v 0.047402 -0.072296 0.032583
v 0.051615 -0.069478 0.032637
v 0.045431 -0.072520 0.036300
v 0.049090 -0.069993 0.037775
v 0.041096 -0.074491 0.029416
v 0.042003 -0.075170 0.045443
v 0.045729 -0.072792 0.040737
v 0.051164 -0.068734 0.041465
v 0.045692 -0.075098 0.051968
v 0.047333 -0.073643 0.044253
v 0.050812 -0.071857 0.050718
v 0.048460 -0.071624 0.044632
v 0.045930 -0.073614 0.046698
v 0.041757 -0.075958 0.046863
v 0.043126 -0.076179 0.056148
v 0.047490 -0.073564 0.056381
v 0.052755 -0.068895 0.047078
v 0.055540 -0.068211 0.050859
v 0.054497 -0.067321 0.032836
v 0.052034 -0.071279 0.068562
v 0.059332 -0.064044 0.054568
v 0.055659 -0.069895 0.072516
v 0.056900 -0.067841 0.073401
v -0.009120 -0.085248 0.032357
v 0.000168 -0.085806 0.032265
v -0.002174 -0.086353 0.041580
v -0.008222 -0.086075 0.046085
v -0.005770 -0.084762 0.046130
v -0.005770 -0.084762 0.046130
v 0.000127 -0.084839 0.044036
v 0.002666 -0.084372 0.041722
v 0.002350 -0.085352 0.042022
v 0.002350 -0.085352 0.042022
v 0.000958 -0.085066 0.042922
v 0.000425 -0.085533 0.042980
v 0.000425 -0.085533 0.042980
v 0.004510 -0.085265 0.032587
v 0.001531 -0.086027 0.036989
v 0.004486 -0.085377 0.035452
v 0.012648 -0.084998 0.032196
v 0.002185 -0.086699 0.044272
v 0.004636 -0.086458 0.042459
v 0.001651 -0.084803 0.043079
v 0.001651 -0.084803 0.043079
v 0.003199 -0.085720 0.042280
v 0.003335 -0.085414 0.041953
v 0.003335 -0.085414 0.041953
v 0.003533 -0.085088 0.042461
v 0.005919 -0.084715 0.041492
v 0.002625 -0.083221 0.040437
v -0.002146 -0.081607 0.036086
v 0.013219 -0.084638 0.040179
v 0.006879 -0.086386 0.041634
v 0.008602 -0.085069 0.034857
v 0.016232 -0.084776 0.031036
v 0.015336 -0.084079 0.038191
v 0.011606 -0.085382 0.036476
v 0.011630 -0.085885 0.040432
v 0.016224 -0.085101 0.039279
v -0.008414 -0.085413 0.048926
v -0.005457 -0.085338 0.046857
v -0.003453 -0.085864 0.048447
v -0.003453 -0.085864 0.048447
v -0.001282 -0.086291 0.053482
v -0.001282 -0.086291 0.053482
v -0.003231 -0.085588 0.046653
v -0.002041 -0.084934 0.045182
v -0.002041 -0.084934 0.045182
v -0.002041 -0.084934 0.045182
v -0.002057 -0.085631 0.045766
v -0.002057 -0.085631 0.045766
v -0.002036 -0.085284 0.045236
v -0.002036 -0.085284 0.045236
v -0.002036 -0.085284 0.045236
v -0.002036 -0.085284 0.045236
v -0.001384 -0.085258 0.043994
v -0.001384 -0.085258 0.043994
v -0.001384 -0.085258 0.043994
v -0.001254 -0.085254 0.044929
v -0.001262 -0.085652 0.043887
v -0.001262 -0.085652 0.043887
v -0.001455 -0.085039 0.045108
v -0.001455 -0.085039 0.045108
v -0.000565 -0.085220 0.044589
v -0.000969 -0.085095 0.044939
v 0.000635 -0.085077 0.043765
v 0.000635 -0.085077 0.043765
v 0.000635 -0.085077 0.043765
v 0.004289 -0.085990 0.045296
v -0.004307 -0.087185 0.061456
v 0.003697 -0.086015 0.049366
v 0.002701 -0.087235 0.057225
v 0.004758 -0.086787 0.061803
v 0.005914 -0.086242 0.054012
v 0.002537 -0.084656 0.042651
v 0.002537 -0.084656 0.042651
v 0.003176 -0.084737 0.042473
v 0.003176 -0.084737 0.042473
v 0.004176 -0.084928 0.042494
v 0.004176 -0.084928 0.042494
v 0.004089 -0.085633 0.042127
v 0.004089 -0.085633 0.042127
v 0.004604 -0.085231 0.042529
v 0.004604 -0.085231 0.042529
v 0.004345 -0.085635 0.042100
v 0.004345 -0.085635 0.042100
v 0.004963 -0.085661 0.042689
v 0.004893 -0.085611 0.042136
v 0.004893 -0.085611 0.042136
v 0.004893 -0.085611 0.042136
v 0.005638 -0.085320 0.042318
v 0.005638 -0.085320 0.042318
v 0.005703 -0.085590 0.042465
v 0.005703 -0.085590 0.042465
v 0.005139 -0.085583 0.042191
v 0.005139 -0.085583 0.042191
v 0.005220 -0.085524 0.043218
v 0.004918 -0.085568 0.042815
v 0.004629 -0.085476 0.042937
v 0.005023 -0.085202 0.043059
v 0.005023 -0.085202 0.043059
v 0.005023 -0.085202 0.043059
v 0.004675 -0.085301 0.043487
v 0.004675 -0.085301 0.043487
v 0.004675 -0.085301 0.043487
v 0.004561 -0.085721 0.043354
v 0.004561 -0.085721 0.043354
v 0.005710 -0.085668 0.043140
v 0.005710 -0.085668 0.043140
v 0.005710 -0.085668 0.043140
v 0.005710 -0.085668 0.043140
v 0.005409 -0.085590 0.042155
v 0.005409 -0.085590 0.042155
v 0.005757 -0.085531 0.041763
v 0.005757 -0.085531 0.041763
v 0.006164 -0.085124 0.041703
v 0.006462 -0.085697 0.042355
v 0.005797 -0.085289 0.042773
v 0.005797 -0.085289 0.042773
v 0.005797 -0.085289 0.042773
v 0.006507 -0.085464 0.041641
v 0.006507 -0.085464 0.041641
v 0.007243 -0.085100 0.041785
v 0.007243 -0.085100 0.041785
v 0.006619 -0.085568 0.042717
v 0.008717 -0.085673 0.042524
v 0.010076 -0.084243 0.040586
v 0.008242 -0.085527 0.041875
v 0.010497 -0.085073 0.041336
v 0.010831 -0.085578 0.044516
v 0.004958 -0.086612 0.049817
v 0.012071 -0.086208 0.044663
v 0.010900 -0.086521 0.051138
v 0.012949 -0.085597 0.051833
v 0.016484 -0.084307 0.040783
v 0.021141 -0.083242 0.039550
v 0.019440 -0.084167 0.047092
v 0.020184 -0.084585 0.043150
v 0.014944 -0.086249 0.055971
v 0.008453 -0.086630 0.054742
v 0.004761 -0.087220 0.061080
v 0.018049 -0.085087 0.059752
v 0.019000 -0.084025 0.032834
v 0.025853 -0.082476 0.032843
v 0.021553 -0.082749 0.037583
v 0.022183 -0.082319 0.039546
v 0.027094 -0.082994 0.045366
v 0.026196 -0.081290 0.040993
v 0.025503 -0.082242 0.042074
v 0.026027 -0.082639 0.049769
v 0.029851 -0.080338 0.041935
v 0.030426 -0.080843 0.044744
v 0.034084 -0.080900 0.051684
v 0.030276 -0.082898 0.062572
v 0.022890 -0.084674 0.055735
v 0.036171 -0.078644 0.046421
v 0.039964 -0.078675 0.055410
v 0.002812 -0.087628 0.065934
v 0.005961 -0.087315 0.072450
v 0.010102 -0.087243 0.064171
v -0.002403 -0.087729 0.072775
v 0.003238 -0.087722 0.072903
v 0.005741 -0.086886 0.071169
v 0.006386 -0.088098 0.074879
v 0.002950 -0.088843 0.085838
v 0.009813 -0.087385 0.072891
v 0.010649 -0.086423 0.064127
v 0.014400 -0.086867 0.072696
v 0.017001 -0.085834 0.074579
v 0.011243 -0.086560 0.073699
v 0.022367 -0.085487 0.072698
v 0.025319 -0.084503 0.065668
v 0.023526 -0.084514 0.074575
v 0.011267 -0.087666 0.074582
v 0.017020 -0.086869 0.074647
v 0.003513 -0.088516 0.100472
v 0.003513 -0.088516 0.100472
v 0.012358 -0.087920 0.098019
v 0.014547 -0.088549 0.094477
v 0.003016 -0.089042 0.096884
v 0.008124 -0.089084 0.095365
v 0.011642 -0.087835 0.077382
v 0.016760 -0.087633 0.084827
v 0.027809 -0.084149 0.072715
v 0.022448 -0.086142 0.078621
v 0.023584 -0.085832 0.076277
v 0.026141 -0.085249 0.075727
v 0.025690 -0.086317 0.077032
v 0.023544 -0.086073 0.080665
v 0.024894 -0.086535 0.078411
v 0.026374 -0.086383 0.080643
v 0.025718 -0.085711 0.081819
v 0.027821 -0.085717 0.077984
v 0.021149 -0.086373 0.093585
v 0.019993 -0.087746 0.095364
v 0.026122 -0.086093 0.089050
v 0.027151 -0.084867 0.091609
v 0.028861 -0.082357 0.059552
v 0.036748 -0.079695 0.064275
v 0.030172 -0.082528 0.071446
v 0.034658 -0.082048 0.073126
v 0.042551 -0.077484 0.059999
v 0.047238 -0.074973 0.058166
v 0.041813 -0.078536 0.067537
v 0.030806 -0.083722 0.074526
v 0.035462 -0.082224 0.075264
v 0.039381 -0.080541 0.075235
v 0.041112 -0.079246 0.073290
v 0.033738 -0.082513 0.088583
v 0.038576 -0.080230 0.084805
v 0.042688 -0.077755 0.077792
v 0.039309 -0.081340 0.086850
v 0.044709 -0.077888 0.074989
v 0.027984 -0.084833 0.076333
v 0.028983 -0.084643 0.078473
v 0.031861 -0.083778 0.079740
v 0.028240 -0.085436 0.079731
v 0.028566 -0.084845 0.081198
v 0.027964 -0.085272 0.080689
v 0.030328 -0.084592 0.085578
v 0.046035 -0.076141 0.067043
v 0.046514 -0.075342 0.073401
v 0.050095 -0.074083 0.072790
v 0.046332 -0.076383 0.073307
v 0.044293 -0.077194 0.072975
v 0.049418 -0.075038 0.074768
v 0.051833 -0.074098 0.082992
v 0.050611 -0.073586 0.084441
v 0.053164 -0.072529 0.075019
v 0.060291 -0.065933 0.072622
v 0.059842 -0.067203 0.075498
v 0.059250 -0.044300 0.004530
v 0.064057 -0.035208 0.004521
v 0.050435 -0.049147 0.004696
v 0.053479 -0.054878 0.004564
v 0.054972 -0.057885 0.004205
v 0.061529 -0.049637 0.004244
v 0.059018 -0.057805 0.004274
v 0.068747 -0.034108 0.004316
v 0.073424 -0.030599 0.004261
v 0.064290 -0.035112 0.003494
v 0.066091 -0.033802 0.004599
v 0.070556 -0.037306 0.004248
v 0.078456 -0.029012 0.002007
v 0.078456 -0.029012 0.002007
v 0.077364 -0.031949 0.002069
v 0.077364 -0.031949 0.002069
v 0.077117 -0.029357 0.002614
v 0.079448 -0.025817 0.002261
v 0.079448 -0.025817 0.002261
v 0.072264 -0.039079 0.002894
v 0.075771 -0.035233 0.002339
v 0.074509 -0.038454 0.002121
v 0.073713 -0.037252 0.004157
v 0.077137 -0.029400 0.004224
v 0.076806 -0.032692 0.002175
v 0.076710 -0.034081 0.002388
v 0.077589 -0.033010 0.004045
v 0.078902 -0.030335 0.002919
v 0.078991 -0.031026 0.004193
v 0.076904 -0.035646 0.003093
v 0.075587 -0.038742 0.003541
v 0.075050 -0.035239 0.004600
v 0.073399 -0.039464 0.007059
v 0.076283 -0.033159 0.006279
v 0.075771 -0.034838 0.010503
v 0.077409 -0.035137 0.005443
v 0.076899 -0.036589 0.007307
v 0.069482 -0.046812 0.002343
v 0.068120 -0.045480 0.002964
v 0.069894 -0.045430 0.002367
v 0.063612 -0.053396 0.002666
v 0.062617 -0.056067 0.001923
v 0.063926 -0.054309 0.002280
v 0.063926 -0.054309 0.002280
v 0.063226 -0.055581 0.002006
v 0.064151 -0.054501 0.003022
v 0.062092 -0.056919 0.002082
v 0.065840 -0.052117 0.002271
v 0.065840 -0.052117 0.002271
v 0.064363 -0.054905 0.004391
v 0.065083 -0.051032 0.004198
v 0.065015 -0.052006 0.005093
v 0.062043 -0.055040 0.004386
v 0.062452 -0.055437 0.006587
v 0.066584 -0.050419 0.006773
v 0.068755 -0.048376 0.002208
v 0.067858 -0.049235 0.002232
v 0.068072 -0.050167 0.002805
v 0.069067 -0.048891 0.004019
v 0.066477 -0.053030 0.003097
v 0.068450 -0.050582 0.003896
v 0.066234 -0.053480 0.004225
v 0.065182 -0.054498 0.007577
v 0.069610 -0.047760 0.003588
v 0.068882 -0.045590 0.004142
v 0.064083 -0.053541 0.009948
v 0.068216 -0.047528 0.004776
v 0.068900 -0.049998 0.005833
v 0.069776 -0.048020 0.005811
v 0.070561 -0.044513 0.006512
v 0.068909 -0.047056 0.009135
v 0.069058 -0.049444 0.007448
v 0.071780 -0.045527 0.008954
v 0.067685 -0.052045 0.007345
v 0.067692 -0.051465 0.009155
v 0.065258 -0.052618 0.015220
v 0.067540 -0.049329 0.012093
v 0.071366 -0.043495 0.011592
v 0.072596 -0.040806 0.002614
v 0.071765 -0.043528 0.002254
v 0.073206 -0.040841 0.002811
v 0.071617 -0.041071 0.004216
v 0.070756 -0.043202 0.004199
v 0.071779 -0.041851 0.004839
v 0.073903 -0.040933 0.004268
v 0.073123 -0.043041 0.003336
v 0.073442 -0.042983 0.004448
v 0.071531 -0.046037 0.003260
v 0.073023 -0.043884 0.007214
v 0.071690 -0.046118 0.006861
v 0.074646 -0.039696 0.003591
v 0.073790 -0.041893 0.007772
v 0.074807 -0.039932 0.007105
v 0.075555 -0.039108 0.006120
v 0.078858 -0.024964 0.004458
v 0.078255 -0.027473 0.004826
v 0.079964 -0.023494 0.010234
v 0.078508 -0.027356 0.008728
v 0.078296 -0.032216 0.006668
v 0.079668 -0.029873 0.007206
v 0.077141 -0.031341 0.008894
v 0.079160 -0.030502 0.008690
v 0.077401 -0.034736 0.008080
v 0.075893 -0.038069 0.008729
v 0.076838 -0.033196 0.013480
v 0.074603 -0.038055 0.014801
v 0.077841 -0.030329 0.012179
v 0.077025 -0.031606 0.011075
v 0.077959 -0.030132 0.014556
v 0.079116 -0.033321 0.019730
v 0.080566 -0.022295 0.013016
v 0.079180 -0.027315 0.014381
v 0.080785 -0.022022 0.015611
v 0.081484 -0.020334 0.017131
v 0.080329 -0.024828 0.017303
v 0.080478 -0.026754 0.008358
v 0.083158 -0.021219 0.019573
v 0.082503 -0.026041 0.027229
v 0.081147 -0.021742 0.019492
v 0.076999 -0.033283 0.016564
v 0.078864 -0.029423 0.018949
v 0.078132 -0.030761 0.017877
v 0.077533 -0.033389 0.021571
v 0.080509 -0.024883 0.020468
v 0.079103 -0.030021 0.024290
v 0.078541 -0.030573 0.022277
v 0.072503 -0.042282 0.016997
v 0.069215 -0.047449 0.017210
v 0.071997 -0.046527 0.018541
v 0.071246 -0.045395 0.022714
v 0.066588 -0.051734 0.021079
v 0.075701 -0.040334 0.019512
v 0.068923 -0.052000 0.025125
v 0.073482 -0.045909 0.028786
v 0.073915 -0.041786 0.026828
v 0.075403 -0.038251 0.023305
v 0.070682 -0.047118 0.029414
v 0.068008 -0.050758 0.027124
v 0.052037 -0.065353 0.009494
v 0.047870 -0.068491 0.011271
v 0.053519 -0.066118 0.009079
v 0.049763 -0.069005 0.008649
v 0.045621 -0.069296 0.014259
v 0.051202 -0.064878 0.014115
v 0.050827 -0.065750 0.011387
v 0.054818 -0.062819 0.010660
v 0.051868 -0.068452 0.019332
v 0.054249 -0.062514 0.004186
v 0.056554 -0.060978 0.004388
v 0.054611 -0.063058 0.005010
v 0.056650 -0.061403 0.006588
v 0.059879 -0.059033 0.002082
v 0.059879 -0.059033 0.002082
v 0.057846 -0.061151 0.003088
v 0.059110 -0.059323 0.002143
v 0.060430 -0.060014 0.003824
v 0.060498 -0.057298 0.004834
v 0.058432 -0.061240 0.004255
v 0.056000 -0.064467 0.007105
v 0.058106 -0.061962 0.006912
v 0.059783 -0.060446 0.007791
v 0.059132 -0.059165 0.011946
v 0.055734 -0.061533 0.009012
v 0.059939 -0.058284 0.007006
v 0.059396 -0.058567 0.010291
v 0.061393 -0.059329 0.007161
v 0.060053 -0.061112 0.016573
v 0.062059 -0.058146 0.008925
v 0.054499 -0.065681 0.007107
v 0.055685 -0.064315 0.008982
v 0.055954 -0.066213 0.027892
v 0.050596 -0.067390 0.021877
v 0.057968 -0.060700 0.019261
v 0.051210 -0.065792 0.018869
v 0.054830 -0.063840 0.022671
v 0.060047 -0.057587 0.014182
v 0.055192 -0.061367 0.015105
v 0.061444 -0.056944 0.013507
v 0.060091 -0.057669 0.015567
v 0.059870 -0.059021 0.018614
v 0.062042 -0.056367 0.015277
v 0.061267 -0.057872 0.002083
v 0.062604 -0.057686 0.003531
v 0.063272 -0.057160 0.006013
v 0.063614 -0.056334 0.007435
v 0.064861 -0.056039 0.017992
v 0.052322 -0.066513 0.023945
v 0.053652 -0.066124 0.031378
v 0.058232 -0.061410 0.026587
v 0.059889 -0.060456 0.031863
v 0.064505 -0.053769 0.017751
v 0.062281 -0.057020 0.020567
v 0.065515 -0.053501 0.024061
v 0.062058 -0.057391 0.024041
v 0.065475 -0.056506 0.026292
v 0.064304 -0.054595 0.025886
v 0.059073 -0.063560 0.029552
v 0.062736 -0.059918 0.029711
v 0.066353 -0.052699 0.025868
v 0.063251 -0.056646 0.031315
v 0.066961 -0.053163 0.034603
v 0.059978 -0.062359 0.032668
v 0.064614 -0.057613 0.032890
v 0.061036 -0.059166 0.033986
v 0.068484 -0.053213 0.031243
v 0.059277 -0.061386 0.033973
v 0.064040 -0.059829 0.045538
v 0.068104 -0.053363 0.032846
v 0.055582 -0.065430 0.038956
v 0.055059 -0.066470 0.044211
v 0.061147 -0.063077 0.048537
v 0.080037 -0.023596 0.002218
v 0.080555 -0.024808 0.004068
v 0.081651 -0.022269 0.003317
v 0.081807 -0.022724 0.005848
v 0.079938 -0.027280 0.002980
v 0.080142 -0.027578 0.003619
v 0.080471 -0.027360 0.006202
v 0.081491 -0.023183 0.007851
v 0.081674 -0.020710 0.019245
v 0.081404 -0.022159 0.021247
v 0.082561 -0.018861 0.023535
v 0.082663 -0.020996 0.031100
v 0.083278 -0.016004 0.024321
v 0.080989 -0.025357 0.025559
v 0.080304 -0.032468 0.028516
v 0.079084 -0.030965 0.029547
v 0.078672 -0.031238 0.026776
v 0.081082 -0.025808 0.031095
v 0.084565 -0.019714 0.030530
v 0.083469 -0.017173 0.030212
v 0.085663 -0.014645 0.031192
v 0.083335 -0.016436 0.034047
v 0.084134 -0.020490 0.032181
v 0.082716 -0.025716 0.032639
v 0.081455 -0.026222 0.036540
v 0.073561 -0.042801 0.031229
v 0.074247 -0.044552 0.032489
v 0.076741 -0.040305 0.029556
v 0.074676 -0.040948 0.032461
v 0.077080 -0.039479 0.032806
v 0.072515 -0.045816 0.037985
v 0.077892 -0.033011 0.024211
v 0.077490 -0.034764 0.028763
v 0.077863 -0.032625 0.026908
v 0.079103 -0.035132 0.032518
v 0.076755 -0.037817 0.037085
v 0.075150 -0.042265 0.042335
v 0.074537 -0.046471 0.047540
v 0.077500 -0.041855 0.050020
v 0.077673 -0.037628 0.042901
v 0.076764 -0.040202 0.044108
v 0.078730 -0.033054 0.034665
v 0.079505 -0.031712 0.036626
v 0.081513 -0.031764 0.041809
v 0.080346 -0.029500 0.038060
v 0.078873 -0.034196 0.041417
v 0.084636 -0.013859 0.036482
v 0.083708 -0.017973 0.036847
v 0.082301 -0.021922 0.037398
v 0.085096 -0.010384 0.039862
v 0.085096 -0.010384 0.039862
v 0.084868 -0.012464 0.040565
v 0.084378 -0.017159 0.040161
v 0.087213 -0.014994 0.052850
v 0.084891 -0.015091 0.042462
v 0.082767 -0.023454 0.040371
v 0.081577 -0.025193 0.039024
v 0.081013 -0.027962 0.040608
v 0.082009 -0.026667 0.041300
v 0.083811 -0.022632 0.044451
v 0.084582 -0.017234 0.042985
v 0.085540 -0.009998 0.040589
v 0.085540 -0.009998 0.040589
v 0.085695 -0.016480 0.047488
v 0.086470 -0.019806 0.052913
v 0.084124 -0.028044 0.054612
v 0.086091 -0.017853 0.053979
v 0.079167 -0.035245 0.044285
v 0.081609 -0.034760 0.056695
v 0.080035 -0.037399 0.064581
v 0.077109 -0.042717 0.062879
v 0.080323 -0.031105 0.041843
v 0.081238 -0.030028 0.043534
v 0.082546 -0.030674 0.059147
v 0.060997 -0.060060 0.038285
v 0.066371 -0.054662 0.039442
v 0.060483 -0.061475 0.042491
v 0.064066 -0.058099 0.043528
v 0.069106 -0.053784 0.044044
v 0.068176 -0.052817 0.040923
v 0.070213 -0.049435 0.040023
v 0.070928 -0.049224 0.041593
v 0.069628 -0.053204 0.056840
v 0.069276 -0.055727 0.062436
v 0.057945 -0.063446 0.040966
v 0.057769 -0.064347 0.044739
v 0.066327 -0.059552 0.080078
v 0.068928 -0.051858 0.032725
v 0.071777 -0.048708 0.031499
v 0.071603 -0.046489 0.035613
v 0.070908 -0.052566 0.054797
v 0.071656 -0.046465 0.037811
v 0.070718 -0.048157 0.040840
v 0.073404 -0.045140 0.042474
v 0.071846 -0.047498 0.041230
v 0.073770 -0.045381 0.043632
v 0.074911 -0.047864 0.061932
v 0.062639 -0.062182 0.069338
v 0.065457 -0.060996 0.072775
v 0.070407 -0.055058 0.081868
v 0.075096 -0.049157 0.085428
v 0.073491 -0.047860 0.057052
v 0.078892 -0.041233 0.061665
v 0.003972 -0.082834 0.008074
v -0.092339 0.016529 0.118910
v -0.092655 0.015240 0.116914
v -0.092394 0.014698 0.116734
v -0.092394 0.014698 0.116734
v -0.091949 0.018510 0.119456
v -0.092091 0.015734 0.116394
v -0.092408 0.018891 0.120469
v -0.092647 0.017029 0.119083
v -0.092359 0.019104 0.121293
v -0.091159 0.017448 0.119106
v -0.091159 0.017448 0.119106
v -0.091254 0.020284 0.122050
v -0.069008 0.053190 0.076782
v -0.072322 0.050450 0.072617
v -0.067499 0.055715 0.070682
v -0.066793 0.057424 0.072958
v -0.070727 0.054702 0.085732
v -0.065321 0.060424 0.082582
v -0.067399 0.057418 0.090415
v -0.062912 0.060940 0.082389
v -0.083090 0.034161 0.083811
v -0.081370 0.039954 0.093343
v -0.071833 0.049113 0.074758
v -0.073569 0.049907 0.092092
v -0.077728 0.045865 0.103192
v -0.078302 0.045275 0.093175
v -0.083071 0.035602 0.088734
v -0.081124 0.038560 0.097239
v -0.081970 0.044448 0.120826
v -0.076863 0.047414 0.095277
v -0.081475 0.039425 0.094821
v -0.069501 0.057506 0.093345
v -0.064933 0.062509 0.093517
v -0.059714 0.065388 0.079635
v -0.068762 0.058255 0.095542
v -0.065766 0.061534 0.103935
v -0.059786 0.066491 0.099908
v -0.064146 0.064241 0.102559
v -0.063411 0.063824 0.095152
v -0.074996 0.050328 0.093413
v -0.073612 0.051990 0.095050
v -0.074809 0.049965 0.095064
v -0.073235 0.052969 0.105257
v -0.076663 0.050664 0.111320
v -0.084986 0.030244 0.085433
v -0.083871 0.033037 0.085311
v -0.084902 0.032467 0.086293
v -0.083425 0.034317 0.086085
v -0.084723 0.033541 0.087195
v -0.085728 0.029027 0.087697
v -0.085791 0.031282 0.089526
v -0.085443 0.031634 0.086988
v -0.087866 0.024278 0.092931
v -0.085131 0.033294 0.090109
v -0.085638 0.030077 0.090138
v -0.084384 0.033362 0.091214
v -0.085122 0.031573 0.091164
v -0.084351 0.033757 0.093228
v -0.084972 0.032030 0.094735
v -0.087724 0.024350 0.095095
v -0.087030 0.024145 0.097226
v -0.084641 0.030946 0.097821
v -0.089709 0.016888 0.094743
v -0.090312 0.012657 0.094421
v -0.091176 0.008369 0.094601
v -0.089416 0.021571 0.110478
v -0.091138 0.014207 0.103678
v -0.092188 0.012913 0.110613
v -0.093005 0.007061 0.109567
v -0.086718 0.029943 0.102362
v -0.087306 0.031767 0.104687
v -0.086903 0.031864 0.103113
v -0.087213 0.029349 0.104414
v -0.086018 0.034464 0.103916
v -0.086499 0.032930 0.102725
v -0.086574 0.033887 0.106206
v -0.086959 0.030901 0.107230
v -0.089481 0.027552 0.118806
v -0.083356 0.037522 0.102371
v -0.084931 0.033635 0.100321
v -0.084717 0.035097 0.102424
v -0.085947 0.032102 0.101613
v -0.086190 0.030115 0.105963
v -0.087006 0.032593 0.106400
v -0.085861 0.033684 0.107417
v -0.084603 0.035866 0.105536
v -0.086207 0.034903 0.115721
v -0.089206 0.030311 0.125424
v -0.082040 0.042951 0.122768
v -0.085921 0.035354 0.122439
v -0.090343 0.021560 0.110531
v -0.091224 0.014828 0.113516
v -0.091896 0.014989 0.111554
v -0.091850 0.013256 0.112894
v -0.093021 0.010669 0.115000
v -0.092202 0.012195 0.113907
v -0.091666 0.012010 0.113258
v -0.091587 0.013495 0.113872
v -0.089077 0.028015 0.125412
v -0.089077 0.028015 0.125412
v -0.089077 0.028015 0.125412
v -0.089077 0.028015 0.125412
v -0.089077 0.028015 0.125412
v -0.090850 0.024790 0.123846
v -0.092166 0.014465 0.115114
v -0.091873 0.012859 0.113774
v -0.091873 0.012859 0.113774
v -0.091815 0.013247 0.113900
v -0.091815 0.013247 0.113900
v -0.092145 0.014135 0.115216
v -0.092145 0.014135 0.115216
v -0.091991 0.013525 0.114248
v -0.091991 0.013525 0.114248
v -0.091991 0.013525 0.114248
v -0.091879 0.012404 0.113863
v -0.091879 0.012404 0.113863
v -0.091879 0.012404 0.113863
v -0.092168 0.011957 0.114491
v -0.092168 0.011957 0.114491
v -0.091606 0.014510 0.115672
v -0.091606 0.014510 0.115672
v -0.090881 0.025341 0.124595
v -0.090881 0.025341 0.124595
v -0.091869 0.023023 0.123348
v -0.091387 0.023991 0.124336
v -0.090855 0.022985 0.123734
v -0.089791 0.025989 0.124958
v -0.089756 0.027457 0.125293
v -0.091765 0.019554 0.120573
v -0.092090 0.020001 0.121959
v -0.092463 0.020242 0.121538
v -0.092463 0.020242 0.121538
v -0.091712 0.022131 0.123147
v -0.090453 0.022345 0.122610
v -0.090453 0.022345 0.122610
v -0.078831 0.048513 0.116329
v -0.075978 0.051882 0.112099
v -0.076251 0.050684 0.113372
v -0.076091 0.050216 0.113476
v -0.076006 0.051073 0.114093
v -0.076006 0.051073 0.114093
v -0.076006 0.051073 0.114093
v -0.075441 0.051358 0.114073
v -0.076834 0.050039 0.114518
v -0.076834 0.050039 0.114518
v -0.076739 0.049577 0.114812
v -0.076306 0.050599 0.114017
v -0.076306 0.050599 0.114017
v -0.076306 0.050599 0.114017
v -0.076306 0.050599 0.114017
v -0.076266 0.050442 0.113893
v -0.076266 0.050442 0.113893
v -0.076266 0.050442 0.113893
v -0.076350 0.050342 0.114056
v -0.076350 0.050342 0.114056
v -0.079545 0.047459 0.119878
v -0.079545 0.047459 0.119878
v -0.077595 0.049286 0.116422
v -0.077595 0.049286 0.116422
v -0.075254 0.053730 0.116074
v -0.075688 0.052314 0.116018
v -0.075973 0.051579 0.115316
v -0.075973 0.051579 0.115316
v -0.075918 0.051132 0.114479
v -0.075918 0.051132 0.114479
v -0.075698 0.051496 0.115594
v -0.075698 0.051496 0.115594
v -0.075961 0.051823 0.116059
v -0.075961 0.051823 0.116059
v -0.074767 0.052863 0.117138
v -0.075829 0.051709 0.116258
v -0.075829 0.051709 0.116258
v -0.075829 0.051709 0.116258
v -0.075829 0.051709 0.116258
v -0.076228 0.051669 0.116405
v -0.076228 0.051669 0.116405
v -0.076228 0.051669 0.116405
v -0.076553 0.052019 0.117049
v -0.076553 0.052019 0.117049
v -0.076279 0.051657 0.117141
v -0.076279 0.051657 0.117141
v -0.076279 0.051657 0.117141
v -0.075757 0.052245 0.117315
v -0.075650 0.052522 0.117188
v -0.075384 0.052305 0.117419
v -0.075384 0.052305 0.117419
v -0.075016 0.053544 0.118077
v -0.075016 0.053544 0.118077
v -0.077698 0.048655 0.116994
v -0.076064 0.050636 0.114022
v -0.076064 0.050636 0.114022
v -0.076064 0.050636 0.114022
v -0.073182 0.055565 0.120006
v -0.072832 0.057804 0.121549
v -0.074567 0.054144 0.119523
v -0.074567 0.054144 0.119523
v -0.074567 0.054144 0.119523
v -0.074567 0.054144 0.119523
v -0.074890 0.053397 0.118225
v -0.074890 0.053397 0.118225
v -0.074276 0.053942 0.119132
v -0.074276 0.053942 0.119132
v -0.074276 0.053942 0.119132
v -0.074661 0.053804 0.119388
v -0.074661 0.053804 0.119388
v -0.074761 0.053965 0.119380
v -0.074813 0.053811 0.119254
v -0.074539 0.054006 0.119582
v -0.074539 0.054006 0.119582
v -0.074539 0.054006 0.119582
v -0.074701 0.053923 0.119468
v -0.074701 0.053923 0.119468
v -0.073989 0.054322 0.120654
v -0.073989 0.054322 0.120654
v -0.073989 0.054322 0.120654
v -0.073989 0.054322 0.120654
v -0.073752 0.054944 0.121468
v -0.074211 0.054286 0.120863
v -0.074211 0.054286 0.120863
v -0.074211 0.054286 0.120863
v -0.074211 0.054286 0.120863
v -0.073696 0.054318 0.121399
v -0.074345 0.054123 0.121462
v -0.074345 0.054123 0.121462
v -0.074228 0.054008 0.120826
v -0.074228 0.054008 0.120826
v -0.074273 0.053731 0.121872
v -0.074273 0.053731 0.121872
v -0.074273 0.053731 0.121872
v -0.062678 0.065513 0.101734
v -0.063420 0.066324 0.103363
v -0.064511 0.065409 0.104704
v -0.064171 0.066118 0.106576
v -0.065144 0.063606 0.104638
v -0.064968 0.064138 0.106771
v -0.062646 0.067000 0.103343
v -0.060418 0.067603 0.102463
v -0.061374 0.067942 0.104461
v -0.059792 0.068602 0.105561
v -0.057144 0.070290 0.111696
v -0.062266 0.065289 0.105113
v -0.062512 0.067578 0.106437
v -0.063057 0.066187 0.108088
v -0.066968 0.063153 0.114059
v -0.063115 0.065569 0.113715
v -0.060895 0.067924 0.107528
v -0.063955 0.066840 0.119119
v -0.057620 0.070979 0.110645
v -0.070461 0.058031 0.114270
v -0.074388 0.054214 0.123069
v -0.074388 0.054214 0.123069
v -0.074388 0.054214 0.123069
v -0.073942 0.055034 0.123845
v -0.073897 0.054140 0.123340
v -0.073897 0.054140 0.123340
v -0.074750 0.054282 0.123303
v -0.074750 0.054282 0.123303
v -0.074750 0.054282 0.123303
v -0.074615 0.054099 0.123520
v -0.074615 0.054099 0.123520
v -0.072103 0.057766 0.123259
v -0.072457 0.056680 0.123787
v -0.072457 0.056680 0.123787
v -0.072457 0.056680 0.123787
v -0.072457 0.056680 0.123787
v -0.074700 0.054454 0.123792
v -0.074700 0.054454 0.123792
v -0.074122 0.054789 0.124219
v -0.074122 0.054789 0.124219
v -0.072802 0.056460 0.123978
v -0.072802 0.056460 0.123978
v -0.072691 0.056794 0.124061
v -0.072691 0.056794 0.124061
v -0.072668 0.056911 0.123703
v -0.072668 0.056911 0.123703
v -0.071242 0.058939 0.124124
v -0.071242 0.058939 0.124124
v -0.071242 0.058939 0.124124
v -0.071242 0.058939 0.124124
v -0.071242 0.058939 0.124124
v -0.072003 0.057478 0.123818
v -0.072003 0.057478 0.123818
v -0.072003 0.057478 0.123818
v -0.072003 0.057478 0.123818
v -0.072040 0.057681 0.123626
v -0.072040 0.057681 0.123626
v -0.072040 0.057681 0.123626
v -0.071917 0.057754 0.123524
v -0.071917 0.057754 0.123524
v -0.071917 0.057754 0.123524
v -0.071821 0.057664 0.123408
v -0.071821 0.057664 0.123408
v -0.071766 0.057792 0.123648
v -0.071766 0.057792 0.123648
v -0.071766 0.057792 0.123648
v -0.071766 0.057792 0.123648
v -0.072503 0.057259 0.124132
v -0.072503 0.057259 0.124132
v -0.072503 0.057259 0.124132
v -0.072503 0.057259 0.124132
v -0.072503 0.057259 0.124132
v -0.072486 0.057023 0.124100
v -0.072486 0.057023 0.124100
v -0.072486 0.057023 0.124100
v -0.072251 0.057469 0.123886
v -0.072251 0.057469 0.123886
v -0.072251 0.057469 0.123886
v -0.072955 0.056240 0.124053
v -0.072955 0.056240 0.124053
v -0.072955 0.056240 0.124053
v -0.073419 0.055883 0.123956
v -0.073408 0.055646 0.124059
v -0.073408 0.055646 0.124059
v -0.073311 0.055926 0.124137
v -0.073311 0.055926 0.124137
v -0.071673 0.058084 0.123859
v -0.071673 0.058084 0.123859
v -0.072473 0.057670 0.124429
v -0.072473 0.057670 0.124429
v -0.072473 0.057670 0.124429
v -0.072524 0.057756 0.124689
v -0.072524 0.057756 0.124689
v -0.072524 0.057756 0.124689
v -0.072386 0.057688 0.124488
v -0.072386 0.057688 0.124488
v -0.072386 0.057688 0.124488
v -0.072386 0.057688 0.124488
v -0.072386 0.057688 0.124488
v -0.072386 0.057688 0.124488
v -0.072386 0.057688 0.124488
v -0.072231 0.057740 0.124618
v -0.072231 0.057740 0.124618
v -0.072288 0.057615 0.124364
v -0.072288 0.057615 0.124364
v -0.072283 0.058131 0.124646
v -0.072283 0.058131 0.124646
v -0.072283 0.058131 0.124646
v -0.072354 0.058041 0.124787
v -0.072354 0.058041 0.124787
v -0.072354 0.058041 0.124787
v -0.072342 0.057630 0.124554
v -0.072342 0.057630 0.124554
v -0.072342 0.057630 0.124554
v -0.072342 0.057630 0.124554
v -0.072342 0.057630 0.124554
v -0.072342 0.057630 0.124554
v -0.072342 0.057630 0.124554
v -0.072255 0.057920 0.124839
v -0.072255 0.057920 0.124839
v -0.072234 0.057875 0.124696
v -0.072234 0.057875 0.124696
v -0.072234 0.057875 0.124696
v -0.072234 0.057875 0.124696
v -0.072234 0.057875 0.124696
v -0.072014 0.058051 0.124731
v -0.072014 0.058051 0.124731
v -0.072014 0.058051 0.124731
v -0.072564 0.057376 0.124295
v -0.072564 0.057376 0.124295
v -0.072564 0.057376 0.124295
v -0.072564 0.057376 0.124295
v -0.072352 0.057339 0.124233
v -0.072352 0.057339 0.124233
v -0.072371 0.057347 0.124072
v -0.072371 0.057347 0.124072
v -0.072371 0.057347 0.124072
v -0.072122 0.057401 0.123880
v -0.072199 0.058143 0.125017
v -0.072199 0.058143 0.125017
v -0.072199 0.058143 0.125017
v -0.072199 0.058143 0.125017
v -0.059000 0.071797 0.125130
v -0.063307 0.067186 0.125677
v -0.063307 0.067186 0.125677
v -0.053563 0.075281 0.121966
v -0.064817 0.067136 0.126341
v -0.062005 0.069528 0.126121
v -0.059330 0.070439 0.125968
v -0.059330 0.070439 0.125968
v -0.056169 0.073701 0.123755
v -0.056686 0.072311 0.124969
v -0.056686 0.072311 0.124969
v -0.053904 0.074050 0.123033
v -0.053904 0.074050 0.123033
v -0.052104 0.073703 0.110545
v -0.059928 0.070277 0.126459
v -0.059928 0.070277 0.126459
v -0.061660 0.068457 0.126886
v -0.061660 0.068457 0.126886
v -0.061162 0.068716 0.126587
v -0.057039 0.072441 0.125275
v -0.057039 0.072441 0.125275
v -0.055222 0.073679 0.124300
v -0.055222 0.073679 0.124300
v -0.053726 0.074666 0.123112
v -0.053726 0.074666 0.123112
v -0.069977 0.061549 0.123907
v -0.068732 0.061778 0.125325
v -0.068732 0.061778 0.125325
v -0.071295 0.058350 0.123676
v -0.067897 0.064065 0.125734
v -0.070300 0.060874 0.124576
v -0.070510 0.059380 0.124481
v -0.070510 0.059380 0.124481
v -0.070510 0.059380 0.124481
v -0.070510 0.059380 0.124481
v -0.070510 0.059380 0.124481
v -0.070510 0.059380 0.124481
v -0.070510 0.059380 0.124481
v -0.070924 0.058938 0.124696
v -0.070924 0.058938 0.124696
v -0.070924 0.058938 0.124696
v -0.070924 0.058938 0.124696
v -0.071100 0.058911 0.124572
v -0.071100 0.058911 0.124572
v -0.071100 0.058911 0.124572
v -0.070842 0.059245 0.124780
v -0.070842 0.059245 0.124780
v -0.070842 0.059245 0.124780
v -0.070595 0.059395 0.124794
v -0.070595 0.059395 0.124794
v -0.070595 0.059395 0.124794
v -0.070595 0.059395 0.124794
v -0.070625 0.059680 0.124681
v -0.070625 0.059680 0.124681
v -0.069924 0.060164 0.124918
v -0.069924 0.060164 0.124918
v -0.069924 0.060164 0.124918
v -0.069924 0.060164 0.124918
v -0.068482 0.062340 0.125812
v -0.068482 0.062340 0.125812
v -0.069957 0.060624 0.125052
v -0.069957 0.060624 0.125052
v -0.069957 0.060624 0.125052
v -0.069931 0.060408 0.125206
v -0.069931 0.060408 0.125206
v -0.065902 0.064659 0.126617
v -0.071559 0.058340 0.123960
v -0.071559 0.058340 0.123960
v -0.071559 0.058340 0.123960
v -0.071311 0.058564 0.124249
v -0.071311 0.058564 0.124249
v -0.071387 0.058358 0.124001
v -0.071387 0.058358 0.124001
v -0.071387 0.058358 0.124001
v -0.071225 0.058634 0.124602
v -0.071225 0.058634 0.124602
v -0.071225 0.058634 0.124602
v -0.065663 0.065037 0.126772
v -0.063546 0.066890 0.126653
v -0.063814 0.066888 0.126876
v -0.063814 0.066888 0.126876
v -0.085681 0.038522 0.125148
v -0.085681 0.038522 0.125148
v -0.083415 0.042380 0.123178
v -0.083415 0.042380 0.123178
v -0.085071 0.037426 0.124122
v -0.083140 0.041242 0.124333
v -0.081761 0.044178 0.122674
v -0.081761 0.044178 0.122674
v -0.081761 0.044178 0.122674
v -0.081027 0.045777 0.121824
v -0.081027 0.045777 0.121824
v -0.082968 0.042033 0.124126
v -0.080658 0.045335 0.121894
v -0.087813 0.033967 0.125582
v -0.087813 0.033967 0.125582
v -0.087084 0.035069 0.126028
v -0.084715 0.038858 0.125444
v -0.086921 0.033775 0.126391
v -0.085472 0.035809 0.125538
v -0.084547 0.038383 0.125116
v -0.087209 0.032703 0.126151
v -0.079606 0.046755 0.120557
v -0.079606 0.046755 0.120557
v -0.088498 0.031732 0.126083
v -0.088498 0.031732 0.126083
v -0.088498 0.031732 0.126083
v -0.088873 0.029059 0.125824
v -0.088873 0.029059 0.125824
v -0.055506 0.067398 0.081826
v -0.058602 0.064838 0.071191
v -0.052335 0.069702 0.070625
v -0.047588 0.072112 0.074059
v -0.054826 0.068547 0.072968
v -0.049647 0.072303 0.073243
v -0.051647 0.070949 0.087523
v -0.043506 0.075107 0.071236
v -0.045064 0.072173 0.061245
v -0.039916 0.075618 0.066105
v -0.047057 0.073407 0.071411
v -0.035000 0.078746 0.074112
v -0.034151 0.077280 0.056670
v -0.041141 0.076686 0.071450
v -0.037531 0.078494 0.071447
v -0.054759 0.071196 0.093483
v -0.057456 0.066884 0.075927
v -0.046360 0.076729 0.093955
v -0.045340 0.076117 0.097109
v -0.043553 0.076036 0.073174
v -0.039162 0.078341 0.088200
v -0.035138 0.080129 0.073059
v -0.030274 0.081441 0.071152
v -0.038437 0.080773 0.093736
v -0.028805 0.083050 0.078466
v -0.031648 0.082482 0.084597
v -0.032012 0.077652 0.051941
v -0.029546 0.079556 0.061680
v -0.026829 0.081323 0.057389
v -0.023205 0.080987 0.054989
v -0.027633 0.081578 0.075269
v -0.010695 0.082787 0.047422
v -0.010695 0.082787 0.047422
v -0.008231 0.082541 0.045411
v -0.008231 0.082541 0.045411
v -0.017730 0.082944 0.062081
v -0.007058 0.082240 0.043093
v -0.007058 0.082240 0.043093
v -0.004733 0.084583 0.054502
v -0.003544 0.083333 0.048568
v -0.003012 0.083808 0.053605
v -0.011324 0.084215 0.064735
v -0.011324 0.084215 0.064735
v -0.010524 0.085827 0.071476
v -0.020376 0.084196 0.071032
v -0.024760 0.083775 0.074112
v -0.028925 0.082782 0.076766
v -0.027473 0.083078 0.074656
v -0.025561 0.084552 0.075548
v -0.027403 0.084166 0.076914
v -0.022523 0.084487 0.075841
v -0.027736 0.084144 0.078204
v -0.027544 0.083794 0.079522
v -0.025919 0.084845 0.079263
v -0.026426 0.083916 0.081097
v -0.025519 0.084206 0.080255
v -0.024118 0.084838 0.076445
v -0.022528 0.084651 0.079012
v -0.025019 0.082583 0.076860
v -0.020024 0.085209 0.094441
v -0.015326 0.085281 0.085584
v -0.016932 0.085401 0.073381
v -0.009133 0.085427 0.065357
v -0.005460 0.085984 0.082979
v -0.005460 0.085984 0.082979
v -0.000185 0.084508 0.061734
v -0.005464 0.085797 0.071660
v -0.001256 0.085442 0.059063
v -0.009382 0.086326 0.073497
v -0.002648 0.086225 0.072124
v 0.006174 0.086009 0.072189
v 0.001495 0.085691 0.079391
v -0.003627 0.086661 0.073687
v -0.014763 0.086306 0.080620
v -0.051243 0.073553 0.095961
v -0.047174 0.076104 0.095857
v -0.044873 0.077141 0.096111
v -0.042735 0.078545 0.095536
v -0.044587 0.078677 0.105676
v -0.032360 0.083214 0.093908
v -0.026364 0.084463 0.087583
v -0.031052 0.081754 0.089968
v -0.036628 0.083317 0.113103
v -0.035910 0.081698 0.095687
v -0.045806 0.077311 0.108635
v -0.039284 0.080860 0.111127
v -0.027301 0.084814 0.094187
v -0.022254 0.085935 0.096067
v -0.029448 0.084095 0.095556
v -0.033458 0.082739 0.106220
v -0.027313 0.084630 0.104392
v -0.026022 0.083570 0.092488
v -0.028243 0.085124 0.102789
v -0.030431 0.084630 0.104498
v -0.026175 0.085661 0.102573
v -0.029508 0.085425 0.105254
v -0.027629 0.086460 0.104260
v -0.029624 0.085272 0.108047
v -0.028965 0.086252 0.106785
v -0.028843 0.086189 0.105372
v -0.026489 0.086514 0.103719
v -0.025152 0.087084 0.105603
v -0.024121 0.086244 0.103507
v -0.023416 0.086674 0.106018
v -0.022593 0.086363 0.110929
v -0.028157 0.086261 0.114275
v -0.036690 0.083506 0.125281
v -0.036690 0.083506 0.125281
v -0.036690 0.083506 0.125281
v -0.029877 0.085516 0.121471
v -0.027261 0.086951 0.107629
v -0.027209 0.086080 0.108918
v -0.024578 0.086552 0.107973
v -0.020248 0.089055 0.125747
v -0.020901 0.086369 0.094496
v -0.015656 0.087296 0.094598
v -0.008415 0.088036 0.094793
v 0.006420 0.086431 0.074126
v 0.001058 0.088143 0.094761
v -0.011257 0.087146 0.101171
v -0.016509 0.088071 0.107530
v -0.014699 0.087216 0.096202
v -0.009084 0.087772 0.096359
v -0.015837 0.087786 0.114046
v -0.003561 0.088708 0.105089
v -0.006437 0.089200 0.112033
v -0.008963 0.088402 0.114660
v -0.006488 0.087709 0.096325
v -0.002506 0.088065 0.096626
v 0.001151 0.087741 0.105345
v 0.010212 0.087450 0.095343
v 0.007117 0.087601 0.096859
v 0.006261 0.088228 0.116285
v 0.009761 0.086721 0.101553
v -0.062846 0.060827 0.071117
v -0.064880 0.057237 0.071535
v -0.059080 0.063709 0.076705
v -0.060957 0.063366 0.072798
v -0.062796 0.062007 0.075768
v -0.061513 0.063104 0.074074
v -0.059190 0.065131 0.073635
v -0.061679 0.064119 0.075363
v -0.060589 0.064942 0.074748
v -0.062334 0.063513 0.076751
v -0.061633 0.064501 0.078559
v -0.062533 0.062679 0.078608
v -0.060915 0.064325 0.079631
v -0.059721 0.065952 0.076136
v -0.060342 0.065689 0.078203
v -0.058267 0.066474 0.077897
v -0.059537 0.067484 0.093743
v -0.057153 0.069293 0.095607
v -0.047313 0.077875 0.111330
v -0.050555 0.076707 0.117778
v -0.045736 0.078672 0.111779
v -0.046654 0.077849 0.114802
v -0.046654 0.077849 0.114802
v -0.045949 0.078292 0.114245
v -0.046801 0.077908 0.115014
v -0.043233 0.080773 0.117643
v -0.046355 0.077490 0.114117
v -0.044691 0.078761 0.116425
v -0.051079 0.075507 0.120245
v -0.052336 0.074923 0.122090
v -0.052336 0.074923 0.122090
v -0.052336 0.074923 0.122090
v -0.051374 0.076222 0.120530
v -0.051374 0.076222 0.120530
v -0.051374 0.076222 0.120530
v -0.051374 0.076222 0.120530
v -0.052769 0.075586 0.122055
v -0.052769 0.075586 0.122055
v -0.052769 0.075586 0.122055
v -0.051712 0.075964 0.121788
v -0.051712 0.075964 0.121788
v -0.050716 0.076200 0.120300
v -0.050716 0.076200 0.120300
v -0.051569 0.075818 0.121770
v -0.049342 0.077085 0.118457
v -0.049342 0.077085 0.118457
v -0.049342 0.077085 0.118457
v -0.048122 0.077478 0.116604
v -0.048122 0.077478 0.116604
v -0.049133 0.076426 0.118377
v -0.047653 0.077117 0.116493
v -0.047074 0.077855 0.115771
v -0.047074 0.077855 0.115771
v -0.047735 0.077365 0.116812
v -0.047735 0.077365 0.116812
v -0.048685 0.077056 0.118127
v -0.048685 0.077056 0.118127
v -0.049616 0.076661 0.119332
v -0.049616 0.076661 0.119332
v -0.049968 0.076170 0.119483
v -0.052253 0.075583 0.122333
v -0.052253 0.075583 0.122333
v -0.052253 0.075583 0.122333
v -0.046525 0.077831 0.115431
v -0.046525 0.077831 0.115431
v -0.046525 0.077831 0.115431
v -0.046537 0.077727 0.115111
v -0.046537 0.077727 0.115111
v -0.046422 0.077988 0.115077
v -0.046422 0.077988 0.115077
v -0.046422 0.077988 0.115077
v -0.046422 0.077988 0.115077
v -0.046461 0.077805 0.114980
v -0.046461 0.077805 0.114980
v -0.046461 0.077805 0.114980
v -0.046220 0.078266 0.115869
v -0.046220 0.078266 0.115869
v -0.046107 0.078735 0.116327
v -0.046107 0.078735 0.116327
v -0.045579 0.078819 0.117340
v -0.045268 0.079488 0.118037
v -0.045268 0.079488 0.118037
v -0.044900 0.079655 0.119102
v -0.044367 0.079584 0.117944
v -0.044367 0.079584 0.117944
v -0.044367 0.079584 0.117944
v -0.044610 0.079635 0.118216
v -0.043146 0.079918 0.119412
v -0.043146 0.079918 0.119412
v -0.044070 0.079885 0.119736
v -0.044070 0.079885 0.119736
v -0.044070 0.079885 0.119736
v -0.043995 0.080126 0.119225
v -0.043995 0.080126 0.119225
v -0.043995 0.080126 0.119225
v -0.043995 0.080126 0.119225
v -0.043995 0.080126 0.119225
v -0.043008 0.080522 0.120085
v -0.043008 0.080522 0.120085
v -0.043008 0.080522 0.120085
v -0.043008 0.080522 0.120085
v -0.043008 0.080522 0.120085
v -0.043008 0.080522 0.120085
v -0.044379 0.079362 0.118222
v -0.044379 0.079362 0.118222
v -0.044319 0.079454 0.118451
v -0.044319 0.079454 0.118451
v -0.044275 0.079745 0.118558
v -0.044275 0.079745 0.118558
v -0.043919 0.080363 0.119898
v -0.043919 0.080363 0.119898
v -0.044167 0.080173 0.119826
v -0.044167 0.080173 0.119826
v -0.044167 0.080173 0.119826
v -0.044167 0.080173 0.119826
v -0.043746 0.080149 0.119724
v -0.043746 0.080149 0.119724
v -0.043746 0.080100 0.119578
v -0.043746 0.080100 0.119578
v -0.043746 0.080100 0.119578
v -0.043746 0.080100 0.119578
v -0.043746 0.080100 0.119578
v -0.043615 0.080141 0.119692
v -0.043615 0.080141 0.119692
v -0.043615 0.080141 0.119692
v -0.041137 0.082170 0.120963
v -0.043921 0.080528 0.120902
v -0.043921 0.080528 0.120902
v -0.043397 0.080375 0.119935
v -0.043397 0.080375 0.119935
v -0.043397 0.080375 0.119935
v -0.043397 0.080375 0.119935
v -0.043670 0.080197 0.119865
v -0.043670 0.080197 0.119865
v -0.043670 0.080197 0.119865
v -0.043670 0.080197 0.119865
v -0.043670 0.080197 0.119865
v -0.043430 0.080216 0.120062
v -0.043430 0.080216 0.120062
v -0.043430 0.080216 0.120062
v -0.043501 0.081019 0.121161
v -0.043501 0.081019 0.121161
v -0.043501 0.081019 0.121161
v -0.043301 0.080906 0.120722
v -0.043301 0.080906 0.120722
v -0.043301 0.080906 0.120722
v -0.043301 0.080906 0.120722
v -0.043501 0.080422 0.120993
v -0.043501 0.080422 0.120993
v -0.043319 0.080400 0.120428
v -0.043319 0.080400 0.120428
v -0.043301 0.080344 0.120272
v -0.043301 0.080344 0.120272
v -0.043301 0.080344 0.120272
v -0.043301 0.080344 0.120272
v -0.043164 0.080365 0.120327
v -0.043164 0.080365 0.120327
v -0.042994 0.080412 0.120542
v -0.042994 0.080412 0.120542
v -0.042994 0.080412 0.120542
v -0.042994 0.080412 0.120542
v -0.042994 0.080412 0.120542
v -0.042860 0.080922 0.121164
v -0.042860 0.080922 0.121164
v -0.042860 0.080922 0.121164
v -0.042860 0.080922 0.121164
v -0.043196 0.080482 0.120676
v -0.043196 0.080482 0.120676
v -0.043196 0.080482 0.120676
v -0.043196 0.080482 0.120676
v -0.042900 0.080617 0.121066
v -0.042900 0.080617 0.121066
v -0.042900 0.080617 0.121066
v -0.042952 0.080463 0.120602
v -0.042952 0.080463 0.120602
v -0.042952 0.080463 0.120602
v -0.042952 0.080463 0.120602
v -0.042952 0.080463 0.120602
v -0.043073 0.080569 0.120652
v -0.043073 0.080569 0.120652
v -0.043073 0.080569 0.120652
v -0.043073 0.080569 0.120652
v -0.043073 0.080569 0.120652
v -0.043073 0.080569 0.120652
v -0.043101 0.080704 0.121346
v -0.043101 0.080704 0.121346
v -0.042482 0.080846 0.120973
v -0.042777 0.080580 0.120902
v -0.042777 0.080580 0.120902
v -0.042777 0.080580 0.120902
v -0.042401 0.080569 0.121029
v -0.042401 0.080569 0.121029
v -0.042036 0.080751 0.121469
v -0.042036 0.080751 0.121469
v -0.038063 0.083767 0.123579
v -0.039743 0.081988 0.123312
v -0.039743 0.081988 0.123312
v -0.029376 0.087179 0.126895
v -0.023945 0.087517 0.126983
v -0.023945 0.087517 0.126983
v -0.022886 0.088601 0.126327
v -0.016419 0.088590 0.124325
v -0.016419 0.088590 0.124325
v -0.035388 0.085038 0.125384
v -0.031573 0.086195 0.126881
v -0.026735 0.086694 0.126514
v -0.029388 0.085916 0.126404
v -0.028726 0.086187 0.128207
v -0.026470 0.087780 0.127238
v -0.026092 0.086646 0.127392
v -0.026092 0.086646 0.127392
v -0.025862 0.087242 0.127529
v -0.025862 0.087242 0.127529
v -0.022866 0.087857 0.127262
v -0.022866 0.087857 0.127262
v -0.019311 0.088531 0.125923
v -0.012402 0.088706 0.121032
v -0.012402 0.088706 0.121032
v -0.008841 0.089403 0.115511
v -0.005445 0.088499 0.114257
v -0.005445 0.088499 0.114257
v -0.011766 0.089638 0.120162
v -0.009934 0.088677 0.118557
v -0.009934 0.088677 0.118557
v -0.009930 0.089244 0.118772
v -0.008575 0.088631 0.116639
v -0.008575 0.088631 0.116639
v -0.008575 0.088631 0.116639
v -0.007605 0.089074 0.115190
v -0.007605 0.089074 0.115190
v -0.007605 0.089074 0.115190
v -0.007605 0.089074 0.115190
v -0.006673 0.089041 0.114679
v -0.006673 0.089041 0.114679
v -0.007431 0.088595 0.115145
v -0.007431 0.088595 0.115145
v -0.007000 0.088987 0.115308
v -0.007000 0.088987 0.115308
v -0.006327 0.088862 0.115355
v -0.006327 0.088862 0.115355
v -0.006327 0.088862 0.115355
v -0.006348 0.089038 0.115375
v -0.006348 0.089038 0.115375
v -0.006348 0.089038 0.115375
v -0.005784 0.089153 0.116642
v -0.004044 0.089680 0.117259
v -0.005626 0.088664 0.116578
v -0.006005 0.088901 0.116668
v -0.006005 0.088901 0.116668
v -0.004611 0.089241 0.117733
v -0.004611 0.089241 0.117733
v -0.004611 0.089241 0.117733
v -0.004186 0.088729 0.117494
v -0.015094 0.089519 0.122791
v -0.016641 0.089184 0.124350
v -0.013961 0.089265 0.122502
v -0.004490 0.089180 0.118818
v -0.004490 0.089180 0.118818
v -0.004148 0.089551 0.118976
v -0.004148 0.089551 0.118976
v -0.003372 0.089246 0.119769
v -0.003372 0.089246 0.119769
v 0.004131 0.089101 0.113008
v -0.001047 0.089001 0.121165
v -0.001047 0.089001 0.121165
v 0.013711 0.086624 0.107131
v 0.011417 0.088558 0.118357
v 0.011681 0.087948 0.109014
v -0.002246 0.089843 0.119610
v -0.003845 0.089448 0.119635
v -0.003845 0.089448 0.119635
v -0.003239 0.089483 0.119860
v -0.003239 0.089483 0.119860
v -0.002719 0.089085 0.120258
v -0.002719 0.089085 0.120258
v -0.002884 0.089406 0.120248
v -0.002884 0.089406 0.120248
v -0.002513 0.089771 0.120841
v -0.002603 0.089538 0.121020
v -0.002603 0.089538 0.121020
v -0.001095 0.089735 0.122348
v -0.001095 0.089735 0.122348
v 0.000580 0.089970 0.122305
v -0.002114 0.089546 0.121419
v -0.002114 0.089546 0.121419
v -0.002114 0.089546 0.121419
v -0.001792 0.089704 0.121939
v -0.001792 0.089704 0.121939
v -0.001643 0.089582 0.122281
v -0.001643 0.089582 0.122281
v -0.000376 0.089649 0.122954
v -0.000376 0.089649 0.122954
v 0.001089 0.089088 0.123151
v 0.000950 0.089829 0.123376
v 0.000950 0.089829 0.123376
v 0.000950 0.089829 0.123376
v 0.000994 0.089712 0.124038
v 0.000994 0.089712 0.124038
v 0.001670 0.089490 0.124568
v 0.001670 0.089490 0.124568
v 0.001741 0.089881 0.124494
v 0.003608 0.089952 0.124680
v 0.003295 0.089004 0.124174
v 0.003295 0.089004 0.124174
v 0.006791 0.089768 0.126648
v 0.006791 0.089768 0.126648
v 0.003087 0.089888 0.125122
v 0.003087 0.089888 0.125122
v 0.003036 0.089662 0.125050
v 0.004484 0.089244 0.126090
v 0.004211 0.089733 0.125956
v 0.004211 0.089733 0.125956
v 0.011163 0.088287 0.126598
v 0.011163 0.088287 0.126598
v 0.007638 0.089044 0.127122
v 0.007638 0.089044 0.127122
v 0.010734 0.089362 0.127583
v 0.010044 0.088776 0.127842
v 0.010044 0.088776 0.127842
v 0.011543 0.088265 0.127650
v 0.014862 0.088529 0.127818
v 0.012707 0.088635 0.128152
v 0.012707 0.088635 0.128152
v 0.016129 0.087503 0.127943
v 0.015515 0.087956 0.128128
v -0.041279 0.081521 0.122332
v -0.039606 0.082466 0.123756
v -0.039606 0.082466 0.123756
v -0.037555 0.083422 0.125004
v -0.037555 0.083422 0.125004
v -0.036925 0.083596 0.125566
v -0.036925 0.083596 0.125566
v -0.037958 0.083089 0.124853
v -0.037958 0.083089 0.124853
v -0.034095 0.084757 0.126559
v -0.034095 0.084757 0.126559
v -0.031488 0.085514 0.127341
v -0.031488 0.085514 0.127341
v -0.030793 0.085820 0.127670
v -0.030793 0.085820 0.127670
v -0.029281 0.085575 0.127884
v -0.029281 0.085575 0.127884
v -0.028051 0.085323 0.126938
v -0.028148 0.085131 0.127817
v -0.027423 0.085168 0.128422
v -0.027423 0.085168 0.128422
v -0.026814 0.085088 0.127809
v -0.026814 0.085088 0.127809
v -0.027133 0.085935 0.128457
v -0.094715 0.004317 0.122099
v -0.092709 0.011183 0.116100
v -0.092709 0.011183 0.116100
v -0.092709 0.011183 0.116100
v -0.092709 0.011183 0.116100
v -0.092989 0.010358 0.116958
v -0.093970 0.007758 0.119238
v -0.093225 0.008714 0.118776
v -0.092424 0.009942 0.117202
v -0.092424 0.009942 0.117202
v -0.092424 0.009942 0.117202
v -0.092424 0.009942 0.117202
v -0.093039 0.008271 0.119272
v -0.093039 0.008271 0.119272
v -0.093137 0.006610 0.118729
v -0.093137 0.006610 0.118729
v -0.093827 0.007379 0.120197
v -0.093736 0.005711 0.121414
v -0.094257 0.001008 0.123723
v -0.094257 0.001008 0.123723
v -0.092837 -0.000435 0.109627
v -0.094108 -0.002108 0.112592
v -0.095461 -0.002016 0.124770
v -0.094565 -0.006407 0.123974
v -0.094692 0.001973 0.123626
v -0.094860 -0.000816 0.124734
v -0.094860 -0.000816 0.124734
v -0.092712 -0.016720 0.107901
v -0.095320 -0.011259 0.125212
v -0.094353 -0.008537 0.115364
v -0.094545 -0.016416 0.123878
v -0.094545 -0.016416 0.123878
v -0.094082 -0.021286 0.121462
v -0.094566 -0.019355 0.122768
v -0.093796 -0.019407 0.122131
v -0.095057 -0.017739 0.123715
v -0.095057 -0.017739 0.123715
v -0.094682 -0.018897 0.123220
v -0.094440 -0.019261 0.123222
v -0.094440 -0.019261 0.123222
v -0.094241 -0.020802 0.122261
v -0.095043 -0.017466 0.124349
v -0.095043 -0.017466 0.124349
v -0.093333 -0.020213 0.122248
v -0.094781 -0.014534 0.125534
v -0.094781 -0.014534 0.125534
v -0.094781 -0.014534 0.125534
v -0.093542 -0.017494 0.123044
v -0.093542 -0.017494 0.123044
v -0.095565 -0.006469 0.125166
v -0.094226 -0.009482 0.125412
v -0.094226 -0.009482 0.125412
v -0.094505 -0.005656 0.125387
v -0.094505 -0.005656 0.125387
v -0.095359 -0.008426 0.125703
v -0.094548 -0.010735 0.125775
v -0.094592 -0.007670 0.125788
v -0.094766 -0.004202 0.125615
v -0.094766 -0.004202 0.125615
v -0.095434 -0.005633 0.125505
v -0.094987 -0.012838 0.125414
v -0.094987 -0.012838 0.125414
v -0.094987 -0.012838 0.125414
v -0.095365 -0.014479 0.125238
v -0.094280 -0.012914 0.124742
v -0.095120 -0.013273 0.125566
v -0.095120 -0.013273 0.125566
v -0.095304 -0.014310 0.125677
v -0.095304 -0.014310 0.125677
v -0.093505 -0.023718 0.119425
v -0.093506 -0.022534 0.120853
v -0.093141 -0.022090 0.120036
v -0.091908 0.000718 0.094816
v -0.093941 -0.007969 0.102577
v -0.092905 -0.004680 0.101830
v -0.092837 -0.008289 0.101205
v -0.093928 -0.006038 0.103162
v -0.093074 -0.002709 0.103690
v -0.092220 -0.010610 0.098528
v -0.092889 -0.010176 0.102469
v -0.093489 -0.004494 0.104742
v -0.094234 -0.005995 0.105446
v -0.094116 -0.008980 0.104602
v -0.093513 -0.005266 0.106689
v -0.094274 -0.008073 0.106234
v -0.093548 -0.006894 0.107248
v -0.093498 -0.008702 0.107010
v -0.092152 -0.020240 0.099412
v -0.091219 -0.019582 0.099395
v -0.093110 -0.010693 0.105253
v -0.094374 -0.023400 0.102912
v -0.094627 -0.022626 0.101401
v -0.094454 -0.025587 0.104277
v -0.094191 -0.024572 0.104108
v -0.093882 -0.026458 0.105055
v -0.091318 -0.021465 0.101368
v -0.092850 -0.022483 0.102434
v -0.091501 -0.022387 0.102192
v -0.091104 -0.022366 0.102955
v -0.093902 -0.028195 0.102673
v -0.092544 -0.023593 0.103312
v -0.091543 -0.023287 0.102724
v -0.091543 -0.023287 0.102724
v -0.091543 -0.023287 0.102724
v -0.091700 -0.023817 0.102589
v -0.093267 -0.025955 0.104852
v -0.092353 -0.025531 0.104157
v -0.090699 -0.025309 0.104136
v -0.091120 -0.025453 0.103788
v -0.090896 -0.026588 0.108556
v -0.092646 0.011739 0.114893
v -0.092646 0.011739 0.114893
v -0.092222 0.011127 0.115838
v -0.092222 0.011127 0.115838
v -0.092222 0.011127 0.115838
v -0.092641 0.010737 0.116510
v -0.092641 0.010737 0.116510
v -0.092641 0.010737 0.116510
v -0.092583 0.011289 0.116268
v -0.092583 0.011289 0.116268
v -0.092583 0.011289 0.116268
v -0.094050 -0.028270 0.102211
v -0.093975 -0.028811 0.104900
v -0.093482 -0.029642 0.105072
v -0.092669 -0.028069 0.105092
v -0.092105 -0.027743 0.104417
v -0.092084 -0.030452 0.104660
v -0.091226 -0.027457 0.103944
v -0.090096 -0.027804 0.104212
v -0.090077 -0.028661 0.103623
v -0.091336 -0.028848 0.103734
v -0.091288 -0.030733 0.103537
v -0.090463 -0.029589 0.103104
v -0.089417 -0.030356 0.102549
v -0.089417 -0.030356 0.102549
v -0.089417 -0.030356 0.102549
v -0.089417 -0.030356 0.102549
v -0.092289 -0.032631 0.103717
v -0.090136 -0.031493 0.102503
v -0.090136 -0.031493 0.102503
v -0.089965 -0.031121 0.102203
v -0.089965 -0.031121 0.102203
v -0.089917 -0.031162 0.110402
v -0.089917 -0.031162 0.110402
v -0.089087 -0.030727 0.103485
v -0.089087 -0.030727 0.103485
v -0.089087 -0.030727 0.103485
v -0.089914 -0.029145 0.112081
v -0.090123 -0.030417 0.115402
v -0.090123 -0.030417 0.115402
v -0.091548 -0.025964 0.112691
v -0.090744 -0.027532 0.110666
v -0.090477 -0.026829 0.113031
v -0.091081 -0.025555 0.115568
v -0.090544 -0.027685 0.112705
v -0.090435 -0.030521 0.112286
v -0.090435 -0.030521 0.112286
v -0.090802 -0.027014 0.113355
v -0.090802 -0.027014 0.113355
v -0.090802 -0.027014 0.113355
v -0.090554 -0.027155 0.113339
v -0.090554 -0.027155 0.113339
v -0.090554 -0.027155 0.113339
v -0.090574 -0.027763 0.113375
v -0.090574 -0.027763 0.113375
v -0.090648 -0.027985 0.113359
v -0.090648 -0.027985 0.113359
v -0.090518 -0.028288 0.113034
v -0.090524 -0.028139 0.113289
v -0.090524 -0.028139 0.113289
v -0.090645 -0.029686 0.113405
v -0.090645 -0.029686 0.113405
v -0.090408 -0.028308 0.113165
v -0.090408 -0.028308 0.113165
v -0.090408 -0.028308 0.113165
v -0.090380 -0.029302 0.113790
v -0.090380 -0.029302 0.113790
v -0.090380 -0.029302 0.113790
v -0.090589 -0.030011 0.114690
v -0.090682 -0.031962 0.117107
v -0.091968 -0.024984 0.116902
v -0.091467 -0.025931 0.115247
v -0.091467 -0.025931 0.115247
v -0.091373 -0.025741 0.116115
v -0.091373 -0.025741 0.116115
v -0.091373 -0.025741 0.116115
v -0.091373 -0.025741 0.116115
v -0.091765 -0.025791 0.117098
v -0.091765 -0.025791 0.117098
v -0.091765 -0.025791 0.117098
v -0.091765 -0.025791 0.117098
v -0.091730 -0.025691 0.116413
v -0.091730 -0.025691 0.116413
v -0.091730 -0.025691 0.116413
v -0.091791 -0.025877 0.116566
v -0.091791 -0.025877 0.116566
v -0.091791 -0.025877 0.116566
v -0.092298 -0.025693 0.117352
v -0.092298 -0.025693 0.117352
v -0.090907 -0.026799 0.114044
v -0.090907 -0.026799 0.114044
v -0.090907 -0.026799 0.114044
v -0.090907 -0.026799 0.114044
v -0.090907 -0.026799 0.114044
v -0.090588 -0.026504 0.114068
v -0.090588 -0.026504 0.114068
v -0.090588 -0.026504 0.114068
v -0.090986 -0.026434 0.114652
v -0.090986 -0.026434 0.114652
v -0.090740 -0.026597 0.114444
v -0.090740 -0.026597 0.114444
v -0.090740 -0.026597 0.114444
v -0.090710 -0.027081 0.113808
v -0.090710 -0.027081 0.113808
v -0.090832 -0.026910 0.114275
v -0.090832 -0.026910 0.114275
v -0.090362 -0.030744 0.116211
v -0.090362 -0.030744 0.116211
v -0.087846 -0.039088 0.121609
v -0.090591 -0.032436 0.116733
v -0.089914 -0.032106 0.117681
v -0.089522 -0.034199 0.119567
v -0.089522 -0.034199 0.119567
v -0.090037 -0.033900 0.119656
v -0.090037 -0.033900 0.119656
v -0.089976 -0.035478 0.119884
v -0.089809 -0.035068 0.120563
v -0.089809 -0.035068 0.120563
v -0.089029 -0.038929 0.122643
v -0.089595 -0.036930 0.121748
v -0.088920 -0.037083 0.122006
v -0.088920 -0.037083 0.122006
v -0.083815 -0.044109 0.106602
v -0.083452 -0.045030 0.106315
v -0.082434 -0.046856 0.107528
v -0.081371 -0.048611 0.106594
v -0.085125 -0.045652 0.119796
v -0.085350 -0.044911 0.123982
v -0.081944 -0.050403 0.124094
v -0.081239 -0.048927 0.108113
v -0.081936 -0.051594 0.122985
v -0.081936 -0.051594 0.122985
v -0.087954 -0.041713 0.124087
v -0.086626 -0.044663 0.124955
v -0.086626 -0.044663 0.124955
v -0.077644 -0.056831 0.121701
v -0.077644 -0.056831 0.121701
v -0.078359 -0.054944 0.122898
v -0.092586 -0.024845 0.118811
v -0.093244 -0.023881 0.119836
v -0.093244 -0.023881 0.119836
v -0.091710 -0.023756 0.118202
v -0.091710 -0.023756 0.118202
v -0.088867 -0.038600 0.122988
v -0.087562 -0.040916 0.124163
v -0.087562 -0.040916 0.124163
v -0.086296 -0.043708 0.124987
v -0.087579 -0.041795 0.124547
v -0.086957 -0.042826 0.124838
v -0.086957 -0.042826 0.124838
v -0.086649 -0.043967 0.125165
v -0.086649 -0.043967 0.125165
v -0.084940 -0.046418 0.125672
v -0.085093 -0.047079 0.125745
v -0.084360 -0.048831 0.125498
v -0.082778 -0.049943 0.125428
v -0.083479 -0.049940 0.125689
v -0.081161 -0.053155 0.124676
v -0.081161 -0.053155 0.124676
v -0.081161 -0.053155 0.124676
v -0.081161 -0.053155 0.124676
v -0.081065 -0.052439 0.124957
v -0.079693 -0.055093 0.124106
v -0.079693 -0.055093 0.124106
v -0.080005 -0.054335 0.124329
v -0.078825 -0.054810 0.123698
v -0.079074 -0.055469 0.123711
v -0.079074 -0.055469 0.123711
v -0.077827 -0.057304 0.122754
v -0.077827 -0.057304 0.122754
v -0.077619 -0.056553 0.123162
v -0.071099 -0.061509 0.113950
v -0.069327 -0.063101 0.111775
v -0.069327 -0.063101 0.111775
v -0.073831 -0.059462 0.119182
v -0.072672 -0.061452 0.116862
v -0.072672 -0.061452 0.116862
v -0.071122 -0.062625 0.113857
v -0.074280 -0.060158 0.119128
v -0.074280 -0.060158 0.119128
v -0.071496 -0.061388 0.115801
v -0.071937 -0.061973 0.115789
v -0.071937 -0.061973 0.115789
v -0.070111 -0.062738 0.113337
v -0.070199 -0.063189 0.113247
v -0.070199 -0.063189 0.113247
v -0.069702 -0.063447 0.113271
v -0.069702 -0.063447 0.113271
v -0.070280 -0.062967 0.113860
v -0.070280 -0.062967 0.113860
v -0.070280 -0.062967 0.113860
v -0.069805 -0.063155 0.113243
v -0.069805 -0.063155 0.113243
v -0.069805 -0.063155 0.113243
v -0.069304 -0.063469 0.113404
v -0.069304 -0.063469 0.113404
v -0.069037 -0.064574 0.113960
v -0.068937 -0.063901 0.113804
v -0.068937 -0.063901 0.113804
v -0.068937 -0.063901 0.113804
v -0.071115 -0.062581 0.114868
v -0.071115 -0.062581 0.114868
v -0.070545 -0.062452 0.114772
v -0.070629 -0.061859 0.114464
v -0.068637 -0.064328 0.115046
v -0.068637 -0.064328 0.115046
v -0.068485 -0.065035 0.116375
v -0.067564 -0.065485 0.117530
v -0.067564 -0.065485 0.117530
v -0.067467 -0.066779 0.117997
v -0.063728 -0.069192 0.119383
v -0.076001 -0.058963 0.121097
v -0.076001 -0.058963 0.121097
v -0.076001 -0.058963 0.121097
v -0.076001 -0.058963 0.121097
v -0.071924 -0.061563 0.116665
v -0.072342 -0.061073 0.117065
v -0.073723 -0.060359 0.119179
v -0.075578 -0.058938 0.121136
v -0.075578 -0.058938 0.121136
v -0.075578 -0.058938 0.121136
v -0.076930 -0.057832 0.122469
v -0.067406 -0.066195 0.118855
v -0.067406 -0.066195 0.118855
v -0.066543 -0.066724 0.119871
v -0.066543 -0.066724 0.119871
v -0.066315 -0.067999 0.120233
v -0.066155 -0.067357 0.120077
v -0.066155 -0.067357 0.120077
v -0.065926 -0.067913 0.120881
v -0.065926 -0.067913 0.120881
v -0.064886 -0.068476 0.121130
v -0.064886 -0.068476 0.121130
v -0.064320 -0.070226 0.122607
v -0.062557 -0.070840 0.123851
v -0.062557 -0.070840 0.123851
v -0.065412 -0.068630 0.121394
v -0.065412 -0.068630 0.121394
v -0.064130 -0.069707 0.122929
v -0.064130 -0.069707 0.122929
v -0.061998 -0.072030 0.124810
v -0.061025 -0.073256 0.125104
v -0.080614 -0.053648 0.124617
v -0.057043 -0.075152 0.118781
v -0.053721 -0.076026 0.108912
v -0.058023 -0.074441 0.124952
v -0.053532 -0.076240 0.108100
v -0.052289 -0.078305 0.120477
v -0.052694 -0.077847 0.125753
v -0.052694 -0.077847 0.125753
v -0.059921 -0.073387 0.125608
v -0.059921 -0.073387 0.125608
v -0.058906 -0.074964 0.126182
v -0.058906 -0.074964 0.126182
v -0.056129 -0.076890 0.126610
v -0.056129 -0.076890 0.126610
v -0.056129 -0.076890 0.126610
v -0.045101 -0.081977 0.123822
v -0.053525 -0.078445 0.126624
v -0.054591 -0.077779 0.126356
v -0.049453 -0.080443 0.125705
v -0.046995 -0.080343 0.123677
v -0.046995 -0.080343 0.123677
v -0.046779 -0.081369 0.124949
v -0.034347 -0.084317 0.111150
v -0.037682 -0.083821 0.117002
v -0.036611 -0.083208 0.116055
v -0.035150 -0.083440 0.113841
v -0.035150 -0.083440 0.113841
v -0.035216 -0.083998 0.113985
v -0.035216 -0.083998 0.113985
v -0.033936 -0.083726 0.114058
v -0.040213 -0.083308 0.120259
v -0.038850 -0.083665 0.119121
v -0.038535 -0.082928 0.118618
v -0.038535 -0.082928 0.118618
v -0.045055 -0.081387 0.124173
v -0.043067 -0.082423 0.122910
v -0.040623 -0.082566 0.121093
v -0.040478 -0.083158 0.121021
v -0.040478 -0.083158 0.121021
v -0.039247 -0.083304 0.119738
v -0.039247 -0.083304 0.119738
v -0.038218 -0.083476 0.118927
v -0.038218 -0.083476 0.118927
v -0.036634 -0.083423 0.116947
v -0.036634 -0.083423 0.116947
v -0.036634 -0.083423 0.116947
v -0.035629 -0.083866 0.114690
v -0.035654 -0.083624 0.114919
v -0.035654 -0.083624 0.114919
v -0.037375 -0.083692 0.117449
v -0.037375 -0.083692 0.117449
v -0.034958 -0.083903 0.114272
v -0.034958 -0.083903 0.114272
v -0.034958 -0.083903 0.114272
v -0.034117 -0.084339 0.114174
v -0.034117 -0.084339 0.114174
v -0.034117 -0.084339 0.114174
v -0.034117 -0.084339 0.114174
v -0.033731 -0.084094 0.115568
v -0.034064 -0.084545 0.115411
v -0.034064 -0.084545 0.115411
v -0.032869 -0.084940 0.116603
v -0.032869 -0.084940 0.116603
v -0.032707 -0.084618 0.117088
v -0.030947 -0.084835 0.119039
v -0.032187 -0.085172 0.117806
v -0.030846 -0.085699 0.119666
v -0.030846 -0.085699 0.119666
v -0.031363 -0.085016 0.119201
v -0.031363 -0.085016 0.119201
v -0.030188 -0.085502 0.120664
v -0.057498 -0.075323 0.126548
v -0.057498 -0.075323 0.126548
v -0.053599 -0.077742 0.126785
v -0.053599 -0.077742 0.126785
v -0.053599 -0.077742 0.126785
v -0.053599 -0.077742 0.126785
v -0.050694 -0.079635 0.126312
v -0.050655 -0.079132 0.126324
v -0.050655 -0.079132 0.126324
v -0.048049 -0.080388 0.125551
v -0.048049 -0.080388 0.125551
v -0.017654 -0.088005 0.104981
v -0.018092 -0.088052 0.106979
v -0.013462 -0.090118 0.121507
v -0.017840 -0.087983 0.113797
v -0.016720 -0.089106 0.107103
v -0.016780 -0.088514 0.108775
v -0.029487 -0.085970 0.121368
v -0.029167 -0.085472 0.121415
v -0.028320 -0.086535 0.122458
v -0.025682 -0.087408 0.124370
v -0.025682 -0.087408 0.124370
v -0.020461 -0.088477 0.119185
v -0.019016 -0.088572 0.126803
v -0.015669 -0.089304 0.105178
v -0.015341 -0.089666 0.108308
v -0.014104 -0.089616 0.105376
v -0.013982 -0.088708 0.103786
v -0.010822 -0.089089 0.106225
v -0.002855 -0.089719 0.106564
v -0.012057 -0.088992 0.104852
v -0.012539 -0.089803 0.106900
v -0.013454 -0.089910 0.108074
v -0.014431 -0.088987 0.109525
v -0.011537 -0.089302 0.108550
v -0.003599 -0.089745 0.114398
v -0.008156 -0.090235 0.114000
v -0.008877 -0.089478 0.114514
v -0.028587 -0.085720 0.122269
v -0.028587 -0.085720 0.122269
v -0.028339 -0.086051 0.122717
v -0.028339 -0.086051 0.122717
v -0.025595 -0.086678 0.124202
v -0.026923 -0.086768 0.123807
v -0.026923 -0.086768 0.123807
v -0.001066 -0.091051 0.121966
v -0.005493 -0.091002 0.122648
v 0.003220 -0.090438 0.116933
v -0.024813 -0.087432 0.125234
v -0.024813 -0.087432 0.125234
v -0.020231 -0.089066 0.126732
v -0.020231 -0.089066 0.126732
v -0.023735 -0.088029 0.125457
v -0.023457 -0.087555 0.125777
v -0.023457 -0.087555 0.125777
v -0.022410 -0.088518 0.126190
v -0.022410 -0.088518 0.126190
v -0.021020 -0.088434 0.126899
v -0.021020 -0.088434 0.126899
v -0.013728 -0.089758 0.127370
v -0.016854 -0.089491 0.127736
v -0.016854 -0.089491 0.127736
v -0.016346 -0.090053 0.127643
v -0.016346 -0.090053 0.127643
v -0.012491 -0.090287 0.127793
v -0.012491 -0.090287 0.127793
v -0.010840 -0.090925 0.127419
v -0.010840 -0.090925 0.127419
v -0.007392 -0.090452 0.125762
v -0.009293 -0.090690 0.127140
v -0.009293 -0.090690 0.127140
v -0.008745 -0.091170 0.126556
v -0.008745 -0.091170 0.126556
v -0.007839 -0.090897 0.126747
v -0.007839 -0.090897 0.126747
v -0.005927 -0.091249 0.125706
v -0.005927 -0.091249 0.125706
v -0.005723 -0.091040 0.125694
v -0.004188 -0.091317 0.124910
v -0.004188 -0.091317 0.124910
v -0.003849 -0.090984 0.124954
v -0.003849 -0.090984 0.124954
v -0.001178 -0.090314 0.122060
v -0.002187 -0.091167 0.123455
v 0.000082 -0.090161 0.120787
v 0.000082 -0.090161 0.120787
v 0.003044 -0.089445 0.113815
v 0.003044 -0.089445 0.113815
v 0.000977 -0.090056 0.119998
v 0.001572 -0.090750 0.119506
v 0.000296 -0.090920 0.121034
v 0.000296 -0.090920 0.121034
v 0.000296 -0.090920 0.121034
v 0.000296 -0.090920 0.121034
v 0.002154 -0.089825 0.117885
v 0.002729 -0.090497 0.118876
v 0.002144 -0.090242 0.119638
v 0.002144 -0.090242 0.119638
v 0.003092 -0.090101 0.118703
v 0.003092 -0.090101 0.118703
v -0.000944 -0.090825 0.122592
v -0.000944 -0.090825 0.122592
v -0.002116 -0.090907 0.123592
v -0.002116 -0.090907 0.123592
v 0.000981 -0.090506 0.120905
v 0.000981 -0.090506 0.120905
v 0.001234 -0.090652 0.120506
v 0.001234 -0.090652 0.120506
v 0.001234 -0.090652 0.120506
v 0.001990 -0.090397 0.120078
v 0.001990 -0.090397 0.120078
v 0.000357 -0.090866 0.121769
v 0.000357 -0.090866 0.121769
v -0.000145 -0.090818 0.122047
v -0.000145 -0.090818 0.122047
v 0.000539 -0.090767 0.121546
v 0.000539 -0.090767 0.121546
v 0.000539 -0.090767 0.121546
v -0.003238 0.082397 0.041998
v -0.000753 0.082726 0.044316
v 0.002553 0.083215 0.048322
v 0.006318 0.082324 0.042800
v 0.013498 0.083412 0.049884
v 0.005608 0.083473 0.053366
v 0.005066 0.082804 0.048015
v 0.007061 0.082872 0.048900
v 0.009094 0.082226 0.044691
v 0.014282 0.081707 0.047954
v 0.013036 0.082681 0.054013
v 0.014809 0.082003 0.051584
v 0.014207 0.080463 0.037854
v 0.013725 0.081136 0.039707
v 0.015880 0.080019 0.038973
v 0.012762 0.081247 0.042169
v 0.014741 0.081357 0.043200
v 0.015635 0.080157 0.040127
v 0.015145 0.080476 0.041438
v 0.018013 0.080184 0.040902
v 0.017633 0.080806 0.044293
v 0.016633 0.081005 0.042463
v 0.018408 0.080483 0.042263
v 0.020376 0.079085 0.036429
v 0.022099 0.079065 0.037614
v 0.023530 0.078790 0.038205
v 0.021879 0.079038 0.038605
v 0.020492 0.080019 0.041304
v 0.022561 0.079318 0.040962
v 0.026079 0.078560 0.039515
v 0.023944 0.079171 0.042778
v 0.020299 0.080359 0.046471
v 0.020102 0.080998 0.050248
v 0.020517 0.081386 0.056900
v 0.027647 0.078250 0.043878
v 0.027539 0.078741 0.046134
v 0.029075 0.079156 0.058891
v 0.008346 0.085137 0.077975
v 0.014243 0.083880 0.071756
v 0.014687 0.084857 0.072449
v 0.020614 0.083558 0.071970
v 0.029369 0.080184 0.058275
v 0.028641 0.079407 0.045070
v 0.021088 0.083026 0.081374
v 0.029995 0.080763 0.072781
v 0.032091 0.079150 0.064991
v 0.031768 0.087691 0.029920
v 0.033265 0.087783 0.029640
v 0.034889 0.085789 0.031726
v 0.035939 0.086570 0.032182
v 0.035939 0.086570 0.032182
v 0.027528 0.077778 0.037590
v 0.029940 0.078010 0.036817
v 0.031956 0.076109 0.038115
v 0.034838 0.076849 0.047031
v 0.036385 0.086875 0.031222
v 0.040121 0.083187 0.034802
v 0.038878 0.084372 0.034322
v 0.041084 0.081905 0.034073
v 0.040947 0.085198 0.034119
v 0.044315 0.080287 0.031796
v 0.044315 0.080287 0.031796
v 0.038128 0.086270 0.032676
v 0.040421 0.085195 0.035164
v 0.041418 0.084155 0.036424
v 0.040891 0.079714 0.030834
v 0.043665 0.080154 0.035137
v 0.041943 0.072542 0.032359
v 0.032563 0.076152 0.041573
v 0.043944 0.083870 0.037412
v 0.037477 0.074228 0.042398
v 0.043979 0.073255 0.055529
v 0.048231 0.069531 0.040989
v 0.044643 0.070153 0.038185
v 0.036608 0.075177 0.045749
v 0.037010 0.076295 0.048978
v 0.041996 0.072512 0.046749
v 0.045301 0.077536 0.030061
v 0.044691 0.076959 0.030586
v 0.046298 0.076974 0.034249
v 0.047786 0.077091 0.032055
v 0.046392 0.076955 0.030844
v 0.047614 0.076246 0.031987
v 0.046596 0.075972 0.032154
v 0.047429 0.075375 0.032672
v 0.047429 0.075375 0.032672
v 0.047007 0.076228 0.033867
v 0.048569 0.074620 0.033695
v 0.050015 0.075772 0.033461
v 0.045549 0.083152 0.037353
v 0.043992 0.076857 0.031524
v 0.049555 0.077870 0.040436
v 0.048999 0.076999 0.038569
v 0.051710 0.075282 0.035469
v 0.051710 0.075282 0.035469
v 0.048653 0.075041 0.035521
v 0.050912 0.073864 0.034337
v 0.050777 0.080403 0.041372
v 0.050952 0.074863 0.038254
v 0.052005 0.074578 0.035298
v 0.045194 0.082751 0.038825
v 0.046954 0.081090 0.040285
v 0.046386 0.080142 0.039060
v 0.049504 0.081311 0.041160
v 0.049756 0.078552 0.042068
v 0.048659 0.081097 0.041410
v 0.050408 0.080170 0.043081
v 0.050106 0.079843 0.042983
v 0.051674 0.077855 0.044241
v 0.052983 0.078524 0.045486
v 0.052983 0.078524 0.045486
v 0.055006 0.078026 0.046154
v 0.055347 0.074003 0.039986
v 0.050550 0.067187 0.032400
v 0.049700 0.066761 0.037641
v 0.052178 0.064731 0.034789
v 0.051022 0.073518 0.037852
v 0.046709 0.069217 0.042580
v 0.055010 0.065051 0.044646
v 0.052736 0.072901 0.036284
v 0.051301 0.073291 0.035484
v 0.053409 0.073736 0.036355
v 0.054884 0.072001 0.037883
v 0.055996 0.061518 0.034275
v 0.054371 0.064256 0.032054
v 0.059929 0.059509 0.032447
v 0.056497 0.063029 0.037103
v 0.053554 0.064023 0.039034
v 0.056518 0.061602 0.039573
v 0.058415 0.059212 0.035630
v 0.059443 0.059239 0.040658
v 0.046576 0.069735 0.045518
v 0.049849 0.069884 0.059391
v 0.051035 0.066928 0.047714
v 0.053584 0.064725 0.044797
v 0.050851 0.068002 0.058926
v 0.056503 0.072318 0.039323
v 0.056503 0.072318 0.039323
v 0.053851 0.072140 0.039916
v 0.057114 0.070022 0.040924
v 0.054664 0.071407 0.038560
v 0.055772 0.070630 0.040489
v 0.057746 0.070319 0.040597
v 0.058583 0.070649 0.041211
v 0.055074 0.073001 0.043032
v 0.054436 0.075766 0.046181
v 0.055241 0.077676 0.045342
v 0.059481 0.071316 0.044104
v 0.060627 0.069366 0.043295
v 0.060627 0.069366 0.043295
v 0.060069 0.068848 0.042857
v 0.056831 0.061959 0.044421
v 0.060970 0.059339 0.040427
v 0.061532 0.060144 0.052052
v 0.062535 0.056738 0.044926
v 0.052996 0.066631 0.046606
v 0.055260 0.064109 0.050950
v 0.059663 0.067961 0.044105
v 0.057480 0.069537 0.042331
v 0.037218 0.076950 0.076146
v 0.036861 0.077343 0.062825
v 0.041880 0.073829 0.063874
v 0.045242 0.071744 0.060821
v 0.032490 0.079366 0.072372
v 0.050457 0.069274 0.071952
v 0.054234 0.076777 0.046685
v 0.056269 0.064634 0.051463
v 0.056613 0.063932 0.062192
v 0.055457 0.076663 0.047819
v 0.058312 0.075806 0.048790
v 0.057087 0.075153 0.049564
v 0.056872 0.074341 0.048930
v 0.057333 0.071687 0.045414
v 0.059339 0.071059 0.049033
v 0.058911 0.072329 0.050315
v 0.061025 0.073841 0.051686
v 0.063727 0.068068 0.048578
v 0.057769 0.075842 0.049369
v 0.061053 0.073408 0.052669
v 0.059707 0.071575 0.050341
v 0.059619 0.073162 0.051986
v 0.060424 0.071416 0.052683
v 0.059660 0.060477 0.051619
v 0.060675 0.067418 0.049345
v 0.059451 0.067860 0.047288
v 0.060196 0.066026 0.049043
v 0.060972 0.068232 0.048955
v 0.059677 0.069811 0.047854
v 0.062326 0.068036 0.051244
v 0.062319 0.066764 0.052997
v 0.061200 0.064384 0.052249
v 0.060706 0.065161 0.049710
v 0.061088 0.064073 0.051528
v 0.062951 0.061903 0.055159
v 0.056045 0.065776 0.063407
v 0.062449 0.071071 0.055104
v 0.064429 0.070955 0.055387
v 0.062057 0.069678 0.054257
v 0.064884 0.069951 0.057305
v 0.013936 0.085393 0.074030
v 0.023459 0.083298 0.074286
v 0.016390 0.085853 0.087484
v 0.013347 0.086392 0.087023
v 0.010737 0.086922 0.088605
v 0.015402 0.084983 0.090624
v 0.017520 0.085857 0.090352
v 0.029794 0.080321 0.082459
v 0.032263 0.080332 0.074278
v 0.036284 0.078163 0.072800
v 0.031314 0.081399 0.085082
v 0.042606 0.077114 0.094503
v 0.010575 0.087151 0.091490
v 0.012555 0.087529 0.089618
v 0.014490 0.087073 0.088336
v 0.013488 0.087555 0.092065
v 0.015369 0.087208 0.091489
v 0.011952 0.087036 0.092981
v 0.015278 0.086567 0.093019
v 0.015926 0.086228 0.096803
v 0.016314 0.086596 0.089647
v 0.016951 0.086132 0.091383
v 0.017526 0.086085 0.095434
v 0.025140 0.084137 0.095133
v 0.013626 0.087055 0.102221
v 0.010186 0.087843 0.105542
v 0.012362 0.087500 0.103742
v 0.018717 0.085041 0.102086
v 0.014986 0.087088 0.103796
v 0.014021 0.088160 0.104745
v 0.022791 0.084603 0.096694
v 0.016630 0.086602 0.104338
v 0.024731 0.085254 0.115168
v 0.028393 0.082492 0.105606
v 0.034619 0.080801 0.095121
v 0.030812 0.082028 0.096908
v 0.032747 0.082259 0.111266
v 0.033466 0.080726 0.096938
v 0.035958 0.079945 0.096771
v 0.040310 0.078038 0.096888
v 0.033751 0.081290 0.104440
v 0.039696 0.079259 0.108888
v 0.040512 0.076628 0.074325
v 0.044699 0.073966 0.072023
v 0.045220 0.074138 0.074206
v 0.051198 0.069925 0.072629
v 0.046973 0.072672 0.087670
v 0.047999 0.072893 0.078787
v 0.049134 0.071987 0.075889
v 0.049850 0.072610 0.078585
v 0.051648 0.071424 0.076605
v 0.051273 0.070611 0.075239
v 0.049127 0.072314 0.080808
v 0.062755 0.062175 0.053982
v 0.063596 0.065026 0.056157
v 0.063848 0.056817 0.055472
v 0.063893 0.056262 0.053234
v 0.062756 0.059098 0.069823
v 0.063056 0.059864 0.066330
v 0.065374 0.056084 0.054743
v 0.065744 0.056412 0.063320
v 0.054419 0.068186 0.074228
v 0.051658 0.071736 0.080429
v 0.051427 0.070938 0.081496
v 0.053803 0.069115 0.080215
v 0.053865 0.068327 0.089730
v 0.056291 0.066276 0.072740
v 0.062611 0.060837 0.072854
v 0.059583 0.063404 0.085216
v 0.059896 0.063837 0.074553
v 0.063883 0.058884 0.068752
v 0.065936 0.057038 0.072806
v 0.063705 0.060329 0.074376
v 0.068692 0.055181 0.074211
v 0.067928 0.055336 0.072858
v 0.053762 0.068908 0.076884
v 0.052966 0.070582 0.079073
v 0.056135 0.068641 0.095207
v 0.065696 0.059668 0.086539
v 0.049119 0.073461 0.095177
v 0.046246 0.075255 0.112782
v 0.046073 0.075142 0.097168
v 0.051167 0.071827 0.107198
v 0.053264 0.070528 0.096928
v 0.050689 0.072876 0.103850
v 0.059190 0.066001 0.096875
v 0.053724 0.070797 0.103711
v 0.061046 0.064741 0.095495
v 0.064132 0.060632 0.098488
v 0.070789 0.054129 0.100530
v 0.065549 0.060365 0.097043
v 0.068986 0.057249 0.095502
v 0.072300 0.053616 0.095164
v 0.067168 0.058462 0.097035
v 0.069311 0.056612 0.096954
v 0.066606 0.061310 0.116517
v 0.060064 0.057547 0.034674
v 0.062586 0.057922 0.044619
v 0.061919 0.057084 0.032440
v 0.060165 0.057663 0.036159
v 0.062805 0.067870 0.045721
v 0.062726 0.066595 0.045638
v 0.062726 0.066595 0.045638
v 0.064387 0.064617 0.047795
v 0.064387 0.064617 0.047795
v 0.064329 0.065312 0.047074
v 0.065894 0.065303 0.049201
v 0.067406 0.062823 0.051047
v 0.064135 0.062597 0.052949
v 0.064135 0.062597 0.052949
v 0.069612 0.061816 0.053786
v 0.063279 0.067504 0.053748
v 0.066581 0.062641 0.050974
v 0.064250 0.067304 0.055813
v 0.064711 0.068522 0.058146
v 0.066000 0.066676 0.059481
v 0.068023 0.067487 0.059747
v 0.066143 0.067788 0.059756
v 0.067883 0.067083 0.060955
v 0.067386 0.067033 0.060818
v 0.060701 0.056291 0.033124
v 0.061712 0.055646 0.033895
v 0.060979 0.056654 0.034380
v 0.062811 0.054621 0.035467
v 0.062033 0.054873 0.032781
v 0.065181 0.052697 0.038558
v 0.063025 0.054982 0.037682
v 0.062366 0.055756 0.039208
v 0.063372 0.054515 0.038672
v 0.068949 0.048109 0.036178
v 0.063521 0.054665 0.040684
v 0.069755 0.047263 0.039672
v 0.072035 0.047060 0.043363
v 0.072035 0.047060 0.043363
v 0.072517 0.043032 0.035938
v 0.066918 0.051423 0.042663
v 0.073823 0.041242 0.039135
v 0.076667 0.040145 0.044285
v 0.073567 0.042706 0.042813
v 0.070425 0.047048 0.042364
v 0.063358 0.055156 0.042786
v 0.065570 0.053669 0.047540
v 0.067716 0.053239 0.049167
v 0.068063 0.050431 0.046143
v 0.070458 0.048014 0.049114
v 0.071624 0.045621 0.046193
v 0.070507 0.050269 0.052789
v 0.070507 0.050269 0.052789
v 0.072181 0.045779 0.047980
v 0.077165 0.037313 0.044646
v 0.075247 0.041709 0.050915
v 0.078862 0.032532 0.040406
v 0.080807 0.027500 0.038363
v 0.080276 0.030833 0.043167
v 0.081999 0.025657 0.040434
v 0.083384 0.026163 0.054618
v 0.078979 0.036351 0.057353
v 0.082207 0.031014 0.064089
v 0.064714 0.059673 0.056913
v 0.068336 0.061134 0.052792
v 0.069434 0.060957 0.053485
v 0.069469 0.059705 0.054390
v 0.070603 0.059382 0.055141
v 0.067735 0.054349 0.058467
v 0.067735 0.054349 0.058467
v 0.068291 0.051717 0.053999
v 0.071144 0.050859 0.062939
v 0.070813 0.048302 0.053457
v 0.072048 0.046915 0.054277
v 0.073432 0.046883 0.056809
v 0.065855 0.057777 0.059920
v 0.069260 0.057067 0.059618
v 0.069260 0.057067 0.059618
v 0.071497 0.058055 0.056706
v 0.066999 0.065557 0.061695
v 0.072867 0.062271 0.066314
v 0.074389 0.056633 0.060413
v 0.067946 0.055368 0.062344
v 0.067946 0.055368 0.062344
v 0.066297 0.057472 0.059759
v 0.072639 0.056456 0.058826
v 0.066996 0.055468 0.062597
v 0.066996 0.055468 0.062597
v 0.067543 0.055807 0.062907
v 0.067714 0.055052 0.062462
v 0.067714 0.055052 0.062462
v 0.067714 0.055052 0.062462
v 0.068575 0.054133 0.063012
v 0.067596 0.055257 0.062525
v 0.067596 0.055257 0.062525
v 0.067713 0.054902 0.065574
v 0.067544 0.055404 0.062737
v 0.067544 0.055404 0.062737
v 0.068480 0.054886 0.064606
v 0.068480 0.054886 0.064606
v 0.068680 0.054400 0.063109
v 0.068391 0.054500 0.065016
v 0.070692 0.051113 0.074972
v 0.069777 0.055561 0.061808
v 0.069810 0.052856 0.064671
v 0.069695 0.053260 0.064506
v 0.069695 0.053260 0.064506
v 0.073615 0.046769 0.069263
v 0.071182 0.051752 0.066331
v 0.071455 0.051082 0.066847
v 0.071954 0.059270 0.056720
v 0.072775 0.057471 0.057972
v 0.074613 0.055555 0.060528
v 0.074775 0.054067 0.061582
v 0.073031 0.054636 0.061341
v 0.075773 0.053326 0.062740
v 0.077672 0.052492 0.065395
v 0.077560 0.051746 0.065153
v 0.076114 0.051593 0.064552
v 0.076607 0.042890 0.061573
v 0.076689 0.041604 0.065021
v 0.079353 0.039160 0.066508
v 0.074509 0.047668 0.069546
v 0.075080 0.045866 0.065680
v 0.081423 0.034689 0.074187
v 0.082794 0.033606 0.072648
v 0.082362 0.023633 0.040086
v 0.083514 0.021966 0.042609
v 0.083068 0.021405 0.040675
v 0.084799 0.021138 0.046445
v 0.085013 0.016725 0.043740
v 0.086471 0.008003 0.044068
v 0.086713 0.015173 0.057037
v 0.084164 0.027981 0.059549
v 0.085816 0.020839 0.062942
v 0.086917 0.020272 0.063360
v 0.085807 0.022742 0.063051
v 0.088123 0.007861 0.060415
v 0.088720 0.012037 0.063289
v 0.089637 0.004211 0.064421
v 0.088574 0.002958 0.061776
v 0.088096 -0.002978 0.056651
v 0.090379 -0.002987 0.072489
v 0.085032 0.024792 0.068532
v 0.085432 0.027159 0.072369
v 0.086169 0.022765 0.075540
v 0.086209 0.023510 0.072341
v 0.087215 0.021218 0.072437
v 0.089479 0.008670 0.077470
v 0.089067 0.014193 0.072906
v 0.088236 0.016291 0.078394
v 0.090236 0.005527 0.072761
v 0.089864 0.002949 0.076309
v 0.089633 0.013299 0.074289
v 0.090963 0.007855 0.079361
v 0.090699 0.007611 0.076451
v 0.090894 0.005071 0.075187
v 0.090817 -0.004025 0.074372
v 0.091842 0.004811 0.076570
v 0.068473 0.064999 0.063697
v 0.070543 0.064444 0.064629
v 0.070518 0.063929 0.065211
v 0.069464 0.062142 0.065685
v 0.072161 0.060593 0.068846
v 0.074102 0.060253 0.069626
v 0.070149 0.052558 0.068568
v 0.070105 0.052996 0.067581
v 0.070105 0.052996 0.067581
v 0.071432 0.055218 0.069843
v 0.072484 0.050282 0.072935
v 0.073132 0.055595 0.071608
v 0.074942 0.055645 0.074107
v 0.074450 0.057823 0.072419
v 0.077398 0.050157 0.066202
v 0.076517 0.057503 0.071912
v 0.076260 0.057593 0.072790
v 0.080473 0.048609 0.070035
v 0.077218 0.055517 0.075386
v 0.079188 0.053798 0.076582
v 0.079330 0.052937 0.078541
v 0.072779 0.049959 0.068452
v 0.072026 0.051111 0.071108
v 0.072026 0.051111 0.071108
v 0.074561 0.047882 0.070073
v 0.074561 0.047882 0.070073
v 0.073572 0.049590 0.074385
v 0.073572 0.049590 0.074385
v 0.073572 0.049590 0.074385
v 0.073372 0.050045 0.073644
v 0.073372 0.050045 0.073644
v 0.073372 0.050045 0.073644
v 0.075713 0.047778 0.076739
v 0.075713 0.047778 0.076739
v 0.075811 0.049336 0.068770
v 0.077431 0.043410 0.072535
v 0.075980 0.045974 0.071071
v 0.079043 0.048942 0.068043
v 0.078772 0.047713 0.069778
v 0.080122 0.047640 0.069902
v 0.081144 0.045697 0.071706
v 0.082085 0.044882 0.073203
v 0.084245 0.042770 0.077284
v 0.079572 0.039782 0.072583
v 0.076179 0.045762 0.072253
v 0.076179 0.045762 0.072253
v 0.078261 0.043636 0.075110
v 0.078261 0.043636 0.075110
v 0.079295 0.041610 0.075012
v 0.079804 0.041682 0.076651
v 0.079804 0.041682 0.076651
v 0.079955 0.039863 0.087392
v 0.081737 0.044355 0.073613
v 0.083066 0.043434 0.075062
v 0.080613 0.043671 0.075130
v 0.082077 0.036021 0.074117
v 0.082476 0.036497 0.079576
v 0.080290 0.040932 0.077671
v 0.080290 0.040932 0.077671
v 0.073555 0.050191 0.080195
v 0.076672 0.046082 0.078982
v 0.076672 0.046082 0.078982
v 0.077320 0.044173 0.088049
v 0.078998 0.043791 0.087295
v 0.079323 0.051878 0.079829
v 0.084151 0.045626 0.085936
v 0.081039 0.048758 0.083386
v 0.078401 0.044655 0.080965
v 0.080512 0.045292 0.084922
v 0.080788 0.040121 0.078346
v 0.080788 0.040121 0.078346
v 0.080971 0.039739 0.079046
v 0.080971 0.039739 0.079046
v 0.082067 0.041713 0.076370
v 0.084276 0.041548 0.077474
v 0.082621 0.040912 0.077842
v 0.080977 0.040385 0.078274
v 0.081412 0.039338 0.079754
v 0.084220 0.038968 0.079892
v 0.078449 0.043846 0.081949
v 0.078449 0.043846 0.081949
v 0.079379 0.042738 0.083841
v 0.079379 0.042738 0.083841
v 0.080158 0.042310 0.084693
v 0.088076 0.036442 0.088127
v 0.086614 0.037477 0.082237
v 0.074843 0.048279 0.092887
v 0.078144 0.045223 0.088223
v 0.078266 0.045584 0.091382
v 0.079667 0.044689 0.090957
v 0.078079 0.046252 0.107959
v 0.083304 0.046467 0.085904
v 0.080488 0.041295 0.086158
v 0.080488 0.041295 0.086158
v 0.081318 0.040851 0.087776
v 0.081318 0.040851 0.087776
v 0.080984 0.041108 0.086517
v 0.081512 0.043059 0.086127
v 0.081739 0.040755 0.088141
v 0.081739 0.040755 0.088141
v 0.080312 0.043654 0.088781
v 0.083794 0.044169 0.088849
v 0.082805 0.044391 0.087799
v 0.080370 0.044006 0.092039
v 0.081598 0.041598 0.089492
v 0.079025 0.044650 0.092863
v 0.081355 0.042472 0.092055
v 0.080034 0.043192 0.093501
v 0.084986 0.042805 0.090487
v 0.085520 0.042199 0.090937
v 0.075484 0.049413 0.096986
v 0.076661 0.048178 0.095573
v 0.080604 0.042508 0.095620
v 0.080651 0.042202 0.096919
v 0.082965 0.036577 0.082613
v 0.082848 0.037297 0.082163
v 0.085365 0.032830 0.103740
v 0.084578 0.028798 0.080085
v 0.084033 0.035266 0.084440
v 0.084639 0.036842 0.082465
v 0.086268 0.029497 0.086248
v 0.085539 0.032248 0.087728
v 0.086521 0.033244 0.086733
v 0.086813 0.027264 0.095281
v 0.083977 0.032181 0.074316
v 0.086369 0.025898 0.074101
v 0.083318 0.033822 0.075415
v 0.087963 0.020397 0.074352
v 0.086869 0.026260 0.080430
v 0.089675 0.019027 0.087568
v 0.085977 0.035115 0.083801
v 0.088809 0.034482 0.086982
v 0.087950 0.033999 0.085906
v 0.085459 0.034890 0.084538
v 0.086572 0.027389 0.081795
v 0.092836 0.001459 0.095250
v 0.091341 0.005628 0.081352
v 0.091871 0.006179 0.078157
v 0.092182 0.005227 0.080173
v 0.088857 0.021546 0.096910
v 0.091078 0.014515 0.102655
v 0.091611 0.014092 0.095445
v 0.092422 0.008336 0.095377
v 0.091761 0.007330 0.098595
v 0.081712 0.040526 0.088324
v 0.081712 0.040526 0.088324
v 0.081705 0.040345 0.088961
v 0.082231 0.038921 0.089777
v 0.082231 0.038921 0.089777
v 0.082392 0.039132 0.089253
v 0.082392 0.039132 0.089253
v 0.081660 0.040012 0.091424
v 0.081303 0.041104 0.092687
v 0.083614 0.036951 0.092705
v 0.083614 0.036951 0.092705
v 0.083394 0.037703 0.095533
v 0.084365 0.041267 0.091139
v 0.082685 0.042349 0.088034
v 0.084674 0.038872 0.092119
v 0.083115 0.038061 0.090689
v 0.083115 0.038061 0.090689
v 0.085299 0.040910 0.092330
v 0.085619 0.039323 0.093579
v 0.085963 0.040656 0.092932
v 0.087716 0.038725 0.094107
v 0.084167 0.036415 0.093353
v 0.084779 0.035227 0.095227
v 0.084779 0.035227 0.095227
v 0.084779 0.035227 0.095227
v 0.080839 0.041879 0.106045
v 0.079972 0.044280 0.103660
v 0.081716 0.041585 0.104031
v 0.084088 0.035958 0.096557
v 0.086637 0.039170 0.094507
v 0.085551 0.034675 0.096009
v 0.085861 0.036620 0.095135
v 0.085609 0.037694 0.095095
v 0.086680 0.036843 0.096969
v 0.087113 0.037470 0.096584
v 0.088466 0.035580 0.099450
v 0.084487 0.035763 0.099592
v 0.084987 0.037571 0.111990
v 0.085344 0.034332 0.095804
v 0.085212 0.033731 0.096595
v 0.085212 0.033731 0.096595
v 0.085700 0.033548 0.097043
v 0.085700 0.033548 0.097043
v 0.085731 0.033770 0.097462
v 0.085731 0.033770 0.097462
v 0.085731 0.033770 0.097462
v 0.085460 0.033572 0.097229
v 0.085490 0.033609 0.097389
v 0.085490 0.033609 0.097389
v 0.085532 0.033592 0.097567
v 0.085532 0.033592 0.097567
v 0.085720 0.033288 0.097988
v 0.085720 0.033288 0.097988
v 0.086107 0.033969 0.097886
v 0.086107 0.033969 0.097886
v 0.086022 0.033417 0.098341
v 0.085664 0.033801 0.099445
v 0.085664 0.033801 0.099445
v 0.085821 0.033374 0.098878
v 0.085821 0.033374 0.098878
v 0.086769 0.033914 0.098589
v 0.085872 0.033912 0.099401
v 0.085872 0.033912 0.099401
v 0.084480 0.036990 0.113611
v 0.085788 0.033855 0.102862
v 0.085788 0.033855 0.102862
v 0.085426 0.034209 0.101184
v 0.085840 0.033991 0.101004
v 0.085840 0.033991 0.101004
v 0.085566 0.034130 0.099737
v 0.085566 0.034130 0.099737
v 0.085922 0.034717 0.099781
v 0.085922 0.034717 0.099781
v 0.085995 0.034515 0.099308
v 0.088575 0.035011 0.101147
v 0.086485 0.035286 0.098704
v 0.086485 0.035286 0.098704
v 0.086485 0.035286 0.098704
v 0.086003 0.034392 0.100531
v 0.089067 0.035803 0.097916
v 0.089461 0.033566 0.102806
v 0.089461 0.033566 0.102806
v 0.089334 0.034297 0.102163
v 0.089334 0.034297 0.102163
v 0.086858 0.033501 0.102784
v 0.087807 0.030044 0.106085
v 0.086741 0.032547 0.102997
v 0.087319 0.031571 0.104148
v 0.088301 0.033293 0.103320
v 0.088964 0.032702 0.104149
v 0.087395 0.032940 0.086656
v 0.089153 0.033094 0.087695
v 0.091308 0.029570 0.094763
v 0.087452 0.028643 0.091873
v 0.087452 0.028643 0.091873
v 0.088275 0.031071 0.088472
v 0.087546 0.030923 0.089332
v 0.088425 0.029528 0.090916
v 0.090489 0.029705 0.090846
v 0.089203 0.029630 0.090264
v 0.090545 0.030833 0.090586
v 0.088721 0.024685 0.093233
v 0.089464 0.028351 0.091080
v 0.090361 0.032208 0.095803
v 0.089182 0.027064 0.092985
v 0.090264 0.026159 0.092743
v 0.090264 0.026159 0.092743
v 0.091954 0.027498 0.093133
v 0.092424 0.026974 0.095170
v 0.094132 0.022920 0.097754
v 0.090331 0.033050 0.100392
v 0.090331 0.033050 0.100392
v 0.088967 0.029523 0.096676
v 0.089952 0.030497 0.096892
v 0.088983 0.030964 0.098059
v 0.090740 0.030549 0.095955
v 0.090225 0.028902 0.096173
v 0.090253 0.031983 0.097727
v 0.091290 0.028781 0.095585
v 0.091411 0.027542 0.096048
v 0.090215 0.032383 0.099686
v 0.091956 0.026791 0.096437
v 0.090446 0.032899 0.101735
v 0.090446 0.032899 0.101735
v 0.088635 0.030221 0.098973
v 0.089946 0.030907 0.101092
v 0.090404 0.031991 0.100471
v 0.089546 0.029493 0.100987
v 0.089056 0.029112 0.100041
v 0.090903 0.030495 0.101762
v 0.090903 0.030495 0.101762
v 0.090903 0.030495 0.101762
v 0.089700 0.032962 0.104387
v 0.091508 0.030206 0.102618
v 0.090317 0.019944 0.095548
v 0.088512 0.026100 0.093722
v 0.088919 0.024926 0.094017
v 0.088919 0.024926 0.094017
v 0.088764 0.025745 0.094291
v 0.088764 0.025745 0.094291
v 0.088764 0.025745 0.094291
v 0.088941 0.025655 0.094206
v 0.088941 0.025655 0.094206
v 0.088853 0.025287 0.094503
v 0.089154 0.025309 0.094555
v 0.089125 0.025649 0.094539
v 0.089125 0.025649 0.094539
v 0.089125 0.025649 0.094539
v 0.089020 0.025807 0.095088
v 0.089020 0.025807 0.095088
v 0.088968 0.024633 0.096071
v 0.089471 0.024915 0.093967
v 0.089471 0.024915 0.093967
v 0.089438 0.023121 0.095525
v 0.089438 0.023121 0.095525
v 0.089799 0.023561 0.095482
v 0.089799 0.023561 0.095482
v 0.090851 0.023082 0.094914
v 0.090851 0.023082 0.094914
v 0.089299 0.024038 0.095779
v 0.089295 0.022975 0.096644
v 0.089295 0.022975 0.096644
v 0.089829 0.024144 0.096474
v 0.089829 0.024144 0.096474
v 0.089829 0.024144 0.096474
v 0.090265 0.024859 0.096675
v 0.090265 0.024859 0.096675
v 0.089441 0.023291 0.096615
v 0.089441 0.023291 0.096615
v 0.089441 0.023291 0.096615
v 0.089916 0.025490 0.095165
v 0.089916 0.025490 0.095165
v 0.090117 0.024990 0.095156
v 0.089741 0.024070 0.095617
v 0.090668 0.024556 0.096173
v 0.090668 0.024556 0.096173
v 0.089606 0.023729 0.096246
v 0.089606 0.023729 0.096246
v 0.089606 0.023729 0.096246
v 0.089346 0.023131 0.096282
v 0.089346 0.023131 0.096282
v 0.089346 0.023131 0.096282
v 0.089346 0.023131 0.096282
v 0.089650 0.023201 0.096438
v 0.089650 0.023201 0.096438
v 0.089650 0.023201 0.096438
v 0.089911 0.022206 0.098148
v 0.089911 0.022206 0.098148
v 0.091317 0.021898 0.097515
v 0.091915 0.020990 0.099081
v 0.090513 0.017814 0.097007
v 0.090181 0.020453 0.099294
v 0.090181 0.020453 0.099294
v 0.092604 0.023538 0.095390
v 0.092604 0.023538 0.095390
v 0.092941 0.024641 0.095187
v 0.094182 0.021807 0.098124
v 0.092362 0.020768 0.097155
v 0.092034 0.010015 0.096865
v 0.092559 0.014116 0.110389
v 0.090092 0.027058 0.096299
v 0.092416 0.025996 0.097542
v 0.092416 0.025996 0.097542
v 0.090820 0.026619 0.097651
v 0.088830 0.027531 0.101521
v 0.088830 0.027531 0.101521
v 0.089603 0.026654 0.100083
v 0.089603 0.026654 0.100083
v 0.088939 0.028095 0.099672
v 0.093734 0.028239 0.100292
v 0.093734 0.028239 0.100292
v 0.092736 0.026323 0.099442
v 0.090975 0.027050 0.100691
v 0.090761 0.025982 0.099356
v 0.090761 0.025982 0.099356
v 0.090606 0.020752 0.099589
v 0.090606 0.020752 0.099589
v 0.093394 0.024830 0.097741
v 0.093242 0.025732 0.099157
v 0.093242 0.025732 0.099157
v 0.093242 0.025732 0.099157
v 0.093242 0.025732 0.099157
v 0.093910 0.024617 0.099871
v 0.093563 0.027043 0.099469
v 0.094474 0.027013 0.099516
v 0.094474 0.027013 0.099516
v 0.094418 0.025723 0.099508
v 0.093214 0.020763 0.098956
v 0.093214 0.020763 0.098956
v 0.094411 0.020368 0.100473
v 0.094411 0.020368 0.100473
v 0.094819 0.021169 0.100200
v 0.094819 0.021169 0.100200
v 0.094517 0.023220 0.101162
v 0.094757 0.022149 0.102016
v 0.094757 0.022149 0.102016
v 0.093176 0.019978 0.101134
v 0.093176 0.019978 0.101134
v 0.089670 0.027350 0.102130
v 0.089089 0.028169 0.102030
v 0.089089 0.028169 0.102030
v 0.089529 0.028207 0.102407
v 0.089529 0.028207 0.102407
v 0.089529 0.028207 0.102407
v 0.091387 0.029500 0.101910
v 0.091387 0.029500 0.101910
v 0.089964 0.029234 0.101659
v 0.089964 0.029234 0.101659
v 0.091100 0.028273 0.101738
v 0.092322 0.028859 0.101702
v 0.092322 0.028859 0.101702
v 0.092322 0.028859 0.101702
v 0.092123 0.029205 0.102184
v 0.093145 0.028953 0.101806
v 0.093145 0.028953 0.101806
v 0.092686 0.028053 0.104038
v 0.092670 0.027805 0.104796
v 0.092670 0.027805 0.104796
v 0.091723 0.030213 0.105749
v 0.094012 0.028560 0.103167
v 0.094012 0.028560 0.103167
v 0.094176 0.028352 0.101109
v 0.094659 0.027401 0.100650
v 0.094467 0.026477 0.101876
v 0.095126 0.025386 0.100432
v 0.095324 0.024211 0.102382
v 0.094368 0.028022 0.103296
v 0.094870 0.026570 0.104111
v 0.094718 0.026305 0.104787
v 0.094718 0.026305 0.104787
v 0.095243 0.025155 0.103446
v 0.094455 0.023265 0.103082
v 0.094455 0.023265 0.103082
v 0.094660 0.022118 0.105066
v 0.094796 0.020849 0.103018
v 0.093588 0.025524 0.105263
v 0.093588 0.025524 0.105263
v 0.093588 0.025524 0.105263
v 0.093889 0.025352 0.104612
v 0.094039 0.024299 0.106893
v 0.094039 0.024299 0.106893
v 0.090798 0.018924 0.102192
v 0.090798 0.018924 0.102192
v 0.090939 0.019662 0.101567
v 0.090939 0.019662 0.101567
v 0.090939 0.019662 0.101567
v 0.091098 0.019876 0.103043
v 0.091098 0.019876 0.103043
v 0.091098 0.019876 0.103043
v 0.092229 0.019557 0.102698
v 0.094490 0.020230 0.102962
v 0.090919 0.020026 0.103455
v 0.090919 0.020026 0.103455
v 0.090919 0.020026 0.103455
v 0.090635 0.020842 0.105683
v 0.091686 0.021669 0.105654
v 0.091686 0.021669 0.105654
v 0.090766 0.020925 0.104444
v 0.090766 0.020925 0.104444
v 0.090766 0.020925 0.104444
v 0.090766 0.020925 0.104444
v 0.090836 0.020891 0.104083
v 0.090836 0.020891 0.104083
v 0.090836 0.020891 0.104083
v 0.091070 0.020614 0.104028
v 0.091070 0.020614 0.104028
v 0.091070 0.020614 0.104028
v 0.091070 0.020614 0.104028
v 0.091773 0.019963 0.103782
v 0.092990 0.020514 0.103799
v 0.094291 0.021483 0.104965
v 0.090757 0.021820 0.106119
v 0.090757 0.021820 0.106119
v 0.090639 0.022592 0.106588
v 0.090639 0.022592 0.106588
v 0.090639 0.022592 0.106588
v 0.091556 0.022607 0.106989
v 0.091556 0.022607 0.106989
v 0.010203 0.087991 0.107057
v 0.012411 0.088476 0.106897
v 0.013976 0.088410 0.108282
v 0.015492 0.088081 0.107421
v 0.016020 0.087732 0.105954
v 0.017446 0.086647 0.106907
v 0.015988 0.087129 0.108956
v 0.013762 0.087591 0.109697
v 0.018078 0.087164 0.117278
v 0.019090 0.085724 0.112948
v 0.024822 0.084773 0.123524
v 0.018556 0.086709 0.126630
v 0.018556 0.086709 0.126630
v 0.018515 0.087704 0.127433
v 0.029053 0.083122 0.119927
v 0.030053 0.083808 0.120050
v 0.030053 0.083808 0.120050
v 0.031392 0.082157 0.117890
v 0.032661 0.081611 0.115291
v 0.035320 0.080610 0.116141
v 0.033328 0.082012 0.115072
v 0.032907 0.081908 0.116060
v 0.032907 0.081908 0.116060
v 0.030813 0.082639 0.119135
v 0.029844 0.083565 0.120505
v 0.029844 0.083565 0.120505
v 0.033698 0.081536 0.115860
v 0.033698 0.081536 0.115860
v 0.033957 0.081645 0.115878
v 0.033957 0.081645 0.115878
v 0.034100 0.081436 0.116041
v 0.034100 0.081436 0.116041
v 0.034100 0.081436 0.116041
v 0.034100 0.081436 0.116041
v 0.035750 0.080672 0.118807
v 0.035750 0.080672 0.118807
v 0.034895 0.081450 0.117206
v 0.036292 0.081315 0.117331
v 0.035798 0.081004 0.119146
v 0.035798 0.081004 0.119146
v 0.039639 0.079257 0.122391
v 0.019944 0.086737 0.127249
v 0.019944 0.086737 0.127249
v 0.020669 0.087094 0.126859
v 0.020669 0.087094 0.126859
v 0.022165 0.086112 0.126313
v 0.022165 0.086112 0.126313
v 0.022165 0.086112 0.126313
v 0.022165 0.086112 0.126313
v 0.023627 0.085507 0.125787
v 0.023627 0.085507 0.125787
v 0.022771 0.086526 0.125971
v 0.022771 0.086526 0.125971
v 0.022771 0.086526 0.125971
v 0.024896 0.085761 0.125029
v 0.024896 0.085761 0.125029
v 0.024896 0.085761 0.125029
v 0.028375 0.083719 0.122017
v 0.025416 0.084695 0.124498
v 0.025416 0.084695 0.124498
v 0.027200 0.084307 0.123035
v 0.027460 0.084731 0.123021
v 0.037635 0.080993 0.120531
v 0.037336 0.080457 0.120752
v 0.041230 0.079671 0.123937
v 0.041230 0.079671 0.123937
v 0.041230 0.079671 0.123937
v 0.039019 0.079741 0.122688
v 0.039019 0.079741 0.122688
v 0.043200 0.078854 0.125315
v 0.043200 0.078854 0.125315
v 0.047028 0.075818 0.113172
v 0.039968 0.079200 0.123430
v 0.039968 0.079200 0.123430
v 0.041935 0.078546 0.124884
v 0.041935 0.078546 0.124884
v 0.044127 0.077581 0.126381
v 0.044127 0.077581 0.126381
v 0.044334 0.077320 0.125615
v 0.045656 0.077716 0.126706
v 0.045656 0.077716 0.126706
v 0.045656 0.077716 0.126706
v 0.051207 0.074002 0.120998
v 0.047128 0.076071 0.127520
v 0.047128 0.076071 0.127520
v 0.047708 0.076668 0.127548
v 0.047708 0.076668 0.127548
v 0.049357 0.073879 0.105335
v 0.048922 0.074277 0.107447
v 0.050711 0.074134 0.107331
v 0.050391 0.073594 0.109415
v 0.052097 0.073168 0.105275
v 0.052935 0.071509 0.103902
v 0.053082 0.072318 0.105086
v 0.052578 0.073304 0.108785
v 0.053919 0.072104 0.107091
v 0.059055 0.067762 0.113945
v 0.054662 0.070314 0.105634
v 0.059385 0.066472 0.115553
v 0.054699 0.070536 0.108341
v 0.052825 0.071997 0.109874
v 0.052659 0.072610 0.127952
v 0.052659 0.072610 0.127952
v 0.069325 0.057407 0.104708
v 0.076457 0.050108 0.110100
v 0.074512 0.053242 0.116670
v 0.066759 0.059709 0.114974
v 0.067848 0.059691 0.113267
v 0.068144 0.058318 0.114440
v 0.065183 0.061638 0.120026
v 0.065183 0.061638 0.120026
v 0.067962 0.059459 0.114879
v 0.067962 0.059459 0.114879
v 0.067962 0.059459 0.114879
v 0.066483 0.060326 0.116917
v 0.066483 0.060326 0.116917
v 0.067302 0.059624 0.115671
v 0.067302 0.059624 0.115671
v 0.067302 0.059624 0.115671
v 0.067302 0.059624 0.115671
v 0.066754 0.060641 0.116888
v 0.067777 0.059146 0.115814
v 0.067777 0.059146 0.115814
v 0.068066 0.059425 0.115787
v 0.068555 0.058393 0.116929
v 0.068710 0.059202 0.116179
v 0.068710 0.059202 0.116179
v 0.068345 0.059135 0.116548
v 0.068345 0.059135 0.116548
v 0.070069 0.056812 0.119025
v 0.069044 0.058626 0.117120
v 0.069044 0.058626 0.117120
v 0.069044 0.058626 0.117120
v 0.069044 0.058626 0.117120
v 0.069360 0.057756 0.118333
v 0.069360 0.057756 0.118333
v 0.069182 0.058407 0.112838
v 0.070170 0.057959 0.118176
v 0.070170 0.057959 0.118176
v 0.071773 0.055366 0.121266
v 0.053740 0.073013 0.128099
v 0.049692 0.075552 0.127999
v 0.050346 0.074262 0.128128
v 0.050390 0.074850 0.128228
v 0.054015 0.072402 0.128405
v 0.060469 0.066167 0.123527
v 0.056701 0.069587 0.126754
v 0.057661 0.070057 0.127356
v 0.060200 0.067905 0.126010
v 0.057764 0.069056 0.127251
v 0.057764 0.069056 0.127251
v 0.063745 0.064462 0.122369
v 0.060406 0.066658 0.125638
v 0.060406 0.066658 0.125638
v 0.061639 0.065360 0.124469
v 0.061639 0.065360 0.124469
v 0.062633 0.064391 0.123322
v 0.062633 0.064391 0.123322
v 0.062640 0.065221 0.124014
v 0.065421 0.062026 0.120391
v 0.063617 0.063641 0.122534
v 0.070132 0.057154 0.119918
v 0.070602 0.057660 0.119521
v 0.073000 0.055504 0.121804
v 0.073000 0.055504 0.121804
v 0.070717 0.057221 0.120341
v 0.070437 0.056923 0.120116
v 0.070771 0.056570 0.120798
v 0.071982 0.056736 0.120973
v 0.071585 0.056670 0.121029
v 0.071273 0.056120 0.121103
v 0.071885 0.056356 0.121684
v 0.072029 0.056562 0.121782
v 0.072085 0.055632 0.122220
v 0.073056 0.055995 0.122332
v 0.072981 0.054373 0.123067
v 0.072725 0.055799 0.122686
v 0.072725 0.055799 0.122686
v 0.073803 0.054843 0.123350
v 0.073396 0.055067 0.123265
v 0.073396 0.055067 0.123265
v 0.073342 0.054348 0.123794
v 0.073996 0.054793 0.123886
v 0.073996 0.054793 0.123886
v 0.074452 0.054096 0.124592
v 0.074452 0.054096 0.124592
v 0.075328 0.053294 0.124229
v 0.075328 0.053294 0.124229
v 0.078827 0.048103 0.126609
v 0.081643 0.045771 0.126037
v 0.074772 0.052876 0.125009
v 0.075154 0.053276 0.125013
v 0.075154 0.053276 0.125013
v 0.075895 0.052873 0.125515
v 0.075895 0.052873 0.125515
v 0.077749 0.050847 0.126607
v 0.075705 0.051957 0.125967
v 0.076231 0.052218 0.126437
v 0.076231 0.052218 0.126437
v 0.077878 0.050605 0.126932
v 0.077878 0.050605 0.126932
v 0.078466 0.048942 0.127168
v 0.080082 0.047155 0.128003
v 0.078686 0.049669 0.127279
v 0.078686 0.049669 0.127279
v 0.078925 0.049734 0.126986
v 0.079228 0.049528 0.127243
v 0.079561 0.048816 0.127361
v 0.079303 0.049348 0.127604
v 0.079303 0.049348 0.127604
v 0.079610 0.048503 0.127620
v 0.078957 0.046100 0.105553
v 0.080628 0.044937 0.105224
v 0.081643 0.043758 0.104955
v 0.081006 0.045110 0.106716
v 0.079453 0.045922 0.108316
v 0.080731 0.044261 0.109752
v 0.081316 0.044564 0.108661
v 0.082532 0.042724 0.107906
v 0.082532 0.042150 0.106349
v 0.082203 0.043416 0.108364
v 0.082147 0.042144 0.109018
v 0.082842 0.040270 0.106733
v 0.087913 0.030579 0.104848
v 0.087913 0.030579 0.104848
v 0.089104 0.031723 0.104564
v 0.089657 0.030136 0.106008
v 0.087499 0.032911 0.114022
v 0.083366 0.041627 0.126210
v 0.088471 0.033732 0.123603
v 0.088574 0.029276 0.105533
v 0.088574 0.029276 0.105533
v 0.089043 0.028219 0.106071
v 0.089043 0.028219 0.106071
v 0.089319 0.029005 0.105723
v 0.089315 0.026010 0.114667
v 0.089315 0.026010 0.114667
v 0.089525 0.025677 0.107340
v 0.089525 0.025677 0.107340
v 0.089723 0.027188 0.106569
v 0.091527 0.027613 0.107790
v 0.091527 0.027613 0.107790
v 0.089769 0.025320 0.107064
v 0.089769 0.025320 0.107064
v 0.090562 0.025485 0.106883
v 0.090562 0.025485 0.106883
v 0.089900 0.026113 0.112492
v 0.089900 0.026113 0.112492
v 0.090561 0.023839 0.112940
v 0.090561 0.023839 0.112940
v 0.090388 0.022385 0.107441
v 0.090388 0.022385 0.107441
v 0.089216 0.027553 0.117757
v 0.090090 0.023614 0.115276
v 0.090090 0.023614 0.115276
v 0.089903 0.025379 0.114982
v 0.089903 0.025379 0.114982
v 0.090107 0.024474 0.114526
v 0.090107 0.024474 0.114526
v 0.089999 0.024854 0.114825
v 0.089999 0.024854 0.114825
v 0.089999 0.024854 0.114825
v 0.089999 0.024854 0.114825
v 0.089057 0.028741 0.119511
v 0.089893 0.028762 0.118942
v 0.089331 0.026978 0.117323
v 0.089959 0.026715 0.115978
v 0.089743 0.026266 0.115910
v 0.089743 0.026266 0.115910
v 0.089729 0.025391 0.115170
v 0.089729 0.025391 0.115170
v 0.089691 0.027555 0.118550
v 0.087809 0.032240 0.121474
v 0.089472 0.030638 0.120901
v 0.088798 0.030615 0.121898
v 0.089613 0.029428 0.119978
v 0.088931 0.031481 0.122700
v 0.089859 0.024779 0.115012
v 0.089859 0.024779 0.115012
v 0.089859 0.024779 0.115012
v 0.089859 0.024779 0.115012
v 0.089859 0.024779 0.115012
v 0.089994 0.024442 0.115581
v 0.089994 0.024442 0.115581
v 0.090197 0.024582 0.115554
v 0.090197 0.024582 0.115554
v 0.091390 0.022392 0.117043
v 0.091390 0.022392 0.117043
v 0.090303 0.024169 0.116104
v 0.090303 0.024169 0.116104
v 0.090303 0.024169 0.116104
v 0.090366 0.024022 0.116410
v 0.090366 0.024022 0.116410
v 0.090366 0.024022 0.116410
v 0.090415 0.023594 0.116600
v 0.090415 0.023594 0.116600
v 0.090415 0.023594 0.116600
v 0.090415 0.023594 0.116600
v 0.090855 0.023126 0.117682
v 0.090589 0.022909 0.117633
v 0.090589 0.022909 0.117633
v 0.091592 0.020059 0.121166
v 0.091592 0.020059 0.121166
v 0.091966 0.021270 0.120119
v 0.091355 0.021488 0.119946
v 0.092206 0.019811 0.122006
v 0.090175 0.032692 0.104477
v 0.090842 0.030283 0.106673
v 0.092937 0.027187 0.107327
v 0.092937 0.027187 0.107327
v 0.093482 0.026454 0.104907
v 0.093482 0.026454 0.104907
v 0.093482 0.026454 0.104907
v 0.091809 0.029669 0.106830
v 0.092070 0.028105 0.107718
v 0.092070 0.028105 0.107718
v 0.092944 0.025959 0.107960
v 0.091468 0.023732 0.106848
v 0.091674 0.025021 0.107339
v 0.092323 0.023856 0.107660
v 0.093105 0.023132 0.107379
v 0.093105 0.023132 0.107379
v 0.093105 0.023132 0.107379
v 0.093423 0.023872 0.107994
v 0.093423 0.023872 0.107994
v 0.085243 0.040197 0.126157
v 0.084156 0.041141 0.127960
v 0.080982 0.046965 0.127896
v 0.082463 0.045031 0.127911
v 0.083788 0.043114 0.128023
v 0.086191 0.036441 0.124897
v 0.085761 0.039005 0.127407
v 0.086116 0.039118 0.126758
v 0.082031 0.045263 0.128161
v 0.086776 0.036382 0.125978
v 0.087926 0.035353 0.125105
v 0.088031 0.032862 0.123713
v 0.014468 0.079974 0.037002
v 0.016186 0.079300 0.036723
v 0.017816 0.079018 0.038348
v 0.019193 0.078885 0.036936
v 0.020461 0.079147 0.039008
v 0.053343 0.072084 0.038316
v 0.055914 0.071410 0.043086
v 0.056636 0.070371 0.043275
v 0.059002 0.068059 0.045533
v 0.057969 0.069533 0.045301
v 0.062983 0.068164 0.053313
v 0.067116 0.059056 0.057461
v 0.067116 0.059056 0.057461
v 0.072310 0.053945 0.063406
v 0.073159 0.052908 0.064344
v 0.074671 0.053147 0.062624
v 0.077924 0.046836 0.071438
v 0.077495 0.051366 0.078736
v 0.080005 0.047691 0.083342
v 0.081005 0.041770 0.076784
v 0.086402 0.035862 0.096612
v 0.086108 0.035187 0.097862
v 0.086108 0.035187 0.097862
v 0.086108 0.035187 0.097862
v 0.086354 0.034919 0.098835
v 0.086354 0.034919 0.098835
v 0.086354 0.034919 0.098835
v 0.086354 0.034919 0.098835
v 0.086911 0.034398 0.098311
v 0.086911 0.034398 0.098311
v 0.086911 0.034398 0.098311
v 0.086841 0.034382 0.098823
v 0.086841 0.034382 0.098823
v 0.089453 0.028617 0.096819
v 0.088662 0.029683 0.098573
v 0.091214 0.022385 0.095836
v 0.091214 0.022385 0.095836
v 0.091950 0.020793 0.097293
v 0.091950 0.020793 0.097293
v 0.089797 0.027774 0.097328
v 0.092329 0.021011 0.098706
v 0.092329 0.021011 0.098706
v 0.060468 -0.065344 0.078767
v 0.003709 -0.089214 0.101229
v 0.005865 -0.088632 0.097465
v 0.003932 -0.089978 0.111925
v 0.007401 -0.089723 0.111572
v 0.008540 -0.088765 0.097623
v 0.014382 -0.088310 0.097355
v 0.010004 -0.088916 0.111773
v 0.017666 -0.089080 0.115990
v 0.019248 -0.087664 0.097398
v 0.026733 -0.086424 0.095294
v 0.030057 -0.085380 0.093578
v 0.031244 -0.084936 0.097291
v 0.031778 -0.084949 0.095804
v 0.027595 -0.086017 0.097458
v 0.022913 -0.087409 0.103954
v 0.025720 -0.086556 0.108217
v 0.022856 -0.087691 0.107995
v 0.026109 -0.087918 0.105654
v 0.024579 -0.088139 0.106913
v 0.023484 -0.087445 0.104982
v 0.026135 -0.086754 0.103890
v 0.033116 -0.083976 0.102275
v 0.028869 -0.086198 0.104733
v 0.034436 -0.084324 0.102411
v 0.026515 -0.088108 0.109019
v 0.028039 -0.087512 0.106984
v 0.028892 -0.086532 0.106068
v 0.030299 -0.085890 0.107411
v 0.026234 -0.087464 0.114475
v 0.025179 -0.087491 0.109702
v 0.026795 -0.087100 0.110233
v 0.028064 -0.087399 0.108615
v 0.029081 -0.086384 0.109457
v 0.029706 -0.086698 0.117088
v 0.035385 -0.084000 0.115677
v 0.036473 -0.084329 0.115651
v 0.028203 -0.086530 0.118048
v 0.032664 -0.085441 0.121200
v 0.035535 -0.084866 0.125930
v 0.006692 -0.089815 0.114153
v 0.006722 -0.089206 0.114611
v 0.004955 -0.090033 0.115704
v 0.004955 -0.090033 0.115704
v 0.003687 -0.089736 0.118011
v 0.003687 -0.089736 0.118011
v 0.003687 -0.089736 0.118011
v 0.003747 -0.089605 0.116527
v 0.003747 -0.089605 0.116527
v 0.005797 -0.089758 0.114725
v 0.005140 -0.089644 0.115505
v 0.005140 -0.089644 0.115505
v 0.005696 -0.089417 0.114753
v 0.005696 -0.089417 0.114753
v 0.005696 -0.089417 0.114753
v 0.004755 -0.089602 0.116382
v 0.004755 -0.089602 0.116382
v 0.004761 -0.089972 0.116372
v 0.004302 -0.089825 0.116758
v 0.004302 -0.089825 0.116758
v 0.003804 -0.090010 0.117134
v 0.003804 -0.090010 0.117134
v 0.003804 -0.090010 0.117134
v 0.003987 -0.089992 0.117537
v 0.003987 -0.089992 0.117537
v 0.003987 -0.089992 0.117537
v 0.003650 -0.090360 0.118163
v 0.003544 -0.090211 0.118541
v 0.006187 -0.089407 0.114701
v 0.006187 -0.089407 0.114701
v 0.006187 -0.089407 0.114701
v 0.006682 -0.089509 0.114989
v 0.006682 -0.089509 0.114989
v 0.007107 -0.089633 0.115987
v 0.007186 -0.089238 0.116286
v 0.007186 -0.089238 0.116286
v 0.008409 -0.089863 0.117269
v 0.007226 -0.089610 0.116788
v 0.007226 -0.089610 0.116788
v 0.008231 -0.089148 0.118261
v 0.008231 -0.089148 0.118261
v 0.008048 -0.089553 0.118011
v 0.008620 -0.089533 0.119426
v 0.009058 -0.089989 0.119195
v 0.009185 -0.089434 0.120251
v 0.009185 -0.089434 0.120251
v 0.009793 -0.089175 0.119870
v 0.009793 -0.089175 0.119870
v 0.010555 -0.089854 0.120719
v 0.010756 -0.089223 0.121356
v 0.010756 -0.089223 0.121356
v 0.011096 -0.089570 0.121825
v 0.021941 -0.088512 0.127063
v 0.021941 -0.088512 0.127063
v 0.022255 -0.088010 0.120346
v 0.011930 -0.089180 0.122498
v 0.012433 -0.089810 0.122604
v 0.013331 -0.089118 0.123605
v 0.013190 -0.089615 0.123803
v 0.014394 -0.089826 0.124464
v 0.015233 -0.089163 0.125210
v 0.015935 -0.089782 0.125475
v 0.015935 -0.089782 0.125475
v 0.019174 -0.088946 0.127130
v 0.017951 -0.089613 0.126594
v 0.017951 -0.089613 0.126594
v 0.019927 -0.089402 0.127207
v 0.019927 -0.089402 0.127207
v 0.021538 -0.089155 0.127848
v 0.021538 -0.089155 0.127848
v 0.024399 -0.088851 0.128019
v 0.024399 -0.088851 0.128019
v 0.024399 -0.088851 0.128019
v 0.028072 -0.088116 0.128292
v 0.028072 -0.088116 0.128292
v 0.030683 -0.086671 0.128124
v 0.030683 -0.086671 0.128124
v 0.036859 -0.085037 0.125120
v 0.036859 -0.085037 0.125120
v 0.048970 -0.076857 0.094629
v 0.044315 -0.079567 0.095698
v 0.047544 -0.077035 0.102494
v 0.034606 -0.083988 0.095394
v 0.039319 -0.081373 0.101577
v 0.039754 -0.081794 0.095683
v 0.036738 -0.082990 0.097173
v 0.040422 -0.081881 0.104559
v 0.042844 -0.080094 0.097243
v 0.044852 -0.078739 0.097613
v 0.046778 -0.077972 0.097216
v 0.046780 -0.078349 0.102059
v 0.056966 -0.068783 0.083918
v 0.058195 -0.068931 0.078277
v 0.060399 -0.067823 0.077313
v 0.060975 -0.066256 0.075645
v 0.060508 -0.068135 0.080018
v 0.058836 -0.068530 0.079910
v 0.059877 -0.067742 0.081350
v 0.062088 -0.066819 0.080759
v 0.061623 -0.066251 0.081729
v 0.054564 -0.073193 0.095445
v 0.054363 -0.072821 0.104740
v 0.053557 -0.073710 0.097507
v 0.060288 -0.068812 0.095524
v 0.062392 -0.066077 0.087791
v 0.063506 -0.064389 0.081700
v 0.062093 -0.064886 0.089573
v 0.060344 -0.068466 0.106048
v 0.045493 -0.079997 0.114392
v 0.041556 -0.081165 0.113252
v 0.053062 -0.075588 0.113597
v 0.043924 -0.081051 0.116423
v 0.042124 -0.082268 0.119695
v 0.042124 -0.082268 0.119695
v 0.038782 -0.083279 0.123609
v 0.038968 -0.084006 0.123562
v 0.038968 -0.084006 0.123562
v 0.041978 -0.081450 0.119723
v 0.043583 -0.080292 0.115922
v 0.045786 -0.079096 0.114432
v 0.044150 -0.080392 0.116811
v 0.044150 -0.080392 0.116811
v 0.044891 -0.080022 0.116054
v 0.044891 -0.080022 0.116054
v 0.043798 -0.080546 0.117938
v 0.044106 -0.080845 0.117808
v 0.044106 -0.080845 0.117808
v 0.044106 -0.080845 0.117808
v 0.043188 -0.081455 0.119196
v 0.043318 -0.080952 0.118751
v 0.046850 -0.079408 0.115289
v 0.049732 -0.077451 0.121016
v 0.049732 -0.077451 0.121016
v 0.044943 -0.080332 0.116035
v 0.045380 -0.079689 0.115413
v 0.045380 -0.079689 0.115413
v 0.046245 -0.079218 0.115430
v 0.046245 -0.079218 0.115430
v 0.046245 -0.079218 0.115430
v 0.046764 -0.078846 0.116704
v 0.047236 -0.078984 0.117334
v 0.047236 -0.078984 0.117334
v 0.066175 -0.063430 0.095643
v 0.064807 -0.064884 0.109241
v 0.065658 -0.063847 0.097293
v 0.059961 -0.068904 0.097241
v 0.063697 -0.066509 0.104641
v 0.060198 -0.069912 0.108690
v 0.059645 -0.070141 0.106712
v 0.060329 -0.069400 0.104794
v 0.062350 -0.067659 0.104158
v 0.062327 -0.069067 0.105629
v 0.063171 -0.068193 0.105480
v 0.061617 -0.069620 0.106687
v 0.062185 -0.069450 0.108725
v 0.063966 -0.067898 0.106914
v 0.062202 -0.068440 0.110125
v 0.063721 -0.068253 0.108941
v 0.064551 -0.065846 0.106407
v 0.064404 -0.066497 0.108480
v 0.064747 -0.066012 0.109470
v 0.068859 -0.061212 0.104349
v 0.059403 -0.071765 0.119692
v 0.026037 -0.087698 0.127064
v 0.023721 -0.088444 0.128133
v 0.023721 -0.088444 0.128133
v 0.025576 -0.088090 0.128924
v 0.025576 -0.088090 0.128924
v 0.025395 -0.087715 0.128477
v 0.025717 -0.088608 0.128760
v 0.025717 -0.088608 0.128760
v 0.028629 -0.087393 0.128351
v 0.030820 -0.087119 0.128158
v 0.033797 -0.086358 0.126955
v 0.033797 -0.086358 0.126955
v 0.033730 -0.086111 0.127077
v 0.035069 -0.085266 0.126525
v 0.035069 -0.085266 0.126525
v 0.036096 -0.085446 0.125730
v 0.037329 -0.084535 0.125289
v 0.035046 -0.085786 0.126754
v 0.041198 -0.082884 0.121867
v 0.040547 -0.082647 0.122686
v 0.041450 -0.081945 0.121123
v 0.041855 -0.082191 0.121211
v 0.038574 -0.084308 0.124726
v 0.038574 -0.084308 0.124726
v 0.038785 -0.083874 0.124485
v 0.038785 -0.083874 0.124485
v 0.039708 -0.083365 0.123393
v 0.043017 -0.081431 0.119712
v 0.043017 -0.081431 0.119712
v 0.042308 -0.081751 0.120113
v 0.042308 -0.081751 0.120113
v 0.055643 -0.075138 0.125165
v 0.048567 -0.078798 0.118844
v 0.048567 -0.078798 0.118844
v 0.047328 -0.078663 0.117752
v 0.047328 -0.078663 0.117752
v 0.047777 -0.078342 0.118756
v 0.047777 -0.078342 0.118756
v 0.048417 -0.078435 0.119677
v 0.050090 -0.078201 0.121119
v 0.050121 -0.077421 0.121850
v 0.050121 -0.077421 0.121850
v 0.050877 -0.077787 0.121895
v 0.050877 -0.077787 0.121895
v 0.051521 -0.077167 0.123107
v 0.053437 -0.076566 0.124484
v 0.053437 -0.076566 0.124484
v 0.053471 -0.075879 0.124810
v 0.056861 -0.073655 0.126668
v 0.054184 -0.076105 0.124906
v 0.054184 -0.076105 0.124906
v 0.056213 -0.075008 0.126732
v 0.063377 -0.067683 0.109545
v 0.065443 -0.066867 0.121774
v 0.071428 -0.059249 0.114269
v 0.062129 -0.069783 0.128029
v 0.062129 -0.069783 0.128029
v 0.069175 -0.063612 0.126836
v 0.067046 -0.064959 0.127227
v 0.067046 -0.064959 0.127227
v 0.069796 -0.061584 0.125531
v 0.070163 -0.059435 0.112242
v 0.072596 -0.057514 0.121891
v 0.072596 -0.057514 0.121891
v 0.072713 -0.058757 0.122665
v 0.063120 -0.069854 0.128320
v 0.056905 -0.074517 0.126797
v 0.056905 -0.074517 0.126797
v 0.057217 -0.074136 0.127080
v 0.057217 -0.074136 0.127080
v 0.057625 -0.074098 0.127000
v 0.059262 -0.072584 0.127902
v 0.059262 -0.072584 0.127902
v 0.059262 -0.072584 0.127902
v 0.059917 -0.072455 0.127850
v 0.061531 -0.070639 0.128458
v 0.061531 -0.070639 0.128458
v 0.056435 -0.075170 0.126471
v 0.056435 -0.075170 0.126471
v 0.068838 -0.063551 0.127084
v 0.068838 -0.063551 0.127084
v 0.072440 -0.058850 0.123592
v 0.072440 -0.058850 0.123592
v 0.072977 -0.058120 0.122669
v 0.072977 -0.058120 0.122669
v 0.072049 -0.059865 0.124229
v 0.072509 -0.059140 0.123573
v 0.071226 -0.060500 0.125162
v 0.071994 -0.059988 0.124806
v 0.071994 -0.059988 0.124806
v 0.071994 -0.059988 0.124806
v 0.071972 -0.060268 0.124883
v 0.071972 -0.060268 0.124883
v 0.071231 -0.061257 0.125433
v 0.071231 -0.061257 0.125433
v 0.071231 -0.061257 0.125433
v 0.071074 -0.061053 0.125587
v 0.071074 -0.061053 0.125587
v 0.071074 -0.061053 0.125587
v 0.071074 -0.061053 0.125587
v 0.071120 -0.061360 0.125804
v 0.071120 -0.061360 0.125804
v 0.064867 -0.068157 0.128388
v 0.064867 -0.068157 0.128388
v 0.064038 -0.068408 0.128521
v 0.067160 -0.066007 0.127802
v 0.066051 -0.066879 0.128245
v 0.066751 -0.065929 0.128125
v 0.087573 -0.011076 0.057662
v 0.087573 -0.011076 0.057662
v 0.088700 -0.008571 0.067757
v 0.089726 -0.011101 0.072711
v 0.087964 -0.016473 0.073540
v 0.087964 -0.016473 0.073540
v 0.087434 -0.020123 0.064765
v 0.088767 -0.015023 0.072875
v 0.084148 -0.025603 0.056655
v 0.086197 -0.022597 0.069462
v 0.085836 -0.027572 0.072988
v 0.082338 -0.036333 0.072857
v 0.090996 -0.003356 0.089100
v 0.089925 -0.012635 0.074445
v 0.089024 -0.017499 0.074457
v 0.091113 0.002151 0.076310
v 0.091937 0.003447 0.077295
v 0.091370 0.001128 0.079081
v 0.090110 -0.008675 0.083936
v 0.090945 -0.010346 0.082237
v 0.088169 -0.019389 0.072982
v 0.087799 -0.022831 0.074805
v 0.085614 -0.029598 0.074685
v 0.085032 -0.029205 0.080757
v 0.087443 -0.026748 0.083960
v 0.090231 -0.018302 0.089831
v 0.088114 -0.022094 0.089470
v 0.075502 -0.048445 0.073073
v 0.078374 -0.043827 0.072926
v 0.076908 -0.047180 0.074699
v 0.079855 -0.043455 0.098169
v 0.079261 -0.043146 0.074652
v 0.069728 -0.056247 0.073294
v 0.063157 -0.064007 0.074964
v 0.062752 -0.064900 0.077173
v 0.067161 -0.059988 0.075170
v 0.063059 -0.065014 0.079849
v 0.071628 -0.053419 0.070338
v 0.072795 -0.051761 0.073043
v 0.071896 -0.053388 0.072956
v 0.071837 -0.054297 0.074768
v 0.068735 -0.059133 0.083281
v 0.075526 -0.050533 0.084194
v 0.077721 -0.043974 0.067642
v 0.083590 -0.033941 0.085219
v 0.080982 -0.040068 0.074605
v 0.083526 -0.034879 0.074825
v 0.080680 -0.041751 0.081505
v 0.080067 -0.043929 0.088799
v 0.084422 -0.035945 0.103435
v 0.083292 -0.038238 0.090091
v 0.082385 -0.040888 0.095759
v 0.072219 -0.056454 0.095431
v 0.069527 -0.059699 0.095474
v 0.073442 -0.054544 0.097244
v 0.075497 -0.051975 0.095836
v 0.070570 -0.058202 0.097149
v 0.074919 -0.052043 0.097427
v 0.074291 -0.054425 0.105493
v 0.078964 -0.046756 0.095572
v 0.076575 -0.050081 0.097309
v 0.080070 -0.044533 0.097241
v 0.084858 -0.034216 0.087447
v 0.083864 -0.036686 0.088261
v 0.085701 -0.032471 0.088153
v 0.086365 -0.031401 0.090483
v 0.086987 -0.029985 0.103684
v 0.085679 -0.034901 0.089040
v 0.086268 -0.033731 0.090364
v 0.084963 -0.036394 0.089957
v 0.083888 -0.037470 0.091881
v 0.085341 -0.036299 0.091271
v 0.085633 -0.035790 0.092731
v 0.084950 -0.035600 0.093770
v 0.086329 -0.034029 0.092311
v 0.092202 0.003704 0.100949
v 0.091626 -0.014145 0.095524
v 0.092522 -0.007090 0.095349
v 0.092106 0.003270 0.079727
v 0.091502 0.003317 0.081132
v 0.091831 -0.009473 0.102624
v 0.092554 -0.003272 0.096742
v 0.092030 -0.009781 0.096833
v 0.090119 -0.014162 0.092441
v 0.090119 -0.014162 0.092441
v 0.089430 -0.023729 0.095514
v 0.091422 -0.013806 0.096796
v 0.090856 -0.015739 0.097095
v 0.093401 -0.007025 0.108381
v 0.090865 -0.016927 0.104424
v 0.090865 -0.016927 0.104424
v 0.090742 -0.017686 0.097025
v 0.089481 -0.024271 0.108731
v 0.090997 -0.022711 0.111791
v 0.088914 -0.024819 0.096974
v 0.092231 -0.016051 0.110466
v 0.092348 -0.014319 0.107224
v 0.092633 0.002857 0.096908
v 0.093091 0.005108 0.103349
v 0.093355 0.002162 0.104662
v 0.092927 0.007276 0.103625
v 0.093589 0.001554 0.107168
v 0.093598 -0.002843 0.115938
v 0.093139 0.008925 0.108057
v 0.093398 0.007037 0.105043
v 0.094231 0.005053 0.105038
v 0.094253 0.006649 0.106972
v 0.093541 0.007460 0.106911
v 0.094600 0.005370 0.108684
v 0.093530 0.005847 0.116452
v 0.093548 0.007058 0.108475
v 0.094415 0.003498 0.106335
v 0.094363 0.003353 0.108192
v 0.093739 0.002604 0.109051
v 0.093973 0.005272 0.109378
v 0.094740 -0.001684 0.119365
v 0.093706 0.005287 0.110353
v 0.092043 -0.017212 0.109384
v 0.092398 -0.014148 0.115352
v 0.091942 -0.016279 0.114757
v 0.091942 -0.016279 0.114757
v 0.093320 -0.013723 0.116450
v 0.092625 -0.015717 0.114917
v 0.092675 -0.017890 0.117097
v 0.093372 -0.010730 0.120616
v 0.093372 -0.010730 0.120616
v 0.093571 -0.013005 0.117880
v 0.093052 -0.014592 0.115846
v 0.093052 -0.014592 0.115846
v 0.092912 -0.012701 0.118049
v 0.092912 -0.012701 0.118049
v 0.092784 -0.013752 0.117019
v 0.092784 -0.013752 0.117019
v 0.092922 -0.014199 0.116494
v 0.092922 -0.014199 0.116494
v 0.092786 -0.014964 0.116048
v 0.092786 -0.014964 0.116048
v 0.092817 -0.014660 0.116037
v 0.092817 -0.014660 0.116037
v 0.092481 -0.015961 0.115841
v 0.092481 -0.015961 0.115841
v 0.092481 -0.015961 0.115841
v 0.092416 -0.016350 0.115831
v 0.092416 -0.016350 0.115831
v 0.092416 -0.016350 0.115831
v 0.092416 -0.016350 0.115831
v 0.092416 -0.016350 0.115831
v 0.092304 -0.017774 0.117852
v 0.092304 -0.017774 0.117852
v 0.091897 -0.017884 0.117328
v 0.092942 -0.015631 0.115811
v 0.092942 -0.015631 0.115811
v 0.092942 -0.015631 0.115811
v 0.092942 -0.015631 0.115811
v 0.092747 -0.015882 0.115973
v 0.092747 -0.015882 0.115973
v 0.092747 -0.015882 0.115973
v 0.084973 -0.036743 0.104342
v 0.082389 -0.040475 0.097186
v 0.085240 -0.034684 0.097204
v 0.086170 -0.034291 0.103951
v 0.086414 -0.036362 0.106026
v 0.084544 -0.038098 0.106585
v 0.086702 -0.035257 0.105155
v 0.086850 -0.036217 0.108849
v 0.085103 -0.037495 0.108778
v 0.085871 -0.036150 0.109833
v 0.076159 -0.052553 0.113822
v 0.077362 -0.050884 0.112899
v 0.081825 -0.043607 0.110103
v 0.074668 -0.053649 0.114945
v 0.075998 -0.051832 0.115251
v 0.075555 -0.052551 0.115179
v 0.076976 -0.050566 0.116899
v 0.077147 -0.051271 0.117396
v 0.077147 -0.051271 0.117396
v 0.076191 -0.052172 0.115384
v 0.076191 -0.052172 0.115384
v 0.076325 -0.051663 0.116291
v 0.077190 -0.050721 0.118444
v 0.077190 -0.050721 0.118444
v 0.078258 -0.050340 0.119584
v 0.078258 -0.050340 0.119584
v 0.087083 -0.030896 0.095760
v 0.086045 -0.033016 0.093340
v 0.086810 -0.030879 0.097097
v 0.089287 -0.028204 0.111459
v 0.086997 -0.032550 0.104801
v 0.087802 -0.031556 0.108808
v 0.087307 -0.033047 0.106090
v 0.087176 -0.034174 0.105645
v 0.087325 -0.032808 0.108647
v 0.087536 -0.034347 0.107290
v 0.087412 -0.034352 0.108689
v 0.086751 -0.034284 0.109947
v 0.087288 -0.035173 0.119125
v 0.086583 -0.035610 0.121317
v 0.091317 -0.023441 0.123695
v 0.090640 -0.029022 0.126197
v 0.090640 -0.029022 0.126197
v 0.090640 -0.029022 0.126197
v 0.092117 -0.023361 0.123512
v 0.092117 -0.023361 0.123512
v 0.092117 -0.023361 0.123512
v 0.092117 -0.023361 0.123512
v 0.092117 -0.023361 0.123512
v 0.092117 -0.023361 0.123512
v 0.092117 -0.023361 0.123512
v 0.090035 -0.028885 0.126919
v 0.077617 -0.049983 0.119573
v 0.077617 -0.049983 0.119573
v 0.079655 -0.047382 0.121646
v 0.079010 -0.048788 0.121589
v 0.079010 -0.048788 0.121589
v 0.079609 -0.048677 0.121429
v 0.079609 -0.048677 0.121429
v 0.079844 -0.047539 0.123001
v 0.082090 -0.044240 0.125008
v 0.081376 -0.045579 0.124980
v 0.080318 -0.047567 0.123484
v 0.080990 -0.047039 0.123991
v 0.080990 -0.047039 0.123991
v 0.084758 -0.040206 0.127074
v 0.085474 -0.040449 0.127591
v 0.085474 -0.040449 0.127591
v 0.081881 -0.045439 0.125049
v 0.081881 -0.045439 0.125049
v 0.082851 -0.044411 0.125190
v 0.087754 -0.036341 0.128250
v 0.087754 -0.036341 0.128250
v 0.086163 -0.037413 0.126189
v 0.086727 -0.036846 0.127961
v 0.085291 -0.040072 0.127936
v 0.085291 -0.040072 0.127936
v 0.086850 -0.037340 0.128349
v 0.088837 -0.033914 0.127916
v 0.088837 -0.033914 0.127916
v 0.083135 -0.043188 0.126691
v 0.082695 -0.044327 0.125755
v 0.082695 -0.044327 0.125755
v 0.082695 -0.044327 0.125755
v 0.083580 -0.043327 0.126823
v 0.083580 -0.043327 0.126823
v 0.084411 -0.042094 0.127015
v 0.084411 -0.042094 0.127015
v 0.083938 -0.042079 0.127093
v 0.091652 -0.020901 0.121247
v 0.092670 -0.019293 0.119835
v 0.092670 -0.019293 0.119835
v 0.092540 -0.020055 0.121091
v 0.061815 -0.066697 0.077110
v 0.062734 -0.066080 0.079061
v 0.075339 -0.054171 0.116213
v 0.075092 -0.053587 0.116003
v 0.075092 -0.053587 0.116003
v 0.075077 -0.054282 0.117386
v 0.074542 -0.055800 0.119570
v 0.074387 -0.054296 0.117443
v 0.074387 -0.054296 0.117443
v 0.074502 -0.054849 0.118993
v 0.074502 -0.054849 0.118993
v 0.074093 -0.055909 0.120311
v 0.074093 -0.055909 0.120311
v 0.075648 -0.052833 0.115248
v 0.075648 -0.052833 0.115248
v 0.073799 -0.056710 0.121178
v 0.073799 -0.056710 0.121178
v 0.073799 -0.056710 0.121178
v 0.073096 -0.057150 0.121787
v 0.092581 0.016484 0.123591
v 0.093169 0.017431 0.123715
v 0.092655 0.017649 0.123881
v 0.092655 0.017649 0.123881
v 0.092655 0.017649 0.123881
v 0.094636 0.010407 0.125971
v 0.093595 0.015588 0.125448
v 0.093595 0.015588 0.125448
v 0.093814 0.016005 0.125126
v 0.093814 0.016005 0.125126
v 0.093984 0.010704 0.127076
v 0.093416 0.013960 0.125971
v 0.095164 0.003571 0.124159
v 0.094509 0.012646 0.126608
v 0.094509 0.012646 0.126608
v 0.094806 0.002896 0.127417
v 0.094806 0.002896 0.127417
v 0.095348 0.006879 0.127911
v 0.095348 0.006879 0.127911
v 0.095626 0.003383 0.127935
v 0.095626 0.003383 0.127935
v 0.094904 0.004873 0.128103
v 0.094904 0.004873 0.128103
v 0.094880 0.007662 0.128039
v 0.094880 0.007662 0.128039
v 0.095466 0.005720 0.128288
v 0.095466 0.005720 0.128288
v 0.095466 0.005720 0.128288
v 0.095466 0.005720 0.128288
v 0.094452 -0.009655 0.122272
v 0.094775 -0.007620 0.123331
v 0.095182 -0.005047 0.125048
v 0.095069 -0.006386 0.124639
v 0.093999 -0.011525 0.120151
v 0.093999 -0.011525 0.120151
v 0.094321 -0.005237 0.124341
v 0.094321 -0.005237 0.124341
v 0.093280 -0.012498 0.119000
v 0.093280 -0.012498 0.119000
v 0.093565 -0.010801 0.121116
v 0.093565 -0.010801 0.121116
v 0.094146 -0.007726 0.123548
v 0.094233 -0.009392 0.122671
v 0.094233 -0.009392 0.122671
v 0.094638 -0.007221 0.123949
v 0.095545 -0.000308 0.127245
v 0.095387 -0.002821 0.126001
v 0.094999 -0.000264 0.127528
v 0.094999 -0.000264 0.127528
v 0.094855 -0.004242 0.125959
v 0.095217 -0.002232 0.126756
v 0.094611 -0.005132 0.125187
v 0.095125 -0.004396 0.126080
v 0.095125 -0.004396 0.126080
v 0.095645 0.000749 0.127700
v 0.095645 0.000749 0.127700
v 0.094835 -0.006530 0.124895
v 0.094835 -0.006530 0.124895
v 0.094468 0.011675 0.127130
v 0.091343 -0.026474 0.126113
v 0.090477 -0.029122 0.127247
v 0.091431 -0.027188 0.126208
v 0.091431 -0.027188 0.126208
v 0.091431 -0.027188 0.126208
v 0.090516 -0.029954 0.127367
v 0.090516 -0.029954 0.127367
v 0.088424 -0.033324 0.128137
v 0.088410 -0.034264 0.128350
v 0.089603 -0.032666 0.128157
v 0.089603 -0.032666 0.128157
v 0.089162 -0.032821 0.128251
v 0.089724 -0.031286 0.127675
v 0.089724 -0.031286 0.127675
v 0.092701 -0.020597 0.121307
v 0.092701 -0.020597 0.121307
v 0.092391 -0.021115 0.121954
v 0.092391 -0.021115 0.121954
v 0.092391 -0.021115 0.121954
v 0.092055 -0.021642 0.122540
v 0.092469 -0.022080 0.122740
v 0.092469 -0.022080 0.122740
v 0.092469 -0.022080 0.122740
v 0.092059 -0.023191 0.123778
v 0.092059 -0.023191 0.123778
v 0.092375 -0.023814 0.124198
v 0.092375 -0.023814 0.124198
v 0.092375 -0.023814 0.124198
v 0.091929 -0.025256 0.125054
v 0.091929 -0.025256 0.125054
v 0.091778 -0.024421 0.124741
v 0.091778 -0.024421 0.124741
vt 0.765178 0.445282
vt 0.765883 0.443950
vt 0.768093 0.444338
vt 0.763137 0.443887
vt 0.762556 0.444935
vt 0.767633 0.442979
vt 0.767235 0.441135
vt 0.770604 0.442331
vt 0.771329 0.442843
vt 0.771404 0.445221
vt 0.773564 0.440421
vt 0.761556 0.441499
vt 0.783988 0.436807
vt 0.781456 0.438445
vt 0.780549 0.438358
vt 0.777053 0.437831
vt 0.783510 0.435982
vt 0.778430 0.434980
vt 0.780310 0.439807
vt 0.777415 0.439459
vt 0.774711 0.440884
vt 0.776129 0.442380
vt 0.777317 0.440291
vt 0.777809 0.442926
vt 0.777986 0.445059
vt 0.776091 0.445225
vt 0.783520 0.442661
vt 0.780227 0.443452
vt 0.169596 0.268468
vt 0.171855 0.267337
vt 0.172607 0.274008
vt 0.783660 0.444262
vt 0.783742 0.451907
vt 0.172821 0.270683
vt 0.174121 0.277795
vt 0.170702 0.276354
vt 0.172600 0.266524
vt 0.182704 0.275862
vt 0.789958 0.433802
vt 0.793027 0.432032
vt 0.794773 0.433335
vt 0.802568 0.426882
vt 0.799854 0.428590
vt 0.802271 0.426248
vt 0.798144 0.428692
vt 0.800599 0.426144
vt 0.796108 0.430557
vt 0.795452 0.428524
vt 0.797994 0.433999
vt 0.800020 0.431699
vt 0.797826 0.430119
vt 0.800480 0.434198
vt 0.803633 0.432032
vt 0.166791 0.245411
vt 0.169249 0.246153
vt 0.169408 0.253653
vt 0.168880 0.240314
vt 0.786389 0.433745
vt 0.789726 0.432384
vt 0.792393 0.428094
vt 0.170332 0.249151
vt 0.170795 0.255836
vt 0.176875 0.244362
vt 0.174994 0.258469
vt 0.804008 0.421220
vt 0.805435 0.403641
vt 0.170100 0.243059
vt 0.778465 0.421135
vt 0.788894 0.439135
vt 0.789606 0.435764
vt 0.791537 0.437722
vt 0.786988 0.436200
vt 0.786542 0.435545
vt 0.795113 0.436621
vt 0.792650 0.439804
vt 0.785622 0.441331
vt 0.785871 0.438509
vt 0.787481 0.442028
vt 0.792582 0.448083
vt 0.796953 0.436891
vt 0.168282 0.253777
vt 0.802784 0.444544
vt 0.163803 0.257260
vt 0.161615 0.248864
vt 0.805567 0.432571
vt 0.156959 0.255630
vt 0.171082 0.261103
vt 0.169438 0.260967
vt 0.181032 0.252271
vt 0.161695 0.263395
vt 0.747293 0.431405
vt 0.199972 0.249592
vt 0.194170 0.283290
vt 0.812612 0.416674
vt 0.813271 0.417572
vt 0.811249 0.419668
vt 0.817528 0.413247
vt 0.819464 0.413515
vt 0.816095 0.415724
vt 0.813937 0.418368
vt 0.816727 0.417870
vt 0.812013 0.414299
vt 0.820880 0.409355
vt 0.822175 0.410341
vt 0.821782 0.414300
vt 0.824746 0.413423
vt 0.825365 0.407248
vt 0.825698 0.410439
vt 0.828009 0.405333
vt 0.826521 0.414087
vt 0.829947 0.411058
vt 0.831083 0.407758
vt 0.832977 0.408150
vt 0.845862 0.400512
vt 0.831531 0.411809
vt 0.848192 0.402969
vt 0.841617 0.399558
vt 0.831880 0.403597
vt 0.843832 0.397115
vt 0.824490 0.405866
vt 0.827301 0.404303
vt 0.819254 0.406357
vt 0.171318 0.221332
vt 0.170092 0.223620
vt 0.171602 0.214095
vt 0.172529 0.214590
vt 0.168573 0.219165
vt 0.168166 0.212299
vt 0.180526 0.215124
vt 0.828747 0.399632
vt 0.830274 0.401011
vt 0.828047 0.393241
vt 0.832220 0.396031
vt 0.833678 0.397004
vt 0.836238 0.396919
vt 0.833772 0.398454
vt 0.834660 0.394142
vt 0.833555 0.388737
vt 0.174890 0.203195
vt 0.173113 0.209505
vt 0.173751 0.204565
vt 0.171551 0.206768
vt 0.842086 0.395197
vt 0.157033 0.201601
vt 0.168695 0.201869
vt 0.189016 0.197106
vt 0.187889 0.218012
vt 0.804772 0.428438
vt 0.805497 0.425219
vt 0.807419 0.428191
vt 0.803808 0.423276
vt 0.804800 0.424634
vt 0.807602 0.422876
vt 0.811453 0.420628
vt 0.808424 0.425105
vt 0.808546 0.421488
vt 0.808703 0.420575
vt 0.812722 0.425398
vt 0.813371 0.422081
vt 0.170071 0.237700
vt 0.169367 0.232152
vt 0.166625 0.235378
vt 0.810576 0.428322
vt 0.160163 0.240056
vt 0.816283 0.421321
vt 0.815063 0.425566
vt 0.167550 0.226456
vt 0.818989 0.419300
vt 0.820765 0.421050
vt 0.823036 0.428859
vt 0.813578 0.430603
vt 0.158139 0.229123
vt 0.161131 0.221292
vt 0.170743 0.228359
vt 0.812385 0.437363
vt 0.155120 0.234501
vt 0.147300 0.241615
vt 0.824130 0.447205
vt 0.147744 0.229372
vt 0.821782 0.418525
vt 0.824279 0.417159
vt 0.860682 0.407213
vt 0.831656 0.426828
vt 0.161349 0.211052
vt 0.152078 0.213746
vt 0.854622 0.397547
vt 0.147035 0.222541
vt 0.875873 0.405485
vt 0.837134 0.441070
vt 0.880846 0.411013
vt 0.832794 0.447405
vt 0.877728 0.398166
vt 0.147867 0.204906
vt 0.876812 0.390003
vt 0.775822 0.403081
vt 0.783877 0.368411
vt 0.211737 0.211522
vt 0.756857 0.371812
vt 0.204892 0.196633
vt 0.224739 0.235028
vt 0.737459 0.381592
vt 0.242708 0.207200
vt 0.771152 0.490350
vt 0.776025 0.480700
vt 0.780351 0.488820
vt 0.772759 0.492059
vt 0.767683 0.490151
vt 0.777396 0.492402
vt 0.781156 0.480548
vt 0.787177 0.481582
vt 0.783675 0.482606
vt 0.791816 0.484531
vt 0.782847 0.493341
vt 0.790620 0.494577
vt 0.129497 0.250485
vt 0.141273 0.258704
vt 0.125675 0.258952
vt 0.791753 0.472785
vt 0.802849 0.467615
vt 0.804999 0.479814
vt 0.798674 0.496934
vt 0.802478 0.486925
vt 0.811171 0.489366
vt 0.801744 0.485051
vt 0.807612 0.488010
vt 0.812235 0.488142
vt 0.791939 0.480469
vt 0.798423 0.481554
vt 0.788652 0.479248
vt 0.788652 0.479248
vt 0.777378 0.501086
vt 0.782702 0.500538
vt 0.778895 0.504900
vt 0.786104 0.505282
vt 0.789952 0.506406
vt 0.627830 0.569753
vt 0.128886 0.266088
vt 0.125594 0.269863
vt 0.627728 0.566103
vt 0.633010 0.560893
vt 0.779338 0.505845
vt 0.120830 0.269050
vt 0.803152 0.481716
vt 0.804573 0.483252
vt 0.807728 0.483766
vt 0.116360 0.252982
vt 0.823831 0.453681
vt 0.814857 0.450202
vt 0.808117 0.462785
vt 0.801943 0.458513
vt 0.814069 0.459226
vt 0.134555 0.238509
vt 0.138429 0.249002
vt 0.810415 0.463571
vt 0.820341 0.458221
vt 0.144335 0.235405
vt 0.135038 0.231180
vt 0.138085 0.225181
vt 0.885881 0.415598
vt 0.829090 0.454150
vt 0.129226 0.226274
vt 0.141936 0.216788
vt 0.883099 0.405573
vt 0.880680 0.396965
vt 0.136095 0.216735
vt 0.140448 0.208543
vt 0.910515 0.406737
vt 0.129000 0.220277
vt 0.909743 0.419500
vt 0.829353 0.479439
vt 0.128695 0.210730
vt 0.906930 0.390664
vt 0.135411 0.205833
vt 0.124120 0.216423
vt 0.807985 0.465800
vt 0.813030 0.475278
vt 0.823979 0.471272
vt 0.124049 0.242477
vt 0.122177 0.236076
vt 0.811950 0.485276
vt 0.919291 0.429827
vt 0.821667 0.491574
vt 0.816084 0.486464
vt 0.816951 0.486133
vt 0.823576 0.481842
vt 0.915768 0.425143
vt 0.825105 0.486933
vt 0.815951 0.485026
vt 0.114832 0.245314
vt 0.809156 0.484635
vt 0.101299 0.234720
vt 0.115166 0.228782
vt 0.114930 0.223218
vt 0.910623 0.398642
vt 0.102200 0.215569
vt 0.771506 0.492970
vt 0.777271 0.495309
vt 0.783593 0.494928
vt 0.778205 0.493743
vt 0.778205 0.493743
vt 0.789593 0.495502
vt 0.783147 0.496564
vt 0.790686 0.498120
vt 0.793677 0.497518
vt 0.800339 0.498307
vt 0.800159 0.500037
vt 0.927250 0.438967
vt 0.814994 0.501867
vt 0.806573 0.499413
vt 0.803188 0.499672
vt 0.808522 0.500850
vt 0.807319 0.501960
vt 0.804038 0.501350
vt 0.810536 0.503030
vt 0.809725 0.505774
vt 0.801826 0.503162
vt 0.623900 0.576338
vt 0.797747 0.507190
vt 0.607813 0.586329
vt 0.616861 0.577563
vt 0.619358 0.582946
vt 0.791157 0.502692
vt 0.788237 0.499112
vt 0.629952 0.557924
vt 0.620556 0.566757
vt 0.625035 0.572289
vt 0.088231 0.265591
vt 0.119330 0.274259
vt 0.091484 0.274272
vt 0.116444 0.283290
vt 0.620160 0.582570
vt 0.804939 0.508346
vt 0.092268 0.258067
vt 0.116571 0.261255
vt 0.606166 0.572754
vt 0.611636 0.556652
vt 0.587929 0.555190
vt 0.618474 0.546984
vt 0.085574 0.288360
vt 0.095375 0.282841
vt 0.099125 0.293686
vt 0.586781 0.551228
vt 0.590907 0.568918
vt 0.586436 0.562718
vt 0.587856 0.570557
vt 0.593137 0.578652
vt 0.591226 0.580584
vt 0.588882 0.559644
vt 0.075543 0.281348
vt 0.931413 0.412403
vt 0.931608 0.429727
vt 0.925687 0.421283
vt 0.815148 0.502587
vt 0.927977 0.438954
vt 0.933307 0.431074
vt 0.818443 0.505344
vt 0.931329 0.436299
vt 0.932437 0.434389
vt 0.820541 0.506055
vt 0.935423 0.426109
vt 0.823845 0.509791
vt 0.936881 0.432016
vt 0.936968 0.425549
vt 0.939213 0.418976
vt 0.938732 0.429539
vt 0.926314 0.418511
vt 0.933250 0.407173
vt 0.930271 0.409060
vt 0.940685 0.418564
vt 0.944149 0.411017
vt 0.944139 0.412280
vt 0.942657 0.418170
vt 0.941406 0.422278
vt 0.941388 0.425978
vt 0.943282 0.423450
vt 0.944022 0.425281
vt 0.944825 0.423625
vt 0.944825 0.423625
vt 0.944825 0.423625
vt 0.941753 0.421027
vt 0.944928 0.422718
vt 0.604124 0.607804
vt 0.945323 0.423757
vt 0.944950 0.423941
vt 0.944950 0.423941
vt 0.604659 0.607886
vt 0.945348 0.422808
vt 0.945348 0.422808
vt 0.942318 0.419966
vt 0.946142 0.420828
vt 0.601944 0.611903
vt 0.947125 0.419593
vt 0.947125 0.419593
vt 0.600479 0.608731
vt 0.946612 0.419936
vt 0.947868 0.416749
vt 0.947868 0.416749
vt 0.947868 0.416749
vt 0.600487 0.613426
vt 0.948068 0.417751
vt 0.939869 0.398353
vt 0.947601 0.418040
vt 0.947601 0.418040
vt 0.919800 0.430930
vt 0.820775 0.492402
vt 0.916524 0.431132
vt 0.819573 0.489301
vt 0.819005 0.487391
vt 0.822772 0.488382
vt 0.916373 0.427745
vt 0.814082 0.503994
vt 0.616332 0.589239
vt 0.812470 0.509898
vt 0.103710 0.249808
vt 0.615061 0.590503
vt 0.613320 0.594079
vt 0.817908 0.511159
vt 0.921439 0.422755
vt 0.919487 0.422617
vt 0.919487 0.422617
vt 0.921713 0.419529
vt 0.918847 0.419916
vt 0.071354 0.237484
vt 0.817156 0.508349
vt 0.607592 0.596674
vt 0.612221 0.594997
vt 0.075874 0.247453
vt 0.821237 0.512069
vt 0.611295 0.596942
vt 0.610190 0.597148
vt 0.610449 0.597575
vt 0.822290 0.512204
vt 0.610449 0.597575
vt 0.941230 0.430677
vt 0.941230 0.430677
vt 0.608058 0.600949
vt 0.608058 0.600949
vt 0.940609 0.430679
vt 0.941799 0.429291
vt 0.941799 0.429291
vt 0.610207 0.598604
vt 0.939325 0.433048
vt 0.939325 0.433048
vt 0.823317 0.512412
vt 0.939325 0.433048
vt 0.609907 0.598544
vt 0.609907 0.598544
vt 0.939789 0.432592
vt 0.609566 0.598366
vt 0.939631 0.433326
vt 0.939631 0.433326
vt 0.939458 0.433384
vt 0.609672 0.598513
vt 0.609508 0.598673
vt 0.939807 0.433072
vt 0.609856 0.598616
vt 0.939247 0.433390
vt 0.609856 0.598616
vt 0.940080 0.432197
vt 0.940080 0.432197
vt 0.609518 0.599495
vt 0.609518 0.599495
vt 0.940215 0.432416
vt 0.940215 0.432416
vt 0.609518 0.599495
vt 0.940380 0.432330
vt 0.609769 0.599661
vt 0.940380 0.432330
vt 0.609435 0.600153
vt 0.940706 0.431902
vt 0.609088 0.599978
vt 0.609088 0.599978
vt 0.609088 0.599978
vt 0.940717 0.431823
vt 0.940640 0.431705
vt 0.609224 0.600139
vt 0.609224 0.600139
vt 0.940504 0.431787
vt 0.609070 0.600186
vt 0.940654 0.431601
vt 0.604787 0.601701
vt 0.942752 0.428607
vt 0.607122 0.603409
vt 0.923801 0.411622
vt 0.923957 0.414897
vt 0.925657 0.414183
vt 0.926378 0.411542
vt 0.930901 0.405382
vt 0.928922 0.406698
vt 0.084586 0.223154
vt 0.943152 0.427153
vt 0.943152 0.427153
vt 0.605363 0.605810
vt 0.944329 0.426052
vt 0.933161 0.393046
vt 0.934002 0.399490
vt 0.595069 0.597032
vt 0.598083 0.599525
vt 0.598138 0.607419
vt 0.582822 0.597566
vt 0.592662 0.586560
vt 0.944815 0.415612
vt 0.599393 0.604554
vt 0.598680 0.612807
vt 0.572774 0.613774
vt 0.588685 0.617130
vt 0.946987 0.410422
vt 0.946641 0.412872
vt 0.947997 0.413734
vt 0.949234 0.404398
vt 0.950989 0.400140
vt 0.950843 0.404903
vt 0.951715 0.406891
vt 0.596193 0.619909
vt 0.951759 0.411194
vt 0.078960 0.230535
vt 0.951921 0.409228
vt 0.951921 0.409228
vt 0.570855 0.607426
vt 0.574648 0.621968
vt 0.055073 0.223205
vt 0.957514 0.403241
vt 0.589863 0.627822
vt 0.594845 0.587354
vt 0.730300 0.450150
vt 0.730190 0.449167
vt 0.734090 0.449733
vt 0.729796 0.451689
vt 0.732592 0.455369
vt 0.727601 0.454331
vt 0.745652 0.450350
vt 0.744336 0.448929
vt 0.747837 0.448773
vt 0.745875 0.447472
vt 0.747622 0.447024
vt 0.753944 0.447424
vt 0.752341 0.446454
vt 0.755342 0.445909
vt 0.760873 0.445639
vt 0.757493 0.444774
vt 0.758946 0.445618
vt 0.755872 0.448387
vt 0.757069 0.446646
vt 0.758391 0.448706
vt 0.761400 0.448492
vt 0.758354 0.446527
vt 0.753253 0.444401
vt 0.747757 0.445396
vt 0.750787 0.449009
vt 0.750716 0.447638
vt 0.756191 0.450933
vt 0.753432 0.452754
vt 0.758242 0.451022
vt 0.761068 0.451275
vt 0.170713 0.295659
vt 0.179828 0.297896
vt 0.178161 0.290798
vt 0.176575 0.289962
vt 0.185037 0.297961
vt 0.171693 0.290344
vt 0.755513 0.453893
vt 0.765391 0.459398
vt 0.750337 0.453751
vt 0.189297 0.304665
vt 0.179447 0.290127
vt 0.189131 0.300551
vt 0.742275 0.448025
vt 0.741154 0.448895
vt 0.736051 0.446087
vt 0.200713 0.299145
vt 0.744772 0.453881
vt 0.748035 0.452805
vt 0.745490 0.455429
vt 0.745591 0.461840
vt 0.740474 0.455543
vt 0.740925 0.453252
vt 0.754735 0.464796
vt 0.191027 0.303534
vt 0.179055 0.310365
vt 0.158926 0.301407
vt 0.154748 0.294811
vt 0.156935 0.309243
vt 0.185360 0.316514
vt 0.737328 0.449356
vt 0.740771 0.449755
vt 0.737477 0.449980
vt 0.737364 0.447937
vt 0.735764 0.452175
vt 0.738062 0.453270
vt 0.199012 0.309167
vt 0.199686 0.312148
vt 0.733630 0.448784
vt 0.198592 0.307628
vt 0.203917 0.311202
vt 0.715495 0.434631
vt 0.736001 0.455528
vt 0.732726 0.456735
vt 0.751229 0.476597
vt 0.750002 0.473589
vt 0.757692 0.475568
vt 0.745368 0.474080
vt 0.756194 0.471433
vt 0.762370 0.472089
vt 0.748549 0.472065
vt 0.762614 0.475770
vt 0.756885 0.472614
vt 0.751883 0.471042
vt 0.764450 0.488846
vt 0.758827 0.485025
vt 0.765543 0.486921
vt 0.758154 0.487062
vt 0.758154 0.487062
vt 0.761127 0.489375
vt 0.761127 0.489375
vt 0.756288 0.488117
vt 0.756288 0.488117
vt 0.755203 0.487706
vt 0.755203 0.487706
vt 0.754381 0.489237
vt 0.762489 0.491695
vt 0.756543 0.491740
vt 0.748474 0.485953
vt 0.748474 0.485953
vt 0.741150 0.483448
vt 0.741150 0.483448
vt 0.745482 0.483452
vt 0.745482 0.483452
vt 0.748872 0.482925
vt 0.749309 0.484617
vt 0.749309 0.484617
vt 0.743998 0.485470
vt 0.749118 0.487598
vt 0.739061 0.487632
vt 0.740916 0.482094
vt 0.740568 0.480219
vt 0.732840 0.481980
vt 0.765994 0.477778
vt 0.747139 0.490977
vt 0.754472 0.493674
vt 0.749416 0.495661
vt 0.756424 0.496435
vt 0.741843 0.492946
vt 0.744598 0.493873
vt 0.746378 0.496758
vt 0.744347 0.495480
vt 0.742615 0.494509
vt 0.744099 0.496637
vt 0.645439 0.530117
vt 0.744350 0.496403
vt 0.748322 0.498546
vt 0.644453 0.534116
vt 0.641167 0.532712
vt 0.126884 0.303468
vt 0.133658 0.297088
vt 0.751989 0.486859
vt 0.751989 0.486859
vt 0.639698 0.525534
vt 0.635086 0.533429
vt 0.633412 0.527420
vt 0.722526 0.459471
vt 0.733145 0.461670
vt 0.728262 0.463623
vt 0.728262 0.463623
vt 0.730805 0.467237
vt 0.723684 0.464008
vt 0.730950 0.466145
vt 0.725080 0.476133
vt 0.735425 0.474407
vt 0.732273 0.478685
vt 0.723504 0.476823
vt 0.734132 0.480094
vt 0.732245 0.480636
vt 0.723034 0.477643
vt 0.721378 0.478678
vt 0.713454 0.471951
vt 0.719131 0.472257
vt 0.717668 0.473732
vt 0.714512 0.473815
vt 0.724550 0.489951
vt 0.650839 0.512235
vt 0.720340 0.485947
vt 0.650834 0.506344
vt 0.718639 0.487462
vt 0.720037 0.488059
vt 0.651101 0.507651
vt 0.716966 0.487292
vt 0.651465 0.504958
vt 0.716037 0.486563
vt 0.651999 0.503958
vt 0.651151 0.504669
vt 0.714962 0.480245
vt 0.715064 0.476035
vt 0.714911 0.474951
vt 0.744946 0.468314
vt 0.736872 0.463021
vt 0.742912 0.468485
vt 0.742912 0.468485
vt 0.740461 0.469984
vt 0.736002 0.466381
vt 0.736002 0.466381
vt 0.736474 0.465822
vt 0.194771 0.322351
vt 0.202904 0.319303
vt 0.202601 0.322497
vt 0.727069 0.490842
vt 0.650138 0.514585
vt 0.649987 0.513653
vt 0.721873 0.489261
vt 0.651368 0.509697
vt 0.650948 0.509743
vt 0.728561 0.491127
vt 0.728561 0.491127
vt 0.728427 0.491140
vt 0.728384 0.490884
vt 0.728384 0.490884
vt 0.728384 0.490884
vt 0.649849 0.515777
vt 0.728454 0.491297
vt 0.728454 0.491297
vt 0.728144 0.491221
vt 0.649589 0.515570
vt 0.649589 0.515570
vt 0.728259 0.490373
vt 0.728259 0.490373
vt 0.733543 0.491723
vt 0.734857 0.490419
vt 0.737645 0.493931
vt 0.731592 0.487536
vt 0.729711 0.491040
vt 0.649714 0.516860
vt 0.648056 0.520517
vt 0.733737 0.493079
vt 0.646973 0.524520
vt 0.737939 0.494760
vt 0.647009 0.517839
vt 0.649265 0.518181
vt 0.731049 0.491944
vt 0.648656 0.516383
vt 0.635636 0.518327
vt 0.739635 0.493742
vt 0.740985 0.495142
vt 0.742932 0.495867
vt 0.645924 0.529061
vt 0.742750 0.496518
vt 0.740047 0.495032
vt 0.646550 0.526389
vt 0.645055 0.526127
vt 0.138071 0.313208
vt 0.146665 0.318281
vt 0.189819 0.330446
vt 0.648899 0.509729
vt 0.646434 0.511994
vt 0.650658 0.507680
vt 0.649135 0.506223
vt 0.637296 0.506896
vt 0.647028 0.500322
vt 0.201647 0.329831
vt 0.199755 0.337448
vt 0.144568 0.329051
vt 0.136139 0.322555
vt 0.201127 0.334881
vt 0.682401 0.437690
vt 0.682499 0.440839
vt 0.678797 0.436367
vt 0.727610 0.448050
vt 0.724017 0.445961
vt 0.724340 0.451011
vt 0.722356 0.454937
vt 0.719247 0.451623
vt 0.727130 0.449672
vt 0.205890 0.313798
vt 0.723455 0.448594
vt 0.723631 0.449610
vt 0.208699 0.313995
vt 0.210996 0.309157
vt 0.209411 0.318828
vt 0.720414 0.448240
vt 0.719822 0.449429
vt 0.717480 0.447867
vt 0.717344 0.449351
vt 0.716827 0.445796
vt 0.212227 0.317498
vt 0.217340 0.318639
vt 0.202583 0.282745
vt 0.206126 0.297196
vt 0.219327 0.311351
vt 0.222027 0.298642
vt 0.720793 0.413432
vt 0.238325 0.294622
vt 0.686597 0.420108
vt 0.243508 0.307523
vt 0.724918 0.455913
vt 0.719130 0.456031
vt 0.716919 0.451279
vt 0.716132 0.449205
vt 0.713750 0.449769
vt 0.713975 0.455320
vt 0.209745 0.323547
vt 0.212278 0.326730
vt 0.719745 0.460681
vt 0.719745 0.460681
vt 0.203553 0.329248
vt 0.715512 0.459171
vt 0.715512 0.459171
vt 0.715468 0.461205
vt 0.712242 0.457850
vt 0.712242 0.457850
vt 0.712477 0.448131
vt 0.714421 0.447326
vt 0.709172 0.448324
vt 0.709493 0.447439
vt 0.710454 0.446359
vt 0.713422 0.452977
vt 0.706725 0.445240
vt 0.706352 0.446735
vt 0.705841 0.447986
vt 0.222451 0.322022
vt 0.227964 0.323300
vt 0.709037 0.452507
vt 0.708435 0.454686
vt 0.706411 0.451591
vt 0.703193 0.448133
vt 0.704626 0.452463
vt 0.702082 0.450986
vt 0.217724 0.326495
vt 0.221625 0.323711
vt 0.228466 0.326384
vt 0.217682 0.320364
vt 0.222466 0.316444
vt 0.704422 0.468130
vt 0.707924 0.470099
vt 0.710519 0.473826
vt 0.707182 0.479814
vt 0.702117 0.474273
vt 0.702554 0.480624
vt 0.698733 0.479176
vt 0.704853 0.471924
vt 0.710637 0.483664
vt 0.710068 0.484410
vt 0.709524 0.483871
vt 0.651050 0.497617
vt 0.709524 0.483871
vt 0.651740 0.497837
vt 0.709751 0.484662
vt 0.709751 0.484662
vt 0.709032 0.483370
vt 0.709032 0.483370
vt 0.651259 0.496977
vt 0.651259 0.496977
vt 0.650805 0.498109
vt 0.650805 0.498109
vt 0.651611 0.502006
vt 0.651611 0.502006
vt 0.652158 0.501002
vt 0.713075 0.485491
vt 0.651018 0.501322
vt 0.651359 0.499876
vt 0.711263 0.485075
vt 0.651686 0.499330
vt 0.649208 0.497022
vt 0.648368 0.490650
vt 0.208575 0.331524
vt 0.709252 0.458625
vt 0.650946 0.496536
vt 0.708460 0.483651
vt 0.708208 0.483208
vt 0.708208 0.483208
vt 0.708208 0.483208
vt 0.707631 0.483291
vt 0.707631 0.483291
vt 0.707958 0.483802
vt 0.651105 0.496150
vt 0.705746 0.483075
vt 0.651706 0.494167
vt 0.705746 0.483075
vt 0.708112 0.483479
vt 0.705103 0.482173
vt 0.703080 0.481630
vt 0.703080 0.481630
vt 0.651551 0.491424
vt 0.651093 0.490319
vt 0.701791 0.481596
vt 0.649839 0.490298
vt 0.209404 0.340302
vt 0.209431 0.333259
vt 0.214904 0.335204
vt 0.635839 0.499092
vt 0.636783 0.492030
vt 0.703196 0.454169
vt 0.708942 0.456610
vt 0.708942 0.456610
vt 0.702399 0.455756
vt 0.224435 0.338468
vt 0.222683 0.332824
vt 0.694417 0.477842
vt 0.695467 0.477054
vt 0.696594 0.479189
vt 0.650615 0.485101
vt 0.694806 0.472702
vt 0.698917 0.470185
vt 0.696289 0.464750
vt 0.650038 0.480577
vt 0.691945 0.477697
vt 0.649407 0.485448
vt 0.648006 0.481655
vt 0.686982 0.474156
vt 0.691143 0.476271
vt 0.700433 0.480344
vt 0.700433 0.480344
vt 0.700327 0.480939
vt 0.651287 0.488859
vt 0.701977 0.445775
vt 0.703680 0.444793
vt 0.702168 0.441427
vt 0.698364 0.445213
vt 0.699572 0.444077
vt 0.699482 0.450740
vt 0.229950 0.324806
vt 0.696411 0.442631
vt 0.696319 0.441482
vt 0.695640 0.443956
vt 0.694976 0.447277
vt 0.691940 0.442037
vt 0.692509 0.443282
vt 0.237132 0.323362
vt 0.231791 0.318723
vt 0.234515 0.325897
vt 0.238781 0.327298
vt 0.248233 0.319101
vt 0.691422 0.440757
vt 0.688787 0.441438
vt 0.693069 0.438075
vt 0.688283 0.440531
vt 0.238916 0.321886
vt 0.243660 0.327886
vt 0.686156 0.438018
vt 0.678301 0.431728
vt 0.241189 0.321723
vt 0.697989 0.451963
vt 0.694776 0.452545
vt 0.694642 0.450636
vt 0.692985 0.448362
vt 0.692014 0.446124
vt 0.690021 0.448757
vt 0.693051 0.467277
vt 0.687064 0.467064
vt 0.681494 0.469811
vt 0.682817 0.473113
vt 0.650233 0.470906
vt 0.648878 0.475340
vt 0.647263 0.471182
vt 0.637331 0.481076
vt 0.688222 0.449925
vt 0.681081 0.471827
vt 0.679199 0.469702
vt 0.237967 0.330680
vt 0.231179 0.340949
vt 0.687678 0.444858
vt 0.243698 0.329211
vt 0.686268 0.440069
vt 0.685155 0.439305
vt 0.248188 0.329083
vt 0.252543 0.326256
vt 0.684271 0.442625
vt 0.247869 0.331547
vt 0.686337 0.447357
vt 0.687013 0.447195
vt 0.681615 0.447170
vt 0.680994 0.444461
vt 0.677630 0.470076
vt 0.677747 0.471092
vt 0.649443 0.465816
vt 0.675684 0.469850
vt 0.672706 0.469528
vt 0.648542 0.460812
vt 0.239737 0.341360
vt 0.676423 0.442322
vt 0.677263 0.440419
vt 0.676259 0.444953
vt 0.671517 0.441051
vt 0.622663 0.540264
vt 0.625431 0.527236
vt 0.618341 0.520321
vt 0.607420 0.537050
vt 0.121756 0.307628
vt 0.631301 0.517963
vt 0.633008 0.513039
vt 0.121363 0.319487
vt 0.139521 0.325676
vt 0.139625 0.336657
vt 0.206241 0.345595
vt 0.629386 0.506816
vt 0.138068 0.332813
vt 0.628978 0.495623
vt 0.133842 0.331131
vt 0.117616 0.312983
vt 0.129325 0.323788
vt 0.604340 0.507447
vt 0.628833 0.503736
vt 0.613820 0.511862
vt 0.131437 0.333656
vt 0.615944 0.502481
vt 0.626375 0.493290
vt 0.118214 0.329399
vt 0.126431 0.331536
vt 0.098492 0.314116
vt 0.596452 0.529934
vt 0.102269 0.322862
vt 0.122044 0.338044
vt 0.111582 0.341639
vt 0.593597 0.520431
vt 0.106786 0.330721
vt 0.597385 0.502757
vt 0.604346 0.494662
vt 0.106777 0.342525
vt 0.686726 0.461778
vt 0.688471 0.461421
vt 0.689086 0.463674
vt 0.693345 0.465520
vt 0.688230 0.465359
vt 0.681310 0.458665
vt 0.682296 0.461270
vt 0.681230 0.462904
vt 0.678362 0.459368
vt 0.676481 0.461020
vt 0.674242 0.455796
vt 0.677626 0.467749
vt 0.674021 0.463443
vt 0.675627 0.457236
vt 0.674147 0.459903
vt 0.674954 0.458439
vt 0.674954 0.458439
vt 0.669932 0.456373
vt 0.671469 0.455656
vt 0.667935 0.461863
vt 0.665504 0.457072
vt 0.664929 0.452366
vt 0.666332 0.454279
vt 0.705253 0.470366
vt 0.701699 0.468249
vt 0.699336 0.468538
vt 0.136913 0.342734
vt 0.211958 0.350466
vt 0.216386 0.345689
vt 0.632079 0.485469
vt 0.223968 0.351908
vt 0.133686 0.335281
vt 0.133678 0.342004
vt 0.132230 0.341210
vt 0.127249 0.344746
vt 0.625829 0.482654
vt 0.625660 0.488662
vt 0.217655 0.356163
vt 0.133083 0.348940
vt 0.625596 0.474443
vt 0.624627 0.481315
vt 0.130624 0.358645
vt 0.227401 0.361310
vt 0.231881 0.355204
vt 0.133642 0.333410
vt 0.646205 0.462273
vt 0.647895 0.464733
vt 0.633124 0.470290
vt 0.671336 0.468353
vt 0.245559 0.343644
vt 0.645947 0.457161
vt 0.631835 0.460740
vt 0.237946 0.356632
vt 0.243757 0.351616
vt 0.246664 0.351157
vt 0.248727 0.343669
vt 0.243655 0.355305
vt 0.246932 0.355596
vt 0.245387 0.357504
vt 0.118411 0.351508
vt 0.606583 0.484079
vt 0.126158 0.354425
vt 0.622821 0.473333
vt 0.606180 0.475795
vt 0.121945 0.362084
vt 0.116020 0.361433
vt 0.109208 0.358398
vt 0.107277 0.351446
vt 0.622885 0.461969
vt 0.620568 0.461635
vt 0.238401 0.364940
vt 0.126669 0.365140
vt 0.233561 0.366642
vt 0.245702 0.362319
vt 0.247981 0.358081
vt 0.621419 0.453446
vt 0.255050 0.361625
vt 0.620369 0.455351
vt 0.246476 0.367813
vt 0.249550 0.363565
vt 0.243526 0.365677
vt 0.122940 0.372636
vt 0.240446 0.371838
vt 0.118498 0.369880
vt 0.607769 0.469929
vt 0.114250 0.369708
vt 0.591461 0.469157
vt 0.246247 0.369924
vt 0.249530 0.368807
vt 0.247908 0.371511
vt 0.250186 0.369594
vt 0.250375 0.371113
vt 0.117754 0.376847
vt 0.600316 0.458248
vt 0.120595 0.379160
vt 0.123005 0.377329
vt 0.245095 0.372783
vt 0.249106 0.373202
vt 0.122444 0.380473
vt 0.247944 0.374260
vt 0.121904 0.381701
vt 0.249030 0.375033
vt 0.608122 0.450219
vt 0.774288 0.456875
vt 0.774870 0.447995
vt 0.773831 0.446903
vt 0.771754 0.447930
vt 0.768217 0.448736
vt 0.766077 0.447514
vt 0.764452 0.450072
vt 0.174063 0.283936
vt 0.175981 0.283937
vt 0.166995 0.283309
vt 0.765145 0.451345
vt 0.166596 0.275730
vt 0.159030 0.270097
vt 0.155129 0.281893
vt 0.785819 0.468560
vt 0.777597 0.471052
vt 0.147520 0.289459
vt 0.141040 0.274032
vt 0.793313 0.463699
vt 0.149286 0.263405
vt 0.149874 0.251491
vt 0.771631 0.478521
vt 0.765755 0.474961
vt 0.780916 0.473909
vt 0.770377 0.474602
vt 0.763346 0.473559
vt 0.768676 0.475014
vt 0.135789 0.279582
vt 0.772666 0.475925
vt 0.760117 0.501928
vt 0.641938 0.545068
vt 0.762142 0.502091
vt 0.762136 0.502261
vt 0.764245 0.503099
vt 0.640571 0.548847
vt 0.767669 0.491426
vt 0.771406 0.494560
vt 0.775855 0.495543
vt 0.766404 0.495218
vt 0.777079 0.479498
vt 0.781351 0.478171
vt 0.777860 0.476863
vt 0.777860 0.476863
vt 0.780954 0.477434
vt 0.780954 0.477434
vt 0.778718 0.476519
vt 0.769284 0.503957
vt 0.774694 0.504535
vt 0.773152 0.504946
vt 0.636720 0.556300
vt 0.774623 0.477130
vt 0.775337 0.476254
vt 0.775337 0.476254
vt 0.767519 0.504541
vt 0.639715 0.551966
vt 0.766856 0.503742
vt 0.766856 0.503742
vt 0.764140 0.502415
vt 0.766501 0.501526
vt 0.632711 0.551385
vt 0.637710 0.546374
vt 0.638791 0.541486
vt 0.136637 0.289161
vt 0.126158 0.285158
vt 0.751142 0.497806
vt 0.754243 0.499473
vt 0.751469 0.498769
vt 0.753669 0.500303
vt 0.643321 0.539092
vt 0.757048 0.499872
vt 0.757812 0.500919
vt 0.636628 0.539022
vt 0.138470 0.266648
vt 0.223779 0.269154
vt 0.719875 0.394561
vt 0.249377 0.282111
vt 0.250417 0.240741
vt 0.118163 0.282823
vt 0.119572 0.293472
vt 0.096600 0.305609
vt 0.774561 0.499000
vt 0.944259 0.419442
vt 0.813898 0.507691
vt 0.728578 0.491013
vt 0.649688 0.515907
vt 0.728645 0.491226
vt 0.728578 0.491013
vt 0.728578 0.491013
vt 0.649688 0.515907
vt 0.325475 0.395090
vt 0.120165 0.382831
vt 0.762243 0.498835
vt 0.767951 0.499363
vt 0.835003 0.381337
vt 0.836264 0.380856
vt 0.835686 0.384632
vt 0.835623 0.377344
vt 0.836930 0.377236
vt 0.835417 0.388995
vt 0.836538 0.391498
vt 0.841408 0.391820
vt 0.840554 0.388312
vt 0.840656 0.385102
vt 0.835476 0.386957
vt 0.175975 0.196394
vt 0.172891 0.197692
vt 0.837149 0.384919
vt 0.834221 0.384568
vt 0.839626 0.379520
vt 0.831640 0.384286
vt 0.833893 0.377737
vt 0.177202 0.196131
vt 0.177232 0.189624
vt 0.844166 0.392703
vt 0.842688 0.390049
vt 0.855248 0.388019
vt 0.844236 0.382890
vt 0.841971 0.382237
vt 0.168981 0.190728
vt 0.161498 0.194814
vt 0.842316 0.378108
vt 0.838083 0.374620
vt 0.841863 0.375831
vt 0.840983 0.373281
vt 0.844006 0.371110
vt 0.849531 0.376198
vt 0.841861 0.370093
vt 0.173633 0.186834
vt 0.172193 0.187107
vt 0.168052 0.184748
vt 0.835028 0.374694
vt 0.836551 0.373176
vt 0.829268 0.364016
vt 0.833531 0.367622
vt 0.837361 0.369378
vt 0.835334 0.370943
vt 0.836005 0.370337
vt 0.181331 0.194514
vt 0.181016 0.190567
vt 0.186859 0.184323
vt 0.178802 0.190748
vt 0.178766 0.187736
vt 0.181241 0.183827
vt 0.180145 0.183036
vt 0.183734 0.188746
vt 0.192220 0.180973
vt 0.173732 0.183803
vt 0.807680 0.358460
vt 0.203468 0.170863
vt 0.836658 0.366418
vt 0.839029 0.366278
vt 0.835058 0.366430
vt 0.836264 0.363105
vt 0.837120 0.363061
vt 0.840765 0.363038
vt 0.183016 0.179330
vt 0.835307 0.360828
vt 0.832985 0.356212
vt 0.182931 0.176696
vt 0.836002 0.359210
vt 0.837091 0.358603
vt 0.839864 0.359013
vt 0.839771 0.355616
vt 0.836159 0.355966
vt 0.834992 0.355830
vt 0.185979 0.174131
vt 0.186544 0.170375
vt 0.185974 0.167595
vt 0.836872 0.353588
vt 0.835048 0.353184
vt 0.835696 0.352937
vt 0.834964 0.349601
vt 0.835934 0.349172
vt 0.839584 0.352551
vt 0.839878 0.349371
vt 0.834075 0.350779
vt 0.831574 0.346640
vt 0.191680 0.162836
vt 0.195744 0.162494
vt 0.833499 0.346388
vt 0.834940 0.346047
vt 0.188553 0.165997
vt 0.838481 0.345203
vt 0.190641 0.162338
vt 0.187898 0.161732
vt 0.842181 0.367392
vt 0.181078 0.176771
vt 0.842470 0.363724
vt 0.175322 0.181342
vt 0.175876 0.178544
vt 0.854672 0.360493
vt 0.842979 0.358843
vt 0.176098 0.175535
vt 0.179152 0.173500
vt 0.174434 0.180851
vt 0.171277 0.177975
vt 0.173996 0.169951
vt 0.171276 0.175457
vt 0.842102 0.352858
vt 0.178775 0.169149
vt 0.182250 0.163608
vt 0.842083 0.347660
vt 0.185030 0.159312
vt 0.177828 0.162299
vt 0.173618 0.162676
vt 0.162559 0.184397
vt 0.872229 0.373828
vt 0.857852 0.368672
vt 0.161762 0.182912
vt 0.155337 0.184194
vt 0.875105 0.382329
vt 0.150105 0.189668
vt 0.145759 0.195205
vt 0.164394 0.177607
vt 0.169187 0.175905
vt 0.162913 0.176827
vt 0.157879 0.179214
vt 0.870957 0.362298
vt 0.156975 0.174573
vt 0.149191 0.179316
vt 0.159962 0.170976
vt 0.875201 0.372189
vt 0.873314 0.362086
vt 0.869044 0.351709
vt 0.158929 0.168153
vt 0.858283 0.347515
vt 0.156223 0.168553
vt 0.150669 0.168907
vt 0.872262 0.356170
vt 0.154070 0.164839
vt 0.156261 0.165107
vt 0.870775 0.346748
vt 0.166986 0.172989
vt 0.164948 0.172955
vt 0.171513 0.170687
vt 0.165702 0.170752
vt 0.167917 0.167282
vt 0.164279 0.170656
vt 0.164166 0.167264
vt 0.165492 0.164521
vt 0.160535 0.166546
vt 0.161304 0.164739
vt 0.158749 0.165020
vt 0.159708 0.163702
vt 0.835046 0.343208
vt 0.837865 0.342429
vt 0.840680 0.341890
vt 0.838564 0.339540
vt 0.866506 0.336007
vt 0.179115 0.156643
vt 0.177978 0.153920
vt 0.176338 0.157021
vt 0.838966 0.337180
vt 0.850202 0.331357
vt 0.177962 0.153101
vt 0.185577 0.156011
vt 0.169538 0.160223
vt 0.172692 0.154148
vt 0.178413 0.151552
vt 0.184099 0.152831
vt 0.179579 0.150118
vt 0.173927 0.151471
vt 0.173304 0.148519
vt 0.164228 0.153325
vt 0.167743 0.151842
vt 0.168350 0.149812
vt 0.171110 0.142771
vt 0.169071 0.147517
vt 0.158690 0.161791
vt 0.158247 0.163834
vt 0.161553 0.162040
vt 0.867716 0.342677
vt 0.159488 0.158227
vt 0.155523 0.161140
vt 0.152653 0.160291
vt 0.869371 0.339190
vt 0.157307 0.152510
vt 0.151432 0.155190
vt 0.883286 0.340950
vt 0.164460 0.148168
vt 0.867286 0.332283
vt 0.153767 0.152134
vt 0.152394 0.150422
vt 0.880874 0.328635
vt 0.154113 0.147590
vt 0.159636 0.146363
vt 0.164525 0.150753
vt 0.166472 0.149643
vt 0.863648 0.327051
vt 0.162355 0.141248
vt 0.864640 0.322263
vt 0.167375 0.135218
vt 0.157434 0.137380
vt 0.162236 0.137296
vt 0.833737 0.342322
vt 0.832946 0.343226
vt 0.816668 0.340064
vt 0.194656 0.159944
vt 0.825979 0.328368
vt 0.203576 0.157150
vt 0.218053 0.159728
vt 0.230065 0.177097
vt 0.781702 0.326281
vt 0.806670 0.330935
vt 0.802628 0.306295
vt 0.241556 0.160923
vt 0.233136 0.158198
vt 0.227731 0.191422
vt 0.244235 0.167799
vt 0.835460 0.337878
vt 0.833824 0.339256
vt 0.832471 0.339224
vt 0.190831 0.160914
vt 0.192514 0.160177
vt 0.193633 0.159586
vt 0.194242 0.157072
vt 0.190646 0.158576
vt 0.191105 0.157075
vt 0.193331 0.155130
vt 0.189177 0.154673
vt 0.836915 0.335398
vt 0.830701 0.336915
vt 0.832500 0.336607
vt 0.195398 0.157136
vt 0.199400 0.150469
vt 0.833293 0.336137
vt 0.831365 0.333486
vt 0.832188 0.333578
vt 0.833914 0.333566
vt 0.831610 0.331070
vt 0.837628 0.333243
vt 0.198941 0.149211
vt 0.197216 0.147333
vt 0.836126 0.329675
vt 0.830648 0.329313
vt 0.828890 0.327903
vt 0.208977 0.144501
vt 0.832181 0.328414
vt 0.830138 0.327006
vt 0.832573 0.325902
vt 0.836003 0.326825
vt 0.202761 0.138720
vt 0.828992 0.325857
vt 0.828592 0.324299
vt 0.829645 0.323766
vt 0.830608 0.325904
vt 0.831253 0.323881
vt 0.828226 0.320805
vt 0.204255 0.143795
vt 0.205646 0.140807
vt 0.828808 0.319984
vt 0.834765 0.323285
vt 0.833531 0.320408
vt 0.831157 0.318838
vt 0.833473 0.317392
vt 0.187391 0.150189
vt 0.192971 0.147359
vt 0.838082 0.330541
vt 0.182301 0.140669
vt 0.844656 0.321894
vt 0.211527 0.150101
vt 0.211514 0.155278
vt 0.198408 0.138554
vt 0.835107 0.320152
vt 0.843087 0.312960
vt 0.189584 0.138497
vt 0.195466 0.131364
vt 0.191746 0.128573
vt 0.188484 0.133148
vt 0.826058 0.319024
vt 0.216111 0.136535
vt 0.827427 0.317944
vt 0.829537 0.316372
vt 0.825376 0.317217
vt 0.826765 0.316632
vt 0.827891 0.315716
vt 0.205860 0.133584
vt 0.213577 0.137074
vt 0.821615 0.317317
vt 0.822334 0.314835
vt 0.825052 0.315104
vt 0.826018 0.315251
vt 0.826700 0.314848
vt 0.825470 0.312225
vt 0.824279 0.311877
vt 0.220952 0.137895
vt 0.206744 0.127562
vt 0.220720 0.133917
vt 0.221804 0.136275
vt 0.822215 0.309697
vt 0.227418 0.132784
vt 0.231957 0.134347
vt 0.815914 0.301347
vt 0.821804 0.308166
vt 0.215578 0.151725
vt 0.217359 0.152435
vt 0.215165 0.143280
vt 0.222410 0.144929
vt 0.201399 0.129002
vt 0.222711 0.130809
vt 0.205031 0.125518
vt 0.228920 0.152968
vt 0.226948 0.140047
vt 0.226049 0.138570
vt 0.831568 0.314094
vt 0.828476 0.314054
vt 0.826231 0.309619
vt 0.823546 0.308454
vt 0.225785 0.132271
vt 0.824623 0.307717
vt 0.822905 0.306328
vt 0.824150 0.305567
vt 0.821471 0.305652
vt 0.821283 0.303092
vt 0.819927 0.302714
vt 0.821657 0.300973
vt 0.830130 0.311254
vt 0.831589 0.311049
vt 0.829589 0.307419
vt 0.197113 0.126364
vt 0.226817 0.126233
vt 0.202990 0.121293
vt 0.200160 0.121958
vt 0.193170 0.125337
vt 0.194910 0.120773
vt 0.197435 0.121851
vt 0.843974 0.301060
vt 0.827431 0.305617
vt 0.826063 0.302480
vt 0.231757 0.130451
vt 0.232523 0.128069
vt 0.235571 0.131108
vt 0.233157 0.123828
vt 0.202530 0.119376
vt 0.228814 0.124412
vt 0.824554 0.300382
vt 0.827791 0.302358
vt 0.825952 0.298914
vt 0.238441 0.125925
vt 0.233109 0.117977
vt 0.198796 0.114966
vt 0.837247 0.295309
vt 0.198201 0.110133
vt 0.238724 0.114876
vt 0.239195 0.122635
vt 0.183713 0.132925
vt 0.861894 0.319367
vt 0.860177 0.313404
vt 0.187748 0.130791
vt 0.189110 0.128153
vt 0.184410 0.130365
vt 0.183093 0.126096
vt 0.178742 0.128387
vt 0.180307 0.127168
vt 0.184298 0.127924
vt 0.180616 0.124233
vt 0.185388 0.123898
vt 0.190008 0.126491
vt 0.171915 0.132625
vt 0.174634 0.129161
vt 0.172801 0.129438
vt 0.170950 0.126316
vt 0.172274 0.128276
vt 0.861117 0.310932
vt 0.166920 0.129946
vt 0.875350 0.315537
vt 0.177840 0.123151
vt 0.175668 0.123336
vt 0.173889 0.126315
vt 0.172124 0.123997
vt 0.180965 0.121018
vt 0.857121 0.304238
vt 0.177444 0.117939
vt 0.165668 0.122591
vt 0.859258 0.305547
vt 0.169135 0.117300
vt 0.856879 0.299976
vt 0.853259 0.295297
vt 0.189720 0.121612
vt 0.188088 0.118383
vt 0.167851 0.113628
vt 0.251618 0.092178
vt 0.179308 0.097023
vt 0.855961 0.297833
vt 0.852888 0.290708
vt 0.850883 0.289547
vt 0.195488 0.108119
vt 0.240882 0.111103
vt 0.848706 0.286534
vt 0.833908 0.289220
vt 0.844121 0.276903
vt 0.878849 0.391599
vt 0.900748 0.385499
vt 0.901546 0.378177
vt 0.132082 0.204654
vt 0.134775 0.199396
vt 0.124462 0.196255
vt 0.132754 0.190352
vt 0.912111 0.365668
vt 0.903126 0.373010
vt 0.882662 0.367827
vt 0.906714 0.358164
vt 0.112495 0.206176
vt 0.112987 0.197778
vt 0.104356 0.192349
vt 0.098652 0.206411
vt 0.930219 0.376202
vt 0.118289 0.185067
vt 0.102977 0.170951
vt 0.129713 0.173259
vt 0.096567 0.178319
vt 0.925226 0.356111
vt 0.937709 0.398038
vt 0.942831 0.391985
vt 0.936817 0.394709
vt 0.934857 0.386397
vt 0.936803 0.396817
vt 0.938621 0.393957
vt 0.942833 0.390301
vt 0.939682 0.390477
vt 0.083348 0.210194
vt 0.081257 0.213968
vt 0.931209 0.382820
vt 0.934284 0.380351
vt 0.950376 0.383216
vt 0.074782 0.203267
vt 0.941189 0.389879
vt 0.946116 0.382327
vt 0.943428 0.385076
vt 0.074204 0.192796
vt 0.092923 0.196943
vt 0.928070 0.371435
vt 0.927783 0.366667
vt 0.092512 0.187721
vt 0.931931 0.373405
vt 0.929845 0.365268
vt 0.928011 0.358100
vt 0.954196 0.352532
vt 0.941560 0.367736
vt 0.077882 0.183710
vt 0.958097 0.391094
vt 0.955098 0.398551
vt 0.957175 0.395140
vt 0.958708 0.389099
vt 0.955642 0.402836
vt 0.953522 0.401589
vt 0.955087 0.401759
vt 0.957745 0.398834
vt 0.957545 0.397751
vt 0.958558 0.396224
vt 0.958942 0.397622
vt 0.949363 0.380540
vt 0.959710 0.395928
vt 0.959710 0.395928
vt 0.959260 0.392161
vt 0.961262 0.389659
vt 0.961244 0.391424
vt 0.962288 0.391030
vt 0.964796 0.384976
vt 0.965455 0.385986
vt 0.059987 0.212066
vt 0.962551 0.393743
vt 0.584210 0.637554
vt 0.577324 0.631903
vt 0.958798 0.394357
vt 0.960524 0.393048
vt 0.961303 0.393344
vt 0.961303 0.393344
vt 0.962026 0.392096
vt 0.962026 0.392096
vt 0.963068 0.391124
vt 0.964339 0.389138
vt 0.577904 0.638739
vt 0.579637 0.644698
vt 0.967217 0.387624
vt 0.047393 0.203746
vt 0.949778 0.377474
vt 0.949650 0.373405
vt 0.955407 0.373905
vt 0.953779 0.373319
vt 0.960504 0.368103
vt 0.960504 0.368103
vt 0.951911 0.372142
vt 0.953785 0.370474
vt 0.954407 0.365263
vt 0.956932 0.367882
vt 0.956282 0.366084
vt 0.956180 0.364230
vt 0.960362 0.365420
vt 0.964654 0.381169
vt 0.963389 0.374953
vt 0.965079 0.381844
vt 0.966764 0.386004
vt 0.968863 0.384339
vt 0.966541 0.382294
vt 0.967420 0.382617
vt 0.967420 0.382617
vt 0.967420 0.382617
vt 0.576082 0.637453
vt 0.578202 0.646840
vt 0.968996 0.386408
vt 0.576099 0.649405
vt 0.967824 0.378770
vt 0.969185 0.382729
vt 0.968513 0.382333
vt 0.968513 0.382333
vt 0.968513 0.382333
vt 0.969765 0.382220
vt 0.969765 0.382220
vt 0.970332 0.382920
vt 0.575665 0.655436
vt 0.971082 0.376657
vt 0.578121 0.655358
vt 0.968952 0.375671
vt 0.576485 0.655804
vt 0.970601 0.375875
vt 0.576485 0.655804
vt 0.970601 0.375875
vt 0.577277 0.650005
vt 0.577277 0.650005
vt 0.968926 0.381947
vt 0.577291 0.649274
vt 0.970719 0.384345
vt 0.577291 0.649274
vt 0.577291 0.649274
vt 0.970719 0.384345
vt 0.969024 0.382006
vt 0.971128 0.384096
vt 0.969024 0.382006
vt 0.577562 0.649631
vt 0.576189 0.650434
vt 0.970900 0.382955
vt 0.970166 0.381560
vt 0.970900 0.382955
vt 0.970660 0.382207
vt 0.970660 0.382207
vt 0.970660 0.382207
vt 0.962167 0.371511
vt 0.964207 0.373947
vt 0.964904 0.372309
vt 0.963550 0.370246
vt 0.961854 0.368797
vt 0.962246 0.367111
vt 0.963937 0.365400
vt 0.964233 0.366008
vt 0.963562 0.368196
vt 0.965305 0.366986
vt 0.009490 0.843327
vt 0.966406 0.366663
vt 0.008627 0.841912
vt 0.587384 0.666430
vt 0.965543 0.365248
vt 0.580226 0.663888
vt 0.582445 0.663898
vt 0.583100 0.665481
vt 0.579243 0.661662
vt 0.583076 0.662471
vt 0.578627 0.662562
vt 0.578627 0.662562
vt 0.965797 0.374564
vt 0.967856 0.374685
vt 0.579715 0.655622
vt 0.966885 0.373515
vt 0.967693 0.371932
vt 0.578428 0.656544
vt 0.970064 0.373440
vt 0.580278 0.657965
vt 0.578760 0.658641
vt 0.578760 0.658641
vt 0.578496 0.660729
vt 0.582132 0.658494
vt 0.970743 0.371618
vt 0.970821 0.370700
vt 0.969285 0.370945
vt 0.969249 0.371296
vt 0.583850 0.664684
vt 0.584683 0.666407
vt 0.586480 0.663128
vt 0.968865 0.365969
vt 0.011949 0.842634
vt 0.584442 0.662512
vt 0.580052 0.661852
vt 0.968455 0.367054
vt 0.579642 0.660886
vt 0.581422 0.659453
vt 0.970886 0.369419
vt 0.970562 0.367174
vt 0.581892 0.661402
vt 0.586039 0.661213
vt 0.970498 0.368620
vt 0.969559 0.369484
vt 0.970532 0.370356
vt 0.968357 0.367724
vt 0.970178 0.367579
vt 0.969392 0.384340
vt 0.046355 0.190648
vt 0.055162 0.183557
vt 0.960854 0.360817
vt 0.958498 0.362487
vt 0.957303 0.361217
vt 0.956880 0.360435
vt 0.067565 0.177729
vt 0.966299 0.371070
vt 0.967596 0.370998
vt 0.967596 0.370998
vt 0.967596 0.370998
vt 0.967375 0.371263
vt 0.967375 0.371263
vt 0.965425 0.369439
vt 0.965425 0.369439
vt 0.966380 0.367437
vt 0.923524 0.349168
vt 0.927092 0.351667
vt 0.911194 0.346798
vt 0.089252 0.156733
vt 0.122346 0.166279
vt 0.924178 0.343026
vt 0.921619 0.341913
vt 0.931323 0.339375
vt 0.921948 0.332474
vt 0.919124 0.334425
vt 0.082618 0.161928
vt 0.072757 0.168378
vt 0.944221 0.345158
vt 0.941587 0.343467
vt 0.940287 0.340219
vt 0.942923 0.341579
vt 0.942722 0.339600
vt 0.941468 0.336974
vt 0.071981 0.146336
vt 0.108496 0.150126
vt 0.944813 0.322204
vt 0.943394 0.315756
vt 0.946400 0.327448
vt 0.963867 0.364070
vt 0.962672 0.362180
vt 0.585122 0.668215
vt 0.967354 0.365509
vt 0.583862 0.667383
vt 0.968144 0.364467
vt 0.583644 0.669322
vt 0.966411 0.365703
vt 0.586033 0.667217
vt 0.966283 0.363533
vt 0.965640 0.364722
vt 0.581454 0.672470
vt 0.967558 0.361671
vt 0.969071 0.359863
vt 0.578962 0.673566
vt 0.965440 0.359859
vt 0.581755 0.665744
vt 0.578851 0.666531
vt 0.581718 0.667416
vt 0.580116 0.669323
vt 0.578962 0.670336
vt 0.577221 0.667657
vt 0.581015 0.670424
vt 0.578763 0.671179
vt 0.578763 0.671179
vt 0.968771 0.358370
vt 0.968323 0.357862
vt 0.575152 0.669905
vt 0.575959 0.673132
vt 0.971227 0.357303
vt 0.969311 0.357148
vt 0.967448 0.357152
vt 0.970030 0.354360
vt 0.572304 0.672321
vt 0.573884 0.672406
vt 0.971381 0.355281
vt 0.962966 0.359958
vt 0.958126 0.358866
vt 0.960332 0.359342
vt 0.960332 0.359342
vt 0.963676 0.357914
vt 0.960027 0.357130
vt 0.960027 0.357130
vt 0.960418 0.357426
vt 0.960418 0.357426
vt 0.962623 0.357220
vt 0.962905 0.355404
vt 0.962905 0.355404
vt 0.964879 0.357723
vt 0.956643 0.353938
vt 0.954167 0.342514
vt 0.961610 0.352381
vt 0.973125 0.343272
vt 0.962966 0.354973
vt 0.963875 0.357388
vt 0.964138 0.356590
vt 0.965507 0.357202
vt 0.965507 0.357202
vt 0.964722 0.356371
vt 0.964722 0.356371
vt 0.965256 0.356593
vt 0.965256 0.356593
vt 0.966282 0.356374
vt 0.965335 0.354481
vt 0.965335 0.354481
vt 0.966317 0.355268
vt 0.967619 0.355547
vt 0.968203 0.354250
vt 0.570710 0.673012
vt 0.027555 0.861784
vt 0.967390 0.354300
vt 0.569961 0.672841
vt 0.967229 0.353781
vt 0.027394 0.861265
vt 0.965609 0.353786
vt 0.027949 0.860582
vt 0.967785 0.353098
vt 0.050634 0.168375
vt 0.964220 0.337995
vt 0.960634 0.336473
vt 0.963995 0.336156
vt 0.962625 0.334700
vt 0.966093 0.334218
vt 0.966182 0.336575
vt 0.961805 0.333763
vt 0.962786 0.332259
vt 0.946260 0.344506
vt 0.946741 0.340857
vt 0.944996 0.342145
vt 0.948512 0.341277
vt 0.945396 0.338284
vt 0.943649 0.335442
vt 0.946597 0.338674
vt 0.947224 0.337126
vt 0.065129 0.156076
vt 0.056176 0.161753
vt 0.950627 0.332771
vt 0.959753 0.332479
vt 0.948962 0.325392
vt 0.945733 0.315172
vt 0.945012 0.312251
vt 0.958257 0.313033
vt 0.961221 0.329769
vt 0.963581 0.328932
vt 0.965475 0.331620
vt 0.057526 0.154731
vt 0.963156 0.304668
vt 0.954559 0.305179
vt 0.138767 0.199943
vt 0.876951 0.381999
vt 0.139911 0.193558
vt 0.876335 0.379353
vt 0.144140 0.187357
vt 0.136140 0.190892
vt 0.139784 0.178138
vt 0.137041 0.184872
vt 0.137041 0.184872
vt 0.891856 0.354027
vt 0.141678 0.170674
vt 0.880741 0.352023
vt 0.145413 0.163101
vt 0.135398 0.182005
vt 0.135398 0.182005
vt 0.133689 0.179639
vt 0.133689 0.179639
vt 0.136138 0.170489
vt 0.145061 0.158179
vt 0.141004 0.161069
vt 0.140319 0.158658
vt 0.141988 0.156022
vt 0.143976 0.154103
vt 0.146769 0.153851
vt 0.141811 0.152698
vt 0.894331 0.344961
vt 0.130941 0.165493
vt 0.136326 0.165049
vt 0.130392 0.158406
vt 0.137764 0.158873
vt 0.133675 0.158314
vt 0.134684 0.154349
vt 0.140279 0.151384
vt 0.137656 0.148217
vt 0.140853 0.147696
vt 0.900836 0.329743
vt 0.901104 0.333859
vt 0.125370 0.145666
vt 0.149958 0.151086
vt 0.151771 0.152545
vt 0.147910 0.151980
vt 0.148898 0.149970
vt 0.150721 0.146568
vt 0.147314 0.148785
vt 0.145525 0.148791
vt 0.148440 0.149052
vt 0.145731 0.152552
vt 0.143320 0.151995
vt 0.143480 0.147262
vt 0.147232 0.146689
vt 0.153948 0.142367
vt 0.145084 0.142501
vt 0.877560 0.323455
vt 0.142152 0.149172
vt 0.142938 0.142034
vt 0.149916 0.138175
vt 0.154389 0.137025
vt 0.158197 0.131029
vt 0.155891 0.133146
vt 0.150718 0.134395
vt 0.154315 0.133221
vt 0.155663 0.126913
vt 0.129157 0.139631
vt 0.899972 0.314882
vt 0.136599 0.133199
vt 0.137110 0.125238
vt 0.891579 0.300280
vt 0.872766 0.303303
vt 0.900185 0.303989
vt 0.116496 0.158362
vt 0.902699 0.321842
vt 0.917242 0.326864
vt 0.107351 0.134943
vt 0.106302 0.142201
vt 0.915970 0.322010
vt 0.113408 0.127450
vt 0.914780 0.317854
vt 0.912558 0.312136
vt 0.910169 0.306361
vt 0.115673 0.118373
vt 0.159460 0.120249
vt 0.158445 0.117553
vt 0.161982 0.114883
vt 0.862783 0.298383
vt 0.858567 0.294983
vt 0.165269 0.113452
vt 0.160790 0.108577
vt 0.873529 0.291836
vt 0.162040 0.111186
vt 0.167158 0.109643
vt 0.164809 0.111584
vt 0.868162 0.290803
vt 0.162570 0.108510
vt 0.147639 0.116077
vt 0.129246 0.115187
vt 0.150909 0.108609
vt 0.857218 0.290378
vt 0.852343 0.287588
vt 0.161791 0.104984
vt 0.164178 0.104613
vt 0.864440 0.286325
vt 0.848285 0.280993
vt 0.159765 0.103654
vt 0.164467 0.097541
vt 0.918654 0.323755
vt 0.078214 0.137492
vt 0.916187 0.315457
vt 0.085867 0.129822
vt 0.912883 0.305176
vt 0.088613 0.118458
vt 0.939957 0.306693
vt 0.926254 0.302696
vt 0.943401 0.309660
vt 0.907681 0.297397
vt 0.113561 0.109812
vt 0.904387 0.289009
vt 0.899099 0.290506
vt 0.147886 0.103790
vt 0.865453 0.282213
vt 0.861047 0.270819
vt 0.158809 0.095485
vt 0.884323 0.280492
vt 0.145482 0.091503
vt 0.159165 0.084309
vt 0.889590 0.292122
vt 0.133944 0.105421
vt 0.893063 0.282909
vt 0.137522 0.096640
vt 0.887570 0.274539
vt 0.119373 0.101313
vt 0.900722 0.278990
vt 0.898215 0.274319
vt 0.897134 0.270757
vt 0.882273 0.268415
vt 0.874660 0.259719
vt 0.144246 0.079718
vt 0.135212 0.067091
vt 0.124956 0.089897
vt 0.889886 0.255921
vt 0.918519 0.295743
vt 0.936029 0.293427
vt 0.911207 0.298291
vt 0.916053 0.300828
vt 0.913189 0.300251
vt 0.912729 0.296680
vt 0.909112 0.293413
vt 0.910858 0.294987
vt 0.108318 0.115376
vt 0.914968 0.298202
vt 0.918050 0.299013
vt 0.916775 0.296744
vt 0.916228 0.294466
vt 0.913132 0.293656
vt 0.912516 0.291159
vt 0.917611 0.292982
vt 0.915726 0.291287
vt 0.905336 0.284910
vt 0.919394 0.287434
vt 0.092866 0.110953
vt 0.933130 0.286394
vt 0.928096 0.274333
vt 0.095417 0.093862
vt 0.112357 0.093358
vt 0.930527 0.280027
vt 0.941285 0.302434
vt 0.069342 0.119686
vt 0.938184 0.293485
vt 0.934471 0.283153
vt 0.943078 0.283659
vt 0.957483 0.293058
vt 0.944488 0.286179
vt 0.076222 0.103931
vt 0.947091 0.287478
vt 0.949058 0.286409
vt 0.948274 0.284958
vt 0.946098 0.284383
vt 0.950883 0.286713
vt 0.950630 0.284501
vt 0.949388 0.282018
vt 0.945144 0.283318
vt 0.946878 0.280566
vt 0.943900 0.279018
vt 0.948197 0.278018
vt 0.076189 0.094809
vt 0.931402 0.276004
vt 0.096087 0.080965
vt 0.927514 0.265841
vt 0.924440 0.263202
vt 0.916555 0.270676
vt 0.946455 0.272298
vt 0.945115 0.265647
vt 0.076774 0.084877
vt 0.937100 0.263022
vt 0.932045 0.259932
vt 0.900537 0.273184
vt 0.893937 0.263571
vt 0.920710 0.257924
vt 0.895179 0.260035
vt 0.111744 0.081774
vt 0.917919 0.250165
vt 0.129973 0.077814
vt 0.113034 0.070703
vt 0.890571 0.251223
vt 0.885454 0.246792
vt 0.904967 0.245329
vt 0.884816 0.240141
vt 0.903412 0.241452
vt 0.926259 0.262338
vt 0.925059 0.260007
vt 0.936608 0.253514
vt 0.921054 0.251459
vt 0.930226 0.244065
vt 0.081834 0.067612
vt 0.916555 0.242073
vt 0.108741 0.063430
vt 0.094374 0.057339
vt 0.907538 0.246847
vt 0.910760 0.245562
vt 0.910024 0.243313
vt 0.908180 0.243967
vt 0.911389 0.243803
vt 0.906244 0.242887
vt 0.909378 0.240665
vt 0.911328 0.240387
vt 0.908557 0.239303
vt 0.905632 0.240203
vt 0.904005 0.239228
vt 0.898066 0.233724
vt 0.907009 0.237572
vt 0.913132 0.238029
vt 0.911650 0.230958
vt 0.909006 0.237836
vt 0.101606 0.047825
vt 0.923802 0.236618
vt 0.920795 0.232945
vt 0.136716 0.057154
vt 0.309557 0.046990
vt 0.909643 0.232065
vt 0.904699 0.224414
vt 0.967643 0.370983
vt 0.967574 0.370943
vt 0.967574 0.370943
vt 0.967643 0.370983
vt 0.258950 0.082279
vt 0.170207 0.089327
vt 0.268325 0.081174
vt 0.169938 0.080672
vt 0.752955 0.337081
vt 0.678213 0.434895
vt 0.681125 0.435664
vt 0.675848 0.432122
vt 0.675591 0.433953
vt 0.674482 0.436910
vt 0.672271 0.432494
vt 0.673117 0.431589
vt 0.669611 0.439284
vt 0.668829 0.437393
vt 0.671698 0.435899
vt 0.669599 0.429650
vt 0.670561 0.429377
vt 0.667862 0.430354
vt 0.667417 0.433869
vt 0.666680 0.426510
vt 0.667416 0.425449
vt 0.666163 0.428008
vt 0.664354 0.430471
vt 0.661718 0.428113
vt 0.663166 0.425693
vt 0.663524 0.424461
vt 0.662843 0.422697
vt 0.665399 0.420913
vt 0.660812 0.421654
vt 0.659401 0.422526
vt 0.660506 0.418677
vt 0.658765 0.418978
vt 0.250386 0.328747
vt 0.251364 0.330667
vt 0.252987 0.330883
vt 0.253041 0.328691
vt 0.254347 0.329972
vt 0.255406 0.331299
vt 0.253947 0.334479
vt 0.257886 0.330624
vt 0.250038 0.342758
vt 0.260711 0.333949
vt 0.271841 0.315617
vt 0.265073 0.330380
vt 0.260721 0.331499
vt 0.263248 0.331700
vt 0.269994 0.299278
vt 0.281436 0.303749
vt 0.270310 0.332127
vt 0.276107 0.331050
vt 0.279819 0.323884
vt 0.654760 0.409082
vt 0.656328 0.415416
vt 0.659072 0.392429
vt 0.678540 0.394257
vt 0.292495 0.309417
vt 0.677034 0.371034
vt 0.296120 0.320995
vt 0.309147 0.294844
vt 0.289908 0.285603
vt 0.649849 0.349930
vt 0.672143 0.443395
vt 0.662257 0.439835
vt 0.605857 0.074409
vt 0.607738 0.074127
vt 0.660532 0.438416
vt 0.661670 0.461848
vt 0.665069 0.433605
vt 0.659087 0.430241
vt 0.660325 0.436073
vt 0.660325 0.436073
vt 0.600600 0.050396
vt 0.650882 0.462000
vt 0.600600 0.050396
vt 0.030291 0.820382
vt 0.030291 0.820382
vt 0.600600 0.050396
vt 0.659392 0.462459
vt 0.655386 0.463869
vt 0.653807 0.453157
vt 0.604356 0.058970
vt 0.613344 0.070086
vt 0.657528 0.434484
vt 0.657528 0.434484
vt 0.656525 0.435603
vt 0.028391 0.820961
vt 0.028391 0.820961
vt 0.611685 0.073289
vt 0.650920 0.463608
vt 0.657027 0.434330
vt 0.644788 0.438499
vt 0.657027 0.434330
vt 0.029579 0.821787
vt 0.644762 0.439647
vt 0.652106 0.463619
vt 0.652106 0.463619
vt 0.028991 0.819828
vt 0.028991 0.819828
vt 0.029262 0.819520
vt 0.644293 0.437590
vt 0.600244 0.049045
vt 0.029178 0.819524
vt 0.644400 0.437602
vt 0.029178 0.819524
vt 0.029178 0.819524
vt 0.601515 0.048540
vt 0.028273 0.818745
vt 0.601515 0.048540
vt 0.028273 0.818745
vt 0.613942 0.073485
vt 0.601515 0.048540
vt 0.028273 0.818745
vt 0.644537 0.437763
vt 0.029412 0.819504
vt 0.644537 0.437763
vt 0.644861 0.437484
vt 0.029412 0.819504
vt 0.656032 0.433668
vt 0.615154 0.071337
vt 0.644105 0.436808
vt 0.644105 0.436808
vt 0.601118 0.048425
vt 0.028656 0.818828
vt 0.601044 0.048687
vt 0.601044 0.048687
vt 0.601044 0.048687
vt 0.643944 0.436865
vt 0.643944 0.436865
vt 0.603008 0.047858
vt 0.615407 0.072807
vt 0.665405 0.454898
vt 0.662748 0.452676
vt 0.661137 0.453191
vt 0.659937 0.454568
vt 0.661527 0.451524
vt 0.659269 0.451487
vt 0.658338 0.450420
vt 0.602498 0.064149
vt 0.656837 0.451342
vt 0.603116 0.062440
vt 0.655180 0.451877
vt 0.604083 0.060905
vt 0.608643 0.061716
vt 0.612573 0.066631
vt 0.607585 0.060953
vt 0.604786 0.061230
vt 0.606901 0.060520
vt 0.610564 0.056145
vt 0.609585 0.058242
vt 0.609363 0.059816
vt 0.613535 0.058116
vt 0.611126 0.058523
vt 0.657657 0.426505
vt 0.654830 0.425532
vt 0.656107 0.421451
vt 0.655579 0.417778
vt 0.651528 0.422479
vt 0.651518 0.419348
vt 0.656142 0.416392
vt 0.653390 0.413468
vt 0.650463 0.415415
vt 0.654673 0.413124
vt 0.652166 0.411373
vt 0.608753 0.043086
vt 0.011544 0.796843
vt 0.621454 0.067802
vt 0.649168 0.430578
vt 0.008627 0.801491
vt 0.617695 0.071783
vt 0.619399 0.067302
vt 0.603940 0.049232
vt 0.609985 0.046989
vt 0.644738 0.427822
vt 0.011971 0.799529
vt 0.618717 0.056123
vt 0.627141 0.063659
vt 0.614123 0.038220
vt 0.615587 0.038886
vt 0.611941 0.042574
vt 0.611941 0.042574
vt 0.014732 0.796332
vt 0.613770 0.055011
vt 0.614641 0.056053
vt 0.616346 0.056232
vt 0.620015 0.052257
vt 0.618777 0.054098
vt 0.621888 0.053583
vt 0.620319 0.049653
vt 0.622642 0.052035
vt 0.625255 0.049204
vt 0.626884 0.051804
vt 0.616623 0.045067
vt 0.620612 0.042255
vt 0.620202 0.048028
vt 0.622196 0.034105
vt 0.635008 0.059827
vt 0.628879 0.049553
vt 0.628724 0.048356
vt 0.631187 0.045195
vt 0.635178 0.048306
vt 0.631231 0.049300
vt 0.634466 0.046459
vt 0.632172 0.046892
vt 0.636395 0.046602
vt 0.633999 0.045225
vt 0.647125 0.453560
vt 0.665717 0.466762
vt 0.252333 0.343951
vt 0.258353 0.340123
vt 0.664180 0.465943
vt 0.661885 0.465551
vt 0.643948 0.450702
vt 0.646275 0.448548
vt 0.660837 0.465775
vt 0.660304 0.465128
vt 0.658165 0.464822
vt 0.645297 0.444780
vt 0.657007 0.465214
vt 0.642434 0.442767
vt 0.263374 0.343777
vt 0.660947 0.434980
vt 0.271449 0.341648
vt 0.655637 0.464381
vt 0.656615 0.432413
vt 0.644115 0.438468
vt 0.600576 0.048959
vt 0.644128 0.437307
vt 0.643482 0.437172
vt 0.643067 0.434790
vt 0.651982 0.431729
vt 0.643067 0.434790
vt 0.643829 0.436266
vt 0.643829 0.436266
vt 0.643829 0.436266
vt 0.630507 0.450152
vt 0.250702 0.350817
vt 0.257323 0.351838
vt 0.249878 0.353898
vt 0.620763 0.444370
vt 0.640531 0.435737
vt 0.265100 0.355656
vt 0.273836 0.348363
vt 0.272122 0.356620
vt 0.315453 0.368681
vt 0.270856 0.334652
vt 0.276740 0.332194
vt 0.276819 0.339307
vt 0.280221 0.334465
vt 0.647353 0.427243
vt 0.288965 0.329984
vt 0.288471 0.327554
vt 0.286444 0.331506
vt 0.652842 0.409741
vt 0.651762 0.410268
vt 0.647890 0.416397
vt 0.288947 0.338433
vt 0.644907 0.418599
vt 0.649063 0.412345
vt 0.645596 0.412133
vt 0.290797 0.332344
vt 0.649925 0.408752
vt 0.645479 0.409320
vt 0.649707 0.430023
vt 0.605686 0.046950
vt 0.642707 0.432277
vt 0.604917 0.046993
vt 0.617442 0.072529
vt 0.649807 0.431149
vt 0.642876 0.432936
vt 0.642722 0.433296
vt 0.642722 0.433296
vt 0.650118 0.430827
vt 0.641649 0.432382
vt 0.645398 0.426958
vt 0.639466 0.429645
vt 0.280402 0.342156
vt 0.640956 0.428448
vt 0.013955 0.798563
vt 0.642057 0.426291
vt 0.641471 0.426099
vt 0.642057 0.426291
vt 0.611163 0.044805
vt 0.641471 0.426099
vt 0.641795 0.425306
vt 0.284842 0.345950
vt 0.312202 0.354311
vt 0.627283 0.432376
vt 0.635678 0.422062
vt 0.640262 0.426485
vt 0.637409 0.424028
vt 0.639830 0.424341
vt 0.639830 0.424341
vt 0.638479 0.422683
vt 0.638479 0.422683
vt 0.312893 0.360595
vt 0.278988 0.350164
vt 0.288104 0.340193
vt 0.638168 0.420149
vt 0.641300 0.412959
vt 0.311522 0.344338
vt 0.293757 0.339001
vt 0.616262 0.041706
vt 0.636554 0.420666
vt 0.636554 0.420666
vt 0.634182 0.417682
vt 0.631234 0.415078
vt 0.633074 0.413190
vt 0.633435 0.407338
vt 0.620598 0.035794
vt 0.621175 0.036642
vt 0.317607 0.350981
vt 0.317471 0.346978
vt 0.319953 0.345396
vt 0.315759 0.378036
vt 0.262898 0.361166
vt 0.250540 0.365699
vt 0.618535 0.444499
vt 0.255209 0.366259
vt 0.260045 0.365433
vt 0.318670 0.381852
vt 0.619626 0.438173
vt 0.322406 0.376439
vt 0.322017 0.369558
vt 0.253244 0.367954
vt 0.255579 0.367300
vt 0.259157 0.366890
vt 0.319656 0.383144
vt 0.256833 0.368416
vt 0.320138 0.385712
vt 0.603786 0.445164
vt 0.322678 0.385676
vt 0.324089 0.382886
vt 0.617773 0.441022
vt 0.322246 0.391654
vt 0.251933 0.372801
vt 0.252100 0.371222
vt 0.323865 0.392556
vt 0.251539 0.374710
vt 0.250918 0.373665
vt 0.253419 0.372184
vt 0.322110 0.390075
vt 0.121684 0.384102
vt 0.324771 0.393550
vt 0.324536 0.393303
vt 0.121960 0.383901
vt 0.325963 0.390484
vt 0.121345 0.383967
vt 0.121345 0.383967
vt 0.325131 0.393481
vt 0.324543 0.393219
vt 0.121983 0.383851
vt 0.251136 0.375585
vt 0.121983 0.383851
vt 0.322952 0.388208
vt 0.322803 0.387326
vt 0.329238 0.385624
vt 0.321695 0.381160
vt 0.321125 0.378799
vt 0.324473 0.378301
vt 0.620188 0.428191
vt 0.325417 0.373994
vt 0.615829 0.432002
vt 0.591689 0.439180
vt 0.326886 0.377640
vt 0.326927 0.374251
vt 0.328995 0.381111
vt 0.329115 0.375088
vt 0.330164 0.376376
vt 0.333201 0.376857
vt 0.630176 0.420482
vt 0.318398 0.362233
vt 0.319525 0.357249
vt 0.318751 0.364759
vt 0.621161 0.421276
vt 0.327822 0.362334
vt 0.321578 0.357809
vt 0.625544 0.413253
vt 0.325196 0.350453
vt 0.323127 0.350883
vt 0.327878 0.354249
vt 0.327323 0.370034
vt 0.614407 0.423544
vt 0.329953 0.369127
vt 0.331149 0.364005
vt 0.331446 0.374741
vt 0.332439 0.370479
vt 0.333784 0.372878
vt 0.331155 0.372060
vt 0.330174 0.372394
vt 0.332549 0.365366
vt 0.615108 0.414414
vt 0.622771 0.406899
vt 0.332015 0.357267
vt 0.331620 0.349881
vt 0.334775 0.359175
vt 0.333998 0.368925
vt 0.335109 0.364075
vt 0.335151 0.366566
vt 0.337769 0.363196
vt 0.337640 0.366139
vt 0.612413 0.412052
vt 0.611959 0.405330
vt 0.337758 0.354215
vt 0.600477 0.416046
vt 0.339519 0.360515
vt 0.339492 0.357039
vt 0.631343 0.029131
vt 0.643718 0.055115
vt 0.636873 0.042389
vt 0.638253 0.043837
vt 0.639556 0.044044
vt 0.641455 0.044831
vt 0.643233 0.043433
vt 0.650976 0.407384
vt 0.649363 0.405832
vt 0.649817 0.404245
vt 0.297694 0.329447
vt 0.294992 0.323083
vt 0.648420 0.403219
vt 0.647984 0.403927
vt 0.649793 0.398736
vt 0.648324 0.400682
vt 0.646946 0.401194
vt 0.301206 0.327677
vt 0.647120 0.397692
vt 0.307069 0.323431
vt 0.642864 0.406378
vt 0.644968 0.405655
vt 0.308510 0.336588
vt 0.299246 0.331467
vt 0.644022 0.403075
vt 0.645816 0.397652
vt 0.644022 0.400150
vt 0.637926 0.404191
vt 0.641240 0.401864
vt 0.305233 0.318968
vt 0.645244 0.394398
vt 0.645420 0.390700
vt 0.644092 0.394626
vt 0.640381 0.397220
vt 0.308158 0.326428
vt 0.307826 0.328820
vt 0.310820 0.329058
vt 0.314703 0.331116
vt 0.642619 0.393824
vt 0.639968 0.392629
vt 0.643687 0.391259
vt 0.314482 0.320880
vt 0.642714 0.387287
vt 0.641859 0.387910
vt 0.312469 0.323674
vt 0.319505 0.323164
vt 0.311513 0.318604
vt 0.647486 0.377723
vt 0.313165 0.312781
vt 0.315229 0.339250
vt 0.316229 0.340161
vt 0.322605 0.335459
vt 0.630440 0.398284
vt 0.638542 0.396655
vt 0.637360 0.391313
vt 0.638737 0.390165
vt 0.328361 0.324301
vt 0.626052 0.389890
vt 0.319596 0.301124
vt 0.640676 0.384472
vt 0.641656 0.383832
vt 0.639110 0.384163
vt 0.636905 0.387829
vt 0.312881 0.314944
vt 0.322003 0.307783
vt 0.315085 0.321965
vt 0.642300 0.380676
vt 0.320729 0.316513
vt 0.325230 0.315106
vt 0.640804 0.380778
vt 0.640158 0.381351
vt 0.636410 0.382177
vt 0.322630 0.313457
vt 0.638337 0.379821
vt 0.639219 0.378168
vt 0.640540 0.370993
vt 0.640077 0.377089
vt 0.638555 0.375174
vt 0.634150 0.377567
vt 0.637055 0.373805
vt 0.327969 0.309070
vt 0.639023 0.370845
vt 0.637968 0.371408
vt 0.636861 0.368404
vt 0.637484 0.367197
vt 0.635263 0.371768
vt 0.331473 0.303757
vt 0.331602 0.307228
vt 0.635128 0.386413
vt 0.632322 0.382991
vt 0.633110 0.378919
vt 0.328565 0.316045
vt 0.621345 0.380609
vt 0.632694 0.374292
vt 0.631875 0.370516
vt 0.633349 0.369107
vt 0.630934 0.368382
vt 0.336247 0.315880
vt 0.321041 0.293157
vt 0.631968 0.367195
vt 0.344144 0.316111
vt 0.339893 0.309128
vt 0.619101 0.371163
vt 0.617852 0.363825
vt 0.627036 0.032457
vt 0.626148 0.035700
vt 0.627424 0.409710
vt 0.627117 0.040099
vt 0.630258 0.038373
vt 0.634925 0.037156
vt 0.634785 0.028674
vt 0.630872 0.031929
vt 0.633236 0.030976
vt 0.326052 0.345291
vt 0.330390 0.338681
vt 0.328857 0.344021
vt 0.617708 0.400348
vt 0.334276 0.343838
vt 0.650697 0.051960
vt 0.638926 0.025916
vt 0.638395 0.028121
vt 0.331968 0.331510
vt 0.338959 0.340208
vt 0.644012 0.038318
vt 0.637639 0.034548
vt 0.639914 0.042301
vt 0.642711 0.042265
vt 0.641961 0.040969
vt 0.647252 0.042766
vt 0.334296 0.349147
vt 0.340383 0.351093
vt 0.610847 0.406740
vt 0.343352 0.348678
vt 0.608185 0.397671
vt 0.642039 0.025855
vt 0.641356 0.032544
vt 0.656551 0.049381
vt 0.645457 0.023411
vt 0.646722 0.030261
vt 0.649674 0.032720
vt 0.646644 0.024213
vt 0.652454 0.020974
vt 0.612081 0.394764
vt 0.342035 0.333679
vt 0.612425 0.384480
vt 0.347980 0.344263
vt 0.610054 0.397032
vt 0.607667 0.394729
vt 0.644565 0.025767
vt 0.608155 0.390213
vt 0.351109 0.338956
vt 0.341863 0.324382
vt 0.649028 0.023517
vt 0.653115 0.021479
vt 0.650625 0.023492
vt 0.653958 0.022543
vt 0.345564 0.308646
vt 0.353573 0.321432
vt 0.350338 0.312869
vt 0.350690 0.330137
vt 0.353486 0.331897
vt 0.606947 0.381304
vt 0.609389 0.375405
vt 0.605129 0.372866
vt 0.357706 0.326088
vt 0.604202 0.367101
vt 0.358255 0.314383
vt 0.360730 0.318778
vt 0.275589 0.256523
vt 0.684553 0.345493
vt 0.714563 0.311782
vt 0.739839 0.352466
vt 0.734558 0.353223
vt 0.266971 0.232283
vt 0.742193 0.345914
vt 0.737110 0.350608
vt 0.737347 0.348912
vt 0.735527 0.350209
vt 0.734948 0.347943
vt 0.730462 0.349918
vt 0.739370 0.349316
vt 0.738922 0.346407
vt 0.736981 0.347305
vt 0.735524 0.344776
vt 0.278639 0.219214
vt 0.274842 0.189472
vt 0.307507 0.275811
vt 0.302900 0.254819
vt 0.326681 0.267088
vt 0.329760 0.276630
vt 0.316951 0.245697
vt 0.332688 0.252242
vt 0.302970 0.213958
vt 0.679519 0.313847
vt 0.322527 0.213682
vt 0.334083 0.226529
vt 0.706771 0.284393
vt 0.331942 0.279865
vt 0.333033 0.282980
vt 0.638000 0.364234
vt 0.636507 0.364374
vt 0.638041 0.360487
vt 0.636715 0.362033
vt 0.333835 0.302165
vt 0.633452 0.363936
vt 0.634949 0.361244
vt 0.334986 0.294361
vt 0.337947 0.295808
vt 0.636738 0.360425
vt 0.635846 0.358177
vt 0.634211 0.359273
vt 0.631605 0.360634
vt 0.636707 0.355928
vt 0.635709 0.354412
vt 0.638065 0.350304
vt 0.339124 0.296924
vt 0.338193 0.299826
vt 0.339291 0.281080
vt 0.335766 0.286967
vt 0.634655 0.353778
vt 0.636442 0.350700
vt 0.635088 0.350903
vt 0.631141 0.354835
vt 0.632344 0.351023
vt 0.636013 0.346247
vt 0.635434 0.348267
vt 0.342789 0.290725
vt 0.634259 0.348447
vt 0.343300 0.300306
vt 0.345294 0.288628
vt 0.344684 0.278181
vt 0.347155 0.281564
vt 0.635157 0.344384
vt 0.634274 0.343539
vt 0.630217 0.346968
vt 0.637969 0.340356
vt 0.635817 0.341609
vt 0.634868 0.340839
vt 0.631921 0.340448
vt 0.630252 0.344490
vt 0.348273 0.281266
vt 0.630876 0.364065
vt 0.337141 0.305845
vt 0.631034 0.357253
vt 0.629191 0.357273
vt 0.345222 0.300777
vt 0.628442 0.354557
vt 0.348430 0.300198
vt 0.629665 0.349021
vt 0.348426 0.293026
vt 0.349209 0.294663
vt 0.350671 0.291621
vt 0.628074 0.344475
vt 0.349342 0.290641
vt 0.628879 0.337885
vt 0.617290 0.347115
vt 0.352732 0.295788
vt 0.352987 0.299305
vt 0.635358 0.337830
vt 0.634216 0.337999
vt 0.350691 0.303028
vt 0.602659 0.357047
vt 0.352950 0.305618
vt 0.355387 0.299148
vt 0.357881 0.300999
vt 0.356711 0.309010
vt 0.359150 0.304842
vt 0.361009 0.301140
vt 0.354666 0.296622
vt 0.356834 0.295646
vt 0.360484 0.305475
vt 0.365359 0.309605
vt 0.363031 0.301253
vt 0.602737 0.358252
vt 0.366668 0.312717
vt 0.602114 0.346077
vt 0.338217 0.262467
vt 0.344388 0.265332
vt 0.344795 0.253499
vt 0.646643 0.308764
vt 0.651826 0.296218
vt 0.641065 0.324363
vt 0.348131 0.254457
vt 0.351333 0.251784
vt 0.351541 0.257295
vt 0.348950 0.263968
vt 0.641012 0.309146
vt 0.645486 0.302705
vt 0.642606 0.303306
vt 0.690960 0.126408
vt 0.641229 0.303761
vt 0.639920 0.307060
vt 0.356540 0.252332
vt 0.360089 0.253725
vt 0.361968 0.247094
vt 0.644352 0.300801
vt 0.693385 0.129479
vt 0.695137 0.129303
vt 0.645260 0.298418
vt 0.695219 0.130942
vt 0.361159 0.253376
vt 0.362549 0.247817
vt 0.646665 0.296177
vt 0.696313 0.133326
vt 0.363582 0.240323
vt 0.364377 0.242186
vt 0.333992 0.198265
vt 0.676693 0.290670
vt 0.340764 0.216751
vt 0.350938 0.231460
vt 0.354494 0.221727
vt 0.354648 0.231021
vt 0.669650 0.298483
vt 0.360515 0.224164
vt 0.365081 0.233830
vt 0.658727 0.284138
vt 0.704923 0.147935
vt 0.357276 0.221900
vt 0.364213 0.223840
vt 0.713666 0.160114
vt 0.669554 0.273981
vt 0.721934 0.180062
vt 0.689487 0.266983
vt 0.343978 0.203475
vt 0.352598 0.202929
vt 0.356696 0.213879
vt 0.358356 0.206368
vt 0.365137 0.216967
vt 0.721251 0.166084
vt 0.732228 0.181031
vt 0.694306 0.126924
vt 0.698213 0.132277
vt 0.698775 0.134399
vt 0.696923 0.130434
vt 0.697300 0.128071
vt 0.701014 0.135199
vt 0.711472 0.150617
vt 0.700883 0.138511
vt 0.650599 0.290427
vt 0.703743 0.141678
vt 0.702736 0.139845
vt 0.706133 0.144600
vt 0.705133 0.140777
vt 0.706860 0.143201
vt 0.700294 0.136031
vt 0.701336 0.137946
vt 0.703723 0.138323
vt 0.703178 0.136789
vt 0.703393 0.131893
vt 0.705510 0.133098
vt 0.365810 0.234027
vt 0.367985 0.235014
vt 0.706723 0.135718
vt 0.709382 0.142914
vt 0.707957 0.137678
vt 0.365844 0.244729
vt 0.370561 0.239273
vt 0.710129 0.138728
vt 0.365079 0.230891
vt 0.365367 0.227956
vt 0.708351 0.147547
vt 0.708943 0.146800
vt 0.709945 0.145557
vt 0.366018 0.223117
vt 0.711508 0.148340
vt 0.713653 0.151239
vt 0.366362 0.230729
vt 0.367162 0.224343
vt 0.369085 0.230099
vt 0.711990 0.144529
vt 0.714090 0.146245
vt 0.374171 0.234367
vt 0.712402 0.139883
vt 0.711303 0.137490
vt 0.371064 0.223478
vt 0.714887 0.144159
vt 0.716866 0.146663
vt 0.374283 0.227165
vt 0.715475 0.155904
vt 0.716669 0.153913
vt 0.715051 0.151628
vt 0.717220 0.158492
vt 0.719650 0.159028
vt 0.719426 0.160389
vt 0.718428 0.156777
vt 0.721509 0.159748
vt 0.724844 0.166735
vt 0.722513 0.164134
vt 0.725621 0.165791
vt 0.362977 0.207868
vt 0.365657 0.216081
vt 0.720957 0.162285
vt 0.723667 0.162044
vt 0.367033 0.214550
vt 0.366192 0.209524
vt 0.725775 0.160599
vt 0.724729 0.157673
vt 0.359310 0.201097
vt 0.361172 0.202642
vt 0.726372 0.164211
vt 0.730154 0.162472
vt 0.730035 0.160598
vt 0.365037 0.221968
vt 0.366016 0.220101
vt 0.368406 0.221868
vt 0.367864 0.217417
vt 0.719523 0.150615
vt 0.374784 0.221231
vt 0.368147 0.219146
vt 0.373293 0.219214
vt 0.721504 0.154009
vt 0.720862 0.152331
vt 0.726061 0.154487
vt 0.718254 0.145613
vt 0.376480 0.218512
vt 0.377147 0.223821
vt 0.376301 0.221100
vt 0.374303 0.216379
vt 0.373293 0.212991
vt 0.376201 0.216247
vt 0.375317 0.212426
vt 0.379873 0.210353
vt 0.370608 0.210920
vt 0.371022 0.207520
vt 0.366440 0.200206
vt 0.373476 0.202427
vt 0.377797 0.203806
vt 0.737112 0.137396
vt 0.343577 0.273164
vt 0.345783 0.271446
vt 0.350079 0.286288
vt 0.351279 0.287939
vt 0.353010 0.286378
vt 0.352496 0.288429
vt 0.354511 0.289607
vt 0.360690 0.284349
vt 0.355547 0.294207
vt 0.360504 0.289868
vt 0.635863 0.335796
vt 0.636959 0.331609
vt 0.637181 0.329655
vt 0.635276 0.333602
vt 0.635663 0.330168
vt 0.636922 0.326301
vt 0.635935 0.327298
vt 0.634641 0.334555
vt 0.629938 0.336116
vt 0.351732 0.282847
vt 0.351581 0.278330
vt 0.631248 0.332687
vt 0.351822 0.274808
vt 0.355743 0.277687
vt 0.633839 0.332229
vt 0.634796 0.330090
vt 0.631788 0.330231
vt 0.634183 0.327520
vt 0.635312 0.324570
vt 0.628449 0.333509
vt 0.629150 0.327432
vt 0.631271 0.326053
vt 0.352025 0.265608
vt 0.353956 0.268553
vt 0.637876 0.321490
vt 0.636293 0.323575
vt 0.355186 0.267775
vt 0.353196 0.274006
vt 0.630645 0.323033
vt 0.357958 0.265803
vt 0.357365 0.273210
vt 0.629388 0.322128
vt 0.636477 0.320104
vt 0.634915 0.321529
vt 0.634151 0.319325
vt 0.639808 0.317849
vt 0.637391 0.319072
vt 0.638388 0.315602
vt 0.637256 0.316503
vt 0.636540 0.316798
vt 0.636086 0.318422
vt 0.632468 0.315745
vt 0.632618 0.311907
vt 0.364567 0.268281
vt 0.630295 0.315920
vt 0.355477 0.282758
vt 0.615932 0.336044
vt 0.358993 0.280263
vt 0.356935 0.279402
vt 0.362471 0.286503
vt 0.362420 0.283827
vt 0.359130 0.274881
vt 0.365251 0.275503
vt 0.364392 0.280473
vt 0.613947 0.326066
vt 0.617953 0.318495
vt 0.357123 0.261497
vt 0.358128 0.260808
vt 0.362471 0.256906
vt 0.638212 0.312932
vt 0.639257 0.309636
vt 0.636970 0.311604
vt 0.638582 0.308980
vt 0.633729 0.309334
vt 0.639425 0.304613
vt 0.691345 0.124591
vt 0.635548 0.305612
vt 0.692929 0.121382
vt 0.634011 0.307024
vt 0.692790 0.119552
vt 0.695671 0.122307
vt 0.363439 0.261541
vt 0.630427 0.313136
vt 0.703413 0.104954
vt 0.614252 0.310430
vt 0.696853 0.120712
vt 0.366413 0.253716
vt 0.698421 0.124098
vt 0.701034 0.127621
vt 0.368426 0.245892
vt 0.375960 0.249674
vt 0.367366 0.259669
vt 0.371581 0.257599
vt 0.368989 0.264675
vt 0.375021 0.271245
vt 0.377830 0.261669
vt 0.708690 0.110685
vt 0.713940 0.117562
vt 0.358246 0.293543
vt 0.362969 0.295945
vt 0.606384 0.339356
vt 0.364879 0.291660
vt 0.367391 0.285922
vt 0.360483 0.296794
vt 0.359795 0.300286
vt 0.361917 0.298983
vt 0.365488 0.295457
vt 0.368790 0.290423
vt 0.370133 0.298469
vt 0.370467 0.302236
vt 0.368110 0.308977
vt 0.370447 0.307687
vt 0.373447 0.305895
vt 0.372520 0.307798
vt 0.376473 0.301534
vt 0.375647 0.299075
vt 0.599233 0.345195
vt 0.374413 0.293719
vt 0.699305 0.078535
vt 0.597849 0.335443
vt 0.374784 0.286863
vt 0.379122 0.293982
vt 0.698564 0.080935
vt 0.599971 0.333683
vt 0.381227 0.287855
vt 0.369842 0.279929
vt 0.704165 0.092409
vt 0.604291 0.319866
vt 0.603938 0.328044
vt 0.698940 0.086987
vt 0.372653 0.280509
vt 0.377658 0.286721
vt 0.705990 0.088599
vt 0.705051 0.085662
vt 0.382064 0.273719
vt 0.388815 0.264406
vt 0.385503 0.254608
vt 0.380571 0.280786
vt 0.711460 0.094584
vt 0.385276 0.278984
vt 0.388008 0.282977
vt 0.389830 0.288570
vt 0.711106 0.091953
vt 0.391682 0.275796
vt 0.388441 0.272784
vt 0.715447 0.096993
vt 0.724554 0.081023
vt 0.395307 0.268383
vt 0.717006 0.100758
vt 0.720281 0.104585
vt 0.718957 0.100353
vt 0.728740 0.086041
vt 0.704263 0.129124
vt 0.716639 0.127012
vt 0.384490 0.242477
vt 0.387187 0.234195
vt 0.379969 0.231492
vt 0.386357 0.224403
vt 0.384733 0.221820
vt 0.389455 0.223690
vt 0.387350 0.219199
vt 0.387895 0.212252
vt 0.389996 0.221754
vt 0.390486 0.210230
vt 0.382951 0.200044
vt 0.376680 0.200658
vt 0.384808 0.209697
vt 0.388375 0.208163
vt 0.388055 0.203054
vt 0.387349 0.226032
vt 0.395163 0.208298
vt 0.393863 0.226087
vt 0.393085 0.229824
vt 0.394464 0.227959
vt 0.394942 0.226736
vt 0.397452 0.237939
vt 0.397597 0.229975
vt 0.396641 0.228664
vt 0.403044 0.231990
vt 0.391566 0.207326
vt 0.390829 0.205769
vt 0.394912 0.205522
vt 0.396778 0.226527
vt 0.396228 0.205853
vt 0.395449 0.203076
vt 0.393376 0.203078
vt 0.390936 0.198600
vt 0.398244 0.227081
vt 0.396928 0.204420
vt 0.397363 0.200814
vt 0.397639 0.202672
vt 0.400044 0.227372
vt 0.398754 0.195936
vt 0.400853 0.199188
vt 0.404263 0.229276
vt 0.397392 0.192962
vt 0.725427 0.110961
vt 0.392129 0.255761
vt 0.393726 0.249146
vt 0.732218 0.119585
vt 0.398699 0.245317
vt 0.397794 0.251997
vt 0.732532 0.116106
vt 0.722024 0.104239
vt 0.723815 0.106203
vt 0.396282 0.262177
vt 0.395065 0.257767
vt 0.399532 0.257341
vt 0.398560 0.259820
vt 0.726841 0.109438
vt 0.736017 0.095227
vt 0.402280 0.262348
vt 0.401831 0.259335
vt 0.398758 0.254503
vt 0.403433 0.253215
vt 0.403823 0.249861
vt 0.740827 0.098897
vt 0.401835 0.248665
vt 0.403274 0.248551
vt 0.406548 0.251803
vt 0.401201 0.257617
vt 0.402659 0.255818
vt 0.404205 0.258006
vt 0.404103 0.254766
vt 0.406723 0.255557
vt 0.406493 0.253580
vt 0.404281 0.253639
vt 0.743001 0.105731
vt 0.747080 0.110282
vt 0.410449 0.251255
vt 0.406803 0.261693
vt 0.403664 0.241157
vt 0.404797 0.237615
vt 0.738959 0.123768
vt 0.738809 0.128279
vt 0.409982 0.240577
vt 0.754825 0.113415
vt 0.745314 0.130944
vt 0.407982 0.229472
vt 0.402416 0.195497
vt 0.745663 0.134739
vt 0.748536 0.134737
vt 0.763671 0.119464
vt 0.412331 0.233574
vt 0.413178 0.235025
vt 0.414703 0.230267
vt 0.405863 0.188766
vt 0.403560 0.245928
vt 0.403407 0.247838
vt 0.403407 0.247838
vt 0.404092 0.247698
vt 0.404092 0.247698
vt 0.406819 0.245491
vt 0.406592 0.247010
vt 0.409019 0.247297
vt 0.408952 0.244318
vt 0.414154 0.245584
vt 0.411251 0.244029
vt 0.417639 0.246323
vt 0.413030 0.241384
vt 0.414803 0.236086
vt 0.416392 0.239453
vt 0.415332 0.233743
vt 0.411625 0.183947
vt 0.420269 0.233941
vt 0.415189 0.243498
vt 0.424663 0.233747
vt 0.413004 0.179413
vt 0.701023 0.129316
vt 0.725265 0.132277
vt 0.378661 0.220565
vt 0.382887 0.224941
vt 0.379475 0.216841
vt 0.382132 0.211835
vt 0.382411 0.209666
vt 0.383080 0.207941
vt 0.740303 0.144850
vt 0.665355 0.465385
vt 0.610424 0.045337
vt 0.008960 0.883825
vt 0.642109 0.427592
vt 0.010198 0.881006
vt 0.613545 0.044189
vt 0.008627 0.882426
vt 0.611766 0.044534
vt 0.641777 0.426193
vt 0.611766 0.044534
vt 0.641777 0.426193
vt 0.611766 0.044534
vt 0.641261 0.426466
vt 0.641261 0.426466
vt 0.641261 0.425831
vt 0.613286 0.043049
vt 0.621113 0.038779
vt 0.253498 0.369859
vt 0.320507 0.386558
vt 0.256235 0.369208
vt 0.254992 0.370992
vt 0.321482 0.388353
vt 0.121660 0.383914
vt 0.121660 0.383914
vt 0.328695 0.372734
vt 0.623998 0.040187
vt 0.622327 0.038855
vt 0.623453 0.037450
vt 0.625084 0.037155
vt 0.626234 0.037109
vt 0.334650 0.371076
vt 0.334873 0.368684
vt 0.628397 0.035261
vt 0.627929 0.033447
vt 0.629787 0.035725
vt 0.632452 0.034907
vt 0.630365 0.034246
vt 0.631777 0.033933
vt 0.633644 0.032813
vt 0.635286 0.032802
vt 0.636414 0.031340
vt 0.638405 0.031601
vt 0.639102 0.030495
vt 0.641734 0.028638
vt 0.641272 0.029815
vt 0.641645 0.030652
vt 0.643483 0.028970
vt 0.645336 0.028514
vt 0.645476 0.027426
vt 0.647398 0.027595
vt 0.647692 0.025558
vt 0.650365 0.025383
vt 0.650178 0.026658
vt 0.653450 0.025301
vt 0.653867 0.024199
vt 0.382591 0.218317
vt 0.382221 0.215817
vt 0.385270 0.215134
vt 0.386041 0.218955
vt 0.256047 0.179455
vt 0.258734 0.164063
vt 0.745666 0.301740
vt 0.765650 0.279875
vt 0.280901 0.167056
vt 0.272027 0.172760
vt 0.243541 0.146436
vt 0.247824 0.152653
vt 0.238786 0.136533
vt 0.245429 0.135431
vt 0.811087 0.292531
vt 0.254897 0.140259
vt 0.805947 0.286399
vt 0.253174 0.142931
vt 0.817769 0.300248
vt 0.819330 0.299827
vt 0.819945 0.299249
vt 0.817955 0.297366
vt 0.815909 0.295442
vt 0.818335 0.296557
vt 0.816171 0.294059
vt 0.240523 0.129158
vt 0.238187 0.131794
vt 0.822193 0.297810
vt 0.820844 0.296680
vt 0.823412 0.294747
vt 0.241135 0.130643
vt 0.251740 0.132881
vt 0.244772 0.129994
vt 0.251616 0.128731
vt 0.817016 0.292487
vt 0.820920 0.292209
vt 0.821515 0.294314
vt 0.822801 0.292152
vt 0.245146 0.127752
vt 0.244842 0.124841
vt 0.246949 0.122687
vt 0.251905 0.125844
vt 0.819618 0.289556
vt 0.827919 0.280327
vt 0.813103 0.292102
vt 0.814496 0.291387
vt 0.815081 0.290853
vt 0.817038 0.289243
vt 0.258832 0.130184
vt 0.260977 0.135842
vt 0.811670 0.288923
vt 0.813066 0.288744
vt 0.814326 0.288947
vt 0.810737 0.286489
vt 0.250821 0.121246
vt 0.260603 0.137907
vt 0.258958 0.128271
vt 0.811666 0.285561
vt 0.816110 0.286674
vt 0.818347 0.285794
vt 0.815717 0.283394
vt 0.258252 0.124668
vt 0.811596 0.283543
vt 0.254558 0.123661
vt 0.259920 0.120684
vt 0.815722 0.281291
vt 0.266036 0.144966
vt 0.791660 0.272133
vt 0.809333 0.282927
vt 0.808165 0.283764
vt 0.805740 0.279248
vt 0.807404 0.280323
vt 0.262147 0.129578
vt 0.808766 0.281216
vt 0.808238 0.279728
vt 0.805434 0.277417
vt 0.811247 0.281494
vt 0.810861 0.278124
vt 0.812913 0.277065
vt 0.264781 0.127378
vt 0.267249 0.130281
vt 0.805968 0.275582
vt 0.809623 0.275110
vt 0.263531 0.123833
vt 0.802066 0.276839
vt 0.802898 0.275700
vt 0.801351 0.273912
vt 0.270780 0.132253
vt 0.280953 0.143632
vt 0.270716 0.131103
vt 0.276141 0.132546
vt 0.798835 0.271056
vt 0.280585 0.134659
vt 0.804106 0.275052
vt 0.802972 0.274219
vt 0.804097 0.273327
vt 0.271026 0.128407
vt 0.805876 0.272539
vt 0.801435 0.272323
vt 0.803268 0.271282
vt 0.799707 0.270223
vt 0.800938 0.266575
vt 0.799506 0.268190
vt 0.256570 0.153498
vt 0.275041 0.157565
vt 0.261093 0.123218
vt 0.823574 0.271917
vt 0.268757 0.120358
vt 0.266407 0.118291
vt 0.265792 0.123733
vt 0.268871 0.124109
vt 0.265879 0.125029
vt 0.810153 0.272989
vt 0.268510 0.112969
vt 0.272029 0.115731
vt 0.806422 0.269270
vt 0.271307 0.126285
vt 0.275148 0.128123
vt 0.273094 0.126231
vt 0.275341 0.129718
vt 0.279711 0.132997
vt 0.803824 0.267177
vt 0.275597 0.126892
vt 0.804388 0.265366
vt 0.829279 0.253431
vt 0.284487 0.114024
vt 0.834520 0.261219
vt 0.275784 0.110054
vt 0.281582 0.109354
vt 0.800203 0.261241
vt 0.825512 0.248294
vt 0.293496 0.180642
vt 0.737666 0.277733
vt 0.294555 0.166730
vt 0.302871 0.175075
vt 0.302853 0.166762
vt 0.795625 0.268606
vt 0.791923 0.263314
vt 0.794963 0.265990
vt 0.796549 0.267786
vt 0.793185 0.262796
vt 0.797883 0.266902
vt 0.796305 0.265963
vt 0.795252 0.264470
vt 0.286285 0.156879
vt 0.289678 0.151508
vt 0.771246 0.257368
vt 0.286660 0.142240
vt 0.297261 0.147666
vt 0.292759 0.157846
vt 0.292291 0.153920
vt 0.283743 0.134581
vt 0.293338 0.138857
vt 0.288390 0.136503
vt 0.281453 0.130775
vt 0.799372 0.264635
vt 0.794009 0.258525
vt 0.797547 0.261231
vt 0.286366 0.132406
vt 0.797065 0.259189
vt 0.290113 0.121013
vt 0.284502 0.129278
vt 0.289015 0.130831
vt 0.798685 0.258259
vt 0.287977 0.128707
vt 0.787923 0.260404
vt 0.789513 0.260275
vt 0.792458 0.259880
vt 0.790566 0.258209
vt 0.788572 0.258924
vt 0.781824 0.259678
vt 0.784133 0.256390
vt 0.786997 0.256747
vt 0.788869 0.256193
vt 0.782764 0.257728
vt 0.782595 0.256445
vt 0.785595 0.254306
vt 0.290487 0.135422
vt 0.290780 0.131291
vt 0.293405 0.142778
vt 0.291500 0.144229
vt 0.792928 0.254370
vt 0.293945 0.138454
vt 0.295243 0.136467
vt 0.789736 0.251088
vt 0.295982 0.133519
vt 0.795332 0.256674
vt 0.791183 0.250167
vt 0.291541 0.124460
vt 0.297205 0.109023
vt 0.294932 0.123563
vt 0.811712 0.247388
vt 0.294004 0.130329
vt 0.296964 0.129801
vt 0.292816 0.128493
vt 0.801937 0.243315
vt 0.297401 0.126546
vt 0.298803 0.115190
vt 0.300729 0.123210
vt 0.301164 0.125003
vt 0.810176 0.228958
vt 0.303488 0.129446
vt 0.303014 0.157107
vt 0.311324 0.167737
vt 0.313219 0.158512
vt 0.309131 0.150904
vt 0.303469 0.146204
vt 0.764933 0.233757
vt 0.755811 0.249629
vt 0.310114 0.155009
vt 0.770432 0.251250
vt 0.771464 0.239838
vt 0.765275 0.248332
vt 0.768282 0.232868
vt 0.772596 0.239199
vt 0.772596 0.239199
vt 0.771560 0.236877
vt 0.772641 0.238144
vt 0.769776 0.233432
vt 0.771223 0.235593
vt 0.771757 0.235253
vt 0.316267 0.155320
vt 0.309720 0.147698
vt 0.313832 0.150666
vt 0.309364 0.146560
vt 0.311877 0.148474
vt 0.311453 0.145952
vt 0.777932 0.253197
vt 0.780258 0.253373
vt 0.781701 0.253183
vt 0.778205 0.250833
vt 0.776834 0.249706
vt 0.785401 0.252070
vt 0.782931 0.251111
vt 0.787557 0.248663
vt 0.300002 0.137713
vt 0.300543 0.141640
vt 0.785954 0.246924
vt 0.778116 0.249020
vt 0.776704 0.249279
vt 0.775012 0.249199
vt 0.775012 0.249199
vt 0.775737 0.248927
vt 0.775737 0.248927
vt 0.775802 0.248980
vt 0.775802 0.248980
vt 0.775990 0.248078
vt 0.775990 0.248078
vt 0.303345 0.143669
vt 0.780165 0.248231
vt 0.778026 0.245467
vt 0.782923 0.246926
vt 0.780519 0.242503
vt 0.774261 0.248920
vt 0.775484 0.247509
vt 0.775484 0.247509
vt 0.775250 0.247065
vt 0.774016 0.249215
vt 0.775250 0.247065
vt 0.776109 0.246718
vt 0.776109 0.246718
vt 0.775408 0.245885
vt 0.774385 0.242817
vt 0.769874 0.248168
vt 0.774385 0.242817
vt 0.775231 0.245816
vt 0.775231 0.245816
vt 0.775151 0.244334
vt 0.775151 0.244334
vt 0.775766 0.241804
vt 0.777897 0.241179
vt 0.774477 0.241942
vt 0.302608 0.134687
vt 0.305611 0.138790
vt 0.303833 0.141419
vt 0.784390 0.244083
vt 0.785983 0.242868
vt 0.782250 0.239917
vt 0.305740 0.132542
vt 0.307575 0.131763
vt 0.308833 0.137558
vt 0.804208 0.222580
vt 0.788236 0.236715
vt 0.305733 0.145115
vt 0.781060 0.236012
vt 0.774851 0.237961
vt 0.778615 0.236623
vt 0.773680 0.234370
vt 0.312361 0.139989
vt 0.312895 0.143223
vt 0.313037 0.137036
vt 0.777815 0.232482
vt 0.778271 0.230714
vt 0.315986 0.144738
vt 0.839160 0.269306
vt 0.720906 0.250592
vt 0.745980 0.206071
vt 0.319923 0.162097
vt 0.762380 0.222409
vt 0.769309 0.231747
vt 0.771076 0.232142
vt 0.315624 0.150746
vt 0.774088 0.230601
vt 0.769815 0.228392
vt 0.766635 0.227038
vt 0.320729 0.155381
vt 0.318187 0.152826
vt 0.317890 0.149729
vt 0.772550 0.228289
vt 0.775491 0.227259
vt 0.318732 0.146355
vt 0.773079 0.224007
vt 0.764424 0.223307
vt 0.765150 0.223923
vt 0.768047 0.225665
vt 0.766385 0.225937
vt 0.766107 0.223334
vt 0.768518 0.224879
vt 0.766574 0.222220
vt 0.323077 0.156325
vt 0.323296 0.154372
vt 0.768880 0.220753
vt 0.760652 0.216694
vt 0.763171 0.220823
vt 0.763171 0.220823
vt 0.761489 0.217410
vt 0.763830 0.221241
vt 0.757047 0.213873
vt 0.759122 0.213905
vt 0.764598 0.222785
vt 0.764598 0.222785
vt 0.764749 0.219658
vt 0.766271 0.219211
vt 0.762949 0.216618
vt 0.763734 0.214699
vt 0.275401 0.107860
vt 0.285023 0.103155
vt 0.289769 0.098123
vt 0.317587 0.189636
vt 0.311134 0.177126
vt 0.305447 0.117310
vt 0.816191 0.234428
vt 0.307204 0.127707
vt 0.307352 0.122881
vt 0.306564 0.109414
vt 0.311370 0.116729
vt 0.316761 0.108974
vt 0.309089 0.103747
vt 0.318723 0.118156
vt 0.310879 0.130517
vt 0.311602 0.133906
vt 0.313771 0.127800
vt 0.315436 0.132576
vt 0.314719 0.122137
vt 0.317257 0.139709
vt 0.315756 0.136734
vt 0.314692 0.135421
vt 0.319193 0.144322
vt 0.795624 0.218822
vt 0.320315 0.142446
vt 0.318475 0.136756
vt 0.318229 0.134563
vt 0.319055 0.132098
vt 0.320480 0.139507
vt 0.322864 0.136308
vt 0.321937 0.139531
vt 0.323975 0.138105
vt 0.327551 0.143541
vt 0.320570 0.127980
vt 0.320959 0.123504
vt 0.809771 0.221171
vt 0.814424 0.227427
vt 0.322084 0.120808
vt 0.323241 0.115210
vt 0.324421 0.121693
vt 0.323086 0.132099
vt 0.324385 0.135513
vt 0.327046 0.137982
vt 0.327169 0.135199
vt 0.328273 0.132727
vt 0.326322 0.125847
vt 0.329111 0.126732
vt 0.332240 0.135113
vt 0.325872 0.115563
vt 0.803772 0.214782
vt 0.327287 0.118119
vt 0.807395 0.216713
vt 0.325821 0.109808
vt 0.820006 0.212999
vt 0.330480 0.104683
vt 0.330195 0.123178
vt 0.342595 0.127399
vt 0.336046 0.124601
vt 0.797539 0.207963
vt 0.802042 0.209074
vt 0.798692 0.203790
vt 0.335439 0.119946
vt 0.341075 0.121992
vt 0.325841 0.122938
vt 0.337256 0.108134
vt 0.338656 0.115874
vt 0.346195 0.120522
vt 0.824892 0.198538
vt 0.815128 0.201665
vt 0.819386 0.193129
vt 0.344499 0.114478
vt 0.342674 0.110052
vt 0.337731 0.106269
vt 0.345780 0.098342
vt 0.351276 0.102049
vt 0.351520 0.116244
vt 0.815388 0.186880
vt 0.796476 0.199923
vt 0.365687 0.094619
vt 0.365365 0.116016
vt 0.838931 0.172688
vt 0.375401 0.094852
vt 0.842136 0.269127
vt 0.835910 0.259468
vt 0.847364 0.256553
vt 0.856053 0.260485
vt 0.275884 0.077040
vt 0.166517 0.073150
vt 0.282792 0.081501
vt 0.285450 0.085242
vt 0.288707 0.081267
vt 0.288707 0.081267
vt 0.287581 0.079526
vt 0.287969 0.078703
vt 0.287969 0.078703
vt 0.833286 0.254819
vt 0.840032 0.255327
vt 0.836331 0.253166
vt 0.827136 0.246958
vt 0.847430 0.250374
vt 0.843840 0.248892
vt 0.287236 0.080457
vt 0.284547 0.083131
vt 0.289783 0.081779
vt 0.289418 0.082188
vt 0.289418 0.082188
vt 0.288921 0.082777
vt 0.290319 0.086619
vt 0.284610 0.087279
vt 0.275906 0.090984
vt 0.298839 0.092008
vt 0.841450 0.247048
vt 0.832832 0.249348
vt 0.823350 0.244186
vt 0.300093 0.095734
vt 0.832551 0.245327
vt 0.836888 0.242904
vt 0.832424 0.238893
vt 0.161885 0.074787
vt 0.165649 0.072277
vt 0.164639 0.069174
vt 0.289217 0.070243
vt 0.295468 0.067155
vt 0.159663 0.064342
vt 0.166875 0.069723
vt 0.169337 0.069251
vt 0.280381 0.079384
vt 0.280381 0.079384
vt 0.168384 0.068668
vt 0.288149 0.073976
vt 0.169139 0.068861
vt 0.280714 0.078954
vt 0.287443 0.074440
vt 0.280714 0.078954
vt 0.286814 0.076228
vt 0.286814 0.076228
vt 0.282711 0.079105
vt 0.281592 0.079636
vt 0.287301 0.076398
vt 0.287301 0.076398
vt 0.281119 0.079652
vt 0.281119 0.079652
vt 0.282262 0.080345
vt 0.281678 0.080000
vt 0.283560 0.081771
vt 0.286617 0.078902
vt 0.283560 0.081771
vt 0.293531 0.080024
vt 0.870131 0.247470
vt 0.296638 0.075351
vt 0.861072 0.242336
vt 0.308157 0.063353
vt 0.302853 0.072234
vt 0.287718 0.081762
vt 0.285602 0.084007
vt 0.288292 0.082533
vt 0.286542 0.084414
vt 0.289186 0.083582
vt 0.288196 0.084657
vt 0.290114 0.082889
vt 0.290114 0.082889
vt 0.289815 0.083828
vt 0.289071 0.084529
vt 0.290254 0.083185
vt 0.290254 0.083185
vt 0.291299 0.083433
vt 0.290119 0.084161
vt 0.290588 0.083831
vt 0.290588 0.083831
vt 0.290513 0.085081
vt 0.290513 0.085081
vt 0.291666 0.084378
vt 0.291666 0.084378
vt 0.290358 0.084392
vt 0.290843 0.084061
vt 0.292164 0.083169
vt 0.291422 0.083249
vt 0.291382 0.082750
vt 0.291752 0.083037
vt 0.291752 0.083037
vt 0.291752 0.083037
vt 0.291756 0.082560
vt 0.291756 0.082560
vt 0.291756 0.082560
vt 0.291895 0.082170
vt 0.291895 0.082170
vt 0.292648 0.083560
vt 0.292648 0.083560
vt 0.292648 0.083560
vt 0.292648 0.083560
vt 0.290885 0.084518
vt 0.290885 0.084518
vt 0.291154 0.085222
vt 0.291154 0.085222
vt 0.291000 0.086106
vt 0.292478 0.085065
vt 0.292255 0.084172
vt 0.292255 0.084172
vt 0.292255 0.084172
vt 0.291713 0.085905
vt 0.291713 0.085905
vt 0.292449 0.086693
vt 0.292449 0.086693
vt 0.293105 0.084794
vt 0.295174 0.086525
vt 0.294854 0.090171
vt 0.294066 0.086974
vt 0.296347 0.089093
vt 0.299451 0.085837
vt 0.851564 0.244215
vt 0.841214 0.239893
vt 0.849048 0.237191
vt 0.308167 0.079747
vt 0.303269 0.093627
vt 0.308070 0.097986
vt 0.311578 0.089130
vt 0.833919 0.232368
vt 0.851595 0.229997
vt 0.854589 0.237635
vt 0.863910 0.237844
vt 0.320109 0.075335
vt 0.823336 0.240163
vt 0.818460 0.233153
vt 0.307291 0.100456
vt 0.309492 0.099159
vt 0.831501 0.223733
vt 0.315302 0.100383
vt 0.315053 0.098479
vt 0.321208 0.091138
vt 0.320264 0.101953
vt 0.322702 0.099364
vt 0.833455 0.212085
vt 0.848178 0.209382
vt 0.845874 0.221676
vt 0.330675 0.102156
vt 0.833219 0.203099
vt 0.870465 0.237111
vt 0.875476 0.229830
vt 0.863790 0.230253
vt 0.881235 0.238853
vt 0.877781 0.232558
vt 0.316708 0.054588
vt 0.877988 0.227914
vt 0.892204 0.225189
vt 0.873477 0.225355
vt 0.315974 0.065413
vt 0.870219 0.220450
vt 0.330842 0.059649
vt 0.324252 0.056198
vt 0.864804 0.211767
vt 0.855070 0.212895
vt 0.337664 0.064597
vt 0.874446 0.222760
vt 0.870676 0.216450
vt 0.337245 0.023394
vt 0.106666 0.037387
vt 0.344226 0.032550
vt 0.894102 0.207168
vt 0.904309 0.218517
vt 0.899347 0.213738
vt 0.877275 0.220660
vt 0.882046 0.210546
vt 0.861000 0.205754
vt 0.871381 0.208103
vt 0.867990 0.208323
vt 0.865597 0.205832
vt 0.867685 0.205593
vt 0.872924 0.205626
vt 0.869624 0.205646
vt 0.870934 0.202806
vt 0.872706 0.202459
vt 0.867218 0.202768
vt 0.349776 0.043701
vt 0.891339 0.200553
vt 0.880247 0.197554
vt 0.354515 0.050336
vt 0.331791 0.083569
vt 0.344285 0.085115
vt 0.342409 0.072820
vt 0.856608 0.197839
vt 0.836201 0.197062
vt 0.830583 0.192805
vt 0.845098 0.193195
vt 0.861001 0.201345
vt 0.858501 0.195685
vt 0.855541 0.191210
vt 0.851934 0.190311
vt 0.359274 0.058629
vt 0.361797 0.066397
vt 0.361185 0.076890
vt 0.868253 0.183880
vt 0.851168 0.185104
vt 0.864975 0.203386
vt 0.866621 0.200863
vt 0.865995 0.196884
vt 0.868716 0.201182
vt 0.869954 0.199619
vt 0.869887 0.200718
vt 0.873457 0.194939
vt 0.841186 0.188419
vt 0.362448 0.084599
vt 0.844148 0.179731
vt 0.847786 0.184031
vt 0.848916 0.186582
vt 0.847074 0.179502
vt 0.854064 0.171219
vt 0.375465 0.077511
vt 0.844194 0.174625
vt 0.834674 0.166291
vt 0.838597 0.165483
vt 0.332308 0.179445
vt 0.339227 0.189230
vt 0.321720 0.174199
vt 0.325000 0.167588
vt 0.326513 0.164135
vt 0.334568 0.173143
vt 0.331140 0.164024
vt 0.345080 0.189889
vt 0.351358 0.193214
vt 0.706377 0.262559
vt 0.341911 0.190580
vt 0.346727 0.186011
vt 0.732444 0.176085
vt 0.732444 0.176085
vt 0.734726 0.179021
vt 0.734726 0.179021
vt 0.731781 0.177754
vt 0.729921 0.172860
vt 0.729921 0.172860
vt 0.739446 0.188812
vt 0.737202 0.182720
vt 0.740013 0.185932
vt 0.350468 0.185577
vt 0.356079 0.193931
vt 0.735127 0.180069
vt 0.736584 0.180986
vt 0.737464 0.178389
vt 0.734396 0.176197
vt 0.736081 0.175831
vt 0.738558 0.181646
vt 0.741484 0.184523
vt 0.352632 0.187500
vt 0.351932 0.181536
vt 0.355917 0.188779
vt 0.358888 0.184224
vt 0.740439 0.179321
vt 0.743389 0.179448
vt 0.746741 0.196050
vt 0.744390 0.197171
vt 0.745372 0.194947
vt 0.751323 0.205789
vt 0.754534 0.207586
vt 0.752821 0.205575
vt 0.752821 0.205575
vt 0.754093 0.206782
vt 0.753841 0.204870
vt 0.755490 0.208387
vt 0.750974 0.202586
vt 0.750974 0.202586
vt 0.755585 0.203915
vt 0.338532 0.171205
vt 0.338788 0.169716
vt 0.334801 0.166890
vt 0.336622 0.165016
vt 0.341963 0.170212
vt 0.748097 0.197597
vt 0.748657 0.198991
vt 0.750006 0.199001
vt 0.750166 0.196463
vt 0.752559 0.201900
vt 0.751343 0.198255
vt 0.754058 0.201616
vt 0.758583 0.200711
vt 0.748801 0.195578
vt 0.343541 0.176878
vt 0.341389 0.164307
vt 0.342773 0.174569
vt 0.752814 0.196132
vt 0.751311 0.194044
vt 0.347252 0.176526
vt 0.347204 0.171908
vt 0.754104 0.194395
vt 0.752355 0.188494
vt 0.755968 0.197393
vt 0.757556 0.195609
vt 0.346844 0.161272
vt 0.347600 0.167285
vt 0.352758 0.173999
vt 0.741636 0.189326
vt 0.744166 0.191872
vt 0.742132 0.188594
vt 0.347412 0.181558
vt 0.346056 0.179292
vt 0.347783 0.180419
vt 0.743826 0.187024
vt 0.744715 0.189788
vt 0.745676 0.188776
vt 0.747066 0.193116
vt 0.749122 0.187731
vt 0.750574 0.190544
vt 0.742257 0.185976
vt 0.748197 0.185205
vt 0.745974 0.183525
vt 0.744242 0.183119
vt 0.359138 0.198677
vt 0.358162 0.195738
vt 0.366635 0.197233
vt 0.362438 0.193650
vt 0.739462 0.175435
vt 0.738021 0.172384
vt 0.359866 0.189151
vt 0.740054 0.172032
vt 0.742803 0.176984
vt 0.746089 0.180142
vt 0.363152 0.184128
vt 0.360459 0.177766
vt 0.363998 0.188213
vt 0.361844 0.187404
vt 0.366494 0.186808
vt 0.753006 0.166364
vt 0.370500 0.197019
vt 0.368499 0.190262
vt 0.373475 0.195672
vt 0.376303 0.196700
vt 0.373329 0.191212
vt 0.736727 0.168420
vt 0.743181 0.154024
vt 0.754466 0.152856
vt 0.377741 0.193150
vt 0.366088 0.181873
vt 0.371506 0.184654
vt 0.369363 0.183845
vt 0.370820 0.178106
vt 0.376471 0.188762
vt 0.376173 0.179800
vt 0.373718 0.180655
vt 0.358741 0.171455
vt 0.353965 0.165513
vt 0.762657 0.182244
vt 0.360956 0.163719
vt 0.352884 0.157819
vt 0.758482 0.174290
vt 0.773835 0.183784
vt 0.772175 0.173428
vt 0.368146 0.164634
vt 0.368226 0.171313
vt 0.364968 0.156514
vt 0.359170 0.154258
vt 0.326207 0.151653
vt 0.322564 0.146407
vt 0.771382 0.216654
vt 0.773854 0.222078
vt 0.322516 0.142007
vt 0.329158 0.147242
vt 0.326454 0.149094
vt 0.330496 0.153320
vt 0.783988 0.212378
vt 0.325504 0.158969
vt 0.328149 0.160616
vt 0.326158 0.158016
vt 0.329604 0.158570
vt 0.757475 0.211549
vt 0.757475 0.211549
vt 0.760635 0.213793
vt 0.757623 0.212531
vt 0.759800 0.210457
vt 0.333003 0.164332
vt 0.761735 0.212591
vt 0.767423 0.214811
vt 0.765052 0.211536
vt 0.764438 0.208620
vt 0.336522 0.156607
vt 0.330701 0.155905
vt 0.333757 0.161681
vt 0.335776 0.158481
vt 0.762434 0.207076
vt 0.773778 0.202838
vt 0.763367 0.204538
vt 0.768654 0.216830
vt 0.769450 0.213686
vt 0.790017 0.201552
vt 0.332778 0.138568
vt 0.340362 0.148679
vt 0.332021 0.142477
vt 0.338640 0.142179
vt 0.339734 0.155972
vt 0.334844 0.150356
vt 0.340513 0.157816
vt 0.340740 0.154809
vt 0.342190 0.151316
vt 0.342634 0.157018
vt 0.756394 0.209628
vt 0.757379 0.207524
vt 0.759247 0.205022
vt 0.760102 0.203184
vt 0.770429 0.194680
vt 0.336072 0.138154
vt 0.342594 0.132490
vt 0.345438 0.142118
vt 0.351120 0.139025
vt 0.347709 0.158015
vt 0.346489 0.152269
vt 0.353442 0.153508
vt 0.348737 0.148958
vt 0.779021 0.188699
vt 0.353394 0.150535
vt 0.788983 0.196146
vt 0.785610 0.190719
vt 0.355902 0.153023
vt 0.355484 0.143906
vt 0.362732 0.145519
vt 0.791230 0.192394
vt 0.786841 0.185400
vt 0.354340 0.138677
vt 0.781006 0.180601
vt 0.351632 0.136246
vt 0.801456 0.178385
vt 0.782932 0.179790
vt 0.349989 0.127242
vt 0.352754 0.121594
vt 0.807647 0.180690
vt 0.728118 0.170699
vt 0.730958 0.170021
vt 0.728293 0.167847
vt 0.731006 0.166305
vt 0.731998 0.173175
vt 0.732832 0.172858
vt 0.735079 0.170638
vt 0.733373 0.165293
vt 0.378321 0.194662
vt 0.379313 0.191288
vt 0.384090 0.193259
vt 0.390094 0.184113
vt 0.387058 0.195741
vt 0.381185 0.184022
vt 0.760871 0.158564
vt 0.380298 0.174369
vt 0.377437 0.176350
vt 0.386113 0.178755
vt 0.752650 0.143857
vt 0.392239 0.188960
vt 0.749247 0.138355
vt 0.396625 0.185878
vt 0.754963 0.143408
vt 0.759569 0.148379
vt 0.390909 0.173446
vt 0.370946 0.159901
vt 0.774854 0.169144
vt 0.768289 0.166350
vt 0.373841 0.160941
vt 0.770914 0.163062
vt 0.373770 0.151049
vt 0.373587 0.176447
vt 0.376293 0.170839
vt 0.376318 0.174613
vt 0.767060 0.158476
vt 0.380938 0.160510
vt 0.381234 0.151300
vt 0.791304 0.159568
vt 0.789785 0.152199
vt 0.386353 0.155760
vt 0.385008 0.152056
vt 0.383172 0.167751
vt 0.386189 0.167519
vt 0.773391 0.147468
vt 0.389405 0.168565
vt 0.388210 0.160639
vt 0.401421 0.186139
vt 0.398289 0.181627
vt 0.395251 0.177042
vt 0.407776 0.185981
vt 0.417480 0.230966
vt 0.406654 0.183297
vt 0.402273 0.179221
vt 0.770776 0.121529
vt 0.406284 0.178907
vt 0.397028 0.172717
vt 0.394008 0.172144
vt 0.393070 0.167863
vt 0.395130 0.168597
vt 0.401720 0.169697
vt 0.404913 0.176346
vt 0.418161 0.231950
vt 0.409011 0.185480
vt 0.409989 0.172620
vt 0.774640 0.126239
vt 0.782904 0.133415
vt 0.414778 0.164984
vt 0.389989 0.157076
vt 0.790439 0.139008
vt 0.405390 0.136308
vt 0.398403 0.132525
vt 0.391510 0.163511
vt 0.394162 0.163147
vt 0.407403 0.147951
vt 0.356935 0.134281
vt 0.365051 0.139902
vt 0.358775 0.129332
vt 0.364291 0.132658
vt 0.794316 0.171384
vt 0.368613 0.140872
vt 0.371465 0.145277
vt 0.373330 0.144336
vt 0.381592 0.126746
vt 0.814313 0.159518
vt 0.354513 0.128002
vt 0.356613 0.123923
vt 0.392972 0.098999
vt 0.781596 0.178125
vt 0.777243 0.174801
vt 0.370827 0.152134
vt 0.803890 0.161483
vt 0.372634 0.150268
vt 0.373289 0.145914
vt 0.378354 0.148037
vt 0.374824 0.146508
vt 0.379310 0.146905
vt 0.806718 0.150005
vt 0.380312 0.105290
vt 0.829716 0.158770
vt 0.400289 0.102373
vt 0.410365 0.105407
vt 0.387926 0.132375
vt 0.800724 0.142356
vt 0.271335 0.126606
vt 0.538542 0.615280
vt 0.541511 0.615881
vt 0.541958 0.616458
vt 0.541958 0.616458
vt 0.537703 0.612540
vt 0.542127 0.615038
vt 0.536207 0.612660
vt 0.538357 0.614517
vt 0.535144 0.612571
vt 0.025839 0.235539
vt 0.536795 0.616156
vt 0.532843 0.612312
vt 0.075550 0.293368
vt 0.584974 0.554220
vt 0.585607 0.544920
vt 0.582292 0.543384
vt 0.567707 0.552329
vt 0.569601 0.541909
vt 0.058076 0.297695
vt 0.067993 0.305276
vt 0.576476 0.581139
vt 0.563085 0.576533
vt 0.078371 0.287346
vt 0.056458 0.285376
vt 0.042812 0.277222
vt 0.561658 0.569021
vt 0.570019 0.580910
vt 0.050888 0.267687
vt 0.528228 0.579462
vt 0.558399 0.566461
vt 0.561405 0.577558
vt 0.557571 0.550731
vt 0.555695 0.542519
vt 0.571379 0.531977
vt 0.554611 0.550021
vt 0.040822 0.302076
vt 0.045636 0.312015
vt 0.544131 0.542619
vt 0.553197 0.540471
vt 0.559803 0.561736
vt 0.557222 0.559534
vt 0.557815 0.562406
vt 0.039695 0.287682
vt 0.537870 0.567229
vt 0.575704 0.586966
vt 0.575018 0.583206
vt 0.573866 0.584680
vt 0.573666 0.581772
vt 0.572490 0.583707
vt 0.573284 0.589344
vt 0.570421 0.587274
vt 0.573286 0.586032
vt 0.568308 0.597187
vt 0.569201 0.584972
vt 0.569959 0.588844
vt 0.567614 0.584775
vt 0.568242 0.587180
vt 0.565086 0.584892
vt 0.563757 0.587551
vt 0.565634 0.597659
vt 0.052311 0.247973
vt 0.050875 0.257012
vt 0.568252 0.606989
vt 0.569877 0.612124
vt 0.570931 0.617528
vt 0.036086 0.242119
vt 0.558124 0.613106
vt 0.550000 0.616857
vt 0.552999 0.623703
vt 0.555157 0.592864
vt 0.551722 0.591632
vt 0.553529 0.590938
vt 0.552784 0.594321
vt 0.551832 0.587967
vt 0.553629 0.589521
vt 0.549395 0.589470
vt 0.548831 0.593233
vt 0.535798 0.601241
vt 0.552792 0.582694
vt 0.556527 0.587246
vt 0.553493 0.586060
vt 0.555387 0.589807
vt 0.040778 0.254313
vt 0.549509 0.591060
vt 0.547688 0.589607
vt 0.549392 0.586016
vt 0.537273 0.590697
vt 0.526859 0.599962
vt 0.018495 0.269545
vt 0.019743 0.258826
vt 0.547648 0.606115
vt 0.033155 0.232732
vt 0.548237 0.614581
vt 0.547023 0.617043
vt 0.545281 0.620891
vt 0.546137 0.618588
vt 0.033877 0.229081
vt 0.032863 0.230933
vt 0.016699 0.248464
vt 0.526625 0.602911
vt 0.526625 0.602911
vt 0.016699 0.248464
vt 0.526625 0.602911
vt 0.530634 0.606354
vt 0.543939 0.616334
vt 0.032952 0.230019
vt 0.546025 0.617716
vt 0.545789 0.617396
vt 0.032755 0.230506
vt 0.543865 0.616830
vt 0.543865 0.616830
vt 0.032219 0.230643
vt 0.545276 0.617174
vt 0.545276 0.617174
vt 0.546000 0.618183
vt 0.032978 0.229439
vt 0.546000 0.618183
vt 0.032204 0.228766
vt 0.545400 0.618793
vt 0.542904 0.617722
vt 0.030455 0.232064
vt 0.529605 0.606109
vt 0.529605 0.606109
vt 0.531568 0.608756
vt 0.530304 0.607799
vt 0.530200 0.609480
vt 0.528235 0.605402
vt 0.527789 0.603463
vt 0.536073 0.611597
vt 0.533828 0.611942
vt 0.534416 0.611524
vt 0.534416 0.611524
vt 0.531824 0.609846
vt 0.020843 0.241403
vt 0.529863 0.611298
vt 0.532468 0.572131
vt 0.536527 0.565742
vt 0.535257 0.567437
vt 0.029573 0.282146
vt 0.534242 0.567149
vt 0.534242 0.567149
vt 0.534242 0.567149
vt 0.028763 0.283792
vt 0.534048 0.568710
vt 0.027998 0.281587
vt 0.027927 0.280895
vt 0.534490 0.567666
vt 0.028706 0.282356
vt 0.028706 0.282356
vt 0.534490 0.567666
vt 0.534619 0.567770
vt 0.534619 0.567770
vt 0.028932 0.282233
vt 0.534440 0.567941
vt 0.028755 0.282070
vt 0.021313 0.276590
vt 0.528441 0.574501
vt 0.025746 0.280034
vt 0.531976 0.570381
vt 0.531086 0.564472
vt 0.531546 0.566258
vt 0.532662 0.566976
vt 0.532662 0.566976
vt 0.028214 0.283154
vt 0.533772 0.567237
vt 0.532369 0.567361
vt 0.026835 0.283650
vt 0.531810 0.566941
vt 0.531810 0.566941
vt 0.024828 0.285637
vt 0.531627 0.567165
vt 0.531627 0.567165
vt 0.025958 0.283667
vt 0.531627 0.567165
vt 0.531275 0.567456
vt 0.531275 0.567456
vt 0.025734 0.283180
vt 0.530352 0.567573
vt 0.530352 0.567573
vt 0.530642 0.568068
vt 0.024812 0.283192
vt 0.529809 0.567655
vt 0.529815 0.566745
vt 0.530010 0.566329
vt 0.024509 0.284580
vt 0.529527 0.566511
vt 0.528614 0.565104
vt 0.528614 0.565104
vt 0.025264 0.279056
vt 0.534260 0.567642
vt 0.028830 0.282606
vt 0.534260 0.567642
vt 0.021038 0.289370
vt 0.523094 0.560230
vt 0.021635 0.286655
vt 0.021635 0.286655
vt 0.526632 0.564609
vt 0.526632 0.564609
vt 0.528410 0.565338
vt 0.023334 0.285885
vt 0.022251 0.286959
vt 0.022251 0.286959
vt 0.022251 0.286959
vt 0.021985 0.286397
vt 0.526862 0.565177
vt 0.526877 0.564885
vt 0.527072 0.565035
vt 0.526528 0.564782
vt 0.021706 0.286525
vt 0.021706 0.286525
vt 0.021831 0.286335
vt 0.526753 0.564938
vt 0.020325 0.287466
vt 0.020325 0.287466
vt 0.525026 0.564568
vt 0.525026 0.564568
vt 0.523884 0.563892
vt 0.020127 0.287101
vt 0.524761 0.564817
vt 0.020087 0.286386
vt 0.020127 0.287101
vt 0.019355 0.287646
vt 0.524090 0.565150
vt 0.019264 0.286248
vt 0.019992 0.286726
vt 0.019992 0.286726
vt 0.018760 0.286697
vt 0.018760 0.286697
vt 0.018760 0.286697
vt 0.544712 0.539998
vt 0.542393 0.540398
vt 0.541174 0.542355
vt 0.538813 0.541925
vt 0.541776 0.544554
vt 0.538988 0.544462
vt 0.542175 0.539205
vt 0.543043 0.536364
vt 0.540538 0.537574
vt 0.538873 0.535753
vt 0.030624 0.317139
vt 0.039126 0.308456
vt 0.538447 0.539378
vt 0.536611 0.541361
vt 0.530476 0.548786
vt 0.028317 0.307535
vt 0.536687 0.537786
vt 0.523189 0.544228
vt 0.531817 0.533098
vt 0.028059 0.294265
vt 0.017129 0.286529
vt 0.017129 0.286529
vt 0.522114 0.565483
vt 0.520923 0.564534
vt 0.016955 0.287215
vt 0.016955 0.287215
vt 0.521729 0.565859
vt 0.016651 0.286176
vt 0.016651 0.286176
vt 0.016457 0.286518
vt 0.016457 0.286518
vt 0.520763 0.560336
vt 0.016215 0.290822
vt 0.016215 0.290822
vt 0.016215 0.290822
vt 0.016215 0.290822
vt 0.521101 0.565731
vt 0.015925 0.286610
vt 0.015641 0.287633
vt 0.520512 0.564974
vt 0.520213 0.562351
vt 0.015901 0.290338
vt 0.015733 0.290710
vt 0.520076 0.561983
vt 0.520504 0.561723
vt 0.520504 0.561723
vt 0.519271 0.558767
vt 0.519271 0.558767
vt 0.519271 0.558767
vt 0.519271 0.558767
vt 0.519271 0.558767
vt 0.520053 0.560712
vt 0.016011 0.291949
vt 0.520053 0.560712
vt 0.016011 0.291949
vt 0.016267 0.292179
vt 0.016267 0.292179
vt 0.520317 0.560506
vt 0.520345 0.560336
vt 0.016403 0.292309
vt 0.016403 0.292309
vt 0.016636 0.292308
vt 0.016636 0.292308
vt 0.520105 0.560263
vt 0.016331 0.292480
vt 0.520105 0.560263
vt 0.016331 0.292480
vt 0.028377 0.901234
vt 0.015350 0.291089
vt 0.015350 0.291089
vt 0.519801 0.561450
vt 0.519801 0.561450
vt 0.519906 0.561704
vt 0.015655 0.291058
vt 0.015655 0.291058
vt 0.015749 0.291747
vt 0.519944 0.560996
vt 0.015749 0.291747
vt 0.015834 0.289996
vt 0.520190 0.562693
vt 0.015834 0.289996
vt 0.520550 0.563349
vt 0.520409 0.563633
vt 0.015840 0.289046
vt 0.015694 0.289402
vt 0.520294 0.563282
vt 0.016018 0.292797
vt 0.519839 0.559894
vt 0.014777 0.291430
vt 0.014777 0.291430
vt 0.014777 0.291430
vt 0.014525 0.291635
vt 0.014525 0.291635
vt 0.014525 0.291635
vt 0.015089 0.291913
vt 0.014654 0.291384
vt 0.014275 0.291448
vt 0.014654 0.291384
vt 0.027743 0.901501
vt 0.015089 0.291913
vt 0.014275 0.291448
vt 0.014839 0.291881
vt 0.014839 0.291881
vt 0.015088 0.291708
vt 0.015088 0.291708
vt 0.014116 0.292018
vt 0.014116 0.292018
vt 0.014116 0.292018
vt 0.014345 0.292033
vt 0.014345 0.292033
vt 0.014345 0.292033
vt 0.014855 0.291662
vt 0.014855 0.291662
vt 0.014855 0.291662
vt 0.014855 0.291662
vt 0.014855 0.291662
vt 0.014855 0.291662
vt 0.014855 0.291662
vt 0.014540 0.292104
vt 0.014540 0.292104
vt 0.014715 0.292032
vt 0.013987 0.291716
vt 0.013784 0.292013
vt 0.014715 0.292032
vt 0.014715 0.292032
vt 0.013933 0.292336
vt 0.013933 0.292336
vt 0.014795 0.292373
vt 0.015096 0.291168
vt 0.028233 0.901446
vt 0.015096 0.291168
vt 0.015096 0.291168
vt 0.015379 0.291448
vt 0.015379 0.291448
vt 0.028230 0.901080
vt 0.519799 0.561252
vt 0.015576 0.291492
vt 0.015927 0.291778
vt 0.014363 0.292413
vt 0.014363 0.292413
vt 0.014363 0.292413
vt 0.014363 0.292413
vt 0.514038 0.537207
vt 0.013208 0.308227
vt 0.510887 0.545820
vt 0.516449 0.528673
vt 0.514409 0.546372
vt 0.513896 0.542011
vt 0.512053 0.538648
vt 0.012691 0.314653
vt 0.514941 0.532771
vt 0.512659 0.534284
vt 0.013865 0.318737
vt 0.514109 0.529566
vt 0.016227 0.322884
vt 0.031952 0.324797
vt 0.512509 0.539577
vt 0.512509 0.539577
vt 0.512559 0.542852
vt 0.512559 0.542852
vt 0.512234 0.542195
vt 0.513082 0.534755
vt 0.513082 0.534755
vt 0.514015 0.531929
vt 0.514015 0.531929
vt 0.514952 0.529419
vt 0.514952 0.529419
vt 0.519013 0.555133
vt 0.515894 0.554778
vt 0.013964 0.298636
vt 0.016255 0.293376
vt 0.516241 0.551454
vt 0.518268 0.556189
vt 0.015178 0.294953
vt 0.015178 0.294953
vt 0.517926 0.558173
vt 0.517926 0.558173
vt 0.015178 0.294953
vt 0.015178 0.294953
vt 0.517926 0.558173
vt 0.518444 0.558818
vt 0.014798 0.294247
vt 0.518444 0.558818
vt 0.014798 0.294247
vt 0.014963 0.294032
vt 0.014963 0.294032
vt 0.518685 0.558915
vt 0.518296 0.558464
vt 0.518296 0.558464
vt 0.014685 0.294642
vt 0.518172 0.558148
vt 0.518172 0.558148
vt 0.014774 0.294992
vt 0.518172 0.558148
vt 0.518241 0.557762
vt 0.518241 0.557762
vt 0.010028 0.863751
vt 0.517392 0.556926
vt 0.517392 0.556926
vt 0.517392 0.556926
vt 0.515991 0.553757
vt 0.008627 0.860582
vt 0.517503 0.556335
vt 0.517503 0.556335
vt 0.010139 0.863160
vt 0.517428 0.556531
vt 0.517428 0.556531
vt 0.514231 0.549501
vt 0.519642 0.559572
vt 0.015842 0.293099
vt 0.519642 0.559572
vt 0.519147 0.559278
vt 0.015500 0.293538
vt 0.015829 0.293303
vt 0.519436 0.559535
vt 0.519436 0.559535
vt 0.015055 0.293663
vt 0.015055 0.293663
vt 0.518722 0.559268
vt 0.514148 0.548931
vt 0.512401 0.545888
vt 0.512865 0.546019
vt 0.512865 0.546019
vt 0.014099 0.262555
vt 0.524712 0.589054
vt 0.525974 0.583111
vt 0.015833 0.268828
vt 0.017452 0.261463
vt 0.016757 0.266795
vt 0.525942 0.580015
vt 0.018267 0.271125
vt 0.018267 0.271125
vt 0.526607 0.577694
vt 0.018859 0.273638
vt 0.016795 0.267853
vt 0.019355 0.273112
vt 0.013529 0.255970
vt 0.525500 0.595289
vt 0.014227 0.257611
vt 0.015325 0.263148
vt 0.015033 0.256171
vt 0.015917 0.259315
vt 0.015989 0.262716
vt 0.015412 0.254801
vt 0.020946 0.275423
vt 0.020946 0.275423
vt 0.525491 0.598294
vt 0.014581 0.252937
vt 0.525491 0.598294
vt 0.526492 0.601526
vt 0.526492 0.601526
vt 0.068382 0.317605
vt 0.581858 0.529297
vt 0.580669 0.519370
vt 0.078003 0.329347
vt 0.578320 0.523234
vt 0.576512 0.515450
vt 0.061063 0.323956
vt 0.577625 0.506686
vt 0.094216 0.332404
vt 0.087928 0.340016
vt 0.578217 0.511596
vt 0.077766 0.347178
vt 0.099785 0.347537
vt 0.576682 0.503241
vt 0.575801 0.498259
vt 0.552556 0.526164
vt 0.575365 0.527742
vt 0.549698 0.514008
vt 0.048813 0.333879
vt 0.574981 0.506659
vt 0.060001 0.342137
vt 0.573107 0.495132
vt 0.574522 0.488488
vt 0.548032 0.503101
vt 0.564912 0.487801
vt 0.557910 0.492617
vt 0.105729 0.350226
vt 0.093444 0.353931
vt 0.590948 0.481488
vt 0.101890 0.362006
vt 0.076321 0.357058
vt 0.111585 0.377694
vt 0.329540 0.404264
vt 0.329095 0.400281
vt 0.114252 0.380663
vt 0.093037 0.369329
vt 0.117221 0.382022
vt 0.327437 0.397439
vt 0.590136 0.452963
vt 0.335703 0.397578
vt 0.341390 0.400528
vt 0.089844 0.377559
vt 0.347353 0.416939
vt 0.569927 0.463485
vt 0.572545 0.475723
vt 0.569555 0.481749
vt 0.567119 0.487691
vt 0.569473 0.485384
vt 0.567661 0.482825
vt 0.566428 0.485317
vt 0.566874 0.479205
vt 0.564959 0.485946
vt 0.563315 0.486163
vt 0.563387 0.483898
vt 0.561063 0.485204
vt 0.561920 0.483850
vt 0.566319 0.481237
vt 0.562860 0.479839
vt 0.074340 0.360576
vt 0.052320 0.367720
vt 0.063568 0.373315
vt 0.568784 0.471773
vt 0.577343 0.460564
vt 0.370684 0.423505
vt 0.067154 0.385608
vt 0.351921 0.403234
vt 0.568742 0.457282
vt 0.583640 0.449543
vt 0.567105 0.462450
vt 0.567521 0.453888
vt 0.565616 0.443050
vt 0.371704 0.413747
vt 0.565692 0.455416
vt 0.559289 0.470469
vt 0.548539 0.521587
vt 0.547573 0.515696
vt 0.546714 0.512666
vt 0.546855 0.509400
vt 0.534601 0.513597
vt 0.546438 0.495171
vt 0.553003 0.486351
vt 0.057790 0.353169
vt 0.523352 0.504147
vt 0.545034 0.500268
vt 0.034265 0.333930
vt 0.031089 0.343210
vt 0.544990 0.488754
vt 0.541593 0.482797
vt 0.543772 0.491834
vt 0.037280 0.350847
vt 0.039639 0.358873
vt 0.054672 0.359895
vt 0.534540 0.491583
vt 0.532803 0.494692
vt 0.534370 0.488883
vt 0.531580 0.493486
vt 0.532225 0.490717
vt 0.528111 0.494315
vt 0.529507 0.492748
vt 0.531126 0.492363
vt 0.532687 0.489311
vt 0.530155 0.488018
vt 0.532717 0.486450
vt 0.529367 0.486004
vt 0.031514 0.365249
vt 0.520053 0.493505
vt 0.013285 0.347491
vt 0.507224 0.507422
vt 0.507224 0.507422
vt 0.018109 0.356349
vt 0.528197 0.490838
vt 0.526438 0.491354
vt 0.527130 0.487851
vt 0.504520 0.485664
vt 0.543255 0.480752
vt 0.542035 0.474273
vt 0.540320 0.465440
vt 0.563090 0.443183
vt 0.538424 0.453891
vt 0.044109 0.379145
vt 0.526099 0.477777
vt 0.539838 0.473457
vt 0.538490 0.466603
vt 0.027787 0.373971
vt 0.526504 0.461574
vt 0.518446 0.466410
vt 0.027264 0.382628
vt 0.537982 0.463428
vt 0.536826 0.458603
vt 0.398792 0.432098
vt 0.535820 0.442821
vt 0.534558 0.446891
vt 0.413801 0.434305
vt 0.400726 0.420407
vt 0.583372 0.536499
vt 0.081966 0.300928
vt 0.075053 0.311453
vt 0.580492 0.533091
vt 0.577358 0.536677
vt 0.579060 0.534143
vt 0.578832 0.530210
vt 0.577112 0.533724
vt 0.577516 0.531975
vt 0.575700 0.535122
vt 0.573323 0.534129
vt 0.573622 0.536591
vt 0.571764 0.533973
vt 0.575570 0.530734
vt 0.573300 0.532004
vt 0.573110 0.529313
vt 0.553648 0.533607
vt 0.550643 0.530385
vt 0.528207 0.518244
vt 0.520929 0.523745
vt 0.527264 0.516192
vt 0.523785 0.518284
vt 0.523785 0.518284
vt 0.524279 0.517202
vt 0.523549 0.518511
vt 0.519232 0.513677
vt 0.027383 0.333371
vt 0.024463 0.335963
vt 0.019686 0.326907
vt 0.515182 0.527330
vt 0.515182 0.527330
vt 0.017384 0.325142
vt 0.018741 0.327660
vt 0.018741 0.327660
vt 0.517742 0.525444
vt 0.018741 0.327660
vt 0.516151 0.527629
vt 0.516151 0.527629
vt 0.516151 0.527629
vt 0.516309 0.526162
vt 0.017429 0.326756
vt 0.019531 0.327902
vt 0.019531 0.327902
vt 0.017627 0.326605
vt 0.021296 0.330379
vt 0.021296 0.330379
vt 0.519841 0.522317
vt 0.023487 0.332229
vt 0.521874 0.520459
vt 0.022056 0.329603
vt 0.024395 0.331670
vt 0.024944 0.333029
vt 0.522672 0.518994
vt 0.023885 0.331806
vt 0.023885 0.331806
vt 0.022224 0.330567
vt 0.022224 0.330567
vt 0.020848 0.329229
vt 0.020848 0.329229
vt 0.020690 0.328512
vt 0.515758 0.526961
vt 0.515758 0.526961
vt 0.016820 0.325839
vt 0.025668 0.333342
vt 0.522950 0.518289
vt 0.025668 0.333342
vt 0.523338 0.518208
vt 0.026069 0.333254
vt 0.026023 0.333505
vt 0.523447 0.518066
vt 0.026023 0.333505
vt 0.523447 0.518066
vt 0.523467 0.518163
vt 0.026208 0.333372
vt 0.523467 0.518163
vt 0.522393 0.518026
vt 0.025038 0.333901
vt 0.024208 0.333941
vt 0.521659 0.517694
vt 0.023234 0.334974
vt 0.519277 0.516853
vt 0.021961 0.335114
vt 0.020936 0.336083
vt 0.519261 0.515734
vt 0.021042 0.334535
vt 0.021042 0.334535
vt 0.021090 0.334991
vt 0.020673 0.338303
vt 0.020673 0.338303
vt 0.020182 0.337157
vt 0.020182 0.337157
vt 0.020182 0.337157
vt 0.030074 0.842107
vt 0.030074 0.842107
vt 0.517482 0.515429
vt 0.019734 0.335938
vt 0.517482 0.515429
vt 0.516172 0.514306
vt 0.516172 0.514306
vt 0.516172 0.514306
vt 0.516172 0.514306
vt 0.516172 0.514306
vt 0.516172 0.514306
vt 0.519003 0.516100
vt 0.020726 0.334680
vt 0.518688 0.516061
vt 0.020547 0.334876
vt 0.518457 0.515745
vt 0.020492 0.335213
vt 0.029884 0.881862
vt 0.029218 0.842325
vt 0.019882 0.336844
vt 0.019882 0.336844
vt 0.030183 0.882130
vt 0.029492 0.842617
vt 0.020000 0.337694
vt 0.029397 0.841946
vt 0.020168 0.337659
vt 0.029565 0.841912
vt 0.020168 0.337659
vt 0.516968 0.515276
vt 0.020168 0.337659
vt 0.516791 0.515138
vt 0.516791 0.515138
vt 0.020085 0.337818
vt 0.514544 0.511430
vt 0.018449 0.337005
vt 0.028778 0.882493
vt 0.029615 0.881271
vt 0.029615 0.881271
vt 0.516409 0.514824
vt 0.516409 0.514824
vt 0.029963 0.881496
vt 0.019807 0.337732
vt 0.516564 0.515205
vt 0.029203 0.841985
vt 0.019865 0.337770
vt 0.019698 0.338083
vt 0.019447 0.337879
vt 0.019447 0.337879
vt 0.028037 0.882038
vt 0.028037 0.882038
vt 0.017596 0.337152
vt 0.028450 0.881572
vt 0.028450 0.881572
vt 0.028450 0.881572
vt 0.028450 0.881572
vt 0.018298 0.337531
vt 0.018298 0.337531
vt 0.018921 0.337967
vt 0.029020 0.881052
vt 0.019120 0.337999
vt 0.029219 0.881084
vt 0.019424 0.338266
vt 0.516055 0.514843
vt 0.019379 0.338432
vt 0.515977 0.514700
vt 0.019143 0.338671
vt 0.515681 0.514701
vt 0.018564 0.338311
vt 0.018564 0.338311
vt 0.515681 0.514701
vt 0.027696 0.881318
vt 0.027696 0.881318
vt 0.027696 0.881318
vt 0.017466 0.338272
vt 0.028655 0.881081
vt 0.018555 0.337996
vt 0.018555 0.337996
vt 0.028655 0.881081
vt 0.017861 0.338192
vt 0.017861 0.338192
vt 0.027933 0.881006
vt 0.515500 0.514405
vt 0.515500 0.514405
vt 0.018456 0.338340
vt 0.019057 0.338739
vt 0.018456 0.338340
vt 0.018715 0.338100
vt 0.018328 0.338507
vt 0.515472 0.514596
vt 0.028480 0.881057
vt 0.028480 0.881057
vt 0.515472 0.514596
vt 0.027453 0.881712
vt 0.017605 0.337828
vt 0.514898 0.513769
vt 0.515089 0.514226
vt 0.018684 0.339001
vt 0.515089 0.514226
vt 0.018605 0.339477
vt 0.514668 0.514067
vt 0.514032 0.513677
vt 0.018065 0.339994
vt 0.510514 0.507816
vt 0.015747 0.343233
vt 0.510840 0.511190
vt 0.504414 0.497098
vt 0.501808 0.490369
vt 0.011318 0.364290
vt 0.504152 0.488986
vt 0.504407 0.480467
vt 0.014861 0.373715
vt 0.507710 0.504582
vt 0.504920 0.500039
vt 0.011832 0.360644
vt 0.011893 0.357122
vt 0.502225 0.497074
vt 0.503464 0.493530
vt 0.010726 0.361490
vt 0.501654 0.493299
vt 0.502407 0.492944
vt 0.502407 0.492944
vt 0.502693 0.489273
vt 0.502693 0.489273
vt 0.503973 0.484596
vt 0.507796 0.474755
vt 0.019138 0.378604
vt 0.514589 0.469946
vt 0.403619 0.445169
vt 0.027920 0.387019
vt 0.509520 0.474351
vt 0.510291 0.471094
vt 0.022335 0.381583
vt 0.510678 0.471729
vt 0.024795 0.383190
vt 0.024795 0.383190
vt 0.512680 0.469235
vt 0.514741 0.468383
vt 0.026078 0.384857
vt 0.026078 0.384857
vt 0.514741 0.468383
vt 0.515194 0.467249
vt 0.515194 0.467249
vt 0.026682 0.384590
vt 0.026682 0.384590
vt 0.514480 0.467770
vt 0.026271 0.385266
vt 0.404138 0.446915
vt 0.026461 0.386059
vt 0.514241 0.467331
vt 0.514263 0.467107
vt 0.026238 0.386049
vt 0.514263 0.467107
vt 0.512611 0.466707
vt 0.511425 0.464677
vt 0.405907 0.446949
vt 0.405749 0.447495
vt 0.512582 0.467124
vt 0.510973 0.465661
vt 0.407895 0.447039
vt 0.407895 0.447039
vt 0.407887 0.446099
vt 0.506963 0.478848
vt 0.505233 0.480967
vt 0.506989 0.477394
vt 0.409182 0.447322
vt 0.409182 0.447322
vt 0.509351 0.465276
vt 0.409544 0.447876
vt 0.410880 0.446910
vt 0.410880 0.446910
vt 0.515040 0.453927
vt 0.413913 0.445357
vt 0.413913 0.445357
vt 0.409300 0.420087
vt 0.507066 0.446048
vt 0.518464 0.443840
vt 0.508097 0.463058
vt 0.410351 0.447334
vt 0.410351 0.447334
vt 0.411156 0.447237
vt 0.508037 0.464419
vt 0.411862 0.446576
vt 0.411862 0.446576
vt 0.507450 0.464160
vt 0.411775 0.447019
vt 0.506631 0.463658
vt 0.412805 0.447133
vt 0.506400 0.463956
vt 0.504435 0.462290
vt 0.504435 0.462290
vt 0.504123 0.460201
vt 0.505739 0.463452
vt 0.413535 0.446868
vt 0.505739 0.463452
vt 0.414289 0.446945
vt 0.505027 0.463117
vt 0.504572 0.462994
vt 0.414760 0.446903
vt 0.416308 0.446100
vt 0.503491 0.461567
vt 0.417485 0.444502
vt 0.417805 0.445476
vt 0.502677 0.459998
vt 0.417805 0.445476
vt 0.501803 0.460098
vt 0.418563 0.445418
vt 0.500713 0.459585
vt 0.419474 0.444885
vt 0.501098 0.459220
vt 0.500620 0.456947
vt 0.420060 0.442857
vt 0.498173 0.459038
vt 0.497807 0.453323
vt 0.497807 0.453323
vt 0.499945 0.457757
vt 0.499945 0.457757
vt 0.499671 0.458036
vt 0.498497 0.456259
vt 0.499111 0.456365
vt 0.499111 0.456365
vt 0.427998 0.436213
vt 0.492698 0.449220
vt 0.496508 0.452431
vt 0.496508 0.452431
vt 0.495812 0.448846
vt 0.495078 0.449697
vt 0.495078 0.449697
vt 0.493927 0.448301
vt 0.494908 0.443891
vt 0.494655 0.446659
vt 0.494655 0.446659
vt 0.493764 0.442158
vt 0.494212 0.443019
vt 0.512926 0.512332
vt 0.510714 0.510344
vt 0.510714 0.510344
vt 0.508451 0.507878
vt 0.508451 0.507878
vt 0.507639 0.507220
vt 0.507639 0.507220
vt 0.508810 0.508452
vt 0.508810 0.508452
vt 0.505772 0.503619
vt 0.505772 0.503619
vt 0.503865 0.500521
vt 0.010747 0.354433
vt 0.503495 0.499521
vt 0.503495 0.499521
vt 0.009912 0.356904
vt 0.501969 0.498173
vt 0.010622 0.358609
vt 0.009595 0.358345
vt 0.008627 0.358982
vt 0.500376 0.495955
vt 0.009280 0.359927
vt 0.499913 0.494849
vt 0.501187 0.495325
vt 0.538656 0.630545
vt 0.543746 0.620409
vt 0.543746 0.620409
vt 0.543746 0.620409
vt 0.543746 0.620409
vt 0.542911 0.621688
vt 0.541041 0.625616
vt 0.540944 0.624056
vt 0.541962 0.621526
vt 0.541962 0.621526
vt 0.029271 0.225589
vt 0.029271 0.225589
vt 0.540135 0.624532
vt 0.540135 0.624532
vt 0.537707 0.624642
vt 0.027901 0.221006
vt 0.540015 0.626275
vt 0.538617 0.628246
vt 0.536000 0.634487
vt 0.022667 0.212791
vt 0.040435 0.213691
vt 0.551902 0.635756
vt 0.537105 0.638758
vt 0.023755 0.203338
vt 0.537176 0.633664
vt 0.536561 0.637189
vt 0.536561 0.637189
vt 0.561812 0.652429
vt 0.538299 0.650081
vt 0.550150 0.644347
vt 0.541809 0.655763
vt 0.541809 0.655763
vt 0.545784 0.661132
vt 0.543660 0.659136
vt 0.544791 0.658949
vt 0.542165 0.657353
vt 0.542165 0.657353
vt 0.543031 0.658693
vt 0.543100 0.659229
vt 0.543100 0.659229
vt 0.544722 0.660682
vt 0.541420 0.657161
vt 0.541420 0.657161
vt 0.543630 0.661321
vt 0.538227 0.654895
vt 0.538227 0.654895
vt 0.023268 0.192718
vt 0.027208 0.189426
vt 0.540529 0.659551
vt 0.537587 0.644174
vt 0.535968 0.648110
vt 0.022575 0.199145
vt 0.021862 0.204012
vt 0.535384 0.643311
vt 0.537232 0.646614
vt 0.537014 0.649623
vt 0.536111 0.645773
vt 0.536077 0.641600
vt 0.536077 0.641600
vt 0.536992 0.643253
vt 0.538376 0.652260
vt 0.538376 0.652260
vt 0.538376 0.652260
vt 0.539170 0.654267
vt 0.024092 0.194939
vt 0.538469 0.652938
vt 0.538469 0.652938
vt 0.538604 0.654284
vt 0.538604 0.654284
vt 0.548673 0.663708
vt 0.546648 0.662714
vt 0.548047 0.661694
vt 0.572910 0.627005
vt 0.565561 0.640014
vt 0.565885 0.635697
vt 0.567684 0.640011
vt 0.564394 0.637901
vt 0.562990 0.633840
vt 0.571634 0.642100
vt 0.566609 0.642761
vt 0.562152 0.636341
vt 0.561726 0.638503
vt 0.563499 0.641737
vt 0.559922 0.637883
vt 0.561385 0.641114
vt 0.559668 0.640089
vt 0.560484 0.642289
vt 0.573850 0.654607
vt 0.573090 0.653533
vt 0.563289 0.644266
vt 0.574178 0.660539
vt 0.575453 0.659040
vt 0.574010 0.663299
vt 0.573533 0.662244
vt 0.573194 0.664384
vt 0.571360 0.656707
vt 0.572496 0.659028
vt 0.570834 0.658258
vt 0.569626 0.658483
vt 0.576774 0.665850
vt 0.571740 0.660601
vt 0.570368 0.659655
vt 0.570368 0.659655
vt 0.570368 0.659655
vt 0.570503 0.660387
vt 0.572350 0.663898
vt 0.571092 0.663184
vt 0.568609 0.662912
vt 0.569382 0.662996
vt 0.563163 0.665173
vt 0.545109 0.619538
vt 0.545109 0.619538
vt 0.030699 0.227416
vt 0.543671 0.619696
vt 0.030699 0.227416
vt 0.029711 0.226889
vt 0.543145 0.620874
vt 0.543145 0.620874
vt 0.029985 0.227601
vt 0.543469 0.620300
vt 0.543469 0.620300
vt 0.577343 0.665795
vt 0.574206 0.666664
vt 0.573856 0.667614
vt 0.572310 0.666260
vt 0.571162 0.666079
vt 0.572854 0.669054
vt 0.569912 0.665895
vt 0.568540 0.666697
vt 0.569193 0.667996
vt 0.570687 0.667767
vt 0.571863 0.670128
vt 0.570220 0.669226
vt 0.029236 0.862680
vt 0.569667 0.670840
vt 0.569667 0.670840
vt 0.569667 0.670840
vt 0.574395 0.671498
vt 0.570951 0.671879
vt 0.570951 0.671879
vt 0.570553 0.671403
vt 0.570553 0.671403
vt 0.978108 0.351545
vt 0.561105 0.671165
vt 0.568813 0.670844
vt 0.969906 0.354328
vt 0.030071 0.861812
vt 0.043738 0.176008
vt 0.040037 0.173332
vt 0.985131 0.351168
vt 0.557775 0.665088
vt 0.560569 0.666729
vt 0.041909 0.178962
vt 0.038390 0.180194
vt 0.558047 0.667381
vt 0.558790 0.670665
vt 0.980700 0.351758
vt 0.557174 0.666716
vt 0.041419 0.178489
vt 0.041419 0.178489
vt 0.557130 0.667000
vt 0.557130 0.667000
vt 0.041629 0.178395
vt 0.041693 0.177596
vt 0.557208 0.667604
vt 0.557249 0.667837
vt 0.041668 0.177287
vt 0.557669 0.668138
vt 0.557335 0.668027
vt 0.041881 0.177109
vt 0.982454 0.352363
vt 0.557327 0.669857
vt 0.557448 0.668169
vt 0.042099 0.176884
vt 0.557448 0.668169
vt 0.556750 0.669393
vt 0.983051 0.352740
vt 0.041575 0.175383
vt 0.983865 0.351498
vt 0.985760 0.348213
vt 0.552348 0.664871
vt 0.554618 0.665757
vt 0.038515 0.179399
vt 0.553493 0.665908
vt 0.553493 0.665908
vt 0.037631 0.179876
vt 0.037631 0.179876
vt 0.036299 0.179682
vt 0.036299 0.179682
vt 0.551824 0.666578
vt 0.036299 0.179682
vt 0.037161 0.179514
vt 0.037161 0.179514
vt 0.552897 0.665888
vt 0.552625 0.666183
vt 0.552625 0.666183
vt 0.036895 0.179349
vt 0.551513 0.665919
vt 0.551513 0.665919
vt 0.040360 0.178574
vt 0.556300 0.666654
vt 0.040360 0.178574
vt 0.040360 0.178574
vt 0.040360 0.178574
vt 0.040522 0.179182
vt 0.040522 0.179182
vt 0.040522 0.179182
vt 0.039631 0.179140
vt 0.039631 0.179140
vt 0.040058 0.179029
vt 0.040058 0.179029
vt 0.040058 0.179029
vt 0.040865 0.178499
vt 0.556644 0.666981
vt 0.040311 0.178796
vt 0.040311 0.178796
vt 0.985330 0.350063
vt 0.985330 0.350063
vt 0.035248 0.160093
vt 0.985173 0.347802
vt 0.986857 0.347990
vt 0.989102 0.345144
vt 0.036088 0.167189
vt 0.988289 0.345012
vt 0.988289 0.345012
vt 0.987965 0.343050
vt 0.988963 0.343320
vt 0.988963 0.343320
vt 0.989794 0.337771
vt 0.989624 0.340551
vt 0.033989 0.162744
vt 0.990569 0.340230
vt 0.967837 0.336157
vt 0.967149 0.335123
vt 0.967757 0.332059
vt 0.965791 0.329971
vt 0.983387 0.329718
vt 0.034644 0.151539
vt 0.037059 0.143725
vt 0.967443 0.328954
vt 0.032748 0.140072
vt 0.984439 0.320397
vt 0.990407 0.333698
vt 0.031344 0.151629
vt 0.990280 0.329522
vt 0.980148 0.312899
vt 0.039191 0.132568
vt 0.040321 0.137064
vt 0.549433 0.665475
vt 0.548283 0.663984
vt 0.548283 0.663984
vt 0.548058 0.666985
vt 0.034694 0.182148
vt 0.990353 0.337953
vt 0.032638 0.156930
vt 0.991373 0.334436
vt 0.032604 0.152814
vt 0.991026 0.333285
vt 0.032254 0.154216
vt 0.991134 0.331730
vt 0.031948 0.152501
vt 0.031948 0.152501
vt 0.033429 0.149055
vt 0.033228 0.148258
vt 0.033689 0.145838
vt 0.035371 0.144271
vt 0.034624 0.144468
vt 0.035963 0.139820
vt 0.035963 0.139820
vt 0.035963 0.139820
vt 0.035963 0.139820
vt 0.036402 0.140762
vt 0.038155 0.137376
vt 0.038155 0.137376
vt 0.037601 0.138300
vt 0.039148 0.137294
vt 0.038591 0.136445
vt 0.038591 0.136445
vt 0.040135 0.133670
vt 0.040135 0.133670
vt 0.040380 0.134840
vt 0.054693 0.128318
vt 0.058256 0.126156
vt 0.058256 0.126156
vt 0.047073 0.130565
vt 0.971584 0.306936
vt 0.050223 0.127775
vt 0.967246 0.305902
vt 0.046449 0.129165
vt 0.975123 0.308394
vt 0.052287 0.128093
vt 0.969950 0.306320
vt 0.051905 0.127168
vt 0.055994 0.126557
vt 0.966098 0.304811
vt 0.966098 0.304811
vt 0.965911 0.304083
vt 0.965911 0.304083
vt 0.055312 0.126182
vt 0.055312 0.126182
vt 0.966920 0.304817
vt 0.966162 0.304336
vt 0.056303 0.125960
vt 0.966162 0.304336
vt 0.966332 0.303775
vt 0.056388 0.125194
vt 0.966181 0.302119
vt 0.966588 0.302921
vt 0.056130 0.124367
vt 0.056130 0.124367
vt 0.053436 0.126332
vt 0.968447 0.305504
vt 0.054041 0.126727
vt 0.054290 0.127478
vt 0.054912 0.123198
vt 0.967704 0.301721
vt 0.968716 0.300046
vt 0.052670 0.120271
vt 0.970347 0.298885
vt 0.969680 0.296904
vt 0.052635 0.113130
vt 0.043158 0.131324
vt 0.978383 0.309926
vt 0.043158 0.131324
vt 0.978383 0.309926
vt 0.051104 0.127973
vt 0.050343 0.128500
vt 0.047129 0.129467
vt 0.043726 0.131509
vt 0.043726 0.131509
vt 0.978334 0.309395
vt 0.041469 0.133192
vt 0.970917 0.297021
vt 0.970917 0.297021
vt 0.050533 0.117400
vt 0.972065 0.295583
vt 0.971525 0.293838
vt 0.050497 0.116430
vt 0.972130 0.294555
vt 0.972276 0.293284
vt 0.972276 0.293284
vt 0.049989 0.113988
vt 0.973444 0.292253
vt 0.972816 0.289141
vt 0.974600 0.286725
vt 0.048100 0.108953
vt 0.972546 0.292038
vt 0.972546 0.292038
vt 0.973519 0.289275
vt 0.973519 0.289275
vt 0.974113 0.284691
vt 0.973706 0.282685
vt 0.036799 0.139236
vt 0.964357 0.280577
vt 0.951409 0.281311
vt 0.049213 0.101653
vt 0.950372 0.281343
vt 0.963560 0.273055
vt 0.050914 0.093797
vt 0.972618 0.269038
vt 0.047448 0.103892
vt 0.974635 0.281365
vt 0.046770 0.101510
vt 0.973946 0.278914
vt 0.972776 0.274636
vt 0.972776 0.274636
vt 0.047596 0.097260
vt 0.963280 0.262213
vt 0.971254 0.271013
vt 0.971579 0.272652
vt 0.967728 0.266280
vt 0.056086 0.087325
vt 0.967226 0.261414
vt 0.965477 0.263571
vt 0.943264 0.254373
vt 0.952050 0.255771
vt 0.069890 0.077986
vt 0.073168 0.077233
vt 0.947433 0.253478
vt 0.947111 0.254064
vt 0.947111 0.254064
vt 0.073460 0.075660
vt 0.956782 0.257797
vt 0.955041 0.256405
vt 0.065996 0.079122
vt 0.955365 0.254697
vt 0.964250 0.261720
vt 0.961244 0.260295
vt 0.958296 0.257734
vt 0.957750 0.257969
vt 0.957750 0.257969
vt 0.956030 0.256539
vt 0.956030 0.256539
vt 0.954768 0.255598
vt 0.954768 0.255598
vt 0.068830 0.077534
vt 0.951509 0.254453
vt 0.951509 0.254453
vt 0.948209 0.254242
vt 0.948561 0.254005
vt 0.071649 0.077153
vt 0.952579 0.255136
vt 0.952579 0.255136
vt 0.947209 0.253538
vt 0.947209 0.253538
vt 0.072655 0.076827
vt 0.072411 0.076092
vt 0.072411 0.076092
vt 0.946494 0.252348
vt 0.072411 0.076092
vt 0.071846 0.074505
vt 0.071707 0.074914
vt 0.071707 0.074914
vt 0.070159 0.073511
vt 0.948331 0.249157
vt 0.070337 0.072678
vt 0.069028 0.069642
vt 0.069194 0.071946
vt 0.067265 0.069514
vt 0.950437 0.244762
vt 0.068497 0.070017
vt 0.068497 0.070017
vt 0.067448 0.067925
vt 0.047682 0.099876
vt 0.047682 0.099876
vt 0.049260 0.094321
vt 0.972194 0.271030
vt 0.972194 0.271030
vt 0.049260 0.094321
vt 0.969232 0.267656
vt 0.969790 0.267532
vt 0.969790 0.267532
vt 0.967247 0.264411
vt 0.967247 0.264411
vt 0.926086 0.237733
vt 0.928618 0.237069
vt 0.941764 0.222953
vt 0.081351 0.056246
vt 0.927750 0.235064
vt 0.929811 0.234407
vt 0.066778 0.066733
vt 0.067379 0.066323
vt 0.065909 0.064744
vt 0.952362 0.235589
vt 0.064085 0.060790
vt 0.943473 0.232596
vt 0.065690 0.051593
vt 0.925108 0.234891
vt 0.928104 0.232787
vt 0.924401 0.233012
vt 0.922465 0.233962
vt 0.923214 0.228793
vt 0.918691 0.219311
vt 0.922462 0.231066
vt 0.925080 0.230426
vt 0.926806 0.230834
vt 0.929227 0.231129
vt 0.926295 0.228268
vt 0.087121 0.039174
vt 0.930240 0.221174
vt 0.084579 0.045281
vt 0.066726 0.065162
vt 0.066726 0.065162
vt 0.066270 0.064549
vt 0.066270 0.064549
vt 0.065726 0.060725
vt 0.065276 0.062350
vt 0.065276 0.062350
vt 0.934837 0.208454
vt 0.938259 0.213145
vt 0.926514 0.206327
vt 0.064592 0.059270
vt 0.064592 0.059270
vt 0.951606 0.227715
vt 0.063939 0.052716
vt 0.064241 0.057758
vt 0.064879 0.057398
vt 0.064879 0.057398
vt 0.064313 0.055711
vt 0.064313 0.055711
vt 0.064604 0.053856
vt 0.064604 0.053856
vt 0.067461 0.045087
vt 0.065421 0.048441
vt 0.065421 0.048441
vt 0.065006 0.047569
vt 0.950280 0.222637
vt 0.067481 0.043353
vt 0.067481 0.043353
vt 0.946758 0.216463
vt 0.067976 0.041154
vt 0.072078 0.038341
vt 0.069505 0.039828
vt 0.069505 0.039828
vt 0.069455 0.038584
vt 0.944557 0.214572
vt 0.070644 0.038347
vt 0.070644 0.038347
vt 0.941946 0.211867
vt 0.072348 0.036159
vt 0.072716 0.036197
vt 0.940006 0.210376
vt 0.940006 0.210376
vt 0.939966 0.209777
vt 0.074521 0.034441
vt 0.079260 0.032807
vt 0.937201 0.208921
vt 0.081334 0.031896
vt 0.081334 0.031896
vt 0.090916 0.031726
vt 0.346813 0.009617
vt 0.082713 0.031229
vt 0.930457 0.206800
vt 0.080926 0.030812
vt 0.080926 0.030812
vt 0.080926 0.030812
vt 0.932968 0.207419
vt 0.085741 0.030851
vt 0.929047 0.205809
vt 0.930300 0.205834
vt 0.083644 0.029989
vt 0.085180 0.029356
vt 0.928756 0.205119
vt 0.935489 0.207898
vt 0.078576 0.032113
vt 0.937376 0.208585
vt 0.076894 0.033023
vt 0.081753 0.030813
vt 0.081753 0.030813
vt 0.082089 0.030375
vt 0.931800 0.206589
vt 0.082089 0.030375
vt 0.083058 0.029913
vt 0.930901 0.205902
vt 0.933772 0.206942
vt 0.079984 0.030967
vt 0.079498 0.031441
vt 0.934403 0.207324
vt 0.080340 0.030903
vt 0.933408 0.206822
vt 0.080340 0.030903
vt 0.328914 0.392668
vt 0.333078 0.391666
vt 0.339607 0.391015
vt 0.336294 0.383161
vt 0.592151 0.429351
vt 0.347036 0.391335
vt 0.340976 0.388112
vt 0.343295 0.386662
vt 0.340202 0.381553
vt 0.347238 0.378333
vt 0.352814 0.383961
vt 0.351455 0.380332
vt 0.336323 0.371195
vt 0.337972 0.373159
vt 0.338669 0.370107
vt 0.339998 0.375826
vt 0.342502 0.374529
vt 0.339766 0.371150
vt 0.340811 0.372641
vt 0.342287 0.369299
vt 0.345685 0.372190
vt 0.343059 0.372011
vt 0.344039 0.369930
vt 0.339037 0.363482
vt 0.341480 0.362521
vt 0.343135 0.361434
vt 0.342400 0.363434
vt 0.344450 0.367053
vt 0.345467 0.364474
vt 0.346315 0.359725
vt 0.348376 0.364283
vt 0.349812 0.370829
vt 0.353683 0.373779
vt 0.361038 0.377969
vt 0.352141 0.361041
vt 0.354464 0.362857
vt 0.369151 0.370034
vt 0.374931 0.405577
vt 0.372417 0.395024
vt 0.563485 0.432521
vt 0.562780 0.424970
vt 0.577873 0.410941
vt 0.594457 0.409050
vt 0.387341 0.394297
vt 0.559664 0.413032
vt 0.568861 0.408499
vt 0.645483 0.040939
vt 0.647251 0.041528
vt 0.649495 0.037774
vt 0.651047 0.038534
vt 0.651047 0.038534
vt 0.345282 0.356704
vt 0.604304 0.405348
vt 0.349066 0.352133
vt 0.590375 0.401068
vt 0.651364 0.039919
vt 0.656594 0.033333
vt 0.655171 0.035132
vt 0.656776 0.031211
vt 0.657728 0.037407
vt 0.663576 0.042714
vt 0.653627 0.016773
vt 0.653840 0.038529
vt 0.657393 0.035996
vt 0.659152 0.034501
vt 0.653589 0.027609
vt 0.660038 0.028528
vt 0.606037 0.387900
vt 0.353244 0.353911
vt 0.662504 0.034350
vt 0.357772 0.348984
vt 0.577578 0.390341
vt 0.593954 0.380720
vt 0.358927 0.337684
vt 0.360661 0.352450
vt 0.587406 0.398649
vt 0.365853 0.346832
vt 0.656017 0.020438
vt 0.656481 0.021712
vt 0.661665 0.023357
vt 0.659586 0.018198
vt 0.657848 0.019886
vt 0.660185 0.019263
vt 0.659899 0.020721
vt 0.661329 0.020135
vt 0.661329 0.020135
vt 0.661961 0.021960
vt 0.663476 0.019566
vt 0.663254 0.017125
vt 0.664561 0.034924
vt 0.657022 0.023154
vt 0.670274 0.026195
vt 0.668173 0.024548
vt 0.674659 0.041850
vt 0.666065 0.015066
vt 0.665302 0.021021
vt 0.666040 0.017533
vt 0.672685 0.032187
vt 0.669962 0.021325
vt 0.666855 0.015723
vt 0.664716 0.032814
vt 0.667552 0.030733
vt 0.666026 0.029330
vt 0.670819 0.031771
vt 0.671883 0.027712
vt 0.670064 0.030942
vt 0.673154 0.029935
vt 0.672822 0.029483
vt 0.675638 0.027326
vt 0.677692 0.028443
vt 0.677692 0.028443
vt 0.680317 0.028854
vt 0.680386 0.038080
vt 0.603425 0.374996
vt 0.362647 0.331021
vt 0.361868 0.325905
vt 0.669892 0.019647
vt 0.365272 0.338164
vt 0.587815 0.371113
vt 0.669589 0.016606
vt 0.667713 0.017727
vt 0.669401 0.015251
vt 0.673088 0.015212
vt 0.364859 0.320365
vt 0.602793 0.368770
vt 0.600976 0.359454
vt 0.596346 0.366601
vt 0.367476 0.326935
vt 0.370720 0.323220
vt 0.368625 0.317623
vt 0.374477 0.319877
vt 0.368209 0.340446
vt 0.571400 0.382566
vt 0.374194 0.336301
vt 0.373376 0.330940
vt 0.385734 0.344200
vt 0.682181 0.039979
vt 0.675113 0.013200
vt 0.674610 0.018081
vt 0.678743 0.014671
vt 0.674010 0.015947
vt 0.677156 0.015930
vt 0.678565 0.013700
vt 0.679272 0.012491
vt 0.678533 0.020182
vt 0.680234 0.025221
vt 0.680351 0.029992
vt 0.687396 0.036032
vt 0.683180 0.011268
vt 0.689092 0.038415
vt 0.683071 0.012353
vt 0.375901 0.326176
vt 0.591274 0.359861
vt 0.577325 0.362241
vt 0.381671 0.318162
vt 0.585987 0.374709
vt 0.381129 0.332953
vt 0.684848 0.013377
vt 0.680787 0.015045
vt 0.393371 0.372601
vt 0.570382 0.401794
vt 0.383869 0.358716
vt 0.383235 0.352563
vt 0.559653 0.409429
vt 0.399050 0.353594
vt 0.680245 0.026674
vt 0.579341 0.370799
vt 0.393925 0.338685
vt 0.682301 0.026984
vt 0.686068 0.027999
vt 0.685637 0.025814
vt 0.685182 0.024599
vt 0.683168 0.019404
vt 0.688497 0.020615
vt 0.688854 0.022960
vt 0.691369 0.026879
vt 0.695268 0.034705
vt 0.685863 0.027021
vt 0.692288 0.025926
vt 0.689766 0.021985
vt 0.690588 0.024828
vt 0.692648 0.023300
vt 0.385677 0.327240
vt 0.691709 0.016404
vt 0.688464 0.015737
vt 0.691914 0.014574
vt 0.691000 0.017376
vt 0.688186 0.018422
vt 0.694227 0.018564
vt 0.696882 0.017857
vt 0.696953 0.014616
vt 0.693391 0.013910
vt 0.696313 0.013901
vt 0.702425 0.013627
vt 0.564997 0.373987
vt 0.696588 0.024352
vt 0.698541 0.026125
vt 0.696168 0.022337
vt 0.700953 0.024803
vt 0.561628 0.433848
vt 0.559225 0.421930
vt 0.544351 0.433490
vt 0.545608 0.437225
vt 0.544144 0.440810
vt 0.393125 0.406831
vt 0.540504 0.432669
vt 0.394650 0.385391
vt 0.557251 0.410494
vt 0.558196 0.404613
vt 0.544079 0.413980
vt 0.529912 0.400810
vt 0.540556 0.441598
vt 0.542410 0.438847
vt 0.543515 0.436276
vt 0.539333 0.438208
vt 0.539605 0.435881
vt 0.538350 0.440203
vt 0.537569 0.436055
vt 0.532771 0.435920
vt 0.541603 0.434262
vt 0.539309 0.433619
vt 0.534147 0.433688
vt 0.532926 0.424015
vt 0.526583 0.439937
vt 0.523157 0.444948
vt 0.524916 0.441853
vt 0.407490 0.411154
vt 0.524324 0.438588
vt 0.523139 0.440237
vt 0.531455 0.427222
vt 0.523309 0.436561
vt 0.508098 0.428697
vt 0.418007 0.402933
vt 0.530911 0.411724
vt 0.529477 0.416948
vt 0.511237 0.417516
vt 0.528823 0.413331
vt 0.528518 0.410095
vt 0.527433 0.404272
vt 0.519476 0.414658
vt 0.512712 0.407787
vt 0.555309 0.399355
vt 0.557198 0.392833
vt 0.554381 0.392765
vt 0.554940 0.383391
vt 0.412821 0.368774
vt 0.548069 0.389809
vt 0.551441 0.387541
vt 0.547944 0.387549
vt 0.549875 0.384674
vt 0.551753 0.384209
vt 0.545281 0.388580
vt 0.700873 0.013062
vt 0.701860 0.017787
vt 0.393444 0.323570
vt 0.391329 0.321729
vt 0.407196 0.334961
vt 0.559770 0.363065
vt 0.573047 0.355767
vt 0.562711 0.357184
vt 0.552167 0.379112
vt 0.545459 0.385457
vt 0.543873 0.385335
vt 0.544942 0.381379
vt 0.420375 0.361353
vt 0.553561 0.375594
vt 0.551928 0.365232
vt 0.420375 0.350359
vt 0.550480 0.370494
vt 0.556618 0.361792
vt 0.551283 0.358915
vt 0.549804 0.364032
vt 0.548907 0.355065
vt 0.550759 0.355669
vt 0.549080 0.380710
vt 0.546691 0.383179
vt 0.526021 0.381127
vt 0.534480 0.363469
vt 0.527640 0.391696
vt 0.438578 0.387115
vt 0.525846 0.396360
vt 0.436526 0.377064
vt 0.524520 0.385685
vt 0.516649 0.391221
vt 0.523227 0.376367
vt 0.516099 0.386560
vt 0.524565 0.373375
vt 0.438070 0.353067
vt 0.445912 0.344223
vt 0.521578 0.365818
vt 0.522743 0.359764
vt 0.522440 0.353524
vt 0.521152 0.362703
vt 0.520810 0.359135
vt 0.497241 0.369170
vt 0.369254 0.314555
vt 0.585882 0.357896
vt 0.600447 0.355436
vt 0.370820 0.315451
vt 0.692958 0.037491
vt 0.693667 0.038891
vt 0.688474 0.010023
vt 0.692748 0.008782
vt 0.697435 0.039110
vt 0.696437 0.038580
vt 0.698922 0.036727
vt 0.702815 0.037544
vt 0.702687 0.042458
vt 0.699974 0.010900
vt 0.706861 0.035933
vt 0.697635 0.019456
vt 0.702411 0.038551
vt 0.700418 0.020468
vt 0.702321 0.023233
vt 0.705517 0.022141
vt 0.706754 0.025549
vt 0.705194 0.023620
vt 0.707911 0.024446
vt 0.707457 0.023926
vt 0.368578 0.312160
vt 0.370210 0.311401
vt 0.369874 0.313024
vt 0.372854 0.310680
vt 0.369559 0.309896
vt 0.378108 0.309186
vt 0.375106 0.312115
vt 0.376006 0.314104
vt 0.376523 0.312058
vt 0.379485 0.301257
vt 0.378627 0.313247
vt 0.383867 0.301954
vt 0.707628 0.068236
vt 0.584786 0.339509
vt 0.383107 0.294161
vt 0.383799 0.309271
vt 0.387802 0.293433
vt 0.715664 0.074886
vt 0.390886 0.297097
vt 0.387071 0.302870
vt 0.380526 0.314998
vt 0.387276 0.314988
vt 0.579084 0.350056
vt 0.388423 0.309648
vt 0.393737 0.307642
vt 0.392239 0.303011
vt 0.573830 0.345727
vt 0.713004 0.057318
vt 0.394338 0.303838
vt 0.396711 0.290775
vt 0.400567 0.299827
vt 0.395026 0.282550
vt 0.395803 0.275106
vt 0.399238 0.281664
vt 0.399248 0.273777
vt 0.414786 0.282028
vt 0.411360 0.296267
vt 0.422298 0.293197
vt 0.706694 0.012286
vt 0.705828 0.038029
vt 0.707097 0.037090
vt 0.708628 0.038105
vt 0.710110 0.037400
vt 0.567981 0.352862
vt 0.713580 0.048521
vt 0.396242 0.315247
vt 0.721835 0.048767
vt 0.398348 0.310220
vt 0.400396 0.308657
vt 0.720535 0.057728
vt 0.711710 0.012630
vt 0.713578 0.008634
vt 0.714365 0.041841
vt 0.712747 0.037648
vt 0.708915 0.022179
vt 0.718852 0.025909
vt 0.718393 0.035927
vt 0.716475 0.044620
vt 0.716839 0.011896
vt 0.711979 0.011999
vt 0.716152 0.037949
vt 0.563306 0.355122
vt 0.563306 0.355122
vt 0.716986 0.012960
vt 0.716520 0.044904
vt 0.563361 0.354053
vt 0.717304 0.011819
vt 0.718190 0.045309
vt 0.563241 0.354298
vt 0.717233 0.012116
vt 0.559634 0.354419
vt 0.563090 0.354432
vt 0.717219 0.012449
vt 0.719844 0.013357
vt 0.560904 0.353246
vt 0.718194 0.044936
vt 0.560221 0.353355
vt 0.419858 0.325772
vt 0.717282 0.042718
vt 0.721165 0.045314
vt 0.720706 0.045039
vt 0.720706 0.045039
vt 0.417041 0.316494
vt 0.724076 0.044991
vt 0.725098 0.045319
vt 0.712259 0.036205
vt 0.714908 0.037002
vt 0.719289 0.036906
vt 0.721210 0.037965
vt 0.719569 0.039424
vt 0.723254 0.037746
vt 0.727152 0.036652
vt 0.727327 0.037614
vt 0.726058 0.039018
vt 0.729309 0.057796
vt 0.416189 0.307234
vt 0.737860 0.057372
vt 0.731622 0.046244
vt 0.730000 0.051383
vt 0.431150 0.303309
vt 0.749130 0.057741
vt 0.399882 0.271151
vt 0.403741 0.270379
vt 0.401747 0.268735
vt 0.735163 0.091747
vt 0.407844 0.264710
vt 0.412722 0.254589
vt 0.423756 0.270294
vt 0.741878 0.074362
vt 0.427200 0.280262
vt 0.752299 0.078783
vt 0.749727 0.076531
vt 0.431610 0.263849
vt 0.759183 0.086834
vt 0.766666 0.093490
vt 0.435818 0.259082
vt 0.433148 0.249430
vt 0.780294 0.094015
vt 0.431123 0.288095
vt 0.754818 0.064478
vt 0.440190 0.289656
vt 0.757868 0.068099
vt 0.760095 0.070345
vt 0.450573 0.274528
vt 0.766594 0.076881
vt 0.447288 0.283742
vt 0.773610 0.085513
vt 0.452412 0.267397
vt 0.768757 0.076633
vt 0.778221 0.077870
vt 0.775524 0.080462
vt 0.776404 0.084004
vt 0.783005 0.093486
vt 0.778190 0.083047
vt 0.712043 0.023152
vt 0.714530 0.024605
vt 0.715394 0.024168
vt 0.716468 0.021845
vt 0.721940 0.023370
vt 0.723900 0.025213
vt 0.555552 0.350663
vt 0.556874 0.350846
vt 0.725191 0.013818
vt 0.726392 0.017951
vt 0.549740 0.347220
vt 0.728645 0.020332
vt 0.731706 0.023019
vt 0.728346 0.023925
vt 0.729118 0.039164
vt 0.729123 0.026727
vt 0.729725 0.025779
vt 0.735193 0.037903
vt 0.734006 0.025642
vt 0.737236 0.027545
vt 0.739749 0.026780
vt 0.728014 0.045132
vt 0.731282 0.015236
vt 0.552180 0.347989
vt 0.731897 0.045537
vt 0.731897 0.045537
vt 0.547741 0.345844
vt 0.736420 0.016590
vt 0.547741 0.345844
vt 0.735239 0.016677
vt 0.548853 0.346069
vt 0.735239 0.016677
vt 0.740966 0.018161
vt 0.740966 0.018161
vt 0.730715 0.042718
vt 0.738948 0.047803
vt 0.735002 0.046609
vt 0.732426 0.038933
vt 0.734497 0.040672
vt 0.735486 0.039249
vt 0.738898 0.040023
vt 0.741318 0.039933
vt 0.747584 0.039515
vt 0.742892 0.051368
vt 0.736268 0.045726
vt 0.736268 0.045726
vt 0.741453 0.045552
vt 0.741453 0.045552
vt 0.743558 0.047397
vt 0.745218 0.045839
vt 0.745218 0.045839
vt 0.442277 0.317034
vt 0.741822 0.040766
vt 0.744479 0.040321
vt 0.742937 0.043055
vt 0.748333 0.054049
vt 0.753201 0.048941
vt 0.747007 0.045827
vt 0.747007 0.045827
vt 0.540547 0.347161
vt 0.541447 0.340576
vt 0.744807 0.018431
vt 0.439811 0.323124
vt 0.530656 0.337461
vt 0.741733 0.026247
vt 0.753787 0.029921
vt 0.747985 0.026945
vt 0.748409 0.019822
vt 0.751993 0.024358
vt 0.748497 0.046094
vt 0.748497 0.046094
vt 0.749584 0.046077
vt 0.749584 0.046077
vt 0.746312 0.042901
vt 0.748625 0.040739
vt 0.748511 0.043134
vt 0.748371 0.045588
vt 0.750750 0.045886
vt 0.752674 0.042789
vt 0.537406 0.337331
vt 0.750020 0.019608
vt 0.534869 0.335729
vt 0.752936 0.020476
vt 0.754253 0.021327
vt 0.764157 0.037924
vt 0.757133 0.041357
vt 0.441954 0.331476
vt 0.529653 0.339673
vt 0.525686 0.340339
vt 0.525958 0.338224
vt 0.459680 0.336605
vt 0.752833 0.028711
vt 0.531747 0.333661
vt 0.756525 0.021472
vt 0.758579 0.022621
vt 0.529524 0.332694
vt 0.757034 0.022078
vt 0.755288 0.023847
vt 0.758985 0.023191
vt 0.758985 0.023191
vt 0.528412 0.336469
vt 0.757449 0.028078
vt 0.756010 0.026928
vt 0.524548 0.337123
vt 0.527288 0.333501
vt 0.523602 0.338974
vt 0.524280 0.334903
vt 0.522505 0.336714
vt 0.760404 0.028795
vt 0.761480 0.029226
vt 0.519409 0.347197
vt 0.520904 0.344781
vt 0.519735 0.335834
vt 0.518077 0.335619
vt 0.756214 0.046420
vt 0.755206 0.045961
vt 0.465267 0.316959
vt 0.441581 0.299314
vt 0.759406 0.046220
vt 0.756766 0.044169
vt 0.766343 0.050808
vt 0.765426 0.046805
vt 0.764317 0.044897
vt 0.459680 0.305803
vt 0.752244 0.057836
vt 0.757771 0.064357
vt 0.751735 0.055221
vt 0.762778 0.069611
vt 0.763587 0.058840
vt 0.776817 0.060397
vt 0.759991 0.043694
vt 0.764800 0.040917
vt 0.763733 0.042459
vt 0.760536 0.044720
vt 0.763893 0.056578
vt 0.798899 0.071501
vt 0.782017 0.078449
vt 0.778590 0.080590
vt 0.781178 0.080003
vt 0.465272 0.300244
vt 0.476050 0.295535
vt 0.788692 0.059042
vt 0.793400 0.064696
vt 0.475435 0.285013
vt 0.759285 0.023006
vt 0.528714 0.332030
vt 0.527838 0.331906
vt 0.526479 0.330076
vt 0.762014 0.022454
vt 0.761467 0.022910
vt 0.761467 0.022910
vt 0.524556 0.331802
vt 0.523109 0.333423
vt 0.766472 0.023345
vt 0.522323 0.327371
vt 0.518826 0.328666
vt 0.761988 0.027315
vt 0.757889 0.025220
vt 0.764854 0.025952
vt 0.763697 0.023343
vt 0.763697 0.023343
vt 0.763664 0.028308
vt 0.766146 0.027828
vt 0.764647 0.028931
vt 0.767835 0.030620
vt 0.767547 0.023795
vt 0.770190 0.023770
vt 0.518727 0.325049
vt 0.770190 0.023770
vt 0.460681 0.329628
vt 0.510335 0.339755
vt 0.509381 0.335615
vt 0.517124 0.326402
vt 0.767456 0.029070
vt 0.771533 0.024363
vt 0.769575 0.026029
vt 0.768706 0.027062
vt 0.771503 0.027711
vt 0.770859 0.028597
vt 0.775506 0.028657
vt 0.513112 0.326171
vt 0.498957 0.330617
vt 0.771516 0.023825
vt 0.772436 0.023121
vt 0.516761 0.323281
vt 0.773187 0.023473
vt 0.516112 0.322719
vt 0.773541 0.023926
vt 0.515493 0.321988
vt 0.515628 0.322750
vt 0.515906 0.323032
vt 0.515694 0.323059
vt 0.515694 0.323059
vt 0.515452 0.323025
vt 0.515452 0.323025
vt 0.514869 0.322634
vt 0.514869 0.322634
vt 0.514824 0.321610
vt 0.774024 0.024430
vt 0.514306 0.322354
vt 0.512975 0.323265
vt 0.512975 0.323265
vt 0.513757 0.322803
vt 0.513757 0.322803
vt 0.513652 0.321560
vt 0.512817 0.322958
vt 0.512817 0.322958
vt 0.471869 0.327302
vt 0.508318 0.323643
vt 0.508318 0.323643
vt 0.510630 0.324115
vt 0.510808 0.323558
vt 0.776730 0.024331
vt 0.512576 0.323636
vt 0.512576 0.323636
vt 0.775138 0.025197
vt 0.511832 0.322322
vt 0.512375 0.322182
vt 0.777567 0.027809
vt 0.009395 0.902347
vt 0.774113 0.026521
vt 0.512077 0.320858
vt 0.776118 0.024884
vt 0.774111 0.030263
vt 0.509250 0.318448
vt 0.780494 0.027731
vt 0.779335 0.028052
vt 0.779335 0.028052
vt 0.508556 0.321899
vt 0.502050 0.318737
vt 0.507319 0.321560
vt 0.505356 0.320262
vt 0.508215 0.319756
vt 0.507077 0.318590
vt 0.764937 0.043845
vt 0.766676 0.041759
vt 0.776986 0.039414
vt 0.772762 0.047331
vt 0.772762 0.047331
vt 0.768455 0.044127
vt 0.768899 0.045477
vt 0.771822 0.045509
vt 0.772851 0.042703
vt 0.771689 0.044185
vt 0.771760 0.041658
vt 0.777493 0.050261
vt 0.773630 0.044772
vt 0.775439 0.035713
vt 0.775871 0.046776
vt 0.008627 0.699037
vt 0.777258 0.045692
vt 0.777447 0.042886
vt 0.780026 0.041966
vt 0.786053 0.044434
vt 0.512397 0.316883
vt 0.778961 0.030885
vt 0.779582 0.036624
vt 0.778157 0.036182
vt 0.779294 0.034647
vt 0.777075 0.037248
vt 0.779111 0.038147
vt 0.777436 0.034150
vt 0.778497 0.039482
vt 0.780240 0.040040
vt 0.778950 0.031960
vt 0.781378 0.040862
vt 0.510725 0.316832
vt 0.780423 0.029948
vt 0.780752 0.034343
vt 0.781635 0.031637
vt 0.780058 0.031300
vt 0.783081 0.032745
vt 0.782620 0.034054
vt 0.782521 0.030419
vt 0.016128 0.772473
vt 0.510611 0.313639
vt 0.507371 0.317698
vt 0.509295 0.313242
vt 0.783888 0.053215
vt 0.776727 0.048528
vt 0.778143 0.049352
vt 0.778143 0.049352
vt 0.777581 0.048473
vt 0.777581 0.048473
vt 0.777581 0.048473
vt 0.009094 0.701642
vt 0.777725 0.048298
vt 0.009222 0.751223
vt 0.009404 0.751591
vt 0.009140 0.751808
vt 0.009140 0.751808
vt 0.009140 0.751808
vt 0.009230 0.750199
vt 0.008627 0.752262
vt 0.011142 0.750286
vt 0.778521 0.048766
vt 0.010062 0.701167
vt 0.012466 0.703332
vt 0.781169 0.050083
vt 0.012575 0.702587
vt 0.780964 0.049408
vt 0.013146 0.701083
vt 0.781777 0.047739
vt 0.011592 0.751066
vt 0.013363 0.750746
vt 0.782325 0.049211
vt 0.012155 0.749503
vt 0.012583 0.752093
vt 0.012155 0.749503
vt 0.012797 0.753153
vt 0.011521 0.748551
vt 0.013095 0.750384
vt 0.013095 0.750384
vt 0.013095 0.750384
vt 0.009457 0.749023
vt 0.009884 0.752798
vt 0.010491 0.752487
vt 0.011521 0.751652
vt 0.011900 0.753132
vt 0.011015 0.747812
vt 0.012779 0.749644
vt 0.012779 0.749644
vt 0.012340 0.751481
vt 0.781870 0.049450
vt 0.012908 0.750985
vt 0.013412 0.703714
vt 0.012908 0.750985
vt 0.013771 0.703455
vt 0.013136 0.750031
vt 0.013005 0.751402
vt 0.016498 0.704450
vt 0.015604 0.750299
vt 0.016659 0.702564
vt 0.019287 0.702247
vt 0.787074 0.054052
vt 0.018153 0.751189
vt 0.787115 0.049654
vt 0.782667 0.045639
vt 0.014036 0.698984
vt 0.781873 0.044411
vt 0.787120 0.045391
vt 0.785988 0.047637
vt 0.793434 0.061828
vt 0.803335 0.047101
vt 0.780969 0.038913
vt 0.783322 0.040982
vt 0.008627 0.778544
vt 0.782689 0.039026
vt 0.010480 0.771902
vt 0.785175 0.034341
vt 0.009974 0.773970
vt 0.784669 0.036409
vt 0.783128 0.035273
vt 0.014194 0.777342
vt 0.785855 0.036381
vt 0.011211 0.777484
vt 0.011712 0.774565
vt 0.009932 0.775727
vt 0.784627 0.038165
vt 0.019636 0.703968
vt 0.018298 0.750456
vt 0.784577 0.042435
vt 0.785585 0.040843
vt 0.010890 0.778405
vt 0.010890 0.778405
vt 0.785585 0.040843
vt 0.787259 0.041505
vt 0.012500 0.778059
vt 0.013020 0.779077
vt 0.785906 0.038522
vt 0.786672 0.040013
vt 0.788213 0.047183
vt 0.019582 0.700528
vt 0.790370 0.046009
vt 0.021739 0.699354
vt 0.789802 0.045021
vt 0.021170 0.698366
vt 0.789754 0.042262
vt 0.791394 0.042990
vt 0.022763 0.696334
vt 0.022561 0.700927
vt 0.025138 0.701322
vt 0.011752 0.771944
vt 0.785260 0.033389
vt 0.010565 0.770951
vt 0.012726 0.771422
vt 0.785685 0.032846
vt 0.010990 0.770407
vt 0.015098 0.773416
vt 0.510207 0.312415
vt 0.014306 0.771804
vt 0.783901 0.032115
vt 0.013467 0.773534
vt 0.510240 0.311251
vt 0.014723 0.774737
vt 0.786137 0.033705
vt 0.509566 0.311637
vt 0.510042 0.310345
vt 0.786955 0.034356
vt 0.506931 0.310336
vt 0.505906 0.310255
vt 0.028383 0.725098
vt 0.505475 0.313615
vt 0.789156 0.034564
vt 0.508569 0.308990
vt 0.786970 0.036057
vt 0.787045 0.037492
vt 0.788912 0.037733
vt 0.788006 0.039831
vt 0.790644 0.040210
vt 0.789640 0.035275
vt 0.791460 0.036662
vt 0.792437 0.036582
vt 0.505692 0.306948
vt 0.791327 0.038629
vt 0.792185 0.041135
vt 0.023554 0.694479
vt 0.026305 0.695197
vt 0.024507 0.697568
vt 0.794207 0.037475
vt 0.026659 0.722372
vt 0.025576 0.690820
vt 0.793399 0.037917
vt 0.024024 0.721705
vt 0.027894 0.691931
vt 0.022316 0.750401
vt 0.791278 0.048865
vt 0.021133 0.750037
vt 0.027921 0.702477
vt 0.022647 0.703908
vt 0.028793 0.700689
vt 0.022241 0.748750
vt 0.028793 0.700689
vt 0.027311 0.700452
vt 0.024797 0.698446
vt 0.022619 0.748311
vt 0.029301 0.700317
vt 0.791581 0.046775
vt 0.793136 0.044219
vt 0.029915 0.696693
vt 0.009062 0.822101
vt 0.030298 0.698788
vt 0.009445 0.824196
vt 0.009445 0.824196
vt 0.791861 0.045125
vt 0.009133 0.824438
vt 0.009133 0.824438
vt 0.009133 0.824438
vt 0.008749 0.824657
vt 0.029602 0.699249
vt 0.008749 0.824657
vt 0.029602 0.699249
vt 0.028386 0.699483
vt 0.027078 0.698429
vt 0.026617 0.696048
vt 0.792667 0.042960
vt 0.010383 0.822016
vt 0.011019 0.821067
vt 0.018691 0.723816
vt 0.792564 0.041824
vt 0.019494 0.723042
vt 0.010056 0.820281
vt 0.521238 0.445260
vt 0.520947 0.442587
vt 0.519045 0.440995
vt 0.519753 0.439052
vt 0.521349 0.438078
vt 0.519902 0.436102
vt 0.517617 0.438377
vt 0.517155 0.441352
vt 0.506969 0.437548
vt 0.419130 0.418264
vt 0.434182 0.419256
vt 0.433152 0.428260
vt 0.492145 0.438856
vt 0.494433 0.439318
vt 0.433456 0.412046
vt 0.435465 0.411072
vt 0.500947 0.422996
vt 0.432963 0.408034
vt 0.431251 0.404794
vt 0.434072 0.402328
vt 0.506351 0.417586
vt 0.505096 0.418071
vt 0.432334 0.405130
vt 0.433863 0.409652
vt 0.435019 0.411684
vt 0.435019 0.411684
vt 0.432637 0.404203
vt 0.505127 0.417196
vt 0.505194 0.416914
vt 0.505194 0.416914
vt 0.504937 0.416654
vt 0.433114 0.403906
vt 0.504937 0.416654
vt 0.504937 0.416654
vt 0.500778 0.415766
vt 0.437192 0.403682
vt 0.503355 0.415849
vt 0.502973 0.414173
vt 0.500757 0.415161
vt 0.500757 0.415161
vt 0.443779 0.401640
vt 0.493611 0.437424
vt 0.493611 0.437424
vt 0.494494 0.436535
vt 0.494494 0.436535
vt 0.494169 0.434168
vt 0.494169 0.434168
vt 0.435411 0.424204
vt 0.435411 0.424204
vt 0.435785 0.422141
vt 0.435785 0.422141
vt 0.495104 0.433665
vt 0.495104 0.433665
vt 0.436385 0.423731
vt 0.436870 0.420443
vt 0.495846 0.430696
vt 0.436870 0.420443
vt 0.434954 0.414354
vt 0.435633 0.419305
vt 0.435633 0.419305
vt 0.435260 0.416409
vt 0.435819 0.416219
vt 0.498758 0.413119
vt 0.498302 0.413666
vt 0.493681 0.409161
vt 0.446845 0.402455
vt 0.493681 0.409161
vt 0.495374 0.411895
vt 0.443616 0.402694
vt 0.491531 0.406811
vt 0.449781 0.401067
vt 0.505823 0.398675
vt 0.445106 0.401959
vt 0.445106 0.401959
vt 0.448048 0.400764
vt 0.448048 0.400764
vt 0.451173 0.399127
vt 0.451173 0.399127
vt 0.450563 0.398322
vt 0.453130 0.398953
vt 0.489261 0.403743
vt 0.489261 0.403743
vt 0.495321 0.394518
vt 0.454640 0.396360
vt 0.486808 0.401634
vt 0.487793 0.401039
vt 0.487793 0.401039
vt 0.515075 0.393575
vt 0.512511 0.394674
vt 0.512318 0.392558
vt 0.509671 0.393047
vt 0.514457 0.390219
vt 0.516019 0.387921
vt 0.514463 0.388648
vt 0.510337 0.390421
vt 0.511947 0.388051
vt 0.502190 0.380921
vt 0.513497 0.385632
vt 0.451962 0.371816
vt 0.510070 0.386237
vt 0.508557 0.389482
vt 0.484580 0.393495
vt 0.459368 0.389620
vt 0.511184 0.361265
vt 0.503063 0.349671
vt 0.494892 0.355469
vt 0.457980 0.360450
vt 0.500909 0.366104
vt 0.458719 0.357926
vt 0.492561 0.370662
vt 0.461709 0.366532
vt 0.498816 0.366085
vt 0.498816 0.366085
vt 0.498816 0.366085
vt 0.496258 0.368045
vt 0.459673 0.362430
vt 0.497696 0.366764
vt 0.459124 0.360423
vt 0.497696 0.366764
vt 0.497696 0.366764
vt 0.496604 0.368448
vt 0.497259 0.366598
vt 0.459756 0.359730
vt 0.497514 0.366171
vt 0.461768 0.359181
vt 0.496873 0.365609
vt 0.496873 0.365609
vt 0.460965 0.359964
vt 0.496401 0.365997
vt 0.465479 0.357833
vt 0.495656 0.364833
vt 0.462256 0.359735
vt 0.495656 0.364833
vt 0.495656 0.364833
vt 0.464035 0.358900
vt 0.464035 0.358900
vt 0.501092 0.363754
vt 0.464508 0.360073
vt 0.494026 0.363444
vt 0.469439 0.356653
vt 0.486136 0.392497
vt 0.487133 0.398233
vt 0.485921 0.396877
vt 0.486589 0.397098
vt 0.485478 0.391917
vt 0.461203 0.375865
vt 0.461378 0.383428
vt 0.485993 0.386348
vt 0.487052 0.382031
vt 0.485142 0.385358
vt 0.462709 0.382513
vt 0.490745 0.375364
vt 0.486621 0.380426
vt 0.463266 0.377633
vt 0.463144 0.374963
vt 0.487665 0.377937
vt 0.488784 0.375813
vt 0.462824 0.372726
vt 0.488850 0.377207
vt 0.492653 0.371375
vt 0.490142 0.374537
vt 0.466420 0.358425
vt 0.466255 0.359249
vt 0.471743 0.359294
vt 0.488451 0.359307
vt 0.467272 0.358615
vt 0.466904 0.358216
vt 0.467959 0.358021
vt 0.469274 0.358887
vt 0.468924 0.358460
vt 0.468734 0.357556
vt 0.469770 0.357931
vt 0.469954 0.358187
vt 0.470635 0.357243
vt 0.471578 0.358356
vt 0.472475 0.355995
vt 0.471558 0.357690
vt 0.471558 0.357690
vt 0.473588 0.357281
vt 0.472946 0.357141
vt 0.472946 0.357141
vt 0.473494 0.356055
vt 0.474019 0.356654
vt 0.474019 0.356654
vt 0.475296 0.355826
vt 0.475296 0.355826
vt 0.476735 0.356230
vt 0.484226 0.355452
vt 0.479896 0.348143
vt 0.484790 0.344830
vt 0.476324 0.354357
vt 0.476703 0.355074
vt 0.476703 0.355074
vt 0.478298 0.354700
vt 0.482225 0.354667
vt 0.481405 0.351489
vt 0.478300 0.353307
vt 0.480087 0.353479
vt 0.480087 0.353479
vt 0.481009 0.351070
vt 0.481009 0.351070
vt 0.480595 0.349150
vt 0.481589 0.346560
vt 0.481229 0.349675
vt 0.481229 0.349675
vt 0.481700 0.349670
vt 0.481622 0.349233
vt 0.481845 0.348382
vt 0.481480 0.348946
vt 0.481480 0.348946
vt 0.481644 0.348039
vt 0.508254 0.342832
vt 0.508217 0.340239
vt 0.508227 0.338320
vt 0.506464 0.340410
vt 0.504770 0.342825
vt 0.502833 0.340337
vt 0.504237 0.339978
vt 0.504773 0.337204
vt 0.506472 0.336298
vt 0.504385 0.338187
vt 0.503278 0.336890
vt 0.505832 0.333980
vt 0.503879 0.318913
vt 0.503879 0.318913
vt 0.505731 0.318015
vt 0.503548 0.316134
vt 0.494234 0.324726
vt 0.480931 0.339105
vt 0.485346 0.328847
vt 0.502168 0.317216
vt 0.502168 0.317216
vt 0.500768 0.315856
vt 0.500768 0.315856
vt 0.501959 0.316167
vt 0.483702 0.316030
vt 0.483702 0.316030
vt 0.497281 0.313234
vt 0.019758 0.728078
vt 0.499848 0.314209
vt 0.501517 0.312180
vt 0.023994 0.727024
vt 0.019919 0.727415
vt 0.497441 0.312572
vt 0.020882 0.726769
vt 0.498405 0.311926
vt 0.012948 0.730399
vt 0.490471 0.315556
vt 0.797729 0.035528
vt 0.011503 0.727831
vt 0.793574 0.041312
vt 0.017754 0.724148
vt 0.484669 0.319594
vt 0.485781 0.313408
vt 0.485781 0.313408
vt 0.486150 0.315715
vt 0.008627 0.730558
vt 0.009250 0.729205
vt 0.798565 0.033481
vt 0.008847 0.729806
vt 0.486370 0.314963
vt 0.798531 0.032850
vt 0.798531 0.032850
vt 0.484879 0.321806
vt 0.485889 0.321528
vt 0.485076 0.318888
vt 0.486666 0.317879
vt 0.485716 0.317354
vt 0.485716 0.317354
vt 0.485483 0.315725
vt 0.485483 0.315725
vt 0.485344 0.320264
vt 0.483063 0.326316
vt 0.485897 0.324455
vt 0.484827 0.325210
vt 0.485609 0.322798
vt 0.485061 0.326393
vt 0.798660 0.032564
vt 0.486069 0.314845
vt 0.485034 0.314758
vt 0.485034 0.314758
vt 0.485034 0.314758
vt 0.485804 0.314550
vt 0.799483 0.032268
vt 0.799490 0.032574
vt 0.799490 0.032574
vt 0.802967 0.033686
vt 0.802967 0.033686
vt 0.800352 0.032475
vt 0.800352 0.032475
vt 0.486567 0.314447
vt 0.486980 0.314418
vt 0.800768 0.032370
vt 0.800768 0.032370
vt 0.801352 0.032430
vt 0.487371 0.314018
vt 0.801352 0.032430
vt 0.801352 0.032430
vt 0.802891 0.032219
vt 0.802856 0.031757
vt 0.488873 0.313712
vt 0.494367 0.312096
vt 0.808768 0.031355
vt 0.806904 0.032513
vt 0.806426 0.031912
vt 0.809857 0.032211
vt 0.507330 0.317027
vt 0.504152 0.314605
vt 0.025098 0.725276
vt 0.502621 0.310433
vt 0.505178 0.308387
vt 0.793845 0.036406
vt 0.027655 0.723230
vt 0.504065 0.313300
vt 0.502400 0.311969
vt 0.024878 0.726812
vt 0.023678 0.724470
vt 0.020275 0.724234
vt 0.021622 0.725113
vt 0.021376 0.723354
vt 0.008627 0.818745
vt 0.029480 0.693337
vt 0.021184 0.721976
vt 0.029553 0.692064
vt 0.022386 0.722271
vt 0.484918 0.337197
vt 0.482694 0.338768
vt 0.482380 0.345870
vt 0.482968 0.343369
vt 0.483127 0.340854
vt 0.482535 0.332416
vt 0.483523 0.336082
vt 0.484160 0.335913
vt 0.482554 0.343780
vt 0.483651 0.332764
vt 0.484518 0.331108
vt 0.484318 0.328241
vt 0.335611 0.370127
vt 0.336489 0.368042
vt 0.339364 0.367400
vt 0.338816 0.365066
vt 0.341912 0.365205
vt 0.672552 0.017256
vt 0.679786 0.018200
vt 0.680939 0.016949
vt 0.686133 0.014949
vt 0.684472 0.016772
vt 0.696645 0.019911
vt 0.710255 0.042669
vt 0.708894 0.009796
vt 0.721153 0.041606
vt 0.723115 0.041552
vt 0.722592 0.038892
vt 0.735902 0.042935
vt 0.740426 0.023738
vt 0.748438 0.025121
vt 0.746002 0.044425
vt 0.771630 0.026305
vt 0.008627 0.901674
vt 0.008627 0.901674
vt 0.773345 0.025848
vt 0.512337 0.321277
vt 0.009831 0.902128
vt 0.009831 0.902128
vt 0.512337 0.321277
vt 0.513753 0.320877
vt 0.774799 0.025254
vt 0.010081 0.901080
vt 0.513147 0.321274
vt 0.010488 0.901528
vt 0.780273 0.037406
vt 0.780930 0.035004
vt 0.014596 0.701354
vt 0.783227 0.048009
vt 0.017290 0.701401
vt 0.785921 0.048057
vt 0.781433 0.037713
vt 0.787608 0.048304
vt 0.018977 0.701648
vt 0.383889 0.093322
vt 0.908686 0.215073
vt 0.903148 0.214955
vt 0.920394 0.208249
vt 0.917665 0.204432
vt 0.901594 0.211874
vt 0.897312 0.205534
vt 0.352266 0.016914
vt 0.914924 0.190180
vt 0.894021 0.200070
vt 0.886599 0.193035
vt 0.882404 0.190325
vt 0.885524 0.186543
vt 0.883579 0.186961
vt 0.888281 0.190622
vt 0.898533 0.191864
vt 0.365523 0.032479
vt 0.902955 0.189370
vt 0.898454 0.187280
vt 0.900688 0.188156
vt 0.899248 0.190608
vt 0.896160 0.188260
vt 0.368840 0.044326
vt 0.895213 0.184568
vt 0.888792 0.179635
vt 0.901607 0.184858
vt 0.898556 0.184412
vt 0.896740 0.183751
vt 0.897164 0.181198
vt 0.907740 0.181429
vt 0.903317 0.185671
vt 0.902785 0.183419
vt 0.900205 0.183331
vt 0.900265 0.181297
vt 0.908175 0.175826
vt 0.381320 0.032732
vt 0.901748 0.168909
vt 0.375432 0.024575
vt 0.382413 0.024929
vt 0.388920 0.022293
vt 0.921031 0.203515
vt 0.351106 0.011586
vt 0.924003 0.204920
vt 0.924003 0.204920
vt 0.086334 0.029010
vt 0.086334 0.029010
vt 0.927537 0.204434
vt 0.088096 0.029632
vt 0.088096 0.029632
vt 0.922312 0.204360
vt 0.923686 0.204402
vt 0.089982 0.028518
vt 0.922567 0.203970
vt 0.350178 0.010635
vt 0.091156 0.028248
vt 0.924955 0.204342
vt 0.088809 0.028533
vt 0.924895 0.204784
vt 0.088123 0.028794
vt 0.925673 0.204895
vt 0.926389 0.205346
vt 0.087455 0.028951
vt 0.087455 0.028951
vt 0.926789 0.204928
vt 0.086998 0.028658
vt 0.926789 0.204928
vt 0.927693 0.205231
vt 0.928157 0.205107
vt 0.350673 0.010995
vt 0.922148 0.203677
vt 0.922148 0.203677
vt 0.351254 0.010981
vt 0.922073 0.202966
vt 0.922787 0.201713
vt 0.352841 0.010262
vt 0.923499 0.201704
vt 0.923231 0.199342
vt 0.923471 0.200916
vt 0.923471 0.200916
vt 0.355379 0.009070
vt 0.925254 0.199174
vt 0.924518 0.199273
vt 0.925601 0.197477
vt 0.924881 0.197219
vt 0.926393 0.196247
vt 0.926393 0.196247
vt 0.358157 0.008627
vt 0.927570 0.196147
vt 0.925344 0.194658
vt 0.926546 0.194019
vt 0.926546 0.194019
vt 0.925947 0.193301
vt 0.927081 0.177972
vt 0.375820 0.010546
vt 0.371088 0.017568
vt 0.926187 0.191987
vt 0.925213 0.191402
vt 0.926008 0.189784
vt 0.925459 0.189780
vt 0.924993 0.188171
vt 0.925642 0.186756
vt 0.925216 0.185876
vt 0.925216 0.185876
vt 0.925907 0.181219
vt 0.925352 0.182992
vt 0.925352 0.182992
vt 0.925114 0.180488
vt 0.925114 0.180488
vt 0.925062 0.178302
vt 0.925062 0.178302
vt 0.923959 0.174903
vt 0.379355 0.010109
vt 0.923959 0.174903
vt 0.383683 0.013086
vt 0.921678 0.170663
vt 0.385182 0.016484
vt 0.385182 0.016484
vt 0.390930 0.023205
vt 0.911936 0.162671
vt 0.869157 0.167376
vt 0.874059 0.172360
vt 0.385179 0.056544
vt 0.881108 0.183996
vt 0.375095 0.050184
vt 0.877566 0.177791
vt 0.881403 0.180276
vt 0.886677 0.171180
vt 0.876813 0.172966
vt 0.875506 0.170127
vt 0.873633 0.168198
vt 0.878925 0.165058
vt 0.383048 0.084434
vt 0.843284 0.165979
vt 0.840600 0.164048
vt 0.837685 0.163820
vt 0.843392 0.162343
vt 0.844510 0.164053
vt 0.845096 0.161641
vt 0.842727 0.159855
vt 0.843840 0.158925
vt 0.865258 0.159758
vt 0.394935 0.060750
vt 0.868249 0.159524
vt 0.860158 0.152112
vt 0.849637 0.153992
vt 0.841820 0.156211
vt 0.393881 0.084292
vt 0.403288 0.065438
vt 0.893419 0.158681
vt 0.386317 0.040332
vt 0.886170 0.149807
vt 0.896963 0.159446
vt 0.902048 0.159755
vt 0.393571 0.033639
vt 0.390798 0.027328
vt 0.392539 0.026925
vt 0.908680 0.161147
vt 0.391495 0.034036
vt 0.390568 0.039363
vt 0.392030 0.042841
vt 0.897026 0.158417
vt 0.391796 0.038796
vt 0.895671 0.157984
vt 0.392067 0.040175
vt 0.392191 0.037360
vt 0.392692 0.037624
vt 0.392692 0.037624
vt 0.898356 0.158295
vt 0.392687 0.035303
vt 0.392247 0.036066
vt 0.893280 0.156421
vt 0.401468 0.039801
vt 0.401468 0.039801
vt 0.895675 0.158370
vt 0.392183 0.041277
vt 0.894549 0.157867
vt 0.893971 0.156844
vt 0.393115 0.041948
vt 0.393115 0.041948
vt 0.394822 0.041386
vt 0.395544 0.040672
vt 0.895067 0.154371
vt 0.854474 0.143666
vt 0.411432 0.066998
vt 0.856654 0.143179
vt 0.862166 0.151243
vt 0.866558 0.141354
vt 0.874466 0.143638
vt 0.872808 0.145660
vt 0.870036 0.146001
vt 0.867345 0.143627
vt 0.869773 0.143365
vt 0.868762 0.142290
vt 0.871402 0.143593
vt 0.872986 0.141681
vt 0.869644 0.140555
vt 0.874178 0.139948
vt 0.871860 0.139699
vt 0.867613 0.138924
vt 0.870239 0.138021
vt 0.870857 0.136713
vt 0.860940 0.133782
vt 0.887169 0.137706
vt 0.379928 0.013773
vt 0.925349 0.175552
vt 0.378469 0.010712
vt 0.380978 0.011381
vt 0.380978 0.011381
vt 0.380418 0.011915
vt 0.381364 0.010854
vt 0.923823 0.172953
vt 0.383480 0.014411
vt 0.385512 0.016209
vt 0.916173 0.165054
vt 0.388427 0.019093
vt 0.388030 0.019332
vt 0.388815 0.021285
vt 0.388815 0.021285
vt 0.390128 0.022152
vt 0.390552 0.024101
vt 0.388947 0.020735
vt 0.392455 0.030765
vt 0.391827 0.029684
vt 0.391802 0.032110
vt 0.392324 0.032196
vt 0.910267 0.160911
vt 0.391591 0.025519
vt 0.391483 0.026188
vt 0.391483 0.026188
vt 0.391879 0.028058
vt 0.392465 0.034685
vt 0.392465 0.034685
vt 0.392391 0.033692
vt 0.392391 0.033692
vt 0.896465 0.138909
vt 0.397726 0.039087
vt 0.895561 0.151829
vt 0.396226 0.040813
vt 0.396226 0.040813
vt 0.397577 0.040319
vt 0.397577 0.040319
vt 0.398758 0.039597
vt 0.401413 0.038714
vt 0.402468 0.039196
vt 0.402468 0.039196
vt 0.896956 0.146983
vt 0.402905 0.038227
vt 0.404797 0.038823
vt 0.897643 0.142146
vt 0.407905 0.038396
vt 0.408441 0.039187
vt 0.413880 0.040657
vt 0.897445 0.140922
vt 0.409142 0.038365
vt 0.412798 0.039113
vt 0.872483 0.138947
vt 0.883600 0.128095
vt 0.868853 0.123377
vt 0.894636 0.127192
vt 0.421358 0.044559
vt 0.885448 0.119285
vt 0.888947 0.120157
vt 0.427390 0.050908
vt 0.430192 0.056098
vt 0.421266 0.070408
vt 0.875315 0.114104
vt 0.431974 0.063621
vt 0.876735 0.116042
vt 0.892869 0.127356
vt 0.413762 0.039536
vt 0.897164 0.136255
vt 0.414387 0.039898
vt 0.897238 0.135514
vt 0.896785 0.135243
vt 0.896298 0.132211
vt 0.896298 0.132211
vt 0.417488 0.041292
vt 0.895604 0.131709
vt 0.894576 0.128680
vt 0.894576 0.128680
vt 0.897520 0.137291
vt 0.412862 0.038653
vt 0.429592 0.052769
vt 0.885993 0.119127
vt 0.877847 0.115429
vt 0.877847 0.115429
vt 0.876194 0.115292
vt 0.876194 0.115292
vt 0.879299 0.116249
vt 0.877978 0.115815
vt 0.431768 0.057779
vt 0.880005 0.116014
vt 0.432516 0.058775
vt 0.880005 0.116014
vt 0.880287 0.116158
vt 0.432587 0.058421
vt 0.432100 0.056825
vt 0.881752 0.116988
vt 0.881752 0.116988
vt 0.882125 0.116460
vt 0.431742 0.056876
vt 0.431742 0.056876
vt 0.882125 0.116460
vt 0.882237 0.116912
vt 0.882237 0.116912
vt 0.891237 0.124846
vt 0.891237 0.124846
vt 0.892167 0.125396
vt 0.888462 0.122011
vt 0.889882 0.123144
vt 0.889106 0.121855
vt 0.424348 0.167377
vt 0.438770 0.240866
vt 0.448923 0.249491
vt 0.786992 0.101817
vt 0.459891 0.243810
vt 0.433557 0.147181
vt 0.786453 0.117173
vt 0.790280 0.105713
vt 0.409977 0.155182
vt 0.424174 0.145718
vt 0.800507 0.118440
vt 0.807584 0.128024
vt 0.470446 0.267585
vt 0.789931 0.101889
vt 0.793833 0.106752
vt 0.779908 0.085979
vt 0.779912 0.083778
vt 0.783467 0.084708
vt 0.467442 0.258624
vt 0.795708 0.093437
vt 0.793887 0.109956
vt 0.798431 0.111904
vt 0.803783 0.119086
vt 0.427548 0.129053
vt 0.810523 0.108726
vt 0.809471 0.095369
vt 0.442031 0.127214
vt 0.818247 0.142004
vt 0.814044 0.136568
vt 0.818619 0.138898
vt 0.427685 0.099479
vt 0.815081 0.134205
vt 0.825622 0.151796
vt 0.834718 0.161025
vt 0.837691 0.160383
vt 0.830895 0.155037
vt 0.840457 0.158320
vt 0.820062 0.150462
vt 0.821318 0.146433
vt 0.822636 0.148361
vt 0.825133 0.147766
vt 0.838098 0.147452
vt 0.830979 0.135549
vt 0.808996 0.140942
vt 0.426680 0.120525
vt 0.812398 0.130665
vt 0.808253 0.124681
vt 0.820624 0.127190
vt 0.829700 0.123998
vt 0.440279 0.101830
vt 0.826071 0.116432
vt 0.833939 0.114979
vt 0.847495 0.134242
vt 0.850628 0.138577
vt 0.847696 0.130581
vt 0.843789 0.128246
vt 0.851030 0.135474
vt 0.845733 0.127460
vt 0.855733 0.123881
vt 0.838852 0.122026
vt 0.843698 0.124913
vt 0.838696 0.118255
vt 0.820040 0.114070
vt 0.822922 0.116173
vt 0.819260 0.111543
vt 0.820679 0.108485
vt 0.446582 0.107037
vt 0.822079 0.113026
vt 0.822355 0.110803
vt 0.824165 0.114019
vt 0.827229 0.114124
vt 0.825222 0.112780
vt 0.826158 0.111176
vt 0.827474 0.110479
vt 0.824415 0.109647
vt 0.480104 0.282207
vt 0.811686 0.086637
vt 0.805861 0.079790
vt 0.782276 0.082082
vt 0.783723 0.080898
vt 0.489111 0.268141
vt 0.804171 0.074960
vt 0.809505 0.081294
vt 0.480072 0.257104
vt 0.452177 0.131226
vt 0.819386 0.096395
vt 0.812720 0.085324
vt 0.814597 0.087082
vt 0.818561 0.069389
vt 0.495141 0.260572
vt 0.459932 0.117776
vt 0.816048 0.089084
vt 0.456614 0.107465
vt 0.834503 0.082412
vt 0.821775 0.096456
vt 0.827874 0.076673
vt 0.823311 0.077503
vt 0.799364 0.068817
vt 0.803748 0.061553
vt 0.807490 0.063412
vt 0.802240 0.059166
vt 0.810475 0.061995
vt 0.500688 0.283016
vt 0.805265 0.053960
vt 0.803899 0.058281
vt 0.805719 0.060142
vt 0.806261 0.057247
vt 0.805384 0.056337
vt 0.808773 0.057190
vt 0.496600 0.293102
vt 0.807223 0.055447
vt 0.808099 0.060617
vt 0.809907 0.059377
vt 0.811467 0.059414
vt 0.809612 0.056520
vt 0.824745 0.055328
vt 0.810516 0.055696
vt 0.827743 0.078689
vt 0.506052 0.269760
vt 0.469536 0.108846
vt 0.506500 0.266956
vt 0.831816 0.069397
vt 0.831963 0.072770
vt 0.835833 0.073241
vt 0.510198 0.276566
vt 0.835109 0.063371
vt 0.832608 0.067494
vt 0.831946 0.070801
vt 0.831946 0.070801
vt 0.508347 0.272908
vt 0.833846 0.067568
vt 0.507765 0.271161
vt 0.832920 0.069215
vt 0.507545 0.270331
vt 0.832391 0.069928
vt 0.507427 0.269276
vt 0.832547 0.070960
vt 0.832337 0.070704
vt 0.507262 0.269605
vt 0.507644 0.267985
vt 0.833305 0.072141
vt 0.833305 0.072141
vt 0.507830 0.267529
vt 0.470640 0.107851
vt 0.833391 0.072579
vt 0.833391 0.072579
vt 0.833391 0.072579
vt 0.836469 0.072389
vt 0.471077 0.104748
vt 0.470274 0.105104
vt 0.832730 0.071801
vt 0.832730 0.071801
vt 0.832730 0.071801
vt 0.832730 0.071801
vt 0.833162 0.071824
vt 0.833162 0.071824
vt 0.507919 0.268250
vt 0.838866 0.103635
vt 0.835094 0.113533
vt 0.830135 0.106930
vt 0.836324 0.101113
vt 0.839920 0.101174
vt 0.842262 0.103358
vt 0.838267 0.100718
vt 0.842314 0.098854
vt 0.843897 0.100862
vt 0.843804 0.098429
vt 0.862326 0.115020
vt 0.859822 0.113574
vt 0.850495 0.106932
vt 0.430509 0.073926
vt 0.432924 0.075528
vt 0.432082 0.074850
vt 0.435793 0.075307
vt 0.864731 0.110625
vt 0.435563 0.073793
vt 0.432936 0.074977
vt 0.863723 0.113507
vt 0.434147 0.074821
vt 0.437052 0.073802
vt 0.437052 0.073802
vt 0.438740 0.072550
vt 0.865768 0.107442
vt 0.825457 0.103734
vt 0.824853 0.107901
vt 0.826877 0.102806
vt 0.838633 0.088436
vt 0.835723 0.098461
vt 0.838820 0.094127
vt 0.837352 0.097808
vt 0.837875 0.099229
vt 0.839704 0.095562
vt 0.839474 0.098067
vt 0.840823 0.097103
vt 0.842298 0.096205
vt 0.851878 0.089884
vt 0.456242 0.085892
vt 0.470463 0.094509
vt 0.469870 0.086025
vt 0.853622 0.077507
vt 0.469870 0.086025
vt 0.472216 0.094714
vt 0.846449 0.073739
vt 0.472216 0.094714
vt 0.472216 0.094714
vt 0.472216 0.094714
vt 0.472216 0.094714
vt 0.472216 0.094714
vt 0.467930 0.086881
vt 0.438765 0.073465
vt 0.438765 0.073465
vt 0.443589 0.074239
vt 0.442124 0.072879
vt 0.442124 0.072879
vt 0.442337 0.072088
vt 0.865989 0.103873
vt 0.444705 0.072993
vt 0.450118 0.074283
vt 0.448653 0.073070
vt 0.445364 0.072491
vt 0.866960 0.099768
vt 0.446554 0.072165
vt 0.456387 0.076318
vt 0.864545 0.088988
vt 0.457486 0.075045
vt 0.449236 0.072774
vt 0.866709 0.097106
vt 0.865736 0.095601
vt 0.462425 0.078557
vt 0.861665 0.083777
vt 0.458587 0.079789
vt 0.460772 0.078759
vt 0.457526 0.075728
vt 0.457526 0.075728
vt 0.460828 0.077973
vt 0.465297 0.080609
vt 0.859312 0.081379
vt 0.452915 0.073856
vt 0.451030 0.073455
vt 0.451030 0.073455
vt 0.866360 0.095195
vt 0.866380 0.093042
vt 0.453255 0.073367
vt 0.455030 0.074140
vt 0.865450 0.091400
vt 0.454555 0.074533
vt 0.470518 0.098978
vt 0.839626 0.072513
vt 0.471835 0.101700
vt 0.471611 0.099893
vt 0.839207 0.162362
vt 0.840401 0.159986
vt 0.866176 0.115177
vt 0.865693 0.114475
vt 0.431699 0.073145
vt 0.867602 0.114577
vt 0.870933 0.115103
vt 0.431869 0.070936
vt 0.867888 0.113532
vt 0.869756 0.114430
vt 0.869756 0.114430
vt 0.871939 0.114722
vt 0.871939 0.114722
vt 0.432211 0.074510
vt 0.864200 0.114397
vt 0.873450 0.114949
vt 0.873450 0.114949
vt 0.873450 0.114949
vt 0.874701 0.114612
vt 0.499036 0.309175
vt 0.813629 0.033228
vt 0.498880 0.310684
vt 0.813505 0.032493
vt 0.813505 0.032493
vt 0.821671 0.038235
vt 0.816928 0.033297
vt 0.502061 0.309313
vt 0.816274 0.033525
vt 0.816274 0.033525
vt 0.506055 0.304315
vt 0.503111 0.307472
vt 0.825229 0.046391
vt 0.505352 0.306853
vt 0.820457 0.035533
vt 0.510785 0.295735
vt 0.830981 0.043685
vt 0.826604 0.040159
vt 0.510191 0.301091
vt 0.829301 0.043642
vt 0.829301 0.043642
vt 0.829494 0.041538
vt 0.510559 0.298361
vt 0.509110 0.301521
vt 0.509110 0.301521
vt 0.827977 0.041030
vt 0.827977 0.041030
vt 0.510841 0.299680
vt 0.510841 0.299680
vt 0.833843 0.060641
vt 0.833384 0.057817
vt 0.833101 0.054036
vt 0.833582 0.055603
vt 0.833539 0.064166
vt 0.833539 0.064166
vt 0.835545 0.054179
vt 0.511544 0.284831
vt 0.833653 0.066242
vt 0.833653 0.066242
vt 0.834561 0.062881
vt 0.834561 0.062881
vt 0.834542 0.057660
vt 0.834179 0.060122
vt 0.834179 0.060122
vt 0.833894 0.056925
vt 0.830849 0.047995
vt 0.831816 0.051352
vt 0.831409 0.047639
vt 0.831409 0.047639
vt 0.833454 0.052637
vt 0.832086 0.050213
vt 0.834296 0.053831
vt 0.833184 0.052791
vt 0.833184 0.052791
vt 0.830384 0.046651
vt 0.830384 0.046651
vt 0.833843 0.055506
vt 0.833843 0.055506
vt 0.505969 0.305636
vt 0.470148 0.089631
vt 0.468379 0.086400
vt 0.470235 0.088694
vt 0.470235 0.088694
vt 0.852143 0.075473
vt 0.468171 0.085414
vt 0.468171 0.085414
vt 0.464577 0.081789
vt 0.464252 0.080634
vt 0.465867 0.082381
vt 0.465867 0.082381
vt 0.465549 0.082123
vt 0.466823 0.083904
vt 0.466823 0.083904
vt 0.471717 0.099218
vt 0.471717 0.099218
vt 0.471542 0.098151
vt 0.471542 0.098151
vt 0.471542 0.098151
vt 0.471195 0.097152
vt 0.471652 0.096584
vt 0.471652 0.096584
vt 0.471652 0.096584
vt 0.471570 0.094732
vt 0.471570 0.094732
vt 0.471563 0.093976
vt 0.471563 0.093976
vt 0.471563 0.093976
vt 0.471169 0.091543
vt 0.849468 0.074356
vt 0.471037 0.092712
vt 0.471037 0.092712
usemtl mat
f 1/1 2/2 3/3
f 4/4 2/2 5/5
f 4/4 6/6 2/2
f 6/6 7/7 8/8
f 3/3 6/6 8/8
f 8/8 9/9 3/3
f 10/10 3/3 9/9
f 11/11 8/8 7/7
f 2/2 6/6 3/3
f 6/6 4/4 7/7
f 4/4 12/12 7/7
f 13/13 14/14 15/15
f 16/16 17/17 15/15
f 18/18 17/17 16/16
f 19/19 15/15 14/14
f 20/20 15/15 19/19
f 20/20 16/16 15/15
f 16/16 20/20 11/11
f 9/9 21/21 22/22
f 9/9 8/8 21/21
f 11/11 20/20 21/21
f 23/23 21/21 20/20
f 23/23 22/22 21/21
f 23/23 24/24 22/22
f 25/25 26/26 24/24
f 26/26 9/9 22/22
f 26/26 22/22 24/24
f 19/19 14/14 27/27
f 27/27 28/28 19/19
f 23/23 20/20 19/19
f 28/28 23/23 19/19
f 29/29 30/30 31/31
f 24/24 23/23 28/28
f 28/28 25/25 24/24
f 28/28 27/27 32/32
f 33/33 28/28 32/32
f 21/21 8/8 11/11
f 7/7 16/16 11/11
f 18/18 16/16 7/7
f 31/31 34/34 35/35
f 36/36 29/29 31/31
f 31/31 30/30 34/34
f 34/34 30/30 37/37
f 38/38 34/34 37/37
f 39/39 40/40 41/41
f 42/42 43/43 44/44
f 45/45 46/46 44/44
f 44/44 43/43 45/45
f 45/45 47/47 48/48
f 48/48 47/47 40/40
f 40/40 47/47 41/41
f 41/41 47/47 49/49
f 50/50 51/51 43/43
f 45/45 43/43 51/51
f 48/48 46/46 45/45
f 47/47 45/45 51/51
f 47/47 51/51 50/50
f 49/49 47/47 50/50
f 50/50 52/52 49/49
f 50/50 43/43 53/53
f 52/52 50/50 53/53
f 54/54 55/55 56/56
f 57/57 55/55 54/54
f 39/39 58/58 59/59
f 59/59 40/40 39/39
f 58/58 60/60 59/59
f 40/40 59/59 48/48
f 59/59 60/60 48/48
f 56/56 61/61 62/62
f 62/62 63/63 64/64
f 61/61 63/63 62/62
f 46/46 48/48 60/60
f 46/46 60/60 65/65
f 65/65 60/60 66/66
f 56/56 55/55 61/61
f 55/55 67/67 61/61
f 61/61 67/67 63/63
f 68/68 60/60 18/18
f 68/68 66/66 60/60
f 69/69 70/70 71/71
f 72/72 73/73 70/70
f 69/69 72/72 70/70
f 70/70 41/41 71/71
f 70/70 39/39 41/41
f 71/71 41/41 74/74
f 74/74 75/75 71/71
f 75/75 69/69 71/71
f 76/76 27/27 14/14
f 77/77 76/76 14/14
f 76/76 77/77 69/69
f 78/78 76/76 69/69
f 27/27 78/78 32/32
f 76/76 78/78 27/27
f 78/78 69/69 75/75
f 79/79 78/78 75/75
f 41/41 80/80 74/74
f 41/41 49/49 80/80
f 81/81 54/54 56/56
f 75/75 74/74 80/80
f 80/80 82/82 75/75
f 81/81 83/83 84/84
f 84/84 54/54 81/81
f 82/82 49/49 52/52
f 53/53 85/85 52/52
f 80/80 49/49 82/82
f 82/82 79/79 75/75
f 86/86 84/84 83/83
f 13/13 77/77 14/14
f 77/77 13/13 72/72
f 15/15 17/17 13/13
f 13/13 58/58 73/73
f 17/17 58/58 13/13
f 72/72 13/13 73/73
f 18/18 58/58 17/17
f 77/77 72/72 69/69
f 37/37 30/30 87/87
f 30/30 88/88 87/87
f 73/73 39/39 70/70
f 39/39 73/73 58/58
f 56/56 88/88 81/81
f 62/62 87/87 56/56
f 64/64 87/87 62/62
f 60/60 58/58 18/18
f 88/88 56/56 87/87
f 83/83 81/81 88/88
f 37/37 87/87 64/64
f 89/89 37/37 64/64
f 29/29 83/83 88/88
f 29/29 88/88 30/30
f 90/90 83/83 29/29
f 63/63 89/89 64/64
f 68/68 18/18 91/91
f 7/7 12/12 18/18
f 38/38 35/35 34/34
f 91/91 18/18 12/12
f 38/38 37/37 89/89
f 92/92 38/38 89/89
f 93/93 38/38 92/92
f 94/94 95/95 96/96
f 97/97 98/98 99/99
f 95/95 94/94 99/99
f 97/97 99/99 94/94
f 99/99 100/100 95/95
f 101/101 100/100 99/99
f 101/101 99/99 98/98
f 94/94 102/102 97/97
f 103/103 98/98 97/97
f 98/98 103/103 104/104
f 105/105 104/104 106/106
f 98/98 104/104 105/105
f 104/104 107/107 108/108
f 106/106 104/104 108/108
f 108/108 107/107 109/109
f 110/110 108/108 111/111
f 108/108 109/109 112/112
f 108/108 112/112 111/111
f 111/111 113/113 115/115
f 113/113 111/111 112/112
f 117/117 119/119 114/114
f 120/120 121/121 107/107
f 107/107 121/121 109/109
f 122/122 97/97 102/102
f 97/97 122/122 103/103
f 123/123 124/124 125/125
f 107/107 103/103 120/120
f 103/103 107/107 104/104
f 120/120 103/103 122/122
f 123/123 125/125 126/126
f 127/127 125/125 124/124
f 125/125 127/127 128/128
f 123/123 126/126 129/129
f 121/121 120/120 130/130
f 109/109 121/121 131/131
f 130/130 131/131 121/121
f 130/130 120/120 132/132
f 122/122 132/132 120/120
f 133/133 134/134 130/130
f 135/135 134/134 137/137
f 133/133 137/137 134/134
f 138/138 137/137 133/133
f 136/136 131/131 134/134
f 136/136 118/118 131/131
f 131/131 130/130 134/134
f 130/130 132/132 133/133
f 139/139 140/140 141/141
f 138/138 133/133 132/132
f 109/109 131/131 118/118
f 112/112 109/109 118/118
f 112/112 118/118 113/113
f 126/126 125/125 140/140
f 140/140 125/125 142/142
f 128/128 142/142 125/125
f 119/119 117/117 143/143
f 117/117 135/135 143/143
f 142/142 141/141 140/140
f 144/144 145/145 128/128
f 145/145 142/142 128/128
f 129/129 126/126 139/139
f 139/139 126/126 140/140
f 132/132 122/122 66/66
f 146/146 147/147 129/129
f 42/42 148/148 43/43
f 148/148 42/42 149/149
f 149/149 150/150 148/148
f 44/44 46/46 151/151
f 151/151 152/152 44/44
f 152/152 151/151 153/153
f 42/42 44/44 152/152
f 42/42 152/152 149/149
f 154/154 155/155 153/153
f 156/156 153/153 151/151
f 65/65 157/157 151/151
f 156/156 151/151 157/157
f 156/156 154/154 153/153
f 150/150 149/149 155/155
f 158/158 155/155 154/154
f 158/158 154/154 159/159
f 152/152 153/153 149/149
f 153/153 155/155 149/149
f 160/160 57/57 161/161
f 53/53 43/43 148/148
f 85/85 148/148 150/150
f 57/57 67/67 55/55
f 162/162 57/57 54/54
f 53/53 148/148 85/85
f 150/150 155/155 163/163
f 163/163 155/155 158/158
f 162/162 161/161 57/57
f 164/164 162/162 54/54
f 159/159 154/154 165/165
f 154/154 156/156 96/96
f 157/157 96/96 156/156
f 100/100 154/154 96/96
f 94/94 96/96 157/157
f 95/95 100/100 96/96
f 154/154 100/100 165/165
f 158/158 159/159 166/166
f 166/166 159/159 165/165
f 167/167 161/161 162/162
f 100/100 101/101 165/165
f 101/101 168/168 165/165
f 101/101 98/98 168/168
f 167/167 124/124 161/161
f 169/169 165/165 168/168
f 163/163 158/158 166/166
f 165/165 170/170 166/166
f 171/171 166/166 170/170
f 166/166 171/171 163/163
f 172/172 167/167 162/162
f 170/170 165/165 169/169
f 172/172 173/173 167/167
f 65/65 151/151 46/46
f 67/67 57/57 160/160
f 161/161 174/174 160/160
f 67/67 160/160 63/63
f 102/102 157/157 65/65
f 94/94 157/157 102/102
f 65/65 66/66 102/102
f 124/124 174/174 161/161
f 123/123 174/174 124/124
f 63/63 174/174 129/129
f 174/174 63/63 160/160
f 129/129 147/147 63/63
f 122/122 102/102 66/66
f 82/82 85/85 175/175
f 175/175 85/85 150/150
f 175/175 150/150 171/171
f 171/171 150/150 163/163
f 52/52 85/85 82/82
f 84/84 164/164 54/54
f 172/172 164/164 176/176
f 164/164 177/177 176/176
f 171/171 170/170 175/175
f 172/172 162/162 164/164
f 178/178 175/175 170/170
f 179/179 172/172 176/176
f 98/98 105/105 168/168
f 180/180 168/168 105/105
f 105/105 106/106 181/181
f 180/180 105/105 181/181
f 124/124 167/167 127/127
f 168/168 180/180 169/169
f 169/169 180/180 181/181
f 170/170 169/169 181/181
f 181/181 110/110 170/170
f 167/167 173/173 127/127
f 181/181 106/106 110/110
f 110/110 106/106 108/108
f 183/183 110/110 115/115
f 173/173 128/128 127/127
f 170/170 110/110 183/183
f 128/128 173/173 184/184
f 185/185 184/184 173/173
f 110/110 111/111 115/115
f 182/182 116/116 186/186
f 119/119 116/116 114/114
f 119/119 186/186 116/116
f 123/123 129/129 174/174
f 144/144 128/128 184/184
f 187/187 173/173 172/172
f 187/187 185/185 173/173
f 187/187 172/172 179/179
f 189/189 191/191 170/170
f 170/170 183/183 189/189
f 182/182 186/186 192/192
f 185/185 193/193 184/184
f 188/188 182/182 192/192
f 192/192 186/186 194/194
f 63/63 147/147 89/89
f 68/68 195/195 66/66
f 89/89 147/147 92/92
f 66/66 195/195 196/196
f 196/196 132/132 66/66
f 147/147 197/197 92/92
f 198/198 196/196 195/195
f 147/147 199/199 197/197
f 92/92 197/197 200/200
f 198/198 195/195 201/201
f 202/202 200/200 197/197
f 203/203 204/204 205/205
f 203/203 206/206 207/207
f 206/206 203/203 208/208
f 203/203 205/205 208/208
f 209/209 210/210 211/211
f 205/205 211/211 212/212
f 213/213 205/205 214/214
f 208/208 205/205 213/213
f 215/215 216/216 217/217
f 218/218 219/219 220/220
f 221/221 222/222 223/223
f 224/224 225/225 222/222
f 226/226 225/225 224/224
f 222/222 225/225 223/223
f 210/210 212/212 211/211
f 210/210 224/224 212/212
f 227/227 224/224 210/210
f 228/228 230/230 218/218
f 214/214 205/205 212/212
f 214/214 212/212 222/222
f 214/214 222/222 221/221
f 231/231 232/232 233/233
f 233/233 234/234 235/235
f 227/227 229/229 228/228
f 217/217 237/237 238/238
f 239/239 240/240 236/236
f 217/217 238/238 242/242
f 243/243 228/228 220/220
f 220/220 228/228 218/218
f 224/224 222/222 212/212
f 244/244 224/224 227/227
f 244/244 243/243 245/245
f 220/220 245/245 243/243
f 228/228 244/244 227/227
f 228/228 243/243 244/244
f 246/246 217/217 242/242
f 247/247 248/248 178/178
f 249/249 250/250 251/251
f 82/82 251/251 250/250
f 248/248 251/251 82/82
f 252/252 177/177 253/253
f 249/249 219/219 250/250
f 249/249 251/251 254/254
f 254/254 251/251 255/255
f 215/215 252/252 253/253
f 252/252 256/256 177/177
f 247/247 251/251 248/248
f 247/247 255/255 251/251
f 257/257 256/256 252/252
f 257/257 258/258 256/256
f 255/255 247/247 260/260
f 261/261 257/257 252/252
f 170/170 191/191 178/178
f 178/178 191/191 247/247
f 187/187 179/179 258/258
f 187/187 258/258 262/262
f 190/190 188/188 263/263
f 263/263 188/188 192/192
f 263/263 192/192 264/264
f 262/262 265/265 266/266
f 260/260 247/247 191/191
f 258/258 179/179 256/256
f 259/259 190/190 263/263
f 267/267 259/259 263/263
f 268/268 258/258 257/257
f 260/260 270/270 255/255
f 269/269 259/259 267/267
f 261/261 268/268 257/257
f 258/258 265/265 262/262
f 258/258 268/268 265/265
f 265/265 268/268 271/271
f 272/272 263/263 264/264
f 265/265 273/273 266/266
f 265/265 271/271 273/273
f 274/274 271/271 268/268
f 275/275 219/219 249/249
f 275/275 249/249 254/254
f 215/215 253/253 216/216
f 276/276 275/275 254/254
f 220/220 219/219 276/276
f 276/276 254/254 277/277
f 219/219 275/275 276/276
f 278/278 252/252 215/215
f 277/277 254/254 255/255
f 277/277 255/255 270/270
f 279/279 261/261 252/252
f 279/279 252/252 278/278
f 223/223 225/225 226/226
f 280/280 226/226 224/224
f 226/226 282/282 223/223
f 283/283 226/226 280/280
f 284/284 283/283 280/280
f 285/285 277/277 270/270
f 285/285 287/287 288/288
f 284/284 288/288 287/287
f 215/215 217/217 289/289
f 289/289 278/278 215/215
f 276/276 288/288 220/220
f 285/285 288/288 276/276
f 245/245 220/220 288/288
f 246/246 289/289 217/217
f 244/244 290/290 224/224
f 290/290 280/280 224/224
f 245/245 290/290 244/244
f 288/288 290/290 245/245
f 288/288 280/280 290/290
f 280/280 288/288 284/284
f 277/277 285/285 276/276
f 278/278 289/289 279/279
f 291/291 279/279 289/289
f 292/292 268/268 261/261
f 292/292 261/261 279/279
f 293/293 268/268 292/292
f 263/263 294/294 267/267
f 293/293 274/274 268/268
f 263/263 272/272 294/294
f 291/291 292/292 279/279
f 295/295 274/274 293/293
f 296/296 206/206 297/297
f 208/208 298/298 299/299
f 214/214 301/301 213/213
f 298/298 213/213 301/301
f 298/298 208/208 213/213
f 302/302 298/298 303/303
f 298/298 301/301 304/304
f 303/303 298/298 304/304
f 206/206 208/208 299/299
f 297/297 300/300 302/302
f 298/298 302/302 300/300
f 206/206 300/300 297/297
f 305/305 301/301 221/221
f 301/301 214/214 221/221
f 305/305 304/304 301/301
f 303/303 304/304 306/306
f 223/223 308/308 309/309
f 221/221 223/223 309/309
f 310/310 305/305 309/309
f 310/310 309/309 311/311
f 311/311 312/312 310/310
f 313/313 310/310 312/312
f 314/314 312/312 311/311
f 312/312 314/314 315/315
f 304/304 305/305 310/310
f 310/310 306/306 304/304
f 309/309 305/305 221/221
f 306/306 310/310 313/313
f 313/313 316/316 306/306
f 316/316 303/303 306/306
f 316/316 313/313 312/312
f 315/315 318/318 316/316
f 319/319 320/320 321/321
f 322/322 323/323 316/316
f 324/324 240/240 239/239
f 239/239 325/325 324/324
f 326/326 239/239 236/236
f 327/327 242/242 328/328
f 329/329 328/328 330/330
f 329/329 327/327 328/328
f 318/318 235/235 234/234
f 322/322 316/316 234/234
f 234/234 316/316 318/318
f 325/325 326/326 320/320
f 326/326 236/236 317/317
f 321/321 317/317 331/331
f 321/321 326/326 317/317
f 333/333 246/246 334/334
f 334/334 246/246 242/242
f 326/326 325/325 239/239
f 327/327 334/334 242/242
f 318/318 315/315 332/332
f 320/320 326/326 321/321
f 333/333 334/334 327/327
f 335/335 320/320 319/319
f 336/336 325/325 335/335
f 335/335 325/325 320/320
f 336/336 337/337 338/338
f 339/339 340/340 341/341
f 338/338 337/337 342/342
f 343/343 336/336 335/335
f 344/344 343/343 345/345
f 343/343 335/335 346/346
f 345/345 343/343 347/347
f 343/343 346/346 347/347
f 343/343 348/348 336/336
f 337/337 336/336 348/348
f 340/340 339/339 349/349
f 344/344 348/348 343/343
f 349/349 329/329 340/340
f 350/350 351/351 352/352
f 354/354 307/307 355/355
f 354/354 355/355 357/357
f 357/357 355/355 358/358
f 307/307 351/351 360/360
f 355/355 307/307 360/360
f 358/358 355/355 362/362
f 360/360 363/363 355/355
f 351/351 364/364 360/360
f 365/365 355/355 363/363
f 350/350 352/352 366/366
f 350/350 366/366 367/367
f 368/368 367/367 366/366
f 350/350 364/364 351/351
f 360/360 364/364 369/369
f 350/350 370/370 364/364
f 369/369 364/364 371/371
f 371/371 364/364 370/370
f 372/372 369/369 371/371
f 373/373 363/363 360/360
f 373/373 365/365 363/363
f 374/374 375/375 376/376
f 375/375 379/379 376/376
f 360/360 380/380 373/373
f 380/380 360/360 369/369
f 381/381 379/379 375/375
f 383/383 384/384 377/377
f 379/379 385/385 376/376
f 381/381 388/388 379/379
f 383/383 378/378 387/387
f 389/389 380/380 369/369
f 372/372 389/389 369/369
f 383/383 387/387 390/390
f 392/392 383/383 390/390
f 394/394 382/382 391/391
f 392/392 390/390 395/395
f 392/392 395/395 397/397
f 397/397 395/395 390/390
f 399/399 394/394 391/391
f 367/367 401/401 350/350
f 401/401 370/370 350/350
f 396/396 400/400 403/403
f 393/393 398/398 402/402
f 400/400 392/392 403/403
f 282/282 405/405 223/223
f 282/282 226/226 407/407
f 408/408 409/409 407/407
f 407/407 226/226 283/283
f 283/283 408/408 407/407
f 284/284 408/408 283/283
f 308/308 223/223 405/405
f 311/311 309/309 308/308
f 353/353 311/311 308/308
f 353/353 314/314 311/311
f 314/314 411/411 315/315
f 307/307 404/404 351/351
f 331/331 412/412 321/321
f 332/332 315/315 413/413
f 289/289 246/246 414/414
f 415/415 412/412 416/416
f 415/415 321/321 412/412
f 319/319 321/321 415/415
f 281/281 352/352 404/404
f 366/366 352/352 281/281
f 366/366 281/281 418/418
f 419/419 421/421 418/418
f 406/406 418/418 281/281
f 410/410 418/418 406/406
f 284/284 409/409 408/408
f 287/287 285/285 270/270
f 269/269 422/422 286/286
f 409/409 284/284 287/287
f 410/410 419/419 418/418
f 410/410 286/286 420/420
f 422/422 420/420 286/286
f 351/351 404/404 352/352
f 423/423 289/289 414/414
f 423/423 291/291 289/289
f 333/333 414/414 246/246
f 314/314 353/353 411/411
f 353/353 356/356 411/411
f 424/424 411/411 356/356
f 319/319 415/415 425/425
f 425/425 415/415 426/426
f 333/333 427/427 414/414
f 426/426 416/416 429/429
f 430/430 426/426 429/429
f 430/430 429/429 431/431
f 425/425 426/426 430/430
f 434/434 438/438 439/439
f 432/432 361/361 444/444
f 441/441 447/447 433/433
f 445/445 362/362 448/448
f 451/451 452/452 443/443
f 448/448 455/455 442/442
f 455/455 450/450 442/442
f 430/430 431/431 446/446
f 449/449 430/430 453/453
f 453/453 430/430 446/446
f 458/458 447/447 441/441
f 460/460 448/448 362/362
f 457/457 443/443 452/452
f 448/448 460/460 463/463
f 464/464 459/459 468/468
f 460/460 470/470 466/466
f 455/455 448/448 463/463
f 461/461 467/467 469/469
f 456/456 453/453 446/446
f 454/454 425/425 449/449
f 449/449 425/425 430/430
f 437/437 454/454 462/462
f 437/437 425/425 454/454
f 472/472 477/477 479/479
f 475/475 470/470 478/478
f 470/470 460/460 478/478
f 460/460 438/438 478/478
f 438/438 480/480 478/478
f 480/480 474/474 478/478
f 473/473 461/461 476/476
f 476/476 461/461 469/469
f 435/435 474/474 480/480
f 471/471 436/436 465/465
f 480/480 438/438 434/434
f 426/426 415/415 416/416
f 481/481 437/437 483/483
f 481/481 425/425 437/437
f 427/427 423/423 414/414
f 421/421 422/422 484/484
f 484/484 422/422 269/269
f 267/267 484/484 269/269
f 420/420 422/422 421/421
f 421/421 484/484 485/485
f 368/368 366/366 418/418
f 421/421 486/486 418/418
f 418/418 486/486 368/368
f 487/487 486/486 485/485
f 488/488 368/368 486/486
f 487/487 488/488 486/486
f 486/486 421/421 485/485
f 485/485 484/484 487/487
f 292/292 295/295 293/293
f 484/484 489/489 487/487
f 489/489 484/484 267/267
f 434/434 439/439 482/482
f 490/490 292/292 291/291
f 440/440 438/438 374/374
f 374/374 492/492 440/440
f 492/492 374/374 376/376
f 482/482 439/439 491/491
f 494/494 482/482 491/491
f 481/481 483/483 493/493
f 494/494 491/491 376/376
f 394/394 481/481 493/493
f 394/394 493/493 382/382
f 494/494 376/376 385/385
f 382/382 493/493 386/386
f 488/488 487/487 489/489
f 490/490 295/295 292/292
f 489/489 495/495 496/496
f 488/488 489/489 496/496
f 497/497 498/498 499/499
f 500/500 501/501 497/497
f 371/371 502/502 372/372
f 481/481 394/394 503/503
f 498/498 503/503 499/499
f 499/499 503/503 394/394
f 499/499 394/394 504/504
f 504/504 394/394 399/399
f 497/497 499/499 505/505
f 504/504 505/505 499/499
f 505/505 504/504 506/506
f 502/502 371/371 507/507
f 507/507 508/508 502/502
f 502/502 508/508 509/509
f 510/510 371/371 370/370
f 507/507 371/371 510/510
f 511/511 510/510 370/370
f 512/512 507/507 510/510
f 508/508 507/507 513/513
f 507/507 512/512 513/513
f 400/400 396/396 515/515
f 399/399 514/514 504/504
f 516/516 490/490 291/291
f 517/517 397/397 509/509
f 396/396 518/518 515/515
f 509/509 513/513 517/517
f 506/506 504/504 514/514
f 497/497 519/519 500/500
f 519/519 497/497 505/505
f 520/520 505/505 506/506
f 521/521 490/490 516/516
f 506/506 523/523 520/520
f 423/423 521/521 516/516
f 524/524 335/335 319/319
f 319/319 425/425 498/498
f 498/498 425/425 481/481
f 498/498 481/481 503/503
f 524/524 319/319 498/498
f 497/497 524/524 498/498
f 501/501 524/524 497/497
f 346/346 335/335 524/524
f 347/347 346/346 501/501
f 501/501 346/346 524/524
f 516/516 291/291 423/423
f 525/525 526/526 527/527
f 528/528 525/525 529/529
f 529/529 530/530 528/528
f 531/531 532/532 533/533
f 533/533 532/532 534/534
f 535/535 533/533 534/534
f 536/536 537/537 538/538
f 539/539 540/540 4/4
f 539/539 541/541 540/540
f 542/542 543/543 544/544
f 545/545 546/546 539/539
f 546/546 541/541 539/539
f 546/546 545/545 544/544
f 543/543 546/546 544/544
f 540/540 543/543 538/538
f 547/547 540/540 538/538
f 543/543 536/536 538/538
f 536/536 543/543 542/542
f 541/541 543/543 540/540
f 546/546 543/543 541/541
f 547/547 12/12 540/540
f 547/547 538/538 537/537
f 548/548 12/12 547/547
f 549/549 536/536 542/542
f 549/549 550/550 536/536
f 549/549 551/551 552/552
f 551/551 542/542 544/544
f 551/551 544/544 553/553
f 553/553 544/544 554/554
f 554/554 544/544 545/545
f 549/549 542/542 551/551
f 556/556 557/557 559/559
f 555/555 560/560 558/558
f 553/553 561/561 551/551
f 552/552 551/551 561/561
f 562/562 553/553 554/554
f 548/548 537/537 550/550
f 533/533 550/550 549/549
f 536/536 550/550 537/537
f 547/547 537/537 548/548
f 535/535 548/548 550/550
f 533/533 535/535 550/550
f 534/534 548/548 535/535
f 563/563 533/533 549/549
f 556/556 559/559 564/564
f 559/559 557/557 565/565
f 565/565 566/566 559/559
f 12/12 548/548 91/91
f 567/567 534/534 532/532
f 532/532 568/568 567/567
f 534/534 567/567 569/569
f 548/548 534/534 569/569
f 91/91 548/548 569/569
f 93/93 570/570 566/566
f 571/571 531/531 572/572
f 533/533 572/572 531/531
f 573/573 572/572 563/563
f 573/573 571/571 572/572
f 574/574 573/573 563/563
f 575/575 576/576 571/571
f 575/575 571/571 573/573
f 574/574 575/575 573/573
f 563/563 552/552 561/561
f 561/561 553/553 562/562
f 577/577 561/561 562/562
f 552/552 563/563 549/549
f 572/572 533/533 563/563
f 578/578 559/559 566/566
f 564/564 559/559 578/578
f 579/579 556/556 564/564
f 563/563 561/561 577/577
f 581/581 555/555 580/580
f 583/583 579/579 564/564
f 584/584 568/568 585/585
f 586/586 584/584 585/585
f 585/585 576/576 586/586
f 568/568 584/584 587/587
f 588/588 586/586 589/589
f 589/589 586/586 576/576
f 531/531 585/585 532/532
f 576/576 585/585 531/531
f 585/585 568/568 532/532
f 576/576 531/531 571/571
f 568/568 587/587 567/567
f 567/567 587/587 569/569
f 590/590 578/578 566/566
f 564/564 578/578 590/590
f 564/564 590/590 591/591
f 527/527 587/587 584/584
f 592/592 587/587 527/527
f 587/587 592/592 569/569
f 586/586 527/527 584/584
f 588/588 527/527 586/586
f 525/525 527/527 588/588
f 526/526 592/592 527/527
f 590/590 593/593 594/594
f 590/590 566/566 593/593
f 569/569 595/595 91/91
f 566/566 570/570 593/593
f 588/588 596/596 529/529
f 575/575 596/596 589/589
f 596/596 588/588 589/589
f 589/589 576/576 575/575
f 591/591 583/583 564/564
f 529/529 525/525 588/588
f 597/597 529/529 596/596
f 530/530 529/529 597/597
f 598/598 599/599 600/600
f 601/601 599/599 598/598
f 602/602 577/577 603/603
f 599/599 604/604 600/600
f 600/600 604/604 605/605
f 605/605 604/604 606/606
f 606/606 604/604 607/607
f 607/607 602/602 606/606
f 608/608 609/609 610/610
f 608/608 612/612 609/609
f 614/614 611/611 608/608
f 615/615 611/611 614/614
f 615/615 618/618 611/611
f 617/617 616/616 619/619
f 620/620 621/621 619/619
f 613/613 620/620 616/616
f 620/620 619/619 616/616
f 623/623 624/624 626/626
f 627/627 628/628 629/629
f 631/631 632/632 633/633
f 627/627 634/634 635/635
f 628/628 627/627 635/635
f 634/634 626/626 624/624
f 631/631 636/636 625/625
f 631/631 633/633 636/636
f 631/631 625/625 622/622
f 628/628 598/598 600/600
f 609/609 628/628 600/600
f 600/600 637/637 609/609
f 638/638 621/621 639/639
f 639/639 640/640 638/638
f 640/640 639/639 641/641
f 598/598 628/628 601/601
f 642/642 638/638 643/643
f 644/644 645/645 643/643
f 646/646 643/643 645/645
f 640/640 643/643 638/638
f 644/644 643/643 640/640
f 644/644 647/647 649/649
f 650/650 647/647 644/644
f 652/652 648/648 651/651
f 581/581 653/653 654/654
f 612/612 628/628 609/609
f 629/629 628/628 612/612
f 623/623 626/626 630/630
f 656/656 623/623 630/630
f 656/656 630/630 611/611
f 611/611 618/618 656/656
f 632/632 655/655 619/619
f 655/655 632/632 622/622
f 632/632 631/631 622/622
f 621/621 638/638 619/619
f 619/619 638/638 632/632
f 617/617 619/619 655/655
f 632/632 638/638 633/633
f 657/657 652/652 658/658
f 657/657 658/658 659/659
f 660/660 530/530 661/661
f 663/663 660/660 661/661
f 664/664 665/665 666/666
f 662/662 666/666 665/665
f 667/667 668/668 669/669
f 667/667 664/664 668/668
f 670/670 669/669 671/671
f 669/669 670/670 667/667
f 671/671 672/672 670/670
f 673/673 670/670 672/672
f 673/673 672/672 636/636
f 673/673 636/636 674/674
f 675/675 676/676 677/677
f 675/675 677/677 678/678
f 676/676 664/664 667/667
f 636/636 679/679 681/681
f 665/665 664/664 676/676
f 683/683 681/681 684/684
f 681/681 686/686 688/688
f 682/682 690/690 687/687
f 681/681 683/683 686/686
f 689/689 687/687 690/690
f 681/681 691/691 674/674
f 667/667 677/677 676/676
f 670/670 677/677 667/667
f 673/673 674/674 692/692
f 636/636 681/681 674/674
f 674/674 691/691 692/692
f 677/677 670/670 678/678
f 673/673 678/678 670/670
f 673/673 693/693 678/678
f 692/692 693/693 673/673
f 694/694 695/695 574/574
f 696/696 604/604 698/698
f 700/700 696/696 698/698
f 697/697 701/701 694/694
f 563/563 577/577 574/574
f 694/694 574/574 577/577
f 599/599 698/698 604/604
f 601/601 698/698 599/599
f 604/604 696/696 607/607
f 607/607 694/694 602/602
f 607/607 697/697 694/694
f 577/577 602/602 694/694
f 661/661 597/597 596/596
f 661/661 596/596 575/575
f 695/695 575/575 574/574
f 695/695 661/661 575/575
f 661/661 530/530 597/597
f 702/702 583/583 591/591
f 591/591 703/703 702/702
f 704/704 702/702 703/703
f 701/701 663/663 695/695
f 698/698 664/664 666/666
f 700/700 698/698 666/666
f 706/706 707/707 680/680
f 709/709 680/680 710/710
f 663/663 701/701 699/699
f 662/662 700/700 666/666
f 710/710 680/680 707/707
f 701/701 695/695 694/694
f 699/699 701/701 697/697
f 711/711 713/713 714/714
f 718/718 713/713 711/711
f 714/714 713/713 720/720
f 714/714 720/720 723/723
f 723/723 720/720 705/705
f 713/713 718/718 720/720
f 661/661 695/695 663/663
f 710/710 685/685 709/709
f 668/668 698/698 635/635
f 635/635 669/669 668/668
f 628/628 635/635 601/601
f 635/635 698/698 601/601
f 725/725 726/726 727/727
f 642/642 726/726 633/633
f 633/633 726/726 728/728
f 638/638 642/642 633/633
f 668/668 664/664 698/698
f 679/679 728/728 723/723
f 723/723 728/728 729/729
f 727/727 732/732 725/725
f 734/734 732/732 727/727
f 735/735 731/731 733/733
f 737/737 725/725 732/732
f 729/729 725/725 737/737
f 729/729 726/726 725/725
f 728/728 726/726 729/729
f 735/735 738/738 731/731
f 635/635 634/634 669/669
f 671/671 669/669 634/634
f 624/624 671/671 634/634
f 636/636 633/633 728/728
f 672/672 671/671 624/624
f 625/625 636/636 672/672
f 739/739 735/735 657/657
f 740/740 642/642 646/646
f 741/741 740/740 646/646
f 726/726 642/642 740/740
f 649/649 742/742 646/646
f 646/646 645/645 649/649
f 741/741 646/646 742/742
f 741/741 742/742 744/744
f 745/745 741/741 744/744
f 747/747 746/746 743/743
f 646/646 642/642 643/643
f 727/727 726/726 740/740
f 747/747 733/733 746/746
f 657/657 747/747 652/652
f 747/747 657/657 735/735
f 649/649 647/647 742/742
f 742/742 647/647 744/744
f 581/581 580/580 653/653
f 652/652 743/743 648/648
f 743/743 652/652 747/747
f 580/580 582/582 653/653
f 733/733 747/747 735/735
f 582/582 748/748 653/653
f 749/749 748/748 582/582
f 705/705 679/679 723/723
f 751/751 738/738 735/735
f 679/679 708/708 681/681
f 751/751 707/707 738/738
f 751/751 710/710 707/707
f 636/636 728/728 679/679
f 752/752 751/751 735/735
f 710/710 753/753 685/685
f 708/708 684/684 681/681
f 682/682 685/685 753/753
f 751/751 752/752 754/754
f 755/755 754/754 752/752
f 756/756 754/754 755/755
f 750/750 702/702 757/757
f 735/735 739/739 752/752
f 739/739 755/755 752/752
f 749/749 759/759 760/760
f 758/758 750/750 761/761
f 762/762 763/763 764/764
f 765/765 592/592 526/526
f 766/766 592/592 765/765
f 569/569 592/592 766/766
f 767/767 768/768 769/769
f 770/770 526/526 525/525
f 770/770 765/765 526/526
f 528/528 770/770 525/525
f 771/771 590/590 594/594
f 591/591 590/590 771/771
f 770/770 772/772 765/765
f 765/765 772/772 766/766
f 770/770 767/767 773/773
f 773/773 772/772 770/770
f 594/594 774/774 771/771
f 775/775 774/774 594/594
f 767/767 770/770 530/530
f 768/768 767/767 530/530
f 530/530 770/770 528/528
f 771/771 776/776 591/591
f 766/766 772/772 777/777
f 778/778 772/772 773/773
f 773/773 767/767 778/778
f 778/778 777/777 772/772
f 778/778 767/767 769/769
f 779/779 777/777 778/778
f 780/780 779/779 778/778
f 777/777 781/781 766/766
f 781/781 777/777 779/779
f 776/776 771/771 782/782
f 771/771 774/774 782/782
f 774/774 783/783 782/782
f 775/775 783/783 774/774
f 784/784 570/570 93/93
f 775/775 594/594 593/593
f 766/766 595/595 569/569
f 570/570 775/775 593/593
f 570/570 785/785 775/775
f 785/785 786/786 775/775
f 570/570 784/784 785/785
f 785/785 787/787 786/786
f 784/784 787/787 785/785
f 595/595 788/788 91/91
f 784/784 789/789 787/787
f 788/788 595/595 790/790
f 791/791 787/787 789/789
f 792/792 768/768 530/530
f 776/776 703/703 591/591
f 792/792 530/530 660/660
f 792/792 660/660 793/793
f 792/792 793/793 768/768
f 769/769 780/780 778/778
f 780/780 769/769 794/794
f 794/794 795/795 780/780
f 769/769 793/793 794/794
f 793/793 769/769 768/768
f 795/795 794/794 796/796
f 797/797 794/794 793/793
f 776/776 798/798 703/703
f 798/798 799/799 703/703
f 704/704 703/703 799/799
f 800/800 662/662 665/665
f 801/801 660/660 663/663
f 802/802 704/704 799/799
f 793/793 660/660 797/797
f 803/803 797/797 660/660
f 800/800 665/665 805/805
f 804/804 800/800 805/805
f 660/660 801/801 803/803
f 806/806 797/797 803/803
f 808/808 809/809 795/795
f 810/810 808/808 796/796
f 811/811 808/808 810/810
f 808/808 812/812 809/809
f 813/813 810/810 796/796
f 811/811 812/812 808/808
f 781/781 809/809 812/812
f 812/812 814/814 781/781
f 811/811 810/810 815/815
f 816/816 815/815 810/810
f 814/814 811/811 815/815
f 811/811 814/814 812/812
f 817/817 783/783 818/818
f 810/810 813/813 819/819
f 797/797 820/820 819/819
f 816/816 810/810 819/819
f 821/821 816/816 819/819
f 815/815 816/816 822/822
f 823/823 816/816 821/821
f 821/821 819/819 820/820
f 823/823 821/821 820/820
f 824/824 822/822 823/823
f 823/823 822/822 816/816
f 825/825 826/826 827/827
f 795/795 809/809 780/780
f 809/809 779/779 780/780
f 809/809 781/781 779/779
f 795/795 796/796 808/808
f 782/782 783/783 828/828
f 781/781 595/595 766/766
f 829/829 783/783 775/775
f 796/796 794/794 813/813
f 797/797 813/813 794/794
f 782/782 828/828 776/776
f 783/783 817/817 828/828
f 828/828 817/817 826/826
f 786/786 829/829 775/775
f 797/797 819/819 813/813
f 825/825 776/776 828/828
f 776/776 825/825 798/798
f 828/828 826/826 825/825
f 806/806 820/820 797/797
f 799/799 798/798 825/825
f 675/675 805/805 676/676
f 830/830 805/805 675/675
f 831/831 830/830 675/675
f 832/832 678/678 693/693
f 692/692 832/832 693/693
f 678/678 831/831 675/675
f 832/832 833/833 834/834
f 834/834 833/833 835/835
f 835/835 836/836 834/834
f 834/834 837/837 832/832
f 676/676 805/805 665/665
f 838/838 839/839 840/840
f 840/840 839/839 844/844
f 847/847 833/833 838/838
f 841/841 850/850 849/849
f 842/842 847/847 838/838
f 691/691 838/838 833/833
f 852/852 854/854 689/689
f 681/681 688/688 855/855
f 856/856 857/857 853/853
f 852/852 857/857 854/854
f 681/681 855/855 838/838
f 689/689 690/690 852/852
f 856/856 853/853 690/690
f 754/754 856/856 690/690
f 857/857 859/859 854/854
f 838/838 855/855 858/858
f 838/838 858/858 839/839
f 850/850 859/859 857/857
f 860/860 850/850 857/857
f 860/860 857/857 856/856
f 859/859 850/850 843/843
f 858/858 845/845 839/839
f 841/841 843/843 850/850
f 681/681 838/838 691/691
f 754/754 756/756 856/856
f 756/756 860/860 856/856
f 861/861 860/860 756/756
f 757/757 802/802 862/862
f 804/804 805/805 863/863
f 865/865 866/866 846/846
f 847/847 868/868 833/833
f 864/864 848/848 851/851
f 870/870 867/867 871/871
f 871/871 875/875 870/870
f 833/833 868/868 869/869
f 866/866 865/865 876/876
f 865/865 871/871 876/876
f 871/871 866/866 876/876
f 833/833 869/869 877/877
f 877/877 869/869 873/873
f 860/860 874/874 872/872
f 804/804 863/863 807/807
f 878/878 877/877 873/873
f 860/860 864/864 850/850
f 881/881 880/880 860/860
f 835/835 877/877 878/878
f 883/883 881/881 860/860
f 860/860 880/880 874/874
f 861/861 883/883 860/860
f 833/833 692/692 691/691
f 832/832 692/692 833/833
f 884/884 761/761 757/757
f 884/884 757/757 885/885
f 885/885 862/862 886/886
f 861/861 887/887 888/888
f 885/885 757/757 862/862
f 884/884 885/885 886/886
f 889/889 823/823 820/820
f 890/890 889/889 820/820
f 889/889 891/891 863/863
f 805/805 830/830 863/863
f 892/892 889/889 863/863
f 893/893 894/894 827/827
f 895/895 896/896 836/836
f 895/895 836/836 897/897
f 834/834 836/836 896/896
f 834/834 896/896 899/899
f 900/900 837/837 834/834
f 830/830 901/901 892/892
f 830/830 892/892 863/863
f 902/902 898/898 904/904
f 897/897 903/903 895/895
f 905/905 904/904 861/861
f 905/905 902/902 904/904
f 906/906 896/896 907/907
f 906/906 899/899 896/896
f 896/896 895/895 907/907
f 903/903 907/907 895/895
f 890/890 820/820 806/806
f 891/891 807/807 863/863
f 908/908 835/835 878/878
f 835/835 908/908 836/836
f 879/879 882/882 909/909
f 882/882 910/910 909/909
f 883/883 911/911 881/881
f 898/898 911/911 883/883
f 799/799 886/886 862/862
f 897/897 909/909 910/910
f 909/909 897/897 836/836
f 799/799 825/825 894/894
f 827/827 894/894 825/825
f 904/904 898/898 883/883
f 904/904 883/883 861/861
f 886/886 799/799 894/894
f 886/886 894/894 893/893
f 704/704 802/802 702/702
f 702/702 802/802 757/757
f 750/750 757/757 761/761
f 912/912 814/814 815/815
f 913/913 814/814 912/912
f 914/914 814/814 913/913
f 781/781 814/814 914/914
f 915/915 916/916 912/912
f 915/915 912/912 822/822
f 917/917 915/915 822/822
f 822/822 912/912 815/815
f 826/826 817/817 827/827
f 827/827 817/817 918/918
f 913/913 912/912 916/916
f 913/913 916/916 914/914
f 818/818 918/918 817/817
f 917/917 822/822 824/824
f 919/919 916/916 915/915
f 916/916 919/919 920/920
f 921/921 919/919 915/915
f 922/922 921/921 915/915
f 923/923 919/919 924/924
f 924/924 919/919 921/921
f 924/924 921/921 922/922
f 920/920 914/914 916/916
f 925/925 818/818 926/926
f 827/827 918/918 927/927
f 918/918 818/818 927/927
f 927/927 818/818 925/925
f 928/928 827/827 927/927
f 781/781 914/914 595/595
f 818/818 783/783 926/926
f 829/829 926/926 783/783
f 829/829 786/786 926/926
f 929/929 926/926 786/786
f 786/786 791/791 929/929
f 919/919 923/923 930/930
f 931/931 923/923 924/924
f 930/930 920/920 919/919
f 932/932 920/920 930/930
f 933/933 923/923 931/931
f 933/933 930/930 923/923
f 932/932 595/595 914/914
f 927/927 925/925 928/928
f 914/914 920/920 932/932
f 926/926 934/934 925/925
f 934/934 935/935 925/925
f 930/930 933/933 936/936
f 932/932 937/937 790/790
f 938/938 935/935 934/934
f 938/938 926/926 929/929
f 938/938 934/934 926/926
f 932/932 790/790 595/595
f 917/917 922/922 915/915
f 939/939 922/922 917/917
f 940/940 941/941 939/939
f 823/823 917/917 824/824
f 939/939 917/917 823/823
f 889/889 939/939 823/823
f 889/889 940/940 939/939
f 889/889 892/892 940/940
f 942/942 922/922 939/939
f 924/924 922/922 943/943
f 939/939 941/941 942/942
f 942/942 941/941 944/944
f 942/942 943/943 922/922
f 943/943 942/942 944/944
f 901/901 940/940 892/892
f 899/899 906/906 945/945
f 946/946 945/945 906/906
f 906/906 947/947 946/946
f 948/948 907/907 903/903
f 948/948 906/906 907/907
f 950/950 949/949 902/902
f 950/950 905/905 951/951
f 905/905 950/950 902/902
f 952/952 951/951 905/905
f 940/940 944/944 941/941
f 953/953 944/944 940/940
f 906/906 954/954 947/947
f 954/954 906/906 948/948
f 951/951 949/949 950/950
f 947/947 954/954 955/955
f 893/893 827/827 956/956
f 957/957 893/893 956/956
f 924/924 943/943 931/931
f 928/928 956/956 827/827
f 943/943 958/958 931/931
f 943/943 944/944 958/958
f 956/956 928/928 959/959
f 925/925 935/935 928/928
f 960/960 936/936 933/933
f 930/930 936/936 932/932
f 931/931 960/960 933/933
f 959/959 928/928 935/935
f 937/937 932/932 936/936
f 961/961 936/936 960/960
f 762/762 936/936 961/961
f 962/962 935/935 963/963
f 964/964 931/931 958/958
f 964/964 960/960 931/931
f 964/964 961/961 960/960
f 763/763 961/961 964/964
f 762/762 961/961 763/763
f 956/956 959/959 965/965
f 938/938 963/963 935/935
f 966/966 967/967 944/944
f 967/967 958/958 944/944
f 944/944 953/953 968/968
f 968/968 966/966 944/944
f 964/964 958/958 967/967
f 964/964 967/967 969/969
f 966/966 969/969 967/967
f 955/955 954/954 970/970
f 954/954 971/971 970/970
f 971/971 954/954 948/948
f 969/969 966/966 968/968
f 970/970 971/971 973/973
f 973/973 971/971 974/974
f 969/969 763/763 964/964
f 976/976 956/956 965/965
f 977/977 978/978 969/969
f 968/968 979/979 969/969
f 980/980 969/969 979/979
f 980/980 977/977 969/969
f 787/787 791/791 786/786
f 981/981 659/659 658/658
f 982/982 659/659 981/981
f 983/983 982/982 984/984
f 756/756 755/755 887/887
f 739/739 657/657 659/659
f 748/748 985/985 653/653
f 986/986 739/739 659/659
f 659/659 982/982 986/986
f 748/748 749/749 760/760
f 987/987 739/739 986/986
f 985/985 748/748 988/988
f 759/759 989/989 760/760
f 987/987 755/755 739/739
f 759/759 990/990 989/989
f 986/986 992/992 987/987
f 987/987 992/992 755/755
f 760/760 989/989 993/993
f 992/992 887/887 755/755
f 994/994 887/887 992/992
f 993/993 995/995 760/760
f 983/983 986/986 982/982
f 996/996 985/985 988/988
f 997/997 988/988 748/748
f 998/998 999/999 992/992
f 983/983 992/992 986/986
f 748/748 760/760 997/997
f 1000/1000 992/992 983/983
f 999/999 994/994 992/992
f 997/997 760/760 995/995
f 1001/1001 997/997 995/995
f 999/999 1002/1002 1003/1003
f 1000/1000 998/998 992/992
f 1004/1004 988/988 997/997
f 1005/1005 1004/1004 997/997
f 1002/1002 999/999 998/998
f 1005/1005 997/997 1001/1001
f 1006/1006 985/985 996/996
f 983/983 984/984 1007/1007
f 996/996 988/988 1008/1008
f 1006/1006 996/996 1008/1008
f 988/988 1004/1004 1008/1008
f 1004/1004 1005/1005 1009/1009
f 1009/1009 1010/1010 1004/1004
f 1011/1011 983/983 1007/1007
f 983/983 1011/1011 1000/1000
f 1000/1000 1011/1011 998/998
f 1008/1008 1004/1004 1012/1012
f 1002/1002 998/998 1013/1013
f 1002/1002 1013/1013 1003/1003
f 1003/1003 1013/1013 1014/1014
f 1010/1010 1012/1012 1004/1004
f 1015/1015 1012/1012 1010/1010
f 1016/1016 1017/1017 901/901
f 1018/1018 1016/1016 1019/1019
f 940/940 901/901 1017/1017
f 1018/1018 1019/1019 1020/1020
f 1021/1021 940/940 1017/1017
f 1021/1021 953/953 940/940
f 1022/1022 1016/1016 1018/1018
f 1022/1022 1018/1018 1020/1020
f 1021/1021 1017/1017 1016/1016
f 1022/1022 1020/1020 1023/1023
f 1016/1016 1022/1022 1024/1024
f 1022/1022 1023/1023 1025/1025
f 1025/1025 1024/1024 1022/1022
f 1026/1026 953/953 1021/1021
f 1026/1026 968/968 953/953
f 1023/1023 1027/1027 1028/1028
f 968/968 1026/1026 979/979
f 1026/1026 1021/1021 1029/1029
f 1028/1028 1025/1025 1023/1023
f 1028/1028 1030/1030 1025/1025
f 1029/1029 1021/1021 1016/1016
f 1029/1029 1016/1016 1024/1024
f 1024/1024 1032/1032 1029/1029
f 1031/1031 1024/1024 1025/1025
f 1030/1030 1031/1031 1025/1025
f 1033/1033 1029/1029 1032/1032
f 1029/1029 1034/1034 1026/1026
f 1035/1035 1030/1030 1028/1028
f 1031/1031 1030/1030 1033/1033
f 1035/1035 1036/1036 1030/1030
f 1034/1034 1029/1029 1033/1033
f 1034/1034 1037/1037 1026/1026
f 1038/1038 1037/1037 1034/1034
f 1033/1033 1038/1038 1034/1034
f 1033/1033 1030/1030 1036/1036
f 678/678 832/832 1039/1039
f 831/831 678/678 1039/1039
f 831/831 1040/1040 830/830
f 1039/1039 1040/1040 831/831
f 901/901 830/830 1040/1040
f 1039/1039 832/832 837/837
f 1041/1041 1039/1039 837/837
f 991/991 758/758 884/884
f 861/861 756/756 887/887
f 993/993 990/990 1042/1042
f 1044/1044 991/991 884/884
f 1039/1039 1041/1041 1040/1040
f 1040/1040 1016/1016 901/901
f 834/834 899/899 900/900
f 1040/1040 1019/1019 1016/1016
f 1019/1019 1040/1040 1041/1041
f 837/837 900/900 1041/1041
f 900/900 899/899 945/945
f 1041/1041 900/900 945/945
f 945/945 1019/1019 1041/1041
f 1019/1019 945/945 1020/1020
f 952/952 861/861 888/888
f 1044/1044 884/884 886/886
f 952/952 905/905 861/861
f 952/952 888/888 1045/1045
f 1044/1044 886/886 893/893
f 1046/1046 1044/1044 893/893
f 888/888 887/887 994/994
f 1047/1047 1042/1042 1048/1048
f 1049/1049 1047/1047 1048/1048
f 994/994 1045/1045 888/888
f 1050/1050 1001/1001 1049/1049
f 1045/1045 994/994 1051/1051
f 1052/1052 994/994 1003/1003
f 1052/1052 1051/1051 994/994
f 1048/1048 1054/1054 1049/1049
f 1014/1014 1052/1052 1003/1003
f 1050/1050 1049/1049 1054/1054
f 1043/1043 1044/1044 1046/1046
f 1043/1043 991/991 1044/1044
f 1053/1053 1043/1043 1046/1046
f 1055/1055 952/952 1045/1045
f 1056/1056 1051/1051 1052/1052
f 1054/1054 1048/1048 1042/1042
f 1055/1055 1045/1045 1051/1051
f 1058/1058 1053/1053 1046/1046
f 1059/1059 1058/1058 1046/1046
f 758/758 761/761 884/884
f 993/993 989/989 990/990
f 1047/1047 993/993 1042/1042
f 1060/1060 995/995 993/993
f 993/993 1047/1047 1060/1060
f 1003/1003 994/994 999/999
f 1001/1001 995/995 1060/1060
f 1001/1001 1060/1060 1047/1047
f 1049/1049 1001/1001 1047/1047
f 1005/1005 1001/1001 1050/1050
f 946/946 1020/1020 945/945
f 947/947 1023/1023 946/946
f 1023/1023 1020/1020 946/946
f 947/947 1027/1027 1023/1023
f 1061/1061 1062/1062 951/951
f 956/956 976/976 957/957
f 1063/1063 951/951 952/952
f 1063/1063 1061/1061 951/951
f 1059/1059 957/957 976/976
f 955/955 1027/1027 947/947
f 955/955 970/970 1027/1027
f 951/951 1062/1062 949/949
f 949/949 1062/1062 972/972
f 1062/1062 975/975 972/972
f 1061/1061 975/975 1062/1062
f 1064/1064 973/973 974/974
f 1065/1065 976/976 965/965
f 1061/1061 1066/1066 975/975
f 1063/1063 1067/1067 1061/1061
f 1067/1067 1066/1066 1061/1061
f 952/952 1055/1055 1063/1063
f 976/976 1068/1068 1059/1059
f 1046/1046 893/893 957/957
f 957/957 1059/1059 1046/1046
f 1068/1068 976/976 1065/1065
f 1069/1069 1068/1068 1065/1065
f 1070/1070 1065/1065 1071/1071
f 1069/1069 1065/1065 1070/1070
f 1072/1072 1068/1068 1069/1069
f 1069/1069 1070/1070 1073/1073
f 1073/1073 1074/1074 1072/1072
f 1072/1072 1069/1069 1073/1073
f 1056/1056 1052/1052 1014/1014
f 1050/1050 1010/1010 1009/1009
f 1075/1075 1010/1010 1050/1050
f 1076/1076 1056/1056 1014/1014
f 1077/1077 1050/1050 1054/1054
f 1077/1077 1054/1054 1057/1057
f 1078/1078 1051/1051 1056/1056
f 1076/1076 1078/1078 1056/1056
f 1077/1077 1075/1075 1050/1050
f 1078/1078 1076/1076 1079/1079
f 1080/1080 1075/1075 1077/1077
f 1080/1080 1081/1081 1075/1075
f 1081/1081 1082/1082 1075/1075
f 1005/1005 1050/1050 1009/1009
f 1010/1010 1075/1075 1015/1015
f 1075/1075 1083/1083 1015/1015
f 1063/1063 1055/1055 1084/1084
f 1078/1078 1084/1084 1055/1055
f 1084/1084 1078/1078 1085/1085
f 1078/1078 1055/1055 1051/1051
f 1068/1068 1058/1058 1059/1059
f 1058/1058 1068/1068 1086/1086
f 1080/1080 1077/1077 1087/1087
f 1057/1057 1087/1087 1077/1077
f 1088/1088 1058/1058 1086/1086
f 1085/1085 1078/1078 1079/1079
f 1067/1067 1063/1063 1084/1084
f 1068/1068 1072/1072 1074/1074
f 1089/1089 1074/1074 1090/1090
f 1073/1073 1090/1090 1074/1074
f 1068/1068 1074/1074 1089/1089
f 1091/1091 1067/1067 1084/1084
f 1089/1089 1090/1090 1092/1092
f 1086/1086 1068/1068 1089/1089
f 1091/1091 1084/1084 1085/1085
f 1093/1093 1091/1091 1085/1085
f 1094/1094 1089/1089 1095/1095
f 1096/1096 1086/1086 1089/1089
f 1096/1096 1089/1089 1094/1094
f 1098/1098 1088/1088 1086/1086
f 1080/1080 1087/1087 1097/1097
f 1099/1099 1080/1080 1097/1097
f 1081/1081 1080/1080 1099/1099
f 1085/1085 1079/1079 1100/1100
f 1101/1101 1081/1081 1099/1099
f 1102/1102 1085/1085 1100/1100
f 1102/1102 1100/1100 1079/1079
f 1086/1086 1096/1096 1094/1094
f 1098/1098 1086/1086 1103/1103
f 1103/1103 1086/1086 1094/1094
f 1094/1094 1104/1104 1103/1103
f 1105/1105 1103/1103 1104/1104
f 1104/1104 1106/1106 1105/1105
f 1106/1106 1107/1107 1105/1105
f 1108/1108 1099/1099 1097/1097
f 1109/1109 1093/1093 1085/1085
f 1110/1110 1097/1097 1111/1111
f 1098/1098 1103/1103 1112/1112
f 1103/1103 1113/1113 1112/1112
f 1105/1105 1107/1107 1113/1113
f 1115/1115 1112/1112 1113/1113
f 1113/1113 1117/1117 1115/1115
f 1108/1108 1097/1097 1110/1110
f 1118/1118 1093/1093 1109/1109
f 1119/1119 1120/1120 33/33
f 10/10 1121/1121 1122/1122
f 1122/1122 3/3 10/10
f 1119/1119 1123/1123 1122/1122
f 539/539 5/5 1/1
f 2/2 1/1 5/5
f 545/545 1/1 1124/1124
f 1123/1123 1125/1125 1124/1124
f 545/545 539/539 1/1
f 1124/1124 1125/1125 545/545
f 1124/1124 1/1 3/3
f 1124/1124 3/3 1123/1123
f 1126/1126 35/35 1127/1127
f 36/36 31/31 35/35
f 1126/1126 36/36 35/35
f 1123/1123 3/3 1122/1122
f 36/36 1126/1126 1128/1128
f 1129/1129 1125/1125 1123/1123
f 554/554 1129/1129 1119/1119
f 554/554 545/545 1125/1125
f 554/554 1125/1125 1129/1129
f 1129/1129 1123/1123 1119/1119
f 554/554 1119/1119 562/562
f 1120/1120 26/26 25/25
f 33/33 1120/1120 25/25
f 1121/1121 10/10 26/26
f 10/10 9/9 26/26
f 1120/1120 1121/1121 26/26
f 1130/1130 29/29 36/36
f 1120/1120 1122/1122 1121/1121
f 1119/1119 1122/1122 1120/1120
f 25/25 28/28 33/33
f 1130/1130 1131/1131 29/29
f 1128/1128 1130/1130 36/36
f 1132/1132 1130/1130 1128/1128
f 1130/1130 1132/1132 1131/1131
f 33/33 1133/1133 1119/1119
f 581/581 1128/1128 560/560
f 1132/1132 1128/1128 581/581
f 1134/1134 562/562 1119/1119
f 1135/1135 1132/1132 581/581
f 1131/1131 1132/1132 1136/1136
f 79/79 33/33 78/78
f 78/78 33/33 32/32
f 86/86 83/83 90/90
f 1131/1131 86/86 90/90
f 33/33 79/79 1137/1137
f 1138/1138 1131/1131 1136/1136
f 1138/1138 86/86 1131/1131
f 86/86 1139/1139 84/84
f 79/79 82/82 250/250
f 79/79 250/250 1137/1137
f 1139/1139 86/86 1138/1138
f 1131/1131 90/90 29/29
f 1137/1137 1133/1133 33/33
f 216/216 1139/1139 1138/1138
f 216/216 253/253 1139/1139
f 1137/1137 250/250 219/219
f 5/5 539/539 4/4
f 12/12 4/4 540/540
f 558/558 1127/1127 565/565
f 1127/1127 558/558 1126/1126
f 1127/1127 38/38 565/565
f 38/38 1127/1127 35/35
f 566/566 565/565 38/38
f 38/38 93/93 566/566
f 558/558 560/560 1126/1126
f 1128/1128 1126/1126 560/560
f 91/91 195/195 68/68
f 581/581 560/560 555/555
f 1140/1140 204/204 637/637
f 1140/1140 637/637 605/605
f 1140/1140 605/605 1141/1141
f 1119/1119 1133/1133 1134/1134
f 1134/1134 1142/1142 1143/1143
f 1143/1143 562/562 1134/1134
f 603/603 577/577 562/562
f 603/603 562/562 1143/1143
f 600/600 605/605 637/637
f 1141/1141 605/605 606/606
f 606/606 1144/1144 1141/1141
f 1144/1144 1145/1145 1141/1141
f 1144/1144 603/603 1143/1143
f 1145/1145 1144/1144 1143/1143
f 603/603 1144/1144 602/602
f 602/602 1144/1144 606/606
f 1146/1146 1136/1136 1132/1132
f 1135/1135 1146/1146 1132/1132
f 610/610 637/637 204/204
f 610/610 609/609 637/637
f 1145/1145 1147/1147 1141/1141
f 1143/1143 1147/1147 1145/1145
f 1148/1148 1150/1150 1151/1151
f 1152/1152 1151/1151 1150/1150
f 1152/1152 1148/1148 1151/1151
f 203/203 608/608 610/610
f 207/207 608/608 203/203
f 608/608 207/207 614/614
f 207/207 1154/1154 614/614
f 610/610 204/204 203/203
f 1154/1154 207/207 206/206
f 206/206 296/296 1154/1154
f 620/620 1154/1154 296/296
f 296/296 1155/1155 620/620
f 1155/1155 296/296 297/297
f 1155/1155 297/297 1156/1156
f 1155/1155 1157/1157 620/620
f 620/620 1157/1157 639/639
f 620/620 639/639 621/621
f 1154/1154 620/620 613/613
f 1140/1140 1158/1158 204/204
f 209/209 1158/1158 1159/1159
f 209/209 211/211 204/204
f 1158/1158 209/209 204/204
f 205/205 204/204 211/211
f 210/210 209/209 1159/1159
f 1159/1159 1160/1160 1162/1162
f 1164/1164 1142/1142 218/218
f 1163/1163 218/218 230/230
f 218/218 1163/1163 1164/1164
f 1165/1165 231/231 1166/1166
f 1165/1165 1166/1166 1167/1167
f 1162/1162 229/229 1159/1159
f 1140/1140 1141/1141 1169/1169
f 1169/1169 1158/1158 1140/1140
f 1170/1170 1143/1143 1142/1142
f 1142/1142 1164/1164 1170/1170
f 1169/1169 1159/1159 1158/1158
f 1160/1160 1159/1159 1169/1169
f 1160/1160 1169/1169 1171/1171
f 1165/1165 1172/1172 1174/1174
f 1170/1170 1164/1164 1161/1161
f 1169/1169 1141/1141 1147/1147
f 1147/1147 1143/1143 1170/1170
f 1147/1147 1171/1171 1169/1169
f 1174/1174 1152/1152 1176/1176
f 1176/1176 1152/1152 1150/1150
f 1152/1152 1174/1174 1172/1172
f 1165/1165 1175/1175 1177/1177
f 1173/1173 1168/1168 1178/1178
f 1173/1173 1178/1178 1179/1179
f 1179/1179 1180/1180 1173/1173
f 1173/1173 1180/1180 1153/1153
f 1164/1164 1163/1163 1161/1161
f 1167/1167 1172/1172 1165/1165
f 231/231 233/233 1166/1166
f 233/233 1167/1167 1166/1166
f 240/240 324/324 1178/1178
f 1178/1178 1168/1168 240/240
f 1181/1181 1182/1182 1146/1146
f 1183/1183 1184/1184 1185/1185
f 1184/1184 1186/1186 1185/1185
f 1188/1188 1189/1189 1184/1184
f 1186/1186 1184/1184 1189/1189
f 1186/1186 1189/1189 1148/1148
f 1180/1180 1187/1187 1149/1149
f 1150/1150 1148/1148 1188/1188
f 1148/1148 1189/1189 1188/1188
f 1153/1153 1180/1180 1149/1149
f 1181/1181 1146/1146 1135/1135
f 650/650 1185/1185 1186/1186
f 1180/1180 651/651 1187/1187
f 1181/1181 1135/1135 581/581
f 1181/1181 581/581 654/654
f 652/652 651/651 1180/1180
f 658/658 1180/1180 1190/1190
f 1190/1190 1180/1180 1179/1179
f 1190/1190 1179/1179 338/338
f 1181/1181 654/654 1182/1182
f 658/658 652/652 1180/1180
f 1133/1133 1137/1137 218/218
f 216/216 1138/1138 1191/1191
f 1191/1191 1138/1138 1136/1136
f 1142/1142 1134/1134 1133/1133
f 218/218 1142/1142 1133/1133
f 237/237 1191/1191 1136/1136
f 218/218 1137/1137 219/219
f 1191/1191 237/237 217/217
f 216/216 1191/1191 217/217
f 227/227 210/210 1159/1159
f 1159/1159 229/229 227/227
f 241/241 233/233 235/235
f 241/241 1167/1167 233/233
f 238/238 1136/1136 1146/1146
f 1146/1146 242/242 238/238
f 237/237 1136/1136 238/238
f 175/175 248/248 82/82
f 177/177 84/84 1139/1139
f 177/177 164/164 84/84
f 177/177 179/179 176/176
f 248/248 175/175 178/178
f 256/256 179/179 177/177
f 177/177 1139/1139 253/253
f 262/262 185/185 187/187
f 266/266 185/185 262/262
f 185/185 266/266 193/193
f 784/784 93/93 92/92
f 784/784 92/92 1192/1192
f 784/784 1192/1192 789/789
f 201/201 195/195 91/91
f 201/201 91/91 1193/1193
f 1193/1193 91/91 788/788
f 789/789 1192/1192 1194/1194
f 200/200 1192/1192 92/92
f 200/200 1194/1194 1192/1192
f 200/200 1195/1195 1194/1194
f 200/200 202/202 1195/1195
f 1196/1196 1146/1146 1182/1182
f 338/338 1179/1179 1178/1178
f 1178/1178 324/324 336/336
f 1197/1197 1196/1196 1182/1182
f 1196/1196 1197/1197 330/330
f 981/981 658/658 1190/1190
f 981/981 1190/1190 338/338
f 1197/1197 1182/1182 654/654
f 1197/1197 654/654 653/653
f 338/338 1178/1178 336/336
f 341/341 330/330 1197/1197
f 982/982 981/981 984/984
f 653/653 341/341 1197/1197
f 341/341 653/653 985/985
f 328/328 242/242 1146/1146
f 328/328 1146/1146 1196/1196
f 325/325 336/336 324/324
f 330/330 328/328 1196/1196
f 340/340 329/329 330/330
f 338/338 342/342 981/981
f 340/340 330/330 341/341
f 342/342 984/984 981/981
f 1198/1198 341/341 985/985
f 1006/1006 1198/1198 985/985
f 302/302 1199/1199 1156/1156
f 302/302 232/232 1199/1199
f 231/231 1199/1199 232/232
f 232/232 322/322 234/234
f 234/234 233/233 232/232
f 302/302 1156/1156 297/297
f 316/316 312/312 315/315
f 303/303 323/323 302/302
f 323/323 232/232 302/302
f 323/323 322/322 232/232
f 303/303 316/316 323/323
f 355/355 365/365 362/362
f 374/374 365/365 373/373
f 374/374 373/373 375/375
f 375/375 373/373 380/380
f 381/381 375/375 380/380
f 1200/1200 389/389 372/372
f 380/380 389/389 1200/1200
f 381/381 380/380 1200/1200
f 1200/1200 390/390 381/381
f 388/388 381/381 390/390
f 1200/1200 397/397 390/390
f 1201/1201 315/315 411/411
f 1201/1201 413/413 315/315
f 359/359 424/424 356/356
f 1201/1201 411/411 424/424
f 1201/1201 424/424 417/417
f 417/417 413/413 1201/1201
f 424/424 359/359 361/361
f 424/424 428/428 417/417
f 361/361 428/428 424/424
f 361/361 432/432 428/428
f 365/365 460/460 362/362
f 438/438 460/460 365/365
f 365/365 374/374 438/438
f 1200/1200 372/372 502/502
f 508/508 513/513 509/509
f 509/509 1200/1200 502/502
f 1200/1200 509/509 397/397
f 641/641 1183/1183 640/640
f 640/640 1183/1183 644/644
f 644/644 1183/1183 1185/1185
f 644/644 1185/1185 650/650
f 649/649 645/645 644/644
f 754/754 690/690 682/682
f 736/736 738/738 730/730
f 731/731 738/738 736/736
f 745/745 740/740 741/741
f 727/727 740/740 745/745
f 727/727 745/745 734/734
f 738/738 707/707 706/706
f 719/719 712/712 1204/1204
f 712/712 716/716 1206/1206
f 715/715 724/724 1205/1205
f 723/723 729/729 1202/1202
f 730/730 738/738 1203/1203
f 738/738 722/722 1203/1203
f 721/721 717/717 1207/1207
f 738/738 706/706 722/722
f 702/702 750/750 583/583
f 753/753 710/710 751/751
f 682/682 753/753 754/754
f 753/753 751/751 754/754
f 860/860 872/872 864/864
f 862/862 802/802 799/799
f 835/835 833/833 877/877
f 1027/1027 1064/1064 1028/1028
f 973/973 1064/1064 970/970
f 1027/1027 970/970 1064/1064
f 1111/1111 1114/1114 1110/1110
f 1113/1113 1103/1103 1105/1105
f 1110/1110 1114/1114 1116/1116
f 1110/1110 1116/1116 1209/1209
f 639/639 1157/1157 641/641
f 1210/1210 641/641 1157/1157
f 1210/1210 1188/1188 641/641
f 1150/1150 1210/1210 1177/1177
f 1177/1177 1176/1176 1150/1150
f 1211/1211 1177/1177 1210/1210
f 1211/1211 1210/1210 1157/1157
f 1177/1177 231/231 1165/1165
f 1177/1177 1211/1211 231/231
f 1175/1175 1176/1176 1177/1177
f 1199/1199 1211/1211 1157/1157
f 1199/1199 231/231 1211/1211
f 1156/1156 1199/1199 1155/1155
f 1155/1155 1199/1199 1157/1157
f 1183/1183 1188/1188 1184/1184
f 1183/1183 641/641 1188/1188
f 1210/1210 1150/1150 1188/1188
f 1212/1212 1213/1213 1214/1214
f 1215/1215 1213/1213 1212/1212
f 1213/1213 1215/1215 1216/1216
f 137/137 138/138 1217/1217
f 1218/1218 137/137 1217/1217
f 135/135 137/137 1218/1218
f 143/143 135/135 1219/1219
f 135/135 1218/1218 1219/1219
f 1220/1220 1218/1218 1217/1217
f 1219/1219 1218/1218 1220/1220
f 1220/1220 1217/1217 1221/1221
f 1222/1222 1217/1217 138/138
f 139/139 141/141 1223/1223
f 1223/1223 141/141 1224/1224
f 1222/1222 1214/1214 1225/1225
f 1226/1226 1222/1222 138/138
f 1226/1226 1214/1214 1222/1222
f 1217/1217 1222/1222 1225/1225
f 1225/1225 1214/1214 1213/1213
f 1221/1221 1225/1225 1227/1227
f 1225/1225 1213/1213 1227/1227
f 1226/1226 138/138 1228/1228
f 1214/1214 1226/1226 1212/1212
f 1212/1212 1226/1226 1228/1228
f 1229/1229 1212/1212 1228/1228
f 1221/1221 1217/1217 1225/1225
f 1230/1230 139/139 1223/1223
f 1224/1224 1231/1231 1223/1223
f 1232/1232 1219/1219 1233/1233
f 142/142 1224/1224 141/141
f 142/142 145/145 1224/1224
f 1220/1220 1233/1233 1219/1219
f 1232/1232 143/143 1219/1219
f 1232/1232 119/119 143/143
f 1232/1232 186/186 119/119
f 1220/1220 1234/1234 1233/1233
f 1232/1232 1233/1233 1234/1234
f 1235/1235 1220/1220 1221/1221
f 1235/1235 1221/1221 1236/1236
f 1234/1234 1220/1220 1235/1235
f 1224/1224 145/145 1237/1237
f 1238/1238 1237/1237 145/145
f 1216/1216 1227/1227 1213/1213
f 1239/1239 1227/1227 1216/1216
f 1227/1227 1236/1236 1221/1221
f 1239/1239 1236/1236 1227/1227
f 1240/1240 1241/1241 1216/1216
f 1241/1241 1240/1240 1242/1242
f 1239/1239 1216/1216 1241/1241
f 1241/1241 1242/1242 1243/1243
f 1243/1243 1244/1244 1241/1241
f 1243/1243 1242/1242 1245/1245
f 1236/1236 1239/1239 1235/1235
f 1235/1235 1239/1239 1244/1244
f 1224/1224 1246/1246 1231/1231
f 1237/1237 1246/1246 1224/1224
f 1241/1241 1244/1244 1239/1239
f 1247/1247 1246/1246 1237/1237
f 1237/1237 1248/1248 1247/1247
f 1229/1229 1215/1215 1212/1212
f 1249/1249 1215/1215 1229/1229
f 1250/1250 1215/1215 1249/1249
f 1229/1229 1251/1251 1249/1249
f 1252/1252 1249/1249 1251/1251
f 1215/1215 1240/1240 1216/1216
f 1240/1240 1215/1215 1250/1250
f 1240/1240 1250/1250 1242/1242
f 1242/1242 1250/1250 1253/1253
f 1250/1250 1249/1249 1254/1254
f 1254/1254 1255/1255 1250/1250
f 1254/1254 1249/1249 1252/1252
f 1255/1255 1253/1253 1250/1250
f 1254/1254 1252/1252 1255/1255
f 138/138 132/132 1228/1228
f 139/139 1230/1230 1256/1256
f 129/129 139/139 1256/1256
f 1229/1229 1228/1228 1251/1251
f 1228/1228 132/132 1251/1251
f 1256/1256 1230/1230 1257/1257
f 146/146 1256/1256 1258/1258
f 146/146 129/129 1256/1256
f 1223/1223 1259/1259 1230/1230
f 1257/1257 1230/1230 1259/1259
f 1259/1259 1223/1223 1260/1260
f 1223/1223 1231/1231 1260/1260
f 1242/1242 1253/1253 1245/1245
f 1260/1260 1261/1261 1259/1259
f 1261/1261 1260/1260 1262/1262
f 1231/1231 1262/1262 1260/1260
f 1231/1231 1246/1246 1262/1262
f 1263/1263 1258/1258 1256/1256
f 1257/1257 1263/1263 1256/1256
f 1264/1264 146/146 1258/1258
f 1259/1259 1261/1261 1257/1257
f 1263/1263 1257/1257 1258/1258
f 1247/1247 1248/1248 1265/1265
f 1265/1265 1246/1246 1247/1247
f 196/196 1266/1266 132/132
f 1266/1266 1251/1251 132/132
f 147/147 146/146 199/199
f 1264/1264 1267/1267 146/146
f 1253/1253 1255/1255 1268/1268
f 1269/1269 1253/1253 1268/1268
f 1255/1255 1270/1270 1268/1268
f 1255/1255 1252/1252 1270/1270
f 1270/1270 1271/1271 1268/1268
f 1268/1268 1271/1271 1272/1272
f 1268/1268 1273/1273 1269/1269
f 1274/1274 1261/1261 1262/1262
f 1252/1252 1275/1275 1270/1270
f 1257/1257 1261/1261 1274/1274
f 1275/1275 1252/1252 1276/1276
f 1275/1275 1271/1271 1270/1270
f 1262/1262 1277/1277 1274/1274
f 1275/1275 1278/1278 1271/1271
f 1278/1278 1272/1272 1271/1271
f 1272/1272 1278/1278 1279/1279
f 1268/1268 1272/1272 1273/1273
f 1273/1273 1272/1272 1280/1280
f 1280/1280 1272/1272 1279/1279
f 1281/1281 1280/1280 1279/1279
f 1251/1251 1276/1276 1252/1252
f 1279/1279 1278/1278 1282/1282
f 1275/1275 1276/1276 1278/1278
f 1276/1276 1283/1283 1278/1278
f 1274/1274 1277/1277 1284/1284
f 1277/1277 1285/1285 1284/1284
f 1285/1285 1277/1277 1286/1286
f 1283/1283 1282/1282 1278/1278
f 1281/1281 1282/1282 1287/1287
f 1283/1283 1276/1276 1288/1288
f 1288/1288 1282/1282 1283/1283
f 1282/1282 1288/1288 1289/1289
f 1289/1289 1288/1288 1290/1290
f 1282/1282 1289/1289 1287/1287
f 1287/1287 1289/1289 1291/1291
f 1282/1282 1281/1281 1279/1279
f 1281/1281 1287/1287 1292/1292
f 1292/1292 1287/1287 1291/1291
f 1291/1291 1293/1293 1292/1292
f 1276/1276 1294/1294 1288/1288
f 1251/1251 1295/1295 1276/1276
f 1290/1290 1291/1291 1289/1289
f 1288/1288 1294/1294 1290/1290
f 1276/1276 1295/1295 1294/1294
f 1296/1296 1284/1284 1285/1285
f 1264/1264 1284/1284 1297/1297
f 1296/1296 1297/1297 1284/1284
f 1298/1298 1290/1290 1294/1294
f 1290/1290 1298/1298 1299/1299
f 1291/1291 1290/1290 1299/1299
f 1295/1295 1298/1298 1294/1294
f 1296/1296 1285/1285 1300/1300
f 1286/1286 1300/1300 1285/1285
f 1301/1301 1291/1291 1299/1299
f 1291/1291 1301/1301 1293/1293
f 1302/1302 1296/1296 1300/1300
f 1300/1300 1303/1303 1302/1302
f 1245/1245 1253/1253 1269/1269
f 1304/1304 1245/1245 1269/1269
f 1305/1305 1262/1262 1246/1246
f 1304/1304 1269/1269 1306/1306
f 1243/1243 1245/1245 1304/1304
f 1243/1243 1304/1304 1306/1306
f 1305/1305 1246/1246 1307/1307
f 1307/1307 1308/1308 1305/1305
f 1243/1243 1306/1306 1309/1309
f 1273/1273 1306/1306 1269/1269
f 1280/1280 1310/1310 1273/1273
f 1306/1306 1273/1273 1310/1310
f 1262/1262 1305/1305 1277/1277
f 1308/1308 1311/1311 1312/1312
f 1308/1308 1312/1312 1305/1305
f 1307/1307 1246/1246 1265/1265
f 1307/1307 1265/1265 1313/1313
f 1308/1308 1307/1307 1313/1313
f 1248/1248 1313/1313 1265/1265
f 1314/1314 1313/1313 1248/1248
f 1314/1314 1308/1308 1313/1313
f 1309/1309 1306/1306 1310/1310
f 1315/1315 1314/1314 1316/1316
f 1314/1314 1311/1311 1308/1308
f 1315/1315 1311/1311 1314/1314
f 1310/1310 1280/1280 1281/1281
f 1310/1310 1281/1281 1317/1317
f 1311/1311 1318/1318 1312/1312
f 1311/1311 1315/1315 1318/1318
f 1257/1257 1284/1284 1258/1258
f 1274/1274 1284/1284 1257/1257
f 1286/1286 1277/1277 1305/1305
f 1258/1258 1284/1284 1264/1264
f 1317/1317 1281/1281 1292/1292
f 1286/1286 1305/1305 1312/1312
f 1319/1319 1286/1286 1312/1312
f 1293/1293 1317/1317 1292/1292
f 1293/1293 1301/1301 1320/1320
f 1317/1317 1293/1293 1320/1320
f 1318/1318 1319/1319 1312/1312
f 1303/1303 1286/1286 1319/1319
f 1286/1286 1303/1303 1300/1300
f 1319/1319 1321/1321 1303/1303
f 1319/1319 1318/1318 1322/1322
f 1322/1322 1318/1318 1315/1315
f 1323/1323 1322/1322 1315/1315
f 184/184 193/193 144/144
f 1234/1234 186/186 1232/1232
f 144/144 1238/1238 145/145
f 1244/1244 1234/1234 1235/1235
f 1324/1324 1248/1248 1237/1237
f 1324/1324 1237/1237 1238/1238
f 1325/1325 1234/1234 1244/1244
f 1325/1325 1244/1244 1326/1326
f 1324/1324 1238/1238 1327/1327
f 1328/1328 1327/1327 1238/1238
f 194/194 186/186 1234/1234
f 194/194 1234/1234 1329/1329
f 1238/1238 144/144 1330/1330
f 1331/1331 1330/1330 144/144
f 1234/1234 1325/1325 1329/1329
f 1330/1330 1328/1328 1238/1238
f 1244/1244 1243/1243 1326/1326
f 1309/1309 1326/1326 1243/1243
f 1332/1332 1333/1333 1324/1324
f 1327/1327 1332/1332 1324/1324
f 1334/1334 1332/1332 1327/1327
f 1335/1335 1334/1334 1327/1327
f 1326/1326 1309/1309 1336/1336
f 1328/1328 1335/1335 1327/1327
f 1336/1336 1325/1325 1326/1326
f 1328/1328 1337/1337 1335/1335
f 1338/1338 1337/1337 1328/1328
f 1337/1337 1339/1339 1335/1335
f 1338/1338 1328/1328 1330/1330
f 1340/1340 1336/1336 1341/1341
f 1334/1334 1335/1335 1339/1339
f 1342/1342 1336/1336 1309/1309
f 1337/1337 1343/1343 1339/1339
f 1309/1309 1344/1344 1342/1342
f 1345/1345 1343/1343 1337/1337
f 1338/1338 1346/1346 1337/1337
f 1347/1347 1341/1341 1336/1336
f 1346/1346 1345/1345 1337/1337
f 1348/1348 1345/1345 1346/1346
f 1348/1348 1349/1349 1345/1345
f 1342/1342 1347/1347 1336/1336
f 1350/1350 1347/1347 1342/1342
f 1314/1314 1248/1248 1324/1324
f 1324/1324 1333/1333 1314/1314
f 1333/1333 1316/1316 1314/1314
f 1351/1351 1333/1333 1332/1332
f 1352/1352 1332/1332 1334/1334
f 1333/1333 1315/1315 1316/1316
f 1315/1315 1333/1333 1353/1353
f 1353/1353 1333/1333 1351/1351
f 1351/1351 1354/1354 1353/1353
f 1309/1309 1310/1310 1344/1344
f 1310/1310 1317/1317 1344/1344
f 1323/1323 1315/1315 1353/1353
f 1355/1355 1323/1323 1353/1353
f 1354/1354 1355/1355 1353/1353
f 1352/1352 1351/1351 1332/1332
f 1356/1356 1354/1354 1352/1352
f 1354/1354 1351/1351 1352/1352
f 1334/1334 1339/1339 1352/1352
f 1352/1352 1339/1339 1356/1356
f 1356/1356 1355/1355 1354/1354
f 1356/1356 1357/1357 1355/1355
f 1357/1357 1358/1358 1355/1355
f 1356/1356 1339/1339 1357/1357
f 1343/1343 1359/1359 1339/1339
f 1359/1359 1357/1357 1339/1339
f 1360/1360 1357/1357 1359/1359
f 1357/1357 1360/1360 1358/1358
f 1361/1361 1360/1360 1359/1359
f 1345/1345 1361/1361 1343/1343
f 1361/1361 1359/1359 1343/1343
f 1349/1349 1361/1361 1345/1345
f 1362/1362 1360/1360 1361/1361
f 1301/1301 1299/1299 1363/1363
f 1301/1301 1363/1363 1364/1364
f 1301/1301 1365/1365 1320/1320
f 1301/1301 1364/1364 1365/1365
f 1365/1365 1364/1364 1366/1366
f 1317/1317 1320/1320 1344/1344
f 1367/1367 1344/1344 1320/1320
f 1322/1322 1368/1368 1319/1319
f 1368/1368 1321/1321 1319/1319
f 1320/1320 1365/1365 1367/1367
f 1369/1369 1321/1321 1368/1368
f 1370/1370 1368/1368 1322/1322
f 1371/1371 1372/1372 1365/1365
f 1372/1372 1367/1367 1365/1365
f 1369/1369 1373/1373 1374/1374
f 1375/1375 1323/1323 1355/1355
f 1358/1358 1375/1375 1355/1355
f 1370/1370 1322/1322 1323/1323
f 1370/1370 1323/1323 1375/1375
f 1375/1375 1376/1376 1370/1370
f 1377/1377 1378/1378 1373/1373
f 1377/1377 1379/1379 1378/1378
f 1376/1376 1368/1368 1370/1370
f 1369/1369 1368/1368 1376/1376
f 1369/1369 1380/1380 1373/1373
f 1377/1377 1373/1373 1380/1380
f 1377/1377 1380/1380 1379/1379
f 1381/1381 1379/1379 1380/1380
f 1375/1375 1382/1382 1376/1376
f 1382/1382 1383/1383 1376/1376
f 1383/1383 1369/1369 1376/1376
f 1384/1384 1369/1369 1383/1383
f 1380/1380 1369/1369 1384/1384
f 1381/1381 1385/1385 1379/1379
f 1384/1384 1381/1381 1380/1380
f 1384/1384 1386/1386 1381/1381
f 1385/1385 1381/1381 1386/1386
f 1349/1349 1387/1387 1388/1388
f 1349/1349 1388/1388 1361/1361
f 1362/1362 1387/1387 1389/1389
f 1362/1362 1388/1388 1387/1387
f 1390/1390 1342/1342 1344/1344
f 1360/1360 1389/1389 1358/1358
f 1389/1389 1375/1375 1358/1358
f 1375/1375 1389/1389 1382/1382
f 1391/1391 1382/1382 1389/1389
f 1391/1391 1389/1389 1387/1387
f 1344/1344 1367/1367 1390/1390
f 1392/1392 1349/1349 1348/1348
f 1392/1392 1387/1387 1349/1349
f 1387/1387 1392/1392 1391/1391
f 1393/1393 1348/1348 1346/1346
f 1393/1393 1392/1392 1348/1348
f 1350/1350 1342/1342 1390/1390
f 1394/1394 1350/1350 1390/1390
f 1394/1394 1390/1390 1367/1367
f 1395/1395 1392/1392 1393/1393
f 1392/1392 1395/1395 1391/1391
f 1396/1396 1395/1395 1393/1393
f 1394/1394 1397/1397 1350/1350
f 1395/1395 1382/1382 1391/1391
f 1382/1382 1395/1395 1398/1398
f 1399/1399 1394/1394 1367/1367
f 1396/1396 1400/1400 1395/1395
f 1401/1401 1395/1395 1400/1400
f 1394/1394 1399/1399 1402/1402
f 1403/1403 1395/1395 1401/1401
f 1403/1403 1404/1404 1395/1395
f 1405/1405 1383/1383 1382/1382
f 1406/1406 1383/1383 1405/1405
f 1398/1398 1406/1406 1405/1405
f 1383/1383 1406/1406 1384/1384
f 1406/1406 1386/1386 1384/1384
f 1372/1372 1407/1407 1367/1367
f 1398/1398 1386/1386 1406/1406
f 1398/1398 1405/1405 1382/1382
f 1398/1398 1385/1385 1386/1386
f 1408/1408 1385/1385 1398/1398
f 1395/1395 1404/1404 1398/1398
f 1407/1407 1399/1399 1367/1367
f 1404/1404 1408/1408 1398/1398
f 1399/1399 1407/1407 1409/1409
f 1410/1410 1385/1385 1408/1408
f 1411/1411 1412/1412 1408/1408
f 1412/1412 1410/1410 1408/1408
f 199/199 146/146 1267/1267
f 1299/1299 1298/1298 1413/1413
f 1298/1298 1414/1414 1413/1413
f 1414/1414 1298/1298 1295/1295
f 1251/1251 1415/1415 1295/1295
f 1416/1416 1297/1297 1296/1296
f 1417/1417 1295/1295 1415/1415
f 1251/1251 1266/1266 1415/1415
f 1264/1264 1297/1297 1267/1267
f 1418/1418 1267/1267 1297/1297
f 1419/1419 1267/1267 1418/1418
f 1420/1420 1267/1267 1419/1419
f 1415/1415 1421/1421 1422/1422
f 1423/1423 1422/1422 1421/1421
f 1415/1415 1422/1422 1423/1423
f 1420/1420 1419/1419 1424/1424
f 1424/1424 1419/1419 1425/1425
f 199/199 1426/1426 197/197
f 1266/1266 196/196 1421/1421
f 199/199 1267/1267 1420/1420
f 1426/1426 199/199 1420/1420
f 1426/1426 202/202 197/197
f 1266/1266 1421/1421 1415/1415
f 1420/1420 1424/1424 1427/1427
f 1413/1413 1363/1363 1299/1299
f 1428/1428 1364/1364 1363/1363
f 1363/1363 1413/1413 1429/1429
f 1428/1428 1363/1363 1429/1429
f 1430/1430 1413/1413 1414/1414
f 1414/1414 1295/1295 1430/1430
f 1430/1430 1429/1429 1413/1413
f 1431/1431 1302/1302 1303/1303
f 1431/1431 1296/1296 1302/1302
f 1366/1366 1364/1364 1428/1428
f 1432/1432 1296/1296 1431/1431
f 1416/1416 1296/1296 1432/1432
f 1432/1432 1433/1433 1416/1416
f 1416/1416 1433/1433 1434/1434
f 1435/1435 1433/1433 1432/1432
f 1435/1435 1436/1436 1433/1433
f 1434/1434 1433/1433 1436/1436
f 1436/1436 1437/1437 1434/1434
f 1438/1438 1437/1437 1436/1436
f 1439/1439 1366/1366 1428/1428
f 1295/1295 1440/1440 1430/1430
f 1430/1430 1441/1441 1429/1429
f 1440/1440 1441/1441 1430/1430
f 1442/1442 1416/1416 1434/1434
f 1440/1440 1295/1295 1417/1417
f 1297/1297 1416/1416 1442/1442
f 1297/1297 1442/1442 1418/1418
f 1443/1443 1442/1442 1434/1434
f 1443/1443 1418/1418 1442/1442
f 1441/1441 1444/1444 1429/1429
f 1428/1428 1429/1429 1444/1444
f 1440/1440 1445/1445 1441/1441
f 1441/1441 1445/1445 1444/1444
f 1446/1446 1444/1444 1445/1445
f 1417/1417 1445/1445 1440/1440
f 1444/1444 1446/1446 1447/1447
f 1446/1446 1445/1445 1448/1448
f 1448/1448 1447/1447 1446/1446
f 1428/1428 1444/1444 1439/1439
f 1439/1439 1444/1444 1447/1447
f 1447/1447 1449/1449 1439/1439
f 1450/1450 1434/1434 1437/1437
f 1450/1450 1443/1443 1434/1434
f 1437/1437 1451/1451 1450/1450
f 1449/1449 1447/1447 1452/1452
f 1448/1448 1445/1445 1453/1453
f 1445/1445 1417/1417 1454/1454
f 1443/1443 1455/1455 1418/1418
f 1456/1456 1447/1447 1448/1448
f 1456/1456 1448/1448 1453/1453
f 1454/1454 1453/1453 1445/1445
f 1457/1457 1453/1453 1454/1454
f 1456/1456 1453/1453 1457/1457
f 1458/1458 1456/1456 1457/1457
f 1452/1452 1447/1447 1456/1456
f 1459/1459 1452/1452 1456/1456
f 1460/1460 1450/1450 1451/1451
f 1456/1456 1458/1458 1459/1459
f 1454/1454 1461/1461 1457/1457
f 1454/1454 1417/1417 1461/1461
f 1462/1462 1463/1463 1461/1461
f 1458/1458 1457/1457 1464/1464
f 1461/1461 1464/1464 1457/1457
f 1464/1464 1461/1461 1463/1463
f 1464/1464 1463/1463 1465/1465
f 1417/1417 1462/1462 1461/1461
f 1466/1466 1463/1463 1462/1462
f 1467/1467 1443/1443 1450/1450
f 1468/1468 1467/1467 1450/1450
f 1455/1455 1443/1443 1467/1467
f 1458/1458 1464/1464 1465/1465
f 1450/1450 1460/1460 1468/1468
f 1463/1463 1466/1466 1469/1469
f 1465/1465 1463/1463 1469/1469
f 1470/1470 1458/1458 1465/1465
f 1471/1471 1470/1470 1465/1465
f 1465/1465 1472/1472 1471/1471
f 1473/1473 1471/1471 1472/1472
f 1303/1303 1435/1435 1431/1431
f 1435/1435 1432/1432 1431/1431
f 1435/1435 1303/1303 1321/1321
f 1374/1374 1436/1436 1435/1435
f 1436/1436 1374/1374 1438/1438
f 1369/1369 1435/1435 1321/1321
f 1369/1369 1374/1374 1435/1435
f 1371/1371 1365/1365 1366/1366
f 1371/1371 1366/1366 1439/1439
f 1371/1371 1439/1439 1449/1449
f 1378/1378 1438/1438 1374/1374
f 1378/1378 1474/1474 1438/1438
f 1438/1438 1475/1475 1437/1437
f 1451/1451 1437/1437 1475/1475
f 1474/1474 1475/1475 1438/1438
f 1378/1378 1374/1374 1373/1373
f 1379/1379 1474/1474 1378/1378
f 1476/1476 1449/1449 1452/1452
f 1476/1476 1452/1452 1459/1459
f 1476/1476 1371/1371 1449/1449
f 1477/1477 1475/1475 1474/1474
f 1478/1478 1476/1476 1459/1459
f 1372/1372 1371/1371 1476/1476
f 1477/1477 1474/1474 1379/1379
f 1478/1478 1372/1372 1476/1476
f 1479/1479 1480/1480 1418/1418
f 1419/1419 1418/1418 1480/1480
f 1479/1479 1418/1418 1455/1455
f 1475/1475 1481/1481 1451/1451
f 1459/1459 1458/1458 1470/1470
f 1481/1481 1460/1460 1451/1451
f 1459/1459 1470/1470 1478/1478
f 1477/1477 1481/1481 1475/1475
f 1482/1482 1470/1470 1471/1471
f 1482/1482 1471/1471 1473/1473
f 1470/1470 1482/1482 1478/1478
f 1478/1478 1482/1482 1473/1473
f 1478/1478 1473/1473 1483/1483
f 1477/1477 1484/1484 1481/1481
f 1485/1485 1481/1481 1484/1484
f 1486/1486 1485/1485 1484/1484
f 1484/1484 1487/1487 1486/1486
f 1462/1462 1488/1488 1466/1466
f 1462/1462 1417/1417 1488/1488
f 1467/1467 1468/1468 1455/1455
f 1489/1489 1455/1455 1468/1468
f 1472/1472 1465/1465 1469/1469
f 1469/1469 1490/1490 1491/1491
f 1469/1469 1466/1466 1490/1490
f 1490/1490 1466/1466 1488/1488
f 1488/1488 1492/1492 1493/1493
f 1488/1488 1493/1493 1490/1490
f 1494/1494 1490/1490 1493/1493
f 1489/1489 1468/1468 1496/1496
f 1495/1495 1468/1468 1460/1460
f 1469/1469 1491/1491 1472/1472
f 1491/1491 1490/1490 1494/1494
f 1417/1417 1423/1423 1497/1497
f 1497/1497 1498/1498 1417/1417
f 1423/1423 1498/1498 1497/1497
f 1498/1498 1499/1499 1492/1492
f 1500/1500 1493/1493 1492/1492
f 1500/1500 1501/1501 1493/1493
f 1501/1501 1494/1494 1493/1493
f 1499/1499 1500/1500 1492/1492
f 1500/1500 1502/1502 1501/1501
f 1500/1500 1499/1499 1503/1503
f 1503/1503 1499/1499 1498/1498
f 1488/1488 1498/1498 1492/1492
f 1504/1504 1455/1455 1489/1489
f 1505/1505 1495/1495 1460/1460
f 1498/1498 1488/1488 1417/1417
f 1507/1507 1504/1504 1489/1489
f 1506/1506 1489/1489 1496/1496
f 1508/1508 1503/1503 1498/1498
f 1506/1506 1509/1509 1489/1489
f 1489/1489 1509/1509 1507/1507
f 1510/1510 1507/1507 1509/1509
f 1498/1498 1511/1511 1512/1512
f 1423/1423 1417/1417 1415/1415
f 1480/1480 1479/1479 1513/1513
f 1514/1514 1419/1419 1480/1480
f 1514/1514 1480/1480 1513/1513
f 1455/1455 1515/1515 1479/1479
f 1514/1514 1513/1513 1516/1516
f 1473/1473 1472/1472 1491/1491
f 1460/1460 1481/1481 1517/1517
f 1516/1516 1479/1479 1515/1515
f 1513/1513 1479/1479 1516/1516
f 1504/1504 1515/1515 1455/1455
f 1504/1504 1516/1516 1515/1515
f 1505/1505 1460/1460 1519/1519
f 1460/1460 1517/1517 1519/1519
f 1520/1520 1514/1514 1516/1516
f 1514/1514 1520/1520 1419/1419
f 1520/1520 1425/1425 1419/1419
f 1521/1521 1516/1516 1522/1522
f 1516/1516 1521/1521 1520/1520
f 1522/1522 1516/1516 1504/1504
f 1510/1510 1504/1504 1507/1507
f 1522/1522 1504/1504 1510/1510
f 1511/1511 1498/1498 1423/1423
f 1522/1522 1510/1510 1521/1521
f 1523/1523 1494/1494 1524/1524
f 1501/1501 1502/1502 1524/1524
f 1500/1500 1503/1503 1502/1502
f 1494/1494 1501/1501 1524/1524
f 1502/1502 1525/1525 1524/1524
f 1503/1503 1526/1526 1502/1502
f 1525/1525 1502/1502 1526/1526
f 1518/1518 1527/1527 1506/1506
f 1509/1509 1506/1506 1527/1527
f 1528/1528 1525/1525 1526/1526
f 1508/1508 1526/1526 1503/1503
f 1508/1508 1498/1498 1512/1512
f 1512/1512 1526/1526 1508/1508
f 1529/1529 1526/1526 1512/1512
f 1528/1528 1526/1526 1529/1529
f 1528/1528 1529/1529 1530/1530
f 1531/1531 1529/1529 1512/1512
f 1530/1530 1529/1529 1532/1532
f 1532/1532 1529/1529 1531/1531
f 1533/1533 1531/1531 1511/1511
f 1531/1531 1512/1512 1511/1511
f 1530/1530 1532/1532 1534/1534
f 1523/1523 1473/1473 1491/1491
f 1483/1483 1473/1473 1523/1523
f 1491/1491 1494/1494 1523/1523
f 1481/1481 1485/1485 1517/1517
f 1523/1523 1524/1524 1535/1535
f 1536/1536 1523/1523 1535/1535
f 1524/1524 1525/1525 1535/1535
f 1536/1536 1535/1535 1537/1537
f 1537/1537 1535/1535 1525/1525
f 1538/1538 1517/1517 1485/1485
f 1523/1523 1536/1536 1483/1483
f 1540/1540 1519/1519 1517/1517
f 1541/1541 1517/1517 1538/1538
f 1517/1517 1541/1541 1540/1540
f 1486/1486 1542/1542 1485/1485
f 1485/1485 1542/1542 1538/1538
f 1537/1537 1483/1483 1536/1536
f 1543/1543 1544/1544 1538/1538
f 1483/1483 1537/1537 1545/1545
f 1537/1537 1525/1525 1528/1528
f 1546/1546 1528/1528 1530/1530
f 1528/1528 1546/1546 1537/1537
f 1546/1546 1530/1530 1547/1547
f 1527/1527 1548/1548 1509/1509
f 1527/1527 1518/1518 1548/1548
f 1549/1549 1548/1548 1518/1518
f 1510/1510 1509/1509 1550/1550
f 1550/1550 1509/1509 1548/1548
f 1549/1549 1518/1518 1539/1539
f 1551/1551 1549/1549 1553/1553
f 1547/1547 1530/1530 1534/1534
f 1534/1534 1554/1554 1547/1547
f 1546/1546 1547/1547 1555/1555
f 1556/1556 1555/1555 1547/1547
f 1556/1556 1547/1547 1554/1554
f 1551/1551 1557/1557 1549/1549
f 1552/1552 1540/1540 1541/1541
f 1544/1544 1541/1541 1538/1538
f 1544/1544 1552/1552 1541/1541
f 1553/1553 1558/1558 1551/1551
f 1543/1543 1552/1552 1544/1544
f 1537/1537 1546/1546 1555/1555
f 1543/1543 1559/1559 1552/1552
f 1560/1560 1537/1537 1555/1555
f 1555/1555 1556/1556 1560/1560
f 1562/1562 1563/1563 1558/1558
f 1385/1385 1477/1477 1379/1379
f 1564/1564 1484/1484 1477/1477
f 1372/1372 1478/1478 1565/1565
f 1565/1565 1478/1478 1566/1566
f 1564/1564 1487/1487 1484/1484
f 1567/1567 1486/1486 1487/1487
f 1568/1568 1486/1486 1567/1567
f 1569/1569 1487/1487 1564/1564
f 1569/1569 1567/1567 1487/1487
f 1570/1570 1568/1568 1567/1567
f 1571/1571 1564/1564 1477/1477
f 1571/1571 1572/1572 1564/1564
f 1573/1573 1567/1567 1569/1569
f 1564/1564 1572/1572 1569/1569
f 1570/1570 1569/1569 1572/1572
f 1570/1570 1567/1567 1573/1573
f 1570/1570 1573/1573 1569/1569
f 1572/1572 1574/1574 1570/1570
f 1570/1570 1575/1575 1576/1576
f 1574/1574 1575/1575 1570/1570
f 1407/1407 1372/1372 1565/1565
f 1477/1477 1385/1385 1577/1577
f 1566/1566 1478/1478 1483/1483
f 1577/1577 1578/1578 1477/1477
f 1410/1410 1577/1577 1385/1385
f 1579/1579 1578/1578 1577/1577
f 1580/1580 1581/1581 1577/1577
f 1409/1409 1407/1407 1565/1565
f 1409/1409 1565/1565 1582/1582
f 1410/1410 1412/1412 1583/1583
f 1582/1582 1565/1565 1566/1566
f 1409/1409 1582/1582 1584/1584
f 1580/1580 1410/1410 1583/1583
f 1580/1580 1577/1577 1410/1410
f 1578/1578 1571/1571 1477/1477
f 1578/1578 1585/1585 1571/1571
f 1578/1578 1586/1586 1585/1585
f 1581/1581 1579/1579 1577/1577
f 1579/1579 1581/1581 1578/1578
f 1578/1578 1581/1581 1587/1587
f 1587/1587 1586/1586 1578/1578
f 1588/1588 1587/1587 1580/1580
f 1588/1588 1586/1586 1587/1587
f 1585/1585 1572/1572 1571/1571
f 1585/1585 1574/1574 1572/1572
f 1585/1585 1589/1589 1574/1574
f 1590/1590 1483/1483 1545/1545
f 1585/1585 1586/1586 1591/1591
f 1591/1591 1589/1589 1585/1585
f 1580/1580 1587/1587 1581/1581
f 1590/1590 1566/1566 1483/1483
f 1583/1583 1592/1592 1580/1580
f 1588/1588 1580/1580 1592/1592
f 1592/1592 1586/1586 1588/1588
f 1582/1582 1566/1566 1590/1590
f 1582/1582 1590/1590 1593/1593
f 1586/1586 1594/1594 1591/1591
f 1594/1594 1586/1586 1592/1592
f 1593/1593 1590/1590 1595/1595
f 1595/1595 1590/1590 1596/1596
f 1486/1486 1568/1568 1576/1576
f 1542/1542 1486/1486 1576/1576
f 1597/1597 1542/1542 1575/1575
f 1576/1576 1568/1568 1570/1570
f 1575/1575 1542/1542 1576/1576
f 1542/1542 1543/1543 1538/1538
f 1597/1597 1543/1543 1542/1542
f 1598/1598 1543/1543 1597/1597
f 1545/1545 1537/1537 1560/1560
f 1598/1598 1597/1597 1575/1575
f 1589/1589 1598/1598 1575/1575
f 1574/1574 1589/1589 1575/1575
f 1598/1598 1559/1559 1543/1543
f 1598/1598 1561/1561 1559/1559
f 1589/1589 1591/1591 1598/1598
f 1596/1596 1590/1590 1545/1545
f 1591/1591 1599/1599 1601/1601
f 1596/1596 1602/1602 1595/1595
f 1603/1603 1602/1602 1596/1596
f 1603/1603 1596/1596 1604/1604
f 1601/1601 1605/1605 1591/1591
f 1607/1607 1596/1596 1545/1545
f 1607/1607 1545/1545 1560/1560
f 1596/1596 1607/1607 1604/1604
f 1560/1560 1608/1608 1607/1607
f 1608/1608 1609/1609 1607/1607
f 264/264 192/192 1610/1610
f 1610/1610 192/192 194/194
f 272/272 264/264 1611/1611
f 1610/1610 1611/1611 264/264
f 1611/1611 1610/1610 1612/1612
f 273/273 1613/1613 1614/1614
f 273/273 271/271 1613/1613
f 1615/1615 1614/1614 1613/1613
f 1616/1616 1614/1614 1615/1615
f 1617/1617 1618/1618 1619/1619
f 1620/1620 1617/1617 1619/1619
f 1621/1621 1613/1613 271/271
f 1613/1613 1622/1622 1615/1615
f 1613/1613 1621/1621 1622/1622
f 1623/1623 1615/1615 1622/1622
f 274/274 1621/1621 271/271
f 274/274 295/295 1621/1621
f 1622/1622 1621/1621 1624/1624
f 272/272 1611/1611 1625/1625
f 1625/1625 1611/1611 1612/1612
f 1626/1626 1616/1616 1615/1615
f 1623/1623 1626/1626 1615/1615
f 1627/1627 1628/1628 1626/1626
f 1627/1627 1626/1626 1629/1629
f 1623/1623 1629/1629 1626/1626
f 1630/1630 1617/1617 1620/1620
f 368/368 1631/1631 367/367
f 1632/1632 401/401 367/367
f 367/367 1631/1631 1632/1632
f 1631/1631 368/368 488/488
f 496/496 495/495 1633/1633
f 1633/1633 495/495 1634/1634
f 401/401 511/511 370/370
f 488/488 1635/1635 1631/1631
f 1635/1635 488/488 496/496
f 1633/1633 1635/1635 496/496
f 1636/1636 1632/1632 1631/1631
f 1631/1631 1635/1635 1636/1636
f 1633/1633 1636/1636 1635/1635
f 1637/1637 1632/1632 1636/1636
f 1636/1636 1633/1633 1638/1638
f 1639/1639 295/295 1640/1640
f 1634/1634 495/495 1641/1641
f 1634/1634 1641/1641 1642/1642
f 1643/1643 401/401 1632/1632
f 1633/1633 1634/1634 1638/1638
f 1639/1639 1644/1644 295/295
f 1637/1637 1636/1636 1645/1645
f 1645/1645 1636/1636 1638/1638
f 1646/1646 1637/1637 1645/1645
f 1645/1645 1638/1638 1647/1647
f 1647/1647 1638/1638 1642/1642
f 1638/1638 1634/1634 1642/1642
f 1648/1648 1649/1649 1644/1644
f 495/495 267/267 294/294
f 294/294 272/272 495/495
f 295/295 1624/1624 1621/1621
f 1641/1641 272/272 1625/1625
f 1622/1622 1649/1649 1623/1623
f 1649/1649 1622/1622 1624/1624
f 495/495 272/272 1641/1641
f 267/267 495/495 489/489
f 1640/1640 295/295 490/490
f 1644/1644 1649/1649 1624/1624
f 295/295 1644/1644 1624/1624
f 1650/1650 1625/1625 1612/1612
f 1650/1650 1612/1612 1618/1618
f 1650/1650 1618/1618 1651/1651
f 1623/1623 1652/1652 1629/1629
f 1649/1649 1652/1652 1623/1623
f 1653/1653 1641/1641 1625/1625
f 1650/1650 1653/1653 1625/1625
f 1651/1651 1618/1618 1617/1617
f 1651/1651 1617/1617 1630/1630
f 1653/1653 1650/1650 1654/1654
f 1651/1651 1654/1654 1650/1650
f 1654/1654 1651/1651 1655/1655
f 1656/1656 1654/1654 1655/1655
f 1642/1642 1641/1641 1653/1653
f 1657/1657 1642/1642 1653/1653
f 1652/1652 1649/1649 1658/1658
f 1653/1653 1654/1654 1657/1657
f 1657/1657 1654/1654 1656/1656
f 1658/1658 1629/1629 1652/1652
f 510/510 511/511 1659/1659
f 1659/1659 1660/1660 510/510
f 1659/1659 1661/1661 1660/1660
f 1643/1643 1662/1662 511/511
f 1659/1659 511/511 1662/1662
f 515/515 518/518 1663/1663
f 1663/1663 517/517 513/513
f 401/401 1643/1643 511/511
f 513/513 512/512 1664/1664
f 512/512 510/510 1664/1664
f 513/513 1664/1664 1665/1665
f 1663/1663 513/513 1665/1665
f 522/522 515/515 1663/1663
f 510/510 1660/1660 1664/1664
f 1664/1664 1660/1660 1665/1665
f 1660/1660 1666/1666 1665/1665
f 1666/1666 1660/1660 1667/1667
f 1667/1667 1660/1660 1668/1668
f 1663/1663 1665/1665 1666/1666
f 1669/1669 1663/1663 1666/1666
f 1669/1669 522/522 1663/1663
f 1670/1670 1632/1632 1637/1637
f 1637/1637 1646/1646 1670/1670
f 1646/1646 1645/1645 1647/1647
f 1640/1640 1644/1644 1639/1639
f 1661/1661 1668/1668 1660/1660
f 1669/1669 1666/1666 1668/1668
f 1668/1668 1666/1666 1667/1667
f 1669/1669 1668/1668 1671/1671
f 1659/1659 1673/1673 1661/1661
f 1674/1674 1673/1673 1659/1659
f 1675/1675 1673/1673 1674/1674
f 1676/1676 1675/1675 1674/1674
f 1659/1659 1677/1677 1674/1674
f 1674/1674 1678/1678 1676/1676
f 1674/1674 1677/1677 1678/1678
f 506/506 514/514 523/523
f 1679/1679 490/490 521/521
f 1640/1640 490/490 1679/1679
f 1680/1680 522/522 1669/1669
f 1682/1682 523/523 1681/1681
f 520/520 523/523 1682/1682
f 1668/1668 1661/1661 1683/1683
f 1672/1672 1680/1680 1669/1669
f 1661/1661 1673/1673 1683/1683
f 1668/1668 1683/1683 1684/1684
f 1671/1671 1668/1668 1684/1684
f 1684/1684 1685/1685 1671/1671
f 1680/1680 1672/1672 1686/1686
f 1673/1673 1684/1684 1683/1683
f 1679/1679 1644/1644 1640/1640
f 1684/1684 1673/1673 1675/1675
f 1687/1687 1685/1685 1684/1684
f 1684/1684 1675/1675 1687/1687
f 1680/1680 1686/1686 1688/1688
f 1676/1676 1687/1687 1675/1675
f 1688/1688 1689/1689 1680/1680
f 1689/1689 1688/1688 1676/1676
f 1689/1689 1676/1676 1690/1690
f 1690/1690 1676/1676 1678/1678
f 1680/1680 1689/1689 1690/1690
f 1691/1691 1682/1682 1681/1681
f 1681/1681 1692/1692 1691/1691
f 1644/1644 1679/1679 1694/1694
f 1695/1695 1670/1670 1646/1646
f 1642/1642 1696/1696 1647/1647
f 1646/1646 1647/1647 1696/1696
f 1657/1657 1696/1696 1642/1642
f 1658/1658 1649/1649 1648/1648
f 1632/1632 1697/1697 1643/1643
f 1670/1670 1697/1697 1632/1632
f 1670/1670 1698/1698 1697/1697
f 1699/1699 1643/1643 1697/1697
f 1646/1646 1701/1701 1695/1695
f 1670/1670 1695/1695 1698/1698
f 1698/1698 1695/1695 1702/1702
f 1702/1702 1695/1695 1701/1701
f 1701/1701 1646/1646 1696/1696
f 1657/1657 1656/1656 1703/1703
f 1698/1698 1704/1704 1697/1697
f 1704/1704 1698/1698 1702/1702
f 1704/1704 1702/1702 1705/1705
f 1701/1701 1706/1706 1702/1702
f 1706/1706 1701/1701 1703/1703
f 1704/1704 1707/1707 1697/1697
f 1699/1699 1697/1697 1707/1707
f 1705/1705 1702/1702 1706/1706
f 1703/1703 1696/1696 1657/1657
f 1701/1701 1696/1696 1703/1703
f 1643/1643 1708/1708 1662/1662
f 1659/1659 1662/1662 1708/1708
f 1708/1708 1643/1643 1709/1709
f 1708/1708 1710/1710 1659/1659
f 1659/1659 1710/1710 1677/1677
f 1711/1711 1678/1678 1712/1712
f 1710/1710 1713/1713 1677/1677
f 1715/1715 1677/1677 1713/1713
f 1717/1717 1691/1691 1718/1718
f 1691/1691 1692/1692 1718/1718
f 1718/1718 1720/1720 1717/1717
f 1710/1710 1708/1708 1721/1721
f 1721/1721 1713/1713 1710/1710
f 1677/1677 1722/1722 1678/1678
f 1722/1722 1712/1712 1678/1678
f 1716/1716 1722/1722 1677/1677
f 1722/1722 1714/1714 1724/1724
f 1724/1724 1726/1726 1722/1722
f 1712/1712 1722/1722 1728/1728
f 1730/1730 1713/1713 1721/1721
f 1708/1708 1732/1732 1721/1721
f 1721/1721 1734/1734 1730/1730
f 1730/1730 1715/1715 1713/1713
f 1715/1715 1730/1730 1739/1739
f 1739/1739 1723/1723 1715/1715
f 1740/1740 1748/1748 1738/1738
f 1739/1739 1745/1745 1723/1723
f 1742/1742 1737/1737 1749/1749
f 1725/1725 1747/1747 1727/1727
f 1727/1727 1747/1747 1751/1751
f 1741/1741 1750/1750 1746/1746
f 1749/1749 1737/1737 1729/1729
f 1720/1720 1743/1743 1749/1749
f 1753/1753 1722/1722 1726/1726
f 1755/1755 1727/1727 1751/1751
f 1722/1722 1753/1753 1728/1728
f 1728/1728 1754/1754 1752/1752
f 1709/1709 1643/1643 1699/1699
f 1756/1756 1709/1709 1700/1700
f 1757/1757 1709/1709 1756/1756
f 1757/1757 1756/1756 1758/1758
f 1758/1758 1756/1756 1759/1759
f 1756/1756 1699/1699 1760/1760
f 1760/1760 1699/1699 1761/1761
f 1762/1762 1761/1761 1699/1699
f 1760/1760 1759/1759 1756/1756
f 1763/1763 1761/1761 1762/1762
f 1763/1763 1764/1764 1761/1761
f 1764/1764 1763/1763 1765/1765
f 1767/1767 1763/1763 1770/1770
f 1771/1771 1772/1772 1773/1773
f 1775/1775 1772/1772 1771/1771
f 1776/1776 1774/1774 1771/1771
f 1709/1709 1757/1757 1778/1778
f 1732/1732 1709/1709 1779/1779
f 1709/1709 1778/1778 1779/1779
f 1757/1757 1781/1781 1778/1778
f 1781/1781 1757/1757 1758/1758
f 1779/1779 1778/1778 1781/1781
f 1782/1782 1781/1781 1758/1758
f 1732/1732 1708/1708 1709/1709
f 1732/1732 1736/1736 1721/1721
f 1780/1780 1783/1783 1731/1731
f 1784/1784 1779/1779 1781/1781
f 1731/1731 1783/1783 1735/1735
f 1780/1780 1787/1787 1783/1783
f 1788/1788 1783/1783 1787/1787
f 1780/1780 1785/1785 1786/1786
f 1781/1781 1782/1782 1790/1790
f 1790/1790 1782/1782 1793/1793
f 1790/1790 1784/1784 1781/1781
f 1773/1773 1794/1794 1795/1795
f 1795/1795 1794/1794 1769/1769
f 1772/1772 1794/1794 1773/1773
f 1796/1796 1794/1794 1799/1799
f 1766/1766 1768/1768 1798/1798
f 1769/1769 1794/1794 1796/1796
f 1801/1801 1767/1767 1797/1797
f 1788/1788 1787/1787 1802/1802
f 1803/1803 1786/1786 1785/1785
f 1786/1786 1803/1803 1802/1802
f 1806/1806 1802/1802 1803/1803
f 1772/1772 1775/1775 1794/1794
f 1799/1799 1794/1794 1775/1775
f 1807/1807 1796/1796 1799/1799
f 1774/1774 1788/1788 1802/1802
f 1774/1774 1777/1777 1788/1788
f 1800/1800 1774/1774 1802/1802
f 1806/1806 1800/1800 1802/1802
f 1789/1789 1803/1803 1785/1785
f 1808/1808 1805/1805 1804/1804
f 1804/1804 1809/1809 1808/1808
f 1809/1809 1810/1810 1792/1792
f 1791/1791 1792/1792 1810/1810
f 1810/1810 1809/1809 1804/1804
f 1791/1791 1810/1810 1804/1804
f 1811/1811 1801/1801 1812/1812
f 1812/1812 1805/1805 1808/1808
f 1811/1811 1812/1812 1808/1808
f 1801/1801 1805/1805 1812/1812
f 1805/1805 1801/1801 1797/1797
f 1680/1680 1690/1690 1693/1693
f 1693/1693 1690/1690 1711/1711
f 1678/1678 1711/1711 1690/1690
f 1719/1719 1693/1693 1711/1711
f 1813/1813 1711/1711 1712/1712
f 1719/1719 1711/1711 1813/1813
f 1813/1813 1712/1712 1728/1728
f 1814/1814 1648/1648 1644/1644
f 1815/1815 1648/1648 1814/1814
f 1719/1719 1813/1813 1744/1744
f 1720/1720 1718/1718 1743/1743
f 1813/1813 1752/1752 1744/1744
f 1752/1752 1813/1813 1728/1728
f 1816/1816 1707/1707 1704/1704
f 1705/1705 1817/1817 1704/1704
f 1706/1706 1817/1817 1705/1705
f 1817/1817 1706/1706 1818/1818
f 1819/1819 1818/1818 1706/1706
f 1764/1764 1759/1759 1760/1760
f 1764/1764 1760/1760 1761/1761
f 1767/1767 1765/1765 1763/1763
f 1815/1815 1820/1820 1658/1658
f 1658/1658 1648/1648 1815/1815
f 1706/1706 1703/1703 1819/1819
f 1821/1821 1823/1823 1826/1826
f 1827/1827 1823/1823 1821/1821
f 1801/1801 1829/1829 1767/1767
f 1630/1630 1655/1655 1651/1651
f 1630/1630 1620/1620 1830/1830
f 1830/1830 1831/1831 1630/1630
f 1830/1830 1620/1620 1832/1832
f 1833/1833 1834/1834 1627/1627
f 1655/1655 1630/1630 1831/1831
f 1835/1835 1830/1830 1836/1836
f 1835/1835 1831/1831 1830/1830
f 1830/1830 1832/1832 1836/1836
f 1837/1837 1835/1835 1838/1838
f 1835/1835 1836/1836 1838/1838
f 1838/1838 1836/1836 1839/1839
f 1627/1627 1840/1840 1833/1833
f 1655/1655 1831/1831 1656/1656
f 1841/1841 1627/1627 1629/1629
f 1841/1841 1840/1840 1627/1627
f 1656/1656 1831/1831 1842/1842
f 1843/1843 1831/1831 1837/1837
f 1842/1842 1831/1831 1843/1843
f 1844/1844 1845/1845 1843/1843
f 1843/1843 1837/1837 1844/1844
f 1846/1846 1844/1844 1847/1847
f 1831/1831 1835/1835 1837/1837
f 1848/1848 1849/1849 1833/1833
f 1850/1850 1838/1838 1851/1851
f 1837/1837 1847/1847 1844/1844
f 1847/1847 1837/1837 1838/1838
f 1852/1852 1847/1847 1838/1838
f 1852/1852 1838/1838 1850/1850
f 1819/1819 1703/1703 1656/1656
f 1762/1762 1699/1699 1853/1853
f 1707/1707 1854/1854 1699/1699
f 1854/1854 1853/1853 1699/1699
f 1855/1855 1857/1857 1795/1795
f 1855/1855 1859/1859 1857/1857
f 1861/1861 1855/1855 1795/1795
f 1856/1856 1862/1862 1858/1858
f 1762/1762 1853/1853 1862/1862
f 1770/1770 1863/1863 1860/1860
f 1862/1862 1856/1856 1860/1860
f 1863/1863 1862/1862 1860/1860
f 1763/1763 1762/1762 1770/1770
f 1863/1863 1770/1770 1762/1762
f 1863/1863 1762/1762 1862/1862
f 1862/1862 1853/1853 1865/1865
f 1865/1865 1853/1853 1854/1854
f 1854/1854 1866/1866 1865/1865
f 1868/1868 1866/1866 1854/1854
f 1773/1773 1869/1869 1771/1771
f 1870/1870 1869/1869 1871/1871
f 1771/1771 1869/1869 1870/1870
f 1870/1870 1871/1871 1872/1872
f 1870/1870 1872/1872 1873/1873
f 1874/1874 1870/1870 1873/1873
f 1795/1795 1857/1857 1773/1773
f 1869/1869 1857/1857 1871/1871
f 1871/1871 1857/1857 1872/1872
f 1857/1857 1869/1869 1773/1773
f 1872/1872 1857/1857 1859/1859
f 1872/1872 1859/1859 1875/1875
f 1862/1862 1865/1865 1858/1858
f 1875/1875 1859/1859 1864/1864
f 1795/1795 1769/1769 1861/1861
f 1873/1873 1872/1872 1875/1875
f 1874/1874 1873/1873 1876/1876
f 1876/1876 1875/1875 1864/1864
f 1867/1867 1877/1877 1864/1864
f 1868/1868 1878/1878 1866/1866
f 1878/1878 1868/1868 1879/1879
f 1873/1873 1875/1875 1876/1876
f 1880/1880 1867/1867 1881/1881
f 1882/1882 1866/1866 1878/1878
f 1883/1883 1884/1884 1885/1885
f 1879/1879 1883/1883 1878/1878
f 1882/1882 1878/1878 1883/1883
f 1888/1888 1882/1882 1883/1883
f 1888/1888 1883/1883 1885/1885
f 1816/1816 1854/1854 1707/1707
f 1868/1868 1854/1854 1889/1889
f 1889/1889 1854/1854 1816/1816
f 1817/1817 1816/1816 1704/1704
f 1890/1890 1818/1818 1819/1819
f 1818/1818 1892/1892 1817/1817
f 1892/1892 1816/1816 1817/1817
f 1889/1889 1816/1816 1892/1892
f 1893/1893 1889/1889 1892/1892
f 1894/1894 1892/1892 1818/1818
f 1890/1890 1895/1895 1818/1818
f 1896/1896 1891/1891 1895/1895
f 1893/1893 1892/1892 1898/1898
f 1898/1898 1892/1892 1897/1897
f 1897/1897 1899/1899 1898/1898
f 1901/1901 1868/1868 1889/1889
f 1901/1901 1889/1889 1893/1893
f 1890/1890 1819/1819 1656/1656
f 1890/1890 1656/1656 1902/1902
f 1902/1902 1656/1656 1903/1903
f 1890/1890 1902/1902 1904/1904
f 1904/1904 1895/1895 1890/1890
f 1903/1903 1905/1905 1902/1902
f 1900/1900 1896/1896 1895/1895
f 1906/1906 1895/1895 1904/1904
f 1906/1906 1900/1900 1895/1895
f 1907/1907 1901/1901 1893/1893
f 1908/1908 1901/1901 1907/1907
f 1910/1910 1911/1911 1913/1913
f 1909/1909 1884/1884 1901/1901
f 1884/1884 1909/1909 1915/1915
f 1917/1917 1918/1918 1914/1914
f 1917/1917 1914/1914 1912/1912
f 1915/1915 1909/1909 1914/1914
f 1908/1908 1912/1912 1909/1909
f 1918/1918 1915/1915 1914/1914
f 1884/1884 1868/1868 1901/1901
f 1884/1884 1879/1879 1868/1868
f 1883/1883 1879/1879 1884/1884
f 1898/1898 1907/1907 1893/1893
f 1908/1908 1898/1898 1899/1899
f 1917/1917 1912/1912 1908/1908
f 1919/1919 1915/1915 1918/1918
f 1919/1919 1884/1884 1915/1915
f 1919/1919 1920/1920 1885/1885
f 1920/1920 1918/1918 1923/1923
f 1920/1920 1919/1919 1918/1918
f 1917/1917 1925/1925 1918/1918
f 1923/1923 1918/1918 1925/1925
f 1885/1885 1884/1884 1919/1919
f 1916/1916 1908/1908 1899/1899
f 1900/1900 1906/1906 1917/1917
f 1927/1927 1906/1906 1904/1904
f 1906/1906 1927/1927 1917/1917
f 1925/1925 1917/1917 1927/1927
f 1925/1925 1927/1927 1929/1929
f 1904/1904 1929/1929 1927/1927
f 1904/1904 1902/1902 1905/1905
f 1820/1820 1930/1930 1841/1841
f 1931/1931 1903/1903 1932/1932
f 1905/1905 1903/1903 1931/1931
f 1933/1933 1931/1931 1932/1932
f 1934/1934 1933/1933 1932/1932
f 1935/1935 1933/1933 1934/1934
f 1933/1933 1935/1935 1936/1936
f 1937/1937 1938/1938 1934/1934
f 1820/1820 1629/1629 1658/1658
f 1629/1629 1820/1820 1841/1841
f 1842/1842 1939/1939 1656/1656
f 1940/1940 1939/1939 1941/1941
f 1940/1940 1942/1942 1939/1939
f 1842/1842 1845/1845 1941/1941
f 1843/1843 1845/1845 1842/1842
f 1939/1939 1842/1842 1941/1941
f 1941/1941 1845/1845 1940/1940
f 1844/1844 1846/1846 1845/1845
f 1846/1846 1940/1940 1845/1845
f 1940/1940 1846/1846 1943/1943
f 1943/1943 1846/1846 1944/1944
f 1945/1945 1940/1940 1943/1943
f 1942/1942 1940/1940 1945/1945
f 1946/1946 1942/1942 1945/1945
f 1656/1656 1939/1939 1942/1942
f 1656/1656 1942/1942 1903/1903
f 1903/1903 1942/1942 1946/1946
f 1947/1947 1840/1840 1841/1841
f 1947/1947 1833/1833 1840/1840
f 1841/1841 1948/1948 1947/1947
f 1949/1949 1950/1950 1903/1903
f 1932/1932 1903/1903 1950/1950
f 1944/1944 1846/1846 1847/1847
f 1946/1946 1945/1945 1943/1943
f 1946/1946 1943/1943 1944/1944
f 1949/1949 1946/1946 1944/1944
f 1903/1903 1946/1946 1949/1949
f 1944/1944 1852/1852 1949/1949
f 1852/1852 1951/1951 1949/1949
f 1944/1944 1847/1847 1852/1852
f 1951/1951 1852/1852 1850/1850
f 1951/1951 1850/1850 1851/1851
f 1951/1951 1851/1851 1952/1952
f 1952/1952 1851/1851 1953/1953
f 1954/1954 1951/1951 1952/1952
f 1951/1951 1950/1950 1949/1949
f 1848/1848 1833/1833 1947/1947
f 1937/1937 1934/1934 1932/1932
f 1937/1937 1932/1932 1950/1950
f 1955/1955 1950/1950 1951/1951
f 1937/1937 1950/1950 1938/1938
f 1950/1950 1955/1955 1938/1938
f 1956/1956 1957/1957 1938/1938
f 1947/1947 1958/1958 1848/1848
f 1956/1956 1938/1938 1955/1955
f 1956/1956 1955/1955 1951/1951
f 1954/1954 1952/1952 1953/1953
f 1959/1959 1954/1954 1953/1953
f 1960/1960 1959/1959 1953/1953
f 193/193 1331/1331 144/144
f 193/193 266/266 1961/1961
f 273/273 1961/1961 266/266
f 194/194 1962/1962 1610/1610
f 1329/1329 1962/1962 194/194
f 193/193 1963/1963 1331/1331
f 1964/1964 1329/1329 1340/1340
f 1962/1962 1329/1329 1964/1964
f 1340/1340 1619/1619 1964/1964
f 1965/1965 1330/1330 1331/1331
f 1340/1340 1329/1329 1325/1325
f 1963/1963 1965/1965 1331/1331
f 1961/1961 1963/1963 193/193
f 1962/1962 1612/1612 1610/1610
f 1614/1614 1966/1966 1961/1961
f 1961/1961 1966/1966 1963/1963
f 1962/1962 1964/1964 1612/1612
f 1961/1961 273/273 1614/1614
f 1616/1616 1966/1966 1614/1614
f 1612/1612 1964/1964 1618/1618
f 1965/1965 1338/1338 1330/1330
f 1340/1340 1325/1325 1336/1336
f 1340/1340 1341/1341 1619/1619
f 1967/1967 1338/1338 1965/1965
f 1965/1965 1963/1963 1966/1966
f 1968/1968 1965/1965 1966/1966
f 1965/1965 1968/1968 1967/1967
f 1970/1970 1619/1619 1341/1341
f 1971/1971 1346/1346 1338/1338
f 1971/1971 1338/1338 1967/1967
f 1970/1970 1341/1341 1972/1972
f 1972/1972 1341/1341 1347/1347
f 1973/1973 1346/1346 1971/1971
f 1619/1619 1618/1618 1964/1964
f 1968/1968 1966/1966 1616/1616
f 1974/1974 1967/1967 1968/1968
f 1967/1967 1974/1974 1976/1976
f 1977/1977 1975/1975 1969/1969
f 1626/1626 1976/1976 1968/1968
f 1626/1626 1968/1968 1616/1616
f 1976/1976 1978/1978 1967/1967
f 1628/1628 1978/1978 1976/1976
f 1978/1978 1971/1971 1967/1967
f 1628/1628 1976/1976 1626/1626
f 1619/1619 1970/1970 1620/1620
f 1347/1347 1350/1350 1972/1972
f 1973/1973 1393/1393 1346/1346
f 1397/1397 1972/1972 1350/1350
f 1396/1396 1393/1393 1973/1973
f 1979/1979 1396/1396 1973/1973
f 1971/1971 1980/1980 1973/1973
f 1979/1979 1973/1973 1980/1980
f 1981/1981 1982/1982 1980/1980
f 1982/1982 1979/1979 1980/1980
f 1983/1983 1984/1984 1982/1982
f 1982/1982 1985/1985 1983/1983
f 1986/1986 1970/1970 1972/1972
f 1987/1987 1978/1978 1628/1628
f 1978/1978 1987/1987 1988/1988
f 1834/1834 1987/1987 1628/1628
f 1834/1834 1989/1989 1987/1987
f 1978/1978 1988/1988 1971/1971
f 1988/1988 1980/1980 1971/1971
f 1986/1986 1972/1972 1397/1397
f 1990/1990 1980/1980 1988/1988
f 1991/1991 1990/1990 1988/1988
f 1990/1990 1981/1981 1980/1980
f 1981/1981 1990/1990 1982/1982
f 1991/1991 1988/1988 1987/1987
f 1987/1987 1989/1989 1991/1991
f 1992/1992 1982/1982 1990/1990
f 1993/1993 1985/1985 1982/1982
f 1992/1992 1990/1990 1991/1991
f 1992/1992 1993/1993 1982/1982
f 1994/1994 1993/1993 1992/1992
f 1994/1994 1995/1995 1993/1993
f 1996/1996 1397/1397 1402/1402
f 1997/1997 1986/1986 1397/1397
f 1992/1992 1991/1991 1989/1989
f 1998/1998 1994/1994 1992/1992
f 1997/1997 1397/1397 1996/1996
f 1979/1979 1984/1984 1396/1396
f 1982/1982 1984/1984 1979/1979
f 1999/1999 1396/1396 1984/1984
f 1999/1999 2000/2000 1396/1396
f 1999/1999 2001/2001 2002/2002
f 2000/2000 1400/1400 1396/1396
f 2000/2000 1401/1401 1400/1400
f 1999/1999 1401/1401 2000/2000
f 2003/2003 1401/1401 1999/1999
f 2002/2002 2003/2003 1999/1999
f 1401/1401 2003/2003 1403/1403
f 1402/1402 1397/1397 1394/1394
f 2001/2001 1999/1999 1984/1984
f 2004/2004 2002/2002 2005/2005
f 2004/2004 2006/2006 2002/2002
f 1983/1983 2007/2007 1984/1984
f 2008/2008 1983/1983 1985/1985
f 2009/2009 2010/2010 2005/2005
f 2004/2004 2010/2010 2006/2006
f 2006/2006 2003/2003 2002/2002
f 2010/2010 2003/2003 2006/2006
f 2010/2010 2011/2011 2003/2003
f 2010/2010 2004/2004 2005/2005
f 2010/2010 2009/2009 2012/2012
f 1403/1403 2011/2011 1404/1404
f 2013/2013 1399/1399 1409/1409
f 1399/1399 2013/2013 1402/1402
f 2011/2011 1408/1408 1404/1404
f 1403/1403 2003/2003 2011/2011
f 1995/1995 2014/2014 1993/1993
f 2014/2014 1995/1995 2009/2009
f 1995/1995 1994/1994 2015/2015
f 1995/1995 2012/2012 2009/2009
f 2016/2016 2010/2010 2012/2012
f 1411/1411 1408/1408 2011/2011
f 2017/2017 1411/1411 2011/2011
f 1584/1584 2013/2013 1409/1409
f 1412/1412 1411/1411 1583/1583
f 2018/2018 1583/1583 1411/1411
f 2017/2017 2019/2019 1411/1411
f 2019/2019 2018/2018 1411/1411
f 2010/2010 2016/2016 2011/2011
f 2011/2011 2016/2016 2017/2017
f 2016/2016 2020/2020 2017/2017
f 2015/2015 2016/2016 2012/2012
f 2015/2015 2020/2020 2016/2016
f 2019/2019 2017/2017 2020/2020
f 2020/2020 2021/2021 2019/2019
f 2019/2019 2021/2021 2022/2022
f 2020/2020 2022/2022 2021/2021
f 2015/2015 2012/2012 1995/1995
f 2023/2023 2015/2015 1994/1994
f 1402/1402 2013/2013 2024/2024
f 2024/2024 2013/2013 1584/1584
f 2020/2020 2015/2015 2025/2025
f 2026/2026 2020/2020 2025/2025
f 2026/2026 2022/2022 2020/2020
f 2027/2027 1584/1584 2028/2028
f 1584/1584 2027/2027 2029/2029
f 1834/1834 1628/1628 1627/1627
f 1620/1620 1970/1970 1832/1832
f 1839/1839 1986/1986 1997/1997
f 1986/1986 1832/1832 1970/1970
f 2030/2030 1989/1989 1834/1834
f 1849/1849 1989/1989 2030/2030
f 1998/1998 1992/1992 1989/1989
f 1849/1849 1998/1998 1989/1989
f 1833/1833 2030/2030 1834/1834
f 1986/1986 1839/1839 1832/1832
f 1849/1849 2030/2030 1833/1833
f 1402/1402 2031/2031 1996/1996
f 1998/1998 2023/2023 1994/1994
f 2032/2032 1839/1839 1997/1997
f 1997/1997 1996/1996 2032/2032
f 2033/2033 2023/2023 1998/1998
f 2034/2034 1998/1998 1849/1849
f 2035/2035 1996/1996 2031/2031
f 2032/2032 1996/1996 2035/2035
f 2034/2034 2033/2033 1998/1998
f 2033/2033 2036/2036 2023/2023
f 2035/2035 2031/2031 2037/2037
f 2031/2031 2024/2024 2038/2038
f 2031/2031 2038/2038 2037/2037
f 2015/2015 2023/2023 2025/2025
f 2031/2031 1402/1402 2024/2024
f 1584/1584 2029/2029 2024/2024
f 2036/2036 2025/2025 2023/2023
f 2025/2025 2036/2036 2026/2026
f 2039/2039 2024/2024 2029/2029
f 2038/2038 2024/2024 2039/2039
f 2036/2036 2040/2040 2026/2026
f 1584/1584 1582/1582 2028/2028
f 2019/2019 2022/2022 2018/2018
f 1592/1592 1583/1583 2018/2018
f 2041/2041 1592/1592 2018/2018
f 2018/2018 2022/2022 2041/2041
f 2028/2028 1582/1582 1593/1593
f 2041/2041 2022/2022 2042/2042
f 2043/2043 1592/1592 2041/2041
f 1593/1593 1595/1595 2044/2044
f 1594/1594 1599/1599 1591/1591
f 2044/2044 1595/1595 1602/1602
f 1602/1602 2045/2045 2044/2044
f 1592/1592 2046/2046 1594/1594
f 1594/1594 2046/2046 1599/1599
f 2043/2043 2041/2041 2042/2042
f 2044/2044 2028/2028 1593/1593
f 2042/2042 2047/2047 2043/2043
f 2028/2028 2044/2044 2048/2048
f 2046/2046 1592/1592 2043/2043
f 2049/2049 2046/2046 2043/2043
f 1599/1599 2046/2046 2050/2050
f 2046/2046 2051/2051 2050/2050
f 2049/2049 2051/2051 2046/2046
f 2047/2047 2049/2049 2043/2043
f 2048/2048 2044/2044 2052/2052
f 2053/2053 2051/2051 2049/2049
f 2053/2053 2050/2050 2051/2051
f 2052/2052 2044/2044 2045/2045
f 2047/2047 2053/2053 2049/2049
f 2026/2026 2054/2054 2022/2022
f 2054/2054 2042/2042 2022/2022
f 2054/2054 2026/2026 2055/2055
f 2054/2054 2056/2056 2042/2042
f 2047/2047 2042/2042 2056/2056
f 1599/1599 2050/2050 1601/1601
f 2045/2045 1602/1602 1603/1603
f 1603/1603 2057/2057 2045/2045
f 1604/1604 2058/2058 1603/1603
f 1603/1603 2058/2058 2057/2057
f 2052/2052 2045/2045 2057/2057
f 2047/2047 2059/2059 2053/2053
f 2053/2053 2059/2059 2060/2060
f 2057/2057 2061/2061 2052/2052
f 2062/2062 2058/2058 1604/1604
f 2062/2062 1604/1604 1607/1607
f 2063/2063 2059/2059 2047/2047
f 2059/2059 2064/2064 2060/2060
f 1836/1836 1832/1832 1839/1839
f 1838/1838 1839/1839 2032/2032
f 1838/1838 2032/2032 2065/2065
f 2034/2034 1849/1849 2066/2066
f 2035/2035 2065/2065 2032/2032
f 1838/1838 2065/2065 1851/1851
f 2066/2066 2033/2033 2034/2034
f 2065/2065 2067/2067 1851/1851
f 2066/2066 2068/2068 2033/2033
f 2065/2065 2035/2035 2037/2037
f 2067/2067 2065/2065 2037/2037
f 2038/2038 2067/2067 2037/2037
f 2039/2039 2069/2069 2038/2038
f 2038/2038 2069/2069 2067/2067
f 2068/2068 2036/2036 2033/2033
f 2070/2070 2036/2036 2068/2068
f 2066/2066 1849/1849 1848/1848
f 2071/2071 1851/1851 2067/2067
f 2071/2071 2067/2067 2072/2072
f 1953/1953 1851/1851 2073/2073
f 2074/2074 2039/2039 2029/2029
f 2055/2055 2026/2026 2040/2040
f 2075/2075 2055/2055 2040/2040
f 2074/2074 2029/2029 2027/2027
f 2076/2076 2074/2074 2027/2027
f 2077/2077 2076/2076 2027/2027
f 2056/2056 2063/2063 2047/2047
f 2078/2078 2063/2063 2056/2056
f 2058/2058 2061/2061 2057/2057
f 2058/2058 2079/2079 2061/2061
f 1607/1607 1609/1609 2062/2062
f 2058/2058 2062/2062 2079/2079
f 2062/2062 2080/2080 2079/2079
f 2064/2064 2059/2059 2063/2063
f 2063/2063 2081/2081 2064/2064
f 2082/2082 2052/2052 2061/2061
f 2081/2081 2063/2063 2078/2078
f 2061/2061 2079/2079 2082/2082
f 2083/2083 2081/2081 2078/2078
f 2064/2064 2081/2081 2084/2084
f 2027/2027 2028/2028 2085/2085
f 2028/2028 2048/2048 2085/2085
f 2054/2054 2086/2086 2056/2056
f 2054/2054 2055/2055 2086/2086
f 2086/2086 2078/2078 2056/2056
f 2048/2048 2052/2052 2082/2082
f 2048/2048 2082/2082 2087/2087
f 2088/2088 2078/2078 2086/2086
f 2088/2088 2083/2083 2078/2078
f 2082/2082 2079/2079 2089/2089
f 2086/2086 2055/2055 2075/2075
f 2077/2077 2027/2027 2085/2085
f 2085/2085 2048/2048 2087/2087
f 2087/2087 2077/2077 2085/2085
f 2090/2090 2086/2086 2075/2075
f 2082/2082 2091/2091 2087/2087
f 2090/2090 2088/2088 2086/2086
f 2092/2092 2082/2082 2093/2093
f 2082/2082 2089/2089 2093/2093
f 2093/2093 2089/2089 2094/2094
f 2083/2083 2084/2084 2081/2081
f 2080/2080 2094/2094 2079/2079
f 2095/2095 2094/2094 2080/2080
f 2083/2083 2096/2096 2084/2084
f 2096/2096 2097/2097 2084/2084
f 2089/2089 2079/2079 2094/2094
f 2088/2088 2098/2098 2083/2083
f 2094/2094 2095/2095 2099/2099
f 2072/2072 2067/2067 2069/2069
f 2072/2072 2100/2100 2101/2101
f 2069/2069 2039/2039 2074/2074
f 2069/2069 2074/2074 2102/2102
f 2103/2103 2069/2069 2104/2104
f 2102/2102 2104/2104 2069/2069
f 2102/2102 2105/2105 2104/2104
f 2106/2106 2102/2102 2074/2074
f 2102/2102 2106/2106 2107/2107
f 2107/2107 2105/2105 2102/2102
f 2103/2103 2072/2072 2069/2069
f 2036/2036 2070/2070 2040/2040
f 2070/2070 2108/2108 2040/2040
f 2103/2103 2104/2104 2109/2109
f 2072/2072 2103/2103 2110/2110
f 2110/2110 2103/2103 2109/2109
f 2072/2072 2110/2110 2100/2100
f 2111/2111 2110/2110 2109/2109
f 2100/2100 2110/2110 2111/2111
f 2111/2111 2109/2109 2112/2112
f 2100/2100 2111/2111 2112/2112
f 2105/2105 2109/2109 2104/2104
f 2112/2112 2105/2105 2113/2113
f 2109/2109 2105/2105 2112/2112
f 2107/2107 2113/2113 2105/2105
f 2113/2113 2107/2107 2114/2114
f 2115/2115 2100/2100 2112/2112
f 2114/2114 2112/2112 2113/2113
f 2114/2114 2116/2116 2112/2112
f 2112/2112 2116/2116 2115/2115
f 2108/2108 2075/2075 2040/2040
f 2076/2076 2106/2106 2074/2074
f 2117/2117 2106/2106 2076/2076
f 2077/2077 2087/2087 2076/2076
f 2114/2114 2107/2107 2106/2106
f 2106/2106 2117/2117 2114/2114
f 2117/2117 2118/2118 2114/2114
f 2070/2070 2119/2119 2108/2108
f 2119/2119 2075/2075 2108/2108
f 2101/2101 2100/2100 2115/2115
f 2115/2115 2116/2116 2118/2118
f 2101/2101 2115/2115 2120/2120
f 2120/2120 2115/2115 2118/2118
f 2118/2118 2116/2116 2114/2114
f 2118/2118 2117/2117 2121/2121
f 2090/2090 2122/2122 2123/2123
f 2090/2090 2075/2075 2122/2122
f 2121/2121 2124/2124 2118/2118
f 2073/2073 1851/1851 2071/2071
f 2073/2073 2071/2071 2125/2125
f 1953/1953 2073/2073 1960/1960
f 1960/1960 2073/2073 2125/2125
f 2068/2068 2126/2126 2070/2070
f 2125/2125 2071/2071 2101/2101
f 2071/2071 2072/2072 2101/2101
f 2127/2127 2125/2125 2101/2101
f 2127/2127 2101/2101 2120/2120
f 2127/2127 2120/2120 2128/2128
f 2127/2127 2128/2128 2129/2129
f 1960/1960 2125/2125 2130/2130
f 2130/2130 2125/2125 2127/2127
f 2131/2131 2127/2127 2129/2129
f 2119/2119 2070/2070 2132/2132
f 2127/2127 2131/2131 2133/2133
f 2130/2130 2127/2127 2133/2133
f 2134/2134 2133/2133 2135/2135
f 2133/2133 2131/2131 2136/2136
f 2133/2133 2136/2136 2135/2135
f 2133/2133 2137/2137 2130/2130
f 2137/2137 2133/2133 2134/2134
f 2138/2138 2134/2134 2135/2135
f 2138/2138 2137/2137 2134/2134
f 2139/2139 2138/2138 2135/2135
f 2136/2136 2131/2131 2140/2140
f 2131/2131 2129/2129 2140/2140
f 2139/2139 2135/2135 2136/2136
f 2141/2141 2136/2136 2140/2140
f 2140/2140 2129/2129 2142/2142
f 2141/2141 2140/2140 2142/2142
f 2141/2141 2139/2139 2136/2136
f 2143/2143 2141/2141 2142/2142
f 2132/2132 2075/2075 2119/2119
f 2120/2120 2118/2118 2124/2124
f 2132/2132 2144/2144 2075/2075
f 2128/2128 2120/2120 2124/2124
f 2145/2145 2128/2128 2124/2124
f 2144/2144 2122/2122 2075/2075
f 2146/2146 2123/2123 2122/2122
f 2142/2142 2129/2129 2128/2128
f 2121/2121 2145/2145 2124/2124
f 2147/2147 2121/2121 2148/2148
f 2145/2145 2121/2121 2147/2147
f 2121/2121 2149/2149 2148/2148
f 2128/2128 2150/2150 2142/2142
f 2150/2150 2128/2128 2145/2145
f 2151/2151 2150/2150 2145/2145
f 2145/2145 2147/2147 2151/2151
f 2152/2152 2146/2146 2122/2122
f 2122/2122 2144/2144 2152/2152
f 2151/2151 2147/2147 2153/2153
f 2153/2153 2147/2147 2154/2154
f 2087/2087 2091/2091 2076/2076
f 2117/2117 2076/2076 2091/2091
f 2155/2155 2117/2117 2091/2091
f 2123/2123 2098/2098 2090/2090
f 2092/2092 2155/2155 2091/2091
f 2149/2149 2117/2117 2155/2155
f 2121/2121 2117/2117 2149/2149
f 2091/2091 2082/2082 2092/2092
f 2098/2098 2088/2088 2090/2090
f 2155/2155 2092/2092 2093/2093
f 2156/2156 2093/2093 2094/2094
f 2155/2155 2157/2157 2149/2149
f 2155/2155 2093/2093 2156/2156
f 2158/2158 2155/2155 2156/2156
f 2158/2158 2157/2157 2155/2155
f 2159/2159 2098/2098 2123/2123
f 2157/2157 2158/2158 2160/2160
f 2161/2161 2096/2096 2083/2083
f 2156/2156 2094/2094 2099/2099
f 2161/2161 2083/2083 2098/2098
f 2161/2161 2098/2098 2159/2159
f 2158/2158 2156/2156 2099/2099
f 2161/2161 2097/2097 2096/2096
f 2097/2097 2161/2161 2162/2162
f 2099/2099 2163/2163 2158/2158
f 2095/2095 2164/2164 2099/2099
f 2163/2163 2099/2099 2164/2164
f 2162/2162 2161/2161 2159/2159
f 2165/2165 2158/2158 2163/2163
f 2164/2164 2166/2166 2163/2163
f 2167/2167 2163/2163 2166/2166
f 2163/2163 2167/2167 2165/2165
f 2123/2123 2146/2146 2159/2159
f 2149/2149 2157/2157 2148/2148
f 2168/2168 2147/2147 2148/2148
f 2159/2159 2146/2146 2162/2162
f 2168/2168 2148/2148 2169/2169
f 2154/2154 2168/2168 2169/2169
f 2170/2170 2154/2154 2169/2169
f 2157/2157 2169/2169 2148/2148
f 2147/2147 2168/2168 2154/2154
f 2170/2170 2169/2169 2171/2171
f 2172/2172 2170/2170 2171/2171
f 2157/2157 2171/2171 2169/2169
f 2171/2171 2157/2157 2160/2160
f 2173/2173 2162/2162 2146/2146
f 2171/2171 2160/2160 2174/2174
f 2175/2175 2162/2162 2173/2173
f 2172/2172 2171/2171 2174/2174
f 2176/2176 2175/2175 2173/2173
f 2177/2177 2160/2160 2158/2158
f 2165/2165 2177/2177 2158/2158
f 2178/2178 2160/2160 2177/2177
f 2179/2179 2178/2178 2180/2180
f 2181/2181 2178/2178 2179/2179
f 2180/2180 2177/2177 2182/2182
f 2182/2182 2177/2177 2165/2165
f 2180/2180 2178/2178 2177/2177
f 2162/2162 2175/2175 2097/2097
f 2167/2167 2182/2182 2165/2165
f 2183/2183 2180/2180 2182/2182
f 2181/2181 2179/2179 2184/2184
f 2183/2183 2179/2179 2180/2180
f 2184/2184 2179/2179 2183/2183
f 2185/2185 2183/2183 2182/2182
f 2186/2186 2185/2185 2182/2182
f 2187/2187 2167/2167 2188/2188
f 2186/2186 2182/2182 2167/2167
f 2186/2186 2167/2167 2187/2187
f 2189/2189 2186/2186 2187/2187
f 2189/2189 2185/2185 2186/2186
f 2189/2189 2187/2187 2188/2188
f 2178/2178 2181/2181 2160/2160
f 2181/2181 2184/2184 2160/2160
f 2174/2174 2160/2160 2190/2190
f 2190/2190 2160/2160 2184/2184
f 2174/2174 2190/2190 2191/2191
f 2184/2184 2183/2183 2185/2185
f 2185/2185 2192/2192 2184/2184
f 2176/2176 2193/2193 2175/2175
f 2192/2192 2190/2190 2184/2184
f 2172/2172 2174/2174 2194/2194
f 2195/2195 2174/2174 2191/2191
f 2097/2097 2175/2175 2193/2193
f 2097/2097 2193/2193 2196/2196
f 2192/2192 2185/2185 2189/2189
f 2189/2189 2198/2198 2192/2192
f 2188/2188 2198/2198 2189/2189
f 2192/2192 2198/2198 2190/2190
f 2198/2198 2188/2188 2199/2199
f 2191/2191 2190/2190 2198/2198
f 2191/2191 2198/2198 2199/2199
f 1360/1360 1362/1362 1389/1389
f 1388/1388 1362/1362 1361/1361
f 1553/1553 1549/1549 1539/1539
f 1591/1591 1605/1605 1598/1598
f 1605/1605 1561/1561 1598/1598
f 1758/1758 1821/1821 1782/1782
f 1821/1821 1826/1826 1782/1782
f 1826/1826 1793/1793 1782/1782
f 1793/1793 1826/1826 2203/2203
f 1825/1825 1824/1824 2200/2200
f 1822/1822 1828/1828 2201/2201
f 1827/1827 1792/1792 2202/2202
f 1827/1827 1809/1809 1792/1792
f 1809/1809 1827/1827 1811/1811
f 1809/1809 1811/1811 1808/1808
f 1759/1759 1821/1821 1758/1758
f 1759/1759 1764/1764 1827/1827
f 1764/1764 1829/1829 1827/1827
f 1829/1829 1764/1764 1765/1765
f 1821/1821 1759/1759 1827/1827
f 1765/1765 1767/1767 1829/1829
f 1811/1811 1827/1827 1829/1829
f 1829/1829 1801/1801 1811/1811
f 1908/1908 1909/1909 1901/1901
f 1898/1898 1908/1908 1907/1907
f 2001/2001 1984/1984 2007/2007
f 2005/2005 2002/2002 2001/2001
f 2008/2008 2007/2007 1983/1983
f 2007/2007 2005/2005 2001/2001
f 2005/2005 2007/2007 2008/2008
f 2008/2008 2014/2014 2005/2005
f 2008/2008 1985/1985 1993/1993
f 2014/2014 2008/2008 1993/1993
f 2014/2014 2009/2009 2005/2005
f 2050/2050 2053/2053 2060/2060
f 2050/2050 2060/2060 2205/2205
f 2050/2050 2205/2205 1601/1601
f 2064/2064 2205/2205 2060/2060
f 2207/2207 2064/2064 2084/2084
f 2205/2205 2064/2064 2207/2207
f 2208/2208 196/196 198/198
f 196/196 2208/2208 1421/1421
f 2209/2209 762/762 764/764
f 2210/2210 762/762 2209/2209
f 2211/2211 2209/2209 2212/2212
f 978/978 764/764 763/763
f 2213/2213 764/764 978/978
f 977/977 2213/2213 978/978
f 2212/2212 2209/2209 764/764
f 2213/2213 2212/2212 764/764
f 2214/2214 2215/2215 2212/2212
f 2211/2211 2212/2212 2215/2215
f 2213/2213 977/977 2216/2216
f 2216/2216 2217/2217 2213/2213
f 2212/2212 2213/2213 2218/2218
f 2218/2218 2214/2214 2212/2212
f 2217/2217 2218/2218 2213/2213
f 2215/2215 937/937 2211/2211
f 2215/2215 2214/2214 2219/2219
f 937/937 2215/2215 2220/2220
f 2219/2219 2220/2220 2215/2215
f 2221/2221 2219/2219 2214/2214
f 2221/2221 2214/2214 2222/2222
f 2223/2223 2220/2220 2219/2219
f 2220/2220 2223/2223 2224/2224
f 2225/2225 2223/2223 2221/2221
f 2221/2221 2223/2223 2219/2219
f 2226/2226 2225/2225 2221/2221
f 2225/2225 2227/2227 2228/2228
f 2227/2227 2225/2225 2226/2226
f 2228/2228 2229/2229 2223/2223
f 2228/2228 2223/2223 2225/2225
f 2229/2229 2224/2224 2223/2223
f 2229/2229 2230/2230 2224/2224
f 2230/2230 2231/2231 2224/2224
f 2230/2230 2229/2229 2232/2232
f 2233/2233 2229/2229 2228/2228
f 2233/2233 2232/2232 2229/2229
f 2230/2230 2232/2232 2234/2234
f 2232/2232 2235/2235 2234/2234
f 2210/2210 937/937 936/936
f 962/962 965/965 959/959
f 959/959 935/935 962/962
f 2236/2236 962/962 963/963
f 936/936 762/762 2210/2210
f 965/965 962/962 2237/2237
f 962/962 2236/2236 2237/2237
f 929/929 963/963 938/938
f 2237/2237 2236/2236 2238/2238
f 2210/2210 2209/2209 937/937
f 2238/2238 2236/2236 2239/2239
f 2236/2236 963/963 2239/2239
f 2211/2211 937/937 2209/2209
f 963/963 2240/2240 2239/2239
f 763/763 969/969 978/978
f 2238/2238 2239/2239 2240/2240
f 2238/2238 2240/2240 2241/2241
f 2242/2242 2237/2237 2238/2238
f 2242/2242 2238/2238 2241/2241
f 2243/2243 2240/2240 963/963
f 2241/2241 2240/2240 2243/2243
f 2244/2244 2237/2237 2242/2242
f 2245/2245 2242/2242 2241/2241
f 791/791 2246/2246 929/929
f 2247/2247 963/963 929/929
f 2241/2241 2243/2243 2248/2248
f 937/937 2220/2220 2224/2224
f 2243/2243 2247/2247 2248/2248
f 2248/2248 2247/2247 2249/2249
f 2243/2243 963/963 2247/2247
f 2241/2241 2248/2248 2245/2245
f 2231/2231 937/937 2224/2224
f 2245/2245 2248/2248 2249/2249
f 789/789 1194/1194 2250/2250
f 791/791 789/789 2250/2250
f 791/791 2250/2250 2251/2251
f 788/788 790/790 1193/1193
f 2246/2246 791/791 2251/2251
f 2231/2231 790/790 937/937
f 2249/2249 2247/2247 2252/2252
f 2253/2253 2252/2252 2247/2247
f 929/929 2254/2254 2247/2247
f 2231/2231 2230/2230 2234/2234
f 2253/2253 2247/2247 2254/2254
f 2234/2234 790/790 2231/2231
f 2255/2255 790/790 2234/2234
f 2254/2254 929/929 2246/2246
f 2256/2256 2255/2255 2234/2234
f 2257/2257 790/790 2255/2255
f 2258/2258 790/790 2257/2257
f 2258/2258 1193/1193 790/790
f 2246/2246 2251/2251 2259/2259
f 1193/1193 2258/2258 2260/2260
f 2254/2254 2246/2246 2261/2261
f 2257/2257 2260/2260 2258/2258
f 2259/2259 2261/2261 2246/2246
f 2259/2259 2251/2251 2262/2262
f 2263/2263 2251/2251 2250/2250
f 2262/2262 2251/2251 2263/2263
f 2260/2260 2257/2257 2264/2264
f 980/980 979/979 2265/2265
f 2265/2265 979/979 1037/1037
f 2222/2222 2218/2218 2217/2217
f 1037/1037 2266/2266 2265/2265
f 2269/2269 980/980 2265/2265
f 2269/2269 2265/2265 2266/2266
f 1026/1026 1037/1037 979/979
f 1036/1036 1035/1035 2270/2270
f 2222/2222 2214/2214 2218/2218
f 2222/2222 2217/2217 2271/2271
f 2222/2222 2226/2226 2221/2221
f 2271/2271 2226/2226 2222/2222
f 2217/2217 2216/2216 2271/2271
f 2226/2226 2272/2272 2227/2227
f 2226/2226 2271/2271 2272/2272
f 2269/2269 2274/2274 980/980
f 2273/2273 2216/2216 980/980
f 2276/2276 2281/2281 2282/2282
f 2283/2283 2270/2270 2281/2281
f 2281/2281 2276/2276 2283/2283
f 2285/2285 2268/2268 2267/2267
f 2269/2269 2287/2287 2274/2274
f 2288/2288 2287/2287 2269/2269
f 2293/2293 2287/2287 2288/2288
f 2276/2276 2298/2298 2292/2292
f 2278/2278 2296/2296 2289/2289
f 2279/2279 2290/2290 2301/2301
f 2279/2279 2301/2301 2302/2302
f 2302/2302 2301/2301 2307/2307
f 2289/2289 2310/2310 2300/2300
f 2317/2317 2308/2308 2315/2315
f 2310/2310 2305/2305 2300/2300
f 2313/2313 2291/2291 2322/2322
f 2326/2326 2320/2320 2312/2312
f 2280/2280 2327/2327 2311/2311
f 2314/2314 2328/2328 2325/2325
f 2333/2333 2313/2313 2322/2322
f 1036/1036 2334/2334 1033/1033
f 1038/1038 1033/1033 2334/2334
f 2335/2335 1037/1037 1038/1038
f 2335/2335 1038/1038 2336/2336
f 2336/2336 1038/1038 2334/2334
f 2334/2334 1036/1036 2337/2337
f 2337/2337 2336/2336 2334/2334
f 2335/2335 2338/2338 1037/1037
f 2336/2336 2338/2338 2335/2335
f 2339/2339 2338/2338 2336/2336
f 2338/2338 2340/2340 1037/1037
f 2338/2338 2339/2339 2340/2340
f 2270/2270 2337/2337 1036/1036
f 2342/2342 2336/2336 2344/2344
f 2337/2337 2344/2344 2336/2336
f 2342/2342 2339/2339 2336/2336
f 2342/2342 2340/2340 2339/2339
f 2344/2344 2337/2337 2283/2283
f 2340/2340 2266/2266 1037/1037
f 2346/2346 2267/2267 2341/2341
f 2337/2337 2270/2270 2283/2283
f 2347/2347 2285/2285 2267/2267
f 2346/2346 2347/2347 2267/2267
f 2341/2341 2343/2343 2348/2348
f 2348/2348 2346/2346 2341/2341
f 2343/2343 2345/2345 2349/2349
f 2349/2349 2348/2348 2343/2343
f 2350/2350 2348/2348 2349/2349
f 2345/2345 2350/2350 2349/2349
f 2345/2345 2284/2284 2351/2351
f 2350/2350 2345/2345 2352/2352
f 2348/2348 2350/2350 2353/2353
f 2353/2353 2350/2350 2352/2352
f 2345/2345 2351/2351 2352/2352
f 2346/2346 2348/2348 2353/2353
f 2353/2353 2354/2354 2346/2346
f 2353/2353 2355/2355 2354/2354
f 2228/2228 2227/2227 2233/2233
f 2227/2227 2272/2272 2356/2356
f 2227/2227 2356/2356 2233/2233
f 2356/2356 2272/2272 2357/2357
f 2357/2357 2233/2233 2356/2356
f 2232/2232 2233/2233 2235/2235
f 2235/2235 2233/2233 2358/2358
f 2235/2235 2358/2358 2359/2359
f 2358/2358 2233/2233 2357/2357
f 2360/2360 2358/2358 2357/2357
f 2360/2360 2359/2359 2358/2358
f 2291/2291 2268/2268 2322/2322
f 2359/2359 2360/2360 2361/2361
f 2362/2362 2256/2256 2235/2235
f 2359/2359 2362/2362 2235/2235
f 2363/2363 2362/2362 2364/2364
f 2365/2365 2256/2256 2362/2362
f 2363/2363 2365/2365 2362/2362
f 2359/2359 2361/2361 2364/2364
f 2359/2359 2364/2364 2362/2362
f 2366/2366 2365/2365 2363/2363
f 2285/2285 2369/2369 2268/2268
f 2268/2268 2369/2369 2322/2322
f 2369/2369 2372/2372 2322/2322
f 2373/2373 2369/2369 2285/2285
f 2351/2351 2374/2374 2375/2375
f 2347/2347 2373/2373 2285/2285
f 2368/2368 2377/2377 2371/2371
f 2378/2378 2347/2347 2346/2346
f 2354/2354 2378/2378 2346/2346
f 2373/2373 2347/2347 2378/2378
f 2379/2379 2369/2369 2373/2373
f 2373/2373 2378/2378 2379/2379
f 2381/2381 2382/2382 2367/2367
f 2380/2380 2381/2381 2367/2367
f 2355/2355 2353/2353 2352/2352
f 2352/2352 2351/2351 2385/2385
f 2386/2386 2355/2355 2352/2352
f 2386/2386 2352/2352 2385/2385
f 2355/2355 2386/2386 2354/2354
f 2387/2387 2354/2354 2386/2386
f 2387/2387 2378/2378 2354/2354
f 2388/2388 2386/2386 2385/2385
f 2386/2386 2389/2389 2387/2387
f 2389/2389 2386/2386 2388/2388
f 2390/2390 2378/2378 2387/2387
f 2390/2390 2387/2387 2389/2389
f 2388/2388 2385/2385 2351/2351
f 2388/2388 2351/2351 2391/2391
f 2390/2390 2389/2389 2392/2392
f 2388/2388 2392/2392 2389/2389
f 2391/2391 2393/2393 2388/2388
f 2378/2378 2394/2394 2379/2379
f 2395/2395 2396/2396 2397/2397
f 2394/2394 2399/2399 2379/2379
f 2394/2394 2378/2378 2390/2390
f 2393/2393 2391/2391 2397/2397
f 2393/2393 2392/2392 2388/2388
f 2400/2400 2390/2390 2392/2392
f 2401/2401 2392/2392 2393/2393
f 2400/2400 2392/2392 2401/2401
f 2400/2400 2394/2394 2390/2390
f 2402/2402 2393/2393 2397/2397
f 2403/2403 2399/2399 2394/2394
f 2400/2400 2404/2404 2394/2394
f 2401/2401 2393/2393 2402/2402
f 2403/2403 2394/2394 2404/2404
f 2405/2405 2404/2404 2400/2400
f 2406/2406 2401/2401 2402/2402
f 2403/2403 2404/2404 2407/2407
f 2401/2401 2405/2405 2400/2400
f 2401/2401 2406/2406 2405/2405
f 2404/2404 2405/2405 2407/2407
f 2408/2408 2406/2406 2402/2402
f 2405/2405 2406/2406 2408/2408
f 977/977 980/980 2216/2216
f 1071/1071 965/965 2237/2237
f 1071/1071 2237/2237 2244/2244
f 974/974 2410/2410 1064/1064
f 975/975 1066/1066 2409/2409
f 965/965 1071/1071 1065/1065
f 2411/2411 2244/2244 2242/2242
f 2242/2242 2245/2245 2412/2412
f 2413/2413 2410/2410 2414/2414
f 2411/2411 2242/2242 2412/2412
f 2415/2415 2416/2416 1066/1066
f 2409/2409 1066/1066 2416/2416
f 2410/2410 2417/2417 2414/2414
f 2417/2417 2418/2418 2414/2414
f 2417/2417 2419/2419 2418/2418
f 2415/2415 2420/2420 2416/2416
f 2422/2422 2420/2420 2415/2415
f 2423/2423 2412/2412 2245/2245
f 2424/2424 2272/2272 2271/2271
f 2423/2423 2245/2245 2425/2425
f 2419/2419 2417/2417 2421/2421
f 2426/2426 2419/2419 2421/2421
f 2273/2273 2424/2424 2216/2216
f 2424/2424 2271/2271 2216/2216
f 2299/2299 2426/2426 2421/2421
f 2427/2427 2272/2272 2424/2424
f 2286/2286 2424/2424 2273/2273
f 2286/2286 2427/2427 2424/2424
f 2321/2321 2427/2427 2286/2286
f 2295/2295 2321/2321 2286/2286
f 2422/2422 2428/2428 2420/2420
f 2420/2420 2428/2428 2297/2297
f 2316/2316 2294/2294 2297/2297
f 2316/2316 2297/2297 2428/2428
f 2303/2303 2306/2306 2428/2428
f 2428/2428 2306/2306 2318/2318
f 2428/2428 2430/2430 2303/2303
f 2428/2428 2431/2431 2430/2430
f 2431/2431 2331/2331 2430/2430
f 2321/2321 2433/2433 2427/2427
f 2437/2437 2319/2319 2323/2323
f 2437/2437 2432/2432 2319/2319
f 2435/2435 2324/2324 2330/2330
f 2436/2436 2331/2331 2431/2431
f 1066/1066 1067/1067 2438/2438
f 1066/1066 2438/2438 2415/2415
f 2439/2439 2244/2244 2411/2411
f 1070/1070 1071/1071 2244/2244
f 2439/2439 2411/2411 2440/2440
f 2415/2415 2438/2438 2422/2422
f 2440/2440 2411/2411 2412/2412
f 2439/2439 2441/2441 2244/2244
f 2244/2244 2441/2441 1073/1073
f 2442/2442 2422/2422 2438/2438
f 2441/2441 2439/2439 2440/2440
f 2440/2440 2412/2412 2423/2423
f 2428/2428 2422/2422 2443/2443
f 2428/2428 2443/2443 2431/2431
f 2436/2436 2431/2431 2434/2434
f 2434/2434 2431/2431 2443/2443
f 2443/2443 2422/2422 2442/2442
f 2440/2440 2423/2423 2444/2444
f 2423/2423 2445/2445 2444/2444
f 2446/2446 2444/2444 2445/2445
f 2252/2252 2245/2245 2249/2249
f 2245/2245 2252/2252 2448/2448
f 2252/2252 2449/2449 2448/2448
f 2425/2425 2245/2245 2448/2448
f 2448/2448 2450/2450 2425/2425
f 2253/2253 2449/2449 2252/2252
f 2234/2234 2235/2235 2256/2256
f 2451/2451 2448/2448 2449/2449
f 2448/2448 2451/2451 2450/2450
f 2427/2427 2452/2452 2272/2272
f 2433/2433 2452/2452 2427/2427
f 2272/2272 2452/2452 2357/2357
f 2452/2452 2360/2360 2357/2357
f 2449/2449 2253/2253 2453/2453
f 2254/2254 2454/2454 2253/2253
f 2453/2453 2253/2253 2454/2454
f 2365/2365 2255/2255 2256/2256
f 2449/2449 2453/2453 2455/2455
f 2451/2451 2449/2449 2455/2455
f 2456/2456 2255/2255 2365/2365
f 2366/2366 2363/2363 2364/2364
f 2366/2366 2456/2456 2365/2365
f 2366/2366 2457/2457 2456/2456
f 2458/2458 2361/2361 2360/2360
f 2458/2458 2364/2364 2361/2361
f 2459/2459 2450/2450 2451/2451
f 2460/2460 2458/2458 2360/2360
f 2461/2461 2366/2366 2364/2364
f 2461/2461 2364/2364 2458/2458
f 2462/2462 2461/2461 2458/2458
f 2451/2451 2455/2455 2463/2463
f 2461/2461 2457/2457 2366/2366
f 2457/2457 2461/2461 2464/2464
f 2462/2462 2464/2464 2461/2461
f 2465/2465 2464/2464 2462/2462
f 2463/2463 2459/2459 2451/2451
f 2460/2460 2462/2462 2458/2458
f 2433/2433 2466/2466 2452/2452
f 2467/2467 2332/2332 2469/2469
f 2475/2475 2466/2466 2433/2433
f 2476/2476 2473/2473 2434/2434
f 2322/2322 2372/2372 2333/2333
f 2470/2470 2333/2333 2372/2372
f 2471/2471 2370/2370 2475/2475
f 2370/2370 2466/2466 2475/2475
f 2476/2476 2472/2472 2474/2474
f 2425/2425 2445/2445 2423/2423
f 2477/2477 2452/2452 2466/2466
f 2476/2476 2434/2434 2443/2443
f 2476/2476 2443/2443 2478/2478
f 2477/2477 2466/2466 2376/2376
f 2450/2450 2479/2479 2425/2425
f 2476/2476 2478/2478 2480/2480
f 2376/2376 2484/2484 2487/2487
f 2487/2487 2477/2477 2376/2376
f 2479/2479 2445/2445 2425/2425
f 2488/2488 2445/2445 2479/2479
f 2360/2360 2452/2452 2460/2460
f 2384/2384 2481/2481 2377/2377
f 2487/2487 2452/2452 2477/2477
f 2490/2490 2478/2478 2443/2443
f 2491/2491 2478/2478 2490/2490
f 2478/2478 2492/2492 2480/2480
f 2493/2493 2492/2492 2478/2478
f 2495/2495 2492/2492 2493/2493
f 2493/2493 2496/2496 2495/2495
f 2491/2491 2493/2493 2478/2478
f 2488/2488 2499/2499 2445/2445
f 2450/2450 2459/2459 2479/2479
f 2479/2479 2459/2459 2500/2500
f 2501/2501 2452/2452 2487/2487
f 2501/2501 2460/2460 2452/2452
f 2460/2460 2502/2502 2462/2462
f 2500/2500 2459/2459 2504/2504
f 2488/2488 2500/2500 2504/2504
f 2382/2382 2381/2381 2505/2505
f 2497/2497 2487/2487 2494/2494
f 2487/2487 2497/2497 2501/2501
f 2507/2507 2501/2501 2497/2497
f 2506/2506 2496/2496 2493/2493
f 2506/2506 2493/2493 2491/2491
f 2506/2506 2491/2491 2508/2508
f 2508/2508 2501/2501 2507/2507
f 2509/2509 2508/2508 2491/2491
f 2501/2501 2502/2502 2460/2460
f 2502/2502 2510/2510 2511/2511
f 2381/2381 2512/2512 2513/2513
f 2512/2512 2381/2381 2380/2380
f 2510/2510 2502/2502 2501/2501
f 2501/2501 2508/2508 2510/2510
f 2514/2514 2515/2515 2516/2516
f 1090/1090 1073/1073 2441/2441
f 1090/1090 2441/2441 2440/2440
f 1090/1090 2440/2440 1092/1092
f 1067/1067 1091/1091 2438/2438
f 2518/2518 2440/2440 2444/2444
f 2518/2518 1092/1092 2440/2440
f 1089/1089 1092/1092 1095/1095
f 1094/1094 1095/1095 2519/2519
f 2520/2520 1091/1091 1093/1093
f 1095/1095 2521/2521 2519/2519
f 1091/1091 2442/2442 2438/2438
f 2522/2522 1095/1095 1092/1092
f 2442/2442 2490/2490 2443/2443
f 2518/2518 2444/2444 2446/2446
f 2522/2522 1092/1092 2518/2518
f 2442/2442 2524/2524 2490/2490
f 2525/2525 2517/2517 2526/2526
f 2517/2517 2447/2447 2526/2526
f 2527/2527 2519/2519 2521/2521
f 1118/1118 2520/2520 1093/1093
f 1091/1091 2520/2520 2442/2442
f 2521/2521 1095/1095 2522/2522
f 2522/2522 2528/2528 2521/2521
f 2528/2528 2527/2527 2521/2521
f 2529/2529 2528/2528 2522/2522
f 2531/2531 2528/2528 2529/2529
f 2533/2533 2520/2520 1118/1118
f 2532/2532 2530/2530 2534/2534
f 2534/2534 2530/2530 2535/2535
f 2520/2520 2533/2533 2536/2536
f 1113/1113 1107/1107 2538/2538
f 2538/2538 1107/1107 2539/2539
f 1117/1117 1113/1113 2541/2541
f 2541/2541 1113/1113 2542/2542
f 2539/2539 2543/2543 2538/2538
f 2546/2546 2547/2547 2549/2549
f 2549/2549 2552/2552 2546/2546
f 2549/2549 2547/2547 2553/2553
f 2549/2549 2553/2553 2540/2540
f 2550/2550 1209/1209 1116/1116
f 1208/1208 2552/2552 2549/2549
f 2537/2537 2549/2549 2540/2540
f 2549/2549 2544/2544 2557/2557
f 2537/2537 2544/2544 2549/2549
f 2549/2549 2557/2557 2558/2558
f 2549/2549 2558/2558 2534/2534
f 2559/2559 2549/2549 2534/2534
f 2524/2524 2442/2442 2536/2536
f 2442/2442 2520/2520 2536/2536
f 2523/2523 2560/2560 2530/2530
f 2535/2535 2530/2530 2560/2560
f 2561/2561 2562/2562 2560/2560
f 2562/2562 2561/2561 2525/2525
f 2560/2560 2562/2562 2535/2535
f 2524/2524 2563/2563 2490/2490
f 2525/2525 2526/2526 2564/2564
f 2565/2565 2524/2524 2536/2536
f 2525/2525 2564/2564 2562/2562
f 2524/2524 2565/2565 2563/2563
f 2536/2536 2533/2533 2565/2565
f 2566/2566 2565/2565 2533/2533
f 2567/2567 2562/2562 2564/2564
f 2567/2567 2564/2564 2568/2568
f 2562/2562 2567/2567 2535/2535
f 2569/2569 2534/2534 2535/2535
f 2534/2534 2569/2569 2559/2559
f 2535/2535 2567/2567 2569/2569
f 2567/2567 2570/2570 2571/2571
f 2567/2567 2571/2571 2569/2569
f 2572/2572 2569/2569 2571/2571
f 2446/2446 2445/2445 2499/2499
f 2573/2573 2491/2491 2490/2490
f 2574/2574 2498/2498 2575/2575
f 2576/2576 2447/2447 2574/2574
f 2498/2498 2574/2574 2447/2447
f 2526/2526 2447/2447 2576/2576
f 2563/2563 2573/2573 2490/2490
f 2577/2577 2573/2573 2563/2563
f 2578/2578 2526/2526 2579/2579
f 2509/2509 2491/2491 2573/2573
f 2576/2576 2574/2574 2575/2575
f 2575/2575 2579/2579 2576/2576
f 2398/2398 2512/2512 2380/2380
f 2509/2509 2510/2510 2508/2508
f 2580/2580 2509/2509 2573/2573
f 2575/2575 2581/2581 2579/2579
f 2582/2582 2575/2575 2514/2514
f 2582/2582 2581/2581 2575/2575
f 2577/2577 2580/2580 2573/2573
f 2579/2579 2581/2581 2583/2583
f 2584/2584 2564/2564 2526/2526
f 2565/2565 2585/2585 2563/2563
f 2585/2585 2577/2577 2563/2563
f 2584/2584 2526/2526 2578/2578
f 2586/2586 2584/2584 2578/2578
f 2586/2586 2578/2578 2587/2587
f 2588/2588 2571/2571 2570/2570
f 2572/2572 2588/2588 2589/2589
f 2589/2589 2590/2590 2572/2572
f 2586/2586 2591/2591 2592/2592
f 2591/2591 2586/2586 2593/2593
f 2587/2587 2593/2593 2586/2586
f 2577/2577 2585/2585 2594/2594
f 2577/2577 2594/2594 2580/2580
f 2580/2580 2594/2594 2595/2595
f 2578/2578 2579/2579 2583/2583
f 2596/2596 2578/2578 2583/2583
f 2578/2578 2596/2596 2587/2587
f 2596/2596 2583/2583 2597/2597
f 2596/2596 2598/2598 2593/2593
f 2599/2599 2600/2600 2601/2601
f 2602/2602 2603/2603 2600/2600
f 2604/2604 2594/2594 2585/2585
f 2594/2594 2604/2604 2605/2605
f 2598/2598 2596/2596 2606/2606
f 2607/2607 2604/2604 2585/2585
f 2608/2608 2602/2602 2598/2598
f 2609/2609 2598/2598 2606/2606
f 2403/2403 2611/2611 2399/2399
f 2408/2408 2402/2402 2612/2612
f 2408/2408 2613/2613 2405/2405
f 2407/2407 2405/2405 2614/2614
f 2615/2615 2403/2403 2407/2407
f 2614/2614 2405/2405 2613/2613
f 2615/2615 2407/2407 2614/2614
f 2615/2615 2614/2614 2616/2616
f 2617/2617 2456/2456 2457/2457
f 2617/2617 2255/2255 2456/2456
f 2464/2464 2617/2617 2457/2457
f 2464/2464 2618/2618 2617/2617
f 2619/2619 2255/2255 2617/2617
f 2618/2618 2619/2619 2617/2617
f 2455/2455 2453/2453 2620/2620
f 2454/2454 2254/2254 2621/2621
f 2261/2261 2621/2621 2254/2254
f 2622/2622 2619/2619 2618/2618
f 2623/2623 2622/2622 2618/2618
f 2619/2619 2624/2624 2255/2255
f 2625/2625 2624/2624 2619/2619
f 2619/2619 2622/2622 2625/2625
f 2626/2626 2625/2625 2622/2622
f 2255/2255 2624/2624 2257/2257
f 2627/2627 2620/2620 2453/2453
f 2453/2453 2454/2454 2627/2627
f 2625/2625 2628/2628 2624/2624
f 2454/2454 2629/2629 2627/2627
f 2463/2463 2455/2455 2620/2620
f 2618/2618 2464/2464 2465/2465
f 2465/2465 2462/2462 2630/2630
f 2631/2631 2618/2618 2465/2465
f 2465/2465 2630/2630 2631/2631
f 2633/2633 2459/2459 2463/2463
f 2504/2504 2459/2459 2633/2633
f 2631/2631 2623/2623 2618/2618
f 2634/2634 2623/2623 2631/2631
f 2634/2634 2626/2626 2623/2623
f 2622/2622 2623/2623 2626/2626
f 2626/2626 2635/2635 2625/2625
f 2626/2626 2634/2634 2636/2636
f 2634/2634 2631/2631 2630/2630
f 2637/2637 2634/2634 2630/2630
f 2638/2638 2636/2636 2634/2634
f 2638/2638 2634/2634 2637/2637
f 2620/2620 2633/2633 2463/2463
f 2621/2621 2261/2261 2639/2639
f 2628/2628 2625/2625 2635/2635
f 2635/2635 2640/2640 2628/2628
f 2640/2640 2624/2624 2628/2628
f 2640/2640 2641/2641 2624/2624
f 2636/2636 2635/2635 2626/2626
f 2636/2636 2642/2642 2635/2635
f 2643/2643 2642/2642 2636/2636
f 2638/2638 2643/2643 2636/2636
f 2620/2620 2627/2627 2644/2644
f 2633/2633 2620/2620 2645/2645
f 2645/2645 2620/2620 2644/2644
f 2644/2644 2627/2627 2629/2629
f 2647/2647 2632/2632 2646/2646
f 2648/2648 2642/2642 2643/2643
f 2649/2649 2648/2648 2643/2643
f 2642/2642 2640/2640 2635/2635
f 2650/2650 2641/2641 2640/2640
f 2642/2642 2650/2650 2640/2640
f 2650/2650 2642/2642 2648/2648
f 2649/2649 2650/2650 2648/2648
f 2644/2644 2629/2629 2651/2651
f 2652/2652 2641/2641 2650/2650
f 2653/2653 2652/2652 2650/2650
f 2654/2654 2644/2644 2651/2651
f 2644/2644 2654/2654 2646/2646
f 2653/2653 2650/2650 2649/2649
f 2646/2646 2654/2654 2655/2655
f 2629/2629 2454/2454 2621/2621
f 2621/2621 2639/2639 2629/2629
f 2641/2641 2257/2257 2624/2624
f 2261/2261 2259/2259 2639/2639
f 2656/2656 2629/2629 2639/2639
f 2657/2657 2257/2257 2641/2641
f 2259/2259 2658/2658 2639/2639
f 2656/2656 2639/2639 2658/2658
f 2502/2502 2630/2630 2462/2462
f 2637/2637 2630/2630 2502/2502
f 2502/2502 2511/2511 2637/2637
f 2659/2659 2503/2503 2632/2632
f 2632/2632 2647/2647 2659/2659
f 2660/2660 2503/2503 2659/2659
f 2515/2515 2660/2660 2661/2661
f 2515/2515 2661/2661 2516/2516
f 2662/2662 2637/2637 2511/2511
f 2643/2643 2638/2638 2663/2663
f 2637/2637 2663/2663 2638/2638
f 2663/2663 2649/2649 2643/2643
f 2647/2647 2660/2660 2659/2659
f 2661/2661 2660/2660 2647/2647
f 2664/2664 2663/2663 2662/2662
f 2649/2649 2663/2663 2664/2664
f 2664/2664 2665/2665 2649/2649
f 2662/2662 2663/2663 2637/2637
f 2647/2647 2646/2646 2655/2655
f 2655/2655 2661/2661 2647/2647
f 2666/2666 2661/2661 2655/2655
f 2667/2667 2664/2664 2662/2662
f 2668/2668 2658/2658 2259/2259
f 2259/2259 2262/2262 2668/2668
f 2641/2641 2652/2652 2657/2657
f 2669/2669 2652/2652 2653/2653
f 2669/2669 2670/2670 2652/2652
f 2671/2671 2653/2653 2665/2665
f 2665/2665 2653/2653 2649/2649
f 2672/2672 2671/2671 2665/2665
f 2671/2671 2669/2669 2653/2653
f 2658/2658 2673/2673 2656/2656
f 2673/2673 2658/2658 2674/2674
f 2651/2651 2629/2629 2656/2656
f 2654/2654 2651/2651 2675/2675
f 2657/2657 2652/2652 2676/2676
f 2676/2676 2652/2652 2670/2670
f 2675/2675 2655/2655 2654/2654
f 2677/2677 2675/2675 2651/2651
f 2655/2655 2675/2675 2677/2677
f 2678/2678 2655/2655 2677/2677
f 2676/2676 2670/2670 2679/2679
f 2680/2680 2679/2679 2670/2670
f 2669/2669 2680/2680 2670/2670
f 2671/2671 2680/2680 2669/2669
f 2671/2671 2681/2681 2680/2680
f 2677/2677 2651/2651 2682/2682
f 2683/2683 2679/2679 2680/2680
f 2679/2679 2683/2683 2684/2684
f 2683/2683 2680/2680 2681/2681
f 2656/2656 2682/2682 2651/2651
f 2674/2674 2656/2656 2673/2673
f 2656/2656 2674/2674 2682/2682
f 2685/2685 2676/2676 2686/2686
f 2686/2686 2676/2676 2679/2679
f 2679/2679 2684/2684 2686/2686
f 2687/2687 2686/2686 2684/2684
f 2687/2687 2684/2684 2683/2683
f 2683/2683 2688/2688 2687/2687
f 2688/2688 2689/2689 2687/2687
f 2657/2657 2676/2676 2685/2685
f 2678/2678 2677/2677 2690/2690
f 2682/2682 2690/2690 2677/2677
f 2687/2687 2691/2691 2686/2686
f 2692/2692 2691/2691 2687/2687
f 2686/2686 2691/2691 2685/2685
f 2693/2693 2694/2694 2691/2691
f 2685/2685 2691/2691 2694/2694
f 2689/2689 2692/2692 2687/2687
f 2695/2695 2692/2692 2689/2689
f 2690/2690 2682/2682 2696/2696
f 2678/2678 2690/2690 2697/2697
f 2693/2693 2691/2691 2692/2692
f 2695/2695 2693/2693 2692/2692
f 2672/2672 2665/2665 2664/2664
f 2698/2698 2672/2672 2664/2664
f 2698/2698 2671/2671 2672/2672
f 2699/2699 2698/2698 2664/2664
f 2698/2698 2681/2681 2671/2671
f 2681/2681 2688/2688 2683/2683
f 2700/2700 2688/2688 2681/2681
f 2681/2681 2698/2698 2699/2699
f 2699/2699 2700/2700 2681/2681
f 2655/2655 2678/2678 2701/2701
f 2666/2666 2655/2655 2701/2701
f 2664/2664 2667/2667 2699/2699
f 2667/2667 2702/2702 2699/2699
f 2703/2703 2689/2689 2688/2688
f 2699/2699 2703/2703 2700/2700
f 2700/2700 2703/2703 2688/2688
f 2695/2695 2689/2689 2703/2703
f 2704/2704 2695/2695 2703/2703
f 2705/2705 2693/2693 2695/2695
f 2704/2704 2705/2705 2695/2695
f 2701/2701 2678/2678 2697/2697
f 2704/2704 2706/2706 2705/2705
f 2666/2666 2701/2701 2707/2707
f 2702/2702 2703/2703 2699/2699
f 2257/2257 2657/2657 2264/2264
f 2668/2668 2674/2674 2658/2658
f 2708/2708 2668/2668 2262/2262
f 2657/2657 2685/2685 2264/2264
f 2696/2696 2682/2682 2674/2674
f 2701/2701 2697/2697 2707/2707
f 2705/2705 2706/2706 2709/2709
f 2710/2710 2707/2707 2711/2711
f 2712/2712 2704/2704 2703/2703
f 2704/2704 2712/2712 2713/2713
f 2398/2398 2714/2714 2512/2512
f 2512/2512 2714/2714 2513/2513
f 2715/2715 2513/2513 2714/2714
f 2716/2716 2511/2511 2510/2510
f 2716/2716 2510/2510 2509/2509
f 2582/2582 2514/2514 2516/2516
f 2595/2595 2511/2511 2716/2716
f 2662/2662 2511/2511 2595/2595
f 2610/2610 2714/2714 2398/2398
f 2717/2717 2718/2718 2402/2402
f 2402/2402 2718/2718 2719/2719
f 2402/2402 2719/2719 2612/2612
f 2716/2716 2509/2509 2580/2580
f 2580/2580 2595/2595 2716/2716
f 2720/2720 2714/2714 2610/2610
f 2720/2720 2721/2721 2714/2714
f 2721/2721 2720/2720 2722/2722
f 2516/2516 2723/2723 2582/2582
f 2516/2516 2661/2661 2723/2723
f 2661/2661 2724/2724 2723/2723
f 2582/2582 2723/2723 2581/2581
f 2581/2581 2723/2723 2725/2725
f 2581/2581 2597/2597 2583/2583
f 2597/2597 2581/2581 2725/2725
f 2662/2662 2595/2595 2726/2726
f 2727/2727 2597/2597 2725/2725
f 2727/2727 2725/2725 2724/2724
f 2729/2729 2720/2720 2610/2610
f 2730/2730 2722/2722 2720/2720
f 2724/2724 2661/2661 2731/2731
f 2731/2731 2661/2661 2666/2666
f 2725/2725 2723/2723 2724/2724
f 2727/2727 2724/2724 2732/2732
f 2667/2667 2662/2662 2726/2726
f 2732/2732 2724/2724 2731/2731
f 2615/2615 2611/2611 2403/2403
f 2733/2733 2719/2719 2734/2734
f 2612/2612 2613/2613 2408/2408
f 2613/2613 2612/2612 2735/2735
f 2613/2613 2735/2735 2614/2614
f 2735/2735 2736/2736 2614/2614
f 2736/2736 2735/2735 2737/2737
f 2612/2612 2737/2737 2735/2735
f 2612/2612 2719/2719 2733/2733
f 2738/2738 2611/2611 2615/2615
f 2614/2614 2736/2736 2616/2616
f 2738/2738 2615/2615 2616/2616
f 2733/2733 2737/2737 2612/2612
f 2739/2739 2596/2596 2597/2597
f 2605/2605 2595/2595 2594/2594
f 2727/2727 2739/2739 2597/2597
f 2732/2732 2739/2739 2727/2727
f 2740/2740 2739/2739 2732/2732
f 2596/2596 2739/2739 2606/2606
f 2740/2740 2606/2606 2739/2739
f 2609/2609 2606/2606 2740/2740
f 2741/2741 2605/2605 2604/2604
f 2726/2726 2595/2595 2605/2605
f 2740/2740 2732/2732 2742/2742
f 2743/2743 2605/2605 2741/2741
f 2720/2720 2744/2744 2730/2730
f 2744/2744 2720/2720 2729/2729
f 2733/2733 2734/2734 2745/2745
f 2747/2747 2744/2744 2729/2729
f 2738/2738 2728/2728 2611/2611
f 2745/2745 2748/2748 2733/2733
f 2749/2749 2733/2733 2748/2748
f 2747/2747 2750/2750 2744/2744
f 2747/2747 2751/2751 2750/2750
f 2746/2746 2728/2728 2738/2738
f 2667/2667 2726/2726 2752/2752
f 2732/2732 2731/2731 2753/2753
f 2752/2752 2754/2754 2667/2667
f 2755/2755 2732/2732 2753/2753
f 2752/2752 2726/2726 2756/2756
f 2756/2756 2726/2726 2605/2605
f 2742/2742 2732/2732 2755/2755
f 2605/2605 2743/2743 2756/2756
f 2757/2757 2756/2756 2743/2743
f 2744/2744 2750/2750 2758/2758
f 2759/2759 2752/2752 2756/2756
f 2760/2760 2755/2755 2753/2753
f 2666/2666 2761/2761 2731/2731
f 2761/2761 2666/2666 2707/2707
f 2731/2731 2761/2761 2753/2753
f 2667/2667 2754/2754 2702/2702
f 2750/2750 2751/2751 2762/2762
f 2763/2763 2762/2762 2751/2751
f 2762/2762 2763/2763 2764/2764
f 2763/2763 2765/2765 2764/2764
f 2759/2759 2754/2754 2752/2752
f 2761/2761 2707/2707 2710/2710
f 2712/2712 2703/2703 2702/2702
f 2710/2710 2711/2711 2766/2766
f 2767/2767 2710/2710 2768/2768
f 2769/2769 2753/2753 2761/2761
f 2760/2760 2753/2753 2769/2769
f 2770/2770 2760/2760 2769/2769
f 2771/2771 2772/2772 2754/2754
f 2771/2771 2754/2754 2759/2759
f 2772/2772 2771/2771 2773/2773
f 2770/2770 2769/2769 2774/2774
f 2702/2702 2754/2754 2772/2772
f 2702/2702 2772/2772 2712/2712
f 2761/2761 2710/2710 2767/2767
f 2712/2712 2772/2772 2713/2713
f 2769/2769 2761/2761 2767/2767
f 2769/2769 2767/2767 2774/2774
f 2773/2773 2713/2713 2772/2772
f 2773/2773 2775/2775 2713/2713
f 2767/2767 2768/2768 2776/2776
f 2767/2767 2776/2776 2777/2777
f 2778/2778 1194/1194 1195/1195
f 201/201 2779/2779 2780/2780
f 2779/2779 201/201 1193/1193
f 1194/1194 2778/2778 2263/2263
f 2250/2250 1194/1194 2263/2263
f 2779/2779 1193/1193 2260/2260
f 201/201 2781/2781 198/198
f 201/201 2782/2782 2781/2781
f 198/198 2781/2781 2208/2208
f 2783/2783 1195/1195 202/202
f 2784/2784 2208/2208 2781/2781
f 2782/2782 2785/2785 2781/2781
f 2786/2786 2785/2785 2787/2787
f 2788/2788 2786/2786 2787/2787
f 2782/2782 2789/2789 2787/2787
f 2782/2782 2787/2787 2785/2785
f 2788/2788 2787/2787 2789/2789
f 2785/2785 2790/2790 2781/2781
f 2790/2790 2784/2784 2781/2781
f 2786/2786 2791/2791 2790/2790
f 2786/2786 2790/2790 2785/2785
f 2786/2786 2788/2788 2792/2792
f 2786/2786 2792/2792 2791/2791
f 2790/2790 2791/2791 2784/2784
f 2789/2789 2793/2793 2788/2788
f 2793/2793 2784/2784 2791/2791
f 2791/2791 2792/2792 2793/2793
f 2792/2792 2788/2788 2793/2793
f 2789/2789 2782/2782 201/201
f 2778/2778 1195/1195 2783/2783
f 2789/2789 201/201 2780/2780
f 2780/2780 2793/2793 2789/2789
f 2794/2794 2783/2783 202/202
f 2208/2208 2784/2784 2780/2780
f 2780/2780 2784/2784 2793/2793
f 2794/2794 202/202 2795/2795
f 2262/2262 2263/2263 2796/2796
f 2778/2778 2797/2797 2263/2263
f 2260/2260 2264/2264 2779/2779
f 2262/2262 2796/2796 2798/2798
f 2798/2798 2799/2799 2262/2262
f 2796/2796 2797/2797 2800/2800
f 2796/2796 2263/2263 2797/2797
f 2796/2796 2801/2801 2798/2798
f 2801/2801 2796/2796 2800/2800
f 2794/2794 2778/2778 2783/2783
f 2797/2797 2778/2778 2794/2794
f 2797/2797 2794/2794 2802/2802
f 2802/2802 2794/2794 2795/2795
f 2800/2800 2797/2797 2802/2802
f 2803/2803 2780/2780 2779/2779
f 2802/2802 2804/2804 2800/2800
f 2805/2805 2800/2800 2804/2804
f 2780/2780 2803/2803 2806/2806
f 2708/2708 2262/2262 2799/2799
f 2807/2807 2708/2708 2799/2799
f 2708/2708 2807/2807 2808/2808
f 2694/2694 2809/2809 2685/2685
f 2693/2693 2810/2810 2694/2694
f 2705/2705 2810/2810 2693/2693
f 2809/2809 2694/2694 2810/2810
f 2811/2811 2264/2264 2685/2685
f 2811/2811 2809/2809 2810/2810
f 2812/2812 2811/2811 2810/2810
f 2685/2685 2809/2809 2811/2811
f 2696/2696 2813/2813 2690/2690
f 2697/2697 2690/2690 2813/2813
f 2814/2814 2815/2815 2810/2810
f 2815/2815 2812/2812 2810/2810
f 2816/2816 2696/2696 2674/2674
f 2668/2668 2816/2816 2674/2674
f 2817/2817 2696/2696 2816/2816
f 2813/2813 2696/2696 2817/2817
f 2812/2812 2818/2818 2811/2811
f 2819/2819 2811/2811 2818/2818
f 2815/2815 2818/2818 2812/2812
f 2818/2818 2815/2815 2819/2819
f 2820/2820 2819/2819 2815/2815
f 2821/2821 2820/2820 2815/2815
f 2819/2819 2822/2822 2811/2811
f 2819/2819 2823/2823 2822/2822
f 2811/2811 2822/2822 2824/2824
f 2825/2825 2826/2826 2813/2813
f 2825/2825 2813/2813 2817/2817
f 2808/2808 2668/2668 2708/2708
f 2808/2808 2827/2827 2668/2668
f 2668/2668 2828/2828 2816/2816
f 2827/2827 2828/2828 2668/2668
f 2264/2264 2811/2811 2824/2824
f 2829/2829 2823/2823 2819/2819
f 2830/2830 2824/2824 2822/2822
f 2823/2823 2830/2830 2822/2822
f 2831/2831 2830/2830 2823/2823
f 2820/2820 2829/2829 2819/2819
f 2832/2832 2829/2829 2820/2820
f 2833/2833 2829/2829 2832/2832
f 2831/2831 2823/2823 2829/2829
f 2834/2834 2824/2824 2830/2830
f 2830/2830 2831/2831 2835/2835
f 2817/2817 2836/2836 2825/2825
f 2833/2833 2831/2831 2829/2829
f 2833/2833 2837/2837 2831/2831
f 2838/2838 2836/2836 2839/2839
f 2816/2816 2840/2840 2841/2841
f 2816/2816 2841/2841 2817/2817
f 2828/2828 2840/2840 2816/2816
f 2836/2836 2817/2817 2841/2841
f 2834/2834 2830/2830 2835/2835
f 2834/2834 2835/2835 2842/2842
f 2837/2837 2842/2842 2835/2835
f 2842/2842 2837/2837 2843/2843
f 2835/2835 2831/2831 2837/2837
f 2844/2844 2843/2843 2837/2837
f 2824/2824 2834/2834 2845/2845
f 2824/2824 2845/2845 2264/2264
f 2834/2834 2842/2842 2845/2845
f 2846/2846 2845/2845 2842/2842
f 2847/2847 2846/2846 2842/2842
f 2847/2847 2842/2842 2843/2843
f 2848/2848 2847/2847 2843/2843
f 2849/2849 2848/2848 2843/2843
f 2836/2836 2841/2841 2850/2850
f 2709/2709 2814/2814 2810/2810
f 2709/2709 2810/2810 2705/2705
f 2851/2851 2815/2815 2814/2814
f 2851/2851 2709/2709 2706/2706
f 2713/2713 2851/2851 2706/2706
f 2707/2707 2697/2697 2852/2852
f 2709/2709 2851/2851 2814/2814
f 2851/2851 2821/2821 2815/2815
f 2713/2713 2821/2821 2851/2851
f 2852/2852 2697/2697 2826/2826
f 2826/2826 2697/2697 2813/2813
f 2852/2852 2826/2826 2838/2838
f 2711/2711 2707/2707 2852/2852
f 2711/2711 2852/2852 2838/2838
f 2853/2853 2820/2820 2821/2821
f 2854/2854 2853/2853 2821/2821
f 2854/2854 2821/2821 2713/2713
f 2853/2853 2854/2854 2832/2832
f 2704/2704 2713/2713 2706/2706
f 2855/2855 2711/2711 2838/2838
f 2711/2711 2855/2855 2766/2766
f 2713/2713 2856/2856 2854/2854
f 2766/2766 2855/2855 2857/2857
f 2832/2832 2820/2820 2853/2853
f 2856/2856 2832/2832 2854/2854
f 2856/2856 2833/2833 2832/2832
f 2858/2858 2833/2833 2856/2856
f 2838/2838 2825/2825 2836/2836
f 2826/2826 2825/2825 2838/2838
f 2859/2859 2838/2838 2839/2839
f 2860/2860 2838/2838 2859/2859
f 2860/2860 2859/2859 2861/2861
f 2844/2844 2837/2837 2833/2833
f 2858/2858 2844/2844 2833/2833
f 2858/2858 2862/2862 2844/2844
f 2844/2844 2849/2849 2843/2843
f 2849/2849 2844/2844 2862/2862
f 2859/2859 2839/2839 2863/2863
f 2848/2848 2849/2849 2862/2862
f 2859/2859 2863/2863 2861/2861
f 2864/2864 2848/2848 2862/2862
f 2865/2865 2858/2858 2856/2856
f 2838/2838 2860/2860 2855/2855
f 2857/2857 2855/2855 2860/2860
f 2865/2865 2862/2862 2858/2858
f 2866/2866 2860/2860 2861/2861
f 2866/2866 2857/2857 2860/2860
f 2857/2857 2866/2866 2867/2867
f 2846/2846 2847/2847 2868/2868
f 2868/2868 2845/2845 2846/2846
f 2869/2869 2868/2868 2847/2847
f 2847/2847 2848/2848 2869/2869
f 2768/2768 2710/2710 2766/2766
f 2766/2766 2857/2857 2870/2870
f 2871/2871 2856/2856 2713/2713
f 2870/2870 2872/2872 2766/2766
f 2870/2870 2857/2857 2867/2867
f 2872/2872 2870/2870 2873/2873
f 2874/2874 2872/2872 2873/2873
f 2768/2768 2766/2766 2872/2872
f 2875/2875 2768/2768 2872/2872
f 2875/2875 2872/2872 2874/2874
f 2876/2876 2875/2875 2874/2874
f 2877/2877 2876/2876 2874/2874
f 2871/2871 2865/2865 2856/2856
f 2878/2878 2867/2867 2866/2866
f 2873/2873 2867/2867 2878/2878
f 2873/2873 2870/2870 2867/2867
f 2873/2873 2878/2878 2879/2879
f 2776/2776 2768/2768 2875/2875
f 2880/2880 2776/2776 2875/2875
f 2880/2880 2875/2875 2876/2876
f 2881/2881 2776/2776 2880/2880
f 2880/2880 2882/2882 2881/2881
f 2883/2883 2871/2871 2713/2713
f 2775/2775 2883/2883 2713/2713
f 2777/2777 2776/2776 2881/2881
f 2884/2884 2777/2777 2881/2881
f 2885/2885 2865/2865 2871/2871
f 2886/2886 2799/2799 2798/2798
f 2887/2887 2807/2807 2799/2799
f 2264/2264 2803/2803 2779/2779
f 2801/2801 2886/2886 2798/2798
f 2886/2886 2888/2888 2799/2799
f 2888/2888 2887/2887 2799/2799
f 2264/2264 2889/2889 2803/2803
f 2803/2803 2889/2889 2890/2890
f 2801/2801 2888/2888 2886/2886
f 2889/2889 2264/2264 2891/2891
f 2887/2887 2888/2888 2892/2892
f 2892/2892 2893/2893 2887/2887
f 2894/2894 2895/2895 2887/2887
f 2894/2894 2887/2887 2893/2893
f 2893/2893 2892/2892 2888/2888
f 2896/2896 2897/2897 2889/2889
f 2898/2898 2897/2897 2896/2896
f 2898/2898 2896/2896 2900/2900
f 2900/2900 2896/2896 2901/2901
f 2902/2902 2894/2894 2893/2893
f 2890/2890 2889/2889 2897/2897
f 2903/2903 2902/2902 2904/2904
f 2900/2900 2905/2905 2898/2898
f 2905/2905 2897/2897 2898/2898
f 2906/2906 2899/2899 2907/2907
f 2908/2908 2897/2897 2905/2905
f 2907/2907 2909/2909 2906/2906
f 2910/2910 2903/2903 2904/2904
f 2910/2910 2904/2904 2911/2911
f 2912/2912 2890/2890 2897/2897
f 2904/2904 2902/2902 2914/2914
f 2911/2911 2904/2904 2915/2915
f 2916/2916 2805/2805 2804/2804
f 2800/2800 2805/2805 2801/2801
f 2803/2803 2917/2917 2806/2806
f 2916/2916 2918/2918 2805/2805
f 2919/2919 2805/2805 2918/2918
f 2920/2920 2921/2921 2919/2919
f 2888/2888 2801/2801 2919/2919
f 2919/2919 2801/2801 2805/2805
f 2803/2803 2890/2890 2922/2922
f 2803/2803 2922/2922 2917/2917
f 2917/2917 2922/2922 2890/2890
f 2893/2893 2888/2888 2919/2919
f 2914/2914 2919/2919 2921/2921
f 2914/2914 2921/2921 2923/2923
f 2923/2923 2924/2924 2914/2914
f 2893/2893 2919/2919 2902/2902
f 2919/2919 2914/2914 2902/2902
f 2915/2915 2904/2904 2914/2914
f 2917/2917 2890/2890 2925/2925
f 2927/2927 2923/2923 2921/2921
f 2920/2920 2927/2927 2921/2921
f 2928/2928 2924/2924 2923/2923
f 2925/2925 2930/2930 2917/2917
f 2932/2932 2806/2806 2917/2917
f 2918/2918 2933/2933 2919/2919
f 2934/2934 2935/2935 2920/2920
f 2927/2927 2920/2920 2935/2935
f 2936/2936 2923/2923 2927/2927
f 2927/2927 2935/2935 2936/2936
f 2923/2923 2936/2936 2937/2937
f 2934/2934 2919/2919 2933/2933
f 2938/2938 2931/2931 2929/2929
f 2938/2938 2939/2939 2931/2931
f 2934/2934 2920/2920 2919/2919
f 2932/2932 2917/2917 2930/2930
f 2935/2935 2934/2934 2936/2936
f 2928/2928 2923/2923 2937/2937
f 2940/2940 2907/2907 2899/2899
f 2908/2908 2912/2912 2897/2897
f 2913/2913 2941/2941 2942/2942
f 2907/2907 2943/2943 2909/2909
f 2943/2943 2941/2941 2909/2909
f 2909/2909 2941/2941 2913/2913
f 2907/2907 2944/2944 2943/2943
f 2945/2945 2942/2942 2941/2941
f 2926/2926 2946/2946 2929/2929
f 2925/2925 2890/2890 2948/2948
f 2949/2949 2926/2926 2947/2947
f 2950/2950 2949/2949 2947/2947
f 2951/2951 2926/2926 2949/2949
f 2952/2952 2951/2951 2949/2949
f 2952/2952 2949/2949 2950/2950
f 2953/2953 2951/2951 2952/2952
f 2948/2948 2890/2890 2912/2912
f 2942/2942 2947/2947 2913/2913
f 2954/2954 2947/2947 2942/2942
f 2955/2955 2947/2947 2954/2954
f 2945/2945 2954/2954 2942/2942
f 2950/2950 2947/2947 2955/2955
f 2956/2956 2950/2950 2955/2955
f 2955/2955 2954/2954 2945/2945
f 2945/2945 2957/2957 2955/2955
f 2956/2956 2955/2955 2957/2957
f 2958/2958 2945/2945 2941/2941
f 2959/2959 2957/2957 2945/2945
f 2915/2915 2914/2914 2960/2960
f 2924/2924 2960/2960 2914/2914
f 2915/2915 2960/2960 2961/2961
f 2956/2956 2952/2952 2950/2950
f 2962/2962 2952/2952 2956/2956
f 2963/2963 2952/2952 2964/2964
f 2965/2965 2915/2915 2961/2961
f 2965/2965 2961/2961 2966/2966
f 2957/2957 2962/2962 2956/2956
f 2964/2964 2952/2952 2962/2962
f 2959/2959 2962/2962 2957/2957
f 2967/2967 2963/2963 2964/2964
f 2924/2924 2928/2928 2968/2968
f 2969/2969 2968/2968 2928/2928
f 2970/2970 2926/2926 2951/2951
f 2971/2971 2970/2970 2951/2951
f 2953/2953 2971/2971 2951/2951
f 2953/2953 2952/2952 2963/2963
f 2971/2971 2963/2963 2972/2972
f 2953/2953 2963/2963 2971/2971
f 2928/2928 2973/2973 2969/2969
f 2970/2970 2946/2946 2926/2926
f 2974/2974 2946/2946 2970/2970
f 2974/2974 2970/2970 2971/2971
f 2946/2946 2974/2974 2975/2975
f 2976/2976 2968/2968 2969/2969
f 2969/2969 2977/2977 2976/2976
f 2978/2978 2976/2976 2977/2977
f 2977/2977 2969/2969 2973/2973
f 2971/2971 2972/2972 2974/2974
f 2979/2979 2974/2974 2972/2972
f 2980/2980 2974/2974 2979/2979
f 2975/2975 2974/2974 2980/2980
f 2960/2960 2924/2924 2968/2968
f 2960/2960 2968/2968 2976/2976
f 2978/2978 2960/2960 2976/2976
f 2961/2961 2960/2960 2978/2978
f 2981/2981 2961/2961 2978/2978
f 2981/2981 2966/2966 2961/2961
f 2982/2982 2963/2963 2967/2967
f 2982/2982 2979/2979 2963/2963
f 2983/2983 2982/2982 2967/2967
f 2977/2977 2984/2984 2978/2978
f 2963/2963 2979/2979 2972/2972
f 2985/2985 2980/2980 2979/2979
f 2986/2986 2980/2980 2985/2985
f 2987/2987 2978/2978 2984/2984
f 2982/2982 2985/2985 2979/2979
f 2929/2929 2946/2946 2988/2988
f 2975/2975 2988/2988 2946/2946
f 2989/2989 2988/2988 2975/2975
f 2989/2989 2975/2975 2990/2990
f 2991/2991 2938/2938 2929/2929
f 2992/2992 2991/2991 2988/2988
f 2992/2992 2993/2993 2991/2991
f 2929/2929 2988/2988 2991/2991
f 2994/2994 2988/2988 2989/2989
f 2988/2988 2994/2994 2992/2992
f 2995/2995 2992/2992 2994/2994
f 2996/2996 2938/2938 2997/2997
f 2998/2998 2996/2996 2997/2997
f 2999/2999 3000/3000 2937/2937
f 2993/2993 2938/2938 2991/2991
f 3001/3001 2938/2938 2993/2993
f 2992/2992 3001/3001 2993/2993
f 3001/3001 2992/2992 2995/2995
f 2938/2938 3001/3001 2997/2997
f 3002/3002 2997/2997 3001/3001
f 2995/2995 3002/3002 3001/3001
f 2936/2936 2999/2999 2937/2937
f 3003/3003 3000/3000 3004/3004
f 3005/3005 3002/3002 2995/2995
f 3006/3006 3005/3005 2995/2995
f 2999/2999 2936/2936 3007/3007
f 3004/3004 2999/2999 3008/3008
f 3002/3002 2998/2998 2997/2997
f 3009/3009 2998/2998 3002/3002
f 3009/3009 3002/3002 3005/3005
f 3004/3004 3000/3000 2999/2999
f 3010/3010 3009/3009 3005/3005
f 3005/3005 3011/3011 3010/3010
f 2973/2973 2928/2928 3012/3012
f 3012/3012 2928/2928 2937/2937
f 3012/3012 2937/2937 3013/3013
f 3013/3013 2937/2937 3000/3000
f 3013/3013 3014/3014 3012/3012
f 3013/3013 3000/3000 3015/3015
f 3016/3016 2990/2990 2986/2986
f 3016/3016 2989/2989 2990/2990
f 3014/3014 2973/2973 3012/3012
f 2977/2977 2973/2973 3014/3014
f 3014/3014 2984/2984 2977/2977
f 2984/2984 3014/3014 3017/3017
f 3014/3014 3013/3013 3018/3018
f 3017/3017 3014/3014 3018/3018
f 3019/3019 3017/3017 3018/3018
f 2990/2990 2980/2980 2986/2986
f 3003/3003 3015/3015 3000/3000
f 3020/3020 2994/2994 2989/2989
f 3021/3021 3020/3020 2989/2989
f 3020/3020 2995/2995 2994/2994
f 3018/3018 3013/3013 3015/3015
f 2989/2989 3016/3016 3021/3021
f 3020/3020 3021/3021 3022/3022
f 2980/2980 2990/2990 2975/2975
f 2986/2986 2985/2985 3023/3023
f 3023/3023 3016/3016 2986/2986
f 2987/2987 2984/2984 3017/3017
f 3019/3019 3024/3024 3017/3017
f 3025/3025 3017/3017 3026/3026
f 3026/3026 3017/3017 3024/3024
f 3019/3019 3018/3018 3015/3015
f 3019/3019 3015/3015 3027/3027
f 3024/3024 3019/3019 3027/3027
f 3028/3028 3015/3015 3003/3003
f 3027/3027 3015/3015 3028/3028
f 3024/3024 3027/3027 3029/3029
f 3029/3029 3027/3027 3030/3030
f 3031/3031 3029/3029 3030/3030
f 3023/3023 3021/3021 3016/3016
f 3032/3032 3004/3004 3033/3033
f 3020/3020 3006/3006 2995/2995
f 3022/3022 3005/3005 3006/3006
f 3032/3032 3003/3003 3004/3004
f 3028/3028 3003/3003 3032/3032
f 3028/3028 3032/3032 3033/3033
f 3022/3022 3006/3006 3020/3020
f 3034/3034 3033/3033 3004/3004
f 3011/3011 3005/3005 3022/3022
f 3028/3028 3030/3030 3027/3027
f 3030/3030 3028/3028 3033/3033
f 3033/3033 3035/3035 3030/3030
f 3031/3031 3030/3030 3036/3036
f 3022/3022 3021/3021 3037/3037
f 3036/3036 3030/3030 3035/3035
f 2828/2828 2827/2827 2840/2840
f 2827/2827 2808/2808 3038/3038
f 2845/2845 2891/2891 2264/2264
f 2850/2850 2839/2839 2836/2836
f 2808/2808 2807/2807 2887/2887
f 3038/3038 2808/2808 2887/2887
f 2827/2827 3038/3038 3039/3039
f 2840/2840 2827/2827 3039/3039
f 2863/2863 2839/2839 3040/3040
f 3041/3041 3040/3040 3042/3042
f 3041/3041 2863/2863 3040/3040
f 2861/2861 2863/2863 3041/3041
f 3043/3043 2861/2861 3041/3041
f 3043/3043 3041/3041 3042/3042
f 3044/3044 2861/2861 3043/3043
f 3044/3044 2866/2866 2861/2861
f 3044/3044 3043/3043 3042/3042
f 3045/3045 3044/3044 3042/3042
f 2866/2866 3044/3044 3046/3046
f 3046/3046 3044/3044 3047/3047
f 3047/3047 3044/3044 3045/3045
f 2845/2845 3048/3048 3049/3049
f 2845/2845 3049/3049 2891/2891
f 3049/3049 3050/3050 2891/2891
f 3048/3048 3051/3051 3049/3049
f 3052/3052 3049/3049 3051/3051
f 3049/3049 3052/3052 3050/3050
f 3050/3050 3053/3053 2891/2891
f 3052/3052 3054/3054 3050/3050
f 3054/3054 3053/3053 3050/3050
f 2845/2845 2868/2868 3048/3048
f 3051/3051 3048/3048 2868/2868
f 3055/3055 3051/3051 2868/2868
f 2869/2869 3055/3055 2868/2868
f 2848/2848 3056/3056 2869/2869
f 2864/2864 3056/3056 2848/2848
f 3057/3057 2839/2839 3058/3058
f 3058/3058 2839/2839 2850/2850
f 3040/3040 2839/2839 3057/3057
f 3056/3056 3055/3055 2869/2869
f 3056/3056 3059/3059 3055/3055
f 2850/2850 2841/2841 3060/3060
f 3058/3058 2850/2850 3060/3060
f 3061/3061 3057/3057 3058/3058
f 3055/3055 3062/3062 3051/3051
f 3062/3062 3052/3052 3051/3051
f 3059/3059 3062/3062 3055/3055
f 3063/3063 3052/3052 3062/3062
f 3064/3064 3063/3063 3062/3062
f 3063/3063 3054/3054 3052/3052
f 3054/3054 3063/3063 3065/3065
f 3066/3066 3054/3054 3065/3065
f 3064/3064 3065/3065 3063/3063
f 3062/3062 3059/3059 3064/3064
f 3064/3064 3059/3059 3067/3067
f 3064/3064 3068/3068 3065/3065
f 3068/3068 3069/3069 3065/3065
f 2887/2887 2895/2895 3038/3038
f 3070/3070 2840/2840 3039/3039
f 2841/2841 2840/2840 3070/3070
f 3039/3039 3038/3038 2895/2895
f 3070/3070 3039/3039 2895/2895
f 2841/2841 3071/3071 3060/3060
f 3071/3071 2841/2841 3070/3070
f 3072/3072 2891/2891 3053/3053
f 3054/3054 3073/3073 3053/3053
f 3060/3060 3071/3071 3074/3074
f 3058/3058 3060/3060 3075/3075
f 3075/3075 3060/3060 3074/3074
f 3076/3076 3066/3066 3065/3065
f 3074/3074 3077/3077 3075/3075
f 3075/3075 3061/3061 3058/3058
f 3061/3061 3075/3075 3078/3078
f 3076/3076 3065/3065 3069/3069
f 3068/3068 3076/3076 3069/3069
f 3079/3079 3076/3076 3068/3068
f 3078/3078 3075/3075 3077/3077
f 3073/3073 3072/3072 3053/3053
f 3073/3073 3054/3054 3066/3066
f 3073/3073 3080/3080 3072/3072
f 3081/3081 3080/3080 3073/3073
f 3081/3081 3073/3073 3066/3066
f 3080/3080 3081/3081 3082/3082
f 3083/3083 2891/2891 3072/3072
f 3084/3084 3083/3083 3072/3072
f 3083/3083 3084/3084 3085/3085
f 3086/3086 3085/3085 3084/3084
f 3072/3072 3080/3080 3084/3084
f 3087/3087 3086/3086 3084/3084
f 3088/3088 3084/3084 3080/3080
f 3088/3088 3087/3087 3084/3084
f 3082/3082 3088/3088 3080/3080
f 3082/3082 3087/3087 3088/3088
f 3082/3082 3089/3089 3087/3087
f 3090/3090 3087/3087 3089/3089
f 3076/3076 3081/3081 3066/3066
f 3082/3082 3081/3081 3076/3076
f 3082/3082 3076/3076 3079/3079
f 3091/3091 3078/3078 3077/3077
f 3092/3092 3082/3082 3079/3079
f 3092/3092 3089/3089 3082/3082
f 3042/3042 3040/3040 3057/3057
f 3042/3042 3057/3057 3093/3093
f 3067/3067 3059/3059 3056/3056
f 2864/2864 3067/3067 3056/3056
f 3094/3094 2864/2864 2862/2862
f 3067/3067 2864/2864 3094/3094
f 3061/3061 3093/3093 3057/3057
f 3095/3095 3093/3093 3096/3096
f 3064/3064 3067/3067 3068/3068
f 3045/3045 3042/3042 3093/3093
f 3095/3095 3045/3045 3093/3093
f 3094/3094 3068/3068 3067/3067
f 3097/3097 3045/3045 3098/3098
f 3061/3061 3096/3096 3093/3093
f 3096/3096 3061/3061 3099/3099
f 3099/3099 3061/3061 3078/3078
f 3099/3099 3095/3095 3096/3096
f 3099/3099 3100/3100 3095/3095
f 3078/3078 3091/3091 3099/3099
f 3099/3099 3091/3091 3100/3100
f 3045/3045 3095/3095 3100/3100
f 3101/3101 3045/3045 3100/3100
f 3101/3101 3098/3098 3045/3045
f 3102/3102 3079/3079 3068/3068
f 3103/3103 3079/3079 3102/3102
f 3103/3103 3092/3092 3079/3079
f 3070/3070 2895/2895 2894/2894
f 3083/3083 2889/2889 2891/2891
f 2889/2889 3083/3083 2896/2896
f 3085/3085 2896/2896 3083/3083
f 3104/3104 3071/3071 3070/3070
f 3074/3074 3071/3071 3105/3105
f 3105/3105 3071/3071 3104/3104
f 3077/3077 3074/3074 3105/3105
f 3077/3077 3105/3105 3106/3106
f 3070/3070 2894/2894 2902/2902
f 3070/3070 2902/2902 3104/3104
f 2902/2902 2903/2903 3104/3104
f 3085/3085 3086/3086 3107/3107
f 3087/3087 3107/3107 3086/3086
f 3085/3085 3107/3107 2896/2896
f 3108/3108 2896/2896 3107/3107
f 3108/3108 3107/3107 3109/3109
f 3109/3109 3107/3107 3087/3087
f 3090/3090 3109/3109 3087/3087
f 3110/3110 3108/3108 3109/3109
f 3090/3090 3110/3110 3109/3109
f 3110/3110 3090/3090 3111/3111
f 3108/3108 3110/3110 2901/2901
f 2901/2901 2896/2896 3108/3108
f 3105/3105 3104/3104 2903/2903
f 2910/2910 3105/3105 2903/2903
f 3112/3112 2901/2901 3110/3110
f 3114/3114 3112/3112 3110/3110
f 3112/3112 2900/2900 2901/2901
f 3110/3110 3111/3111 3116/3116
f 3105/3105 2910/2910 3106/3106
f 3114/3114 3110/3110 3116/3116
f 3115/3115 3118/3118 3113/3113
f 3106/3106 3119/3119 3077/3077
f 3091/3091 3077/3077 3119/3119
f 3092/3092 3120/3120 3089/3089
f 3090/3090 3089/3089 3120/3120
f 3120/3120 3111/3111 3090/3090
f 3122/3122 3111/3111 3120/3120
f 3123/3123 3115/3115 3117/3117
f 3116/3116 3111/3111 3122/3122
f 2899/2899 3113/3113 2940/2940
f 3106/3106 2910/2910 2965/2965
f 3113/3113 3118/3118 2940/2940
f 2965/2965 3124/3124 3106/3106
f 2940/2940 3125/3125 2944/2944
f 2940/2940 3118/3118 3125/3125
f 2965/2965 2910/2910 2911/2911
f 2965/2965 2911/2911 2915/2915
f 3126/3126 2944/2944 3125/3125
f 3124/3124 2965/2965 3127/3127
f 3128/3128 3124/3124 3127/3127
f 3129/3129 3119/3119 3106/3106
f 3129/3129 3106/3106 3124/3124
f 3115/3115 3123/3123 3118/3118
f 3118/3118 3123/3123 3125/3125
f 3121/3121 3123/3123 3117/3117
f 3129/3129 3124/3124 3130/3130
f 3130/3130 3124/3124 3128/3128
f 3123/3123 3126/3126 3125/3125
f 3091/3091 3119/3119 3131/3131
f 3131/3131 3119/3119 3129/3129
f 3120/3120 3092/3092 3122/3122
f 3103/3103 3122/3122 3092/3092
f 3091/3091 3131/3131 3132/3132
f 3133/3133 3132/3132 3131/3131
f 3129/3129 3130/3130 3131/3131
f 3134/3134 3123/3123 3121/3121
f 3135/3135 3126/3126 3123/3123
f 3133/3133 3130/3130 3128/3128
f 3135/3135 3123/3123 3134/3134
f 3131/3131 3130/3130 3133/3133
f 3046/3046 3136/3136 2879/2879
f 2874/2874 2873/2873 2879/2879
f 2865/2865 3094/3094 2862/2862
f 3047/3047 3136/3136 3046/3046
f 3137/3137 2879/2879 3136/3136
f 3094/3094 2865/2865 3138/3138
f 3136/3136 3047/3047 3139/3139
f 3139/3139 3047/3047 3140/3140
f 2874/2874 3141/3141 3142/3142
f 3142/3142 3141/3141 3143/3143
f 3141/3141 2874/2874 2879/2879
f 3137/3137 3141/3141 2879/2879
f 2877/2877 2874/2874 3142/3142
f 2880/2880 2877/2877 2882/2882
f 2882/2882 2877/2877 3143/3143
f 3141/3141 3137/3137 3143/3143
f 3143/3143 3137/3137 2882/2882
f 3137/3137 3144/3144 2882/2882
f 3137/3137 3136/3136 3139/3139
f 3144/3144 3137/3137 3139/3139
f 3144/3144 3139/3139 3145/3145
f 2876/2876 2877/2877 2880/2880
f 2882/2882 3146/3146 2881/2881
f 3146/3146 3147/3147 2881/2881
f 2884/2884 2881/2881 3148/3148
f 2881/2881 3147/3147 3148/3148
f 3149/3149 3148/3148 3147/3147
f 3150/3150 3149/3149 3147/3147
f 3151/3151 3149/3149 3150/3150
f 2865/2865 2885/2885 3138/3138
f 3146/3146 2882/2882 3144/3144
f 3144/3144 3145/3145 3146/3146
f 3152/3152 3150/3150 3147/3147
f 3152/3152 3147/3147 3153/3153
f 3154/3154 2885/2885 2871/2871
f 3155/3155 3147/3147 3146/3146
f 3157/3157 2885/2885 3154/3154
f 3145/3145 3158/3158 3146/3146
f 3155/3155 3146/3146 3158/3158
f 3153/3153 3147/3147 3155/3155
f 3153/3153 3155/3155 3159/3159
f 3161/3161 3138/3138 2885/2885
f 2885/2885 3157/3157 3161/3161
f 3159/3159 3155/3155 3162/3162
f 3047/3047 3045/3045 3097/3097
f 3101/3101 3097/3097 3098/3098
f 3140/3140 3097/3097 3101/3101
f 3097/3097 3140/3140 3047/3047
f 3140/3140 3101/3101 3163/3163
f 3102/3102 3068/3068 3094/3094
f 3163/3163 3101/3101 3100/3100
f 3165/3165 3103/3103 3102/3102
f 3145/3145 3139/3139 3140/3140
f 3166/3166 3102/3102 3094/3094
f 3168/3168 3140/3140 3163/3163
f 3145/3145 3140/3140 3168/3168
f 3158/3158 3145/3145 3168/3168
f 3102/3102 3166/3166 3165/3165
f 3138/3138 3166/3166 3094/3094
f 3169/3169 3155/3155 3158/3158
f 3161/3161 3166/3166 3138/3138
f 3155/3155 3169/3169 3162/3162
f 3170/3170 3167/3167 3160/3160
f 3171/3171 3160/3160 3156/3156
f 3171/3171 3170/3170 3160/3160
f 3163/3163 3100/3100 3132/3132
f 3132/3132 3100/3100 3091/3091
f 3168/3168 3163/3163 3132/3132
f 3172/3172 3168/3168 3132/3132
f 3103/3103 3165/3165 3122/3122
f 3172/3172 3132/3132 3133/3133
f 3173/3173 3172/3172 3133/3133
f 3173/3173 3133/3133 3174/3174
f 3175/3175 3158/3158 3168/3168
f 3175/3175 3169/3169 3158/3158
f 3162/3162 3169/3169 3175/3175
f 3175/3175 3168/3168 3172/3172
f 3170/3170 3164/3164 3167/3167
f 3176/3176 3121/3121 3164/3164
f 3177/3177 3175/3175 3172/3172
f 3176/3176 3164/3164 3170/3170
f 3175/3175 3177/3177 3162/3162
f 3162/3162 3177/3177 3178/3178
f 3179/3179 3162/3162 3178/3178
f 3171/3171 3180/3180 3170/3170
f 3180/3180 3176/3176 3170/3170
f 3178/3178 3177/3177 3181/3181
f 3177/3177 3172/3172 3182/3182
f 3177/3177 3182/3182 3181/3181
f 3180/3180 3183/3183 3176/3176
f 3184/3184 3183/3183 3180/3180
f 3181/3181 3182/3182 3185/3185
f 3182/3182 3172/3172 3173/3173
f 3121/3121 3176/3176 3186/3186
f 3186/3186 3134/3134 3121/3121
f 3187/3187 3134/3134 3186/3186
f 3182/3182 3173/3173 3185/3185
f 3188/3188 3187/3187 3186/3186
f 3188/3188 3186/3186 3183/3183
f 3183/3183 3186/3186 3176/3176
f 3189/3189 3188/3188 3183/3183
f 3128/3128 3127/3127 2966/2966
f 3190/3190 3126/3126 3191/3191
f 3192/3192 3128/3128 2966/2966
f 3135/3135 3191/3191 3126/3126
f 3128/3128 3192/3192 3174/3174
f 3193/3193 3192/3192 3194/3194
f 3195/3195 3196/3196 3197/3197
f 3197/3197 3196/3196 3198/3198
f 3200/3200 3197/3197 3198/3198
f 3202/3202 3036/3036 3203/3203
f 3201/3201 3199/3199 3204/3204
f 3204/3204 3205/3205 3201/3201
f 3202/3202 3206/3206 3204/3204
f 3207/3207 3195/3195 3197/3197
f 3209/3209 3197/3197 3200/3200
f 3207/3207 3210/3210 3193/3193
f 3209/3209 3210/3210 3207/3207
f 3211/3211 3209/3209 3212/3212
f 3211/3211 3210/3210 3209/3209
f 3213/3213 3192/3192 3193/3193
f 3193/3193 3214/3214 3213/3213
f 3214/3214 3193/3193 3210/3210
f 3211/3211 3215/3215 3210/3210
f 3212/3212 3215/3215 3211/3211
f 3215/3215 3214/3214 3210/3210
f 3213/3213 3214/3214 3216/3216
f 3217/3217 3201/3201 3205/3205
f 3217/3217 3205/3205 3218/3218
f 3218/3218 3219/3219 3217/3217
f 3218/3218 3205/3205 3206/3206
f 3217/3217 3219/3219 3208/3208
f 3209/3209 3220/3220 3212/3212
f 3221/3221 3208/3208 3219/3219
f 3222/3222 3219/3219 3218/3218
f 3222/3222 3218/3218 3223/3223
f 3206/3206 3224/3224 3218/3218
f 3223/3223 3218/3218 3224/3224
f 3215/3215 3212/3212 3220/3220
f 3226/3226 3221/3221 3219/3219
f 3226/3226 3219/3219 3222/3222
f 3225/3225 3215/3215 3220/3220
f 3214/3214 3215/3215 3225/3225
f 3223/3223 3227/3227 3222/3222
f 3228/3228 3226/3226 3222/3222
f 3228/3228 3222/3222 3227/3227
f 3214/3214 3225/3225 3229/3229
f 3229/3229 3216/3216 3214/3214
f 3223/3223 3224/3224 3227/3227
f 3224/3224 3230/3230 3227/3227
f 3227/3227 3230/3230 3231/3231
f 3224/3224 3233/3233 3230/3230
f 3133/3133 3128/3128 3174/3174
f 3187/3187 3135/3135 3134/3134
f 3135/3135 3234/3234 3191/3191
f 3235/3235 3173/3173 3174/3174
f 3135/3135 3187/3187 3234/3234
f 3235/3235 3174/3174 3236/3236
f 3191/3191 3234/3234 3237/3237
f 3236/3236 3174/3174 3192/3192
f 3192/3192 3213/3213 3238/3238
f 3236/3236 3192/3192 3238/3238
f 3235/3235 3236/3236 3239/3239
f 3240/3240 3237/3237 3234/3234
f 3238/3238 3239/3239 3236/3236
f 3241/3241 3242/3242 3187/3187
f 3185/3185 3173/3173 3243/3243
f 3187/3187 3188/3188 3241/3241
f 3244/3244 3243/3243 3173/3173
f 3244/3244 3173/3173 3235/3235
f 3245/3245 3243/3243 3244/3244
f 3246/3246 3243/3243 3245/3245
f 3242/3242 3234/3234 3187/3187
f 3242/3242 3247/3247 3234/3234
f 3242/3242 3241/3241 3248/3248
f 3249/3249 3243/3243 3246/3246
f 3249/3249 3185/3185 3243/3243
f 3246/3246 3250/3250 3249/3249
f 3247/3247 3242/3242 3248/3248
f 3239/3239 3251/3251 3235/3235
f 3235/3235 3251/3251 3244/3244
f 3245/3245 3244/3244 3251/3251
f 3252/3252 3245/3245 3251/3251
f 3252/3252 3251/3251 3253/3253
f 3240/3240 3234/3234 3247/3247
f 3254/3254 3240/3240 3247/3247
f 3255/3255 3239/3239 3238/3238
f 3239/3239 3255/3255 3256/3256
f 3251/3251 3239/3239 3253/3253
f 3253/3253 3239/3239 3256/3256
f 3253/3253 3257/3257 3252/3252
f 3250/3250 3245/3245 3258/3258
f 3246/3246 3245/3245 3250/3250
f 3259/3259 3258/3258 3245/3245
f 3250/3250 3258/3258 3259/3259
f 3260/3260 3250/3250 3259/3259
f 3260/3260 3259/3259 3261/3261
f 3249/3249 3250/3250 3260/3260
f 3259/3259 3245/3245 3252/3252
f 3261/3261 3259/3259 3252/3252
f 3262/3262 3260/3260 3261/3261
f 3262/3262 3261/3261 3263/3263
f 3254/3254 3247/3247 3248/3248
f 3252/3252 3264/3264 3261/3261
f 3240/3240 3254/3254 3265/3265
f 3264/3264 3252/3252 3257/3257
f 3265/3265 3266/3266 3240/3240
f 3261/3261 3264/3264 3263/3263
f 3257/3257 3263/3263 3264/3264
f 3262/3262 3263/3263 3267/3267
f 3268/3268 3262/3262 3267/3267
f 3238/3238 3213/3213 3269/3269
f 3270/3270 3213/3213 3216/3216
f 3271/3271 3272/3272 3237/3237
f 3240/3240 3271/3271 3237/3237
f 3269/3269 3213/3213 3270/3270
f 3273/3273 3269/3269 3270/3270
f 3271/3271 3266/3266 3274/3274
f 3229/3229 3232/3232 3216/3216
f 3228/3228 3227/3227 3231/3231
f 3271/3271 3275/3275 3272/3272
f 3232/3232 3276/3276 3216/3216
f 3275/3275 3278/3278 3272/3272
f 3277/3277 3231/3231 3230/3230
f 3275/3275 3279/3279 3278/3278
f 3275/3275 3280/3280 3279/3279
f 3281/3281 3270/3270 3276/3276
f 3274/3274 3275/3275 3271/3271
f 3216/3216 3276/3276 3270/3270
f 3282/3282 3270/3270 3281/3281
f 3270/3270 3282/3282 3273/3273
f 3276/3276 3283/3283 3281/3281
f 3238/3238 3269/3269 3285/3285
f 3286/3286 3256/3256 3255/3255
f 3287/3287 3255/3255 3238/3238
f 3238/3238 3285/3285 3287/3287
f 3288/3288 3287/3287 3285/3285
f 3288/3288 3285/3285 3290/3290
f 3269/3269 3290/3290 3285/3285
f 3266/3266 3271/3271 3240/3240
f 3256/3256 3286/3286 3289/3289
f 3253/3253 3256/3256 3288/3288
f 3253/3253 3288/3288 3291/3291
f 3291/3291 3288/3288 3290/3290
f 3292/3292 3291/3291 3290/3290
f 3293/3293 3290/3290 3269/3269
f 3293/3293 3269/3269 3273/3273
f 3253/3253 3291/3291 3257/3257
f 3291/3291 3292/3292 3257/3257
f 3263/3263 3257/3257 3267/3267
f 3267/3267 3257/3257 3292/3292
f 3293/3293 3292/3292 3290/3290
f 3267/3267 3292/3292 3293/3293
f 3267/3267 3293/3293 3294/3294
f 3294/3294 3293/3293 3295/3295
f 3296/3296 3267/3267 3294/3294
f 3297/3297 3273/3273 3282/3282
f 3295/3295 3293/3293 3273/3273
f 3298/3298 3299/3299 3297/3297
f 3300/3300 3282/3282 3281/3281
f 3298/3298 3282/3282 3300/3300
f 3283/3283 3300/3300 3281/3281
f 3280/3280 3275/3275 3274/3274
f 3298/3298 3297/3297 3282/3282
f 3299/3299 3298/3298 3300/3300
f 3299/3299 3300/3300 3302/3302
f 3295/3295 3273/3273 3297/3297
f 3297/3297 3303/3303 3295/3295
f 3295/3295 3303/3303 3294/3294
f 3299/3299 3303/3303 3297/3297
f 3296/3296 3294/3294 3303/3303
f 3296/3296 3303/3303 3299/3299
f 3299/3299 3304/3304 3296/3296
f 3304/3304 3299/3299 3302/3302
f 2907/2907 2940/2940 2944/2944
f 3306/3306 2941/2941 2943/2943
f 3306/3306 2944/2944 3126/3126
f 2944/2944 3306/3306 2943/2943
f 3126/3126 3190/3190 3306/3306
f 2958/2958 2941/2941 3306/3306
f 2959/2959 2945/2945 2958/2958
f 2966/2966 3127/3127 2965/2965
f 3306/3306 3190/3190 2958/2958
f 3190/3190 2959/2959 2958/2958
f 2983/2983 2964/2964 2962/2962
f 2962/2962 3191/3191 2983/2983
f 2959/2959 3191/3191 2962/2962
f 3191/3191 2959/2959 3190/3190
f 2967/2967 2964/2964 2983/2983
f 2987/2987 2981/2981 2978/2978
f 2981/2981 2987/2987 3194/3194
f 3194/3194 2987/2987 3025/3025
f 2982/2982 3307/3307 2985/2985
f 2981/2981 3192/3192 2966/2966
f 2983/2983 3191/3191 2982/2982
f 2981/2981 3194/3194 3192/3192
f 3191/3191 3307/3307 2982/2982
f 3025/3025 2987/2987 3017/3017
f 3308/3308 3025/3025 3026/3026
f 3025/3025 3308/3308 3196/3196
f 3309/3309 3025/3025 3196/3196
f 3307/3307 3023/3023 2985/2985
f 3308/3308 3026/3026 3024/3024
f 3024/3024 3310/3310 3308/3308
f 3310/3310 3024/3024 3029/3029
f 3310/3310 3029/3029 3031/3031
f 3037/3037 3021/3021 3023/3023
f 3272/3272 3037/3037 3023/3023
f 3025/3025 3309/3309 3194/3194
f 3207/3207 3193/3193 3194/3194
f 3272/3272 3023/3023 3307/3307
f 3207/3207 3194/3194 3309/3309
f 3195/3195 3309/3309 3196/3196
f 3207/3207 3309/3309 3195/3195
f 3311/3311 3031/3031 3312/3312
f 3312/3312 3031/3031 3036/3036
f 3204/3204 3312/3312 3313/3313
f 3022/3022 3314/3314 3011/3011
f 3036/3036 3202/3202 3313/3313
f 3313/3313 3312/3312 3036/3036
f 3205/3205 3204/3204 3206/3206
f 3204/3204 3313/3313 3202/3202
f 3037/3037 3314/3314 3022/3022
f 3237/3237 3307/3307 3191/3191
f 3278/3278 3314/3314 3037/3037
f 3272/3272 3307/3307 3237/3237
f 3278/3278 3037/3037 3272/3272
f 1028/1028 1064/1064 3315/3315
f 1035/1035 1028/1028 3315/3315
f 2270/2270 1035/1035 3315/3315
f 3315/3315 2413/2413 2414/2414
f 2418/2418 3315/3315 2414/2414
f 2270/2270 3315/3315 2418/2418
f 2418/2418 2281/2281 2270/2270
f 2418/2418 2419/2419 2281/2281
f 2426/2426 2282/2282 2419/2419
f 2281/2281 2419/2419 2282/2282
f 2426/2426 2298/2298 2282/2282
f 2282/2282 2298/2298 2276/2276
f 2304/2304 2429/2429 2277/2277
f 2329/2329 2277/2277 2429/2429
f 2309/2309 2332/2332 2275/2275
f 2332/2332 2374/2374 2275/2275
f 2374/2374 2284/2284 2275/2275
f 2284/2284 2374/2374 2351/2351
f 2467/2467 2374/2374 2332/2332
f 2375/2375 2374/2374 2467/2467
f 2375/2375 2467/2467 3316/3316
f 2375/2375 2397/2397 2351/2351
f 3320/3320 2375/2375 3316/3316
f 2395/2395 2397/2397 2375/2375
f 2375/2375 3320/3320 2395/2395
f 2391/2391 2351/2351 2397/2397
f 3315/3315 1064/1064 2410/2410
f 2413/2413 3315/3315 2410/2410
f 1073/1073 1070/1070 2244/2244
f 2476/2476 2468/2468 2472/2472
f 2376/2376 2466/2466 2370/2370
f 2476/2476 2480/2480 2468/2468
f 3318/3318 2468/2468 2480/2480
f 2368/2368 2384/2384 2377/2377
f 3325/3325 3318/3318 3327/3327
f 3327/3327 3318/3318 2480/2480
f 3327/3327 2480/2480 2492/2492
f 3328/3328 2486/2486 3323/3323
f 2485/2485 2383/2383 3322/3322
f 2494/2494 2487/2487 3329/3329
f 2487/2487 2482/2482 3329/3329
f 2483/2483 3327/3327 3329/3329
f 3327/3327 2492/2492 3329/3329
f 2492/2492 2495/2495 3329/3329
f 3324/3324 2382/2382 3330/3330
f 3319/3319 3317/3317 3321/3321
f 3330/3330 3320/3320 3326/3326
f 3330/3330 2505/2505 3320/3320
f 2479/2479 2500/2500 2488/2488
f 2382/2382 2505/2505 3330/3330
f 2395/2395 3320/3320 2505/2505
f 2513/2513 2505/2505 2381/2381
f 2498/2498 2489/2489 2575/2575
f 2575/2575 2489/2489 2514/2514
f 3331/3331 2505/2505 2513/2513
f 2489/2489 2515/2515 2514/2514
f 2503/2503 2515/2515 2489/2489
f 2561/2561 2523/2523 2517/2517
f 2517/2517 2525/2525 2561/2561
f 1104/1104 1094/1094 2519/2519
f 2519/2519 2527/2527 1104/1104
f 3332/3332 1104/1104 2527/2527
f 2528/2528 3334/3334 2527/2527
f 1106/1106 1104/1104 3332/3332
f 3332/3332 2527/2527 3334/3334
f 1107/1107 1106/1106 2539/2539
f 3332/3332 2539/2539 1106/1106
f 2539/2539 3332/3332 3335/3335
f 2531/2531 3334/3334 2528/2528
f 3335/3335 3332/3332 3334/3334
f 3336/3336 3333/3333 2534/2534
f 2534/2534 3333/3333 2532/2532
f 1113/1113 2538/2538 2542/2542
f 2542/2542 2538/2538 2541/2541
f 2539/2539 3335/3335 2543/2543
f 2555/2555 1117/1117 2541/2541
f 2548/2548 2545/2545 2551/2551
f 2550/2550 1116/1116 3337/3337
f 1116/1116 2554/2554 3337/3337
f 2556/2556 2548/2548 3338/3338
f 2548/2548 2551/2551 3338/3338
f 2544/2544 3336/3336 2557/2557
f 2557/2557 3336/3336 2558/2558
f 3336/3336 2534/2534 2558/2558
f 2523/2523 2561/2561 2560/2560
f 2568/2568 2570/2570 2567/2567
f 2570/2570 2568/2568 3339/3339
f 2526/2526 2576/2576 2579/2579
f 2395/2395 2505/2505 2396/2396
f 2397/2397 2396/2396 3340/3340
f 3341/3341 2396/2396 2505/2505
f 3341/3341 3340/3340 2396/2396
f 3331/3331 3341/3341 2505/2505
f 3341/3341 3331/3331 3342/3342
f 3342/3342 3331/3331 2513/2513
f 3342/3342 3343/3343 3341/3341
f 3340/3340 3341/3341 3344/3344
f 3344/3344 3341/3341 3343/3343
f 2717/2717 3340/3340 3344/3344
f 2717/2717 2397/2397 3340/3340
f 2397/2397 2717/2717 2402/2402
f 2568/2568 2564/2564 2584/2584
f 2568/2568 2584/2584 3339/3339
f 3339/3339 2592/2592 2570/2570
f 3339/3339 2584/2584 2586/2586
f 2592/2592 3339/3339 2586/2586
f 2570/2570 2592/2592 2588/2588
f 2591/2591 2588/2588 2592/2592
f 2591/2591 2589/2589 2588/2588
f 2590/2590 2589/2589 2599/2599
f 2589/2589 2591/2591 2593/2593
f 2590/2590 2599/2599 3345/3345
f 2589/2589 2593/2593 2599/2599
f 2599/2599 2601/2601 3346/3346
f 2596/2596 2593/2593 2587/2587
f 2600/2600 2599/2599 2593/2593
f 2593/2593 2598/2598 2600/2600
f 2603/2603 2601/2601 2600/2600
f 2602/2602 2600/2600 2598/2598
f 2515/2515 2503/2503 2660/2660
f 2513/2513 2715/2715 3342/3342
f 3343/3343 3342/3342 2715/2715
f 3344/3344 3343/3343 2715/2715
f 2714/2714 3347/3347 2715/2715
f 3347/3347 3344/3344 2715/2715
f 3347/3347 2714/2714 3348/3348
f 2718/2718 2717/2717 3344/3344
f 3347/3347 3349/3349 3344/3344
f 2718/2718 3344/3344 3349/3349
f 2714/2714 2721/2721 3348/3348
f 3347/3347 3348/3348 2721/2721
f 2718/2718 3349/3349 3350/3350
f 3350/3350 2719/2719 2718/2718
f 3351/3351 3347/3347 2721/2721
f 3349/3349 3347/3347 3351/3351
f 3349/3349 3351/3351 3352/3352
f 3350/3350 3349/3349 3352/3352
f 3352/3352 3351/3351 2721/2721
f 3352/3352 3353/3353 3350/3350
f 3353/3353 3352/3352 2721/2721
f 3353/3353 2721/2721 2722/2722
f 3353/3353 3354/3354 3350/3350
f 2722/2722 3355/3355 3353/3353
f 3354/3354 3353/3353 3355/3355
f 2722/2722 2730/2730 3355/3355
f 3354/3354 2719/2719 3350/3350
f 2719/2719 3354/3354 2734/2734
f 2734/2734 3354/3354 3356/3356
f 3356/3356 3354/3354 3355/3355
f 3355/3355 3357/3357 3356/3356
f 2730/2730 3357/3357 3355/3355
f 3358/3358 3357/3357 2730/2730
f 2745/2745 2734/2734 3356/3356
f 3357/3357 3359/3359 3356/3356
f 2745/2745 3356/3356 3360/3360
f 3360/3360 3356/3356 3359/3359
f 3359/3359 3357/3357 3358/3358
f 3358/3358 2730/2730 2744/2744
f 3359/3359 3361/3361 3360/3360
f 3361/3361 3359/3359 3358/3358
f 2744/2744 2758/2758 3358/3358
f 2748/2748 2745/2745 3360/3360
f 3360/3360 3361/3361 2748/2748
f 2748/2748 3361/3361 3362/3362
f 3358/3358 3363/3363 3361/3361
f 3363/3363 3358/3358 2758/2758
f 3362/3362 3361/3361 3363/3363
f 3364/3364 2748/2748 3362/3362
f 3364/3364 3362/3362 3363/3363
f 3364/3364 3363/3363 3365/3365
f 3366/3366 3364/3364 3365/3365
f 3365/3365 3363/3363 2758/2758
f 2758/2758 2750/2750 3365/3365
f 2762/2762 3365/3365 2750/2750
f 3367/3367 3364/3364 3366/3366
f 2748/2748 3364/3364 3367/3367
f 3368/3368 3367/3367 3366/3366
f 2762/2762 2764/2764 3365/3365
f 3366/3366 3365/3365 2764/2764
f 2764/2764 2765/2765 3366/3366
f 3366/3366 3369/3369 3368/3368
f 3369/3369 3366/3366 2765/2765
f 2878/2878 2866/2866 3046/3046
f 3046/3046 2879/2879 2878/2878
f 3143/3143 2877/2877 3142/3142
f 3196/3196 3308/3308 3370/3370
f 3371/3371 3370/3370 3310/3310
f 3370/3370 3371/3371 3372/3372
f 3370/3370 3373/3373 3196/3196
f 3373/3373 3370/3370 3372/3372
f 3198/3198 3373/3373 3372/3372
f 3373/3373 3198/3198 3196/3196
f 3371/3371 3310/3310 3311/3311
f 3372/3372 3371/3371 3311/3311
f 3372/3372 3311/3311 3312/3312
f 3372/3372 3312/3312 3204/3204
f 3199/3199 3372/3372 3204/3204
f 3207/3207 3197/3197 3209/3209
f 3208/3208 3201/3201 3217/3217
f 3310/3310 3370/3370 3308/3308
f 3310/3310 3031/3031 3311/3311
f 1426/1426 1420/1420 3374/3374
f 1426/1426 3374/3374 202/202
f 202/202 3374/3374 2795/2795
f 1427/1427 3374/3374 1420/1420
f 1427/1427 1424/1424 3375/3375
f 1427/1427 3375/3375 3374/3374
f 1421/1421 2208/2208 3376/3376
f 1423/1423 1421/1421 3377/3377
f 3374/3374 3375/3375 2795/2795
f 3375/3375 3378/3378 3379/3379
f 3379/3379 2795/2795 3375/3375
f 3378/3378 2795/2795 3379/3379
f 1425/1425 1520/1520 3380/3380
f 3381/3381 1425/1425 3380/3380
f 3380/3380 1520/1520 1521/1521
f 3380/3380 1521/1521 1510/1510
f 3382/3382 3380/3380 1510/1510
f 3383/3383 3380/3380 3382/3382
f 1423/1423 3384/3384 1511/1511
f 3380/3380 3383/3383 3385/3385
f 3384/3384 1423/1423 3386/3386
f 3380/3380 3385/3385 3387/3387
f 1533/1533 1532/1532 1531/1531
f 1533/1533 1511/1511 3388/3388
f 1532/1532 3389/3389 1534/1534
f 1533/1533 3389/3389 1532/1532
f 3390/3390 1534/1534 3389/3389
f 3389/3389 1533/1533 3388/3388
f 3388/3388 3391/3391 3389/3389
f 3390/3390 3389/3389 3391/3391
f 3391/3391 3388/3388 3392/3392
f 3390/3390 3391/3391 3393/3393
f 3391/3391 3392/3392 3394/3394
f 3394/3394 3393/3393 3391/3391
f 1550/1550 3382/3382 1510/1510
f 1548/1548 3395/3395 1550/1550
f 1550/1550 3396/3396 3382/3382
f 1550/1550 3395/3395 3396/3396
f 3383/3383 3382/3382 3396/3396
f 3397/3397 1554/1554 1534/1534
f 1548/1548 1549/1549 3395/3395
f 3397/3397 1534/1534 3390/3390
f 3390/3390 3393/3393 3398/3398
f 3398/3398 3397/3397 3390/3390
f 3397/3397 1556/1556 1554/1554
f 3397/3397 3398/3398 3399/3399
f 3400/3400 3396/3396 3395/3395
f 3400/3400 3383/3383 3396/3396
f 3401/3401 3383/3383 3400/3400
f 3400/3400 3402/3402 3401/3401
f 3388/3388 1511/1511 3392/3392
f 3392/3392 1511/1511 3384/3384
f 3402/3402 3400/3400 3395/3395
f 3402/3402 3395/3395 3403/3403
f 3404/3404 3393/3393 3394/3394
f 3393/3393 3404/3404 3405/3405
f 1557/1557 3395/3395 1549/1549
f 3398/3398 3393/3393 3406/3406
f 3406/3406 3399/3399 3398/3398
f 3406/3406 3407/3407 3399/3399
f 3408/3408 3395/3395 1557/1557
f 3409/3409 3408/3408 1557/1557
f 3408/3408 3403/3403 3395/3395
f 3406/3406 3393/3393 3405/3405
f 1557/1557 1551/1551 1563/1563
f 1558/1558 1563/1563 1551/1551
f 1556/1556 3397/3397 1608/1608
f 3399/3399 1608/1608 3397/3397
f 1608/1608 1560/1560 1556/1556
f 3410/3410 1563/1563 1562/1562
f 3410/3410 1557/1557 1563/1563
f 3410/3410 3409/3409 1557/1557
f 3409/3409 3411/3411 3408/3408
f 3407/3407 3406/3406 3405/3405
f 3399/3399 3407/3407 1608/1608
f 3412/3412 3407/3407 3405/3405
f 3413/3413 3407/3407 3412/3412
f 1608/1608 3407/3407 3413/3413
f 3392/3392 3384/3384 3414/3414
f 3415/3415 3394/3394 3414/3414
f 3394/3394 3392/3392 3414/3414
f 3404/3404 3394/3394 3416/3416
f 3416/3416 3417/3417 3404/3404
f 3415/3415 3416/3416 3394/3394
f 3401/3401 3402/3402 3418/3418
f 3418/3418 3402/3402 3403/3403
f 3411/3411 3403/3403 3408/3408
f 3383/3383 3401/3401 3419/3419
f 3384/3384 3420/3420 3414/3414
f 3421/3421 3415/3415 3414/3414
f 3421/3421 3414/3414 3420/3420
f 3416/3416 3415/3415 3421/3421
f 3422/3422 3416/3416 3421/3421
f 3421/3421 3420/3420 3423/3423
f 3410/3410 3411/3411 3409/3409
f 3424/3424 3411/3411 3410/3410
f 3419/3419 3425/3425 3383/3383
f 3425/3425 3385/3385 3383/3383
f 3411/3411 3426/3426 3403/3403
f 3404/3404 3417/3417 3405/3405
f 3405/3405 3417/3417 3412/3412
f 3417/3417 3416/3416 3422/3422
f 3421/3421 3427/3427 3422/3422
f 3427/3427 3421/3421 3423/3423
f 3422/3422 3427/3427 3428/3428
f 3428/3428 3417/3417 3422/3422
f 3429/3429 3412/3412 3417/3417
f 3429/3429 3417/3417 3428/3428
f 3429/3429 3428/3428 3430/3430
f 3430/3430 3428/3428 3427/3427
f 3426/3426 3411/3411 3431/3431
f 3427/3427 3432/3432 3430/3430
f 3433/3433 3411/3411 3424/3424
f 3411/3411 3433/3433 3431/3431
f 3424/3424 3431/3431 3433/3433
f 3434/3434 3431/3431 3424/3424
f 3435/3435 3429/3429 3430/3430
f 3435/3435 3413/3413 3429/3429
f 3387/3387 3385/3385 3436/3436
f 3386/3386 1423/1423 3437/3437
f 3384/3384 3423/3423 3420/3420
f 3423/3423 3384/3384 3386/3386
f 3438/3438 3423/3423 3439/3439
f 3439/3439 3423/3423 3386/3386
f 3386/3386 3440/3440 3439/3439
f 3441/3441 3438/3438 3439/3439
f 3439/3439 3440/3440 3441/3441
f 3419/3419 3401/3401 3418/3418
f 3442/3442 3418/3418 3403/3403
f 3425/3425 3436/3436 3385/3385
f 3427/3427 3423/3423 3438/3438
f 3432/3432 3427/3427 3438/3438
f 3438/3438 3441/3441 3443/3443
f 3444/3444 3443/3443 3441/3441
f 3445/3445 3441/3441 3440/3440
f 3444/3444 3441/3441 3445/3445
f 3430/3430 3432/3432 3435/3435
f 3435/3435 3432/3432 3446/3446
f 3438/3438 3446/3446 3432/3432
f 3442/3442 3403/3403 3426/3426
f 3446/3446 3438/3438 3443/3443
f 3446/3446 3443/3443 3447/3447
f 3448/3448 3446/3446 3447/3447
f 3449/3449 3426/3426 3431/3431
f 3446/3446 3448/3448 3435/3435
f 3447/3447 3443/3443 3444/3444
f 3418/3418 3442/3442 3450/3450
f 3444/3444 3451/3451 3447/3447
f 3452/3452 3447/3447 3451/3451
f 3449/3449 3442/3442 3426/3426
f 3453/3453 3449/3449 3431/3431
f 3449/3449 3450/3450 3442/3442
f 3454/3454 3440/3440 3386/3386
f 3454/3454 3386/3386 3437/3437
f 3455/3455 3440/3440 3454/3454
f 3456/3456 3455/3455 3454/3454
f 3457/3457 3418/3418 3450/3450
f 3457/3457 3458/3458 3419/3419
f 3419/3419 3418/3418 3457/3457
f 3457/3457 3450/3450 3459/3459
f 3437/3437 3456/3456 3454/3454
f 3460/3460 3457/3457 3459/3459
f 3456/3456 3437/3437 3461/3461
f 3458/3458 3457/3457 3462/3462
f 3462/3462 3457/3457 3460/3460
f 3451/3451 3444/3444 3445/3445
f 3451/3451 3445/3445 3463/3463
f 3440/3440 3455/3455 3445/3445
f 3455/3455 3463/3463 3445/3445
f 3463/3463 3455/3455 3464/3464
f 3456/3456 3464/3464 3455/3455
f 3465/3465 3463/3463 3464/3464
f 3466/3466 3450/3450 3449/3449
f 3451/3451 3467/3467 3452/3452
f 3467/3467 3451/3451 3463/3463
f 3467/3467 3463/3463 3465/3465
f 3466/3466 3459/3459 3450/3450
f 3468/3468 3464/3464 3456/3456
f 3469/3469 3464/3464 3468/3468
f 3464/3464 3469/3469 3465/3465
f 3456/3456 3461/3461 3470/3470
f 3456/3456 3470/3470 3468/3468
f 3467/3467 3465/3465 3469/3469
f 3469/3469 3468/3468 3470/3470
f 3469/3469 3470/3470 3471/3471
f 3471/3471 3470/3470 3472/3472
f 1424/1424 1425/1425 3381/3381
f 3381/3381 3380/3380 3473/3473
f 1606/1606 3410/3410 1562/1562
f 3413/3413 3412/3412 3429/3429
f 3434/3434 3424/3424 1600/1600
f 1609/1609 1608/1608 3413/3413
f 3375/3375 1424/1424 3381/3381
f 3381/3381 3473/3473 3375/3375
f 3387/3387 3436/3436 3380/3380
f 3473/3473 3380/3380 3436/3436
f 3436/3436 3474/3474 3473/3473
f 3474/3474 3375/3375 3473/3473
f 3378/3378 3375/3375 3474/3474
f 3377/3377 3437/3437 1423/1423
f 3436/3436 3425/3425 3458/3458
f 3431/3431 3434/3434 3475/3475
f 3435/3435 3476/3476 3413/3413
f 3453/3453 3431/3431 3475/3475
f 3453/3453 3475/3475 3434/3434
f 3435/3435 3448/3448 3476/3476
f 3477/3477 3453/3453 3434/3434
f 3478/3478 3477/3477 3434/3434
f 3453/3453 3479/3479 3449/3449
f 3480/3480 3449/3449 3481/3481
f 3480/3480 3481/3481 3479/3479
f 3448/3448 3447/3447 3452/3452
f 3448/3448 3452/3452 3482/3482
f 3453/3453 3477/3477 3479/3479
f 3480/3480 3479/3479 3477/3477
f 3483/3483 3478/3478 3434/3434
f 3484/3484 3477/3477 3478/3478
f 3448/3448 3482/3482 3476/3476
f 3458/3458 3425/3425 3419/3419
f 3466/3466 3449/3449 3480/3480
f 3482/3482 3452/3452 3467/3467
f 3482/3482 3467/3467 3485/3485
f 3480/3480 3486/3486 3466/3466
f 3480/3480 3487/3487 3486/3486
f 3480/3480 3488/3488 3487/3487
f 3480/3480 3477/3477 3488/3488
f 3489/3489 3459/3459 3466/3466
f 3489/3489 3466/3466 3487/3487
f 3485/3485 3467/3467 3469/3469
f 3459/3459 3489/3489 3460/3460
f 3489/3489 3490/3490 3460/3460
f 3471/3471 3491/3491 3469/3469
f 3485/3485 3469/3469 3491/3491
f 3492/3492 3488/3488 3477/3477
f 3493/3493 3485/3485 3491/3491
f 3494/3494 3482/3482 3485/3485
f 3477/3477 3484/3484 3495/3495
f 3492/3492 3477/3477 3495/3495
f 3493/3493 3494/3494 3485/3485
f 3482/3482 3496/3496 3476/3476
f 3478/3478 3497/3497 3484/3484
f 3498/3498 3495/3495 3484/3484
f 3496/3496 3482/3482 3494/3494
f 3494/3494 3499/3499 3500/3500
f 3377/3377 1421/1421 3376/3376
f 2795/2795 3378/3378 3501/3501
f 3502/3502 3377/3377 3376/3376
f 3378/3378 3503/3503 3501/3501
f 3501/3501 3503/3503 3504/3504
f 3504/3504 3503/3503 3505/3505
f 3506/3506 3461/3461 3437/3437
f 3437/3437 3507/3507 3506/3506
f 3508/3508 3509/3509 3506/3506
f 3506/3506 3507/3507 3508/3508
f 3510/3510 3508/3508 3507/3507
f 3461/3461 3509/3509 3470/3470
f 3461/3461 3506/3506 3509/3509
f 3472/3472 3470/3470 3509/3509
f 3472/3472 3511/3511 3471/3471
f 3511/3511 3472/3472 3509/3509
f 3511/3511 3509/3509 3512/3512
f 3512/3512 3509/3509 3508/3508
f 3512/3512 3508/3508 3513/3513
f 3510/3510 3513/3513 3508/3508
f 3436/3436 3458/3458 3474/3474
f 3458/3458 3514/3514 3474/3474
f 3458/3458 3515/3515 3514/3514
f 3516/3516 3437/3437 3377/3377
f 3458/3458 3517/3517 3518/3518
f 3515/3515 3458/3458 3518/3518
f 3378/3378 3474/3474 3503/3503
f 3514/3514 3503/3503 3474/3474
f 3519/3519 3503/3503 3514/3514
f 3519/3519 3514/3514 3515/3515
f 3520/3520 3519/3519 3515/3515
f 3462/3462 3517/3517 3458/3458
f 3490/3490 3462/3462 3460/3460
f 3521/3521 3462/3462 3490/3490
f 3462/3462 3522/3522 3517/3517
f 3523/3523 3462/3462 3521/3521
f 3462/3462 3523/3523 3522/3522
f 3524/3524 3490/3490 3489/3489
f 3511/3511 3525/3525 3471/3471
f 3525/3525 3511/3511 3512/3512
f 3487/3487 3524/3524 3489/3489
f 3471/3471 3493/3493 3491/3491
f 3493/3493 3471/3471 3525/3525
f 3499/3499 3493/3493 3525/3525
f 3512/3512 3513/3513 3525/3525
f 3513/3513 3510/3510 3526/3526
f 3527/3527 3513/3513 3526/3526
f 3499/3499 3525/3525 3527/3527
f 3527/3527 3525/3525 3513/3513
f 3524/3524 3521/3521 3490/3490
f 3528/3528 3521/3521 3524/3524
f 3527/3527 3526/3526 3529/3529
f 3499/3499 3527/3527 3529/3529
f 3492/3492 3524/3524 3487/3487
f 3530/3530 3492/3492 3495/3495
f 3530/3530 3531/3531 3492/3492
f 3531/3531 3528/3528 3524/3524
f 3528/3528 3531/3531 3532/3532
f 3533/3533 3499/3499 3529/3529
f 3534/3534 3531/3531 3530/3530
f 3534/3534 3532/3532 3531/3531
f 3507/3507 3437/3437 3535/3535
f 3510/3510 3507/3507 3536/3536
f 3536/3536 3507/3507 3535/3535
f 3537/3537 3536/3536 3538/3538
f 3538/3538 3536/3536 3539/3539
f 3535/3535 3437/3437 3540/3540
f 3539/3539 3536/3536 3535/3535
f 3540/3540 3541/3541 3535/3535
f 3542/3542 3539/3539 3535/3535
f 3535/3535 3541/3541 3542/3542
f 3543/3543 3539/3539 3542/3542
f 3538/3538 3539/3539 3543/3543
f 3540/3540 3544/3544 3541/3541
f 3544/3544 3545/3545 3541/3541
f 3543/3543 3542/3542 3546/3546
f 3521/3521 3547/3547 3523/3523
f 3521/3521 3528/3528 3547/3547
f 3548/3548 3547/3547 3528/3528
f 3437/3437 3516/3516 3540/3540
f 3517/3517 3549/3549 3550/3550
f 3549/3549 3517/3517 3522/3522
f 3550/3550 3518/3518 3517/3517
f 3549/3549 3518/3518 3550/3550
f 3551/3551 3538/3538 3543/3543
f 3547/3547 3552/3552 3523/3523
f 3523/3523 3552/3552 3522/3522
f 3553/3553 3552/3552 3547/3547
f 3543/3543 3546/3546 3554/3554
f 3547/3547 3548/3548 3555/3555
f 3547/3547 3555/3555 3553/3553
f 3537/3537 3510/3510 3536/3536
f 3526/3526 3510/3510 3537/3537
f 3537/3537 3538/3538 3526/3526
f 3556/3556 3526/3526 3538/3538
f 3556/3556 3529/3529 3526/3526
f 3533/3533 3529/3529 3556/3556
f 3548/3548 3528/3528 3532/3532
f 3556/3556 3538/3538 3551/3551
f 3556/3556 3551/3551 3533/3533
f 3551/3551 3543/3543 3554/3554
f 3551/3551 3554/3554 3557/3557
f 3494/3494 3493/3493 3499/3499
f 3534/3534 3530/3530 3558/3558
f 3534/3534 3558/3558 3532/3532
f 3559/3559 3558/3558 3530/3530
f 3558/3558 3559/3559 3560/3560
f 3561/3561 3499/3499 3533/3533
f 3562/3562 3563/3563 3555/3555
f 3558/3558 3564/3564 3532/3532
f 3551/3551 3561/3561 3533/3533
f 3548/3548 3562/3562 3555/3555
f 3564/3564 3548/3548 3532/3532
f 3548/3548 3564/3564 3562/3562
f 3560/3560 3564/3564 3558/3558
f 3563/3563 3562/3562 3564/3564
f 3561/3561 3551/3551 3565/3565
f 3563/3563 3564/3564 3560/3560
f 3560/3560 3566/3566 3563/3563
f 3567/3567 3566/3566 3560/3560
f 3568/3568 3566/3566 3567/3567
f 3566/3566 3569/3569 3563/3563
f 3565/3565 3551/3551 3557/3557
f 3570/3570 3565/3565 3557/3557
f 3568/3568 3569/3569 3566/3566
f 3569/3569 3571/3571 3563/3563
f 3519/3519 3520/3520 3572/3572
f 3503/3503 3519/3519 3572/3572
f 3505/3505 3503/3503 3572/3572
f 3505/3505 3572/3572 3573/3573
f 3518/3518 3520/3520 3515/3515
f 3572/3572 3520/3520 3518/3518
f 3574/3574 3572/3572 3518/3518
f 3575/3575 3518/3518 3576/3576
f 3377/3377 3502/3502 3578/3578
f 3572/3572 3574/3574 3573/3573
f 3518/3518 3579/3579 3574/3574
f 3578/3578 3516/3516 3377/3377
f 3580/3580 3516/3516 3578/3578
f 3579/3579 3518/3518 3575/3575
f 3578/3578 3582/3582 3580/3580
f 3583/3583 3581/3581 3577/3577
f 3584/3584 3581/3581 3586/3586
f 3586/3586 3587/3587 3585/3585
f 3586/3586 3581/3581 3588/3588
f 3588/3588 3589/3589 3586/3586
f 3586/3586 3589/3589 3587/3587
f 3587/3587 3589/3589 3590/3590
f 3581/3581 3583/3583 3588/3588
f 3591/3591 3575/3575 3576/3576
f 3592/3592 3591/3591 3576/3576
f 3593/3593 3591/3591 3592/3592
f 3594/3594 3595/3595 3592/3592
f 3596/3596 3595/3595 3594/3594
f 3593/3593 3592/3592 3595/3595
f 3597/3597 3545/3545 3544/3544
f 3544/3544 3540/3540 3597/3597
f 3597/3597 3598/3598 3545/3545
f 3545/3545 3598/3598 3541/3541
f 3598/3598 3599/3599 3541/3541
f 3542/3542 3541/3541 3599/3599
f 3546/3546 3542/3542 3599/3599
f 3599/3599 3598/3598 3600/3600
f 3601/3601 3600/3600 3598/3598
f 3597/3597 3540/3540 3516/3516
f 3576/3576 3518/3518 3549/3549
f 3522/3522 3576/3576 3549/3549
f 3602/3602 3546/3546 3599/3599
f 3554/3554 3546/3546 3602/3602
f 3602/3602 3599/3599 3603/3603
f 3604/3604 3602/3602 3603/3603
f 3605/3605 3552/3552 3553/3553
f 3606/3606 3552/3552 3605/3605
f 3554/3554 3602/3602 3604/3604
f 3557/3557 3554/3554 3604/3604
f 3606/3606 3522/3522 3552/3552
f 3604/3604 3603/3603 3607/3607
f 3608/3608 3600/3600 3609/3609
f 3609/3609 3600/3600 3601/3601
f 3610/3610 3601/3601 3598/3598
f 3610/3610 3613/3613 3615/3615
f 3610/3610 3615/3615 3601/3601
f 3609/3609 3601/3601 3615/3615
f 3609/3609 3614/3614 3617/3617
f 3617/3617 3614/3614 3612/3612
f 3610/3610 3598/3598 3597/3597
f 3617/3617 3608/3608 3609/3609
f 3516/3516 3580/3580 3597/3597
f 3522/3522 3618/3618 3576/3576
f 3606/3606 3618/3618 3522/3522
f 3603/3603 3599/3599 3600/3600
f 3603/3603 3600/3600 3608/3608
f 3619/3619 3603/3603 3608/3608
f 3620/3620 3619/3619 3608/3608
f 3607/3607 3603/3603 3621/3621
f 3621/3621 3603/3603 3619/3619
f 3619/3619 3620/3620 3622/3622
f 3622/3622 3621/3621 3619/3619
f 3616/3616 3613/3613 3610/3610
f 3617/3617 3611/3611 3625/3625
f 3627/3627 3610/3610 3597/3597
f 3627/3627 3623/3623 3610/3610
f 3630/3630 3617/3617 3625/3625
f 3629/3629 3624/3624 3626/3626
f 3630/3630 3628/3628 3631/3631
f 3633/3633 3627/3627 3597/3597
f 3634/3634 3635/3635 3626/3626
f 3617/3617 3630/3630 3608/3608
f 3636/3636 3631/3631 3628/3628
f 3632/3632 3638/3638 3636/3636
f 3638/3638 3631/3631 3636/3636
f 3633/3633 3597/3597 3580/3580
f 3630/3630 3620/3620 3608/3608
f 3631/3631 3639/3639 3630/3630
f 3639/3639 3631/3631 3637/3637
f 3620/3620 3630/3630 3639/3639
f 3622/3622 3620/3620 3640/3640
f 3638/3638 3632/3632 3641/3641
f 3633/3633 3580/3580 3582/3582
f 3639/3639 3637/3637 3641/3641
f 3640/3640 3620/3620 3639/3639
f 3641/3641 3632/3632 3585/3585
f 3581/3581 3584/3584 3634/3634
f 3587/3587 3639/3639 3641/3641
f 3641/3641 3585/3585 3587/3587
f 3555/3555 3605/3605 3553/3553
f 3642/3642 3605/3605 3555/3555
f 3563/3563 3642/3642 3555/3555
f 3605/3605 3642/3642 3643/3643
f 3618/3618 3606/3606 3644/3644
f 3605/3605 3644/3644 3606/3606
f 3607/3607 3621/3621 3645/3645
f 3646/3646 3607/3607 3645/3645
f 3645/3645 3621/3621 3622/3622
f 3605/3605 3643/3643 3644/3644
f 3646/3646 3645/3645 3647/3647
f 3647/3647 3645/3645 3622/3622
f 3563/3563 3571/3571 3642/3642
f 3648/3648 3642/3642 3571/3571
f 3649/3649 3648/3648 3571/3571
f 3650/3650 3643/3643 3642/3642
f 3650/3650 3642/3642 3648/3648
f 3650/3650 3648/3648 3649/3649
f 3651/3651 3646/3646 3652/3652
f 3652/3652 3646/3646 3647/3647
f 3652/3652 3647/3647 3651/3651
f 3557/3557 3604/3604 3607/3607
f 3570/3570 3557/3557 3607/3607
f 3570/3570 3607/3607 3646/3646
f 3653/3653 3576/3576 3618/3618
f 3644/3644 3653/3653 3618/3618
f 3647/3647 3622/3622 3640/3640
f 3576/3576 3653/3653 3592/3592
f 3653/3653 3594/3594 3592/3592
f 3594/3594 3644/3644 3596/3596
f 3594/3594 3653/3653 3644/3644
f 3596/3596 3644/3644 3643/3643
f 3647/3647 3640/3640 3654/3654
f 3587/3587 3655/3655 3639/3639
f 3655/3655 3640/3640 3639/3639
f 3655/3655 3656/3656 3640/3640
f 3654/3654 3640/3640 3656/3656
f 3587/3587 3590/3590 3655/3655
f 3590/3590 3657/3657 3655/3655
f 3656/3656 3655/3655 3657/3657
f 3658/3658 3643/3643 3650/3650
f 3596/3596 3643/3643 3659/3659
f 3658/3658 3659/3659 3643/3643
f 3660/3660 3658/3658 3650/3650
f 3651/3651 3647/3647 3654/3654
f 3654/3654 3656/3656 3661/3661
f 3654/3654 3661/3661 3662/3662
f 3661/3661 3656/3656 3657/3657
f 3662/3662 3661/3661 3657/3657
f 3651/3651 3654/3654 3662/3662
f 3663/3663 3596/3596 3659/3659
f 3413/3413 3664/3664 1609/1609
f 3476/3476 3664/3664 3413/3413
f 3496/3496 3664/3664 3476/3476
f 3579/3579 3591/3591 3574/3574
f 3502/3502 3665/3665 3578/3578
f 3591/3591 3667/3667 3574/3574
f 3666/3666 3668/3668 3577/3577
f 3589/3589 3588/3588 3669/3669
f 3590/3590 3589/3589 3669/3669
f 3670/3670 3590/3590 3669/3669
f 3670/3670 3657/3657 3590/3590
f 3671/3671 3593/3593 3595/3595
f 3672/3672 3657/3657 3670/3670
f 3669/3669 3673/3673 3670/3670
f 3583/3583 3674/3674 3588/3588
f 3668/3668 3583/3583 3577/3577
f 3583/3583 3668/3668 3674/3674
f 3674/3674 3669/3669 3588/3588
f 3674/3674 3673/3673 3669/3669
f 3579/3579 3575/3575 3591/3591
f 3675/3675 3591/3591 3676/3676
f 3671/3671 3595/3595 3596/3596
f 3676/3676 3591/3591 3593/3593
f 3593/3593 3671/3671 3676/3676
f 3677/3677 3671/3671 3596/3596
f 3670/3670 3678/3678 3672/3672
f 3679/3679 3672/3672 3678/3678
f 3678/3678 3670/3670 3673/3673
f 3596/3596 3663/3663 3677/3677
f 3680/3680 3677/3677 3663/3663
f 3677/3677 3676/3676 3671/3671
f 3679/3679 3678/3678 3681/3681
f 3674/3674 3668/3668 3682/3682
f 3674/3674 3682/3682 3683/3683
f 3684/3684 3674/3674 3685/3685
f 3685/3685 3674/3674 3683/3683
f 3686/3686 3685/3685 3683/3683
f 3687/3687 3685/3685 3686/3686
f 3687/3687 3686/3686 3688/3688
f 3684/3684 3685/3685 3687/3687
f 3676/3676 3689/3689 3675/3675
f 3690/3690 3689/3689 3676/3676
f 3681/3681 3687/3687 3691/3691
f 3691/3691 3687/3687 3688/3688
f 3684/3684 3673/3673 3674/3674
f 3687/3687 3673/3673 3684/3684
f 3690/3690 3676/3676 3677/3677
f 3673/3673 3687/3687 3681/3681
f 3681/3681 3678/3678 3673/3673
f 3668/3668 3692/3692 3694/3694
f 3693/3693 3692/3692 3695/3695
f 3696/3696 3693/3693 3695/3695
f 3697/3697 3692/3692 3668/3668
f 3692/3692 3698/3698 3695/3695
f 3683/3683 3682/3682 3699/3699
f 3696/3696 3699/3699 3682/3682
f 3686/3686 3683/3683 3700/3700
f 3700/3700 3696/3696 3686/3686
f 3693/3693 3696/3696 3682/3682
f 3682/3682 3668/3668 3694/3694
f 3688/3688 3686/3686 3696/3696
f 3696/3696 3701/3701 3688/3688
f 3688/3688 3701/3701 3702/3702
f 3691/3691 3688/3688 3702/3702
f 3703/3703 3701/3701 3696/3696
f 3703/3703 3696/3696 3695/3695
f 3701/3701 3703/3703 3702/3702
f 3702/3702 3703/3703 3704/3704
f 3662/3662 3657/3657 3672/3672
f 3679/3679 3662/3662 3672/3672
f 2780/2780 3376/3376 2208/2208
f 3705/3705 3706/3706 3498/3498
f 3707/3707 3706/3706 3705/3705
f 3501/3501 2802/2802 2795/2795
f 2780/2780 3502/3502 3376/3376
f 3708/3708 2802/2802 3501/3501
f 2804/2804 2802/2802 3708/3708
f 2780/2780 2806/2806 3502/3502
f 3708/3708 3501/3501 3504/3504
f 3505/3505 3709/3709 3504/3504
f 3708/3708 3504/3504 3709/3709
f 3709/3709 3505/3505 3573/3573
f 3573/3573 3708/3708 3709/3709
f 3561/3561 3500/3500 3499/3499
f 3495/3495 3559/3559 3530/3530
f 3567/3567 3560/3560 3559/3559
f 3568/3568 3567/3567 3710/3710
f 3711/3711 3561/3561 3565/3565
f 3571/3571 3569/3569 3712/3712
f 3568/3568 3710/3710 3569/3569
f 3569/3569 3710/3710 3713/3713
f 3713/3713 3712/3712 3569/3569
f 3710/3710 3567/3567 3714/3714
f 3711/3711 3565/3565 3570/3570
f 3715/3715 3713/3713 3710/3710
f 3714/3714 3567/3567 3559/3559
f 3715/3715 3710/3710 3714/3714
f 3714/3714 3716/3716 3715/3715
f 3716/3716 3714/3714 3717/3717
f 3718/3718 3715/3715 3716/3716
f 3712/3712 3649/3649 3571/3571
f 3719/3719 3649/3649 3712/3712
f 3720/3720 3660/3660 3650/3650
f 3720/3720 3650/3650 3649/3649
f 3721/3721 3719/3719 3712/3712
f 3719/3719 3720/3720 3649/3649
f 3722/3722 3720/3720 3719/3719
f 3722/3722 3719/3719 3721/3721
f 3712/3712 3713/3713 3721/3721
f 3570/3570 3646/3646 3651/3651
f 3715/3715 3723/3723 3713/3713
f 3723/3723 3721/3721 3713/3713
f 3724/3724 3658/3658 3725/3725
f 3725/3725 3658/3658 3660/3660
f 3725/3725 3660/3660 3720/3720
f 3726/3726 3720/3720 3722/3722
f 3724/3724 3663/3663 3659/3659
f 3724/3724 3659/3659 3658/3658
f 3727/3727 3680/3680 3663/3663
f 3662/3662 3728/3728 3651/3651
f 3727/3727 3663/3663 3724/3724
f 3727/3727 3724/3724 3729/3729
f 3730/3730 3725/3725 3722/3722
f 3730/3730 3722/3722 3731/3731
f 3731/3731 3722/3722 3732/3732
f 3732/3732 3722/3722 3721/3721
f 3731/3731 3732/3732 3730/3730
f 3730/3730 3724/3724 3725/3725
f 3733/3733 3724/3724 3730/3730
f 3733/3733 3729/3729 3724/3724
f 3734/3734 3730/3730 3732/3732
f 3735/3735 3733/3733 3734/3734
f 3736/3736 3737/3737 3735/3735
f 3738/3738 3721/3721 3723/3723
f 3738/3738 3723/3723 3739/3739
f 3718/3718 3723/3723 3715/3715
f 3740/3740 3741/3741 3570/3570
f 3740/3740 3570/3570 3651/3651
f 3739/3739 3723/3723 3718/3718
f 3742/3742 3739/3739 3718/3718
f 3743/3743 3742/3742 3718/3718
f 3742/3742 3744/3744 3739/3739
f 3745/3745 3746/3746 3732/3732
f 3721/3721 3745/3745 3732/3732
f 3745/3745 3721/3721 3738/3738
f 3747/3747 3736/3736 3734/3734
f 3747/3747 3734/3734 3746/3746
f 3746/3746 3748/3748 3747/3747
f 3745/3745 3748/3748 3746/3746
f 3734/3734 3732/3732 3746/3746
f 3738/3738 3749/3749 3745/3745
f 3750/3750 3738/3738 3739/3739
f 3749/3749 3738/3738 3750/3750
f 3748/3748 3745/3745 3749/3749
f 3751/3751 3749/3749 3750/3750
f 3752/3752 3749/3749 3751/3751
f 3744/3744 3750/3750 3739/3739
f 3716/3716 3743/3743 3718/3718
f 3744/3744 3742/3742 3743/3743
f 3753/3753 3744/3744 3743/3743
f 3754/3754 3651/3651 3728/3728
f 3755/3755 3744/3744 3753/3753
f 3740/3740 3651/3651 3754/3754
f 3754/3754 3756/3756 3740/3740
f 3743/3743 3716/3716 3757/3757
f 3753/3753 3743/3743 3757/3757
f 3756/3756 3758/3758 3740/3740
f 3755/3755 3753/3753 3759/3759
f 3750/3750 3760/3760 3751/3751
f 3761/3761 3752/3752 3751/3751
f 3762/3762 3761/3761 3751/3751
f 3763/3763 3754/3754 3728/3728
f 3762/3762 3751/3751 3760/3760
f 3764/3764 3763/3763 3765/3765
f 3760/3760 3766/3766 3762/3762
f 3761/3761 3762/3762 3767/3767
f 3768/3768 3750/3750 3744/3744
f 3755/3755 3768/3768 3744/3744
f 3760/3760 3750/3750 3768/3768
f 3760/3760 3768/3768 3755/3755
f 3754/3754 3764/3764 3756/3756
f 3760/3760 3755/3755 3766/3766
f 3764/3764 3754/3754 3763/3763
f 3757/3757 3759/3759 3753/3753
f 3769/3769 3755/3755 3759/3759
f 3770/3770 3755/3755 3769/3769
f 3767/3767 3762/3762 3766/3766
f 3761/3761 3767/3767 3771/3771
f 3770/3770 3766/3766 3755/3755
f 3772/3772 3764/3764 3773/3773
f 3756/3756 3764/3764 3772/3772
f 3772/3772 3758/3758 3756/3756
f 3774/3774 3764/3764 3765/3765
f 3774/3774 3773/3773 3764/3764
f 3767/3767 3766/3766 3770/3770
f 3775/3775 3767/3767 3770/3770
f 3775/3775 3770/3770 3769/3769
f 3767/3767 3775/3775 3771/3771
f 3776/3776 3769/3769 3777/3777
f 3776/3776 3777/3777 3778/3778
f 3769/3769 3776/3776 3775/3775
f 3779/3779 3780/3780 3776/3776
f 3780/3780 3775/3775 3776/3776
f 3780/3780 3771/3771 3775/3775
f 3781/3781 3774/3774 3782/3782
f 3779/3779 3776/3776 3778/3778
f 3783/3783 3784/3784 3780/3780
f 3783/3783 3780/3780 3779/3779
f 3774/3774 3781/3781 3785/3785
f 3786/3786 3784/3784 3783/3783
f 1609/1609 3787/3787 2062/2062
f 2080/2080 2062/2062 3787/3787
f 3787/3787 1609/1609 3664/3664
f 3787/3787 3664/3664 3496/3496
f 3496/3496 3788/3788 3787/3787
f 3789/3789 3787/3787 3788/3788
f 3790/3790 2080/2080 3787/3787
f 2207/2207 2084/2084 3792/3792
f 3790/3790 3787/3787 3789/3789
f 3793/3793 3794/3794 2206/2206
f 3795/3795 3797/3797 3799/3799
f 3496/3496 3494/3494 3788/3788
f 3494/3494 3800/3800 3788/3788
f 3789/3789 3788/3788 3801/3801
f 3802/3802 3788/3788 3800/3800
f 3800/3800 3494/3494 3803/3803
f 3495/3495 3498/3498 3706/3706
f 3801/3801 3788/3788 3802/3802
f 3801/3801 3804/3804 3789/3789
f 3805/3805 3804/3804 3801/3801
f 3805/3805 3801/3801 3802/3802
f 3797/3797 3795/3795 3806/3806
f 3808/3808 3796/3796 3798/3798
f 3808/3808 3809/3809 3796/3796
f 3811/3811 3795/3795 3810/3810
f 3794/3794 3812/3812 3813/3813
f 3707/3707 3814/3814 3815/3815
f 3816/3816 3802/3802 3817/3817
f 3805/3805 3802/3802 3816/3816
f 3815/3815 3814/3814 3813/3813
f 3817/3817 3800/3800 3803/3803
f 3802/3802 3800/3800 3817/3817
f 3803/3803 3494/3494 3500/3500
f 3803/3803 3500/3500 3818/3818
f 3495/3495 3706/3706 3819/3819
f 3559/3559 3495/3495 3819/3819
f 3820/3820 3817/3817 3803/3803
f 3817/3817 3821/3821 3816/3816
f 3821/3821 3817/3817 3820/3820
f 3706/3706 3707/3707 3819/3819
f 3820/3820 3803/3803 3822/3822
f 3821/3821 3820/3820 3822/3822
f 3815/3815 3819/3819 3707/3707
f 3823/3823 3792/3792 2084/2084
f 3823/3823 3824/3824 3792/3792
f 3824/3824 3823/3823 3825/3825
f 3790/3790 2095/2095 2080/2080
f 2097/2097 3823/3823 2084/2084
f 3825/3825 3823/3823 3828/3828
f 3792/3792 3829/3829 3830/3830
f 3830/3830 3829/3829 3833/3833
f 3829/3829 3792/3792 3824/3824
f 3791/3791 3793/3793 2206/2206
f 3832/3832 3793/3793 3791/3791
f 3838/3838 3841/3841 3842/3842
f 3837/3837 3834/3834 3839/3839
f 3834/3834 3843/3843 3839/3839
f 3833/3833 3835/3835 3830/3830
f 3831/3831 3836/3836 3846/3846
f 3846/3846 3836/3836 3842/3842
f 3847/3847 3842/3842 3841/3841
f 3832/3832 3845/3845 3848/3848
f 3848/3848 3793/3793 3832/3832
f 3793/3793 3848/3848 3847/3847
f 3848/3848 3842/3842 3847/3847
f 3842/3842 3848/3848 3846/3846
f 3843/3843 3799/3799 3839/3839
f 3839/3839 3799/3799 3797/3797
f 3850/3850 3840/3840 3797/3797
f 3798/3798 3844/3844 3852/3852
f 3807/3807 3794/3794 3793/3793
f 3849/3849 3807/3807 3793/3793
f 3852/3852 3808/3808 3798/3798
f 3841/3841 3851/3851 3847/3847
f 3849/3849 3793/3793 3847/3847
f 3852/3852 3844/3844 3834/3834
f 3825/3825 3829/3829 3824/3824
f 3825/3825 3833/3833 3829/3829
f 3834/3834 3826/3826 3852/3852
f 3790/3790 3789/3789 3853/3853
f 3853/3853 3789/3789 3804/3804
f 3854/3854 3852/3852 3826/3826
f 3854/3854 3826/3826 3827/3827
f 3804/3804 3855/3855 3853/3853
f 3790/3790 3853/3853 2095/2095
f 3828/3828 3823/3823 2097/2097
f 3828/3828 2097/2097 2196/2196
f 3856/3856 3857/3857 3827/3827
f 3859/3859 3861/3861 3794/3794
f 3794/3794 3861/3861 3863/3863
f 3807/3807 3859/3859 3794/3794
f 3850/3850 3797/3797 3806/3806
f 3795/3795 3858/3858 3806/3806
f 3858/3858 3795/3795 3860/3860
f 3860/3860 3795/3795 3811/3811
f 3862/3862 3860/3860 3811/3811
f 3865/3865 3809/3809 3808/3808
f 3810/3810 3866/3866 3811/3811
f 3811/3811 3866/3866 3862/3862
f 3810/3810 3864/3864 3866/3866
f 3866/3866 3864/3864 3869/3869
f 3870/3870 3868/3868 3808/3808
f 3808/3808 3868/3868 3865/3865
f 3866/3866 3869/3869 3873/3873
f 3870/3870 3872/3872 3868/3868
f 3863/3863 3812/3812 3794/3794
f 3874/3874 3867/3867 3871/3871
f 3876/3876 3872/3872 3870/3870
f 3874/3874 3871/3871 3878/3878
f 3876/3876 3879/3879 3872/3872
f 3880/3880 3870/3870 3881/3881
f 3870/3870 3882/3882 3881/3881
f 3882/3882 3883/3883 3881/3881
f 3884/3884 3880/3880 3881/3881
f 3882/3882 3870/3870 3808/3808
f 3887/3887 3882/3882 3890/3890
f 3887/3887 3883/3883 3882/3882
f 3880/3880 3885/3885 3888/3888
f 3890/3890 3882/3882 3808/3808
f 3852/3852 3890/3890 3808/3808
f 3894/3894 3886/3886 3889/3889
f 3852/3852 3893/3893 3890/3890
f 3891/3891 3870/3870 3880/3880
f 3880/3880 3888/3888 3891/3891
f 3874/3874 3878/3878 3895/3895
f 3876/3876 3896/3896 3879/3879
f 3874/3874 3895/3895 3897/3897
f 3876/3876 3898/3898 3896/3896
f 3874/3874 3897/3897 3899/3899
f 3875/3875 3899/3899 3812/3812
f 3876/3876 3900/3900 3898/3898
f 3875/3875 3863/3863 3867/3867
f 3812/3812 3863/3863 3875/3875
f 3892/3892 3901/3901 3877/3877
f 3891/3891 3876/3876 3870/3870
f 3903/3903 3900/3900 3876/3876
f 3899/3899 3897/3897 3905/3905
f 3899/3899 3906/3906 3812/3812
f 3905/3905 3906/3906 3899/3899
f 3900/3900 3904/3904 3898/3898
f 3907/3907 3904/3904 3900/3900
f 3908/3908 3907/3907 3900/3900
f 3908/3908 3900/3900 3903/3903
f 3908/3908 3902/3902 3893/3893
f 3893/3893 3852/3852 3909/3909
f 3909/3909 3908/3908 3893/3893
f 3812/3812 3906/3906 3813/3813
f 3906/3906 3910/3910 3813/3813
f 3911/3911 3912/3912 3906/3906
f 3912/3912 3910/3910 3906/3906
f 3909/3909 3907/3907 3908/3908
f 3909/3909 3911/3911 3907/3907
f 3912/3912 3911/3911 3909/3909
f 3909/3909 3852/3852 3913/3913
f 3914/3914 3804/3804 3805/3805
f 3914/3914 3805/3805 3816/3816
f 3915/3915 3916/3916 3816/3816
f 3816/3816 3821/3821 3915/3915
f 3816/3816 3916/3916 3914/3914
f 3917/3917 3852/3852 3854/3854
f 3917/3917 3913/3913 3852/3852
f 3910/3910 3815/3815 3813/3813
f 3815/3815 3910/3910 3912/3912
f 3912/3912 3909/3909 3815/3815
f 3913/3913 3815/3815 3909/3909
f 3918/3918 3819/3819 3815/3815
f 3918/3918 3919/3919 3819/3819
f 3815/3815 3913/3913 3918/3918
f 3915/3915 3821/3821 3822/3822
f 3920/3920 3918/3918 3913/3913
f 3915/3915 3822/3822 3921/3921
f 3917/3917 3920/3920 3913/3913
f 3922/3922 3915/3915 3921/3921
f 3804/3804 3914/3914 3855/3855
f 3854/3854 3827/3827 3857/3857
f 3855/3855 3914/3914 3923/3923
f 3924/3924 3855/3855 3923/3923
f 3923/3923 3914/3914 3916/3916
f 3854/3854 3857/3857 3917/3917
f 3857/3857 3856/3856 3917/3917
f 3916/3916 3915/3915 3922/3922
f 3925/3925 3920/3920 3917/3917
f 3818/3818 3500/3500 3561/3561
f 3818/3818 3561/3561 3711/3711
f 3818/3818 3926/3926 3803/3803
f 3926/3926 3818/3818 3711/3711
f 3926/3926 3711/3711 3927/3927
f 3822/3822 3803/3803 3926/3926
f 3928/3928 3559/3559 3819/3819
f 3928/3928 3714/3714 3559/3559
f 3921/3921 3822/3822 3926/3926
f 3921/3921 3926/3926 3927/3927
f 3741/3741 3927/3927 3711/3711
f 3570/3570 3741/3741 3711/3711
f 3819/3819 3919/3919 3928/3928
f 3918/3918 3920/3920 3919/3919
f 3717/3717 3714/3714 3928/3928
f 3929/3929 3717/3717 3928/3928
f 3930/3930 3921/3921 3927/3927
f 3929/3929 3928/3928 3919/3919
f 3929/3929 3931/3931 3717/3717
f 3931/3931 3929/3929 3919/3919
f 3931/3931 3919/3919 3932/3932
f 3932/3932 3919/3919 3933/3933
f 3920/3920 3933/3933 3919/3919
f 3934/3934 3716/3716 3717/3717
f 3927/3927 3741/3741 3930/3930
f 3931/3931 3934/3934 3717/3717
f 3934/3934 3931/3931 3932/3932
f 3932/3932 3935/3935 3934/3934
f 3936/3936 3930/3930 3741/3741
f 3936/3936 3741/3741 3758/3758
f 3937/3937 3938/3938 3930/3930
f 3938/3938 3922/3922 3921/3921
f 3938/3938 3921/3921 3930/3930
f 3933/3933 3920/3920 3925/3925
f 3935/3935 3932/3932 3933/3933
f 3939/3939 3934/3934 3935/3935
f 3759/3759 3934/3934 3939/3939
f 3759/3759 3716/3716 3934/3934
f 3937/3937 3930/3930 3936/3936
f 3741/3741 3740/3740 3758/3758
f 3759/3759 3757/3757 3716/3716
f 3939/3939 3769/3769 3759/3759
f 3936/3936 3758/3758 3940/3940
f 3777/3777 3769/3769 3939/3939
f 3853/3853 2164/2164 2095/2095
f 3856/3856 3827/3827 2197/2197
f 3855/3855 3941/3941 3853/3853
f 3941/3941 3855/3855 3924/3924
f 3941/3941 3924/3924 3942/3942
f 3942/3942 3924/3924 3943/3943
f 3944/3944 2164/2164 3853/3853
f 3941/3941 3944/3944 3853/3853
f 3944/3944 3941/3941 3945/3945
f 3946/3946 3856/3856 2197/2197
f 2166/2166 2164/2164 3944/3944
f 2166/2166 2188/2188 2167/2167
f 3947/3947 2166/2166 3944/3944
f 3947/3947 3944/3944 3945/3945
f 3942/3942 3945/3945 3941/3941
f 3948/3948 2166/2166 3947/3947
f 3947/3947 3945/3945 3942/3942
f 3949/3949 3947/3947 3942/3942
f 3923/3923 3943/3943 3924/3924
f 3943/3943 3923/3923 3916/3916
f 3950/3950 3917/3917 3856/3856
f 3925/3925 3917/3917 3950/3950
f 3943/3943 3916/3916 3922/3922
f 3946/3946 3950/3950 3856/3856
f 3951/3951 3943/3943 3922/3922
f 3952/3952 3925/3925 3950/3950
f 3953/3953 3950/3950 3946/3946
f 3954/3954 3922/3922 3938/3938
f 3954/3954 3938/3938 3955/3955
f 3956/3956 3925/3925 3952/3952
f 3949/3949 3942/3942 3943/3943
f 3949/3949 3943/3943 3951/3951
f 3951/3951 3922/3922 3954/3954
f 3952/3952 3950/3950 3953/3953
f 3949/3949 3957/3957 3947/3947
f 3951/3951 3957/3957 3949/3949
f 3958/3958 3957/3957 3951/3951
f 3954/3954 3958/3958 3951/3951
f 2188/2188 2166/2166 3948/3948
f 3959/3959 3946/3946 2197/2197
f 3948/3948 2199/2199 2188/2188
f 3946/3946 3959/3959 3961/3961
f 3946/3946 3961/3961 3953/3953
f 3948/3948 3947/3947 3962/3962
f 2193/2193 3960/3960 2196/2196
f 2191/2191 2199/2199 3963/3963
f 3964/3964 2199/2199 3948/3948
f 3963/3963 2199/2199 3964/3964
f 3948/3948 3962/3962 3964/3964
f 3965/3965 3947/3947 3957/3957
f 3961/3961 3952/3952 3953/3953
f 3947/3947 3965/3965 3966/3966
f 3966/3966 3965/3965 3957/3957
f 3966/3966 3957/3957 3958/3958
f 3966/3966 3962/3962 3947/3947
f 3958/3958 3954/3954 3967/3967
f 3968/3968 3958/3958 3969/3969
f 3967/3967 3970/3970 3958/3958
f 3958/3958 3970/3970 3969/3969
f 3970/3970 3971/3971 3969/3969
f 3966/3966 3958/3958 3968/3968
f 3972/3972 3966/3966 3968/3968
f 3973/3973 3969/3969 3971/3971
f 3968/3968 3969/3969 3973/3973
f 3974/3974 3973/3973 3971/3971
f 3972/3972 3968/3968 3973/3973
f 3975/3975 3972/3972 3974/3974
f 3972/3972 3973/3973 3974/3974
f 3974/3974 3971/3971 3976/3976
f 3956/3956 3952/3952 3977/3977
f 3977/3977 3952/3952 3961/3961
f 3978/3978 3962/3962 3966/3966
f 3979/3979 3966/3966 3972/3972
f 3979/3979 3972/3972 3975/3975
f 3980/3980 3956/3956 3977/3977
f 3933/3933 3925/3925 3981/3981
f 3955/3955 3938/3938 3937/3937
f 3981/3981 3935/3935 3933/3933
f 3956/3956 3981/3981 3925/3925
f 3982/3982 3935/3935 3981/3981
f 3939/3939 3935/3935 3982/3982
f 3778/3778 3939/3939 3982/3982
f 3983/3983 3981/3981 3956/3956
f 3967/3967 3955/3955 3937/3937
f 3954/3954 3955/3955 3967/3967
f 3967/3967 3937/3937 3984/3984
f 3982/3982 3981/3981 3983/3983
f 3936/3936 3984/3984 3937/3937
f 3984/3984 3936/3936 3940/3940
f 3939/3939 3778/3778 3777/3777
f 3758/3758 3772/3772 3940/3940
f 3985/3985 3940/3940 3772/3772
f 3986/3986 3772/3772 3773/3773
f 3986/3986 3773/3773 3774/3774
f 3987/3987 3940/3940 3985/3985
f 3988/3988 3967/3967 3984/3984
f 3987/3987 3984/3984 3940/3940
f 3989/3989 3988/3988 3984/3984
f 3984/3984 3990/3990 3989/3989
f 3991/3991 3984/3984 3987/3987
f 3990/3990 3984/3984 3991/3991
f 3982/3982 3983/3983 3992/3992
f 3982/3982 3992/3992 3993/3993
f 3982/3982 3993/3993 3994/3994
f 3995/3995 3989/3989 3990/3990
f 3990/3990 3991/3991 3996/3996
f 3988/3988 3970/3970 3967/3967
f 3997/3997 3970/3970 3988/3988
f 3976/3976 3997/3997 3998/3998
f 3971/3971 3970/3970 3997/3997
f 3997/3997 3976/3976 3971/3971
f 3999/3999 3997/3997 3988/3988
f 3976/3976 4000/4000 3974/3974
f 4000/4000 3976/3976 3998/3998
f 4001/4001 4000/4000 3998/3998
f 3998/3998 3997/3997 3999/3999
f 3999/3999 3988/3988 3989/3989
f 3983/3983 3956/3956 3980/3980
f 4002/4002 3974/3974 4000/4000
f 3975/3975 3974/3974 4002/4002
f 4002/4002 4000/4000 4001/4001
f 4001/4001 3975/3975 4002/4002
f 3979/3979 3975/3975 4001/4001
f 4001/4001 3998/3998 3999/3999
f 4001/4001 4003/4003 3979/3979
f 3992/3992 3983/3983 3980/3980
f 3999/3999 4003/4003 4001/4001
f 3995/3995 3999/3999 3989/3989
f 3994/3994 3778/3778 3982/3982
f 3772/3772 4004/4004 3985/3985
f 3778/3778 3994/3994 4005/4005
f 3772/3772 3986/3986 4004/4004
f 4004/4004 3986/3986 4006/4006
f 4005/4005 3779/3779 3778/3778
f 4004/4004 4006/4006 4007/4007
f 3779/3779 4005/4005 3783/3783
f 4008/4008 3987/3987 3985/3985
f 3991/3991 3987/3987 4008/4008
f 4008/4008 3985/3985 4004/4004
f 4004/4004 4007/4007 4008/4008
f 4006/4006 3986/3986 3774/3774
f 4006/4006 3774/3774 3785/3785
f 3996/3996 3991/3991 4008/4008
f 3996/3996 4008/4008 4007/4007
f 4009/4009 4007/4007 4006/4006
f 4009/4009 3996/3996 4007/4007
f 4010/4010 3996/3996 4009/4009
f 4011/4011 3783/3783 4005/4005
f 4010/4010 4009/4009 4012/4012
f 3785/3785 4009/4009 4006/4006
f 4012/4012 4009/4009 3785/3785
f 4013/4013 4014/4014 3785/3785
f 4012/4012 3785/3785 4014/4014
f 2804/2804 3708/3708 2916/2916
f 4015/4015 2916/2916 3708/3708
f 4016/4016 2916/2916 4015/4015
f 2933/2933 2916/2916 4016/4016
f 4017/4017 4015/4015 3708/3708
f 4017/4017 3573/3573 3574/3574
f 3708/3708 3573/3573 4017/4017
f 3502/3502 2806/2806 3665/3665
f 3574/3574 4015/4015 4017/4017
f 4015/4015 3574/3574 4018/4018
f 4019/4019 4015/4015 4018/4018
f 4020/4020 4015/4015 4019/4019
f 4020/4020 4019/4019 4021/4021
f 2933/2933 2918/2918 2916/2916
f 4016/4016 2934/2934 2933/2933
f 2934/2934 4022/4022 4023/4023
f 3665/3665 2806/2806 4024/4024
f 2932/2932 4024/4024 2806/2806
f 2932/2932 3665/3665 4024/4024
f 4015/4015 4025/4025 4016/4016
f 4025/4025 4015/4015 4022/4022
f 4015/4015 4026/4026 4022/4022
f 4016/4016 4025/4025 2934/2934
f 4022/4022 2934/2934 4025/4025
f 4028/4028 4030/4030 4031/4031
f 4033/4033 4028/4028 4031/4031
f 2939/2939 4034/4034 2931/2931
f 4035/4035 4036/4036 4034/4034
f 4023/4023 4037/4037 4038/4038
f 4026/4026 4023/4023 4022/4022
f 4023/4023 4026/4026 4037/4037
f 4031/4031 4039/4039 2939/2939
f 4030/4030 4039/4039 4031/4031
f 4039/4039 4035/4035 2939/2939
f 4039/4039 4040/4040 4035/4035
f 4030/4030 4040/4040 4039/4039
f 4041/4041 4040/4040 4029/4029
f 4042/4042 4041/4041 4029/4029
f 4042/4042 4043/4043 4041/4041
f 4034/4034 2939/2939 4035/4035
f 4036/4036 4035/4035 4044/4044
f 4044/4044 4045/4045 4036/4036
f 4040/4040 4044/4044 4035/4035
f 4040/4040 4041/4041 4044/4044
f 4037/4037 4046/4046 4038/4038
f 4046/4046 4047/4047 4048/4048
f 4047/4047 4049/4049 4048/4048
f 4050/4050 4044/4044 4041/4041
f 4050/4050 4045/4045 4044/4044
f 4050/4050 4051/4051 4045/4045
f 4052/4052 4053/4053 4054/4054
f 3666/3666 4055/4055 3697/3697
f 4055/4055 4056/4056 3697/3697
f 4055/4055 4058/4058 4056/4056
f 4058/4058 4059/4059 4056/4056
f 4060/4060 4059/4059 4057/4057
f 4059/4059 4060/4060 4061/4061
f 4053/4053 4055/4055 3666/3666
f 4058/4058 4055/4055 4063/4063
f 4064/4064 4061/4061 4060/4060
f 4021/4021 4065/4065 4020/4020
f 4066/4066 4065/4065 4067/4067
f 4068/4068 4066/4066 4067/4067
f 4068/4068 4069/4069 4066/4066
f 4053/4053 4063/4063 4055/4055
f 4070/4070 4071/4071 4053/4053
f 4072/4072 4071/4071 4070/4070
f 4052/4052 4070/4070 4053/4053
f 4073/4073 4072/4072 4070/4070
f 4071/4071 4063/4063 4053/4053
f 4062/4062 4071/4071 4072/4072
f 4062/4062 4072/4072 4074/4074
f 4072/4072 4075/4075 4074/4074
f 4072/4072 4073/4073 4075/4075
f 4060/4060 4057/4057 4062/4062
f 4060/4060 4062/4062 4074/4074
f 4064/4064 4060/4060 4074/4074
f 4076/4076 4064/4064 4074/4074
f 4064/4064 4076/4076 4077/4077
f 4076/4076 4074/4074 4075/4075
f 4078/4078 4070/4070 4052/4052
f 4073/4073 4070/4070 4078/4078
f 4079/4079 4015/4015 4020/4020
f 4065/4065 4079/4079 4020/4020
f 4026/4026 4015/4015 4079/4079
f 4069/4069 4068/4068 4080/4080
f 4081/4081 4065/4065 4066/4066
f 4079/4079 4065/4065 4081/4081
f 4073/4073 4082/4082 4075/4075
f 4073/4073 4083/4083 4082/4082
f 4084/4084 4081/4081 4069/4069
f 4085/4085 4084/4084 4069/4069
f 4086/4086 4082/4082 4083/4083
f 4087/4087 4086/4086 4083/4083
f 4066/4066 4069/4069 4081/4081
f 4077/4077 4076/4076 4088/4088
f 4076/4076 4075/4075 4088/4088
f 4075/4075 4082/4082 4088/4088
f 4069/4069 4080/4080 4085/4085
f 4089/4089 4077/4077 4088/4088
f 4082/4082 4086/4086 4088/4088
f 4086/4086 4089/4089 4088/4088
f 4090/4090 4091/4091 4080/4080
f 4092/4092 4085/4085 4091/4091
f 4091/4091 4085/4085 4080/4080
f 4053/4053 4034/4034 4093/4093
f 4093/4093 4094/4094 4053/4053
f 4095/4095 4094/4094 4093/4093
f 4034/4034 3666/3666 2931/2931
f 4034/4034 4053/4053 3666/3666
f 4026/4026 4079/4079 4096/4096
f 4096/4096 4079/4079 4097/4097
f 4037/4037 4026/4026 4096/4096
f 4097/4097 4098/4098 4096/4096
f 4034/4034 4036/4036 4093/4093
f 4095/4095 4093/4093 4036/4036
f 4096/4096 4098/4098 4037/4037
f 4095/4095 4099/4099 4100/4100
f 4101/4101 4100/4100 4099/4099
f 4094/4094 4054/4054 4053/4053
f 4094/4094 4052/4052 4054/4054
f 4102/4102 4052/4052 4094/4094
f 4100/4100 4102/4102 4094/4094
f 4094/4094 4095/4095 4100/4100
f 4084/4084 4097/4097 4081/4081
f 4084/4084 4098/4098 4097/4097
f 4097/4097 4079/4079 4081/4081
f 4101/4101 4102/4102 4100/4100
f 4103/4103 4104/4104 4102/4102
f 4105/4105 4036/4036 4045/4045
f 4105/4105 4095/4095 4036/4036
f 4095/4095 4105/4105 4099/4099
f 4046/4046 4037/4037 4098/4098
f 4046/4046 4098/4098 4047/4047
f 4106/4106 4101/4101 4099/4099
f 4106/4106 4099/4099 4107/4107
f 4098/4098 4084/4084 4047/4047
f 4092/4092 4047/4047 4084/4084
f 4092/4092 4084/4084 4085/4085
f 4103/4103 4101/4101 4106/4106
f 4103/4103 4102/4102 4101/4101
f 4087/4087 4104/4104 4103/4103
f 4106/4106 4087/4087 4103/4103
f 4108/4108 4099/4099 4105/4105
f 4108/4108 4105/4105 4045/4045
f 4108/4108 4045/4045 4051/4051
f 4108/4108 4107/4107 4099/4099
f 4102/4102 4078/4078 4052/4052
f 4073/4073 4078/4078 4083/4083
f 4078/4078 4102/4102 4083/4083
f 4104/4104 4083/4083 4102/4102
f 4087/4087 4083/4083 4104/4104
f 2936/2936 2934/2934 4023/4023
f 2938/2938 4033/4033 2939/2939
f 4109/4109 3007/3007 4038/4038
f 2936/2936 4023/4023 4038/4038
f 2939/2939 4033/4033 4031/4031
f 4038/4038 3007/3007 2936/2936
f 4110/4110 4109/4109 4038/4038
f 4111/4111 4110/4110 4112/4112
f 3034/3034 4110/4110 4111/4111
f 4046/4046 4110/4110 4038/4038
f 4046/4046 4048/4048 4110/4110
f 4113/4113 4041/4041 4043/4043
f 4114/4114 4113/4113 4043/4043
f 4112/4112 4048/4048 4115/4115
f 4048/4048 4112/4112 4110/4110
f 4113/4113 4114/4114 4116/4116
f 4048/4048 4049/4049 4115/4115
f 4117/4117 4118/4118 4051/4051
f 4117/4117 4050/4050 4041/4041
f 4117/4117 4041/4041 4113/4113
f 4117/4117 4051/4051 4050/4050
f 4113/4113 4116/4116 4117/4117
f 4119/4119 4049/4049 4120/4120
f 4121/4121 4115/4115 4122/4122
f 4121/4121 4112/4112 4115/4115
f 4122/4122 4115/4115 4049/4049
f 4122/4122 4049/4049 4123/4123
f 4121/4121 4122/4122 4123/4123
f 4123/4123 4049/4049 4119/4119
f 4124/4124 4117/4117 4116/4116
f 3203/3203 3034/3034 4111/4111
f 3203/3203 3035/3035 3034/3034
f 4111/4111 4125/4125 3203/3203
f 4111/4111 4126/4126 4125/4125
f 4126/4126 4111/4111 4112/4112
f 4125/4125 4127/4127 3203/3203
f 3036/3036 3035/3035 3203/3203
f 4128/4128 3203/3203 4127/4127
f 4127/4127 4125/4125 4126/4126
f 4127/4127 4126/4126 4129/4129
f 4130/4130 4131/4131 4132/4132
f 4128/4128 4127/4127 4129/4129
f 4128/4128 4129/4129 4133/4133
f 4134/4134 4119/4119 4120/4120
f 4123/4123 4126/4126 4121/4121
f 4126/4126 4112/4112 4121/4121
f 4135/4135 4126/4126 4123/4123
f 4124/4124 4116/4116 4130/4130
f 4124/4124 4130/4130 4132/4132
f 4134/4134 4123/4123 4119/4119
f 4136/4136 4123/4123 4134/4134
f 4123/4123 4136/4136 4135/4135
f 4137/4137 4136/4136 4134/4134
f 4129/4129 4126/4126 4135/4135
f 4138/4138 4129/4129 4135/4135
f 4139/4139 4135/4135 4136/4136
f 4136/4136 4140/4140 4139/4139
f 4140/4140 4136/4136 4137/4137
f 4120/4120 4092/4092 4141/4141
f 4142/4142 4091/4091 4090/4090
f 4143/4143 4086/4086 4087/4087
f 4142/4142 4092/4092 4091/4091
f 4092/4092 4142/4142 4141/4141
f 4143/4143 4089/4089 4086/4086
f 4144/4144 4142/4142 4145/4145
f 4107/4107 4118/4118 4106/4106
f 4120/4120 4049/4049 4047/4047
f 4120/4120 4047/4047 4092/4092
f 4143/4143 4087/4087 4106/4106
f 4106/4106 4146/4146 4143/4143
f 4118/4118 4107/4107 4108/4108
f 4108/4108 4051/4051 4118/4118
f 4146/4146 4118/4118 4117/4117
f 4146/4146 4106/4106 4118/4118
f 4124/4124 4146/4146 4117/4117
f 4144/4144 4141/4141 4142/4142
f 4147/4147 4143/4143 4148/4148
f 4149/4149 4150/4150 4144/4144
f 4146/4146 4148/4148 4143/4143
f 4151/4151 4144/4144 4152/4152
f 4151/4151 4149/4149 4144/4144
f 4137/4137 4120/4120 4150/4150
f 4150/4150 4120/4120 4141/4141
f 4150/4150 4141/4141 4144/4144
f 4137/4137 4134/4134 4120/4120
f 3574/3574 3667/3667 4018/4018
f 3667/3667 4019/4019 4018/4018
f 4019/4019 3667/3667 3591/3591
f 4153/4153 3677/3677 3680/3680
f 3690/3690 3677/3677 4153/4153
f 4153/4153 3680/3680 3727/3727
f 3727/3727 3729/3729 4154/4154
f 3727/3727 4154/4154 4153/4153
f 4155/4155 4156/4156 3691/3691
f 4156/4156 3679/3679 3681/3681
f 4156/4156 3681/3681 3691/3691
f 4154/4154 3729/3729 4157/4157
f 4154/4154 4158/4158 4159/4159
f 4158/4158 4154/4154 4157/4157
f 4158/4158 4157/4157 3737/3737
f 4159/4159 4158/4158 4160/4160
f 4160/4160 4153/4153 4159/4159
f 4159/4159 4153/4153 4154/4154
f 4161/4161 4156/4156 4155/4155
f 3675/3675 4019/4019 3591/3591
f 4162/4162 4019/4019 3675/3675
f 4162/4162 3675/3675 3689/3689
f 3697/3697 3668/3668 3666/3666
f 4163/4163 4019/4019 4162/4162
f 4164/4164 4162/4162 3689/3689
f 4163/4163 4162/4162 4164/4164
f 4021/4021 4019/4019 4163/4163
f 4165/4165 4164/4164 4153/4153
f 3698/3698 4167/4167 4168/4168
f 4166/4166 3698/3698 4169/4169
f 4168/4168 4167/4167 4170/4170
f 4163/4163 4171/4171 4021/4021
f 4168/4168 3695/3695 3698/3698
f 3704/3704 3703/3703 4168/4168
f 4172/4172 3704/3704 4168/4168
f 3703/3703 3695/3695 4168/4168
f 4173/4173 3702/3702 3704/3704
f 3692/3692 3697/3697 4169/4169
f 3692/3692 4169/4169 3698/3698
f 4172/4172 4168/4168 4170/4170
f 4164/4164 4165/4165 4163/4163
f 4163/4163 4165/4165 4171/4171
f 4174/4174 3704/3704 4172/4172
f 4175/4175 4174/4174 4172/4172
f 4176/4176 4177/4177 4160/4160
f 4067/4067 4021/4021 4171/4171
f 4171/4171 4165/4165 4178/4178
f 4179/4179 4068/4068 4178/4178
f 4178/4178 4165/4165 4179/4179
f 4165/4165 4177/4177 4179/4179
f 4172/4172 4170/4170 4175/4175
f 4175/4175 4170/4170 4180/4180
f 4175/4175 4181/4181 4174/4174
f 4175/4175 4180/4180 4182/4182
f 3689/3689 3690/3690 4164/4164
f 4164/4164 3690/3690 4153/4153
f 4183/4183 3691/3691 3702/3702
f 4183/4183 4155/4155 3691/3691
f 4183/4183 4184/4184 4155/4155
f 3702/3702 4173/4173 4183/4183
f 4184/4184 4183/4183 4173/4173
f 4174/4174 4173/4173 3704/3704
f 4177/4177 4165/4165 4153/4153
f 4153/4153 4160/4160 4177/4177
f 4184/4184 4173/4173 4174/4174
f 4181/4181 4184/4184 4174/4174
f 4185/4185 4161/4161 4155/4155
f 4186/4186 4187/4187 4188/4188
f 4187/4187 4186/4186 4189/4189
f 4190/4190 4176/4176 4160/4160
f 4190/4190 4160/4160 4191/4191
f 4080/4080 4179/4179 4176/4176
f 4177/4177 4176/4176 4179/4179
f 4182/4182 4181/4181 4175/4175
f 4190/4190 4192/4192 4176/4176
f 4176/4176 4192/4192 4080/4080
f 4187/4187 4193/4193 4191/4191
f 4194/4194 4193/4193 4187/4187
f 4192/4192 4195/4195 4090/4090
f 4195/4195 4192/4192 4190/4190
f 4195/4195 4190/4190 4193/4193
f 4195/4195 4193/4193 4194/4194
f 4181/4181 4155/4155 4184/4184
f 4185/4185 4155/4155 4181/4181
f 4187/4187 4191/4191 4188/4188
f 3728/3728 3662/3662 3679/3679
f 3679/3679 4156/4156 3728/3728
f 4161/4161 3728/3728 4156/4156
f 3747/3747 4188/4188 3736/3736
f 3748/3748 4188/4188 3747/3747
f 3748/3748 4186/4186 4188/4188
f 4186/4186 3748/3748 3749/3749
f 3752/3752 4186/4186 3749/3749
f 4196/4196 4169/4169 4056/4056
f 4169/4169 4196/4196 4166/4166
f 4169/4169 3697/3697 4056/4056
f 4061/4061 4196/4196 4056/4056
f 4197/4197 4196/4196 4061/4061
f 4197/4197 4167/4167 4196/4196
f 4197/4197 4170/4170 4167/4167
f 4180/4180 4170/4170 4197/4197
f 4059/4059 4061/4061 4056/4056
f 4021/4021 4067/4067 4065/4065
f 4178/4178 4068/4068 4171/4171
f 4068/4068 4067/4067 4171/4171
f 4198/4198 4180/4180 4197/4197
f 4197/4197 4061/4061 4064/4064
f 4198/4198 4197/4197 4064/4064
f 4080/4080 4068/4068 4179/4179
f 4198/4198 4199/4199 4182/4182
f 4182/4182 4180/4180 4198/4198
f 4199/4199 4198/4198 4064/4064
f 4199/4199 4064/4064 4077/4077
f 4077/4077 4182/4182 4199/4199
f 4090/4090 4080/4080 4192/4192
f 4200/4200 4077/4077 4089/4089
f 4181/4181 4182/4182 4200/4200
f 4200/4200 4182/4182 4077/4077
f 4189/4189 4186/4186 4201/4201
f 4202/4202 4203/4203 4189/4189
f 4204/4204 4203/4203 4202/4202
f 4205/4205 4090/4090 4195/4195
f 4206/4206 4195/4195 4194/4194
f 4195/4195 4206/4206 4205/4205
f 4207/4207 4206/4206 4208/4208
f 4200/4200 4209/4209 4181/4181
f 4210/4210 4207/4207 4208/4208
f 4208/4208 4206/4206 4187/4187
f 4187/4187 4189/4189 4208/4208
f 4189/4189 4203/4203 4208/4208
f 4185/4185 4181/4181 4211/4211
f 4206/4206 4194/4194 4187/4187
f 4212/4212 4211/4211 4181/4181
f 4204/4204 4208/4208 4203/4203
f 4212/4212 4181/4181 4209/4209
f 4210/4210 4213/4213 4207/4207
f 4210/4210 4214/4214 4213/4213
f 4213/4213 4214/4214 4152/4152
f 4214/4214 4215/4215 4152/4152
f 4204/4204 4210/4210 4208/4208
f 4212/4212 4216/4216 4211/4211
f 4216/4216 4212/4212 4217/4217
f 4218/4218 4210/4210 4204/4204
f 4210/4210 4218/4218 4214/4214
f 4209/4209 4219/4219 4212/4212
f 4220/4220 4218/4218 4204/4204
f 4221/4221 4216/4216 4217/4217
f 4217/4217 4212/4212 4219/4219
f 4219/4219 4222/4222 4217/4217
f 4201/4201 4186/4186 3752/3752
f 3763/3763 4161/4161 4185/4185
f 4202/4202 4201/4201 3761/3761
f 3761/3761 4201/4201 3752/3752
f 3763/3763 3728/3728 4161/4161
f 4201/4201 4202/4202 4189/4189
f 3763/3763 4185/4185 3782/3782
f 3763/3763 3782/3782 3765/3765
f 4185/4185 4211/4211 3782/3782
f 4220/4220 4204/4204 4202/4202
f 3765/3765 3782/3782 3774/3774
f 4223/4223 4202/4202 3761/3761
f 4224/4224 3761/3761 3771/3771
f 4223/4223 4220/4220 4202/4202
f 4211/4211 4216/4216 3782/3782
f 4225/4225 3782/3782 4216/4216
f 4225/4225 4216/4216 4221/4221
f 4089/4089 4147/4147 4200/4200
f 4145/4145 4205/4205 4206/4206
f 4142/4142 4090/4090 4205/4205
f 4147/4147 4089/4089 4143/4143
f 4142/4142 4205/4205 4145/4145
f 4207/4207 4145/4145 4206/4206
f 4209/4209 4200/4200 4147/4147
f 4213/4213 4145/4145 4207/4207
f 4145/4145 4213/4213 4152/4152
f 4152/4152 4144/4144 4145/4145
f 4219/4219 4209/4209 4147/4147
f 4152/4152 4215/4215 4151/4151
f 4042/4042 4029/4029 4027/4027
f 4226/4226 2938/2938 2996/2996
f 4033/4033 2938/2938 4226/4226
f 4227/4227 4032/4032 4226/4226
f 2999/2999 3007/3007 3008/3008
f 3008/3008 3007/3007 4109/4109
f 4110/4110 3008/3008 4109/4109
f 4228/4228 4229/4229 4227/4227
f 2996/2996 2998/2998 4226/4226
f 4226/4226 2998/2998 4228/4228
f 4228/4228 4227/4227 4226/4226
f 3009/3009 4228/4228 2998/2998
f 4230/4230 4027/4027 4032/4032
f 4227/4227 4230/4230 4032/4032
f 4231/4231 4230/4230 4227/4227
f 4027/4027 4230/4230 4042/4042
f 4231/4231 4042/4042 4230/4230
f 4232/4232 4231/4231 4227/4227
f 4130/4130 4232/4232 4227/4227
f 4231/4231 4232/4232 4114/4114
f 3034/3034 3008/3008 4110/4110
f 4233/4233 4227/4227 4229/4229
f 3010/3010 4228/4228 3009/3009
f 4229/4229 4228/4228 3010/3010
f 3008/3008 3034/3034 3004/3004
f 4233/4233 4229/4229 3010/3010
f 3011/3011 4233/4233 3010/3010
f 4233/4233 4130/4130 4227/4227
f 4043/4043 4042/4042 4231/4231
f 4114/4114 4043/4043 4231/4231
f 4130/4130 4114/4114 4232/4232
f 4116/4116 4114/4114 4130/4130
f 3034/3034 3035/3035 3033/3033
f 3011/3011 4130/4130 4233/4233
f 4131/4131 4130/4130 3011/3011
f 3202/3202 3203/3203 4128/4128
f 3202/3202 4128/4128 4234/4234
f 4234/4234 4128/4128 4133/4133
f 4235/4235 4133/4133 4129/4129
f 4235/4235 4129/4129 4138/4138
f 4236/4236 4234/4234 4133/4133
f 3202/3202 4234/4234 4236/4236
f 4236/4236 4133/4133 4235/4235
f 4235/4235 4138/4138 4237/4237
f 3202/3202 4238/4238 3206/3206
f 4238/4238 3202/3202 4236/4236
f 4235/4235 4237/4237 4236/4236
f 4137/4137 4139/4139 4140/4140
f 4239/4239 4138/4138 4135/4135
f 4237/4237 4138/4138 4239/4239
f 4239/4239 4135/4135 4139/4139
f 4240/4240 4124/4124 4132/4132
f 4241/4241 4139/4139 4242/4242
f 4139/4139 4241/4241 4243/4243
f 4244/4244 4132/4132 4131/4131
f 4139/4139 4243/4243 4239/4239
f 3224/3224 3206/3206 4238/4238
f 4236/4236 3224/3224 4238/4238
f 4244/4244 4131/4131 3314/3314
f 4245/4245 4236/4236 4237/4237
f 4236/4236 4245/4245 3224/3224
f 4245/4245 3233/3233 3224/3224
f 4246/4246 4244/4244 3314/3314
f 4247/4247 4245/4245 4237/4237
f 4246/4246 4248/4248 4244/4244
f 4237/4237 4239/4239 4243/4243
f 4249/4249 4132/4132 4244/4244
f 4249/4249 4240/4240 4132/4132
f 4248/4248 4249/4249 4244/4244
f 4237/4237 4243/4243 4250/4250
f 4251/4251 4149/4149 4151/4151
f 4252/4252 4148/4148 4253/4253
f 4251/4251 4254/4254 4149/4149
f 4252/4252 4253/4253 4255/4255
f 4254/4254 4251/4251 4256/4256
f 4137/4137 4257/4257 4139/4139
f 4137/4137 4258/4258 4257/4257
f 4259/4259 4242/4242 4257/4257
f 4257/4257 4242/4242 4139/4139
f 4259/4259 4257/4257 4258/4258
f 4258/4258 4137/4137 4150/4150
f 4149/4149 4258/4258 4150/4150
f 4241/4241 4242/4242 4259/4259
f 4124/4124 4240/4240 4253/4253
f 4240/4240 4260/4260 4253/4253
f 4253/4253 4146/4146 4124/4124
f 4253/4253 4148/4148 4146/4146
f 4149/4149 4254/4254 4258/4258
f 4260/4260 4255/4255 4253/4253
f 4261/4261 4258/4258 4254/4254
f 4261/4261 4254/4254 4262/4262
f 4263/4263 4255/4255 4264/4264
f 4265/4265 4261/4261 4262/4262
f 4265/4265 4262/4262 4266/4266
f 4241/4241 4259/4259 4267/4267
f 4241/4241 4268/4268 4243/4243
f 4260/4260 4240/4240 4249/4249
f 4268/4268 4241/4241 4267/4267
f 4260/4260 4249/4249 4269/4269
f 4258/4258 4267/4267 4259/4259
f 4267/4267 4258/4258 4261/4261
f 4250/4250 4243/4243 4268/4268
f 4268/4268 4270/4270 4250/4250
f 4268/4268 4267/4267 4261/4261
f 4260/4260 4269/4269 4255/4255
f 4261/4261 4271/4271 4268/4268
f 3230/3230 3233/3233 4272/4272
f 3233/3233 4247/4247 4272/4272
f 4247/4247 3233/3233 4245/4245
f 4273/4273 4272/4272 4247/4247
f 3279/3279 4246/4246 3278/3278
f 3279/3279 4248/4248 4246/4246
f 3277/3277 3230/3230 4272/4272
f 4273/4273 4247/4247 4274/4274
f 4248/4248 3279/3279 3280/3280
f 3277/3277 4272/4272 3284/3284
f 4275/4275 3284/3284 4272/4272
f 4272/4272 4277/4277 4275/4275
f 4273/4273 4278/4278 4272/4272
f 4279/4279 4248/4248 3280/3280
f 4277/4277 4272/4272 4278/4278
f 4277/4277 4278/4278 4280/4280
f 4273/4273 4274/4274 4281/4281
f 4273/4273 4281/4281 4278/4278
f 4274/4274 4237/4237 4250/4250
f 4274/4274 4250/4250 4282/4282
f 4250/4250 4283/4283 4282/4282
f 4281/4281 4274/4274 4282/4282
f 4284/4284 4281/4281 4282/4282
f 4274/4274 4247/4247 4237/4237
f 4285/4285 4278/4278 4281/4281
f 4285/4285 4281/4281 4284/4284
f 4286/4286 4278/4278 4285/4285
f 3300/3300 3283/3283 4276/4276
f 4287/4287 3300/3300 4276/4276
f 4287/4287 3302/3302 3300/3300
f 4288/4288 4275/4275 4277/4277
f 3301/3301 4288/4288 4277/4277
f 3301/3301 4277/4277 3305/3305
f 3305/3305 4277/4277 4280/4280
f 4280/4280 4278/4278 4286/4286
f 4280/4280 4289/4289 3305/3305
f 4289/4289 4280/4280 4286/4286
f 4289/4289 4286/4286 4285/4285
f 4290/4290 4291/4291 4249/4249
f 4290/4290 4248/4248 4279/4279
f 4290/4290 4249/4249 4248/4248
f 4289/4289 4285/4285 4292/4292
f 4265/4265 4271/4271 4261/4261
f 4293/4293 4271/4271 4265/4265
f 4264/4264 4255/4255 4294/4294
f 4265/4265 4266/4266 4293/4293
f 4266/4266 4295/4295 4293/4293
f 4296/4296 4295/4295 4266/4266
f 4283/4283 4250/4250 4297/4297
f 4283/4283 4297/4297 4298/4298
f 4284/4284 4283/4283 4298/4298
f 4283/4283 4284/4284 4282/4282
f 4297/4297 4250/4250 4270/4270
f 4271/4271 4270/4270 4268/4268
f 4271/4271 4297/4297 4270/4270
f 4298/4298 4297/4297 4271/4271
f 4298/4298 4271/4271 4293/4293
f 4285/4285 4284/4284 4298/4298
f 4249/4249 4291/4291 4269/4269
f 4294/4294 4255/4255 4269/4269
f 4298/4298 4293/4293 4299/4299
f 4293/4293 4295/4295 4299/4299
f 4294/4294 4269/4269 4291/4291
f 4298/4298 4299/4299 4285/4285
f 4300/4300 4214/4214 4218/4218
f 4215/4215 4214/4214 4300/4300
f 4215/4215 4300/4300 4301/4301
f 4300/4300 4302/4302 4301/4301
f 4301/4301 4302/4302 4303/4303
f 4222/4222 4304/4304 4217/4217
f 4305/4305 4301/4301 4303/4303
f 4306/4306 4215/4215 4301/4301
f 4301/4301 4305/4305 4306/4306
f 4221/4221 4217/4217 4304/4304
f 4307/4307 4305/4305 4308/4308
f 4305/4305 4303/4303 4308/4308
f 4309/4309 4221/4221 4304/4304
f 4224/4224 4223/4223 3761/3761
f 4310/4310 4223/4223 4224/4224
f 4311/4311 4310/4310 4224/4224
f 3782/3782 4225/4225 3781/3781
f 4310/4310 4220/4220 4223/4223
f 4220/4220 4310/4310 4218/4218
f 4310/4310 4311/4311 4302/4302
f 4310/4310 4300/4300 4218/4218
f 4310/4310 4302/4302 4300/4300
f 3780/3780 4311/4311 4224/4224
f 3780/3780 4224/4224 3771/3771
f 3780/3780 3784/3784 4311/4311
f 4303/4303 4302/4302 4311/4311
f 4303/4303 4311/4311 3784/3784
f 4312/4312 4303/4303 3784/3784
f 4313/4313 4222/4222 4219/4219
f 4314/4314 4313/4313 4219/4219
f 4222/4222 4313/4313 4304/4304
f 4147/4147 4148/4148 4314/4314
f 4314/4314 4219/4219 4147/4147
f 4252/4252 4313/4313 4314/4314
f 4148/4148 4252/4252 4314/4314
f 4263/4263 4313/4313 4252/4252
f 4315/4315 4151/4151 4215/4215
f 4315/4315 4251/4251 4151/4151
f 4263/4263 4316/4316 4313/4313
f 4317/4317 4251/4251 4315/4315
f 4256/4256 4251/4251 4317/4317
f 4317/4317 4315/4315 4306/4306
f 4316/4316 4304/4304 4313/4313
f 4306/4306 4315/4315 4215/4215
f 4318/4318 4256/4256 4317/4317
f 4254/4254 4256/4256 4319/4319
f 4320/4320 4319/4319 4256/4256
f 4318/4318 4306/4306 4307/4307
f 4318/4318 4317/4317 4306/4306
f 4305/4305 4307/4307 4306/4306
f 4318/4318 4320/4320 4256/4256
f 4307/4307 4320/4320 4318/4318
f 4252/4252 4255/4255 4263/4263
f 4321/4321 4262/4262 4319/4319
f 4319/4319 4320/4320 4321/4321
f 4321/4321 4320/4320 4307/4307
f 4308/4308 4321/4321 4307/4307
f 4254/4254 4319/4319 4262/4262
f 4266/4266 4262/4262 4321/4321
f 4304/4304 4316/4316 4309/4309
f 4322/4322 4316/4316 4263/4263
f 3781/3781 4225/4225 3785/3785
f 4225/4225 4013/4013 3785/3785
f 4303/4303 4312/4312 4308/4308
f 4225/4225 4221/4221 4309/4309
f 4312/4312 3784/3784 4323/4323
f 4324/4324 4013/4013 4225/4225
f 3786/3786 4323/4323 3784/3784
f 4324/4324 4225/4225 4309/4309
f 4308/4308 4325/4325 4326/4326
f 4308/4308 4327/4327 4321/4321
f 4296/4296 4266/4266 4321/4321
f 4296/4296 4321/4321 4327/4327
f 4328/4328 4263/4263 4264/4264
f 4328/4328 4264/4264 4294/4294
f 4328/4328 4322/4322 4263/4263
f 3314/3314 4131/4131 3011/3011
f 4246/4246 3314/3314 3278/3278
f 3410/3410 1606/1606 3424/3424
f 1600/1600 3424/3424 1606/1606
f 3479/3479 3481/3481 3449/3449
f 1600/1600 3483/3483 3434/3434
f 3487/3487 3466/3466 4329/4329
f 3466/3466 3486/3486 4329/4329
f 3486/3486 3487/3487 4329/4329
f 3488/3488 3492/3492 3487/3487
f 3497/3497 3478/3478 3483/3483
f 3497/3497 3483/3483 3705/3705
f 3705/3705 3483/3483 3814/3814
f 3498/3498 3484/3484 3497/3497
f 3497/3497 3705/3705 3498/3498
f 3492/3492 3531/3531 3524/3524
f 3814/3814 3483/3483 1600/1600
f 2204/2204 3814/3814 1600/1600
f 3720/3720 3726/3726 3725/3725
f 3722/3722 3725/3725 3726/3726
f 3734/3734 3733/3733 3730/3730
f 3733/3733 4157/4157 3729/3729
f 3735/3735 4157/4157 3733/3733
f 4157/4157 3735/3735 3737/3737
f 3734/3734 3736/3736 3735/3735
f 2206/2206 3813/3813 2204/2204
f 3813/3813 3814/3814 2204/2204
f 3813/3813 2206/2206 3794/3794
f 3814/3814 3707/3707 3705/3705
f 4191/4191 4158/4158 3737/3737
f 4191/4191 4160/4160 4158/4158
f 4191/4191 3737/3737 4188/4188
f 4191/4191 4193/4193 4190/4190
f 4188/4188 3737/3737 3736/3736
f 4330/4330 4331/4331 4332/4332
f 4331/4331 4334/4334 4335/4335
f 4336/4336 4331/4331 4337/4337
f 4336/4336 4334/4334 4331/4331
f 4337/4337 4331/4331 4330/4330
f 4338/4338 4336/4336 4337/4337
f 4338/4338 4337/4337 4330/4330
f 4340/4340 4341/4341 4330/4330
f 4342/4342 339/339 341/341
f 4343/4343 342/342 337/337
f 4343/4343 4344/4344 342/342
f 4345/4345 4344/4344 4343/4343
f 4346/4346 4345/4345 4343/4343
f 4347/4347 4345/4345 4346/4346
f 4348/4348 4342/4342 4349/4349
f 4350/4350 345/345 347/347
f 344/344 345/345 4351/4351
f 4343/4343 348/348 344/344
f 4343/4343 337/337 348/348
f 339/339 4342/4342 4352/4352
f 339/339 4352/4352 349/349
f 4342/4342 349/349 4352/4352
f 4353/4353 4354/4354 349/349
f 4355/4355 344/344 4351/4351
f 4356/4356 4351/4351 345/345
f 4354/4354 329/329 349/349
f 329/329 4354/4354 4357/4357
f 4353/4353 349/349 4342/4342
f 4358/4358 4359/4359 4360/4360
f 4347/4347 4346/4346 4361/4361
f 4347/4347 4361/4361 4362/4362
f 4362/4362 4363/4363 4347/4347
f 4362/4362 4361/4361 4364/4364
f 4365/4365 4348/4348 4349/4349
f 4365/4365 4349/4349 4366/4366
f 4367/4367 4368/4368 4364/4364
f 4368/4368 4362/4362 4364/4364
f 4369/4369 4346/4346 4343/4343
f 344/344 4355/4355 4369/4369
f 344/344 4369/4369 4343/4343
f 4361/4361 4346/4346 4369/4369
f 4370/4370 4361/4361 4369/4369
f 4371/4371 4370/4370 4369/4369
f 4371/4371 4369/4369 4359/4359
f 4359/4359 4355/4355 4351/4351
f 4359/4359 4351/4351 4360/4360
f 4359/4359 4369/4369 4355/4355
f 4348/4348 4353/4353 4342/4342
f 4372/4372 4353/4353 4348/4348
f 4361/4361 4370/4370 4364/4364
f 4373/4373 4371/4371 4359/4359
f 4373/4373 4370/4370 4371/4371
f 4372/4372 4354/4354 4353/4353
f 4350/4350 501/501 4374/4374
f 4375/4375 4350/4350 4374/4374
f 4376/4376 4377/4377 4375/4375
f 4376/4376 4378/4378 4377/4377
f 4375/4375 4377/4377 4350/4350
f 4379/4379 4374/4374 501/501
f 4376/4376 4375/4375 4374/4374
f 4380/4380 4381/4381 4379/4379
f 4374/4374 4379/4379 4381/4381
f 4378/4378 4376/4376 4381/4381
f 4381/4381 4376/4376 4374/4374
f 4382/4382 501/501 500/500
f 4379/4379 501/501 4382/4382
f 4356/4356 4378/4378 4383/4383
f 4356/4356 4377/4377 4378/4378
f 4356/4356 4350/4350 4377/4377
f 4378/4378 4381/4381 4380/4380
f 4383/4383 4378/4378 4380/4380
f 4384/4384 4380/4380 4379/4379
f 4385/4385 4356/4356 4383/4383
f 4385/4385 4383/4383 4386/4386
f 4386/4386 4380/4380 4384/4384
f 4383/4383 4380/4380 4386/4386
f 4351/4351 4356/4356 4387/4387
f 4351/4351 4387/4387 4388/4388
f 4351/4351 4388/4388 4360/4360
f 4387/4387 4356/4356 4385/4385
f 4385/4385 4386/4386 4387/4387
f 4384/4384 4379/4379 4382/4382
f 4386/4386 4384/4384 4382/4382
f 4389/4389 4382/4382 519/519
f 333/333 4390/4390 427/427
f 4389/4389 4388/4388 4382/4382
f 4387/4387 4386/4386 4382/4382
f 4382/4382 4388/4388 4387/4387
f 333/333 4391/4391 4390/4390
f 4391/4391 333/333 327/327
f 4392/4392 519/519 505/505
f 4392/4392 505/505 4393/4393
f 520/520 4394/4394 505/505
f 4393/4393 505/505 4394/4394
f 4382/4382 500/500 519/519
f 423/423 4390/4390 4395/4395
f 4396/4396 4393/4393 4394/4394
f 4396/4396 4392/4392 4393/4393
f 4396/4396 4394/4394 4397/4397
f 4398/4398 4397/4397 4394/4394
f 4392/4392 4389/4389 519/519
f 423/423 427/427 4390/4390
f 4350/4350 347/347 501/501
f 4356/4356 345/345 4350/4350
f 4357/4357 327/327 329/329
f 4399/4399 4400/4400 4401/4401
f 4400/4400 4399/4399 4402/4402
f 4403/4403 4404/4404 4400/4400
f 4400/4400 4404/4404 4401/4401
f 4405/4405 4403/4403 4400/4400
f 4402/4402 4399/4399 4389/4389
f 4402/4402 4406/4406 4400/4400
f 4406/4406 4402/4402 4407/4407
f 4407/4407 4402/4402 4389/4389
f 4408/4408 4360/4360 4409/4409
f 4409/4409 4360/4360 4388/4388
f 4357/4357 4391/4391 327/327
f 4358/4358 4360/4360 4408/4408
f 4408/4408 4409/4409 4410/4410
f 4409/4409 4388/4388 4399/4399
f 4389/4389 4399/4399 4388/4388
f 4410/4410 4409/4409 4411/4411
f 4411/4411 4409/4409 4399/4399
f 4410/4410 4411/4411 4404/4404
f 4404/4404 4411/4411 4401/4401
f 4390/4390 4391/4391 4412/4412
f 4401/4401 4411/4411 4399/4399
f 4391/4391 4357/4357 4412/4412
f 4403/4403 4410/4410 4404/4404
f 4400/4400 4413/4413 4405/4405
f 4405/4405 4414/4414 4415/4415
f 4414/4414 4405/4405 4413/4413
f 4413/4413 4400/4400 4406/4406
f 4414/4414 4413/4413 4406/4406
f 4415/4415 4414/4414 4416/4416
f 4414/4414 4406/4406 4416/4416
f 4407/4407 4416/4416 4406/4406
f 4416/4416 4407/4407 4417/4417
f 4408/4408 4415/4415 4358/4358
f 4415/4415 4410/4410 4403/4403
f 4403/4403 4405/4405 4415/4415
f 4415/4415 4408/4408 4410/4410
f 4418/4418 4419/4419 4357/4357
f 4357/4357 4354/4354 4418/4418
f 4412/4412 4357/4357 4419/4419
f 4395/4395 4390/4390 4412/4412
f 4420/4420 4389/4389 4392/4392
f 4420/4420 4392/4392 4396/4396
f 4389/4389 4420/4420 4407/4407
f 4395/4395 4421/4421 423/423
f 4422/4422 4420/4420 4396/4396
f 4422/4422 4396/4396 4397/4397
f 4423/4423 4422/4422 4397/4397
f 4397/4397 4424/4424 4425/4425
f 4425/4425 4423/4423 4397/4397
f 4426/4426 423/423 4421/4421
f 4427/4427 4426/4426 4421/4421
f 4431/4431 4395/4395 4412/4412
f 4407/4407 4420/4420 4433/4433
f 4334/4334 4422/4422 4335/4335
f 4422/4422 4334/4334 4420/4420
f 4335/4335 4422/4422 4423/4423
f 4335/4335 4423/4423 4434/4434
f 4436/4436 4437/4437 4423/4423
f 4438/4438 4435/4435 4427/4427
f 4427/4427 4435/4435 4426/4426
f 4434/4434 4423/4423 4440/4440
f 4443/4443 4440/4440 4423/4423
f 4443/4443 4423/4423 4437/4437
f 4427/4427 4441/4441 4438/4438
f 4423/4423 4444/4444 4436/4436
f 4425/4425 4446/4446 4423/4423
f 4425/4425 4448/4448 4446/4446
f 4426/4426 4435/4435 4445/4445
f 4426/4426 4445/4445 4447/4447
f 4441/4441 4427/4427 4450/4450
f 4449/4449 4439/4439 4442/4442
f 4450/4450 4427/4427 4421/4421
f 4331/4331 4335/4335 4434/4434
f 4331/4331 4434/4434 4440/4440
f 4333/4333 4439/4439 4449/4449
f 4332/4332 4331/4331 4440/4440
f 4433/4433 4420/4420 4334/4334
f 4421/4421 4395/4395 4339/4339
f 4330/4330 4333/4333 4449/4449
f 4340/4340 4330/4330 4449/4449
f 4339/4339 4450/4450 4421/4421
f 4452/4452 4453/4453 4454/4454
f 4452/4452 4433/4433 4453/4453
f 4455/4455 4456/4456 4454/4454
f 4451/4451 4454/4454 4456/4456
f 4457/4457 4433/4433 4452/4452
f 4457/4457 4451/4451 4456/4456
f 4458/4458 4334/4334 4336/4336
f 4459/4459 4338/4338 4330/4330
f 4459/4459 4330/4330 4341/4341
f 4460/4460 4338/4338 4459/4459
f 4460/4460 4336/4336 4338/4338
f 4336/4336 4461/4461 4458/4458
f 4433/4433 4458/4458 4461/4461
f 4453/4453 4433/4433 4461/4461
f 4462/4462 4453/4453 4459/4459
f 4462/4462 4459/4459 4341/4341
f 4455/4455 4462/4462 4341/4341
f 4453/4453 4460/4460 4459/4459
f 4453/4453 4462/4462 4454/4454
f 4454/4454 4462/4462 4455/4455
f 4455/4455 4341/4341 4464/4464
f 4465/4465 4359/4359 4358/4358
f 4466/4466 4373/4373 4467/4467
f 4468/4468 4354/4354 4372/4372
f 4470/4470 4466/4466 4467/4467
f 4468/4468 4372/4372 4472/4472
f 4465/4465 4373/4373 4359/4359
f 4467/4467 4373/4373 4465/4465
f 4465/4465 4473/4473 4467/4467
f 4468/4468 4475/4475 4354/4354
f 4467/4467 4476/4476 4470/4470
f 4476/4476 4467/4467 4481/4481
f 4467/4467 4483/4483 4480/4480
f 4484/4484 4468/4468 4482/4482
f 4468/4468 4478/4478 4482/4482
f 4475/4475 4484/4484 4474/4474
f 4473/4473 4483/4483 4467/4467
f 4468/4468 4484/4484 4475/4475
f 4486/4486 4488/4488 4465/4465
f 4489/4489 4466/4466 4470/4470
f 4470/4470 4490/4490 4489/4489
f 4470/4470 4491/4491 4490/4490
f 4492/4492 4471/4471 4494/4494
f 4496/4496 4493/4493 4472/4472
f 4498/4498 4492/4492 4495/4495
f 4497/4497 4490/4490 4491/4491
f 4495/4495 4492/4492 4494/4494
f 4472/4472 4499/4499 4496/4496
f 4472/4472 4372/4372 4499/4499
f 4490/4490 4497/4497 4500/4500
f 4501/4501 4504/4504 4490/4490
f 4490/4490 4504/4504 4508/4508
f 4508/4508 4511/4511 4512/4512
f 4508/4508 4512/4512 4513/4513
f 4503/4503 4498/4498 4495/4495
f 4510/4510 4502/4502 4514/4514
f 4514/4514 4502/4502 4496/4496
f 4513/4513 4490/4490 4508/4508
f 4514/4514 4496/4496 4499/4499
f 4517/4517 4489/4489 4490/4490
f 4513/4513 4517/4517 4490/4490
f 4513/4513 4512/4512 4515/4515
f 4512/4512 4511/4511 4515/4515
f 4488/4488 4473/4473 4465/4465
f 4518/4518 4475/4475 4487/4487
f 4487/4487 4475/4475 4474/4474
f 4485/4485 4518/4518 4487/4487
f 4521/4521 4469/4469 4479/4479
f 4468/4468 4520/4520 4477/4477
f 4494/4494 4471/4471 4519/4519
f 4472/4472 4520/4520 4468/4468
f 4493/4493 4520/4520 4472/4472
f 4507/4507 4505/4505 4509/4509
f 4510/4510 4506/4506 4502/4502
f 4522/4522 4499/4499 4372/4372
f 4523/4523 4489/4489 4527/4527
f 4513/4513 4515/4515 4516/4516
f 4516/4516 4515/4515 4528/4528
f 4529/4529 4514/4514 4499/4499
f 4531/4531 4529/4529 4499/4499
f 4527/4527 4489/4489 4517/4517
f 4528/4528 4534/4534 4516/4516
f 4533/4533 4529/4529 4531/4531
f 4522/4522 4531/4531 4499/4499
f 4517/4517 4535/4535 4527/4527
f 4535/4535 4517/4517 4536/4536
f 4516/4516 4534/4534 4536/4536
f 4533/4533 4538/4538 4540/4540
f 4537/4537 4535/4535 4541/4541
f 4538/4538 4533/4533 4531/4531
f 4537/4537 4526/4526 4535/4535
f 4532/4532 4525/4525 4539/4539
f 4530/4530 4543/4543 4524/4524
f 4535/4535 4536/4536 4534/4534
f 4534/4534 4541/4541 4535/4535
f 4546/4546 4527/4527 4545/4545
f 4522/4522 4542/4542 4531/4531
f 4546/4546 4523/4523 4527/4527
f 4548/4548 4546/4546 4544/4544
f 4547/4547 4542/4542 4551/4551
f 4522/4522 4551/4551 4542/4542
f 4546/4546 4548/4548 4552/4552
f 4553/4553 4549/4549 4554/4554
f 4557/4557 4553/4553 4554/4554
f 4551/4551 4555/4555 4550/4550
f 4555/4555 4551/4551 4558/4558
f 4559/4559 4368/4368 4367/4367
f 4560/4560 4367/4367 4561/4561
f 4560/4560 4561/4561 4562/4562
f 4364/4364 4563/4563 4367/4367
f 4564/4564 4563/4563 4364/4364
f 4561/4561 4367/4367 4563/4563
f 4561/4561 4563/4563 4562/4562
f 4564/4564 4562/4562 4563/4563
f 4559/4559 4560/4560 4565/4565
f 4560/4560 4559/4559 4367/4367
f 4565/4565 4566/4566 4559/4559
f 4565/4565 4560/4560 4562/4562
f 4567/4567 4566/4566 4565/4565
f 4568/4568 4566/4566 4567/4567
f 4366/4366 4569/4569 4570/4570
f 4366/4366 4570/4570 4365/4365
f 4571/4571 4562/4562 4572/4572
f 4572/4572 4564/4564 4573/4573
f 4573/4573 4564/4564 4364/4364
f 4570/4570 4574/4574 4365/4365
f 4572/4572 4562/4562 4564/4564
f 4573/4573 4575/4575 4572/4572
f 4571/4571 4567/4567 4565/4565
f 4575/4575 4567/4567 4571/4571
f 4562/4562 4571/4571 4565/4565
f 4575/4575 4568/4568 4567/4567
f 4575/4575 4571/4571 4572/4572
f 4574/4574 4570/4570 4569/4569
f 4575/4575 4573/4573 4576/4576
f 4577/4577 4568/4568 4575/4575
f 4489/4489 4364/4364 4370/4370
f 4372/4372 4348/4348 4578/4578
f 4466/4466 4370/4370 4373/4373
f 4370/4370 4466/4466 4489/4489
f 4348/4348 4365/4365 4578/4578
f 4489/4489 4523/4523 4364/4364
f 4522/4522 4372/4372 4578/4578
f 4580/4580 4553/4553 4557/4557
f 4582/4582 4552/4552 4581/4581
f 4584/4584 4579/4579 4556/4556
f 4582/4582 4581/4581 4585/4585
f 4589/4589 4587/4587 4584/4584
f 4584/4584 4587/4587 4579/4579
f 4546/4546 4590/4590 4523/4523
f 4583/4583 4558/4558 4551/4551
f 4582/4582 4546/4546 4552/4552
f 4551/4551 4591/4591 4583/4583
f 4591/4591 4551/4551 4522/4522
f 4595/4595 4582/4582 4585/4585
f 4596/4596 4586/4586 4588/4588
f 4598/4598 4582/4582 4595/4595
f 4588/4588 4597/4597 4596/4596
f 4588/4588 4583/4583 4597/4597
f 4599/4599 4602/4602 4604/4604
f 4604/4604 4590/4590 4546/4546
f 4606/4606 4523/4523 4590/4590
f 4612/4612 4616/4616 4604/4604
f 4604/4604 4616/4616 4590/4590
f 4590/4590 4616/4616 4617/4617
f 4614/4614 4620/4620 4619/4619
f 4621/4621 4625/4625 4618/4618
f 4624/4624 4590/4590 4617/4617
f 4613/4613 4593/4593 4615/4615
f 4614/4614 4591/4591 4620/4620
f 4591/4591 4522/4522 4620/4620
f 4629/4629 4604/4604 4631/4631
f 4603/4603 4630/4630 4635/4635
f 4600/4600 4637/4637 4594/4594
f 4631/4631 4604/4604 4602/4602
f 4594/4594 4632/4632 4601/4601
f 4594/4594 4601/4601 4600/4600
f 4610/4610 4603/4603 4635/4635
f 4604/4604 4546/4546 4640/4640
f 4640/4640 4546/4546 4582/4582
f 4597/4597 4583/4583 4591/4591
f 4598/4598 4641/4641 4582/4582
f 4644/4644 4640/4640 4641/4641
f 4641/4641 4640/4640 4582/4582
f 4642/4642 4597/4597 4591/4591
f 4643/4643 4591/4591 4639/4639
f 4643/4643 4642/4642 4591/4591
f 4640/4640 4644/4644 4604/4604
f 4638/4638 4604/4604 4644/4644
f 4599/4599 4604/4604 4638/4638
f 4606/4606 4590/4590 4646/4646
f 4646/4646 4590/4590 4622/4622
f 4647/4647 4652/4652 4654/4654
f 4661/4661 4663/4663 4658/4658
f 4664/4664 4659/4659 4669/4669
f 4659/4659 4652/4652 4669/4669
f 4650/4650 4674/4674 4668/4668
f 4675/4675 4677/4677 4667/4667
f 4678/4678 4676/4676 4683/4683
f 4672/4672 4660/4660 4682/4682
f 4661/4661 4658/4658 4679/4679
f 4655/4655 4666/4666 4680/4680
f 4666/4666 4685/4685 4681/4681
f 4686/4686 4678/4678 4683/4683
f 4657/4657 4626/4626 4688/4688
f 4633/4633 4670/4670 4628/4628
f 4671/4671 4690/4690 4627/4627
f 4692/4692 4594/4594 4695/4695
f 4594/4594 4636/4636 4695/4695
f 4635/4635 4630/4630 4694/4694
f 4626/4626 4657/4657 4693/4693
f 4653/4653 4692/4692 4695/4695
f 4594/4594 4692/4692 4672/4672
f 4594/4594 4672/4672 4632/4632
f 4648/4648 4656/4656 4689/4689
f 4673/4673 4649/4649 4687/4687
f 4672/4672 4692/4692 4662/4662
f 4691/4691 4658/4658 4663/4663
f 4611/4611 4634/4634 4696/4696
f 4634/4634 4592/4592 4696/4696
f 4592/4592 4611/4611 4696/4696
f 4651/4651 4649/4649 4673/4673
f 4660/4660 4672/4672 4662/4662
f 4669/4669 4700/4700 4664/4664
f 4677/4677 4697/4697 4667/4667
f 4665/4665 4699/4699 4684/4684
f 4686/4686 4698/4698 4678/4678
f 4576/4576 4701/4701 4575/4575
f 4575/4575 4701/4701 4577/4577
f 4574/4574 4569/4569 4702/4702
f 4701/4701 4704/4704 4577/4577
f 4576/4576 4705/4705 4706/4706
f 4701/4701 4576/4576 4706/4706
f 4702/4702 4569/4569 4708/4708
f 4709/4709 4704/4704 4701/4701
f 4711/4711 4569/4569 4713/4713
f 4569/4569 4714/4714 4713/4713
f 4711/4711 4708/4708 4569/4569
f 4706/4706 4716/4716 4701/4701
f 4706/4706 4718/4718 4716/4716
f 4703/4703 4707/4707 4719/4719
f 4707/4707 4715/4715 4719/4719
f 4719/4719 4715/4715 4717/4717
f 4710/4710 4715/4715 4707/4707
f 4701/4701 4716/4716 4721/4721
f 4720/4720 4715/4715 4710/4710
f 4721/4721 4709/4709 4701/4701
f 4709/4709 4721/4721 4723/4723
f 4725/4725 4704/4704 4709/4709
f 4725/4725 4709/4709 4723/4723
f 4712/4712 4724/4724 4722/4722
f 4710/4710 4722/4722 4720/4720
f 4710/4710 4712/4712 4722/4722
f 4523/4523 4726/4726 4364/4364
f 4364/4364 4726/4726 4573/4573
f 4578/4578 4728/4728 4522/4522
f 4728/4728 4729/4729 4522/4522
f 4576/4576 4573/4573 4726/4726
f 4728/4728 4365/4365 4702/4702
f 4702/4702 4365/4365 4574/4574
f 4365/4365 4728/4728 4578/4578
f 4730/4730 4576/4576 4726/4726
f 4731/4731 4726/4726 4523/4523
f 4736/4736 4729/4729 4728/4728
f 4606/4606 4731/4731 4523/4523
f 4733/4733 4740/4740 4744/4744
f 4741/4741 4607/4607 4745/4745
f 4739/4739 4747/4747 4605/4605
f 4606/4606 4749/4749 4753/4753
f 4731/4731 4606/4606 4753/4753
f 4731/4731 4753/4753 4758/4758
f 4738/4738 4758/4758 4753/4753
f 4735/4735 4754/4754 4752/4752
f 4737/4737 4751/4751 4748/4748
f 4750/4750 4608/4608 4746/4746
f 4737/4737 4748/4748 4742/4742
f 4727/4727 4757/4757 4734/4734
f 4730/4730 4726/4726 4731/4731
f 4730/4730 4731/4731 4759/4759
f 4759/4759 4731/4731 4762/4762
f 4731/4731 4764/4764 4762/4762
f 4758/4758 4764/4764 4731/4731
f 4760/4760 4763/4763 4755/4755
f 4756/4756 4761/4761 4765/4765
f 4727/4727 4759/4759 4757/4757
f 4766/4766 4727/4727 4703/4703
f 4705/4705 4576/4576 4730/4730
f 4620/4620 4522/4522 4729/4729
f 4623/4623 4620/4620 4729/4729
f 4767/4767 4606/4606 4646/4646
f 4729/4729 4768/4768 4645/4645
f 4645/4645 4623/4623 4729/4729
f 4770/4770 4607/4607 4774/4774
f 4773/4773 4609/4609 4769/4769
f 4729/4729 4772/4772 4768/4768
f 4771/4771 4772/4772 4729/4729
f 4770/4770 4777/4777 4607/4607
f 4775/4775 4771/4771 4736/4736
f 4736/4736 4771/4771 4729/4729
f 4777/4777 4745/4745 4607/4607
f 4732/4732 4743/4743 4776/4776
f 4759/4759 4727/4727 4766/4766
f 4778/4778 4730/4730 4759/4759
f 4778/4778 4759/4759 4766/4766
f 4779/4779 4766/4766 4703/4703
f 4730/4730 4778/4778 4705/4705
f 4781/4781 4705/4705 4778/4778
f 4778/4778 4766/4766 4780/4780
f 4779/4779 4780/4780 4766/4766
f 4703/4703 4719/4719 4779/4779
f 4705/4705 4781/4781 4706/4706
f 4718/4718 4706/4706 4781/4781
f 4717/4717 4780/4780 4779/4779
f 4717/4717 4779/4779 4719/4719
f 4415/4415 4416/4416 4783/4783
f 4415/4415 4783/4783 4358/4358
f 4358/4358 4783/4783 4784/4784
f 4786/4786 4418/4418 4787/4787
f 4788/4788 4791/4791 4358/4358
f 4793/4793 4785/4785 4782/4782
f 4788/4788 4358/4358 4784/4784
f 4418/4418 4789/4789 4793/4793
f 4789/4789 4418/4418 4794/4794
f 4790/4790 4785/4785 4793/4793
f 4787/4787 4418/4418 4793/4793
f 4796/4796 4416/4416 4417/4417
f 4796/4796 4783/4783 4416/4416
f 4795/4795 4797/4797 4782/4782
f 4798/4798 4782/4782 4797/4797
f 4798/4798 4797/4797 4799/4799
f 4800/4800 4786/4786 4801/4801
f 4798/4798 4800/4800 4801/4801
f 4799/4799 4800/4800 4798/4798
f 4799/4799 4802/4802 4800/4800
f 4802/4802 4419/4419 4786/4786
f 4802/4802 4786/4786 4800/4800
f 4419/4419 4418/4418 4786/4786
f 4786/4786 4787/4787 4801/4801
f 4798/4798 4793/4793 4782/4782
f 4798/4798 4787/4787 4793/4793
f 4798/4798 4801/4801 4787/4787
f 4354/4354 4518/4518 4418/4418
f 4518/4518 4354/4354 4475/4475
f 4791/4791 4486/4486 4358/4358
f 4486/4486 4465/4465 4358/4358
f 4518/4518 4485/4485 4803/4803
f 4804/4804 4418/4418 4518/4518
f 4792/4792 4794/4794 4485/4485
f 4789/4789 4794/4794 4792/4792
f 4803/4803 4485/4485 4794/4794
f 4804/4804 4794/4794 4418/4418
f 4463/4463 4395/4395 4431/4431
f 4419/4419 4431/4431 4412/4412
f 4417/4417 4407/4407 4433/4433
f 4433/4433 4457/4457 4417/4417
f 4456/4456 4455/4455 4464/4464
f 4456/4456 4464/4464 4432/4432
f 4457/4457 4456/4456 4430/4430
f 4433/4433 4334/4334 4458/4458
f 4395/4395 4463/4463 4339/4339
f 4341/4341 4340/4340 4464/4464
f 4807/4807 4796/4796 4417/4417
f 4802/4802 4431/4431 4419/4419
f 4457/4457 4808/4808 4417/4417
f 4807/4807 4417/4417 4808/4808
f 4805/4805 4809/4809 4429/4429
f 4797/4797 4795/4795 4806/4806
f 4799/4799 4797/4797 4806/4806
f 4428/4428 4802/4802 4806/4806
f 4806/4806 4802/4802 4799/4799
f 4430/4430 4808/4808 4457/4457
f 4810/4810 1006/1006 1008/1008
f 4811/4811 4812/4812 1011/1011
f 4813/4813 4810/4810 1008/1008
f 4812/4812 4814/4814 4815/4815
f 4813/4813 4816/4816 4810/4810
f 4817/4817 1013/1013 998/998
f 4812/4812 998/998 1011/1011
f 1012/1012 4818/4818 1008/1008
f 1012/1012 1015/1015 4818/4818
f 4818/4818 1015/1015 4819/4819
f 998/998 4812/4812 4820/4820
f 4813/4813 1008/1008 4818/4818
f 4815/4815 4820/4820 4812/4812
f 4820/4820 4817/4817 998/998
f 4818/4818 4819/4819 4813/4813
f 4817/4817 1014/1014 1013/1013
f 4821/4821 4819/4819 4822/4822
f 4823/4823 1014/1014 4817/4817
f 4824/4824 1014/1014 4823/4823
f 4824/4824 1076/1076 1014/1014
f 4825/4825 4814/4814 4826/4826
f 4825/4825 4815/4815 4814/4814
f 4827/4827 4815/4815 4825/4825
f 4828/4828 4816/4816 4813/4813
f 4829/4829 4823/4823 4817/4817
f 4829/4829 4817/4817 4820/4820
f 4829/4829 4820/4820 4815/4815
f 4815/4815 4827/4827 4829/4829
f 4819/4819 4830/4830 4813/4813
f 4831/4831 4823/4823 4829/4829
f 4823/4823 4831/4831 4824/4824
f 1076/1076 4824/4824 4832/4832
f 4832/4832 4824/4824 4831/4831
f 4830/4830 4819/4819 4821/4821
f 4828/4828 4813/4813 4830/4830
f 4829/4829 4833/4833 4831/4831
f 4834/4834 4831/4831 4833/4833
f 4835/4835 4834/4834 4833/4833
f 1083/1083 1075/1075 1082/1082
f 4836/4836 1083/1083 1082/1082
f 4837/4837 4836/4836 1082/1082
f 1079/1079 1076/1076 4838/4838
f 1082/1082 1081/1081 4839/4839
f 4839/4839 1081/1081 1101/1101
f 4837/4837 1082/1082 4839/4839
f 1102/1102 1079/1079 4838/4838
f 4822/4822 1015/1015 4836/4836
f 1083/1083 4836/4836 1015/1015
f 4819/4819 1015/1015 4822/4822
f 4837/4837 4822/4822 4836/4836
f 4837/4837 4821/4821 4822/4822
f 4832/4832 4838/4838 1076/1076
f 4840/4840 4837/4837 4839/4839
f 1085/1085 1102/1102 1109/1109
f 4841/4841 1101/1101 4844/4844
f 4839/4839 1101/1101 4845/4845
f 4841/4841 4845/4845 1101/1101
f 1099/1099 1108/1108 1101/1101
f 4844/4844 1101/1101 1108/1108
f 4846/4846 1110/1110 1209/1209
f 4846/4846 4844/4844 1108/1108
f 4848/4848 1118/1118 1109/1109
f 4849/4849 4850/4850 4842/4842
f 4849/4849 4842/4842 4843/4843
f 4852/4852 4842/4842 4850/4850
f 4841/4841 4851/4851 4845/4845
f 1109/1109 1102/1102 4853/4853
f 4838/4838 4854/4854 1102/1102
f 4854/4854 4838/4838 4832/4832
f 4821/4821 4837/4837 4840/4840
f 4855/4855 4854/4854 4832/4832
f 4840/4840 4839/4839 4845/4845
f 4856/4856 4831/4831 4834/4834
f 4831/4831 4856/4856 4857/4857
f 4831/4831 4857/4857 4832/4832
f 4858/4858 4857/4857 4859/4859
f 4857/4857 4856/4856 4859/4859
f 4857/4857 4855/4855 4832/4832
f 4858/4858 4855/4855 4857/4857
f 4860/4860 4855/4855 4858/4858
f 4861/4861 4859/4859 4856/4856
f 4856/4856 4834/4834 4861/4861
f 4862/4862 4861/4861 4834/4834
f 4863/4863 4861/4861 4862/4862
f 4835/4835 4864/4864 4834/4834
f 4864/4864 4862/4862 4834/4834
f 4865/4865 4862/4862 4864/4864
f 4866/4866 4858/4858 4863/4863
f 4859/4859 4863/4863 4858/4858
f 4863/4863 4859/4859 4861/4861
f 4866/4866 4860/4860 4858/4858
f 4863/4863 4862/4862 4865/4865
f 4866/4866 4863/4863 4867/4867
f 4860/4860 4866/4866 4867/4867
f 4863/4863 4865/4865 4867/4867
f 4867/4867 4865/4865 4864/4864
f 4840/4840 4868/4868 4869/4869
f 4870/4870 4869/4869 4868/4868
f 4868/4868 4840/4840 4845/4845
f 4854/4854 4855/4855 4871/4871
f 4870/4870 4868/4868 4845/4845
f 4870/4870 4845/4845 4851/4851
f 4855/4855 4860/4860 4871/4871
f 4853/4853 1102/1102 4854/4854
f 4872/4872 1109/1109 4853/4853
f 4872/4872 4848/4848 1109/1109
f 4852/4852 4850/4850 4873/4873
f 4873/4873 4850/4850 4875/4875
f 4876/4876 4848/4848 4872/4872
f 4877/4877 4848/4848 4876/4876
f 4878/4878 4876/4876 4853/4853
f 4872/4872 4853/4853 4876/4876
f 4879/4879 4880/4880 4877/4877
f 4879/4879 4877/4877 4876/4876
f 4873/4873 4875/4875 4881/4881
f 4882/4882 4876/4876 4878/4878
f 4876/4876 4882/4882 4879/4879
f 4879/4879 4882/4882 4880/4880
f 4871/4871 4853/4853 4854/4854
f 4883/4883 4878/4878 4871/4871
f 4878/4878 4853/4853 4871/4871
f 4884/4884 4827/4827 4825/4825
f 4885/4885 4827/4827 4884/4884
f 4886/4886 4827/4827 4885/4885
f 4886/4886 4887/4887 4827/4827
f 4888/4888 4887/4887 4886/4886
f 4833/4833 4829/4829 4827/4827
f 4833/4833 4827/4827 4887/4887
f 4833/4833 4889/4889 4835/4835
f 4835/4835 4889/4889 4890/4890
f 4830/4830 4821/4821 4891/4891
f 4891/4891 4821/4821 4840/4840
f 4892/4892 4887/4887 4888/4888
f 4893/4893 4833/4833 4887/4887
f 4894/4894 4828/4828 4830/4830
f 4892/4892 4893/4893 4887/4887
f 4894/4894 4830/4830 4895/4895
f 4896/4896 4890/4890 4889/4889
f 4897/4897 4896/4896 4898/4898
f 4833/4833 4893/4893 4889/4889
f 4899/4899 4830/4830 4891/4891
f 4898/4898 4889/4889 4893/4893
f 4898/4898 4896/4896 4889/4889
f 4900/4900 4891/4891 4901/4901
f 4899/4899 4891/4891 4900/4900
f 4892/4892 4898/4898 4893/4893
f 4895/4895 4830/4830 4899/4899
f 4898/4898 4902/4902 4897/4897
f 4903/4903 4898/4898 4892/4892
f 4898/4898 4903/4903 4902/4902
f 4897/4897 4902/4902 4904/4904
f 4905/4905 4906/4906 4903/4903
f 4907/4907 4903/4903 4892/4892
f 4907/4907 4905/4905 4903/4903
f 4908/4908 4909/4909 4905/4905
f 4907/4907 4908/4908 4905/4905
f 4906/4906 4902/4902 4903/4903
f 4910/4910 4904/4904 4902/4902
f 4906/4906 4905/4905 4909/4909
f 4906/4906 4910/4910 4902/4902
f 4911/4911 4910/4910 4906/4906
f 4904/4904 4910/4910 4912/4912
f 4906/4906 4909/4909 4908/4908
f 4911/4911 4912/4912 4910/4910
f 4913/4913 4912/4912 4911/4911
f 4914/4914 4900/4900 4869/4869
f 4915/4915 4907/4907 4892/4892
f 4916/4916 4895/4895 4899/4899
f 4919/4919 4916/4916 4899/4899
f 4920/4920 4908/4908 4907/4907
f 4900/4900 4914/4914 4919/4919
f 4907/4907 4915/4915 4921/4921
f 4899/4899 4900/4900 4919/4919
f 4920/4920 4906/4906 4908/4908
f 4920/4920 4911/4911 4906/4906
f 4921/4921 4920/4920 4907/4907
f 4920/4920 4921/4921 4922/4922
f 4922/4922 4911/4911 4920/4920
f 4911/4911 4922/4922 4913/4913
f 4922/4922 4921/4921 4915/4915
f 4922/4922 4915/4915 4923/4923
f 4890/4890 4864/4864 4835/4835
f 4864/4864 4883/4883 4867/4867
f 4891/4891 4840/4840 4901/4901
f 4869/4869 4901/4901 4840/4840
f 4864/4864 4890/4890 4924/4924
f 4871/4871 4860/4860 4883/4883
f 4883/4883 4860/4860 4867/4867
f 4864/4864 4924/4924 4883/4883
f 4896/4896 4924/4924 4890/4890
f 4897/4897 4924/4924 4896/4896
f 4869/4869 4900/4900 4901/4901
f 4883/4883 4924/4924 4925/4925
f 4925/4925 4926/4926 4883/4883
f 4927/4927 4880/4880 4882/4882
f 4870/4870 4851/4851 4874/4874
f 4882/4882 4878/4878 4883/4883
f 4882/4882 4928/4928 4927/4927
f 4882/4882 4883/4883 4926/4926
f 4929/4929 4870/4870 4874/4874
f 4926/4926 4928/4928 4882/4882
f 4912/4912 4897/4897 4904/4904
f 4930/4930 4897/4897 4912/4912
f 4913/4913 4930/4930 4912/4912
f 4931/4931 4925/4925 4924/4924
f 4897/4897 4931/4931 4924/4924
f 4929/4929 4869/4869 4870/4870
f 4930/4930 4931/4931 4897/4897
f 4925/4925 4931/4931 4932/4932
f 4925/4925 4932/4932 4926/4926
f 4913/4913 4922/4922 4930/4930
f 4914/4914 4869/4869 4933/4933
f 4933/4933 4869/4869 4929/4929
f 4923/4923 4930/4930 4922/4922
f 4931/4931 4930/4930 4932/4932
f 4934/4934 4932/4932 4935/4935
f 4933/4933 4929/4929 4936/4936
f 4932/4932 4930/4930 4935/4935
f 4929/4929 4874/4874 4936/4936
f 4937/4937 4926/4926 4932/4932
f 4938/4938 4926/4926 4937/4937
f 4926/4926 4938/4938 4928/4928
f 4937/4937 4934/4934 4938/4938
f 4873/4873 4881/4881 4939/4939
f 4928/4928 4940/4940 4927/4927
f 4941/4941 4928/4928 4938/4938
f 4940/4940 4928/4928 4941/4941
f 4937/4937 4932/4932 4934/4934
f 4941/4941 4938/4938 4934/4934
f 4942/4942 4939/4939 4943/4943
f 4944/4944 984/984 4344/4344
f 341/341 1198/1198 4945/4945
f 1007/1007 984/984 4944/4944
f 4345/4345 4944/4944 4344/4344
f 4344/4344 984/984 342/342
f 4342/4342 341/341 4945/4945
f 4946/4946 1198/1198 1006/1006
f 4944/4944 4345/4345 4947/4947
f 4947/4947 4948/4948 4949/4949
f 4347/4347 4948/4948 4345/4345
f 4948/4948 4947/4947 4345/4345
f 4811/4811 1007/1007 4944/4944
f 4947/4947 4811/4811 4944/4944
f 4947/4947 4949/4949 4950/4950
f 4949/4949 4951/4951 4952/4952
f 4949/4949 4952/4952 4950/4950
f 1198/1198 4349/4349 4945/4945
f 4946/4946 4349/4349 1198/1198
f 4953/4953 4951/4951 4948/4948
f 4953/4953 4954/4954 4951/4951
f 4953/4953 4948/4948 4955/4955
f 4955/4955 4948/4948 4347/4347
f 4954/4954 4953/4953 4955/4955
f 4956/4956 4954/4954 4955/4955
f 4957/4957 4952/4952 4951/4951
f 4957/4957 4951/4951 4958/4958
f 4957/4957 4950/4950 4952/4952
f 4950/4950 4957/4957 4826/4826
f 4826/4826 4957/4957 4959/4959
f 4959/4959 4957/4957 4958/4958
f 4948/4948 4951/4951 4949/4949
f 4958/4958 4951/4951 4954/4954
f 4342/4342 4945/4945 4349/4349
f 4811/4811 1011/1011 1007/1007
f 4814/4814 4811/4811 4947/4947
f 4947/4947 4950/4950 4814/4814
f 4810/4810 4946/4946 1006/1006
f 4826/4826 4814/4814 4950/4950
f 4814/4814 4812/4812 4811/4811
f 4955/4955 4347/4347 4956/4956
f 4363/4363 4956/4956 4347/4347
f 4958/4958 4363/4363 4959/4959
f 4959/4959 4363/4363 4825/4825
f 4958/4958 4954/4954 4956/4956
f 4956/4956 4363/4363 4958/4958
f 4946/4946 4810/4810 4349/4349
f 4959/4959 4825/4825 4826/4826
f 4960/4960 4363/4363 4362/4362
f 4366/4366 4349/4349 4810/4810
f 4825/4825 4363/4363 4960/4960
f 4362/4362 4368/4368 4960/4960
f 4961/4961 4960/4960 4368/4368
f 4961/4961 4825/4825 4960/4960
f 4568/4568 4961/4961 4566/4566
f 4569/4569 4366/4366 4810/4810
f 4569/4569 4810/4810 4816/4816
f 4569/4569 4816/4816 4714/4714
f 4559/4559 4961/4961 4368/4368
f 4566/4566 4961/4961 4559/4559
f 4884/4884 4825/4825 4961/4961
f 4568/4568 4577/4577 4961/4961
f 4577/4577 4884/4884 4961/4961
f 4816/4816 4828/4828 4714/4714
f 4962/4962 4885/4885 4884/4884
f 4962/4962 4886/4886 4885/4885
f 4894/4894 4714/4714 4828/4828
f 4704/4704 4884/4884 4577/4577
f 4704/4704 4962/4962 4884/4884
f 4962/4962 4704/4704 4963/4963
f 4888/4888 4886/4886 4964/4964
f 4964/4964 4886/4886 4962/4962
f 4965/4965 4964/4964 4962/4962
f 4967/4967 4964/4964 4965/4965
f 4962/4962 4968/4968 4965/4965
f 4964/4964 4969/4969 4888/4888
f 4970/4970 4894/4894 4971/4971
f 4888/4888 4969/4969 4892/4892
f 4894/4894 4895/4895 4971/4971
f 4714/4714 4972/4972 4975/4975
f 4978/4978 4963/4963 4704/4704
f 4978/4978 4704/4704 4982/4982
f 4983/4983 4978/4978 4982/4982
f 4985/4985 4976/4976 4972/4972
f 4972/4972 4979/4979 4987/4987
f 4990/4990 4992/4992 4963/4963
f 4894/4894 4993/4993 4714/4714
f 4714/4714 4993/4993 4972/4972
f 4894/4894 4994/4994 4993/4993
f 4992/4992 4962/4962 4963/4963
f 4962/4962 4992/4992 4996/4996
f 4994/4994 4997/4997 5000/5000
f 4999/4999 4998/4998 4991/4991
f 4998/4998 4995/4995 4991/4991
f 5000/5000 4989/4989 4993/4993
f 4993/4993 4989/4989 5001/5001
f 5003/5003 4972/4972 4993/4993
f 4990/4990 4963/4963 4978/4978
f 5001/5001 5003/5003 4993/4993
f 4988/4988 4977/4977 5002/5002
f 4977/4977 4986/4986 5002/5002
f 5001/5001 4985/4985 5003/5003
f 4985/4985 4972/4972 5003/5003
f 4999/4999 4991/4991 4988/4988
f 5000/5000 4993/4993 4994/4994
f 4987/4987 4979/4979 4984/4984
f 4975/4975 4972/4972 4987/4987
f 5005/5005 4983/4983 4982/4982
f 4984/4984 5006/5006 4987/4987
f 4713/4713 4714/4714 4975/4975
f 4725/4725 4982/4982 4704/4704
f 4981/4981 4724/4724 4974/4974
f 4980/4980 4973/4973 5004/5004
f 4974/4974 4724/4724 4712/4712
f 4987/4987 5006/5006 4975/4975
f 5008/5008 5010/5010 4968/4968
f 4968/4968 5010/5010 4965/4965
f 4968/4968 4996/4996 5008/5008
f 4967/4967 4965/4965 5013/5013
f 5015/5015 4966/4966 5018/5018
f 4965/4965 5010/5010 5016/5016
f 5011/5011 4970/4970 5017/5017
f 4970/4970 5012/5012 5017/5017
f 5019/5019 4967/4967 5013/5013
f 5020/5020 5014/5014 4970/4970
f 5022/5022 4967/4967 5019/5019
f 5023/5023 5020/5020 4970/4970
f 5023/5023 5021/5021 5020/5020
f 5023/5023 4970/4970 4971/4971
f 4969/4969 4964/4964 4967/4967
f 5024/5024 4967/4967 5022/5022
f 5026/5026 5025/5025 5021/5021
f 5026/5026 5021/5021 5023/5023
f 5027/5027 4967/4967 5024/5024
f 5030/5030 5028/5028 5025/5025
f 4967/4967 5027/5027 4969/4969
f 4996/4996 4968/4968 4962/4962
f 4994/4994 4894/4894 4970/4970
f 4994/4994 4970/4970 5011/5011
f 4994/4994 5011/5011 5007/5007
f 5009/5009 4995/4995 4994/4994
f 4994/4994 4995/4995 4997/4997
f 5031/5031 4971/4971 4895/4895
f 5023/5023 5035/5035 5026/5026
f 5039/5039 5030/5030 5025/5025
f 5026/5026 5039/5039 5025/5025
f 5027/5027 5043/5043 4969/4969
f 5048/5048 5029/5029 5030/5030
f 5050/5050 5048/5048 5030/5030
f 5049/5049 5027/5027 5047/5047
f 5039/5039 5052/5052 5030/5030
f 5030/5030 5052/5052 5050/5050
f 5040/5040 5027/5027 5051/5051
f 5049/5049 5051/5051 5027/5027
f 5035/5035 5023/5023 4971/4971
f 5043/5043 5027/5027 5040/5040
f 4971/4971 5031/5031 5035/5035
f 5054/5054 5036/5036 5058/5058
f 5056/5056 5039/5039 5026/5026
f 5055/5055 5026/5026 5035/5035
f 5060/5060 5062/5062 5054/5054
f 5054/5054 5062/5062 5037/5037
f 5034/5034 5032/5032 5061/5061
f 5033/5033 5065/5065 5059/5059
f 5067/5067 5044/5044 5064/5064
f 5064/5064 5044/5044 5038/5038
f 5068/5068 5063/5063 5031/5031
f 5069/5069 4969/4969 5043/5043
f 5071/5071 5053/5053 5057/5057
f 5070/5070 5055/5055 5035/5035
f 5073/5073 5076/5076 5053/5053
f 5054/5054 5079/5079 5060/5060
f 5033/5033 5077/5077 5083/5083
f 5077/5077 5033/5033 5059/5059
f 5084/5084 5053/5053 5071/5071
f 5089/5089 5073/5073 5053/5053
f 5053/5053 5084/5084 5089/5089
f 5074/5074 5045/5045 5066/5066
f 5074/5074 5066/5066 5078/5078
f 5081/5081 5080/5080 5068/5068
f 5081/5081 5068/5068 5031/5031
f 5035/5035 5091/5091 5070/5070
f 5091/5091 5035/5035 5082/5082
f 5094/5094 5096/5096 5088/5088
f 5088/5088 5096/5096 5072/5072
f 5091/5091 5082/5082 5095/5095
f 5091/5091 5095/5095 5093/5093
f 5046/5046 5075/5075 5100/5100
f 5100/5100 5075/5075 5098/5098
f 5099/5099 5097/5097 5031/5031
f 5031/5031 5097/5097 5081/5081
f 5100/5100 5102/5102 5046/5046
f 5101/5101 5099/5099 5031/5031
f 5089/5089 5084/5084 5107/5107
f 5110/5110 5094/5094 5088/5088
f 5111/5111 5091/5091 5093/5093
f 5114/5114 5121/5121 5123/5123
f 5118/5118 5042/5042 5124/5124
f 5041/5041 5105/5105 5127/5127
f 5104/5104 5112/5112 5122/5122
f 5113/5113 5087/5087 5126/5126
f 5090/5090 5116/5116 5125/5125
f 5112/5112 5104/5104 5092/5092
f 5103/5103 5119/5119 5091/5091
f 5119/5119 5115/5115 5091/5091
f 5070/5070 5129/5129 5086/5086
f 5091/5091 5129/5129 5070/5070
f 5106/5106 5116/5116 5090/5090
f 5129/5129 5091/5091 5115/5115
f 5108/5108 5085/5085 5128/5128
f 5129/5129 5115/5115 5109/5109
f 5043/5043 5130/5130 5069/5069
f 5133/5133 5043/5043 5117/5117
f 5132/5132 5120/5120 5031/5031
f 5031/5031 5120/5120 5101/5101
f 5130/5130 5043/5043 5133/5133
f 5134/5134 5132/5132 5031/5031
f 5131/5131 5135/5135 5130/5130
f 5136/5136 5130/5130 5135/5135
f 4916/4916 5031/5031 4895/4895
f 4892/4892 4969/4969 5138/5138
f 5031/5031 5137/5137 5134/5134
f 5031/5031 4916/4916 5139/5139
f 5069/5069 5138/5138 4969/4969
f 4892/4892 5141/5141 4915/4915
f 5143/5143 4919/4919 4914/4914
f 5141/5141 4923/4923 4915/4915
f 5141/5141 5144/5144 4923/4923
f 4933/4933 5143/5143 4914/4914
f 5146/5146 5143/5143 4933/4933
f 5147/5147 5141/5141 4892/4892
f 5147/5147 5148/5148 5141/5141
f 5149/5149 5150/5150 4919/4919
f 5148/5148 5151/5151 5141/5141
f 5152/5152 5141/5141 5151/5151
f 5143/5143 5149/5149 4919/4919
f 5153/5153 5149/5149 5143/5143
f 5142/5142 5155/5155 5154/5154
f 5152/5152 5144/5144 5141/5141
f 5158/5158 5152/5152 5156/5156
f 5157/5157 5155/5155 5142/5142
f 5144/5144 5152/5152 5158/5158
f 5144/5144 5158/5158 4923/4923
f 5157/5157 5142/5142 5145/5145
f 5157/5157 5145/5145 5159/5159
f 4923/4923 5158/5158 5159/5159
f 5161/5161 4933/4933 4936/4936
f 4935/4935 4930/4930 5162/5162
f 5164/5164 4936/4936 4874/4874
f 5165/5165 4930/4930 4923/4923
f 5162/5162 4930/4930 5165/5165
f 5161/5161 4936/4936 5167/5167
f 5162/5162 5165/5165 5168/5168
f 5167/5167 4936/4936 5169/5169
f 5166/5166 5171/5171 5168/5168
f 5172/5172 4935/4935 5162/5162
f 5177/5177 4935/4935 5172/5172
f 5169/5169 4936/4936 5179/5179
f 5170/5170 5178/5178 5174/5174
f 5181/5181 5173/5173 5179/5179
f 5179/5179 4936/4936 5164/5164
f 5180/5180 5177/5177 5172/5172
f 5183/5183 5179/5179 5164/5164
f 5177/5177 5180/5180 5187/5187
f 5183/5183 5186/5186 5181/5181
f 5181/5181 5179/5179 5183/5183
f 5188/5188 5176/5176 5185/5185
f 5188/5188 5185/5185 5184/5184
f 5189/5189 4935/4935 5177/5177
f 5188/5188 5189/5189 5177/5177
f 5190/5190 5182/5182 5163/5163
f 5162/5162 5168/5168 5172/5172
f 5171/5171 5175/5175 5168/5168
f 5184/5184 5192/5192 5188/5188
f 5191/5191 5182/5182 5190/5190
f 5192/5192 5193/5193 5188/5188
f 5190/5190 5195/5195 5191/5191
f 5196/5196 5195/5195 5190/5190
f 4923/4923 5197/5197 5165/5165
f 5159/5159 5198/5198 4923/4923
f 5145/5145 5198/5198 5159/5159
f 5198/5198 5197/5197 4923/4923
f 5198/5198 5199/5199 5197/5197
f 5199/5199 5198/5198 5145/5145
f 5197/5197 5199/5199 5165/5165
f 5199/5199 5168/5168 5165/5165
f 5161/5161 5146/5146 4933/4933
f 5168/5168 5199/5199 5160/5160
f 5160/5160 5199/5199 5145/5145
f 5166/5166 5168/5168 5160/5160
f 5189/5189 5188/5188 5193/5193
f 5196/5196 5200/5200 5195/5195
f 5202/5202 5189/5189 5193/5193
f 5203/5203 5194/5194 5201/5201
f 5196/5196 5205/5205 5200/5200
f 4873/4873 4939/4939 5163/5163
f 4934/4934 5206/5206 4941/4941
f 4934/4934 4935/4935 5206/5206
f 5189/5189 5206/5206 4935/4935
f 4939/4939 5196/5196 5163/5163
f 5190/5190 5163/5163 5196/5196
f 5208/5208 5196/5196 4939/4939
f 4942/4942 4943/4943 5209/5209
f 5206/5206 5210/5210 5211/5211
f 5205/5205 5196/5196 5208/5208
f 5212/5212 5206/5206 5189/5189
f 5208/5208 4939/4939 4942/4942
f 5214/5214 5203/5203 5201/5201
f 5216/5216 5189/5189 5202/5202
f 5215/5215 5203/5203 5214/5214
f 5213/5213 5200/5200 5205/5205
f 5215/5215 5213/5213 5205/5205
f 5218/5218 5204/5204 5207/5207
f 5212/5212 5216/5216 5219/5219
f 5220/5220 5215/5215 5205/5205
f 5220/5220 5205/5205 5217/5217
f 5212/5212 5189/5189 5216/5216
f 5221/5221 5212/5212 5219/5219
f 5219/5219 5223/5223 5221/5221
f 5222/5222 5220/5220 5217/5217
f 5224/5224 5212/5212 5221/5221
f 5226/5226 5212/5212 5224/5224
f 5222/5222 5217/5217 5208/5208
f 5226/5226 5206/5206 5212/5212
f 5227/5227 5225/5225 5221/5221
f 5227/5227 5221/5221 5223/5223
f 5231/5231 5224/5224 5229/5229
f 5228/5228 5222/5222 5208/5208
f 5230/5230 5228/5228 5208/5208
f 5208/5208 5233/5233 5230/5230
f 5224/5224 5231/5231 5232/5232
f 5224/5224 5232/5232 5235/5235
f 5234/5234 5233/5233 5208/5208
f 5234/5234 5208/5208 5236/5236
f 5226/5226 5224/5224 5238/5238
f 5235/5235 5238/5238 5224/5224
f 5236/5236 5239/5239 5234/5234
f 5237/5237 5236/5236 5241/5241
f 5236/5236 5243/5243 5241/5241
f 5244/5244 5238/5238 5240/5240
f 5242/5242 5244/5244 5240/5240
f 5245/5245 5206/5206 5226/5226
f 5236/5236 5208/5208 4942/4942
f 5246/5246 5236/5236 4942/4942
f 5244/5244 5226/5226 5238/5238
f 5244/5244 5245/5245 5226/5226
f 5245/5245 5248/5248 5206/5206
f 5248/5248 5210/5210 5206/5206
f 5251/5251 5245/5245 5244/5244
f 5252/5252 5250/5250 5242/5242
f 5242/5242 5250/5250 5244/5244
f 5243/5243 5236/5236 5246/5246
f 5252/5252 5242/5242 5247/5247
f 5247/5247 5253/5253 5252/5252
f 5255/5255 5250/5250 5252/5252
f 5255/5255 5252/5252 5253/5253
f 5256/5256 5246/5246 4942/4942
f 5254/5254 5245/5245 5251/5251
f 5253/5253 5247/5247 5257/5257
f 5253/5253 5257/5257 5259/5259
f 5245/5245 5254/5254 5248/5248
f 5249/5249 5255/5255 5253/5253
f 5258/5258 5249/5249 5253/5253
f 5260/5260 5210/5210 5248/5248
f 5260/5260 5249/5249 5258/5258
f 5260/5260 5258/5258 5261/5261
f 5262/5262 5259/5259 5257/5257
f 5262/5262 5257/5257 5263/5263
f 5260/5260 5264/5264 5210/5210
f 5261/5261 5266/5266 5260/5260
f 5265/5265 5262/5262 5263/5263
f 5263/5263 5267/5267 5265/5265
f 5260/5260 5266/5266 5264/5264
f 5264/5264 5266/5266 5268/5268
f 5267/5267 5268/5268 5265/5265
f 5130/5130 5269/5269 5069/5069
f 5269/5269 5130/5130 5136/5136
f 5269/5269 5136/5136 5140/5140
f 5139/5139 5137/5137 5031/5031
f 5270/5270 5069/5069 5269/5269
f 5069/5069 5270/5270 5138/5138
f 5140/5140 5271/5271 5269/5269
f 5147/5147 5138/5138 5272/5272
f 5147/5147 5272/5272 5274/5274
f 5270/5270 5276/5276 5138/5138
f 5140/5140 5277/5277 5271/5271
f 5272/5272 5138/5138 5276/5276
f 5272/5272 5276/5276 4918/4918
f 5277/5277 5140/5140 4917/4917
f 4917/4917 5275/5275 5273/5273
f 5278/5278 5147/5147 5274/5274
f 5279/5279 5275/5275 4917/4917
f 5147/5147 4892/4892 5138/5138
f 5281/5281 4916/4916 4919/4919
f 5279/5279 4917/4917 5280/5280
f 5278/5278 5148/5148 5147/5147
f 5282/5282 5148/5148 5278/5278
f 5279/5279 5280/5280 5283/5283
f 5281/5281 4919/4919 5150/5150
f 5284/5284 5281/5281 5150/5150
f 5284/5284 5150/5150 5286/5286
f 5150/5150 5149/5149 5286/5286
f 5283/5283 5280/5280 5285/5285
f 5148/5148 5282/5282 5151/5151
f 5151/5151 5283/5283 5285/5285
f 5284/5284 5286/5286 5287/5287
f 5151/5151 5285/5285 5289/5289
f 5287/5287 5288/5288 5284/5284
f 5287/5287 5286/5286 5290/5290
f 5290/5290 5288/5288 5287/5287
f 5152/5152 5151/5151 5292/5292
f 5292/5292 5151/5151 5289/5289
f 5290/5290 5286/5286 5149/5149
f 5153/5153 5290/5290 5149/5149
f 5152/5152 5292/5292 5156/5156
f 5292/5292 5289/5289 5291/5291
f 5292/5292 5154/5154 5155/5155
f 5292/5292 5291/5291 5154/5154
f 1108/1108 1110/1110 4846/4846
f 4424/4424 4398/4398 5293/5293
f 5297/5297 4424/4424 5298/5298
f 5299/5299 5298/5298 4424/4424
f 5300/5300 5298/5298 5299/5299
f 5302/5302 5298/5298 5300/5300
f 5306/5306 5307/5307 5301/5301
f 5300/5300 5299/5299 5309/5309
f 5305/5305 5300/5300 5309/5309
f 5310/5310 5305/5305 5309/5309
f 5302/5302 5300/5300 5305/5305
f 5310/5310 5307/5307 5306/5306
f 5293/5293 5309/5309 5299/5299
f 4424/4424 5293/5293 5299/5299
f 5293/5293 5310/5310 5309/5309
f 5311/5311 5307/5307 5310/5310
f 5312/5312 5313/5313 5308/5308
f 5293/5293 5314/5314 5315/5315
f 5316/5316 5313/5313 5312/5312
f 5310/5310 5293/5293 5317/5317
f 5317/5317 5311/5311 5310/5310
f 5317/5317 5293/5293 5315/5315
f 5311/5311 5317/5317 5318/5318
f 5315/5315 5319/5319 5317/5317
f 5320/5320 5321/5321 5322/5322
f 5323/5323 5321/5321 5320/5320
f 5325/5325 5326/5326 5327/5327
f 5324/5324 5327/5327 5328/5328
f 5330/5330 5329/5329 5326/5326
f 5330/5330 5326/5326 5332/5332
f 5332/5332 5326/5326 5333/5333
f 5326/5326 5328/5328 5327/5327
f 5335/5335 5329/5329 5330/5330
f 5330/5330 5332/5332 5335/5335
f 5331/5331 5336/5336 5334/5334
f 5338/5338 5334/5334 5336/5336
f 5338/5338 5336/5336 5341/5341
f 5315/5315 5322/5322 5342/5342
f 5315/5315 5314/5314 5322/5322
f 5342/5342 5322/5322 5321/5321
f 5344/5344 5316/5316 5345/5345
f 5347/5347 5342/5342 5321/5321
f 5348/5348 5347/5347 5321/5321
f 5348/5348 5349/5349 5347/5347
f 5343/5343 5349/5349 5348/5348
f 5315/5315 5350/5350 5319/5319
f 5311/5311 5318/5318 5351/5351
f 5352/5352 5315/5315 5342/5342
f 5350/5350 5315/5315 5352/5352
f 5345/5345 5316/5316 5312/5312
f 5351/5351 5346/5346 5311/5311
f 5352/5352 5342/5342 5347/5347
f 5352/5352 5347/5347 5349/5349
f 5352/5352 5349/5349 5350/5350
f 5346/5346 5351/5351 5349/5349
f 5343/5343 5346/5346 5349/5349
f 5355/5355 5321/5321 5323/5323
f 5356/5356 5354/5354 5324/5324
f 5357/5357 5316/5316 5344/5344
f 5339/5339 5357/5357 5344/5344
f 5321/5321 5355/5355 5348/5348
f 5355/5355 5337/5337 5348/5348
f 5348/5348 5338/5338 5343/5343
f 5359/5359 5338/5338 5353/5353
f 5358/5358 5354/5354 5356/5356
f 5358/5358 5356/5356 5361/5361
f 5359/5359 5360/5360 5338/5338
f 5335/5335 5356/5356 5329/5329
f 5328/5328 5356/5356 5324/5324
f 5361/5361 5356/5356 5335/5335
f 5360/5360 5334/5334 5338/5338
f 5339/5339 5340/5340 5357/5357
f 5333/5333 5325/5325 5362/5362
f 5333/5333 5362/5362 5363/5363
f 5327/5327 5364/5364 5325/5325
f 5333/5333 5363/5363 5336/5336
f 5326/5326 5325/5325 5333/5333
f 5331/5331 5333/5333 5336/5336
f 4394/4394 520/520 5365/5365
f 1682/1682 5365/5365 520/520
f 1682/1682 1717/1717 5365/5365
f 5313/5313 1679/1679 521/521
f 1691/1691 1717/1717 1682/1682
f 5366/5366 5367/5367 5368/5368
f 5369/5369 5367/5367 5366/5366
f 5367/5367 5365/5365 1717/1717
f 5370/5370 5365/5365 5367/5367
f 5367/5367 1717/1717 5371/5371
f 5368/5368 5367/5367 5371/5371
f 5372/5372 5366/5366 5368/5368
f 4398/4398 4394/4394 5365/5365
f 5365/5365 5314/5314 4398/4398
f 5314/5314 5365/5365 5370/5370
f 5370/5370 5367/5367 5373/5373
f 5369/5369 5366/5366 5374/5374
f 5367/5367 5369/5369 5373/5373
f 5374/5374 5373/5373 5369/5369
f 5366/5366 5375/5375 5374/5374
f 5374/5374 5376/5376 5373/5373
f 5376/5376 5370/5370 5373/5373
f 5377/5377 5374/5374 5375/5375
f 5378/5378 5376/5376 5374/5374
f 5378/5378 5374/5374 5377/5377
f 1694/1694 1679/1679 5313/5313
f 5370/5370 5376/5376 5314/5314
f 5314/5314 5378/5378 5322/5322
f 5376/5376 5378/5378 5314/5314
f 5322/5322 5378/5378 5379/5379
f 1720/1720 5371/5371 1717/1717
f 1720/1720 5320/5320 5371/5371
f 5380/5380 1749/1749 1729/1729
f 5381/5381 1749/1749 5380/5380
f 5381/5381 1720/1720 1749/1749
f 5381/5381 5320/5320 1720/1720
f 1644/1644 1694/1694 1814/1814
f 5372/5372 5375/5375 5366/5366
f 5375/5375 5372/5372 5382/5382
f 5372/5372 5368/5368 5371/5371
f 5371/5371 5382/5382 5372/5372
f 5382/5382 5371/5371 5320/5320
f 5383/5383 1729/1729 5384/5384
f 5384/5384 5385/5385 5383/5383
f 5385/5385 5386/5386 5383/5383
f 5387/5387 5386/5386 5385/5385
f 1783/1783 1788/1788 5384/5384
f 1735/1735 1783/1783 5384/5384
f 1733/1733 5384/5384 1729/1729
f 5381/5381 5380/5380 5388/5388
f 5380/5380 1729/1729 5388/5388
f 1729/1729 5389/5389 5388/5388
f 5389/5389 5390/5390 5388/5388
f 5391/5391 5381/5381 5388/5388
f 1788/1788 5392/5392 5385/5385
f 5392/5392 1788/1788 1777/1777
f 5385/5385 5384/5384 1788/1788
f 5389/5389 1729/1729 5383/5383
f 5389/5389 5383/5383 5386/5386
f 5386/5386 5393/5393 5389/5389
f 5389/5389 5393/5393 5395/5395
f 5389/5389 5395/5395 5390/5390
f 5397/5397 5396/5396 5393/5393
f 5386/5386 5398/5398 5393/5393
f 5399/5399 5393/5393 5398/5398
f 5397/5397 5393/5393 5399/5399
f 5391/5391 5388/5388 5390/5390
f 5391/5391 5390/5390 5394/5394
f 5394/5394 5400/5400 5391/5391
f 5400/5400 5394/5394 5397/5397
f 5401/5401 5397/5397 5399/5399
f 5400/5400 5397/5397 5401/5401
f 5381/5381 5391/5391 5320/5320
f 5320/5320 5391/5391 5402/5402
f 5402/5402 5391/5391 5400/5400
f 5382/5382 5377/5377 5375/5375
f 5379/5379 5377/5377 5382/5382
f 5378/5378 5377/5377 5379/5379
f 5322/5322 5379/5379 5382/5382
f 5382/5382 5320/5320 5322/5322
f 5340/5340 1814/1814 1694/1694
f 4397/4397 4398/4398 4424/4424
f 423/423 4426/4426 5308/5308
f 423/423 5308/5308 521/521
f 5303/5303 5308/5308 4426/4426
f 5313/5313 521/521 5308/5308
f 5293/5293 4398/4398 5314/5314
f 5404/5404 4448/4448 4425/4425
f 5403/5403 4425/4425 4424/4424
f 5303/5303 4426/4426 4447/4447
f 4424/4424 5297/5297 5403/5403
f 5404/5404 5294/5294 5406/5406
f 5404/5404 5406/5406 4448/4448
f 5303/5303 4447/4447 5405/5405
f 5408/5408 5407/5407 5411/5411
f 5412/5412 5406/5406 5294/5294
f 5295/5295 5410/5410 5413/5413
f 5296/5296 5298/5298 5409/5409
f 5407/5407 5408/5408 5304/5304
f 5409/5409 5298/5298 5302/5302
f 5316/5316 1694/1694 5313/5313
f 1694/1694 5316/5316 5357/5357
f 1694/1694 5357/5357 5340/5340
f 5320/5320 5364/5364 5323/5323
f 1870/1870 5414/5414 1771/1771
f 5385/5385 5415/5415 5387/5387
f 5398/5398 5386/5386 5387/5387
f 5385/5385 5392/5392 5415/5415
f 5416/5416 5387/5387 5415/5415
f 1776/1776 1771/1771 5414/5414
f 5392/5392 1777/1777 5414/5414
f 5414/5414 1874/1874 5392/5392
f 1870/1870 1874/1874 5414/5414
f 5415/5415 5392/5392 1874/1874
f 5398/5398 5387/5387 5417/5417
f 5398/5398 5418/5418 5399/5399
f 5399/5399 5418/5418 5401/5401
f 5418/5418 5398/5398 5417/5417
f 5387/5387 5416/5416 5417/5417
f 5419/5419 5417/5417 5416/5416
f 5417/5417 5419/5419 5418/5418
f 5401/5401 5418/5418 5420/5420
f 5400/5400 5401/5401 5421/5421
f 5420/5420 5421/5421 5401/5401
f 5422/5422 5420/5420 5423/5423
f 5419/5419 5424/5424 5423/5423
f 5425/5425 5423/5423 5424/5424
f 5423/5423 5418/5418 5419/5419
f 5422/5422 5423/5423 5425/5425
f 5429/5429 5422/5422 5425/5425
f 5420/5420 5418/5418 5423/5423
f 5422/5422 5421/5421 5420/5420
f 1874/1874 1877/1877 1880/1880
f 1867/1867 1880/1880 1877/1877
f 5430/5430 1880/1880 1881/1881
f 5415/5415 1874/1874 1880/1880
f 5416/5416 1880/1880 5430/5430
f 5419/5419 1886/1886 5424/5424
f 5430/5430 1887/1887 5419/5419
f 5419/5419 1887/1887 1886/1886
f 5432/5432 5433/5433 5425/5425
f 5432/5432 5425/5425 5424/5424
f 1886/1886 5432/5432 5424/5424
f 1887/1887 5430/5430 1881/1881
f 5416/5416 5415/5415 1880/1880
f 5419/5419 5416/5416 5430/5430
f 5402/5402 5400/5400 5421/5421
f 5436/5436 5402/5402 5421/5421
f 5437/5437 5436/5436 5421/5421
f 1820/1820 1815/1815 5440/5440
f 5429/5429 5425/5425 5433/5433
f 5422/5422 5428/5428 5437/5437
f 5421/5421 5422/5422 5437/5437
f 5434/5434 5431/5431 5427/5427
f 5428/5428 5432/5432 1924/1924
f 1886/1886 1921/1921 5432/5432
f 1924/1924 5432/5432 1921/1921
f 5426/5426 1922/1922 1926/1926
f 5426/5426 1926/1926 1928/1928
f 5439/5439 5426/5426 1928/1928
f 1904/1904 1905/1905 1929/1929
f 5438/5438 1929/1929 1905/1905
f 5440/5440 1930/1930 1820/1820
f 1930/1930 5440/5440 5441/5441
f 1930/1930 1948/1948 1841/1841
f 5435/5435 5438/5438 1905/1905
f 5320/5320 5402/5402 5443/5443
f 5443/5443 5402/5402 5444/5444
f 5445/5445 5440/5440 1815/1815
f 1814/1814 5446/5446 1815/1815
f 1815/1815 5446/5446 5445/5445
f 5447/5447 5443/5443 5444/5444
f 5444/5444 5436/5436 5448/5448
f 5436/5436 5444/5444 5402/5402
f 5447/5447 5444/5444 5448/5448
f 5443/5443 5447/5447 5450/5450
f 5450/5450 5447/5447 5454/5454
f 5447/5447 5457/5457 5453/5453
f 5458/5458 5447/5447 5460/5460
f 5458/5458 5457/5457 5447/5447
f 5458/5458 5460/5460 5461/5461
f 5462/5462 5456/5456 5459/5459
f 5445/5445 5455/5455 5456/5456
f 5456/5456 5440/5440 5445/5445
f 5460/5460 5447/5447 5464/5464
f 5460/5460 5465/5465 5461/5461
f 5466/5466 5440/5440 5462/5462
f 5460/5460 5468/5468 5467/5467
f 5440/5440 5466/5466 5470/5470
f 5440/5440 5456/5456 5462/5462
f 5468/5468 5460/5460 5464/5464
f 5464/5464 5447/5447 5448/5448
f 5469/5469 5463/5463 5471/5471
f 5471/5471 5463/5463 5472/5472
f 5441/5441 5440/5440 5470/5470
f 5364/5364 5320/5320 5443/5443
f 5473/5473 5443/5443 5474/5474
f 5473/5473 5364/5364 5443/5443
f 5473/5473 5474/5474 5476/5476
f 5481/5481 5485/5485 5479/5479
f 5477/5477 5486/5486 5473/5473
f 5446/5446 5478/5478 5475/5475
f 5480/5480 5478/5478 5446/5446
f 5488/5488 5491/5491 5486/5486
f 5486/5486 5491/5491 5473/5473
f 5362/5362 5473/5473 5491/5491
f 5489/5489 5484/5484 5483/5483
f 5482/5482 5490/5490 5487/5487
f 5443/5443 5493/5493 5474/5474
f 5497/5497 5445/5445 5446/5446
f 5501/5501 5475/5475 5492/5492
f 5501/5501 5492/5492 5504/5504
f 5500/5500 5503/5503 5498/5498
f 5501/5501 5446/5446 5475/5475
f 5499/5499 5446/5446 5501/5501
f 5450/5450 5506/5506 5443/5443
f 5505/5505 5452/5452 5445/5445
f 5445/5445 5451/5451 5455/5455
f 5506/5506 5493/5493 5443/5443
f 5508/5508 5496/5496 5498/5498
f 5497/5497 5495/5495 5505/5505
f 5445/5445 5497/5497 5505/5505
f 5503/5503 5508/5508 5498/5498
f 5507/5507 5502/5502 5494/5494
f 5442/5442 5469/5469 5471/5471
f 5442/5442 5471/5471 5509/5509
f 5435/5435 1905/1905 5449/5449
f 5449/5449 5472/5472 5463/5463
f 5511/5511 1948/1948 1930/1930
f 5472/5472 5510/5510 5471/5471
f 5512/5512 5472/5472 5449/5449
f 1905/1905 5512/5512 5449/5449
f 5509/5509 5513/5513 5442/5442
f 5514/5514 5442/5442 5513/5513
f 5441/5441 5515/5515 1930/1930
f 5513/5513 5510/5510 5472/5472
f 5472/5472 5516/5516 5513/5513
f 5514/5514 5513/5513 5516/5516
f 5518/5518 5512/5512 1905/1905
f 5515/5515 5511/5511 1930/1930
f 5512/5512 5518/5518 5472/5472
f 5517/5517 5472/5472 5518/5518
f 5518/5518 5520/5520 5517/5517
f 5521/5521 5518/5518 1905/1905
f 5521/5521 5522/5522 5518/5518
f 5511/5511 5515/5515 5523/5523
f 1931/1931 5525/5525 1905/1905
f 1931/1931 1933/1933 1936/1936
f 1948/1948 1958/1958 1947/1947
f 5525/5525 1931/1931 1936/1936
f 1936/1936 5526/5526 5525/5525
f 5526/5526 1936/1936 1935/1935
f 5525/5525 5526/5526 5527/5527
f 5527/5527 5526/5526 1935/1935
f 1935/1935 1934/1934 1938/1938
f 1935/1935 1938/1938 1957/1957
f 5527/5527 1935/1935 1957/1957
f 1957/1957 5528/5528 5527/5527
f 1905/1905 5525/5525 5529/5529
f 5527/5527 5529/5529 5525/5525
f 5530/5530 5531/5531 1958/1958
f 5532/5532 5534/5534 5527/5527
f 5529/5529 5521/5521 1905/1905
f 5521/5521 5529/5529 5535/5535
f 1948/1948 5530/5530 1958/1958
f 5511/5511 5530/5530 1948/1948
f 5534/5534 5529/5529 5527/5527
f 5534/5534 5537/5537 5529/5529
f 5528/5528 1957/1957 1956/1956
f 1956/1956 5532/5532 5528/5528
f 5531/5531 1848/1848 1958/1958
f 1951/1951 5532/5532 1956/1956
f 5532/5532 5527/5527 5528/5528
f 1954/1954 5534/5534 1951/1951
f 5534/5534 5532/5532 1951/1951
f 5538/5538 5534/5534 1954/1954
f 2066/2066 1848/1848 5540/5540
f 5540/5540 1848/1848 5531/5531
f 5541/5541 5362/5362 5490/5490
f 5362/5362 5364/5364 5473/5473
f 5543/5543 5362/5362 5541/5541
f 5544/5544 5336/5336 5541/5541
f 5446/5446 1814/1814 5545/5545
f 5541/5541 5490/5490 5482/5482
f 5545/5545 5480/5480 5446/5446
f 5541/5541 5482/5482 5544/5544
f 5325/5325 5364/5364 5362/5362
f 5545/5545 1814/1814 5340/5340
f 5341/5341 5336/5336 5544/5544
f 5327/5327 5323/5323 5364/5364
f 5363/5363 5362/5362 5543/5543
f 5542/5542 5541/5541 5336/5336
f 5336/5336 5363/5363 5542/5542
f 5519/5519 5514/5514 5516/5516
f 5514/5514 5519/5519 5524/5524
f 5520/5520 5518/5518 5522/5522
f 5522/5522 5524/5524 5519/5519
f 5522/5522 5546/5546 5524/5524
f 5546/5546 5522/5522 5521/5521
f 5511/5511 5523/5523 5547/5547
f 5548/5548 5524/5524 5546/5546
f 5546/5546 5521/5521 5535/5535
f 5549/5549 5530/5530 5547/5547
f 5547/5547 5530/5530 5511/5511
f 5537/5537 5535/5535 5529/5529
f 5550/5550 5535/5535 5537/5537
f 5546/5546 5550/5550 5548/5548
f 5550/5550 5546/5546 5535/5535
f 5550/5550 5552/5552 5548/5548
f 5551/5551 5549/5549 5547/5547
f 5552/5552 5550/5550 5537/5537
f 5553/5553 5551/5551 5536/5536
f 5549/5549 5551/5551 5554/5554
f 5549/5549 5554/5554 5555/5555
f 5555/5555 5553/5553 5536/5536
f 5536/5536 5556/5556 5555/5555
f 5556/5556 5536/5536 5557/5557
f 5557/5557 5536/5536 5533/5533
f 5555/5555 5558/5558 5530/5530
f 5555/5555 5530/5530 5549/5549
f 5556/5556 5557/5557 5559/5559
f 5556/5556 5559/5559 5555/5555
f 5557/5557 5533/5533 5560/5560
f 5558/5558 5531/5531 5530/5530
f 5560/5560 5559/5559 5557/5557
f 5563/5563 5564/5564 5559/5559
f 5559/5559 5564/5564 5558/5558
f 5558/5558 5564/5564 5531/5531
f 5558/5558 5555/5555 5559/5559
f 5533/5533 5539/5539 5560/5560
f 5563/5563 5565/5565 5567/5567
f 5568/5568 5540/5540 5531/5531
f 5564/5564 5568/5568 5531/5531
f 5565/5565 5568/5568 5567/5567
f 5570/5570 5566/5566 5562/5562
f 5569/5569 5568/5568 5565/5565
f 5569/5569 5561/5561 5571/5571
f 5569/5569 5571/5571 5573/5573
f 5569/5569 5573/5573 5568/5568
f 5574/5574 5576/5576 2066/2066
f 5574/5574 2066/2066 5577/5577
f 5578/5578 1954/1954 5580/5580
f 1954/1954 5578/5578 5582/5582
f 5574/5574 5577/5577 5583/5583
f 5578/5578 5580/5580 5584/5584
f 1959/1959 5580/5580 1954/1954
f 5576/5576 2068/2068 2066/2066
f 2126/2126 2068/2068 5576/5576
f 5576/5576 5574/5574 5586/5586
f 5588/5588 5580/5580 1959/1959
f 5588/5588 1959/1959 5589/5589
f 5592/5592 5595/5595 5586/5586
f 5593/5593 5588/5588 5594/5594
f 5596/5596 5587/5587 5590/5590
f 5576/5576 5586/5586 5595/5595
f 5598/5598 5576/5576 5595/5595
f 5597/5597 5596/5596 5590/5590
f 5589/5589 1959/1959 5599/5599
f 5599/5599 5597/5597 5590/5590
f 5598/5598 5601/5601 5576/5576
f 5584/5584 5580/5580 5604/5604
f 5585/5585 5603/5603 5605/5605
f 5605/5605 5606/5606 5583/5583
f 5583/5583 5585/5585 5605/5605
f 5574/5574 5583/5583 5606/5606
f 5588/5588 5593/5593 5580/5580
f 5604/5604 5580/5580 5593/5593
f 5605/5605 5603/5603 5591/5591
f 5606/5606 5586/5586 5574/5574
f 5605/5605 5586/5586 5606/5606
f 5586/5586 5605/5605 5592/5592
f 5597/5597 5599/5599 5600/5600
f 5599/5599 5608/5608 5600/5600
f 5575/5575 5602/5602 5607/5607
f 5608/5608 5599/5599 5609/5609
f 5610/5610 5576/5576 5607/5607
f 5609/5609 5599/5599 5612/5612
f 5608/5608 5609/5609 5611/5611
f 5599/5599 1959/1959 1960/1960
f 5612/5612 5599/5599 1960/1960
f 5610/5610 2126/2126 5576/5576
f 5613/5613 2126/2126 5610/5610
f 2130/2130 5612/5612 1960/1960
f 5577/5577 2066/2066 5540/5540
f 1954/1954 5582/5582 5538/5538
f 5538/5538 5582/5582 5617/5617
f 5618/5618 5579/5579 5585/5585
f 5583/5583 5619/5619 5618/5618
f 5620/5620 5581/5581 5579/5579
f 5577/5577 5620/5620 5619/5619
f 5619/5619 5620/5620 5579/5579
f 5619/5619 5583/5583 5577/5577
f 5618/5618 5619/5619 5579/5579
f 5577/5577 5621/5621 5620/5620
f 5622/5622 5581/5581 5620/5620
f 5624/5624 5621/5621 5577/5577
f 5539/5539 5572/5572 5560/5560
f 5540/5540 5568/5568 5573/5573
f 5624/5624 5573/5573 5571/5571
f 5577/5577 5540/5540 5573/5573
f 5577/5577 5573/5573 5624/5624
f 5572/5572 5539/5539 5616/5616
f 5623/5623 5615/5615 5582/5582
f 5571/5571 5614/5614 5622/5622
f 5571/5571 5622/5622 5624/5624
f 5618/5618 5585/5585 5583/5583
f 5609/5609 5625/5625 5611/5611
f 5626/5626 5609/5609 5612/5612
f 5628/5628 5611/5611 5625/5625
f 5627/5627 5613/5613 5610/5610
f 5629/5629 5626/5626 5612/5612
f 5626/5626 5629/5629 5628/5628
f 5631/5631 5628/5628 5629/5629
f 5627/5627 5630/5630 5613/5613
f 5631/5631 5629/5629 5632/5632
f 5630/5630 5634/5634 5613/5613
f 5631/5631 5633/5633 5635/5635
f 5629/5629 5612/5612 5636/5636
f 5638/5638 5613/5613 5634/5634
f 2130/2130 5636/5636 5612/5612
f 5635/5635 5633/5633 5640/5640
f 5639/5639 5632/5632 5629/5629
f 5639/5639 5629/5629 5636/5636
f 5635/5635 5640/5640 5642/5642
f 5641/5641 5639/5639 5636/5636
f 5635/5635 5642/5642 5637/5637
f 5641/5641 5636/5636 5643/5643
f 5637/5637 5642/5642 5643/5643
f 5643/5643 5636/5636 5644/5644
f 5563/5563 5645/5645 5564/5564
f 5645/5645 5563/5563 5567/5567
f 5645/5645 5567/5567 5564/5564
f 5568/5568 5564/5564 5567/5567
f 2130/2130 2137/2137 5646/5646
f 5613/5613 2070/2070 2126/2126
f 5647/5647 5646/5646 2137/2137
f 2138/2138 5647/5647 2137/2137
f 5648/5648 2070/2070 5613/5613
f 2138/2138 2139/2139 5649/5649
f 5647/5647 2138/2138 5649/5649
f 5649/5649 2139/2139 2143/2143
f 5647/5647 5649/5649 2143/2143
f 2143/2143 2139/2139 2141/2141
f 5650/5650 5647/5647 2143/2143
f 2132/2132 2070/2070 5648/5648
f 5646/5646 5647/5647 5650/5650
f 5648/5648 5651/5651 2132/2132
f 5651/5651 2144/2144 2132/2132
f 5650/5650 2143/2143 2150/2150
f 5636/5636 2130/2130 5646/5646
f 5638/5638 5648/5648 5613/5613
f 5636/5636 5646/5646 5644/5644
f 5653/5653 5648/5648 5638/5638
f 5654/5654 5637/5637 5643/5643
f 5644/5644 5656/5656 5643/5643
f 5643/5643 5656/5656 5654/5654
f 5644/5644 5646/5646 5656/5656
f 5650/5650 5656/5656 5646/5646
f 5657/5657 5656/5656 5650/5650
f 5650/5650 2150/2150 5660/5660
f 5661/5661 5662/5662 5650/5650
f 5661/5661 5650/5650 5663/5663
f 5664/5664 2144/2144 5651/5651
f 5663/5663 5650/5650 5660/5660
f 5666/5666 5663/5663 5660/5660
f 2143/2143 2142/2142 2150/2150
f 5667/5667 2151/2151 2153/2153
f 2153/2153 2154/2154 5667/5667
f 5668/5668 2151/2151 5667/5667
f 5669/5669 5670/5670 2152/2152
f 5672/5672 5668/5668 5667/5667
f 2173/2173 2152/2152 5670/5670
f 5670/5670 5674/5674 2173/2173
f 5660/5660 2150/2150 2151/2151
f 5664/5664 2152/2152 2144/2144
f 5675/5675 2151/2151 5668/5668
f 5660/5660 2151/2151 5675/5675
f 5668/5668 5676/5676 5675/5675
f 2152/2152 5664/5664 5677/5677
f 5679/5679 5678/5678 5665/5665
f 5680/5680 5679/5679 5666/5666
f 5660/5660 5680/5680 5666/5666
f 5678/5678 5679/5679 5681/5681
f 5681/5681 5679/5679 5680/5680
f 5680/5680 5660/5660 5683/5683
f 5675/5675 5683/5683 5660/5660
f 5682/5682 5681/5681 5680/5680
f 5682/5682 5685/5685 5681/5681
f 5683/5683 5675/5675 5684/5684
f 5676/5676 5684/5684 5675/5675
f 5685/5685 5686/5686 5678/5678
f 5676/5676 5687/5687 5684/5684
f 5678/5678 5681/5681 5685/5685
f 5669/5669 2152/2152 5677/5677
f 5690/5690 5691/5691 5692/5692
f 5693/5693 5669/5669 5688/5688
f 5690/5690 5668/5668 5691/5691
f 5695/5695 5668/5668 5690/5690
f 5687/5687 5676/5676 5668/5668
f 5687/5687 5668/5668 5695/5695
f 5677/5677 5688/5688 5669/5669
f 5689/5689 5678/5678 5694/5694
f 5694/5694 5678/5678 5686/5686
f 5691/5691 5668/5668 5672/5672
f 5691/5691 5672/5672 5671/5671
f 5674/5674 5670/5670 5698/5698
f 5696/5696 5671/5671 5673/5673
f 5697/5697 5672/5672 5701/5701
f 5693/5693 5670/5670 5669/5669
f 5671/5671 5692/5692 5691/5691
f 5700/5700 5674/5674 5698/5698
f 5701/5701 5672/5672 5667/5667
f 5703/5703 5674/5674 5704/5704
f 5704/5704 5674/5674 5702/5702
f 5667/5667 5707/5707 5701/5701
f 5699/5699 5706/5706 5705/5705
f 5704/5704 5708/5708 5703/5703
f 5708/5708 5704/5704 5706/5706
f 5674/5674 5703/5703 5709/5709
f 5703/5703 5708/5708 5709/5709
f 2173/2173 5674/5674 5709/5709
f 5706/5706 5710/5710 5708/5708
f 5711/5711 5710/5710 5706/5706
f 5708/5708 5714/5714 5709/5709
f 5713/5713 5708/5708 5710/5710
f 5713/5713 5710/5710 5711/5711
f 5715/5715 5713/5713 5711/5711
f 5715/5715 5709/5709 5714/5714
f 5655/5655 5716/5716 5653/5653
f 5653/5653 5717/5717 5648/5648
f 5659/5659 5716/5716 5655/5655
f 5718/5718 5648/5648 5717/5717
f 5657/5657 5650/5650 5662/5662
f 5659/5659 5721/5721 5716/5716
f 5718/5718 5651/5651 5648/5648
f 5657/5657 5662/5662 5661/5661
f 5661/5661 5719/5719 5658/5658
f 5722/5722 5661/5661 5663/5663
f 5722/5722 5719/5719 5661/5661
f 5652/5652 5720/5720 5723/5723
f 5722/5722 5724/5724 5719/5719
f 5725/5725 5665/5665 5652/5652
f 5652/5652 5723/5723 5725/5725
f 5726/5726 5724/5724 5722/5722
f 5722/5722 5663/5663 5726/5726
f 5679/5679 5665/5665 5725/5725
f 5726/5726 5663/5663 5666/5666
f 5679/5679 5726/5726 5666/5666
f 2154/2154 2170/2170 5667/5667
f 2173/2173 2146/2146 2152/2152
f 2170/2170 5707/5707 5667/5667
f 5727/5727 2172/2172 2194/2194
f 5728/5728 2172/2172 5727/5727
f 5729/5729 2172/2172 5728/5728
f 2173/2173 5730/5730 2176/2176
f 5728/5728 5727/5727 5731/5731
f 5732/5732 5728/5728 5731/5731
f 5728/5728 5732/5732 5729/5729
f 5707/5707 2170/2170 5712/5712
f 5711/5711 5733/5733 5715/5715
f 5709/5709 5715/5715 5734/5734
f 5733/5733 5734/5734 5715/5715
f 5735/5735 5733/5733 5711/5711
f 5734/5734 2173/2173 5709/5709
f 5711/5711 5737/5737 5735/5735
f 5712/5712 2170/2170 5738/5738
f 5712/5712 5738/5738 5736/5736
f 5739/5739 5730/5730 2173/2173
f 2170/2170 2172/2172 5738/5738
f 5738/5738 2172/2172 5729/5729
f 5727/5727 2194/2194 5740/5740
f 5731/5731 5727/5727 5740/5740
f 5741/5741 5740/5740 5742/5742
f 2194/2194 5743/5743 5740/5740
f 5742/5742 5740/5740 5743/5743
f 2194/2194 2174/2174 2195/2195
f 5744/5744 2195/2195 5745/5745
f 5743/5743 2194/2194 2195/2195
f 2195/2195 5746/5746 5743/5743
f 5746/5746 5742/5742 5743/5743
f 2195/2195 5744/5744 5746/5746
f 5740/5740 5741/5741 5731/5731
f 5732/5732 5731/5731 5741/5741
f 5747/5747 5748/5748 5742/5742
f 5742/5742 5748/5748 5741/5741
f 5749/5749 5732/5732 5741/5741
f 5749/5749 5729/5729 5732/5732
f 5749/5749 5741/5741 5748/5748
f 5749/5749 5748/5748 5750/5750
f 5747/5747 5742/5742 5746/5746
f 5747/5747 5746/5746 5744/5744
f 5750/5750 5747/5747 5744/5744
f 5750/5750 5744/5744 5745/5745
f 5747/5747 5750/5750 5748/5748
f 5745/5745 2195/2195 2191/2191
f 2193/2193 5751/5751 3960/3960
f 5752/5752 5749/5749 5750/5750
f 5752/5752 5729/5729 5749/5749
f 5753/5753 2176/2176 5730/5730
f 2176/2176 5753/5753 2193/2193
f 5752/5752 5750/5750 5745/5745
f 5753/5753 5751/5751 2193/2193
f 5754/5754 5734/5734 5733/5733
f 5735/5735 5754/5754 5733/5733
f 5735/5735 5756/5756 5754/5754
f 5755/5755 5757/5757 5758/5758
f 5760/5760 5756/5756 5735/5735
f 5758/5758 5757/5757 5759/5759
f 5758/5758 5734/5734 5755/5755
f 5758/5758 2173/2173 5734/5734
f 5745/5745 5761/5761 5752/5752
f 5762/5762 5752/5752 5761/5761
f 5745/5745 5763/5763 5761/5761
f 5760/5760 5735/5735 5737/5737
f 5759/5759 5764/5764 5758/5758
f 5737/5737 5765/5765 5760/5760
f 5739/5739 2173/2173 5758/5758
f 5767/5767 5768/5768 5737/5737
f 5770/5770 5758/5758 5764/5764
f 5765/5765 5737/5737 5768/5768
f 5771/5771 5768/5768 5767/5767
f 5736/5736 5738/5738 5766/5766
f 5769/5769 5765/5765 5768/5768
f 5772/5772 5769/5769 5768/5768
f 5758/5758 5770/5770 5773/5773
f 5772/5772 5774/5774 5769/5769
f 5758/5758 5773/5773 5739/5739
f 5767/5767 5774/5774 5772/5772
f 5775/5775 5730/5730 5739/5739
f 5775/5775 5753/5753 5730/5730
f 5766/5766 5738/5738 5729/5729
f 5739/5739 5773/5773 5776/5776
f 5729/5729 5779/5779 5766/5766
f 5767/5767 5778/5778 5774/5774
f 5778/5778 5777/5777 5774/5774
f 5739/5739 5776/5776 5775/5775
f 5777/5777 5778/5778 5780/5780
f 5781/5781 5775/5775 5776/5776
f 5729/5729 5782/5782 5779/5779
f 5778/5778 5783/5783 5780/5780
f 5762/5762 5729/5729 5752/5752
f 5784/5784 5751/5751 5753/5753
f 5784/5784 5753/5753 5775/5775
f 5781/5781 5784/5784 5775/5775
f 5781/5781 5785/5785 5784/5784
f 5729/5729 5788/5788 5782/5782
f 5762/5762 5788/5788 5729/5729
f 5790/5790 5784/5784 5785/5785
f 5787/5787 5789/5789 5786/5786
f 5789/5789 5787/5787 5792/5792
f 5793/5793 5784/5784 5790/5790
f 5792/5792 5793/5793 5789/5789
f 5762/5762 5791/5791 5788/5788
f 5791/5791 5762/5762 5794/5794
f 5797/5797 5798/5798 5784/5784
f 5797/5797 5784/5784 5793/5793
f 5795/5795 5796/5796 5791/5791
f 5792/5792 5797/5797 5793/5793
f 5799/5799 5762/5762 5761/5761
f 5798/5798 5800/5800 5751/5751
f 5800/5800 5802/5802 5751/5751
f 5800/5800 5804/5804 5802/5802
f 5761/5761 5805/5805 5809/5809
f 5810/5810 5802/5802 5804/5804
f 5805/5805 5761/5761 5763/5763
f 5811/5811 5805/5805 5763/5763
f 5813/5813 5814/5814 5804/5804
f 5815/5815 5812/5812 5811/5811
f 5805/5805 5811/5811 5812/5812
f 5751/5751 5784/5784 5798/5798
f 5761/5761 5816/5816 5799/5799
f 5799/5799 5794/5794 5762/5762
f 5799/5799 5818/5818 5795/5795
f 5798/5798 5797/5797 5819/5819
f 5818/5818 5796/5796 5795/5795
f 5798/5798 5819/5819 5817/5817
f 5816/5816 5818/5818 5799/5799
f 5804/5804 5800/5800 5820/5820
f 5822/5822 5804/5804 5820/5820
f 5826/5826 5805/5805 5812/5812
f 5825/5825 5813/5813 5804/5804
f 5823/5823 5805/5805 5826/5826
f 5825/5825 5804/5804 5822/5822
f 5827/5827 5761/5761 5809/5809
f 5830/5830 5761/5761 5827/5827
f 5829/5829 5798/5798 5817/5817
f 5830/5830 5816/5816 5761/5761
f 5798/5798 5829/5829 5828/5828
f 5833/5833 5808/5808 5801/5801
f 5809/5809 5832/5832 5827/5827
f 5798/5798 5831/5831 5800/5800
f 5806/5806 5820/5820 5800/5800
f 5831/5831 5798/5798 5828/5828
f 5809/5809 5805/5805 5823/5823
f 5824/5824 5821/5821 5807/5807
f 5783/5783 5786/5786 5780/5780
f 5786/5786 5783/5783 5787/5787
f 4847/4847 1208/1208 5834/5834
f 4847/4847 5835/5835 4843/4843
f 5835/5835 4847/4847 5834/5834
f 5835/5835 5834/5834 2549/2549
f 5835/5835 2549/2549 2559/2559
f 4848/4848 2533/2533 1118/1118
f 4849/4849 4843/4843 5835/5835
f 5836/5836 4849/4849 5835/5835
f 5837/5837 5836/5836 5835/5835
f 2572/2572 2559/2559 2569/2569
f 5835/5835 2559/2559 5837/5837
f 5837/5837 2559/2559 2572/2572
f 2565/2565 2566/2566 5838/5838
f 4850/4850 4849/4849 5836/5836
f 4877/4877 2533/2533 4848/4848
f 5839/5839 4875/4875 4850/4850
f 2533/2533 4877/4877 2566/2566
f 5839/5839 4850/4850 5836/5836
f 5837/5837 5840/5840 5836/5836
f 5841/5841 5840/5840 5837/5837
f 5841/5841 5837/5837 5842/5842
f 5836/5836 5840/5840 5841/5841
f 5839/5839 5836/5836 5841/5841
f 5842/5842 5843/5843 5841/5841
f 5841/5841 5844/5844 5839/5839
f 5844/5844 5841/5841 5843/5843
f 5844/5844 5843/5843 5845/5845
f 2572/2572 2571/2571 2588/2588
f 2572/2572 2590/2590 5846/5846
f 5847/5847 2572/2572 5846/5846
f 2590/2590 3345/3345 5846/5846
f 2572/2572 5847/5847 5837/5837
f 5838/5838 2585/2585 2565/2565
f 5847/5847 5846/5846 5848/5848
f 5849/5849 5837/5837 5847/5847
f 5842/5842 5837/5837 5849/5849
f 5849/5849 5850/5850 5842/5842
f 5843/5843 5842/5842 5850/5850
f 5851/5851 5847/5847 5848/5848
f 5847/5847 5851/5851 5849/5849
f 5851/5851 5852/5852 5849/5849
f 5849/5849 5852/5852 5850/5850
f 5852/5852 5853/5853 5850/5850
f 5854/5854 5850/5850 5855/5855
f 5850/5850 5853/5853 5855/5855
f 5853/5853 5856/5856 5855/5855
f 5856/5856 5854/5854 5855/5855
f 5857/5857 2602/2602 2608/2608
f 2607/2607 2585/2585 5838/5838
f 2608/2608 2598/2598 2609/2609
f 2608/2608 5858/5858 5857/5857
f 5858/5858 5859/5859 5860/5860
f 5858/5858 2608/2608 5859/5859
f 5859/5859 2608/2608 2609/2609
f 5861/5861 5853/5853 5862/5862
f 5856/5856 5853/5853 5861/5861
f 5862/5862 5859/5859 5863/5863
f 5864/5864 5862/5862 5863/5863
f 5854/5854 5843/5843 5850/5850
f 5854/5854 5865/5865 5843/5843
f 5866/5866 5843/5843 5865/5865
f 5845/5845 5843/5843 5866/5866
f 5845/5845 5866/5866 5844/5844
f 5867/5867 5844/5844 5866/5866
f 5854/5854 5856/5856 5861/5861
f 5854/5854 5861/5861 5862/5862
f 5865/5865 5854/5854 5862/5862
f 5865/5865 5862/5862 5864/5864
f 5868/5868 5865/5865 5864/5864
f 5869/5869 5865/5865 5868/5868
f 5869/5869 5866/5866 5865/5865
f 5870/5870 5866/5866 5869/5869
f 5871/5871 4875/4875 5839/5839
f 2566/2566 4877/4877 4880/4880
f 5871/5871 5839/5839 5844/5844
f 4881/4881 4875/4875 5871/5871
f 2566/2566 4880/4880 5838/5838
f 5871/5871 5844/5844 5872/5872
f 4880/4880 5873/5873 5838/5838
f 5873/5873 5874/5874 5838/5838
f 5874/5874 2607/2607 5838/5838
f 5867/5867 5866/5866 5870/5870
f 5875/5875 5876/5876 2607/2607
f 5874/5874 5875/5875 2607/2607
f 5844/5844 5867/5867 5872/5872
f 5877/5877 5872/5872 5867/5867
f 5877/5877 5867/5867 5870/5870
f 5878/5878 5875/5875 5874/5874
f 5879/5879 5875/5875 5878/5878
f 2737/2737 5880/5880 2736/2736
f 5880/5880 2616/2616 2736/2736
f 5881/5881 2738/2738 2616/2616
f 2616/2616 5880/5880 5881/5881
f 5882/5882 5880/5880 2737/2737
f 5882/5882 2737/2737 2733/2733
f 5881/5881 5880/5880 5883/5883
f 5882/5882 5884/5884 5880/5880
f 2741/2741 2604/2604 2607/2607
f 2740/2740 2742/2742 2609/2609
f 2609/2609 5885/5885 5859/5859
f 5885/5885 2609/2609 2742/2742
f 5886/5886 2743/2743 2741/2741
f 5863/5863 5859/5859 5885/5885
f 5876/5876 2741/2741 2607/2607
f 5887/5887 5885/5885 2742/2742
f 5886/5886 2741/2741 5876/5876
f 5863/5863 5885/5885 5887/5887
f 5864/5864 5863/5863 5868/5868
f 5868/5868 5863/5863 5887/5887
f 5876/5876 5888/5888 5886/5886
f 5889/5889 2738/2738 5881/5881
f 5881/5881 5883/5883 5889/5889
f 5882/5882 2733/2733 5890/5890
f 5891/5891 5882/5882 5890/5890
f 5890/5890 2733/2733 2749/2749
f 5889/5889 2746/2746 2738/2738
f 2749/2749 5892/5892 5890/5890
f 5893/5893 2746/2746 5889/5889
f 5893/5893 5894/5894 2746/2746
f 5889/5889 5883/5883 5896/5896
f 5891/5891 5884/5884 5882/5882
f 5893/5893 5889/5889 5896/5896
f 5897/5897 5896/5896 5883/5883
f 5893/5893 5896/5896 5897/5897
f 5897/5897 5884/5884 5891/5891
f 5891/5891 5898/5898 5897/5897
f 5890/5890 5898/5898 5891/5891
f 5887/5887 2742/2742 2755/2755
f 5888/5888 2743/2743 5886/5886
f 2757/2757 2743/2743 5888/5888
f 5899/5899 2748/2748 3367/3367
f 2749/2749 2748/2748 5899/5899
f 5892/5892 2749/2749 5900/5900
f 5900/5900 2749/2749 5899/5899
f 2757/2757 2759/2759 2756/2756
f 5901/5901 2759/2759 2757/2757
f 5902/5902 5868/5868 5887/5887
f 5869/5869 5868/5868 5902/5902
f 5897/5897 5898/5898 5903/5903
f 2755/2755 5902/5902 5887/5887
f 5902/5902 2755/2755 5904/5904
f 2755/2755 2760/2760 5904/5904
f 5905/5905 5901/5901 2757/2757
f 5905/5905 5906/5906 5901/5901
f 5907/5907 5904/5904 2760/2760
f 5869/5869 5902/5902 5908/5908
f 5908/5908 5902/5902 5904/5904
f 5870/5870 5869/5869 5908/5908
f 5909/5909 2757/2757 5888/5888
f 5905/5905 2757/2757 5909/5909
f 5904/5904 5907/5907 5910/5910
f 5908/5908 5904/5904 5910/5910
f 5895/5895 2751/2751 2747/2747
f 5911/5911 2765/2765 2763/2763
f 5912/5912 2765/2765 5911/5911
f 5913/5913 5899/5899 3368/3368
f 2751/2751 5911/5911 2763/2763
f 5914/5914 2751/2751 5895/5895
f 5912/5912 5911/5911 5915/5915
f 5911/5911 2751/2751 5915/5915
f 5916/5916 5912/5912 5915/5915
f 5914/5914 5915/5915 2751/2751
f 5916/5916 5915/5915 5914/5914
f 5917/5917 5912/5912 5916/5916
f 5918/5918 5920/5920 5917/5917
f 5919/5919 5917/5917 5916/5916
f 5921/5921 5919/5919 5916/5916
f 5922/5922 5916/5916 5914/5914
f 5913/5913 5900/5900 5899/5899
f 5923/5923 5894/5894 5893/5893
f 5920/5920 5913/5913 5924/5924
f 5913/5913 5925/5925 5900/5900
f 5913/5913 5926/5926 5925/5925
f 5928/5928 5914/5914 5895/5895
f 5894/5894 5923/5923 5927/5927
f 5913/5913 5920/5920 5929/5929
f 5928/5928 5922/5922 5914/5914
f 5930/5930 5921/5921 5916/5916
f 5916/5916 5922/5922 5930/5930
f 5931/5931 5927/5927 5923/5923
f 5913/5913 5929/5929 5932/5932
f 5933/5933 5930/5930 5922/5922
f 5928/5928 5933/5933 5922/5922
f 5903/5903 5893/5893 5897/5897
f 5903/5903 5923/5923 5893/5893
f 5934/5934 5903/5903 5898/5898
f 5898/5898 5890/5890 5935/5935
f 5934/5934 5898/5898 5935/5935
f 5890/5890 5892/5892 5900/5900
f 5936/5936 5935/5935 5890/5890
f 5900/5900 5936/5936 5890/5890
f 5936/5936 5900/5900 5925/5925
f 5923/5923 5903/5903 5937/5937
f 5937/5937 5903/5903 5934/5934
f 5937/5937 5931/5931 5923/5923
f 5913/5913 5932/5932 5926/5926
f 5938/5938 5936/5936 5925/5925
f 5934/5934 5935/5935 5939/5939
f 5937/5937 5934/5934 5939/5939
f 5935/5935 5936/5936 5938/5938
f 5940/5940 5937/5937 5939/5939
f 5935/5935 5940/5940 5939/5939
f 5935/5935 5941/5941 5940/5940
f 5941/5941 5935/5935 5938/5938
f 5942/5942 5940/5940 5941/5941
f 5941/5941 5938/5938 5942/5942
f 5937/5937 5940/5940 5944/5944
f 5937/5937 5944/5944 5945/5945
f 5945/5945 5931/5931 5937/5937
f 5927/5927 5931/5931 5946/5946
f 2759/2759 5901/5901 2771/2771
f 5907/5907 2760/2760 2770/2770
f 5947/5947 2771/2771 5901/5901
f 5947/5947 2773/2773 2771/2771
f 5907/5907 2770/2770 5948/5948
f 5949/5949 2770/2770 2774/2774
f 5948/5948 2770/2770 5949/5949
f 5950/5950 5932/5932 5929/5929
f 5906/5906 5947/5947 5901/5901
f 5951/5951 5907/5907 5948/5948
f 5952/5952 5947/5947 5906/5906
f 5930/5930 5953/5953 5954/5954
f 5955/5955 5930/5930 5933/5933
f 5953/5953 5930/5930 5955/5955
f 5955/5955 5933/5933 5928/5928
f 5955/5955 5956/5956 5953/5953
f 2774/2774 2767/2767 5957/5957
f 5958/5958 2775/2775 2773/2773
f 5947/5947 5958/5958 2773/2773
f 2774/2774 5957/5957 5949/5949
f 5957/5957 2767/2767 2777/2777
f 2775/2775 5958/5958 5959/5959
f 5947/5947 5960/5960 5958/5958
f 5960/5960 5959/5959 5958/5958
f 5961/5961 5948/5948 5949/5949
f 5952/5952 5960/5960 5947/5947
f 5957/5957 5961/5961 5949/5949
f 5961/5961 5957/5957 5962/5962
f 5962/5962 5957/5957 5963/5963
f 5963/5963 5964/5964 5962/5962
f 5910/5910 5907/5907 5951/5951
f 5910/5910 5951/5951 5965/5965
f 5905/5905 5966/5966 5906/5906
f 5925/5925 5942/5942 5938/5938
f 5967/5967 5965/5965 5951/5951
f 5968/5968 5951/5951 5948/5948
f 5965/5965 5967/5967 5969/5969
f 5967/5967 5951/5951 5968/5968
f 5971/5971 5955/5955 5928/5928
f 5970/5970 5927/5927 5946/5946
f 5955/5955 5971/5971 5956/5956
f 5932/5932 5950/5950 5972/5972
f 5956/5956 5973/5973 5974/5974
f 5974/5974 5973/5973 5975/5975
f 5976/5976 5956/5956 5971/5971
f 5956/5956 5976/5976 5973/5973
f 5977/5977 5976/5976 5971/5971
f 5932/5932 5978/5978 5926/5926
f 5926/5926 5978/5978 5925/5925
f 5942/5942 5925/5925 5978/5978
f 5942/5942 5978/5978 5979/5979
f 5980/5980 5946/5946 5931/5931
f 5980/5980 5981/5981 5946/5946
f 5981/5981 5970/5970 5946/5946
f 5982/5982 5977/5977 5971/5971
f 5981/5981 5983/5983 5970/5970
f 5984/5984 5973/5973 5976/5976
f 5984/5984 5976/5976 5977/5977
f 5982/5982 5984/5984 5977/5977
f 5948/5948 5961/5961 5968/5968
f 5968/5968 5961/5961 5962/5962
f 5964/5964 5985/5985 5962/5962
f 5986/5986 5960/5960 5987/5987
f 5968/5968 5962/5962 5985/5985
f 5985/5985 5964/5964 5988/5988
f 5989/5989 5952/5952 5906/5906
f 5967/5967 5968/5968 5985/5985
f 5990/5990 5967/5967 5985/5985
f 5973/5973 5991/5991 5992/5992
f 5991/5991 5973/5973 5984/5984
f 5952/5952 5987/5987 5960/5960
f 5875/5875 5879/5879 5876/5876
f 5888/5888 5876/5876 5879/5879
f 5908/5908 5993/5993 5870/5870
f 5879/5879 5994/5994 5888/5888
f 5994/5994 5909/5909 5888/5888
f 5994/5994 5905/5905 5909/5909
f 5995/5995 5908/5908 5910/5910
f 5993/5993 5908/5908 5995/5995
f 5910/5910 5996/5996 5995/5995
f 5994/5994 5879/5879 5997/5997
f 5996/5996 5969/5969 5998/5998
f 5940/5940 5942/5942 5943/5943
f 5945/5945 5980/5980 5931/5931
f 5942/5942 5999/5999 5943/5943
f 5910/5910 5965/5965 5996/5996
f 5996/5996 5965/5965 5969/5969
f 5966/5966 5989/5989 5906/5906
f 5966/5966 6000/6000 5989/5989
f 5969/5969 5967/5967 5990/5990
f 6001/6001 5969/5969 5990/5990
f 5999/5999 5942/5942 5979/5979
f 5999/5999 6002/6002 5943/5943
f 5945/5945 5944/5944 6002/6002
f 5980/5980 5945/5945 6003/6003
f 6002/6002 5999/5999 6004/6004
f 6004/6004 5999/5999 5979/5979
f 6004/6004 5979/5979 6005/6005
f 5979/5979 5978/5978 6006/6006
f 6005/6005 5979/5979 6006/6006
f 5980/5980 6003/6003 5981/5981
f 6007/6007 6008/6008 6006/6006
f 6005/6005 6006/6006 6008/6008
f 5981/5981 6003/6003 6009/6009
f 6009/6009 6010/6010 5981/5981
f 6004/6004 6011/6011 6002/6002
f 6011/6011 5945/5945 6002/6002
f 5945/5945 6011/6011 6003/6003
f 6012/6012 6011/6011 6004/6004
f 6009/6009 6003/6003 6011/6011
f 6009/6009 6011/6011 6012/6012
f 6008/6008 6007/6007 6013/6013
f 6014/6014 6004/6004 6005/6005
f 6014/6014 6005/6005 6008/6008
f 6015/6015 6008/6008 6013/6013
f 6012/6012 6004/6004 6014/6014
f 6014/6014 6008/6008 6015/6015
f 6000/6000 5987/5987 5989/5989
f 5985/5985 6016/6016 5990/5990
f 6017/6017 6018/6018 6019/6019
f 6018/6018 6017/6017 6020/6020
f 6021/6021 6020/6020 6022/6022
f 5987/5987 5952/5952 5989/5989
f 6007/6007 6015/6015 6013/6013
f 6022/6022 6020/6020 6017/6017
f 6022/6022 6017/6017 6023/6023
f 6023/6023 6019/6019 6024/6024
f 6024/6024 6019/6019 6025/6025
f 6024/6024 6025/6025 6026/6026
f 6024/6024 6026/6026 6027/6027
f 5966/5966 6028/6028 6000/6000
f 6014/6014 6029/6029 6012/6012
f 6029/6029 6014/6014 6015/6015
f 6012/6012 6030/6030 6009/6009
f 6029/6029 6015/6015 6031/6031
f 6012/6012 6032/6032 6030/6030
f 6029/6029 6032/6032 6012/6012
f 6033/6033 4880/4880 4927/4927
f 4880/4880 6033/6033 5873/5873
f 6033/6033 5874/5874 5873/5873
f 6034/6034 5874/5874 6033/6033
f 6035/6035 6034/6034 6033/6033
f 6036/6036 4927/4927 6037/6037
f 6036/6036 6033/6033 4927/4927
f 6036/6036 6035/6035 6033/6033
f 6038/6038 5871/5871 5872/5872
f 5877/5877 6038/6038 5872/5872
f 6039/6039 6034/6034 6035/6035
f 5870/5870 6040/6040 5877/5877
f 5997/5997 5879/5879 5878/5878
f 6034/6034 5878/5878 5874/5874
f 6041/6041 5878/5878 6034/6034
f 6040/6040 5870/5870 5993/5993
f 6042/6042 5997/5997 6041/6041
f 6041/6041 5997/5997 5878/5878
f 6043/6043 6041/6041 6034/6034
f 6044/6044 6041/6041 6043/6043
f 6037/6037 4927/4927 6045/6045
f 4927/4927 4940/4940 6045/6045
f 6046/6046 6036/6036 6037/6037
f 6047/6047 6036/6036 6046/6046
f 6046/6046 6037/6037 6045/6045
f 6046/6046 6045/6045 6048/6048
f 6049/6049 6046/6046 6048/6048
f 4881/4881 5871/5871 4939/4939
f 4943/4943 4939/4939 5871/5871
f 6045/6045 4940/4940 6050/6050
f 6050/6050 6048/6048 6045/6045
f 6050/6050 6051/6051 6048/6048
f 6052/6052 4940/4940 4941/4941
f 4940/4940 6051/6051 6050/6050
f 6035/6035 6036/6036 6047/6047
f 6049/6049 6047/6047 6046/6046
f 6053/6053 6047/6047 6049/6049
f 6053/6053 6035/6035 6047/6047
f 6053/6053 6039/6039 6035/6035
f 6053/6053 6049/6049 6054/6054
f 6054/6054 6039/6039 6053/6053
f 6051/6051 6049/6049 6048/6048
f 6049/6049 6051/6051 6054/6054
f 6055/6055 6039/6039 6054/6054
f 6055/6055 6054/6054 6051/6051
f 4940/4940 6055/6055 6051/6051
f 6056/6056 6039/6039 6055/6055
f 6052/6052 6055/6055 4940/4940
f 6057/6057 6052/6052 4941/4941
f 4943/4943 5871/5871 6038/6038
f 6058/6058 6057/6057 4941/4941
f 5206/5206 6058/6058 4941/4941
f 6059/6059 6057/6057 6058/6058
f 6038/6038 6060/6060 4943/4943
f 6059/6059 6061/6061 6057/6057
f 6059/6059 6062/6062 6061/6061
f 6063/6063 6055/6055 6052/6052
f 6060/6060 6038/6038 5877/5877
f 6052/6052 6064/6064 6063/6063
f 6055/6055 6063/6063 6056/6056
f 6057/6057 6064/6064 6052/6052
f 6065/6065 6063/6063 6064/6064
f 6066/6066 6060/6060 5877/5877
f 6039/6039 6056/6056 6034/6034
f 6056/6056 6043/6043 6034/6034
f 6067/6067 6043/6043 6056/6056
f 6066/6066 6040/6040 5993/5993
f 6068/6068 6056/6056 6063/6063
f 6066/6066 5877/5877 6040/6040
f 6068/6068 6067/6067 6056/6056
f 6063/6063 6065/6065 6068/6068
f 6069/6069 6068/6068 6065/6065
f 6070/6070 6068/6068 6069/6069
f 6070/6070 6067/6067 6068/6068
f 6067/6067 6070/6070 6071/6071
f 6067/6067 6071/6071 6072/6072
f 6072/6072 6044/6044 6067/6067
f 6073/6073 6071/6071 6070/6070
f 6073/6073 6070/6070 6069/6069
f 6071/6071 6074/6074 6072/6072
f 6042/6042 5994/5994 5997/5997
f 6041/6041 6075/6075 6042/6042
f 5994/5994 6042/6042 6076/6076
f 6075/6075 6076/6076 6042/6042
f 6077/6077 6076/6076 6075/6075
f 6076/6076 5905/5905 5994/5994
f 6076/6076 5966/5966 5905/5905
f 5995/5995 5996/5996 5998/5998
f 6078/6078 5966/5966 6076/6076
f 6076/6076 6077/6077 6078/6078
f 6041/6041 6044/6044 6075/6075
f 5993/5993 5995/5995 6079/6079
f 5995/5995 5998/5998 6079/6079
f 6044/6044 6080/6080 6077/6077
f 6080/6080 6081/6081 6077/6077
f 6078/6078 6077/6077 6081/6081
f 6082/6082 6081/6081 6080/6080
f 6083/6083 6081/6081 6082/6082
f 6083/6083 6084/6084 6081/6081
f 6044/6044 6077/6077 6075/6075
f 6085/6085 6082/6082 6080/6080
f 6067/6067 6044/6044 6043/6043
f 6016/6016 5985/5985 5988/5988
f 6001/6001 5990/5990 6016/6016
f 6026/6026 6086/6086 6027/6027
f 6087/6087 6024/6024 6027/6027
f 6088/6088 6016/6016 6089/6089
f 6016/6016 6088/6088 6090/6090
f 5998/5998 5969/5969 6001/6001
f 6090/6090 6001/6001 6016/6016
f 6028/6028 5987/5987 6000/6000
f 5987/5987 6028/6028 6091/6091
f 6091/6091 6092/6092 5987/5987
f 6093/6093 6092/6092 6091/6091
f 6078/6078 6081/6081 6084/6084
f 6078/6078 6084/6084 6094/6094
f 6044/6044 6085/6085 6080/6080
f 6082/6082 6085/6085 6095/6095
f 6095/6095 6083/6083 6082/6082
f 6095/6095 6085/6085 6096/6096
f 6095/6095 6096/6096 6097/6097
f 6028/6028 5966/5966 6078/6078
f 5998/5998 6001/6001 6098/6098
f 6099/6099 6028/6028 6078/6078
f 6099/6099 6078/6078 6094/6094
f 6099/6099 6100/6100 6028/6028
f 6098/6098 6001/6001 6101/6101
f 6100/6100 6091/6091 6028/6028
f 6102/6102 6100/6100 6099/6099
f 6103/6103 6093/6093 6091/6091
f 6103/6103 6104/6104 6093/6093
f 6103/6103 6091/6091 6100/6100
f 6104/6104 6103/6103 6100/6100
f 6100/6100 6102/6102 6105/6105
f 6104/6104 6100/6100 6105/6105
f 6104/6104 6105/6105 6106/6106
f 6107/6107 6104/6104 6106/6106
f 6094/6094 6084/6084 6108/6108
f 6083/6083 6108/6108 6084/6084
f 6109/6109 6108/6108 6083/6083
f 6094/6094 6102/6102 6099/6099
f 6090/6090 6101/6101 6001/6001
f 6095/6095 6109/6109 6083/6083
f 6097/6097 6108/6108 6109/6109
f 6097/6097 6094/6094 6108/6108
f 6097/6097 6109/6109 6095/6095
f 6096/6096 6110/6110 6097/6097
f 6094/6094 6097/6097 6110/6110
f 6106/6106 6105/6105 6111/6111
f 6105/6105 6102/6102 6111/6111
f 6112/6112 6085/6085 6044/6044
f 6112/6112 6096/6096 6085/6085
f 6079/6079 5998/5998 6098/6098
f 6113/6113 5993/5993 6079/6079
f 6114/6114 6044/6044 6072/6072
f 6044/6044 6114/6114 6112/6112
f 6072/6072 6074/6074 6114/6114
f 6113/6113 6079/6079 6115/6115
f 6114/6114 6116/6116 6112/6112
f 6115/6115 6079/6079 6098/6098
f 6114/6114 6117/6117 6116/6116
f 6112/6112 6116/6116 6110/6110
f 6116/6116 6118/6118 6110/6110
f 6118/6118 6116/6116 6119/6119
f 6112/6112 6110/6110 6096/6096
f 6110/6110 6102/6102 6094/6094
f 6120/6120 6102/6102 6110/6110
f 6120/6120 6111/6111 6102/6102
f 6121/6121 6101/6101 6090/6090
f 6121/6121 6090/6090 6122/6122
f 6118/6118 6120/6120 6110/6110
f 6123/6123 6120/6120 6118/6118
f 6124/6124 6111/6111 6120/6120
f 6124/6124 6125/6125 6111/6111
f 6123/6123 6124/6124 6120/6120
f 6123/6123 6126/6126 6124/6124
f 6127/6127 6124/6124 6126/6126
f 6128/6128 6126/6126 6123/6123
f 6125/6125 6124/6124 6127/6127
f 2775/2775 5959/5959 2883/2883
f 5957/5957 2777/2777 2884/2884
f 5963/5963 5957/5957 2884/2884
f 6129/6129 5963/5963 2884/2884
f 6130/6130 6131/6131 5959/5959
f 6132/6132 5963/5963 6129/6129
f 6131/6131 2883/2883 5959/5959
f 5959/5959 5960/5960 5986/5986
f 5964/5964 5963/5963 6132/6132
f 6133/6133 5983/5983 5981/5981
f 5984/5984 5982/5982 6135/6135
f 6133/6133 6134/6134 5983/5983
f 5991/5991 5984/5984 6136/6136
f 5991/5991 6136/6136 6025/6025
f 6136/6136 5984/5984 6135/6135
f 6010/6010 6133/6133 5981/5981
f 6138/6138 6134/6134 6133/6133
f 6139/6139 6138/6138 6133/6133
f 6030/6030 6010/6010 6009/6009
f 6010/6010 6139/6139 6133/6133
f 6138/6138 6137/6137 6134/6134
f 6140/6140 6138/6138 6139/6139
f 6140/6140 6137/6137 6138/6138
f 6026/6026 6025/6025 6142/6142
f 6143/6143 6139/6139 6010/6010
f 6023/6023 6144/6144 6022/6022
f 6143/6143 6010/6010 6030/6030
f 6140/6140 6145/6145 6137/6137
f 6146/6146 6023/6023 6087/6087
f 6029/6029 6031/6031 6147/6147
f 6148/6148 6146/6146 6087/6087
f 6143/6143 6030/6030 6149/6149
f 6032/6032 6029/6029 6147/6147
f 6150/6150 6032/6032 6147/6147
f 6147/6147 6146/6146 6148/6148
f 6147/6147 6148/6148 6150/6150
f 6030/6030 6032/6032 6149/6149
f 6032/6032 6151/6151 6149/6149
f 6032/6032 6150/6150 6151/6151
f 6151/6151 6150/6150 6152/6152
f 6152/6152 6150/6150 6148/6148
f 6129/6129 2884/2884 6153/6153
f 6153/6153 6154/6154 6155/6155
f 6153/6153 6155/6155 6129/6129
f 6132/6132 6155/6155 6156/6156
f 6129/6129 6155/6155 6132/6132
f 3148/3148 6153/6153 2884/2884
f 6157/6157 6153/6153 3148/3148
f 3148/3148 3149/3149 6157/6157
f 3151/3151 6157/6157 3149/3149
f 6131/6131 2871/2871 2883/2883
f 3154/3154 2871/2871 6131/6131
f 6154/6154 6156/6156 6155/6155
f 6156/6156 3151/3151 3150/3150
f 6158/6158 6156/6156 3150/3150
f 5986/5986 6130/6130 5959/5959
f 6156/6156 6159/6159 6132/6132
f 6160/6160 6132/6132 6159/6159
f 5964/5964 6132/6132 6160/6160
f 3154/3154 6131/6131 6130/6130
f 6159/6159 6156/6156 6158/6158
f 6161/6161 6159/6159 6158/6158
f 6158/6158 3150/3150 6162/6162
f 6160/6160 6159/6159 6161/6161
f 6160/6160 6161/6161 6163/6163
f 6163/6163 6161/6161 6158/6158
f 3150/3150 3152/3152 6162/6162
f 6158/6158 6162/6162 6164/6164
f 6166/6166 3157/3157 3154/3154
f 3152/3152 3153/3153 3159/3159
f 3152/3152 3159/3159 6162/6162
f 6167/6167 6162/6162 3159/3159
f 6167/6167 3159/3159 3162/3162
f 6168/6168 6158/6158 6164/6164
f 6164/6164 6162/6162 6167/6167
f 6164/6164 6167/6167 6169/6169
f 6165/6165 6170/6170 3156/3156
f 6171/6171 6164/6164 6169/6169
f 6172/6172 6164/6164 6171/6171
f 5987/5987 6130/6130 5986/5986
f 5964/5964 6160/6160 6163/6163
f 6163/6163 6173/6173 5964/5964
f 5988/5988 5964/5964 6173/6173
f 6092/6092 3154/3154 6130/6130
f 6173/6173 6163/6163 6158/6158
f 6173/6173 6158/6158 6168/6168
f 6174/6174 6173/6173 6168/6168
f 3154/3154 6092/6092 6175/6175
f 5988/5988 6174/6174 6016/6016
f 5988/5988 6173/6173 6174/6174
f 6176/6176 6174/6174 6168/6168
f 6176/6176 6177/6177 6174/6174
f 6166/6166 3154/3154 6175/6175
f 6164/6164 6172/6172 6168/6168
f 6176/6176 6168/6168 6172/6172
f 6176/6176 6172/6172 6178/6178
f 6178/6178 6172/6172 6171/6171
f 6175/6175 6179/6179 6166/6166
f 6177/6177 6176/6176 6178/6178
f 6178/6178 6181/6181 6177/6177
f 3179/3179 6171/6171 6169/6169
f 6182/6182 6171/6171 3179/3179
f 6181/6181 6178/6178 6171/6171
f 6182/6182 6183/6183 6171/6171
f 6181/6181 6171/6171 6183/6183
f 6170/6170 3171/3171 3156/3156
f 6167/6167 3162/3162 3179/3179
f 6169/6169 6167/6167 3179/3179
f 3179/3179 3178/3178 6184/6184
f 3180/3180 3171/3171 3184/3184
f 6170/6170 3184/3184 3171/3171
f 6184/6184 3178/3178 3181/3181
f 3181/3181 6185/6185 6184/6184
f 6186/6186 6184/6184 6185/6185
f 6186/6186 6185/6185 6187/6187
f 6188/6188 6186/6186 6187/6187
f 3184/3184 3189/3189 3183/3183
f 6182/6182 3179/3179 6184/6184
f 6184/6184 6186/6186 6182/6182
f 6189/6189 6182/6182 6186/6186
f 6183/6183 6182/6182 6189/6189
f 6190/6190 6189/6189 6186/6186
f 6089/6089 6016/6016 6174/6174
f 6145/6145 6141/6141 6137/6137
f 6027/6027 6086/6086 6191/6191
f 6092/6092 6130/6130 5987/5987
f 6192/6192 6141/6141 6145/6145
f 6143/6143 6140/6140 6139/6139
f 6140/6140 6192/6192 6145/6145
f 6193/6193 6192/6192 6140/6140
f 6143/6143 6193/6193 6140/6140
f 6194/6194 6192/6192 6193/6193
f 6195/6195 6194/6194 6193/6193
f 6196/6196 6175/6175 6092/6092
f 6198/6198 6174/6174 6177/6177
f 6089/6089 6174/6174 6198/6198
f 6196/6196 6179/6179 6175/6175
f 6198/6198 6088/6088 6089/6089
f 6199/6199 6180/6180 6197/6197
f 6198/6198 6177/6177 6181/6181
f 6198/6198 6181/6181 6200/6200
f 6200/6200 6181/6181 6201/6201
f 6180/6180 6202/6202 6165/6165
f 6200/6200 6201/6201 6198/6198
f 6027/6027 6191/6191 6203/6203
f 6143/6143 6195/6195 6193/6193
f 6205/6205 6194/6194 6195/6195
f 6205/6205 6195/6195 6206/6206
f 6207/6207 6148/6148 6087/6087
f 6207/6207 6152/6152 6148/6148
f 6151/6151 6152/6152 6207/6207
f 6208/6208 6143/6143 6149/6149
f 6209/6209 6143/6143 6208/6208
f 6093/6093 6196/6196 6092/6092
f 6211/6211 6203/6203 6212/6212
f 6204/6204 6211/6211 6212/6212
f 6205/6205 6206/6206 6213/6213
f 6215/6215 6196/6196 6093/6093
f 6216/6216 6203/6203 6211/6211
f 6217/6217 6220/6220 6197/6197
f 6218/6218 6196/6196 6215/6215
f 6221/6221 6218/6218 6214/6214
f 6223/6223 6215/6215 6093/6093
f 6216/6216 6211/6211 6222/6222
f 6216/6216 6222/6222 6225/6225
f 6224/6224 6221/6221 6214/6214
f 6227/6227 6224/6224 6214/6214
f 6225/6225 6226/6226 6216/6216
f 6219/6219 6222/6222 6211/6211
f 6217/6217 6210/6210 6228/6228
f 6228/6228 6220/6220 6217/6217
f 6229/6229 6227/6227 6214/6214
f 6229/6229 6215/6215 6223/6223
f 6090/6090 6088/6088 6230/6230
f 6088/6088 6198/6198 6230/6230
f 6197/6197 6220/6220 6199/6199
f 6228/6228 6210/6210 6231/6231
f 6220/6220 6228/6228 6232/6232
f 6233/6233 6228/6228 6231/6231
f 6199/6199 6220/6220 6232/6232
f 6234/6234 6232/6232 6228/6228
f 6198/6198 6235/6235 6230/6230
f 6234/6234 6236/6236 6232/6232
f 6236/6236 6237/6237 6232/6232
f 6199/6199 6232/6232 6237/6237
f 6238/6238 6195/6195 6143/6143
f 6238/6238 6206/6206 6195/6195
f 6209/6209 6238/6238 6143/6143
f 6239/6239 6206/6206 6238/6238
f 6238/6238 6209/6209 6239/6239
f 6213/6213 6206/6206 6239/6239
f 6240/6240 6213/6213 6239/6239
f 6240/6240 6239/6239 6209/6209
f 6199/6199 6202/6202 6180/6180
f 6241/6241 6242/6242 6213/6213
f 6241/6241 6213/6213 6240/6240
f 6240/6240 6243/6243 6241/6241
f 6244/6244 6243/6243 6240/6240
f 6240/6240 6209/6209 6244/6244
f 6245/6245 6246/6246 6243/6243
f 6244/6244 6245/6245 6243/6243
f 6201/6201 6181/6181 6183/6183
f 6170/6170 6165/6165 6202/6202
f 6247/6247 6170/6170 6202/6202
f 6183/6183 6248/6248 6201/6201
f 6189/6189 6248/6248 6183/6183
f 6249/6249 6170/6170 6247/6247
f 6250/6250 6199/6199 6237/6237
f 6235/6235 6198/6198 6201/6201
f 6235/6235 6201/6201 6248/6248
f 6251/6251 6202/6202 6199/6199
f 6251/6251 6247/6247 6202/6202
f 6251/6251 6249/6249 6247/6247
f 6252/6252 6248/6248 6189/6189
f 6249/6249 3184/3184 6170/6170
f 6253/6253 3184/3184 6249/6249
f 6185/6185 3181/3181 6254/6254
f 6187/6187 6185/6185 6254/6254
f 6188/6188 6187/6187 6255/6255
f 3181/3181 3185/3185 6254/6254
f 6254/6254 3185/3185 6256/6256
f 3241/3241 3188/3188 3189/3189
f 6254/6254 6255/6255 6187/6187
f 6255/6255 6254/6254 6256/6256
f 3189/3189 6257/6257 3241/3241
f 3185/3185 3249/3249 6256/6256
f 6256/6256 3249/3249 3268/3268
f 6255/6255 6256/6256 3268/3268
f 6257/6257 3248/3248 3241/3241
f 6258/6258 6255/6255 3268/3268
f 3268/3268 3249/3249 3260/3260
f 3260/3260 3262/3262 3268/3268
f 3268/3268 6259/6259 6258/6258
f 6259/6259 6260/6260 6258/6258
f 6188/6188 6190/6190 6186/6186
f 6261/6261 6257/6257 3189/3189
f 6262/6262 6188/6188 6255/6255
f 6262/6262 6255/6255 6260/6260
f 6260/6260 6255/6255 6258/6258
f 6263/6263 3248/3248 6257/6257
f 6263/6263 6257/6257 6264/6264
f 3248/3248 6263/6263 3254/3254
f 3268/3268 3267/3267 6259/6259
f 6259/6259 3267/3267 3296/3296
f 6265/6265 6259/6259 3296/3296
f 6260/6260 6259/6259 6265/6265
f 6266/6266 3265/3265 3254/3254
f 3265/3265 6266/6266 3266/3266
f 6267/6267 3266/3266 6266/6266
f 6268/6268 6265/6265 3296/3296
f 6267/6267 3274/3274 3266/3266
f 3296/3296 6269/6269 6268/6268
f 6270/6270 3274/3274 6267/6267
f 6261/6261 3189/3189 3184/3184
f 6257/6257 6261/6261 6264/6264
f 6266/6266 3254/3254 6263/6263
f 6261/6261 3184/3184 6253/6253
f 6190/6190 6188/6188 6271/6271
f 6272/6272 6264/6264 6261/6261
f 6189/6189 6190/6190 6252/6252
f 6253/6253 6272/6272 6261/6261
f 6271/6271 6188/6188 6262/6262
f 6273/6273 6271/6271 6262/6262
f 6274/6274 6264/6264 6272/6272
f 6264/6264 6274/6274 6263/6263
f 6274/6274 6275/6275 6263/6263
f 6276/6276 6265/6265 6268/6268
f 6263/6263 6277/6277 6266/6266
f 6260/6260 6265/6265 6276/6276
f 6278/6278 6260/6260 6276/6276
f 6278/6278 6273/6273 6262/6262
f 6278/6278 6262/6262 6260/6260
f 6275/6275 6277/6277 6263/6263
f 6279/6279 6267/6267 6266/6266
f 6280/6280 6276/6276 6268/6268
f 6270/6270 6267/6267 6279/6279
f 6279/6279 6266/6266 6277/6277
f 6277/6277 6281/6281 6279/6279
f 6281/6281 6282/6282 6283/6283
f 6279/6279 6281/6281 6284/6284
f 6285/6285 6279/6279 6284/6284
f 6283/6283 6284/6284 6281/6281
f 6286/6286 6284/6284 6283/6283
f 6287/6287 6151/6151 6207/6207
f 6287/6287 6288/6288 6151/6151
f 6149/6149 6151/6151 6288/6288
f 6288/6288 6208/6208 6149/6149
f 6287/6287 6289/6289 6288/6288
f 6289/6289 6287/6287 6290/6290
f 6290/6290 6291/6291 6289/6289
f 6288/6288 6289/6289 6291/6291
f 6291/6291 6292/6292 6288/6288
f 6208/6208 6288/6288 6292/6292
f 6093/6093 6104/6104 6223/6223
f 6223/6223 6293/6293 6229/6229
f 6107/6107 6223/6223 6104/6104
f 6107/6107 6293/6293 6223/6223
f 6295/6295 6296/6296 6226/6226
f 6294/6294 6227/6227 6229/6229
f 6229/6229 6293/6293 6294/6294
f 6106/6106 6297/6297 6107/6107
f 6298/6298 6299/6299 6291/6291
f 6299/6299 6300/6300 6291/6291
f 6300/6300 6292/6292 6291/6291
f 6244/6244 6209/6209 6208/6208
f 6301/6301 6246/6246 6245/6245
f 6244/6244 6208/6208 6302/6302
f 6303/6303 6208/6208 6292/6292
f 6303/6303 6302/6302 6208/6208
f 6304/6304 6244/6244 6302/6302
f 6303/6303 6292/6292 6300/6300
f 6305/6305 6303/6303 6300/6300
f 6303/6303 6306/6306 6302/6302
f 6305/6305 6300/6300 6299/6299
f 6306/6306 6304/6304 6302/6302
f 6306/6306 6303/6303 6305/6305
f 6305/6305 6307/6307 6306/6306
f 6237/6237 6236/6236 6308/6308
f 6308/6308 6250/6250 6237/6237
f 6293/6293 6310/6310 6294/6294
f 6296/6296 6295/6295 6309/6309
f 6250/6250 6308/6308 6311/6311
f 6297/6297 6293/6293 6107/6107
f 6106/6106 6313/6313 6297/6297
f 6297/6297 6310/6310 6293/6293
f 6317/6317 6310/6310 6297/6297
f 6296/6296 6309/6309 6316/6316
f 6315/6315 6317/6317 6297/6297
f 6298/6298 6296/6296 6316/6316
f 6316/6316 6319/6319 6298/6298
f 6314/6314 6320/6320 6318/6318
f 6312/6312 6308/6308 6321/6321
f 6322/6322 6251/6251 6199/6199
f 6323/6323 6199/6199 6250/6250
f 6311/6311 6323/6323 6250/6250
f 6322/6322 6199/6199 6323/6323
f 6324/6324 6245/6245 6244/6244
f 6324/6324 6301/6301 6245/6245
f 6304/6304 6324/6324 6244/6244
f 6325/6325 6301/6301 6324/6324
f 6324/6324 6304/6304 6326/6326
f 6327/6327 6326/6326 6304/6304
f 6328/6328 6327/6327 6304/6304
f 6329/6329 6328/6328 6304/6304
f 6330/6330 6251/6251 6322/6322
f 6330/6330 6249/6249 6251/6251
f 6330/6330 6253/6253 6249/6249
f 6323/6323 6331/6331 6322/6322
f 6333/6333 6322/6322 6331/6331
f 6335/6335 6322/6322 6333/6333
f 6333/6333 6337/6337 6335/6335
f 6235/6235 6248/6248 6338/6338
f 6335/6335 6330/6330 6322/6322
f 6339/6339 6327/6327 6328/6328
f 6339/6339 6328/6328 6340/6340
f 6340/6340 6341/6341 6339/6339
f 6248/6248 6252/6252 6338/6338
f 6335/6335 6342/6342 6330/6330
f 6343/6343 6342/6342 6335/6335
f 6335/6335 6337/6337 6344/6344
f 6346/6346 6313/6313 6106/6106
f 6347/6347 6313/6313 6346/6346
f 6235/6235 6349/6349 6230/6230
f 6348/6348 6320/6320 6314/6314
f 6122/6122 6090/6090 6230/6230
f 6125/6125 6346/6346 6106/6106
f 6347/6347 6346/6346 6350/6350
f 6351/6351 6305/6305 6299/6299
f 6306/6306 6329/6329 6304/6304
f 6305/6305 6351/6351 6307/6307
f 6307/6307 6352/6352 6306/6306
f 6353/6353 6307/6307 6351/6351
f 6352/6352 6329/6329 6306/6306
f 6319/6319 6354/6354 6355/6355
f 6348/6348 6354/6354 6320/6320
f 6338/6338 6349/6349 6235/6235
f 6340/6340 6328/6328 6329/6329
f 6343/6343 6335/6335 6344/6344
f 6344/6344 6357/6357 6343/6343
f 6358/6358 6343/6343 6357/6357
f 6360/6360 6340/6340 6361/6361
f 6361/6361 6362/6362 6360/6360
f 6363/6363 6364/6364 6356/6356
f 6364/6364 6359/6359 6356/6356
f 6362/6362 6361/6361 6365/6365
f 6348/6348 6367/6367 6354/6354
f 6350/6350 6366/6366 6347/6347
f 6368/6368 6366/6366 6350/6350
f 6367/6367 6370/6370 6354/6354
f 6370/6370 6367/6367 6369/6369
f 6371/6371 6329/6329 6352/6352
f 6329/6329 6361/6361 6340/6340
f 6365/6365 6361/6361 6372/6372
f 6329/6329 6372/6372 6361/6361
f 6125/6125 6106/6106 6111/6111
f 6122/6122 6230/6230 6373/6373
f 6373/6373 6230/6230 6349/6349
f 6346/6346 6374/6374 6350/6350
f 6374/6374 6346/6346 6375/6375
f 6125/6125 6375/6375 6346/6346
f 6375/6375 6376/6376 6374/6374
f 6377/6377 6373/6373 6349/6349
f 6353/6353 6378/6378 6307/6307
f 6307/6307 6378/6378 6352/6352
f 6380/6380 6370/6370 6369/6369
f 6368/6368 6350/6350 6379/6379
f 6382/6382 6379/6379 6350/6350
f 6383/6383 6370/6370 6380/6380
f 6384/6384 6370/6370 6383/6383
f 6383/6383 6385/6385 6384/6384
f 6350/6350 6374/6374 6387/6387
f 6387/6387 6382/6382 6350/6350
f 6388/6388 6353/6353 6389/6389
f 6388/6388 6378/6378 6353/6353
f 6376/6376 6387/6387 6374/6374
f 6390/6390 6387/6387 6376/6376
f 6387/6387 6390/6390 6391/6391
f 6392/6392 6376/6376 6375/6375
f 6390/6390 6376/6376 6392/6392
f 6393/6393 6391/6391 6390/6390
f 6392/6392 6394/6394 6390/6390
f 6394/6394 6393/6393 6390/6390
f 6378/6378 6388/6388 6395/6395
f 6352/6352 6378/6378 6395/6395
f 6396/6396 6352/6352 6395/6395
f 6127/6127 6397/6397 6125/6125
f 6397/6397 6398/6398 6125/6125
f 6398/6398 6375/6375 6125/6125
f 6398/6398 6392/6392 6375/6375
f 6399/6399 6392/6392 6398/6398
f 6397/6397 6400/6400 6398/6398
f 6400/6400 6399/6399 6398/6398
f 6399/6399 6394/6394 6392/6392
f 6342/6342 6253/6253 6330/6330
f 6358/6358 6364/6364 6401/6401
f 6358/6358 6401/6401 6343/6343
f 6401/6401 6364/6364 6402/6402
f 6403/6403 6252/6252 6404/6404
f 6405/6405 6402/6402 6406/6406
f 6401/6401 6402/6402 6405/6405
f 6407/6407 6343/6343 6401/6401
f 6338/6338 6252/6252 6403/6403
f 6408/6408 6401/6401 6405/6405
f 6405/6405 6409/6409 6408/6408
f 6408/6408 6407/6407 6401/6401
f 6410/6410 6403/6403 6404/6404
f 6252/6252 6190/6190 6404/6404
f 6404/6404 6190/6190 6271/6271
f 6411/6411 6272/6272 6253/6253
f 6411/6411 6412/6412 6272/6272
f 6342/6342 6411/6411 6253/6253
f 6413/6413 6342/6342 6343/6343
f 6411/6411 6342/6342 6413/6413
f 6411/6411 6413/6413 6343/6343
f 6404/6404 6271/6271 6273/6273
f 6412/6412 6274/6274 6272/6272
f 6412/6412 6414/6414 6274/6274
f 6414/6414 6275/6275 6274/6274
f 6411/6411 6415/6415 6412/6412
f 6414/6414 6412/6412 6415/6415
f 6416/6416 6414/6414 6415/6415
f 6411/6411 6343/6343 6407/6407
f 6372/6372 6417/6417 6365/6365
f 6418/6418 6329/6329 6371/6371
f 6418/6418 6372/6372 6329/6329
f 6419/6419 6417/6417 6372/6372
f 6405/6405 6420/6420 6409/6409
f 6418/6418 6419/6419 6372/6372
f 6411/6411 6407/6407 6421/6421
f 6421/6421 6415/6415 6411/6411
f 6416/6416 6415/6415 6421/6421
f 6407/6407 6416/6416 6421/6421
f 6410/6410 6404/6404 6273/6273
f 6414/6414 6277/6277 6275/6275
f 6281/6281 6277/6277 6414/6414
f 6414/6414 6416/6416 6281/6281
f 6422/6422 6423/6423 6282/6282
f 6286/6286 6283/6283 6424/6424
f 6424/6424 6283/6283 6282/6282
f 6425/6425 6286/6286 6424/6424
f 6425/6425 6424/6424 6282/6282
f 6423/6423 6425/6425 6282/6282
f 6426/6426 6273/6273 6278/6278
f 6410/6410 6273/6273 6426/6426
f 6426/6426 6278/6278 6427/6427
f 6428/6428 6281/6281 6416/6416
f 6278/6278 6276/6276 6427/6427
f 6281/6281 6429/6429 6282/6282
f 6282/6282 6429/6429 6422/6422
f 6430/6430 6427/6427 6276/6276
f 6428/6428 6429/6429 6281/6281
f 6383/6383 6380/6380 6381/6381
f 6386/6386 6383/6383 6381/6381
f 6431/6431 6386/6386 6381/6381
f 6391/6391 6382/6382 6387/6387
f 6391/6391 6433/6433 6382/6382
f 6382/6382 6433/6433 6432/6432
f 6434/6434 6432/6432 6433/6433
f 6431/6431 6437/6437 6386/6386
f 6435/6435 6437/6437 6431/6431
f 6433/6433 6391/6391 6438/6438
f 6393/6393 6438/6438 6391/6391
f 6438/6438 6434/6434 6433/6433
f 6394/6394 6439/6439 6393/6393
f 6438/6438 6393/6393 6439/6439
f 6441/6441 6434/6434 6438/6438
f 6438/6438 6442/6442 6441/6441
f 6442/6442 6438/6438 6439/6439
f 6388/6388 6389/6389 6443/6443
f 6443/6443 6444/6444 6445/6445
f 6446/6446 6437/6437 6435/6435
f 6443/6443 6395/6395 6388/6388
f 6443/6443 6396/6396 6395/6395
f 6443/6443 6448/6448 6396/6396
f 6448/6448 6443/6443 6449/6449
f 6449/6449 6443/6443 6445/6445
f 6448/6448 6450/6450 6396/6396
f 6448/6448 6449/6449 6450/6450
f 6451/6451 6396/6396 6450/6450
f 6451/6451 6352/6352 6396/6396
f 6440/6440 6446/6446 6435/6435
f 6452/6452 6446/6446 6440/6440
f 6445/6445 6447/6447 6452/6452
f 6454/6454 6441/6441 6442/6442
f 6452/6452 6440/6440 6453/6453
f 6377/6377 6349/6349 6338/6338
f 6456/6456 6377/6377 6338/6338
f 6457/6457 6458/6458 6400/6400
f 6442/6442 6439/6439 6394/6394
f 6442/6442 6394/6394 6399/6399
f 6400/6400 6442/6442 6399/6399
f 6459/6459 6442/6442 6400/6400
f 6450/6450 6460/6460 6451/6451
f 6452/6452 6461/6461 6462/6462
f 6460/6460 6450/6450 6449/6449
f 6460/6460 6449/6449 6463/6463
f 6464/6464 6460/6460 6463/6463
f 6463/6463 6462/6462 6464/6464
f 6464/6464 6465/6465 6460/6460
f 6465/6465 6451/6451 6460/6460
f 6465/6465 6466/6466 6451/6451
f 6400/6400 6467/6467 6459/6459
f 6400/6400 6458/6458 6468/6468
f 6461/6461 6452/6452 6453/6453
f 6455/6455 6469/6469 6461/6461
f 6453/6453 6470/6470 6469/6469
f 6454/6454 6442/6442 6459/6459
f 6459/6459 6471/6471 6454/6454
f 6461/6461 6469/6469 6472/6472
f 6472/6472 6474/6474 6461/6461
f 6472/6472 6469/6469 6470/6470
f 6477/6477 6471/6471 6459/6459
f 6477/6477 6473/6473 6471/6471
f 6459/6459 6479/6479 6477/6477
f 6481/6481 6479/6479 6459/6459
f 6459/6459 6482/6482 6481/6481
f 6477/6477 6478/6478 6473/6473
f 6478/6478 6476/6476 6473/6473
f 6480/6480 6476/6476 6478/6478
f 6480/6480 6483/6483 6476/6476
f 6484/6484 6475/6475 6486/6486
f 6486/6486 6475/6475 6483/6483
f 6487/6487 6459/6459 6467/6467
f 6490/6490 6482/6482 6459/6459
f 6459/6459 6487/6487 6490/6490
f 6486/6486 6483/6483 6489/6489
f 6486/6486 6491/6491 6484/6484
f 6493/6493 6486/6486 6489/6489
f 6491/6491 6486/6486 6493/6493
f 6493/6493 6489/6489 6488/6488
f 6338/6338 6403/6403 6494/6494
f 6400/6400 6468/6468 6467/6467
f 6495/6495 6497/6497 6467/6467
f 6498/6498 6501/6501 6467/6467
f 6467/6467 6501/6501 6487/6487
f 6488/6488 6500/6500 6493/6493
f 6501/6501 6498/6498 6492/6492
f 6498/6498 6503/6503 6493/6493
f 6503/6503 6504/6504 6493/6493
f 6497/6497 6498/6498 6467/6467
f 6505/6505 6507/6507 6502/6502
f 6505/6505 6502/6502 6509/6509
f 6466/6466 6465/6465 6507/6507
f 6466/6466 6505/6505 6510/6510
f 6505/6505 6466/6466 6507/6507
f 6495/6495 6498/6498 6497/6497
f 6505/6505 6509/6509 6499/6499
f 6512/6512 6505/6505 6499/6499
f 6514/6514 6505/6505 6512/6512
f 6498/6498 6495/6495 6515/6515
f 6511/6511 6498/6498 6515/6515
f 6495/6495 6516/6516 6517/6517
f 6515/6515 6496/6496 6517/6517
f 6516/6516 6518/6518 6517/6517
f 6511/6511 6515/6515 6519/6519
f 6519/6519 6517/6517 6520/6520
f 6419/6419 6521/6521 6417/6417
f 6522/6522 6419/6419 6418/6418
f 6523/6523 6418/6418 6371/6371
f 6451/6451 6371/6371 6352/6352
f 6524/6524 6408/6408 6409/6409
f 6521/6521 6419/6419 6526/6526
f 6522/6522 6526/6526 6419/6419
f 6527/6527 6528/6528 6524/6524
f 6529/6529 6526/6526 6522/6522
f 6418/6418 6529/6529 6522/6522
f 6530/6530 6526/6526 6529/6529
f 6531/6531 6529/6529 6418/6418
f 6532/6532 6408/6408 6525/6525
f 6532/6532 6407/6407 6408/6408
f 6530/6530 6529/6529 6533/6533
f 6531/6531 6418/6418 6523/6523
f 6371/6371 6534/6534 6523/6523
f 6528/6528 6535/6535 6524/6524
f 6533/6533 6529/6529 6537/6537
f 6538/6538 6529/6529 6531/6531
f 6523/6523 6538/6538 6531/6531
f 6538/6538 6537/6537 6529/6529
f 6539/6539 6538/6538 6523/6523
f 6539/6539 6540/6540 6538/6538
f 6510/6510 6371/6371 6451/6451
f 6466/6466 6510/6510 6451/6451
f 6542/6542 6371/6371 6510/6510
f 6542/6542 6534/6534 6371/6371
f 6543/6543 6544/6544 6545/6545
f 6534/6534 6546/6546 6523/6523
f 6546/6546 6544/6544 6547/6547
f 6548/6548 6544/6544 6546/6546
f 6546/6546 6547/6547 6549/6549
f 6523/6523 6546/6546 6549/6549
f 6547/6547 6550/6550 6549/6549
f 6545/6545 6544/6544 6548/6548
f 6551/6551 6545/6545 6548/6548
f 6534/6534 6542/6542 6548/6548
f 6546/6546 6534/6534 6548/6548
f 6549/6549 6539/6539 6523/6523
f 6552/6552 6539/6539 6549/6549
f 6549/6549 6550/6550 6552/6552
f 6505/6505 6513/6513 6510/6510
f 6554/6554 6510/6510 6513/6513
f 6510/6510 6554/6554 6542/6542
f 6545/6545 6551/6551 6555/6555
f 6556/6556 6555/6555 6551/6551
f 6542/6542 6551/6551 6548/6548
f 6557/6557 6551/6551 6542/6542
f 6556/6556 6551/6551 6557/6557
f 6558/6558 6559/6559 6555/6555
f 6558/6558 6555/6555 6556/6556
f 6560/6560 6558/6558 6556/6556
f 6513/6513 6512/6512 6554/6554
f 6511/6511 6563/6563 6553/6553
f 6560/6560 6556/6556 6557/6557
f 6542/6542 6560/6560 6557/6557
f 6564/6564 6562/6562 6541/6541
f 6416/6416 6407/6407 6565/6565
f 6407/6407 6532/6532 6565/6565
f 6532/6532 6525/6525 6566/6566
f 6568/6568 6532/6532 6566/6566
f 6566/6566 6525/6525 6570/6570
f 6573/6573 6571/6571 6524/6524
f 6568/6568 6566/6566 6570/6570
f 6569/6569 6573/6573 6567/6567
f 6574/6574 6575/6575 6578/6578
f 6577/6577 6580/6580 6574/6574
f 6579/6579 6581/6581 6574/6574
f 6573/6573 6524/6524 6535/6535
f 6536/6536 6583/6583 6572/6572
f 6582/6582 6567/6567 6573/6573
f 6532/6532 6568/6568 6585/6585
f 6582/6582 6587/6587 6568/6568
f 6587/6587 6585/6585 6568/6568
f 6588/6588 6586/6586 6583/6583
f 6581/6581 6590/6590 6574/6574
f 6591/6591 6590/6590 6581/6581
f 6595/6595 6581/6581 6597/6597
f 6599/6599 6581/6581 6595/6595
f 6591/6591 6581/6581 6599/6599
f 6602/6602 6578/6578 6575/6575
f 6602/6602 6575/6575 6603/6603
f 6580/6580 6576/6576 6602/6602
f 6579/6579 6601/6601 6597/6597
f 6604/6604 6574/6574 6590/6590
f 6574/6574 6603/6603 6575/6575
f 6603/6603 6574/6574 6604/6604
f 6597/6597 6601/6601 6606/6606
f 6605/6605 6602/6602 6603/6603
f 6604/6604 6605/6605 6603/6603
f 6609/6609 6604/6604 6590/6590
f 6605/6605 6604/6604 6609/6609
f 6581/6581 6579/6579 6597/6597
f 6608/6608 6598/6598 6593/6593
f 6594/6594 6605/6605 6609/6609
f 6596/6596 6605/6605 6594/6594
f 6565/6565 6532/6532 6585/6585
f 6592/6592 6565/6565 6585/6585
f 6591/6591 6611/6611 6590/6590
f 6612/6612 6584/6584 6586/6586
f 6610/6610 6592/6592 6585/6585
f 6609/6609 6590/6590 6613/6613
f 6613/6613 6616/6616 6609/6609
f 6614/6614 6612/6612 6586/6586
f 6615/6615 6600/6600 6607/6607
f 6618/6618 6600/6600 6615/6615
f 6617/6617 6614/6614 6586/6586
f 6591/6591 6599/6599 6618/6618
f 6617/6617 6586/6586 6619/6619
f 6617/6617 6619/6619 6620/6620
f 6621/6621 6565/6565 6592/6592
f 6591/6591 6618/6618 6622/6622
f 6592/6592 6623/6623 6621/6621
f 6538/6538 6624/6624 6537/6537
f 6540/6540 6626/6626 6538/6538
f 6538/6538 6626/6626 6624/6624
f 6627/6627 6624/6624 6626/6626
f 6624/6624 6627/6627 6628/6628
f 6416/6416 6565/6565 6428/6428
f 6429/6429 6428/6428 6629/6629
f 6621/6621 6428/6428 6565/6565
f 6621/6621 6629/6629 6428/6428
f 6621/6621 6630/6630 6629/6629
f 6550/6550 6631/6631 6552/6552
f 6632/6632 6552/6552 6631/6631
f 6631/6631 6634/6634 6632/6632
f 6636/6636 6638/6638 6639/6639
f 6640/6640 6642/6642 6643/6643
f 6634/6634 6645/6645 6632/6632
f 6633/6633 6644/6644 6642/6642
f 6644/6644 6643/6643 6642/6642
f 6646/6646 6617/6617 6620/6620
f 6618/6618 6647/6647 6622/6622
f 6552/6552 6632/6632 6539/6539
f 6632/6632 6648/6648 6539/6539
f 6539/6539 6648/6648 6540/6540
f 6649/6649 6648/6648 6632/6632
f 6651/6651 6633/6633 6642/6642
f 6649/6649 6653/6653 6648/6648
f 6654/6654 6650/6650 6642/6642
f 6655/6655 6650/6650 6654/6654
f 6656/6656 6657/6657 6652/6652
f 6653/6653 6652/6652 6657/6657
f 6626/6626 6540/6540 6627/6627
f 6628/6628 6627/6627 6658/6658
f 6660/6660 6658/6658 6627/6627
f 6627/6627 6662/6662 6660/6660
f 6540/6540 6662/6662 6627/6627
f 6648/6648 6664/6664 6665/6665
f 6648/6648 6653/6653 6664/6664
f 6667/6667 6620/6620 6659/6659
f 6665/6665 6540/6540 6648/6648
f 6540/6540 6665/6665 6662/6662
f 6669/6669 6635/6635 6671/6671
f 6671/6671 6674/6674 6669/6669
f 6675/6675 6677/6677 6561/6561
f 6677/6677 6675/6675 6679/6679
f 6669/6669 6637/6637 6635/6635
f 6669/6669 6643/6643 6637/6637
f 6681/6681 6640/6640 6679/6679
f 6683/6683 6680/6680 6676/6676
f 6679/6679 6675/6675 6681/6681
f 6676/6676 6562/6562 6564/6564
f 6564/6564 6683/6683 6676/6676
f 6684/6684 6680/6680 6683/6683
f 6683/6683 6686/6686 6684/6684
f 6687/6687 6683/6683 6564/6564
f 6687/6687 6686/6686 6683/6683
f 6689/6689 6687/6687 6564/6564
f 6691/6691 6684/6684 6686/6686
f 6642/6642 6640/6640 6654/6654
f 6654/6654 6640/6640 6655/6655
f 6685/6685 6641/6641 6682/6682
f 6692/6692 6641/6641 6685/6685
f 6692/6692 6656/6656 6641/6641
f 6692/6692 6693/6693 6656/6656
f 6694/6694 6695/6695 6693/6693
f 6693/6693 6695/6695 6656/6656
f 6695/6695 6657/6657 6656/6656
f 6695/6695 6694/6694 6696/6696
f 6690/6690 6692/6692 6685/6685
f 6693/6693 6692/6692 6690/6690
f 6697/6697 6693/6693 6690/6690
f 6697/6697 6694/6694 6693/6693
f 6698/6698 6697/6697 6699/6699
f 6694/6694 6697/6697 6698/6698
f 6701/6701 6694/6694 6698/6698
f 6695/6695 6653/6653 6657/6657
f 6695/6695 6664/6664 6653/6653
f 6702/6702 6664/6664 6696/6696
f 6665/6665 6664/6664 6702/6702
f 6666/6666 6703/6703 6704/6704
f 6696/6696 6664/6664 6695/6695
f 6666/6666 6705/6705 6663/6663
f 6696/6696 6694/6694 6701/6701
f 6701/6701 6702/6702 6696/6696
f 6706/6706 6702/6702 6709/6709
f 6711/6711 6703/6703 6708/6708
f 6709/6709 6702/6702 6699/6699
f 6699/6699 6702/6702 6701/6701
f 6703/6703 6711/6711 6704/6704
f 6622/6622 6647/6647 6712/6712
f 6714/6714 6712/6712 6647/6647
f 6623/6623 6713/6713 6621/6621
f 6646/6646 6620/6620 6716/6716
f 6718/6718 6712/6712 6714/6714
f 6720/6720 6717/6717 6715/6715
f 6720/6720 6715/6715 6668/6668
f 6621/6621 6713/6713 6630/6630
f 6667/6667 6659/6659 6661/6661
f 6721/6721 6667/6667 6661/6661
f 6724/6724 6725/6725 6713/6713
f 6727/6727 6730/6730 6733/6733
f 6725/6725 6724/6724 6731/6731
f 6728/6728 6723/6723 6738/6738
f 6737/6737 6734/6734 6729/6729
f 6722/6722 6712/6712 6718/6718
f 6739/6739 6717/6717 6720/6720
f 6738/6738 6723/6723 6719/6719
f 6739/6739 6736/6736 6717/6717
f 6740/6740 6739/6739 6720/6720
f 6739/6739 6740/6740 6741/6741
f 6713/6713 6725/6725 6630/6630
f 6725/6725 6742/6742 6746/6746
f 6742/6742 6725/6725 6731/6731
f 6743/6743 6730/6730 6727/6727
f 6744/6744 6743/6743 6748/6748
f 6748/6748 6743/6743 6727/6727
f 6739/6739 6741/6741 6726/6726
f 6740/6740 6720/6720 6668/6668
f 6721/6721 6661/6661 6705/6705
f 6740/6740 6668/6668 6721/6721
f 6741/6741 6721/6721 6705/6705
f 6666/6666 6704/6704 6705/6705
f 6705/6705 6661/6661 6663/6663
f 6741/6741 6740/6740 6721/6721
f 6741/6741 6705/6705 6704/6704
f 6749/6749 6058/6058 5206/5206
f 6750/6750 6058/6058 6749/6749
f 6059/6059 6058/6058 6062/6062
f 6750/6750 6062/6062 6058/6058
f 4943/4943 6060/6060 5209/5209
f 5211/5211 6750/6750 6749/6749
f 6749/6749 5206/5206 5211/5211
f 6750/6750 5211/5211 6751/6751
f 6751/6751 6752/6752 6750/6750
f 6752/6752 6753/6753 6062/6062
f 6064/6064 6061/6061 6062/6062
f 6064/6064 6057/6057 6061/6061
f 6753/6753 6064/6064 6062/6062
f 6753/6753 6754/6754 6064/6064
f 6752/6752 6062/6062 6750/6750
f 6755/6755 6752/6752 6751/6751
f 6753/6753 6752/6752 6754/6754
f 6752/6752 6755/6755 6754/6754
f 6756/6756 6751/6751 5211/5211
f 5210/5210 6756/6756 5211/5211
f 6757/6757 6756/6756 5210/5210
f 6755/6755 6756/6756 6757/6757
f 5256/5256 5209/5209 6758/6758
f 5256/5256 4942/4942 5209/5209
f 6751/6751 6756/6756 6755/6755
f 6065/6065 6754/6754 6755/6755
f 6757/6757 6065/6065 6755/6755
f 6065/6065 6064/6064 6754/6754
f 6060/6060 6758/6758 5209/5209
f 6758/6758 6060/6060 6066/6066
f 6759/6759 6758/6758 6066/6066
f 6074/6074 6071/6071 6073/6073
f 5263/5263 5257/5257 6761/6761
f 5264/5264 6757/6757 5210/5210
f 6762/6762 6757/6757 5264/5264
f 5256/5256 6758/6758 6760/6760
f 6759/6759 6760/6760 6758/6758
f 6065/6065 6757/6757 6762/6762
f 5264/5264 5268/5268 6762/6762
f 6763/6763 6759/6759 6066/6066
f 6073/6073 6069/6069 6074/6074
f 6765/6765 6069/6069 6065/6065
f 6766/6766 6066/6066 6767/6767
f 6767/6767 6066/6066 5993/5993
f 6767/6767 5993/5993 6768/6768
f 6766/6766 6763/6763 6066/6066
f 6769/6769 6069/6069 6765/6765
f 6767/6767 6771/6771 6766/6766
f 6770/6770 6769/6769 6765/6765
f 6772/6772 6763/6763 6766/6766
f 6764/6764 6773/6773 6772/6772
f 6766/6766 6771/6771 6772/6772
f 6764/6764 6772/6772 6771/6771
f 6769/6769 6770/6770 6776/6776
f 6775/6775 6771/6771 6767/6767
f 6776/6776 6777/6777 6769/6769
f 6776/6776 6781/6781 6777/6777
f 6769/6769 6778/6778 6069/6069
f 6767/6767 6768/6768 6775/6775
f 6069/6069 6778/6778 6782/6782
f 6768/6768 6780/6780 6775/6775
f 6768/6768 6784/6784 6780/6780
f 6779/6779 6785/6785 6069/6069
f 6783/6783 6785/6785 6779/6779
f 6785/6785 6786/6786 6069/6069
f 6788/6788 6785/6785 6783/6783
f 6786/6786 6785/6785 6787/6787
f 6786/6786 6074/6074 6069/6069
f 5993/5993 6789/6789 6768/6768
f 6789/6789 5993/5993 6113/6113
f 6784/6784 6768/6768 6789/6789
f 5267/5267 5263/5263 6761/6761
f 5267/5267 6761/6761 6791/6791
f 6762/6762 5268/5268 5267/5267
f 6790/6790 6762/6762 5267/5267
f 6792/6792 6065/6065 6762/6762
f 6797/6797 6760/6760 6798/6798
f 6790/6790 6794/6794 6793/6793
f 6795/6795 6791/6791 6761/6761
f 6800/6800 6065/6065 6792/6792
f 6801/6801 6793/6793 6794/6794
f 6762/6762 6790/6790 6793/6793
f 6765/6765 6065/6065 6804/6804
f 6806/6806 6759/6759 6763/6763
f 6806/6806 6763/6763 6774/6774
f 6808/6808 6809/6809 6810/6810
f 6809/6809 6759/6759 6806/6806
f 6807/6807 6759/6759 6809/6809
f 6764/6764 6810/6810 6773/6773
f 6809/6809 6806/6806 6810/6810
f 6773/6773 6810/6810 6806/6806
f 6798/6798 6760/6760 6759/6759
f 6800/6800 6804/6804 6065/6065
f 6799/6799 6802/6802 6796/6796
f 6802/6802 6799/6799 6805/6805
f 6759/6759 6807/6807 6798/6798
f 6805/6805 6799/6799 6808/6808
f 6764/6764 6803/6803 6810/6810
f 6808/6808 6810/6810 6805/6805
f 6774/6774 6763/6763 6772/6772
f 6811/6811 6786/6786 6787/6787
f 6788/6788 6783/6783 6812/6812
f 6787/6787 6812/6812 6811/6811
f 6813/6813 6074/6074 6786/6786
f 6817/6817 6784/6784 6789/6789
f 6811/6811 6812/6812 6816/6816
f 6816/6816 6812/6812 6783/6783
f 6813/6813 6786/6786 6811/6811
f 6818/6818 6820/6820 6074/6074
f 6813/6813 6818/6818 6074/6074
f 6789/6789 6822/6822 6817/6817
f 6811/6811 6816/6816 6815/6815
f 6817/6817 6821/6821 6814/6814
f 6823/6823 6822/6822 6789/6789
f 6824/6824 6814/6814 6821/6821
f 6814/6814 6824/6824 6819/6819
f 6824/6824 6826/6826 6819/6819
f 6827/6827 6789/6789 6113/6113
f 6823/6823 6789/6789 6827/6827
f 6825/6825 6823/6823 6827/6827
f 6826/6826 6828/6828 6819/6819
f 6831/6831 6818/6818 6829/6829
f 6825/6825 6827/6827 6832/6832
f 6828/6828 6826/6826 6832/6832
f 6833/6833 6835/6835 6830/6830
f 6117/6117 6114/6114 6836/6836
f 6820/6820 6114/6114 6074/6074
f 6837/6837 6836/6836 6114/6114
f 6820/6820 6837/6837 6114/6114
f 6838/6838 6836/6836 6837/6837
f 6839/6839 6838/6838 6837/6837
f 6840/6840 6841/6841 6117/6117
f 6842/6842 6841/6841 6840/6840
f 6840/6840 6117/6117 6836/6836
f 6838/6838 6840/6840 6836/6836
f 6843/6843 6840/6840 6838/6838
f 6843/6843 6844/6844 6840/6840
f 6116/6116 6117/6117 6119/6119
f 6117/6117 6841/6841 6119/6119
f 6119/6119 6845/6845 6118/6118
f 6845/6845 6119/6119 6846/6846
f 6098/6098 6101/6101 6847/6847
f 6846/6846 6841/6841 6842/6842
f 6840/6840 6844/6844 6842/6842
f 6842/6842 6844/6844 6846/6846
f 6846/6846 6119/6119 6841/6841
f 6844/6844 6848/6848 6846/6846
f 6845/6845 6846/6846 6848/6848
f 6839/6839 6837/6837 6820/6820
f 6838/6838 6839/6839 6843/6843
f 6820/6820 6831/6831 6839/6839
f 6831/6831 6849/6849 6839/6839
f 6839/6839 6849/6849 6843/6843
f 6848/6848 6844/6844 6843/6843
f 6849/6849 6848/6848 6843/6843
f 6848/6848 6849/6849 6845/6845
f 6115/6115 6098/6098 6847/6847
f 6831/6831 6845/6845 6849/6849
f 6113/6113 6115/6115 6851/6851
f 6851/6851 6115/6115 6847/6847
f 6121/6121 6847/6847 6101/6101
f 6118/6118 6128/6128 6123/6123
f 6128/6128 6118/6118 6845/6845
f 6127/6127 6126/6126 6852/6852
f 6853/6853 6127/6127 6852/6852
f 6397/6397 6127/6127 6853/6853
f 6852/6852 6854/6854 6853/6853
f 6847/6847 6121/6121 6855/6855
f 6128/6128 6856/6856 6126/6126
f 6857/6857 6855/6855 6121/6121
f 6859/6859 6847/6847 6855/6855
f 6861/6861 6856/6856 6128/6128
f 6864/6864 6859/6859 6855/6855
f 6864/6864 6855/6855 6866/6866
f 6863/6863 6868/6868 6869/6869
f 6861/6861 6128/6128 6869/6869
f 6866/6866 6855/6855 6871/6871
f 6861/6861 6869/6869 6868/6868
f 6862/6862 6865/6865 6872/6872
f 6870/6870 6872/6872 6867/6867
f 6871/6871 6855/6855 6857/6857
f 6871/6871 6857/6857 6873/6873
f 6874/6874 6862/6862 6872/6872
f 6877/6877 6872/6872 6870/6870
f 6876/6876 6871/6871 6873/6873
f 6878/6878 6873/6873 6857/6857
f 6872/6872 6877/6877 6874/6874
f 6879/6879 6874/6874 6877/6877
f 6881/6881 6860/6860 6875/6875
f 6880/6880 6876/6876 6873/6873
f 6878/6878 6883/6883 6873/6873
f 6852/6852 6126/6126 6885/6885
f 6126/6126 6856/6856 6885/6885
f 6122/6122 6857/6857 6121/6121
f 6861/6861 6885/6885 6856/6856
f 6854/6854 6852/6852 6885/6885
f 6887/6887 6885/6885 6861/6861
f 6878/6878 6857/6857 6122/6122
f 6887/6887 6854/6854 6885/6885
f 6887/6887 6861/6861 6882/6882
f 6878/6878 6122/6122 6888/6888
f 6831/6831 6820/6820 6818/6818
f 6827/6827 6113/6113 6851/6851
f 6845/6845 6831/6831 6889/6889
f 6832/6832 6827/6827 6851/6851
f 6829/6829 6834/6834 6831/6831
f 6833/6833 6890/6890 6835/6835
f 6890/6890 6831/6831 6834/6834
f 6833/6833 6850/6850 6891/6891
f 6889/6889 6831/6831 6890/6890
f 6891/6891 6892/6892 6833/6833
f 6833/6833 6892/6892 6890/6890
f 6893/6893 6892/6892 6891/6891
f 6890/6890 6892/6892 6889/6889
f 6889/6889 6892/6892 6893/6893
f 6893/6893 6891/6891 6850/6850
f 6894/6894 6847/6847 6859/6859
f 6895/6895 6851/6851 6847/6847
f 6889/6889 6896/6896 6845/6845
f 6896/6896 6897/6897 6845/6845
f 6895/6895 6894/6894 6899/6899
f 6900/6900 6845/6845 6897/6897
f 6894/6894 6895/6895 6847/6847
f 6902/6902 6899/6899 6894/6894
f 6903/6903 6894/6894 6906/6906
f 6906/6906 6894/6894 6859/6859
f 6902/6902 6894/6894 6903/6903
f 6904/6904 6905/6905 6907/6907
f 6901/6901 6907/6907 6897/6897
f 6904/6904 6907/6907 6901/6901
f 6900/6900 6897/6897 6907/6907
f 6899/6899 6851/6851 6895/6895
f 6898/6898 6893/6893 6850/6850
f 6893/6893 6896/6896 6889/6889
f 6898/6898 6897/6897 6896/6896
f 6896/6896 6893/6893 6898/6898
f 6901/6901 6897/6897 6898/6898
f 6845/6845 6900/6900 6128/6128
f 6908/6908 6128/6128 6900/6900
f 6908/6908 6869/6869 6128/6128
f 6908/6908 6863/6863 6869/6869
f 6908/6908 6858/6858 6863/6863
f 6907/6907 6905/6905 6909/6909
f 6907/6907 6909/6909 6900/6900
f 6909/6909 6908/6908 6900/6900
f 6858/6858 6908/6908 6909/6909
f 6858/6858 6909/6909 6905/6905
f 6880/6880 6873/6873 6884/6884
f 6886/6886 6880/6880 6884/6884
f 6910/6910 6883/6883 6878/6878
f 6886/6886 6884/6884 6911/6911
f 6910/6910 6911/6911 6884/6884
f 6911/6911 6912/6912 6886/6886
f 6887/6887 6913/6913 6854/6854
f 6910/6910 6914/6914 6911/6911
f 6915/6915 6910/6910 6878/6878
f 6915/6915 6878/6878 6916/6916
f 6915/6915 6914/6914 6910/6910
f 6914/6914 6915/6915 6916/6916
f 6917/6917 6912/6912 6911/6911
f 6911/6911 6914/6914 6917/6917
f 6914/6914 6916/6916 6918/6918
f 6918/6918 6917/6917 6914/6914
f 6919/6919 6916/6916 6878/6878
f 6919/6919 6878/6878 6888/6888
f 6916/6916 6919/6919 6918/6918
f 6920/6920 6918/6918 6919/6919
f 6918/6918 6921/6921 6917/6917
f 6920/6920 6921/6921 6918/6918
f 6920/6920 6919/6919 6888/6888
f 6888/6888 6922/6922 6920/6920
f 6923/6923 6912/6912 6917/6917
f 6924/6924 6888/6888 6122/6122
f 6925/6925 6921/6921 6920/6920
f 6925/6925 6920/6920 6922/6922
f 6917/6917 6921/6921 6923/6923
f 6921/6921 6926/6926 6923/6923
f 6922/6922 6888/6888 6924/6924
f 6925/6925 6922/6922 6924/6924
f 6912/6912 6923/6923 6927/6927
f 6926/6926 6928/6928 6923/6923
f 6924/6924 6929/6929 6925/6925
f 6928/6928 6927/6927 6923/6923
f 6929/6929 6924/6924 6930/6930
f 6931/6931 6927/6927 6928/6928
f 6932/6932 6929/6929 6930/6930
f 6930/6930 6933/6933 6932/6932
f 6927/6927 6931/6931 6934/6934
f 6912/6912 6927/6927 6935/6935
f 6377/6377 6937/6937 6122/6122
f 6938/6938 6853/6853 6854/6854
f 6939/6939 6930/6930 6924/6924
f 6933/6933 6930/6930 6939/6939
f 6940/6940 6933/6933 6939/6939
f 6936/6936 6854/6854 6913/6913
f 6943/6943 6854/6854 6936/6936
f 6937/6937 6924/6924 6122/6122
f 6944/6944 6854/6854 6943/6943
f 6854/6854 6944/6944 6938/6938
f 6935/6935 6927/6927 6934/6934
f 6941/6941 6935/6935 6934/6934
f 6942/6942 6935/6935 6941/6941
f 6924/6924 6945/6945 6939/6939
f 6940/6940 6939/6939 6945/6945
f 6941/6941 6947/6947 6942/6942
f 6945/6945 6946/6946 6940/6940
f 6945/6945 6924/6924 6937/6937
f 6947/6947 6944/6944 6943/6943
f 6944/6944 6947/6947 6948/6948
f 6949/6949 6946/6946 6945/6945
f 6937/6937 6950/6950 6945/6945
f 6949/6949 6945/6945 6950/6950
f 6937/6937 6951/6951 6950/6950
f 6944/6944 6948/6948 6952/6952
f 6949/6949 6950/6950 6953/6953
f 6938/6938 6944/6944 6954/6954
f 6952/6952 6954/6954 6944/6944
f 6938/6938 6954/6954 6955/6955
f 6952/6952 6955/6955 6954/6954
f 6938/6938 6955/6955 6956/6956
f 6955/6955 6952/6952 6957/6957
f 6958/6958 6953/6953 6950/6950
f 6957/6957 6956/6956 6955/6955
f 6950/6950 6959/6959 6958/6958
f 6956/6956 6957/6957 6959/6959
f 6950/6950 6951/6951 6959/6959
f 6377/6377 6122/6122 6373/6373
f 6960/6960 6397/6397 6853/6853
f 6457/6457 6400/6400 6397/6397
f 6960/6960 6457/6457 6397/6397
f 6961/6961 6457/6457 6960/6960
f 6961/6961 6962/6962 6457/6457
f 6962/6962 6458/6458 6457/6457
f 6963/6963 6962/6962 6961/6961
f 6964/6964 6960/6960 6853/6853
f 6963/6963 6961/6961 6960/6960
f 6964/6964 6963/6963 6960/6960
f 6964/6964 6965/6965 6966/6966
f 6966/6966 6963/6963 6964/6964
f 6967/6967 6968/6968 6962/6962
f 6969/6969 6962/6962 6963/6963
f 6962/6962 6969/6969 6967/6967
f 6970/6970 6971/6971 6967/6967
f 6963/6963 6966/6966 6969/6969
f 6965/6965 6969/6969 6966/6966
f 6969/6969 6965/6965 6970/6970
f 6970/6970 6967/6967 6969/6969
f 6970/6970 6468/6468 6971/6971
f 6468/6468 6970/6970 6965/6965
f 6458/6458 6971/6971 6468/6468
f 6968/6968 6458/6458 6962/6962
f 6968/6968 6971/6971 6458/6458
f 6967/6967 6971/6971 6968/6968
f 6456/6456 6338/6338 6494/6494
f 6468/6468 6495/6495 6467/6467
f 6468/6468 6516/6516 6495/6495
f 6516/6516 6972/6972 6518/6518
f 6518/6518 6520/6520 6517/6517
f 6563/6563 6511/6511 6519/6519
f 6563/6563 6519/6519 6520/6520
f 6518/6518 6973/6973 6520/6520
f 6974/6974 6520/6520 6973/6973
f 6563/6563 6520/6520 6974/6974
f 6974/6974 6973/6973 6975/6975
f 6976/6976 6516/6516 6468/6468
f 6853/6853 6965/6965 6964/6964
f 6456/6456 6977/6977 6377/6377
f 6938/6938 6468/6468 6965/6965
f 6938/6938 6965/6965 6853/6853
f 6456/6456 6494/6494 6977/6977
f 6468/6468 6978/6978 6976/6976
f 6979/6979 6975/6975 6973/6973
f 6516/6516 6980/6980 6972/6972
f 6982/6982 6983/6983 6979/6979
f 6516/6516 6981/6981 6980/6980
f 6983/6983 6975/6975 6979/6979
f 6410/6410 6985/6985 6403/6403
f 6985/6985 6410/6410 6426/6426
f 6516/6516 6986/6986 6981/6981
f 6982/6982 6988/6988 6983/6983
f 6989/6989 6983/6983 6988/6988
f 6981/6981 6986/6986 6992/6992
f 6982/6982 6992/6992 6988/6988
f 6976/6976 6986/6986 6516/6516
f 6988/6988 6992/6992 6994/6994
f 6996/6996 6986/6986 6976/6976
f 6987/6987 6998/6998 7000/7000
f 6998/6998 6987/6987 6995/6995
f 7001/7001 6403/6403 6985/6985
f 7003/7003 6985/6985 6426/6426
f 6426/6426 6427/6427 7003/7003
f 6995/6995 7005/7005 6998/6998
f 6998/6998 7005/7005 7006/7006
f 7005/7005 7008/7008 7006/7006
f 6403/6403 7001/7001 7012/7012
f 6976/6976 7013/7013 6996/6996
f 7001/7001 6985/6985 7014/7014
f 7013/7013 7015/7015 6996/6996
f 7016/7016 6985/6985 7019/7019
f 7017/7017 7018/7018 7004/7004
f 7017/7017 7004/7004 7015/7015
f 7016/7016 7014/7014 6985/6985
f 7015/7015 7004/7004 6996/6996
f 7020/7020 7014/7014 7016/7016
f 7020/7020 7017/7017 7015/7015
f 7001/7001 7014/7014 7020/7020
f 7020/7020 7015/7015 7013/7013
f 6403/6403 7021/7021 6494/6494
f 7022/7022 6976/6976 6978/6978
f 7021/7021 6403/6403 7012/7012
f 7023/7023 7021/7021 7012/7012
f 7024/7024 7023/7023 7012/7012
f 7025/7025 7023/7023 7024/7024
f 6976/6976 7022/7022 7013/7013
f 7024/7024 7013/7013 7022/7022
f 7012/7012 7001/7001 7020/7020
f 7024/7024 7020/7020 7013/7013
f 7024/7024 7012/7012 7020/7020
f 7022/7022 7025/7025 7024/7024
f 6985/6985 7028/7028 7019/7019
f 7002/7002 7030/7030 6984/6984
f 7018/7018 7009/7009 7004/7004
f 7009/7009 7018/7018 7027/7027
f 7003/7003 7031/7031 7029/7029
f 7032/7032 7011/7011 7026/7026
f 7032/7032 7034/7034 7011/7011
f 7036/7036 7007/7007 7033/7033
f 7033/7033 7007/7007 7010/7010
f 7036/7036 6997/6997 7007/7007
f 7032/7032 7037/7037 7034/7034
f 7036/7036 7033/7033 7038/7038
f 7003/7003 7039/7039 7031/7031
f 7003/7003 7040/7040 7039/7039
f 7044/7044 7040/7040 7003/7003
f 7038/7038 7042/7042 7036/7036
f 7046/7046 7035/7035 7041/7041
f 7047/7047 7036/7036 7043/7043
f 7003/7003 7049/7049 7044/7044
f 7045/7045 7048/7048 7047/7047
f 7049/7049 7003/7003 7050/7050
f 7052/7052 7036/7036 7047/7047
f 7036/7036 6630/6630 6997/6997
f 7048/7048 7051/7051 7053/7053
f 7053/7053 7047/7047 7048/7048
f 7052/7052 7047/7047 7053/7053
f 7050/7050 7003/7003 6427/6427
f 7051/7051 7054/7054 7053/7053
f 7053/7053 7054/7054 7052/7052
f 7052/7052 6630/6630 7036/7036
f 7055/7055 6553/6553 6563/6563
f 6689/6689 6541/6541 6553/6553
f 6689/6689 6553/6553 7055/7055
f 6689/6689 6564/6564 6541/6541
f 6563/6563 7056/7056 7055/7055
f 6974/6974 7056/7056 6563/6563
f 6689/6689 7055/7055 7056/7056
f 7056/7056 6974/6974 6975/6975
f 6975/6975 6983/6983 6989/6989
f 6689/6689 7058/7058 6687/6687
f 6686/6686 6687/6687 7059/7059
f 7059/7059 6700/6700 6686/6686
f 6688/6688 6707/6707 7061/7061
f 6707/6707 6688/6688 7057/7057
f 7056/7056 7062/7062 6689/6689
f 6989/6989 7056/7056 6975/6975
f 7056/7056 7063/7063 7062/7062
f 7063/7063 7056/7056 6989/6989
f 7065/7065 7064/7064 6990/6990
f 6689/6689 7062/7062 7058/7058
f 7063/7063 7058/7058 7062/7062
f 7057/7057 7064/7064 7065/7065
f 6988/6988 6994/6994 6989/6989
f 7000/7000 6745/6745 6991/6991
f 6745/6745 6993/6993 6991/6991
f 6745/6745 7066/7066 6993/6993
f 7066/7066 6745/6745 6747/6747
f 6991/6991 6987/6987 7000/7000
f 7067/7067 6993/6993 7066/7066
f 7068/7068 7067/7067 7066/7066
f 7068/7068 7066/7066 6747/6747
f 6706/6706 6709/6709 7060/7060
f 7057/7057 6710/6710 6707/6707
f 7071/7071 7068/7068 6747/6747
f 7071/7071 7073/7073 7068/7068
f 7070/7070 6704/6704 7072/7072
f 7072/7072 6704/6704 6711/6711
f 7067/7067 6990/6990 6993/6993
f 7057/7057 7065/7065 6710/6710
f 6990/6990 7067/7067 7065/7065
f 7065/7065 7067/7067 7068/7068
f 7065/7065 7068/7068 7073/7073
f 6710/6710 7065/7065 7073/7073
f 6691/6691 6686/6686 6700/6700
f 6690/6690 6699/6699 6697/6697
f 6699/6699 7060/7060 6709/6709
f 6698/6698 6699/6699 6701/6701
f 6746/6746 6999/6999 6725/6725
f 6725/6725 6999/6999 6630/6630
f 7069/7069 6748/6748 6727/6727
f 7070/7070 6726/6726 6741/6741
f 6704/6704 7070/7070 6741/6741
f 6997/6997 6630/6630 6999/6999
f 7074/7074 6468/6468 6938/6938
f 7074/7074 6978/6978 6468/6468
f 6977/6977 6937/6937 6377/6377
f 6951/6951 6937/6937 7075/7075
f 6977/6977 7075/7075 6937/6937
f 6938/6938 7076/7076 7077/7077
f 7078/7078 7074/7074 6938/6938
f 6494/6494 7079/7079 6977/6977
f 7079/7079 7075/7075 6977/6977
f 7075/7075 7080/7080 7078/7078
f 7081/7081 7074/7074 7078/7078
f 7081/7081 7078/7078 7080/7080
f 7074/7074 7081/7081 6978/6978
f 6956/6956 7076/7076 6938/6938
f 6956/6956 6959/6959 7076/7076
f 6959/6959 6951/6951 7076/7076
f 7076/7076 6951/6951 7082/7082
f 7075/7075 7082/7082 6951/6951
f 7077/7077 7076/7076 7082/7082
f 7082/7082 7078/7078 7077/7077
f 7078/7078 7082/7082 7075/7075
f 7078/7078 6938/6938 7077/7077
f 7083/7083 7075/7075 7079/7079
f 7080/7080 7083/7083 7084/7084
f 7075/7075 7083/7083 7080/7080
f 7079/7079 6494/6494 7021/7021
f 7085/7085 7079/7079 7021/7021
f 7083/7083 7079/7079 7085/7085
f 7084/7084 7085/7085 7025/7025
f 7084/7084 7025/7025 6978/6978
f 7085/7085 7021/7021 7023/7023
f 6978/6978 7025/7025 7022/7022
f 7023/7023 7025/7025 7085/7085
f 7081/7081 7084/7084 6978/6978
f 7081/7081 7080/7080 7084/7084
f 7085/7085 7084/7084 7083/7083
f 5834/5834 1208/1208 2549/2549
f 7086/7086 2599/2599 3346/3346
f 3345/3345 2599/2599 7086/7086
f 7086/7086 3346/3346 7087/7087
f 7086/7086 5846/5846 3345/3345
f 5846/5846 7086/7086 7087/7087
f 7087/7087 3346/3346 2601/2601
f 5848/5848 5846/5846 7087/7087
f 5848/5848 7087/7087 2603/2603
f 2603/2603 7088/7088 5848/5848
f 5851/5851 5848/5848 7088/7088
f 5853/5853 5851/5851 7088/7088
f 5851/5851 5853/5853 5852/5852
f 7087/7087 2601/2601 2603/2603
f 2602/2602 7089/7089 2603/2603
f 2603/2603 7089/7089 7088/7088
f 7089/7089 2602/2602 5857/5857
f 7088/7088 7089/7089 7090/7090
f 7090/7090 7089/7089 5857/5857
f 5858/5858 7090/7090 5857/5857
f 5858/5858 5860/5860 7090/7090
f 7090/7090 5860/5860 5859/5859
f 7088/7088 7090/7090 5853/5853
f 5862/5862 5853/5853 7090/7090
f 5862/5862 7090/7090 5859/5859
f 3367/3367 3368/3368 5899/5899
f 5924/5924 3368/3368 3369/3369
f 3369/3369 2765/2765 5924/5924
f 5924/5924 2765/2765 5912/5912
f 5917/5917 5924/5924 5912/5912
f 3368/3368 5924/5924 5913/5913
f 5924/5924 5917/5917 5920/5920
f 5921/5921 5920/5920 5918/5918
f 5920/5920 5921/5921 5929/5929
f 5929/5929 5921/5921 5950/5950
f 5954/5954 5921/5921 5930/5930
f 5950/5950 5921/5921 5954/5954
f 7091/7091 5954/5954 5953/5953
f 5974/5974 7091/7091 5953/5953
f 5956/5956 5974/5974 5953/5953
f 5950/5950 5954/5954 7091/7091
f 5972/5972 5950/5950 7091/7091
f 5972/5972 5978/5978 5932/5932
f 7091/7091 5974/5974 5975/5975
f 5972/5972 7091/7091 5975/5975
f 7092/7092 5972/5972 5975/5975
f 5975/5975 5973/5973 5992/5992
f 5978/5978 5972/5972 7092/7092
f 5975/5975 7093/7093 7092/7092
f 7093/7093 5975/5975 5992/5992
f 7093/7093 5992/5992 7094/7094
f 6006/6006 5978/5978 7092/7092
f 7093/7093 7095/7095 7092/7092
f 7095/7095 6006/6006 7092/7092
f 7095/7095 7093/7093 7094/7094
f 7094/7094 5992/5992 5991/5991
f 6025/6025 7094/7094 5991/5991
f 6006/6006 7095/7095 6021/6021
f 6006/6006 6021/6021 6007/6007
f 6018/6018 6021/6021 7095/7095
f 6018/6018 7095/7095 7094/7094
f 6018/6018 7094/7094 6019/6019
f 6025/6025 6019/6019 7094/7094
f 6018/6018 6020/6020 6021/6021
f 6017/6017 6019/6019 6023/6023
f 6021/6021 6031/6031 6007/6007
f 6031/6031 6021/6021 6022/6022
f 6031/6031 6015/6015 6007/6007
f 6022/6022 7096/7096 6031/6031
f 6087/6087 6023/6023 6024/6024
f 6025/6025 6136/6136 6142/6142
f 7096/7096 6022/6022 6144/6144
f 6144/6144 6146/6146 7096/7096
f 6146/6146 6144/6144 6023/6023
f 7096/7096 6146/6146 6031/6031
f 6147/6147 6031/6031 6146/6146
f 6154/6154 6153/6153 6157/6157
f 6156/6156 6154/6154 6157/6157
f 6157/6157 3151/3151 6156/6156
f 6086/6086 6026/6026 6142/6142
f 6191/6191 6086/6086 6142/6142
f 6192/6192 6194/6194 6141/6141
f 7097/7097 6141/6141 6194/6194
f 6203/6203 6087/6087 6027/6027
f 6191/6191 6142/6142 7098/7098
f 6191/6191 6212/6212 6203/6203
f 7098/7098 6212/6212 6191/6191
f 7098/7098 6204/6204 6212/6212
f 6194/6194 6205/6205 7097/7097
f 6087/6087 6203/6203 6207/6207
f 6210/6210 6205/6205 6231/6231
f 6226/6226 6203/6203 6216/6216
f 6205/6205 6213/6213 6231/6231
f 7099/7099 6231/6231 6242/6242
f 6231/6231 7099/7099 6233/6233
f 7099/7099 7100/7100 6233/6233
f 6236/6236 6233/6233 7100/7100
f 6242/6242 6231/6231 6213/6213
f 6242/6242 7101/7101 7099/7099
f 7101/7101 6242/6242 6241/6241
f 7100/7100 7099/7099 7101/7101
f 6246/6246 7101/7101 6243/6243
f 7101/7101 6241/6241 6243/6243
f 7100/7100 7101/7101 6246/6246
f 6287/6287 6207/6207 6290/6290
f 6203/6203 6296/6296 6207/6207
f 6290/6290 6207/6207 6296/6296
f 6296/6296 6203/6203 6226/6226
f 6298/6298 6290/6290 6296/6296
f 6291/6291 6290/6290 6298/6298
f 6321/6321 7100/7100 6246/6246
f 6236/6236 6321/6321 6308/6308
f 6321/6321 6236/6236 7100/7100
f 6321/6321 6246/6246 6301/6301
f 7102/7102 6321/6321 6301/6301
f 7102/7102 6312/6312 6321/6321
f 7102/7102 6301/6301 6325/6325
f 6324/6324 6326/6326 6325/6325
f 7102/7102 6332/6332 6312/6312
f 6323/6323 6311/6311 6331/6331
f 6325/6325 6327/6327 7102/7102
f 6327/6327 6325/6325 6326/6326
f 7102/7102 6339/6339 6341/6341
f 6339/6339 7102/7102 6327/6327
f 6334/6334 6332/6332 7102/7102
f 6341/6341 6334/6334 7102/7102
f 7103/7103 6299/6299 6298/6298
f 7103/7103 6298/6298 6319/6319
f 6351/6351 6299/6299 7103/7103
f 6355/6355 7103/7103 6319/6319
f 6351/6351 7103/7103 7104/7104
f 7104/7104 6353/6353 6351/6351
f 6334/6334 6341/6341 7105/7105
f 6360/6360 7105/7105 6341/6341
f 6360/6360 6341/6341 6340/6340
f 6334/6334 7105/7105 6336/6336
f 7105/7105 6345/6345 6336/6336
f 7105/7105 6363/6363 6345/6345
f 6356/6356 6345/6345 6363/6363
f 6360/6360 6362/6362 7105/7105
f 6363/6363 7105/7105 6364/6364
f 6364/6364 7105/7105 6362/6362
f 7104/7104 7103/7103 6355/6355
f 6355/6355 6354/6354 6370/6370
f 6353/6353 7104/7104 6389/6389
f 6389/6389 7104/7104 6355/6355
f 6370/6370 6384/6384 6355/6355
f 6385/6385 6444/6444 6384/6384
f 6389/6389 6355/6355 6384/6384
f 6384/6384 6444/6444 6389/6389
f 6364/6364 6362/6362 6402/6402
f 6406/6406 6402/6402 6365/6365
f 6365/6365 6402/6402 6362/6362
f 6406/6406 6420/6420 6405/6405
f 6406/6406 6365/6365 6417/6417
f 6420/6420 6406/6406 6417/6417
f 6417/6417 6409/6409 6420/6420
f 6444/6444 6443/6443 6389/6389
f 6385/6385 6445/6445 6444/6444
f 6436/6436 6447/6447 6385/6385
f 6445/6445 6385/6385 6447/6447
f 6462/6462 6445/6445 6452/6452
f 6463/6463 6445/6445 6462/6462
f 6445/6445 6463/6463 6449/6449
f 6462/6462 7106/7106 6464/6464
f 7106/7106 6462/6462 6461/6461
f 7109/7109 6461/6461 6474/6474
f 7112/7112 6506/6506 7107/7107
f 7109/7109 6474/6474 6485/6485
f 7109/7109 7106/7106 6461/6461
f 7106/7106 7109/7109 6464/6464
f 6464/6464 7109/7109 6507/6507
f 6465/6465 6464/6464 6507/6507
f 7115/7115 7109/7109 6485/6485
f 6491/6491 7114/7114 6484/6484
f 7118/7118 7108/7108 7116/7116
f 7117/7117 6491/6491 6493/6493
f 6491/6491 7117/7117 7114/7114
f 6508/6508 7113/7113 6503/6503
f 6503/6503 7113/7113 6504/6504
f 6504/6504 7110/7110 7117/7117
f 7118/7118 7111/7111 7108/7108
f 6504/6504 7117/7117 6493/6493
f 6499/6499 6509/6509 6502/6502
f 6515/6515 6517/6517 6519/6519
f 6417/6417 6521/6521 6409/6409
f 6521/6521 6526/6526 6409/6409
f 6524/6524 6409/6409 6527/6527
f 6526/6526 6527/6527 6409/6409
f 6526/6526 6530/6530 6527/6527
f 6528/6528 6527/6527 6530/6530
f 6528/6528 6530/6530 6533/6533
f 6528/6528 6533/6533 6535/6535
f 6537/6537 6535/6535 6533/6533
f 6547/6547 6543/6543 7119/7119
f 7120/7120 6543/6543 6545/6545
f 7120/7120 7119/7119 6543/6543
f 6543/6543 6547/6547 6544/6544
f 7119/7119 6631/6631 6547/6547
f 6631/6631 6550/6550 6547/6547
f 6555/6555 7120/7120 6545/6545
f 7120/7120 6639/6639 7119/7119
f 6559/6559 7120/7120 6555/6555
f 6560/6560 6678/6678 6558/6558
f 6535/6535 6537/6537 6573/6573
f 6536/6536 6588/6588 6583/6583
f 7121/7121 6586/6586 6588/6588
f 6586/6586 7121/7121 6619/6619
f 6619/6619 7121/7121 7123/7123
f 6625/6625 6588/6588 6536/6536
f 6628/6628 7122/7122 6589/6589
f 6589/6589 6624/6624 6628/6628
f 7124/7124 7122/7122 6628/6628
f 7125/7125 6631/6631 7119/7119
f 6631/6631 7125/7125 6634/6634
f 6645/6645 6634/6634 7125/7125
f 6639/6639 7125/7125 7119/7119
f 6638/6638 6645/6645 7125/7125
f 6639/6639 6638/6638 7125/7125
f 7120/7120 6559/6559 6639/6639
f 6643/6643 6644/6644 6637/6637
f 6619/6619 7127/7127 6620/6620
f 7127/7127 6619/6619 7123/7123
f 7126/7126 7124/7124 6628/6628
f 7126/7126 6628/6628 6658/6658
f 6620/6620 7127/7127 6659/6659
f 6559/6559 6636/6636 6639/6639
f 6636/6636 6559/6559 6670/6670
f 6559/6559 6558/6558 6670/6670
f 6558/6558 6673/6673 6670/6670
f 6673/6673 6558/6558 6678/6678
f 6679/6679 6672/6672 6677/6677
f 6679/6679 6643/6643 6669/6669
f 6669/6669 6672/6672 6679/6679
f 6640/6640 6643/6643 6679/6679
f 6716/6716 6620/6620 6667/6667
f 6727/6727 6732/6732 6735/6735
f 6739/6739 6726/6726 6736/6736
f 3786/3786 7128/7128 4323/4323
f 5745/5745 2191/2191 3963/3963
f 3963/3963 7129/7129 5745/5745
f 3964/3964 7130/7130 3963/3963
f 7129/7129 3963/3963 7130/7130
f 7131/7131 5745/5745 7129/7129
f 7132/7132 7129/7129 7130/7130
f 7130/7130 7133/7133 7132/7132
f 7133/7133 7130/7130 3964/3964
f 7133/7133 3964/3964 7134/7134
f 7134/7134 3964/3964 3962/3962
f 7131/7131 7129/7129 7132/7132
f 7135/7135 3959/3959 5803/5803
f 7135/7135 3961/3961 3959/3959
f 7134/7134 7136/7136 7133/7133
f 7132/7132 7133/7133 7136/7136
f 7137/7137 7134/7134 3962/3962
f 3978/3978 3966/3966 3979/3979
f 7138/7138 3979/3979 7139/7139
f 7140/7140 7138/7138 7139/7139
f 7140/7140 7139/7139 7141/7141
f 3978/3978 3979/3979 7138/7138
f 7137/7137 3962/3962 3978/3978
f 7142/7142 7137/7137 3978/3978
f 7142/7142 3978/3978 7138/7138
f 7142/7142 7143/7143 7137/7137
f 7138/7138 7140/7140 7142/7142
f 7137/7137 7136/7136 7134/7134
f 3977/3977 3961/3961 7144/7144
f 7145/7145 7136/7136 7137/7137
f 7143/7143 7145/7145 7137/7137
f 7146/7146 7147/7147 7148/7148
f 7143/7143 7148/7148 7145/7145
f 7145/7145 7148/7148 7147/7147
f 3980/3980 3977/3977 7144/7144
f 7143/7143 7142/7142 7149/7149
f 7144/7144 7150/7150 3980/3980
f 7151/7151 7149/7149 7142/7142
f 7140/7140 7152/7152 7142/7142
f 7148/7148 7143/7143 7149/7149
f 7149/7149 7146/7146 7148/7148
f 7151/7151 7146/7146 7149/7149
f 7153/7153 7147/7147 7146/7146
f 7153/7153 7146/7146 7154/7154
f 7151/7151 7154/7154 7146/7146
f 7154/7154 7151/7151 7155/7155
f 7151/7151 7142/7142 7152/7152
f 7151/7151 7156/7156 7155/7155
f 7136/7136 7145/7145 7157/7157
f 7145/7145 7158/7158 7157/7157
f 7145/7145 7153/7153 7158/7158
f 7157/7157 7158/7158 7159/7159
f 7159/7159 7153/7153 7160/7160
f 7145/7145 7147/7147 7153/7153
f 7159/7159 7158/7158 7153/7153
f 7153/7153 7154/7154 7160/7160
f 7155/7155 7161/7161 7154/7154
f 7159/7159 7160/7160 7161/7161
f 7154/7154 7161/7161 7160/7160
f 7162/7162 7159/7159 7161/7161
f 7156/7156 7151/7151 7152/7152
f 7161/7161 7155/7155 7156/7156
f 7152/7152 7161/7161 7156/7156
f 7157/7157 7159/7159 7162/7162
f 7144/7144 7163/7163 7150/7150
f 7162/7162 7161/7161 7152/7152
f 7152/7152 7164/7164 7162/7162
f 7163/7163 7144/7144 7165/7165
f 7166/7166 7163/7163 7165/7165
f 7163/7163 7166/7166 7167/7167
f 5802/5802 3960/3960 5751/5751
f 7168/7168 7131/7131 7132/7132
f 7169/7169 7135/7135 5803/5803
f 5745/5745 7131/7131 5763/5763
f 5763/5763 7131/7131 7171/7171
f 7173/7173 7176/7176 5802/5802
f 5810/5810 7173/7173 5802/5802
f 7177/7177 7171/7171 7131/7131
f 7131/7131 7168/7168 7177/7177
f 7178/7178 7177/7177 7180/7180
f 7179/7179 5802/5802 7176/7176
f 7184/7184 7179/7179 7176/7176
f 7185/7185 5763/5763 7171/7171
f 7170/7170 7178/7178 7183/7183
f 7179/7179 7182/7182 5802/5802
f 7177/7177 7178/7178 7170/7170
f 7186/7186 7184/7184 7176/7176
f 7172/7172 7190/7190 7175/7175
f 7188/7188 5763/5763 7187/7187
f 7189/7189 7186/7186 7176/7176
f 7172/7172 7192/7192 7190/7190
f 7193/7193 5763/5763 7188/7188
f 5763/5763 7193/7193 7194/7194
f 5810/5810 5804/5804 5814/5814
f 5814/5814 7173/7173 5810/5810
f 5811/5811 5763/5763 7194/7194
f 7195/7195 5811/5811 7194/7194
f 7195/7195 5815/5815 5811/5811
f 7174/7174 7194/7194 7191/7191
f 7195/7195 7194/7194 7174/7174
f 7195/7195 7174/7174 5815/5815
f 7185/7185 7183/7183 7187/7187
f 7170/7170 7183/7183 7185/7185
f 5763/5763 7185/7185 7187/7187
f 7181/7181 7169/7169 5803/5803
f 7169/7169 7181/7181 7196/7196
f 7177/7177 7197/7197 7180/7180
f 7200/7200 7198/7198 7168/7168
f 7168/7168 7197/7197 7177/7177
f 7169/7169 7196/7196 7199/7199
f 7201/7201 7200/7200 7168/7168
f 7202/7202 7169/7169 7199/7199
f 7132/7132 7204/7204 7168/7168
f 7135/7135 7169/7169 7202/7202
f 7201/7201 7168/7168 7204/7204
f 7203/7203 7200/7200 7201/7201
f 7203/7203 7201/7201 7206/7206
f 7204/7204 7205/7205 7201/7201
f 7207/7207 7135/7135 7202/7202
f 7208/7208 7203/7203 7206/7206
f 7209/7209 7208/7208 7206/7206
f 7209/7209 7205/7205 7204/7204
f 7209/7209 7210/7210 7208/7208
f 7209/7209 7211/7211 7210/7210
f 7211/7211 7209/7209 7204/7204
f 7212/7212 7208/7208 7210/7210
f 7215/7215 7208/7208 7212/7212
f 7135/7135 7207/7207 7214/7214
f 7211/7211 7204/7204 7216/7216
f 7213/7213 7210/7210 7211/7211
f 7216/7216 7213/7213 7211/7211
f 7212/7212 7217/7217 7215/7215
f 7216/7216 7218/7218 7213/7213
f 7218/7218 7216/7216 7219/7219
f 7136/7136 7204/7204 7132/7132
f 7136/7136 7216/7216 7204/7204
f 7221/7221 7135/7135 7214/7214
f 7135/7135 7222/7222 3961/3961
f 7221/7221 7222/7222 7135/7135
f 7215/7215 7217/7217 7223/7223
f 7219/7219 7216/7216 7224/7224
f 7219/7219 7223/7223 7218/7218
f 7224/7224 7223/7223 7219/7219
f 7225/7225 7215/7215 7223/7223
f 7215/7215 7225/7225 7220/7220
f 7136/7136 7224/7224 7216/7216
f 7224/7224 7226/7226 7223/7223
f 7226/7226 7225/7225 7223/7223
f 7224/7224 7227/7227 7226/7226
f 7228/7228 7225/7225 7226/7226
f 7226/7226 7227/7227 7228/7228
f 7227/7227 7224/7224 7136/7136
f 7229/7229 7228/7228 7227/7227
f 7225/7225 7228/7228 7231/7231
f 7229/7229 7231/7231 7228/7228
f 7233/7233 7231/7231 7229/7229
f 7230/7230 7227/7227 7232/7232
f 7225/7225 7231/7231 7220/7220
f 7235/7235 7231/7231 7233/7233
f 7234/7234 7227/7227 7136/7136
f 7232/7232 7227/7227 7234/7234
f 7231/7231 7235/7235 7237/7237
f 7236/7236 7234/7234 7136/7136
f 7222/7222 7144/7144 3961/3961
f 7165/7165 7144/7144 7222/7222
f 7136/7136 7157/7157 7238/7238
f 7236/7236 7136/7136 7238/7238
f 7162/7162 7242/7242 7157/7157
f 7244/7244 7165/7165 7222/7222
f 7166/7166 7165/7165 7244/7244
f 7246/7246 7162/7162 7164/7164
f 3996/3996 7247/7247 3990/3990
f 7248/7248 3995/3995 3990/3990
f 3990/3990 7247/7247 7248/7248
f 7249/7249 4011/4011 3994/3994
f 3979/3979 4003/4003 7139/7139
f 4003/4003 3999/3999 7250/7250
f 7139/7139 4003/4003 7250/7250
f 7141/7141 7139/7139 7250/7250
f 7251/7251 3993/3993 3992/3992
f 3995/3995 7250/7250 3999/3999
f 7252/7252 7250/7250 3995/3995
f 3992/3992 3980/3980 7150/7150
f 7253/7253 7152/7152 7140/7140
f 7253/7253 7141/7141 7250/7250
f 7140/7140 7141/7141 7253/7253
f 7150/7150 7251/7251 3992/3992
f 7254/7254 7152/7152 7253/7253
f 7252/7252 3995/3995 7248/7248
f 7251/7251 3994/3994 3993/3993
f 7255/7255 7252/7252 7248/7248
f 7250/7250 7252/7252 7253/7253
f 7252/7252 7255/7255 7253/7253
f 7249/7249 3994/3994 7251/7251
f 7254/7254 7253/7253 7255/7255
f 7255/7255 7248/7248 7256/7256
f 7257/7257 7256/7256 7248/7248
f 7257/7257 7248/7248 7247/7247
f 7258/7258 7256/7256 7257/7257
f 4011/4011 4005/4005 3994/3994
f 4010/4010 7247/7247 3996/3996
f 4011/4011 7259/7259 3783/3783
f 4010/4010 4012/4012 7260/7260
f 3783/3783 7259/7259 3786/3786
f 4012/4012 4014/4014 7260/7260
f 7261/7261 4014/4014 7262/7262
f 7128/7128 3786/3786 7259/7259
f 7260/7260 4014/4014 7261/7261
f 7263/7263 7260/7260 7261/7261
f 7264/7264 7260/7260 7263/7263
f 4010/4010 7260/7260 7264/7264
f 7265/7265 7264/7264 7263/7263
f 7265/7265 7263/7263 7266/7266
f 7267/7267 7265/7265 7266/7266
f 4010/4010 7264/7264 7265/7265
f 7268/7268 7247/7247 4010/4010
f 7269/7269 4011/4011 7249/7249
f 7270/7270 7247/7247 7268/7268
f 7269/7269 7259/7259 4011/4011
f 7265/7265 7271/7271 4010/4010
f 7271/7271 7268/7268 4010/4010
f 7272/7272 7267/7267 7273/7273
f 7274/7274 7128/7128 7259/7259
f 7265/7265 7272/7272 7271/7271
f 7267/7267 7272/7272 7265/7265
f 7259/7259 7275/7275 7274/7274
f 7269/7269 7275/7275 7259/7259
f 7247/7247 7270/7270 7257/7257
f 7163/7163 7251/7251 7150/7150
f 7164/7164 7152/7152 7254/7254
f 7255/7255 7256/7256 7276/7276
f 7276/7276 7254/7254 7255/7255
f 7276/7276 7256/7256 7258/7258
f 7258/7258 7257/7257 7270/7270
f 7249/7249 7251/7251 7277/7277
f 7258/7258 7270/7270 7278/7278
f 7163/7163 7277/7277 7251/7251
f 7254/7254 7279/7279 7164/7164
f 7254/7254 7276/7276 7279/7279
f 7280/7280 7164/7164 7279/7279
f 7282/7282 7277/7277 7163/7163
f 7284/7284 7164/7164 7280/7280
f 7285/7285 7277/7277 7282/7282
f 7286/7286 7287/7287 7277/7277
f 7289/7289 7291/7291 7286/7286
f 7285/7285 7286/7286 7277/7277
f 7292/7292 7286/7286 7285/7285
f 7292/7292 7289/7289 7286/7286
f 7279/7279 7295/7295 7280/7280
f 7295/7295 7279/7279 7288/7288
f 7296/7296 7281/7281 7293/7293
f 7285/7285 7297/7297 7292/7292
f 7294/7294 7297/7297 7296/7296
f 7292/7292 7294/7294 7289/7289
f 7294/7294 7292/7292 7297/7297
f 7287/7287 7249/7249 7277/7277
f 7258/7258 7298/7298 7276/7276
f 7258/7258 7278/7278 7298/7298
f 7300/7300 7249/7249 7287/7287
f 7300/7300 7269/7269 7249/7249
f 7276/7276 7301/7301 7279/7279
f 7291/7291 7302/7302 7286/7286
f 7302/7302 7287/7287 7286/7286
f 7301/7301 7276/7276 7303/7303
f 7276/7276 7304/7304 7303/7303
f 7305/7305 7287/7287 7302/7302
f 7303/7303 7290/7290 7301/7301
f 7290/7290 7288/7288 7301/7301
f 7298/7298 7304/7304 7276/7276
f 7307/7307 7287/7287 7306/7306
f 7307/7307 7306/7306 7308/7308
f 7301/7301 7288/7288 7279/7279
f 7309/7309 7304/7304 7298/7298
f 7287/7287 7307/7307 7300/7300
f 7268/7268 7271/7271 7270/7270
f 7310/7310 7271/7271 7272/7272
f 7311/7311 7274/7274 7275/7275
f 7271/7271 7312/7312 7313/7313
f 7274/7274 7311/7311 4312/4312
f 7312/7312 7271/7271 7310/7310
f 7270/7270 7271/7271 7313/7313
f 7313/7313 7312/7312 7314/7314
f 7315/7315 7270/7270 7316/7316
f 7317/7317 7270/7270 7313/7313
f 7318/7318 7317/7317 7313/7313
f 7318/7318 7313/7313 7314/7314
f 7319/7319 7317/7317 7318/7318
f 7317/7317 7316/7316 7270/7270
f 7314/7314 7320/7320 7318/7318
f 7318/7318 7320/7320 7319/7319
f 7317/7317 7321/7321 7316/7316
f 7321/7321 7317/7317 7319/7319
f 7315/7315 7316/7316 7322/7322
f 7322/7322 7316/7316 7321/7321
f 7322/7322 7321/7321 7319/7319
f 7323/7323 7319/7319 7320/7320
f 7315/7315 7322/7322 7324/7324
f 7319/7319 7323/7323 7322/7322
f 7325/7325 7322/7322 7323/7323
f 7326/7326 7314/7314 7312/7312
f 7323/7323 7320/7320 7314/7314
f 7314/7314 7326/7326 7323/7323
f 7326/7326 7327/7327 7323/7323
f 7328/7328 7327/7327 7326/7326
f 7327/7327 7325/7325 7323/7323
f 7329/7329 7326/7326 7312/7312
f 7278/7278 7270/7270 7330/7330
f 7270/7270 7315/7315 7330/7330
f 7331/7331 7222/7222 7221/7221
f 7220/7220 7231/7231 7332/7332
f 7332/7332 7231/7231 7237/7237
f 7240/7240 7332/7332 7237/7237
f 7333/7333 7335/7335 7221/7221
f 7239/7239 7334/7334 7333/7333
f 7336/7336 7331/7331 7221/7221
f 7336/7336 7221/7221 7335/7335
f 7337/7337 7334/7334 7239/7239
f 7339/7339 7331/7331 7336/7336
f 7336/7336 7335/7335 7339/7339
f 7222/7222 7331/7331 7244/7244
f 7339/7339 7244/7244 7331/7331
f 7339/7339 7335/7335 7340/7340
f 7340/7340 7241/7241 7342/7342
f 7242/7242 7238/7238 7157/7157
f 7338/7338 7238/7238 7242/7242
f 7334/7334 7337/7337 7241/7241
f 7241/7241 7340/7340 7334/7334
f 7242/7242 7162/7162 7341/7341
f 7167/7167 7166/7166 7244/7244
f 7341/7341 7162/7162 7246/7246
f 7243/7243 7339/7339 7340/7340
f 7340/7340 7343/7343 7243/7243
f 7343/7343 7340/7340 7342/7342
f 7343/7343 7167/7167 7243/7243
f 7246/7246 7164/7164 7284/7284
f 7344/7344 7346/7346 7347/7347
f 7348/7348 7346/7346 7344/7344
f 7342/7342 7245/7245 7346/7346
f 7345/7345 7167/7167 7343/7343
f 7342/7342 7348/7348 7343/7343
f 7348/7348 7344/7344 7343/7343
f 7348/7348 7342/7342 7346/7346
f 7167/7167 7345/7345 7347/7347
f 7282/7282 7167/7167 7347/7347
f 7346/7346 7245/7245 7347/7347
f 7167/7167 7282/7282 7163/7163
f 7349/7349 7283/7283 7281/7281
f 7350/7350 7351/7351 7282/7282
f 7350/7350 7352/7352 7351/7351
f 7353/7353 7246/7246 7284/7284
f 7356/7356 7283/7283 7357/7357
f 7355/7355 7357/7357 7282/7282
f 7282/7282 7347/7347 7355/7355
f 7356/7356 7354/7354 7283/7283
f 7354/7354 7355/7355 7347/7347
f 7352/7352 7350/7350 7349/7349
f 7282/7282 7357/7357 7350/7350
f 7349/7349 7357/7357 7283/7283
f 7357/7357 7349/7349 7350/7350
f 7359/7359 7297/7297 7285/7285
f 7296/7296 7297/7297 7358/7358
f 7351/7351 7285/7285 7282/7282
f 7352/7352 7349/7349 7281/7281
f 7361/7361 7359/7359 7285/7285
f 7281/7281 7358/7358 7360/7360
f 7281/7281 7360/7360 7352/7352
f 7296/7296 7358/7358 7281/7281
f 7352/7352 7285/7285 7351/7351
f 7352/7352 7361/7361 7285/7285
f 7278/7278 7362/7362 7364/7364
f 7365/7365 7300/7300 7307/7307
f 7366/7366 7307/7307 7308/7308
f 7309/7309 7298/7298 7364/7364
f 7300/7300 7365/7365 7368/7368
f 7308/7308 7367/7367 7366/7366
f 7308/7308 7369/7369 7367/7367
f 7369/7369 7308/7308 7363/7363
f 7369/7369 7299/7299 7367/7367
f 7370/7370 7369/7369 7363/7363
f 7364/7364 7298/7298 7278/7278
f 7370/7370 7299/7299 7369/7369
f 7371/7371 7299/7299 7370/7370
f 7370/7370 7363/7363 7374/7374
f 7362/7362 7373/7373 7364/7364
f 7371/7371 7370/7370 7374/7374
f 7371/7371 7374/7374 7375/7375
f 7376/7376 7373/7373 7362/7362
f 7375/7375 7300/7300 7372/7372
f 7375/7375 7374/7374 7377/7377
f 7375/7375 7378/7378 7300/7300
f 7378/7378 7375/7375 7377/7377
f 7378/7378 7379/7379 7300/7300
f 7362/7362 7380/7380 7376/7376
f 7382/7382 7379/7379 7378/7378
f 7382/7382 7378/7378 7377/7377
f 7327/7327 7328/7328 7383/7383
f 7324/7324 7325/7325 7383/7383
f 7325/7325 7324/7324 7322/7322
f 7383/7383 7325/7325 7327/7327
f 7383/7383 7328/7328 7324/7324
f 7384/7384 7315/7315 7324/7324
f 7384/7384 7324/7324 7328/7328
f 7328/7328 7326/7326 7329/7329
f 7328/7328 7329/7329 7384/7384
f 7384/7384 7329/7329 7385/7385
f 7311/7311 7275/7275 7387/7387
f 7384/7384 7385/7385 7388/7388
f 7390/7390 7311/7311 7387/7387
f 7391/7391 7392/7392 7311/7311
f 7311/7311 7390/7390 7391/7391
f 7394/7394 7392/7392 7391/7391
f 7388/7388 7385/7385 7395/7395
f 7315/7315 7384/7384 7330/7330
f 7362/7362 7278/7278 7330/7330
f 7379/7379 7275/7275 7269/7269
f 7379/7379 7269/7269 7300/7300
f 7396/7396 7330/7330 7384/7384
f 7379/7379 7397/7397 7399/7399
f 7362/7362 7401/7401 7398/7398
f 7400/7400 7398/7398 7401/7401
f 7404/7404 7379/7379 7399/7399
f 7402/7402 7400/7400 7405/7405
f 7405/7405 7400/7400 7401/7401
f 7387/7387 7275/7275 7379/7379
f 7405/7405 7362/7362 7330/7330
f 7404/7404 7387/7387 7379/7379
f 7405/7405 7401/7401 7362/7362
f 7330/7330 7396/7396 7405/7405
f 7407/7407 7386/7386 7403/7403
f 7405/7405 7406/7406 7402/7402
f 7405/7405 7396/7396 7406/7406
f 7382/7382 7377/7377 7381/7381
f 7382/7382 7381/7381 7409/7409
f 7408/7408 7380/7380 7362/7362
f 7382/7382 7409/7409 7397/7397
f 7397/7397 7379/7379 7382/7382
f 7398/7398 7408/7408 7362/7362
f 7410/7410 7391/7391 7390/7390
f 7413/7413 7415/7415 7393/7393
f 7416/7416 7395/7395 7417/7417
f 7416/7416 7388/7388 7395/7395
f 7394/7394 7418/7418 7420/7420
f 7393/7393 7419/7419 7413/7413
f 7416/7416 7417/7417 7412/7412
f 7416/7416 7412/7412 7421/7421
f 7391/7391 7418/7418 7394/7394
f 7423/7423 7420/7420 7418/7418
f 7388/7388 7416/7416 7425/7425
f 7391/7391 7428/7428 7418/7418
f 7429/7429 7424/7424 7418/7418
f 7431/7431 7427/7427 7411/7411
f 7410/7410 7428/7428 7391/7391
f 7432/7432 7426/7426 7430/7430
f 7422/7422 7425/7425 7416/7416
f 7423/7423 7418/7418 7424/7424
f 7421/7421 7422/7422 7416/7416
f 7388/7388 7425/7425 7431/7431
f 7431/7431 7411/7411 7388/7388
f 7433/7433 7435/7435 7396/7396
f 7407/7407 7435/7435 7386/7386
f 7406/7406 7396/7396 7435/7435
f 7386/7386 7435/7435 7389/7389
f 7384/7384 7436/7436 7396/7396
f 7437/7437 7396/7396 7436/7436
f 7396/7396 7437/7437 7434/7434
f 7388/7388 7436/7436 7384/7384
f 7438/7438 7389/7389 7435/7435
f 7438/7438 7435/7435 7437/7437
f 7436/7436 7438/7438 7437/7437
f 7437/7437 7435/7435 7433/7433
f 7411/7411 7389/7389 7438/7438
f 7411/7411 7438/7438 7436/7436
f 7388/7388 7411/7411 7436/7436
f 7354/7354 7347/7347 7245/7245
f 3296/3296 3304/3304 6269/6269
f 6269/6269 3304/3304 7440/7440
f 7439/7439 3305/3305 4289/4289
f 4289/4289 4292/4292 7439/7439
f 7441/7441 6269/6269 7440/7440
f 6270/6270 3280/3280 3274/3274
f 6270/6270 7442/7442 3280/3280
f 4279/4279 3280/3280 7442/7442
f 7444/7444 7439/7439 4292/4292
f 7443/7443 7441/7441 7440/7440
f 7445/7445 4279/4279 7446/7446
f 7446/7446 4279/4279 7442/7442
f 4285/4285 7447/7447 4292/4292
f 7447/7447 4285/4285 4299/4299
f 7445/7445 4291/4291 4290/4290
f 7448/7448 7447/7447 4299/4299
f 4291/4291 7449/7449 4294/4294
f 7449/7449 4291/4291 7445/7445
f 7449/7449 7450/7450 4294/4294
f 4292/4292 7447/7447 7448/7448
f 7444/7444 4292/4292 7448/7448
f 4279/4279 7445/7445 4290/4290
f 6269/6269 6280/6280 6268/6268
f 6280/6280 6269/6269 7451/7451
f 7451/7451 6269/6269 7441/7441
f 7442/7442 7452/7452 7446/7446
f 7452/7452 7453/7453 7446/7446
f 6285/6285 6270/6270 6279/6279
f 6285/6285 6284/6284 7454/7454
f 6284/6284 6286/6286 7454/7454
f 7455/7455 7454/7454 6286/6286
f 7455/7455 7456/7456 7454/7454
f 6285/6285 7454/7454 7456/7456
f 6285/6285 7442/7442 6270/6270
f 6285/6285 7452/7452 7442/7442
f 7441/7441 7457/7457 7451/7451
f 7458/7458 7452/7452 6285/6285
f 7459/7459 7449/7449 7445/7445
f 7460/7460 7449/7449 7459/7459
f 7449/7449 7460/7460 7461/7461
f 7462/7462 7448/7448 4299/4299
f 7460/7460 7463/7463 7461/7461
f 7445/7445 7446/7446 7459/7459
f 7453/7453 7459/7459 7446/7446
f 7453/7453 7460/7460 7459/7459
f 7443/7443 7457/7457 7441/7441
f 7464/7464 7460/7460 7453/7453
f 7448/7448 7465/7465 7444/7444
f 7448/7448 7462/7462 7465/7465
f 7463/7463 7460/7460 7464/7464
f 7452/7452 7458/7458 7453/7453
f 4296/4296 4327/4327 4326/4326
f 4326/4326 4327/4327 4308/4308
f 7466/7466 4322/4322 7467/7467
f 7468/7468 7466/7466 7467/7467
f 7469/7469 4296/4296 4326/4326
f 7468/7468 7467/7467 7470/7470
f 4324/4324 4309/4309 7471/7471
f 7472/7472 4014/4014 4013/4013
f 7472/7472 4013/4013 4324/4324
f 7128/7128 4312/4312 4323/4323
f 7262/7262 7472/7472 7473/7473
f 7472/7472 4324/4324 7474/7474
f 7475/7475 7473/7473 7472/7472
f 7475/7475 7472/7472 7273/7273
f 7273/7273 7472/7472 7474/7474
f 7476/7476 4309/4309 4316/4316
f 4316/4316 7477/7477 7476/7476
f 4325/4325 4308/4308 4312/4312
f 7471/7471 4309/4309 7476/7476
f 4322/4322 7477/7477 4316/4316
f 7476/7476 7477/7477 7478/7478
f 7479/7479 7478/7478 7477/7477
f 7471/7471 7476/7476 7478/7478
f 7479/7479 7471/7471 7478/7478
f 7474/7474 4324/4324 7471/7471
f 7479/7479 7474/7474 7471/7471
f 7477/7477 4322/4322 7466/7466
f 7480/7480 7273/7273 7474/7474
f 7480/7480 7474/7474 7479/7479
f 7480/7480 7479/7479 7481/7481
f 7468/7468 7479/7479 7477/7477
f 7468/7468 7477/7477 7466/7466
f 7481/7481 7479/7479 7468/7468
f 7450/7450 4328/4328 4294/4294
f 7482/7482 4322/4322 4328/4328
f 7482/7482 7467/7467 4322/4322
f 4328/4328 7450/7450 7467/7467
f 7483/7483 4299/4299 4295/4295
f 7484/7484 7467/7467 7450/7450
f 7485/7485 7484/7484 7450/7450
f 4299/4299 7483/7483 7462/7462
f 7467/7467 7482/7482 4328/4328
f 7484/7484 7470/7470 7467/7467
f 7484/7484 7486/7486 7470/7470
f 7469/7469 4295/4295 4296/4296
f 7470/7470 7486/7486 7468/7468
f 7486/7486 7481/7481 7468/7468
f 7487/7487 7481/7481 7486/7486
f 7469/7469 7488/7488 4295/4295
f 7489/7489 7490/7490 7486/7486
f 7490/7490 7487/7487 7486/7486
f 7491/7491 7480/7480 7481/7481
f 7480/7480 7491/7491 7492/7492
f 7493/7493 7491/7491 7494/7494
f 7495/7495 7492/7492 7491/7491
f 7495/7495 7491/7491 7493/7493
f 7493/7493 7494/7494 7496/7496
f 7497/7497 7493/7493 7496/7496
f 7494/7494 7481/7481 7498/7498
f 7487/7487 7498/7498 7481/7481
f 7499/7499 7494/7494 7498/7498
f 7487/7487 7490/7490 7498/7498
f 7500/7500 7498/7498 7490/7490
f 7500/7500 7499/7499 7498/7498
f 7491/7491 7481/7481 7494/7494
f 7499/7499 7496/7496 7494/7494
f 7485/7485 7486/7486 7484/7484
f 7450/7450 7449/7449 7461/7461
f 7450/7450 7461/7461 7485/7485
f 7485/7485 7461/7461 7463/7463
f 7486/7486 7485/7485 7501/7501
f 7486/7486 7501/7501 7502/7502
f 7501/7501 7485/7485 7463/7463
f 7463/7463 7503/7503 7501/7501
f 7504/7504 7503/7503 7463/7463
f 7462/7462 7505/7505 7465/7465
f 7506/7506 7501/7501 7503/7503
f 7462/7462 7483/7483 7505/7505
f 7506/7506 7503/7503 7507/7507
f 7504/7504 7507/7507 7503/7503
f 7483/7483 4295/4295 7488/7488
f 7489/7489 7486/7486 7502/7502
f 7508/7508 7489/7489 7502/7502
f 7509/7509 7489/7489 7508/7508
f 7506/7506 7502/7502 7501/7501
f 7506/7506 7508/7508 7502/7502
f 7510/7510 7508/7508 7506/7506
f 7508/7508 7510/7510 7509/7509
f 7510/7510 7511/7511 7509/7509
f 7512/7512 7509/7509 7511/7511
f 7506/7506 7507/7507 7510/7510
f 7513/7513 7510/7510 7507/7507
f 7509/7509 7490/7490 7489/7489
f 7451/7451 7514/7514 6280/6280
f 6276/6276 6280/6280 7514/7514
f 7515/7515 7458/7458 7516/7516
f 7455/7455 6286/6286 6425/6425
f 7455/7455 7517/7517 7456/7456
f 7455/7455 6425/6425 7517/7517
f 7518/7518 6425/6425 6423/6423
f 7518/7518 7517/7517 6425/6425
f 7518/7518 7456/7456 7517/7517
f 6422/6422 6285/6285 7456/7456
f 6422/6422 7518/7518 6423/6423
f 6422/6422 7456/7456 7518/7518
f 6285/6285 7516/7516 7458/7458
f 6430/6430 6276/6276 7514/7514
f 7457/7457 7519/7519 7451/7451
f 7516/7516 6285/6285 6422/6422
f 7520/7520 7516/7516 6422/6422
f 7521/7521 7516/7516 7520/7520
f 7464/7464 7453/7453 7458/7458
f 7443/7443 7522/7522 7457/7457
f 7523/7523 7444/7444 7465/7465
f 7464/7464 7458/7458 7515/7515
f 7524/7524 7463/7463 7464/7464
f 7522/7522 7519/7519 7457/7457
f 7525/7525 7526/7526 7515/7515
f 7527/7527 7521/7521 7520/7520
f 7521/7521 7515/7515 7516/7516
f 7515/7515 7521/7521 7525/7525
f 7528/7528 7519/7519 7522/7522
f 7529/7529 7523/7523 7465/7465
f 7515/7515 7526/7526 7530/7530
f 7515/7515 7524/7524 7464/7464
f 7530/7530 7524/7524 7515/7515
f 7531/7531 7529/7529 7465/7465
f 7532/7532 7533/7533 7530/7530
f 7534/7534 7530/7530 7526/7526
f 7526/7526 7525/7525 7534/7534
f 7525/7525 7535/7535 7534/7534
f 7536/7536 6422/6422 6429/6429
f 7536/7536 6429/6429 6629/6629
f 7537/7537 7538/7538 7536/7536
f 7537/7537 7536/7536 6629/6629
f 7539/7539 7537/7537 6629/6629
f 6422/6422 7536/7536 7520/7520
f 7538/7538 7520/7520 7536/7536
f 7527/7527 7520/7520 7538/7538
f 7527/7527 7538/7538 7540/7540
f 7451/7451 7541/7541 7514/7514
f 7542/7542 7539/7539 6630/6630
f 6629/6629 6630/6630 7539/7539
f 7543/7543 7537/7537 7539/7539
f 7537/7537 7543/7543 7544/7544
f 7542/7542 7543/7543 7539/7539
f 7545/7545 7544/7544 7543/7543
f 7546/7546 7543/7543 7542/7542
f 7546/7546 7545/7545 7543/7543
f 7544/7544 7545/7545 7547/7547
f 6427/6427 6430/6430 7548/7548
f 7514/7514 7548/7548 6430/6430
f 7549/7549 7546/7546 7542/7542
f 7549/7549 7545/7545 7546/7546
f 7549/7549 7547/7547 7545/7545
f 7537/7537 7544/7544 7538/7538
f 7550/7550 7538/7538 7544/7544
f 7547/7547 7550/7550 7544/7544
f 7540/7540 7538/7538 7550/7550
f 7550/7550 7551/7551 7540/7540
f 7552/7552 7540/7540 7551/7551
f 7514/7514 7541/7541 7548/7548
f 7547/7547 7549/7549 7553/7553
f 7547/7547 7551/7551 7550/7550
f 7552/7552 7551/7551 7547/7547
f 7547/7547 7553/7553 7552/7552
f 7554/7554 7552/7552 7555/7555
f 7542/7542 7553/7553 7549/7549
f 7553/7553 7542/7542 7555/7555
f 7555/7555 7552/7552 7553/7553
f 7552/7552 7554/7554 7540/7540
f 7535/7535 7525/7525 7521/7521
f 7527/7527 7535/7535 7521/7521
f 7556/7556 7530/7530 7534/7534
f 7556/7556 7532/7532 7530/7530
f 7541/7541 7451/7451 7519/7519
f 7554/7554 7527/7527 7540/7540
f 7528/7528 7557/7557 7519/7519
f 7528/7528 7559/7559 7557/7557
f 7560/7560 7534/7534 7535/7535
f 7561/7561 7556/7556 7534/7534
f 7562/7562 7556/7556 7561/7561
f 7560/7560 7535/7535 7527/7527
f 7563/7563 7519/7519 7557/7557
f 7560/7560 7527/7527 7565/7565
f 7566/7566 7561/7561 7560/7560
f 7561/7561 7534/7534 7560/7560
f 7568/7568 7557/7557 7570/7570
f 7572/7572 7570/7570 7557/7557
f 7575/7575 7567/7567 7576/7576
f 7572/7572 7557/7557 7577/7577
f 7574/7574 7577/7577 7557/7557
f 7573/7573 7576/7576 7567/7567
f 7557/7557 7559/7559 7578/7578
f 7559/7559 7581/7581 7578/7578
f 7582/7582 7558/7558 7587/7587
f 7587/7587 7558/7558 7588/7588
f 7579/7579 7585/7585 7590/7590
f 7589/7589 7583/7583 7561/7561
f 7562/7562 7561/7561 7584/7584
f 7578/7578 7574/7574 7557/7557
f 7566/7566 7589/7589 7561/7561
f 7574/7574 7578/7578 7595/7595
f 7575/7575 7594/7594 7591/7591
f 7567/7567 7575/7575 7591/7591
f 7592/7592 7593/7593 7580/7580
f 7584/7584 7586/7586 7562/7562
f 7560/7560 7573/7573 7567/7567
f 7563/7563 7557/7557 7568/7568
f 7565/7565 7571/7571 7573/7573
f 7565/7565 7573/7573 7560/7560
f 7596/7596 7597/7597 7598/7598
f 7598/7598 7599/7599 7596/7596
f 7600/7600 7601/7601 7596/7596
f 7602/7602 7600/7600 7596/7596
f 7603/7603 7601/7601 7600/7600
f 7604/7604 7603/7603 7605/7605
f 7606/7606 7496/7496 7499/7499
f 7497/7497 7496/7496 7606/7606
f 4326/4326 4325/4325 7392/7392
f 7607/7607 7606/7606 7499/7499
f 7500/7500 7608/7608 7499/7499
f 7597/7597 7500/7500 7490/7490
f 7608/7608 7500/7500 7597/7597
f 7596/7596 7608/7608 7597/7597
f 7607/7607 7499/7499 7608/7608
f 7609/7609 7610/7610 4326/4326
f 7609/7609 7611/7611 7610/7610
f 7610/7610 7612/7612 4326/4326
f 7613/7613 7616/7616 7606/7606
f 7612/7612 7610/7610 7617/7617
f 7619/7619 7612/7612 7617/7617
f 7618/7618 7617/7617 7614/7614
f 7621/7621 7606/7606 7607/7607
f 7608/7608 7596/7596 7601/7601
f 7604/7604 7608/7608 7601/7601
f 7604/7604 7601/7601 7603/7603
f 7504/7504 7622/7622 7623/7623
f 7513/7513 7507/7507 7504/7504
f 7513/7513 7504/7504 7623/7623
f 7622/7622 7512/7512 7623/7623
f 7622/7622 7504/7504 7463/7463
f 7622/7622 7463/7463 7524/7524
f 7531/7531 7465/7465 7505/7505
f 7624/7624 7622/7622 7533/7533
f 7533/7533 7622/7622 7524/7524
f 7505/7505 7483/7483 7488/7488
f 7490/7490 7512/7512 7622/7622
f 7510/7510 7513/7513 7511/7511
f 7623/7623 7511/7511 7513/7513
f 7512/7512 7511/7511 7623/7623
f 7598/7598 7490/7490 7622/7622
f 7490/7490 7509/7509 7512/7512
f 7598/7598 7597/7597 7490/7490
f 7622/7622 7624/7624 7598/7598
f 7625/7625 7624/7624 7533/7533
f 7533/7533 7524/7524 7530/7530
f 7532/7532 7625/7625 7533/7533
f 7624/7624 7625/7625 7598/7598
f 7599/7599 7598/7598 7626/7626
f 7602/7602 7596/7596 7599/7599
f 7625/7625 7626/7626 7598/7598
f 7627/7627 7626/7626 7625/7625
f 7626/7626 7628/7628 7599/7599
f 7629/7629 7599/7599 7628/7628
f 7628/7628 7626/7626 7627/7627
f 7630/7630 7628/7628 7627/7627
f 7629/7629 7602/7602 7599/7599
f 7602/7602 7631/7631 7600/7600
f 7629/7629 7628/7628 7631/7631
f 7602/7602 7629/7629 7631/7631
f 7600/7600 7631/7631 7603/7603
f 7630/7630 7631/7631 7628/7628
f 7632/7632 7631/7631 7630/7630
f 7632/7632 7603/7603 7631/7631
f 7632/7632 7633/7633 7603/7603
f 7627/7627 7633/7633 7630/7630
f 7633/7633 7605/7605 7603/7603
f 7634/7634 7605/7605 7633/7633
f 7627/7627 7634/7634 7633/7633
f 7627/7627 7625/7625 7634/7634
f 7488/7488 7635/7635 7505/7505
f 7636/7636 7531/7531 7505/7505
f 7638/7638 7625/7625 7641/7641
f 7636/7636 7505/7505 7647/7647
f 7505/7505 7635/7635 7647/7647
f 7638/7638 7634/7634 7625/7625
f 7612/7612 7649/7649 4326/4326
f 7606/7606 7621/7621 7613/7613
f 7619/7619 7649/7649 7612/7612
f 7620/7620 7618/7618 7614/7614
f 7618/7618 7620/7620 7648/7648
f 7650/7650 7649/7649 7651/7651
f 7652/7652 7648/7648 7620/7620
f 4326/4326 7649/7649 7650/7650
f 7654/7654 7621/7621 7607/7607
f 7652/7652 7620/7620 7653/7653
f 7654/7654 7607/7607 7608/7608
f 7650/7650 7651/7651 7655/7655
f 7650/7650 7655/7655 7656/7656
f 7657/7657 7656/7656 7655/7655
f 7655/7655 7651/7651 7658/7658
f 7658/7658 7652/7652 7653/7653
f 7658/7658 7653/7653 7660/7660
f 7657/7657 7655/7655 7658/7658
f 7604/7604 7605/7605 7634/7634
f 7634/7634 7608/7608 7604/7604
f 7469/7469 7635/7635 7488/7488
f 7635/7635 7469/7469 7661/7661
f 7608/7608 7634/7634 7662/7662
f 4326/4326 7650/7650 7469/7469
f 7661/7661 7469/7469 7656/7656
f 7656/7656 7469/7469 7650/7650
f 7659/7659 7654/7654 7608/7608
f 7660/7660 7664/7664 7657/7657
f 7659/7659 7666/7666 7665/7665
f 7660/7660 7657/7657 7658/7658
f 7662/7662 7634/7634 7668/7668
f 7635/7635 7669/7669 7670/7670
f 7670/7670 7669/7669 7661/7661
f 7661/7661 7669/7669 7635/7635
f 7670/7670 7661/7661 7671/7671
f 7671/7671 7673/7673 7670/7670
f 7673/7673 7663/7663 7667/7667
f 7634/7634 7675/7675 7668/7668
f 7666/7666 7608/7608 7662/7662
f 7676/7676 7656/7656 7677/7677
f 7676/7676 7677/7677 7681/7681
f 7661/7661 7656/7656 7676/7676
f 7666/7666 7662/7662 7683/7683
f 7683/7683 7680/7680 7666/7666
f 7666/7666 7659/7659 7608/7608
f 7677/7677 7656/7656 7657/7657
f 7678/7678 7657/7657 7664/7664
f 7679/7679 7665/7665 7666/7666
f 7666/7666 7680/7680 7679/7679
f 7684/7684 7676/7676 7681/7681
f 7684/7684 7661/7661 7676/7676
f 7682/7682 7684/7684 7681/7681
f 7682/7682 7672/7672 7684/7684
f 7684/7684 7671/7671 7661/7661
f 7663/7663 7672/7672 7682/7682
f 7663/7663 7673/7673 7672/7672
f 7532/7532 7556/7556 7562/7562
f 7633/7633 7632/7632 7630/7630
f 7588/7588 7529/7529 7531/7531
f 7588/7588 7558/7558 7529/7529
f 7685/7685 7588/7588 7531/7531
f 7532/7532 7562/7562 7686/7686
f 7587/7587 7688/7688 7687/7687
f 7685/7685 7587/7587 7588/7588
f 7688/7688 7587/7587 7685/7685
f 7562/7562 7586/7586 7686/7686
f 7532/7532 7686/7686 7641/7641
f 7531/7531 7636/7636 7685/7685
f 7641/7641 7625/7625 7532/7532
f 7262/7262 4014/4014 7472/7472
f 7261/7261 7262/7262 7689/7689
f 7473/7473 7689/7689 7262/7262
f 7261/7261 7689/7689 7263/7263
f 7690/7690 7689/7689 7473/7473
f 7475/7475 7690/7690 7473/7473
f 7690/7690 7263/7263 7689/7689
f 7266/7266 7263/7263 7690/7690
f 7267/7267 7266/7266 7475/7475
f 7266/7266 7690/7690 7475/7475
f 7273/7273 7267/7267 7475/7475
f 7128/7128 7274/7274 4312/4312
f 7272/7272 7273/7273 7480/7480
f 7310/7310 7272/7272 7480/7480
f 7492/7492 7310/7310 7480/7480
f 7495/7495 7312/7312 7310/7310
f 7495/7495 7310/7310 7492/7492
f 7312/7312 7495/7495 7329/7329
f 4312/4312 7392/7392 4325/4325
f 7493/7493 7329/7329 7495/7495
f 7311/7311 7392/7392 4312/4312
f 7329/7329 7493/7493 7497/7497
f 7385/7385 7329/7329 7497/7497
f 4326/4326 7392/7392 7609/7609
f 7392/7392 7394/7394 7609/7609
f 7691/7691 7385/7385 7497/7497
f 7606/7606 7691/7691 7497/7497
f 7692/7692 7694/7694 7691/7691
f 7695/7695 7385/7385 7691/7691
f 7394/7394 7696/7696 7609/7609
f 7609/7609 7696/7696 7693/7693
f 7697/7697 7694/7694 7692/7692
f 7697/7697 7698/7698 7694/7694
f 7695/7695 7691/7691 7694/7694
f 7694/7694 7699/7699 7695/7695
f 7393/7393 7698/7698 7697/7697
f 7393/7393 7701/7701 7698/7698
f 7385/7385 7695/7695 7395/7395
f 7609/7609 7693/7693 7611/7611
f 7610/7610 7611/7611 7702/7702
f 7610/7610 7702/7702 7615/7615
f 7606/7606 7616/7616 7703/7703
f 7617/7617 7610/7610 7615/7615
f 7693/7693 7702/7702 7611/7611
f 7691/7691 7703/7703 7692/7692
f 7703/7703 7691/7691 7606/7606
f 7617/7617 7615/7615 7614/7614
f 7701/7701 7393/7393 7705/7705
f 7695/7695 7700/7700 7706/7706
f 7705/7705 7393/7393 7707/7707
f 7706/7706 7395/7395 7695/7695
f 7415/7415 7707/7707 7393/7393
f 7704/7704 7707/7707 7415/7415
f 7414/7414 7395/7395 7706/7706
f 7695/7695 7699/7699 7700/7700
f 7412/7412 7395/7395 7414/7414
f 7395/7395 7412/7412 7417/7417
f 7708/7708 7050/7050 6427/6427
f 7709/7709 6630/6630 7052/7052
f 7054/7054 7051/7051 7711/7711
f 7708/7708 7710/7710 7050/7050
f 7054/7054 7709/7709 7052/7052
f 7713/7713 6630/6630 7709/7709
f 7709/7709 7054/7054 7712/7712
f 7712/7712 7714/7714 7709/7709
f 7709/7709 7714/7714 7717/7717
f 7708/7708 6427/6427 7718/7718
f 7708/7708 7718/7718 7719/7719
f 7710/7710 7708/7708 7719/7719
f 7710/7710 7719/7719 7715/7715
f 7716/7716 7713/7713 7709/7709
f 7555/7555 7542/7542 6630/6630
f 6630/6630 7713/7713 7555/7555
f 7720/7720 7554/7554 7555/7555
f 7722/7722 7713/7713 7716/7716
f 7714/7714 7722/7722 7717/7717
f 7713/7713 7720/7720 7555/7555
f 7718/7718 6427/6427 7548/7548
f 7718/7718 7548/7548 7723/7723
f 7725/7725 7713/7713 7722/7722
f 7725/7725 7720/7720 7713/7713
f 7728/7728 7720/7720 7725/7725
f 7730/7730 7718/7718 7723/7723
f 7730/7730 7731/7731 7718/7718
f 7730/7730 7736/7736 7731/7731
f 7735/7735 7726/7726 7732/7732
f 7734/7734 7729/7729 7727/7727
f 7725/7725 7733/7733 7728/7728
f 7541/7541 7519/7519 7563/7563
f 7737/7737 7527/7527 7554/7554
f 7738/7738 7554/7554 7739/7739
f 7740/7740 7738/7738 7739/7739
f 7742/7742 7527/7527 7737/7737
f 7565/7565 7527/7527 7742/7742
f 7744/7744 7541/7541 7563/7563
f 7745/7745 7569/7569 7571/7571
f 7746/7746 7571/7571 7565/7565
f 7565/7565 7741/7741 7746/7746
f 7569/7569 7745/7745 7564/7564
f 7564/7564 7745/7745 7747/7747
f 7748/7748 7746/7746 7741/7741
f 7749/7749 7743/7743 7564/7564
f 7554/7554 7738/7738 7737/7737
f 7747/7747 7751/7751 7564/7564
f 7750/7750 7748/7748 7741/7741
f 7750/7750 7741/7741 7737/7737
f 7749/7749 7564/7564 7751/7751
f 7749/7749 7751/7751 7752/7752
f 7738/7738 7752/7752 7750/7750
f 7752/7752 7738/7738 7740/7740
f 7750/7750 7737/7737 7738/7738
f 7723/7723 7548/7548 7541/7541
f 7720/7720 7753/7753 7754/7754
f 7541/7541 7744/7744 7723/7723
f 7754/7754 7554/7554 7720/7720
f 7754/7754 7739/7739 7554/7554
f 7756/7756 7724/7724 7743/7743
f 7757/7757 7758/7758 7755/7755
f 7757/7757 7743/7743 7759/7759
f 7756/7756 7743/7743 7757/7757
f 7757/7757 7760/7760 7758/7758
f 7761/7761 7739/7739 7754/7754
f 7757/7757 7759/7759 7760/7760
f 7760/7760 7759/7759 7739/7739
f 7754/7754 7758/7758 7761/7761
f 7728/7728 7762/7762 7720/7720
f 7720/7720 7762/7762 7753/7753
f 7753/7753 7763/7763 7755/7755
f 7729/7729 7724/7724 7756/7756
f 7729/7729 7755/7755 7763/7763
f 7729/7729 7763/7763 7727/7727
f 7755/7755 7758/7758 7753/7753
f 7754/7754 7753/7753 7758/7758
f 7759/7759 7743/7743 7749/7749
f 7759/7759 7749/7749 7764/7764
f 7739/7739 7759/7759 7765/7765
f 7740/7740 7739/7739 7765/7765
f 7752/7752 7765/7765 7749/7749
f 7765/7765 7752/7752 7740/7740
f 7719/7719 7766/7766 7715/7715
f 7719/7719 7718/7718 7766/7766
f 7715/7715 7766/7766 7721/7721
f 7766/7766 7726/7726 7721/7721
f 7718/7718 7731/7731 7766/7766
f 7726/7726 7766/7766 7732/7732
f 7647/7647 7767/7767 7636/7636
f 7647/7647 7768/7768 7767/7767
f 7768/7768 7770/7770 7767/7767
f 7769/7769 7773/7773 7639/7639
f 7770/7770 7768/7768 7772/7772
f 7670/7670 7647/7647 7635/7635
f 7647/7647 7670/7670 7774/7774
f 7774/7774 7670/7670 7673/7673
f 7673/7673 7775/7775 7774/7774
f 7674/7674 7639/7639 7777/7777
f 7775/7775 7674/7674 7778/7778
f 7634/7634 7638/7638 7675/7675
f 7776/7776 7637/7637 7780/7780
f 7780/7780 7647/7647 7778/7778
f 7778/7778 7776/7776 7780/7780
f 7774/7774 7778/7778 7647/7647
f 7778/7778 7674/7674 7776/7776
f 7778/7778 7774/7774 7775/7775
f 7779/7779 7639/7639 7773/7773
f 7647/7647 7780/7780 7768/7768
f 7772/7772 7768/7768 7780/7780
f 7775/7775 7673/7673 7667/7667
f 7667/7667 7674/7674 7775/7775
f 7687/7687 7781/7781 7644/7644
f 7688/7688 7782/7782 7687/7687
f 7685/7685 7783/7783 7688/7688
f 7782/7782 7688/7688 7785/7785
f 7783/7783 7685/7685 7786/7786
f 7785/7785 7643/7643 7782/7782
f 7783/7783 7786/7786 7788/7788
f 7786/7786 7685/7685 7636/7636
f 7636/7636 7790/7790 7786/7786
f 7784/7784 7787/7787 7642/7642
f 7788/7788 7786/7786 7790/7790
f 7789/7789 7791/7791 7645/7645
f 7792/7792 7645/7645 7791/7791
f 7796/7796 7638/7638 7641/7641
f 7796/7796 7771/7771 7638/7638
f 7636/7636 7797/7797 7790/7790
f 7797/7797 7795/7795 7646/7646
f 7793/7793 7790/7790 7797/7797
f 7794/7794 7798/7798 7640/7640
f 7797/7797 7636/7636 7767/7767
f 7767/7767 7795/7795 7797/7797
f 7795/7795 7767/7767 7770/7770
