# generated by mjlab asset_pipeline; 11999 faces
mtllib cuboid_vis.mtl
v 0.035382 0.002612 -0.014010
v 0.035831 0.001422 -0.013461
v 0.035599 0.001250 -0.013852
v 0.035360 0.009368 -0.014075
v 0.034010 0.008846 -0.014203
v 0.035394 0.010715 -0.014105
v 0.035047 0.001908 -0.014053
v 0.035238 0.000881 -0.014015
v 0.035443 0.035928 -0.014546
v 0.035428 0.037299 -0.014554
v 0.035670 0.036703 -0.014200
v 0.034921 0.036948 -0.014712
v 0.034902 0.035242 -0.014736
v 0.035407 0.029689 0.001811
v 0.035399 0.025949 -0.001770
v 0.034491 0.010989 -0.014201
v 0.035821 0.035907 -0.013614
v 0.035765 0.037669 -0.013781
v 0.033400 0.010594 -0.014231
v 0.034334 0.002889 -0.014089
v 0.035465 0.034651 -0.014580
v 0.035289 0.033581 -0.014635
v 0.033945 0.000758 -0.014031
v 0.032874 0.000590 -0.014019
v 0.033881 0.033967 -0.014694
v 0.034020 -0.001639 -0.013983
v 0.035234 -0.000540 -0.013942
v 0.035854 0.010803 -0.013473
v 0.035661 0.009792 -0.013863
v 0.035938 -0.001814 -0.013151
v 0.035606 -0.001455 -0.013743
v 0.035845 -0.000467 -0.013439
v 0.035839 0.033351 -0.013606
v 0.035713 0.034204 -0.014119
v 0.035570 0.008602 -0.013972
v 0.035944 0.009150 -0.013266
v 0.035584 0.032615 -0.014361
v 0.035794 0.007893 -0.013626
v 0.035375 0.032294 -0.014546
v 0.035430 0.006840 -0.014046
v 0.035177 -0.002442 -0.013927
v 0.034837 0.008204 -0.014145
v 0.033431 -0.000996 -0.014021
v 0.035808 0.031118 -0.013671
v 0.035796 0.031601 -0.012537
v 0.035552 0.030698 -0.014357
v 0.035617 0.005342 -0.013753
v 0.035140 0.004787 -0.014077
v 0.034950 0.031386 -0.014652
v 0.035316 0.029296 -0.014562
v 0.033925 0.030103 -0.014646
v 0.035480 0.003963 -0.013919
v 0.032287 0.010433 -0.014242
v 0.035674 0.029210 -0.014195
v 0.033483 0.006988 -0.014161
v 0.033734 -0.003059 -0.013997
v 0.033814 0.032543 -0.014679
v 0.035411 0.028554 0.004079
v 0.033988 0.031357 -0.014621
v 0.031629 -0.000854 -0.014075
v 0.034539 0.005787 -0.014122
v 0.035424 0.034088 0.003923
v 0.035985 -0.000223 -0.012912
v 0.035837 -0.000492 -0.010950
v 0.032873 0.031042 -0.014648
v 0.035598 -0.003596 -0.013730
v 0.035822 -0.002738 -0.013411
v 0.035205 -0.004967 -0.013845
v 0.035855 0.005882 -0.013301
v 0.035950 0.007686 -0.013075
v 0.033974 0.028374 -0.014577
v 0.031911 0.001667 -0.014098
v 0.035363 0.027516 -0.014503
v 0.035458 0.022672 0.002257
v 0.030452 0.000291 -0.014121
v 0.028150 0.008612 -0.014384
v 0.032699 0.029016 -0.014592
v 0.028849 0.001693 -0.014245
v 0.035458 0.024191 0.003967
v 0.034771 0.026576 -0.014538
v 0.032190 -0.003276 -0.013977
v 0.033558 0.026552 -0.014548
v 0.031806 0.004960 -0.014157
v 0.032537 0.025959 -0.014476
v 0.031939 0.027383 -0.014569
v 0.035741 -0.004744 -0.013450
v 0.035910 -0.003825 -0.013016
v 0.035918 -0.005707 -0.013157
v 0.035640 -0.006024 -0.013692
v 0.034607 -0.004931 -0.013918
v 0.035993 -0.005675 -0.012416
v 0.032414 0.013765 -0.014271
v 0.030226 0.015295 -0.014384
v 0.033745 0.015617 -0.014293
v 0.034022 0.042270 -0.013279
v 0.033941 0.041945 -0.014384
v 0.033941 0.041945 -0.014384
v 0.032610 0.042122 -0.014050
v 0.035024 -0.006436 -0.013889
v 0.033304 -0.006767 -0.013928
v 0.035435 -0.006989 -0.013783
v 0.033927 0.040127 -0.014854
v 0.034361 0.041618 -0.014768
v 0.035229 0.040723 -0.014842
v 0.035667 -0.007628 -0.013497
v 0.032436 -0.004646 -0.013984
v 0.028085 0.018007 -0.014506
v 0.031079 0.018517 -0.014433
v 0.035219 -0.008282 -0.013824
v 0.035609 0.040401 -0.014744
v 0.035026 0.039343 -0.014800
v 0.034061 -0.007521 -0.013926
v 0.029253 0.012640 -0.014375
v 0.034379 0.038972 -0.014948
v 0.035923 -0.003570 -0.012076
v 0.033303 0.041782 -0.014605
v 0.033303 0.041782 -0.014605
v 0.032445 0.040868 -0.014822
v 0.032459 0.041502 -0.014742
v 0.035464 -0.008867 -0.013701
v 0.035742 -0.009322 -0.013424
v 0.035967 -0.007769 -0.012607
v 0.033268 0.039022 -0.014896
v 0.035932 -0.009507 -0.012760
v 0.025003 0.017358 -0.014589
v 0.026606 0.020125 -0.014570
v 0.029921 0.039414 -0.014897
v 0.035419 -0.010100 -0.013755
v 0.034861 -0.011884 -0.013869
v 0.034803 -0.009391 -0.013885
v 0.032069 0.038522 -0.014852
v 0.035667 -0.010455 -0.013436
v 0.029699 -0.004884 -0.014120
v 0.035880 -0.010860 -0.012800
v 0.028823 -0.002583 -0.014166
v 0.035438 -0.011612 -0.013686
v 0.035687 -0.012095 -0.013319
v 0.030588 0.038274 -0.014828
v 0.031169 0.041625 -0.014646
v 0.031845 0.041872 -0.014492
v 0.031845 0.041872 -0.014492
v 0.030273 0.040611 -0.014830
v 0.031800 0.042204 -0.013636
v 0.029177 -0.000606 -0.014198
v 0.033963 -0.010100 -0.013912
v 0.035425 -0.013242 -0.013718
v 0.030109 0.041684 -0.014560
v 0.029460 0.041530 -0.014691
v 0.028675 0.040448 -0.014803
v 0.033818 -0.012996 -0.013909
v 0.034885 -0.014323 -0.013871
v 0.029274 0.038564 -0.014887
v 0.024897 0.001202 -0.014383
v 0.023799 0.013525 -0.014564
v 0.032659 -0.010906 -0.013890
v 0.027979 0.041635 -0.014516
v 0.027979 0.041635 -0.014516
v 0.026846 0.041537 -0.014623
v 0.032149 -0.013077 -0.013917
v 0.026853 0.040243 -0.014834
v 0.035013 0.042586 -0.012356
v 0.033877 0.042475 -0.011612
v 0.031754 0.042500 -0.011095
v 0.035872 -0.013228 -0.012648
v 0.035905 -0.012324 -0.011806
v 0.035446 -0.014720 -0.013604
v 0.035708 -0.013838 -0.013321
v 0.035885 -0.015362 -0.012612
v 0.035540 -0.015674 -0.013390
v 0.027781 0.011210 -0.014444
v 0.035040 -0.015848 -0.013815
v 0.023729 -0.003427 -0.014346
v 0.035461 -0.016495 -0.013670
v 0.035048 -0.017456 -0.013836
v 0.034624 -0.016207 -0.013904
v 0.035857 -0.016337 -0.012707
v 0.029930 0.042732 -0.009519
v 0.032097 0.042895 -0.008286
v 0.035157 0.037853 -0.014699
v 0.035610 0.038451 -0.014188
v 0.033687 -0.017666 -0.013898
v 0.034491 0.037794 -0.014821
v 0.035293 -0.018515 -0.013730
v 0.035575 -0.017878 -0.013378
v 0.034871 -0.018897 -0.013874
v 0.035586 -0.019971 -0.013274
v 0.035213 -0.019879 -0.013750
v 0.035768 -0.001921 -0.006917
v 0.035724 0.001243 -0.008003
v 0.034052 -0.019347 -0.013844
v 0.034107 0.035797 -0.014701
v 0.033254 0.036108 -0.014746
v 0.032623 0.037601 -0.014704
v 0.023497 0.011463 -0.014584
v 0.035860 -0.005190 -0.010582
v 0.033792 -0.014028 -0.013870
v 0.035690 0.036977 -0.012272
v 0.032987 -0.014056 -0.013809
v 0.032930 -0.015403 -0.013896
v 0.029686 -0.014175 -0.014028
v 0.028376 -0.011272 -0.014094
v 0.030617 0.042508 -0.011518
v 0.028983 0.042316 -0.012567
v 0.029212 0.042541 -0.011031
v 0.027695 0.042395 -0.011461
v 0.033946 0.013665 -0.014284
v 0.030851 -0.014622 -0.013992
v 0.027675 0.042293 -0.012629
v 0.027332 0.042122 -0.013661
v 0.026851 0.042276 -0.012209
v 0.026290 0.042113 -0.013886
v 0.025120 0.042221 -0.013038
v 0.025540 0.042393 -0.011647
v 0.030780 -0.015933 -0.013993
v 0.029347 -0.015203 -0.014095
v 0.024106 0.042269 -0.012085
v 0.026298 -0.015857 -0.014169
v 0.023353 0.042146 -0.013288
v 0.023477 0.042507 -0.010940
v 0.028015 0.042719 -0.009966
v 0.033856 -0.015236 -0.013908
v 0.025031 -0.000710 -0.014371
v 0.026307 0.042736 -0.009136
v 0.026279 0.042605 -0.010587
v 0.024477 0.042771 -0.008600
v 0.031324 -0.008948 -0.013981
v 0.032218 -0.018809 -0.013894
v 0.027306 0.042886 -0.008073
v 0.030292 0.026478 -0.014586
v 0.026199 -0.008295 -0.014205
v 0.025671 0.042909 -0.008030
v 0.021143 0.043541 -0.007011
v 0.020359 0.043466 -0.007196
v 0.020267 0.043590 -0.005625
v 0.031213 0.036943 -0.014731
v 0.030347 0.035824 -0.014798
v 0.029406 0.037000 -0.014765
v 0.027950 0.039152 -0.014903
v 0.028663 0.025769 -0.014569
v 0.031032 0.024709 -0.014583
v 0.026593 0.026110 -0.014643
v 0.023743 0.026413 -0.014717
v 0.027334 0.037815 -0.014801
v 0.026547 0.039168 -0.014897
v 0.021910 0.028186 -0.014768
v 0.029525 0.024630 -0.014653
v 0.025336 0.039203 -0.014926
v 0.026718 0.024777 -0.014730
v 0.027880 0.035992 -0.014839
v 0.026747 0.037053 -0.014775
v 0.026610 0.035951 -0.014811
v 0.026059 0.023673 -0.014632
v 0.029453 0.023389 -0.014533
v 0.022645 -0.005069 -0.014388
v 0.026128 0.037113 -0.014814
v 0.023604 0.034897 -0.014838
v 0.035578 0.010037 -0.006140
v 0.035616 0.012933 -0.009086
v 0.035510 0.014355 -0.006066
v 0.035477 0.018683 -0.005838
v 0.035632 0.019451 -0.009515
v 0.035481 0.022909 -0.006131
v 0.019995 0.035115 -0.014843
v 0.032071 0.036170 -0.014702
v 0.032233 0.034106 -0.014699
v 0.030566 0.034617 -0.014765
v 0.025333 -0.013246 -0.014228
v 0.017545 0.029995 -0.014823
v 0.035408 0.016180 -0.002754
v 0.021220 0.026183 -0.014759
v 0.028919 0.034951 -0.014807
v 0.035433 0.023229 -0.004568
v 0.024810 0.021734 -0.014655
v 0.029433 0.032834 -0.014747
v 0.024395 0.024898 -0.014735
v 0.035411 0.018944 0.000354
v 0.021852 -0.008246 -0.014365
v 0.022005 0.023502 -0.014722
v 0.022085 0.024716 -0.014791
v 0.024301 -0.012363 -0.014231
v 0.023208 0.019937 -0.014639
v 0.027235 0.033628 -0.014780
v 0.035705 0.016071 -0.010615
v 0.017037 0.026393 -0.014798
v 0.019890 0.025578 -0.014753
v 0.029083 -0.013058 -0.014066
v 0.018500 0.023492 -0.014752
v 0.028115 -0.013761 -0.014046
v 0.025775 -0.013772 -0.014171
v 0.026146 -0.015076 -0.014238
v 0.026161 0.034499 -0.014821
v 0.016621 0.024740 -0.014843
v 0.018677 0.035165 -0.014824
v 0.017812 0.034086 -0.014843
v 0.017780 0.035281 -0.014887
v 0.023026 0.036504 -0.014834
v 0.013666 0.037332 -0.014751
v 0.014177 0.036282 -0.014805
v 0.017726 0.036446 -0.014817
v 0.019779 -0.004777 -0.014492
v 0.016685 0.035591 -0.014837
v 0.016195 0.036865 -0.014785
v 0.035421 0.019201 0.003430
v 0.022500 0.040162 -0.014822
v 0.023406 0.041481 -0.014518
v 0.024598 0.041579 -0.014522
v 0.023028 0.041928 -0.014052
v 0.023028 0.041928 -0.014052
v 0.021848 0.041002 -0.014642
v 0.021585 0.041674 -0.014388
v 0.013525 0.034515 -0.014817
v 0.019469 -0.002971 -0.014498
v 0.020305 0.039539 -0.014861
v 0.021159 0.038766 -0.014916
v 0.025746 0.041412 -0.014619
v 0.035517 0.012149 -0.003629
v 0.024735 0.040325 -0.014824
v 0.024369 0.038836 -0.014904
v 0.024820 0.041877 -0.014188
v 0.024820 0.041877 -0.014188
v 0.011250 0.030706 -0.014836
v 0.012927 0.036093 -0.014777
v 0.011589 0.035302 -0.014817
v 0.023005 0.039288 -0.014899
v 0.023358 0.038046 -0.014804
v 0.018488 -0.013451 -0.014415
v 0.035544 0.012173 -0.001596
v 0.020823 0.041988 -0.013979
v 0.020823 0.041988 -0.013979
v 0.020013 0.041555 -0.014391
v 0.019726 0.040232 -0.014801
v 0.018800 0.041414 -0.014476
v 0.017424 0.040121 -0.014775
v 0.017283 0.041331 -0.014446
v 0.020734 -0.013801 -0.014351
v 0.019447 0.041733 -0.014146
v 0.019447 0.041733 -0.014146
v 0.018337 0.041880 -0.014007
v 0.018337 0.041880 -0.014007
v 0.017786 0.041670 -0.014295
v 0.015945 -0.005022 -0.014575
v 0.022052 0.042350 -0.011456
v 0.021707 0.042143 -0.013141
v 0.020278 0.042165 -0.012948
v 0.035678 0.009336 -0.009703
v 0.035743 0.011270 -0.011176
v 0.015927 -0.011670 -0.014511
v 0.019203 0.042283 -0.011918
v 0.018835 0.011064 -0.014676
v 0.019921 0.015649 -0.014659
v 0.019275 0.042056 -0.013248
v 0.018377 0.042103 -0.013388
v 0.021834 0.037525 -0.014800
v 0.020178 0.038238 -0.014857
v 0.017959 0.001053 -0.014592
v 0.025050 0.007007 -0.014471
v 0.019738 0.036425 -0.014831
v 0.018915 0.037365 -0.014781
v 0.035778 0.004239 -0.013470
v 0.035625 0.003337 -0.013743
v 0.035906 0.002940 -0.013045
v 0.012700 0.008618 -0.014732
v 0.035735 0.003473 -0.009841
v 0.035798 0.004737 -0.011331
v 0.014478 0.014934 -0.014745
v 0.019330 0.039009 -0.014893
v 0.015089 0.024897 -0.014876
v 0.013046 0.026099 -0.014813
v 0.035675 0.004084 -0.006280
v 0.015864 0.041082 -0.014518
v 0.015974 0.041640 -0.014193
v 0.015974 0.041640 -0.014193
v 0.015484 0.039258 -0.014807
v 0.016117 0.038532 -0.014828
v 0.008153 0.010991 -0.014773
v 0.009948 0.014706 -0.014793
v 0.014585 0.040401 -0.014639
v 0.017271 0.037544 -0.014775
v 0.035612 0.007429 -0.002056
v 0.014340 0.038516 -0.014773
v 0.035611 0.005851 -0.003252
v 0.019527 0.020880 -0.014732
v 0.022162 0.042660 -0.009357
v 0.020157 0.042779 -0.008976
v 0.019726 0.042536 -0.010100
v 0.018073 0.042704 -0.009282
v 0.016633 0.021741 -0.014787
v 0.035751 -0.000495 -0.004161
v 0.035379 0.039825 0.008811
v 0.035231 0.040273 0.009610
v 0.035467 0.039266 0.010015
v 0.032697 0.043641 0.005433
v 0.032809 0.043754 0.004123
v 0.031941 0.043582 0.004535
v 0.031562 0.043324 0.006296
v 0.032370 0.043219 0.006650
v 0.033289 0.043501 0.006459
v 0.030274 0.043075 0.007420
v 0.030427 0.043260 0.006252
v 0.032188 0.043100 0.007972
v 0.016256 0.018547 -0.014746
v 0.031001 0.042811 0.009292
v 0.030691 0.043063 0.008242
v 0.032401 0.042898 0.009110
v 0.031325 0.042547 0.010746
v 0.032394 0.042240 0.011745
v 0.033095 0.042638 0.011222
v 0.031534 0.042161 0.011591
v 0.029644 0.042971 0.008390
v 0.029918 0.042447 0.011007
v 0.029948 0.041937 0.011707
v 0.030354 0.042691 0.010194
v 0.014113 0.024551 -0.014859
v 0.015339 0.023592 -0.014768
v 0.035856 0.029534 -0.013310
v 0.012005 0.024648 -0.014864
v 0.035599 0.031482 -0.009566
v 0.035661 0.032876 -0.011574
v 0.035596 0.034732 -0.010761
v 0.035524 0.035049 -0.009641
v 0.035613 0.026828 -0.010070
v 0.035715 0.028229 -0.011763
v 0.035545 0.030677 -0.008962
v 0.028958 0.022064 -0.014566
v 0.035733 0.026172 -0.014098
v 0.035362 0.025510 -0.014440
v 0.014069 0.021791 -0.014788
v 0.035657 0.024973 -0.014115
v 0.035056 0.024408 -0.014463
v 0.034469 0.025407 -0.014477
v 0.035869 0.025231 -0.013419
v 0.035442 0.023855 -0.014327
v 0.009700 0.023049 -0.014805
v 0.009986 0.025920 -0.014846
v 0.035481 0.031884 -0.007060
v 0.008854 0.026553 -0.014834
v 0.022079 0.018597 -0.014649
v 0.007364 0.016988 -0.014792
v 0.010238 0.018052 -0.014798
v 0.011172 0.025313 -0.014802
v 0.035366 0.031277 -0.003366
v 0.035518 0.026647 -0.007367
v 0.010170 0.024690 -0.014870
v 0.021290 0.017396 -0.014675
v 0.035383 0.028811 -0.003136
v 0.009414 0.025222 -0.014808
v 0.008637 0.024906 -0.014869
v 0.035590 0.022561 -0.009112
v 0.035572 0.024247 -0.008406
v 0.018842 0.018049 -0.014685
v 0.004776 0.008587 -0.014771
v 0.017447 0.016990 -0.014737
v 0.001928 0.016785 -0.014823
v 0.000671 0.012378 -0.014792
v 0.003027 0.010770 -0.014800
v 0.007146 0.024839 -0.014878
v 0.004790 0.022977 -0.014831
v 0.007709 0.004264 -0.014749
v 0.009829 0.000730 -0.014722
v 0.013974 -0.002360 -0.014638
v 0.000564 0.018555 -0.014809
v 0.035546 0.016845 -0.014134
v 0.035791 0.015295 -0.013720
v 0.035341 0.015965 -0.014247
v 0.035380 0.014302 -0.014174
v 0.035377 0.034101 -0.004845
v 0.035734 0.012752 -0.013878
v 0.035644 0.013811 -0.013934
v 0.035906 0.014090 -0.013194
v 0.035924 0.011576 -0.013203
v 0.035815 0.013104 -0.011681
v 0.013658 -0.003904 -0.014608
v 0.011648 -0.004055 -0.014669
v 0.034132 0.024063 -0.014446
v 0.035303 0.037660 -0.004067
v 0.035285 0.035978 -0.003793
v 0.035369 0.036760 -0.006398
v 0.035279 0.022442 -0.014382
v 0.033571 0.022113 -0.014430
v 0.034028 0.020763 -0.014385
v 0.035279 0.037361 -0.001173
v 0.035341 0.034403 -0.003237
v 0.032191 0.020127 -0.014390
v 0.035682 0.022195 -0.014087
v 0.035592 0.020968 -0.014207
v 0.035234 0.020091 -0.014337
v 0.035665 0.019420 -0.014071
v 0.035898 0.020440 -0.013433
v 0.035465 0.018772 -0.014262
v 0.034129 0.019481 -0.014379
v 0.033408 0.024736 -0.014509
v 0.032130 0.025037 -0.014544
v 0.003952 -0.000463 -0.014754
v 0.027476 0.043703 -0.004640
v 0.030086 0.043668 -0.004945
v 0.029618 0.043612 -0.006893
v 0.027996 0.043616 -0.006194
v 0.026444 0.043658 -0.005239
v 0.032770 0.023484 -0.014434
v 0.008889 -0.006435 -0.014681
v 0.024942 0.043678 -0.004552
v 0.024767 0.043620 -0.006015
v 0.030573 0.043781 -0.000520
v 0.031121 0.043767 -0.001685
v 0.029382 0.043740 -0.001789
v 0.031191 0.043690 -0.000691
v 0.032062 0.043825 -0.000888
v 0.030154 0.043826 0.000903
v 0.031410 0.043814 0.000880
v 0.035248 0.017986 -0.014303
v 0.033918 0.017325 -0.014350
v 0.035843 0.018864 -0.013740
v 0.035680 0.017844 -0.014036
v 0.032320 0.017515 -0.014351
v 0.035385 0.036097 0.003363
v 0.035348 0.036582 0.000871
v 0.035381 0.037375 0.002385
v 0.003642 0.006329 -0.014779
v 0.035341 0.034851 -0.000408
v 0.035360 0.033861 0.001535
v 0.003011 0.008803 -0.014763
v 0.001259 0.008681 -0.014796
v -0.001090 0.008204 -0.014808
v 0.035445 0.037669 0.004956
v 0.035441 0.035227 0.006314
v 0.035453 0.036339 0.007896
v 0.002627 0.001867 -0.014768
v 0.035751 0.021270 -0.011825
v 0.035431 0.030492 0.006240
v 0.035432 0.030368 0.006258
v -0.001457 0.004803 -0.014780
v 0.035420 0.030599 0.010245
v 0.035414 0.033089 0.010119
v 0.035613 0.011657 -0.013992
v -0.002708 0.005041 -0.014832
v 0.035406 0.012497 -0.014206
v 0.026035 0.043499 0.004311
v 0.026789 0.043613 0.003187
v 0.025803 0.043523 0.003563
v 0.025598 0.043658 0.002715
v 0.027145 0.043450 0.005194
v 0.024818 0.043611 0.003698
v 0.026734 0.043209 0.006659
v 0.027112 0.043159 0.007310
v -0.000563 0.002294 -0.014800
v 0.029296 0.042713 0.009998
v 0.035612 0.000146 -0.013773
v 0.028897 0.042941 0.008855
v 0.028768 0.042485 0.011149
v 0.027627 0.042056 0.011524
v 0.028564 0.041687 0.011899
v 0.027415 0.042732 0.010724
v 0.026129 0.042339 0.011156
v 0.026969 0.041585 0.011894
v 0.035111 0.039832 -0.002644
v 0.035401 0.038738 -0.001394
v 0.035344 0.038710 -0.002533
v 0.035128 0.039898 -0.000476
v 0.035653 0.035265 -0.014340
v 0.035404 0.038788 0.000040
v 0.035425 0.037745 -0.006218
v 0.031766 0.043868 -0.004787
v 0.032535 0.043533 -0.006064
v 0.031082 0.043631 -0.007084
v 0.029567 0.043486 -0.007271
v 0.035589 0.042146 -0.014213
v 0.035589 0.042146 -0.014213
v 0.035642 0.041627 -0.014532
v 0.035205 0.042098 -0.014686
v 0.035266 0.041661 -0.014810
v 0.035793 0.041313 -0.013980
v 0.035925 0.040559 -0.014314
v 0.035439 0.042371 -0.013438
v 0.035439 0.042371 -0.013438
v 0.035081 0.042357 -0.014236
v 0.035081 0.042357 -0.014236
v 0.028021 0.043444 -0.007238
v 0.026480 0.043546 -0.007188
v 0.034823 0.042498 -0.013236
v 0.026597 0.043657 -0.006227
v 0.035744 0.040021 -0.014532
v 0.026160 0.043675 -0.003141
v 0.030724 0.043703 -0.003526
v 0.032736 0.043624 -0.003579
v 0.031814 0.043975 -0.003304
v 0.031609 0.043831 -0.002392
v 0.032583 0.043652 -0.002447
v 0.030637 0.041963 -0.014209
v 0.030637 0.041963 -0.014209
v 0.027894 0.043727 -0.002460
v 0.029548 0.042181 -0.013632
v 0.029229 0.041930 -0.014342
v 0.029229 0.041930 -0.014342
v 0.035836 0.017323 -0.013624
v 0.035919 0.016518 -0.013066
v 0.028134 0.042071 -0.013948
v 0.026724 0.041826 -0.014405
v 0.026724 0.041826 -0.014405
v 0.024543 0.043678 -0.002272
v 0.026448 0.043791 -0.001203
v 0.035627 0.041918 -0.013219
v 0.035600 0.041298 -0.013447
v 0.035901 0.040391 -0.014021
v 0.035406 0.040554 -0.013295
v 0.035343 0.040823 -0.012928
v 0.035462 0.042397 -0.012396
v 0.035462 0.042397 -0.012396
v 0.024983 0.043494 -0.007119
v 0.035577 0.042231 -0.011708
v 0.022622 0.043677 -0.005114
v 0.035308 0.042606 -0.011471
v 0.035308 0.042606 -0.011471
v 0.035887 0.023029 -0.013572
v 0.035991 0.001265 -0.012780
v 0.035530 0.040979 -0.011314
v 0.035589 0.041437 -0.012318
v 0.035095 0.042755 -0.010772
v 0.035480 0.042574 -0.010663
v 0.035480 0.042574 -0.010663
v 0.023138 0.043616 -0.003631
v 0.035309 0.040201 -0.012594
v 0.021381 0.043691 -0.005315
v 0.035250 0.042770 -0.010139
v 0.035932 0.022061 -0.013377
v 0.035078 0.042646 -0.009359
v 0.035421 0.042477 -0.009805
v 0.035421 0.042477 -0.009805
v 0.035108 0.042189 -0.009121
v 0.035108 0.042189 -0.009121
v 0.035643 0.041280 -0.010244
v 0.035755 0.024191 -0.011803
v 0.022292 0.043516 -0.004087
v 0.034226 0.042686 -0.009688
v 0.021738 0.043591 -0.002603
v 0.035120 0.039892 -0.011305
v 0.035516 0.040521 -0.010385
v 0.035124 0.039915 -0.010526
v 0.035567 0.040660 -0.009734
v 0.035385 0.041016 -0.009563
v 0.021098 0.043585 -0.004254
v 0.034928 0.041025 -0.008994
v 0.035199 0.039792 -0.009249
v 0.035872 0.002649 -0.011709
v 0.035921 0.019693 -0.013133
v 0.035903 0.018188 -0.013181
v 0.034420 0.042839 -0.008801
v 0.034660 0.042013 -0.008111
v 0.034660 0.042013 -0.008111
v 0.034135 0.042682 -0.007782
v 0.022558 0.043769 -0.001320
v 0.023042 0.043765 0.000197
v 0.033990 0.042940 -0.008297
v 0.032987 0.042930 -0.007986
v 0.032794 0.043639 -0.000582
v 0.033014 0.043350 -0.001561
v 0.033232 0.043404 0.000229
v 0.032116 0.043875 -0.000131
v 0.032310 0.043077 -0.007774
v 0.030570 0.042914 -0.007919
v 0.035693 0.039235 -0.014254
v 0.035750 0.039322 -0.013728
v 0.028995 0.043736 -0.000239
v 0.028923 0.043796 0.000913
v 0.028226 0.043950 0.000376
v 0.035359 0.039584 -0.012680
v 0.035663 0.038707 -0.013141
v 0.028066 0.043685 -0.001305
v 0.032913 0.043799 0.001049
v 0.035539 0.038520 -0.011059
v 0.032534 0.043873 0.001196
v 0.033632 0.042297 0.001180
v 0.033230 0.043498 0.001174
v 0.033526 0.042809 0.001963
v 0.035393 0.039210 -0.011498
v 0.031378 0.043767 0.002235
v 0.030300 0.043663 0.001934
v 0.029647 0.043641 0.002455
v 0.027739 0.043810 -0.000392
v 0.024800 0.043810 0.000048
v 0.026637 0.043778 0.000033
v 0.027513 0.043929 0.000694
v 0.026052 0.043996 0.000802
v 0.035748 0.017936 -0.011800
v 0.024834 0.043930 0.000699
v 0.024242 0.044006 0.000729
v 0.025348 0.043998 0.001198
v 0.022869 0.043952 0.001218
v 0.027649 0.043621 0.001585
v 0.028176 0.043554 0.002046
v 0.028863 0.043521 0.003266
v 0.026310 0.043970 0.001276
v 0.026123 0.043741 0.001910
v 0.025087 0.043639 0.001950
v 0.023745 0.043633 0.001904
v 0.024531 0.043552 0.002564
v 0.029322 0.042939 -0.007936
v 0.035154 0.040102 0.001446
v 0.034709 0.040748 0.000834
v 0.035424 0.038779 0.001648
v 0.034088 0.041480 0.000502
v 0.034088 0.041480 0.000502
v 0.034137 0.041613 0.001947
v 0.034137 0.041613 0.001947
v 0.034047 0.041848 0.003330
v 0.034047 0.041848 0.003330
v 0.034654 0.040870 0.002713
v 0.035144 0.040323 0.003635
v 0.024415 0.042963 -0.007926
v 0.035514 0.038859 0.003674
v 0.034430 0.041221 0.004099
v 0.023752 0.043461 -0.007222
v 0.034227 0.041757 0.004898
v 0.022206 0.043518 -0.007215
v 0.035342 0.039864 0.006341
v 0.034644 0.041122 0.005368
v 0.022852 0.042934 -0.007967
v 0.022002 0.042865 -0.008033
v 0.020804 0.042915 -0.007861
v 0.019748 0.042841 -0.007986
v 0.035569 0.038813 0.006367
v 0.034587 0.041364 0.006265
v 0.035332 0.039768 0.007696
v 0.034869 0.040880 0.007280
v 0.035535 0.038814 0.008643
v 0.035425 0.036664 0.009909
v 0.031372 0.043629 0.003248
v 0.030654 0.043499 0.004578
v 0.028004 0.043406 0.004112
v 0.028763 0.043445 0.005021
v 0.028256 0.043314 0.005704
v 0.024426 0.043437 0.005310
v 0.025184 0.043438 0.005964
v 0.017170 0.041808 -0.014017
v 0.017170 0.041808 -0.014017
v 0.017126 0.042100 -0.013032
v 0.029632 0.043273 0.006654
v 0.028547 0.043135 0.007619
v 0.017798 0.042535 -0.010058
v 0.017474 0.042402 -0.011126
v 0.017896 0.042239 -0.012222
v 0.024603 0.043210 0.007705
v 0.025900 0.043019 0.008448
v 0.027326 0.042963 0.008526
v 0.025583 0.042745 0.009219
v 0.027370 0.042738 0.009718
v 0.025623 0.042666 0.010427
v 0.035790 0.007316 -0.011407
v 0.033367 0.043855 0.002295
v 0.033022 0.043989 0.002187
v 0.034808 0.040964 0.008266
v 0.033540 0.043437 0.003447
v 0.032288 0.043870 0.002967
v 0.033128 0.043931 0.003093
v 0.035901 0.005374 -0.012732
v 0.034114 0.042424 0.004293
v 0.034114 0.042424 0.004293
v 0.033993 0.043335 0.004557
v 0.033404 0.043660 0.003990
v 0.034412 0.042725 0.005464
v 0.034412 0.042725 0.005464
v 0.034312 0.043298 0.005693
v 0.033889 0.043552 0.005329
v 0.033815 0.043617 0.006065
v 0.034610 0.043663 0.007035
v 0.034974 0.043475 0.007056
v 0.035887 -0.008382 -0.011046
v 0.035189 0.043441 0.008229
v 0.034634 0.043573 0.008704
v 0.035226 0.042795 0.009007
v 0.035226 0.042795 0.009007
v 0.035306 0.042874 0.007850
v 0.035306 0.042874 0.007850
v 0.035863 -0.010199 -0.010513
v 0.034109 0.043506 0.008616
v 0.035090 0.043285 0.009094
v 0.034937 0.042811 0.006746
v 0.034937 0.042811 0.006746
v 0.034884 0.041653 0.007407
v 0.033096 0.043281 0.007768
v 0.034240 0.043495 0.009583
v 0.033181 0.043002 0.009452
v 0.034781 0.043400 0.010147
v 0.035147 0.042794 0.010727
v 0.035207 0.042367 0.010429
v 0.035207 0.042367 0.010429
v 0.034644 0.042772 0.011469
v 0.035142 0.041823 0.011406
v 0.035142 0.041823 0.011406
v 0.034175 0.043241 0.010951
v 0.035861 -0.012921 -0.011164
v 0.035105 0.041925 0.009169
v 0.035172 0.041005 0.010129
v 0.035850 0.027497 -0.013511
v 0.034621 0.040880 -0.008015
v 0.035328 0.040451 -0.009061
v 0.035228 0.039906 -0.008636
v 0.035038 0.040271 -0.008283
v 0.035527 0.038687 -0.008218
v 0.035188 0.039727 -0.006961
v 0.034597 0.040835 -0.005639
v 0.035154 0.039779 -0.005658
v 0.035366 0.038713 -0.005122
v 0.033533 0.042663 -0.007040
v 0.032300 0.043402 -0.006984
v 0.033489 0.042466 -0.005477
v 0.033655 0.042422 -0.006516
v 0.032923 0.042999 -0.006968
v 0.032765 0.043382 -0.005007
v 0.032348 0.043743 -0.005025
v 0.034420 0.041450 -0.006981
v 0.034420 0.041450 -0.006981
v 0.034350 0.041417 -0.005090
v 0.034350 0.041417 -0.005090
v 0.033535 0.042410 -0.004229
v 0.033922 0.041858 -0.002816
v 0.035056 0.039907 -0.004203
v 0.034401 0.040992 -0.004083
v 0.034401 0.040992 -0.004083
v 0.035483 0.038423 -0.009514
v 0.035449 0.037375 -0.008275
v 0.034196 0.041301 -0.002215
v 0.034196 0.041301 -0.002215
v 0.034669 0.040603 -0.003252
v 0.034380 0.041222 -0.000965
v 0.034380 0.041222 -0.000965
v 0.033517 0.042582 -0.002460
v 0.033797 0.042350 -0.001423
v 0.018832 0.043402 -0.007295
v 0.018550 0.043594 -0.006868
v -0.004861 0.038085 -0.014474
v -0.007291 0.039533 -0.014438
v -0.005383 0.039529 -0.014501
v -0.008921 0.040235 -0.014240
v -0.006695 0.040321 -0.014292
v -0.032062 0.037021 -0.014311
v -0.027465 0.036686 -0.014308
v -0.031617 0.034138 -0.014469
v 0.016493 0.042454 -0.010349
v 0.015848 0.042060 -0.013218
v -0.008825 0.037759 -0.014444
v -0.013931 0.026093 -0.014815
v -0.015984 0.027576 -0.014796
v 0.014939 0.042311 -0.011510
v 0.013934 0.042188 -0.011836
v -0.015350 0.025574 -0.014860
v -0.009394 0.039426 -0.014393
v -0.011935 0.025899 -0.014838
v -0.010861 0.025542 -0.014866
v -0.032703 0.035813 -0.014442
v -0.034633 0.034054 -0.014518
v -0.036024 0.040379 -0.009892
v -0.036024 0.040379 -0.009892
v -0.036009 0.040430 -0.011899
v -0.036009 0.040430 -0.011899
v -0.036232 0.039783 -0.011379
v -0.005442 0.036408 -0.014584
v -0.036046 0.039678 -0.009947
v -0.009309 0.034075 -0.014664
v -0.036271 0.037804 -0.010552
v -0.014492 0.030539 -0.014744
v 0.014670 0.042444 -0.010297
v 0.012639 0.042345 -0.011090
v 0.015697 0.042710 -0.009249
v 0.014231 0.042651 -0.009304
v -0.035637 0.037555 -0.013734
v -0.035908 0.036530 -0.012913
v -0.035999 0.038315 -0.012792
v 0.014570 0.041345 -0.014327
v -0.036313 0.038193 -0.012164
v -0.036249 0.039274 -0.012226
v -0.036215 0.036355 -0.012317
v 0.013015 0.041601 -0.014169
v 0.013015 0.041601 -0.014169
v 0.014711 0.041772 -0.014027
v 0.014711 0.041772 -0.014027
v 0.012949 0.040173 -0.014689
v -0.036160 0.036543 -0.009511
v -0.036225 0.035873 -0.010077
v 0.013498 0.041869 -0.013787
v 0.014764 0.042071 -0.013341
v -0.011158 0.038375 -0.014399
v -0.014213 0.024898 -0.014861
v -0.036156 0.037563 -0.008452
v -0.012739 0.037862 -0.014378
v -0.036045 0.036824 -0.007428
v 0.012616 0.042067 -0.012883
v -0.016956 0.025498 -0.014875
v -0.016783 0.026320 -0.014805
v -0.014439 0.023979 -0.014981
v -0.015095 0.024295 -0.014924
v 0.013475 0.039259 -0.014790
v -0.010939 0.040763 -0.014045
v -0.011118 0.041463 -0.013604
v -0.011118 0.041463 -0.013604
v -0.009568 0.041407 -0.013684
v -0.009568 0.041407 -0.013684
v -0.034224 0.036394 -0.014448
v -0.034934 0.035624 -0.014381
v -0.034934 0.035624 -0.014381
v -0.014846 0.023235 -0.014900
v -0.035020 0.033898 -0.014385
v -0.035020 0.033898 -0.014385
v -0.016246 0.023768 -0.014969
v -0.011823 0.041106 -0.013841
v -0.035238 0.034622 -0.014189
v -0.016538 0.024671 -0.014876
v 0.012013 0.039292 -0.014763
v -0.012498 0.039767 -0.014314
v 0.012474 0.038680 -0.014756
v -0.035296 0.036247 -0.014151
v -0.013061 0.040600 -0.014029
v -0.013015 0.041465 -0.013433
v -0.013015 0.041465 -0.013433
v -0.014423 0.041271 -0.013654
v -0.014423 0.041271 -0.013654
v -0.011109 0.039590 -0.014382
v 0.013180 0.038211 -0.014692
v -0.032495 0.033429 -0.014524
v -0.019343 0.028334 -0.014746
v -0.014343 0.039828 -0.014280
v -0.034226 0.033034 -0.014571
v -0.017987 0.025786 -0.014821
v 0.011719 0.041183 -0.014343
v 0.011719 0.041183 -0.014343
v 0.011966 0.041518 -0.014131
v -0.015295 0.038492 -0.014336
v -0.031875 0.028782 -0.014597
v 0.010687 0.040222 -0.014592
v -0.017736 0.024890 -0.014819
v -0.015644 0.040508 -0.014050
v -0.016471 0.041132 -0.013703
v -0.016471 0.041132 -0.013703
v -0.016303 0.041674 -0.013158
v 0.011325 0.042197 -0.011916
v 0.011171 0.042008 -0.013544
v 0.009928 0.042153 -0.012290
v -0.020397 0.026284 -0.014747
v 0.009770 0.041316 -0.014206
v 0.009770 0.041316 -0.014206
v -0.035300 0.033003 -0.014109
v -0.019424 0.025510 -0.014844
v 0.008393 0.041337 -0.014196
v 0.008393 0.041337 -0.014196
v -0.035681 0.033920 -0.013389
v -0.035736 0.032317 -0.013207
v -0.034377 0.030586 -0.014611
v 0.008270 0.042385 -0.010609
v 0.008303 0.042191 -0.011980
v 0.007456 0.041968 -0.013337
v 0.006537 0.042211 -0.011616
v -0.016631 0.023114 -0.014900
v 0.007186 0.042341 -0.011325
v -0.017323 0.023936 -0.014986
v -0.033028 0.029418 -0.014616
v 0.011442 0.042302 -0.010987
v -0.017857 0.022597 -0.014973
v -0.017310 0.022303 -0.014967
v 0.010266 0.042439 -0.010604
v -0.019187 0.025035 -0.014781
v 0.011876 0.042665 -0.009313
v -0.035009 0.031744 -0.014409
v -0.035009 0.031744 -0.014409
v -0.018528 0.024612 -0.014897
v -0.035461 0.031588 -0.013841
v -0.020100 0.023630 -0.014988
v 0.006547 0.042419 -0.010221
v -0.019845 0.024440 -0.014890
v 0.016840 0.042703 -0.009093
v -0.035040 0.030094 -0.014406
v -0.035040 0.030094 -0.014406
v -0.015106 0.034430 -0.014589
v -0.017871 0.021771 -0.014896
v -0.035308 0.029773 -0.014066
v -0.035656 0.030313 -0.013150
v -0.018270 0.021211 -0.014990
v -0.019534 0.022559 -0.015004
v -0.019772 0.021322 -0.014945
v -0.036147 0.030965 -0.012438
v -0.036264 0.032218 -0.012370
v -0.035591 0.035528 -0.013688
v -0.036229 0.034653 -0.012450
v -0.021461 0.022912 -0.015012
v -0.036308 0.036333 -0.011719
v -0.014610 0.022320 -0.014890
v -0.015654 0.021850 -0.014861
v -0.036213 0.032929 -0.012683
v 0.014072 0.043509 -0.007000
v 0.015182 0.043585 -0.006899
v 0.015648 0.043453 -0.007258
v -0.016788 0.021455 -0.014876
v -0.015731 0.020933 -0.014903
v 0.012270 0.043606 -0.005327
v 0.012057 0.043548 -0.007130
v -0.036313 0.032350 -0.011812
v 0.014205 0.043667 -0.005234
v -0.017665 0.020820 -0.014912
v -0.034540 0.029054 -0.014618
v 0.011188 0.043546 -0.006997
v 0.010906 0.043560 -0.006352
v -0.034370 0.027936 -0.014651
v -0.017557 0.019939 -0.014844
v -0.035063 0.028410 -0.014388
v -0.035063 0.028410 -0.014388
v 0.011348 0.042690 -0.008255
v 0.014044 0.042655 -0.008295
v 0.010619 0.042593 -0.009469
v 0.010363 0.042684 -0.007960
v -0.019370 0.019732 -0.014801
v -0.035411 0.028265 -0.013957
v 0.009258 0.042604 -0.008836
v -0.016361 0.039402 -0.014315
v -0.017801 0.039889 -0.014225
v -0.020571 0.025056 -0.014804
v -0.020710 0.025540 -0.014822
v 0.007408 0.042815 -0.007876
v -0.035645 0.029179 -0.013236
v -0.019303 0.037909 -0.014294
v -0.018362 0.038658 -0.014310
v 0.006579 0.042790 -0.007952
v 0.005063 0.042431 -0.010252
v -0.036027 0.029888 -0.012446
v 0.005442 0.042814 -0.007910
v -0.020890 0.024745 -0.014930
v -0.021847 0.025579 -0.014823
v -0.016156 0.036222 -0.014477
v -0.035991 0.027765 -0.012634
v -0.021510 0.025048 -0.014841
v -0.022117 0.025193 -0.014715
v -0.036198 0.029532 -0.011440
v -0.036106 0.028921 -0.012351
v -0.022163 0.026540 -0.014738
v 0.009217 0.043633 -0.003765
v 0.010833 0.043490 -0.004313
v 0.009884 0.043618 -0.005117
v -0.036171 0.027752 -0.011618
v -0.034812 0.026571 -0.014556
v -0.034812 0.026571 -0.014556
v -0.033951 0.026816 -0.014664
v 0.010068 0.043338 -0.007265
v 0.008383 0.042894 -0.007805
v 0.008941 0.043539 -0.007024
v -0.035138 0.026970 -0.014291
v 0.007390 0.043582 -0.006935
v 0.007593 0.043464 -0.007237
v -0.023948 0.026230 -0.014739
v -0.023140 0.025370 -0.014796
v 0.009102 0.043618 -0.006042
v -0.035528 0.026711 -0.013430
v -0.021625 0.024301 -0.014932
v -0.034911 0.024400 -0.014564
v -0.034911 0.024400 -0.014564
v -0.034237 0.025665 -0.014688
v -0.035224 0.025583 -0.014253
v -0.022622 0.024678 -0.014851
v 0.005934 0.043494 -0.007147
v 0.006392 0.043599 -0.006566
v -0.022633 0.023516 -0.014958
v -0.036135 0.026329 -0.012452
v 0.004314 0.043485 -0.007240
v 0.004391 0.043623 -0.006300
v -0.035551 0.025471 -0.013384
v -0.035381 0.024538 -0.013908
v 0.008561 0.043579 -0.004754
v -0.036035 0.024124 -0.012325
v -0.035692 0.023843 -0.012942
v 0.003478 0.043614 -0.006980
v -0.023095 0.022643 -0.014964
v 0.003046 0.043586 -0.005367
v 0.002226 0.043617 -0.006673
v -0.036014 0.037969 -0.006335
v -0.023563 0.024696 -0.014837
v 0.000434 0.043565 -0.004496
v 0.001591 0.043669 -0.005101
v 0.000908 0.043642 -0.005778
v -0.036057 0.035333 -0.007417
v -0.024541 0.025111 -0.014731
v 0.001497 0.043692 -0.003623
v 0.000477 0.043568 -0.003186
v 0.018285 0.043737 -0.003808
v 0.018719 0.043618 -0.004604
v 0.017823 0.043627 -0.005442
v 0.017559 0.043661 -0.003417
v -0.024025 0.023557 -0.014982
v 0.018478 0.043574 -0.003020
v -0.024726 0.024588 -0.014881
v -0.035921 0.036724 -0.005436
v -0.017789 0.041738 -0.012929
v -0.018004 0.041170 -0.013656
v -0.018004 0.041170 -0.013656
v -0.018472 0.041540 -0.013310
v -0.013994 0.042358 -0.009725
v -0.013648 0.042142 -0.011077
v 0.015963 0.043733 0.000005
v 0.018690 0.043745 -0.001623
v 0.015726 0.043688 -0.001260
v -0.015997 0.042502 -0.009144
v -0.016120 0.042060 -0.011394
v -0.018192 0.042360 -0.009779
v 0.016596 0.043841 0.000690
v 0.018704 0.043741 -0.000018
v -0.018127 0.042071 -0.010929
v -0.016346 0.018671 -0.014813
v -0.035907 0.036548 -0.003897
v 0.021294 0.043763 -0.000174
v 0.021685 0.043908 0.000603
v 0.020974 0.043733 -0.001009
v 0.020057 0.043646 -0.001627
v 0.019955 0.043898 0.000579
v -0.035900 0.033079 -0.005156
v -0.019589 0.042511 -0.009183
v -0.021452 0.042100 -0.010821
v -0.021053 0.042543 -0.008888
v -0.021726 0.020598 -0.014861
v -0.035860 0.034006 -0.002528
v 0.018265 0.043896 0.001012
v -0.022002 0.019612 -0.014797
v -0.019512 0.040248 -0.014076
v -0.019110 0.015288 -0.014828
v -0.019838 0.039399 -0.014235
v 0.018489 0.043555 0.004881
v 0.019491 0.043600 0.003218
v 0.017865 0.043630 0.003468
v -0.035863 0.034808 0.000446
v 0.016517 0.043600 0.005007
v 0.016229 0.043589 0.003968
v 0.014511 0.043606 0.004696
v -0.020532 0.040929 -0.013713
v -0.020532 0.040929 -0.013713
v -0.019910 0.041641 -0.013091
v 0.013420 0.043674 0.004589
v 0.013244 0.043608 0.003438
v -0.035778 0.031554 0.000642
v -0.035827 0.030875 -0.003691
v 0.016980 0.043599 -0.004544
v 0.016312 0.043644 -0.005269
v -0.021539 0.041148 -0.013490
v -0.021539 0.041148 -0.013490
v -0.025317 0.018145 -0.014757
v 0.016299 0.043476 -0.003867
v 0.016283 0.043594 -0.002260
v -0.035961 0.037717 -0.004182
v -0.035910 0.037548 -0.000995
v 0.015309 0.043563 -0.002997
v 0.014533 0.043783 0.000450
v -0.023252 0.014879 -0.014794
v -0.020141 0.036251 -0.014430
v 0.013349 0.043712 -0.000117
v 0.013314 0.043668 -0.001605
v 0.012068 0.043795 0.001014
v -0.035828 0.037099 0.001896
v -0.023356 0.020915 -0.014877
v -0.021532 0.039966 -0.014151
v -0.021337 0.039037 -0.014246
v 0.010167 0.043545 -0.002717
v 0.008985 0.043664 -0.001632
v 0.008028 0.043576 -0.003514
v -0.035861 0.036129 0.002311
v -0.025413 0.023771 -0.014909
v -0.025511 0.024861 -0.014761
v -0.020233 0.041865 -0.012611
v -0.021695 0.041702 -0.012811
v 0.006130 0.043718 0.000457
v 0.007786 0.043694 -0.002000
v 0.010276 0.043715 -0.000002
v 0.010206 0.043835 0.001054
v -0.026685 0.022342 -0.014934
v -0.025017 0.022123 -0.014873
v -0.025703 0.021585 -0.014885
v -0.023395 0.040688 -0.013797
v -0.023395 0.040688 -0.013797
v 0.009876 0.043678 -0.001467
v -0.023635 0.041527 -0.013124
v -0.022475 0.041862 -0.012472
v -0.023215 0.040086 -0.014105
v -0.025113 0.041010 -0.013514
v -0.036158 0.032942 -0.009502
v -0.025369 0.020615 -0.014849
v -0.024618 0.019867 -0.014776
v -0.024718 0.041804 -0.012187
v -0.025178 0.041477 -0.012990
v 0.007901 0.043835 0.001545
v -0.026278 0.041720 -0.012521
v -0.025125 0.040320 -0.013946
v -0.025125 0.040320 -0.013946
v -0.026619 0.021266 -0.014825
v -0.024443 0.042113 -0.010434
v -0.025816 0.042053 -0.010791
v 0.005941 0.043754 0.001982
v -0.027264 0.019412 -0.014755
v -0.027216 0.020460 -0.014819
v -0.022761 0.042120 -0.010700
v -0.022993 0.042382 -0.009432
v 0.003746 0.043691 -0.000475
v 0.005494 0.043617 -0.002017
v 0.003499 0.043723 -0.002249
v 0.005972 0.043732 -0.000924
v 0.002428 0.043711 -0.001238
v 0.002177 0.043591 -0.002813
v -0.024080 0.042533 -0.008878
v -0.003730 0.042750 -0.008110
v -0.002187 0.042326 -0.010668
v -0.003865 0.042380 -0.009840
v 0.000874 0.043755 0.000021
v 0.000727 0.043650 -0.001122
v -0.002585 0.043413 -0.007275
v -0.001443 0.043609 -0.006975
v -0.000931 0.043358 -0.007410
v -0.025883 0.026028 -0.014722
v 0.001293 0.043801 0.001700
v -0.003129 0.043643 -0.006537
v -0.026471 0.024542 -0.014850
v 0.004267 0.043809 0.001379
v -0.026676 0.023510 -0.014883
v -0.004381 0.043646 -0.006863
v -0.026234 0.024939 -0.014701
v -0.003704 0.043244 -0.007453
v -0.005434 0.043533 -0.007177
v -0.006559 0.043664 -0.006801
v -0.027315 0.024196 -0.014891
v -0.007577 0.043509 -0.007234
v -0.035910 0.027640 -0.007112
v -0.028087 0.023193 -0.014848
v 0.002930 0.043818 0.002243
v -0.028617 0.024629 -0.014802
v -0.027892 0.021680 -0.014885
v -0.003511 0.042247 -0.011426
v -0.004447 0.042015 -0.012189
v -0.005454 0.042342 -0.010357
v 0.011919 0.043594 0.004621
v 0.011586 0.043659 0.003351
v 0.010678 0.043637 0.005091
v -0.036198 0.026102 -0.011779
v -0.028582 0.020855 -0.014782
v -0.029350 0.021437 -0.014814
v -0.008015 0.042422 -0.009810
v -0.006274 0.042525 -0.009274
v -0.006821 0.042247 -0.010497
v -0.036098 0.025996 -0.010369
v -0.004592 0.042629 -0.008521
v 0.005701 0.043640 0.005478
v 0.004752 0.043753 0.003697
v 0.003646 0.043683 0.005978
v -0.029460 0.023840 -0.014858
v -0.007877 0.042630 -0.008060
v 0.000964 0.043759 0.003610
v -0.030568 0.022605 -0.014821
v -0.008986 0.042396 -0.010287
v -0.008538 0.042154 -0.011159
v -0.010395 0.042323 -0.010357
v -0.008916 0.042553 -0.009051
v -0.031465 0.022173 -0.014671
v -0.031697 0.023505 -0.014683
v -0.011714 0.042263 -0.010871
v -0.011601 0.042422 -0.009242
v -0.009968 0.042557 -0.008717
v 0.023385 0.043590 0.004143
v -0.035958 0.024669 -0.009013
v 0.004757 0.034934 0.012729
v 0.024204 0.043353 0.006537
v -0.010612 0.042780 -0.007752
v -0.011789 0.042828 -0.007678
v -0.013185 0.042600 -0.008762
v 0.000742 0.036777 0.012545
v 0.004366 0.037780 0.012491
v -0.008696 0.043675 -0.006781
v -0.009313 0.043556 -0.007070
v -0.007923 0.043708 -0.005666
v -0.009968 0.043676 -0.006427
v -0.010546 0.043542 -0.007186
v -0.011769 0.043727 -0.006620
v -0.012084 0.043539 -0.007191
v 0.014041 0.043476 0.006895
v 0.001106 0.034032 0.012703
v 0.015336 0.043461 0.006331
v -0.009266 0.043628 -0.004560
v 0.002230 0.031914 0.012823
v 0.019483 0.043300 0.007616
v 0.018392 0.043434 0.006877
v 0.018388 0.043306 0.007660
v -0.000495 0.043679 -0.005690
v -0.001940 0.043580 -0.004176
v 0.024403 0.042867 0.009150
v -0.000126 0.031913 0.012717
v 0.022797 0.042885 0.009397
v -0.004758 0.043654 -0.005348
v 0.023708 0.042765 0.010133
v -0.004316 0.043757 -0.002533
v -0.004072 0.043703 -0.004245
v -0.005021 0.043609 -0.003834
v -0.002837 0.043667 -0.002658
v -0.000843 0.043748 -0.001613
v -0.002074 0.043675 -0.001590
v 0.021915 0.042553 0.010533
v -0.005040 0.043717 -0.002436
v -0.002361 0.043777 0.000625
v -0.003691 0.043778 0.000043
v -0.002921 0.043719 -0.001896
v -0.004919 0.043763 -0.001148
v 0.024670 0.042457 0.010931
v 0.025442 0.041809 0.011676
v -0.007012 0.043778 -0.000940
v -0.005901 0.043763 -0.003015
v 0.023187 0.042305 0.011298
v -0.007365 0.043775 -0.001658
v -0.003227 0.043883 0.001745
v -0.006627 0.043871 0.000365
v -0.004690 0.043760 -0.000061
v 0.024275 0.041892 0.011656
v 0.025245 0.041324 0.011961
v -0.005038 0.043851 0.000881
v -0.012572 0.043746 -0.004795
v -0.013356 0.043723 -0.006708
v -0.035666 0.026085 -0.001778
v 0.024268 0.040804 0.012196
v 0.022670 0.041391 0.011944
v -0.014967 0.043779 -0.004104
v -0.014932 0.043779 -0.006865
v -0.017003 0.043746 -0.005294
v -0.016524 0.043749 -0.003919
v 0.023151 0.040651 0.012199
v -0.035718 0.025146 -0.004053
v -0.006817 0.043882 0.002604
v 0.020943 0.042257 0.011254
v 0.021879 0.041826 0.011680
v -0.010216 0.043836 0.000545
v -0.008923 0.043827 -0.000875
v -0.009465 0.043737 -0.002135
v -0.013396 0.043840 -0.003612
v -0.013655 0.043704 -0.004982
v -0.012580 0.043943 -0.003692
v -0.013513 0.043804 -0.002466
v -0.008833 0.043893 0.001566
v 0.022002 0.039938 0.012406
v 0.021556 0.040529 0.012257
v -0.016241 0.043818 -0.002169
v 0.020333 0.041338 0.011993
v 0.020389 0.040406 0.012309
v 0.019935 0.042488 0.010866
v 0.020222 0.042812 0.009435
v 0.018030 0.042773 0.009637
v -0.035767 0.021348 -0.006736
v -0.011236 0.043816 -0.001621
v -0.012128 0.043723 -0.002733
v -0.005786 0.043814 0.003952
v -0.004315 0.043833 0.003726
v 0.017892 0.042477 0.010867
v -0.012450 0.043841 -0.000003
v 0.018569 0.042144 0.011340
v 0.017228 0.042941 0.009295
v 0.015779 0.042631 0.010294
v 0.016061 0.042909 0.009291
v -0.005845 0.043777 0.005742
v -0.007407 0.043817 0.005375
v 0.014841 0.042767 0.009761
v -0.016903 0.043825 -0.000298
v -0.015583 0.043893 0.000721
v 0.015469 0.042291 0.011080
v 0.016661 0.042110 0.011328
v -0.003980 0.043680 0.006293
v -0.006566 0.043647 0.006696
v 0.019233 0.041686 0.011813
v -0.004754 0.043331 0.007806
v 0.017406 0.041666 0.011748
v -0.018024 0.043810 -0.002291
v 0.019338 0.040831 0.012187
v 0.017536 0.039589 0.012398
v -0.019988 0.043724 0.004740
v -0.017399 0.043780 0.004803
v 0.017851 0.040718 0.012195
v -0.009729 0.043899 0.004137
v -0.016868 0.043715 0.006678
v -0.019421 0.043637 0.006753
v -0.017822 0.043787 0.000943
v -0.020554 0.043596 0.005716
v 0.016265 0.040688 0.012114
v 0.016529 0.041387 0.011848
v -0.011202 0.043833 0.005684
v -0.011034 0.043976 0.003177
v -0.019906 0.043829 0.000399
v 0.014966 0.041497 0.011793
v -0.012613 0.043890 0.004954
v -0.021130 0.043576 0.006627
v -0.022069 0.043563 0.005931
v -0.021995 0.043571 0.007012
v 0.014169 0.041017 0.012105
v -0.021214 0.043425 0.007790
v -0.011427 0.043932 0.001507
v -0.022384 0.043234 0.008323
v -0.022799 0.042803 0.009300
v -0.021334 0.043031 0.008701
v 0.015235 0.040119 0.012342
v -0.018039 0.042545 0.010046
v -0.017933 0.042824 0.008883
v -0.019395 0.042701 0.009253
v 0.016371 0.039676 0.012384
v -0.014050 0.043973 0.002196
v -0.018902 0.042159 0.011095
v -0.021030 0.042703 0.009490
v -0.021757 0.042652 0.009336
v -0.012764 0.043941 0.003198
v -0.020408 0.042369 0.010704
v -0.014520 0.042682 -0.008022
v -0.021775 0.042392 0.010618
v 0.015623 0.043263 0.008300
v 0.013523 0.043416 0.007900
v 0.014016 0.043063 0.009053
v -0.020109 0.042673 -0.007639
v -0.021508 0.043758 0.004080
v -0.019828 0.043841 0.002290
v -0.021538 0.043729 0.002567
v 0.012993 0.043232 0.008858
v -0.021010 0.042638 -0.007774
v 0.011585 0.043320 0.008169
v -0.022591 0.043728 0.003731
v -0.024107 0.043752 0.002649
v -0.024543 0.043670 0.004384
v -0.016593 0.043894 0.002442
v -0.023066 0.043599 0.004602
v 0.012521 0.042991 0.009536
v -0.019248 0.043792 -0.004600
v -0.014523 0.043845 0.005065
v -0.024057 0.043506 0.005944
v -0.022943 0.043450 0.007160
v 0.013038 0.042531 0.010443
v 0.014313 0.042338 0.010892
v 0.013127 0.042202 0.011205
v -0.022186 0.043838 -0.004784
v -0.021163 0.043860 -0.003566
v -0.013844 0.043835 0.005807
v -0.015990 0.043837 0.005378
v -0.026354 0.043570 0.004662
v -0.025957 0.043684 0.003650
v 0.013907 0.041909 0.011474
v -0.027440 0.043735 0.004297
v -0.026977 0.043720 0.002927
v -0.028609 0.043688 0.004199
v -0.022996 0.042658 -0.007821
v 0.012674 0.041388 0.011865
v -0.027224 0.043505 0.005703
v -0.029266 0.043553 0.005245
v 0.016927 0.036896 0.012738
v -0.025679 0.043537 0.005558
v -0.021073 0.043802 0.000103
v 0.014737 0.038262 0.012593
v -0.025089 0.043471 0.006819
v 0.013801 0.039630 0.012471
v -0.000904 0.024421 -0.014880
v -0.000806 0.025928 -0.014906
v 0.000273 0.025658 -0.014825
v -0.008230 0.043580 0.006829
v 0.010183 0.043458 0.007184
v 0.012030 0.043444 0.006583
v 0.000459 0.024643 -0.014854
v -0.000085 0.022694 -0.014824
v -0.000885 0.022741 -0.014891
v -0.002609 0.025501 -0.014887
v -0.002415 0.028112 -0.014875
v -0.001492 0.025412 -0.014841
v -0.009874 0.043764 0.006002
v 0.008718 0.043581 0.006003
v 0.010745 0.043190 0.008728
v -0.002917 0.024548 -0.014917
v -0.028889 0.043404 0.006725
v -0.027399 0.043284 0.007518
v 0.011485 0.042673 0.010116
v -0.012020 0.043762 0.006285
v 0.010767 0.042207 0.011082
v 0.009697 0.042773 0.009914
v -0.010861 0.043715 0.006592
v 0.008835 0.043402 0.008175
v 0.007426 0.043397 0.007724
v -0.025505 0.043186 0.008170
v -0.001670 0.021235 -0.014836
v -0.002767 0.022369 -0.014897
v -0.004077 0.023249 -0.014884
v -0.003547 0.024864 -0.014826
v 0.004485 0.043559 0.006839
v 0.003546 0.042825 0.009997
v 0.005930 0.042973 0.009590
v -0.009511 0.043085 0.008622
v -0.023377 0.042593 0.010302
v -0.024968 0.042712 0.009379
v -0.024746 0.042495 0.010477
v 0.007140 0.042911 0.009734
v -0.003780 0.021826 -0.014806
v -0.004896 0.021956 -0.014925
v -0.008013 0.042898 0.009743
v 0.009361 0.043214 0.008837
v -0.024472 0.042140 0.011313
v -0.026151 0.042490 0.010546
v -0.025859 0.042084 0.011446
v 0.007935 0.042633 0.010666
v -0.027088 0.042133 0.011369
v 0.001455 0.020421 -0.014820
v -0.027050 0.042733 0.009426
v -0.028144 0.042372 0.010744
v 0.006879 0.042562 0.010722
v -0.015212 0.043714 0.006602
v -0.026691 0.041583 0.011922
v -0.030324 0.043715 0.003789
v 0.004271 0.024581 -0.014894
v -0.030009 0.043533 0.006366
v -0.014786 0.042712 0.009140
v -0.015062 0.042366 0.010724
v -0.013677 0.042732 0.009226
v -0.016097 0.042838 0.008819
v -0.016930 0.042361 0.010675
v -0.030692 0.043334 0.007360
v -0.004711 0.042888 0.009722
v -0.031311 0.043380 0.006738
v -0.030697 0.043583 0.005406
v 0.005184 0.042558 0.010773
v 0.006403 0.042235 0.011308
v -0.005583 0.042622 0.010770
v -0.006885 0.042759 0.010197
v -0.032853 0.043570 0.005765
v -0.033130 0.043740 0.004616
v -0.004615 0.042229 0.011370
v -0.005996 0.042258 0.011351
v -0.004327 0.041610 0.011757
v 0.012169 0.042305 0.010880
v -0.032364 0.043260 0.007372
v 0.011760 0.041653 0.011630
v -0.005061 0.040444 0.012082
v -0.003994 0.040246 0.012103
v -0.003563 0.041282 0.011923
v -0.031244 0.043107 0.008082
v -0.006142 0.041176 0.011964
v -0.029246 0.043114 0.008232
v -0.028072 0.043004 0.008518
v -0.000956 0.018398 -0.014831
v -0.001075 0.020820 -0.014865
v -0.004556 0.039537 0.012195
v -0.007722 0.039419 0.012121
v -0.030214 0.042374 0.010732
v -0.029507 0.042748 0.009294
v 0.000276 0.038664 0.012368
v 0.009692 0.041647 0.011658
v 0.010724 0.040873 0.012150
v -0.028172 0.042658 0.009318
v -0.003347 0.039081 0.012236
v -0.001782 0.038074 0.012426
v 0.012935 0.040298 0.012295
v -0.000901 0.036837 0.012490
v -0.028441 0.042097 0.011563
v -0.002431 0.036339 0.012497
v 0.011879 0.040293 0.012306
v 0.011657 0.039056 0.012440
v -0.030003 0.041965 0.011660
v -0.029369 0.041527 0.012066
v -0.031045 0.042076 0.011447
v -0.033058 0.042950 0.008383
v 0.010318 0.040262 0.012320
v -0.032341 0.042406 0.010662
v -0.002768 0.021076 -0.014909
v 0.013193 0.038161 0.012611
v 0.015090 0.036202 0.012789
v 0.011561 0.037554 0.012659
v -0.001863 0.034809 0.012614
v -0.032293 0.041964 0.011647
v -0.030767 0.041627 0.011946
v 0.010258 0.037760 0.012629
v -0.031143 0.041105 0.012281
v -0.032043 0.041585 0.012040
v -0.001484 0.017420 -0.014800
v -0.002464 0.033530 0.012666
v -0.033261 0.043379 0.007547
v -0.033679 0.043106 0.008521
v -0.000918 0.014982 -0.014846
v -0.034402 0.042911 0.009497
v -0.033776 0.042316 0.010771
v -0.034511 0.042700 0.010289
v -0.035059 0.043249 0.009389
v 0.009760 0.042287 0.010956
v -0.000498 0.040291 0.012149
v -0.002685 0.040282 0.012132
v 0.008045 0.042271 0.011265
v -0.033655 0.042004 0.011470
v -0.002357 0.041117 0.011945
v -0.034577 0.041998 0.011523
v -0.035153 0.042688 0.010648
v -0.033747 0.041428 0.012091
v 0.009020 0.041023 0.012100
v -0.032240 0.040748 0.012464
v 0.008234 0.040292 0.012276
v -0.035225 0.040927 0.009755
v -0.035470 0.040522 0.010257
v -0.035733 0.041534 0.010298
v -0.000421 0.013722 -0.014806
v 0.007254 0.040930 0.012193
v -0.035350 0.042051 0.011616
v -0.035142 0.041539 0.012054
v -0.034322 0.040800 0.012397
v -0.035554 0.041122 0.012243
v -0.035641 0.040193 0.012551
v -0.003863 0.038122 0.012379
v -0.005323 0.037696 0.012310
v 0.006707 0.041672 0.011789
v -0.004379 0.036573 0.012455
v 0.005192 0.041872 0.011697
v -0.016085 0.041999 0.011504
v 0.005710 0.040904 0.012213
v -0.017836 0.041680 0.011756
v -0.016545 0.040992 0.012085
v -0.002480 0.018478 -0.014866
v -0.019091 0.041565 0.011799
v -0.019769 0.041880 0.011553
v -0.002295 0.015210 -0.014827
v -0.018133 0.040783 0.012125
v 0.007998 0.037980 0.012546
v -0.006858 0.037709 0.012285
v -0.006008 0.036149 0.012470
v -0.021311 0.042005 0.011440
v 0.009811 0.035979 0.012754
v -0.021161 0.041252 0.012025
v -0.003547 0.021038 -0.014878
v -0.020042 0.040791 0.012170
v -0.001600 0.032490 0.012673
v -0.004308 0.019647 -0.014866
v -0.004949 0.020652 -0.014972
v -0.004326 0.021221 -0.014883
v -0.016687 0.039866 0.012230
v 0.000376 0.030814 0.012861
v -0.001835 0.031463 0.012720
v -0.018980 0.038914 0.012409
v 0.004130 0.041083 0.012154
v 0.004953 0.040377 0.012267
v -0.003845 0.017633 -0.014814
v -0.004280 0.033300 0.012614
v -0.021524 0.040120 0.012324
v -0.003264 0.031284 0.012740
v -0.022459 0.040728 0.012218
v 0.002196 0.039696 0.012293
v -0.003271 0.014116 -0.014828
v -0.006287 0.020291 -0.014942
v -0.007127 0.019406 -0.014843
v -0.017019 0.037724 0.012475
v -0.018531 0.037350 0.012514
v -0.021154 0.037785 0.012580
v -0.005037 0.029400 0.012767
v -0.018923 0.035851 0.012669
v -0.003580 0.026198 -0.014841
v -0.021322 0.036361 0.012712
v -0.007336 0.029998 -0.014805
v -0.020453 0.035517 0.012712
v -0.005735 0.025867 -0.014849
v -0.023799 0.038809 0.012549
v -0.008609 0.036019 0.012345
v -0.007494 0.034317 0.012524
v -0.022687 0.035172 0.012840
v -0.007671 0.025593 -0.014841
v -0.009811 0.035589 0.012378
v -0.005158 0.024566 -0.014909
v -0.000215 0.043751 -0.000079
v -0.005828 0.024536 -0.014832
v -0.006577 0.025034 -0.014890
v -0.022665 0.042145 0.011303
v -0.009734 0.033890 0.012501
v -0.022713 0.041672 0.011857
v -0.023908 0.041851 0.011641
v -0.005592 0.022920 -0.014859
v -0.006320 0.023963 -0.014934
v -0.024407 0.040771 0.012241
v -0.024932 0.041599 0.011846
v -0.024564 0.040025 0.012422
v -0.009351 0.025859 -0.014860
v -0.007676 0.032399 0.012614
v -0.007233 0.024414 -0.014913
v -0.007478 0.023327 -0.014935
v -0.008464 0.024919 -0.014906
v -0.007591 0.024912 -0.014973
v -0.001960 0.043828 0.002167
v -0.025837 0.040823 0.012297
v 0.002134 0.043764 0.004687
v -0.026792 0.040573 0.012396
v -0.027939 0.040667 0.012385
v -0.008140 0.042520 0.010767
v -0.007054 0.042344 0.011232
v -0.000197 0.043801 0.003143
v -0.028026 0.038428 0.012729
v -0.009184 0.042326 0.011097
v -0.010133 0.042970 0.009043
v -0.010051 0.042625 0.010292
v -0.001897 0.043788 0.004857
v -0.010943 0.042744 0.009400
v -0.011455 0.042362 0.010922
v -0.027198 0.037643 0.012789
v -0.010343 0.042296 0.011057
v -0.010250 0.041784 0.011671
v -0.011155 0.042082 0.011420
v -0.020587 0.034045 0.012850
v -0.000064 0.043696 0.006110
v -0.006897 0.041907 0.011623
v -0.023971 0.036272 0.012751
v -0.008455 0.042015 0.011427
v -0.007980 0.041793 0.011679
v 0.001354 0.043631 0.006552
v -0.007342 0.041186 0.011910
v 0.002938 0.043470 0.007368
v -0.025833 0.035724 0.012925
v -0.024063 0.034534 0.012909
v -0.008857 0.041464 0.011775
v -0.025927 0.032957 0.013136
v -0.000378 0.043396 0.007837
v -0.008933 0.040177 0.012069
v -0.001288 0.043634 0.006624
v -0.006993 0.022423 -0.014825
v -0.005822 0.021964 -0.014958
v -0.006257 0.021261 -0.014921
v -0.009866 0.039267 0.012142
v -0.007201 0.021797 -0.014932
v -0.008486 0.023860 -0.015001
v -0.011644 0.041492 0.011797
v -0.010932 0.040627 0.012057
v -0.009806 0.023988 -0.015037
v -0.009956 0.024449 -0.014953
v -0.010043 0.023073 -0.014902
v -0.008357 0.022572 -0.014893
v -0.008631 0.021638 -0.014861
v -0.011897 0.042658 0.009667
v -0.012605 0.042653 0.009337
v -0.013034 0.042495 0.010298
v -0.009430 0.022172 -0.014915
v -0.008046 0.020733 -0.014941
v -0.012452 0.042078 0.011323
v -0.012392 0.041724 0.011671
v -0.013544 0.042035 0.011375
v -0.027454 0.035368 0.012982
v -0.009581 0.020499 -0.014922
v -0.010267 0.021526 -0.014878
v -0.012326 0.041101 0.011992
v -0.026970 0.033487 0.013140
v -0.010728 0.020531 -0.014964
v -0.028684 0.034572 0.013057
v -0.028316 0.036241 0.012883
v 0.003275 0.042601 0.010757
v -0.012639 0.038629 0.012186
v 0.003673 0.042192 0.011333
v -0.012239 0.036888 0.012343
v -0.012956 0.039669 0.012144
v -0.029954 0.036871 0.012901
v -0.029311 0.035317 0.013040
v 0.001643 0.042851 0.009828
v -0.011904 0.024115 -0.014909
v -0.012389 0.024772 -0.014932
v -0.012517 0.024195 -0.014927
v -0.013541 0.023728 -0.014945
v -0.020090 0.031163 0.013048
v -0.023443 0.032105 0.013106
v -0.000725 0.042882 0.009744
v -0.015011 0.041965 0.011465
v -0.013523 0.041418 0.011842
v -0.010786 0.024209 -0.014917
v -0.022196 0.030570 0.013152
v -0.014634 0.041461 0.011825
v -0.011352 0.022274 -0.014897
v -0.010814 0.023359 -0.014937
v 0.001925 0.042484 0.011071
v -0.012878 0.022690 -0.014875
v 0.001974 0.041827 0.011730
v -0.013762 0.040653 0.012070
v -0.011546 0.021701 -0.014925
v -0.012787 0.021923 -0.014921
v -0.000009 0.042584 0.010744
v -0.011668 0.020798 -0.014936
v 0.000505 0.042097 0.011553
v 0.001174 0.041626 0.011858
v -0.000295 0.042024 0.011515
v -0.027996 0.041438 0.012072
v -0.000072 0.041232 0.011945
v -0.000945 0.041673 0.011804
v -0.002665 0.042527 0.010861
v -0.029086 0.040807 0.012415
v -0.015720 0.038029 0.012367
v -0.003379 0.042883 0.009488
v -0.030182 0.040692 0.012423
v -0.009899 0.017040 -0.014816
v -0.030190 0.038609 0.012736
v -0.003690 0.042538 0.010854
v -0.031282 0.040143 0.012526
v -0.000973 0.011132 -0.014825
v -0.001581 0.042180 0.011438
v -0.001449 0.013511 -0.014811
v -0.001448 0.011810 -0.014794
v -0.032830 0.039911 0.012579
v -0.002309 0.041826 0.011653
v -0.001499 0.041091 0.012026
v -0.002473 0.012889 -0.014863
v -0.003449 0.042122 0.011371
v -0.031458 0.037806 0.012867
v -0.034319 0.038971 0.012658
v -0.002724 0.011758 -0.014859
v -0.002425 0.009664 -0.014847
v -0.012928 0.035624 0.012456
v -0.012360 0.034435 0.012480
v -0.007261 0.014065 -0.014810
v -0.003629 0.010683 -0.014813
v 0.003498 0.041611 0.011817
v -0.033255 0.037460 0.012832
v 0.002482 0.040807 0.012164
v -0.031252 0.034946 0.013082
v -0.034345 0.040146 0.012535
v 0.000947 0.040452 0.012185
v -0.035614 0.039268 0.012687
v -0.035270 0.038459 0.012684
v -0.035939 0.040416 0.012299
v -0.008589 0.031393 0.012634
v -0.035787 0.036876 0.003555
v -0.035878 0.037656 0.003743
v -0.035811 0.036719 0.004634
v -0.035813 0.037698 0.005390
v -0.035714 0.037414 0.006441
v -0.035831 0.035845 0.005870
v -0.035881 0.036093 0.004813
v -0.035848 0.035065 0.003275
v -0.009768 0.031363 0.012657
v -0.035758 0.030061 0.004312
v -0.008938 0.027802 0.012817
v 0.007555 0.040218 -0.014537
v 0.006476 0.041306 -0.014136
v 0.006476 0.041306 -0.014136
v 0.004941 0.040229 -0.014530
v 0.006479 0.039212 -0.014635
v 0.003533 0.038874 -0.014625
v -0.010318 0.028894 0.012746
v 0.005159 0.038384 -0.014645
v -0.035792 0.034596 0.006072
v -0.035808 0.033581 0.004869
v 0.004421 0.041464 -0.014038
v 0.004421 0.041464 -0.014038
v -0.010561 0.030161 0.012679
v -0.011809 0.031620 0.012673
v 0.003571 0.040321 -0.014456
v -0.012331 0.030105 0.012761
v 0.003053 0.041536 -0.013996
v 0.003053 0.041536 -0.013996
v 0.002070 0.039073 -0.014621
v 0.001426 0.040216 -0.014436
v 0.001749 0.041358 -0.014004
v 0.001749 0.041358 -0.014004
v 0.000223 0.041126 -0.014092
v 0.000223 0.041126 -0.014092
v -0.011448 0.028010 0.012780
v -0.000070 0.041648 -0.013690
v -0.035748 0.037470 0.007235
v -0.035696 0.038628 0.006559
v -0.035823 0.036757 0.006832
v -0.035790 0.036527 0.008458
v -0.035680 0.037658 0.008443
v -0.035871 0.037261 0.009799
v -0.035683 0.035354 0.009618
v -0.035965 0.036307 0.010308
v 0.001587 0.037998 -0.014594
v -0.012836 0.026277 0.012956
v -0.035532 0.039855 0.009016
v -0.036043 0.039061 0.010236
v -0.035807 0.038456 0.009525
v -0.036116 0.039325 0.010847
v -0.000705 0.040068 -0.014399
v -0.036057 0.037653 0.010235
v -0.010031 0.006595 -0.014793
v 0.000330 0.039099 -0.014574
v -0.036288 0.038461 0.011056
v -0.036211 0.039676 0.012275
v -0.036273 0.040538 0.011714
v -0.036419 0.039605 0.011544
v -0.035839 0.033901 0.006659
v -0.035815 0.034570 0.007784
v -0.035801 0.035669 0.008110
v -0.000861 0.039167 -0.014590
v -0.035760 0.030982 0.005671
v -0.000077 0.037722 -0.014581
v -0.017610 0.035358 0.012650
v 0.000460 0.035526 -0.014690
v -0.001571 0.037583 -0.014558
v -0.012279 0.014452 -0.014833
v -0.000963 0.035736 -0.014720
v -0.035801 0.031163 0.007487
v -0.001574 0.041140 -0.014005
v -0.001574 0.041140 -0.014005
v -0.035840 0.034193 0.008876
v -0.035912 0.034013 0.008102
v -0.035759 0.032066 0.009139
v -0.035809 0.032402 0.008139
v -0.011680 0.033498 0.012556
v -0.010749 0.019537 -0.014868
v -0.002390 0.040510 -0.014320
v -0.003426 0.041576 -0.013730
v -0.003426 0.041576 -0.013730
v -0.004628 0.040428 -0.014290
v -0.004634 0.041241 -0.013847
v -0.004634 0.041241 -0.013847
v -0.003886 0.041894 -0.013229
v -0.004944 0.041759 -0.013272
v -0.013218 0.019808 -0.014895
v -0.012780 0.021102 -0.014867
v -0.002867 0.037758 -0.014556
v -0.003473 0.039429 -0.014515
v -0.013821 0.032700 0.012700
v -0.013922 0.018983 -0.014827
v -0.013573 0.021542 -0.014852
v -0.002634 0.036438 -0.014635
v -0.014206 0.020961 -0.014952
v -0.014615 0.031210 0.012814
v -0.015867 0.034848 0.012615
v -0.035676 0.027479 0.001804
v -0.001923 0.035642 -0.014664
v -0.002633 0.034451 -0.014739
v -0.003813 0.034145 -0.014718
v -0.017359 0.034164 0.012761
v -0.035534 0.021844 -0.001650
v -0.017664 0.032688 0.012847
v -0.015838 0.031645 0.012850
v -0.035449 0.019955 0.000378
v -0.015086 0.029455 0.012901
v 0.012793 0.037650 -0.014747
v 0.012650 0.037032 -0.014787
v 0.011174 0.038520 -0.014783
v 0.010749 0.037226 -0.014696
v -0.015483 0.030478 0.012835
v 0.010113 0.039283 -0.014711
v -0.035559 0.023765 0.003459
v 0.008973 0.040023 -0.014619
v 0.009523 0.038413 -0.014698
v -0.017026 0.030693 0.012927
v -0.016236 0.028803 0.012992
v -0.014853 0.027556 0.012992
v -0.015528 0.025242 0.013098
v -0.016665 0.026434 0.013142
v -0.035583 0.025646 0.004809
v -0.018281 0.030192 0.013056
v 0.009265 0.037140 -0.014714
v 0.010131 0.036185 -0.014689
v -0.035664 0.026903 0.004522
v -0.018088 0.028575 0.013087
v 0.010231 0.034784 -0.014820
v 0.009179 0.035438 -0.014780
v 0.008165 0.036713 -0.014679
v -0.035733 0.029485 0.007218
v -0.035688 0.028751 0.005743
v -0.035649 0.027584 0.006897
v -0.018133 0.031475 0.012915
v 0.008225 0.039323 -0.014697
v -0.035408 0.020410 0.003737
v -0.035407 0.020246 0.004918
v 0.006943 0.038332 -0.014647
v 0.006786 0.036807 -0.014682
v 0.005876 0.037475 -0.014584
v -0.021322 0.028613 0.013235
v -0.035597 0.024514 0.005605
v 0.007816 0.034504 -0.014787
v -0.035521 0.023206 0.005475
v 0.006815 0.035253 -0.014768
v -0.035476 0.021933 0.006322
v -0.035771 0.029535 0.009068
v -0.035670 0.027689 0.008162
v -0.028394 0.032796 0.013242
v 0.007316 0.030470 -0.014830
v -0.029949 0.033581 0.013190
v -0.029767 0.031756 0.013316
v -0.031630 0.033465 0.013159
v -0.003316 0.003038 -0.014794
v 0.004578 0.032916 -0.014804
v -0.023520 0.030315 0.013237
v -0.023977 0.027799 0.013407
v 0.005232 0.035454 -0.014750
v -0.027072 0.031369 0.013242
v 0.004125 0.037488 -0.014606
v 0.005062 0.036971 -0.014672
v -0.018621 0.033848 -0.014588
v 0.004264 0.036173 -0.014670
v -0.026441 0.028458 0.013463
v 0.003304 0.035123 -0.014732
v -0.018063 0.025302 0.013230
v -0.027414 0.027168 0.013567
v -0.022603 0.027479 0.013385
v -0.020279 0.025586 0.013329
v 0.004727 0.042181 -0.012101
v 0.004298 0.042040 -0.013149
v 0.002946 0.042165 -0.011595
v -0.020581 0.030939 -0.014672
v 0.002330 0.042381 -0.010486
v 0.003944 0.042371 -0.010401
v 0.003769 0.042795 -0.007890
v 0.000323 0.042465 -0.009938
v 0.000999 0.042154 -0.011742
v -0.000490 0.042308 -0.011060
v -0.001155 0.042142 -0.011591
v -0.002244 0.041963 -0.012496
v -0.000807 0.042518 -0.009134
v -0.030091 0.029584 0.013458
v 0.002223 0.042678 -0.008155
v -0.022686 0.025320 0.013506
v -0.000142 0.043560 -0.007195
v -0.001572 0.042681 -0.008104
v -0.024244 0.029389 -0.014685
v -0.026722 0.040000 -0.014031
v -0.026722 0.040000 -0.014031
v -0.025021 0.039280 -0.014191
v -0.023413 0.024233 0.013575
v -0.025435 0.024158 0.013692
v -0.027682 0.040614 -0.013738
v -0.026996 0.039401 -0.014159
v 0.001241 0.043595 -0.006959
v -0.027688 0.038401 -0.014210
v -0.027972 0.039242 -0.014129
v -0.025007 0.022126 0.013776
v -0.026974 0.041371 -0.013159
v -0.028168 0.041538 -0.012929
v -0.028532 0.041837 -0.012152
v -0.027758 0.042100 -0.010549
v 0.007241 0.026227 -0.014811
v -0.025992 0.042532 -0.008621
v -0.028087 0.024523 0.013707
v -0.022331 0.037647 -0.014277
v -0.028802 0.042367 -0.009096
v -0.027136 0.042382 -0.009055
v -0.028467 0.021207 0.013832
v -0.027286 0.042652 -0.007511
v -0.028182 0.042583 -0.007445
v -0.029359 0.042634 -0.007529
v -0.030394 0.043664 -0.007241
v -0.030735 0.044144 -0.006889
v -0.029361 0.043850 -0.007149
v -0.029690 0.044085 -0.006777
v -0.029605 0.026327 0.013646
v 0.004594 0.026625 -0.014813
v -0.023480 0.033822 -0.014542
v -0.024045 0.036339 -0.014365
v -0.023689 0.043904 -0.005216
v -0.024252 0.043850 -0.003198
v -0.025902 0.043855 -0.003810
v -0.033200 0.027696 0.013456
v -0.033321 0.030433 0.013252
v -0.023828 0.038603 -0.014233
v -0.025649 0.043884 -0.001614
v -0.027062 0.043940 -0.005559
v -0.000185 0.030316 -0.014835
v -0.028268 0.044042 -0.006499
v -0.029686 0.043972 -0.004356
v -0.028454 0.043960 -0.003465
v -0.031371 0.024428 0.013683
v -0.033931 0.026592 0.013456
v -0.034497 0.028408 0.013385
v -0.028519 0.043954 -0.001385
v -0.029915 0.043938 -0.001856
v 0.000223 0.027178 -0.014838
v -0.023273 0.043819 -0.000924
v -0.028254 0.033539 -0.014515
v 0.005956 0.026082 -0.014862
v -0.034912 0.036333 0.012809
v -0.033884 0.034809 0.012932
v 0.004326 0.025568 -0.014842
v -0.035098 0.034398 0.012925
v -0.035505 0.035307 0.012718
v -0.035495 0.034111 0.012768
v -0.036014 0.035130 0.012361
v -0.023753 0.043867 0.001156
v -0.021458 0.043805 0.001321
v -0.000860 0.028892 -0.014867
v -0.001592 0.027758 -0.014825
v -0.025727 0.043852 0.001387
v -0.026922 0.043862 0.000495
v -0.034935 0.032774 0.012991
v -0.036145 0.038382 0.012364
v -0.036447 0.038885 0.011865
v -0.028002 0.043885 0.001498
v -0.029390 0.043846 0.000752
v -0.036057 0.036539 0.012394
v -0.035799 0.037570 0.012477
v -0.036262 0.037772 0.012159
v -0.035078 0.037442 0.012715
v -0.035447 0.036394 0.012704
v -0.036289 0.035796 0.011730
v -0.036263 0.036659 0.012072
v -0.036360 0.037625 0.011568
v 0.006155 0.025118 -0.014840
v -0.030663 0.043897 -0.000212
v -0.036089 0.034392 0.011979
v -0.035831 0.033668 0.012535
v -0.035792 0.031039 0.010384
v -0.035744 0.029248 0.010197
v -0.028116 0.029723 -0.014624
v -0.030746 0.043886 0.001568
v -0.035845 0.033071 0.009775
v -0.035041 0.031714 0.013052
v -0.035049 0.030317 0.013188
v -0.028658 0.040322 -0.013915
v -0.028658 0.040322 -0.013915
v -0.030268 0.041377 -0.013073
v -0.035552 0.032848 0.012745
v -0.036032 0.033029 0.012297
v -0.030070 0.040126 -0.013928
v -0.030070 0.040126 -0.013928
v -0.029265 0.041695 -0.012613
v -0.035813 0.031809 0.012618
v -0.035964 0.031947 0.012359
v -0.030292 0.041690 -0.012542
v -0.029568 0.039426 -0.014137
v -0.035455 0.030338 0.012905
v -0.035710 0.029769 0.012472
v -0.035450 0.028634 0.012749
v -0.035067 0.029065 0.013168
v -0.035875 0.030939 0.012239
v -0.030867 0.039407 -0.014126
v -0.031513 0.040809 -0.013492
v -0.031745 0.040139 -0.013909
v -0.031745 0.040139 -0.013909
v -0.031536 0.041568 -0.012796
v -0.000757 0.033751 -0.014781
v -0.032685 0.039313 -0.014180
v -0.034970 0.027374 0.013103
v -0.034496 0.040603 -0.013678
v -0.034496 0.040603 -0.013678
v -0.032817 0.041059 -0.013286
v -0.032701 0.041580 -0.012646
v -0.035638 0.025847 0.007993
v -0.035629 0.026047 0.009716
v -0.035644 0.025073 0.009184
v -0.035629 0.024519 0.008169
v -0.033681 0.041336 -0.012990
v -0.001386 0.033800 -0.014731
v -0.035550 0.024972 0.009834
v -0.035585 0.023604 0.010133
v -0.035645 0.024987 0.010724
v -0.002318 0.032815 -0.014783
v -0.000902 0.031428 -0.014854
v -0.035342 0.018490 0.004794
v -0.028262 0.026294 -0.014672
v -0.035554 0.022893 0.007188
v -0.035410 0.021830 0.007489
v -0.029296 0.025564 -0.014745
v -0.027339 0.025106 -0.014720
v -0.035486 0.022814 0.008557
v -0.035477 0.021033 0.008184
v -0.001300 0.029943 -0.014837
v -0.033349 0.037525 -0.014321
v -0.029614 0.022251 0.013808
v -0.004254 0.031287 -0.014797
v -0.034338 0.038772 -0.014290
v -0.034790 0.039595 -0.014159
v -0.035544 0.039980 -0.013903
v -0.030571 0.020277 0.013792
v -0.035147 0.038217 -0.014198
v -0.035566 0.038446 -0.013919
v -0.035566 0.038446 -0.013919
v -0.002814 0.030835 -0.014840
v -0.035021 0.036730 -0.014330
v -0.035021 0.036730 -0.014330
v -0.034072 0.024810 0.013528
v -0.034792 0.025899 0.013244
v -0.034895 0.024237 0.013216
v -0.035501 0.024717 0.012651
v -0.035466 0.023591 0.012715
v -0.035052 0.022898 0.013068
v -0.030625 0.026067 -0.014639
v -0.030006 0.041897 -0.011757
v -0.029974 0.042126 -0.010190
v -0.031748 0.041859 -0.011930
v -0.032818 0.023068 0.013652
v -0.029020 0.025021 -0.014713
v -0.029994 0.025320 -0.014715
v -0.030852 0.024574 -0.014761
v -0.032722 0.042198 -0.009854
v -0.032753 0.021401 0.013665
v -0.034401 0.042338 -0.009364
v -0.034624 0.042093 -0.010587
v -0.033725 0.022112 0.013579
v -0.034148 0.023339 0.013537
v -0.033855 0.021357 0.013504
v -0.034373 0.022204 0.013386
v -0.032468 0.026274 -0.014659
v -0.033142 0.026777 -0.014638
v -0.031939 0.024920 -0.014628
v -0.032146 0.019269 0.013693
v -0.035597 0.022337 0.012410
v -0.035426 0.019780 0.008894
v -0.035371 0.019261 0.008102
v -0.035293 0.018043 0.008645
v -0.035375 0.019820 0.009959
v -0.035288 0.017460 0.009874
v -0.033426 0.020085 0.013541
v -0.034886 0.021211 0.013075
v -0.034360 0.019800 0.013332
v -0.034951 0.020061 0.012990
v -0.034056 0.018777 0.013448
v -0.032730 0.023604 -0.014708
v -0.035604 0.020839 0.012177
v -0.034725 0.017814 0.013189
v -0.034899 0.018807 0.013093
v -0.035541 0.019413 0.012395
v -0.035586 0.018421 0.012308
v -0.006274 0.041332 -0.013811
v -0.006274 0.041332 -0.013811
v -0.035120 0.017085 0.012897
v -0.034053 0.024023 -0.014710
v -0.008211 0.041273 -0.013829
v -0.008211 0.041273 -0.013829
v -0.006627 0.041752 -0.013364
v -0.010186 0.042039 -0.011809
v -0.035732 0.027572 0.010470
v -0.035748 0.026576 0.010687
v -0.035712 0.028223 0.012297
v -0.035572 0.026706 0.012541
v -0.036226 0.031193 -0.011409
v -0.035911 0.038832 -0.006980
v 0.012085 0.041849 -0.013716
v -0.033720 0.042606 -0.005922
v -0.033397 0.043433 -0.006339
v -0.033639 0.042871 -0.006594
v -0.033587 0.043076 -0.004993
v -0.034031 0.042436 -0.006828
v -0.034223 0.041442 -0.005873
v -0.033910 0.041640 -0.005388
v -0.033724 0.042226 -0.004902
v -0.033661 0.043903 -0.003744
v -0.033951 0.041661 -0.003712
v -0.034126 0.041364 -0.004611
v -0.034892 0.041137 -0.005236
v -0.035369 0.040806 -0.003451
v -0.035369 0.040806 -0.003451
v -0.034608 0.041420 -0.006907
v -0.035260 0.040980 -0.006020
v -0.035212 0.041150 -0.007709
v -0.035672 0.040607 -0.006870
v -0.035672 0.040607 -0.006870
v -0.035676 0.040565 -0.005699
v -0.035676 0.040565 -0.005699
v -0.035826 0.039620 -0.005908
v -0.035931 0.040420 -0.008234
v -0.035931 0.040420 -0.008234
v -0.035415 0.040818 -0.005081
v -0.035590 0.040515 -0.004805
v -0.035590 0.040515 -0.004805
v -0.035895 0.039032 -0.004442
v 0.010682 0.041676 -0.013947
v 0.009856 0.041833 -0.013553
v -0.033850 0.043364 -0.003218
v -0.033962 0.041962 -0.002754
v 0.008609 0.041910 -0.013617
v -0.034232 0.041377 -0.003481
v -0.034005 0.042830 -0.002093
v -0.034084 0.041772 -0.001472
v -0.034300 0.041510 -0.002068
v -0.034919 0.041138 -0.001906
v 0.006922 0.041712 -0.013791
v -0.035447 0.040676 -0.002395
v -0.035447 0.040676 -0.002395
v 0.006167 0.042069 -0.012889
v -0.035665 0.040145 -0.003017
v -0.035589 0.040257 -0.001192
v -0.035783 0.038968 -0.002187
v -0.006266 0.042008 -0.012622
v -0.034120 0.042654 -0.000454
v -0.034442 0.041437 -0.000390
v -0.034215 0.041835 -0.000514
v 0.018515 0.042829 -0.007939
v -0.008091 0.041697 -0.013353
v 0.017742 0.042789 -0.007911
v -0.008800 0.041910 -0.012865
v -0.035407 0.040661 -0.000338
v -0.035407 0.040661 -0.000338
v 0.016900 0.042837 -0.007906
v 0.015668 0.042803 -0.007902
v -0.009823 0.041797 -0.013083
v -0.034241 0.042134 0.000524
v -0.034513 0.041439 0.001162
v -0.035684 0.039308 -0.000059
v -0.011635 0.041843 -0.012937
v -0.035562 0.040370 0.000437
v 0.013968 0.042787 -0.007926
v -0.012123 0.042076 -0.011657
v -0.035365 0.040613 0.002258
v -0.035365 0.040613 0.002258
v -0.034307 0.041992 0.001934
v 0.017311 0.043440 -0.007203
v 0.016880 0.043557 -0.006776
v -0.034665 0.041386 0.002851
v -0.034589 0.041627 0.003393
v -0.035518 0.040311 0.002600
v -0.035700 0.039260 0.002383
v -0.035874 0.038504 0.001027
v 0.015209 0.043614 -0.005598
v 0.015034 0.043567 -0.004649
v 0.013778 0.043270 -0.007428
v -0.012994 0.041856 -0.012762
v -0.015076 0.041855 -0.012869
v 0.012670 0.042795 -0.007966
v 0.013267 0.043581 -0.004492
v 0.012011 0.043516 -0.004343
v -0.036097 0.023484 -0.011644
v 0.010561 0.043584 -0.003533
v -0.017404 0.041902 -0.012378
v 0.004219 0.043574 -0.004837
v 0.006462 0.043513 -0.004692
v -0.018715 0.041779 -0.012695
v 0.007748 0.043650 -0.004628
v -0.019532 0.041981 -0.011733
v 0.006633 0.043556 -0.003428
v 0.004915 0.043611 -0.003524
v 0.002320 0.043417 -0.007282
v 0.003112 0.043534 -0.004654
v -0.020220 0.043248 0.008208
v -0.015999 0.043527 0.007403
v -0.011149 0.043334 0.007844
v 0.003265 0.043606 -0.003429
v -0.021349 0.041890 -0.012260
v -0.017103 0.042694 0.009117
v 0.000701 0.043666 -0.002503
v -0.000783 0.043666 -0.003421
v -0.000559 0.043662 -0.002471
v -0.012119 0.043073 0.008583
v 0.019998 0.043521 -0.004287
v -0.013618 0.043628 0.007017
v -0.012849 0.043429 0.007774
v -0.013820 0.043058 0.008451
v 0.019314 0.043614 -0.003186
v 0.017567 0.043655 -0.002325
v -0.002592 0.042744 -0.007847
v -0.004838 0.042806 -0.007744
v -0.001436 0.042858 -0.007753
v -0.005559 0.042664 -0.007951
v -0.006822 0.042926 -0.007678
v -0.014653 0.043164 0.008341
v -0.029077 0.043766 0.002467
v 0.022452 0.043570 0.002293
v 0.022309 0.043564 0.003921
v 0.021264 0.043811 0.001409
v -0.006833 0.042716 -0.008050
v 0.019777 0.043858 0.001291
v 0.020335 0.043619 0.001955
v 0.018038 0.043621 0.002058
v -0.024292 0.043240 0.008232
v 0.020818 0.043594 0.004089
v -0.013078 0.042747 -0.007733
v -0.008227 0.042807 -0.007674
v -0.026723 0.043054 0.008419
v -0.009361 0.042817 -0.007707
v 0.019787 0.043629 0.004369
v -0.011405 0.043678 -0.004525
v 0.016351 0.043605 0.002076
v 0.014979 0.043840 0.001385
v 0.015132 0.043594 0.002357
v 0.016532 0.043639 0.003044
v -0.003355 0.043714 -0.003663
v -0.005847 0.043684 -0.004230
v -0.001886 0.043695 -0.002744
v -0.034035 0.043878 0.003793
v -0.034031 0.043993 0.004759
v -0.034001 0.043964 0.006055
v -0.034931 0.042336 0.004351
v -0.034662 0.043395 0.003750
v -0.034601 0.042245 0.003390
v -0.034810 0.041534 0.004420
v -0.035180 0.042320 0.005348
v -0.034999 0.041103 0.005233
v -0.034999 0.041103 0.005233
v 0.013819 0.043579 -0.003503
v 0.014528 0.043701 -0.002458
v -0.033668 0.043954 0.006611
v -0.007447 0.043626 -0.004518
v 0.012300 0.043617 -0.003047
v -0.034707 0.043823 0.004745
v -0.034787 0.043787 0.006241
v 0.011284 0.043636 -0.003098
v -0.007873 0.043680 -0.002625
v -0.035061 0.043252 0.004827
v -0.008495 0.043712 -0.003196
v -0.035010 0.043417 0.005887
v -0.034993 0.042470 0.006833
v -0.034899 0.044089 0.006987
v -0.034758 0.044303 0.007459
v -0.033998 0.044176 0.007333
v -0.035197 0.044085 0.007442
v -0.035050 0.043587 0.006739
v -0.035132 0.043422 0.007480
v -0.034017 0.044042 0.007933
v -0.034806 0.044199 0.008178
v -0.035213 0.043821 0.008485
v -0.035287 0.043779 0.007983
v -0.035525 0.042965 0.008480
v -0.035593 0.043253 0.008661
v -0.034698 0.043977 0.008591
v -0.034919 0.042839 0.007358
v -0.034977 0.041751 0.006608
v -0.034977 0.041751 0.006608
v 0.012272 0.043641 0.002047
v -0.034639 0.042021 0.007700
v -0.034898 0.042421 0.007937
v -0.034703 0.041819 0.007276
v -0.034703 0.041819 0.007276
v -0.034255 0.041503 0.007626
v -0.034255 0.041503 0.007626
v -0.034298 0.041712 0.007875
v -0.034549 0.041700 0.008340
v -0.009720 0.043686 -0.003543
v -0.034873 0.041173 0.008082
v -0.035171 0.040736 0.007342
v -0.013807 0.043521 -0.007229
v -0.014282 0.042864 -0.007661
v -0.015368 0.042758 -0.007675
v -0.015758 0.043578 -0.007172
v -0.016776 0.043718 -0.006823
v -0.035455 0.043319 0.009130
v -0.035636 0.042842 0.010165
v -0.034345 0.041416 0.008218
v -0.035029 0.041923 0.008501
v -0.034927 0.041469 0.008898
v -0.035728 0.042504 0.009296
v -0.034904 0.041172 0.008662
v -0.035446 0.039938 0.008141
v -0.035826 0.042723 0.009765
v -0.035822 0.042041 0.010779
v -0.036054 0.040830 0.011219
v -0.035681 0.041874 0.011500
v -0.035916 0.041211 0.011617
v 0.008211 0.043650 0.002537
v 0.007202 0.043567 0.005917
v -0.015930 0.042613 -0.008039
v -0.017314 0.042639 -0.007944
v -0.016486 0.042840 -0.007631
v -0.017130 0.043451 -0.007273
v -0.017557 0.042918 -0.007576
v -0.018908 0.042595 -0.007997
v -0.017917 0.043799 -0.006558
v -0.018143 0.043642 -0.007166
v -0.018708 0.042801 -0.007501
v -0.019413 0.043536 -0.007207
v -0.019702 0.043771 -0.006849
v 0.005920 0.043630 0.003668
v -0.021181 0.043847 -0.006487
v -0.020827 0.043511 -0.007262
v -0.021318 0.042880 -0.007512
v -0.022091 0.043715 -0.007114
v -0.022234 0.042802 -0.007504
v -0.022969 0.043412 -0.007339
v -0.023078 0.042999 -0.007433
v -0.023249 0.043876 -0.006802
v 0.022651 0.043456 0.005521
v 0.022930 0.043286 0.006809
v 0.023312 0.043295 0.007892
v 0.022143 0.043273 0.007153
v 0.021533 0.043069 0.008349
v -0.034979 0.041052 0.004295
v -0.034979 0.041052 0.004295
v -0.035538 0.040373 0.004003
v 0.020245 0.043394 0.006993
v 0.019684 0.043431 0.005799
v -0.035655 0.039324 0.003607
v -0.035414 0.040289 0.005481
v -0.035752 0.038817 0.005115
v -0.035873 0.038636 0.003285
v 0.020338 0.043261 0.008239
v -0.035856 0.038411 0.004173
v -0.035489 0.039944 0.006984
v 0.016626 0.043496 0.006292
v 0.016906 0.043410 0.007938
v -0.024486 0.042664 -0.007839
v -0.025673 0.042706 -0.007441
v -0.028367 0.043612 -0.007261
v -0.028241 0.043945 -0.007013
v -0.026979 0.043751 -0.007164
v 0.018831 0.043044 0.008774
v -0.030022 0.042458 -0.008757
v -0.035694 0.038600 0.008170
v -0.028186 0.042770 -0.007262
v -0.029171 0.043478 -0.007322
v -0.029452 0.042853 -0.007305
v -0.030531 0.042616 -0.007388
v -0.031103 0.042999 -0.007135
v -0.031635 0.043705 -0.007161
v -0.031744 0.044029 -0.006999
v -0.031819 0.044282 -0.006448
v -0.032521 0.044504 -0.006667
v -0.032668 0.044576 -0.005341
v -0.035993 0.035221 0.010399
v -0.036083 0.034924 0.011250
v -0.032131 0.042688 -0.007271
v -0.032966 0.043148 -0.006928
v -0.032827 0.044206 -0.006990
v -0.033232 0.043306 -0.006712
v -0.032958 0.044508 -0.006480
v -0.033202 0.044206 -0.006578
v -0.033176 0.044278 -0.005710
v -0.023223 0.043716 -0.007151
v -0.024511 0.043679 -0.007311
v -0.025329 0.043946 -0.006818
v -0.023816 0.042834 -0.007560
v -0.024692 0.042893 -0.007522
v -0.025828 0.043621 -0.007254
v -0.027299 0.043977 -0.006783
v -0.026349 0.042916 -0.007349
v -0.035793 0.034187 0.009915
v -0.035749 0.030404 0.008661
v -0.030265 0.044027 -0.005657
v -0.031971 0.044116 -0.003906
v -0.031817 0.044025 -0.002834
v -0.035689 0.026825 0.005994
v -0.035710 0.026725 0.007275
v -0.035606 0.025139 0.006748
v -0.032999 0.044485 -0.005502
v -0.033303 0.044251 -0.004387
v -0.032859 0.044373 -0.004115
v -0.033464 0.044182 -0.003260
v -0.033175 0.044216 -0.002817
v -0.033812 0.043876 -0.001828
v -0.033379 0.044070 -0.001409
v -0.033705 0.043934 -0.000920
v -0.033948 0.043673 -0.000818
v -0.033622 0.043992 0.000345
v -0.031962 0.043909 0.001123
v -0.034042 0.043715 0.000189
v -0.033945 0.043870 0.001357
v -0.034341 0.042682 0.001380
v -0.033452 0.043922 0.002445
v -0.034379 0.043331 0.002476
v -0.034166 0.043732 0.002556
v -0.034677 0.041841 -0.012070
v -0.033451 0.041829 -0.011908
v -0.034946 0.041371 -0.012904
v -0.035139 0.041494 -0.012476
v -0.034989 0.041795 -0.011682
v -0.035365 0.041416 -0.010504
v -0.035861 0.032965 0.010857
v -0.036098 0.033024 0.011872
v -0.035245 0.040559 -0.013605
v -0.035245 0.040559 -0.013605
v -0.035741 0.040275 -0.013422
v -0.035741 0.040275 -0.013422
v -0.035741 0.040275 -0.013422
v -0.035907 0.031153 0.011507
v -0.035865 0.039676 -0.013503
v -0.035865 0.039676 -0.013503
v -0.035904 0.030262 0.011763
v -0.035926 0.028856 0.011559
v -0.033747 0.042564 -0.008211
v -0.034914 0.042001 -0.010046
v 0.005524 0.041929 -0.013450
v 0.004039 0.041783 -0.013688
v 0.003200 0.042020 -0.013201
v -0.035243 0.041340 -0.008870
v -0.035627 0.040906 -0.010108
v -0.031695 0.042521 -0.008286
v 0.001854 0.041754 -0.013675
v 0.000944 0.042005 -0.013147
v -0.033913 0.042648 -0.007479
v -0.034359 0.042401 -0.008197
v -0.035819 0.025667 0.011621
v -0.001058 0.041923 -0.013000
v -0.033263 0.042844 -0.007018
v -0.035735 0.023940 0.011684
v -0.035455 0.019129 0.006999
v -0.035425 0.020037 0.005985
v -0.035255 0.018084 0.006847
v -0.035504 0.023981 0.006781
v -0.002243 0.041698 -0.013474
v -0.035451 0.021306 0.009509
v -0.035531 0.022402 0.010625
v -0.035520 0.021023 0.010023
v -0.034654 0.042098 -0.007974
v -0.035726 0.024943 0.012147
v -0.035707 0.022509 0.011628
v -0.035739 0.020685 0.011655
v -0.035487 0.020079 0.010858
v -0.035765 0.018600 0.011653
v -0.035500 0.018244 0.010973
v -0.035742 0.019828 0.012034
v -0.035818 0.016586 0.011668
v -0.035893 0.027267 0.011586
v -0.035770 0.026762 0.012146
v 0.000829 0.042692 -0.008217
v 0.001995 0.042903 -0.007720
v 0.000885 0.042877 -0.007797
v -0.000571 0.042645 -0.007951
v 0.002963 -0.014973 -0.014773
v 0.002533 -0.015778 -0.014734
v 0.001494 -0.014880 -0.014800
v 0.034676 -0.020319 -0.013851
v 0.000477 -0.013696 -0.014751
v 0.001824 -0.013463 -0.014745
v 0.000867 -0.014339 -0.014709
v 0.014576 -0.023580 -0.014485
v 0.033674 -0.021027 -0.013861
v 0.000008 -0.015042 -0.014743
v -0.002675 -0.029608 -0.014640
v -0.003795 -0.025200 -0.014657
v -0.006913 -0.030528 -0.014580
v -0.002297 -0.030889 -0.014616
v -0.001158 -0.028751 -0.014576
v 0.032607 -0.023478 -0.013821
v -0.001167 -0.013443 -0.014749
v -0.001126 -0.017006 -0.014740
v -0.002495 -0.014266 -0.014792
v -0.002802 -0.016218 -0.014798
v -0.002825 -0.034084 -0.014501
v 0.011052 -0.030294 -0.014430
v 0.027345 -0.020873 -0.014093
v -0.001432 -0.019548 -0.014730
v -0.001069 -0.031397 -0.014538
v -0.001086 -0.034692 -0.014442
v -0.002646 -0.018313 -0.014806
v 0.007631 -0.020666 -0.014652
v 0.006519 -0.024129 -0.014603
v -0.004796 -0.016138 -0.014749
v -0.003918 -0.018277 -0.014739
v 0.029275 -0.024872 -0.013933
v -0.006496 -0.035496 -0.014438
v 0.022619 -0.024916 -0.014221
v -0.003098 -0.036539 -0.014515
v -0.004621 -0.035204 -0.014469
v -0.002317 -0.035681 -0.014456
v -0.006481 -0.036286 -0.014463
v -0.005077 -0.037574 -0.014413
v -0.003386 -0.038315 -0.014282
v -0.004871 -0.038653 -0.014223
v 0.006614 -0.030014 -0.014528
v 0.022977 -0.013641 -0.014261
v 0.024127 -0.013922 -0.014194
v 0.021687 -0.015200 -0.014374
v 0.018345 -0.014058 -0.014452
v 0.019110 -0.015150 -0.014425
v -0.010590 -0.034941 -0.014441
v 0.001936 -0.006283 -0.014737
v 0.005919 -0.010599 -0.014694
v 0.001655 -0.029330 -0.014582
v -0.009099 -0.035781 -0.014441
v 0.002710 -0.011831 -0.014709
v 0.023962 -0.015082 -0.014298
v 0.022803 -0.016149 -0.014291
v -0.012367 -0.028031 -0.014615
v -0.015432 -0.025357 -0.014686
v -0.012203 -0.020202 -0.014743
v 0.011804 -0.034872 -0.014245
v 0.004737 -0.032774 -0.014465
v 0.019818 -0.021881 -0.014352
v -0.002327 0.003372 -0.014836
v -0.019886 -0.019938 -0.014734
v -0.001326 0.000697 -0.014764
v -0.002593 0.001152 -0.014842
v -0.018965 -0.024019 -0.014683
v -0.001372 -0.001562 -0.014792
v -0.002771 -0.001171 -0.014837
v 0.017150 -0.015817 -0.014465
v -0.004217 -0.000286 -0.014784
v 0.001561 -0.033292 -0.014468
v -0.003521 -0.004417 -0.014780
v 0.004838 -0.034935 -0.014408
v 0.007467 -0.035198 -0.014352
v -0.014493 -0.031964 -0.014525
v -0.007077 -0.004885 -0.014767
v 0.013909 -0.015640 -0.014555
v 0.003306 -0.035309 -0.014385
v 0.003687 -0.036086 -0.014415
v 0.001797 -0.035557 -0.014443
v 0.000562 -0.036431 -0.014465
v 0.002108 -0.036618 -0.014456
v 0.000224 -0.035334 -0.014411
v -0.020411 -0.030434 -0.014566
v 0.000808 -0.037394 -0.014413
v -0.001128 -0.036892 -0.014468
v -0.000922 -0.036045 -0.014485
v 0.015224 -0.013708 -0.014543
v -0.001068 -0.005484 -0.014759
v -0.000765 -0.038348 -0.014273
v -0.002265 -0.038130 -0.014335
v -0.001398 -0.007534 -0.014761
v -0.006463 -0.038332 -0.014337
v -0.008013 -0.036407 -0.014479
v -0.007423 -0.037335 -0.014448
v -0.013709 -0.015339 -0.014761
v 0.011281 -0.014278 -0.014616
v -0.008530 -0.037271 -0.014343
v -0.006859 -0.012192 -0.014744
v -0.002682 -0.005228 -0.014817
v -0.002581 -0.007806 -0.014811
v -0.008078 -0.038386 -0.014323
v -0.006699 -0.039537 -0.014112
v -0.007225 -0.040494 -0.014068
v -0.008066 -0.039461 -0.014201
v -0.009119 -0.038543 -0.014297
v -0.009604 -0.039251 -0.014174
v -0.009038 -0.040187 -0.014142
v -0.010198 -0.040350 -0.014009
v 0.016546 -0.014507 -0.014453
v -0.015287 -0.013090 -0.014750
v 0.017040 -0.015166 -0.014501
v -0.013151 -0.035637 -0.014429
v -0.010674 -0.036247 -0.014479
v -0.012033 -0.036828 -0.014440
v 0.015450 -0.015153 -0.014569
v -0.010001 -0.037854 -0.014386
v -0.001066 -0.010839 -0.014743
v -0.013393 -0.039506 -0.014291
v -0.010793 -0.039329 -0.014232
v 0.013242 -0.014873 -0.014597
v 0.009431 -0.018396 -0.014636
v -0.000939 -0.022795 -0.014681
v -0.014521 -0.038222 -0.014391
v -0.015430 -0.036672 -0.014464
v -0.011493 -0.040280 -0.014169
v -0.003606 -0.008511 -0.014759
v -0.011872 -0.041284 -0.014131
v 0.009841 -0.012884 -0.014643
v 0.010230 -0.013525 -0.014627
v -0.016131 -0.039331 -0.014306
v -0.001156 -0.025491 -0.014647
v -0.002602 -0.010038 -0.014810
v -0.013497 -0.041367 -0.014107
v -0.012367 -0.042135 -0.013937
v -0.012367 -0.042135 -0.013937
v 0.008740 -0.013613 -0.014624
v -0.013907 -0.042441 -0.013850
v -0.013907 -0.042441 -0.013850
v -0.002432 -0.012211 -0.014786
v -0.003160 -0.012668 -0.014753
v -0.016004 -0.042456 -0.013883
v -0.016004 -0.042456 -0.013883
v -0.017204 -0.041513 -0.014096
v 0.011678 -0.015203 -0.014656
v -0.021887 -0.034295 -0.014439
v -0.002663 -0.023174 -0.014755
v 0.017354 -0.029117 -0.014296
v -0.019796 -0.035385 -0.014439
v -0.009720 -0.008098 -0.014770
v -0.017048 -0.034996 -0.014440
v -0.002771 -0.025454 -0.014705
v -0.005034 -0.023105 -0.014702
v -0.017156 -0.037373 -0.014449
v -0.018193 -0.036257 -0.014474
v -0.019620 -0.036957 -0.014440
v -0.018867 -0.038955 -0.014339
v -0.021168 -0.035795 -0.014447
v 0.007388 -0.013521 -0.014674
v -0.022049 -0.036776 -0.014436
v 0.005413 -0.013333 -0.014699
v -0.023322 -0.039202 -0.014314
v 0.007368 -0.015316 -0.014690
v 0.009853 -0.015340 -0.014652
v 0.011584 -0.016687 -0.014587
v -0.023828 -0.035927 -0.014449
v 0.006002 -0.015061 -0.014736
v -0.017270 -0.042310 -0.013880
v -0.017270 -0.042310 -0.013880
v -0.016346 -0.042765 -0.013581
v -0.018347 -0.042686 -0.013687
v -0.019536 -0.042120 -0.013992
v -0.019536 -0.042120 -0.013992
v 0.004656 -0.015411 -0.014732
v -0.019784 -0.043034 -0.013319
v -0.019996 -0.042737 -0.013697
v -0.021219 -0.041246 -0.014175
v 0.003635 -0.013826 -0.014742
v 0.004441 -0.014624 -0.014672
v -0.021644 -0.042513 -0.013849
v -0.021644 -0.042513 -0.013849
v -0.022840 -0.041682 -0.014100
v -0.022010 -0.043112 -0.013249
v -0.023884 -0.037710 -0.014418
v -0.026509 -0.037113 -0.014429
v -0.026620 -0.039742 -0.014291
v -0.024497 -0.041376 -0.014154
v -0.023845 -0.042503 -0.013878
v -0.023845 -0.042503 -0.013878
v -0.023178 -0.043099 -0.013236
v -0.025799 -0.041850 -0.014094
v -0.026894 -0.042419 -0.013931
v -0.026894 -0.042419 -0.013931
v -0.025997 -0.042958 -0.013542
v -0.028813 -0.042714 -0.013791
v -0.028813 -0.042714 -0.013791
v -0.027463 -0.043464 -0.012754
v -0.024244 -0.043298 -0.012931
v -0.020617 -0.043152 -0.013055
v -0.025776 -0.043478 -0.012311
v -0.036081 -0.020725 -0.000988
v -0.036085 -0.018270 -0.003708
v -0.027652 -0.009572 -0.014683
v -0.035248 0.022914 -0.014111
v -0.035661 0.022324 -0.012953
v -0.035945 0.021623 -0.012457
v -0.013252 -0.002687 -0.014794
v -0.035986 0.021639 -0.009874
v -0.015967 0.007166 -0.014807
v -0.018280 0.011297 -0.014819
v -0.036065 0.019819 -0.011566
v -0.026713 -0.015078 -0.014685
v -0.031119 -0.009860 -0.014621
v -0.028308 -0.005162 -0.014692
v -0.019379 0.002818 -0.014784
v -0.022328 0.010415 -0.014792
v -0.032504 -0.008110 -0.014612
v -0.021112 -0.008930 -0.014735
v -0.035487 0.017988 -0.002376
v -0.035572 0.015557 -0.005197
v -0.022408 0.007126 -0.014789
v -0.018121 -0.001355 -0.014800
v -0.035348 0.017569 0.000014
v -0.035178 0.014496 0.001782
v -0.015242 -0.008099 -0.014759
v -0.024369 -0.023777 -0.014644
v -0.035172 0.015355 0.004123
v -0.020003 -0.006070 -0.014771
v -0.025905 0.007923 -0.014766
v -0.030848 -0.018922 -0.014599
v -0.035271 0.012604 -0.000901
v -0.025448 0.000816 -0.014752
v -0.032112 -0.013357 -0.014604
v -0.033179 -0.010319 -0.014633
v -0.035153 0.015244 0.005829
v -0.035287 0.018573 0.007823
v -0.035188 0.016397 0.007856
v -0.035281 0.017411 0.008186
v -0.033149 -0.012547 -0.014650
v -0.035044 0.013939 0.006010
v -0.035108 0.014780 0.007342
v -0.034974 0.012554 0.006318
v -0.034959 0.013657 0.007263
v -0.033092 0.022803 -0.014670
v -0.033680 0.022274 -0.014741
v -0.033080 -0.014322 -0.014634
v -0.034306 -0.014246 -0.014621
v -0.034750 0.022847 -0.014616
v -0.034750 0.022847 -0.014616
v -0.034397 -0.015560 -0.014631
v -0.034903 0.011359 0.005434
v -0.034968 0.021765 -0.014531
v -0.034968 0.021765 -0.014531
v -0.035051 0.011495 0.001770
v -0.034563 0.021244 -0.014693
v -0.035186 0.016208 0.009645
v -0.035326 0.016219 0.010168
v -0.024755 0.014020 -0.014810
v -0.035693 0.016681 0.012132
v -0.035524 0.015658 0.012389
v -0.034791 0.011215 0.006544
v -0.034918 0.012479 0.007436
v -0.027223 0.015793 -0.014776
v -0.034729 0.010325 0.008696
v -0.034942 0.011736 0.008214
v -0.034703 0.009588 0.007699
v -0.032530 -0.021533 -0.014537
v -0.032195 -0.024177 -0.014522
v -0.028371 0.016638 -0.014738
v -0.032897 -0.017381 -0.014599
v -0.027055 0.013528 -0.014874
v -0.028317 0.015221 -0.014741
v -0.029649 0.015700 -0.014747
v -0.034213 -0.024430 -0.014552
v -0.028396 0.012009 -0.014847
v -0.025092 0.012124 -0.014863
v -0.028362 0.014144 -0.014797
v -0.029161 0.013920 -0.014799
v -0.029757 0.014726 -0.014692
v -0.034238 -0.019885 -0.014582
v -0.034271 -0.022061 -0.014573
v -0.035023 -0.021210 -0.014372
v -0.035023 -0.021210 -0.014372
v -0.034852 -0.022339 -0.014433
v -0.034852 -0.022339 -0.014433
v -0.030324 0.013827 -0.014744
v -0.034361 -0.018519 -0.014604
v -0.035038 -0.019433 -0.014352
v -0.035038 -0.019433 -0.014352
v -0.035472 -0.020129 -0.013808
v -0.035498 -0.018363 -0.013724
v -0.027281 0.010603 -0.014820
v -0.031610 0.013117 -0.014721
v -0.035807 -0.020459 -0.012790
v -0.035767 -0.017597 -0.012889
v -0.036229 -0.020691 -0.011998
v -0.035531 -0.021910 -0.013586
v -0.035740 -0.022696 -0.012840
v -0.035208 -0.022644 -0.014168
v -0.034975 -0.024259 -0.014357
v -0.034975 -0.024259 -0.014357
v -0.035559 -0.024049 -0.013648
v -0.034878 -0.017306 -0.014478
v -0.034878 -0.017306 -0.014478
v -0.035062 -0.015499 -0.014381
v -0.035062 -0.015499 -0.014381
v -0.024282 0.011852 -0.014831
v -0.035194 -0.025006 -0.014173
v -0.034187 -0.017229 -0.014621
v -0.032840 -0.027551 -0.014494
v -0.033761 -0.025664 -0.014530
v -0.034311 -0.026776 -0.014517
v -0.034913 -0.026469 -0.014402
v -0.034913 -0.026469 -0.014402
v -0.035449 -0.016357 -0.013839
v -0.035527 -0.025992 -0.013700
v -0.028484 0.003894 -0.014713
v -0.035186 -0.027434 -0.014166
v -0.025904 0.010096 -0.014798
v -0.035453 0.011747 -0.004327
v -0.028422 -0.031186 -0.014503
v -0.035827 0.014854 -0.008799
v -0.035645 0.010587 -0.007004
v -0.027079 0.008665 -0.014746
v -0.028922 0.008271 -0.014764
v -0.028768 0.009895 -0.014750
v -0.029916 0.020800 -0.014764
v -0.030783 0.021570 -0.014700
v -0.031203 0.020876 -0.014757
v -0.031551 0.020191 -0.014695
v -0.032425 0.021296 -0.014684
v -0.031325 0.018847 -0.014656
v -0.031003 0.016673 -0.014698
v -0.035183 0.009889 -0.000763
v -0.031774 -0.001683 -0.014626
v -0.034092 0.018916 -0.014679
v -0.032850 0.017765 -0.014683
v -0.024882 -0.033058 -0.014455
v -0.032286 -0.005860 -0.014627
v -0.032985 0.020824 -0.014742
v -0.035795 0.011574 -0.009272
v -0.033255 -0.003775 -0.014662
v -0.032968 -0.000469 -0.014647
v -0.035857 0.009032 -0.009763
v -0.035949 0.001776 -0.012252
v -0.035677 0.002077 -0.012833
v -0.035717 -0.000758 -0.012874
v -0.034398 0.019812 -0.014697
v -0.035053 0.020495 -0.014437
v -0.035053 0.020495 -0.014437
v -0.036053 -0.001345 -0.012005
v -0.036030 0.000290 -0.011668
v -0.025177 -0.035245 -0.014418
v -0.035428 0.000037 -0.013823
v -0.035428 0.000037 -0.013823
v -0.035468 -0.002252 -0.013746
v -0.035468 -0.002252 -0.013746
v -0.034882 0.018693 -0.014523
v -0.034882 0.018693 -0.014523
v -0.035281 0.019384 -0.014043
v -0.035659 0.007649 -0.007065
v -0.035430 0.020837 -0.013796
v -0.035993 -0.002603 -0.012187
v -0.035663 -0.003333 -0.012973
v -0.036058 -0.002898 -0.011576
v -0.035758 -0.002290 -0.006988
v -0.035869 0.000602 -0.009043
v -0.035987 -0.001521 -0.010082
v -0.035714 0.021151 -0.012899
v -0.035923 -0.004044 -0.008555
v -0.028259 -0.034825 -0.014408
v -0.035617 0.019257 -0.013011
v -0.035976 0.019546 -0.012311
v -0.035347 0.006613 -0.003737
v -0.032662 0.015724 -0.014689
v -0.033506 0.016663 -0.014714
v -0.034387 0.017371 -0.014689
v -0.035798 0.005620 -0.009156
v -0.035904 0.006824 -0.010154
v -0.035939 0.004011 -0.010505
v -0.034308 0.015469 -0.014698
v -0.035643 0.005204 -0.006633
v -0.034440 -0.004166 -0.014622
v -0.034339 -0.005293 -0.014649
v -0.031380 0.014902 -0.014714
v -0.034231 -0.008278 -0.014652
v -0.035083 -0.004672 -0.014369
v -0.034904 -0.006286 -0.014488
v -0.034388 -0.006957 -0.014637
v -0.033069 -0.030167 -0.014471
v -0.032700 0.011760 -0.014684
v -0.033758 0.013321 -0.014753
v -0.032298 -0.032628 -0.014430
v -0.034883 -0.007737 -0.014554
v -0.035217 -0.007967 -0.014251
v -0.035217 -0.007967 -0.014251
v -0.035420 -0.006375 -0.013847
v -0.035420 -0.006375 -0.013847
v -0.035511 -0.008199 -0.013698
v -0.035592 0.003064 -0.005559
v -0.034899 0.016226 -0.014531
v -0.034764 0.014595 -0.014621
v -0.034832 -0.001880 -0.014550
v -0.035019 -0.003436 -0.014445
v -0.035437 -0.004411 -0.013790
v -0.035437 -0.004411 -0.013790
v -0.035131 -0.001117 -0.014341
v -0.035178 0.003497 -0.001382
v -0.035139 0.006138 -0.000744
v -0.035040 0.017965 -0.014439
v -0.035040 0.017965 -0.014439
v -0.035406 0.018093 -0.013750
v -0.036265 -0.021474 -0.009651
v -0.036306 -0.019551 -0.011208
v -0.036321 -0.022115 -0.011598
v -0.035303 0.016149 -0.014128
v -0.035303 0.016149 -0.014128
v -0.035895 -0.004774 -0.012494
v -0.036321 -0.025260 -0.010501
v -0.036022 -0.003456 -0.012310
v -0.036338 -0.024209 -0.011535
v -0.035684 0.016650 -0.012868
v -0.035687 -0.006515 -0.012787
v -0.036068 -0.004188 -0.011769
v -0.036035 -0.006087 -0.012040
v -0.036308 -0.025995 -0.008777
v -0.036132 -0.005572 -0.011268
v -0.035905 0.017230 -0.012407
v -0.036055 0.017992 -0.011686
v -0.036009 0.016482 -0.011579
v -0.035678 -0.008119 -0.012862
v -0.035580 0.015033 -0.013062
v -0.035357 0.014781 -0.013954
v -0.035357 0.014781 -0.013954
v -0.036062 -0.006345 -0.011517
v -0.034975 0.013644 -0.014471
v -0.035796 -0.003124 -0.006813
v -0.035988 0.014397 -0.011853
v -0.035881 0.013621 -0.012388
v -0.035509 -0.004206 -0.003361
v -0.035670 -0.002999 -0.004762
v -0.035788 -0.004329 -0.006369
v -0.034076 -0.030100 -0.014508
v -0.035999 -0.005409 -0.009262
v -0.034204 -0.028368 -0.014528
v -0.034971 -0.028439 -0.014361
v -0.034971 -0.028439 -0.014361
v -0.035845 -0.006716 -0.007616
v -0.035970 -0.008651 -0.009043
v -0.035797 -0.005672 -0.005606
v -0.035667 -0.027590 -0.013338
v -0.035524 -0.028891 -0.013731
v -0.034796 -0.029587 -0.014424
v -0.034796 -0.029587 -0.014424
v -0.034932 -0.030914 -0.014328
v -0.034932 -0.030914 -0.014328
v -0.035207 -0.029848 -0.014136
v -0.035712 -0.006409 -0.005125
v -0.035712 -0.006409 -0.005125
v -0.035761 -0.029699 -0.013079
v -0.035609 -0.030376 -0.013566
v -0.035880 -0.007949 -0.006952
v -0.035801 -0.025239 -0.012867
v -0.035991 0.012005 -0.011412
v -0.036339 -0.026900 -0.012007
v -0.035555 0.000151 -0.004818
v -0.036327 -0.028957 -0.008056
v -0.036372 -0.027238 -0.011407
v -0.036330 -0.025712 -0.011878
v -0.031288 0.010378 -0.014701
v -0.032724 0.009763 -0.014703
v -0.034946 0.010569 0.003587
v -0.036375 -0.028833 -0.011818
v -0.036383 -0.030994 -0.011562
v -0.028871 0.005854 -0.014715
v -0.036303 -0.024762 -0.006792
v -0.036249 -0.022017 -0.006451
v -0.035556 -0.002068 -0.004137
v -0.034739 0.009150 0.005728
v -0.034830 0.007363 0.003444
v -0.036309 -0.027355 -0.007393
v -0.034854 -0.009201 -0.014513
v -0.034561 0.006943 0.006448
v -0.036277 -0.028082 -0.006595
v -0.034538 0.007008 0.007528
v -0.034554 0.008349 0.008572
v -0.034331 -0.010514 -0.014653
v -0.034815 -0.011771 -0.014530
v -0.035078 -0.009969 -0.014339
v -0.035078 -0.009969 -0.014339
v -0.036353 -0.030548 -0.006385
v -0.036244 -0.025609 -0.003482
v -0.035480 -0.010294 -0.013608
v -0.036305 -0.027370 -0.004085
v -0.036313 -0.028508 -0.004521
v -0.036353 -0.028686 -0.006642
v -0.034473 -0.012582 -0.014616
v -0.035097 -0.012148 -0.014312
v -0.035097 -0.012148 -0.014312
v -0.036299 -0.029457 -0.006215
v -0.036324 -0.031848 -0.007424
v -0.034944 -0.013745 -0.014424
v -0.034944 -0.013745 -0.014424
v -0.035423 -0.013099 -0.013815
v -0.035683 -0.012954 -0.012993
v -0.035675 -0.011028 -0.012853
v -0.036326 -0.030001 -0.004328
v -0.032020 0.006911 -0.014663
v -0.030071 -0.035998 -0.014440
v -0.034741 0.003490 0.004106
v -0.034965 0.002341 0.001636
v -0.033917 0.008084 -0.014730
v -0.036174 -0.013214 -0.010840
v -0.036130 -0.009766 -0.011459
v -0.036175 -0.011643 -0.011619
v -0.029916 -0.037983 -0.014396
v -0.032020 -0.034685 -0.014400
v -0.036102 -0.008225 -0.011266
v -0.035288 -0.000473 -0.001639
v -0.035039 -0.000208 0.001285
v -0.036050 -0.013474 -0.007202
v -0.034107 -0.034335 -0.014429
v -0.035762 -0.009084 -0.005032
v -0.035691 -0.015497 -0.012956
v -0.031897 -0.037453 -0.014427
v -0.031884 0.003365 -0.014650
v -0.032773 0.001730 -0.014633
v -0.034243 -0.036150 -0.014456
v -0.034261 -0.037045 -0.014445
v -0.033124 0.005579 -0.014642
v -0.036107 -0.015392 -0.007877
v -0.036262 -0.015419 -0.011394
v -0.033789 -0.038251 -0.014390
v -0.036271 -0.018219 -0.011193
v -0.034528 0.004857 0.006390
v -0.034555 0.006771 -0.014659
v -0.034729 -0.035914 -0.014366
v -0.034729 -0.035914 -0.014366
v -0.034391 0.004410 -0.014659
v -0.034639 0.003933 0.005039
v -0.034983 -0.038112 -0.014252
v -0.034983 -0.038112 -0.014252
v -0.035692 -0.005648 -0.004327
v -0.035698 -0.005592 -0.004450
v -0.035700 -0.005590 -0.004448
v -0.034886 0.003236 -0.014533
v -0.035058 0.005085 -0.014412
v -0.035691 -0.005647 -0.004326
v -0.035562 -0.005808 -0.002665
v -0.034339 -0.039494 -0.014307
v -0.034416 0.002174 0.006564
v -0.033821 0.002663 -0.014662
v -0.035571 -0.004930 -0.002815
v -0.035161 -0.040526 -0.014054
v -0.035161 -0.040526 -0.014054
v -0.035683 -0.037436 -0.013537
v -0.035400 -0.036974 -0.013957
v -0.035609 -0.039891 -0.013766
v -0.034403 0.006851 0.008761
v -0.034407 0.006141 0.008827
v -0.034439 0.005038 0.008031
v -0.034547 0.005586 0.007197
v -0.034551 0.003742 0.007493
v -0.034465 0.004002 0.006595
v -0.034486 0.003013 0.007383
v -0.035675 -0.008224 -0.003117
v -0.035455 -0.006518 -0.001712
v -0.034690 0.000053 0.004855
v -0.035337 -0.005669 0.000333
v -0.035714 -0.010378 -0.002958
v -0.035088 -0.002686 0.001586
v -0.034518 0.002009 -0.014645
v -0.029630 -0.041374 -0.014185
v -0.035374 0.003826 -0.013957
v -0.035374 0.003826 -0.013957
v -0.035554 -0.009093 -0.001316
v -0.034423 0.012291 -0.014705
v -0.034010 0.010497 -0.014737
v -0.035551 -0.008018 -0.000921
v -0.035406 -0.009025 0.000526
v -0.035393 -0.007814 0.000809
v -0.034827 -0.002409 0.004460
v -0.035018 0.011904 -0.014462
v -0.035317 0.013154 -0.014022
v -0.035317 0.013154 -0.014022
v -0.027720 -0.041371 -0.014192
v -0.034667 -0.002375 0.005790
v -0.035524 -0.010295 0.000450
v -0.028927 -0.042201 -0.014042
v -0.035662 -0.012075 0.000762
v -0.035435 0.011269 -0.013843
v -0.035435 0.011269 -0.013843
v -0.035257 -0.008960 0.003434
v -0.034902 0.010274 -0.014551
v -0.031462 -0.041716 -0.014161
v -0.034857 0.008990 -0.014581
v -0.035378 0.008918 -0.013915
v -0.035378 0.008918 -0.013915
v -0.035657 0.012686 -0.012937
v -0.029940 -0.042447 -0.013936
v -0.034249 -0.041421 -0.014188
v -0.031676 -0.042618 -0.013863
v -0.035675 0.010172 -0.012845
v -0.035478 -0.003051 -0.002632
v -0.035248 -0.002114 -0.000804
v -0.035871 0.008643 -0.012320
v -0.030399 -0.043069 -0.013326
v -0.030399 -0.043069 -0.013326
v -0.032849 -0.043078 -0.013459
v -0.032849 -0.043078 -0.013459
v -0.035361 -0.003938 -0.000994
v -0.035233 -0.003407 0.000745
v -0.035955 0.009883 -0.011389
v -0.033779 -0.042566 -0.013931
v -0.035058 0.007473 -0.014429
v -0.035139 -0.004403 0.002032
v -0.035343 0.006678 -0.013992
v -0.035343 0.006678 -0.013992
v -0.035648 0.007250 -0.012859
v -0.035870 -0.039968 -0.012885
v -0.035727 -0.041128 -0.013492
v -0.035015 -0.003319 0.003456
v -0.034795 -0.032684 -0.014375
v -0.034795 -0.032684 -0.014375
v -0.034916 -0.004530 0.004668
v -0.035942 0.006337 -0.012156
v -0.035309 -0.032097 -0.014030
v -0.035970 0.005734 -0.011560
v -0.035906 0.005042 -0.012267
v -0.034834 -0.003549 0.005589
v -0.035142 -0.005505 0.003199
v -0.035727 -0.032671 -0.013204
v -0.035828 -0.031300 -0.012936
v -0.035175 -0.007088 0.003044
v -0.034835 -0.034115 -0.014334
v -0.034835 -0.034115 -0.014334
v -0.034994 -0.006550 0.005016
v -0.036272 -0.030337 -0.012125
v -0.035884 -0.012981 -0.003427
v -0.035760 -0.034672 -0.013431
v -0.036397 -0.033739 -0.011972
v -0.035404 -0.035127 -0.013981
v -0.036083 -0.016352 -0.004773
v -0.036308 -0.032295 -0.012082
v -0.034189 0.000350 -0.014673
v -0.036391 -0.032510 -0.011099
v -0.034718 0.000746 -0.014597
v -0.035860 -0.036231 -0.013020
v -0.034980 0.001820 -0.014498
v -0.035441 0.002147 -0.013809
v -0.035441 0.002147 -0.013809
v -0.036381 -0.033898 -0.009270
v -0.035167 0.000693 -0.014256
v -0.036471 -0.037227 -0.011406
v -0.034535 -0.000853 -0.014644
v -0.036362 -0.034845 -0.007067
v -0.036136 -0.017271 -0.007203
v -0.036353 -0.032411 -0.004138
v -0.036038 -0.017218 -0.005226
v -0.036347 -0.037377 -0.012114
v -0.035936 -0.038149 -0.012837
v -0.036080 -0.017985 -0.005768
v -0.036155 -0.018453 -0.006686
v -0.036325 -0.039394 -0.012124
v -0.036179 -0.020301 -0.006341
v -0.036364 -0.039754 -0.007846
v -0.036369 -0.041531 -0.009534
v -0.036419 -0.040966 -0.011848
v -0.035779 -0.013440 -0.000580
v -0.035960 -0.016434 -0.001111
v -0.035855 -0.016221 0.001493
v -0.036248 -0.023320 -0.005211
v -0.036299 -0.024381 -0.004680
v -0.036152 -0.022557 -0.000412
v -0.036228 -0.023839 -0.002876
v -0.035938 -0.017199 -0.001502
v -0.036001 -0.018399 -0.000472
v -0.030740 -0.043450 -0.012713
v -0.032947 -0.043580 -0.012514
v -0.031011 -0.043664 -0.011850
v -0.035038 -0.041948 -0.014043
v -0.035038 -0.041948 -0.014043
v -0.035024 -0.043042 -0.013660
v -0.035024 -0.043042 -0.013660
v -0.035485 -0.042081 -0.013836
v -0.035978 -0.041596 -0.012706
v -0.035176 0.015349 0.009071
v -0.035009 0.012982 0.008156
v -0.034990 0.013513 0.009000
v -0.035147 0.014695 0.009998
v -0.035454 0.015810 0.010941
v -0.035046 0.013346 0.009892
v -0.035334 0.014277 0.011007
v -0.034932 0.011960 0.009913
v -0.035704 0.015166 0.011748
v -0.035568 0.014459 0.012276
v -0.035635 0.013938 0.011748
v -0.035276 0.012523 0.010766
v -0.035431 0.017121 0.010923
v -0.034886 0.011670 0.009023
v -0.034780 0.010731 0.009740
v -0.034762 0.009461 0.009821
v -0.035058 0.010143 0.010909
v -0.035184 0.011366 0.010876
v -0.034550 0.007604 0.009731
v -0.035974 0.007642 -0.011375
v -0.036019 -0.008992 -0.012089
v -0.036214 -0.023896 -0.012068
v -0.036071 -0.010963 -0.012059
v -0.036047 -0.012570 -0.012233
v -0.036100 -0.013771 -0.012065
v -0.034569 0.000671 0.005832
v -0.034502 -0.000510 0.006031
v -0.036164 -0.016147 -0.012052
v -0.034406 0.000408 0.006790
v -0.028657 -0.043341 -0.012887
v -0.028310 -0.043633 -0.011898
v -0.036385 -0.035673 -0.012042
v -0.035713 -0.042535 -0.013399
v -0.035868 -0.042389 -0.012589
v -0.035738 -0.042894 -0.012132
v -0.035738 -0.042894 -0.012132
v -0.034735 -0.043435 -0.013254
v -0.034735 -0.043435 -0.013254
v -0.034735 -0.043435 -0.013254
v -0.034577 -0.043771 -0.012471
v -0.035123 -0.043449 -0.012773
v -0.035123 -0.043449 -0.012773
v -0.033588 -0.043763 -0.010829
v -0.034805 -0.043818 -0.011037
v -0.034553 -0.043897 -0.011290
v -0.036243 -0.042022 -0.011813
v -0.036030 -0.042573 -0.011181
v -0.035840 -0.042802 -0.010358
v -0.035840 -0.042802 -0.010358
v 0.027480 0.012782 0.013526
v 0.026110 0.008548 0.013558
v 0.028842 0.010106 0.013363
v 0.034514 0.040699 0.012488
v 0.034933 0.040368 0.012319
v 0.034872 0.041675 0.012219
v 0.034349 0.041576 0.012386
v 0.034511 0.039826 0.012370
v 0.035018 0.039644 0.011819
v 0.034798 0.038652 0.011994
v 0.033594 0.040140 0.012379
v 0.007876 0.001389 0.013766
v 0.009108 0.001116 0.013818
v 0.033981 0.038927 0.012472
v 0.034188 0.042242 0.012037
v 0.033555 0.042152 0.011911
v 0.026794 0.017238 0.013559
v 0.027598 0.015669 0.013547
v 0.036171 -0.023090 0.005201
v 0.036132 -0.020570 0.005870
v 0.033370 0.041296 0.012334
v 0.032786 0.041930 0.012060
v 0.025748 0.014448 0.013556
v 0.025189 0.016897 0.013642
v 0.036138 -0.020735 0.009309
v 0.006871 0.005850 0.013691
v 0.004808 0.000273 0.013720
v 0.032018 0.041373 0.012154
v 0.018742 0.003779 0.013866
v 0.015971 0.006783 0.013825
v 0.024402 0.014840 0.013623
v 0.023566 0.016645 0.013646
v 0.032463 0.040311 0.012360
v 0.036151 -0.024267 0.003072
v 0.036221 -0.026233 0.006233
v 0.015024 0.001841 0.013871
v 0.017173 0.002053 0.013875
v 0.030773 0.041624 0.012004
v 0.029424 0.015737 0.013418
v 0.016933 0.000981 0.013842
v 0.035453 0.020697 0.006336
v 0.013571 0.001876 0.013883
v 0.036097 -0.023757 0.011101
v 0.036181 -0.024901 0.009427
v 0.023913 0.011963 0.013629
v 0.015244 0.000407 0.013880
v 0.016688 0.000141 0.013811
v 0.015780 -0.000868 0.013850
v 0.013647 0.000232 0.013861
v 0.035495 0.023338 0.005921
v 0.013270 -0.002477 0.013904
v 0.036064 -0.020692 0.010749
v 0.035798 -0.022438 0.012114
v 0.025595 0.018644 0.013588
v 0.026868 0.020053 0.013558
v 0.025360 0.020302 0.013545
v 0.035691 -0.023775 0.012341
v 0.024444 0.018445 0.013578
v 0.011449 0.001725 0.013848
v 0.036276 -0.028559 0.009417
v 0.036111 -0.025205 0.011069
v 0.022921 0.018248 0.013599
v 0.023656 0.019608 0.013590
v 0.035237 -0.022698 0.012726
v 0.013635 -0.003681 0.013922
v 0.035455 -0.024607 0.012519
v 0.035190 -0.023676 0.012745
v 0.012257 -0.000278 0.013791
v 0.035830 -0.025357 0.012149
v 0.035487 0.019730 0.008499
v 0.034760 -0.025331 0.012784
v 0.035457 -0.025464 0.012557
v 0.011258 -0.002739 0.013875
v 0.035570 0.016446 0.008335
v 0.035516 0.016741 0.010484
v 0.035641 -0.026609 0.012323
v 0.035978 -0.026487 0.011834
v 0.035503 0.018539 0.010323
v 0.022400 0.019105 0.013569
v 0.035696 -0.027631 0.012355
v 0.036113 -0.027334 0.011358
v 0.035125 -0.026514 0.012718
v 0.035043 0.036050 0.011585
v 0.035230 0.038502 0.011164
v 0.034920 0.037745 0.011935
v 0.020738 0.018886 0.013616
v 0.009761 -0.000541 0.013814
v 0.020812 0.017391 0.013620
v 0.035044 -0.027676 0.012749
v 0.035575 0.011395 0.001217
v 0.035539 0.015049 0.004232
v 0.022013 0.011910 0.013691
v 0.034759 0.035295 0.012084
v 0.034315 0.036862 0.012436
v 0.010122 0.001027 0.013835
v 0.020398 0.014767 0.013674
v 0.035108 0.034609 0.011518
v 0.034070 0.035818 0.012589
v 0.034278 0.034678 0.012524
v 0.008397 0.000124 0.013730
v 0.035043 0.033229 0.011767
v 0.019387 0.015795 0.013697
v 0.035472 0.016942 0.004245
v 0.034282 0.033401 0.012493
v 0.033602 0.035174 0.012680
v 0.033777 0.034064 0.012712
v 0.019269 -0.007301 0.013808
v 0.018772 -0.005109 0.013856
v 0.018116 0.017677 0.013624
v 0.015382 -0.004924 0.013891
v 0.017048 -0.002420 0.013892
v 0.015130 0.016777 0.013574
v 0.035442 0.029067 0.006842
v 0.014490 -0.007475 0.013865
v 0.028977 0.008107 0.013381
v 0.011924 -0.005053 0.013889
v 0.024609 0.006774 0.013638
v 0.025012 0.009481 0.013608
v 0.035097 0.032226 0.011602
v 0.035073 0.031043 0.011609
v 0.022793 0.010275 0.013628
v 0.011699 -0.006622 0.013835
v 0.034628 0.032164 0.012197
v 0.014694 -0.011088 0.013833
v 0.034717 0.030960 0.012098
v 0.034065 0.032361 0.012558
v 0.033682 0.032785 0.012681
v 0.012488 -0.009826 0.013855
v 0.032917 0.033242 0.012733
v 0.034004 0.031069 0.012572
v 0.033160 0.031821 0.012759
v 0.032114 0.031815 0.012883
v 0.022378 0.008699 0.013704
v 0.035114 0.029359 0.011718
v 0.006861 0.000063 0.013758
v 0.034377 0.029615 0.012295
v 0.033662 0.029914 0.012625
v 0.035140 0.028242 0.011597
v 0.020536 0.009535 0.013785
v 0.005460 -0.000648 0.013692
v 0.034632 0.028370 0.012242
v 0.033952 0.028920 0.012528
v 0.034040 0.027799 0.012554
v 0.023180 0.006713 0.013660
v 0.032406 0.030320 0.012931
v 0.019494 0.007786 0.013811
v 0.032939 0.029109 0.012794
v 0.009097 -0.002623 0.013806
v 0.009620 -0.004188 0.013879
v 0.031714 0.029539 0.013016
v 0.029286 0.030725 0.013004
v 0.020199 0.004651 0.013838
v 0.030859 0.040310 0.012372
v 0.030682 0.008300 0.013190
v 0.028776 0.038618 0.012494
v 0.034420 0.037915 0.012328
v 0.027161 0.006934 0.013508
v 0.033794 0.037048 0.012598
v 0.029210 0.005597 0.013272
v 0.009957 -0.007768 0.013854
v 0.032214 0.036546 0.012613
v 0.035602 0.014325 0.008304
v 0.026551 0.005129 0.013552
v 0.009964 -0.005858 0.013891
v 0.027629 0.003797 0.013490
v 0.007507 -0.003959 0.013841
v 0.008480 -0.001068 0.013779
v 0.030371 0.034500 0.012733
v 0.006980 -0.001538 0.013769
v 0.030207 0.002796 0.013156
v 0.027392 0.002398 0.013491
v 0.027322 0.036176 0.012700
v 0.035574 0.014084 0.010412
v 0.035661 0.012088 0.008618
v 0.025794 0.001764 0.013539
v 0.005503 -0.001946 0.013749
v 0.030504 0.041169 0.012213
v 0.029277 0.040655 0.012300
v 0.023146 0.004727 0.013689
v 0.023181 0.003101 0.013696
v 0.035661 0.010932 0.005875
v 0.004255 -0.002752 0.013708
v 0.024448 0.002259 0.013598
v 0.035733 0.006844 0.007442
v 0.027919 0.040946 0.012234
v 0.027304 0.040151 0.012363
v 0.027673 0.000823 0.013411
v 0.009550 -0.009784 0.013857
v 0.026113 -0.000727 0.013521
v 0.024713 0.000653 0.013612
v 0.026495 0.040831 0.012240
v 0.026745 0.039093 0.012455
v 0.024938 0.040225 0.012342
v 0.026527 0.037889 0.012567
v 0.020121 0.002958 0.013826
v 0.009369 -0.011136 0.013812
v 0.007846 -0.010269 0.013812
v 0.008400 -0.010800 0.013780
v 0.028163 0.033961 0.012823
v 0.035693 0.002494 -0.002036
v 0.019758 0.012755 0.013726
v 0.003543 -0.004476 0.013724
v 0.035745 0.003420 0.003405
v 0.016841 0.013507 0.013669
v 0.004819 -0.007037 0.013733
v 0.027224 0.032127 0.013082
v 0.026558 0.034563 0.012911
v 0.024331 0.036991 0.012703
v 0.016504 0.011727 0.013694
v 0.020029 0.010402 0.013762
v 0.024747 0.035178 0.012780
v 0.023695 0.035500 0.012743
v 0.002386 -0.006329 0.013727
v 0.002526 -0.007829 0.013749
v 0.025188 0.033896 0.012920
v 0.015055 0.015335 0.013580
v 0.034740 -0.004968 0.012592
v 0.034946 -0.003887 0.012550
v 0.033506 -0.004333 0.012729
v 0.034767 -0.002129 0.012693
v 0.024313 0.033972 0.012846
v 0.032119 -0.003950 0.012880
v 0.014042 0.014472 0.013664
v 0.035519 -0.004722 0.012111
v 0.035530 -0.006308 0.012189
v 0.035759 -0.005558 0.011761
v 0.035836 -0.006841 0.011563
v 0.034878 -0.006010 0.012552
v 0.035582 -0.007649 0.012106
v 0.034908 -0.008029 0.012490
v 0.013795 0.016035 0.013630
v 0.014299 0.012544 0.013695
v 0.035794 -0.009066 0.011852
v 0.035992 -0.007430 0.010528
v 0.035377 -0.008774 0.012293
v 0.016539 0.009295 0.013734
v 0.035443 0.029228 0.006428
v 0.035466 0.025946 0.005974
v 0.035715 -0.010200 0.012028
v 0.036045 -0.010076 0.010916
v 0.035863 -0.001379 0.003714
v 0.035221 -0.010051 0.012458
v 0.034837 -0.009405 0.012589
v 0.035439 0.029228 0.006428
v 0.035439 0.029228 0.006428
v 0.035444 0.029172 0.006572
v 0.035441 0.029202 0.006508
v 0.035444 0.029172 0.006572
v 0.033819 -0.008364 0.012608
v 0.032701 -0.008080 0.012732
v 0.034208 -0.010217 0.012582
v 0.035497 0.025100 0.008201
v 0.035739 -0.011281 0.012053
v 0.036085 -0.013872 0.009461
v 0.036033 -0.011017 0.007038
v 0.014578 0.010577 0.013662
v 0.035469 0.023828 0.007128
v 0.036066 -0.012587 0.010934
v 0.036067 -0.011110 0.011136
v 0.036122 -0.017779 0.009304
v 0.036086 -0.014624 0.006676
v 0.035729 -0.012696 0.012079
v 0.035787 -0.013907 0.011923
v 0.035049 -0.013160 0.012590
v 0.035468 -0.014195 0.012321
v 0.036022 -0.016385 0.010962
v 0.013801 0.009576 0.013689
v 0.014841 0.008026 0.013799
v 0.035770 -0.015629 0.012042
v 0.035501 -0.016732 0.012382
v 0.035016 -0.014672 0.012569
v 0.033320 -0.010779 0.012653
v 0.031864 -0.010745 0.012883
v 0.035020 -0.011156 0.012530
v 0.035448 -0.011914 0.012329
v 0.034961 -0.012069 0.012555
v 0.033624 -0.012488 0.012670
v 0.012154 0.010842 0.013663
v 0.010662 0.013742 0.013615
v 0.010249 0.010904 0.013633
v 0.035257 0.026672 0.011296
v 0.034970 0.026872 0.011945
v 0.034929 0.025751 0.011934
v 0.035214 0.023743 0.011492
v 0.035471 0.024861 0.010184
v 0.032719 -0.012230 0.012769
v 0.035502 0.022424 0.010233
v 0.034354 0.026646 0.012450
v 0.034438 0.024814 0.012414
v 0.034001 0.025604 0.012573
v 0.033289 -0.013946 0.012718
v 0.035044 0.023826 0.011841
v 0.034284 0.023852 0.012484
v 0.033177 0.024668 0.012773
v 0.012082 0.008294 0.013729
v 0.035171 0.022134 0.011867
v 0.010891 0.009905 0.013655
v 0.034332 0.022864 0.012443
v 0.031725 -0.012382 0.012943
v 0.033228 0.023259 0.012772
v 0.031639 -0.013967 0.012947
v 0.032342 0.028126 0.012952
v 0.034993 -0.017767 0.012723
v 0.032073 -0.005679 0.012879
v 0.030821 0.028784 0.013078
v 0.035809 0.004490 0.008447
v 0.035793 -0.005173 -0.003184
v 0.032843 0.026135 0.012832
v 0.030739 -0.002909 0.012982
v 0.030121 -0.006340 0.013080
v 0.031633 0.026501 0.013107
v 0.035256 0.018593 0.011730
v 0.035161 0.016729 0.011893
v 0.029574 -0.004017 0.013094
v 0.035856 -0.008906 -0.005076
v 0.029647 -0.008312 0.013066
v 0.035294 0.014457 0.011836
v 0.034859 0.015818 0.012354
v 0.034385 0.016084 0.012642
v 0.034402 0.014888 0.012648
v 0.034710 0.014440 0.012511
v 0.031653 -0.008292 0.012900
v 0.031784 0.025051 0.013130
v 0.030851 -0.009742 0.013020
v 0.030609 0.026178 0.013216
v 0.034842 0.013201 0.012379
v 0.034946 0.011483 0.012339
v 0.035332 0.011853 0.011793
v 0.035274 0.013572 0.011917
v 0.028396 -0.006645 0.013230
v 0.034230 0.013343 0.012683
v 0.033566 0.014887 0.012754
v 0.028430 0.025178 0.013307
v 0.034326 0.012154 0.012689
v 0.027679 -0.004794 0.013315
v 0.032344 0.013164 0.013033
v 0.025945 -0.006197 0.013395
v 0.035510 0.020078 0.010404
v 0.025965 -0.004249 0.013440
v 0.034921 0.021103 0.012109
v 0.035278 0.021126 0.011569
v 0.034789 0.021845 0.012220
v 0.035178 0.019601 0.011920
v 0.033805 0.022244 0.012649
v 0.033561 0.021524 0.012647
v 0.028518 -0.009723 0.013174
v 0.032620 0.021972 0.012902
v 0.034068 0.020912 0.012499
v 0.027546 -0.008533 0.013231
v 0.031258 0.023300 0.013263
v 0.028330 -0.010711 0.013181
v 0.035368 0.010506 0.011873
v 0.031212 0.021564 0.013225
v 0.034772 0.010134 0.012473
v 0.026888 -0.010062 0.013239
v 0.035867 -0.012075 -0.006678
v 0.029456 0.021948 0.013406
v 0.029207 0.023737 0.013347
v 0.035402 0.009424 0.011936
v 0.034979 0.008413 0.012364
v 0.035412 0.008205 0.011921
v 0.034177 0.009766 0.012740
v 0.034262 0.010558 0.012738
v 0.034519 0.009145 0.012630
v 0.034001 0.008782 0.012765
v 0.029063 -0.012118 0.013138
v 0.033100 0.009312 0.012849
v 0.031830 0.011556 0.013079
v 0.031042 0.010189 0.013122
v 0.035921 -0.006243 0.002909
v 0.027708 0.023924 0.013430
v 0.027777 -0.011856 0.013169
v 0.035894 -0.010459 -0.003157
v 0.027647 0.021567 0.013438
v 0.026621 0.022273 0.013519
v 0.034879 0.007025 0.012478
v 0.035565 0.006851 0.011719
v 0.035443 0.005511 0.011980
v 0.024982 -0.005616 0.013457
v 0.034419 0.007975 0.012702
v 0.025344 0.031165 0.013045
v 0.033638 0.008068 0.012748
v 0.024796 0.032452 0.012958
v 0.034403 0.006394 0.012659
v 0.023508 0.033202 0.012958
v 0.022473 0.034641 0.012915
v 0.033475 0.006826 0.012765
v 0.023136 -0.007129 0.013575
v 0.022988 -0.005333 0.013654
v 0.023989 -0.009625 0.013512
v 0.022765 0.031995 0.013049
v 0.031342 0.006315 0.013101
v 0.023487 0.030780 0.013098
v 0.035838 0.002333 0.008786
v 0.020715 0.030334 0.013187
v 0.022418 0.030028 0.013142
v 0.028588 0.027177 0.013231
v 0.027385 0.030202 0.013151
v 0.035743 -0.017105 0.012000
v 0.035950 -0.010964 -0.000820
v 0.035888 -0.000733 0.009349
v 0.036022 -0.018583 0.010572
v 0.031841 -0.016071 0.012967
v 0.030359 -0.014987 0.013086
v 0.030236 -0.013865 0.013058
v 0.027569 0.027177 0.013318
v 0.026299 0.026575 0.013303
v 0.035891 -0.001172 0.010690
v 0.029413 -0.016237 0.013109
v 0.028553 -0.014552 0.013183
v 0.035573 -0.018314 0.012339
v 0.035774 -0.018464 0.011981
v 0.035953 -0.003701 0.010732
v 0.033783 -0.017781 0.012765
v 0.035653 -0.002886 0.011893
v 0.035659 -0.001481 0.011813
v 0.024839 0.028024 0.013214
v 0.035726 -0.004423 0.011637
v 0.034974 -0.018898 0.012742
v 0.023648 0.028945 0.013206
v 0.035348 -0.002566 0.012303
v 0.035807 -0.020536 0.012021
v 0.036019 -0.019349 0.011143
v 0.022724 0.029146 0.013239
v 0.035576 -0.019522 0.012409
v 0.035088 -0.020095 0.012763
v 0.035042 -0.021265 0.012786
v 0.035545 -0.020833 0.012470
v 0.035427 -0.022208 0.012626
v 0.024822 0.026538 0.013262
v 0.025154 0.025248 0.013306
v 0.022899 0.026116 0.013339
v 0.032725 -0.018069 0.012870
v 0.035755 0.005827 0.010443
v 0.023823 0.025274 0.013383
v 0.036007 -0.007118 0.007564
v 0.032879 -0.020844 0.012926
v 0.031875 -0.020133 0.013023
v 0.031707 -0.018519 0.013052
v 0.024511 0.022091 0.013470
v 0.035994 -0.011654 0.002463
v 0.029919 -0.017421 0.013136
v 0.036028 -0.016079 0.001096
v 0.023825 0.023910 0.013409
v 0.028888 -0.018945 0.013221
v 0.034789 0.005232 0.012590
v 0.034115 -0.022161 0.012854
v 0.035222 0.004458 0.012301
v 0.035481 0.003605 0.011959
v 0.022651 0.027004 0.013345
v 0.034774 0.003926 0.012640
v 0.031203 -0.022191 0.013116
v 0.033954 0.005128 0.012791
v 0.035543 0.002085 0.011885
v 0.035204 0.002643 0.012329
v 0.035557 0.000558 0.011795
v 0.035836 0.000858 0.010725
v 0.021226 0.028630 0.013277
v 0.034653 0.002430 0.012697
v 0.033199 0.003263 0.012846
v 0.020178 0.027518 0.013314
v 0.035164 0.001037 0.012378
v 0.031605 -0.023213 0.013053
v 0.032187 -0.024352 0.012980
v 0.034649 0.001351 0.012738
v 0.020893 0.026214 0.013397
v 0.034726 0.000398 0.012694
v 0.022119 0.024771 0.013398
v 0.032925 0.005482 0.012892
v 0.021008 0.024837 0.013446
v 0.031905 -0.026228 0.013034
v 0.030806 -0.023934 0.013126
v 0.031492 0.004358 0.013002
v 0.029771 -0.023156 0.013171
v 0.030702 -0.019959 0.013125
v 0.034699 0.020248 0.012317
v 0.034111 0.019769 0.012581
v 0.035941 -0.004813 0.010577
v 0.032913 0.020595 0.012789
v 0.034683 0.018826 0.012370
v 0.027624 -0.020968 0.013207
v 0.031580 0.002551 0.012946
v 0.034703 0.017451 0.012384
v 0.034062 0.017876 0.012642
v 0.032675 0.019433 0.012845
v 0.027236 -0.017898 0.013239
v 0.034348 0.016953 0.012594
v 0.031582 0.019748 0.013171
v 0.028411 -0.022518 0.013200
v 0.030788 0.019980 0.013293
v 0.035161 -0.000591 0.012418
v 0.026537 -0.020359 0.013307
v 0.027200 -0.022239 0.013293
v 0.034288 -0.000842 0.012727
v 0.032507 0.000670 0.012911
v 0.034922 -0.001345 0.012605
v 0.028306 0.019781 0.013512
v 0.032821 -0.001393 0.012890
v 0.035883 -0.013207 -0.009099
v 0.029003 -0.013313 0.013190
v 0.027278 -0.013539 0.013213
v 0.030496 -0.000398 0.013054
v 0.027724 -0.016003 0.013229
v 0.030429 -0.001495 0.013025
v 0.029255 -0.000539 0.013223
v 0.025917 -0.012170 0.013359
v 0.028670 -0.002560 0.013279
v 0.027401 -0.001529 0.013371
v 0.026899 -0.003464 0.013358
v 0.025234 -0.002399 0.013543
v 0.028937 0.001731 0.013312
v 0.024412 -0.014174 0.013454
v 0.023716 -0.011966 0.013534
v 0.030556 0.000896 0.013072
v 0.024703 -0.015974 0.013493
v 0.029434 0.000782 0.013268
v 0.024233 -0.003565 0.013557
v 0.035911 -0.015774 -0.006876
v 0.035853 -0.016841 -0.009954
v 0.035954 -0.016892 -0.002640
v 0.035814 -0.019581 -0.012686
v 0.020684 -0.008094 0.013764
v 0.020838 -0.010306 0.013707
v 0.036079 -0.017549 0.004238
v 0.035965 -0.021703 -0.005787
v 0.035872 -0.021165 -0.010739
v 0.021128 -0.011464 0.013705
v 0.022884 -0.014878 0.013617
v 0.019829 -0.012144 0.013736
v 0.021909 0.000301 0.013790
v 0.023521 0.020515 0.013535
v 0.022614 0.023093 0.013432
v 0.023097 -0.001816 0.013682
v 0.022956 0.021865 0.013511
v 0.019887 -0.013506 0.013697
v 0.021324 0.022560 0.013474
v 0.025422 -0.017470 0.013389
v 0.023876 -0.018554 0.013554
v 0.022100 -0.017876 0.013600
v 0.021254 0.020959 0.013538
v 0.020187 -0.001608 0.013845
v 0.019798 -0.014585 0.013717
v 0.021300 -0.004225 0.013749
v 0.016537 0.024003 0.013416
v 0.016096 0.027158 0.013280
v 0.019873 0.022510 0.013505
v 0.017217 0.022570 0.013471
v 0.017534 0.001132 0.013859
v 0.020731 -0.017589 0.013614
v 0.020426 -0.015752 0.013672
v 0.019580 0.000516 0.013863
v 0.018682 -0.015198 0.013753
v 0.019600 -0.016857 0.013724
v 0.019483 0.021482 0.013552
v 0.018341 -0.001558 0.013862
v 0.019485 -0.018520 0.013730
v 0.019735 0.019837 0.013628
v 0.036037 -0.020442 -0.001997
v 0.025187 -0.019427 0.013434
v 0.020964 -0.006058 0.013759
v 0.017056 0.020409 0.013569
v 0.023366 -0.020366 0.013549
v 0.015478 0.022090 0.013432
v 0.036090 -0.018615 0.002324
v 0.015734 0.018988 0.013528
v 0.017186 -0.001106 0.013829
v 0.016092 -0.001932 0.013873
v 0.017420 -0.010805 0.013816
v 0.014000 0.018267 0.013568
v 0.036054 -0.025194 -0.003946
v 0.036128 -0.024878 -0.000259
v 0.018628 -0.012754 0.013797
v 0.033130 0.016790 0.012771
v 0.031731 0.017468 0.013126
v 0.031017 0.016598 0.013277
v 0.032242 0.015628 0.013052
v 0.013670 0.006824 0.013808
v 0.017170 -0.013829 0.013741
v 0.015931 -0.012429 0.013786
v 0.030958 0.014687 0.013260
v 0.031386 0.013176 0.013153
v 0.014636 -0.013539 0.013806
v 0.017060 -0.017505 0.013723
v 0.010409 0.008414 0.013677
v 0.009213 0.010274 0.013562
v 0.013843 -0.012098 0.013816
v 0.009127 0.006538 0.013737
v 0.010495 0.006715 0.013786
v 0.014411 -0.014017 0.013816
v 0.017620 -0.016728 0.013721
v 0.011103 0.004234 0.013788
v 0.012238 -0.011067 0.013793
v 0.011619 -0.014550 0.013782
v 0.029546 0.012942 0.013332
v 0.009710 -0.012742 0.013774
v 0.035265 0.040966 0.011359
v 0.035194 0.039833 0.011281
v 0.035175 0.040844 0.011971
v 0.035461 0.026861 0.009988
v 0.035652 0.010953 0.010366
v 0.035708 0.008392 0.010610
v 0.035864 -0.015658 -0.010863
v 0.035878 -0.017423 -0.012163
v 0.035879 -0.019552 -0.011706
v -0.004391 0.011253 0.013273
v 0.000077 0.012002 0.013396
v 0.000243 0.013373 0.013339
v -0.011263 0.021029 0.013053
v -0.010994 0.022946 0.013035
v -0.003752 0.009570 0.013313
v -0.005338 0.014874 0.013139
v -0.012863 0.020068 0.013170
v 0.012017 0.018138 0.013555
v 0.010147 0.018441 0.013509
v -0.011617 0.017462 0.013180
v -0.009829 0.017846 0.013112
v 0.023725 0.039251 0.012439
v -0.014343 0.018631 0.013232
v -0.014501 0.021371 0.013180
v -0.008606 0.015926 0.013170
v -0.008513 0.017758 0.013062
v 0.023019 0.038366 0.012565
v 0.000104 0.009973 0.013425
v 0.022341 0.037795 0.012641
v -0.004195 0.007264 0.013375
v 0.008748 0.017891 0.013441
v -0.010971 0.015576 0.013237
v 0.008339 0.015056 0.013490
v 0.020834 0.038073 0.012603
v -0.013522 0.016331 0.013307
v 0.011133 0.022116 0.013377
v 0.008421 0.023164 0.013354
v 0.008850 0.021380 0.013347
v -0.006907 0.012222 0.013199
v 0.023501 0.037082 0.012655
v -0.012259 0.014525 0.013358
v 0.022338 0.036020 0.012785
v 0.011091 0.019868 0.013430
v 0.010877 0.021477 0.013360
v -0.014028 0.014037 0.013432
v 0.007212 0.019922 0.013313
v 0.020633 0.036160 0.012755
v -0.006576 0.013616 0.013183
v 0.006631 0.021458 0.013299
v 0.006550 0.023558 0.013255
v -0.007577 0.015080 0.013148
v -0.006949 0.016096 0.013078
v -0.009276 0.014148 0.013203
v -0.015991 0.017144 0.013403
v -0.015677 0.020622 0.013289
v -0.018502 0.020379 0.013420
v 0.006299 0.016769 0.013452
v 0.005507 0.017468 0.013430
v 0.018678 0.037350 0.012651
v 0.006022 0.020640 0.013281
v 0.003786 0.019796 0.013236
v -0.009481 0.011366 0.013311
v 0.021014 0.032584 0.013062
v -0.018106 0.017194 0.013520
v 0.016825 0.034490 0.012907
v -0.006766 0.007147 0.013347
v 0.007567 0.013268 0.013567
v 0.007137 0.015433 0.013506
v 0.017727 0.032730 0.013069
v -0.004282 0.003837 0.013428
v 0.006284 0.013013 0.013503
v -0.009001 0.009873 0.013329
v 0.002528 0.018001 0.013277
v 0.015979 0.033859 0.012991
v -0.013996 0.023784 0.013109
v -0.015273 0.023058 0.013155
v -0.016560 0.024089 0.013228
v 0.001872 0.015019 0.013345
v -0.011229 0.005543 0.013554
v -0.019143 0.022153 0.013415
v 0.013642 0.035469 0.012862
v -0.007841 0.003928 0.013433
v 0.005191 0.024166 0.013196
v 0.004096 0.023162 0.013239
v 0.003468 0.025002 0.013079
v -0.020869 0.022225 0.013528
v 0.004042 0.026667 0.013060
v -0.011367 0.003403 0.013592
v 0.001372 0.023286 0.013147
v 0.015970 0.028744 0.013237
v -0.021133 0.019946 0.013606
v 0.000343 0.025062 0.012996
v -0.014526 0.004832 0.013744
v 0.003410 0.021606 0.013221
v 0.001339 0.022255 0.013170
v 0.002086 0.021090 0.013157
v 0.008843 0.011002 0.013620
v 0.007783 0.009740 0.013607
v 0.005984 0.010047 0.013529
v 0.002377 0.026892 0.012994
v 0.000401 0.027331 0.012926
v 0.001361 0.025869 0.013017
v 0.008429 0.007735 0.013711
v -0.003082 0.026055 0.012935
v -0.000606 0.028959 0.012892
v -0.001459 0.025442 0.012994
v 0.011958 0.033855 0.012932
v 0.006150 0.008554 0.013566
v 0.014536 0.030224 0.013135
v -0.001785 0.023442 0.013041
v 0.004848 0.008667 0.013542
v -0.001217 0.022799 0.013081
v -0.001130 0.021959 0.013079
v 0.002459 0.010557 0.013470
v -0.017094 0.014007 0.013618
v 0.002442 0.008800 0.013471
v 0.000133 0.020686 0.013135
v -0.002105 0.018994 0.013126
v -0.019266 0.015313 0.013732
v 0.011616 0.029124 0.013158
v 0.003851 0.007070 0.013598
v -0.020446 0.014133 0.013841
v 0.002239 0.007095 0.013532
v -0.005112 0.025670 0.012872
v 0.003693 0.004204 0.013605
v -0.003298 0.021253 0.013019
v -0.015360 0.010865 0.013612
v 0.002388 0.004760 0.013602
v -0.005542 0.021048 0.012990
v 0.009058 0.031677 0.012983
v 0.002430 0.002952 0.013609
v -0.015060 0.008666 0.013671
v 0.014301 0.028471 0.013187
v 0.014283 0.027723 0.013159
v 0.013138 0.027054 0.013192
v 0.000551 0.008425 0.013484
v 0.000899 0.004730 0.013565
v 0.000964 0.019433 0.013148
v 0.012524 0.028140 0.013200
v -0.019536 0.011890 0.013807
v -0.018654 0.011022 0.013803
v -0.000497 0.018900 0.013195
v 0.002233 0.016498 0.013312
v 0.001067 0.017135 0.013219
v 0.000562 0.018295 0.013202
v 0.011878 0.027549 0.013148
v 0.003647 0.001095 0.013696
v 0.011159 0.026424 0.013171
v -0.000251 0.016270 0.013258
v 0.009698 0.027149 0.013135
v 0.009275 0.029538 0.013069
v -0.015356 0.006600 0.013716
v -0.000342 0.017080 0.013222
v 0.010091 0.025038 0.013255
v 0.003145 0.000381 0.013658
v 0.001527 0.000715 0.013645
v 0.008401 0.025898 0.013182
v 0.003694 -0.000781 0.013711
v -0.015200 0.001793 0.013819
v 0.008114 0.026694 0.013153
v -0.017838 0.007437 0.013860
v 0.001152 -0.001234 0.013652
v -0.019060 0.009506 0.013853
v -0.001235 0.030144 0.012793
v -0.004396 0.027645 0.012845
v 0.014758 0.025404 0.013310
v -0.002406 0.003540 0.013500
v -0.021992 0.010782 0.014003
v 0.014962 0.023924 0.013432
v 0.012649 0.024763 0.013361
v -0.022753 0.007992 0.014120
v 0.014214 0.022790 0.013452
v 0.013816 0.021845 0.013428
v -0.001569 -0.001437 0.013598
v 0.012428 0.023358 0.013421
v 0.002219 -0.003179 0.013727
v -0.021413 0.017041 0.013745
v 0.013530 0.020713 0.013450
v -0.006443 0.022566 0.012964
v -0.002918 -0.004069 0.013574
v -0.024449 0.017893 0.013935
v -0.009206 0.024440 0.012895
v -0.005319 0.001948 0.013437
v -0.022614 0.015088 0.013935
v -0.003926 -0.000514 0.013494
v -0.007637 0.020657 0.012985
v -0.024484 0.015368 0.014055
v -0.009457 0.021976 0.012952
v 0.010847 0.023650 0.013366
v -0.006446 -0.000060 0.013491
v -0.005673 -0.003204 0.013507
v -0.009808 0.025759 0.012876
v -0.025329 0.017238 0.013996
v -0.011418 0.025412 0.012929
v -0.012635 0.022921 0.013075
v -0.027999 0.016800 0.014008
v 0.006926 0.029222 0.013058
v -0.024052 0.012880 0.014071
v 0.002963 0.012905 0.013435
v 0.007678 0.027725 0.013082
v 0.001454 0.013464 0.013334
v 0.002102 0.012200 0.013424
v -0.026219 0.015196 0.014140
v 0.003416 0.030887 0.012930
v -0.028204 0.014978 0.014086
v -0.006994 0.002016 0.013446
v -0.029275 0.016463 0.013920
v -0.026079 0.012222 0.014221
v -0.027483 0.013143 0.014176
v 0.005656 0.027733 0.013083
v -0.027131 0.010980 0.014277
v -0.006600 0.018335 0.013037
v -0.028971 0.013609 0.014018
v -0.008648 0.000713 0.013560
v -0.007493 -0.001859 0.013533
v -0.029672 0.014822 0.013944
v 0.005953 0.026305 0.013091
v 0.000651 0.014503 0.013348
v -0.011329 -0.000813 0.013664
v -0.025346 0.010267 0.014205
v -0.008719 0.020295 0.013007
v 0.001523 0.030107 0.012908
v -0.003604 0.016678 0.013120
v -0.031447 0.016659 0.013709
v -0.033159 0.018275 0.013601
v -0.030783 0.014862 0.013745
v -0.030913 0.013527 0.013736
v -0.033374 0.015312 0.013486
v -0.033991 0.017367 0.013462
v -0.034034 0.016260 0.013446
v -0.034629 0.016001 0.013276
v -0.000944 -0.035460 0.012764
v -0.001694 -0.033192 0.012891
v 0.026115 -0.031859 0.013279
v 0.026332 -0.029898 0.013236
v 0.023710 -0.031029 0.013329
v 0.035517 -0.025394 -0.013355
v 0.035151 -0.025974 -0.013664
v 0.035225 -0.024935 -0.013711
v 0.035610 -0.027503 -0.013247
v 0.035865 -0.025955 -0.012505
v 0.001874 -0.036249 0.012776
v 0.001198 -0.033530 0.012958
v 0.029250 -0.043982 0.008381
v 0.029488 -0.044117 0.007684
v 0.030125 -0.044141 0.008260
v 0.035246 -0.027575 -0.013594
v 0.035382 -0.028577 -0.013506
v 0.027440 -0.035046 0.013118
v 0.028962 -0.033427 0.013174
v 0.026976 -0.033234 0.013191
v 0.029459 -0.034521 0.013127
v 0.032807 -0.043398 0.011828
v 0.032060 -0.043826 0.010190
v 0.034106 -0.043588 0.011386
v 0.035925 -0.030463 -0.012386
v 0.035384 -0.030148 -0.013457
v 0.035593 -0.029558 -0.013157
v 0.031326 -0.043380 0.011748
v 0.034894 -0.029467 -0.013611
v 0.027431 -0.036123 0.013123
v -0.003648 -0.034600 0.012741
v 0.031846 -0.042958 0.012430
v 0.030074 -0.043391 0.011727
v 0.025679 -0.036157 0.013224
v 0.032200 -0.044087 0.008213
v 0.034049 -0.043876 0.009756
v 0.033741 -0.026399 -0.013743
v -0.002655 -0.036865 0.012636
v 0.033857 -0.029859 -0.013655
v 0.032773 -0.027006 -0.013709
v 0.026193 -0.034317 0.013232
v 0.035872 -0.028366 -0.012439
v 0.024803 -0.033298 0.013269
v 0.035260 -0.031030 -0.013521
v 0.000562 -0.038757 0.012570
v 0.029034 -0.042062 0.012965
v 0.030953 -0.041930 0.013026
v 0.029206 -0.040513 0.013039
v 0.027712 -0.040428 0.013036
v 0.027488 -0.038701 0.013083
v -0.000276 -0.028989 0.013162
v 0.000935 -0.026617 0.013315
v -0.000697 -0.025340 0.013307
v 0.027730 -0.041899 0.012902
v 0.025837 -0.036994 0.013180
v 0.036020 -0.026478 -0.006894
v 0.036035 -0.031236 -0.010152
v 0.035213 -0.021100 -0.013755
v 0.029301 -0.036204 0.013121
v 0.035530 -0.021896 -0.013304
v 0.035844 -0.021532 -0.012463
v -0.002564 -0.026742 0.013223
v 0.028535 -0.036662 0.013132
v 0.028934 -0.043232 0.011998
v 0.030008 -0.043694 0.010524
v 0.034903 -0.022547 -0.013800
v 0.027683 -0.037021 0.013093
v 0.028978 -0.042546 0.012725
v 0.030406 -0.042684 0.012704
v -0.003971 -0.026204 0.013198
v 0.027674 -0.042599 0.012686
v 0.027924 -0.043552 0.010860
v 0.027316 -0.043238 0.011901
v 0.026499 -0.043555 0.010784
v 0.033726 -0.023313 -0.013826
v 0.025482 -0.038644 0.013066
v 0.026306 -0.042323 0.012850
v -0.004423 -0.028531 0.013096
v 0.025042 -0.041217 0.012888
v 0.035136 -0.024090 -0.013723
v 0.035342 -0.023008 -0.013611
v 0.035628 -0.024016 -0.013217
v 0.035788 -0.022888 -0.012695
v 0.026652 -0.042891 0.012455
v 0.025535 -0.043074 0.012219
v 0.025389 -0.042690 0.012564
v 0.036032 -0.041406 0.012489
v 0.036117 -0.039842 0.012246
v 0.035806 -0.040759 0.012675
v 0.035565 -0.039243 0.012760
v 0.035181 -0.041098 0.012946
v 0.035074 -0.039690 0.012941
v 0.033629 -0.038743 0.012998
v 0.035701 -0.041190 0.012869
v 0.035474 -0.042638 0.012922
v 0.020725 -0.031539 0.013341
v 0.034278 -0.042123 0.012966
v 0.020879 -0.033349 0.013265
v 0.022916 -0.035062 0.013212
v 0.035890 -0.024374 -0.012433
v 0.034542 -0.042794 0.012700
v 0.035553 -0.043292 0.012592
v -0.008036 -0.027295 0.013281
v -0.004763 -0.025049 0.013231
v -0.006368 -0.022542 0.013367
v 0.032984 -0.042635 0.012750
v 0.021386 -0.034762 0.013257
v 0.032811 -0.040439 0.012984
v 0.032677 -0.042094 0.012990
v 0.020448 -0.035767 0.013167
v -0.002752 -0.023842 0.013354
v 0.019232 -0.034062 0.013231
v 0.033943 -0.043265 0.012156
v 0.031543 -0.042211 0.012995
v 0.022195 -0.037683 0.013096
v 0.023505 -0.038435 0.013071
v 0.025656 -0.039744 0.013019
v -0.006392 -0.030124 0.013087
v 0.031630 -0.044542 -0.002780
v 0.031892 -0.044568 -0.004563
v 0.032961 -0.044377 -0.003668
v 0.033104 -0.044513 -0.001899
v 0.030432 -0.028234 -0.013804
v 0.022804 -0.039025 0.012991
v -0.003817 -0.032476 0.012898
v 0.033609 -0.044467 0.002299
v 0.031839 -0.044529 0.001999
v 0.033150 -0.044553 0.000682
v 0.023384 -0.040704 0.012949
v 0.031690 -0.044458 0.004460
v 0.033257 -0.044502 0.003321
v 0.029745 -0.044406 -0.002641
v 0.029681 -0.044404 -0.000329
v 0.029085 -0.044529 -0.002316
v 0.028996 -0.044551 -0.000942
v 0.030603 -0.044467 -0.001004
v 0.024825 -0.042187 0.012786
v 0.026982 -0.044417 -0.001609
v 0.025773 -0.044365 -0.001887
v 0.023289 -0.042439 0.012740
v 0.026328 -0.044384 0.000166
v 0.024948 -0.044401 -0.001025
v 0.024868 -0.044423 0.000205
v 0.025563 -0.044362 0.000900
v 0.022022 -0.040423 0.012917
v 0.021370 -0.038647 0.013009
v 0.028955 -0.044538 0.001819
v 0.028984 -0.044527 0.000580
v 0.026483 -0.044445 0.002243
v 0.025674 -0.044377 0.003091
v 0.024790 -0.044513 0.001382
v 0.024886 -0.044526 0.002959
v -0.010003 -0.027406 0.013356
v -0.008661 -0.029666 0.013219
v 0.021193 -0.044468 -0.000556
v 0.021665 -0.044422 -0.002393
v 0.022545 -0.044405 -0.000111
v 0.020832 -0.037327 0.013121
v -0.008007 -0.030800 0.013078
v -0.005495 -0.034473 0.012805
v 0.035895 -0.024646 -0.010880
v 0.019325 -0.044399 -0.001998
v 0.019924 -0.044484 0.000815
v 0.019068 -0.044394 -0.000444
v -0.009399 -0.033899 0.012978
v -0.009616 -0.030602 0.013175
v 0.019313 -0.037322 0.013065
v 0.029712 -0.044422 0.002849
v 0.028966 -0.044562 0.002707
v -0.012669 -0.029311 0.013329
v 0.029535 -0.044390 0.004216
v 0.030369 -0.044285 0.005855
v -0.010730 -0.032267 0.013156
v 0.029001 -0.044435 0.005238
v 0.019125 -0.039240 0.012928
v 0.028641 -0.044531 0.004284
v 0.030037 -0.044230 0.006897
v 0.029257 -0.044274 0.006185
v 0.015451 -0.036952 0.013044
v 0.028638 -0.044400 0.006146
v 0.028355 -0.044298 0.007547
v 0.024890 -0.044466 0.004139
v 0.025426 -0.044362 0.004781
v 0.026419 -0.044381 0.003815
v 0.026745 -0.044329 0.004861
v 0.026330 -0.044292 0.005659
v 0.024805 -0.044420 0.005871
v 0.026634 -0.044123 0.006661
v 0.025916 -0.044193 0.007139
v 0.019686 -0.040359 0.012902
v 0.025234 -0.044265 0.006393
v 0.025382 -0.044085 0.007731
v 0.034789 -0.031928 -0.013568
v 0.024881 -0.044255 0.007812
v 0.018182 -0.034074 0.013233
v 0.021801 -0.044301 0.005186
v 0.021496 -0.044431 0.004016
v 0.022690 -0.044332 0.003865
v 0.032953 -0.032097 -0.013568
v 0.033721 -0.033943 -0.013515
v 0.034514 -0.033030 -0.013511
v 0.027809 -0.044074 0.008583
v 0.026689 -0.044012 0.008201
v 0.016890 -0.038744 0.012942
v 0.025281 -0.043931 0.008490
v 0.028391 -0.043934 0.009722
v 0.029374 -0.043894 0.009548
v 0.025445 -0.043989 0.009139
v 0.014037 -0.034142 0.013186
v 0.024696 -0.043896 0.009341
v 0.024400 -0.044038 0.008641
v 0.035817 -0.037007 -0.012577
v 0.035333 -0.037257 -0.013239
v 0.035812 -0.035513 -0.012818
v 0.035980 -0.036479 -0.012124
v 0.035729 -0.031586 -0.012989
v 0.025438 -0.043417 0.011311
v 0.035453 -0.032494 -0.013397
v 0.025167 -0.043510 0.010747
v 0.035947 -0.032316 -0.012381
v 0.035561 -0.033349 -0.013280
v 0.024132 -0.043259 0.011957
v 0.034900 -0.034038 -0.013486
v 0.036035 -0.033448 -0.012048
v 0.035461 -0.034535 -0.013298
v 0.025689 -0.028271 -0.014029
v 0.034810 -0.035155 -0.013437
v -0.002455 -0.044506 0.007472
v 0.001460 -0.044485 0.002240
v 0.033706 -0.035809 -0.013518
v 0.018671 -0.018158 0.013743
v 0.036011 -0.035066 -0.012252
v 0.035309 -0.035432 -0.013316
v 0.014040 -0.017911 0.013753
v 0.031489 -0.035953 -0.013548
v 0.034872 -0.036550 -0.013433
v 0.000815 -0.044484 0.007411
v 0.034436 -0.038744 -0.013486
v 0.033947 -0.037039 -0.013555
v 0.015046 -0.021817 0.013639
v -0.004306 -0.044492 0.006676
v 0.035512 -0.039200 -0.013121
v 0.024818 -0.032590 -0.013917
v 0.035629 -0.041080 -0.013062
v 0.034802 -0.039647 -0.013394
v 0.035224 -0.041176 -0.013220
v 0.005617 -0.040015 0.012621
v 0.003532 -0.040245 0.012582
v 0.003294 -0.042272 0.012351
v 0.005188 -0.042309 0.012410
v 0.034317 -0.041091 -0.013332
v 0.002263 -0.041436 0.012397
v 0.011622 -0.018488 0.013700
v 0.032754 -0.036520 -0.013551
v -0.000910 -0.040266 0.012331
v 0.000408 -0.040999 0.012356
v 0.010899 -0.015720 0.013774
v 0.005515 -0.012423 0.013760
v 0.004391 -0.012372 0.013744
v 0.003380 -0.043272 0.011730
v 0.004299 -0.042792 0.012203
v 0.002503 -0.042560 0.012233
v 0.029433 -0.033468 -0.013685
v 0.007211 -0.012769 0.013714
v 0.001614 -0.042923 0.011997
v 0.002146 -0.043462 0.011383
v 0.000811 -0.042480 0.012272
v 0.030192 -0.036722 -0.013663
v 0.002491 -0.044156 0.009619
v 0.003873 -0.043623 0.011192
v 0.009243 -0.014433 0.013738
v 0.030026 -0.035802 -0.013638
v 0.000817 -0.043491 0.011349
v 0.032419 -0.038143 -0.013575
v 0.004919 -0.013782 0.013688
v 0.000004 -0.042943 0.011941
v 0.003456 -0.008884 0.013732
v -0.000455 -0.042421 0.012209
v 0.030772 -0.038200 -0.013618
v -0.001575 -0.041841 0.012222
v -0.001364 -0.042652 0.012104
v -0.001599 -0.038448 0.012493
v 0.029597 -0.037928 -0.013694
v 0.027290 -0.036615 -0.013768
v 0.007871 -0.014625 0.013731
v -0.003685 -0.038653 0.012519
v -0.004700 -0.037098 0.012608
v 0.010517 -0.019597 0.013693
v 0.012305 -0.021061 0.013659
v 0.002586 -0.011105 0.013695
v 0.003098 -0.013316 0.013681
v -0.001992 -0.040212 0.012333
v -0.002303 -0.042507 0.012162
v 0.013174 -0.024100 0.013627
v -0.003804 -0.040687 0.012244
v -0.000116 -0.009729 0.013640
v 0.003504 -0.014226 0.013715
v 0.011689 -0.024030 0.013595
v 0.001495 -0.013381 0.013663
v -0.005511 -0.040039 0.012432
v 0.006322 -0.016700 0.013689
v -0.000185 -0.044379 0.008939
v 0.000617 -0.044247 0.009483
v 0.000034 -0.043842 0.010395
v -0.001819 -0.044243 0.009676
v 0.004202 -0.019058 0.013581
v -0.003234 -0.044429 0.008775
v 0.001657 -0.016307 0.013626
v -0.001210 -0.014178 0.013584
v 0.008092 -0.021399 0.013615
v -0.002785 -0.043911 0.010281
v -0.004003 -0.044181 0.009618
v -0.000806 -0.043597 0.011128
v -0.003724 -0.017114 0.013480
v -0.002295 -0.043545 0.011371
v -0.001130 -0.042998 0.011872
v 0.006682 -0.020921 0.013624
v -0.002451 -0.042976 0.011955
v -0.005491 -0.044440 0.008479
v 0.014429 -0.023517 0.013638
v 0.017688 -0.033648 -0.014114
v -0.004271 -0.043712 0.011052
v -0.005737 -0.043861 0.010479
v -0.005795 -0.044222 0.009522
v -0.006588 -0.043703 0.011106
v -0.007352 -0.043893 0.010256
v 0.015624 -0.031706 -0.014261
v -0.003377 -0.042593 0.012149
v -0.003519 -0.043356 0.011603
v -0.004209 -0.042817 0.012066
v -0.004377 -0.042180 0.012154
v 0.028528 -0.036082 -0.013682
v -0.005849 -0.041164 0.012315
v 0.006240 -0.014850 0.013672
v -0.005368 -0.042277 0.012187
v 0.016401 -0.035982 -0.014086
v 0.014652 -0.034112 -0.014179
v -0.006548 -0.042425 0.012259
v -0.005030 -0.043325 0.011617
v 0.019765 -0.035976 -0.014004
v 0.018125 -0.036530 -0.014068
v -0.005302 -0.042825 0.012010
v 0.005042 -0.015903 0.013616
v 0.025243 -0.035509 -0.013822
v -0.006626 -0.043258 0.011683
v 0.004935 -0.017439 0.013636
v -0.007737 -0.043640 0.011336
v 0.003406 -0.015466 0.013657
v -0.013421 -0.032223 0.013213
v -0.012501 -0.033242 0.013121
v 0.002845 -0.017534 0.013633
v -0.010963 -0.033989 0.013005
v 0.014084 -0.036274 -0.014170
v -0.012852 -0.035610 0.013028
v -0.005397 -0.036649 0.012650
v 0.015908 -0.037436 -0.014116
v -0.007682 -0.035098 0.012862
v 0.017621 -0.039124 -0.013935
v 0.008408 -0.024728 0.013525
v 0.013458 -0.039012 -0.014070
v 0.015126 -0.041040 -0.013849
v -0.007242 -0.038170 0.012599
v 0.014066 -0.037799 -0.014133
v 0.007246 -0.021941 0.013571
v -0.008618 -0.036343 0.012766
v 0.006255 -0.023452 0.013545
v 0.007062 -0.024585 0.013512
v -0.009383 -0.037876 0.012763
v 0.012040 -0.036685 -0.014248
v 0.004261 -0.020366 0.013572
v 0.036207 -0.032070 -0.003035
v 0.005332 -0.022254 0.013523
v 0.036161 -0.036560 -0.008323
v -0.009967 -0.036101 0.012878
v 0.005724 -0.024420 0.013442
v -0.010966 -0.036172 0.012891
v 0.005981 -0.025857 0.013410
v 0.003220 -0.022891 0.013482
v 0.004635 -0.024590 0.013458
v 0.009900 -0.035874 -0.014277
v 0.004234 -0.025661 0.013404
v -0.008626 -0.039457 0.012521
v -0.008245 -0.040802 0.012361
v 0.036375 -0.037287 -0.000213
v -0.010388 -0.039536 0.012598
v -0.010560 -0.041642 0.012378
v -0.009448 -0.042343 0.012289
v 0.012539 -0.025392 0.013505
v 0.014373 -0.024812 0.013590
v 0.016683 -0.041335 -0.013815
v -0.011402 -0.042121 0.012340
v 0.011507 -0.026568 0.013473
v 0.013497 -0.041632 -0.013800
v 0.013130 -0.040561 -0.013927
v 0.012865 -0.027417 0.013398
v -0.008670 -0.042852 0.012118
v 0.011140 -0.040160 -0.013971
v 0.009757 -0.027311 0.013405
v -0.012727 -0.036570 0.012908
v 0.011389 -0.041191 -0.013934
v -0.012736 -0.039416 0.012644
v 0.011466 -0.042103 -0.013714
v 0.010654 -0.028159 0.013386
v 0.007698 -0.026184 0.013424
v 0.011290 -0.037928 -0.014211
v 0.009890 -0.037999 -0.014191
v 0.008649 -0.027799 0.013391
v 0.008403 -0.036557 -0.014313
v 0.007488 -0.036305 -0.014327
v 0.009092 -0.036761 -0.014229
v -0.014406 -0.036121 0.012972
v 0.009086 -0.038261 -0.014072
v 0.011222 -0.030431 0.013309
v 0.007987 -0.037145 -0.014240
v 0.007778 -0.039060 -0.014108
v 0.007142 -0.038079 -0.014238
v 0.008258 -0.033526 0.013103
v 0.006670 -0.038873 -0.014085
v 0.036282 -0.031007 0.001737
v -0.016704 -0.038785 0.012784
v -0.013616 -0.040883 0.012502
v 0.006809 -0.030058 0.013261
v 0.009263 -0.039107 -0.014077
v 0.008906 -0.039678 -0.013980
v 0.005070 -0.029555 0.013261
v 0.008839 -0.041220 -0.013866
v 0.000958 -0.041231 -0.013982
v 0.001422 -0.042080 -0.013785
v 0.000249 -0.041567 -0.013925
v 0.001955 -0.042548 -0.013553
v 0.001955 -0.042548 -0.013553
v -0.000026 -0.042482 -0.013702
v -0.000026 -0.042482 -0.013702
v -0.000744 -0.042317 -0.013791
v -0.000744 -0.042317 -0.013791
v 0.001434 -0.042875 -0.013144
v -0.000278 -0.042881 -0.013169
v 0.009463 -0.042478 -0.013610
v 0.002009 -0.043283 -0.011407
v 0.002715 -0.043020 -0.012656
v -0.000263 -0.043394 -0.010962
v 0.000470 -0.040441 -0.014019
v -0.000786 -0.041131 -0.014024
v -0.000833 -0.040038 -0.014062
v 0.008023 -0.040814 -0.013886
v -0.002463 -0.041281 -0.013987
v 0.006363 -0.040577 -0.013930
v -0.004985 -0.040299 -0.014083
v -0.002077 -0.042175 -0.013806
v -0.002077 -0.042175 -0.013806
v 0.007801 -0.042317 -0.013669
v 0.007520 -0.041376 -0.013917
v 0.007786 -0.042856 -0.013174
v 0.007786 -0.042856 -0.013174
v -0.004424 -0.039318 -0.014146
v -0.002391 -0.039259 -0.014130
v 0.007135 -0.042624 -0.013488
v 0.007135 -0.042624 -0.013488
v 0.005324 -0.039627 -0.014004
v -0.005322 -0.041166 -0.014044
v 0.006043 -0.042156 -0.013744
v 0.005270 -0.041156 -0.013940
v -0.003775 -0.042266 -0.013831
v -0.003775 -0.042266 -0.013831
v -0.003303 -0.042673 -0.013589
v 0.004741 -0.042279 -0.013713
v 0.005600 -0.042699 -0.013438
v 0.005600 -0.042699 -0.013438
v -0.005746 -0.042190 -0.013882
v -0.005746 -0.042190 -0.013882
v -0.004409 -0.042671 -0.013553
v 0.013981 -0.042432 -0.013620
v 0.016214 -0.042543 -0.013470
v -0.006586 -0.042655 -0.013621
v -0.005105 -0.042915 -0.013119
v -0.001651 -0.042736 -0.013425
v 0.014095 -0.042778 -0.013396
v 0.002241 -0.020200 0.013563
v -0.001381 -0.043026 -0.012544
v 0.012644 -0.042587 -0.013440
v 0.015386 -0.043167 -0.011896
v 0.012862 -0.043301 -0.011266
v 0.013916 -0.043006 -0.012946
v 0.013916 -0.043006 -0.012946
v 0.012636 -0.042957 -0.012924
v 0.012636 -0.042957 -0.012924
v -0.003416 -0.042982 -0.012885
v 0.011235 -0.042621 -0.013428
v 0.011603 -0.043174 -0.012163
v -0.002640 -0.043361 -0.011162
v 0.000125 -0.021665 0.013478
v 0.017385 -0.043266 -0.011408
v 0.014630 -0.043405 -0.010603
v 0.015183 -0.043642 -0.008339
v 0.017144 -0.043491 -0.009682
v -0.005298 -0.043281 -0.011593
v -0.001443 -0.019804 0.013465
v 0.010357 -0.043365 -0.011129
v 0.012636 -0.043538 -0.009123
v 0.011686 -0.043679 -0.008215
v 0.010509 -0.043611 -0.008641
v 0.009599 -0.042848 -0.013183
v 0.009599 -0.042848 -0.013183
v 0.008897 -0.043140 -0.012241
v 0.011260 -0.042963 -0.012944
v 0.011260 -0.042963 -0.012944
v 0.002122 -0.043694 -0.008377
v -0.000263 -0.043664 -0.008382
v 0.002450 -0.043498 -0.009783
v 0.007643 -0.043366 -0.011095
v 0.006604 -0.043003 -0.012745
v 0.036266 -0.036584 -0.003955
v -0.001828 -0.043604 -0.008759
v -0.005281 -0.043637 -0.008831
v 0.004471 -0.043247 -0.011658
v 0.004249 -0.042971 -0.012970
v -0.003174 -0.043788 -0.008286
v 0.000683 -0.044185 -0.007615
v -0.002520 -0.044230 -0.007701
v 0.005785 -0.043502 -0.009766
v -0.002398 -0.044264 -0.006228
v 0.000472 -0.044230 -0.006248
v -0.005316 -0.044209 -0.007755
v 0.008233 -0.043642 -0.008595
v 0.005760 -0.043672 -0.008260
v 0.036150 -0.038853 -0.008368
v 0.001851 -0.044272 -0.007107
v 0.006563 -0.035782 -0.014308
v -0.002197 -0.022026 0.013401
v 0.036261 -0.039437 -0.003877
v -0.002224 -0.044309 -0.004198
v 0.000183 -0.044311 -0.004979
v 0.005829 -0.036997 -0.014349
v 0.036169 -0.040039 -0.008984
v 0.036133 -0.039069 -0.010640
v 0.005049 -0.036202 -0.014405
v -0.000281 -0.044406 -0.002563
v -0.005069 -0.020404 0.013416
v 0.004096 -0.037033 -0.014399
v 0.004892 -0.037958 -0.014284
v 0.005998 -0.038106 -0.014223
v -0.002497 -0.044399 -0.002149
v -0.004763 -0.044375 -0.003158
v 0.004388 -0.038537 -0.014157
v 0.000473 -0.044468 0.000246
v 0.002333 -0.038105 -0.014273
v 0.003046 -0.038667 -0.014120
v 0.003945 -0.040613 -0.013959
v -0.006718 -0.041620 -0.013990
v 0.036342 -0.038892 0.000026
v -0.008357 -0.041414 -0.014093
v -0.007228 -0.042361 -0.013817
v -0.007228 -0.042361 -0.013817
v 0.001451 -0.039219 -0.014120
v -0.009837 -0.041204 -0.014011
v 0.002718 -0.041141 -0.013924
v 0.036352 -0.039763 -0.001831
v 0.001464 -0.040704 -0.013957
v 0.036221 -0.039893 -0.006107
v 0.032312 -0.041172 -0.013462
v 0.032825 -0.042245 -0.013305
v -0.007466 -0.042791 -0.013429
v 0.034905 -0.042549 -0.013197
v -0.008720 -0.042282 -0.013874
v -0.008720 -0.042282 -0.013874
v -0.006683 -0.018155 0.013456
v 0.034046 -0.042512 -0.013105
v -0.009650 -0.042784 -0.013456
v -0.008582 -0.043023 -0.012873
v 0.033062 -0.042675 -0.013116
v 0.004300 -0.041695 -0.013857
v 0.032317 -0.043064 -0.012623
v 0.032317 -0.043064 -0.012623
v -0.009816 -0.042310 -0.013905
v -0.009816 -0.042310 -0.013905
v 0.003112 -0.042249 -0.013723
v -0.011153 -0.042578 -0.013745
v 0.027554 -0.038147 -0.013725
v 0.003319 -0.042707 -0.013436
v 0.003319 -0.042707 -0.013436
v -0.007372 -0.043272 -0.011839
v 0.028062 -0.040847 -0.013604
v 0.029407 -0.041507 -0.013555
v -0.006970 -0.043534 -0.009879
v -0.008374 -0.043407 -0.011207
v -0.010164 -0.043301 -0.011948
v -0.010826 -0.043004 -0.013023
v 0.030828 -0.042278 -0.013369
v 0.018688 -0.044454 0.001145
v 0.018042 -0.044443 -0.000298
v -0.012781 -0.042652 -0.013690
v 0.017528 -0.044530 0.001865
v 0.029492 -0.042742 -0.013097
v 0.030552 -0.042741 -0.013116
v 0.028015 -0.042445 -0.013375
v 0.016236 -0.044487 0.001036
v -0.014711 -0.042928 -0.013400
v 0.030157 -0.043408 -0.011093
v 0.028055 -0.043006 -0.012741
v 0.028055 -0.043006 -0.012741
v 0.030286 -0.043118 -0.012381
v 0.030286 -0.043118 -0.012381
v -0.013690 -0.043338 -0.012037
v -0.013012 -0.043019 -0.013066
v 0.019223 -0.044446 0.005005
v 0.019347 -0.044488 0.002113
v 0.020365 -0.044497 0.003384
v 0.017091 -0.044507 0.003314
v 0.028047 -0.042715 -0.013220
v -0.012628 -0.043484 -0.011058
v 0.026433 -0.041586 -0.013603
v 0.026373 -0.042493 -0.013417
v 0.026348 -0.043025 -0.012902
v 0.026348 -0.043025 -0.012902
v 0.027091 -0.043295 -0.011292
v 0.025923 -0.043143 -0.011877
v 0.025236 -0.037255 -0.013856
v 0.014166 -0.044432 0.005299
v 0.004077 -0.043484 -0.010094
v -0.007423 -0.043751 -0.008461
v -0.007667 -0.044316 -0.007671
v -0.005416 -0.044265 -0.006488
v 0.023508 -0.036626 -0.013886
v 0.023435 -0.038684 -0.013832
v 0.020691 -0.044385 0.005307
v 0.004340 -0.043630 -0.008419
v -0.009649 -0.043660 -0.008598
v 0.021617 -0.035744 -0.013942
v 0.022220 -0.044202 0.006042
v 0.017062 -0.044333 -0.003790
v 0.015984 -0.044472 -0.001706
v 0.020080 -0.044406 0.006155
v 0.018657 -0.044296 0.007021
v 0.017179 -0.044241 0.007573
v -0.010231 -0.044290 -0.007645
v -0.011986 -0.043827 -0.008417
v -0.012205 -0.043653 -0.008856
v -0.015548 -0.043688 -0.008701
v -0.012366 -0.044237 -0.007867
v 0.017513 -0.043693 -0.008226
v 0.014945 -0.044137 -0.007615
v 0.017105 -0.044241 -0.007330
v -0.013769 -0.043835 -0.008403
v -0.014385 -0.044197 -0.007894
v 0.013680 -0.044240 -0.007439
v 0.013226 -0.043733 -0.008187
v 0.015533 -0.044260 -0.007141
v -0.014698 -0.044266 -0.006421
v -0.016184 -0.044276 -0.007781
v 0.010520 -0.044234 -0.007395
v 0.009732 -0.043769 -0.008152
v 0.021550 -0.044099 0.007698
v 0.007421 -0.043828 -0.008052
v 0.004070 -0.044245 -0.007524
v 0.020069 -0.044297 0.007389
v 0.021816 -0.037285 -0.013969
v 0.020572 -0.036166 -0.013951
v 0.020115 -0.044129 0.008512
v 0.009163 -0.044362 -0.004018
v 0.015413 -0.044450 -0.003750
v 0.017888 -0.044294 -0.005767
v -0.014928 -0.043222 -0.012693
v -0.015633 -0.043507 -0.011245
v -0.019091 -0.043400 -0.012347
v -0.021776 -0.043475 -0.012186
v 0.017737 -0.044063 0.008877
v 0.019012 -0.043908 0.009737
v 0.019693 -0.037806 -0.013986
v 0.015298 -0.044313 0.006680
v 0.021468 -0.041043 -0.013760
v 0.019787 -0.041471 -0.013744
v -0.018498 -0.043682 -0.009058
v -0.020741 -0.043631 -0.010766
v -0.024271 -0.043619 -0.011233
v 0.010996 -0.044409 -0.002535
v 0.012174 -0.044399 -0.003444
v 0.015516 -0.044190 0.008239
v 0.016584 -0.043915 0.009731
v 0.010333 -0.044414 -0.003668
v -0.026248 -0.043609 -0.011598
v 0.009543 -0.044435 -0.001643
v -0.024947 -0.043753 -0.009202
v -0.026707 -0.043861 -0.008822
v -0.018712 -0.043864 -0.008465
v 0.011272 -0.044426 -0.001192
v 0.012495 -0.044435 -0.001589
v 0.018418 -0.040624 -0.013833
v 0.012277 -0.044511 0.000527
v -0.018462 -0.044276 -0.007826
v 0.015098 -0.043967 0.009786
v 0.013298 -0.043883 0.010154
v 0.012144 -0.044256 0.008164
v 0.013793 -0.044185 0.008218
v 0.010821 -0.044489 -0.000544
v -0.018913 -0.044300 -0.004426
v -0.014547 -0.044380 -0.001686
v 0.012879 -0.037524 0.012967
v 0.006913 -0.044454 -0.000631
v 0.010136 -0.037236 0.012941
v -0.022868 -0.044380 -0.007784
v -0.023429 -0.043890 -0.008564
v -0.021746 -0.043779 -0.008873
v -0.024188 -0.044420 -0.007892
v 0.002203 -0.044173 -0.007657
v -0.022298 -0.044331 -0.005324
v 0.024424 -0.041325 -0.013669
v 0.003595 -0.044267 -0.006216
v 0.004646 -0.038633 0.012725
v 0.012324 -0.044017 0.009913
v 0.010816 -0.044095 0.009289
v -0.008618 -0.044247 -0.006142
v 0.008938 -0.039492 0.012740
v 0.024664 -0.042204 -0.013489
v 0.008335 -0.044520 0.001067
v 0.021719 -0.042412 -0.013513
v 0.023855 -0.042673 -0.013266
v 0.022872 -0.041424 -0.013706
v 0.014614 -0.044485 -0.001657
v 0.014737 -0.044542 0.000502
v 0.022666 -0.042595 -0.013348
v 0.010350 -0.044532 0.001984
v 0.021244 -0.042929 -0.012885
v 0.021244 -0.042929 -0.012885
v 0.025444 -0.042782 -0.013191
v 0.024100 -0.043312 -0.011144
v 0.024250 -0.043147 -0.012035
v 0.002703 -0.044432 -0.000914
v 0.007263 -0.044501 0.002331
v 0.022362 -0.043197 -0.011711
v 0.023238 -0.042927 -0.012724
v 0.023238 -0.042927 -0.012724
v -0.009612 -0.044420 -0.001155
v 0.021416 -0.043388 -0.010765
v 0.008467 -0.044498 0.005090
v 0.008781 -0.044453 0.006280
v 0.010083 -0.044512 0.006144
v -0.010049 -0.044317 -0.004322
v 0.005791 -0.044456 0.006344
v 0.020411 -0.042656 -0.013442
v 0.020000 -0.043025 -0.012833
v 0.020000 -0.043025 -0.012833
v 0.019171 -0.042944 -0.013000
v 0.019171 -0.042944 -0.013000
v 0.018586 -0.041882 -0.013658
v 0.019873 -0.043149 -0.011800
v -0.013575 -0.044476 0.002003
v 0.018054 -0.042597 -0.013390
v 0.003187 -0.044481 0.004973
v 0.017754 -0.042969 -0.012851
v 0.017754 -0.042969 -0.012851
v 0.019115 -0.043392 -0.010553
v 0.016323 -0.042930 -0.012814
v 0.016323 -0.042930 -0.012814
v 0.032371 -0.043460 -0.010815
v 0.034008 -0.043125 -0.012580
v 0.034008 -0.043125 -0.012580
v 0.032677 -0.027806 0.012911
v 0.034231 -0.028266 0.012823
v 0.031245 -0.027392 0.013108
v 0.003483 -0.044414 0.007750
v 0.033181 -0.043736 -0.008288
v 0.033983 -0.043516 -0.010693
v 0.034761 -0.043754 -0.009193
v 0.034761 -0.043754 -0.009193
v -0.008931 -0.044458 0.001189
v 0.030568 -0.025141 0.013079
v 0.028640 -0.024595 0.013177
v 0.029703 -0.027968 0.013128
v 0.028870 -0.026680 0.013174
v 0.030937 -0.028971 0.013114
v 0.009888 -0.044282 0.008505
v 0.008727 -0.044355 0.007726
v 0.009875 -0.044339 0.007565
v 0.030443 -0.043688 -0.008569
v 0.027962 -0.043532 -0.009762
v 0.028260 -0.043751 -0.008280
v 0.028173 -0.027867 0.013175
v 0.008626 -0.044159 0.009109
v 0.029827 -0.029161 0.013152
v 0.027491 -0.023744 0.013197
v 0.030331 -0.044270 -0.007253
v 0.031827 -0.043811 -0.007985
v 0.031920 -0.044382 -0.007146
v 0.025366 -0.022153 0.013352
v 0.032727 -0.044409 -0.006120
v 0.033228 -0.044066 -0.007521
v 0.026341 -0.023643 0.013292
v 0.011277 -0.044362 0.007369
v 0.030249 -0.044423 -0.004512
v 0.030058 -0.044304 -0.005316
v 0.030980 -0.044390 -0.005015
v 0.025272 -0.024443 0.013378
v 0.029707 -0.044376 -0.004078
v 0.029334 -0.044308 -0.006205
v 0.029078 -0.044509 -0.003953
v 0.027799 -0.044289 -0.005749
v 0.027848 -0.026167 0.013179
v 0.026045 -0.043434 -0.010402
v 0.005069 -0.044340 0.008346
v 0.024479 -0.043558 -0.009124
v 0.026331 -0.043680 -0.008157
v 0.022682 -0.043711 -0.008188
v 0.020438 -0.043657 -0.008207
v 0.026630 -0.027444 0.013252
v 0.024418 -0.043754 -0.008079
v 0.023843 -0.027223 0.013383
v -0.009803 -0.044452 0.004996
v 0.021483 -0.044203 -0.007321
v 0.005539 -0.043573 0.011316
v 0.004309 -0.044088 0.009697
v 0.006578 -0.043680 0.011067
v 0.020585 -0.044288 -0.006077
v 0.022443 -0.044301 -0.004950
v 0.019513 -0.044281 -0.007358
v 0.004835 -0.043234 0.011860
v 0.025136 -0.044468 -0.004793
v 0.026035 -0.044282 -0.005510
v 0.026368 -0.044322 -0.004630
v 0.025394 -0.044298 -0.005992
v 0.025677 -0.044297 -0.004336
v 0.028075 -0.029078 0.013150
v 0.024959 -0.044435 -0.004097
v 0.025640 -0.044292 -0.003455
v 0.024963 -0.044463 -0.002299
v 0.024050 -0.044350 -0.004818
v 0.023722 -0.044372 -0.003243
v 0.023076 -0.044277 -0.003546
v 0.027378 -0.030740 0.013196
v 0.020726 -0.044347 -0.004165
v 0.022254 -0.043593 0.010650
v 0.023952 -0.043813 0.010177
v 0.023497 -0.043494 0.011116
v 0.022209 -0.043877 0.009532
v 0.020449 -0.043814 0.010131
v 0.023113 -0.044310 -0.002392
v 0.020685 -0.043424 0.011593
v 0.024014 -0.044369 -0.002048
v 0.018182 -0.043805 0.010115
v 0.018679 -0.043498 0.011356
v 0.020908 -0.029745 0.013385
v 0.021806 -0.043268 0.011885
v 0.022419 -0.042970 0.012303
v 0.023527 -0.042968 0.012377
v 0.020500 -0.018780 0.013567
v 0.022101 -0.042268 0.012765
v 0.018981 -0.043566 -0.008700
v -0.017108 -0.044420 0.000229
v 0.021618 -0.042647 0.012553
v 0.020655 -0.042347 0.012728
v 0.036436 -0.038099 0.004224
v 0.018097 -0.021564 0.013673
v 0.020425 -0.043016 0.012243
v 0.016073 -0.023753 0.013650
v 0.019219 -0.043144 0.012072
v 0.019476 -0.042408 0.012644
v 0.018563 -0.040854 0.012777
v 0.015332 -0.039936 0.012783
v 0.036313 -0.030941 0.007228
v 0.021388 -0.020071 0.013571
v 0.017392 -0.041698 0.012684
v 0.022672 -0.022640 0.013541
v 0.020654 -0.021088 0.013559
v -0.016633 -0.044447 0.003766
v 0.021369 -0.023373 0.013529
v -0.013144 -0.044425 0.005750
v 0.018129 -0.042496 0.012592
v 0.017413 -0.042890 0.012310
v 0.017768 -0.043435 0.011646
v 0.019451 -0.023516 0.013499
v 0.016449 -0.042563 0.012513
v 0.019846 -0.020775 0.013611
v -0.018908 -0.044485 0.002817
v 0.016024 -0.043201 0.011929
v 0.018920 -0.022496 0.013535
v 0.015430 -0.043576 0.011271
v 0.036400 -0.034420 0.006018
v 0.014220 -0.043523 0.011558
v 0.014359 -0.042197 0.012580
v 0.015038 -0.042663 0.012455
v 0.014582 -0.043040 0.012190
v -0.016373 -0.044366 0.006100
v 0.020149 -0.028061 0.013461
v 0.013135 -0.043562 0.011537
v 0.018893 -0.026568 0.013484
v -0.021183 -0.044420 0.004563
v 0.013261 -0.039202 0.012847
v 0.036348 -0.033560 0.010199
v 0.011622 -0.039959 0.012731
v 0.036209 -0.030197 0.011115
v 0.013477 -0.040896 0.012672
v -0.025321 -0.044483 0.000767
v 0.035850 -0.028661 0.012267
v 0.017701 -0.022863 0.013630
v -0.021298 -0.044485 0.001701
v 0.016562 -0.024887 0.013528
v 0.017869 -0.025228 0.013489
v 0.036448 -0.037042 0.007997
v 0.013569 -0.042607 0.012493
v 0.013294 -0.043220 0.011965
v 0.012450 -0.042752 0.012375
v 0.015140 -0.023742 0.013673
v 0.011915 -0.042155 0.012571
v 0.016266 -0.027163 0.013417
v 0.015482 -0.024701 0.013546
v 0.012123 -0.043693 0.011080
v 0.012157 -0.043433 0.011821
v 0.010962 -0.043400 0.011785
v 0.011642 -0.043044 0.012245
v 0.010435 -0.042109 0.012529
v 0.009072 -0.041250 0.012567
v 0.009695 -0.042484 0.012477
v -0.022939 -0.044492 0.003009
v 0.009130 -0.043567 0.011510
v 0.010349 -0.043651 0.011248
v 0.016806 -0.027906 0.013446
v 0.009921 -0.043103 0.012084
v 0.011037 -0.042777 0.012412
v 0.008741 -0.042845 0.012261
v 0.036426 -0.038161 0.001991
v 0.017413 -0.030487 0.013381
v 0.036382 -0.040016 0.000142
v 0.008273 -0.042371 0.012484
v 0.036414 -0.039560 0.001032
v 0.007108 -0.042767 0.012265
v 0.006839 -0.041718 0.012489
v 0.009903 -0.043806 0.010852
v 0.007534 -0.043633 0.011256
v 0.036382 -0.039174 0.003103
v 0.007392 -0.043253 0.011808
v -0.007147 -0.044466 0.007354
v 0.036427 -0.039798 0.002572
v 0.013389 -0.030078 0.013353
v 0.006128 -0.043100 0.012011
v 0.014031 -0.027247 0.013429
v 0.036366 -0.038814 0.004737
v 0.005943 -0.042645 0.012308
v 0.014087 -0.028615 0.013399
v 0.036431 -0.038223 0.005717
v 0.036409 -0.039840 0.006070
v 0.036463 -0.039754 0.004029
v -0.010641 -0.044390 0.007791
v 0.036408 -0.038884 0.007437
v 0.033858 -0.044409 0.003935
v 0.033704 -0.044410 0.004892
v 0.031881 -0.044322 0.006170
v 0.003469 -0.032669 0.013051
v 0.033871 -0.044319 0.006532
v 0.035818 -0.029565 0.012392
v 0.035363 -0.028546 0.012675
v 0.035116 -0.029753 0.012848
v -0.007331 -0.044304 0.009105
v -0.009291 -0.044340 0.008394
v -0.008768 -0.044110 0.009567
v 0.033305 -0.029229 0.012908
v 0.035937 -0.031160 0.012153
v 0.035314 -0.031038 0.012774
v 0.035572 -0.031773 0.012623
v 0.034339 -0.031372 0.012880
v 0.035895 -0.032553 0.012285
v 0.035048 -0.032465 0.012905
v -0.012084 -0.044277 0.008692
v 0.032034 -0.029294 0.013014
v 0.032705 -0.031270 0.012968
v -0.014631 -0.044337 0.007416
v 0.036266 -0.034649 0.011008
v -0.016872 -0.044177 0.008453
v 0.035879 -0.034008 0.012269
v 0.036196 -0.033257 0.011328
v 0.035381 -0.033109 0.012725
v 0.036007 -0.035821 0.012091
v 0.035557 -0.034541 0.012649
v 0.036400 -0.038211 0.010040
v 0.035824 -0.037235 0.012426
v 0.036293 -0.037950 0.011084
v 0.035459 -0.036018 0.012814
v 0.034850 -0.034865 0.012959
v 0.034288 -0.036669 0.012994
v 0.034884 -0.037035 0.012983
v 0.035631 -0.037961 0.012675
v 0.035912 -0.038527 0.012387
v 0.035000 -0.038287 0.012986
v 0.033875 -0.033230 0.012948
v 0.031778 -0.030786 0.013080
v 0.031680 -0.032260 0.013108
v 0.030656 -0.032091 0.013167
v 0.032983 -0.034236 0.012985
v 0.030003 -0.030881 0.013163
v -0.022481 -0.044237 0.006816
v 0.031657 -0.033414 0.013131
v -0.020230 -0.044095 0.008391
v 0.027791 -0.031978 0.013151
v -0.016148 -0.043955 0.009648
v 0.032985 -0.036603 0.013028
v -0.016466 -0.043726 0.010163
v -0.019015 -0.043877 0.009523
v -0.018654 -0.043620 0.010340
v 0.031617 -0.036141 0.013141
v -0.009594 -0.043777 0.010402
v -0.009997 -0.044154 0.009483
v -0.008764 -0.043696 0.010856
v -0.009120 -0.043374 0.011543
v -0.009812 -0.043599 0.011102
v -0.010214 -0.043013 0.011922
v 0.035920 -0.042294 0.010809
v 0.035828 -0.042653 0.009077
v 0.035913 -0.041706 0.010311
v -0.010829 -0.043726 0.010588
v -0.010839 -0.043572 0.011252
v 0.035200 -0.044240 0.007790
v 0.035200 -0.044240 0.007790
v -0.010497 -0.042371 0.012348
v -0.011573 -0.042837 0.012091
v 0.036449 -0.039596 0.010111
v -0.011995 -0.043491 0.011355
v -0.012658 -0.043134 0.011797
v -0.012942 -0.042713 0.012173
v -0.013059 -0.043743 0.010415
v -0.012837 -0.044001 0.009738
v -0.013190 -0.043547 0.011115
v 0.031386 -0.037815 0.013118
v -0.013753 -0.042210 0.012397
v -0.013884 -0.042915 0.012100
v -0.015246 -0.042063 0.012408
v 0.029632 -0.037749 0.013069
v -0.016401 -0.040394 0.012567
v -0.013894 -0.043551 0.011302
v -0.015160 -0.043663 0.010534
v 0.030830 -0.039600 0.013102
v -0.014521 -0.043505 0.011475
v -0.015317 -0.043359 0.011482
v -0.016301 -0.043486 0.011334
v -0.014967 -0.042847 0.012131
v -0.016160 -0.042630 0.012246
v -0.016455 -0.041949 0.012420
v -0.017182 -0.042858 0.012132
v -0.018363 -0.042491 0.012378
v -0.018700 -0.042855 0.012111
v -0.019488 -0.043449 0.011328
v 0.034955 -0.043194 0.005983
v 0.034265 -0.044125 0.005694
v 0.034265 -0.044125 0.005694
v 0.034797 -0.043214 0.004909
v 0.035388 -0.042566 0.006530
v 0.035129 -0.042574 0.005041
v 0.035960 -0.041720 0.005705
v 0.034756 -0.043881 0.006296
v 0.034136 -0.044122 0.003130
v 0.034136 -0.044122 0.003130
v 0.034698 -0.043435 0.003347
v 0.035967 -0.026958 -0.011740
v 0.034668 -0.044179 0.006644
v 0.034668 -0.044179 0.006644
v 0.035955 -0.028291 -0.010776
v 0.036022 -0.030746 -0.011580
v 0.035893 -0.023182 -0.011881
v 0.036319 -0.040547 0.007662
v 0.036388 -0.040341 0.010457
v 0.036245 -0.040841 0.009267
v 0.035715 -0.042103 0.007317
v 0.035918 -0.041747 0.008221
v 0.035964 -0.042975 0.007673
v 0.035993 -0.041648 0.009120
v 0.036196 -0.041085 0.010669
v 0.035677 -0.043808 0.010902
v 0.036152 -0.041955 0.012123
v 0.035824 -0.043435 0.011169
v 0.035806 -0.043390 0.007169
v 0.035515 -0.043923 0.007192
v 0.035646 -0.043918 0.008344
v 0.035707 -0.043578 0.009325
v 0.035287 -0.044118 0.008771
v 0.035287 -0.044118 0.008771
v 0.035521 -0.043880 0.009569
v 0.035231 -0.044001 0.010039
v 0.035231 -0.044001 0.010039
v 0.035707 -0.043649 0.011586
v 0.035347 -0.043897 0.011176
v 0.035347 -0.043897 0.011176
v 0.035813 -0.043283 0.012142
v 0.035437 -0.043570 0.012177
v 0.035437 -0.043570 0.012177
v 0.036355 -0.039508 0.011348
v 0.036324 -0.040968 0.011639
v 0.036094 -0.035981 -0.011417
v 0.036048 -0.034682 -0.010838
v 0.036137 -0.037456 -0.011584
v 0.036186 -0.041524 0.011763
v 0.035945 -0.041746 0.011229
v 0.031109 -0.044124 0.007559
v 0.030969 -0.043861 0.010083
v 0.036016 -0.039259 -0.012362
v 0.035895 -0.041770 -0.012681
v 0.036103 -0.039906 -0.011940
v 0.035582 -0.042555 -0.013045
v 0.027242 -0.043799 0.010359
v 0.035945 -0.042282 0.012573
v 0.034168 -0.043254 -0.002037
v 0.033432 -0.044368 -0.000920
v 0.033432 -0.044368 -0.000920
v 0.033425 -0.044212 -0.003120
v 0.033425 -0.044212 -0.003120
v 0.033010 -0.044551 -0.000805
v 0.031522 -0.044543 -0.000483
v 0.030765 -0.044401 -0.003385
v 0.030845 -0.044451 0.000205
v 0.033731 -0.044302 0.001081
v 0.033731 -0.044302 0.001081
v 0.028412 -0.044433 -0.002294
v 0.027284 -0.044410 -0.003343
v 0.027942 -0.044444 0.000252
v 0.028479 -0.044537 0.001025
v 0.027858 -0.044402 0.002708
v 0.028081 -0.044380 0.001938
v 0.023865 -0.044490 0.001900
v 0.023780 -0.044408 0.003313
v 0.023660 -0.044437 -0.000328
v 0.022894 -0.044393 0.002332
v 0.027495 -0.044403 0.004057
v 0.028032 -0.044298 0.005316
v 0.035968 -0.041129 -0.010574
v 0.027327 -0.044367 0.005857
v 0.027825 -0.044327 0.006279
v 0.035944 -0.041962 -0.011237
v 0.035871 -0.042532 -0.012446
v 0.027517 -0.044155 0.007251
v 0.036042 -0.041023 -0.008805
v 0.024151 -0.044354 0.004807
v 0.035932 -0.041985 -0.009685
v 0.036050 -0.040624 -0.007274
v 0.023052 -0.044342 0.005181
v 0.024058 -0.044309 0.006266
v 0.035937 -0.041878 -0.006844
v 0.036013 -0.042242 -0.008057
v 0.035377 -0.043446 -0.009591
v 0.035798 -0.042667 -0.007482
v 0.023105 -0.044156 0.007508
v 0.036039 -0.041233 -0.004500
v 0.035829 -0.041748 -0.005505
v 0.035600 -0.042357 -0.006490
v 0.034801 -0.043742 -0.007257
v 0.034801 -0.043742 -0.007257
v 0.035035 -0.043734 -0.007958
v 0.026046 -0.043889 0.009755
v 0.035444 -0.042189 -0.005320
v 0.034626 -0.043072 -0.006314
v 0.034753 -0.042747 -0.005738
v 0.035869 -0.041747 -0.003557
v 0.034723 -0.042465 -0.004404
v 0.014531 -0.044464 0.003571
v 0.036200 -0.040690 -0.002918
v 0.036048 -0.041399 -0.003007
v 0.035777 -0.041702 -0.002385
v 0.034195 -0.043315 -0.004847
v 0.033910 -0.043702 -0.005727
v 0.033910 -0.043702 -0.005727
v 0.034357 -0.042772 -0.003723
v 0.035306 -0.042121 -0.002223
v 0.034437 -0.042476 -0.002332
v 0.034042 -0.043617 -0.003431
v 0.035026 -0.043075 -0.012954
v 0.035026 -0.043075 -0.012954
v -0.016336 -0.043224 -0.012576
v -0.017672 -0.043141 -0.012956
v 0.013587 -0.044484 0.000812
v 0.012560 -0.044576 0.001627
v 0.014283 -0.044529 0.002283
v 0.012986 -0.044520 0.002813
v 0.011173 -0.044496 0.001267
v 0.011917 -0.044528 0.003331
v -0.025212 -0.043861 -0.008679
v 0.024477 -0.042931 -0.012886
v 0.024477 -0.042931 -0.012886
v -0.026291 -0.044451 -0.007974
v 0.013348 -0.044491 0.004727
v -0.020695 -0.044348 -0.007814
v 0.010495 -0.044534 0.004277
v 0.010858 -0.044468 0.005789
v 0.035552 -0.043002 -0.012706
v 0.035552 -0.043002 -0.012706
v 0.035612 -0.042979 -0.010821
v 0.034913 -0.043514 -0.011967
v 0.035158 -0.043555 -0.010492
v 0.035158 -0.043555 -0.010492
v 0.034737 -0.043612 -0.010930
v -0.026523 -0.044420 -0.004058
v -0.027414 -0.044442 -0.006720
v 0.034735 -0.043863 -0.007801
v 0.034735 -0.043863 -0.007801
v 0.029767 -0.043859 -0.007961
v 0.028297 -0.044290 -0.007359
v 0.033877 -0.043876 -0.006936
v 0.034271 -0.043631 -0.006578
v 0.034271 -0.043631 -0.006578
v 0.033316 -0.044206 -0.005427
v 0.030755 -0.044398 -0.006255
v 0.033691 -0.044020 -0.004693
v 0.033691 -0.044020 -0.004693
v 0.025220 -0.044244 -0.007288
v 0.023338 -0.044240 -0.007266
v 0.027476 -0.044303 -0.004444
v 0.014998 -0.044239 -0.005969
v 0.016311 -0.044288 -0.006139
v 0.013177 -0.044281 -0.005580
v 0.011978 -0.044347 -0.005152
v 0.010146 -0.044286 -0.006039
v 0.013556 -0.044334 -0.003555
v 0.036134 -0.041117 0.001830
v 0.036110 -0.041226 -0.001860
v 0.036037 -0.041614 -0.000333
v 0.035521 -0.042094 -0.000126
v 0.034509 -0.042518 -0.000564
v 0.035939 -0.041661 0.000843
v 0.034727 -0.042507 0.001381
v 0.035769 -0.041668 0.002536
v 0.034324 -0.043430 0.000193
v 0.034549 -0.043255 0.001994
v 0.036139 -0.041045 0.003741
v 0.036184 -0.040842 0.005150
v 0.035782 -0.041689 0.004376
v 0.034892 -0.042511 0.002804
v 0.035149 -0.042421 0.003674
v -0.036132 -0.034803 0.007901
v -0.036202 -0.035120 0.006008
v -0.032454 -0.006444 0.014210
v -0.033090 -0.006421 0.013419
v -0.036225 -0.033741 0.005105
v -0.036181 -0.033678 0.008502
v -0.033599 -0.007781 0.012979
v -0.034038 -0.003783 0.011766
v -0.034222 -0.002899 0.011150
v -0.034248 -0.003876 0.011273
v -0.029552 -0.030284 0.013170
v -0.031539 -0.030674 0.013080
v -0.033172 -0.008436 0.013617
v -0.033869 -0.004802 0.012050
v -0.032392 -0.028488 0.013080
v -0.032151 -0.029589 0.013049
v -0.033691 -0.008531 0.013112
v -0.033306 -0.002629 0.013564
v -0.033953 -0.002530 0.012296
v -0.033672 -0.003694 0.012574
v -0.032115 -0.008063 0.014400
v -0.031273 -0.008231 0.014542
v -0.031428 -0.007143 0.014641
v -0.032418 -0.001017 0.014737
v -0.032220 -0.002115 0.014898
v -0.031816 -0.001545 0.014989
v -0.032611 -0.002165 0.014685
v -0.032021 -0.006616 0.014501
v -0.032500 -0.003412 0.014468
v -0.032905 -0.002527 0.014134
v -0.031787 -0.009196 0.014333
v -0.032994 -0.003479 0.013895
v -0.032522 -0.008823 0.014098
v -0.036133 -0.035347 0.009222
v -0.032602 -0.009467 0.014016
v -0.033739 -0.006550 0.012644
v -0.034129 -0.007166 0.012140
v -0.028602 -0.044517 -0.000028
v -0.034424 -0.008893 0.012436
v -0.034427 -0.005361 0.011139
v -0.033041 -0.004822 0.013535
v -0.034616 -0.010096 0.012912
v -0.032373 -0.004671 0.014321
v -0.033655 -0.009698 0.013529
v -0.034911 -0.009890 0.012128
v -0.033487 -0.005665 0.012851
v -0.032657 -0.005427 0.014085
v -0.032275 -0.010363 0.014034
v -0.033271 -0.010527 0.013580
v -0.033640 -0.011536 0.013601
v -0.034268 -0.010738 0.013240
v -0.032837 -0.011317 0.013799
v -0.034115 -0.001640 0.011139
v -0.034150 -0.000201 0.011646
v -0.034141 -0.000586 0.010460
v -0.006852 -0.006936 0.013575
v -0.033414 -0.001126 0.013631
v -0.033776 0.000205 0.012871
v -0.033956 -0.001793 0.012594
v -0.031037 -0.010348 0.014302
v -0.033217 -0.000474 0.014227
v -0.033501 0.000100 0.013813
v -0.035118 -0.011500 0.012266
v -0.034821 -0.011465 0.012859
v -0.009241 -0.007951 0.013707
v -0.034339 -0.012749 0.013565
v -0.032887 -0.001304 0.014364
v -0.034868 -0.012583 0.013057
v -0.034665 -0.013400 0.013342
v -0.027680 -0.044490 0.002446
v -0.035099 -0.013755 0.012695
v -0.035084 -0.012785 0.012279
v -0.034953 -0.014569 0.012972
v -0.035184 -0.015456 0.011964
v -0.016789 0.000510 0.013950
v -0.033076 -0.012436 0.013802
v -0.003725 -0.007271 0.013568
v -0.033986 -0.013650 0.013556
v -0.001887 -0.005834 0.013642
v -0.019285 0.002065 0.014049
v -0.034644 -0.015202 0.013290
v -0.034100 -0.014750 0.013500
v -0.035422 -0.017443 0.012219
v -0.035282 -0.016276 0.011337
v -0.035602 -0.018268 0.010298
v -0.035554 -0.017109 0.009280
v -0.035761 -0.018435 0.008381
v -0.029425 -0.044478 -0.001659
v -0.035698 -0.018990 0.008659
v -0.035700 -0.019480 0.010493
v -0.032559 -0.016261 0.013429
v -0.033511 -0.017288 0.013325
v -0.032530 -0.018139 0.013389
v -0.033473 -0.018641 0.013301
v -0.034911 -0.015878 0.012980
v -0.034455 -0.016637 0.013292
v -0.035097 -0.017014 0.012897
v -0.016124 -0.003042 0.013925
v -0.015168 -0.001886 0.013897
v -0.033771 -0.016162 0.013291
v -0.031596 -0.044489 -0.001769
v -0.031298 -0.044495 -0.003577
v -0.005618 -0.008726 0.013547
v -0.034742 -0.017885 0.013199
v -0.018741 -0.003332 0.014061
v -0.035111 -0.018069 0.012931
v -0.034756 -0.018691 0.013178
v -0.035084 -0.019168 0.012833
v -0.020422 -0.001698 0.014148
v -0.022048 0.002763 0.014215
v -0.033688 -0.019628 0.013212
v -0.034686 -0.019224 0.013059
v -0.031378 -0.044537 -0.000062
v -0.029984 -0.044490 0.001246
v -0.035446 -0.018993 0.012110
v -0.034955 -0.019924 0.013011
v -0.035562 -0.020256 0.012212
v -0.032574 -0.044384 -0.000507
v -0.032659 -0.044243 -0.002035
v -0.033000 -0.044096 -0.001327
v -0.035293 -0.020928 0.012602
v -0.035591 -0.021138 0.012063
v -0.036051 -0.024046 0.006243
v -0.035958 -0.022669 0.007358
v -0.033213 -0.043589 -0.000207
v -0.033514 -0.043300 -0.001171
v -0.032407 -0.044482 0.000640
v -0.036043 -0.026044 0.008830
v -0.032977 -0.044287 0.000445
v -0.031139 -0.044556 0.001411
v -0.035902 -0.022309 0.008991
v -0.035820 -0.019822 0.007489
v -0.035856 -0.020830 0.007125
v -0.022395 -0.000566 0.014292
v -0.029968 -0.044445 0.003153
v -0.022971 -0.003261 0.014323
v -0.035805 -0.021952 0.010682
v -0.022590 -0.001660 0.014289
v -0.004617 -0.010555 0.013544
v -0.031433 -0.044512 0.002914
v -0.032428 -0.044505 0.001936
v -0.035671 -0.022772 0.012184
v -0.035918 -0.023980 0.010224
v -0.027313 -0.021416 0.013832
v -0.028048 -0.019113 0.013917
v -0.028604 -0.021412 0.013706
v -0.030648 -0.019252 0.013563
v -0.023430 -0.000015 0.014322
v -0.030701 -0.021872 0.013468
v -0.031419 -0.018022 0.013469
v -0.030502 -0.017756 0.013662
v -0.024467 -0.002149 0.014450
v -0.031537 -0.020315 0.013403
v -0.024408 0.000045 0.014437
v -0.031116 -0.023718 0.013321
v -0.025268 -0.044379 0.004987
v -0.004450 -0.012699 0.013550
v -0.032744 -0.021011 0.013272
v -0.032768 -0.022661 0.013153
v -0.021786 -0.006579 0.014209
v -0.023541 -0.005851 0.014279
v -0.017665 -0.007215 0.013984
v -0.027794 -0.023571 0.013620
v -0.006879 -0.010243 0.013605
v -0.030504 -0.026231 0.013278
v -0.020054 -0.008300 0.014092
v -0.007739 -0.008423 0.013601
v -0.024754 -0.044076 0.007999
v -0.022777 -0.007739 0.014207
v -0.006679 -0.013552 0.013565
v -0.034575 -0.020849 0.013044
v -0.008862 -0.010286 0.013678
v -0.034832 -0.021664 0.013029
v -0.027763 -0.044263 0.006216
v -0.030668 -0.044281 0.005576
v -0.033351 -0.023845 0.013099
v -0.024933 -0.005211 0.014447
v -0.025812 -0.001815 0.014538
v -0.032559 -0.025629 0.013138
v -0.009746 -0.001933 0.013637
v -0.034739 -0.022924 0.013018
v -0.034863 -0.024833 0.012972
v -0.026496 -0.003563 0.014522
v -0.034846 -0.026022 0.012932
v -0.035560 -0.026018 0.012471
v -0.030033 -0.044032 0.007920
v -0.035109 -0.027427 0.012821
v -0.027109 -0.005903 0.014478
v -0.031522 -0.026880 0.013123
v -0.028243 -0.003535 0.014599
v -0.033177 -0.026531 0.013054
v -0.033620 -0.027799 0.012978
v -0.031420 -0.044360 0.005247
v -0.030779 -0.027879 0.013199
v -0.024738 -0.006904 0.014369
v -0.011097 -0.005107 0.013742
v -0.021744 -0.009494 0.014167
v -0.031804 -0.044185 0.006804
v -0.011796 -0.003336 0.013717
v -0.023013 -0.011066 0.014149
v -0.019688 -0.010640 0.014046
v -0.036264 -0.035274 0.003594
v -0.036221 -0.033855 0.002692
v -0.035147 -0.022314 0.012807
v -0.035284 -0.023579 0.012665
v -0.036260 -0.037320 0.004408
v -0.036192 -0.036216 0.005899
v -0.012983 0.001167 0.013754
v -0.036268 -0.037491 0.002413
v -0.036313 -0.038088 0.001124
v -0.024693 -0.009005 0.014274
v -0.026982 -0.008051 0.014413
v -0.035736 -0.024077 0.012180
v -0.035757 -0.022765 0.011326
v -0.035800 -0.024738 0.011249
v -0.035545 -0.024799 0.012441
v -0.035913 -0.025821 0.010656
v -0.035738 -0.025223 0.012009
v -0.024539 -0.011298 0.014243
v -0.036159 -0.039176 0.004830
v -0.026615 -0.010257 0.014315
v -0.013920 -0.000747 0.013775
v -0.007631 -0.019218 0.013480
v -0.036170 -0.037544 0.008117
v -0.008884 -0.021734 0.013473
v -0.026119 -0.006573 0.014472
v -0.028203 -0.005555 0.014531
v -0.029287 -0.005133 0.014657
v -0.010123 -0.019102 0.013557
v -0.036003 -0.040875 0.005758
v -0.028744 -0.006665 0.014602
v -0.010644 -0.020577 0.013583
v -0.029901 -0.006170 0.014747
v -0.010744 -0.023798 0.013474
v -0.029483 -0.007756 0.014570
v -0.030579 -0.006757 0.014742
v -0.036152 -0.041131 0.000304
v -0.036075 -0.041009 0.003164
v -0.011489 -0.022106 0.013511
v -0.011807 -0.006794 0.013744
v -0.013290 -0.004691 0.013813
v -0.028244 -0.008850 0.014458
v -0.011864 -0.020740 0.013599
v -0.029182 -0.010105 0.014314
v -0.035977 -0.040918 0.007495
v -0.021463 -0.013168 0.014055
v -0.023475 -0.013276 0.014098
v -0.027168 0.001572 0.014537
v -0.028618 -0.000961 0.014623
v -0.013433 -0.022949 0.013580
v -0.029133 0.000447 0.014623
v -0.029675 -0.002411 0.014669
v -0.015880 -0.005961 0.013935
v -0.030419 -0.000899 0.014847
v -0.035839 -0.041668 0.009351
v -0.036039 -0.039224 0.010728
v -0.035923 -0.040327 0.010741
v -0.012859 -0.019440 0.013686
v -0.031076 -0.002135 0.015037
v -0.030326 -0.003221 0.014941
v -0.031553 -0.000473 0.014947
v -0.029513 -0.004081 0.014736
v -0.014812 -0.023811 0.013568
v -0.035629 -0.041931 0.006042
v -0.031030 -0.003413 0.015031
v -0.030407 -0.004396 0.014956
v -0.016462 -0.022271 0.013645
v -0.011809 -0.026378 0.013431
v -0.036244 -0.024811 -0.000770
v -0.030436 -0.005429 0.014909
v -0.012184 -0.027632 0.013369
v -0.031671 -0.004517 0.014978
v -0.031805 -0.003498 0.015030
v -0.014736 -0.026549 0.013479
v -0.013991 -0.027363 0.013447
v -0.036208 -0.025893 0.000803
v -0.036303 -0.027138 -0.001144
v -0.031326 -0.005857 0.014850
v -0.032212 -0.005680 0.014602
v -0.036166 -0.024946 0.002298
v -0.036070 -0.022427 0.003228
v -0.015192 -0.030807 0.013353
v -0.017193 -0.029877 0.013431
v -0.007021 -0.015624 0.013526
v -0.013707 -0.018424 0.013677
v -0.014718 -0.017506 0.013739
v -0.014276 -0.019281 0.013728
v -0.016042 -0.025188 0.013592
v -0.036263 -0.027942 -0.001891
v -0.036242 -0.028724 0.002215
v -0.036327 -0.028483 -0.001920
v -0.015933 -0.017978 0.013741
v -0.017504 -0.024350 0.013654
v -0.036129 -0.024348 0.004370
v -0.017756 -0.021594 0.013697
v -0.018710 -0.023132 0.013737
v -0.006274 -0.016838 0.013500
v -0.036131 -0.026627 0.003924
v -0.036178 -0.028035 0.001850
v -0.036218 -0.027275 0.002594
v -0.018110 -0.016703 0.013874
v -0.016071 -0.015421 0.013805
v -0.008610 -0.013843 0.013657
v -0.009090 -0.015043 0.013638
v -0.019616 -0.018960 0.013820
v -0.017656 -0.026401 0.013565
v -0.008801 -0.016135 0.013555
v -0.015031 -0.016190 0.013783
v -0.008697 -0.017658 0.013581
v -0.017260 -0.019161 0.013763
v -0.018473 -0.025422 0.013593
v -0.017343 -0.028106 0.013476
v -0.019187 -0.024271 0.013698
v -0.036068 -0.026841 0.006823
v -0.036138 -0.027137 0.005342
v -0.020000 -0.025837 0.013622
v -0.019923 -0.024639 0.013723
v -0.036173 -0.027988 0.004372
v -0.021425 -0.022855 0.013783
v -0.021232 -0.024512 0.013741
v -0.011520 -0.011759 0.013734
v -0.012642 -0.010104 0.013805
v -0.036211 -0.029835 0.003612
v -0.013867 -0.031069 0.013268
v -0.010985 -0.015081 0.013665
v -0.036227 -0.029947 0.001705
v -0.011947 -0.013821 0.013699
v -0.012870 -0.012622 0.013793
v -0.020523 -0.021509 0.013806
v -0.036237 -0.030571 0.004006
v -0.020172 -0.015705 0.013929
v -0.021423 -0.016797 0.013959
v -0.022979 -0.016016 0.013992
v -0.014063 -0.034741 0.013083
v -0.015183 -0.034144 0.013183
v -0.036071 -0.027920 0.007319
v -0.036161 -0.028758 0.007154
v -0.023000 -0.017978 0.013946
v -0.024659 -0.014069 0.014115
v -0.036017 -0.027913 0.008816
v -0.036003 -0.027331 0.010558
v -0.018407 -0.028955 0.013501
v -0.011040 -0.016820 0.013645
v -0.025461 -0.017573 0.014022
v -0.036126 -0.028680 0.009011
v -0.036081 -0.029786 0.008142
v -0.036013 -0.028565 0.010339
v -0.036101 -0.030296 0.008948
v -0.018646 -0.030494 0.013381
v -0.012545 -0.014240 0.013775
v -0.036155 -0.029854 0.005120
v -0.013515 -0.015489 0.013780
v -0.020539 -0.028744 0.013519
v -0.036204 -0.031754 0.003316
v -0.036197 -0.031842 0.005966
v -0.018452 -0.032532 0.013298
v -0.020907 -0.030220 0.013436
v -0.011462 -0.018431 0.013626
v -0.012279 -0.017156 0.013722
v -0.017385 -0.031683 0.013328
v -0.013069 -0.017685 0.013703
v -0.036121 -0.031528 0.007762
v -0.036207 -0.032023 0.007265
v -0.036131 -0.032853 0.009225
v -0.036154 -0.032986 0.006907
v -0.022004 -0.023583 0.013813
v -0.016725 -0.035310 0.013072
v -0.023567 -0.022760 0.013842
v -0.022773 -0.024150 0.013715
v -0.035845 -0.027406 0.011333
v -0.024389 -0.018270 0.013962
v -0.035782 -0.026731 0.012011
v -0.035696 -0.028198 0.012222
v -0.036023 -0.029812 0.010685
v -0.013968 -0.010412 0.013837
v -0.025258 -0.020408 0.013900
v -0.035750 -0.029894 0.012074
v -0.018875 -0.034567 0.013147
v -0.035826 -0.030982 0.011822
v -0.018494 -0.038600 0.012861
v -0.018397 -0.035964 0.013061
v -0.033522 -0.030075 0.012963
v -0.031866 -0.031530 0.012985
v -0.034835 -0.029258 0.012907
v -0.034608 -0.028307 0.012926
v -0.035271 -0.028348 0.012740
v -0.022127 -0.031161 0.013386
v -0.020090 -0.032746 0.013257
v -0.035475 -0.029463 0.012508
v -0.025081 -0.021863 0.013874
v -0.017912 -0.012125 0.013963
v -0.035701 -0.032199 0.012344
v -0.035556 -0.030747 0.012393
v -0.033895 -0.032148 0.012891
v -0.032655 -0.032373 0.012961
v -0.034957 -0.030655 0.012843
v -0.020356 -0.033760 0.013153
v -0.035011 -0.032116 0.012862
v -0.021413 -0.032933 0.013280
v -0.027221 -0.018078 0.013986
v -0.022448 -0.032814 0.013262
v -0.021735 -0.025439 0.013680
v -0.024392 -0.024967 0.013709
v -0.020128 -0.035183 0.013122
v -0.036093 -0.031520 0.009632
v -0.023231 -0.026525 0.013609
v -0.024066 -0.023382 0.013780
v -0.036041 -0.032392 0.010500
v -0.021492 -0.034341 0.013157
v -0.025823 -0.023359 0.013772
v -0.021450 -0.035451 0.013087
v -0.022589 -0.035157 0.013142
v -0.026052 -0.024715 0.013702
v -0.024416 -0.033564 0.013200
v -0.035885 -0.032511 0.011297
v -0.036038 -0.031574 0.010844
v -0.034934 -0.033597 0.012816
v -0.035852 -0.033348 0.011818
v -0.035572 -0.034129 0.012401
v -0.035808 -0.035070 0.012124
v -0.036067 -0.035437 0.010961
v -0.035814 -0.036133 0.011967
v -0.025210 -0.027451 0.013571
v -0.034795 -0.043706 -0.009675
v -0.034426 -0.043962 -0.008183
v -0.035066 -0.043120 -0.008124
v -0.034436 -0.043653 -0.007310
v -0.033493 -0.044067 -0.006406
v -0.019571 -0.037477 0.012984
v -0.020671 -0.036952 0.013014
v -0.021925 -0.036398 0.012985
v -0.026251 -0.029681 0.013368
v -0.029455 -0.027631 0.013305
v -0.022360 -0.028648 0.013518
v -0.014545 -0.013930 0.013825
v -0.022514 -0.037665 0.012931
v -0.017800 -0.013424 0.013932
v -0.022757 -0.030695 0.013370
v -0.023160 -0.035566 0.013128
v -0.024200 -0.035242 0.013095
v -0.023793 -0.036415 0.012964
v -0.020738 -0.040413 0.012645
v -0.022881 -0.038613 0.012830
v -0.024021 -0.030134 0.013417
v -0.022729 -0.040400 0.012694
v -0.023776 -0.039370 0.012757
v -0.023931 -0.031175 0.013282
v -0.024879 -0.036419 0.013017
v -0.025287 -0.037472 0.012914
v -0.025535 -0.030651 0.013315
v -0.035216 -0.010420 0.006054
v -0.025344 -0.029288 0.013452
v -0.035480 -0.012782 0.005009
v -0.025989 -0.039060 0.012775
v -0.023251 -0.043815 0.009400
v -0.025032 -0.032055 0.013262
v -0.035345 -0.012575 0.007576
v -0.020118 -0.043580 0.010220
v -0.025038 -0.033268 0.013233
v -0.020749 -0.043860 0.009506
v -0.021609 -0.043534 0.010333
v -0.021122 -0.043367 0.011430
v -0.035474 -0.014147 0.007176
v -0.022781 -0.043419 0.011204
v -0.023387 -0.043558 0.010150
v -0.023151 -0.042922 0.012067
v -0.023965 -0.043327 0.011305
v -0.034727 -0.004237 0.006408
v -0.034616 -0.003685 0.007401
v -0.034527 -0.002298 0.006776
v -0.034610 -0.004089 0.006882
v -0.034722 -0.004283 0.007322
v -0.023296 -0.041342 0.012551
v -0.024808 -0.040877 0.012662
v -0.034815 -0.005760 0.006732
v -0.034871 -0.006578 0.005889
v -0.028574 -0.031386 0.013188
v -0.034514 -0.004211 0.008375
v -0.034662 -0.004813 0.007997
v -0.034488 -0.003042 0.008440
v -0.034567 -0.004532 0.009293
v -0.025724 -0.043472 0.010210
v -0.032765 0.013516 0.013513
v -0.024140 -0.043097 0.011793
v -0.034696 -0.006729 0.008868
v -0.025479 -0.043297 0.011446
v -0.034917 -0.007888 0.007708
v -0.034837 -0.008662 0.009082
v -0.024886 -0.042840 0.012141
v -0.025698 -0.042649 0.012300
v -0.035161 0.014553 0.012837
v -0.034493 0.014239 0.013286
v -0.025149 -0.041939 0.012546
v -0.026207 -0.041340 0.012542
v -0.035110 -0.007469 0.004919
v -0.018818 0.003863 0.013983
v -0.026623 -0.042168 0.012472
v -0.027125 -0.042971 0.011966
v -0.026785 -0.042682 0.012273
v -0.027482 -0.042246 0.012478
v -0.034940 0.013415 0.013099
v -0.035350 0.013523 0.012711
v -0.034429 0.011879 0.013310
v -0.018086 -0.041275 0.012543
v -0.034605 -0.005759 0.009860
v -0.035280 0.012482 0.012985
v -0.035402 0.011919 0.012767
v -0.034947 0.011382 0.013063
v -0.034431 -0.003824 0.010546
v -0.035670 0.012663 0.012382
v -0.034380 -0.006301 0.011252
v -0.019376 -0.039478 0.012737
v -0.023181 0.006119 0.014185
v -0.034821 -0.007974 0.009160
v -0.031060 0.011528 0.013760
v -0.029926 0.012516 0.013905
v -0.034697 -0.008046 0.010638
v -0.032349 0.011469 0.013612
v -0.034927 -0.009467 0.010500
v -0.034041 -0.006259 0.011812
v -0.019843 -0.042360 0.012425
v -0.020243 0.005346 0.014043
v -0.034467 -0.006925 0.011427
v -0.032131 0.009270 0.013713
v -0.034444 0.010878 0.013345
v -0.034319 0.009754 0.013441
v -0.034501 -0.007718 0.011975
v -0.022560 0.004543 0.014201
v -0.034703 -0.008180 0.011656
v -0.021248 -0.042495 0.012402
v -0.020671 0.003944 0.014133
v -0.035040 -0.010037 0.008559
v -0.035552 0.011898 0.012099
v -0.035404 0.010700 0.012517
v -0.034982 0.010443 0.013051
v -0.020272 -0.042914 0.012106
v -0.034845 0.009170 0.013107
v -0.035315 0.009370 0.012312
v -0.034979 0.008386 0.012791
v -0.034296 0.009040 0.013506
v -0.024450 0.001279 0.014393
v -0.035096 -0.011862 0.011346
v -0.033857 0.007674 0.013726
v -0.034543 0.008228 0.013392
v -0.025825 0.004132 0.014444
v -0.021966 -0.042865 0.012132
v -0.035715 -0.014952 0.002532
v -0.034673 0.007465 0.013242
v -0.034930 0.006947 0.012578
v -0.022471 -0.042013 0.012499
v -0.022851 -0.042633 0.012343
v -0.034278 0.006623 0.013700
v -0.034801 0.006218 0.012982
v -0.034355 0.005055 0.013495
v -0.033549 0.006584 0.013920
v -0.034097 0.005365 0.013748
v -0.025410 0.002858 0.014476
v -0.024001 -0.042061 0.012491
v -0.023855 -0.042584 0.012308
v -0.036275 -0.029183 -0.001515
v -0.024523 -0.042400 0.012476
v -0.025260 0.001413 0.014471
v -0.036319 -0.031507 -0.004971
v -0.035599 -0.015160 0.006373
v -0.025969 -0.035315 0.013053
v -0.025478 -0.034590 0.013083
v -0.026060 -0.033747 0.013163
v -0.036357 -0.030580 -0.001880
v -0.035779 -0.016200 0.003922
v -0.029035 -0.032835 0.013081
v -0.028154 0.009716 0.014248
v -0.027254 -0.034800 0.013025
v -0.028609 -0.035290 0.012987
v -0.036343 -0.032061 -0.002185
v -0.030756 -0.034956 0.012931
v -0.036297 -0.031728 -0.000193
v -0.030115 0.008916 0.014072
v -0.035955 -0.019545 0.002356
v -0.036063 -0.021150 0.002089
v -0.029783 0.007564 0.014211
v -0.032444 0.007268 0.013913
v -0.027258 -0.037679 0.012897
v -0.036303 -0.033142 -0.000191
v -0.036309 -0.032539 0.001776
v -0.035788 -0.017164 0.001551
v -0.024660 0.007914 0.014252
v -0.035924 -0.018360 0.003037
v -0.030439 -0.031728 0.013039
v -0.035790 -0.019023 0.006090
v -0.026659 0.009097 0.014356
v -0.036278 -0.032525 0.004156
v -0.035585 -0.016184 0.008011
v -0.035425 -0.014874 0.008636
v -0.031133 -0.044468 -0.007973
v -0.030968 -0.043988 -0.008636
v -0.029225 -0.043937 -0.008680
v -0.032206 -0.044408 -0.007948
v -0.030244 -0.033240 0.013030
v -0.029573 -0.044379 -0.008031
v -0.027192 0.006460 0.014451
v -0.029566 -0.044477 -0.007467
v -0.032435 -0.043956 -0.008678
v -0.032305 -0.033523 0.012920
v -0.028182 0.007023 0.014406
v -0.028048 0.007983 0.014396
v -0.035266 -0.013897 0.010330
v -0.035631 -0.017240 0.007155
v -0.035446 -0.015883 0.010350
v -0.035847 -0.018407 0.005301
v -0.033931 -0.033132 0.012843
v -0.031558 -0.036428 0.012843
v -0.029288 -0.037403 0.012832
v -0.029383 -0.044423 -0.003988
v -0.027904 -0.039943 0.012675
v -0.029237 -0.038287 0.012759
v -0.030286 -0.044453 -0.005485
v -0.031668 -0.044466 -0.004907
v -0.032462 -0.044314 -0.003501
v -0.033214 -0.044082 -0.004270
v -0.032169 -0.044476 -0.005823
v -0.033393 -0.043944 -0.005448
v -0.033851 -0.043490 -0.005145
v -0.030004 -0.038715 0.012777
v -0.033129 -0.044090 -0.003039
v -0.031938 -0.037620 0.012804
v -0.029519 -0.040769 0.012555
v -0.029109 0.005896 0.014462
v -0.029008 0.004404 0.014546
v -0.028818 -0.042141 0.012475
v -0.033605 -0.043603 -0.003900
v -0.030346 -0.039920 0.012671
v -0.036343 -0.036591 -0.006507
v -0.036373 -0.035601 -0.003922
v -0.031670 -0.041186 0.012617
v -0.032507 -0.034400 0.012909
v -0.032636 -0.035401 0.012830
v -0.036311 -0.038154 -0.003025
v -0.033257 -0.036147 0.012808
v -0.033740 -0.034129 0.012837
v -0.026693 -0.014643 0.014111
v -0.028215 -0.014359 0.014086
v -0.034537 -0.035228 0.012798
v -0.028314 -0.011513 0.014237
v -0.036361 -0.034371 -0.004596
v -0.030956 0.004420 0.014450
v -0.030841 0.003152 0.014547
v -0.029390 0.002370 0.014587
v -0.036368 -0.033578 -0.002460
v -0.030793 -0.011356 0.014125
v -0.033534 -0.038096 0.012727
v -0.034821 -0.035892 0.012821
v -0.035264 -0.035248 0.012673
v -0.036308 -0.034669 -0.002779
v -0.034350 -0.036672 0.012791
v -0.030497 0.005466 0.014375
v -0.034945 -0.037751 0.012756
v -0.034947 -0.036856 0.012850
v -0.035422 -0.036343 0.012526
v -0.035339 -0.037587 0.012617
v -0.031226 -0.013286 0.013881
v -0.033016 -0.040061 0.012684
v -0.029701 -0.013776 0.013966
v -0.032157 0.004204 0.014434
v -0.036302 -0.041160 -0.005225
v -0.031727 -0.011628 0.014045
v -0.032254 0.005581 0.014150
v -0.033321 0.005635 0.014040
v -0.032542 -0.013172 0.013816
v -0.036385 -0.041355 -0.007286
v -0.031257 -0.015940 0.013629
v -0.028999 -0.015696 0.013972
v -0.033023 0.004703 0.014234
v -0.033548 0.004267 0.014184
v -0.028928 -0.043724 0.009436
v -0.031753 -0.014662 0.013670
v -0.028044 -0.043948 0.008414
v -0.034408 0.004905 0.009015
v -0.034476 0.004243 0.008354
v -0.033210 -0.014578 0.013491
v -0.034351 0.003352 0.008510
v -0.034379 0.002027 0.008205
v -0.034449 0.001495 0.007686
v -0.036300 -0.035364 -0.000018
v -0.034261 0.003840 0.010086
v -0.034377 0.001610 0.009468
v -0.034456 0.005595 0.011339
v -0.034633 0.006817 0.010577
v -0.034336 0.004734 0.010848
v -0.031339 -0.017001 0.013547
v -0.034505 0.004725 0.012343
v -0.034758 0.005763 0.012330
v -0.034188 0.004475 0.011728
v -0.034092 0.003508 0.011717
v -0.027026 -0.043262 0.011350
v -0.027085 -0.043543 0.010014
v -0.028445 -0.043494 0.010131
v -0.034192 0.003857 0.012263
v -0.028323 -0.043349 0.011357
v -0.034131 -0.015457 0.013393
v -0.034205 0.002440 0.010692
v -0.034097 0.002208 0.011434
v -0.033910 0.002663 0.012241
v -0.034179 0.001183 0.011292
v -0.034134 0.001352 0.010459
v -0.028203 -0.042566 0.012345
v -0.028623 -0.043090 0.011939
v -0.034481 -0.001148 0.007543
v -0.034446 -0.000066 0.007505
v -0.034488 -0.002176 0.008997
v -0.034374 -0.000267 0.009285
v -0.031162 -0.043711 0.009231
v -0.034595 -0.002011 0.007514
v -0.033676 -0.043272 0.011472
v -0.033680 -0.043452 0.010692
v -0.032243 -0.043289 0.011468
v -0.029568 -0.043451 0.010171
v -0.029853 -0.043164 0.011653
v -0.029811 -0.041960 0.012525
v -0.029891 -0.042688 0.012284
v -0.034464 -0.003155 0.009368
v -0.031541 -0.042186 0.012581
v -0.031347 -0.042946 0.012091
v -0.032852 -0.042114 0.012629
v -0.028410 -0.016492 0.014000
v -0.030818 -0.043334 0.011186
v -0.031084 -0.043470 0.010039
v -0.036212 -0.041142 -0.002587
v -0.027503 -0.017040 0.013993
v -0.032547 -0.042961 0.012057
v -0.030901 0.001881 0.014660
v -0.033771 -0.042578 0.012504
v -0.032593 -0.042511 0.012466
v -0.034964 -0.043031 0.012218
v -0.030920 0.000721 0.014719
v -0.028432 -0.017942 0.013918
v -0.029862 -0.000131 0.014717
v -0.035083 -0.039011 0.012698
v -0.035938 -0.038321 0.011911
v -0.031778 0.000815 0.014831
v -0.035695 -0.039227 0.012352
v -0.035816 -0.039922 0.011917
v -0.035459 -0.039876 0.012514
v -0.033950 0.004345 0.013898
v -0.035751 -0.040803 0.012114
v -0.033019 0.003313 0.014447
v -0.034282 0.003942 0.013166
v -0.033723 0.003065 0.013923
v -0.033176 0.001988 0.014415
v -0.033984 0.001362 0.012150
v -0.033897 0.002769 0.012826
v -0.033733 -0.041745 0.012696
v -0.034043 -0.040469 0.012674
v -0.033775 0.001153 0.013257
v -0.035146 -0.040726 0.012684
v -0.033537 0.001276 0.013859
v -0.031882 0.002789 0.014618
v -0.034566 -0.042134 0.012785
v -0.035348 -0.041894 0.012785
v -0.035000 -0.042625 0.012630
v -0.032525 0.002174 0.014644
v -0.035613 -0.041490 0.012529
v -0.032394 0.001082 0.014757
v -0.034450 -0.043976 0.008108
v -0.033131 -0.044044 0.007350
v -0.033321 -0.043840 0.008629
v -0.032990 -0.043682 0.009578
v -0.032679 -0.043930 0.008713
v -0.033053 0.000548 0.014375
v -0.032446 0.000096 0.014751
v -0.034884 -0.043618 0.010024
v -0.035145 -0.043679 0.009109
v -0.035030 -0.034279 0.012846
v -0.032172 -0.044434 0.003679
v -0.033114 -0.044315 0.004740
v -0.035918 -0.041686 0.001806
v -0.035486 -0.042272 0.000368
v -0.035486 -0.042272 0.000368
v -0.035367 -0.042249 0.002911
v -0.035367 -0.042249 0.002911
v -0.035864 -0.041694 0.003662
v -0.033572 -0.043248 0.000505
v -0.033237 -0.043597 0.000853
v -0.034546 -0.042732 0.001596
v -0.033623 -0.043232 0.002133
v -0.035912 -0.041873 -0.000973
v -0.033178 -0.043601 0.001824
v -0.034221 -0.043019 0.003261
v -0.034675 -0.042596 0.002937
v -0.033558 -0.043477 0.003383
v -0.034675 -0.042617 0.004474
v -0.035416 -0.042188 0.005261
v -0.035416 -0.042188 0.005261
v -0.033064 -0.044272 0.001718
v -0.033243 -0.044139 0.002802
v -0.033075 -0.044303 0.002950
v -0.036102 -0.037069 0.010667
v -0.035874 -0.041369 0.010876
v -0.033274 -0.044194 0.003740
v -0.033461 -0.044008 0.004371
v -0.033713 -0.043546 0.004610
v -0.033625 -0.044197 0.005011
v -0.033973 -0.043990 0.005611
v -0.033600 -0.044218 0.005457
v -0.034778 -0.042834 0.006076
v -0.034478 -0.043839 0.006229
v -0.035235 -0.042523 0.006377
v -0.035235 -0.042523 0.006377
v -0.033949 -0.044125 0.006216
v -0.035056 -0.043676 0.006759
v -0.034709 -0.043923 0.006748
v -0.035431 -0.042743 0.007215
v -0.035431 -0.042743 0.007215
v -0.035278 -0.043394 0.007414
v -0.035329 -0.043533 0.008491
v -0.034969 -0.043868 0.008088
v -0.035460 -0.042656 0.008929
v -0.035460 -0.042656 0.008929
v -0.035671 0.013075 0.012031
v -0.035431 0.010217 0.011839
v -0.035530 0.010869 0.012048
v -0.034523 -0.007168 0.010618
v -0.034869 0.007985 0.011137
v -0.035074 0.007957 0.012008
v -0.036102 -0.033744 0.010581
v -0.035794 -0.017087 0.003136
v -0.032691 -0.043843 -0.009159
v -0.034230 -0.043885 -0.009974
v -0.028116 -0.043810 -0.009054
v -0.035675 -0.042769 -0.009106
v -0.035675 -0.042769 -0.009106
v -0.036250 -0.041953 -0.008185
v -0.035612 -0.042641 -0.007526
v -0.035612 -0.042641 -0.007526
v -0.030159 -0.043806 -0.009303
v -0.033448 -0.044031 -0.008074
v -0.034693 -0.043139 -0.006413
v -0.027810 -0.044413 -0.008066
v -0.036030 -0.042215 -0.006931
v -0.035862 -0.042294 -0.005779
v -0.035862 -0.042294 -0.005779
v -0.034383 0.005700 0.009991
v -0.034561 0.004748 0.012857
v -0.034349 -0.001473 0.010024
v -0.035107 -0.013678 0.011281
v -0.034447 -0.042943 -0.003533
v -0.036134 -0.041972 -0.006217
v -0.035879 -0.042254 -0.004443
v -0.035879 -0.042254 -0.004443
v -0.035393 -0.018361 0.011192
v -0.035532 -0.019435 0.011281
v -0.036045 -0.041954 -0.003399
v -0.035572 -0.042316 -0.001926
v -0.035572 -0.042316 -0.001926
v -0.035581 -0.020859 0.011162
v -0.035823 -0.042285 0.011607
v -0.035845 -0.041690 0.012089
v -0.035719 -0.042495 0.012135
v -0.035329 -0.042779 0.012423
v -0.035528 -0.043086 0.010670
v -0.035528 -0.043086 0.010670
v -0.035396 -0.043407 0.009563
v -0.035295 -0.043463 0.010167
v -0.035059 -0.043384 0.011467
v -0.035362 -0.043253 0.011505
v -0.035362 -0.043253 0.011505
vt 0.634686 0.376118
vt 0.631306 0.370107
vt 0.633570 0.369301
vt 0.634599 0.409950
vt 0.641434 0.407385
vt 0.634372 0.416702
vt 0.636420 0.372622
vt 0.635528 0.367479
vt 0.633632 0.542721
vt 0.633595 0.549578
vt 0.631483 0.546556
vt 0.636315 0.547867
vt 0.636556 0.539333
vt 0.552535 0.509686
vt 0.569852 0.492088
vt 0.638950 0.418063
vt 0.628464 0.542548
vt 0.629290 0.551397
vt 0.643615 0.416032
vt 0.640016 0.377649
vt 0.633707 0.536356
vt 0.634611 0.531027
vt 0.641935 0.366896
vt 0.647273 0.366072
vt 0.641653 0.532976
vt 0.640770 0.354648
vt 0.635485 0.360386
vt 0.630396 0.417032
vt 0.632704 0.412031
vt 0.630081 0.353915
vt 0.633424 0.355785
vt 0.631419 0.360671
vt 0.628635 0.529760
vt 0.631181 0.534071
vt 0.633513 0.406097
vt 0.629483 0.408755
vt 0.632704 0.526164
vt 0.631514 0.402520
vt 0.634126 0.524585
vt 0.634313 0.397292
vt 0.635763 0.350863
vt 0.637281 0.404127
vt 0.644507 0.358120
vt 0.629225 0.518603
vt 0.623480 0.520909
vt 0.632950 0.516565
vt 0.632755 0.389761
vt 0.635713 0.387020
vt 0.636294 0.520034
vt 0.634591 0.509577
vt 0.641501 0.513661
vt 0.633910 0.382858
vt 0.650284 0.415259
vt 0.632071 0.509109
vt 0.644051 0.398064
vt 0.642748 0.347824
vt 0.641984 0.525849
vt 0.540519 0.503999
vt 0.641133 0.519921
vt 0.653514 0.358874
vt 0.639654 0.392768
vt 0.541254 0.531736
vt 0.628694 0.361840
vt 0.618912 0.360274
vt 0.646885 0.518533
vt 0.633542 0.345060
vt 0.631605 0.349330
vt 0.635491 0.338228
vt 0.630118 0.392420
vt 0.628691 0.401424
vt 0.641308 0.505012
vt 0.652060 0.371490
vt 0.634393 0.500701
vt 0.551182 0.474663
vt 0.659377 0.364632
vt 0.671204 0.404760
vt 0.647654 0.508248
vt 0.667036 0.371955
vt 0.540506 0.481966
vt 0.637352 0.496019
vt 0.650728 0.346747
vt 0.643401 0.495911
vt 0.652479 0.387963
vt 0.648504 0.492958
vt 0.651481 0.500095
vt 0.632180 0.339279
vt 0.629694 0.343833
vt 0.630532 0.334440
vt 0.633513 0.332904
vt 0.638640 0.338422
vt 0.626833 0.334517
vt 0.649297 0.431989
vt 0.660225 0.439671
vt 0.642591 0.441221
vt 0.491293 0.700401
vt 0.490654 0.706150
vt 0.641323 0.573949
vt 0.484110 0.704043
vt 0.636694 0.330861
vt 0.644087 0.328915
vt 0.634565 0.328092
vt 0.641567 0.563802
vt 0.639330 0.571365
vt 0.635418 0.566698
vt 0.632757 0.324863
vt 0.649305 0.339805
vt 0.670803 0.454147
vt 0.655889 0.455758
vt 0.635628 0.321639
vt 0.633626 0.565144
vt 0.635928 0.559844
vt 0.641572 0.325422
vt 0.665154 0.426711
vt 0.639200 0.558007
vt 0.624935 0.345002
vt 0.487441 0.707416
vt 0.644579 0.572390
vt 0.648867 0.567586
vt 0.648806 0.570793
vt 0.634324 0.318688
vt 0.632394 0.316390
vt 0.628053 0.324078
vt 0.644752 0.558267
vt 0.628975 0.315402
vt 0.684906 0.449953
vt 0.678088 0.463461
vt 0.661441 0.559961
vt 0.634677 0.312520
vt 0.637393 0.303609
vt 0.637790 0.316097
vt 0.650712 0.555801
vt 0.632677 0.310725
vt 0.663243 0.338755
vt 0.629353 0.308639
vt 0.667301 0.348941
vt 0.634456 0.304956
vt 0.632245 0.302514
vt 0.658102 0.554575
vt 0.655223 0.571461
vt 0.651887 0.572979
vt 0.480219 0.706419
vt 0.659676 0.566296
vt 0.480154 0.701819
vt 0.665772 0.360154
vt 0.642181 0.312579
vt 0.634699 0.296820
vt 0.660514 0.571873
vt 0.663742 0.570896
vt 0.667657 0.565490
vt 0.642792 0.298089
vt 0.637461 0.291411
vt 0.664666 0.556055
vt 0.688481 0.369629
vt 0.690276 0.433251
vt 0.648543 0.308569
vt 0.671111 0.571612
vt 0.461035 0.706615
vt 0.676761 0.571013
vt 0.651096 0.297753
vt 0.676741 0.564482
vt 0.496456 0.695759
vt 0.490780 0.691967
vt 0.480244 0.689005
vt 0.628846 0.296785
vt 0.624541 0.301201
vt 0.634332 0.289416
vt 0.632350 0.293801
vt 0.628938 0.286091
vt 0.633285 0.284605
vt 0.672524 0.419442
vt 0.636656 0.283779
vt 0.693072 0.346650
vt 0.634601 0.280497
vt 0.636741 0.275706
vt 0.638831 0.281993
vt 0.629464 0.281235
vt 0.471381 0.680823
vt 0.482328 0.674760
vt 0.635024 0.552402
vt 0.631464 0.555369
vt 0.643583 0.274725
vt 0.638487 0.552123
vt 0.635481 0.270411
vt 0.633203 0.273575
vt 0.637710 0.268532
vt 0.632912 0.263096
vt 0.635936 0.263611
vt 0.599347 0.354019
vt 0.604013 0.368643
vt 0.641803 0.266306
vt 0.640488 0.542126
vt 0.644744 0.543698
vt 0.647909 0.551146
vt 0.693911 0.420347
vt 0.616703 0.337979
vt 0.642930 0.292913
vt 0.621678 0.548695
vt 0.647003 0.292882
vt 0.647268 0.286068
vt 0.664055 0.293082
vt 0.670077 0.306674
vt 0.474565 0.690951
vt 0.466273 0.696106
vt 0.467594 0.688366
vt 0.459954 0.690461
vt 0.641644 0.431475
vt 0.657744 0.289926
vt 0.459743 0.696318
vt 0.457922 0.701523
vt 0.455666 0.694157
vt 0.452710 0.702491
vt 0.446948 0.698161
vt 0.449170 0.691184
vt 0.658085 0.283474
vt 0.665247 0.287163
vt 0.441968 0.693325
vt 0.680519 0.284006
vt 0.438116 0.699306
vt 0.438913 0.687438
vt 0.461718 0.682859
vt 0.642644 0.286874
vt 0.686523 0.359752
vt 0.453225 0.678566
vt 0.452966 0.685843
vt 0.444100 0.675727
vt 0.655185 0.318399
vt 0.650959 0.269054
vt 0.458281 0.673581
vt 0.659969 0.495096
vt 0.677073 0.318804
vt 0.450131 0.672919
vt 0.427573 0.666434
vt 0.423627 0.667345
vt 0.423328 0.659416
vt 0.654963 0.547897
vt 0.659382 0.542332
vt 0.664007 0.548218
vt 0.671275 0.559007
vt 0.667874 0.492098
vt 0.656058 0.486744
vt 0.678189 0.493649
vt 0.690698 0.493954
vt 0.674351 0.552316
vt 0.678274 0.559099
vt 0.701597 0.504948
vt 0.663598 0.486368
vt 0.683807 0.559337
vt 0.677629 0.487086
vt 0.671642 0.543195
vt 0.677296 0.548514
vt 0.678024 0.543163
vt 0.680850 0.481842
vt 0.663961 0.480142
vt 0.697223 0.334835
vt 0.680288 0.549324
vt 0.692093 0.536715
vt 0.592250 0.413018
vt 0.608387 0.427262
vt 0.593084 0.434278
vt 0.589893 0.455868
vt 0.608279 0.460228
vt 0.594600 0.478198
vt 0.710435 0.538899
vt 0.650671 0.544021
vt 0.649707 0.533590
vt 0.658344 0.536347
vt 0.685294 0.297289
vt 0.721809 0.516308
vt 0.575502 0.443286
vt 0.705078 0.494411
vt 0.666458 0.537983
vt 0.583093 0.477867
vt 0.687212 0.471967
vt 0.663909 0.527383
vt 0.689232 0.487804
vt 0.564809 0.455814
vt 0.704189 0.319567
vt 0.701213 0.481300
vt 0.700788 0.487125
vt 0.690419 0.301514
vt 0.694386 0.464283
vt 0.675020 0.531728
vt 0.615510 0.443116
vt 0.726233 0.495529
vt 0.711807 0.490909
vt 0.666506 0.297914
vt 0.718710 0.481001
vt 0.670470 0.294067
vt 0.683070 0.294273
vt 0.681277 0.287795
vt 0.680253 0.535767
vt 0.728081 0.487376
vt 0.717626 0.539241
vt 0.721975 0.533858
vt 0.722114 0.539838
vt 0.695841 0.545503
vt 0.742624 0.550146
vt 0.740094 0.544921
vt 0.722360 0.545665
vt 0.712796 0.338182
vt 0.727489 0.541332
vt 0.730003 0.547800
vt 0.545046 0.458643
vt 0.698485 0.564357
vt 0.693920 0.570943
vt 0.687979 0.571370
vt 0.695835 0.574163
vt 0.436426 0.703254
vt 0.701703 0.568452
vt 0.703022 0.572029
vt 0.743737 0.534967
vt 0.714144 0.349396
vt 0.709427 0.561084
vt 0.705220 0.557097
vt 0.682244 0.570471
vt 0.579935 0.422530
vt 0.687297 0.564939
vt 0.689149 0.557485
vt 0.445334 0.704139
vt 0.686891 0.573611
vt 0.751461 0.516163
vt 0.746343 0.544001
vt 0.753040 0.540079
vt 0.695952 0.559771
vt 0.694209 0.553539
vt 0.719454 0.296207
vt 0.570896 0.422599
vt 0.706851 0.574558
vt 0.425459 0.702692
vt 0.710864 0.571512
vt 0.712308 0.564578
vt 0.716929 0.570697
vt 0.723786 0.564288
vt 0.724514 0.570338
vt 0.708054 0.294365
vt 0.418526 0.703743
vt 0.713711 0.572998
vt 0.412985 0.702815
vt 0.719275 0.574004
vt 0.721995 0.572176
vt 0.732071 0.338399
vt 0.431740 0.690016
vt 0.429910 0.698486
vt 0.422861 0.697465
vt 0.611230 0.409585
vt 0.618757 0.419134
vt 0.733043 0.305018
vt 0.417458 0.692201
vt 0.719074 0.418971
vt 0.711107 0.440447
vt 0.417735 0.698959
vt 0.413225 0.699535
vt 0.701824 0.550964
vt 0.710081 0.554576
vt 0.722928 0.369517
vt 0.688050 0.396282
vt 0.712311 0.545518
vt 0.716411 0.550234
vt 0.631183 0.384204
vt 0.632811 0.379705
vt 0.629077 0.377651
vt 0.746995 0.405142
vt 0.612967 0.379998
vt 0.620318 0.386481
vt 0.738997 0.438189
vt 0.714317 0.558667
vt 0.735749 0.487988
vt 0.745876 0.493709
vt 0.595886 0.382957
vt 0.731591 0.569028
vt 0.731080 0.572256
vt 0.401130 0.703941
vt 0.733503 0.559825
vt 0.730356 0.556137
vt 0.770739 0.419545
vt 0.761649 0.437615
vt 0.737982 0.565584
vt 0.724617 0.551160
vt 0.572031 0.398829
vt 0.739230 0.556094
vt 0.579972 0.391295
vt 0.713638 0.467805
vt 0.432449 0.679413
vt 0.422432 0.677319
vt 0.420196 0.683052
vt 0.411984 0.678792
vt 0.728092 0.472164
vt 0.582295 0.360169
vt 0.516088 0.560038
vt 0.512107 0.562366
vt 0.510087 0.557152
vt 0.486914 0.605196
vt 0.487352 0.611816
vt 0.482932 0.609529
vt 0.481164 0.600556
vt 0.485214 0.598798
vt 0.489963 0.600059
vt 0.474810 0.594590
vt 0.475466 0.600552
vt 0.484397 0.592162
vt 0.729932 0.455538
vt 0.478616 0.585127
vt 0.476984 0.590532
vt 0.485472 0.586424
vt 0.480488 0.577674
vt 0.486068 0.572693
vt 0.489422 0.576024
vt 0.481744 0.572959
vt 0.471778 0.589574
vt 0.473518 0.575996
vt 0.473826 0.571561
vt 0.475547 0.580403
vt 0.740634 0.486278
vt 0.734519 0.481442
vt 0.627517 0.510653
vt 0.751286 0.486356
vt 0.607931 0.519633
vt 0.619057 0.527068
vt 0.614458 0.536271
vt 0.608918 0.537401
vt 0.611926 0.496557
vt 0.619864 0.503982
vt 0.605618 0.515941
vt 0.666462 0.473504
vt 0.631819 0.493947
vt 0.634373 0.490687
vt 0.740910 0.472473
vt 0.632214 0.487961
vt 0.635884 0.485174
vt 0.638844 0.490168
vt 0.628514 0.489153
vt 0.633845 0.482386
vt 0.762753 0.478742
vt 0.761162 0.492911
vt 0.595988 0.521781
vt 0.766884 0.496405
vt 0.701047 0.455321
vt 0.773752 0.448446
vt 0.758560 0.453572
vt 0.755318 0.490160
vt 0.578307 0.520902
vt 0.599102 0.495632
vt 0.760341 0.487053
vt 0.705026 0.449324
vt 0.577116 0.506471
vt 0.764110 0.489744
vt 0.768004 0.488169
vt 0.607190 0.475374
vt 0.603792 0.482911
vt 0.717115 0.453665
vt 0.787524 0.406965
vt 0.724108 0.448543
vt 0.799874 0.445990
vt 0.806828 0.423026
vt 0.796337 0.417622
vt 0.775456 0.487865
vt 0.787264 0.478603
vt 0.773316 0.383184
vt 0.763387 0.366473
vt 0.740687 0.351396
vt 0.808197 0.454829
vt 0.633400 0.447340
vt 0.631186 0.439527
vt 0.634660 0.442982
vt 0.634360 0.434604
vt 0.587484 0.530775
vt 0.632200 0.426828
vt 0.632594 0.432125
vt 0.628607 0.433449
vt 0.628880 0.420865
vt 0.621120 0.428356
vt 0.743487 0.344039
vt 0.752782 0.344038
vt 0.640525 0.483456
vt 0.580407 0.550309
vt 0.579224 0.541874
vt 0.592176 0.546102
vt 0.634830 0.475325
vt 0.643618 0.474216
vt 0.641127 0.466957
vt 0.565992 0.548457
vt 0.576609 0.533939
vt 0.650363 0.463986
vt 0.632361 0.474042
vt 0.633163 0.467929
vt 0.635104 0.463570
vt 0.632595 0.460200
vt 0.629068 0.465217
vt 0.633985 0.456978
vt 0.640647 0.460539
vt 0.644156 0.486838
vt 0.650557 0.488356
vt 0.792058 0.360672
vt 0.459469 0.655138
vt 0.472562 0.656662
vt 0.470035 0.666559
vt 0.461954 0.662995
vt 0.454267 0.658032
vt 0.647365 0.480576
vt 0.766488 0.332255
vt 0.446820 0.654480
vt 0.445810 0.661814
vt 0.475434 0.634777
vt 0.478071 0.640688
vt 0.469432 0.640995
vt 0.478555 0.635722
vt 0.482972 0.636822
vt 0.473467 0.627572
vt 0.479774 0.627859
vt 0.635081 0.453048
vt 0.641727 0.449766
vt 0.630783 0.457373
vt 0.632551 0.452315
vt 0.649712 0.450729
vt 0.543439 0.541790
vt 0.555862 0.544369
vt 0.548237 0.548177
vt 0.793305 0.395375
vt 0.563576 0.536187
vt 0.552625 0.530779
vt 0.796456 0.407790
vt 0.803656 0.407074
vt 0.817290 0.404860
vt 0.535625 0.548845
vt 0.528751 0.537162
vt 0.521702 0.542039
vt 0.798485 0.371411
vt 0.620903 0.469197
vt 0.529417 0.513502
vt 0.010293 0.731100
vt 0.817887 0.388335
vt 0.509589 0.513694
vt 0.510157 0.527316
vt 0.633088 0.421382
vt 0.824839 0.389092
vt 0.634486 0.425594
vt 0.453241 0.609786
vt 0.456875 0.615548
vt 0.451993 0.613504
vt 0.450867 0.617771
vt 0.458899 0.605495
vt 0.447072 0.612743
vt 0.457036 0.597997
vt 0.459003 0.594757
vt 0.815958 0.375162
vt 0.470264 0.581274
vt 0.633360 0.363785
vt 0.468118 0.587128
vt 0.467796 0.575312
vt 0.462171 0.572315
vt 0.466939 0.569789
vt 0.460988 0.577504
vt 0.454604 0.574561
vt 0.458931 0.569287
vt 0.573026 0.561106
vt 0.566929 0.555369
vt 0.572613 0.555367
vt 0.562266 0.561227
vt 0.632201 0.539396
vt 0.559794 0.555468
vt 0.591172 0.551016
vt 0.480823 0.656256
vt 0.484635 0.662888
vt 0.477332 0.667571
vt 0.469760 0.668539
vt 0.499391 0.705289
vt 0.631623 0.573981
vt 0.632628 0.571020
vt 0.634695 0.573220
vt 0.634861 0.571111
vt 0.629796 0.569702
vt 0.631199 0.565920
vt 0.627391 0.575355
vt 0.498556 0.701272
vt 0.496639 0.705197
vt 0.634803 0.575694
vt 0.462005 0.668324
vt 0.454286 0.667776
vt 0.495457 0.700140
vt 0.454954 0.662977
vt 0.632410 0.563335
vt 0.453043 0.647515
vt 0.475719 0.649841
vt 0.485953 0.650483
vt 0.481240 0.648906
vt 0.480436 0.644296
vt 0.485464 0.644768
vt 0.657923 0.574145
vt 0.474285 0.704754
vt 0.461784 0.644237
vt 0.468963 0.701525
vt 0.467300 0.705247
vt 0.664936 0.573507
vt 0.630409 0.449667
vt 0.627698 0.445569
vt 0.461890 0.703047
vt 0.677360 0.572824
vt 0.454799 0.705490
vt 0.445052 0.643020
vt 0.454687 0.637834
vt 0.626178 0.572928
vt 0.627035 0.569723
vt 0.629901 0.565090
vt 0.625913 0.565877
vt 0.624263 0.567229
vt 0.498876 0.696103
vt 0.622013 0.575543
vt 0.446799 0.667404
vt 0.618476 0.574612
vt 0.435178 0.657082
vt 0.498082 0.691436
vt 0.617325 0.576941
vt 0.629522 0.478162
vt 0.627861 0.369251
vt 0.616449 0.568329
vt 0.621454 0.570607
vt 0.497032 0.687901
vt 0.499213 0.687464
vt 0.613205 0.576357
vt 0.437899 0.649685
vt 0.622610 0.564132
vt 0.428949 0.657960
vt 0.497795 0.684821
vt 0.628627 0.473312
vt 0.497355 0.680906
vt 0.499369 0.683066
vt 0.608877 0.575846
vt 0.499120 0.679080
vt 0.605097 0.574448
vt 0.611147 0.569844
vt 0.620638 0.483759
vt 0.433600 0.651869
vt 0.492795 0.682390
vt 0.430979 0.644405
vt 0.616339 0.562526
vt 0.611829 0.566064
vt 0.612540 0.562524
vt 0.608641 0.566678
vt 0.607551 0.568496
vt 0.427620 0.652614
vt 0.604063 0.568625
vt 0.606133 0.561903
vt 0.622397 0.376072
vt 0.627651 0.461450
vt 0.628058 0.453939
vt 0.494044 0.677980
vt 0.497697 0.673872
vt 0.599609 0.573597
vt 0.493306 0.672714
vt 0.435231 0.638036
vt 0.437813 0.630511
vt 0.492014 0.675302
vt 0.487145 0.673238
vt 0.486855 0.635426
vt 0.488330 0.640484
vt 0.489595 0.631504
vt 0.483310 0.633013
vt 0.483686 0.671874
vt 0.474761 0.672925
vt 0.631516 0.559350
vt 0.628810 0.559677
vt 0.467547 0.633194
vt 0.467301 0.627351
vt 0.463690 0.629991
vt 0.623204 0.561008
vt 0.625865 0.556535
vt 0.462782 0.638472
vt 0.487423 0.627161
vt 0.615367 0.555335
vt 0.485437 0.626407
vt 0.496050 0.627447
vt 0.489714 0.626737
vt 0.494098 0.623286
vt 0.617427 0.558923
vt 0.479687 0.621032
vt 0.474283 0.622332
vt 0.471085 0.619631
vt 0.461212 0.633848
vt 0.446575 0.631429
vt 0.455744 0.631682
vt 0.460160 0.628334
vt 0.452893 0.627668
vt 0.621145 0.452527
vt 0.446836 0.628115
vt 0.443885 0.627809
vt 0.449451 0.625656
vt 0.437073 0.625308
vt 0.461025 0.623651
vt 0.463702 0.621408
vt 0.467284 0.615397
vt 0.454203 0.625327
vt 0.453392 0.621908
vt 0.448198 0.621503
vt 0.441512 0.621625
vt 0.445492 0.618370
vt 0.468475 0.672796
vt 0.552708 0.562027
vt 0.555752 0.565942
vt 0.551784 0.555270
vt 0.500287 0.631283
vt 0.557401 0.570746
vt 0.500702 0.624074
vt 0.550250 0.571130
vt 0.500092 0.617086
vt 0.543407 0.572370
vt 0.546445 0.566618
vt 0.541844 0.562982
vt 0.443851 0.672203
vt 0.541690 0.555412
vt 0.539602 0.568683
vt 0.440606 0.667818
vt 0.535637 0.571450
vt 0.432877 0.667556
vt 0.528394 0.560490
vt 0.533248 0.567680
vt 0.436016 0.672353
vt 0.431731 0.672723
vt 0.425742 0.671741
vt 0.420438 0.672340
vt 0.528303 0.555096
vt 0.528773 0.568919
vt 0.521668 0.559932
vt 0.523689 0.566094
vt 0.516961 0.554966
vt 0.510641 0.544171
vt 0.479779 0.615852
vt 0.476431 0.609068
vt 0.463089 0.611006
vt 0.467014 0.606569
vt 0.464530 0.603025
vt 0.445304 0.604584
vt 0.449175 0.601397
vt 0.407138 0.702880
vt 0.725132 0.573564
vt 0.406980 0.697738
vt 0.471512 0.598447
vt 0.466211 0.593389
vt 0.410550 0.682742
vt 0.408860 0.688108
vt 0.410891 0.693660
vt 0.446495 0.592514
vt 0.453084 0.588847
vt 0.460226 0.588596
vt 0.451628 0.584686
vt 0.460609 0.582516
vt 0.451989 0.578580
vt 0.620380 0.399376
vt 0.489368 0.621002
vt 0.487646 0.621469
vt 0.518816 0.566338
vt 0.491808 0.615432
vt 0.484337 0.617493
vt 0.488530 0.617074
vt 0.627307 0.389808
vt 0.538476 0.574966
vt 0.498070 0.611966
vt 0.493830 0.609786
vt 0.490433 0.612602
vt 0.532412 0.576009
vt 0.498228 0.606131
vt 0.495777 0.604240
vt 0.493036 0.605804
vt 0.492611 0.602117
vt 0.496625 0.597333
vt 0.498642 0.597268
vt 0.620291 0.320830
vt 0.499865 0.591640
vt 0.497139 0.589246
vt 0.502606 0.587193
vt 0.514369 0.575340
vt 0.519995 0.576248
vt 0.502654 0.593704
vt 0.617819 0.311673
vt 0.494386 0.589566
vt 0.499950 0.587271
vt 0.501028 0.599891
vt 0.525611 0.576119
vt 0.522836 0.570007
vt 0.489009 0.593440
vt 0.495203 0.585033
vt 0.489395 0.585030
vt 0.497857 0.582337
vt 0.500407 0.578649
vt 0.507640 0.572751
vt 0.502831 0.579116
vt 0.497240 0.575541
vt 0.503014 0.569960
vt 0.501572 0.572843
vt 0.494922 0.578604
vt 0.621391 0.298141
vt 0.513933 0.570898
vt 0.509483 0.565978
vt 0.628684 0.500494
vt 0.599205 0.567916
vt 0.605188 0.565320
vt 0.602992 0.562458
vt 0.601007 0.564406
vt 0.601080 0.556034
vt 0.594544 0.561203
vt 0.587635 0.567149
vt 0.588034 0.561212
vt 0.585552 0.555631
vt 0.490898 0.668578
vt 0.483544 0.667509
vt 0.491943 0.660609
vt 0.492363 0.665878
vt 0.487370 0.667898
vt 0.486444 0.657703
vt 0.483719 0.657579
vt 0.498700 0.667947
vt 0.593997 0.570669
vt 0.584813 0.570204
vt 0.498858 0.658910
vt 0.492823 0.654295
vt 0.496673 0.647466
vt 0.580770 0.561711
vt 0.501205 0.654040
vt 0.579962 0.568009
vt 0.607612 0.554836
vt 0.601517 0.549431
vt 0.570809 0.569751
vt 0.499988 0.644742
vt 0.575948 0.565581
vt 0.501322 0.638679
vt 0.564627 0.568848
vt 0.492682 0.645345
vt 0.494760 0.640307
vt 0.415964 0.667802
vt 0.414597 0.665440
vt 0.835226 0.554310
vt 0.847299 0.561716
vt 0.837761 0.561636
vt 0.855444 0.565372
vt 0.844311 0.565717
vt 0.970982 0.549770
vt 0.948558 0.549416
vt 0.969058 0.535315
vt 0.404411 0.684124
vt 0.400568 0.698620
vt 0.855015 0.552899
vt 0.880816 0.494653
vt 0.891046 0.502236
vt 0.396132 0.689932
vt 0.391061 0.691579
vt 0.887922 0.492091
vt 0.857818 0.561258
vt 0.870845 0.493631
vt 0.865182 0.491861
vt 0.974458 0.543709
vt 0.983994 0.534556
vt 0.035919 0.563306
vt 0.134256 0.677482
vt 0.135662 0.687884
vt 0.025793 0.563653
vt 0.028434 0.560241
vt 0.837973 0.545114
vt 0.035653 0.559792
vt 0.855209 0.535712
vt 0.032553 0.550366
vt 0.882274 0.517142
vt 0.394869 0.683821
vt 0.384633 0.687683
vt 0.400086 0.678494
vt 0.392744 0.678724
vt 0.015941 0.549263
vt 0.020224 0.544075
vt 0.021028 0.552992
vt 0.738072 0.570560
vt 0.024520 0.552335
vt 0.024215 0.557716
vt 0.023581 0.543166
vt 0.386268 0.703736
vt 0.745848 0.572019
vt 0.737395 0.573177
vt 0.394812 0.702878
vt 0.746154 0.564421
vt 0.037744 0.544055
vt 0.034862 0.540710
vt 0.388742 0.701464
vt 0.395127 0.699151
vt 0.866824 0.556056
vt 0.882250 0.488682
vt 0.043075 0.549160
vt 0.874585 0.553521
vt 0.048212 0.545461
vt 0.384384 0.696775
vt 0.895946 0.491757
vt 0.895064 0.495873
vt 0.883401 0.484069
vt 0.886679 0.485674
vt 0.743537 0.559832
vt 0.865525 0.568184
vt 0.264647 0.699578
vt 0.866444 0.572315
vt 0.272499 0.700211
vt 0.858686 0.571864
vt 0.982084 0.546643
vt 0.011091 0.539602
vt 0.985657 0.542825
vt 0.885452 0.480347
vt 0.986185 0.534191
vt 0.011362 0.530937
vt 0.892442 0.483061
vt 0.869951 0.570139
vt 0.012853 0.534563
vt 0.893890 0.487599
vt 0.750845 0.560025
vt 0.873337 0.563049
vt 0.748555 0.556951
vt 0.013254 0.542705
vt 0.876149 0.567464
vt 0.875949 0.572730
vt 0.255003 0.698620
vt 0.882975 0.571288
vt 0.247812 0.699993
vt 0.866386 0.562096
vt 0.745035 0.554586
vt 0.974237 0.531867
vt 0.907747 0.505213
vt 0.882554 0.563397
vt 0.982134 0.529833
vt 0.901096 0.493237
vt 0.752316 0.569735
vt 0.379682 0.705680
vt 0.381003 0.703741
vt 0.887116 0.556102
vt 0.970292 0.508518
vt 0.757460 0.564760
vt 0.899871 0.488743
vt 0.889059 0.566988
vt 0.237372 0.700408
vt 0.893204 0.570542
vt 0.238332 0.696590
vt 0.377987 0.691770
vt 0.377110 0.699883
vt 0.370936 0.693587
vt 0.913127 0.495800
vt 0.369971 0.704356
vt 0.762049 0.570558
vt 0.013304 0.526419
vt 0.908288 0.491897
vt 0.768926 0.570668
vt 0.363069 0.704229
vt 0.017392 0.531015
vt 0.018273 0.522940
vt 0.982935 0.517593
vt 0.362750 0.684953
vt 0.362800 0.691887
vt 0.358458 0.698723
vt 0.353961 0.689977
vt 0.894369 0.479771
vt 0.357253 0.688461
vt 0.897825 0.483896
vt 0.976135 0.511712
vt 0.378642 0.687116
vt 0.900525 0.477220
vt 0.897786 0.475745
vt 0.372759 0.685045
vt 0.907112 0.489505
vt 0.380954 0.678605
vt 0.986187 0.523417
vt 0.011204 0.520069
vt 0.903831 0.487312
vt 0.014834 0.519283
vt 0.911606 0.483249
vt 0.354113 0.682906
vt 0.910410 0.486503
vt 0.405818 0.677780
vt 0.011369 0.511777
vt 0.986428 0.515170
vt 0.886251 0.536877
vt 0.900556 0.473069
vt 0.013537 0.510168
vt 0.018448 0.512872
vt 0.902625 0.470308
vt 0.908907 0.477061
vt 0.910141 0.470624
vt 0.022723 0.516200
vt 0.023222 0.522488
vt 0.015979 0.539091
vt 0.022895 0.534646
vt 0.918520 0.478870
vt 0.026524 0.543040
vt 0.884289 0.475764
vt 0.889512 0.473435
vt 0.021733 0.526051
vt 0.392167 0.665785
vt 0.397742 0.665278
vt 0.400042 0.667209
vt 0.895179 0.471477
vt 0.889920 0.468836
vt 0.383318 0.657210
vt 0.382083 0.666158
vt 0.026025 0.523113
vt 0.393004 0.656909
vt 0.899642 0.468198
vt 0.983772 0.509938
vt 0.377754 0.665500
vt 0.376355 0.662282
vt 0.982959 0.504341
vt 0.899072 0.463899
vt 0.011461 0.503335
vt 0.986650 0.506740
vt 0.378388 0.673289
vt 0.391873 0.673534
vt 0.374635 0.679346
vt 0.373475 0.671809
vt 0.907791 0.463295
vt 0.014219 0.502594
vt 0.367847 0.676076
vt 0.892655 0.561307
vt 0.899830 0.563754
vt 0.914014 0.489650
vt 0.914706 0.492075
vt 0.359076 0.671186
vt 0.018019 0.507184
vt 0.907345 0.554563
vt 0.902683 0.558005
vt 0.354454 0.671392
vt 0.346870 0.682955
vt 0.022469 0.510750
vt 0.348743 0.671098
vt 0.915626 0.488011
vt 0.920386 0.492300
vt 0.891812 0.546052
vt 0.021427 0.500033
vt 0.918709 0.489603
vt 0.921759 0.490345
vt 0.027606 0.508920
vt 0.022992 0.505860
vt 0.921948 0.497119
vt 0.368160 0.649197
vt 0.376218 0.652058
vt 0.371350 0.656025
vt 0.026612 0.499950
vt 0.985243 0.497524
vt 0.009880 0.494069
vt 0.980889 0.498726
vt 0.372067 0.667021
vt 0.363555 0.670631
vt 0.366405 0.665530
vt 0.012006 0.496073
vt 0.358649 0.664932
vt 0.359635 0.666561
vt 0.930879 0.495601
vt 0.926857 0.491265
vt 0.367331 0.660600
vt 0.016733 0.494748
vt 0.919307 0.485822
vt 0.985804 0.486667
vt 0.010169 0.483094
vt 0.982333 0.492972
vt 0.012378 0.489057
vt 0.924300 0.487745
vt 0.351309 0.665974
vt 0.353675 0.663042
vt 0.924364 0.481915
vt 0.022423 0.492809
vt 0.343158 0.666294
vt 0.343656 0.661538
vt 0.016987 0.488472
vt 0.014212 0.483778
vt 0.364771 0.654107
vt 0.022703 0.481681
vt 0.019275 0.480257
vt 0.338982 0.664807
vt 0.926691 0.477560
vt 0.337007 0.656759
vt 0.332722 0.663252
vt 0.053734 0.551212
vt 0.928991 0.487890
vt 0.323972 0.652177
vt 0.329720 0.655311
vt 0.326201 0.658630
vt 0.048524 0.537339
vt 0.933876 0.490026
vt 0.329439 0.647911
vt 0.324348 0.645648
vt 0.413590 0.650127
vt 0.415696 0.654156
vt 0.411106 0.658252
vt 0.409994 0.648080
vt 0.931314 0.482148
vt 0.414633 0.646175
vt 0.934796 0.487322
vt 0.058233 0.544988
vt 0.230798 0.695270
vt 0.229568 0.699875
vt 0.900872 0.570791
vt 0.227250 0.697286
vt 0.250596 0.679590
vt 0.252038 0.686112
vt 0.402393 0.630765
vt 0.415848 0.639161
vt 0.401067 0.637090
vt 0.240306 0.676068
vt 0.239442 0.687528
vt 0.229106 0.679140
vt 0.405650 0.627345
vt 0.416117 0.631134
vt 0.229294 0.685072
vt 0.893052 0.457534
vt 0.065975 0.544306
vt 0.429047 0.632150
vt 0.431088 0.628224
vt 0.427361 0.636309
vt 0.422698 0.639335
vt 0.422440 0.628193
vt 0.057857 0.527482
vt 0.222073 0.675972
vt 0.212390 0.684181
vt 0.214694 0.674301
vt 0.919985 0.467893
vt 0.072656 0.531368
vt 0.414045 0.625878
vt 0.921305 0.462358
vt 0.908400 0.565714
vt 0.906994 0.440902
vt 0.910045 0.561397
vt 0.415547 0.606301
vt 0.420400 0.614579
vt 0.412281 0.613366
vt 0.087656 0.535502
vt 0.405693 0.605558
vt 0.404147 0.610752
vt 0.395628 0.606988
vt 0.913502 0.569571
vt 0.216611 0.700578
vt 0.219959 0.695969
vt 0.390153 0.607465
vt 0.389155 0.613233
vt 0.088378 0.518748
vt 0.067442 0.514277
vt 0.406977 0.653675
vt 0.403560 0.657256
vt 0.211511 0.698798
vt 0.918549 0.571066
vt 0.937882 0.455269
vt 0.403597 0.650229
vt 0.403737 0.642171
vt 0.064575 0.550002
vt 0.080697 0.549339
vt 0.398770 0.645778
vt 0.394503 0.628502
vt 0.925798 0.438990
vt 0.912230 0.546794
vt 0.389284 0.631176
vt 0.388937 0.638629
vt 0.383378 0.625370
vt 0.095418 0.546769
vt 0.930011 0.469823
vt 0.918506 0.564288
vt 0.917780 0.558716
vt 0.373041 0.644019
vt 0.367249 0.638483
vt 0.362225 0.647859
vt 0.097229 0.542302
vt 0.938248 0.483256
vt 0.938728 0.488776
vt 0.218372 0.693302
vt 0.210881 0.694375
vt 0.353330 0.627581
vt 0.361195 0.640238
vt 0.374387 0.629995
vt 0.373678 0.625074
vt 0.944642 0.476143
vt 0.936317 0.474998
vt 0.939757 0.472328
vt 0.201842 0.701230
vt 0.927828 0.568300
vt 0.371739 0.637707
vt 0.200902 0.695818
vt 0.206963 0.692376
vt 0.926913 0.564923
vt 0.193185 0.698623
vt 0.037605 0.525999
vt 0.938109 0.467468
vt 0.934379 0.463696
vt 0.195552 0.690793
vt 0.193034 0.695085
vt 0.362205 0.622488
vt 0.187520 0.692239
vt 0.936468 0.566263
vt 0.192895 0.702693
vt 0.944345 0.470742
vt 0.197263 0.681902
vt 0.190224 0.683543
vt 0.352435 0.620159
vt 0.947784 0.461873
vt 0.947350 0.466736
vt 0.205761 0.683397
vt 0.204775 0.676868
vt 0.341127 0.632322
vt 0.349700 0.640178
vt 0.339668 0.641168
vt 0.352237 0.634718
vt 0.334417 0.636034
vt 0.332960 0.643907
vt 0.199360 0.673846
vt 0.302500 0.671583
vt 0.310095 0.684770
vt 0.301691 0.680487
vt 0.326775 0.629621
vt 0.325893 0.635339
vt 0.308440 0.666091
vt 0.314239 0.664407
vt 0.316755 0.666934
vt 0.940558 0.494644
vt 0.329411 0.621064
vt 0.305779 0.662158
vt 0.943528 0.487124
vt 0.343965 0.623065
vt 0.944574 0.481977
vt 0.299410 0.663657
vt 0.942335 0.489227
vt 0.302759 0.667317
vt 0.294040 0.665166
vt 0.288446 0.663046
vt 0.947746 0.485425
vt 0.283258 0.665239
vt 0.048571 0.499242
vt 0.951631 0.480437
vt 0.337365 0.618662
vt 0.954241 0.487640
vt 0.950694 0.472869
vt 0.303354 0.688475
vt 0.298546 0.692378
vt 0.293614 0.682990
vt 0.382652 0.607203
vt 0.380851 0.613573
vt 0.376488 0.604797
vt 0.025756 0.491638
vt 0.954090 0.468669
vt 0.957989 0.471690
vt 0.280702 0.680061
vt 0.289557 0.677456
vt 0.286681 0.683669
vt 0.032995 0.491068
vt 0.298151 0.673741
vt 0.351620 0.602633
vt 0.346597 0.611862
vt 0.341393 0.600038
vt 0.958469 0.483704
vt 0.281565 0.671308
vt 0.327870 0.611513
vt 0.964077 0.477192
vt 0.275743 0.682346
vt 0.277934 0.686895
vt 0.268596 0.682661
vt 0.276203 0.676129
vt 0.968569 0.475426
vt 0.969689 0.482106
vt 0.261873 0.685152
vt 0.262597 0.676980
vt 0.270917 0.674390
vt 0.439955 0.610375
vt 0.039461 0.484287
vt 0.348029 0.534562
vt 0.444344 0.598391
vt 0.267762 0.669389
vt 0.261805 0.668877
vt 0.254621 0.674343
vt 0.327759 0.543076
vt 0.346123 0.548049
vt 0.277643 0.662760
vt 0.274475 0.664269
vt 0.281723 0.657269
vt 0.271270 0.660872
vt 0.268216 0.664648
vt 0.262114 0.661561
vt 0.260430 0.664527
vt 0.393500 0.595894
vt 0.329958 0.528986
vt 0.399925 0.598791
vt 0.275123 0.651601
vt 0.335601 0.519729
vt 0.420819 0.592581
vt 0.415269 0.596254
vt 0.415348 0.592264
vt 0.319152 0.658057
vt 0.312078 0.650410
vt 0.445703 0.585018
vt 0.324055 0.519052
vt 0.437687 0.583647
vt 0.297735 0.656022
vt 0.442350 0.579995
vt 0.300362 0.641965
vt 0.301348 0.650567
vt 0.296621 0.648427
vt 0.307778 0.642732
vt 0.317959 0.637603
vt 0.311752 0.637456
vt 0.433400 0.577630
vt 0.296730 0.641420
vt 0.310629 0.626345
vt 0.303874 0.629140
vt 0.307453 0.638904
vt 0.297530 0.634984
vt 0.447261 0.575743
vt 0.451230 0.570767
vt 0.287379 0.633242
vt 0.292307 0.644216
vt 0.439860 0.573705
vt 0.285170 0.637279
vt 0.306442 0.620664
vt 0.289196 0.627234
vt 0.298848 0.629574
vt 0.445363 0.571076
vt 0.450292 0.567899
vt 0.297238 0.624811
vt 0.258392 0.652351
vt 0.254065 0.661795
vt 0.075757 0.491197
vt 0.445435 0.564969
vt 0.437366 0.568070
vt 0.246440 0.648477
vt 0.246072 0.662212
vt 0.235927 0.654079
vt 0.238631 0.647293
vt 0.439840 0.564161
vt 0.063231 0.486445
vt 0.288592 0.616025
vt 0.428626 0.573611
vt 0.433357 0.570588
vt 0.271232 0.625949
vt 0.277478 0.633187
vt 0.274538 0.639432
vt 0.254429 0.646290
vt 0.252893 0.653106
vt 0.258509 0.646806
vt 0.254106 0.640537
vt 0.278330 0.620998
vt 0.434124 0.560401
vt 0.431845 0.563445
vt 0.240429 0.638613
vt 0.425659 0.567656
vt 0.426011 0.562723
vt 0.423513 0.575779
vt 0.424780 0.583157
vt 0.413824 0.581930
vt 0.051801 0.466958
vt 0.265734 0.636623
vt 0.261063 0.642065
vt 0.293961 0.609386
vt 0.301282 0.610662
vt 0.413280 0.575582
vt 0.259920 0.628405
vt 0.416734 0.572754
vt 0.409745 0.583728
vt 0.402621 0.578333
vt 0.403889 0.583590
vt 0.293933 0.600439
vt 0.286077 0.602109
vt 0.397848 0.581000
vt 0.237672 0.628636
vt 0.244335 0.624320
vt 0.401176 0.573998
vt 0.407172 0.572531
vt 0.303335 0.597836
vt 0.291425 0.595146
vt 0.420124 0.569526
vt 0.299707 0.589993
vt 0.410972 0.569531
vt 0.228528 0.636809
vt 0.420712 0.564875
vt 0.411746 0.558627
vt 0.223139 0.603606
vt 0.236076 0.603748
vt 0.413276 0.564287
vt 0.274285 0.608052
vt 0.239131 0.594527
vt 0.226404 0.593760
vt 0.233128 0.622838
vt 0.220476 0.598687
vt 0.405307 0.564248
vt 0.406585 0.568031
vt 0.267189 0.600166
vt 0.267591 0.612706
vt 0.222534 0.625110
vt 0.398740 0.568609
vt 0.260017 0.603652
vt 0.217832 0.594104
vt 0.213034 0.597637
vt 0.213607 0.592081
vt 0.394775 0.565737
vt 0.217696 0.588314
vt 0.265325 0.620991
vt 0.211988 0.585397
vt 0.210189 0.580098
vt 0.217335 0.583423
vt 0.400190 0.561131
vt 0.233992 0.576591
vt 0.234299 0.582553
vt 0.227123 0.580463
vt 0.405916 0.558961
vt 0.252317 0.617210
vt 0.229919 0.570936
vt 0.219060 0.579206
vt 0.215414 0.579761
vt 0.258941 0.612387
vt 0.222373 0.573008
vt 0.247926 0.670485
vt 0.215590 0.573346
vt 0.401561 0.588847
vt 0.391018 0.590812
vt 0.393624 0.584789
vt 0.219655 0.668174
vt 0.215292 0.606605
vt 0.223342 0.615774
vt 0.214777 0.614037
vt 0.388457 0.585908
vt 0.215087 0.668705
vt 0.381346 0.589295
vt 0.209743 0.608081
vt 0.201798 0.613019
vt 0.200007 0.604435
vt 0.238200 0.614153
vt 0.207552 0.603678
vt 0.386178 0.582278
vt 0.224758 0.650130
vt 0.250504 0.602855
vt 0.202917 0.596891
vt 0.208883 0.591142
vt 0.388887 0.577226
vt 0.395344 0.574863
vt 0.389432 0.573102
vt 0.210346 0.649417
vt 0.215358 0.644509
vt 0.254039 0.599252
vt 0.243244 0.601108
vt 0.190855 0.602588
vt 0.192595 0.607641
vt 0.393381 0.571197
vt 0.185135 0.604120
vt 0.187186 0.610872
vt 0.179062 0.604225
vt 0.205033 0.668658
vt 0.387254 0.567849
vt 0.186741 0.597323
vt 0.176023 0.598928
vt 0.408662 0.544872
vt 0.194577 0.598415
vt 0.216524 0.626291
vt 0.397835 0.551692
vt 0.197981 0.592217
vt 0.393042 0.558535
vt 0.815698 0.485965
vt 0.815304 0.493502
vt 0.809716 0.492972
vt 0.282122 0.594641
vt 0.374241 0.594227
vt 0.383410 0.597321
vt 0.808876 0.487036
vt 0.811634 0.477304
vt 0.815641 0.477558
vt 0.824217 0.491407
vt 0.823343 0.504035
vt 0.818728 0.490931
vt 0.273875 0.598686
vt 0.366785 0.600129
vt 0.377208 0.586352
vt 0.825772 0.486644
vt 0.178641 0.591899
vt 0.186587 0.588445
vt 0.381053 0.578897
vt 0.263217 0.597056
vt 0.377557 0.573456
vt 0.372088 0.579957
vt 0.269035 0.595648
vt 0.367599 0.589240
vt 0.360501 0.591416
vt 0.196371 0.585623
vt 0.819695 0.470052
vt 0.824850 0.475753
vt 0.831605 0.480183
vt 0.829056 0.488029
vt 0.345688 0.595720
vt 0.343726 0.579903
vt 0.353107 0.581754
vt 0.277776 0.585405
vt 0.207573 0.575009
vt 0.199444 0.579441
vt 0.200883 0.573872
vt 0.359268 0.581069
vt 0.830144 0.473052
vt 0.835733 0.473729
vt 0.283784 0.579706
vt 0.370512 0.585533
vt 0.202465 0.569423
vt 0.193993 0.573401
vt 0.195706 0.568594
vt 0.363307 0.576261
vt 0.189687 0.568896
vt 0.803993 0.465901
vt 0.189160 0.578867
vt 0.184324 0.572057
vt 0.358057 0.575826
vt 0.247362 0.595096
vt 0.191856 0.565068
vt 0.169969 0.605599
vt 0.789816 0.486783
vt 0.172690 0.593296
vt 0.249984 0.581501
vt 0.248902 0.573403
vt 0.255505 0.581244
vt 0.243412 0.583076
vt 0.239618 0.573472
vt 0.169777 0.588199
vt 0.300215 0.580177
vt 0.166152 0.590862
vt 0.168608 0.597647
vt 0.349611 0.575492
vt 0.355755 0.572455
vt 0.296029 0.574720
vt 0.289466 0.577500
vt 0.157284 0.594710
vt 0.155319 0.600300
vt 0.300920 0.571238
vt 0.294070 0.571289
vt 0.302461 0.567651
vt 0.384576 0.574654
vt 0.161259 0.587138
vt 0.382629 0.569582
vt 0.298947 0.561507
vt 0.304268 0.560608
vt 0.306311 0.565915
vt 0.167629 0.584407
vt 0.293489 0.565101
vt 0.177607 0.584420
vt 0.183659 0.583272
vt 0.816129 0.455848
vt 0.816631 0.467959
vt 0.301649 0.556475
vt 0.285804 0.556240
vt 0.174265 0.571641
vt 0.176934 0.578969
vt 0.325654 0.552817
vt 0.372242 0.569393
vt 0.377504 0.564809
vt 0.183551 0.579046
vt 0.307603 0.554729
vt 0.315476 0.549742
vt 0.388646 0.561968
vt 0.320776 0.543602
vt 0.183213 0.567854
vt 0.312065 0.541218
vt 0.383357 0.561885
vt 0.382365 0.555598
vt 0.175768 0.566813
vt 0.179019 0.564059
vt 0.170682 0.567656
vt 0.158745 0.581614
vt 0.375552 0.561570
vt 0.163940 0.571206
vt 0.824944 0.469238
vt 0.390124 0.551099
vt 0.399581 0.540879
vt 0.382360 0.548183
vt 0.315324 0.533390
vt 0.164850 0.566228
vt 0.172319 0.564515
vt 0.374136 0.549303
vt 0.170779 0.561434
vt 0.166318 0.563759
vt 0.819073 0.450990
vt 0.312646 0.527448
vt 0.156780 0.585805
vt 0.155632 0.580663
vt 0.815988 0.438769
vt 0.152659 0.575594
vt 0.157058 0.569890
vt 0.152797 0.571963
vt 0.148668 0.575866
vt 0.372487 0.574152
vt 0.321660 0.560991
vt 0.310778 0.560862
vt 0.363912 0.572790
vt 0.158274 0.566459
vt 0.312322 0.565176
vt 0.154002 0.565798
vt 0.149979 0.569970
vt 0.158444 0.562546
vt 0.368973 0.565404
vt 0.165784 0.559315
vt 0.365147 0.561528
vt 0.137819 0.566022
vt 0.139274 0.562729
vt 0.142625 0.566607
vt 0.813515 0.432457
vt 0.360169 0.564613
vt 0.150349 0.565054
vt 0.151965 0.562471
vt 0.156215 0.559315
vt 0.150413 0.560429
vt 0.150511 0.556304
vt 0.305127 0.549895
vt 0.297893 0.547710
vt 0.357339 0.568774
vt 0.302411 0.542596
vt 0.349784 0.569754
vt 0.243955 0.569167
vt 0.352485 0.564328
vt 0.235341 0.566976
vt 0.241839 0.563295
vt 0.824288 0.456285
vt 0.229150 0.566294
vt 0.225714 0.568200
vt 0.822861 0.439937
vt 0.234022 0.562127
vt 0.364201 0.549845
vt 0.290316 0.547665
vt 0.293147 0.539732
vt 0.218057 0.568872
vt 0.373512 0.539611
vt 0.218989 0.564160
vt 0.829003 0.469099
vt 0.224607 0.561912
vt 0.316787 0.521798
vt 0.832838 0.462155
vt 0.836031 0.467206
vt 0.832891 0.470045
vt 0.241313 0.557653
vt 0.326747 0.514116
vt 0.315681 0.516639
vt 0.230152 0.552622
vt 0.344635 0.564935
vt 0.348328 0.560287
vt 0.830565 0.452077
vt 0.303178 0.526612
vt 0.217449 0.558296
vt 0.308789 0.515737
vt 0.212738 0.561200
vt 0.334917 0.556676
vt 0.827763 0.434491
vt 0.842691 0.465593
vt 0.846800 0.461485
vt 0.239974 0.546895
vt 0.232581 0.544870
vt 0.219446 0.547870
vt 0.300231 0.508197
vt 0.230484 0.537707
vt 0.829061 0.494920
vt 0.219525 0.539057
vt 0.850830 0.514495
vt 0.223347 0.535496
vt 0.839839 0.493332
vt 0.206223 0.551386
vt 0.282340 0.539249
vt 0.287459 0.530907
vt 0.212379 0.533495
vt 0.849519 0.492024
vt 0.276527 0.537124
vt 0.836985 0.486791
vt 0.321299 0.630034
vt 0.840353 0.486705
vt 0.844081 0.489188
vt 0.211347 0.569705
vt 0.276343 0.528436
vt 0.211265 0.566139
vt 0.205347 0.567328
vt 0.839184 0.478574
vt 0.842813 0.483812
vt 0.203194 0.561150
vt 0.200409 0.565625
vt 0.202522 0.557788
vt 0.857559 0.493211
vt 0.286422 0.520557
vt 0.847368 0.486091
vt 0.848622 0.480652
vt 0.853534 0.488663
vt 0.849213 0.488570
vt 0.312851 0.618668
vt 0.196229 0.561085
vt 0.333673 0.606394
vt 0.191678 0.559628
vt 0.186137 0.559854
vt 0.283326 0.574212
vt 0.288813 0.571937
vt 0.321810 0.613934
vt 0.185688 0.549724
vt 0.278199 0.572219
vt 0.273119 0.582916
vt 0.273757 0.576426
vt 0.313532 0.605228
vt 0.269131 0.580771
vt 0.266873 0.572878
vt 0.190231 0.544504
vt 0.272430 0.572226
vt 0.272981 0.568211
vt 0.268441 0.570065
vt 0.221951 0.528857
vt 0.322862 0.599114
vt 0.289646 0.569034
vt 0.206077 0.538813
vt 0.281879 0.569985
vt 0.284299 0.568362
vt 0.330734 0.596900
vt 0.287521 0.565141
vt 0.338022 0.592964
vt 0.197546 0.535541
vt 0.204703 0.529825
vt 0.279908 0.566748
vt 0.196592 0.522251
vt 0.321440 0.591011
vt 0.279711 0.560000
vt 0.316818 0.596418
vt 0.846167 0.476133
vt 0.840355 0.473769
vt 0.842552 0.470275
vt 0.274614 0.555163
vt 0.847273 0.472982
vt 0.853654 0.483342
vt 0.266089 0.566555
vt 0.269782 0.561960
vt 0.860234 0.484011
vt 0.860982 0.486342
vt 0.861451 0.479414
vt 0.853035 0.476883
vt 0.854423 0.472218
vt 0.264442 0.579246
vt 0.260845 0.580706
vt 0.258902 0.575801
vt 0.858474 0.474635
vt 0.851509 0.467674
vt 0.261978 0.570333
vt 0.262343 0.567850
vt 0.256551 0.569883
vt 0.189133 0.532956
vt 0.859190 0.466540
vt 0.862603 0.471698
vt 0.262747 0.564355
vt 0.190959 0.524928
vt 0.864923 0.466727
vt 0.183598 0.530045
vt 0.184970 0.538110
vt 0.340103 0.575513
vt 0.261449 0.552082
vt 0.342162 0.572011
vt 0.263819 0.544381
vt 0.259835 0.556983
vt 0.177039 0.540969
vt 0.180124 0.533500
vt 0.331866 0.580212
vt 0.870730 0.484697
vt 0.873120 0.488047
vt 0.873795 0.485111
vt 0.878919 0.482801
vt 0.225934 0.514138
vt 0.208535 0.518559
vt 0.320059 0.580428
vt 0.249269 0.569190
vt 0.256761 0.566006
vt 0.865136 0.485138
vt 0.216090 0.510374
vt 0.251239 0.566126
vt 0.868010 0.475466
vt 0.865300 0.480880
vt 0.333424 0.573785
vt 0.875626 0.477588
vt 0.333782 0.569156
vt 0.255690 0.562043
vt 0.868991 0.472599
vt 0.875175 0.473741
vt 0.323765 0.575278
vt 0.869613 0.468083
vt 0.326445 0.570625
vt 0.329842 0.567900
vt 0.322468 0.570451
vt 0.185612 0.563894
vt 0.323685 0.565833
vt 0.319302 0.568110
vt 0.310537 0.574419
vt 0.180619 0.560252
vt 0.246231 0.548587
vt 0.306810 0.581409
vt 0.175451 0.559534
vt 0.860864 0.450175
vt 0.175691 0.549476
vt 0.305451 0.574310
vt 0.170440 0.556628
vt 0.816632 0.419548
vt 0.316055 0.571138
vt 0.818659 0.431421
vt 0.818687 0.422923
vt 0.163273 0.555234
vt 0.312469 0.569044
vt 0.316604 0.564983
vt 0.823801 0.428333
vt 0.306733 0.570983
vt 0.169954 0.545607
vt 0.156420 0.550747
vt 0.825076 0.422686
vt 0.824014 0.412211
vt 0.260494 0.536469
vt 0.263315 0.530937
vt 0.846879 0.431504
vt 0.830981 0.416999
vt 0.341388 0.568203
vt 0.160744 0.543232
vt 0.336456 0.563683
vt 0.170612 0.531672
vt 0.156311 0.556144
vt 0.328844 0.561823
vt 0.150620 0.552280
vt 0.151838 0.548608
vt 0.148895 0.557495
vt 0.282208 0.515958
vt 0.103664 0.546209
vt 0.104815 0.550280
vt 0.109036 0.545408
vt 0.113157 0.550578
vt 0.118258 0.548974
vt 0.114855 0.540698
vt 0.109722 0.542086
vt 0.101831 0.536836
vt 0.276154 0.515594
vt 0.104876 0.510798
vt 0.280977 0.499170
vt 0.773111 0.564815
vt 0.778499 0.570619
vt 0.353461 0.703911
vt 0.786162 0.564892
vt 0.778496 0.559765
vt 0.793360 0.558598
vt 0.273729 0.503337
vt 0.785115 0.555653
vt 0.115485 0.534087
vt 0.109375 0.528980
vt 0.788773 0.571526
vt 0.343170 0.702915
vt 0.272476 0.509660
vt 0.266221 0.516860
vt 0.793009 0.565429
vt 0.263611 0.508969
vt 0.795605 0.571922
vt 0.336280 0.702437
vt 0.800583 0.559221
vt 0.803728 0.564963
vt 0.802121 0.571065
vt 0.329652 0.702959
vt 0.809739 0.569815
vt 0.321908 0.703845
vt 0.267714 0.498604
vt 0.320564 0.700495
vt 0.122163 0.549017
vt 0.119549 0.555592
vt 0.119882 0.545294
vt 0.127589 0.543388
vt 0.128044 0.549459
vt 0.134253 0.546181
vt 0.132744 0.536574
vt 0.136456 0.540938
vt 0.802977 0.553804
vt 0.261085 0.489685
vt 0.132646 0.560993
vt 0.137569 0.554813
vt 0.133636 0.552705
vt 0.140580 0.555245
vt 0.814388 0.564313
vt 0.136634 0.547715
vt 0.862410 0.398613
vt 0.809227 0.559356
vt 0.140992 0.550749
vt 0.147538 0.554497
vt 0.146139 0.558871
vt 0.144181 0.555158
vt 0.118165 0.530299
vt 0.123781 0.533434
vt 0.125629 0.539054
vt 0.815941 0.559080
vt 0.112018 0.515798
vt 0.811290 0.552472
vt 0.237553 0.534695
vt 0.807328 0.541040
vt 0.818766 0.551812
vt 0.873850 0.437231
vt 0.815443 0.542526
vt 0.121796 0.516005
vt 0.818713 0.570049
vt 0.312889 0.703153
vt 0.128965 0.531003
vt 0.125192 0.530402
vt 0.129981 0.520107
vt 0.125138 0.522141
vt 0.266745 0.526273
vt 0.865047 0.461743
vt 0.822801 0.566556
vt 0.827980 0.572637
vt 0.303619 0.700559
vt 0.833982 0.566243
vt 0.834021 0.570868
vt 0.297418 0.701880
vt 0.301341 0.697574
vt 0.295955 0.697959
vt 0.877497 0.463753
vt 0.875171 0.469627
vt 0.825003 0.552553
vt 0.828229 0.561090
vt 0.257036 0.522292
vt 0.880308 0.460281
vt 0.879120 0.471858
vt 0.824403 0.546633
vt 0.882303 0.468948
vt 0.252086 0.514503
vt 0.246074 0.532651
vt 0.095641 0.498651
vt 0.820568 0.542104
vt 0.824210 0.536175
vt 0.830208 0.535536
vt 0.238650 0.529072
vt 0.075398 0.470436
vt 0.237084 0.520687
vt 0.246304 0.516653
vt 0.085993 0.460074
vt 0.250213 0.506143
vt 0.746984 0.551792
vt 0.747703 0.548702
vt 0.755046 0.556189
vt 0.757202 0.549721
vt 0.248121 0.510872
vt 0.760339 0.560029
vt 0.101407 0.479334
vt 0.766021 0.563774
vt 0.763520 0.554897
vt 0.240484 0.511814
vt 0.245143 0.502533
vt 0.251557 0.496412
vt 0.248482 0.484799
vt 0.243084 0.490344
vt 0.108198 0.488471
vt 0.234083 0.508615
vt 0.764626 0.549334
vt 0.760323 0.544546
vt 0.106860 0.494873
vt 0.234720 0.500766
vt 0.759835 0.537514
vt 0.765089 0.540813
vt 0.770133 0.547226
vt 0.120325 0.507534
vt 0.113016 0.504078
vt 0.118624 0.497986
vt 0.234992 0.515615
vt 0.769767 0.560266
vt 0.102076 0.462067
vt 0.108792 0.461318
vt 0.776196 0.555351
vt 0.777014 0.547722
vt 0.781545 0.551095
vt 0.220358 0.500914
vt 0.112083 0.482683
vt 0.769304 0.535550
vt 0.111390 0.476097
vt 0.776898 0.539940
vt 0.115554 0.469628
vt 0.129691 0.507342
vt 0.124867 0.498290
vt 0.184508 0.521310
vt 0.774161 0.515597
vt 0.176924 0.525096
vt 0.177519 0.516082
vt 0.166727 0.523793
vt 0.828902 0.378924
vt 0.787957 0.526139
vt 0.208447 0.509423
vt 0.206184 0.497012
vt 0.785283 0.541239
vt 0.190851 0.513906
vt 0.790302 0.551194
vt 0.785633 0.548582
vt 0.905027 0.532906
vt 0.789547 0.544893
vt 0.194317 0.500593
vt 0.794454 0.539372
vt 0.235492 0.484948
vt 0.188994 0.493804
vt 0.212901 0.495261
vt 0.224982 0.485678
vt 0.344835 0.692300
vt 0.342610 0.697563
vt 0.335905 0.689727
vt 0.913023 0.520465
vt 0.333051 0.683861
vt 0.341021 0.683700
vt 0.340321 0.670972
vt 0.322818 0.681196
vt 0.326097 0.690358
vt 0.318635 0.686816
vt 0.315236 0.689553
vt 0.309689 0.694119
vt 0.317180 0.677168
vt 0.175922 0.505743
vt 0.332516 0.672310
vt 0.212446 0.484790
vt 0.320758 0.665572
vt 0.313426 0.671872
vt 0.931116 0.512643
vt 0.944447 0.564629
vt 0.184681 0.703925
vt 0.935958 0.560917
vt 0.209208 0.479852
vt 0.198760 0.479059
vt 0.179938 0.700304
vt 0.945823 0.561572
vt 0.327729 0.664570
vt 0.949326 0.556979
vt 0.950710 0.560820
vt 0.203653 0.466902
vt 0.183802 0.695715
vt 0.177775 0.694056
vt 0.176111 0.689834
vt 0.180396 0.681974
vt 0.774953 0.494811
vt 0.189728 0.672488
vt 0.185580 0.480929
vt 0.922546 0.552686
vt 0.175400 0.674484
vt 0.183850 0.674569
vt 0.183775 0.464075
vt 0.183408 0.666800
vt 0.178896 0.666570
vt 0.172996 0.666489
vt 0.168494 0.660538
vt 0.167182 0.657591
vt 0.173578 0.659770
vt 0.172194 0.657508
vt 0.178120 0.489846
vt 0.788172 0.496861
vt 0.928461 0.533475
vt 0.931142 0.546176
vt 0.202295 0.652018
vt 0.199939 0.641790
vt 0.191152 0.644530
vt 0.160379 0.497935
vt 0.160559 0.509912
vt 0.930008 0.557502
vt 0.193368 0.632988
vt 0.184966 0.652569
vt 0.811580 0.516015
vt 0.179205 0.656706
vt 0.173383 0.644868
vt 0.178965 0.641660
vt 0.169545 0.480895
vt 0.156525 0.491685
vt 0.153926 0.500673
vt 0.178740 0.631436
vt 0.171689 0.633342
vt 0.809478 0.501129
vt 0.205308 0.630813
vt 0.952079 0.531511
vt 0.781375 0.494102
vt 0.152932 0.538801
vt 0.157223 0.531390
vt 0.789533 0.491574
vt 0.151610 0.529797
vt 0.149663 0.534291
vt 0.149435 0.528622
vt 0.146522 0.533840
vt 0.203266 0.620447
vt 0.214903 0.620202
vt 0.815179 0.508301
vt 0.819080 0.502667
vt 0.193278 0.618755
vt 0.187038 0.622740
vt 0.152159 0.521975
vt 0.147402 0.548849
vt 0.144997 0.551602
vt 0.181630 0.617531
vt 0.174381 0.620742
vt 0.147052 0.540465
vt 0.148736 0.545000
vt 0.146049 0.546349
vt 0.152391 0.543989
vt 0.150305 0.539348
vt 0.143392 0.537461
vt 0.145261 0.541319
vt 0.143090 0.546265
vt 0.780405 0.489284
vt 0.167766 0.625095
vt 0.144389 0.530524
vt 0.147298 0.526715
vt 0.135995 0.514575
vt 0.134993 0.505697
vt 0.952011 0.510623
vt 0.167387 0.616397
vt 0.133200 0.524959
vt 0.151549 0.516874
vt 0.151399 0.510095
vt 0.954112 0.566346
vt 0.174849 0.701726
vt 0.167005 0.694515
vt 0.148879 0.522598
vt 0.145687 0.523759
vt 0.961170 0.565420
vt 0.167522 0.702125
vt 0.172265 0.692021
vt 0.147227 0.517697
vt 0.145810 0.518494
vt 0.167058 0.691424
vt 0.958686 0.561758
vt 0.148964 0.510401
vt 0.146422 0.507762
vt 0.148188 0.502079
vt 0.151039 0.504045
vt 0.145189 0.513599
vt 0.964882 0.561731
vt 0.160428 0.697550
vt 0.158942 0.701415
vt 0.969528 0.565570
vt 0.160690 0.692391
vt 0.814773 0.532608
vt 0.974261 0.561269
vt 0.151074 0.495742
vt 0.144928 0.697459
vt 0.983343 0.568264
vt 0.153931 0.695374
vt 0.154861 0.691271
vt 0.123964 0.489065
vt 0.132504 0.489805
vt 0.129832 0.485019
vt 0.124797 0.482384
vt 0.149797 0.692960
vt 0.817925 0.532878
vt 0.133080 0.484424
vt 0.134548 0.477565
vt 0.137510 0.484395
vt 0.822601 0.527968
vt 0.815704 0.520999
vt 0.107870 0.452451
vt 0.952448 0.496028
vt 0.119886 0.474362
vt 0.121392 0.468962
vt 0.957613 0.492353
vt 0.947850 0.490057
vt 0.126694 0.473789
vt 0.124718 0.464970
vt 0.817192 0.513703
vt 0.977633 0.552298
vt 0.177861 0.469879
vt 0.832261 0.520389
vt 0.982520 0.558523
vt 0.984696 0.562668
vt 0.988480 0.564785
vt 0.173160 0.460371
vt 0.986678 0.555874
vt 0.015025 0.553745
vt 0.989137 0.557176
vt 0.825126 0.518079
vt 0.986080 0.548369
vt 0.011642 0.545134
vt 0.155785 0.482958
vt 0.152042 0.488446
vt 0.151381 0.480299
vt 0.147320 0.482795
vt 0.147590 0.477240
vt 0.150251 0.473747
vt 0.964268 0.494917
vt 0.168705 0.687467
vt 0.169191 0.679632
vt 0.159868 0.687741
vt 0.161925 0.474227
vt 0.956241 0.489660
vt 0.961115 0.491145
vt 0.965409 0.487425
vt 0.155319 0.676818
vt 0.162107 0.466028
vt 0.146936 0.673771
vt 0.145795 0.679978
vt 0.157295 0.469662
vt 0.155325 0.475755
vt 0.156513 0.465967
vt 0.153928 0.470212
vt 0.973483 0.495984
vt 0.976724 0.498350
vt 0.970645 0.489178
vt 0.165055 0.455469
vt 0.146004 0.471060
vt 0.128307 0.458633
vt 0.124349 0.456098
vt 0.126989 0.449970
vt 0.133613 0.458700
vt 0.133066 0.446989
vt 0.158610 0.459642
vt 0.150871 0.465369
vt 0.153804 0.458324
vt 0.150371 0.459682
vt 0.155447 0.453237
vt 0.974096 0.482859
vt 0.145034 0.463628
vt 0.151893 0.448541
vt 0.150900 0.453451
vt 0.146211 0.456518
vt 0.145699 0.451625
vt 0.842228 0.571329
vt 0.289171 0.701337
vt 0.149451 0.444986
vt 0.981465 0.484749
vt 0.851906 0.570972
vt 0.279345 0.701375
vt 0.287440 0.698255
vt 0.269539 0.690082
vt 0.136282 0.497302
vt 0.137355 0.492313
vt 0.145565 0.500176
vt 0.146892 0.492635
vt 0.027918 0.517276
vt 0.050550 0.555938
vt 0.381656 0.701066
vt 0.148116 0.655340
vt 0.152604 0.656519
vt 0.150358 0.658913
vt 0.149462 0.649836
vt 0.147466 0.660471
vt 0.141764 0.655558
vt 0.142990 0.652791
vt 0.145463 0.649970
vt 0.152444 0.642691
vt 0.141733 0.644196
vt 0.140738 0.649034
vt 0.137495 0.652896
vt 0.068311 0.565914
vt 0.133326 0.643677
vt 0.141363 0.661130
vt 0.136455 0.657288
vt 0.138908 0.665791
vt 0.051165 0.564601
vt 0.134609 0.662108
vt 0.133228 0.656135
vt 0.057000 0.564329
vt 0.055921 0.559534
vt 0.134097 0.669062
vt 0.044233 0.563505
vt 0.134391 0.652543
vt 0.061498 0.564154
vt 0.132461 0.651331
vt 0.063292 0.556584
vt 0.374596 0.702354
vt 0.370475 0.700146
vt 0.149526 0.640370
vt 0.142498 0.638996
vt 0.364213 0.700188
vt 0.139672 0.643206
vt 0.146451 0.634986
vt 0.140950 0.632465
vt 0.139406 0.635728
vt 0.135774 0.635111
vt 0.355751 0.701300
vt 0.073615 0.565179
vt 0.132372 0.637893
vt 0.352013 0.696361
vt 0.070485 0.562291
vt 0.079726 0.563045
vt 0.074703 0.556416
vt 0.289325 0.694373
vt 0.144875 0.626661
vt 0.138383 0.626947
vt 0.140739 0.627418
vt 0.414271 0.672060
vt 0.280029 0.698203
vt 0.410404 0.671960
vt 0.276488 0.695482
vt 0.132175 0.626980
vt 0.084032 0.565337
vt 0.406209 0.671784
vt 0.400040 0.671763
vt 0.271279 0.696602
vt 0.141772 0.621833
vt 0.137735 0.618870
vt 0.085540 0.558375
vt 0.262095 0.695688
vt 0.088057 0.563786
vt 0.391533 0.671716
vt 0.259716 0.689159
vt 0.131463 0.613611
vt 0.097490 0.565525
vt 0.140311 0.614589
vt 0.408350 0.667134
vt 0.406248 0.664861
vt 0.136394 0.610080
vt 0.137372 0.607122
vt 0.099298 0.563873
vt 0.098111 0.558435
vt 0.091067 0.554328
vt 0.397995 0.658794
vt 0.397211 0.654028
vt 0.390650 0.668230
vt 0.255195 0.694731
vt 0.244610 0.695046
vt 0.385032 0.671809
vt 0.388388 0.653097
vt 0.382114 0.652266
vt 0.026163 0.478424
vt 0.374935 0.648115
vt 0.232824 0.692428
vt 0.342963 0.654200
vt 0.354221 0.653647
vt 0.226096 0.693969
vt 0.360699 0.653428
vt 0.222053 0.688968
vt 0.355235 0.647332
vt 0.346609 0.647674
vt 0.333119 0.666450
vt 0.337432 0.653197
vt 0.222809 0.586039
vt 0.243441 0.591341
vt 0.267841 0.589069
vt 0.338338 0.647074
vt 0.212722 0.691479
vt 0.238472 0.581336
vt 0.325587 0.642236
vt 0.317997 0.646708
vt 0.319249 0.641975
vt 0.263142 0.585042
vt 0.422119 0.652670
vt 0.255385 0.593162
vt 0.259360 0.589359
vt 0.254654 0.585431
vt 0.418811 0.647071
vt 0.410155 0.642594
vt 0.308327 0.670479
vt 0.296940 0.669775
vt 0.314139 0.669902
vt 0.293284 0.670942
vt 0.286950 0.669007
vt 0.250485 0.586071
vt 0.176215 0.612468
vt 0.435089 0.619570
vt 0.434555 0.611394
vt 0.429077 0.624099
vt 0.286846 0.671178
vt 0.421630 0.624602
vt 0.424494 0.621114
vt 0.413010 0.620449
vt 0.202455 0.585585
vt 0.427120 0.610442
vt 0.255263 0.669181
vt 0.279828 0.669190
vt 0.190362 0.584060
vt 0.274111 0.669203
vt 0.421988 0.608980
vt 0.264361 0.651143
vt 0.404571 0.620259
vt 0.397620 0.623767
vt 0.398499 0.618756
vt 0.405578 0.615410
vt 0.305032 0.647715
vt 0.292397 0.650306
vt 0.312542 0.643230
vt 0.150225 0.604017
vt 0.150471 0.599006
vt 0.150613 0.592527
vt 0.139768 0.601204
vt 0.145967 0.603988
vt 0.140492 0.606662
vt 0.135754 0.601681
vt 0.138491 0.595502
vt 0.113626 0.569227
vt 0.132686 0.597520
vt 0.391257 0.648188
vt 0.394912 0.642969
vt 0.152854 0.590211
vt 0.284292 0.651577
vt 0.383707 0.645784
vt 0.146930 0.598560
vt 0.145972 0.590847
vt 0.378608 0.645962
vt 0.282451 0.642073
vt 0.143586 0.598075
vt 0.279225 0.644856
vt 0.143688 0.592406
vt 0.137565 0.586605
vt 0.146537 0.587273
vt 0.147738 0.585370
vt 0.151388 0.586729
vt 0.145436 0.584743
vt 0.143834 0.587976
vt 0.142433 0.583825
vt 0.151798 0.584106
vt 0.148206 0.582421
vt 0.146389 0.580132
vt 0.145002 0.581995
vt 0.142220 0.577849
vt 0.144045 0.577747
vt 0.149070 0.580654
vt 0.139235 0.583661
vt 0.134143 0.588375
vt 0.121689 0.573116
vt 0.384147 0.620157
vt 0.134407 0.579683
vt 0.137413 0.579417
vt 0.125934 0.574405
vt 0.133392 0.582458
vt 0.130063 0.576442
vt 0.130063 0.576442
vt 0.132098 0.576652
vt 0.133968 0.574840
vt 0.273012 0.646451
vt 0.130213 0.570802
vt 0.125363 0.567797
vt 0.251690 0.664552
vt 0.249177 0.668453
vt 0.243645 0.668691
vt 0.241837 0.663882
vt 0.236765 0.661814
vt 0.146156 0.576406
vt 0.146999 0.571461
vt 0.132159 0.574098
vt 0.136749 0.574711
vt 0.135511 0.571145
vt 0.142599 0.573284
vt 0.133399 0.570164
vt 0.128552 0.562629
vt 0.144972 0.572306
vt 0.146196 0.567034
vt 0.144582 0.561298
vt 0.148643 0.564538
vt 0.147260 0.561819
vt 0.363605 0.617425
vt 0.359189 0.600492
vt 0.240750 0.670538
vt 0.233753 0.669872
vt 0.237999 0.668107
vt 0.234861 0.664421
vt 0.232589 0.667504
vt 0.225664 0.670146
vt 0.231044 0.660170
vt 0.229783 0.663230
vt 0.226721 0.667507
vt 0.223324 0.663442
vt 0.221943 0.661252
vt 0.352533 0.611694
vt 0.214548 0.659094
vt 0.216160 0.663518
vt 0.213576 0.666872
vt 0.209806 0.662131
vt 0.208940 0.667020
vt 0.205280 0.663887
vt 0.204697 0.666028
vt 0.204048 0.660106
vt 0.436446 0.603376
vt 0.437992 0.596889
vt 0.440040 0.591528
vt 0.433933 0.594972
vt 0.431213 0.588891
vt 0.108454 0.568880
vt 0.133360 0.602745
vt 0.106780 0.564389
vt 0.424566 0.595803
vt 0.421631 0.601740
vt 0.104481 0.558964
vt 0.114751 0.564531
vt 0.112210 0.556501
vt 0.102660 0.555238
vt 0.425172 0.589552
vt 0.107206 0.554228
vt 0.122649 0.562939
vt 0.406367 0.599102
vt 0.407944 0.590873
vt 0.197435 0.668524
vt 0.191437 0.666637
vt 0.178356 0.661249
vt 0.179119 0.659271
vt 0.185309 0.660899
vt 0.417709 0.586551
vt 0.169270 0.672412
vt 0.127422 0.554853
vt 0.178951 0.665361
vt 0.174330 0.661840
vt 0.172666 0.664894
vt 0.167078 0.665675
vt 0.164402 0.663287
vt 0.162534 0.659707
vt 0.162376 0.657977
vt 0.162489 0.655012
vt 0.159229 0.655380
vt 0.158244 0.649811
vt 0.136759 0.535446
vt 0.140848 0.533475
vt 0.158746 0.664024
vt 0.154732 0.660581
vt 0.157643 0.656941
vt 0.153508 0.658823
vt 0.157365 0.654658
vt 0.155952 0.655572
vt 0.155519 0.651858
vt 0.204077 0.662047
vt 0.197597 0.662470
vt 0.193656 0.659458
vt 0.200913 0.666964
vt 0.196460 0.666483
vt 0.191026 0.662012
vt 0.183866 0.658569
vt 0.188140 0.665386
vt 0.134038 0.530522
vt 0.127479 0.511865
vt 0.169911 0.651755
vt 0.161685 0.642986
vt 0.162242 0.637825
vt 0.114120 0.494284
vt 0.120446 0.493600
vt 0.117771 0.485684
vt 0.156707 0.650705
vt 0.154869 0.645642
vt 0.157157 0.644231
vt 0.154047 0.640208
vt 0.155395 0.637963
vt 0.151665 0.633160
vt 0.153989 0.630945
vt 0.152121 0.628516
vt 0.150266 0.628063
vt 0.152517 0.622067
vt 0.160957 0.618266
vt 0.149990 0.622886
vt 0.150688 0.616777
vt 0.144151 0.617021
vt 0.153194 0.611199
vt 0.146875 0.610947
vt 0.149255 0.610475
vt 0.145422 0.687356
vt 0.151430 0.687064
vt 0.143612 0.691801
vt 0.142824 0.689554
vt 0.143870 0.685469
vt 0.140612 0.679983
vt 0.138469 0.524010
vt 0.143578 0.523937
vt 0.987243 0.568065
vt 0.140905 0.696454
vt 0.017987 0.563014
vt 0.137787 0.695853
vt 0.990307 0.566975
vt 0.141556 0.514846
vt 0.991163 0.563686
vt 0.017631 0.559928
vt 0.142805 0.510375
vt 0.141773 0.503463
vt 0.150126 0.667802
vt 0.144113 0.677387
vt 0.348752 0.699219
vt 0.341273 0.700535
vt 0.337089 0.697794
vt 0.140074 0.671701
vt 0.137622 0.678260
vt 0.160756 0.669334
vt 0.330273 0.700406
vt 0.325745 0.697404
vt 0.149155 0.663880
vt 0.146880 0.667825
vt 0.142025 0.487698
vt 0.315656 0.696691
vt 0.152688 0.661612
vt 0.142299 0.479091
vt 0.118861 0.455572
vt 0.113827 0.460144
vt 0.118050 0.450273
vt 0.117882 0.479854
vt 0.309605 0.699219
vt 0.131429 0.466171
vt 0.136991 0.471517
vt 0.134019 0.464716
vt 0.144647 0.666819
vt 0.144614 0.484021
vt 0.142062 0.471975
vt 0.142307 0.462891
vt 0.138130 0.459916
vt 0.142301 0.452538
vt 0.138647 0.450823
vt 0.144178 0.458609
vt 0.142380 0.442629
vt 0.141873 0.495615
vt 0.144694 0.493016
vt 0.325502 0.672527
vt 0.331414 0.669853
vt 0.325822 0.670216
vt 0.318458 0.671321
vt 0.797218 0.288947
vt 0.799699 0.283887
vt 0.804563 0.289432
vt 0.638703 0.261439
vt 0.809618 0.295394
vt 0.802881 0.296529
vt 0.807679 0.292174
vt 0.739806 0.245958
vt 0.643744 0.257922
vt 0.811994 0.288660
vt 0.827363 0.216334
vt 0.831175 0.238000
vt 0.846969 0.211351
vt 0.824381 0.209510
vt 0.818133 0.220157
vt 0.649160 0.245708
vt 0.817325 0.296317
vt 0.818245 0.278848
vt 0.825207 0.293353
vt 0.826114 0.282895
vt 0.827025 0.193179
vt 0.752605 0.212781
vt 0.673193 0.261894
vt 0.816978 0.264090
vt 0.818153 0.206978
vt 0.817916 0.190448
vt 0.825580 0.272377
vt 0.774271 0.261730
vt 0.779810 0.241765
vt 0.837894 0.284654
vt 0.831535 0.272519
vt 0.664011 0.237154
vt 0.844960 0.186571
vt 0.698303 0.239774
vt 0.827975 0.181438
vt 0.835602 0.187974
vt 0.824112 0.185435
vt 0.844917 0.182621
vt 0.837925 0.176115
vt 0.829492 0.172316
vt 0.836901 0.170583
vt 0.779058 0.213409
vt 0.697076 0.295148
vt 0.691320 0.293713
vt 0.703581 0.287377
vt 0.720116 0.292254
vt 0.716473 0.287672
vt 0.865186 0.189495
vt 0.803101 0.332618
vt 0.779626 0.313238
vt 0.806048 0.216299
vt 0.858006 0.185165
vt 0.797348 0.305549
vt 0.692197 0.287908
vt 0.698016 0.282600
vt 0.874517 0.224791
vt 0.889666 0.238177
vt 0.870591 0.260708
vt 0.752869 0.189697
vt 0.788357 0.201076
vt 0.714118 0.256443
vt 0.823270 0.380761
vt 0.912371 0.265136
vt 0.818595 0.367376
vt 0.824683 0.369673
vt 0.909876 0.246780
vt 0.818521 0.355867
vt 0.825160 0.358025
vt 0.727186 0.283454
vt 0.832803 0.362518
vt 0.804648 0.197394
vt 0.829733 0.341857
vt 0.788302 0.189099
vt 0.775163 0.187718
vt 0.882653 0.203745
vt 0.848465 0.340260
vt 0.742589 0.285331
vt 0.795973 0.187269
vt 0.794090 0.183373
vt 0.803520 0.186059
vt 0.809717 0.181718
vt 0.801994 0.180752
vt 0.811378 0.187214
vt 0.914549 0.212876
vt 0.808510 0.176890
vt 0.818175 0.179450
vt 0.817126 0.183680
vt 0.735797 0.294692
vt 0.817233 0.336483
vt 0.816382 0.172081
vt 0.823883 0.173246
vt 0.817970 0.326129
vt 0.844876 0.172340
vt 0.852580 0.182020
vt 0.849646 0.177371
vt 0.879857 0.286726
vt 0.756398 0.292939
vt 0.855205 0.177677
vt 0.847551 0.307419
vt 0.825232 0.337784
vt 0.824318 0.325062
vt 0.852952 0.172100
vt 0.846071 0.166227
vt 0.848727 0.161454
vt 0.852916 0.166681
vt 0.858165 0.171326
vt 0.860607 0.167744
vt 0.857786 0.163051
vt 0.863592 0.162225
vt 0.729268 0.290975
vt 0.887955 0.299639
vt 0.726827 0.287658
vt 0.878274 0.186006
vt 0.865896 0.182878
vt 0.872706 0.179999
vt 0.734782 0.287767
vt 0.862576 0.174811
vt 0.817410 0.309691
vt 0.878514 0.165461
vt 0.866566 0.167420
vt 0.745817 0.289215
vt 0.764091 0.274109
vt 0.817346 0.251975
vt 0.885181 0.173089
vt 0.889747 0.180701
vt 0.870091 0.162661
vt 0.829928 0.321395
vt 0.872021 0.157654
vt 0.764726 0.300616
vt 0.760741 0.295919
vt 0.894138 0.168123
vt 0.817799 0.236702
vt 0.824935 0.313742
vt 0.880143 0.157264
vt 0.874519 0.153306
vt 0.263120 0.009416
vt 0.768297 0.295614
vt 0.255432 0.010882
vt 0.882218 0.151759
vt 0.824131 0.302876
vt 0.828859 0.300618
vt 0.244986 0.010798
vt 0.892698 0.151766
vt 0.898680 0.156627
vt 0.753647 0.287600
vt 0.922453 0.194756
vt 0.825358 0.248088
vt 0.725386 0.218223
vt 0.911447 0.187655
vt 0.864447 0.321693
vt 0.897784 0.189056
vt 0.825948 0.236695
vt 0.837734 0.248030
vt 0.898333 0.177400
vt 0.903489 0.183002
vt 0.910640 0.179535
vt 0.907267 0.168593
vt 0.918265 0.185665
vt 0.775056 0.296107
vt 0.922781 0.180481
vt 0.784927 0.297094
vt 0.927699 0.165909
vt 0.774605 0.286892
vt 0.762772 0.286957
vt 0.754147 0.280178
vt 0.931596 0.184357
vt 0.782025 0.288439
vt 0.899024 0.152498
vt 0.238706 0.010171
vt 0.243268 0.012956
vt 0.233301 0.012180
vt 0.910349 0.153596
vt 0.227434 0.008836
vt 0.788765 0.286714
vt 0.226113 0.014613
vt 0.225082 0.012209
vt 0.918738 0.157995
vt 0.793718 0.294860
vt 0.789813 0.290668
vt 0.216875 0.010762
vt 0.920898 0.151565
vt 0.926859 0.155926
vt 0.215079 0.014828
vt 0.931976 0.175872
vt 0.945084 0.178919
vt 0.945879 0.166476
vt 0.935136 0.157515
vt 0.931904 0.151699
vt 0.205882 0.010533
vt 0.209178 0.014958
vt 0.941661 0.155162
vt 0.190623 0.009804
vt 0.947147 0.152223
vt 0.195077 0.013183
vt 0.180977 0.011336
vt 0.956752 0.150599
vt 0.187707 0.017740
vt 0.203828 0.016701
vt 0.221947 0.015999
vt 0.196150 0.019883
vt 0.079000 0.256443
vt 0.065296 0.267958
vt 0.950413 0.314832
vt 0.013004 0.475581
vt 0.019149 0.472592
vt 0.021997 0.469036
vt 0.877375 0.352275
vt 0.034960 0.469019
vt 0.887154 0.397668
vt 0.902765 0.420809
vt 0.026696 0.460359
vt 0.946491 0.283798
vt 0.967499 0.315255
vt 0.956477 0.338093
vt 0.908661 0.381303
vt 0.924678 0.416115
vt 0.974657 0.324347
vt 0.918230 0.318316
vt 0.072249 0.450274
vt 0.058321 0.438342
vt 0.923061 0.396369
vt 0.902408 0.357320
vt 0.084426 0.447301
vt 0.092607 0.432114
vt 0.888503 0.324289
vt 0.937400 0.246165
vt 0.104374 0.436492
vt 0.911415 0.334728
vt 0.941131 0.404313
vt 0.965395 0.271495
vt 0.079595 0.423064
vt 0.938273 0.368438
vt 0.972599 0.297790
vt 0.976966 0.313046
vt 0.112798 0.436100
vt 0.122928 0.452655
vt 0.123045 0.441786
vt 0.124696 0.446851
vt 0.977772 0.301871
vt 0.113905 0.429534
vt 0.120503 0.433718
vt 0.115467 0.422576
vt 0.120122 0.428068
vt 0.976685 0.478621
vt 0.979645 0.475981
vt 0.977405 0.292996
vt 0.983539 0.293396
vt 0.009451 0.475257
vt 0.985018 0.478878
vt 0.984004 0.286833
vt 0.110724 0.416394
vt 0.986238 0.473470
vt 0.010461 0.469789
vt 0.093399 0.417488
vt 0.984073 0.470850
vt 0.131895 0.440771
vt 0.134576 0.440794
vt 0.935536 0.434397
vt 0.144751 0.443063
vt 0.146192 0.437981
vt 0.116676 0.415812
vt 0.121004 0.422173
vt 0.947143 0.441793
vt 0.127403 0.411358
vt 0.124901 0.418475
vt 0.122596 0.407938
vt 0.973784 0.258864
vt 0.973222 0.245332
vt 0.953217 0.447657
vt 0.976150 0.277699
vt 0.946691 0.432066
vt 0.952975 0.440567
vt 0.959624 0.442994
vt 0.983293 0.242510
vt 0.953402 0.424382
vt 0.936910 0.424757
vt 0.953126 0.435157
vt 0.957285 0.434105
vt 0.960217 0.438130
vt 0.983319 0.265218
vt 0.983526 0.254348
vt 0.987402 0.258610
vt 0.010631 0.253798
vt 0.986518 0.252966
vt 0.009712 0.248152
vt 0.963044 0.433635
vt 0.983880 0.272052
vt 0.010828 0.262709
vt 0.987484 0.267484
vt 0.014267 0.259190
vt 0.014784 0.268028
vt 0.947883 0.417451
vt 0.969487 0.430125
vt 0.019599 0.257476
vt 0.019213 0.271812
vt 0.024058 0.256274
vt 0.015287 0.250251
vt 0.019124 0.246279
vt 0.011918 0.246606
vt 0.987225 0.243372
vt 0.010353 0.238515
vt 0.014958 0.239530
vt 0.009950 0.273362
vt 0.986533 0.278116
vt 0.987546 0.287159
vt 0.010994 0.282414
vt 0.931785 0.423175
vt 0.011756 0.234761
vt 0.983000 0.278493
vt 0.976501 0.227033
vt 0.981071 0.236327
vt 0.983832 0.230780
vt 0.009924 0.227435
vt 0.986884 0.232332
vt 0.014270 0.278075
vt 0.014612 0.229799
vt 0.950513 0.382693
vt 0.011688 0.222582
vt 0.940751 0.415515
vt 0.062136 0.418568
vt 0.953273 0.209179
vt 0.039428 0.433866
vt 0.049135 0.413103
vt 0.946917 0.407758
vt 0.954666 0.405774
vt 0.955337 0.413951
vt 0.960843 0.468514
vt 0.965175 0.472392
vt 0.967280 0.468923
vt 0.969017 0.465403
vt 0.973381 0.471065
vt 0.967949 0.458771
vt 0.966297 0.447375
vt 0.080516 0.409025
vt 0.969183 0.355736
vt 0.981791 0.459183
vt 0.975595 0.453393
vt 0.936851 0.199152
vt 0.973807 0.335483
vt 0.976202 0.468709
vt 0.037778 0.418137
vt 0.978058 0.345710
vt 0.976172 0.362201
vt 0.035333 0.405316
vt 0.023051 0.368804
vt 0.019822 0.370319
vt 0.019689 0.356091
vt 0.983285 0.463686
vt 0.986824 0.467090
vt 0.011061 0.463368
vt 0.024347 0.353143
vt 0.026296 0.361356
vt 0.938411 0.188112
vt 0.990682 0.364808
vt 0.014728 0.360083
vt 0.015147 0.348613
vt 0.991164 0.353364
vt 0.010178 0.454269
vt 0.985827 0.458081
vt 0.013316 0.457740
vt 0.048854 0.397929
vt 0.014782 0.465087
vt 0.023408 0.346845
vt 0.019126 0.343197
vt 0.026499 0.345370
vt 0.049631 0.349054
vt 0.038946 0.362961
vt 0.033962 0.352263
vt 0.019487 0.466657
vt 0.041656 0.339619
vt 0.954046 0.189950
vt 0.018737 0.457075
vt 0.022669 0.458533
vt 0.064644 0.393634
vt 0.974692 0.443182
vt 0.978898 0.447894
vt 0.983281 0.451456
vt 0.038243 0.388034
vt 0.033419 0.394196
vt 0.032626 0.380026
vt 0.982932 0.441943
vt 0.051112 0.385994
vt 0.984078 0.343786
vt 0.983684 0.337344
vt 0.968303 0.439043
vt 0.983015 0.323219
vt 0.987475 0.341275
vt 0.986480 0.333189
vt 0.983786 0.329833
vt 0.977382 0.213841
vt 0.974963 0.423357
vt 0.980218 0.431187
vt 0.974062 0.201338
vt 0.986286 0.325935
vt 0.988540 0.324794
vt 0.012285 0.320047
vt 0.990604 0.332789
vt 0.014595 0.327983
vt 0.015410 0.318870
vt 0.057832 0.373503
vt 0.985990 0.445743
vt 0.985260 0.437578
vt 0.985930 0.355214
vt 0.987006 0.347450
vt 0.990871 0.342575
vt 0.014917 0.337793
vt 0.987730 0.359029
vt 0.077515 0.377185
vt 0.079941 0.390019
vt 0.010993 0.450581
vt 0.986752 0.454453
vt 0.014893 0.451203
vt 0.035813 0.252295
vt 0.029071 0.259412
vt 0.026070 0.249126
vt 0.988844 0.445380
vt 0.012924 0.441365
vt 0.021802 0.335976
vt 0.032265 0.233324
vt 0.022870 0.342567
vt 0.026321 0.238639
vt 0.019510 0.443879
vt 0.020057 0.327262
vt 0.025525 0.338603
vt 0.024176 0.329392
vt 0.039795 0.229665
vt 0.028044 0.331973
vt 0.022256 0.446805
vt 0.025680 0.450419
vt 0.026243 0.443007
vt 0.019674 0.319243
vt 0.018421 0.435693
vt 0.989716 0.438535
vt 0.013827 0.434417
vt 0.026798 0.328086
vt 0.986547 0.432819
vt 0.050373 0.344194
vt 0.024846 0.432460
vt 0.022123 0.428542
vt 0.067782 0.339023
vt 0.060665 0.344789
vt 0.052603 0.338147
vt 0.982882 0.214177
vt 0.038092 0.332763
vt 0.983337 0.222822
vt 0.987266 0.222493
vt 0.010197 0.217568
vt 0.046351 0.326326
vt 0.040268 0.317395
vt 0.056425 0.331484
vt 0.016475 0.221772
vt 0.014358 0.215267
vt 0.009270 0.211812
vt 0.986359 0.216750
vt 0.010071 0.205162
vt 0.987125 0.210106
vt 0.011777 0.210492
vt 0.027966 0.725088
vt 0.058855 0.327694
vt 0.017808 0.211206
vt 0.015248 0.207823
vt 0.049656 0.320005
vt 0.019016 0.233552
vt 0.027040 0.420356
vt 0.023942 0.225171
vt 0.060339 0.360653
vt 0.043636 0.214784
vt 0.026928 0.223460
vt 0.024588 0.231111
vt 0.967927 0.416422
vt 0.975159 0.413192
vt 0.102015 0.412662
vt 0.024833 0.215497
vt 0.026136 0.203965
vt 0.956117 0.395309
vt 0.050021 0.235758
vt 0.052742 0.247315
vt 0.063818 0.349453
vt 0.112779 0.405474
vt 0.101660 0.396069
vt 0.046973 0.222793
vt 0.986242 0.318635
vt 0.116580 0.394385
vt 0.050953 0.219141
vt 0.121952 0.394720
vt 0.127010 0.401441
vt 0.983571 0.312056
vt 0.986070 0.305776
vt 0.011550 0.310043
vt 0.987628 0.314786
vt 0.051974 0.207121
vt 0.066530 0.231800
vt 0.015710 0.308402
vt 0.063509 0.223152
vt 0.061306 0.216942
vt 0.050711 0.216098
vt 0.984334 0.301721
vt 0.987842 0.303893
vt 0.011621 0.299170
vt 0.052829 0.212227
vt 0.048403 0.199503
vt 0.986867 0.295909
vt 0.010591 0.291200
vt 0.014638 0.294374
vt 0.018838 0.295059
vt 0.019563 0.304693
vt 0.062250 0.209459
vt 0.970894 0.399393
vt 0.962703 0.184260
vt 0.103937 0.376607
vt 0.092767 0.371408
vt 0.980525 0.405274
vt 0.030070 0.293681
vt 0.027237 0.311233
vt 0.026228 0.301554
vt 0.961969 0.174375
vt 0.972586 0.190828
vt 0.028026 0.318667
vt 0.076289 0.357401
vt 0.091230 0.358883
vt 0.048346 0.292387
vt 0.982980 0.193196
vt 0.059305 0.314022
vt 0.018884 0.282334
vt 0.972034 0.177360
vt 0.971349 0.380307
vt 0.975530 0.373217
vt 0.982897 0.186048
vt 0.983824 0.179472
vt 0.977400 0.392328
vt 0.043659 0.283368
vt 0.027265 0.282643
vt 0.981510 0.173425
vt 0.028175 0.268626
vt 0.116498 0.383913
vt 0.984326 0.398455
vt 0.008836 0.180123
vt 0.986191 0.185128
vt 0.983575 0.386651
vt 0.109793 0.379311
vt 0.010234 0.169075
vt 0.987538 0.174118
vt 0.062856 0.331506
vt 0.062236 0.331786
vt 0.031356 0.729192
vt 0.986130 0.380777
vt 0.987132 0.390037
vt 0.031969 0.728899
vt 0.071215 0.330682
vt 0.984293 0.167211
vt 0.117689 0.370430
vt 0.980758 0.377906
vt 0.070464 0.335071
vt 0.988542 0.162006
vt 0.011541 0.156833
vt 0.015277 0.172456
vt 0.012768 0.174798
vt 0.014146 0.160109
vt 0.128139 0.393943
vt 0.128566 0.390396
vt 0.124721 0.384865
vt 0.120463 0.387602
vt 0.122159 0.378372
vt 0.117620 0.379637
vt 0.121702 0.374701
vt 0.068897 0.318567
vt 0.076030 0.326893
vt 0.109145 0.359865
vt 0.086360 0.331459
vt 0.070319 0.307921
vt 0.092690 0.346233
vt 0.984229 0.374640
vt 0.960938 0.157717
vt 0.013992 0.379108
vt 0.989889 0.383744
vt 0.077937 0.314189
vt 0.983561 0.426048
vt 0.981544 0.417069
vt 0.079936 0.319558
vt 0.087212 0.314505
vt 0.088666 0.320559
vt 0.107239 0.347546
vt 0.986780 0.424122
vt 0.989389 0.430392
vt 0.013472 0.426169
vt 0.951259 0.157630
vt 0.114006 0.347694
vt 0.086851 0.308052
vt 0.957311 0.153451
vt 0.088185 0.299106
vt 0.014521 0.416630
vt 0.990519 0.420965
vt 0.101854 0.314668
vt 0.986104 0.415968
vt 0.969963 0.156003
vt 0.985865 0.409551
vt 0.014151 0.404740
vt 0.990097 0.409198
vt 0.019163 0.423806
vt 0.962383 0.152129
vt 0.983892 0.157566
vt 0.971086 0.151259
vt 0.019674 0.411090
vt 0.071391 0.344498
vt 0.080623 0.349153
vt 0.022494 0.403373
vt 0.964694 0.147780
vt 0.173019 0.014265
vt 0.160719 0.013704
vt 0.976961 0.148201
vt 0.079657 0.340011
vt 0.088422 0.342623
vt 0.027176 0.409634
vt 0.981592 0.151700
vt 0.987090 0.401962
vt 0.094937 0.337613
vt 0.989691 0.397985
vt 0.013756 0.393447
vt 0.019187 0.396310
vt 0.018711 0.159782
vt 0.015672 0.153932
vt 0.102136 0.342993
vt 0.009297 0.196332
vt 0.986425 0.201268
vt 0.108306 0.336906
vt 0.023421 0.391737
vt 0.012475 0.199230
vt 0.026381 0.388704
vt 0.022864 0.385221
vt 0.112951 0.341785
vt 0.100807 0.332054
vt 0.017050 0.196331
vt 0.018543 0.203173
vt 0.100008 0.324304
vt 0.009459 0.189159
vt 0.986671 0.194116
vt 0.110014 0.326788
vt 0.023199 0.207961
vt 0.064628 0.295940
vt 0.016336 0.186257
vt 0.024001 0.190923
vt 0.012739 0.184047
vt 0.060330 0.277863
vt 0.023408 0.198154
vt 0.982643 0.366349
vt 0.028355 0.197060
vt 0.985314 0.368340
vt 0.018048 0.178484
vt 0.986643 0.373715
vt 0.990775 0.375361
vt 0.014803 0.370669
vt 0.037497 0.190081
vt 0.988144 0.368080
vt 0.026363 0.173488
vt 0.984386 0.360339
vt 0.049031 0.184706
vt 0.048160 0.273299
vt 0.062894 0.197880
vt 0.058052 0.273603
vt 0.023177 0.172755
vt 0.019017 0.168886
vt 0.055315 0.269696
vt 0.050709 0.267359
vt 0.023114 0.162705
vt 0.052439 0.258267
vt 0.044601 0.160809
vt 0.036043 0.151924
vt 0.024565 0.154922
vt 0.081681 0.290371
vt 0.078612 0.277487
vt 0.091727 0.278485
vt 0.057949 0.242947
vt 0.060575 0.237614
vt 0.081675 0.246125
vt 0.069596 0.240291
vt 0.076650 0.273538
vt 0.081748 0.267484
vt 0.171298 0.017870
vt 0.160232 0.019068
vt 0.169962 0.022329
vt 0.987871 0.154877
vt 0.011428 0.149407
vt 0.013798 0.143560
vt 0.987858 0.149063
vt 0.013941 0.149079
vt 0.019902 0.151675
vt 0.129074 0.436512
vt 0.124565 0.424689
vt 0.128726 0.427323
vt 0.133673 0.433212
vt 0.138497 0.438769
vt 0.133155 0.426503
vt 0.138793 0.431187
vt 0.133276 0.419580
vt 0.142817 0.435635
vt 0.145512 0.432086
vt 0.142793 0.429577
vt 0.137700 0.422501
vt 0.138282 0.445263
vt 0.128904 0.418123
vt 0.132497 0.413423
vt 0.133096 0.407106
vt 0.138522 0.410663
vt 0.138270 0.416755
vt 0.132886 0.397798
vt 0.027286 0.398320
vt 0.023701 0.314856
vt 0.023594 0.240226
vt 0.023999 0.304971
vt 0.023069 0.296942
vt 0.023898 0.290921
vt 0.114055 0.362956
vt 0.115198 0.357047
vt 0.023926 0.279019
vt 0.118973 0.361637
vt 0.181741 0.016863
vt 0.183469 0.022039
vt 0.023601 0.181264
vt 0.016475 0.147052
vt 0.020484 0.147598
vt 0.144655 0.021054
vt 0.022553 0.144710
vt 0.015220 0.140646
vt 0.151107 0.015417
vt 0.986418 0.146239
vt 0.152052 0.019590
vt 0.018323 0.141246
vt 0.148977 0.017923
vt 0.157147 0.027606
vt 0.151001 0.026686
vt 0.152296 0.025447
vt 0.024599 0.149638
vt 0.027624 0.146634
vt 0.143839 0.030087
vt 0.031770 0.145056
vt 0.461383 0.423241
vt 0.457281 0.402577
vt 0.468506 0.410647
vt 0.496602 0.564231
vt 0.498670 0.562703
vt 0.498860 0.569161
vt 0.496032 0.568403
vt 0.496912 0.559914
vt 0.500801 0.559034
vt 0.499358 0.554064
vt 0.492223 0.561410
vt 0.364538 0.366503
vt 0.370120 0.365200
vt 0.494407 0.555359
vt 0.495108 0.571841
vt 0.491907 0.571896
vt 0.458560 0.446610
vt 0.462887 0.438533
vt 0.542777 0.245722
vt 0.534015 0.256947
vt 0.491046 0.567187
vt 0.488117 0.570581
vt 0.453669 0.432375
vt 0.450842 0.444633
vt 0.519995 0.256809
vt 0.360404 0.388759
vt 0.349063 0.361244
vt 0.484260 0.567866
vt 0.418776 0.378706
vt 0.404308 0.394319
vt 0.447390 0.434221
vt 0.443222 0.442916
vt 0.486784 0.562324
vt 0.554138 0.239914
vt 0.535692 0.229541
vt 0.401957 0.369190
vt 0.410962 0.370070
vt 0.478038 0.569455
vt 0.471065 0.438874
vt 0.409772 0.364691
vt 0.529968 0.464472
vt 0.393779 0.369258
vt 0.511112 0.241457
vt 0.520800 0.236926
vt 0.444585 0.420281
vt 0.401325 0.361741
vt 0.408555 0.360484
vt 0.403977 0.355950
vt 0.393125 0.360642
vt 0.531847 0.477735
vt 0.390391 0.347949
vt 0.512628 0.256816
vt 0.505818 0.247960
vt 0.452851 0.453407
vt 0.459189 0.460498
vt 0.451653 0.461717
vt 0.504645 0.241260
vt 0.447297 0.452395
vt 0.383483 0.368181
vt 0.521054 0.219752
vt 0.511426 0.234206
vt 0.439762 0.451113
vt 0.443150 0.458195
vt 0.501671 0.246624
vt 0.393573 0.341024
vt 0.503160 0.237089
vt 0.501453 0.241745
vt 0.386420 0.358281
vt 0.505835 0.233361
vt 0.519256 0.459383
vt 0.499406 0.233454
vt 0.503078 0.232798
vt 0.380786 0.346551
vt 0.520604 0.442942
vt 0.509809 0.444184
vt 0.504610 0.227070
vt 0.507604 0.227725
vt 0.510398 0.453218
vt 0.436895 0.455648
vt 0.504744 0.221929
vt 0.510169 0.223532
vt 0.501343 0.227171
vt 0.502046 0.541018
vt 0.504165 0.553325
vt 0.500053 0.549495
vt 0.428598 0.454496
vt 0.374896 0.356061
vt 0.428198 0.445621
vt 0.500883 0.221696
vt 0.557146 0.417910
vt 0.541193 0.437468
vt 0.435953 0.419619
vt 0.499215 0.537214
vt 0.496200 0.545028
vt 0.375759 0.364754
vt 0.426963 0.433836
vt 0.502573 0.533793
vt 0.494872 0.539782
vt 0.495996 0.534100
vt 0.367134 0.360191
vt 0.501406 0.526863
vt 0.421906 0.438924
vt 0.540998 0.445883
vt 0.496156 0.527701
vt 0.492507 0.536553
vt 0.493381 0.531003
vt 0.421299 0.324337
vt 0.418302 0.334818
vt 0.416592 0.448624
vt 0.402058 0.335115
vt 0.410530 0.347690
vt 0.400632 0.444281
vt 0.527037 0.505918
vt 0.397752 0.322168
vt 0.469379 0.400801
vt 0.384544 0.333788
vt 0.447673 0.393742
vt 0.448999 0.407324
vt 0.502286 0.521833
vt 0.502267 0.515887
vt 0.439124 0.412036
vt 0.384011 0.326943
vt 0.498484 0.521500
vt 0.398347 0.304788
vt 0.499220 0.515454
vt 0.495110 0.522479
vt 0.493049 0.524598
vt 0.387282 0.310167
vt 0.489193 0.526864
vt 0.494907 0.515990
vt 0.490499 0.519728
vt 0.485104 0.519229
vt 0.436897 0.403483
vt 0.501969 0.507422
vt 0.359333 0.359730
vt 0.497259 0.508677
vt 0.493271 0.510161
vt 0.502692 0.501824
vt 0.427697 0.407620
vt 0.352461 0.356260
vt 0.498560 0.502406
vt 0.494841 0.505165
vt 0.494469 0.500186
vt 0.440937 0.392516
vt 0.486746 0.512152
vt 0.422730 0.399354
vt 0.489568 0.506087
vt 0.370642 0.346473
vt 0.373263 0.338661
vt 0.483295 0.508209
vt 0.471919 0.513124
vt 0.427183 0.383936
vt 0.478623 0.562169
vt 0.478434 0.401656
vt 0.468297 0.554239
vt 0.496839 0.550319
vt 0.460515 0.393017
vt 0.493397 0.545956
vt 0.471191 0.387285
vt 0.375553 0.320507
vt 0.485520 0.543472
vt 0.520825 0.432072
vt 0.457266 0.385499
vt 0.374985 0.330322
vt 0.463025 0.379598
vt 0.362637 0.339254
vt 0.367554 0.354233
vt 0.477916 0.534662
vt 0.360054 0.351846
vt 0.475963 0.374024
vt 0.461986 0.372045
vt 0.461344 0.540909
vt 0.510539 0.430858
vt 0.519744 0.421067
vt 0.454449 0.369355
vt 0.352508 0.349550
vt 0.476713 0.566920
vt 0.470588 0.564236
vt 0.440689 0.383787
vt 0.442416 0.375353
vt 0.533432 0.415615
vt 0.346774 0.346401
vt 0.447298 0.371274
vt 0.526249 0.395180
vt 0.463754 0.565694
vt 0.460715 0.561636
vt 0.463432 0.364161
vt 0.372923 0.310693
vt 0.455656 0.356364
vt 0.447845 0.362882
vt 0.456612 0.565107
vt 0.457961 0.556292
vt 0.448839 0.561998
vt 0.456729 0.549659
vt 0.427716 0.373970
vt 0.372004 0.304208
vt 0.364393 0.308233
vt 0.367341 0.305454
vt 0.465184 0.530367
vt 0.573402 0.375726
vt 0.423343 0.422619
vt 0.342411 0.336959
vt 0.546493 0.380231
vt 0.408234 0.428187
vt 0.348059 0.324366
vt 0.460820 0.521194
vt 0.456974 0.533216
vt 0.446620 0.545887
vt 0.407575 0.418562
vt 0.425319 0.412813
vt 0.448126 0.536483
vt 0.442765 0.538111
vt 0.337071 0.328090
vt 0.337757 0.320362
vt 0.450426 0.530027
vt 0.400303 0.436534
vt 0.499130 0.335353
vt 0.500121 0.340774
vt 0.493086 0.338521
vt 0.498974 0.349578
vt 0.446010 0.530407
vt 0.485881 0.340361
vt 0.395363 0.431872
vt 0.503738 0.336591
vt 0.503536 0.328645
vt 0.505897 0.332425
vt 0.507022 0.326021
vt 0.499817 0.330135
vt 0.504034 0.321943
vt 0.500120 0.320011
vt 0.393976 0.439779
vt 0.397586 0.421359
vt 0.505746 0.314868
vt 0.512314 0.323173
vt 0.502701 0.316295
vt 0.407991 0.406726
vt 0.528680 0.507161
vt 0.531287 0.490782
vt 0.504898 0.309169
vt 0.511132 0.310048
vt 0.546955 0.352339
vt 0.501630 0.309881
vt 0.499652 0.313115
vt 0.009553 0.725380
vt 0.009553 0.725380
vt 0.008836 0.725088
vt 0.009165 0.725222
vt 0.008836 0.725089
vt 0.494592 0.318315
vt 0.489193 0.319717
vt 0.496531 0.309033
vt 0.519593 0.486424
vt 0.504909 0.303756
vt 0.518333 0.291079
vt 0.531319 0.307547
vt 0.398002 0.412989
vt 0.525741 0.480069
vt 0.510855 0.297350
vt 0.509734 0.304705
vt 0.519835 0.270669
vt 0.532491 0.287462
vt 0.504918 0.296693
vt 0.505818 0.290642
vt 0.500732 0.294312
vt 0.503268 0.289157
vt 0.511340 0.278385
vt 0.394364 0.408267
vt 0.399291 0.399903
vt 0.505428 0.282018
vt 0.503477 0.276452
vt 0.500544 0.286835
vt 0.492087 0.306207
vt 0.484209 0.307230
vt 0.500600 0.304346
vt 0.502972 0.300566
vt 0.500303 0.299768
vt 0.493605 0.297652
vt 0.385462 0.413864
vt 0.378279 0.428423
vt 0.376318 0.414217
vt 0.504460 0.493948
vt 0.500911 0.494915
vt 0.500921 0.489282
vt 0.503821 0.479203
vt 0.510290 0.484943
vt 0.488970 0.298930
vt 0.510370 0.472715
vt 0.496958 0.493740
vt 0.497532 0.484548
vt 0.495154 0.488496
vt 0.492900 0.289215
vt 0.501757 0.479591
vt 0.496738 0.479711
vt 0.490963 0.483777
vt 0.385530 0.401812
vt 0.502106 0.471084
vt 0.379572 0.409204
vt 0.497049 0.474751
vt 0.483701 0.298853
vt 0.491264 0.476703
vt 0.483608 0.290210
vt 0.486513 0.501125
vt 0.500529 0.271231
vt 0.485698 0.331703
vt 0.478513 0.504218
vt 0.521830 0.383606
vt 0.580333 0.337837
vt 0.489188 0.491131
vt 0.478940 0.345530
vt 0.476147 0.328263
vt 0.482958 0.492935
vt 0.503408 0.453395
vt 0.502534 0.443967
vt 0.473312 0.339853
vt 0.591629 0.317129
vt 0.473459 0.318576
vt 0.503274 0.432575
vt 0.499860 0.439358
vt 0.497101 0.440665
vt 0.497165 0.434695
vt 0.498843 0.432454
vt 0.483640 0.318619
vt 0.483746 0.485659
vt 0.479591 0.311336
vt 0.477273 0.491041
vt 0.499776 0.426255
vt 0.500391 0.417651
vt 0.503722 0.419537
vt 0.502924 0.428144
vt 0.467239 0.326789
vt 0.496337 0.426947
vt 0.492973 0.434682
vt 0.466929 0.486248
vt 0.496803 0.420994
vt 0.463808 0.336163
vt 0.487120 0.426193
vt 0.457213 0.326298
vt 0.509821 0.460931
vt 0.454997 0.338725
vt 0.500473 0.465891
vt 0.503737 0.466056
vt 0.499554 0.469605
vt 0.502157 0.458377
vt 0.494220 0.471625
vt 0.493077 0.467986
vt 0.467904 0.311392
vt 0.488178 0.470227
vt 0.495744 0.464906
vt 0.463006 0.317161
vt 0.481109 0.476862
vt 0.466977 0.306328
vt 0.503531 0.412767
vt 0.480952 0.468151
vt 0.499294 0.410894
vt 0.459747 0.309662
vt 0.598829 0.301875
vt 0.472906 0.469957
vt 0.470671 0.479122
vt 0.503396 0.407349
vt 0.500476 0.402266
vt 0.503578 0.401257
vt 0.496027 0.409044
vt 0.496540 0.413887
vt 0.497813 0.405928
vt 0.495136 0.404113
vt 0.470659 0.299417
vt 0.490579 0.406858
vt 0.484179 0.417985
vt 0.480248 0.411135
vt 0.549980 0.328403
vt 0.462477 0.480004
vt 0.464223 0.300705
vt 0.582435 0.310560
vt 0.463076 0.468111
vt 0.457698 0.471607
vt 0.499762 0.395315
vt 0.504875 0.394502
vt 0.503611 0.387780
vt 0.450112 0.331865
vt 0.497227 0.400068
vt 0.451239 0.516271
vt 0.493337 0.400526
vt 0.447779 0.523049
vt 0.497208 0.392156
vt 0.442422 0.526691
vt 0.436811 0.533539
vt 0.492533 0.394304
vt 0.440884 0.324255
vt 0.440096 0.333238
vt 0.447901 0.312658
vt 0.438517 0.520862
vt 0.481628 0.392192
vt 0.442008 0.514310
vt 0.519770 0.371795
vt 0.428593 0.512164
vt 0.436843 0.510156
vt 0.467633 0.496294
vt 0.461430 0.511322
vt 0.505749 0.274634
vt 0.570038 0.307131
vt 0.519501 0.358003
vt 0.513242 0.267399
vt 0.484527 0.279678
vt 0.477173 0.285088
vt 0.476561 0.290696
vt 0.462790 0.496219
vt 0.455248 0.493188
vt 0.510949 0.354467
vt 0.472442 0.278825
vt 0.468119 0.287230
vt 0.503972 0.268541
vt 0.506048 0.267839
vt 0.510884 0.341232
vt 0.494409 0.271174
vt 0.504968 0.345787
vt 0.505262 0.352820
vt 0.448636 0.501531
vt 0.506338 0.338116
vt 0.500345 0.265584
vt 0.442880 0.505082
vt 0.502452 0.347384
vt 0.506143 0.257467
vt 0.510500 0.263497
vt 0.438254 0.506053
vt 0.503805 0.262500
vt 0.500848 0.259606
vt 0.500608 0.253783
vt 0.503576 0.255956
vt 0.502662 0.249091
vt 0.448830 0.493022
vt 0.450639 0.486601
vt 0.439152 0.491018
vt 0.488490 0.269642
vt 0.511200 0.389504
vt 0.443557 0.487710
vt 0.526970 0.325352
vt 0.489811 0.255836
vt 0.484771 0.259376
vt 0.483915 0.267447
vt 0.448044 0.470160
vt 0.553926 0.302843
vt 0.474876 0.274205
vt 0.561843 0.280878
vt 0.443912 0.479798
vt 0.469828 0.265370
vt 0.499153 0.386334
vt 0.496008 0.249279
vt 0.501764 0.382493
vt 0.503945 0.378253
vt 0.437652 0.495278
vt 0.499015 0.379801
vt 0.481448 0.249073
vt 0.494876 0.385812
vt 0.504509 0.370664
vt 0.501699 0.373416
vt 0.505035 0.363028
vt 0.510553 0.364622
vt 0.430793 0.503532
vt 0.498408 0.372330
vt 0.491012 0.376498
vt 0.425504 0.496893
vt 0.501504 0.365389
vt 0.483460 0.243966
vt 0.486650 0.237869
vt 0.498365 0.366893
vt 0.429016 0.491775
vt 0.498800 0.362202
vt 0.435691 0.484340
vt 0.489723 0.387579
vt 0.429814 0.484365
vt 0.485230 0.228503
vt 0.479460 0.240348
vt 0.482501 0.381764
vt 0.474260 0.244221
vt 0.479449 0.259920
vt 0.499017 0.461576
vt 0.495831 0.459151
vt 0.511819 0.336270
vt 0.489769 0.463315
vt 0.498918 0.454435
vt 0.463706 0.254574
vt 0.483087 0.372869
vt 0.499077 0.447528
vt 0.495577 0.449648
vt 0.488074 0.457294
vt 0.462197 0.270538
vt 0.497020 0.445017
vt 0.482762 0.459094
vt 0.467444 0.247387
vt 0.478949 0.460154
vt 0.501340 0.357254
vt 0.458035 0.258154
vt 0.461367 0.248764
vt 0.496669 0.355986
vt 0.487714 0.363566
vt 0.499879 0.353465
vt 0.466382 0.459161
vt 0.490361 0.353385
vt 0.609301 0.296357
vt 0.470359 0.293436
vt 0.461738 0.292235
vt 0.477625 0.358753
vt 0.463870 0.280477
vt 0.477347 0.352609
vt 0.471068 0.357338
vt 0.454964 0.299267
vt 0.468389 0.346693
vt 0.462138 0.352376
vt 0.459667 0.342675
vt 0.450843 0.347074
vt 0.469746 0.368733
vt 0.447284 0.288790
vt 0.443822 0.300065
vt 0.477915 0.364582
vt 0.449120 0.279525
vt 0.472243 0.363993
vt 0.446316 0.342108
vt 0.599686 0.283824
vt 0.612695 0.278195
vt 0.578968 0.277377
vt 0.629722 0.264980
vt 0.427952 0.316507
vt 0.430393 0.309952
vt 0.543690 0.273515
vt 0.595987 0.254793
vt 0.620159 0.256848
vt 0.430508 0.302044
vt 0.440100 0.285540
vt 0.424130 0.298978
vt 0.435117 0.361568
vt 0.442462 0.462750
vt 0.437883 0.475666
vt 0.439193 0.350905
vt 0.439693 0.469466
vt 0.424656 0.292277
vt 0.431920 0.473396
vt 0.452431 0.272579
vt 0.445309 0.267651
vt 0.435232 0.270789
vt 0.430724 0.464757
vt 0.426019 0.351874
vt 0.424278 0.287085
vt 0.431846 0.340025
vt 0.407679 0.481983
vt 0.404781 0.494318
vt 0.422498 0.474659
vt 0.411145 0.473325
vt 0.415464 0.364424
vt 0.428921 0.271894
vt 0.427372 0.281079
vt 0.422990 0.362433
vt 0.418521 0.283795
vt 0.423235 0.275542
vt 0.422181 0.467635
vt 0.416312 0.352047
vt 0.422890 0.267225
vt 0.423528 0.459058
vt 0.577011 0.258851
vt 0.452451 0.261825
vt 0.431729 0.328290
vt 0.410204 0.462023
vt 0.441956 0.258039
vt 0.403343 0.469742
vt 0.555628 0.264182
vt 0.404391 0.454750
vt 0.411046 0.354261
vt 0.405707 0.350094
vt 0.412710 0.306427
vt 0.395170 0.451726
vt 0.584406 0.235896
vt 0.567539 0.236494
vt 0.418350 0.296037
vt 0.490850 0.444227
vt 0.483640 0.447617
vt 0.480215 0.443293
vt 0.486214 0.438390
vt 0.391699 0.393186
vt 0.411059 0.290629
vt 0.405185 0.297946
vt 0.479722 0.433668
vt 0.481920 0.426093
vt 0.398502 0.292598
vt 0.408194 0.271252
vt 0.377172 0.401722
vt 0.371236 0.411028
vt 0.394406 0.299211
vt 0.371288 0.392232
vt 0.377617 0.393211
vt 0.397140 0.289657
vt 0.413568 0.276215
vt 0.380652 0.380824
vt 0.386623 0.304589
vt 0.383734 0.288465
vt 0.473470 0.425173
vt 0.374421 0.296284
vt 0.503515 0.565664
vt 0.503699 0.559970
vt 0.500635 0.565030
vt 0.511067 0.495010
vt 0.511136 0.415181
vt 0.510273 0.402319
vt 0.620196 0.284412
vt 0.626885 0.275729
vt 0.624815 0.265018
vt 0.303343 0.415921
vt 0.325584 0.419474
vt 0.326449 0.426198
vt 0.269150 0.464331
vt 0.270515 0.473584
vt 0.306510 0.407082
vt 0.299358 0.432713
vt 0.261229 0.459161
vt 0.384861 0.450124
vt 0.374296 0.452055
vt 0.267403 0.446228
vt 0.274963 0.448008
vt 0.442812 0.557034
vt 0.253764 0.451971
vt 0.253093 0.465575
vt 0.282371 0.438665
vt 0.282854 0.447826
vt 0.439607 0.552921
vt 0.325493 0.409550
vt 0.435951 0.549591
vt 0.304292 0.395642
vt 0.368477 0.449121
vt 0.270706 0.436869
vt 0.366516 0.435033
vt 0.428355 0.551093
vt 0.257320 0.440759
vt 0.380542 0.471322
vt 0.367205 0.475251
vt 0.368982 0.466440
vt 0.290438 0.420140
vt 0.441802 0.546054
vt 0.264337 0.431579
vt 0.436025 0.540646
vt 0.380458 0.459112
vt 0.379299 0.466766
vt 0.254757 0.429838
vt 0.361436 0.459146
vt 0.427901 0.540933
vt 0.292340 0.426701
vt 0.358085 0.468531
vt 0.358097 0.476925
vt 0.287489 0.434485
vt 0.290261 0.439395
vt 0.279018 0.429784
vt 0.246768 0.444783
vt 0.247232 0.461806
vt 0.234166 0.459789
vt 0.356649 0.444024
vt 0.352107 0.447412
vt 0.416952 0.547170
vt 0.353484 0.462633
vt 0.344145 0.458883
vt 0.277904 0.418762
vt 0.428821 0.523281
vt 0.234573 0.442763
vt 0.408676 0.533180
vt 0.290646 0.395714
vt 0.362776 0.426529
vt 0.360810 0.436747
vt 0.413141 0.524217
vt 0.303405 0.378393
vt 0.355086 0.425059
vt 0.280336 0.408460
vt 0.337821 0.449476
vt 0.404488 0.529635
vt 0.255244 0.477550
vt 0.249641 0.473951
vt 0.242880 0.478978
vt 0.334692 0.434815
vt 0.272914 0.388904
vt 0.229710 0.469315
vt 0.392571 0.537393
vt 0.286383 0.380305
vt 0.351011 0.480294
vt 0.345539 0.475333
vt 0.342343 0.484542
vt 0.219531 0.470412
vt 0.344415 0.492301
vt 0.268611 0.376325
vt 0.331963 0.475928
vt 0.404715 0.503815
vt 0.218268 0.456986
vt 0.327552 0.485786
vt 0.252426 0.384431
vt 0.342152 0.467518
vt 0.331827 0.470683
vt 0.335561 0.464882
vt 0.369072 0.414763
vt 0.364063 0.408276
vt 0.355712 0.411322
vt 0.337377 0.494108
vt 0.326959 0.496426
vt 0.331835 0.488783
vt 0.367160 0.398374
vt 0.310887 0.489211
vt 0.321776 0.504252
vt 0.317821 0.486515
vt 0.384324 0.527887
vt 0.356250 0.402365
vt 0.397057 0.510991
vt 0.315587 0.479030
vt 0.349942 0.402782
vt 0.319094 0.473298
vt 0.319825 0.467839
vt 0.338100 0.410593
vt 0.240016 0.428876
vt 0.337419 0.403542
vt 0.326026 0.462690
vt 0.315065 0.453937
vt 0.229165 0.434899
vt 0.382658 0.506059
vt 0.344329 0.394650
vt 0.223263 0.428526
vt 0.336853 0.395107
vt 0.297902 0.484050
vt 0.344210 0.380895
vt 0.307960 0.465406
vt 0.248269 0.412651
vt 0.337130 0.383214
vt 0.296918 0.464865
vt 0.371534 0.519390
vt 0.338076 0.374206
vt 0.250187 0.401270
vt 0.396212 0.502411
vt 0.396145 0.498649
vt 0.390457 0.495278
vt 0.327787 0.400800
vt 0.329550 0.383720
vt 0.330061 0.456529
vt 0.387363 0.500671
vt 0.227816 0.418030
vt 0.232090 0.413944
vt 0.322326 0.454106
vt 0.336356 0.441909
vt 0.330533 0.445062
vt 0.328007 0.450842
vt 0.384155 0.497682
vt 0.343412 0.364930
vt 0.380949 0.492493
vt 0.324461 0.440484
vt 0.372985 0.496464
vt 0.371100 0.507534
vt 0.248473 0.392038
vt 0.323040 0.445522
vt 0.375369 0.484346
vt 0.340887 0.361354
vt 0.333304 0.363031
vt 0.366899 0.489217
vt 0.343631 0.355562
vt 0.249431 0.367146
vt 0.365434 0.493220
vt 0.235500 0.395157
vt 0.331608 0.352381
vt 0.230437 0.407112
vt 0.318733 0.510065
vt 0.303013 0.497573
vt 0.398433 0.486870
vt 0.313959 0.376998
vt 0.215662 0.412388
vt 0.399661 0.479977
vt 0.388096 0.483725
vt 0.213902 0.399324
vt 0.395968 0.473871
vt 0.394002 0.469119
vt 0.317352 0.352107
vt 0.386658 0.476627
vt 0.336131 0.343683
vt 0.217784 0.443310
vt 0.392078 0.462394
vt 0.292977 0.471901
vt 0.308419 0.338341
vt 0.204107 0.448670
vt 0.279141 0.481153
vt 0.299059 0.369213
vt 0.212960 0.433799
vt 0.305913 0.356044
vt 0.287053 0.462264
vt 0.203171 0.435638
vt 0.278159 0.468831
vt 0.379159 0.478056
vt 0.292915 0.358966
vt 0.296721 0.343281
vt 0.275691 0.487974
vt 0.198334 0.444547
vt 0.268376 0.485877
vt 0.262961 0.473163
vt 0.185452 0.442875
vt 0.359464 0.506311
vt 0.205264 0.421979
vt 0.340787 0.424824
vt 0.362974 0.498535
vt 0.332485 0.426709
vt 0.335725 0.420404
vt 0.194519 0.434840
vt 0.341846 0.513998
vt 0.184628 0.433897
vt 0.289879 0.368811
vt 0.178002 0.441306
vt 0.195088 0.420091
vt 0.188142 0.424745
vt 0.353193 0.498120
vt 0.189787 0.413983
vt 0.293133 0.450811
vt 0.180725 0.427178
vt 0.281905 0.362787
vt 0.287350 0.349978
vt 0.177291 0.433251
vt 0.354453 0.490688
vt 0.328484 0.431874
vt 0.267477 0.355250
vt 0.198660 0.410361
vt 0.281499 0.460389
vt 0.333074 0.509393
vt 0.307280 0.442609
vt 0.167449 0.441905
vt 0.159974 0.450676
vt 0.171689 0.433562
vt 0.171213 0.427179
vt 0.158768 0.436055
vt 0.155779 0.446262
vt 0.155537 0.440809
vt 0.152465 0.439570
vt 0.319885 0.182010
vt 0.316411 0.194795
vt 0.455775 0.200330
vt 0.454779 0.211937
vt 0.443958 0.204747
vt 0.633978 0.235983
vt 0.636470 0.233154
vt 0.636177 0.238336
vt 0.633540 0.225452
vt 0.629451 0.233086
vt 0.334063 0.178013
vt 0.332309 0.191132
vt 0.471742 0.123305
vt 0.472912 0.119734
vt 0.476140 0.122557
vt 0.636063 0.225142
vt 0.635353 0.220136
vt 0.462664 0.184722
vt 0.470256 0.192863
vt 0.460324 0.193779
vt 0.473537 0.187687
vt 0.489828 0.140614
vt 0.485938 0.132202
vt 0.496353 0.138120
vt 0.629354 0.210565
vt 0.635338 0.212289
vt 0.633429 0.215190
vt 0.482341 0.140353
vt 0.637879 0.215719
vt 0.462772 0.179061
vt 0.306925 0.186245
vt 0.484955 0.144341
vt 0.476043 0.140294
vt 0.453391 0.181020
vt 0.486522 0.122209
vt 0.495848 0.129837
vt 0.643448 0.231082
vt 0.311942 0.174907
vt 0.643082 0.213795
vt 0.648866 0.228012
vt 0.456399 0.188363
vt 0.629412 0.221042
vt 0.449652 0.193877
vt 0.636056 0.207437
vt 0.327353 0.164459
vt 0.470896 0.149275
vt 0.479642 0.150420
vt 0.471600 0.157392
vt 0.464133 0.157759
vt 0.463073 0.166786
vt 0.324987 0.215125
vt 0.329859 0.226361
vt 0.321672 0.232729
vt 0.464275 0.150339
vt 0.454439 0.174358
vt 0.599940 0.229121
vt 0.618211 0.206603
vt 0.636041 0.257520
vt 0.471973 0.178982
vt 0.633407 0.253458
vt 0.628846 0.255189
vt 0.311798 0.225768
vt 0.468152 0.176668
vt 0.470317 0.141911
vt 0.475647 0.134100
vt 0.637570 0.250302
vt 0.463902 0.174844
vt 0.470552 0.146922
vt 0.477719 0.146294
vt 0.305278 0.228359
vt 0.463997 0.146645
vt 0.465194 0.136063
vt 0.462191 0.141540
vt 0.458034 0.135760
vt 0.642934 0.247002
vt 0.452864 0.165960
vt 0.457142 0.148246
vt 0.303056 0.216904
vt 0.450785 0.153711
vt 0.636522 0.242542
vt 0.635254 0.247925
vt 0.632980 0.242849
vt 0.630150 0.248436
vt 0.458864 0.144812
vt 0.453240 0.143395
vt 0.452525 0.145993
vt 0.506127 0.153480
vt 0.507134 0.161143
vt 0.504607 0.156616
vt 0.503402 0.164067
vt 0.501201 0.154863
vt 0.500767 0.161840
vt 0.493874 0.166523
vt 0.503726 0.154457
vt 0.502900 0.147465
vt 0.429025 0.202133
vt 0.496962 0.149591
vt 0.429815 0.193076
vt 0.439564 0.184310
vt 0.628907 0.240974
vt 0.498514 0.145977
vt 0.504217 0.144009
vt 0.285460 0.224283
vt 0.300983 0.234191
vt 0.290643 0.247601
vt 0.490653 0.146653
vt 0.432366 0.186022
vt 0.489561 0.157937
vt 0.489032 0.149616
vt 0.427686 0.180962
vt 0.311381 0.240200
vt 0.422929 0.189533
vt 0.495608 0.142330
vt 0.483382 0.149013
vt 0.436723 0.171416
vt 0.443031 0.167658
vt 0.453685 0.160541
vt 0.293839 0.208795
vt 0.483232 0.067216
vt 0.484437 0.058308
vt 0.489958 0.062682
vt 0.490602 0.071559
vt 0.660267 0.222283
vt 0.439533 0.164670
vt 0.306093 0.196926
vt 0.493305 0.092527
vt 0.484438 0.091085
vt 0.490958 0.084455
vt 0.443608 0.155598
vt 0.483777 0.103394
vt 0.491534 0.097622
vt 0.473760 0.068012
vt 0.473529 0.079558
vt 0.470425 0.069675
vt 0.470027 0.076543
vt 0.478147 0.076139
vt 0.449709 0.148794
vt 0.459912 0.073304
vt 0.454104 0.072079
vt 0.442029 0.147621
vt 0.456702 0.082198
vt 0.449736 0.076303
vt 0.449381 0.082460
vt 0.452905 0.085906
vt 0.435433 0.157302
vt 0.431607 0.165557
vt 0.469964 0.090333
vt 0.470052 0.084131
vt 0.457567 0.092582
vt 0.453554 0.096863
vt 0.449010 0.088363
vt 0.449550 0.096234
vt 0.275056 0.222352
vt 0.282127 0.211440
vt 0.430954 0.078798
vt 0.433246 0.069594
vt 0.437924 0.081017
vt 0.429635 0.173160
vt 0.286022 0.205225
vt 0.295671 0.186418
vt 0.621192 0.239451
vt 0.421551 0.071660
vt 0.424659 0.085697
vt 0.420050 0.079529
vt 0.277753 0.190949
vt 0.277226 0.206476
vt 0.422551 0.173270
vt 0.473834 0.095443
vt 0.470046 0.094766
vt 0.261687 0.212382
vt 0.473095 0.101948
vt 0.477236 0.110483
vt 0.271434 0.198024
vt 0.470338 0.107413
vt 0.421108 0.163518
vt 0.468497 0.102639
vt 0.475632 0.115731
vt 0.471708 0.112203
vt 0.402932 0.174175
vt 0.468557 0.111977
vt 0.467207 0.118991
vt 0.449633 0.102130
vt 0.452379 0.105332
vt 0.457310 0.100449
vt 0.458991 0.105673
vt 0.456955 0.109694
vt 0.449263 0.110783
vt 0.458521 0.114772
vt 0.454944 0.117140
vt 0.424218 0.157930
vt 0.451504 0.113422
vt 0.452330 0.120168
vt 0.638510 0.203446
vt 0.449714 0.120458
vt 0.413065 0.190566
vt 0.434193 0.107535
vt 0.432605 0.101658
vt 0.438586 0.100875
vt 0.647663 0.202632
vt 0.643855 0.193391
vt 0.639889 0.197943
vt 0.464524 0.124306
vt 0.458869 0.122506
vt 0.409917 0.165967
vt 0.451832 0.124043
vt 0.467487 0.130028
vt 0.472422 0.129146
vt 0.452694 0.127264
vt 0.396293 0.189891
vt 0.448907 0.128319
vt 0.447349 0.124756
vt 0.631414 0.177959
vt 0.635585 0.176798
vt 0.632269 0.185450
vt 0.628879 0.180522
vt 0.632634 0.205046
vt 0.452736 0.138537
vt 0.635164 0.200575
vt 0.451357 0.135687
vt 0.629517 0.201320
vt 0.634344 0.196370
vt 0.446203 0.141849
vt 0.637976 0.192910
vt 0.627958 0.195626
vt 0.635044 0.190416
vt 0.682195 0.220652
vt 0.638383 0.187323
vt 0.312379 0.119638
vt 0.333011 0.095104
vt 0.643933 0.184077
vt 0.418352 0.269096
vt 0.629213 0.187596
vt 0.635805 0.185938
vt 0.395420 0.270167
vt 0.655511 0.183969
vt 0.638072 0.180352
vt 0.329238 0.119300
vt 0.640456 0.169480
vt 0.642775 0.177940
vt 0.401135 0.250367
vt 0.303669 0.115612
vt 0.634805 0.167090
vt 0.688316 0.199359
vt 0.634404 0.157810
vt 0.638635 0.164920
vt 0.636541 0.157329
vt 0.353487 0.159141
vt 0.342864 0.159330
vt 0.342859 0.147745
vt 0.351364 0.147839
vt 0.641045 0.157650
vt 0.336673 0.152031
vt 0.383327 0.267224
vt 0.648729 0.180546
vt 0.320636 0.157781
vt 0.327345 0.154155
vt 0.379694 0.281050
vt 0.352795 0.297352
vt 0.347097 0.297974
vt 0.342276 0.141900
vt 0.346915 0.145220
vt 0.337898 0.146311
vt 0.666344 0.196943
vt 0.361217 0.295717
vt 0.333434 0.144129
vt 0.336066 0.140000
vt 0.329405 0.146745
vt 0.661543 0.179718
vt 0.337685 0.130449
vt 0.344714 0.138654
vt 0.369390 0.287077
vt 0.662358 0.184179
vt 0.329384 0.139865
vt 0.650463 0.172443
vt 0.350000 0.290513
vt 0.325330 0.143950
vt 0.342344 0.315723
vt 0.323042 0.146931
vt 0.658684 0.172174
vt 0.317395 0.149852
vt 0.318454 0.145706
vt 0.317242 0.166943
vt 0.664652 0.173530
vt 0.675990 0.180366
vt 0.364185 0.286648
vt 0.306786 0.165930
vt 0.302189 0.173188
vt 0.378222 0.261803
vt 0.386738 0.254419
vt 0.337476 0.303633
vt 0.340628 0.292921
vt 0.315288 0.158058
vt 0.313444 0.146352
vt 0.391250 0.239241
vt 0.306196 0.155649
vt 0.324712 0.310878
vt 0.342314 0.288947
vt 0.384153 0.238936
vt 0.332605 0.292568
vt 0.297136 0.160220
vt 0.356867 0.276163
vt 0.324203 0.126617
vt 0.327469 0.130349
vt 0.325409 0.134823
vt 0.316106 0.130740
vt 0.346398 0.262854
vt 0.309015 0.126174
vt 0.333221 0.278149
vt 0.318378 0.287920
vt 0.366747 0.251981
vt 0.311278 0.134181
vt 0.305176 0.130580
vt 0.321209 0.138734
vt 0.307326 0.272907
vt 0.313733 0.139924
vt 0.319621 0.143580
vt 0.358613 0.254968
vt 0.312976 0.143984
vt 0.297727 0.124706
vt 0.397410 0.242149
vt 0.723640 0.196311
vt 0.303823 0.138140
vt 0.296488 0.135145
vt 0.296208 0.130025
vt 0.292224 0.138355
vt 0.288406 0.133958
vt 0.734294 0.204992
vt 0.308328 0.146107
vt 0.307602 0.141419
vt 0.304148 0.144958
vt 0.303306 0.148172
vt 0.670366 0.183008
vt 0.295928 0.153333
vt 0.355922 0.285692
vt 0.298320 0.147691
vt 0.730484 0.184262
vt 0.739199 0.192976
vt 0.292375 0.146880
vt 0.300026 0.141578
vt 0.715299 0.182687
vt 0.721891 0.180795
vt 0.298659 0.144781
vt 0.350369 0.280015
vt 0.686404 0.185493
vt 0.292025 0.142011
vt 0.349528 0.272431
vt 0.286479 0.139427
vt 0.342180 0.282173
vt 0.258396 0.197789
vt 0.262569 0.193143
vt 0.340142 0.271204
vt 0.270054 0.189571
vt 0.742365 0.182521
vt 0.260938 0.181284
vt 0.297091 0.178778
vt 0.732994 0.176328
vt 0.286729 0.183810
vt 0.724453 0.167818
vt 0.367304 0.235810
vt 0.745165 0.168865
vt 0.736956 0.158280
vt 0.288942 0.168385
vt 0.742213 0.174556
vt 0.360684 0.248987
vt 0.282042 0.177560
vt 0.356493 0.242304
vt 0.359708 0.236804
vt 0.278159 0.170234
vt 0.752072 0.180661
vt 0.347351 0.256928
vt 0.584529 0.202827
vt 0.351851 0.248268
vt 0.609915 0.180638
vt 0.276202 0.178424
vt 0.353830 0.237441
vt 0.270258 0.178454
vt 0.355125 0.230253
vt 0.341221 0.244900
vt 0.348371 0.236512
vt 0.763010 0.184278
vt 0.346359 0.230935
vt 0.282002 0.161945
vt 0.283954 0.155361
vt 0.568492 0.175128
vt 0.273155 0.161570
vt 0.272910 0.152210
vt 0.277902 0.147678
vt 0.387889 0.232637
vt 0.397148 0.235670
vt 0.729179 0.156751
vt 0.268075 0.148573
vt 0.382314 0.226658
vt 0.745118 0.155329
vt 0.746931 0.160724
vt 0.389664 0.222508
vt 0.281764 0.144838
vt 0.756944 0.162884
vt 0.374932 0.222869
vt 0.261427 0.176479
vt 0.755650 0.157666
vt 0.259958 0.162629
vt 0.755269 0.152912
vt 0.378554 0.218838
vt 0.364277 0.227945
vt 0.756091 0.173977
vt 0.763084 0.173639
vt 0.369409 0.221060
vt 0.770517 0.180903
vt 0.775080 0.182176
vt 0.767063 0.179839
vt 0.253027 0.178704
vt 0.767128 0.172308
vt 0.382615 0.207295
vt 0.772606 0.177951
vt 0.773680 0.168349
vt 0.776856 0.173303
vt 0.365489 0.193788
vt 0.779225 0.169274
vt 0.557722 0.207523
vt 0.241497 0.164808
vt 0.257080 0.154925
vt 0.362355 0.212219
vt 0.766280 0.167945
vt 0.768041 0.165188
vt 0.350544 0.211512
vt 0.768397 0.157453
vt 0.807843 0.157570
vt 0.805512 0.153217
vt 0.811387 0.155879
vt 0.334519 0.012592
vt 0.802839 0.150608
vt 0.812757 0.151177
vt 0.324659 0.011812
vt 0.321072 0.010950
vt 0.816359 0.152078
vt 0.331933 0.015223
vt 0.323395 0.015136
vt 0.765285 0.151036
vt 0.334833 0.024137
vt 0.338332 0.017729
vt 0.323496 0.026456
vt 0.810253 0.161530
vt 0.816551 0.158118
vt 0.816942 0.163802
vt 0.772472 0.159510
vt 0.824932 0.157521
vt 0.780771 0.160716
vt 0.837546 0.162275
vt 0.823024 0.152817
vt 0.314447 0.010281
vt 0.773593 0.151852
vt 0.775000 0.156717
vt 0.363621 0.014910
vt 0.773667 0.148187
vt 0.834698 0.167275
vt 0.824394 0.167325
vt 0.360358 0.012998
vt 0.776936 0.150085
vt 0.785956 0.165498
vt 0.839215 0.158209
vt 0.782399 0.152757
vt 0.786254 0.157859
vt 0.305954 0.010514
vt 0.831517 0.152419
vt 0.308295 0.012879
vt 0.788907 0.152146
vt 0.784609 0.149639
vt 0.352710 0.013413
vt 0.841376 0.152874
vt 0.296130 0.010029
vt 0.302790 0.012980
vt 0.742679 0.151280
vt 0.731525 0.150466
vt 0.291930 0.012665
vt 0.299315 0.015477
vt 0.316535 0.013704
vt 0.742107 0.149240
vt 0.336365 0.258490
vt 0.317892 0.018351
vt 0.749362 0.150164
vt 0.401580 0.021269
vt 0.388998 0.024576
vt 0.743002 0.146728
vt 0.394205 0.016012
vt 0.387819 0.016116
vt 0.749418 0.146967
vt 0.307730 0.016699
vt 0.756424 0.149955
vt 0.382687 0.020093
vt 0.311636 0.025491
vt 0.329145 0.251193
vt 0.411602 0.023895
vt 0.397851 0.027866
vt 0.400684 0.039226
vt 0.410433 0.032402
vt 0.298366 0.023339
vt 0.317584 0.260469
vt 0.376493 0.025382
vt 0.387936 0.035360
vt 0.383211 0.039958
vt 0.377318 0.037874
vt 0.372666 0.014797
vt 0.764593 0.148215
vt 0.369191 0.019749
vt 0.380954 0.016062
vt 0.756273 0.146995
vt 0.335445 0.039456
vt 0.323548 0.039420
vt 0.337059 0.032327
vt 0.362961 0.025618
vt 0.357730 0.017182
vt 0.587612 0.180025
vt 0.315711 0.037335
vt 0.298486 0.037270
vt 0.347099 0.023221
vt 0.345976 0.016139
vt 0.309010 0.040109
vt 0.328270 0.044053
vt 0.312262 0.043741
vt 0.353704 0.032307
vt 0.312903 0.051113
vt 0.327244 0.050919
vt 0.298299 0.043473
vt 0.365952 0.038205
vt 0.353614 0.039864
vt 0.610275 0.168135
vt 0.334124 0.046593
vt 0.779691 0.184812
vt 0.313890 0.248871
vt 0.587713 0.164705
vt 0.313817 0.061252
vt 0.325266 0.057639
vt 0.783401 0.178760
vt 0.613538 0.162304
vt 0.622129 0.167453
vt 0.787284 0.182762
vt 0.323555 0.069399
vt 0.300066 0.256990
vt 0.792067 0.178631
vt 0.788098 0.173964
vt 0.782572 0.173176
vt 0.312491 0.071510
vt 0.299384 0.065323
vt 0.789947 0.170243
vt 0.327393 0.084195
vt 0.800827 0.172915
vt 0.797516 0.170366
vt 0.792872 0.160588
vt 0.846227 0.155789
vt 0.568232 0.167154
vt 0.854418 0.156908
vt 0.848785 0.151980
vt 0.288728 0.010918
vt 0.805432 0.168047
vt 0.861826 0.157936
vt 0.799009 0.157952
vt 0.577643 0.162824
vt 0.805276 0.160162
vt 0.599108 0.162567
vt 0.651019 0.157268
vt 0.648397 0.151849
vt 0.287540 0.013826
vt 0.637838 0.150454
vt 0.281301 0.010414
vt 0.856265 0.152457
vt 0.291445 0.268188
vt 0.642174 0.150332
vt 0.276647 0.013659
vt 0.281964 0.016820
vt 0.647156 0.149511
vt 0.791108 0.155150
vt 0.650814 0.146280
vt 0.486156 0.016979
vt 0.275833 0.010388
vt 0.861758 0.152377
vt 0.797056 0.152320
vt 0.269153 0.011876
vt 0.674768 0.172491
vt 0.341319 0.013500
vt 0.796026 0.149613
vt 0.288011 0.022130
vt 0.672229 0.158995
vt 0.665531 0.155648
vt 0.290039 0.032011
vt 0.283011 0.025356
vt 0.274068 0.021645
vt 0.270772 0.016070
vt 0.658407 0.151702
vt 0.418486 0.087385
vt 0.415202 0.080195
vt 0.261034 0.012259
vt 0.412702 0.091034
vt 0.665066 0.148928
vt 0.659746 0.149058
vt 0.672491 0.150874
vt 0.406112 0.086888
vt 0.251404 0.014161
vt 0.475477 0.024803
vt 0.672210 0.146535
vt 0.464857 0.016525
vt 0.661012 0.144938
vt 0.476021 0.018306
vt 0.256544 0.020945
vt 0.259863 0.015880
vt 0.421545 0.106709
vt 0.421806 0.092211
vt 0.426930 0.098532
vt 0.410502 0.098416
vt 0.672318 0.149330
vt 0.261797 0.026414
vt 0.680410 0.155314
vt 0.680700 0.150693
vt 0.680803 0.146995
vt 0.456315 0.015809
vt 0.460095 0.023949
vt 0.454225 0.020981
vt 0.686349 0.177009
vt 0.396556 0.108991
vt 0.345175 0.030718
vt 0.287790 0.039185
vt 0.286567 0.044036
vt 0.297826 0.049844
vt 0.694973 0.180188
vt 0.695374 0.169891
vt 0.428779 0.108128
vt 0.346526 0.039094
vt 0.276680 0.038451
vt 0.704742 0.184216
vt 0.436323 0.111831
vt 0.410214 0.062765
vt 0.404878 0.073228
vt 0.425593 0.112404
vt 0.418515 0.116816
vt 0.411077 0.119644
vt 0.273796 0.044204
vt 0.265017 0.039624
vt 0.263921 0.037259
vt 0.247230 0.038076
vt 0.263121 0.043043
vt 0.412320 0.039748
vt 0.399511 0.043611
vt 0.410320 0.045034
vt 0.256111 0.039723
vt 0.253029 0.042869
vt 0.393194 0.044633
vt 0.390908 0.040129
vt 0.402461 0.046040
vt 0.251022 0.050031
vt 0.244030 0.043491
vt 0.377409 0.044870
vt 0.373459 0.040476
vt 0.433053 0.120175
vt 0.361907 0.041098
vt 0.345189 0.044466
vt 0.425593 0.118588
vt 0.703446 0.176937
vt 0.709638 0.182558
vt 0.425878 0.124260
vt 0.370681 0.061938
vt 0.401965 0.063030
vt 0.414264 0.052858
vt 0.250309 0.017972
vt 0.246785 0.025337
vt 0.229508 0.020094
vt 0.216143 0.020598
vt 0.414000 0.126215
vt 0.420418 0.130536
vt 0.714070 0.174378
vt 0.401720 0.115210
vt 0.705606 0.158293
vt 0.713553 0.156009
vt 0.232502 0.036320
vt 0.221289 0.027771
vt 0.203678 0.025341
vt 0.379973 0.069261
vt 0.385772 0.064653
vt 0.402863 0.123022
vt 0.408260 0.130596
vt 0.376565 0.063587
vt 0.193795 0.023514
vt 0.372670 0.073735
vt 0.200305 0.035492
vt 0.191523 0.037444
vt 0.231436 0.039160
vt 0.381335 0.075936
vt 0.387435 0.073913
vt 0.720493 0.160285
vt 0.386399 0.084502
vt 0.232637 0.043245
vt 0.400830 0.130852
vt 0.391837 0.132746
vt 0.385978 0.122682
vt 0.394241 0.122959
vt 0.379086 0.079191
vt 0.230511 0.060411
vt 0.254568 0.074762
vt 0.389824 0.172052
vt 0.360114 0.079767
vt 0.375481 0.174213
vt 0.210616 0.043482
vt 0.207862 0.038821
vt 0.216264 0.037263
vt 0.204024 0.043018
vt 0.335867 0.043791
vt 0.213515 0.055666
vt 0.690464 0.156638
vt 0.342583 0.051925
vt 0.351048 0.167843
vt 0.386935 0.131461
vt 0.379369 0.128397
vt 0.281102 0.052245
vt 0.370086 0.162112
vt 0.689250 0.152147
vt 0.366029 0.087380
vt 0.704002 0.151129
vt 0.693283 0.149518
vt 0.698228 0.156187
vt 0.398070 0.073559
vt 0.398705 0.084310
vt 0.699242 0.149996
vt 0.376749 0.092259
vt 0.706299 0.147015
vt 0.430820 0.015993
vt 0.685339 0.148887
vt 0.445142 0.024810
vt 0.445863 0.020270
vt 0.338499 0.077581
vt 0.361304 0.095654
vt 0.436439 0.021970
vt 0.696343 0.146508
vt 0.440773 0.016701
vt 0.276937 0.076591
vt 0.431749 0.026824
vt 0.367465 0.107426
vt 0.369068 0.113361
vt 0.375576 0.112611
vt 0.274848 0.059921
vt 0.354104 0.113806
vt 0.710550 0.149955
vt 0.712595 0.146411
vt 0.424592 0.016360
vt 0.420444 0.015508
vt 0.716748 0.147407
vt 0.719658 0.153926
vt 0.424001 0.021568
vt 0.256632 0.091196
vt 0.722303 0.150091
vt 0.341049 0.107029
vt 0.723794 0.146813
vt 0.413371 0.016316
vt 0.420253 0.027943
vt 0.406228 0.016504
vt 0.730910 0.146661
vt 0.486525 0.026240
vt 0.494621 0.017119
vt 0.642242 0.146251
vt 0.488938 0.221031
vt 0.496739 0.218752
vt 0.481341 0.222950
vt 0.342589 0.120939
vt 0.490672 0.038949
vt 0.494579 0.026826
vt 0.498559 0.034381
vt 0.615515 0.141241
vt 0.281021 0.091652
vt 0.478222 0.234195
vt 0.468996 0.237146
vt 0.474193 0.220131
vt 0.469783 0.226587
vt 0.480067 0.215163
vt 0.374673 0.124444
vt 0.368840 0.120565
vt 0.374597 0.119755
vt 0.476956 0.037582
vt 0.464502 0.031666
vt 0.466033 0.039160
vt 0.466293 0.220645
vt 0.368378 0.127701
vt 0.474579 0.214207
vt 0.462857 0.241239
vt 0.476438 0.044878
vt 0.483902 0.040508
vt 0.484368 0.045488
vt 0.452186 0.249159
vt 0.488484 0.050448
vt 0.490969 0.043175
vt 0.457086 0.241725
vt 0.381863 0.119115
vt 0.476187 0.058656
vt 0.475158 0.054620
vt 0.479783 0.056096
vt 0.451835 0.237773
vt 0.473487 0.060834
vt 0.471497 0.050207
vt 0.470302 0.061514
vt 0.463836 0.052551
vt 0.464585 0.229125
vt 0.454890 0.028481
vt 0.350553 0.123868
vt 0.447096 0.034979
vt 0.456378 0.039710
vt 0.438143 0.039808
vt 0.426939 0.039680
vt 0.458558 0.222732
vt 0.446835 0.040312
vt 0.443723 0.223570
vt 0.276570 0.106885
vt 0.432173 0.044876
vt 0.353069 0.139198
vt 0.346807 0.130789
vt 0.358262 0.137799
vt 0.427744 0.051205
vt 0.436589 0.056775
vt 0.422328 0.044910
vt 0.349582 0.142427
vt 0.450531 0.057465
vt 0.455023 0.053804
vt 0.456720 0.058204
vt 0.451787 0.051421
vt 0.453305 0.059758
vt 0.465813 0.214585
vt 0.449660 0.060945
vt 0.453164 0.064126
vt 0.449755 0.069929
vt 0.445085 0.057341
vt 0.443519 0.065248
vt 0.440260 0.063746
vt 0.462542 0.205798
vt 0.428507 0.060758
vt 0.436722 0.135189
vt 0.445220 0.132538
vt 0.442975 0.137513
vt 0.436435 0.129408
vt 0.427638 0.132489
vt 0.440495 0.069527
vt 0.428893 0.140034
vt 0.445014 0.071223
vt 0.415971 0.133688
vt 0.418826 0.138920
vt 0.429958 0.211565
vt 0.434534 0.141611
vt 0.437635 0.144157
vt 0.443195 0.144409
vt 0.427790 0.265932
vt 0.435945 0.148292
vt 0.419640 0.037239
vt 0.238540 0.083934
vt 0.433634 0.146201
vt 0.428826 0.147977
vt 0.547147 0.170393
vt 0.415561 0.252060
vt 0.427631 0.143874
vt 0.405732 0.240977
vt 0.421576 0.142903
vt 0.422905 0.147573
vt 0.418311 0.155387
vt 0.402116 0.158972
vt 0.532561 0.205370
vt 0.432233 0.259497
vt 0.412454 0.150558
vt 0.437047 0.246096
vt 0.427805 0.254796
vt 0.241877 0.101442
vt 0.430864 0.243114
vt 0.259362 0.111148
vt 0.416155 0.147118
vt 0.412540 0.144735
vt 0.414271 0.140426
vt 0.422489 0.242241
vt 0.407717 0.146686
vt 0.423699 0.256603
vt 0.230469 0.096520
vt 0.405546 0.142336
vt 0.419901 0.247321
vt 0.402537 0.138547
vt 0.539750 0.188946
vt 0.396478 0.139969
vt 0.397547 0.149599
vt 0.400648 0.146182
vt 0.398342 0.143906
vt 0.243208 0.111251
vt 0.425592 0.219983
vt 0.391054 0.139827
vt 0.419204 0.227917
vt 0.219086 0.105274
vt 0.391752 0.163654
vt 0.516990 0.192576
vt 0.383754 0.160045
vt 0.511850 0.209257
vt 0.392842 0.155154
vt 0.198294 0.086918
vt 0.505626 0.216786
vt 0.413783 0.245479
vt 0.219076 0.090683
vt 0.409289 0.234551
vt 0.414659 0.233639
vt 0.528255 0.175271
vt 0.393299 0.146575
vt 0.391875 0.142559
vt 0.387695 0.145730
vt 0.400975 0.241044
vt 0.385031 0.148886
vt 0.406697 0.223856
vt 0.402759 0.236223
vt 0.385986 0.137479
vt 0.386197 0.141374
vt 0.380221 0.141340
vt 0.383639 0.144202
vt 0.377621 0.149076
vt 0.370799 0.153716
vt 0.373930 0.147158
vt 0.210290 0.097500
vt 0.371059 0.139876
vt 0.377131 0.138428
vt 0.410039 0.219581
vt 0.375045 0.143499
vt 0.380629 0.145725
vt 0.369155 0.145069
vt 0.558311 0.170371
vt 0.412394 0.207037
vt 0.567788 0.161417
vt 0.366822 0.147672
vt 0.563265 0.163514
vt 0.360978 0.145438
vt 0.359623 0.150835
vt 0.374279 0.135913
vt 0.365099 0.139070
vt 0.552859 0.165140
vt 0.362374 0.142079
vt 0.289415 0.119097
vt 0.555589 0.162078
vt 0.391775 0.209001
vt 0.356059 0.143370
vt 0.396300 0.224230
vt 0.544648 0.166729
vt 0.355143 0.146092
vt 0.395764 0.216515
vt 0.539682 0.169593
vt 0.538084 0.161411
vt 0.548299 0.162079
vt 0.271925 0.121328
vt 0.531151 0.166110
vt 0.494566 0.100658
vt 0.493845 0.105438
vt 0.484819 0.111953
vt 0.344144 0.194571
vt 0.494793 0.113618
vt 0.505145 0.212279
vt 0.502442 0.217332
vt 0.500894 0.211186
vt 0.288520 0.127876
vt 0.278688 0.124347
vt 0.281310 0.130335
vt 0.492043 0.213924
vt 0.506543 0.204354
vt 0.502109 0.204901
vt 0.503631 0.201253
vt 0.497134 0.203241
vt 0.505979 0.197390
vt 0.500726 0.197762
vt 0.264703 0.125866
vt 0.485658 0.213584
vt 0.489072 0.203728
vt 0.251940 0.119498
vt 0.512804 0.187044
vt 0.240726 0.124611
vt 0.506108 0.190126
vt 0.511039 0.193953
vt 0.502639 0.194557
vt 0.507345 0.181112
vt 0.503645 0.187431
vt 0.518062 0.169370
vt 0.505556 0.174039
vt 0.512771 0.170604
vt 0.502845 0.180057
vt 0.499728 0.185805
vt 0.496916 0.176809
vt 0.499893 0.174989
vt 0.503975 0.170427
vt 0.505986 0.167630
vt 0.500439 0.168789
vt 0.494876 0.193937
vt 0.484347 0.206119
vt 0.484250 0.199358
vt 0.478054 0.199843
vt 0.490406 0.188913
vt 0.473680 0.206480
vt 0.212568 0.117644
vt 0.483709 0.192987
vt 0.223830 0.124745
vt 0.464396 0.200082
vt 0.244348 0.130963
vt 0.490165 0.177152
vt 0.242725 0.133611
vt 0.229971 0.130251
vt 0.231766 0.134542
vt 0.483704 0.179411
vt 0.277158 0.134832
vt 0.275156 0.129862
vt 0.281322 0.137112
vt 0.279551 0.140923
vt 0.276065 0.138454
vt 0.274057 0.143514
vt 0.514257 0.148707
vt 0.522763 0.146710
vt 0.516884 0.151571
vt 0.270977 0.135769
vt 0.270920 0.139168
vt 0.501499 0.119795
vt 0.529203 0.137569
vt 0.272622 0.147355
vt 0.267226 0.144732
vt 0.517884 0.162469
vt 0.265136 0.139775
vt 0.261790 0.142584
vt 0.260365 0.145427
vt 0.259808 0.134883
vt 0.260931 0.131218
vt 0.259149 0.138537
vt 0.482631 0.171302
vt 0.256297 0.148185
vt 0.255651 0.144408
vt 0.248811 0.148869
vt 0.473640 0.171259
vt 0.243029 0.157242
vt 0.255619 0.139349
vt 0.249260 0.135504
vt 0.479665 0.162051
vt 0.252485 0.140195
vt 0.248470 0.140552
vt 0.243543 0.139672
vt 0.250217 0.144730
vt 0.244237 0.145870
vt 0.242749 0.149412
vt 0.239113 0.144634
vt 0.233201 0.146681
vt 0.231506 0.144485
vt 0.227603 0.139548
vt 0.539005 0.142645
vt 0.496981 0.109423
vt 0.540807 0.136954
vt 0.544435 0.142358
vt 0.536106 0.146459
vt 0.543690 0.145952
vt 0.540071 0.151730
vt 0.537440 0.138950
vt 0.553281 0.136899
vt 0.496533 0.096633
vt 0.552152 0.141303
vt 0.625720 0.227982
vt 0.535874 0.137138
vt 0.498847 0.114118
vt 0.621040 0.221228
vt 0.625323 0.209057
vt 0.626065 0.246877
vt 0.530134 0.157708
vt 0.516203 0.158773
vt 0.522125 0.156146
vt 0.531993 0.149321
vt 0.527329 0.151292
vt 0.529541 0.145177
vt 0.522803 0.151874
vt 0.515175 0.154975
vt 0.513273 0.141113
vt 0.507974 0.150811
vt 0.511987 0.143133
vt 0.531835 0.143062
vt 0.531836 0.140172
vt 0.526190 0.140246
vt 0.521312 0.141998
vt 0.501993 0.124690
vt 0.523983 0.138322
vt 0.520035 0.140214
vt 0.501837 0.130946
vt 0.517611 0.138688
vt 0.509817 0.142068
vt 0.502707 0.136463
vt 0.511688 0.139524
vt 0.507067 0.144111
vt 0.506339 0.141844
vt 0.503441 0.141561
vt 0.511707 0.162864
vt 0.510418 0.155710
vt 0.625184 0.182898
vt 0.622093 0.189308
vt 0.626210 0.175578
vt 0.509746 0.152921
vt 0.512436 0.151516
vt 0.481035 0.119010
vt 0.480464 0.131713
vt 0.630273 0.166711
vt 0.632188 0.154398
vt 0.628206 0.163463
vt 0.634491 0.150575
vt 0.461749 0.133311
vt 0.505611 0.149231
vt 0.579086 0.140575
vt 0.573611 0.133795
vt 0.492516 0.076417
vt 0.584679 0.134675
vt 0.492505 0.065351
vt 0.490214 0.077036
vt 0.482782 0.078700
vt 0.478825 0.064240
vt 0.479394 0.082171
vt 0.494149 0.086410
vt 0.563483 0.134915
vt 0.467030 0.069820
vt 0.461365 0.064621
vt 0.464787 0.082560
vt 0.467559 0.086379
vt 0.464449 0.094830
vt 0.465525 0.090970
vt 0.444403 0.090984
vt 0.444018 0.098064
vt 0.443311 0.079848
vt 0.439551 0.093189
vt 0.462711 0.101597
vt 0.465449 0.107876
vt 0.621680 0.157067
vt 0.461961 0.110606
vt 0.464483 0.112697
vt 0.625174 0.153052
vt 0.631400 0.150624
vt 0.462944 0.117639
vt 0.612858 0.157343
vt 0.445931 0.105517
vt 0.617485 0.152610
vt 0.605085 0.158984
vt 0.440451 0.107437
vt 0.445516 0.112815
vt 0.603221 0.152581
vt 0.609448 0.151206
vt 0.617387 0.144754
vt 0.606712 0.148808
vt 0.440814 0.119128
vt 0.591239 0.155536
vt 0.596380 0.152833
vt 0.601480 0.149576
vt 0.499099 0.044035
vt 0.605707 0.141566
vt 0.609283 0.142384
vt 0.455720 0.130353
vt 0.595451 0.149834
vt 0.600254 0.143559
vt 0.597360 0.145223
vt 0.586538 0.152772
vt 0.590719 0.146044
vt 0.397777 0.099660
vt 0.583210 0.158250
vt 0.583729 0.154645
vt 0.580642 0.152568
vt 0.593045 0.141081
vt 0.597434 0.138814
vt 0.495494 0.052087
vt 0.587375 0.143582
vt 0.579885 0.149399
vt 0.580471 0.144730
vt 0.586103 0.139019
vt 0.636786 0.147589
vt 0.499989 0.015285
vt 0.243286 0.018493
vt 0.236620 0.016527
vt 0.392961 0.085885
vt 0.387843 0.089995
vt 0.396491 0.093222
vt 0.390020 0.095907
vt 0.380893 0.088235
vt 0.384681 0.098524
vt 0.198980 0.038140
vt 0.446951 0.015871
vt 0.690182 0.147220
vt 0.193550 0.042615
vt 0.391695 0.104975
vt 0.221467 0.043336
vt 0.377597 0.103292
vt 0.379458 0.110833
vt 0.633297 0.148024
vt 0.502832 0.016452
vt 0.623460 0.147557
vt 0.499195 0.020552
vt 0.500613 0.027851
vt 0.621985 0.143791
vt 0.498411 0.025710
vt 0.192350 0.062183
vt 0.187954 0.048864
vt 0.498485 0.041331
vt 0.608468 0.140774
vt 0.473604 0.040781
vt 0.466270 0.044499
vt 0.494533 0.045970
vt 0.496943 0.047697
vt 0.601677 0.140274
vt 0.491688 0.053796
vt 0.478609 0.049916
vt 0.592478 0.136696
vt 0.493884 0.057409
vt 0.450890 0.044947
vt 0.441466 0.045100
vt 0.462260 0.059080
vt 0.399823 0.051916
vt 0.406380 0.051029
vt 0.390441 0.054409
vt 0.384743 0.056117
vt 0.375574 0.051720
vt 0.392675 0.064042
vt 0.559515 0.155447
vt 0.577966 0.155436
vt 0.570379 0.153442
vt 0.569437 0.149961
vt 0.571786 0.144640
vt 0.564543 0.152788
vt 0.562078 0.145358
vt 0.556095 0.151987
vt 0.567904 0.140149
vt 0.558942 0.141616
vt 0.549923 0.155433
vt 0.542805 0.156309
vt 0.546813 0.151633
vt 0.554976 0.145854
vt 0.550518 0.146878
vt 0.123357 0.185245
vt 0.113905 0.183707
vt 0.160560 0.327459
vt 0.155345 0.327372
vt 0.109371 0.190559
vt 0.126376 0.190630
vt 0.152401 0.320342
vt 0.144865 0.340530
vt 0.141399 0.344966
vt 0.142153 0.339996
vt 0.176896 0.207497
vt 0.167267 0.206460
vt 0.156582 0.317144
vt 0.146773 0.335376
vt 0.162988 0.216817
vt 0.164177 0.211348
vt 0.152884 0.316499
vt 0.154477 0.346603
vt 0.147293 0.346975
vt 0.149370 0.341067
vt 0.163171 0.319391
vt 0.167978 0.319083
vt 0.166681 0.324087
vt 0.162079 0.354682
vt 0.163210 0.349217
vt 0.165295 0.351990
vt 0.161000 0.349025
vt 0.163402 0.326673
vt 0.160652 0.342758
vt 0.157954 0.347151
vt 0.165015 0.313695
vt 0.156847 0.342349
vt 0.160939 0.315426
vt 0.129965 0.182553
vt 0.160692 0.312146
vt 0.150165 0.326514
vt 0.147087 0.323271
vt 0.181913 0.082176
vt 0.147923 0.314388
vt 0.141410 0.332435
vt 0.155493 0.335483
vt 0.149541 0.308116
vt 0.160754 0.336382
vt 0.154983 0.310570
vt 0.145409 0.309226
vt 0.151517 0.331081
vt 0.159069 0.332531
vt 0.162653 0.307661
vt 0.157251 0.306520
vt 0.155952 0.301348
vt 0.152105 0.305089
vt 0.159982 0.302683
vt 0.141247 0.351373
vt 0.143629 0.358691
vt 0.137706 0.356678
vt 0.291506 0.325275
vt 0.154408 0.354204
vt 0.150029 0.360838
vt 0.148606 0.350754
vt 0.169219 0.307948
vt 0.157448 0.357537
vt 0.154972 0.360412
vt 0.145621 0.301227
vt 0.148891 0.301395
vt 0.278601 0.319827
vt 0.153058 0.295146
vt 0.158974 0.353325
vt 0.149490 0.295863
vt 0.151297 0.291908
vt 0.186697 0.094282
vt 0.147525 0.290110
vt 0.145532 0.294913
vt 0.149098 0.286112
vt 0.144013 0.281675
vt 0.241072 0.361705
vt 0.159199 0.297017
vt 0.306806 0.323875
vt 0.154825 0.290760
vt 0.315685 0.330208
vt 0.228790 0.369893
vt 0.151362 0.283046
vt 0.154230 0.285339
vt 0.145095 0.271768
vt 0.140812 0.277641
vt 0.135464 0.267702
vt 0.130436 0.273562
vt 0.125887 0.266957
vt 0.177816 0.074089
vt 0.127276 0.264170
vt 0.136415 0.261637
vt 0.161915 0.277868
vt 0.157186 0.272719
vt 0.162122 0.268508
vt 0.157426 0.265960
vt 0.149402 0.279640
vt 0.152405 0.275945
vt 0.148759 0.273948
vt 0.244810 0.343901
vt 0.249372 0.349960
vt 0.155819 0.278296
vt 0.166908 0.073482
vt 0.168424 0.064440
vt 0.297681 0.317263
vt 0.151293 0.269924
vt 0.233653 0.340700
vt 0.148920 0.268738
vt 0.151055 0.265730
vt 0.148785 0.263274
vt 0.220731 0.349330
vt 0.215972 0.371285
vt 0.156443 0.260360
vt 0.151188 0.263021
vt 0.168079 0.082040
vt 0.175064 0.088633
vt 0.144653 0.264055
vt 0.149954 0.259526
vt 0.145056 0.257755
vt 0.162032 0.079800
vt 0.161400 0.072106
vt 0.159476 0.075634
vt 0.147487 0.254446
vt 0.144377 0.253365
vt 0.115099 0.239003
vt 0.120929 0.246014
vt 0.156550 0.081187
vt 0.154694 0.076356
vt 0.163008 0.085565
vt 0.128008 0.228998
vt 0.160038 0.084584
vt 0.169301 0.089433
vt 0.129095 0.247605
vt 0.121427 0.259377
vt 0.119612 0.254967
vt 0.212935 0.356358
vt 0.174903 0.098742
vt 0.209846 0.343013
vt 0.137302 0.249335
vt 0.211833 0.350976
vt 0.301986 0.306594
vt 0.167764 0.096972
vt 0.162918 0.092038
vt 0.144809 0.245217
vt 0.134964 0.239240
vt 0.188390 0.252350
vt 0.184746 0.263875
vt 0.180949 0.251478
vt 0.171619 0.263516
vt 0.207684 0.359182
vt 0.171392 0.249952
vt 0.167663 0.269140
vt 0.172471 0.270345
vt 0.202345 0.348594
vt 0.167136 0.257688
vt 0.202748 0.359508
vt 0.169076 0.240883
vt 0.198629 0.107416
vt 0.303030 0.295886
vt 0.161251 0.254372
vt 0.161196 0.246192
vt 0.216158 0.326434
vt 0.206912 0.330139
vt 0.236320 0.322695
vt 0.185751 0.241585
vt 0.290651 0.308139
vt 0.172411 0.228169
vt 0.224363 0.317554
vt 0.286356 0.317220
vt 0.201175 0.122707
vt 0.210743 0.320716
vt 0.291951 0.291654
vt 0.151798 0.254906
vt 0.279986 0.307758
vt 0.150652 0.250805
vt 0.186136 0.113582
vt 0.171572 0.110338
vt 0.158139 0.240004
vt 0.199668 0.333435
vt 0.195942 0.350140
vt 0.162028 0.230910
vt 0.276562 0.349557
vt 0.151041 0.244541
vt 0.150614 0.235052
vt 0.192153 0.341406
vt 0.150545 0.228964
vt 0.146440 0.229126
vt 0.174784 0.122164
vt 0.149282 0.222117
vt 0.189212 0.329718
vt 0.167301 0.224877
vt 0.183246 0.341855
vt 0.159026 0.226603
vt 0.156797 0.220270
vt 0.167767 0.108652
vt 0.171054 0.219908
vt 0.200826 0.324937
vt 0.269426 0.333272
vt 0.216031 0.311204
vt 0.165935 0.116490
vt 0.266133 0.342926
vt 0.209586 0.304139
vt 0.225618 0.306680
vt 0.101837 0.183175
vt 0.097460 0.190122
vt 0.148821 0.247547
vt 0.147971 0.241254
vt 0.105900 0.172656
vt 0.113361 0.178175
vt 0.260211 0.365002
vt 0.095872 0.171531
vt 0.089453 0.168870
vt 0.201064 0.314460
vt 0.189716 0.320052
vt 0.144717 0.238747
vt 0.140512 0.245288
vt 0.140105 0.235465
vt 0.146308 0.235170
vt 0.137133 0.230070
vt 0.143936 0.233061
vt 0.202254 0.303024
vt 0.108090 0.162855
vt 0.190803 0.308168
vt 0.255860 0.355784
vt 0.286899 0.263297
vt 0.124473 0.171704
vt 0.280572 0.251822
vt 0.193835 0.326634
vt 0.183322 0.331792
vt 0.177829 0.333969
vt 0.274355 0.263751
vt 0.112738 0.154802
vt 0.180774 0.326419
vt 0.271805 0.256515
vt 0.174563 0.328875
vt 0.271068 0.240562
vt 0.176703 0.320912
vt 0.171057 0.325998
vt 0.085327 0.153662
vt 0.099682 0.154206
vt 0.267589 0.248864
vt 0.265873 0.325423
vt 0.257994 0.335769
vt 0.183060 0.315376
vt 0.265692 0.255705
vt 0.178389 0.309094
vt 0.121486 0.154620
vt 0.217423 0.294702
vt 0.208135 0.293562
vt 0.189217 0.367272
vt 0.181357 0.354680
vt 0.258614 0.244558
vt 0.178689 0.362902
vt 0.176163 0.347551
vt 0.246549 0.329214
vt 0.172405 0.355095
vt 0.130892 0.150888
vt 0.137582 0.163321
vt 0.137753 0.157761
vt 0.260498 0.262335
vt 0.168948 0.348996
vt 0.172608 0.343554
vt 0.166680 0.357260
vt 0.176756 0.339229
vt 0.250947 0.240348
vt 0.114219 0.149190
vt 0.169033 0.342678
vt 0.172062 0.337747
vt 0.243423 0.248080
vt 0.265979 0.227199
vt 0.080093 0.235399
vt 0.171831 0.332633
vt 0.263967 0.220655
vt 0.165639 0.337288
vt 0.165135 0.342338
vt 0.250255 0.227407
vt 0.255722 0.222441
vt 0.087915 0.229787
vt 0.078210 0.223513
vt 0.167273 0.330566
vt 0.162590 0.331409
vt 0.095399 0.234610
vt 0.100326 0.246828
vt 0.249567 0.204978
vt 0.239452 0.209506
vt 0.289942 0.281136
vt 0.256433 0.267291
vt 0.251354 0.271876
vt 0.252881 0.263786
vt 0.244792 0.233475
vt 0.074451 0.219619
vt 0.094927 0.215584
vt 0.074298 0.216993
vt 0.245269 0.269522
vt 0.237466 0.237671
vt 0.105745 0.237544
vt 0.235878 0.252021
vt 0.231458 0.243709
vt 0.293696 0.275202
vt 0.103502 0.226168
vt 0.093130 0.219162
vt 0.096849 0.222951
vt 0.234726 0.276883
vt 0.244402 0.282205
vt 0.282042 0.291283
vt 0.279577 0.283949
vt 0.225740 0.266732
vt 0.236726 0.227403
vt 0.281027 0.278712
vt 0.249895 0.278021
vt 0.281269 0.271765
vt 0.238478 0.263835
vt 0.232625 0.232301
vt 0.238300 0.218870
vt 0.229131 0.238153
vt 0.117972 0.225036
vt 0.110571 0.223585
vt 0.224987 0.230227
vt 0.225353 0.236243
vt 0.105720 0.219347
vt 0.217079 0.244527
vt 0.218813 0.236874
vt 0.267398 0.299931
vt 0.262310 0.310107
vt 0.101916 0.210123
vt 0.255718 0.204030
vt 0.270268 0.283964
vt 0.092392 0.209597
vt 0.265242 0.290274
vt 0.260604 0.296551
vt 0.222274 0.252386
vt 0.103836 0.205832
vt 0.223232 0.282008
vt 0.217648 0.275409
vt 0.209940 0.279568
vt 0.254740 0.185648
vt 0.249057 0.188602
vt 0.120420 0.219784
vt 0.119611 0.215451
vt 0.210436 0.269816
vt 0.200776 0.288726
vt 0.127933 0.219669
vt 0.136625 0.222540
vt 0.233340 0.214792
vt 0.269798 0.275291
vt 0.197452 0.272093
vt 0.128891 0.215803
vt 0.124558 0.210302
vt 0.135552 0.216392
vt 0.128539 0.207989
vt 0.231786 0.206915
vt 0.262220 0.288183
vt 0.109453 0.210012
vt 0.258140 0.282695
vt 0.223436 0.216277
vt 0.100431 0.200534
vt 0.113673 0.200054
vt 0.231583 0.195834
vt 0.220227 0.208004
vt 0.267690 0.267238
vt 0.263577 0.273620
vt 0.238093 0.200965
vt 0.259625 0.270975
vt 0.122659 0.201622
vt 0.120164 0.199129
vt 0.129966 0.194999
vt 0.118379 0.194325
vt 0.214942 0.241533
vt 0.241763 0.184292
vt 0.208134 0.245741
vt 0.211099 0.238672
vt 0.140575 0.222176
vt 0.203427 0.268393
vt 0.143960 0.225543
vt 0.145096 0.218243
vt 0.137291 0.210171
vt 0.254121 0.307126
vt 0.198633 0.257418
vt 0.144390 0.209788
vt 0.230731 0.186677
vt 0.143098 0.204363
vt 0.232242 0.166619
vt 0.233114 0.178883
vt 0.157306 0.208911
vt 0.165487 0.201451
vt 0.150726 0.212974
vt 0.151861 0.217724
vt 0.148434 0.217513
vt 0.214265 0.203511
vt 0.223963 0.195235
vt 0.146945 0.211951
vt 0.199495 0.250004
vt 0.235532 0.301554
vt 0.145687 0.198284
vt 0.146290 0.205534
vt 0.155477 0.198567
vt 0.161672 0.197444
vt 0.150077 0.206007
vt 0.223224 0.190532
vt 0.149718 0.198778
vt 0.217927 0.194701
vt 0.188733 0.269057
vt 0.212864 0.195319
vt 0.216307 0.232226
vt 0.203058 0.234091
vt 0.224356 0.183425
vt 0.132007 0.201652
vt 0.208829 0.226782
vt 0.204634 0.242524
vt 0.136360 0.197313
vt 0.217536 0.187632
vt 0.195353 0.242518
vt 0.217740 0.182069
vt 0.212980 0.184722
vt 0.193978 0.236386
vt 0.203739 0.191244
vt 0.140413 0.196728
vt 0.138075 0.201399
vt 0.150223 0.191346
vt 0.143045 0.192553
vt 0.146344 0.188706
vt 0.144615 0.183994
vt 0.138680 0.182138
vt 0.143911 0.178700
vt 0.199183 0.222448
vt 0.150875 0.033453
vt 0.153119 0.040867
vt 0.147944 0.041375
vt 0.152240 0.045342
vt 0.157371 0.049934
vt 0.227385 0.171512
vt 0.221638 0.174561
vt 0.215353 0.177302
vt 0.193257 0.210308
vt 0.177328 0.221686
vt 0.213129 0.215973
vt 0.252382 0.289434
vt 0.212815 0.172403
vt 0.235984 0.291252
vt 0.210760 0.205889
vt 0.209179 0.181511
vt 0.203972 0.183098
vt 0.205894 0.177220
vt 0.221038 0.156940
vt 0.210559 0.166189
vt 0.204886 0.208715
vt 0.211335 0.157300
vt 0.206519 0.162467
vt 0.204849 0.202826
vt 0.200563 0.177196
vt 0.197867 0.171513
vt 0.197979 0.205130
vt 0.114900 0.307319
vt 0.198271 0.212942
vt 0.109131 0.294749
vt 0.194769 0.163786
vt 0.208714 0.129894
vt 0.199849 0.199011
vt 0.122198 0.296598
vt 0.224428 0.133998
vt 0.199790 0.193000
vt 0.221283 0.130164
vt 0.216961 0.134594
vt 0.219410 0.140134
vt 0.119956 0.289098
vt 0.211101 0.138994
vt 0.208043 0.133690
vt 0.209219 0.143939
vt 0.205151 0.139617
vt 0.117182 0.338346
vt 0.122233 0.341097
vt 0.119036 0.348077
vt 0.119669 0.339065
vt 0.121843 0.337983
vt 0.208482 0.152455
vt 0.200805 0.154620
vt 0.118786 0.330678
vt 0.114477 0.326626
vt 0.182100 0.202395
vt 0.127240 0.338405
vt 0.125386 0.335385
vt 0.127553 0.344264
vt 0.131920 0.336708
vt 0.196322 0.134086
vt 0.161759 0.427255
vt 0.204269 0.142333
vt 0.129657 0.325845
vt 0.197549 0.140329
vt 0.123448 0.319438
vt 0.130431 0.315569
vt 0.200504 0.144477
vt 0.196425 0.145689
vt 0.149016 0.432478
vt 0.153147 0.430878
vt 0.199186 0.149453
vt 0.193867 0.152426
vt 0.109439 0.322161
vt 0.230621 0.378665
vt 0.191785 0.148250
vt 0.189258 0.143359
vt 0.190977 0.145475
vt 0.187465 0.147867
vt 0.150729 0.426858
vt 0.147909 0.427443
vt 0.153371 0.419183
vt 0.234842 0.152887
vt 0.134820 0.330485
vt 0.149066 0.422306
vt 0.147856 0.419582
vt 0.150421 0.416837
vt 0.138323 0.340232
vt 0.145740 0.423272
vt 0.142122 0.327659
vt 0.228122 0.161882
vt 0.209245 0.389727
vt 0.130948 0.319409
vt 0.169600 0.416835
vt 0.175831 0.421594
vt 0.138486 0.318853
vt 0.163692 0.416920
vt 0.137365 0.311690
vt 0.145533 0.327956
vt 0.225921 0.147346
vt 0.223941 0.385790
vt 0.142883 0.324399
vt 0.164701 0.405957
vt 0.153179 0.414233
vt 0.153681 0.408657
vt 0.145459 0.320246
vt 0.212286 0.381832
vt 0.143619 0.317898
vt 0.218813 0.146753
vt 0.221718 0.378824
vt 0.127527 0.309088
vt 0.144458 0.419506
vt 0.146769 0.413654
vt 0.150065 0.412227
vt 0.223649 0.144207
vt 0.150387 0.405915
vt 0.145841 0.407101
vt 0.148465 0.402110
vt 0.153784 0.405220
vt 0.202435 0.365804
vt 0.141031 0.299588
vt 0.155896 0.398249
vt 0.152172 0.401143
vt 0.195717 0.381286
vt 0.215160 0.144426
vt 0.097336 0.285129
vt 0.150970 0.397454
vt 0.147336 0.395028
vt 0.212631 0.149107
vt 0.210716 0.145927
vt 0.153743 0.393149
vt 0.149323 0.391393
vt 0.152348 0.385512
vt 0.157451 0.392766
vt 0.154243 0.386912
vt 0.198059 0.374821
vt 0.204960 0.148835
vt 0.205697 0.146013
vt 0.076313 0.213401
vt 0.202347 0.147191
vt 0.198543 0.366339
vt 0.059022 0.201936
vt 0.115909 0.282867
vt 0.195457 0.182862
vt 0.197579 0.186351
vt 0.194672 0.190589
vt 0.074509 0.206811
vt 0.103762 0.278371
vt 0.179770 0.195056
vt 0.184605 0.407771
vt 0.188683 0.185294
vt 0.182154 0.182650
vt 0.072940 0.199093
vt 0.171175 0.184599
vt 0.082907 0.200516
vt 0.174730 0.403980
vt 0.095738 0.261325
vt 0.094381 0.254013
vt 0.175275 0.396837
vt 0.162961 0.396051
vt 0.188646 0.170865
vt 0.082901 0.193638
vt 0.092733 0.196619
vt 0.091907 0.273634
vt 0.201958 0.398645
vt 0.099244 0.267771
vt 0.172757 0.200665
vt 0.114498 0.263852
vt 0.191922 0.404615
vt 0.104621 0.196645
vt 0.124106 0.278450
vt 0.127337 0.284782
vt 0.169540 0.042562
vt 0.170317 0.038502
vt 0.178981 0.038239
vt 0.164273 0.042548
vt 0.171657 0.191750
vt 0.177243 0.042176
vt 0.188625 0.391668
vt 0.177265 0.045054
vt 0.162973 0.038356
vt 0.163415 0.191699
vt 0.184290 0.394361
vt 0.185036 0.399128
vt 0.135812 0.289526
vt 0.119844 0.273031
vt 0.135815 0.279600
vt 0.110545 0.267233
vt 0.155267 0.193652
vt 0.167098 0.177267
vt 0.178628 0.172685
vt 0.178046 0.062455
vt 0.185374 0.159464
vt 0.178723 0.167797
vt 0.173582 0.054951
vt 0.166617 0.057759
vt 0.162509 0.064752
vt 0.158597 0.060821
vt 0.164168 0.053142
vt 0.157464 0.054859
vt 0.154244 0.056418
vt 0.175440 0.165564
vt 0.158968 0.067015
vt 0.165491 0.171812
vt 0.177254 0.155308
vt 0.179579 0.388802
vt 0.179955 0.381373
vt 0.180745 0.148426
vt 0.155528 0.062690
vt 0.172354 0.159059
vt 0.050418 0.176099
vt 0.064160 0.181182
vt 0.166684 0.153971
vt 0.162409 0.187321
vt 0.161846 0.182776
vt 0.068710 0.168348
vt 0.158636 0.178611
vt 0.156226 0.188681
vt 0.191256 0.286294
vt 0.183026 0.288023
vt 0.152204 0.183201
vt 0.182896 0.302011
vt 0.060867 0.187597
vt 0.170194 0.381598
vt 0.170645 0.375272
vt 0.177866 0.371289
vt 0.071551 0.191508
vt 0.170399 0.302764
vt 0.157772 0.169308
vt 0.150778 0.179891
vt 0.148480 0.183126
vt 0.069947 0.186055
vt 0.153183 0.176014
vt 0.172590 0.386782
vt 0.150155 0.170674
vt 0.150211 0.175135
vt 0.147350 0.177678
vt 0.148045 0.171485
vt 0.168495 0.292936
vt 0.159756 0.159065
vt 0.176117 0.290578
vt 0.164158 0.380602
vt 0.057605 0.153635
vt 0.165758 0.301343
vt 0.163780 0.387588
vt 0.158459 0.387993
vt 0.161954 0.293412
vt 0.047270 0.152741
vt 0.168470 0.279524
vt 0.179787 0.280958
vt 0.159868 0.383262
vt 0.157161 0.381182
vt 0.180293 0.129689
vt 0.165927 0.285956
vt 0.184729 0.124715
vt 0.129667 0.384212
vt 0.126426 0.380883
vt 0.158646 0.286201
vt 0.127362 0.376392
vt 0.125954 0.369758
vt 0.123388 0.367070
vt 0.083190 0.183576
vt 0.135217 0.378896
vt 0.132356 0.367676
vt 0.141158 0.387868
vt 0.137259 0.393994
vt 0.138834 0.383465
vt 0.168052 0.274256
vt 0.146455 0.383847
vt 0.146188 0.389090
vt 0.143294 0.382169
vt 0.143529 0.377322
vt 0.189770 0.139918
vt 0.189505 0.133033
vt 0.182687 0.133618
vt 0.146189 0.379245
vt 0.183259 0.139777
vt 0.154016 0.281812
vt 0.138490 0.371906
vt 0.142325 0.370789
vt 0.146465 0.373135
vt 0.141723 0.365622
vt 0.137511 0.366416
vt 0.183780 0.145761
vt 0.181735 0.142923
vt 0.122883 0.353809
vt 0.122619 0.359242
vt 0.130303 0.348607
vt 0.131629 0.358241
vt 0.169137 0.128913
vt 0.122781 0.349452
vt 0.156294 0.140182
vt 0.156375 0.136200
vt 0.163543 0.140245
vt 0.177054 0.133859
vt 0.175572 0.141461
vt 0.175745 0.149329
vt 0.175346 0.145461
vt 0.132283 0.343654
vt 0.167024 0.148329
vt 0.168026 0.143826
vt 0.160449 0.148765
vt 0.182866 0.276908
vt 0.170733 0.138931
vt 0.169485 0.133137
vt 0.070833 0.153672
vt 0.187321 0.274263
vt 0.161982 0.143579
vt 0.170223 0.368951
vt 0.155784 0.146359
vt 0.161724 0.146616
vt 0.149562 0.143842
vt 0.170037 0.363193
vt 0.182713 0.269717
vt 0.175296 0.358892
vt 0.149453 0.164546
vt 0.143459 0.167819
vt 0.165683 0.363682
vt 0.145934 0.163344
vt 0.143704 0.159883
vt 0.147272 0.160118
vt 0.154779 0.381776
vt 0.144731 0.155539
vt 0.159661 0.376271
vt 0.150690 0.379985
vt 0.155093 0.375302
vt 0.158535 0.369762
vt 0.146131 0.366606
vt 0.149433 0.373752
vt 0.156082 0.150702
vt 0.154593 0.157127
vt 0.151835 0.365671
vt 0.149048 0.155901
vt 0.155114 0.366290
vt 0.165364 0.373517
vt 0.151943 0.148928
vt 0.148328 0.150219
vt 0.149469 0.146547
vt 0.162056 0.370524
vt 0.146678 0.152173
vt 0.162599 0.365088
vt 0.152902 0.123135
vt 0.159343 0.119305
vt 0.158398 0.125789
vt 0.159967 0.130591
vt 0.161595 0.126126
vt 0.158638 0.362588
vt 0.162180 0.360226
vt 0.150440 0.132669
vt 0.149199 0.128056
vt 0.149822 0.187952
vt 0.163989 0.100795
vt 0.159170 0.106127
vt 0.092889 0.150698
vt 0.085733 0.146951
vt 0.143253 0.083614
vt 0.098505 0.146859
vt 0.143417 0.096313
vt 0.102209 0.150643
vt 0.153951 0.084635
vt 0.156297 0.086448
vt 0.148297 0.089889
vt 0.153436 0.092672
vt 0.078941 0.149722
vt 0.156284 0.091224
vt 0.150382 0.098243
vt 0.147298 0.096537
vt 0.154464 0.098938
vt 0.147172 0.104108
vt 0.142771 0.107901
vt 0.110306 0.147465
vt 0.159599 0.090916
vt 0.158337 0.096328
vt 0.159483 0.097101
vt 0.137212 0.174018
vt 0.138480 0.152565
vt 0.158242 0.101047
vt 0.156762 0.104179
vt 0.153915 0.105047
vt 0.156639 0.107622
vt 0.154549 0.110602
vt 0.156801 0.109820
vt 0.147102 0.112058
vt 0.152122 0.113859
vt 0.144333 0.113614
vt 0.115793 0.145567
vt 0.155159 0.113688
vt 0.149477 0.116738
vt 0.151486 0.116580
vt 0.120209 0.145089
vt 0.144242 0.118281
vt 0.147536 0.119689
vt 0.147904 0.125073
vt 0.150274 0.123060
vt 0.143500 0.127263
vt 0.128839 0.145583
vt 0.144124 0.425324
vt 0.143443 0.411273
vt 0.144370 0.414493
vt 0.138650 0.323349
vt 0.139970 0.399958
vt 0.144457 0.400030
vt 0.136746 0.190560
vt 0.099808 0.273871
vt 0.161670 0.035910
vt 0.153881 0.031941
vt 0.184503 0.036266
vt 0.144457 0.036423
vt 0.038134 0.144689
vt 0.042768 0.149693
vt 0.046136 0.145053
vt 0.144402 0.044436
vt 0.174310 0.035044
vt 0.157920 0.041526
vt 0.149728 0.049989
vt 0.186022 0.042114
vt 0.049069 0.148112
vt 0.054882 0.147401
vt 0.142550 0.053140
vt 0.134425 0.388251
vt 0.148990 0.384120
vt 0.135461 0.352159
vt 0.140586 0.290560
vt 0.150137 0.064429
vt 0.052642 0.149461
vt 0.142280 0.059753
vt 0.061564 0.147775
vt 0.140034 0.267251
vt 0.140444 0.261882
vt 0.066770 0.149547
vt 0.143445 0.072215
vt 0.074235 0.146813
vt 0.139861 0.254798
vt 0.142318 0.148118
vt 0.144413 0.151134
vt 0.145093 0.147152
vt 0.147483 0.145482
vt 0.146207 0.136027
vt 0.137839 0.143673
vt 0.147483 0.130356
vt 0.148206 0.133337
vt 0.149269 0.139761
vt 0.147639 0.140112
vt 0.142329 0.142784
usemtl mat
f 1/1 2/2 3/3
f 4/4 5/5 6/6
f 3/3 7/7 1/1
f 3/3 8/8 7/7
f 9/9 10/10 11/11
f 9/9 12/12 10/10
f 9/9 13/13 12/12
f 14/14 15/15 441/441
f 16/16 6/6 5/5
f 17/17 11/11 18/18
f 16/16 5/5 19/19
f 13/13 9/9 21/21
f 21/21 22/22 13/13
f 7/7 8/8 23/23
f 20/20 7/7 23/23
f 24/24 20/20 23/23
f 13/13 22/22 25/25
f 26/26 8/8 27/27
f 8/8 26/26 23/23
f 6/6 28/28 29/29
f 6/6 29/29 4/4
f 30/30 31/31 32/32
f 17/17 33/33 34/34
f 29/29 35/35 4/4
f 36/36 35/35 29/29
f 37/37 22/22 34/34
f 38/38 35/35 36/36
f 37/37 39/39 22/22
f 40/40 35/35 38/38
f 41/41 26/26 27/27
f 4/4 35/35 42/42
f 42/42 5/5 4/4
f 23/23 43/43 24/24
f 44/44 33/33 45/45
f 37/37 46/46 39/39
f 40/40 47/47 48/48
f 49/49 39/39 46/46
f 49/49 50/50 51/51
f 26/26 43/43 23/23
f 52/52 48/48 47/47
f 49/49 46/46 50/50
f 19/19 5/5 53/53
f 54/54 50/50 46/46
f 55/55 53/53 5/5
f 54/54 46/46 44/44
f 56/56 43/43 26/26
f 49/49 57/57 39/39
f 39/39 57/57 22/22
f 57/57 49/49 59/59
f 60/60 24/24 43/43
f 42/42 35/35 40/40
f 22/22 57/57 25/25
f 61/61 42/42 40/40
f 58/58 14/14 62/62
f 42/42 61/61 55/55
f 5/5 42/42 55/55
f 59/59 49/49 51/51
f 63/63 30/30 32/32
f 64/64 30/30 63/63
f 57/57 59/59 65/65
f 66/66 41/41 67/67
f 41/41 31/31 67/67
f 68/68 41/41 66/66
f 27/27 31/31 41/41
f 69/69 40/40 38/38
f 70/70 69/69 38/38
f 69/69 47/47 40/40
f 61/61 40/40 48/48
f 50/50 71/71 51/51
f 24/24 72/72 20/20
f 54/54 73/73 50/50
f 74/74 15/15 14/14
f 73/73 71/71 50/50
f 24/24 75/75 72/72
f 51/51 65/65 59/59
f 55/55 76/76 53/53
f 65/65 51/51 77/77
f 60/60 75/75 24/24
f 75/75 78/78 72/72
f 61/61 48/48 20/20
f 71/71 77/77 51/51
f 14/14 58/58 79/79
f 80/80 71/71 73/73
f 43/43 56/56 81/81
f 71/71 80/80 82/82
f 20/20 83/83 61/61
f 79/79 74/74 14/14
f 60/60 43/43 81/81
f 82/82 84/84 85/85
f 55/55 61/61 83/83
f 83/83 76/76 55/55
f 82/82 85/85 71/71
f 85/85 77/77 71/71
f 86/86 68/68 66/66
f 85/85 65/65 77/77
f 41/41 56/56 26/26
f 87/87 88/88 86/86
f 68/68 56/56 41/41
f 89/89 68/68 86/86
f 68/68 89/89 90/90
f 91/91 88/88 87/87
f 89/89 86/86 88/88
f 90/90 56/56 68/68
f 92/92 93/93 94/94
f 95/95 96/96 98/98
f 89/89 99/99 90/90
f 90/90 99/99 100/100
f 101/101 99/99 89/89
f 102/102 103/103 104/104
f 105/105 101/101 89/89
f 93/93 107/107 108/108
f 109/109 99/99 101/101
f 87/87 86/86 66/66
f 104/104 110/110 111/111
f 99/99 112/112 100/100
f 104/104 111/111 102/102
f 93/93 92/92 113/113
f 99/99 109/109 112/112
f 111/111 114/114 102/102
f 106/106 81/81 56/56
f 91/91 87/87 115/115
f 97/97 103/103 117/117
f 102/102 118/118 103/103
f 100/100 56/56 90/90
f 117/117 103/103 118/118
f 106/106 56/56 100/100
f 101/101 105/105 109/109
f 96/96 116/116 98/98
f 118/118 119/119 117/117
f 120/120 109/109 105/105
f 121/121 120/120 105/105
f 105/105 122/122 121/121
f 118/118 102/102 123/123
f 121/121 122/122 124/124
f 102/102 114/114 123/123
f 125/125 126/126 107/107
f 118/118 123/123 127/127
f 128/128 129/129 130/130
f 127/127 123/123 131/131
f 132/132 128/128 121/121
f 81/81 106/106 133/133
f 134/134 121/121 124/124
f 134/134 132/132 121/121
f 133/133 135/135 81/81
f 136/136 128/128 132/132
f 137/137 136/136 132/132
f 134/134 137/137 132/132
f 127/127 131/131 138/138
f 109/109 120/120 130/130
f 130/130 112/112 109/109
f 128/128 120/120 121/121
f 139/139 140/140 119/119
f 120/120 128/128 130/130
f 118/118 139/139 119/119
f 139/139 118/118 142/142
f 93/93 125/125 107/107
f 60/60 144/144 75/75
f 145/145 130/130 129/129
f 135/135 144/144 60/60
f 145/145 112/112 130/130
f 145/145 100/100 112/112
f 81/81 135/135 60/60
f 137/137 146/146 136/136
f 147/147 139/139 142/142
f 142/142 148/148 147/147
f 128/128 136/136 129/129
f 149/149 148/148 142/142
f 78/78 75/75 144/144
f 142/142 127/127 149/149
f 146/146 129/129 136/136
f 127/127 142/142 118/118
f 150/150 145/145 129/129
f 93/93 113/113 125/125
f 129/129 151/151 150/150
f 129/129 146/146 151/151
f 127/127 138/138 152/152
f 144/144 153/153 78/78
f 125/125 113/113 154/154
f 156/156 148/148 149/149
f 158/158 156/156 149/149
f 145/145 159/159 155/155
f 160/160 158/158 149/149
f 161/161 95/95 162/162
f 98/98 143/143 163/163
f 162/162 95/95 98/98
f 163/163 162/162 98/98
f 134/134 164/164 137/137
f 164/164 134/134 165/165
f 166/166 146/146 167/167
f 137/137 167/167 146/146
f 164/164 168/168 167/167
f 166/166 168/168 169/169
f 113/113 170/170 154/154
f 151/151 166/166 171/171
f 172/172 144/144 135/135
f 166/166 169/169 171/171
f 171/171 169/169 173/173
f 174/174 175/175 173/173
f 173/173 175/175 171/171
f 168/168 176/176 169/169
f 173/173 169/169 176/176
f 179/179 111/111 180/180
f 181/181 175/175 174/174
f 114/114 111/111 179/179
f 114/114 179/179 182/182
f 183/183 174/174 184/184
f 184/184 174/174 173/173
f 179/179 10/10 12/12
f 179/179 12/12 182/182
f 183/183 185/185 174/174
f 123/123 114/114 182/182
f 186/186 183/183 184/184
f 186/186 187/187 183/183
f 188/188 64/64 189/189
f 187/187 185/185 183/183
f 174/174 185/185 181/181
f 190/190 181/181 185/185
f 191/191 192/192 12/12
f 193/193 123/123 182/182
f 194/194 154/154 170/170
f 195/195 64/64 188/188
f 196/196 150/150 151/151
f 197/197 17/17 18/18
f 150/150 196/196 198/198
f 131/131 123/123 193/193
f 196/196 199/199 198/198
f 200/200 201/201 159/159
f 202/202 163/163 143/143
f 150/150 159/159 145/145
f 198/198 159/159 150/150
f 202/202 203/203 204/204
f 204/204 203/203 205/205
f 206/206 92/92 94/94
f 159/159 198/198 207/207
f 159/159 207/207 200/200
f 208/208 209/209 210/210
f 210/210 209/209 211/211
f 207/207 198/198 199/199
f 206/206 19/19 92/92
f 53/53 92/92 19/19
f 210/210 211/211 212/212
f 213/213 210/210 212/212
f 207/207 214/214 215/215
f 216/216 213/213 212/212
f 214/214 217/217 215/215
f 53/53 113/113 92/92
f 212/212 218/218 216/216
f 166/166 151/151 146/146
f 218/218 219/219 216/216
f 203/203 208/208 205/205
f 168/168 166/166 167/167
f 113/113 53/53 170/170
f 205/205 208/208 210/210
f 171/171 175/175 151/151
f 204/204 205/205 220/220
f 221/221 151/151 175/175
f 196/196 151/151 221/221
f 196/196 221/221 199/199
f 153/153 144/144 222/222
f 199/199 221/221 175/175
f 223/223 220/220 224/224
f 181/181 199/199 175/175
f 219/219 213/213 216/216
f 223/223 224/224 225/225
f 106/106 100/100 226/226
f 214/214 199/199 227/227
f 207/207 199/199 214/214
f 177/177 204/204 220/220
f 145/145 226/226 100/100
f 227/227 199/199 181/181
f 228/228 177/177 220/220
f 85/85 84/84 229/229
f 170/170 53/53 76/76
f 106/106 230/230 133/133
f 228/228 223/223 231/231
f 106/106 226/226 230/230
f 232/232 233/233 234/234
f 229/229 65/65 85/85
f 235/235 138/138 131/131
f 138/138 235/235 236/236
f 138/138 236/236 237/237
f 237/237 152/152 138/138
f 152/152 149/149 127/127
f 238/238 149/149 152/152
f 239/239 229/229 240/240
f 241/241 229/229 239/239
f 242/242 229/229 241/241
f 243/243 238/238 152/152
f 152/152 237/237 243/243
f 65/65 229/229 242/242
f 238/238 160/160 149/149
f 201/201 226/226 159/159
f 201/201 230/230 226/226
f 244/244 160/160 238/238
f 135/135 133/133 172/172
f 246/246 239/239 240/240
f 238/238 243/243 244/244
f 239/239 246/246 248/248
f 244/244 243/243 247/247
f 249/249 243/243 237/237
f 249/249 250/250 243/243
f 249/249 251/251 250/250
f 248/248 241/241 239/239
f 252/252 248/248 253/253
f 170/170 76/76 194/194
f 172/172 133/133 254/254
f 243/243 250/250 255/255
f 247/247 243/243 255/255
f 255/255 250/250 251/251
f 255/255 251/251 256/256
f 257/257 258/258 259/259
f 260/260 261/261 262/262
f 245/245 274/274 242/242
f 192/192 264/264 193/193
f 192/192 265/265 264/264
f 230/230 254/254 133/133
f 191/191 12/12 13/13
f 25/25 191/191 13/13
f 192/192 191/191 25/25
f 274/274 245/245 256/256
f 25/25 265/265 192/192
f 258/258 261/261 260/260
f 235/235 131/131 193/193
f 235/235 193/193 264/264
f 235/235 264/264 266/266
f 266/266 236/236 235/235
f 57/57 265/265 25/25
f 267/267 230/230 201/201
f 264/264 265/265 266/266
f 269/269 259/259 260/260
f 237/237 236/236 271/271
f 262/262 272/272 260/260
f 245/245 242/242 270/270
f 266/266 271/271 236/236
f 274/274 271/271 266/266
f 252/252 275/275 248/248
f 241/241 248/248 275/275
f 274/274 266/266 265/265
f 269/269 272/272 276/276
f 57/57 65/65 265/265
f 242/242 241/241 275/275
f 271/271 249/249 237/237
f 269/269 260/260 272/272
f 278/278 279/279 275/275
f 275/275 252/252 278/278
f 278/278 252/252 273/273
f 267/267 280/280 230/230
f 278/278 273/273 281/281
f 282/282 271/271 274/274
f 259/259 258/258 260/260
f 265/265 65/65 274/274
f 284/284 245/245 270/270
f 242/242 275/275 270/270
f 280/280 277/277 230/230
f 155/155 226/226 145/145
f 159/159 226/226 155/155
f 279/279 285/285 270/270
f 275/275 279/279 270/270
f 285/285 284/284 270/270
f 286/286 201/201 200/200
f 278/278 287/287 279/279
f 286/286 200/200 288/288
f 288/288 267/267 286/286
f 274/274 65/65 242/242
f 288/288 290/290 289/289
f 249/249 271/271 282/282
f 215/215 200/200 207/207
f 288/288 200/200 215/215
f 249/249 282/282 251/251
f 288/288 215/215 290/290
f 291/291 251/251 282/282
f 292/292 285/285 279/279
f 201/201 286/286 267/267
f 292/292 279/279 287/287
f 267/267 288/288 289/289
f 251/251 291/291 256/256
f 256/256 291/291 282/282
f 293/293 263/263 294/294
f 293/293 294/294 295/295
f 144/144 172/172 222/222
f 268/268 294/294 263/263
f 274/274 256/256 282/282
f 293/293 295/295 299/299
f 172/172 254/254 300/300
f 295/295 301/301 299/299
f 295/295 294/294 301/301
f 304/304 305/305 306/306
f 305/305 307/307 306/306
f 305/305 304/304 309/309
f 305/305 309/309 310/310
f 311/311 301/301 294/294
f 172/172 300/300 312/312
f 297/297 302/302 298/298
f 302/302 301/301 298/298
f 311/311 298/298 301/301
f 313/313 304/304 314/314
f 158/158 160/160 315/315
f 257/257 259/259 316/316
f 317/317 315/315 160/160
f 254/254 230/230 277/277
f 317/317 306/306 315/315
f 244/244 317/317 160/160
f 247/247 317/317 244/244
f 317/317 247/247 318/318
f 311/311 294/294 268/268
f 259/259 269/269 316/316
f 304/304 306/306 317/317
f 212/212 319/319 218/218
f 320/320 306/306 307/307
f 308/308 218/218 319/319
f 268/268 321/321 311/311
f 298/298 311/311 322/322
f 323/323 322/322 311/311
f 324/324 317/317 318/318
f 277/277 300/300 254/254
f 324/324 318/318 325/325
f 318/318 247/247 255/255
f 325/325 318/318 255/255
f 314/314 324/324 325/325
f 324/324 304/304 317/317
f 314/314 304/304 324/324
f 327/327 316/316 269/269
f 307/307 310/310 328/328
f 277/277 326/326 300/300
f 330/330 310/310 309/309
f 330/330 328/328 310/310
f 331/331 330/330 309/309
f 331/331 309/309 304/304
f 331/331 304/304 313/313
f 332/332 330/330 331/331
f 333/333 332/332 331/331
f 333/333 334/334 332/332
f 326/326 277/277 335/335
f 330/330 332/332 337/337
f 339/339 337/337 332/332
f 340/340 339/339 332/332
f 334/334 340/340 332/332
f 300/300 326/326 341/341
f 342/342 343/343 344/344
f 219/219 218/218 342/342
f 345/345 346/346 258/258
f 326/326 347/347 341/341
f 349/349 350/350 194/194
f 348/348 351/351 352/352
f 344/344 351/351 348/348
f 263/263 256/256 245/245
f 257/257 345/345 258/258
f 353/353 325/325 296/296
f 325/325 353/353 314/314
f 245/245 268/268 263/263
f 296/296 325/325 255/255
f 296/296 255/255 256/256
f 296/296 256/256 263/263
f 354/354 314/314 353/353
f 355/355 349/349 356/356
f 296/296 357/357 353/353
f 354/354 353/353 357/357
f 268/268 245/245 284/284
f 358/358 354/354 357/357
f 359/359 52/52 47/47
f 359/359 360/360 52/52
f 2/2 1/1 360/360
f 361/361 2/2 360/360
f 48/48 52/52 1/1
f 360/360 1/1 52/52
f 20/20 1/1 7/7
f 48/48 1/1 20/20
f 357/357 296/296 263/263
f 363/363 364/364 345/345
f 349/349 365/365 350/350
f 357/357 263/263 293/293
f 366/366 331/331 313/313
f 354/354 313/313 314/314
f 313/313 354/354 366/366
f 292/292 284/284 285/285
f 331/331 366/366 333/333
f 284/284 292/292 367/367
f 321/321 284/284 368/368
f 370/370 371/371 334/334
f 333/333 370/370 334/334
f 366/366 373/373 333/333
f 373/373 366/366 374/374
f 375/375 376/376 365/365
f 257/257 369/369 345/345
f 373/373 377/377 333/333
f 362/362 375/375 365/365
f 268/268 284/284 321/321
f 366/366 378/378 374/374
f 379/379 257/257 316/316
f 380/380 373/373 374/374
f 362/362 365/365 349/349
f 297/297 374/374 302/302
f 374/374 297/297 380/380
f 366/366 354/354 358/358
f 381/381 369/369 257/257
f 357/357 299/299 358/358
f 366/366 358/358 378/378
f 381/381 257/257 379/379
f 382/382 278/278 281/281
f 358/358 299/299 378/378
f 357/357 293/293 299/299
f 278/278 382/382 287/287
f 362/362 349/349 355/355
f 302/302 378/378 299/299
f 301/301 302/302 299/299
f 374/374 378/378 302/302
f 383/383 219/219 342/342
f 383/383 342/342 344/344
f 384/384 385/385 386/386
f 385/385 384/384 383/383
f 387/387 287/287 382/382
f 388/388 188/188 189/189
f 389/389 390/390 391/391
f 392/392 393/393 394/394
f 395/395 392/392 394/394
f 395/395 396/396 392/392
f 397/397 392/392 396/396
f 398/398 395/395 399/399
f 400/400 396/396 395/395
f 369/369 363/363 345/345
f 382/382 401/401 387/387
f 369/369 189/189 363/363
f 402/402 400/400 403/403
f 404/404 400/400 402/402
f 405/405 404/404 402/402
f 406/406 407/407 405/405
f 405/405 408/408 406/406
f 403/403 395/395 398/398
f 409/409 402/402 403/403
f 408/408 405/405 410/410
f 411/411 408/408 410/410
f 405/405 412/412 410/410
f 368/368 284/284 367/367
f 413/413 367/367 414/414
f 415/415 44/44 45/45
f 367/367 413/413 368/368
f 415/415 54/54 44/44
f 416/416 368/368 413/413
f 388/388 189/189 369/369
f 417/417 418/418 419/419
f 420/420 417/417 419/419
f 421/421 422/422 417/417
f 316/316 327/327 379/379
f 253/253 248/248 246/246
f 414/414 292/292 287/287
f 367/367 292/292 414/414
f 424/424 252/252 253/253
f 417/417 423/423 421/421
f 387/387 414/414 287/287
f 424/424 273/273 252/252
f 425/425 426/426 73/73
f 427/427 414/414 387/387
f 428/428 426/426 425/425
f 429/429 430/430 426/426
f 424/424 126/126 273/273
f 431/431 428/428 425/425
f 428/428 432/432 426/426
f 426/426 432/432 429/429
f 427/427 413/413 414/414
f 427/427 416/416 413/413
f 433/433 416/416 427/427
f 80/80 73/73 426/426
f 430/430 80/80 426/426
f 430/430 82/82 80/80
f 321/321 368/368 434/434
f 281/281 273/273 126/126
f 376/376 401/401 365/365
f 435/435 417/417 420/420
f 435/435 423/423 417/417
f 421/421 423/423 435/435
f 434/434 436/436 321/321
f 126/126 125/125 281/281
f 437/437 281/281 125/125
f 376/376 438/438 439/439
f 416/416 440/440 368/368
f 421/421 435/435 441/441
f 434/434 368/368 440/440
f 440/440 416/416 443/443
f 416/416 433/433 443/443
f 437/437 125/125 444/444
f 154/154 444/444 125/125
f 442/442 421/421 441/441
f 442/442 441/441 445/445
f 154/154 350/350 444/444
f 446/446 436/436 434/434
f 436/436 446/446 447/447
f 443/443 434/434 440/440
f 434/434 443/443 446/446
f 447/447 446/446 443/443
f 401/401 427/427 387/387
f 281/281 437/437 382/382
f 450/450 382/382 437/437
f 437/437 444/444 450/450
f 450/450 401/401 382/382
f 427/427 439/439 433/433
f 442/442 449/449 421/421
f 350/350 452/452 444/444
f 262/262 449/449 442/442
f 401/401 439/439 427/427
f 451/451 375/375 362/362
f 448/448 449/449 262/262
f 376/376 375/375 453/453
f 453/453 375/375 454/454
f 194/194 350/350 154/154
f 433/433 447/447 443/443
f 454/454 375/375 455/455
f 456/456 447/447 433/433
f 456/456 433/433 457/457
f 450/450 444/444 452/452
f 439/439 457/457 433/433
f 401/401 450/450 452/452
f 272/272 442/442 445/445
f 262/262 442/442 272/272
f 15/15 272/272 445/445
f 401/401 376/376 439/439
f 452/452 350/350 365/365
f 401/401 452/452 365/365
f 72/72 83/83 20/20
f 362/362 355/355 460/460
f 276/276 272/272 15/15
f 438/438 457/457 439/439
f 72/72 78/78 83/83
f 362/362 459/459 458/458
f 459/459 362/362 460/460
f 356/356 194/194 76/76
f 349/349 194/194 356/356
f 438/438 453/453 461/461
f 453/453 438/438 376/376
f 303/303 276/276 74/74
f 276/276 15/15 74/74
f 76/76 83/83 78/78
f 356/356 76/76 78/78
f 420/420 419/419 197/197
f 462/462 463/463 464/464
f 356/356 78/78 153/153
f 465/465 464/464 463/463
f 464/464 206/206 94/94
f 206/206 464/464 465/465
f 467/467 468/468 469/469
f 470/470 467/467 469/469
f 469/469 471/471 470/470
f 472/472 473/473 460/460
f 430/430 429/429 474/474
f 475/475 476/476 477/477
f 429/429 432/432 478/478
f 435/435 420/420 466/466
f 474/474 429/429 478/478
f 459/459 460/460 473/473
f 478/478 479/479 474/474
f 480/480 479/479 478/478
f 481/481 476/476 475/475
f 481/481 482/482 476/476
f 479/479 480/480 483/483
f 484/484 485/485 478/478
f 478/478 485/485 486/486
f 487/487 486/486 485/485
f 488/488 487/487 485/485
f 486/486 487/487 489/489
f 486/486 489/489 490/490
f 478/478 486/486 480/480
f 490/490 480/480 486/486
f 441/441 466/466 482/482
f 491/491 430/430 474/474
f 84/84 82/82 491/491
f 492/492 84/84 491/491
f 493/493 458/458 459/459
f 494/494 495/495 496/496
f 494/494 497/497 498/498
f 474/474 499/499 491/491
f 474/474 479/479 499/499
f 491/491 499/499 492/492
f 84/84 492/492 229/229
f 240/240 229/229 492/492
f 500/500 459/459 473/473
f 459/459 500/500 493/493
f 501/501 498/498 502/502
f 492/492 499/499 240/240
f 240/240 499/499 253/253
f 499/499 424/424 253/253
f 503/503 504/504 505/505
f 506/506 504/504 503/503
f 506/506 507/507 504/504
f 499/499 479/479 424/424
f 508/508 509/509 503/503
f 483/483 424/424 479/479
f 240/240 253/253 246/246
f 466/466 441/441 435/435
f 510/510 490/490 489/489
f 490/490 510/510 511/511
f 512/512 489/489 487/487
f 513/513 510/510 489/489
f 462/462 510/510 513/513
f 510/510 462/462 464/464
f 458/458 451/451 362/362
f 510/510 464/464 511/511
f 514/514 483/483 490/490
f 490/490 483/483 480/480
f 490/490 511/511 514/514
f 515/515 516/516 517/517
f 222/222 312/312 153/153
f 483/483 514/514 108/108
f 458/458 518/518 451/451
f 464/464 94/94 511/511
f 519/519 481/481 516/516
f 514/514 511/511 94/94
f 375/375 451/451 455/455
f 441/441 482/482 519/519
f 514/514 94/94 93/93
f 514/514 93/93 108/108
f 516/516 520/520 519/519
f 455/455 521/521 522/522
f 451/451 521/521 455/455
f 62/62 520/520 515/515
f 441/441 520/520 14/14
f 522/522 454/454 455/455
f 520/520 441/441 519/519
f 355/355 153/153 312/312
f 521/521 451/451 518/518
f 153/153 355/355 356/356
f 424/424 483/483 126/126
f 14/14 520/520 62/62
f 518/518 522/522 521/521
f 312/312 222/222 172/172
f 520/520 516/516 515/515
f 523/523 454/454 522/522
f 483/483 107/107 126/126
f 525/525 515/515 524/524
f 525/525 524/524 526/526
f 107/107 483/483 108/108
f 527/527 518/518 458/458
f 449/449 448/448 528/528
f 448/448 261/261 528/528
f 261/261 448/448 262/262
f 493/493 527/527 458/458
f 529/529 58/58 62/62
f 518/518 527/527 531/531
f 525/525 62/62 515/515
f 258/258 283/283 261/261
f 300/300 341/341 312/312
f 529/529 62/62 525/525
f 525/525 533/533 529/529
f 312/312 460/460 355/355
f 533/533 525/525 526/526
f 28/28 6/6 534/534
f 535/535 523/523 531/531
f 536/536 465/465 468/468
f 206/206 465/465 536/536
f 19/19 206/206 536/536
f 537/537 538/538 539/539
f 467/467 536/536 468/468
f 539/539 538/538 540/540
f 537/537 541/541 538/538
f 6/6 536/536 534/534
f 6/6 16/16 536/536
f 539/539 540/540 542/542
f 16/16 19/19 536/536
f 539/539 542/542 537/537
f 522/522 518/518 523/523
f 341/341 460/460 312/312
f 460/460 341/341 472/472
f 543/543 544/544 541/541
f 531/531 523/523 518/518
f 473/473 472/472 341/341
f 403/403 398/398 409/409
f 527/527 545/545 531/531
f 546/546 402/402 409/409
f 547/547 8/8 3/3
f 8/8 547/547 27/27
f 2/2 547/547 3/3
f 548/548 546/546 409/409
f 547/547 2/2 63/63
f 547/547 63/63 32/32
f 32/32 31/31 547/547
f 31/31 27/27 547/547
f 411/411 410/410 549/549
f 550/550 551/551 549/549
f 549/549 552/552 550/550
f 553/553 554/554 550/550
f 445/445 441/441 15/15
f 555/555 556/556 557/557
f 555/555 558/558 556/556
f 559/559 9/9 11/11
f 559/559 11/11 17/17
f 559/559 17/17 34/34
f 481/481 557/557 556/556
f 560/560 556/556 558/558
f 481/481 556/556 560/560
f 418/418 17/17 419/419
f 419/419 17/17 197/197
f 561/561 475/475 477/477
f 9/9 559/559 21/21
f 34/34 21/21 559/559
f 476/476 466/466 477/477
f 21/21 34/34 22/22
f 37/37 34/34 33/33
f 477/477 466/466 420/420
f 418/418 33/33 17/17
f 33/33 418/418 45/45
f 476/476 482/482 466/466
f 44/44 46/46 37/37
f 33/33 44/44 37/37
f 519/519 482/482 481/481
f 562/562 563/563 564/564
f 564/564 565/565 496/496
f 564/564 496/496 495/495
f 567/567 568/568 569/569
f 569/569 568/568 570/570
f 570/570 103/103 569/569
f 497/497 494/494 496/496
f 110/110 570/570 568/568
f 110/110 104/104 570/570
f 570/570 104/104 103/103
f 562/562 564/564 495/495
f 571/571 568/568 567/567
f 571/571 572/572 568/568
f 572/572 110/110 568/568
f 574/574 566/566 575/575
f 567/567 569/569 576/576
f 97/97 576/576 569/569
f 97/97 569/569 103/103
f 496/496 577/577 497/497
f 497/497 577/577 578/578
f 575/575 96/96 95/95
f 95/95 579/579 575/575
f 498/498 497/497 580/580
f 581/581 110/110 572/572
f 582/582 494/494 498/498
f 562/562 495/495 583/583
f 584/584 562/562 585/585
f 140/140 117/117 119/119
f 586/586 587/587 585/585
f 585/585 562/562 583/583
f 586/586 585/585 583/583
f 504/504 586/586 583/583
f 495/495 505/505 583/583
f 140/140 139/139 588/588
f 588/588 139/139 147/147
f 141/141 98/98 116/116
f 495/495 494/494 590/590
f 98/98 141/141 143/143
f 582/582 590/590 494/494
f 143/143 141/141 589/589
f 143/143 589/589 591/591
f 590/590 505/505 495/495
f 588/588 147/147 593/593
f 594/594 595/595 463/463
f 463/463 462/462 594/594
f 202/202 143/143 591/591
f 591/591 589/589 592/592
f 202/202 591/591 203/203
f 468/468 465/465 463/463
f 469/469 463/463 595/595
f 283/283 469/469 595/595
f 593/593 147/147 148/148
f 463/463 469/469 468/468
f 148/148 156/156 593/593
f 592/592 157/157 596/596
f 591/591 592/592 596/596
f 209/209 596/596 598/598
f 596/596 157/157 598/598
f 599/599 582/582 501/501
f 597/597 156/156 158/158
f 471/471 469/469 283/283
f 600/600 582/582 599/599
f 596/596 203/203 591/591
f 208/208 203/203 596/596
f 497/497 578/578 580/580
f 601/601 571/571 567/567
f 602/602 571/571 601/601
f 571/571 603/603 572/572
f 602/602 603/603 571/571
f 602/602 604/604 603/603
f 605/605 604/604 602/602
f 258/258 471/471 283/283
f 601/601 567/567 573/573
f 573/573 607/607 601/601
f 579/579 161/161 574/574
f 575/575 579/579 574/574
f 502/502 578/578 608/608
f 606/606 574/574 161/161
f 580/580 578/578 502/502
f 498/498 580/580 502/502
f 607/607 609/609 601/601
f 95/95 161/161 579/579
f 501/501 502/502 610/610
f 611/611 606/606 161/161
f 428/428 613/613 432/432
f 609/609 607/607 612/612
f 2/2 614/614 63/63
f 613/613 484/484 432/432
f 615/615 616/616 609/609
f 432/432 484/484 478/478
f 161/161 617/617 611/611
f 612/612 619/619 609/609
f 618/618 611/611 617/617
f 617/617 161/161 162/162
f 620/620 501/501 610/610
f 615/615 621/621 616/616
f 621/621 605/605 616/616
f 610/610 502/502 622/622
f 617/617 623/623 618/618
f 624/624 484/484 613/613
f 625/625 626/626 623/623
f 628/628 626/626 625/625
f 609/609 619/619 630/630
f 615/615 609/609 630/630
f 631/631 624/624 613/613
f 620/620 610/610 632/632
f 633/633 623/623 617/617
f 633/633 617/617 162/162
f 620/620 632/632 634/634
f 635/635 621/621 615/615
f 64/64 63/63 614/614
f 636/636 615/615 630/630
f 615/615 636/636 635/635
f 637/637 635/635 636/636
f 624/624 528/528 488/488
f 528/528 624/624 631/631
f 638/638 630/630 639/639
f 622/622 232/232 234/234
f 610/610 622/622 640/640
f 641/641 639/639 629/629
f 629/629 639/639 630/630
f 632/632 610/610 640/640
f 638/638 636/636 630/630
f 638/638 637/637 636/636
f 501/501 582/582 498/498
f 484/484 624/624 485/485
f 642/642 637/637 638/638
f 488/488 485/485 624/624
f 643/643 64/64 614/614
f 488/488 528/528 644/644
f 633/633 162/162 178/178
f 645/645 512/512 644/644
f 67/67 31/31 30/30
f 162/162 163/163 178/178
f 512/512 488/488 644/644
f 512/512 487/487 488/488
f 599/599 501/501 620/620
f 67/67 30/30 87/87
f 625/625 623/623 646/646
f 115/115 30/30 64/64
f 647/647 628/628 625/625
f 647/647 625/625 649/649
f 649/649 625/625 646/646
f 491/491 82/82 430/430
f 650/650 620/620 634/634
f 87/87 30/30 115/115
f 646/646 623/623 633/633
f 599/599 650/650 651/651
f 620/620 650/650 599/599
f 633/633 652/652 646/646
f 633/633 178/178 653/653
f 587/587 654/654 655/655
f 654/654 587/587 507/507
f 507/507 587/587 586/586
f 652/652 633/633 653/653
f 504/504 583/583 505/505
f 507/507 586/586 504/504
f 654/654 656/656 655/655
f 654/654 507/507 657/657
f 658/658 653/653 178/178
f 506/506 657/657 507/507
f 658/658 178/178 659/659
f 506/506 509/509 657/657
f 163/163 659/659 178/178
f 659/659 163/163 177/177
f 513/513 489/489 512/512
f 513/513 512/512 594/594
f 512/512 645/645 594/594
f 603/603 581/581 572/572
f 660/660 111/111 110/110
f 581/581 660/660 110/110
f 513/513 594/594 462/462
f 660/660 581/581 603/603
f 503/503 509/509 506/506
f 661/661 660/660 603/603
f 66/66 67/67 87/87
f 604/604 661/661 603/603
f 503/503 505/505 662/662
f 180/180 111/111 660/660
f 661/661 180/180 660/660
f 10/10 179/179 180/180
f 663/663 662/662 664/664
f 665/665 661/661 604/604
f 665/665 604/604 621/621
f 621/621 604/604 605/605
f 666/666 661/661 665/665
f 667/667 505/505 590/590
f 665/665 621/621 635/635
f 18/18 661/661 666/666
f 18/18 180/180 661/661
f 667/667 662/662 505/505
f 197/197 18/18 666/666
f 668/668 654/654 657/657
f 669/669 666/666 665/665
f 654/654 668/668 656/656
f 670/670 657/657 509/509
f 671/671 656/656 672/672
f 192/192 193/193 182/182
f 12/12 192/192 182/182
f 673/673 671/671 672/672
f 180/180 11/11 10/10
f 11/11 180/180 18/18
f 674/674 665/665 635/635
f 508/508 503/503 662/662
f 508/508 662/662 663/663
f 669/669 665/665 674/674
f 675/675 509/509 508/508
f 508/508 676/676 675/675
f 669/669 197/197 666/666
f 675/675 670/670 509/509
f 669/669 674/674 637/637
f 677/677 676/676 508/508
f 677/677 508/508 663/663
f 667/667 590/590 600/600
f 637/637 674/674 635/635
f 662/662 667/667 678/678
f 678/678 667/667 600/600
f 631/631 449/449 528/528
f 590/590 582/582 600/600
f 195/195 115/115 64/64
f 600/600 679/679 680/680
f 681/681 678/678 680/680
f 600/600 680/680 678/678
f 664/664 662/662 678/678
f 681/681 664/664 678/678
f 681/681 680/680 682/682
f 683/683 644/644 528/528
f 679/679 682/682 680/680
f 683/683 645/645 644/644
f 679/679 600/600 599/599
f 679/679 599/599 651/651
f 177/177 163/163 202/202
f 684/684 679/679 685/685
f 177/177 202/202 204/204
f 682/682 679/679 684/684
f 686/686 682/682 684/684
f 685/685 679/679 651/651
f 685/685 651/651 687/687
f 684/684 685/685 686/686
f 683/683 528/528 261/261
f 688/688 689/689 663/663
f 677/677 663/663 689/689
f 689/689 690/690 677/677
f 663/663 664/664 681/681
f 688/688 663/663 681/681
f 681/681 682/682 691/691
f 688/688 681/681 691/691
f 195/195 91/91 115/115
f 209/209 598/598 211/211
f 691/691 692/692 688/688
f 689/689 688/688 538/538
f 538/538 688/688 692/692
f 320/320 597/597 315/315
f 597/597 158/158 315/315
f 320/320 315/315 306/306
f 319/319 211/211 598/598
f 691/691 682/682 686/686
f 691/691 686/686 692/692
f 319/319 212/212 211/211
f 686/686 693/693 692/692
f 596/596 209/209 208/208
f 693/693 686/686 685/685
f 694/694 685/685 687/687
f 594/594 645/645 595/595
f 693/693 685/685 694/694
f 693/693 694/694 695/695
f 540/540 538/538 692/692
f 595/595 645/645 683/683
f 693/693 540/540 692/692
f 695/695 540/540 693/693
f 283/283 683/683 261/261
f 542/542 540/540 695/695
f 283/283 595/595 683/683
f 564/564 659/659 565/565
f 696/696 565/565 659/659
f 659/659 177/177 696/696
f 696/696 577/577 565/565
f 565/565 577/577 496/496
f 205/205 210/210 224/224
f 224/224 220/220 205/205
f 210/210 213/213 224/224
f 213/213 219/219 224/224
f 467/467 534/534 536/536
f 470/470 534/534 467/467
f 28/28 534/534 470/470
f 225/225 224/224 219/219
f 219/219 383/383 225/225
f 697/697 558/558 698/698
f 560/560 558/558 697/697
f 699/699 560/560 697/697
f 228/228 220/220 223/223
f 701/701 703/703 698/698
f 177/177 228/228 696/696
f 671/671 702/702 700/700
f 704/704 702/702 673/673
f 706/706 698/698 703/703
f 346/346 36/36 470/470
f 702/702 671/671 673/673
f 228/228 577/577 696/696
f 703/703 705/705 706/706
f 346/346 470/470 471/471
f 228/228 578/578 577/577
f 697/697 698/698 706/706
f 707/707 697/697 706/706
f 28/28 36/36 29/29
f 36/36 28/28 470/470
f 231/231 578/578 228/228
f 608/608 578/578 231/231
f 560/560 516/516 481/481
f 231/231 223/223 225/225
f 225/225 708/708 231/231
f 517/517 560/560 699/699
f 36/36 70/70 38/38
f 516/516 560/560 517/517
f 709/709 699/699 697/697
f 709/709 697/697 707/707
f 710/710 706/706 705/705
f 706/706 710/710 707/707
f 708/708 608/608 231/231
f 708/708 711/711 608/608
f 712/712 710/710 705/705
f 608/608 711/711 502/502
f 502/502 711/711 713/713
f 709/709 707/707 714/714
f 710/710 715/715 707/707
f 622/622 502/502 713/713
f 715/715 710/710 712/712
f 714/714 707/707 715/715
f 711/711 708/708 716/716
f 711/711 716/716 713/713
f 708/708 225/225 716/716
f 699/699 709/709 517/517
f 716/716 225/225 383/383
f 716/716 383/383 717/717
f 524/524 517/517 709/709
f 524/524 515/515 517/517
f 383/383 384/384 717/717
f 718/718 717/717 384/384
f 713/713 716/716 717/717
f 718/718 233/233 713/713
f 713/713 717/717 718/718
f 233/233 232/232 713/713
f 719/719 233/233 718/718
f 622/622 713/713 232/232
f 524/524 709/709 720/720
f 720/720 709/709 714/714
f 721/721 714/714 715/715
f 720/720 714/714 722/722
f 723/723 714/714 721/721
f 722/722 714/714 723/723
f 724/724 720/720 722/722
f 724/724 722/722 389/389
f 526/526 720/720 724/724
f 724/724 389/389 391/391
f 725/725 526/526 724/724
f 524/524 720/720 526/526
f 726/726 675/675 676/676
f 677/677 726/726 676/676
f 310/310 307/307 305/305
f 727/727 726/726 677/677
f 690/690 727/727 677/677
f 727/727 399/399 395/395
f 690/690 689/689 728/728
f 343/343 218/218 308/308
f 541/541 728/728 538/538
f 727/727 690/690 729/729
f 729/729 690/690 728/728
f 730/730 729/729 728/728
f 730/730 728/728 541/541
f 728/728 689/689 538/538
f 328/328 330/330 337/337
f 351/351 336/336 338/338
f 351/351 338/338 352/352
f 731/731 537/537 542/542
f 537/537 731/731 732/732
f 339/339 340/340 734/734
f 334/334 734/734 340/340
f 729/729 399/399 727/727
f 371/371 734/734 334/334
f 733/733 352/352 338/338
f 735/735 352/352 733/733
f 736/736 399/399 729/729
f 342/342 218/218 343/343
f 343/343 308/308 329/329
f 329/329 344/344 343/343
f 730/730 736/736 729/729
f 398/398 399/399 736/736
f 409/409 398/398 736/736
f 730/730 737/737 736/736
f 409/409 736/736 737/737
f 737/737 730/730 544/544
f 544/544 730/730 541/541
f 385/385 344/344 348/348
f 738/738 348/348 739/739
f 344/344 329/329 336/336
f 344/344 336/336 351/351
f 732/732 541/541 537/537
f 541/541 732/732 543/543
f 348/348 352/352 740/740
f 740/740 352/352 735/735
f 732/732 544/544 543/543
f 544/544 732/732 741/741
f 742/742 544/544 741/741
f 737/737 548/548 409/409
f 548/548 737/737 743/743
f 743/743 737/737 544/544
f 743/743 544/544 742/742
f 744/744 743/743 742/742
f 745/745 546/546 548/548
f 745/745 548/548 743/743
f 745/745 743/743 744/744
f 744/744 746/746 745/745
f 546/546 410/410 412/412
f 546/546 745/745 552/552
f 410/410 546/546 549/549
f 549/549 546/546 552/552
f 552/552 745/745 746/746
f 550/550 552/552 553/553
f 345/345 36/36 346/346
f 383/383 344/344 385/385
f 258/258 346/346 471/471
f 738/738 385/385 348/348
f 719/719 718/718 384/384
f 345/345 747/747 36/36
f 747/747 70/70 36/36
f 668/668 657/657 670/670
f 672/672 656/656 668/668
f 672/672 668/668 748/748
f 748/748 668/668 749/749
f 749/749 668/668 670/670
f 749/749 670/670 675/675
f 722/722 723/723 750/750
f 750/750 389/389 722/722
f 673/673 672/672 748/748
f 751/751 704/704 673/673
f 751/751 673/673 748/748
f 752/752 749/749 675/675
f 69/69 359/359 47/47
f 749/749 753/753 748/748
f 751/751 748/748 753/753
f 753/753 749/749 752/752
f 359/359 69/69 754/754
f 756/756 704/704 751/751
f 751/751 757/757 756/756
f 753/753 758/758 751/751
f 361/361 360/360 359/359
f 393/393 753/753 752/752
f 751/751 758/758 757/757
f 758/758 753/753 393/393
f 752/752 675/675 726/726
f 393/393 752/752 726/726
f 359/359 754/754 361/361
f 726/726 394/394 393/393
f 643/643 361/361 364/364
f 364/364 361/361 754/754
f 726/726 727/727 394/394
f 395/395 394/394 727/727
f 614/614 2/2 361/361
f 643/643 614/614 361/361
f 760/760 757/757 761/761
f 758/758 762/762 757/757
f 762/762 758/758 393/393
f 761/761 757/757 762/762
f 763/763 762/762 393/393
f 763/763 393/393 392/392
f 760/760 756/756 757/757
f 712/712 705/705 755/755
f 364/364 363/363 643/643
f 761/761 762/762 764/764
f 764/764 762/762 763/763
f 397/397 763/763 392/392
f 765/765 761/761 764/764
f 122/122 105/105 88/88
f 712/712 755/755 759/759
f 88/88 105/105 89/89
f 91/91 122/122 88/88
f 721/721 712/712 759/759
f 721/721 715/715 712/712
f 363/363 189/189 64/64
f 64/64 643/643 363/363
f 766/766 122/122 91/91
f 766/766 91/91 195/195
f 70/70 754/754 69/69
f 754/754 70/70 747/747
f 764/764 767/767 765/765
f 767/767 764/764 768/768
f 364/364 754/754 747/747
f 769/769 772/772 767/767
f 195/195 773/773 766/766
f 774/774 768/768 764/764
f 775/775 767/767 768/768
f 769/769 767/767 775/775
f 364/364 747/747 345/345
f 772/772 776/776 765/765
f 778/778 777/777 771/771
f 759/759 777/777 778/778
f 774/774 763/763 397/397
f 764/764 763/763 774/774
f 778/778 721/721 759/759
f 778/778 723/723 721/721
f 778/778 771/771 750/750
f 750/750 723/723 778/778
f 779/779 774/774 397/397
f 396/396 779/779 397/397
f 779/779 396/396 400/400
f 403/403 400/400 395/395
f 400/400 404/404 779/779
f 780/780 774/774 781/781
f 779/779 781/781 774/774
f 781/781 779/779 404/404
f 768/768 782/782 775/775
f 782/782 768/768 780/780
f 780/780 768/768 774/774
f 783/783 775/775 782/782
f 783/783 769/769 775/775
f 785/785 769/769 783/783
f 786/786 783/783 782/782
f 788/788 785/785 783/783
f 789/789 782/782 780/780
f 773/773 165/165 124/124
f 165/165 134/134 124/124
f 786/786 782/782 789/789
f 790/790 165/165 773/773
f 771/771 791/791 750/750
f 770/770 791/791 771/771
f 792/792 750/750 791/791
f 766/766 124/124 122/122
f 791/791 770/770 784/784
f 773/773 124/124 766/766
f 390/390 389/389 750/750
f 784/784 792/792 791/791
f 750/750 792/792 390/390
f 137/137 164/164 167/167
f 789/789 780/780 781/781
f 781/781 407/407 789/789
f 404/404 405/405 781/781
f 790/790 164/164 165/165
f 164/164 790/790 168/168
f 407/407 781/781 405/405
f 173/173 176/176 184/184
f 412/412 405/405 402/402
f 412/412 402/402 546/546
f 422/422 415/415 45/45
f 422/422 45/45 418/418
f 417/417 422/422 418/418
f 431/431 793/793 631/631
f 425/425 73/73 54/54
f 431/431 425/425 793/793
f 431/431 613/613 428/428
f 431/431 631/631 613/613
f 793/793 54/54 415/415
f 793/793 425/425 54/54
f 422/422 793/793 415/415
f 631/631 793/793 422/422
f 631/631 422/422 421/421
f 449/449 631/631 421/421
f 648/648 641/641 629/629
f 794/794 641/641 648/648
f 795/795 638/638 639/639
f 795/795 642/642 638/638
f 796/796 642/642 795/795
f 795/795 639/639 641/641
f 797/797 795/795 641/641
f 794/794 797/797 641/641
f 796/796 795/795 797/797
f 798/798 642/642 796/796
f 796/796 799/799 798/798
f 799/799 797/797 794/794
f 796/796 797/797 799/799
f 799/799 794/794 800/800
f 801/801 799/799 800/800
f 802/802 798/798 799/799
f 801/801 802/802 799/799
f 649/649 646/646 652/652
f 649/649 652/652 803/803
f 803/803 652/652 653/653
f 563/563 804/804 564/564
f 805/805 806/806 807/807
f 563/563 808/808 807/807
f 808/808 563/563 809/809
f 563/563 562/562 809/809
f 794/794 648/648 811/811
f 806/806 647/647 649/649
f 810/810 647/647 806/806
f 806/806 649/649 803/803
f 805/805 810/810 806/806
f 807/807 653/653 658/658
f 658/658 804/804 807/807
f 803/803 653/653 807/807
f 807/807 804/804 563/563
f 804/804 658/658 564/564
f 659/659 564/564 658/658
f 806/806 803/803 807/807
f 813/813 805/805 814/814
f 807/807 808/808 805/805
f 808/808 809/809 584/584
f 584/584 809/809 562/562
f 585/585 587/587 584/584
f 814/814 805/805 808/808
f 815/815 813/813 814/814
f 814/814 808/808 584/584
f 800/800 794/794 811/811
f 811/811 812/812 800/800
f 816/816 801/801 800/800
f 813/813 810/810 805/805
f 800/800 812/812 818/818
f 800/800 818/818 816/816
f 669/669 819/819 197/197
f 820/820 197/197 819/819
f 637/637 642/642 669/669
f 669/669 642/642 819/819
f 642/642 798/798 819/819
f 820/820 819/819 798/798
f 561/561 820/820 798/798
f 820/820 420/420 197/197
f 477/477 420/420 820/820
f 561/561 798/798 802/802
f 477/477 820/820 561/561
f 816/816 802/802 801/801
f 475/475 561/561 802/802
f 802/802 557/557 475/475
f 481/481 475/475 557/557
f 813/813 815/815 817/817
f 822/822 817/817 815/815
f 823/823 818/818 821/821
f 821/821 825/825 823/823
f 655/655 584/584 587/587
f 655/655 826/826 584/584
f 815/815 814/814 826/826
f 584/584 826/826 814/814
f 656/656 827/827 655/655
f 827/827 826/826 655/655
f 827/827 815/815 826/826
f 822/822 815/815 827/827
f 822/822 827/827 824/824
f 823/823 816/816 818/818
f 823/823 555/555 816/816
f 557/557 802/802 816/816
f 557/557 816/816 555/555
f 558/558 555/555 823/823
f 825/825 558/558 823/823
f 558/558 825/825 698/698
f 700/700 824/824 827/827
f 827/827 656/656 700/700
f 671/671 700/700 656/656
f 698/698 825/825 701/701
f 601/601 609/609 616/616
f 605/605 602/602 616/616
f 602/602 601/601 616/616
f 626/626 618/618 623/623
f 619/619 627/627 630/630
f 627/627 629/629 630/630
f 776/776 760/760 761/761
f 765/765 776/776 761/761
f 765/765 767/767 772/772
f 233/233 828/828 829/829
f 830/830 831/831 832/832
f 234/234 233/233 829/829
f 831/831 833/833 834/834
f 835/835 836/836 837/837
f 740/740 735/735 838/838
f 838/838 735/735 839/839
f 831/831 830/830 840/840
f 843/843 839/839 844/844
f 838/838 839/839 843/843
f 842/842 841/841 845/845
f 846/846 833/833 831/831
f 847/847 842/842 848/848
f 835/835 837/837 849/849
f 831/831 840/840 846/846
f 842/842 847/847 841/841
f 850/850 849/849 837/837
f 348/348 740/740 739/739
f 739/739 740/740 838/838
f 851/851 854/854 855/855
f 830/830 856/856 840/840
f 855/855 857/857 851/851
f 840/840 856/856 858/858
f 859/859 857/857 855/855
f 861/861 843/843 862/862
f 863/863 861/861 864/864
f 865/865 866/866 867/867
f 371/371 370/370 868/868
f 377/377 868/868 370/370
f 867/867 869/869 870/870
f 869/869 867/867 871/871
f 873/873 874/874 868/868
f 868/868 377/377 876/876
f 866/866 871/871 867/867
f 873/873 868/868 876/876
f 877/877 859/859 878/878
f 879/879 880/880 875/875
f 839/839 875/875 880/880
f 846/846 840/840 881/881
f 377/377 370/370 333/333
f 841/841 882/882 845/845
f 879/879 875/875 872/872
f 883/883 859/859 877/877
f 885/885 883/883 877/877
f 858/858 881/881 840/840
f 844/844 886/886 862/862
f 887/887 888/888 845/845
f 882/882 889/889 890/890
f 876/876 377/377 891/891
f 892/892 894/894 896/896
f 890/890 845/845 882/882
f 897/897 850/850 899/899
f 889/889 900/900 890/890
f 901/901 899/899 850/850
f 890/890 900/900 903/903
f 904/904 894/894 892/892
f 905/905 898/898 902/902
f 906/906 887/887 845/845
f 876/876 891/891 907/907
f 908/908 904/904 892/892
f 891/891 909/909 907/907
f 910/910 898/898 905/905
f 904/904 911/911 912/912
f 845/845 890/890 906/906
f 911/911 904/904 908/908
f 891/891 377/377 373/373
f 912/912 911/911 914/914
f 380/380 891/891 373/373
f 916/916 908/908 892/892
f 845/845 888/888 842/842
f 891/891 380/380 917/917
f 837/837 918/918 850/850
f 919/919 842/842 888/888
f 911/911 908/908 920/920
f 850/850 918/918 921/921
f 888/888 922/922 919/919
f 876/876 923/923 873/873
f 872/872 924/924 925/925
f 916/916 881/881 908/908
f 922/922 888/888 887/887
f 881/881 926/926 908/908
f 884/884 926/926 881/881
f 920/920 908/908 926/926
f 918/918 837/837 927/927
f 928/928 923/923 876/876
f 928/928 876/876 907/907
f 922/922 887/887 929/929
f 930/930 911/911 920/920
f 843/843 844/844 862/862
f 930/930 914/914 911/911
f 932/932 914/914 930/930
f 931/931 933/933 915/915
f 886/886 934/934 862/862
f 886/886 935/935 934/934
f 934/934 935/935 936/936
f 928/928 939/939 923/923
f 919/919 922/922 937/937
f 940/940 905/905 902/902
f 937/937 922/922 941/941
f 939/939 928/928 942/942
f 940/940 944/944 905/905
f 944/944 940/940 945/945
f 921/921 918/918 946/946
f 947/947 936/936 948/948
f 948/948 949/949 950/950
f 951/951 903/903 900/900
f 890/890 903/903 906/906
f 950/950 952/952 948/948
f 906/906 903/903 953/953
f 918/918 954/954 946/946
f 951/951 953/953 903/903
f 954/954 918/918 927/927
f 955/955 862/862 934/934
f 953/953 951/951 956/956
f 957/957 956/956 951/951
f 955/955 934/934 958/958
f 959/959 941/941 922/922
f 862/862 955/955 960/960
f 929/929 887/887 906/906
f 953/953 929/929 906/906
f 850/850 921/921 901/901
f 921/921 961/961 901/901
f 921/921 946/946 961/961
f 902/902 962/962 940/940
f 929/929 953/953 963/963
f 959/959 922/922 929/929
f 959/959 929/929 963/963
f 964/964 940/940 962/962
f 953/953 965/965 963/963
f 953/953 956/956 965/965
f 947/947 948/948 952/952
f 947/947 952/952 966/966
f 964/964 945/945 940/940
f 738/738 386/386 385/385
f 965/965 967/967 963/963
f 967/967 959/959 963/963
f 968/968 386/386 738/738
f 946/946 970/970 961/961
f 881/881 858/858 971/971
f 972/972 956/956 957/957
f 969/969 964/964 962/962
f 973/973 964/964 969/969
f 974/974 964/964 973/973
f 738/738 739/739 838/838
f 975/975 956/956 972/972
f 956/956 975/975 976/976
f 977/977 976/976 975/975
f 945/945 964/964 974/974
f 976/976 965/965 956/956
f 978/978 979/979 945/945
f 968/968 838/838 863/863
f 978/978 945/945 974/974
f 968/968 738/738 838/838
f 905/905 980/980 910/910
f 981/981 980/980 944/944
f 977/977 982/982 976/976
f 944/944 980/980 905/905
f 861/861 863/863 838/838
f 900/900 984/984 951/951
f 984/984 985/985 951/951
f 986/986 944/944 945/945
f 979/979 986/986 945/945
f 987/987 988/988 989/989
f 985/985 990/990 951/951
f 951/951 990/990 957/957
f 985/985 991/991 990/990
f 992/992 987/987 993/993
f 994/994 979/979 978/978
f 992/992 995/995 987/987
f 996/996 990/990 991/991
f 997/997 946/946 954/954
f 957/957 990/990 972/972
f 990/990 996/996 972/972
f 993/993 998/998 999/999
f 1000/1000 997/997 954/954
f 992/992 993/993 999/999
f 970/970 946/946 997/997
f 1003/1003 970/970 997/997
f 1002/1002 973/973 969/969
f 996/996 975/975 972/972
f 960/960 1004/1004 1005/1005
f 1004/1004 960/960 1006/1006
f 1004/1004 1006/1006 1007/1007
f 975/975 996/996 1001/1001
f 975/975 1001/1001 1008/1008
f 973/973 1002/1002 1009/1009
f 1007/1007 1006/1006 1010/1010
f 920/920 926/926 1011/1011
f 1008/1008 977/977 975/975
f 920/920 1011/1011 930/930
f 1003/1003 997/997 1000/1000
f 930/930 1011/1011 1012/1012
f 950/950 966/966 952/952
f 1013/1013 1014/1014 941/941
f 1015/1015 1010/1010 947/947
f 1016/1016 974/974 973/973
f 941/941 1014/1014 937/937
f 1017/1017 1018/1018 926/926
f 1019/1019 1015/1015 1020/1020
f 1011/1011 926/926 1018/1018
f 1021/1021 974/974 1016/1016
f 1013/1013 941/941 959/959
f 1013/1013 959/959 967/967
f 1019/1019 1020/1020 1022/1022
f 966/966 1020/1020 1015/1015
f 978/978 974/974 1021/1021
f 1023/1023 1013/1013 967/967
f 1024/1024 937/937 1014/1014
f 1016/1016 973/973 1009/1009
f 926/926 1025/1025 1017/1017
f 1009/1009 1026/1026 1016/1016
f 1023/1023 1027/1027 1013/1013
f 1027/1027 1014/1014 1013/1013
f 1024/1024 1014/1014 1027/1027
f 1028/1028 1024/1024 1027/1027
f 1029/1029 978/978 1021/1021
f 1021/1021 1030/1030 1029/1029
f 1030/1030 1016/1016 1026/1026
f 1030/1030 1021/1021 1016/1016
f 919/919 937/937 1031/1031
f 1032/1032 1033/1033 1034/1034
f 1024/1024 1031/1031 937/937
f 1035/1035 1030/1030 1026/1026
f 1036/1036 1000/1000 1038/1038
f 1039/1039 1040/1040 1041/1041
f 1000/1000 1036/1036 1003/1003
f 1037/1037 1042/1042 1002/1002
f 1043/1043 1041/1041 1044/1044
f 1045/1045 1031/1031 1046/1046
f 1046/1046 1031/1031 1024/1024
f 1047/1047 1041/1041 1043/1043
f 1002/1002 1042/1042 1009/1009
f 881/881 971/971 884/884
f 1044/1044 1041/1041 1040/1040
f 1048/1048 1009/1009 1042/1042
f 1026/1026 1009/1009 1048/1048
f 1023/1023 967/967 965/965
f 965/965 982/982 1049/1049
f 1050/1050 1036/1036 1052/1052
f 1049/1049 1027/1027 1023/1023
f 1049/1049 1023/1023 965/965
f 1037/1037 1053/1053 1042/1042
f 884/884 1025/1025 926/926
f 1049/1049 1028/1028 1027/1027
f 1054/1054 1028/1028 1049/1049
f 1043/1043 1044/1044 1055/1055
f 1055/1055 1056/1056 1043/1043
f 971/971 1025/1025 884/884
f 1049/1049 982/982 1057/1057
f 1048/1048 1058/1058 1026/1026
f 1055/1055 1059/1059 1056/1056
f 1048/1048 1042/1042 1053/1053
f 982/982 965/965 976/976
f 1059/1059 1060/1060 1056/1056
f 1048/1048 1053/1053 1061/1061
f 1061/1061 1053/1053 1062/1062
f 1034/1034 1047/1047 1063/1063
f 1064/1064 1061/1061 1065/1065
f 1058/1058 1048/1048 1061/1061
f 1063/1063 1032/1032 1034/1034
f 1060/1060 1059/1059 1066/1066
f 1058/1058 1061/1061 1064/1064
f 1067/1067 1057/1057 982/982
f 1060/1060 1066/1066 1068/1068
f 1028/1028 1046/1046 1024/1024
f 1068/1068 1066/1066 1069/1069
f 1058/1058 1035/1035 1026/1026
f 885/885 1070/1070 883/883
f 1028/1028 1054/1054 1046/1046
f 1057/1057 1054/1054 1049/1049
f 1071/1071 1046/1046 1054/1054
f 1072/1072 1073/1073 1074/1074
f 877/877 1075/1075 885/885
f 1046/1046 1071/1071 1076/1076
f 1073/1073 1072/1072 1077/1077
f 1076/1076 1045/1045 1046/1046
f 1075/1075 877/877 878/878
f 1078/1078 1077/1077 1072/1072
f 1079/1079 1080/1080 1081/1081
f 1079/1079 1081/1081 1082/1082
f 1071/1071 1054/1054 1083/1083
f 1054/1054 1057/1057 1083/1083
f 1057/1057 1067/1067 1083/1083
f 1084/1084 1079/1079 1082/1082
f 1076/1076 1071/1071 1085/1085
f 1086/1086 1070/1070 885/885
f 885/885 1075/1075 1086/1086
f 1071/1071 1083/1083 1085/1085
f 1087/1087 1088/1088 1090/1090
f 1093/1093 1094/1094 1095/1095
f 1096/1096 1097/1097 1098/1098
f 1099/1099 1094/1094 1093/1093
f 1100/1100 1094/1094 1099/1099
f 1098/1098 1097/1097 1101/1101
f 1001/1001 1102/1102 1008/1008
f 1103/1103 1086/1086 1075/1075
f 1104/1104 1105/1105 651/651
f 1104/1104 651/651 650/650
f 1104/1104 1106/1106 1107/1107
f 1104/1104 1107/1107 1108/1108
f 1075/1075 1109/1109 1103/1103
f 1108/1108 1105/1105 1104/1104
f 1110/1110 1111/1111 1112/1112
f 977/977 1008/1008 1113/1113
f 1108/1108 1107/1107 1100/1100
f 1012/1012 932/932 930/930
f 1114/1114 1103/1103 1109/1109
f 1012/1012 1089/1089 932/932
f 1115/1115 1108/1108 1100/1100
f 1008/1008 1116/1116 1113/1113
f 1117/1117 1089/1089 1012/1012
f 1008/1008 1102/1102 1118/1118
f 1117/1117 1012/1012 1119/1119
f 1012/1012 1018/1018 1119/1119
f 1120/1120 1121/1121 1122/1122
f 1018/1018 1012/1012 1011/1011
f 1123/1123 1103/1103 1114/1114
f 1124/1124 1125/1125 1126/1126
f 1088/1088 1128/1128 1090/1090
f 1128/1128 1129/1129 1090/1090
f 1130/1130 1126/1126 1131/1131
f 1127/1127 1089/1089 1117/1117
f 1114/1114 1132/1132 1123/1123
f 1114/1114 1133/1133 1132/1132
f 1134/1134 1081/1081 1135/1135
f 1082/1082 1081/1081 1134/1134
f 1129/1129 1128/1128 1136/1136
f 1008/1008 1138/1138 1116/1116
f 1139/1139 1140/1140 1134/1134
f 1134/1134 1140/1140 1082/1082
f 1103/1103 1141/1141 1086/1086
f 1103/1103 1142/1142 1141/1141
f 1143/1143 1095/1095 1140/1140
f 1093/1093 1095/1095 1144/1144
f 1118/1118 1138/1138 1008/1008
f 1118/1118 1145/1145 1138/1138
f 1146/1146 1017/1017 1025/1025
f 1147/1147 1148/1148 1149/1149
f 1113/1113 982/982 977/977
f 1150/1150 1142/1142 1103/1103
f 1018/1018 1017/1017 1119/1119
f 982/982 1113/1113 1067/1067
f 1151/1151 1067/1067 1113/1113
f 1152/1152 1127/1127 1117/1117
f 1117/1117 1119/1119 1152/1152
f 1153/1153 1119/1119 1017/1017
f 1099/1099 1093/1093 1144/1144
f 1144/1144 1147/1147 1149/1149
f 1119/1119 1153/1153 1152/1152
f 1154/1154 1032/1032 1155/1155
f 1032/1032 1156/1156 1155/1155
f 1151/1151 1083/1083 1067/1067
f 1123/1123 1150/1150 1103/1103
f 1150/1150 1123/1123 1157/1157
f 1158/1158 1159/1159 1085/1085
f 1160/1160 1129/1129 1161/1161
f 1158/1158 1085/1085 1083/1083
f 1162/1162 1155/1155 1163/1163
f 1161/1161 1129/1129 1136/1136
f 1149/1149 1164/1164 1165/1165
f 1166/1166 1158/1158 1167/1167
f 1083/1083 1167/1167 1158/1158
f 1166/1166 1167/1167 1168/1168
f 1152/1152 1137/1137 1127/1127
f 1137/1137 1152/1152 1170/1170
f 1167/1167 1083/1083 1151/1151
f 1172/1172 1173/1173 1161/1161
f 1174/1174 1152/1152 1153/1153
f 1174/1174 1170/1170 1152/1152
f 1164/1164 1155/1155 1162/1162
f 1175/1175 1172/1172 1169/1169
f 1075/1075 878/878 1176/1176
f 1167/1167 1151/1151 1177/1177
f 1177/1177 1151/1151 1178/1178
f 1179/1179 1173/1173 1172/1172
f 1180/1180 1179/1179 1172/1172
f 1165/1165 1164/1164 1181/1181
f 1167/1167 1177/1177 1168/1168
f 1179/1179 1180/1180 1182/1182
f 1181/1181 1164/1164 1162/1162
f 1183/1183 1170/1170 1174/1174
f 1168/1168 1177/1177 1185/1185
f 1184/1184 1175/1175 1169/1169
f 1186/1186 1179/1179 1187/1187
f 1188/1188 1181/1181 1162/1162
f 1138/1138 1189/1189 1178/1178
f 1178/1178 1189/1189 1177/1177
f 1190/1190 1185/1185 1177/1177
f 1177/1177 1189/1189 1190/1190
f 1111/1111 1191/1191 1192/1192
f 1193/1193 1194/1194 1195/1195
f 1151/1151 1113/1113 1116/1116
f 1196/1196 1194/1194 1193/1193
f 1151/1151 1116/1116 1178/1178
f 1192/1192 1191/1191 1186/1186
f 1195/1195 1197/1197 1193/1193
f 1195/1195 1198/1198 1197/1197
f 1116/1116 1138/1138 1178/1178
f 1186/1186 1199/1199 1192/1192
f 1109/1109 1075/1075 1176/1176
f 1200/1200 1201/1201 1202/1202
f 1203/1203 1197/1197 1204/1204
f 1205/1205 1206/1206 1207/1207
f 1076/1076 1208/1208 1045/1045
f 1193/1193 1197/1197 1209/1209
f 1206/1206 1205/1205 1210/1210
f 1197/1197 1203/1203 1209/1209
f 1208/1208 1076/1076 1159/1159
f 1159/1159 1076/1076 1085/1085
f 1109/1109 1176/1176 1029/1029
f 1196/1196 1193/1193 1162/1162
f 1159/1159 1158/1158 1211/1211
f 1162/1162 1193/1193 1212/1212
f 1211/1211 1158/1158 1213/1213
f 1210/1210 1205/1205 1214/1214
f 1211/1211 1215/1215 1159/1159
f 1214/1214 1216/1216 1217/1217
f 1218/1218 1214/1214 1217/1217
f 1166/1166 1213/1213 1158/1158
f 1211/1211 1213/1213 1219/1219
f 1218/1218 1217/1217 1220/1220
f 1221/1221 1109/1109 1029/1029
f 1219/1219 1213/1213 1222/1222
f 1223/1223 1193/1193 1209/1209
f 1219/1219 1222/1222 1224/1224
f 1166/1166 1168/1168 1185/1185
f 1212/1212 1193/1193 1223/1223
f 1166/1166 1185/1185 1225/1225
f 1226/1226 1227/1227 1228/1228
f 1222/1222 1213/1213 1166/1166
f 1225/1225 1222/1222 1166/1166
f 1229/1229 1230/1230 1231/1231
f 1232/1232 1058/1058 1064/1064
f 1058/1058 1232/1232 1035/1035
f 1225/1225 1233/1233 1234/1234
f 1235/1235 1236/1236 1237/1237
f 1035/1035 1238/1238 1029/1029
f 1239/1239 1228/1228 1236/1236
f 1236/1236 1228/1228 1237/1237
f 1225/1225 1185/1185 1190/1190
f 1233/1233 1225/1225 1190/1190
f 1240/1240 1241/1241 1242/1242
f 1243/1243 1224/1224 1222/1222
f 1244/1244 1236/1236 1235/1235
f 1239/1239 1200/1200 1202/1202
f 1241/1241 1223/1223 1245/1245
f 1222/1222 1225/1225 1246/1246
f 1246/1246 1243/1243 1222/1222
f 1247/1247 1248/1248 1249/1249
f 1235/1235 1247/1247 1250/1250
f 1234/1234 1246/1246 1225/1225
f 1250/1250 1247/1247 1249/1249
f 1251/1251 1252/1252 1246/1246
f 1253/1253 1254/1254 1249/1249
f 1029/1029 1238/1238 1221/1221
f 1091/1091 1254/1254 1253/1253
f 1255/1255 1249/1249 1254/1254
f 731/731 542/542 1256/1256
f 1221/1221 1238/1238 1257/1257
f 741/741 732/732 1259/1259
f 1260/1260 1255/1255 1261/1261
f 1261/1261 1255/1255 1254/1254
f 1091/1091 1262/1262 1254/1254
f 1262/1262 1261/1261 1254/1254
f 1263/1263 1258/1258 1264/1264
f 1218/1218 1220/1220 1265/1265
f 1265/1265 1220/1220 1266/1266
f 1267/1267 1218/1218 1265/1265
f 1120/1120 1122/1122 1124/1124
f 1266/1266 1268/1268 1265/1265
f 1268/1268 1266/1266 1269/1269
f 1268/1268 1269/1269 1270/1270
f 1270/1270 1269/1269 1271/1271
f 1114/1114 1109/1109 1133/1133
f 1272/1272 1126/1126 1130/1130
f 1258/1258 1263/1263 1273/1273
f 1272/1272 1274/1274 1126/1126
f 1275/1275 1265/1265 1268/1268
f 1276/1276 1258/1258 1273/1273
f 1277/1277 1278/1278 1279/1279
f 1280/1280 1206/1206 1210/1210
f 1210/1210 1281/1281 1280/1280
f 742/742 741/741 1282/1282
f 744/744 742/742 1282/1282
f 1273/1273 1283/1283 1276/1276
f 1133/1133 1109/1109 1221/1221
f 741/741 1284/1284 1282/1282
f 1214/1214 1218/1218 1285/1285
f 746/746 744/744 1282/1282
f 746/746 1282/1282 1286/1286
f 1287/1287 1288/1288 1289/1289
f 1287/1287 1290/1290 1288/1288
f 1293/1293 1286/1286 1284/1284
f 1294/1294 1287/1287 1289/1289
f 1295/1295 1291/1291 1296/1296
f 1292/1292 1297/1297 1296/1296
f 1292/1292 1296/1296 1291/1291
f 1298/1298 1287/1287 1294/1294
f 1299/1299 553/553 746/746
f 1300/1300 553/553 1299/1299
f 1301/1301 1298/1298 1294/1294
f 1294/1294 1302/1302 1301/1301
f 1303/1303 1299/1299 1286/1286
f 1304/1304 1301/1301 1302/1302
f 1296/1296 1305/1305 1295/1295
f 1298/1298 1301/1301 1306/1306
f 1300/1300 554/554 553/553
f 1306/1306 1307/1307 1298/1298
f 1308/1308 1300/1300 1299/1299
f 1308/1308 1299/1299 1303/1303
f 1309/1309 1300/1300 1308/1308
f 1305/1305 1296/1296 1310/1310
f 1311/1311 1270/1270 1312/1312
f 1310/1310 1296/1296 1307/1307
f 1132/1132 1133/1133 1313/1313
f 1309/1309 1308/1308 1314/1314
f 1314/1314 1308/1308 1315/1315
f 1316/1316 1317/1317 1318/1318
f 1316/1316 1318/1318 1319/1319
f 1310/1310 1307/1307 1306/1306
f 1314/1314 1315/1315 1320/1320
f 1286/1286 1293/1293 1303/1303
f 1321/1321 1133/1133 1221/1221
f 1321/1321 1313/1313 1133/1133
f 1322/1322 1310/1310 1306/1306
f 1323/1323 1303/1303 1293/1293
f 1324/1324 1303/1303 1323/1323
f 1325/1325 1326/1326 1327/1327
f 1308/1308 1303/1303 1315/1315
f 1315/1315 1303/1303 1324/1324
f 1328/1328 1311/1311 1329/1329
f 1328/1328 1330/1330 1311/1311
f 1328/1328 1329/1329 1316/1316
f 1316/1316 1331/1331 1328/1328
f 1301/1301 1332/1332 1306/1306
f 1320/1320 1315/1315 1333/1333
f 1326/1326 1332/1332 1301/1301
f 1315/1315 1324/1324 1334/1334
f 1319/1319 1335/1335 1316/1316
f 1336/1336 1334/1334 1324/1324
f 1315/1315 1334/1334 1333/1333
f 1334/1334 1337/1337 1333/1333
f 1334/1334 1336/1336 1337/1337
f 1338/1338 1339/1339 1340/1340
f 1341/1341 1221/1221 1257/1257
f 1342/1342 1343/1343 1331/1331
f 1344/1344 1345/1345 1322/1322
f 1325/1325 1327/1327 1342/1342
f 1322/1322 1345/1345 1310/1310
f 1321/1321 1221/1221 1341/1341
f 1338/1338 1293/1293 1339/1339
f 1323/1323 1293/1293 1338/1338
f 1346/1346 1338/1338 1340/1340
f 1325/1325 1342/1342 1347/1347
f 1346/1346 1348/1348 1338/1338
f 1346/1346 1340/1340 1349/1349
f 1346/1346 1349/1349 1350/1350
f 1347/1347 1342/1342 1331/1331
f 1351/1351 1350/1350 1349/1349
f 1352/1352 1344/1344 1353/1353
f 1350/1350 1351/1351 1354/1354
f 1355/1355 1347/1347 1331/1331
f 1355/1355 1356/1356 1347/1347
f 1353/1353 1344/1344 1322/1322
f 1346/1346 1350/1350 1357/1357
f 1358/1358 1346/1346 1357/1357
f 1352/1352 1345/1345 1344/1344
f 1359/1359 1345/1345 1352/1352
f 1360/1360 1359/1359 1352/1352
f 1361/1361 1323/1323 1338/1338
f 1324/1324 1323/1323 1336/1336
f 1336/1336 1323/1323 1361/1361
f 1360/1360 1352/1352 1353/1353
f 1362/1362 1359/1359 1360/1360
f 1338/1338 1348/1348 1361/1361
f 1363/1363 1361/1361 1348/1348
f 1335/1335 1319/1319 1364/1364
f 1336/1336 1361/1361 1365/1365
f 1337/1337 1336/1336 1365/1365
f 1348/1348 1346/1346 1363/1363
f 1358/1358 1363/1363 1346/1346
f 1365/1365 1366/1366 1337/1337
f 1355/1355 1335/1335 1364/1364
f 1325/1325 1332/1332 1326/1326
f 1365/1365 1369/1369 1366/1366
f 1361/1361 1369/1369 1365/1365
f 1370/1370 1322/1322 1332/1332
f 1353/1353 1322/1322 1370/1370
f 1371/1371 1368/1368 1372/1372
f 1367/1367 1372/1372 1368/1368
f 1356/1356 1355/1355 1373/1373
f 1361/1361 1363/1363 1369/1369
f 1374/1374 1372/1372 1367/1367
f 1375/1375 1363/1363 1376/1376
f 1377/1377 1370/1370 1378/1378
f 1375/1375 1369/1369 1363/1363
f 1373/1373 1364/1364 1379/1379
f 1363/1363 1358/1358 1376/1376
f 1376/1376 1358/1358 1380/1380
f 1364/1364 1373/1373 1355/1355
f 1377/1377 1378/1378 1381/1381
f 1382/1382 1374/1374 1383/1383
f 1384/1384 1382/1382 1383/1383
f 1376/1376 1380/1380 1375/1375
f 1380/1380 1385/1385 1375/1375
f 1382/1382 1384/1384 1386/1386
f 1387/1387 1325/1325 1347/1347
f 1386/1386 1384/1384 1388/1388
f 1389/1389 1390/1390 1388/1388
f 1391/1391 1375/1375 1385/1385
f 1375/1375 1366/1366 1369/1369
f 1392/1392 1393/1393 1394/1394
f 1395/1395 1366/1366 1375/1375
f 1396/1396 1387/1387 1347/1347
f 1394/1394 1397/1397 1392/1392
f 1398/1398 1390/1390 1399/1399
f 1375/1375 1391/1391 1395/1395
f 1399/1399 1390/1390 1389/1389
f 1381/1381 1378/1378 1400/1400
f 1091/1091 1096/1096 1262/1262
f 1397/1397 1394/1394 1401/1401
f 1402/1402 1262/1262 1096/1096
f 1396/1396 1347/1347 1356/1356
f 1398/1398 1403/1403 1401/1401
f 1399/1399 1403/1403 1398/1398
f 1404/1404 1274/1274 1272/1272
f 1405/1405 1404/1404 1272/1272
f 1406/1406 1404/1404 1405/1405
f 1407/1407 1110/1110 1112/1112
f 1408/1408 1409/1409 1410/1410
f 1405/1405 1411/1411 1406/1406
f 1407/1407 1112/1112 1412/1412
f 1411/1411 1405/1405 1413/1413
f 1414/1414 1415/1415 1416/1416
f 1373/1373 1409/1409 1417/1417
f 1418/1418 1408/1408 1414/1414
f 1409/1409 1373/1373 1379/1379
f 1354/1354 1406/1406 1419/1419
f 1420/1420 1319/1319 1318/1318
f 1419/1419 1406/1406 1411/1411
f 1421/1421 1400/1400 1396/1396
f 1384/1384 1383/1383 1423/1423
f 1419/1419 1424/1424 1354/1354
f 1350/1350 1354/1354 1425/1425
f 1424/1424 1425/1425 1354/1354
f 1421/1421 1381/1381 1400/1400
f 1425/1425 1424/1424 1426/1426
f 1380/1380 1358/1358 1357/1357
f 1420/1420 1427/1427 1428/1428
f 1429/1429 1381/1381 1421/1421
f 1357/1357 1350/1350 1425/1425
f 1421/1421 1396/1396 1417/1417
f 1417/1417 1430/1430 1421/1421
f 1431/1431 1416/1416 1432/1432
f 1357/1357 1425/1425 1433/1433
f 1420/1420 1428/1428 1364/1364
f 1380/1380 1357/1357 1433/1433
f 1434/1434 1435/1435 1436/1436
f 1437/1437 1192/1192 1199/1199
f 1433/1433 1425/1425 1426/1426
f 1434/1434 1431/1431 1432/1432
f 1364/1364 1319/1319 1420/1420
f 1380/1380 1433/1433 1385/1385
f 1433/1433 1426/1426 1438/1438
f 1434/1434 1439/1439 1431/1431
f 1430/1430 1417/1417 1368/1368
f 1440/1440 1434/1434 1436/1436
f 1418/1418 1414/1414 1416/1416
f 1383/1383 1418/1418 1416/1416
f 1416/1416 1422/1422 1383/1383
f 1441/1441 1366/1366 1395/1395
f 1368/1368 1417/1417 1367/1367
f 1416/1416 1442/1442 1422/1422
f 1379/1379 1364/1364 1443/1443
f 1391/1391 1444/1444 1395/1395
f 1395/1395 1444/1444 1441/1441
f 1422/1422 1442/1442 1445/1445
f 1391/1391 1446/1446 1444/1444
f 1416/1416 1431/1431 1442/1442
f 1447/1447 1448/1448 1449/1449
f 1353/1353 1450/1450 1360/1360
f 1442/1442 1431/1431 1439/1439
f 1231/1231 1451/1451 1452/1452
f 1453/1453 1454/1454 1447/1447
f 1454/1454 1455/1455 1447/1447
f 1456/1456 1457/1457 1458/1458
f 1459/1459 1353/1353 1370/1370
f 1451/1451 1231/1231 1460/1460
f 1447/1447 1458/1458 1448/1448
f 1459/1459 1450/1450 1353/1353
f 1413/1413 1452/1452 1451/1451
f 1459/1459 1370/1370 1377/1377
f 1461/1461 1413/1413 1451/1451
f 1458/1458 1462/1462 1456/1456
f 1463/1463 1464/1464 1439/1439
f 1447/1447 1455/1455 1458/1458
f 1424/1424 1419/1419 1465/1465
f 1388/1388 1384/1384 1423/1423
f 1377/1377 1381/1381 1466/1466
f 1467/1467 1465/1465 1468/1468
f 1469/1469 1459/1459 1377/1377
f 1470/1470 1460/1460 1471/1471
f 1458/1458 1473/1473 1474/1474
f 1462/1462 1475/1475 1476/1476
f 1474/1474 1462/1462 1458/1458
f 1475/1475 1462/1462 1474/1474
f 1477/1477 1478/1478 1479/1479
f 1480/1480 1450/1450 1459/1459
f 1481/1481 1482/1482 1483/1483
f 1479/1479 1484/1484 1471/1471
f 1399/1399 1389/1389 1403/1403
f 1481/1481 1403/1403 1389/1389
f 1485/1485 1486/1486 1475/1475
f 1485/1485 1475/1475 1474/1474
f 1450/1450 1487/1487 1360/1360
f 1489/1489 1481/1481 1483/1483
f 1487/1487 1450/1450 1480/1480
f 1429/1429 1466/1466 1381/1381
f 1489/1489 1483/1483 1490/1490
f 1489/1489 1490/1490 1491/1491
f 457/457 438/438 461/461
f 1488/1488 1492/1492 1468/1468
f 1491/1491 1490/1490 1493/1493
f 461/461 1494/1494 457/457
f 1490/1490 1482/1482 1495/1495
f 1495/1495 1496/1496 1490/1490
f 1484/1484 1488/1488 1470/1470
f 1492/1492 1488/1488 1484/1484
f 1497/1497 1492/1492 1484/1484
f 1493/1493 1490/1490 1496/1496
f 1498/1498 1421/1421 1430/1430
f 1498/1498 1430/1430 1371/1371
f 1491/1491 1493/1493 1499/1499
f 1440/1440 1436/1436 1500/1500
f 457/457 1454/1454 1501/1501
f 1463/1463 1440/1440 1502/1502
f 1494/1494 1454/1454 457/457
f 1503/1503 1504/1504 1505/1505
f 1504/1504 1503/1503 1506/1506
f 1504/1504 1506/1506 1507/1507
f 1463/1463 1502/1502 1508/1508
f 1362/1362 1360/1360 1509/1509
f 1497/1497 1484/1484 1479/1479
f 1497/1497 1479/1479 1512/1512
f 1513/1513 1497/1497 1512/1512
f 1514/1514 1509/1509 1515/1515
f 1512/1512 1479/1479 1478/1478
f 1511/1511 1516/1516 1510/1510
f 1511/1511 1517/1517 1516/1516
f 1511/1511 1510/1510 1502/1502
f 1508/1508 1502/1502 1510/1510
f 1518/1518 1514/1514 1519/1519
f 1385/1385 1433/1433 1438/1438
f 1518/1518 1519/1519 1520/1520
f 1521/1521 1424/1424 1465/1465
f 1522/1522 1510/1510 1516/1516
f 1521/1521 1465/1465 1467/1467
f 1521/1521 1426/1426 1424/1424
f 1426/1426 1521/1521 1523/1523
f 1524/1524 1525/1525 1520/1520
f 1525/1525 1526/1526 1520/1520
f 1467/1467 1523/1523 1521/1521
f 1508/1508 1510/1510 1527/1527
f 1528/1528 1524/1524 1520/1520
f 1527/1527 1510/1510 1522/1522
f 1438/1438 1426/1426 1523/1523
f 1464/1464 1529/1529 1530/1530
f 1494/1494 1531/1531 1532/1532
f 1533/1533 1528/1528 1534/1534
f 461/461 1531/1531 1494/1494
f 1527/1527 1535/1535 1536/1536
f 1538/1538 1523/1523 1467/1467
f 1538/1538 1539/1539 1523/1523
f 1496/1496 1495/1495 1540/1540
f 1446/1446 1391/1391 1385/1385
f 1496/1496 1540/1540 1536/1536
f 1541/1541 1542/1542 1537/1537
f 1535/1535 1496/1496 1536/1536
f 1438/1438 1543/1543 1385/1385
f 1501/1501 1454/1454 1453/1453
f 1537/1537 1544/1544 1263/1263
f 1493/1493 1496/1496 1545/1545
f 1545/1545 1499/1499 1493/1493
f 1446/1446 1385/1385 1543/1543
f 1537/1537 1542/1542 1544/1544
f 1544/1544 1542/1542 1546/1546
f 1547/1547 1446/1446 1543/1543
f 1547/1547 1548/1548 1446/1446
f 1545/1545 1496/1496 1535/1535
f 1545/1545 1535/1535 1549/1549
f 1545/1545 1549/1549 1550/1550
f 1549/1549 1535/1535 1551/1551
f 1454/1454 1494/1494 1532/1532
f 1547/1547 1438/1438 1523/1523
f 1455/1455 1454/1454 1532/1532
f 1547/1547 1543/1543 1438/1438
f 1263/1263 1264/1264 1537/1537
f 1547/1547 1523/1523 1539/1539
f 1552/1552 1527/1527 1522/1522
f 1539/1539 1553/1553 1547/1547
f 1552/1552 1554/1554 1527/1527
f 1455/1455 1532/1532 1473/1473
f 1555/1555 1474/1474 1473/1473
f 1556/1556 1444/1444 1446/1446
f 1556/1556 1557/1557 1444/1444
f 1556/1556 1446/1446 1548/1548
f 1455/1455 1473/1473 1458/1458
f 1263/1263 1544/1544 1273/1273
f 1535/1535 1527/1527 1554/1554
f 1548/1548 1558/1558 1556/1556
f 1554/1554 1551/1551 1535/1535
f 1474/1474 1555/1555 1485/1485
f 1273/1273 1544/1544 1559/1559
f 1551/1551 1554/1554 1560/1560
f 1549/1549 1551/1551 1561/1561
f 1553/1553 1548/1548 1547/1547
f 1553/1553 1562/1562 1548/1548
f 1561/1561 1551/1551 1560/1560
f 1563/1563 1561/1561 1564/1564
f 1560/1560 1564/1564 1561/1561
f 1559/1559 1566/1566 1273/1273
f 1567/1567 1568/1568 1552/1552
f 1569/1569 1565/1565 1531/1531
f 1552/1552 1568/1568 1570/1570
f 1554/1554 1552/1552 1571/1571
f 1544/1544 1546/1546 1559/1559
f 1571/1571 1552/1552 1570/1570
f 1548/1548 1562/1562 1558/1558
f 1571/1571 1570/1570 1572/1572
f 1572/1572 1570/1570 1573/1573
f 1574/1574 1467/1467 1468/1468
f 1541/1541 1575/1575 1576/1576
f 1467/1467 1574/1574 1538/1538
f 1538/1538 1574/1574 1577/1577
f 1574/1574 1468/1468 1492/1492
f 1577/1577 1574/1574 1492/1492
f 1560/1560 1554/1554 1571/1571
f 1571/1571 1578/1578 1560/1560
f 1526/1526 1576/1576 1579/1579
f 1526/1526 1525/1525 1576/1576
f 1580/1580 1571/1571 1572/1572
f 1580/1580 1572/1572 1581/1581
f 1541/1541 1576/1576 1525/1525
f 1578/1578 1571/1571 1580/1580
f 1564/1564 1560/1560 1578/1578
f 1578/1578 1582/1582 1564/1564
f 1569/1569 461/461 453/453
f 461/461 1569/1569 1531/1531
f 1584/1584 1564/1564 1582/1582
f 1583/1583 1539/1539 1538/1538
f 1583/1583 1553/1553 1539/1539
f 1525/1525 1533/1533 1541/1541
f 1553/1553 1583/1583 1585/1585
f 1580/1580 1582/1582 1578/1578
f 1586/1586 1587/1587 1588/1588
f 1569/1569 453/453 1589/1589
f 1590/1590 1583/1583 1538/1538
f 1583/1583 1590/1590 1585/1585
f 1580/1580 1591/1591 1592/1592
f 1533/1533 1525/1525 1524/1524
f 1592/1592 1582/1582 1580/1580
f 453/453 454/454 1589/1589
f 1593/1593 1582/1582 1592/1592
f 1492/1492 1497/1497 1577/1577
f 1594/1594 1593/1593 1592/1592
f 1497/1497 1513/1513 1577/1577
f 1595/1595 1593/1593 1594/1594
f 1596/1596 1541/1541 1533/1533
f 1594/1594 1592/1592 1591/1591
f 1596/1596 1533/1533 1597/1597
f 1577/1577 1513/1513 1598/1598
f 1538/1538 1577/1577 1598/1598
f 1599/1599 1546/1546 1542/1542
f 1596/1596 1599/1599 1542/1542
f 1513/1513 1512/1512 1600/1600
f 1542/1542 1541/1541 1596/1596
f 1598/1598 1513/1513 1600/1600
f 1598/1598 1600/1600 1602/1602
f 1601/1601 1603/1603 1604/1604
f 1392/1392 1397/1397 1507/1507
f 1397/1397 1601/1601 1507/1507
f 1538/1538 1598/1598 1590/1590
f 1602/1602 1590/1590 1598/1598
f 1597/1597 1599/1599 1596/1596
f 1603/1603 1601/1601 1397/1397
f 1606/1606 1397/1397 1607/1607
f 1569/1569 1608/1608 1565/1565
f 1608/1608 1605/1605 1565/1565
f 1562/1562 1553/1553 1585/1585
f 1603/1603 1397/1397 1606/1606
f 1528/1528 1533/1533 1524/1524
f 1609/1609 1603/1603 1606/1606
f 1473/1473 1605/1605 1555/1555
f 1585/1585 1610/1610 1562/1562
f 1532/1532 1531/1531 1473/1473
f 1397/1397 1401/1401 1607/1607
f 1611/1611 1612/1612 1597/1597
f 1531/1531 1565/1565 1473/1473
f 1605/1605 1473/1473 1565/1565
f 1613/1613 1607/1607 1401/1401
f 1597/1597 1533/1533 1611/1611
f 1613/1613 1401/1401 1403/1403
f 1599/1599 1597/1597 1612/1612
f 1562/1562 1614/1614 1558/1558
f 1614/1614 1562/1562 1610/1610
f 1283/1283 1273/1273 1566/1566
f 1606/1606 1607/1607 1615/1615
f 1485/1485 1555/1555 1616/1616
f 1606/1606 1615/1615 1617/1617
f 1618/1618 1283/1283 1566/1566
f 1617/1617 1609/1609 1606/1606
f 1607/1607 1613/1613 1615/1615
f 1616/1616 1619/1619 1620/1620
f 1621/1621 1485/1485 1616/1616
f 1486/1486 1485/1485 1621/1621
f 1609/1609 1622/1622 1604/1604
f 1620/1620 1621/1621 1616/1616
f 1609/1609 1604/1604 1603/1603
f 1623/1623 1283/1283 1624/1624
f 1619/1619 1616/1616 1555/1555
f 1555/1555 1605/1605 1619/1619
f 1283/1283 1618/1618 1624/1624
f 1609/1609 1625/1625 1622/1622
f 1625/1625 1609/1609 1617/1617
f 1600/1600 1626/1626 1602/1602
f 1627/1627 1585/1585 1590/1590
f 1605/1605 1628/1628 1619/1619
f 1627/1627 1590/1590 1602/1602
f 1566/1566 1559/1559 1546/1546
f 1602/1602 1626/1626 1627/1627
f 1629/1629 1566/1566 1546/1546
f 1617/1617 1615/1615 1630/1630
f 1631/1631 1566/1566 1629/1629
f 1632/1632 1630/1630 1615/1615
f 1634/1634 1628/1628 1605/1605
f 1627/1627 1610/1610 1585/1585
f 1620/1620 1619/1619 1635/1635
f 1636/1636 1635/1635 1619/1619
f 1618/1618 1566/1566 1624/1624
f 1636/1636 1619/1619 1628/1628
f 1624/1624 1566/1566 1631/1631
f 1610/1610 1627/1627 1264/1264
f 1637/1637 1625/1625 1638/1638
f 1638/1638 1625/1625 1639/1639
f 1625/1625 1617/1617 1630/1630
f 1630/1630 1639/1639 1625/1625
f 1264/1264 1627/1627 1633/1633
f 1629/1629 1640/1640 1631/1631
f 1614/1614 1610/1610 1258/1258
f 1456/1456 1642/1642 1457/1457
f 1612/1612 1629/1629 1599/1599
f 1258/1258 1610/1610 1264/1264
f 1641/1641 1638/1638 1643/1643
f 1643/1643 1638/1638 1639/1639
f 1642/1642 1644/1644 1457/1457
f 1645/1645 1641/1641 1643/1643
f 1476/1476 1646/1646 1642/1642
f 1476/1476 1456/1456 1462/1462
f 1476/1476 1642/1642 1456/1456
f 1639/1639 1630/1630 1647/1647
f 1611/1611 1648/1648 1612/1612
f 1644/1644 1642/1642 1646/1646
f 1612/1612 1648/1648 1649/1649
f 1647/1647 1650/1650 1639/1639
f 1646/1646 1651/1651 1644/1644
f 1650/1650 1643/1643 1639/1639
f 1649/1649 1648/1648 1652/1652
f 1476/1476 1653/1653 1646/1646
f 1654/1654 1204/1204 1291/1291
f 1655/1655 1646/1646 1653/1653
f 1655/1655 1656/1656 1646/1646
f 1657/1657 1403/1403 1481/1481
f 1403/1403 1657/1657 1613/1613
f 1476/1476 1475/1475 1653/1653
f 1658/1658 1649/1649 1652/1652
f 1613/1613 1657/1657 1659/1659
f 1615/1615 1613/1613 1659/1659
f 1203/1203 1204/1204 1654/1654
f 1599/1599 1629/1629 1546/1546
f 1481/1481 1489/1489 1657/1657
f 1657/1657 1489/1489 1660/1660
f 1660/1660 1659/1659 1657/1657
f 1475/1475 1486/1486 1661/1661
f 1662/1662 1653/1653 1475/1475
f 1659/1659 1660/1660 1663/1663
f 1653/1653 1662/1662 1655/1655
f 1661/1661 1662/1662 1475/1475
f 1664/1664 1663/1663 1660/1660
f 1632/1632 1615/1615 1659/1659
f 1629/1629 1612/1612 1649/1649
f 1632/1632 1665/1665 1630/1630
f 1651/1651 1666/1666 1644/1644
f 1663/1663 1632/1632 1659/1659
f 1629/1629 1649/1649 1667/1667
f 1646/1646 1656/1656 1651/1651
f 1209/1209 1203/1203 1654/1654
f 1632/1632 1663/1663 1665/1665
f 1655/1655 1662/1662 1656/1656
f 1656/1656 1662/1662 1668/1668
f 1656/1656 1668/1668 1651/1651
f 1491/1491 1664/1664 1489/1489
f 1669/1669 1668/1668 1662/1662
f 1499/1499 1664/1664 1491/1491
f 1660/1660 1489/1489 1664/1664
f 1670/1670 1651/1651 1671/1671
f 1668/1668 1671/1671 1651/1651
f 1665/1665 1647/1647 1630/1630
f 1670/1670 1671/1671 1668/1668
f 1295/1295 1672/1672 1654/1654
f 1305/1305 1672/1672 1295/1295
f 1667/1667 1649/1649 1658/1658
f 1515/1515 1360/1360 1487/1487
f 1509/1509 1360/1360 1515/1515
f 1664/1664 1499/1499 1673/1673
f 1663/1663 1664/1664 1673/1673
f 1241/1241 1245/1245 1674/1674
f 1675/1675 1673/1673 1499/1499
f 1499/1499 1676/1676 1675/1675
f 1673/1673 1665/1665 1663/1663
f 1515/1515 1487/1487 1677/1677
f 1515/1515 1677/1677 1678/1678
f 1679/1679 1245/1245 1209/1209
f 1665/1665 1675/1675 1680/1680
f 1665/1665 1673/1673 1675/1675
f 1677/1677 1487/1487 1681/1681
f 1682/1682 1683/1683 1480/1480
f 1644/1644 848/848 860/860
f 1684/1684 1245/1245 1679/1679
f 1683/1683 1682/1682 1685/1685
f 1683/1683 1685/1685 1686/1686
f 1683/1683 1487/1487 1480/1480
f 1681/1681 1487/1487 1683/1683
f 1644/1644 1666/1666 848/848
f 1647/1647 1665/1665 1687/1687
f 1683/1683 1686/1686 1688/1688
f 1688/1688 1681/1681 1683/1683
f 1689/1689 1688/1688 1690/1690
f 1643/1643 1691/1691 1645/1645
f 1690/1690 1688/1688 1686/1686
f 1692/1692 1245/1245 1684/1684
f 1678/1678 1519/1519 1514/1514
f 1650/1650 1691/1691 1643/1643
f 1520/1520 1519/1519 1528/1528
f 1242/1242 1241/1241 1674/1674
f 1528/1528 1519/1519 1693/1693
f 1694/1694 1650/1650 1647/1647
f 1693/1693 1519/1519 1678/1678
f 1678/1678 1677/1677 1695/1695
f 1695/1695 1696/1696 1678/1678
f 1697/1697 1674/1674 1692/1692
f 1693/1693 1678/1678 1696/1696
f 1693/1693 1696/1696 1698/1698
f 1698/1698 1528/1528 1693/1693
f 1477/1477 1242/1242 1699/1699
f 1242/1242 1674/1674 1697/1697
f 1697/1697 1699/1699 1242/1242
f 1695/1695 1677/1677 1681/1681
f 1700/1700 1701/1701 1694/1694
f 1698/1698 1696/1696 1702/1702
f 1650/1650 1694/1694 1701/1701
f 1245/1245 1692/1692 1674/1674
f 1698/1698 1534/1534 1528/1528
f 1670/1670 1666/1666 1651/1651
f 1692/1692 1704/1704 1697/1697
f 1698/1698 1702/1702 1705/1705
f 1704/1704 1692/1692 1706/1706
f 1698/1698 1705/1705 1534/1534
f 1680/1680 1675/1675 1676/1676
f 1662/1662 1661/1661 1707/1707
f 1706/1706 1692/1692 1684/1684
f 1661/1661 1486/1486 1708/1708
f 1707/1707 1661/1661 1708/1708
f 1620/1620 1709/1709 1708/1708
f 1705/1705 1710/1710 1534/1534
f 1695/1695 1681/1681 1689/1689
f 1708/1708 1711/1711 1707/1707
f 1695/1695 1702/1702 1696/1696
f 1709/1709 1711/1711 1708/1708
f 1694/1694 1647/1647 1700/1700
f 1695/1695 1689/1689 1702/1702
f 1681/1681 1688/1688 1689/1689
f 1647/1647 1687/1687 1700/1700
f 1712/1712 1670/1670 1668/1668
f 1669/1669 1712/1712 1668/1668
f 1689/1689 1690/1690 1713/1713
f 1714/1714 1702/1702 1689/1689
f 1712/1712 1715/1715 1716/1716
f 1714/1714 1689/1689 1713/1713
f 1345/1345 1359/1359 1684/1684
f 1717/1717 1712/1712 1718/1718
f 1669/1669 1662/1662 1707/1707
f 1714/1714 1710/1710 1705/1705
f 1705/1705 1702/1702 1714/1714
f 1680/1680 1687/1687 1665/1665
f 1669/1669 1707/1707 1711/1711
f 1359/1359 1704/1704 1706/1706
f 1718/1718 1712/1712 1669/1669
f 1359/1359 1706/1706 1684/1684
f 1669/1669 1711/1711 1718/1718
f 1718/1718 1711/1711 1719/1719
f 1720/1720 1721/1721 1722/1722
f 1723/1723 1717/1717 1718/1718
f 1722/1722 1721/1721 1505/1505
f 1709/1709 1635/1635 1711/1711
f 1635/1635 1724/1724 1711/1711
f 1722/1722 1686/1686 1720/1720
f 1686/1686 1722/1722 1725/1725
f 1690/1690 1686/1686 1725/1725
f 1719/1719 1711/1711 1724/1724
f 1726/1726 1690/1690 1725/1725
f 1703/1703 1701/1701 1700/1700
f 1704/1704 1359/1359 1362/1362
f 1725/1725 1722/1722 1727/1727
f 1723/1723 1718/1718 1719/1719
f 1687/1687 1728/1728 1700/1700
f 1713/1713 1690/1690 1726/1726
f 1729/1729 1723/1723 1719/1719
f 1730/1730 1723/1723 1729/1729
f 1714/1714 1713/1713 1731/1731
f 1728/1728 1703/1703 1700/1700
f 1732/1732 1703/1703 1728/1728
f 1729/1729 1719/1719 1724/1724
f 1729/1729 1733/1733 1730/1730
f 1728/1728 1734/1734 1732/1732
f 1735/1735 1728/1728 1687/1687
f 1478/1478 1736/1736 1512/1512
f 1737/1737 1710/1710 1714/1714
f 1600/1600 1512/1512 1738/1738
f 1738/1738 1512/1512 1736/1736
f 1687/1687 1680/1680 1735/1735
f 1478/1478 1477/1477 1699/1699
f 1714/1714 1740/1740 1737/1737
f 1728/1728 1735/1735 1734/1734
f 1737/1737 1739/1739 1710/1710
f 1735/1735 1741/1741 1742/1742
f 1734/1734 1735/1735 1742/1742
f 1699/1699 1697/1697 1743/1743
f 847/847 848/848 1744/1744
f 847/847 1744/1744 1745/1745
f 1745/1745 841/841 847/847
f 1478/1478 1699/1699 1743/1743
f 1745/1745 882/882 841/841
f 1641/1641 1645/1645 1691/1691
f 1745/1745 1746/1746 882/882
f 1727/1727 1726/1726 1725/1725
f 1747/1747 882/882 1746/1746
f 882/882 1747/1747 889/889
f 900/900 889/889 1747/1747
f 1505/1505 1504/1504 1722/1722
f 1716/1716 1670/1670 1712/1712
f 1666/1666 1670/1670 848/848
f 848/848 1670/1670 1716/1716
f 1504/1504 1507/1507 1601/1601
f 1504/1504 1727/1727 1722/1722
f 1691/1691 1650/1650 1749/1749
f 1697/1697 1704/1704 1743/1743
f 1750/1750 1743/1743 1704/1704
f 1727/1727 1504/1504 1751/1751
f 1717/1717 1715/1715 1712/1712
f 1749/1749 1650/1650 1701/1701
f 1752/1752 1727/1727 1751/1751
f 1753/1753 848/848 1716/1716
f 1715/1715 1753/1753 1716/1716
f 1717/1717 1753/1753 1715/1715
f 1751/1751 1504/1504 1601/1601
f 1754/1754 1691/1691 1749/1749
f 1601/1601 1755/1755 1751/1751
f 848/848 1753/1753 1744/1744
f 1604/1604 1755/1755 1601/1601
f 1736/1736 1478/1478 1743/1743
f 1726/1726 1731/1731 1713/1713
f 1754/1754 1748/1748 1691/1691
f 1756/1756 1717/1717 1723/1723
f 1744/1744 1753/1753 1757/1757
f 1714/1714 1731/1731 1740/1740
f 1743/1743 1758/1758 1736/1736
f 1744/1744 1756/1756 1759/1759
f 1753/1753 1717/1717 1757/1757
f 1752/1752 1726/1726 1727/1727
f 1752/1752 1731/1731 1726/1726
f 1744/1744 1757/1757 1756/1756
f 1738/1738 1736/1736 1758/1758
f 1756/1756 1757/1757 1717/1717
f 1758/1758 1760/1760 1738/1738
f 1752/1752 1755/1755 1761/1761
f 1752/1752 1761/1761 1731/1731
f 1756/1756 1762/1762 1763/1763
f 1740/1740 1731/1731 1761/1761
f 1758/1758 1743/1743 1764/1764
f 1743/1743 1750/1750 1764/1764
f 1730/1730 1756/1756 1723/1723
f 1765/1765 1730/1730 1733/1733
f 1756/1756 1730/1730 1762/1762
f 1730/1730 1765/1765 1762/1762
f 1746/1746 1745/1745 1744/1744
f 1760/1760 1758/1758 1766/1766
f 1746/1746 1744/1744 1759/1759
f 1755/1755 1752/1752 1751/1751
f 1703/1703 1749/1749 1701/1701
f 1760/1760 1766/1766 1767/1767
f 1604/1604 1761/1761 1755/1755
f 1766/1766 1758/1758 1764/1764
f 1746/1746 1759/1759 1747/1747
f 1768/1768 1766/1766 1764/1764
f 1499/1499 1545/1545 1769/1769
f 900/900 1759/1759 984/984
f 1756/1756 1763/1763 1759/1759
f 1770/1770 1766/1766 1771/1771
f 1766/1766 1768/1768 1771/1771
f 1676/1676 1499/1499 1769/1769
f 1747/1747 1759/1759 900/900
f 1676/1676 1769/1769 1550/1550
f 1772/1772 1750/1750 1704/1704
f 1550/1550 1769/1769 1545/1545
f 1486/1486 1621/1621 1708/1708
f 1620/1620 1708/1708 1621/1621
f 1635/1635 1709/1709 1620/1620
f 1773/1773 1676/1676 1550/1550
f 1774/1774 1737/1737 1740/1740
f 1704/1704 1362/1362 1775/1775
f 1704/1704 1775/1775 1772/1772
f 1680/1680 1676/1676 1773/1773
f 1776/1776 1773/1773 1550/1550
f 1636/1636 1724/1724 1635/1635
f 1737/1737 1774/1774 1905/1905
f 1680/1680 1773/1773 1778/1778
f 1761/1761 1622/1622 1740/1740
f 1776/1776 1778/1778 1773/1773
f 1775/1775 1362/1362 1509/1509
f 1636/1636 1729/1729 1724/1724
f 1622/1622 1761/1761 1604/1604
f 1740/1740 1622/1622 1774/1774
f 1772/1772 1775/1775 1779/1779
f 1779/1779 1775/1775 1509/1509
f 1550/1550 1549/1549 1561/1561
f 1776/1776 1550/1550 1561/1561
f 1563/1563 1776/1776 1561/1561
f 454/454 1781/1781 1589/1589
f 1750/1750 1772/1772 1764/1764
f 1782/1782 1764/1764 1772/1772
f 1563/1563 1780/1780 1776/1776
f 1589/1589 1781/1781 1783/1783
f 1778/1778 1776/1776 1780/1780
f 1534/1534 1611/1611 1533/1533
f 1781/1781 1784/1784 1783/1783
f 1584/1584 1563/1563 1564/1564
f 1768/1768 1764/1764 1782/1782
f 1584/1584 1780/1780 1563/1563
f 1648/1648 1534/1534 1710/1710
f 1771/1771 1768/1768 1782/1782
f 1648/1648 1611/1611 1534/1534
f 1783/1783 1608/1608 1569/1569
f 1785/1785 1584/1584 1593/1593
f 1783/1783 1634/1634 1608/1608
f 1778/1778 1741/1741 1680/1680
f 1782/1782 1786/1786 1771/1771
f 1786/1786 1787/1787 1771/1771
f 1579/1579 1787/1787 1786/1786
f 1783/1783 1788/1788 1634/1634
f 1786/1786 1782/1782 1772/1772
f 1786/1786 1772/1772 1789/1789
f 1790/1790 1741/1741 1778/1778
f 1783/1783 1569/1569 1589/1589
f 1652/1652 1648/1648 1710/1710
f 1579/1579 1786/1786 1526/1526
f 1509/1509 1514/1514 1779/1779
f 1783/1783 1784/1784 1788/1788
f 1518/1518 1779/1779 1514/1514
f 1772/1772 1779/1779 1789/1789
f 1785/1785 1780/1780 1584/1584
f 1652/1652 1710/1710 1739/1739
f 1789/1789 1779/1779 1518/1518
f 1791/1791 1790/1790 1785/1785
f 1789/1789 1526/1526 1786/1786
f 1789/1789 1518/1518 1520/1520
f 1526/1526 1789/1789 1520/1520
f 1790/1790 1778/1778 1780/1780
f 1790/1790 1780/1780 1785/1785
f 1784/1784 1781/1781 1792/1792
f 1793/1793 1792/1792 1781/1781
f 1794/1794 1795/1795 1739/1739
f 1739/1739 1795/1795 1652/1652
f 1796/1796 1634/1634 1797/1797
f 1600/1600 1738/1738 1798/1798
f 1626/1626 1600/1600 1798/1798
f 1788/1788 1784/1784 1792/1792
f 1792/1792 1634/1634 1788/1788
f 1797/1797 1634/1634 1792/1792
f 1798/1798 1738/1738 1760/1760
f 1791/1791 1799/1799 1790/1790
f 1735/1735 1680/1680 1741/1741
f 1800/1800 1798/1798 1760/1760
f 1658/1658 1652/1652 1795/1795
f 1626/1626 1798/1798 1800/1800
f 1797/1797 1792/1792 1793/1793
f 1627/1627 1626/1626 1800/1800
f 1801/1801 1741/1741 1790/1790
f 1627/1627 1800/1800 1633/1633
f 1584/1584 1582/1582 1593/1593
f 1628/1628 1634/1634 1796/1796
f 1802/1802 1785/1785 1593/1593
f 1739/1739 1737/1737 1905/1905
f 1785/1785 1802/1802 1791/1791
f 1767/1767 1800/1800 1760/1760
f 1803/1803 1800/1800 1767/1767
f 1800/1800 1803/1803 1633/1633
f 1802/1802 1593/1593 1595/1595
f 1804/1804 1802/1802 1595/1595
f 1777/1777 1628/1628 1796/1796
f 1802/1802 1804/1804 1791/1791
f 1805/1805 1791/1791 1804/1804
f 1806/1806 1595/1595 1594/1594
f 1633/1633 1537/1537 1264/1264
f 1808/1808 1809/1809 1150/1150
f 1640/1640 1667/1667 1807/1807
f 1608/1608 1634/1634 1605/1605
f 1810/1810 1809/1809 1808/1808
f 1640/1640 1629/1629 1667/1667
f 1810/1810 1811/1811 1809/1809
f 1810/1810 1812/1812 1811/1811
f 1767/1767 1766/1766 1770/1770
f 1770/1770 1803/1803 1767/1767
f 1813/1813 1812/1812 1810/1810
f 1810/1810 1814/1814 1813/1813
f 1770/1770 1575/1575 1803/1803
f 1803/1803 1575/1575 1537/1537
f 1575/1575 1541/1541 1537/1537
f 1633/1633 1803/1803 1537/1537
f 1815/1815 1808/1808 1157/1157
f 1667/1667 1658/1658 1807/1807
f 1808/1808 1150/1150 1157/1157
f 1787/1787 1770/1770 1771/1771
f 1575/1575 1770/1770 1787/1787
f 1575/1575 1787/1787 1576/1576
f 1579/1579 1576/1576 1787/1787
f 1815/1815 1157/1157 1123/1123
f 1817/1817 1815/1815 1123/1123
f 1807/1807 1818/1818 1640/1640
f 1819/1819 1820/1820 942/942
f 1817/1817 1123/1123 1132/1132
f 1822/1822 1820/1820 1819/1819
f 1819/1819 1823/1823 1822/1822
f 1823/1823 1824/1824 1822/1822
f 1823/1823 1826/1826 1824/1824
f 1814/1814 1815/1815 1827/1827
f 1815/1815 1828/1828 1827/1827
f 1822/1822 1829/1829 1820/1820
f 1808/1808 1814/1814 1810/1810
f 1814/1814 1808/1808 1815/1815
f 1831/1831 1816/1816 1832/1832
f 1833/1833 1829/1829 1822/1822
f 1834/1834 1825/1825 1831/1831
f 1835/1835 1829/1829 1833/1833
f 1816/1816 1818/1818 1807/1807
f 1831/1831 1818/1818 1816/1816
f 1833/1833 1822/1822 1824/1824
f 1828/1828 1815/1815 1817/1817
f 1831/1831 1825/1825 1818/1818
f 1837/1837 1833/1833 1824/1824
f 1838/1838 1835/1835 1833/1833
f 1833/1833 1837/1837 1838/1838
f 1838/1838 1839/1839 1835/1835
f 1841/1841 1839/1839 1838/1838
f 1818/1818 1825/1825 1843/1843
f 1842/1842 1844/1844 1840/1840
f 1845/1845 1846/1846 1812/1812
f 1834/1834 1843/1843 1825/1825
f 1845/1845 1812/1812 1847/1847
f 1848/1848 1845/1845 1847/1847
f 1849/1849 1845/1845 1848/1848
f 1850/1850 1851/1851 1852/1852
f 1824/1824 1853/1853 1837/1837
f 1587/1587 1586/1586 1855/1855
f 1856/1856 1855/1855 1857/1857
f 1855/1855 1856/1856 1587/1587
f 1856/1856 1858/1858 1587/1587
f 1838/1838 1859/1859 1841/1841
f 1856/1856 1857/1857 1860/1860
f 1838/1838 1862/1862 1859/1859
f 1862/1862 1838/1838 1837/1837
f 1863/1863 1856/1856 1860/1860
f 1625/1625 1637/1637 1622/1622
f 1864/1864 1865/1865 1866/1866
f 1857/1857 1850/1850 1860/1860
f 1837/1837 1853/1853 1862/1862
f 1852/1852 1860/1860 1850/1850
f 1622/1622 1637/1637 1774/1774
f 1867/1867 1868/1868 1869/1869
f 1817/1817 1871/1871 1828/1828
f 1862/1862 1853/1853 1872/1872
f 1774/1774 1637/1637 1873/1873
f 1871/1871 1867/1867 1828/1828
f 1872/1872 1870/1870 1862/1862
f 1853/1853 1874/1874 1872/1872
f 1637/1637 1638/1638 1873/1873
f 1876/1876 1797/1797 1861/1861
f 1870/1870 1872/1872 1875/1875
f 1638/1638 1641/1641 1873/1873
f 1872/1872 1877/1877 1875/1875
f 1859/1859 1879/1879 1841/1841
f 1881/1881 1868/1868 1882/1882
f 1807/1807 1658/1658 1816/1816
f 1883/1883 1881/1881 1884/1884
f 1658/1658 1795/1795 1885/1885
f 1729/1729 1636/1636 1886/1886
f 1859/1859 1887/1887 1879/1879
f 1887/1887 1888/1888 1879/1879
f 1887/1887 1859/1859 1870/1870
f 1729/1729 1886/1886 1733/1733
f 1880/1880 1844/1844 1842/1842
f 1658/1658 1885/1885 1816/1816
f 1862/1862 1870/1870 1859/1859
f 1890/1890 1888/1888 1887/1887
f 1888/1888 1890/1890 1891/1891
f 1893/1893 1889/1889 1894/1894
f 1886/1886 1765/1765 1733/1733
f 1765/1765 1886/1886 1895/1895
f 1794/1794 1739/1739 1905/1905
f 1762/1762 1896/1896 1763/1763
f 1762/1762 1765/1765 1896/1896
f 1897/1897 1898/1898 1870/1870
f 1895/1895 1896/1896 1765/1765
f 1870/1870 1898/1898 1887/1887
f 1795/1795 1794/1794 1899/1899
f 1895/1895 1886/1886 1900/1900
f 1870/1870 1875/1875 1897/1897
f 1885/1885 1795/1795 1899/1899
f 1901/1901 1759/1759 1763/1763
f 1763/1763 1896/1896 1901/1901
f 984/984 1759/1759 1901/1901
f 1875/1875 1902/1902 1897/1897
f 1832/1832 1885/1885 1899/1899
f 1903/1903 984/984 1901/1901
f 1898/1898 1890/1890 1887/1887
f 984/984 1903/1903 985/985
f 1896/1896 1903/1903 1901/1901
f 1904/1904 1899/1899 1905/1905
f 991/991 985/985 1903/1903
f 1313/1313 1906/1906 1132/1132
f 832/832 1898/1898 830/830
f 1817/1817 1132/1132 1906/1906
f 1903/1903 1896/1896 1895/1895
f 1900/1900 1903/1903 1895/1895
f 832/832 1890/1890 1898/1898
f 1907/1907 1875/1875 1877/1877
f 1875/1875 1907/1907 1902/1902
f 1816/1816 1885/1885 1832/1832
f 1900/1900 991/991 1903/1903
f 1897/1897 830/830 1898/1898
f 1831/1831 1832/1832 1834/1834
f 991/991 1900/1900 996/996
f 1897/1897 1902/1902 830/830
f 830/830 1902/1902 856/856
f 1907/1907 1908/1908 1902/1902
f 1834/1834 1832/1832 1899/1899
f 1902/1902 1908/1908 1909/1909
f 856/856 1902/1902 1909/1909
f 1900/1900 1102/1102 996/996
f 1102/1102 1001/1001 996/996
f 1876/1876 1102/1102 1900/1900
f 1905/1905 1899/1899 1794/1794
f 1873/1873 1905/1905 1774/1774
f 1910/1910 1905/1905 1873/1873
f 1636/1636 1628/1628 1777/1777
f 1321/1321 1911/1911 1313/1313
f 1636/1636 1777/1777 1886/1886
f 1912/1912 1904/1904 1905/1905
f 1912/1912 1905/1905 1910/1910
f 1909/1909 858/858 856/856
f 1644/1644 858/858 1909/1909
f 1886/1886 1777/1777 1900/1900
f 858/858 1644/1644 860/860
f 917/917 380/380 297/297
f 917/917 297/297 1916/1916
f 297/297 1917/1917 1916/1916
f 1911/1911 1906/1906 1313/1313
f 1915/1915 1843/1843 1834/1834
f 891/891 917/917 909/909
f 1854/1854 1843/1843 1915/1915
f 1916/1916 909/909 917/917
f 1796/1796 1876/1876 1777/1777
f 909/909 1916/1916 1918/1918
f 298/298 1917/1917 297/297
f 1917/1917 298/298 322/322
f 1834/1834 1899/1899 1904/1904
f 1918/1918 1916/1916 1919/1919
f 1916/1916 1917/1917 1919/1919
f 1920/1920 1904/1904 1913/1913
f 1921/1921 928/928 907/907
f 1918/1918 1921/1921 907/907
f 1920/1920 1915/1915 1904/1904
f 1918/1918 907/907 909/909
f 1834/1834 1904/1904 1915/1915
f 1922/1922 1906/1906 1911/1911
f 928/928 1921/1921 1923/1923
f 1921/1921 1918/1918 1924/1924
f 1913/1913 1925/1925 1920/1920
f 1926/1926 1915/1915 1920/1920
f 1926/1926 1920/1920 1925/1925
f 1854/1854 1915/1915 1927/1927
f 1918/1918 1919/1919 1924/1924
f 1876/1876 1900/1900 1777/1777
f 323/323 1917/1917 322/322
f 1917/1917 323/323 1919/1919
f 1928/1928 1927/1927 1929/1929
f 1922/1922 1930/1930 1906/1906
f 1919/1919 1932/1932 1924/1924
f 1919/1919 1933/1933 1932/1932
f 1906/1906 1934/1934 1817/1817
f 1935/1935 1926/1926 1931/1931
f 323/323 1936/1936 1919/1919
f 1927/1927 1915/1915 1926/1926
f 1936/1936 1933/1933 1919/1919
f 1937/1937 1933/1933 1936/1936
f 1929/1929 1927/1927 1926/1926
f 1937/1937 1932/1932 1933/1933
f 1930/1930 1934/1934 1906/1906
f 1938/1938 1932/1932 1937/1937
f 1935/1935 1929/1929 1926/1926
f 1939/1939 1940/1940 1941/1941
f 1912/1912 1913/1913 1904/1904
f 928/928 1923/1923 942/942
f 1913/1913 1912/1912 1925/1925
f 1942/1942 1925/1925 1912/1912
f 1914/1914 1922/1922 1911/1911
f 1923/1923 1819/1819 942/942
f 1925/1925 1942/1942 1931/1931
f 1921/1921 1943/1943 1923/1923
f 1943/1943 1921/1921 1924/1924
f 1910/1910 1873/1873 1912/1912
f 1912/1912 1873/1873 1748/1748
f 1914/1914 1944/1944 1922/1922
f 1691/1691 1873/1873 1641/1641
f 1819/1819 1923/1923 1943/1943
f 1873/1873 1691/1691 1748/1748
f 1876/1876 1796/1796 1797/1797
f 1924/1924 1946/1946 1943/1943
f 1819/1819 1943/1943 1823/1823
f 1946/1946 1823/1823 1943/1943
f 1938/1938 1924/1924 1932/1932
f 1938/1938 1946/1946 1924/1924
f 1942/1942 1912/1912 1748/1748
f 1946/1946 1938/1938 1947/1947
f 1942/1942 1748/1748 1931/1931
f 1946/1946 1947/1947 1948/1948
f 1826/1826 1823/1823 1946/1946
f 1949/1949 1748/1748 1754/1754
f 1948/1948 1826/1826 1946/1946
f 1930/1930 1922/1922 1950/1950
f 1931/1931 1926/1926 1925/1925
f 1951/1951 1937/1937 1936/1936
f 1950/1950 1922/1922 1952/1952
f 1118/1118 1102/1102 1876/1876
f 1951/1951 1938/1938 1937/1937
f 1951/1951 1953/1953 1938/1938
f 1949/1949 1931/1931 1748/1748
f 1935/1935 1931/1931 1949/1949
f 321/321 1936/1936 311/311
f 1944/1944 1945/1945 1922/1922
f 1952/1952 1922/1922 1945/1945
f 1954/1954 1952/1952 1945/1945
f 311/311 1936/1936 323/323
f 454/454 523/523 1781/1781
f 1781/1781 523/523 1793/1793
f 321/321 1951/1951 1936/1936
f 1955/1955 1939/1939 1956/1956
f 1956/1956 1939/1939 1941/1941
f 1957/1957 1732/1732 1734/1734
f 1958/1958 1951/1951 321/321
f 1742/1742 1959/1959 1734/1734
f 1801/1801 1959/1959 1742/1742
f 1957/1957 1734/1734 1959/1959
f 1957/1957 1959/1959 1960/1960
f 860/860 971/971 858/858
f 1961/1961 1960/1960 1959/1959
f 1959/1959 1801/1801 1961/1961
f 1793/1793 1962/1962 1797/1797
f 1963/1963 1951/1951 1958/1958
f 535/535 1793/1793 523/523
f 1793/1793 535/535 1962/1962
f 1964/1964 1754/1754 1749/1749
f 1953/1953 1947/1947 1938/1938
f 1964/1964 1965/1965 1754/1754
f 1947/1947 1953/1953 1966/1966
f 1962/1962 1861/1861 1797/1797
f 1703/1703 1967/1967 1749/1749
f 1968/1968 1826/1826 1969/1969
f 1947/1947 1966/1966 1948/1948
f 1948/1948 1969/1969 1826/1826
f 1966/1966 1969/1969 1948/1948
f 1967/1967 1964/1964 1749/1749
f 1965/1965 1964/1964 1967/1967
f 1969/1969 1966/1966 1971/1971
f 860/860 1970/1970 971/971
f 971/971 1970/1970 1025/1025
f 1968/1968 1969/1969 1971/1971
f 1963/1963 1966/1966 1953/1953
f 1963/1963 1953/1953 1951/1951
f 1972/1972 1965/1965 1967/1967
f 1966/1966 1963/1963 1973/1973
f 1974/1974 1929/1929 1935/1935
f 1965/1965 1976/1976 1754/1754
f 1971/1971 1966/1966 1973/1973
f 1935/1935 1949/1949 1977/1977
f 1978/1978 1979/1979 1980/1980
f 1977/1977 1974/1974 1935/1935
f 1978/1978 1980/1980 1982/1982
f 1983/1983 1978/1978 1982/1982
f 1977/1977 1949/1949 1976/1976
f 1967/1967 1703/1703 1732/1732
f 1732/1732 1957/1957 1967/1967
f 1981/1981 1970/1970 860/860
f 1984/1984 1020/1020 1983/1983
f 919/919 1981/1981 860/860
f 919/919 860/860 842/842
f 1976/1976 1949/1949 1754/1754
f 1967/1967 1957/1957 1960/1960
f 1985/1985 1986/1986 1987/1987
f 1987/1987 1986/1986 1988/1988
f 1987/1987 1988/1988 1201/1201
f 1988/1988 1989/1989 1201/1201
f 1201/1201 1990/1990 1987/1987
f 1972/1972 1967/1967 1960/1960
f 1972/1972 1960/1960 1991/1991
f 1992/1992 1982/1982 1985/1985
f 1994/1994 1207/1207 1206/1206
f 1990/1990 1201/1201 1200/1200
f 1995/1995 1990/1990 1200/1200
f 1826/1826 1968/1968 1824/1824
f 1968/1968 1853/1853 1824/1824
f 1991/1991 1960/1960 1961/1961
f 1976/1976 1993/1993 1977/1977
f 1981/1981 919/919 1996/1996
f 1853/1853 1971/1971 1874/1874
f 1853/1853 1968/1968 1971/1971
f 1993/1993 1976/1976 1965/1965
f 1874/1874 1971/1971 1973/1973
f 1965/1965 1972/1972 1975/1975
f 1997/1997 1183/1183 1999/1999
f 1877/1877 1872/1872 1874/1874
f 1998/1998 1175/1175 1184/1184
f 2001/2001 1965/1965 1975/1975
f 2002/2002 1175/1175 1998/1998
f 2003/2003 1997/1997 1999/1999
f 1280/1280 2004/2004 1994/1994
f 1280/1280 1994/1994 1206/1206
f 1280/1280 1074/1074 2004/2004
f 2005/2005 2003/2003 1999/1999
f 2000/2000 1993/1993 1965/1965
f 2003/2003 2005/2005 2006/2006
f 2001/2001 2000/2000 1965/1965
f 2007/2007 2000/2000 2001/2001
f 1025/1025 1970/1970 1146/1146
f 1182/1182 1180/1180 2008/2008
f 1017/1017 1146/1146 1153/1153
f 1182/1182 2008/2008 2009/2009
f 436/436 1958/1958 321/321
f 2010/2010 1182/1182 2009/2009
f 2011/2011 1182/1182 2010/2010
f 2012/2012 1958/1958 436/436
f 2013/2013 1199/1199 1186/1186
f 1975/1975 2014/2014 2001/2001
f 2016/2016 2017/2017 2011/2011
f 2014/2014 2018/2018 2001/2001
f 2019/2019 2016/2016 2020/2020
f 1146/1146 2015/2015 1153/1153
f 2021/2021 2020/2020 2016/2016
f 2022/2022 2023/2023 2024/2024
f 2023/2023 2025/2025 2024/2024
f 2026/2026 2014/2014 1975/1975
f 2027/2027 1958/1958 2012/2012
f 2029/2029 2015/2015 1146/1146
f 1427/1427 2030/2030 2031/2031
f 1146/1146 2028/2028 2029/2029
f 2031/2031 2030/2030 2032/2032
f 1972/1972 1991/1991 1975/1975
f 1975/1975 1991/1991 2026/2026
f 2033/2033 2026/2026 1991/1991
f 2028/2028 1146/1146 1970/1970
f 1981/1981 2028/2028 1970/1970
f 1991/1991 1961/1961 2034/2034
f 2035/2035 1174/1174 1153/1153
f 1874/1874 1973/1973 1963/1963
f 2015/2015 2035/2035 1153/1153
f 2035/2035 1999/1999 1174/1174
f 1999/1999 1183/1183 1174/1174
f 2031/2031 2032/2032 2036/2036
f 2034/2034 2033/2033 1991/1991
f 2035/2035 2015/2015 2029/2029
f 2035/2035 836/836 1999/1999
f 2037/2037 2039/2039 2040/2040
f 2038/2038 1874/1874 1963/1963
f 2035/2035 2029/2029 836/836
f 2032/2032 2037/2037 2041/2041
f 2041/2041 2037/2037 2040/2040
f 2032/2032 2041/2041 2036/2036
f 2043/2043 2033/2033 2044/2044
f 2005/2005 1999/1999 836/836
f 2045/2045 2036/2036 2041/2041
f 1963/1963 1958/1958 2038/2038
f 2046/2046 2041/2041 2040/2040
f 2045/2045 2041/2041 2046/2046
f 2038/2038 1958/1958 2047/2047
f 2026/2026 2042/2042 2014/2014
f 2033/2033 2042/2042 2026/2026
f 1364/1364 1428/1428 1443/1443
f 2048/2048 1428/1428 1427/1427
f 1801/1801 1790/1790 1799/1799
f 2049/2049 2029/2029 2028/2028
f 2050/2050 2027/2027 2012/2012
f 2027/2027 2047/2047 1958/1958
f 2049/2049 2028/2028 1996/1996
f 2031/2031 2048/2048 1427/1427
f 2052/2052 1799/1799 2051/2051
f 2047/2047 2027/2027 2053/2053
f 2054/2054 2051/2051 2055/2055
f 1449/1449 2047/2047 2053/2053
f 2055/2055 2056/2056 2054/2054
f 2056/2056 2055/2055 2057/2057
f 1501/1501 1449/1449 2053/2053
f 1741/1741 1801/1801 1742/1742
f 2048/2048 2031/2031 2036/2036
f 1996/1996 2028/2028 1981/1981
f 2058/2058 2048/2048 2036/2036
f 1961/1961 1801/1801 1799/1799
f 2059/2059 1443/1443 2048/2048
f 2052/2052 1961/1961 1799/1799
f 2059/2059 1379/1379 1443/1443
f 919/919 1031/1031 1996/1996
f 2038/2038 2047/2047 2060/2060
f 2059/2059 2048/2048 2058/2058
f 2058/2058 2036/2036 2062/2062
f 1501/1501 1453/1453 1449/1449
f 2054/2054 2052/2052 2051/2051
f 836/836 2029/2029 2049/2049
f 1447/1447 1449/1449 1453/1453
f 2036/2036 2045/2045 2063/2063
f 2064/2064 2052/2052 2054/2054
f 1449/1449 1448/1448 2047/2047
f 2047/2047 1448/1448 2060/2060
f 2062/2062 2036/2036 2063/2063
f 1448/1448 2061/2061 2060/2060
f 2054/2054 2056/2056 2064/2064
f 1805/1805 1799/1799 1791/1791
f 1448/1448 1458/1458 2061/2061
f 1804/1804 1595/1595 1864/1864
f 2065/2065 1864/1864 2066/2066
f 1804/1804 1864/1864 2065/2065
f 2067/2067 2063/2063 2068/2068
f 2069/2069 2070/2070 2071/2071
f 2070/2070 1804/1804 2065/2065
f 2070/2070 2065/2065 2071/2071
f 1805/1805 1804/1804 2070/2070
f 2070/2070 2072/2072 1805/1805
f 1805/1805 2072/2072 1799/1799
f 1799/1799 2072/2072 2051/2051
f 2072/2072 2070/2070 2073/2073
f 2073/2073 2051/2051 2072/2072
f 436/436 447/447 2012/2012
f 1595/1595 1806/1806 1864/1864
f 2074/2074 2069/2069 2075/2075
f 2076/2076 2075/2075 2071/2071
f 2069/2069 2071/2071 2075/2075
f 2070/2070 2069/2069 2073/2073
f 456/456 2050/2050 2012/2012
f 2077/2077 2050/2050 456/456
f 447/447 456/456 2012/2012
f 2068/2068 2063/2063 2045/2045
f 2055/2055 2051/2051 2073/2073
f 2055/2055 2073/2073 2069/2069
f 2055/2055 2069/2069 2057/2057
f 2045/2045 2046/2046 2078/2078
f 2057/2057 2069/2069 2074/2074
f 2068/2068 2045/2045 2078/2078
f 2079/2079 2080/2080 2057/2057
f 2080/2080 2056/2056 2057/2057
f 456/456 1501/1501 2077/2077
f 1501/1501 456/456 457/457
f 2081/2081 1955/1955 2082/2082
f 2083/2083 2049/2049 1996/1996
f 2078/2078 2084/2084 2068/2068
f 2050/2050 2077/2077 2053/2053
f 1883/1883 2081/2081 2085/2085
f 1501/1501 2053/2053 2077/2077
f 1175/1175 2002/2002 2008/2008
f 837/837 836/836 2049/2049
f 2086/2086 1961/1961 2064/2064
f 2027/2027 2050/2050 2053/2053
f 2086/2086 2034/2034 1961/1961
f 2008/2008 2002/2002 2009/2009
f 2087/2087 2034/2034 2086/2086
f 2089/2089 2002/2002 1998/1998
f 2009/2009 2002/2002 2090/2090
f 2002/2002 2089/2089 2090/2090
f 2091/2091 2086/2086 2064/2064
f 2056/2056 2080/2080 2091/2091
f 2079/2079 2092/2092 2080/2080
f 2091/2091 2080/2080 2092/2092
f 2094/2094 2090/2090 2089/2089
f 2091/2091 2064/2064 2056/2056
f 2090/2090 2095/2095 2009/2009
f 2096/2096 2086/2086 2091/2091
f 2096/2096 2092/2092 2097/2097
f 2091/2091 2092/2092 2096/2096
f 2095/2095 2090/2090 2098/2098
f 2052/2052 2064/2064 1961/1961
f 2006/2006 1997/1997 2003/2003
f 1997/1997 2006/2006 2088/2088
f 2088/2088 2006/2006 2099/2099
f 2086/2086 2096/2096 2087/2087
f 2099/2099 2006/2006 2005/2005
f 2099/2099 2093/2093 2088/2088
f 2100/2100 2101/2101 2102/2102
f 2103/2103 2100/2100 2102/2102
f 2096/2096 2097/2097 2104/2104
f 2087/2087 2096/2096 2100/2100
f 1031/1031 1045/1045 1996/1996
f 2005/2005 2105/2105 2099/2099
f 2090/2090 2094/2094 2106/2106
f 2107/2107 2106/2106 2094/2094
f 2106/2106 2109/2109 2090/2090
f 2105/2105 2093/2093 2099/2099
f 2105/2105 2108/2108 2093/2093
f 2087/2087 2044/2044 2034/2034
f 2103/2103 2087/2087 2100/2100
f 2044/2044 2087/2087 2103/2103
f 2034/2034 2044/2044 2033/2033
f 2110/2110 1877/1877 1874/1874
f 2108/2108 2105/2105 2111/2111
f 2044/2044 2103/2103 2112/2112
f 2113/2113 2115/2115 2107/2107
f 2112/2112 2103/2103 2102/2102
f 1208/1208 2083/2083 1996/1996
f 2115/2115 2109/2109 2106/2106
f 2116/2116 2109/2109 2115/2115
f 2117/2117 2118/2118 1956/1956
f 1996/1996 1045/1045 1208/1208
f 2115/2115 2106/2106 2107/2107
f 2117/2117 2119/2119 2118/2118
f 2120/2120 2119/2119 2117/2117
f 2113/2113 2121/2121 2115/2115
f 1877/1877 2122/2122 1907/1907
f 2105/2105 2005/2005 836/836
f 2123/2123 2118/2118 2119/2119
f 2110/2110 2122/2122 1877/1877
f 1215/1215 1208/1208 1159/1159
f 2105/2105 836/836 835/835
f 1907/1907 2122/2122 1908/1908
f 2124/2124 2123/2123 2119/2119
f 2125/2125 2118/2118 2123/2123
f 2125/2125 2123/2123 2124/2124
f 2126/2126 2122/2122 2110/2110
f 2110/2110 2127/2127 2126/2126
f 1945/1945 1944/1944 2128/2128
f 1208/1208 2129/2129 2083/2083
f 835/835 2111/2111 2105/2105
f 1874/1874 2038/2038 2127/2127
f 2130/2130 1954/1954 2131/2131
f 2127/2127 2110/2110 1874/1874
f 2132/2132 2129/2129 1208/1208
f 2133/2133 2132/2132 1208/1208
f 2134/2134 2130/2130 2131/2131
f 2134/2134 2131/2131 2135/2135
f 2127/2127 2136/2136 2126/2126
f 835/835 2137/2137 2111/2111
f 1908/1908 2122/2122 2126/2126
f 835/835 849/849 2137/2137
f 2049/2049 2083/2083 927/927
f 2138/2138 2018/2018 2014/2014
f 2049/2049 927/927 837/837
f 849/849 850/850 897/897
f 897/897 2137/2137 849/849
f 1909/1909 1908/1908 2139/2139
f 2042/2042 2138/2138 2014/2014
f 2111/2111 2114/2114 2108/2108
f 2140/2140 2141/2141 2111/2111
f 2141/2141 2114/2114 2111/2111
f 2141/2141 2142/2142 2114/2114
f 2138/2138 2143/2143 2018/2018
f 2144/2144 2141/2141 2140/2140
f 2042/2042 2143/2143 2138/2138
f 2144/2144 2142/2142 2141/2141
f 2142/2142 2144/2144 2146/2146
f 2038/2038 2136/2136 2127/2127
f 2111/2111 2137/2137 2140/2140
f 2038/2038 2060/2060 2136/2136
f 2126/2126 2136/2136 2147/2147
f 897/897 2140/2140 2137/2137
f 2140/2140 897/897 2144/2144
f 2148/2148 2144/2144 897/897
f 2136/2136 1457/1457 2147/2147
f 2043/2043 2042/2042 2033/2033
f 2146/2146 2144/2144 2148/2148
f 2149/2149 865/865 2145/2145
f 2150/2150 2042/2042 2043/2043
f 2151/2151 2150/2150 2043/2043
f 1908/1908 2147/2147 2139/2139
f 2148/2148 897/897 899/899
f 2152/2152 2150/2150 2151/2151
f 2149/2149 898/898 910/910
f 2152/2152 2151/2151 2153/2153
f 910/910 980/980 865/865
f 865/865 2149/2149 910/910
f 2126/2126 2147/2147 1908/1908
f 980/980 866/866 865/865
f 867/867 2145/2145 865/865
f 2154/2154 2155/2155 2152/2152
f 2152/2152 2153/2153 2154/2154
f 2010/2010 2009/2009 2095/2095
f 2129/2129 2156/2156 2083/2083
f 2010/2010 2095/2095 2157/2157
f 2157/2157 2158/2158 2010/2010
f 2147/2147 1457/1457 2139/2139
f 2157/2157 2098/2098 2159/2159
f 2011/2011 2010/2010 2158/2158
f 2042/2042 2150/2150 2160/2160
f 2133/2133 1208/1208 1215/1215
f 1211/1211 2133/2133 1215/1215
f 2158/2158 2157/2157 2159/2159
f 2133/2133 1211/1211 1219/1219
f 2133/2133 1219/1219 1224/1224
f 2161/2161 2132/2132 2133/2133
f 2133/2133 1224/1224 2161/2161
f 2136/2136 2060/2060 2061/2061
f 2061/2061 1457/1457 2136/2136
f 2132/2132 2161/2161 2162/2162
f 1243/1243 2163/2163 1224/1224
f 2161/2161 1224/1224 2162/2162
f 2164/2164 2158/2158 2159/2159
f 2163/2163 2162/2162 1224/1224
f 2143/2143 2042/2042 2165/2165
f 2165/2165 2042/2042 2160/2160
f 2163/2163 1243/1243 1252/1252
f 1246/1246 1252/1252 1243/1243
f 2061/2061 1458/1458 1457/1457
f 2166/2166 2164/2164 2167/2167
f 2160/2160 2168/2168 2165/2165
f 2168/2168 2160/2160 2169/2169
f 2170/2170 2168/2168 2171/2171
f 1457/1457 1644/1644 2139/2139
f 2172/2172 2173/2173 2156/2156
f 2083/2083 2156/2156 927/927
f 2129/2129 2132/2132 2156/2156
f 2169/2169 2160/2160 2150/2150
f 2139/2139 1644/1644 1909/1909
f 2150/2150 2152/2152 2169/2169
f 2132/2132 2162/2162 2156/2156
f 2171/2171 2169/2169 2155/2155
f 2152/2152 2155/2155 2169/2169
f 2168/2168 2169/2169 2171/2171
f 2174/2174 2172/2172 2156/2156
f 2175/2175 2143/2143 2165/2165
f 2154/2154 2176/2176 2155/2155
f 2177/2177 2178/2178 2179/2179
f 2180/2180 2177/2177 2179/2179
f 2180/2180 2179/2179 2181/2181
f 954/954 927/927 2173/2173
f 927/927 2156/2156 2173/2173
f 2175/2175 2165/2165 2182/2182
f 2165/2165 2170/2170 2182/2182
f 2168/2168 2170/2170 2165/2165
f 954/954 2173/2173 1038/1038
f 1038/1038 1000/1000 954/954
f 2170/2170 2183/2183 2182/2182
f 2182/2182 2183/2183 2184/2184
f 2184/2184 2183/2183 2185/2185
f 2163/2163 2174/2174 2156/2156
f 2163/2163 2156/2156 2162/2162
f 2186/2186 2182/2182 2184/2184
f 2155/2155 2176/2176 2183/2183
f 2163/2163 1252/1252 2174/2174
f 2170/2170 2171/2171 2183/2183
f 2155/2155 2183/2183 2171/2171
f 2176/2176 2188/2188 2183/2183
f 2185/2185 2183/2183 2188/2188
f 1252/1252 2187/2187 2174/2174
f 1052/1052 2173/2173 2172/2172
f 2189/2189 2186/2186 2190/2190
f 2185/2185 2191/2191 2190/2190
f 1227/1227 1893/1893 1894/1894
f 2192/2192 2190/2190 2191/2191
f 1038/1038 2173/2173 1052/1052
f 1052/1052 1036/1036 1038/1038
f 2190/2190 2184/2184 2185/2185
f 2186/2186 2184/2184 2190/2190
f 834/834 2193/2193 1890/1890
f 2189/2189 2190/2190 2195/2195
f 1052/1052 2196/2196 1050/1050
f 1053/1053 1037/1037 1051/1051
f 832/832 834/834 1890/1890
f 2187/2187 2172/2172 2174/2174
f 2190/2190 2192/2192 2195/2195
f 2187/2187 1052/1052 2172/2172
f 834/834 832/832 831/831
f 834/834 2197/2197 2193/2193
f 2198/2198 2199/2199 2194/2194
f 2196/2196 1052/1052 2187/2187
f 833/833 2197/2197 834/834
f 1249/1249 1248/1248 2200/2200
f 1249/1249 2200/2200 1253/1253
f 833/833 896/896 2197/2197
f 2082/2082 1955/1955 2201/2201
f 892/892 896/896 833/833
f 2202/2202 2201/2201 2118/2118
f 916/916 892/892 833/833
f 846/846 916/916 833/833
f 881/881 916/916 846/846
f 2102/2102 2203/2203 2204/2204
f 2102/2102 2204/2204 2112/2112
f 2204/2204 2151/2151 2112/2112
f 2151/2151 2204/2204 2153/2153
f 2112/2112 2043/2043 2044/2044
f 2043/2043 2112/2112 2151/2151
f 842/842 860/860 848/848
f 234/234 829/829 1081/1081
f 2205/2205 978/978 1029/1029
f 1080/1080 234/234 1081/1081
f 372/372 839/839 733/733
f 735/735 733/733 839/839
f 1070/1070 2206/2206 883/883
f 843/843 861/861 838/838
f 864/864 861/861 862/862
f 868/868 874/874 371/371
f 875/875 839/839 372/372
f 839/839 880/880 844/844
f 2207/2207 872/872 925/925
f 879/879 872/872 2207/2207
f 844/844 880/880 886/886
f 880/880 879/879 886/886
f 886/886 879/879 2207/2207
f 886/886 2207/2207 935/935
f 2208/2208 2209/2209 2210/2210
f 2208/2208 2211/2211 2209/2209
f 2208/2208 2212/2212 2213/2213
f 2214/2214 2208/2208 2213/2213
f 2207/2207 925/925 935/935
f 2211/2211 2208/2208 2215/2215
f 2216/2216 2211/2211 2215/2215
f 2215/2215 2208/2208 2214/2214
f 2215/2215 2214/2214 2217/2217
f 2218/2218 2214/2214 2213/2213
f 2218/2218 2213/2213 2219/2219
f 2218/2218 2217/2217 2214/2214
f 2218/2218 2219/2219 2221/2221
f 2213/2213 2222/2222 2223/2223
f 2223/2223 2222/2222 2224/2224
f 2213/2213 2223/2223 2219/2219
f 2226/2226 2223/2223 2224/2224
f 2226/2226 2227/2227 2223/2223
f 2229/2229 2225/2225 2231/2231
f 960/960 864/864 862/862
f 2229/2229 2228/2228 2225/2225
f 2232/2232 2223/2223 2227/2227
f 2219/2219 2223/2223 2232/2232
f 2234/2234 2232/2232 2227/2227
f 2221/2221 2219/2219 2232/2232
f 2233/2233 2228/2228 2229/2229
f 2235/2235 2233/2233 2229/2229
f 925/925 924/924 2236/2236
f 2236/2236 924/924 938/938
f 935/935 925/925 2236/2236
f 935/935 2236/2236 2237/2237
f 2238/2238 2215/2215 2217/2217
f 2239/2239 2238/2238 2217/2217
f 2238/2238 2216/2216 2215/2215
f 936/936 2237/2237 2240/2240
f 2236/2236 938/938 2237/2237
f 2240/2240 2237/2237 938/938
f 2241/2241 2218/2218 2221/2221
f 2240/2240 938/938 943/943
f 2241/2241 2217/2217 2218/2218
f 2237/2237 936/936 935/935
f 2242/2242 2238/2238 2239/2239
f 2243/2243 2242/2242 2239/2239
f 2217/2217 2244/2244 2239/2239
f 2243/2243 2239/2239 2244/2244
f 2217/2217 2241/2241 2244/2244
f 2244/2244 2241/2241 2245/2245
f 2246/2246 949/949 2240/2240
f 2245/2245 2241/2241 2221/2221
f 949/949 948/948 2240/2240
f 2248/2248 2245/2245 2221/2221
f 2221/2221 2232/2232 2234/2234
f 950/950 949/949 2249/2249
f 2233/2233 2250/2250 2220/2220
f 2250/2250 2233/2233 2235/2235
f 2240/2240 948/948 936/936
f 2247/2247 2220/2220 2250/2250
f 958/958 934/934 936/936
f 958/958 1006/1006 955/955
f 2250/2250 2251/2251 2247/2247
f 2250/2250 2235/2235 2252/2252
f 2206/2206 2229/2229 2231/2231
f 1006/1006 960/960 955/955
f 2229/2229 2206/2206 1070/1070
f 1894/1894 1892/1892 2194/2194
f 1141/1141 2229/2229 1070/1070
f 1894/1894 2194/2194 2199/2199
f 2253/2253 1894/1894 2199/2199
f 958/958 1010/1010 1006/1006
f 2235/2235 2229/2229 1141/1141
f 958/958 947/947 1010/1010
f 1227/1227 1894/1894 2253/2253
f 936/936 947/947 958/958
f 1141/1141 1070/1070 1086/1086
f 2193/2193 1891/1891 1890/1890
f 2235/2235 1141/1141 2252/2252
f 2252/2252 1141/1141 1142/1142
f 1015/1015 947/947 966/966
f 2242/2242 2243/2243 2254/2254
f 2255/2255 2243/2243 2244/2244
f 2254/2254 2243/2243 2256/2256
f 719/719 384/384 2257/2257
f 2256/2256 2243/2243 2255/2255
f 2199/2199 2198/2198 2258/2258
f 2255/2255 2244/2244 2245/2245
f 2257/2257 384/384 386/386
f 2258/2258 2253/2253 2199/2199
f 2257/2257 386/386 2259/2259
f 2253/2253 2258/2258 2260/2260
f 2245/2245 2248/2248 2261/2261
f 968/968 2259/2259 386/386
f 2259/2259 968/968 2263/2263
f 2263/2263 968/968 2264/2264
f 2258/2258 2198/2198 895/895
f 2258/2258 895/895 2265/2265
f 2265/2265 2260/2260 2258/2258
f 2266/2266 2254/2254 2256/2256
f 2267/2267 2266/2266 2256/2256
f 2265/2265 2200/2200 2260/2260
f 1248/1248 2260/2260 2200/2200
f 2267/2267 2256/2256 2255/2255
f 2245/2245 2261/2261 2255/2255
f 1248/1248 2253/2253 2260/2260
f 2261/2261 2267/2267 2255/2255
f 1237/1237 2253/2253 1248/1248
f 2250/2250 2252/2252 2251/2251
f 864/864 1005/1005 863/863
f 2268/2268 2251/2251 2252/2252
f 2200/2200 2265/2265 2269/2269
f 2264/2264 968/968 863/863
f 2264/2264 863/863 1005/1005
f 2262/2262 2247/2247 2251/2251
f 2270/2270 2262/2262 2251/2251
f 2264/2264 1005/1005 2271/2271
f 2271/2271 989/989 2264/2264
f 2268/2268 2270/2270 2251/2251
f 1253/1253 2200/2200 2272/2272
f 233/233 719/719 828/828
f 2257/2257 828/828 719/719
f 2267/2267 2261/2261 2273/2273
f 2275/2275 2266/2266 2267/2267
f 2259/2259 2276/2276 2257/2257
f 2257/2257 2276/2276 828/828
f 2262/2262 2270/2270 2274/2274
f 2276/2276 829/829 828/828
f 2277/2277 829/829 2276/2276
f 2267/2267 2278/2278 2275/2275
f 2279/2279 2275/2275 2278/2278
f 2263/2263 2276/2276 2259/2259
f 2278/2278 2267/2267 2273/2273
f 829/829 2277/2277 1081/1081
f 2280/2280 2274/2274 2270/2270
f 2280/2280 2270/2270 2281/2281
f 1135/1135 1081/1081 2277/2277
f 989/989 2276/2276 2263/2263
f 2277/2277 2276/2276 989/989
f 2264/2264 989/989 2263/2263
f 2282/2282 2252/2252 1142/1142
f 2277/2277 989/989 988/988
f 988/988 2283/2283 2277/2277
f 2283/2283 1135/1135 2277/2277
f 893/893 2265/2265 895/895
f 2281/2281 2270/2270 2268/2268
f 1296/1296 1297/1297 1298/1298
f 2268/2268 2252/2252 2282/2282
f 1298/1298 1307/1307 1296/1296
f 2281/2281 2268/2268 2282/2282
f 1654/1654 1291/1291 1295/1295
f 2283/2283 2284/2284 1135/1135
f 1005/1005 864/864 960/960
f 904/904 912/912 894/894
f 913/913 2269/2269 893/893
f 2285/2285 987/987 989/989
f 913/913 2286/2286 2269/2269
f 2271/2271 2285/2285 989/989
f 2285/2285 993/993 987/987
f 2286/2286 913/913 2287/2287
f 2271/2271 1005/1005 2288/2288
f 2271/2271 2288/2288 2285/2285
f 2288/2288 993/993 2285/2285
f 1150/1150 2282/2282 1142/1142
f 999/999 998/998 1039/1039
f 1041/1041 1047/1047 999/999
f 2287/2287 913/913 915/915
f 2287/2287 915/915 933/933
f 988/988 987/987 2283/2283
f 987/987 995/995 2283/2283
f 2269/2269 2265/2265 893/893
f 2284/2284 2283/2283 995/995
f 1305/1305 1310/1310 1345/1345
f 2200/2200 2269/2269 2272/2272
f 2289/2289 2284/2284 995/995
f 2272/2272 2269/2269 2286/2286
f 2289/2289 995/995 992/992
f 2286/2286 1092/1092 2272/2272
f 1047/1047 1034/1034 999/999
f 1033/1033 992/992 999/999
f 1092/1092 2286/2286 2287/2287
f 1253/1253 2272/2272 1092/1092
f 2290/2290 2289/2289 992/992
f 1253/1253 1092/1092 1091/1091
f 1332/1332 1322/1322 1306/1306
f 992/992 1033/1033 2290/2290
f 1033/1033 999/999 1034/1034
f 2288/2288 1005/1005 1004/1004
f 1030/1030 1035/1035 1029/1029
f 2288/2288 1004/1004 1007/1007
f 1007/1007 993/993 2288/2288
f 1007/1007 998/998 993/993
f 1039/1039 998/998 1007/1007
f 1007/1007 1040/1040 1039/1039
f 1064/1064 2291/2291 1232/1232
f 999/999 1039/1039 1041/1041
f 1238/1238 1232/1232 2291/2291
f 1387/1387 1332/1332 1325/1325
f 1378/1378 1332/1332 1387/1387
f 1232/1232 1238/1238 1035/1035
f 1378/1378 1370/1370 1332/1332
f 1984/1984 1022/1022 1020/1020
f 1033/1033 1032/1032 2292/2292
f 1007/1007 1010/1010 1040/1040
f 1015/1015 1040/1040 1010/1010
f 1015/1015 1044/1044 1040/1040
f 1019/1019 1044/1044 1015/1015
f 2293/2293 2287/2287 933/933
f 1097/1097 2287/2287 2293/2293
f 933/933 931/931 1088/1088
f 1378/1378 1387/1387 1400/1400
f 933/933 1088/1088 1087/1087
f 1056/1056 2294/2294 2295/2295
f 933/933 1087/1087 2293/2293
f 1387/1387 1396/1396 1400/1400
f 1090/1090 2296/2296 1087/1087
f 1087/1087 2296/2296 2293/2293
f 1097/1097 1092/1092 2287/2287
f 1044/1044 1019/1019 1055/1055
f 1022/1022 1055/1055 1019/1019
f 1022/1022 1059/1059 1055/1055
f 1396/1396 1356/1356 1417/1417
f 1092/1092 1097/1097 1091/1091
f 1984/1984 1059/1059 1022/1022
f 1097/1097 1096/1096 1091/1091
f 1060/1060 2294/2294 1056/1056
f 2297/2297 1047/1047 1043/1043
f 1063/1063 1047/1047 2297/2297
f 1101/1101 1097/1097 2293/2293
f 1101/1101 2293/2293 2296/2296
f 1373/1373 1417/1417 1356/1356
f 1156/1156 1032/1032 1063/1063
f 2296/2296 2298/2298 1101/1101
f 2297/2297 1043/1043 1056/1056
f 1101/1101 2298/2298 1110/1110
f 2295/2295 2297/2297 1056/1056
f 1110/1110 1098/1098 1101/1101
f 1156/1156 1063/1063 2297/2297
f 2297/2297 2295/2295 2299/2299
f 1110/1110 2298/2298 1111/1111
f 1417/1417 1409/1409 1367/1367
f 2300/2300 2299/2299 2295/2295
f 1408/1408 1367/1367 1409/1409
f 2301/2301 1066/1066 1059/1059
f 1059/1059 1984/1984 2301/2301
f 1066/1066 2301/2301 1069/1069
f 1069/1069 2301/2301 2004/2004
f 2296/2296 1090/1090 1129/1129
f 1060/1060 1068/1068 2294/2294
f 1374/1374 1367/1367 1408/1408
f 1374/1374 1408/1408 1383/1383
f 1129/1129 1160/1160 2296/2296
f 1160/1160 2298/2298 2296/2296
f 1068/1068 1069/1069 1073/1073
f 1073/1073 2302/2302 1068/1068
f 1069/1069 2004/2004 1074/1074
f 1073/1073 1069/1069 1074/1074
f 1371/1371 2303/2303 2304/2304
f 2303/2303 1371/1371 1372/1372
f 2302/2302 2294/2294 1068/1068
f 2303/2303 1393/1393 2304/2304
f 2295/2295 2294/2294 2300/2300
f 1136/1136 1172/1172 1161/1161
f 2305/2305 1469/1469 1466/1466
f 2300/2300 2294/2294 2306/2306
f 2306/2306 2294/2294 2302/2302
f 1160/1160 1161/1161 2307/2307
f 1469/1469 1377/1377 1466/1466
f 1111/1111 2298/2298 1160/1160
f 1160/1160 2307/2307 1111/1111
f 1382/1382 1372/1372 1374/1374
f 2307/2307 1161/1161 1173/1173
f 2306/2306 1195/1195 2300/2300
f 1386/1386 1372/1372 1382/1382
f 2303/2303 1372/1372 1386/1386
f 2306/2306 2302/2302 1077/1077
f 1386/1386 1390/1390 2303/2303
f 1077/1077 2302/2302 1073/1073
f 1386/1386 1388/1388 1390/1390
f 1480/1480 1459/1459 2305/2305
f 1191/1191 1173/1173 1179/1179
f 1393/1393 1506/1506 2304/2304
f 1191/1191 1179/1179 1186/1186
f 2308/2308 1506/1506 1393/1393
f 2306/2306 1198/1198 1195/1195
f 1459/1459 1469/1469 2305/2305
f 1198/1198 2306/2306 1077/1077
f 1136/1136 1169/1169 1172/1172
f 2308/2308 1392/1392 1507/1507
f 1078/1078 2309/2309 1077/1077
f 1682/1682 1480/1480 2305/2305
f 1077/1077 2309/2309 1198/1198
f 1175/1175 1180/1180 1172/1172
f 1393/1393 2303/2303 1394/1394
f 1078/1078 2310/2310 2311/2311
f 2309/2309 1078/1078 2311/2311
f 2305/2305 1685/1685 1682/1682
f 1685/1685 2305/2305 2312/2312
f 1392/1392 2308/2308 1393/1393
f 1175/1175 2008/2008 1180/1180
f 2312/2312 1720/1720 1685/1685
f 1390/1390 1398/1398 2303/2303
f 640/640 622/622 234/234
f 640/640 234/234 2313/2313
f 1466/1466 1429/1429 2314/2314
f 1394/1394 2303/2303 1398/1398
f 2314/2314 2315/2315 1466/1466
f 2305/2305 1466/1466 2315/2315
f 2307/2307 1173/1173 1111/1111
f 1401/1401 1394/1394 1398/1398
f 2313/2313 234/234 1080/1080
f 2312/2312 2305/2305 2315/2315
f 1111/1111 1173/1173 1191/1191
f 634/634 632/632 640/640
f 2316/2316 2315/2315 2314/2314
f 634/634 640/640 2313/2313
f 1192/1192 1112/1112 1111/1111
f 1409/1409 1379/1379 2059/2059
f 2312/2312 2315/2315 1505/1505
f 1721/1721 2312/2312 1505/1505
f 634/634 2313/2313 2317/2317
f 1720/1720 2312/2312 1721/1721
f 1410/1410 1409/1409 2059/2059
f 1080/1080 2317/2317 2313/2313
f 1505/1505 2315/2315 2316/2316
f 1079/1079 2317/2317 1080/1080
f 1421/1421 1498/1498 1429/1429
f 1084/1084 2317/2317 1079/1079
f 1082/1082 2318/2318 1084/1084
f 1410/1410 2059/2059 2058/2058
f 2058/2058 1415/1415 1410/1410
f 2314/2314 1429/1429 1498/1498
f 2304/2304 2314/2314 1498/1498
f 1414/1414 1410/1410 1415/1415
f 1368/1368 1371/1371 1430/1430
f 1408/1408 1410/1410 1414/1414
f 650/650 634/634 1106/1106
f 650/650 1106/1106 1104/1104
f 1498/1498 1371/1371 2304/2304
f 2320/2320 1200/1200 1239/1239
f 1207/1207 2321/2321 1205/1205
f 2321/2321 1995/1995 2319/2319
f 2319/2319 1205/1205 2321/2321
f 1200/1200 2319/2319 1995/1995
f 1216/1216 1205/1205 2319/2319
f 1205/1205 1216/1216 1214/1214
f 1383/1383 1408/1408 1418/1418
f 1107/1107 634/634 2317/2317
f 1107/1107 2317/2317 1094/1094
f 1200/1200 1216/1216 2319/2319
f 2320/2320 1216/1216 1200/1200
f 2322/2322 2320/2320 1239/1239
f 1107/1107 1106/1106 634/634
f 1217/1217 2320/2320 2323/2323
f 2314/2314 2324/2324 2316/2316
f 2323/2323 1220/1220 1217/1217
f 1216/1216 2320/2320 1217/1217
f 2317/2317 1084/1084 2318/2318
f 2317/2317 2318/2318 1094/1094
f 1415/1415 1432/1432 1416/1416
f 2324/2324 2314/2314 2304/2304
f 2062/2062 1432/1432 1415/1415
f 1095/1095 1094/1094 2318/2318
f 1107/1107 1094/1094 1100/1100
f 1506/1506 2324/2324 2304/2304
f 1432/1432 2062/2062 1435/1435
f 1202/1202 1226/1226 1228/1228
f 2316/2316 2324/2324 1503/1503
f 1505/1505 2316/2316 1503/1503
f 2324/2324 1506/1506 1503/1503
f 1228/1228 1227/1227 2253/2253
f 1226/1226 1202/1202 1201/1201
f 1506/1506 2308/2308 1507/1507
f 1202/1202 1228/1228 1239/1239
f 1434/1434 1432/1432 1435/1435
f 1435/1435 2325/2325 1436/1436
f 1237/1237 1228/1228 2253/2253
f 1256/1256 695/695 2326/2326
f 1248/1248 1235/1235 1237/1237
f 542/542 695/695 1256/1256
f 1440/1440 1439/1439 1434/1434
f 1256/1256 2326/2326 2327/2327
f 1423/1423 1383/1383 1422/1422
f 1423/1423 1422/1422 1445/1445
f 651/651 1105/1105 687/687
f 1247/1247 1235/1235 1248/1248
f 2328/2328 687/687 1105/1105
f 2322/2322 1239/1239 1236/1236
f 1463/1463 1439/1439 1440/1440
f 2322/2322 1236/1236 2329/2329
f 2329/2329 1236/1236 1244/1244
f 1439/1439 1445/1445 1442/1442
f 2330/2330 1105/1105 1108/1108
f 2320/2320 2322/2322 2323/2323
f 1445/1445 1439/1439 1464/1464
f 2330/2330 2328/2328 1105/1105
f 2330/2330 2331/2331 2328/2328
f 2329/2329 2323/2323 2322/2322
f 2331/2331 2330/2330 2332/2332
f 1244/1244 1235/1235 1250/1250
f 1099/1099 1115/1115 1100/1100
f 2330/2330 1108/1108 1115/1115
f 2333/2333 1423/1423 1445/1445
f 2332/2332 2330/2330 1115/1115
f 1250/1250 1249/1249 1255/1255
f 2333/2333 1388/1388 1423/1423
f 694/694 687/687 2326/2326
f 2326/2326 695/695 694/694
f 2326/2326 687/687 2328/2328
f 2331/2331 2326/2326 2328/2328
f 2333/2333 1445/1445 1472/1472
f 1121/1121 2326/2326 2331/2331
f 2327/2327 2326/2326 1121/1121
f 1389/1389 1388/1388 2333/2333
f 1482/1482 2333/2333 1472/1472
f 1121/1121 2334/2334 2327/2327
f 2333/2333 1482/1482 1389/1389
f 2335/2335 1261/1261 1262/1262
f 2336/2336 1220/1220 2323/2323
f 1482/1482 1472/1472 2337/2337
f 2331/2331 1122/1122 1121/1121
f 1122/1122 2331/2331 2332/2332
f 1445/1445 1464/1464 1472/1472
f 1244/1244 2323/2323 2329/2329
f 1244/1244 2336/2336 2323/2323
f 1244/1244 1250/1250 2338/2338
f 2338/2338 2336/2336 1244/1244
f 2337/2337 1472/1472 1464/1464
f 1530/1530 2337/2337 1464/1464
f 1220/1220 2336/2336 1266/1266
f 2338/2338 1266/1266 2336/2336
f 1121/1121 2339/2339 2334/2334
f 1267/1267 1265/1265 1275/1275
f 1495/1495 2337/2337 1530/1530
f 1120/1120 2339/2339 1121/1121
f 1482/1482 2337/2337 1495/1495
f 1260/1260 1269/1269 2338/2338
f 2338/2338 1269/1269 1266/1266
f 1482/1482 1481/1481 1389/1389
f 1275/1275 1268/1268 2340/2340
f 1250/1250 1255/1255 2338/2338
f 1490/1490 1483/1483 1482/1482
f 2338/2338 1255/1255 1260/1260
f 1115/1115 2341/2341 2332/2332
f 1269/1269 1260/1260 1271/1271
f 1115/1115 1099/1099 2341/2341
f 2341/2341 1099/1099 2342/2342
f 1261/1261 1271/1271 1260/1260
f 2342/2342 2343/2343 2341/2341
f 1281/1281 1072/1072 1280/1280
f 1122/1122 2332/2332 2344/2344
f 1281/1281 1210/1210 1288/1288
f 2344/2344 2332/2332 2341/2341
f 2345/2345 1281/1281 1288/1288
f 2344/2344 1125/1125 1122/1122
f 2344/2344 2341/2341 2343/2343
f 1508/1508 1529/1529 1463/1463
f 1214/1214 1285/1285 1210/1210
f 1288/1288 1210/1210 1285/1285
f 1500/1500 1436/1436 2325/2325
f 1125/1125 2344/2344 2343/2343
f 2343/2343 1131/1131 1126/1126
f 1285/1285 1218/1218 2346/2346
f 1124/1124 1122/1122 1125/1125
f 1285/1285 1289/1289 1288/1288
f 1500/1500 1511/1511 1440/1440
f 1285/1285 2346/2346 1289/1289
f 1126/1126 1125/1125 2343/2343
f 2310/2310 1072/1072 1281/1281
f 1511/1511 1500/1500 1517/1517
f 2311/2311 2310/2310 1281/1281
f 2311/2311 1281/1281 2347/2347
f 1135/1135 1139/1139 1134/1134
f 1139/1139 1135/1135 2284/2284
f 2347/2347 1281/1281 1290/1290
f 1678/1678 1514/1514 1515/1515
f 1517/1517 2348/2348 2349/2349
f 1290/1290 1281/1281 2345/2345
f 1140/1140 2318/2318 1082/1082
f 1517/1517 2349/2349 2350/2350
f 1292/1292 1291/1291 2311/2311
f 2311/2311 2347/2347 1292/1292
f 1516/1516 1517/1517 2350/2350
f 1143/1143 1139/1139 2284/2284
f 1720/1720 1686/1686 1685/1685
f 2345/2345 1288/1288 1290/1290
f 2351/2351 2352/2352 2353/2353
f 1292/1292 2347/2347 1290/1290
f 2354/2354 2353/2353 2279/2279
f 1292/1292 1290/1290 1297/1297
f 2351/2351 2353/2353 2354/2354
f 1140/1140 1139/1139 1143/1143
f 2355/2355 2351/2351 2354/2354
f 1297/1297 1290/1290 1287/1287
f 2354/2354 2357/2357 2355/2355
f 1287/1287 1298/1298 1297/1297
f 1502/1502 1440/1440 1511/1511
f 1143/1143 2284/2284 2358/2358
f 2358/2358 2359/2359 1143/1143
f 1516/1516 1567/1567 1522/1522
f 1567/1567 1516/1516 2360/2360
f 2361/2361 2346/2346 1218/1218
f 1148/1148 2358/2358 2362/2362
f 1148/1148 2359/2359 2358/2358
f 1522/1522 1567/1567 1552/1552
f 2361/2361 1218/1218 1267/1267
f 1149/1149 2362/2362 1164/1164
f 2284/2284 2289/2289 2358/2358
f 1289/1289 2346/2346 1302/1302
f 2289/2289 2290/2290 2362/2362
f 2358/2358 2289/2289 2362/2362
f 2363/2363 2349/2349 2348/2348
f 2350/2350 2349/2349 2363/2363
f 2364/2364 2350/2350 2363/2363
f 1516/1516 2350/2350 2360/2360
f 2365/2365 2290/2290 1033/1033
f 2365/2365 1033/1033 2292/2292
f 1302/1302 2346/2346 2361/2361
f 1302/1302 2361/2361 2366/2366
f 2363/2363 2348/2348 2352/2352
f 2352/2352 2367/2367 2363/2363
f 2352/2352 2351/2351 2367/2367
f 2368/2368 2366/2366 2361/2361
f 2365/2365 2362/2362 2290/2290
f 2365/2365 1164/1164 2362/2362
f 2363/2363 2369/2369 2364/2364
f 2369/2369 2363/2363 2367/2367
f 1095/1095 2318/2318 1140/1140
f 1095/1095 1143/1143 2359/2359
f 1144/1144 1095/1095 2359/2359
f 2370/2370 2369/2369 2355/2355
f 2355/2355 2367/2367 2351/2351
f 2369/2369 2367/2367 2355/2355
f 1294/1294 1289/1289 1302/1302
f 1144/1144 2359/2359 1148/1148
f 2371/2371 2372/2372 2350/2350
f 2364/2364 2371/2371 2350/2350
f 2360/2360 2373/2373 1567/1567
f 2373/2373 2360/2360 2350/2350
f 2373/2373 2350/2350 2372/2372
f 1148/1148 1147/1147 1144/1144
f 2374/2374 2371/2371 2364/2364
f 2374/2374 2364/2364 2375/2375
f 2362/2362 1149/1149 1148/1148
f 2372/2372 2371/2371 2374/2374
f 2375/2375 2376/2376 2374/2374
f 2377/2377 1567/1567 2373/2373
f 2366/2366 2368/2368 1327/1327
f 1304/1304 1302/1302 2366/2366
f 1304/1304 2366/2366 1327/1327
f 1567/1567 2377/2377 1568/1568
f 2377/2377 2373/2373 2378/2378
f 2378/2378 2373/2373 2372/2372
f 2378/2378 2372/2372 2374/2374
f 2378/2378 2374/2374 2379/2379
f 2379/2379 2374/2374 2380/2380
f 1144/1144 2342/2342 1099/1099
f 2376/2376 2380/2380 2374/2374
f 2376/2376 2381/2381 2380/2380
f 2380/2380 2381/2381 2382/2382
f 2378/2378 2383/2383 2377/2377
f 2377/2377 2383/2383 1568/1568
f 2383/2383 2378/2378 2379/2379
f 2379/2379 2380/2380 2382/2382
f 2342/2342 1144/1144 1149/1149
f 1304/1304 1327/1327 1326/1326
f 2375/2375 2369/2369 2370/2370
f 1301/1301 1304/1304 1326/1326
f 2384/2384 2375/2375 2370/2370
f 2375/2375 2364/2364 2369/2369
f 2376/2376 2375/2375 2384/2384
f 2357/2357 2385/2385 2355/2355
f 2343/2343 2342/2342 2387/2387
f 2385/2385 2370/2370 2355/2355
f 1131/1131 2343/2343 2387/2387
f 2361/2361 1267/1267 1275/1275
f 2388/2388 2384/2384 2370/2370
f 2389/2389 2384/2384 2388/2388
f 2388/2388 2370/2370 2391/2391
f 2388/2388 2391/2391 2393/2393
f 2394/2394 2388/2388 2393/2393
f 2395/2395 2389/2389 2388/2388
f 1275/1275 2340/2340 2396/2396
f 2389/2389 2376/2376 2384/2384
f 2389/2389 2381/2381 2376/2376
f 2370/2370 2385/2385 2391/2391
f 2292/2292 1154/1154 2365/2365
f 2368/2368 2361/2361 1275/1275
f 2397/2397 2390/2390 2386/2386
f 2392/2392 2390/2390 2397/2397
f 2396/2396 2368/2368 1275/1275
f 2386/2386 2398/2398 2397/2397
f 1032/1032 1154/1154 2292/2292
f 1327/1327 2368/2368 2396/2396
f 1529/1529 1464/1464 1463/1463
f 1154/1154 1171/1171 2365/2365
f 1529/1529 1536/1536 1530/1530
f 2365/2365 1171/1171 1164/1164
f 1536/1536 1529/1529 1508/1508
f 1536/1536 1508/1508 1527/1527
f 1171/1171 1154/1154 1155/1155
f 2335/2335 1262/1262 1402/1402
f 1540/1540 1495/1495 1530/1530
f 1271/1271 2335/2335 2399/2399
f 1536/1536 1540/1540 1530/1530
f 2335/2335 1402/1402 2400/2400
f 2400/2400 2399/2399 2335/2335
f 2401/2401 2402/2402 2400/2400
f 2402/2402 1317/1317 2399/2399
f 2400/2400 2402/2402 2399/2399
f 1155/1155 1156/1156 1163/1163
f 1317/1317 2402/2402 2403/2403
f 1196/1196 1162/1162 1163/1163
f 2340/2340 1268/1268 1270/1270
f 1270/1270 1311/1311 2340/2340
f 1270/1270 1271/1271 1312/1312
f 2335/2335 1271/1271 1261/1261
f 2399/2399 1312/1312 1271/1271
f 1317/1317 1312/1312 2399/2399
f 1311/1311 1312/1312 1329/1329
f 1171/1171 1155/1155 1164/1164
f 1329/1329 1312/1312 1317/1317
f 1316/1316 1329/1329 1317/1317
f 1568/1568 2383/2383 1570/1570
f 1573/1573 1570/1570 2383/2383
f 2404/2404 1573/1573 2383/2383
f 2404/2404 2383/2383 2379/2379
f 1572/1572 1573/1573 1581/1581
f 1156/1156 2297/2297 2299/2299
f 2382/2382 2404/2404 2379/2379
f 2404/2404 2405/2405 1573/1573
f 2299/2299 1163/1163 1156/1156
f 1581/1581 1573/1573 2405/2405
f 2406/2406 2394/2394 2393/2393
f 2395/2395 2388/2388 2394/2394
f 2394/2394 2406/2406 2395/2395
f 2389/2389 2395/2395 2407/2407
f 2408/2408 2407/2407 2395/2395
f 2408/2408 2395/2395 2406/2406
f 2409/2409 2382/2382 2381/2381
f 2381/2381 2389/2389 2407/2407
f 1194/1194 1196/1196 2299/2299
f 1194/1194 2299/2299 2300/2300
f 2409/2409 2381/2381 2407/2407
f 2409/2409 2407/2407 2408/2408
f 2406/2406 2392/2392 2397/2397
f 1196/1196 1163/1163 2299/2299
f 2410/2410 2397/2397 2398/2398
f 2398/2398 2411/2411 2410/2410
f 2408/2408 2406/2406 2410/2410
f 2410/2410 2406/2406 2397/2397
f 2340/2340 1311/1311 1330/1330
f 2396/2396 2340/2340 1343/1343
f 2396/2396 1343/1343 1342/1342
f 1588/1588 2409/2409 2408/2408
f 1327/1327 2396/2396 1342/1342
f 1586/1586 2408/2408 2410/2410
f 1588/1588 2408/2408 1586/1586
f 1343/1343 2340/2340 1330/1330
f 1343/1343 1330/1330 1331/1331
f 1330/1330 1328/1328 1331/1331
f 2404/2404 2382/2382 2412/2412
f 2382/2382 2409/2409 2412/2412
f 2405/2405 2404/2404 2412/2412
f 1194/1194 2300/2300 1195/1195
f 2413/2413 2412/2412 1588/1588
f 1588/1588 2412/2412 2409/2409
f 2412/2412 2413/2413 2405/2405
f 2405/2405 1591/1591 1581/1581
f 1591/1591 2405/2405 2413/2413
f 1335/1335 1331/1331 1316/1316
f 1591/1591 1580/1580 1581/1581
f 1588/1588 1587/1587 2414/2414
f 1197/1197 2309/2309 1204/1204
f 1197/1197 1198/1198 2309/2309
f 2415/2415 1591/1591 2413/2413
f 2415/2415 2413/2413 2416/2416
f 1588/1588 2414/2414 2413/2413
f 2416/2416 2413/2413 2414/2414
f 2416/2416 2414/2414 1865/1865
f 2415/2415 1594/1594 1591/1591
f 1594/1594 2415/2415 2416/2416
f 1594/1594 2416/2416 1865/1865
f 1241/1241 1188/1188 1212/1212
f 1865/1865 1806/1806 1594/1594
f 1212/1212 1188/1188 1162/1162
f 1806/1806 1865/1865 1864/1864
f 1331/1331 1335/1335 1355/1355
f 2387/2387 1149/1149 1165/1165
f 2417/2417 2387/2387 1165/1165
f 2387/2387 2342/2342 1149/1149
f 1131/1131 2387/2387 1230/1230
f 2417/2417 1230/1230 2387/2387
f 2417/2417 1165/1165 1181/1181
f 2419/2419 1402/1402 1096/1096
f 2419/2419 2401/2401 1402/1402
f 2400/2400 1402/1402 2401/2401
f 1130/1130 1131/1131 1229/1229
f 1229/1229 1131/1131 1230/1230
f 1096/1096 1098/1098 2420/2420
f 2401/2401 2419/2419 2421/2421
f 2421/2421 2402/2402 2401/2401
f 2402/2402 2422/2422 2403/2403
f 2422/2422 2402/2402 2421/2421
f 2419/2419 1096/1096 2420/2420
f 2419/2419 2420/2420 2421/2421
f 2423/2423 2422/2422 2421/2421
f 2421/2421 2420/2420 2423/2423
f 1231/1231 1230/1230 2417/2417
f 1231/1231 2417/2417 1460/1460
f 2424/2424 2420/2420 1098/1098
f 1318/1318 1317/1317 2403/2403
f 1318/1318 2403/2403 2425/2425
f 2403/2403 2422/2422 2426/2426
f 2403/2403 2426/2426 2425/2425
f 2426/2426 2422/2422 2423/2423
f 2427/2427 2426/2426 2423/2423
f 2423/2423 2420/2420 2427/2427
f 2427/2427 2428/2428 2426/2426
f 2426/2426 2428/2428 2429/2429
f 1188/1188 2417/2417 1181/1181
f 2425/2425 2426/2426 2429/2429
f 2425/2425 2429/2429 1420/1420
f 1188/1188 2430/2430 2417/2417
f 2430/2430 1188/1188 1241/1241
f 1420/1420 2429/2429 2431/2431
f 2424/2424 1098/1098 1110/1110
f 2424/2424 1110/1110 1407/1407
f 2424/2424 2427/2427 2420/2420
f 2427/2427 2424/2424 1407/1407
f 1407/1407 2428/2428 2427/2427
f 1407/1407 2432/2432 2428/2428
f 1460/1460 2417/2417 2418/2418
f 2433/2433 2432/2432 1407/1407
f 2433/2433 2434/2434 2432/2432
f 2430/2430 2418/2418 2417/2417
f 1412/1412 1112/1112 1437/1437
f 2418/2418 2430/2430 1240/1240
f 2433/2433 1407/1407 1412/1412
f 1412/1412 1437/1437 2435/2435
f 2435/2435 2433/2433 1412/1412
f 2436/2436 2434/2434 2435/2435
f 2435/2435 2434/2434 2433/2433
f 2435/2435 2437/2437 2436/2436
f 2432/2432 2429/2429 2428/2428
f 2429/2429 2432/2432 2434/2434
f 2434/2434 2431/2431 2429/2429
f 2438/2438 2431/2431 2434/2434
f 2418/2418 1240/1240 1477/1477
f 1240/1240 2430/2430 1241/1241
f 2425/2425 1420/1420 1318/1318
f 1242/1242 1477/1477 1240/1240
f 1427/1427 1420/1420 2431/2431
f 1223/1223 1241/1241 1212/1212
f 1192/1192 1437/1437 1112/1112
f 2437/2437 2435/2435 1437/1437
f 2327/2327 2439/2439 1256/1256
f 1256/1256 2439/2439 731/731
f 1259/1259 731/731 2439/2439
f 731/731 1259/1259 732/732
f 2440/2440 1259/1259 2439/2439
f 2441/2441 1259/1259 2440/2440
f 741/741 1259/1259 2441/2441
f 2441/2441 2440/2440 2442/2442
f 2440/2440 2439/2439 2442/2442
f 2443/2443 2441/2441 2442/2442
f 1284/1284 2441/2441 2443/2443
f 2327/2327 2334/2334 2439/2439
f 2445/2445 2278/2278 2273/2273
f 2445/2445 2279/2279 2278/2278
f 2274/2274 2446/2446 2444/2444
f 2446/2446 2274/2274 2280/2280
f 2447/2447 2334/2334 2448/2448
f 2449/2449 2280/2280 2281/2281
f 2446/2446 2280/2280 2449/2449
f 2354/2354 2279/2279 2445/2445
f 2448/2448 2334/2334 2339/2339
f 2357/2357 2354/2354 2445/2445
f 2448/2448 2339/2339 1120/1120
f 2450/2450 2444/2444 2446/2446
f 2444/2444 2450/2450 2356/2356
f 2439/2439 2334/2334 2442/2442
f 2334/2334 2447/2447 2442/2442
f 2446/2446 2449/2449 2451/2451
f 2281/2281 2282/2282 2452/2452
f 2449/2449 2281/2281 2452/2452
f 2452/2452 2282/2282 1809/1809
f 2453/2453 2442/2442 2447/2447
f 2282/2282 1150/1150 1809/1809
f 2443/2443 2442/2442 2453/2453
f 2454/2454 2449/2449 2452/2452
f 2453/2453 1339/1339 2443/2443
f 2449/2449 2454/2454 2451/2451
f 2454/2454 2452/2452 1809/1809
f 1179/1179 1182/1182 1187/1187
f 1187/1187 1182/1182 2011/2011
f 1278/1278 2448/2448 1120/1120
f 2451/2451 2450/2450 2446/2446
f 1846/1846 2450/2450 2451/2451
f 2455/2455 2450/2450 1846/1846
f 1278/1278 1120/1120 2456/2456
f 1120/1120 1124/1124 2456/2456
f 1124/1124 1126/1126 1274/1274
f 1811/1811 2451/2451 2454/2454
f 2456/2456 1124/1124 1274/1274
f 1811/1811 2454/2454 1809/1809
f 2016/2016 2011/2011 2158/2158
f 1846/1846 2451/2451 1811/1811
f 1812/1812 1846/1846 1811/1811
f 2456/2456 2457/2457 1278/1278
f 2458/2458 1199/1199 2013/2013
f 2447/2447 2448/2448 1277/1277
f 2398/2398 2386/2386 2356/2356
f 2398/2398 2356/2356 2450/2450
f 1278/1278 1277/1277 2448/2448
f 2398/2398 2450/2450 2455/2455
f 2459/2459 2013/2013 2019/2019
f 2453/2453 2447/2447 1277/1277
f 2460/2460 2461/2461 2462/2462
f 2453/2453 1277/1277 2463/2463
f 1339/1339 2453/2453 2463/2463
f 1186/1186 1187/1187 2013/2013
f 2463/2463 1277/1277 1279/1279
f 2017/2017 1187/1187 2011/2011
f 1349/1349 2463/2463 1279/1279
f 1279/1279 1278/1278 2457/2457
f 2017/2017 2013/2013 1187/1187
f 1279/1279 2457/2457 1349/1349
f 1404/1404 2457/2457 2456/2456
f 1349/1349 2457/2457 1404/1404
f 1404/1404 2456/2456 1274/1274
f 2013/2013 2017/2017 2019/2019
f 1827/1827 1813/1813 1814/1814
f 2019/2019 2017/2017 2016/2016
f 1351/1351 1349/1349 1404/1404
f 2021/2021 2016/2016 2464/2464
f 2465/2465 2455/2455 1846/1846
f 2461/2461 2460/2460 2024/2024
f 1845/1845 2465/2465 1846/1846
f 2461/2461 2024/2024 2025/2025
f 2016/2016 2158/2158 2464/2464
f 741/741 2441/2441 1284/1284
f 1284/1284 1286/1286 1282/1282
f 1847/1847 1812/1812 1813/1813
f 2460/2460 2466/2466 2467/2467
f 746/746 1286/1286 1299/1299
f 2024/2024 2460/2460 2467/2467
f 2466/2466 2468/2468 2467/2467
f 2466/2466 2020/2020 2021/2021
f 2021/2021 2468/2468 2466/2466
f 2022/2022 2024/2024 2467/2467
f 2022/2022 2467/2467 2468/2468
f 1847/1847 1869/1869 1848/1848
f 2443/2443 1293/1293 1284/1284
f 2021/2021 2464/2464 2469/2469
f 1849/1849 1848/1848 1850/1850
f 2469/2469 2468/2468 2021/2021
f 2022/2022 2468/2468 2470/2470
f 2469/2469 2470/2470 2468/2468
f 1869/1869 1851/1851 1848/1848
f 1851/1851 1850/1850 1848/1848
f 553/553 552/552 746/746
f 2471/2471 2023/2023 2022/2022
f 2471/2471 2472/2472 2023/2023
f 2472/2472 2473/2473 2023/2023
f 2473/2473 2472/2472 2474/2474
f 2475/2475 2473/2473 2474/2474
f 1852/1852 1851/1851 2476/2476
f 2477/2477 1852/1852 2476/2476
f 2470/2470 2471/2471 2022/2022
f 2455/2455 2411/2411 2398/2398
f 2478/2478 2470/2470 2469/2469
f 2471/2471 2470/2470 2479/2479
f 2470/2470 2478/2478 2479/2479
f 2480/2480 2472/2472 2471/2471
f 2480/2480 2474/2474 2472/2472
f 2471/2471 2479/2479 2480/2480
f 2481/2481 2480/2480 2479/2479
f 2411/2411 2455/2455 2465/2465
f 2475/2475 2474/2474 2482/2482
f 2411/2411 1586/1586 2410/2410
f 1855/1855 1586/1586 2411/2411
f 2474/2474 2480/2480 2482/2482
f 2483/2483 2482/2482 2480/2480
f 2483/2483 2480/2480 2481/2481
f 2484/2484 2482/2482 2483/2483
f 2465/2465 1855/1855 2411/2411
f 2481/2481 2209/2209 2483/2483
f 1849/1849 2465/2465 1845/1845
f 1855/1855 2465/2465 1857/1857
f 2465/2465 1849/1849 1857/1857
f 1293/1293 2443/2443 1339/1339
f 2434/2434 2436/2436 2485/2485
f 2485/2485 2438/2438 2434/2434
f 2414/2414 1587/1587 1858/1858
f 2486/2486 2438/2438 2485/2485
f 2486/2486 2485/2485 2436/2436
f 2438/2438 2486/2486 2487/2487
f 2438/2438 2487/2487 2030/2030
f 1858/1858 1856/1856 1863/1863
f 1427/1427 2431/2431 2438/2438
f 1866/1866 2414/2414 1858/1858
f 1866/1866 1858/1858 1863/1863
f 2438/2438 2030/2030 1427/1427
f 2066/2066 1866/1866 1863/1863
f 2066/2066 1863/1863 2076/2076
f 2463/2463 1340/1340 1339/1339
f 1340/1340 2463/2463 1349/1349
f 1865/1865 2414/2414 1866/1866
f 2066/2066 1864/1864 1866/1866
f 2030/2030 2487/2487 2032/2032
f 1849/1849 1850/1850 1857/1857
f 1863/1863 1860/1860 2076/2076
f 1852/1852 2076/2076 1860/1860
f 1867/1867 1827/1827 1828/1828
f 1813/1813 1869/1869 1847/1847
f 1869/1869 1813/1813 1827/1827
f 1867/1867 1869/1869 1827/1827
f 2488/2488 2486/2486 2436/2436
f 2486/2486 2488/2488 2489/2489
f 1437/1437 1199/1199 2458/2458
f 2458/2458 2488/2488 1437/1437
f 2488/2488 2458/2458 2489/2489
f 1437/1437 2488/2488 2437/2437
f 2488/2488 2436/2436 2437/2437
f 2490/2490 2486/2486 2489/2489
f 2489/2489 2458/2458 2459/2459
f 2459/2459 2490/2490 2489/2489
f 2459/2459 2458/2458 2013/2013
f 1878/1878 1867/1867 1871/1871
f 2490/2490 2487/2487 2486/2486
f 2462/2462 2487/2487 2490/2490
f 2491/2491 2487/2487 2462/2462
f 1272/1272 1413/1413 1405/1405
f 2037/2037 2487/2487 2491/2491
f 1869/1869 1868/1868 1881/1881
f 2039/2039 2037/2037 2491/2491
f 2490/2490 2459/2459 2492/2492
f 1869/1869 1881/1881 1851/1851
f 2492/2492 2462/2462 2490/2490
f 2493/2493 1851/1851 1881/1881
f 1882/1882 1868/1868 1867/1867
f 2459/2459 2019/2019 2492/2492
f 1884/1884 1882/1882 1867/1867
f 1881/1881 1882/1882 1884/1884
f 2491/2491 2462/2462 2461/2461
f 1351/1351 1404/1404 1354/1354
f 1354/1354 1404/1404 1406/1406
f 2492/2492 2019/2019 2466/2466
f 2492/2492 2460/2460 2462/2462
f 2460/2460 2492/2492 2466/2466
f 2032/2032 2487/2487 2037/2037
f 2493/2493 2476/2476 1851/1851
f 1881/1881 2085/2085 2493/2493
f 2085/2085 1881/1881 1883/1883
f 2020/2020 2466/2466 2019/2019
f 1884/1884 1867/1867 1878/1878
f 1939/1939 1878/1878 1871/1871
f 2491/2491 2461/2461 2039/2039
f 1884/1884 2494/2494 1883/1883
f 2494/2494 1878/1878 1939/1939
f 2025/2025 2039/2039 2461/2461
f 2025/2025 2495/2495 2039/2039
f 2494/2494 1884/1884 1878/1878
f 2040/2040 2039/2039 2495/2495
f 2025/2025 2023/2023 2495/2495
f 1452/1452 1130/1130 1229/1229
f 1130/1130 1452/1452 1272/1272
f 2495/2495 2023/2023 2473/2473
f 2473/2473 2496/2496 2495/2495
f 1413/1413 1272/1272 1452/1452
f 2040/2040 2495/2495 2496/2496
f 1452/1452 1229/1229 1231/1231
f 2497/2497 2046/2046 2040/2040
f 1419/1419 1411/1411 1413/1413
f 1413/1413 1461/1461 1419/1419
f 2078/2078 2046/2046 2497/2497
f 1451/1451 1488/1488 1461/1461
f 1488/1488 1451/1451 1470/1470
f 1461/1461 1488/1488 1468/1468
f 2496/2496 2497/2497 2040/2040
f 1465/1465 1419/1419 1461/1461
f 1465/1465 1461/1461 1468/1468
f 1443/1443 1428/1428 2048/2048
f 1460/1460 1470/1470 1451/1451
f 1471/1471 1460/1460 2418/2418
f 1477/1477 1471/1471 2418/2418
f 1940/1940 1871/1871 1817/1817
f 1471/1471 1484/1484 1470/1470
f 1471/1471 1477/1477 1479/1479
f 1941/1941 1940/1940 2498/2498
f 1934/1934 1940/1940 1817/1817
f 2498/2498 1940/1940 1934/1934
f 2498/2498 1934/1934 1930/1930
f 2062/2062 1415/1415 2058/2058
f 1956/1956 1941/1941 2499/2499
f 2499/2499 1941/1941 2498/2498
f 1930/1930 1950/1950 2498/2498
f 2500/2500 2117/2117 2498/2498
f 2500/2500 2498/2498 1950/1950
f 2063/2063 2067/2067 2062/2062
f 1435/1435 2062/2062 2067/2067
f 1435/1435 2067/2067 2325/2325
f 2068/2068 2084/2084 2325/2325
f 2325/2325 2067/2067 2068/2068
f 2475/2475 2482/2482 2501/2501
f 2496/2496 2473/2473 2475/2475
f 2475/2475 2501/2501 2502/2502
f 1871/1871 1940/1940 1939/1939
f 2482/2482 2484/2484 2501/2501
f 2484/2484 2483/2483 2209/2209
f 2502/2502 2501/2501 2484/2484
f 1939/1939 1955/1955 2494/2494
f 2211/2211 2484/2484 2209/2209
f 2211/2211 2502/2502 2484/2484
f 2503/2503 2496/2496 2475/2475
f 2503/2503 2475/2475 2502/2502
f 2504/2504 2503/2503 2502/2502
f 2216/2216 2502/2502 2211/2211
f 2216/2216 2504/2504 2502/2502
f 2496/2496 2503/2503 2505/2505
f 2505/2505 2503/2503 2504/2504
f 2505/2505 2504/2504 2506/2506
f 2505/2505 2506/2506 2507/2507
f 2506/2506 2504/2504 2216/2216
f 2506/2506 2216/2216 2238/2238
f 2497/2497 2496/2496 2505/2505
f 2507/2507 2497/2497 2505/2505
f 2497/2497 2507/2507 2078/2078
f 2508/2508 2507/2507 2506/2506
f 2242/2242 2506/2506 2238/2238
f 2509/2509 2506/2506 2242/2242
f 2508/2508 2506/2506 2509/2509
f 1204/1204 2309/2309 2311/2311
f 1204/1204 2311/2311 1291/1291
f 2078/2078 2510/2510 2511/2511
f 2084/2084 2078/2078 2511/2511
f 2510/2510 2078/2078 2507/2507
f 1209/1209 1245/1245 1223/1223
f 2510/2510 2507/2507 2508/2508
f 2512/2512 2510/2510 2508/2508
f 2512/2512 2508/2508 2509/2509
f 2254/2254 2509/2509 2242/2242
f 1654/1654 1679/1679 1209/1209
f 2509/2509 2254/2254 2512/2512
f 2510/2510 2512/2512 2513/2513
f 2514/2514 2254/2254 2266/2266
f 2512/2512 2254/2254 2514/2514
f 1679/1679 1654/1654 1672/1672
f 1305/1305 1345/1345 1672/1672
f 2325/2325 2084/2084 1500/1500
f 1500/1500 2084/2084 2511/2511
f 1500/1500 2511/2511 1517/1517
f 1517/1517 2511/2511 2515/2515
f 1517/1517 2515/2515 2348/2348
f 2515/2515 2511/2511 2510/2510
f 2513/2513 2515/2515 2510/2510
f 1672/1672 1684/1684 1679/1679
f 2512/2512 2516/2516 2513/2513
f 2515/2515 2513/2513 2517/2517
f 2513/2513 2516/2516 2517/2517
f 2514/2514 2516/2516 2512/2512
f 2514/2514 2266/2266 2275/2275
f 2353/2353 2514/2514 2275/2275
f 2348/2348 2515/2515 2517/2517
f 2352/2352 2517/2517 2516/2516
f 2348/2348 2517/2517 2352/2352
f 2353/2353 2352/2352 2516/2516
f 2353/2353 2516/2516 2514/2514
f 2279/2279 2353/2353 2275/2275
f 1345/1345 1684/1684 1672/1672
f 2098/2098 2090/2090 2109/2109
f 2159/2159 2098/2098 2109/2109
f 2116/2116 2115/2115 2121/2121
f 2116/2116 2121/2121 2518/2518
f 2159/2159 2109/2109 2116/2116
f 2519/2519 2159/2159 2116/2116
f 2519/2519 2116/2116 2518/2518
f 2071/2071 2065/2065 2066/2066
f 2113/2113 2520/2520 2121/2121
f 2066/2066 2076/2076 2071/2071
f 2520/2520 2518/2518 2121/2121
f 2521/2521 2518/2518 2520/2520
f 2074/2074 1852/1852 2477/2477
f 2074/2074 2076/2076 1852/1852
f 2522/2522 2518/2518 2521/2521
f 2523/2523 2522/2522 2521/2521
f 2074/2074 2075/2075 2076/2076
f 2523/2523 2521/2521 853/853
f 2079/2079 2074/2074 2477/2477
f 2074/2074 2079/2079 2057/2057
f 2085/2085 2524/2524 2493/2493
f 2477/2477 2476/2476 2493/2493
f 2477/2477 2493/2493 2524/2524
f 2524/2524 2525/2525 2477/2477
f 2527/2527 2520/2520 2113/2113
f 2079/2079 2477/2477 2525/2525
f 2529/2529 2520/2520 2527/2527
f 2526/2526 2114/2114 2142/2142
f 2092/2092 2079/2079 2525/2525
f 2530/2530 2526/2526 2142/2142
f 2524/2524 2531/2531 2525/2525
f 2530/2530 2142/2142 2532/2532
f 2146/2146 2532/2532 2142/2142
f 2521/2521 2520/2520 2529/2529
f 853/853 2521/2521 2529/2529
f 2081/2081 1883/1883 2494/2494
f 867/867 2533/2533 2145/2145
f 1955/1955 2081/2081 2494/2494
f 870/870 2533/2533 867/867
f 870/870 2528/2528 2533/2533
f 854/854 2528/2528 870/870
f 2081/2081 2534/2534 2531/2531
f 2534/2534 2081/2081 2082/2082
f 2081/2081 2524/2524 2085/2085
f 2531/2531 2524/2524 2081/2081
f 2097/2097 2525/2525 2531/2531
f 2531/2531 2104/2104 2097/2097
f 2098/2098 2157/2157 2095/2095
f 2525/2525 2097/2097 2092/2092
f 2535/2535 2534/2534 2082/2082
f 2101/2101 2104/2104 2534/2534
f 2101/2101 2534/2534 2535/2535
f 2101/2101 2203/2203 2102/2102
f 2531/2531 2534/2534 2104/2104
f 2100/2100 2104/2104 2101/2101
f 2096/2096 2104/2104 2100/2100
f 2536/2536 2164/2164 2166/2166
f 2167/2167 2164/2164 2519/2519
f 2519/2519 2518/2518 2167/2167
f 2164/2164 2159/2159 2519/2519
f 2167/2167 2518/2518 2522/2522
f 2167/2167 2522/2522 2537/2537
f 2522/2522 2523/2523 2537/2537
f 2246/2246 1821/1821 2538/2538
f 2538/2538 1821/1821 1830/1830
f 2538/2538 1830/1830 2539/2539
f 2538/2538 2539/2539 1979/1979
f 2537/2537 2166/2166 2167/2167
f 1830/1830 1836/1836 2539/2539
f 2539/2539 1836/1836 2540/2540
f 1979/1979 2539/2539 2540/2540
f 2498/2498 2117/2117 2499/2499
f 2541/2541 2537/2537 2523/2523
f 2541/2541 2523/2523 2542/2542
f 1956/1956 2499/2499 2117/2117
f 2543/2543 2464/2464 2158/2158
f 2164/2164 2543/2543 2158/2158
f 1840/1840 2544/2544 1836/1836
f 2544/2544 2540/2540 1836/1836
f 2545/2545 2540/2540 2544/2544
f 2500/2500 2120/2120 2117/2117
f 2543/2543 2469/2469 2464/2464
f 2545/2545 2544/2544 1844/1844
f 2543/2543 2164/2164 2536/2536
f 1844/1844 2544/2544 1840/1840
f 2120/2120 2124/2124 2119/2119
f 2546/2546 2536/2536 2547/2547
f 2547/2547 2536/2536 2166/2166
f 2125/2125 2202/2202 2118/2118
f 2478/2478 2469/2469 2543/2543
f 2548/2548 2202/2202 2125/2125
f 2478/2478 2543/2543 2536/2536
f 2545/2545 1844/1844 2549/2549
f 2545/2545 2549/2549 1988/1988
f 2478/2478 2536/2536 2550/2550
f 2551/2551 2125/2125 2124/2124
f 2479/2479 2478/2478 2550/2550
f 2481/2481 2479/2479 2550/2550
f 1988/1988 2549/2549 1989/1989
f 2481/2481 2550/2550 2210/2210
f 2546/2546 2210/2210 2550/2550
f 2550/2550 2536/2536 2546/2546
f 2547/2547 2166/2166 2537/2537
f 2552/2552 2553/2553 2554/2554
f 1950/1950 1952/1952 2555/2555
f 2555/2555 1952/1952 2130/2130
f 2130/2130 1952/1952 1954/1954
f 2555/2555 2130/2130 2120/2120
f 2134/2134 2120/2120 2130/2130
f 2555/2555 2500/2500 1950/1950
f 2120/2120 2500/2500 2555/2555
f 2124/2124 2120/2120 2134/2134
f 2542/2542 2523/2523 853/853
f 852/852 2542/2542 853/853
f 1889/1889 2556/2556 1880/1880
f 1945/1945 2553/2553 1954/1954
f 855/855 854/854 870/870
f 1880/1880 2556/2556 1844/1844
f 2556/2556 2549/2549 1844/1844
f 855/855 870/870 869/869
f 2556/2556 1889/1889 1893/1893
f 2131/2131 1954/1954 2553/2553
f 1892/1892 1894/1894 1889/1889
f 2549/2549 2556/2556 1989/1989
f 1989/1989 2556/2556 1893/1893
f 2553/2553 2552/2552 2131/2131
f 1989/1989 1893/1893 1226/1226
f 1226/1226 1893/1893 1227/1227
f 2557/2557 2134/2134 2135/2135
f 859/859 869/869 983/983
f 859/859 855/855 869/869
f 983/983 869/869 871/871
f 878/878 859/859 983/983
f 2558/2558 2124/2124 2134/2134
f 2557/2557 2558/2558 2134/2134
f 2206/2206 857/857 859/859
f 2131/2131 2552/2552 2135/2135
f 859/859 883/883 2206/2206
f 2178/2178 2135/2135 2552/2552
f 2135/2135 2177/2177 2557/2557
f 2559/2559 2557/2557 2177/2177
f 2177/2177 2135/2135 2178/2178
f 2481/2481 2210/2210 2209/2209
f 2212/2212 2210/2210 2546/2546
f 2212/2212 2208/2208 2210/2210
f 2560/2560 2546/2546 2547/2547
f 2212/2212 2546/2546 2560/2560
f 2212/2212 2560/2560 2222/2222
f 2222/2222 2213/2213 2212/2212
f 2560/2560 2547/2547 2537/2537
f 2560/2560 2537/2537 2541/2541
f 2541/2541 2224/2224 2560/2560
f 2541/2541 2542/2542 852/852
f 852/852 2230/2230 2541/2541
f 2224/2224 2541/2541 2230/2230
f 2222/2222 2560/2560 2224/2224
f 2226/2226 2224/2224 2230/2230
f 2125/2125 2551/2551 2548/2548
f 2548/2548 2551/2551 2561/2561
f 2562/2562 2551/2551 2124/2124
f 2231/2231 851/851 857/857
f 2206/2206 2231/2231 857/857
f 2153/2153 2561/2561 2551/2551
f 2551/2551 2176/2176 2154/2154
f 2153/2153 2551/2551 2154/2154
f 2246/2246 2240/2240 943/943
f 1821/1821 2246/2246 943/943
f 949/949 2246/2246 2538/2538
f 2558/2558 2562/2562 2124/2124
f 2558/2558 2557/2557 2559/2559
f 2562/2562 2558/2558 2563/2563
f 2563/2563 2558/2558 2559/2559
f 2176/2176 2551/2551 2562/2562
f 2562/2562 2563/2563 2176/2176
f 871/871 866/866 980/980
f 2563/2563 2188/2188 2176/2176
f 2559/2559 2180/2180 2564/2564
f 871/871 981/981 983/983
f 2180/2180 2559/2559 2177/2177
f 981/981 871/871 980/980
f 2563/2563 2559/2559 2564/2564
f 981/981 944/944 986/986
f 983/983 981/981 986/986
f 2563/2563 2564/2564 2565/2565
f 2564/2564 2566/2566 2565/2565
f 2181/2181 2566/2566 2180/2180
f 2564/2564 2180/2180 2566/2566
f 2188/2188 2563/2563 2567/2567
f 878/878 983/983 1176/1176
f 2567/2567 2563/2563 2565/2565
f 994/994 986/986 979/979
f 983/983 986/986 994/994
f 2567/2567 2192/2192 2191/2191
f 2192/2192 2567/2567 2565/2565
f 2565/2565 2568/2568 2192/2192
f 2205/2205 994/994 978/978
f 2188/2188 2567/2567 2185/2185
f 2567/2567 2191/2191 2185/2185
f 994/994 1176/1176 983/983
f 1176/1176 994/994 2205/2205
f 2205/2205 1029/1029 1176/1176
f 2249/2249 949/949 2538/2538
f 2249/2249 2538/2538 1978/1978
f 1978/1978 2538/2538 1979/1979
f 950/950 2249/2249 1978/1978
f 1955/1955 1956/1956 2201/2201
f 2118/2118 2201/2201 1956/1956
f 2535/2535 2082/2082 2201/2201
f 950/950 1978/1978 1020/1020
f 2569/2569 2535/2535 2201/2201
f 1020/1020 966/966 950/950
f 2204/2204 2203/2203 2570/2570
f 2101/2101 2535/2535 2203/2203
f 2203/2203 2535/2535 2569/2569
f 1979/1979 2540/2540 1980/1980
f 2540/2540 2545/2545 1986/1986
f 2569/2569 2201/2201 2202/2202
f 1980/1980 2540/2540 1986/1986
f 2570/2570 2203/2203 2569/2569
f 1020/1020 1978/1978 1983/1983
f 2569/2569 2548/2548 2570/2570
f 2569/2569 2202/2202 2548/2548
f 2548/2548 2204/2204 2570/2570
f 2548/2548 2561/2561 2204/2204
f 2204/2204 2561/2561 2153/2153
f 1982/1982 1984/1984 1983/1983
f 1992/1992 1984/1984 1982/1982
f 1980/1980 1986/1986 1982/1982
f 1986/1986 2545/2545 1988/1988
f 1982/1982 1986/1986 1985/1985
f 1989/1989 1226/1226 1201/1201
f 1987/1987 1990/1990 1985/1985
f 1992/1992 1985/1985 2571/2571
f 2572/2572 1984/1984 1992/1992
f 2573/2573 2301/2301 2572/2572
f 1992/1992 2573/2573 2572/2572
f 1990/1990 2571/2571 1985/1985
f 2571/2571 2573/2573 1992/1992
f 1994/1994 2301/2301 2573/2573
f 2571/2571 1990/1990 2574/2574
f 2571/2571 2574/2574 2573/2573
f 2574/2574 1994/1994 2573/2573
f 2574/2574 1207/1207 1994/1994
f 2321/2321 1207/1207 2574/2574
f 1995/1995 2574/2574 1990/1990
f 2321/2321 2574/2574 1995/1995
f 2572/2572 2301/2301 1984/1984
f 2004/2004 2301/2301 1994/1994
f 1072/1072 1074/1074 1280/1280
f 1078/1078 1072/1072 2310/2310
f 2575/2575 2576/2576 2577/2577
f 2578/2578 190/190 185/185
f 187/187 2578/2578 185/185
f 2579/2579 2580/2580 2581/2581
f 2575/2575 2577/2577 2581/2581
f 2578/2578 2583/2583 190/190
f 2581/2581 2584/2584 2579/2579
f 2576/2576 2584/2584 2577/2577
f 2577/2577 2584/2584 2581/2581
f 2583/2583 181/181 190/190
f 2585/2585 2587/2587 2586/2586
f 2588/2588 2585/2585 2589/2589
f 181/181 2583/2583 227/227
f 2583/2583 2590/2590 227/227
f 2584/2584 2591/2591 2579/2579
f 2592/2592 2591/2591 2584/2584
f 2593/2593 2591/2591 2594/2594
f 2595/2595 2585/2585 2588/2588
f 2587/2587 2585/2585 2595/2595
f 2590/2590 2597/2597 227/227
f 2576/2576 2598/2598 2592/2592
f 2576/2576 2592/2592 2584/2584
f 217/217 214/214 2597/2597
f 214/214 227/227 2597/2597
f 2588/2588 2599/2599 2595/2595
f 2592/2592 2594/2594 2591/2591
f 2600/2600 2595/2595 2599/2599
f 2594/2594 2592/2592 2601/2601
f 2602/2602 2582/2582 2603/2603
f 2594/2594 2604/2604 2593/2593
f 2605/2605 2604/2604 2594/2594
f 4361/4361 2597/2597 2606/2606
f 2607/2607 2587/2587 2595/2595
f 2609/2609 2610/2610 2611/2611
f 2595/2595 2611/2611 2610/2610
f 2597/2597 4361/4361 2608/2608
f 2607/2607 2595/2595 2610/2610
f 2609/2609 2612/2612 2610/2610
f 2614/2614 2613/2613 2609/2609
f 347/347 500/500 473/473
f 2613/2613 2614/2614 2615/2615
f 2609/2609 2613/2613 2612/2612
f 2616/2616 2603/2603 2582/2582
f 280/280 267/267 2617/2617
f 267/267 2618/2618 2617/2617
f 2612/2612 2607/2607 2610/2610
f 277/277 280/280 335/335
f 280/280 2617/2617 335/335
f 2617/2617 2619/2619 335/335
f 2620/2620 335/335 2619/2619
f 2616/2616 2582/2582 2596/2596
f 2621/2621 2620/2620 2619/2619
f 290/290 215/215 217/217
f 493/493 500/500 2623/2623
f 2607/2607 2622/2622 2587/2587
f 2616/2616 2625/2625 2603/2603
f 2607/2607 2626/2626 2622/2622
f 290/290 217/217 2628/2628
f 2629/2629 2628/2628 217/217
f 2597/2597 2629/2629 217/217
f 2630/2630 2631/2631 2586/2586
f 2623/2623 500/500 2624/2624
f 2586/2586 2631/2631 2632/2632
f 2596/2596 2633/2633 2616/2616
f 267/267 289/289 2618/2618
f 2618/2618 289/289 2628/2628
f 289/289 290/290 2628/2628
f 2616/2616 2633/2633 2634/2634
f 2628/2628 2619/2619 2617/2617
f 2629/2629 2619/2619 2628/2628
f 2618/2618 2628/2628 2617/2617
f 2627/2627 2623/2623 2624/2624
f 2629/2629 2621/2621 2619/2619
f 2629/2629 2597/2597 2635/2635
f 545/545 527/527 493/493
f 2636/2636 1962/1962 535/535
f 2638/2638 2636/2636 545/545
f 2636/2636 2638/2638 2639/2639
f 2597/2597 2608/2608 2635/2635
f 531/531 545/545 2636/2636
f 535/535 531/531 2636/2636
f 1962/1962 2636/2636 2639/2639
f 2640/2640 2632/2632 2631/2631
f 545/545 2641/2641 2638/2638
f 2641/2641 2642/2642 2638/2638
f 2629/2629 2635/2635 2643/2643
f 2639/2639 2638/2638 2642/2642
f 2625/2625 2616/2616 2634/2634
f 2643/2643 2621/2621 2629/2629
f 2644/2644 1962/1962 2639/2639
f 2644/2644 2639/2639 2642/2642
f 2645/2645 2625/2625 2634/2634
f 2644/2644 2642/2642 2646/2646
f 2647/2647 2634/2634 2648/2648
f 2644/2644 2646/2646 2650/2650
f 2643/2643 2635/2635 2651/2651
f 2634/2634 2652/2652 2645/2645
f 2647/2647 2652/2652 2634/2634
f 2599/2599 2625/2625 2645/2645
f 2652/2652 2653/2653 2654/2654
f 2654/2654 2645/2645 2652/2652
f 2655/2655 2654/2654 2656/2656
f 2645/2645 2654/2654 2657/2657
f 2654/2654 2655/2655 2657/2657
f 2649/2649 2631/2631 2630/2630
f 545/545 493/493 2641/2641
f 2600/2600 2599/2599 2645/2645
f 2641/2641 493/493 2623/2623
f 2657/2657 2600/2600 2645/2645
f 335/335 2620/2620 326/326
f 2631/2631 2658/2658 2640/2640
f 2655/2655 2659/2659 2660/2660
f 2657/2657 2661/2661 2600/2600
f 347/347 326/326 2662/2662
f 2655/2655 2661/2661 2657/2657
f 2649/2649 2630/2630 2587/2587
f 2587/2587 2622/2622 2649/2649
f 2611/2611 2600/2600 2661/2661
f 2595/2595 2600/2600 2611/2611
f 2655/2655 2660/2660 2661/2661
f 2641/2641 2623/2623 2663/2663
f 2661/2661 2660/2660 2611/2611
f 2609/2609 2611/2611 2660/2660
f 2660/2660 2664/2664 2665/2665
f 2660/2660 2665/2665 2609/2609
f 2665/2665 2614/2614 2609/2609
f 347/347 473/473 341/341
f 2666/2666 2663/2663 2623/2623
f 2613/2613 2615/2615 2667/2667
f 2668/2668 2607/2607 2612/2612
f 2668/2668 2612/2612 2669/2669
f 2632/2632 2670/2670 2604/2604
f 2668/2668 2669/2669 2672/2672
f 2604/2604 2670/2670 2673/2673
f 2612/2612 2613/2613 2669/2669
f 2667/2667 2669/2669 2613/2613
f 2674/2674 2663/2663 2666/2666
f 2674/2674 2666/2666 2675/2675
f 2669/2669 2667/2667 2676/2676
f 2667/2667 2677/2677 2676/2676
f 2669/2669 2676/2676 2672/2672
f 2677/2677 2678/2678 2679/2679
f 2676/2676 2677/2677 2679/2679
f 347/347 2671/2671 500/500
f 2676/2676 2680/2680 2672/2672
f 2676/2676 2679/2679 2680/2680
f 2681/2681 2680/2680 2679/2679
f 2681/2681 2679/2679 2682/2682
f 2642/2642 2641/2641 2674/2674
f 2683/2683 2681/2681 2682/2682
f 2674/2674 2641/2641 2663/2663
f 2684/2684 2662/2662 326/326
f 2670/2670 2685/2685 2673/2673
f 2642/2642 2674/2674 2646/2646
f 2620/2620 2684/2684 326/326
f 2620/2620 2686/2686 2684/2684
f 2620/2620 2621/2621 2686/2686
f 2621/2621 2643/2643 2686/2686
f 2622/2622 2688/2688 2687/2687
f 2689/2689 2687/2687 2688/2688
f 2607/2607 2668/2668 2626/2626
f 2671/2671 347/347 2662/2662
f 2626/2626 2668/2668 2672/2672
f 2688/2688 2622/2622 2626/2626
f 2662/2662 2684/2684 2690/2690
f 2672/2672 2688/2688 2626/2626
f 2684/2684 2686/2686 2690/2690
f 2672/2672 2691/2691 2688/2688
f 2666/2666 2623/2623 2627/2627
f 2627/2627 2692/2692 2666/2666
f 2689/2689 2688/2688 2691/2691
f 2693/2693 2689/2689 2691/2691
f 2691/2691 2694/2694 2693/2693
f 2672/2672 2680/2680 2691/2691
f 2695/2695 2662/2662 2690/2690
f 2680/2680 2681/2681 2691/2691
f 2651/2651 2695/2695 2690/2690
f 2691/2691 2681/2681 2694/2694
f 2643/2643 2690/2690 2686/2686
f 2690/2690 2643/2643 2651/2651
f 2681/2681 2683/2683 2694/2694
f 2591/2591 2627/2627 2580/2580
f 2632/2632 2637/2637 2670/2670
f 2692/2692 2627/2627 2591/2591
f 2602/2602 2603/2603 2697/2697
f 2698/2698 2699/2699 2687/2687
f 2687/2687 2689/2689 2698/2698
f 2700/2700 2694/2694 2683/2683
f 2694/2694 2700/2700 2693/2693
f 2674/2674 2675/2675 2646/2646
f 2675/2675 2701/2701 2646/2646
f 2702/2702 2693/2693 2700/2700
f 2671/2671 2703/2703 500/500
f 2693/2693 2698/2698 2689/2689
f 2671/2671 2704/2704 2703/2703
f 2698/2698 2693/2693 2705/2705
f 2692/2692 2675/2675 2666/2666
f 2697/2697 2603/2603 2706/2706
f 2675/2675 2692/2692 2707/2707
f 2693/2693 2702/2702 2708/2708
f 2675/2675 2707/2707 2701/2701
f 2702/2702 2709/2709 2708/2708
f 2703/2703 2704/2704 2711/2711
f 2693/2693 2708/2708 2705/2705
f 2714/2714 2707/2707 2692/2692
f 2695/2695 2671/2671 2662/2662
f 2707/2707 2714/2714 2715/2715
f 2717/2717 2708/2708 2713/2713
f 2705/2705 2708/2708 2718/2718
f 2695/2695 2651/2651 2719/2719
f 2717/2717 2718/2718 2708/2708
f 2591/2591 2714/2714 2692/2692
f 2592/2592 2598/2598 2601/2601
f 2671/2671 2695/2695 2719/2719
f 2715/2715 2701/2701 2707/2707
f 2594/2594 2601/2601 2605/2605
f 2673/2673 2701/2701 2715/2715
f 2649/2649 2658/2658 2631/2631
f 2720/2720 2658/2658 2649/2649
f 2646/2646 2701/2701 2650/2650
f 2721/2721 2598/2598 2697/2697
f 2721/2721 2601/2601 2598/2598
f 2673/2673 2650/2650 2701/2701
f 2722/2722 2635/2635 2608/2608
f 2721/2721 2605/2605 2601/2601
f 2687/2687 2649/2649 2622/2622
f 2593/2593 2714/2714 2591/2591
f 2687/2687 2725/2725 2649/2649
f 2715/2715 2714/2714 2593/2593
f 2586/2586 2727/2727 2721/2721
f 2706/2706 2721/2721 2697/2697
f 2706/2706 2726/2726 2721/2721
f 2586/2586 2721/2721 2726/2726
f 2605/2605 2721/2721 2727/2727
f 2582/2582 2651/2651 2635/2635
f 2699/2699 2725/2725 2687/2687
f 2715/2715 2593/2593 2604/2604
f 2673/2673 2715/2715 2604/2604
f 2722/2722 2582/2582 2635/2635
f 2720/2720 2649/2649 2725/2725
f 2650/2650 2673/2673 2724/2724
f 2728/2728 2699/2699 2705/2705
f 2729/2729 2725/2725 2699/2699
f 2603/2603 2625/2625 2706/2706
f 2699/2699 2728/2728 2729/2729
f 2730/2730 2729/2729 2728/2728
f 2731/2731 2730/2730 2728/2728
f 2705/2705 2731/2731 2728/2728
f 2706/2706 2625/2625 2589/2589
f 2698/2698 2705/2705 2699/2699
f 2585/2585 2726/2726 2706/2706
f 2585/2585 2706/2706 2589/2589
f 2585/2585 2586/2586 2726/2726
f 2582/2582 2722/2722 2596/2596
f 2729/2729 2723/2723 2725/2725
f 2703/2703 2624/2624 500/500
f 2723/2723 2720/2720 2725/2725
f 2730/2730 2723/2723 2729/2729
f 2732/2732 2723/2723 2730/2730
f 2720/2720 2723/2723 2732/2732
f 2733/2733 2624/2624 2703/2703
f 2604/2604 2605/2605 2727/2727
f 2734/2734 2732/2732 2730/2730
f 2730/2730 2731/2731 2734/2734
f 2735/2735 2624/2624 2733/2733
f 2736/2736 2734/2734 2731/2731
f 2737/2737 2711/2711 2704/2704
f 2737/2737 2704/2704 2738/2738
f 2703/2703 2711/2711 2733/2733
f 2737/2737 2733/2733 2711/2711
f 2719/2719 2651/2651 2739/2739
f 2696/2696 2739/2739 2651/2651
f 2734/2734 2740/2740 2732/2732
f 2732/2732 2740/2740 2720/2720
f 2719/2719 2739/2739 2738/2738
f 2733/2733 2737/2737 2741/2741
f 2741/2741 2735/2735 2733/2733
f 2735/2735 2627/2627 2624/2624
f 2719/2719 2738/2738 2671/2671
f 2738/2738 2704/2704 2671/2671
f 2718/2718 2731/2731 2705/2705
f 2742/2742 2718/2718 2717/2717
f 2743/2743 2716/2716 2744/2744
f 2696/2696 2737/2737 2738/2738
f 2738/2738 2739/2739 2696/2696
f 2744/2744 2745/2745 2743/2743
f 2604/2604 2727/2727 2632/2632
f 2718/2718 2742/2742 2746/2746
f 2741/2741 2737/2737 2748/2748
f 2745/2745 2747/2747 2743/2743
f 2745/2745 2749/2749 2750/2750
f 2718/2718 2751/2751 2731/2731
f 2753/2753 2735/2735 2741/2741
f 2735/2735 2753/2753 2752/2752
f 2748/2748 2753/2753 2741/2741
f 2718/2718 2746/2746 2751/2751
f 2753/2753 2575/2575 2752/2752
f 2748/2748 2575/2575 2753/2753
f 2586/2586 2632/2632 2727/2727
f 2576/2576 2575/2575 2748/2748
f 2751/2751 2755/2755 2756/2756
f 2750/2750 2747/2747 2745/2745
f 2754/2754 2747/2747 2750/2750
f 2696/2696 2582/2582 2602/2602
f 2746/2746 2755/2755 2751/2751
f 2757/2757 2754/2754 2750/2750
f 2735/2735 2752/2752 2627/2627
f 2758/2758 2734/2734 2736/2736
f 2752/2752 2580/2580 2627/2627
f 2696/2696 2602/2602 2576/2576
f 2580/2580 2752/2752 2575/2575
f 2758/2758 2740/2740 2734/2734
f 2580/2580 2575/2575 2581/2581
f 2740/2740 2758/2758 2759/2759
f 2580/2580 2579/2579 2591/2591
f 2759/2759 2758/2758 2760/2760
f 2760/2760 2758/2758 2736/2736
f 2760/2760 2736/2736 2761/2761
f 2696/2696 2576/2576 2737/2737
f 2576/2576 2748/2748 2737/2737
f 2751/2751 2736/2736 2731/2731
f 2756/2756 2736/2736 2751/2751
f 2762/2762 2756/2756 2755/2755
f 2761/2761 2736/2736 2756/2756
f 2756/2756 2762/2762 2761/2761
f 2757/2757 2763/2763 2754/2754
f 2586/2586 2587/2587 2630/2630
f 2582/2582 2696/2696 2651/2651
f 2765/2765 2760/2760 2761/2761
f 2599/2599 2589/2589 2625/2625
f 2602/2602 2598/2598 2576/2576
f 2598/2598 2602/2602 2697/2697
f 2762/2762 2765/2765 2761/2761
f 2765/2765 2762/2762 2767/2767
f 2763/2763 2768/2768 2766/2766
f 2589/2589 2599/2599 2588/2588
f 2768/2768 2769/2769 2766/2766
f 2771/2771 2769/2769 2768/2768
f 2772/2772 2763/2763 2764/2764
f 2763/2763 2772/2772 2768/2768
f 2773/2773 2757/2757 2750/2750
f 2763/2763 2757/2757 2764/2764
f 2774/2774 2768/2768 2772/2772
f 2774/2774 2771/2771 2768/2768
f 2775/2775 2776/2776 3239/3239
f 1065/1065 1061/1061 1062/1062
f 1065/1065 1062/1062 2778/2778
f 2779/2779 1064/1064 1065/1065
f 2779/2779 2780/2780 1064/1064
f 2291/2291 1064/1064 2780/2780
f 1861/1861 2781/2781 2783/2783
f 1238/1238 2782/2782 1257/1257
f 2650/2650 2781/2781 1861/1861
f 1876/1876 1861/1861 2783/2783
f 1341/1341 1257/1257 2782/2782
f 2783/2783 2784/2784 1876/1876
f 2785/2785 1341/1341 2782/2782
f 3003/3003 1341/1341 2785/2785
f 2787/2787 2788/2788 2777/2777
f 2791/2791 2788/2788 2787/2787
f 1876/1876 2784/2784 1118/1118
f 2787/2787 2777/2777 2786/2786
f 1911/1911 1321/1321 1341/1341
f 2793/2793 1911/1911 1341/1341
f 2650/2650 2724/2724 2781/2781
f 1341/1341 2794/2794 2793/2793
f 2784/2784 2783/2783 2790/2790
f 1911/1911 2793/2793 1914/1914
f 2790/2790 2783/2783 2795/2795
f 2795/2795 2783/2783 2789/2789
f 1914/1914 2793/2793 2797/2797
f 2796/2796 2781/2781 2724/2724
f 2797/2797 2793/2793 2798/2798
f 2796/2796 2724/2724 2799/2799
f 1914/1914 2797/2797 1944/1944
f 2637/2637 2800/2800 2786/2786
f 2128/2128 1944/1944 2797/2797
f 2640/2640 2800/2800 2637/2637
f 2128/2128 2797/2797 2801/2801
f 2796/2796 2799/2799 2802/2802
f 2797/2797 2798/2798 2801/2801
f 2790/2790 2795/2795 2803/2803
f 2786/2786 2800/2800 2804/2804
f 2789/2789 2806/2806 2795/2795
f 2807/2807 2808/2808 2787/2787
f 2809/2809 2128/2128 2801/2801
f 2807/2807 2787/2787 2786/2786
f 2810/2810 2552/2552 2554/2554
f 2554/2554 2811/2811 2812/2812
f 2554/2554 2812/2812 2810/2810
f 2179/2179 2810/2810 2812/2812
f 2808/2808 2807/2807 2813/2813
f 2814/2814 2809/2809 2801/2801
f 2815/2815 2809/2809 2814/2814
f 2814/2814 2816/2816 2817/2817
f 2818/2818 2196/2196 2187/2187
f 2196/2196 2818/2818 2819/2819
f 2815/2815 2554/2554 2809/2809
f 2820/2820 2813/2813 2807/2807
f 2810/2810 2178/2178 2552/2552
f 2179/2179 2178/2178 2810/2810
f 2821/2821 2813/2813 2820/2820
f 1062/1062 1053/1053 1051/1051
f 2823/2823 1050/1050 2196/2196
f 2821/2821 2820/2820 2824/2824
f 2778/2778 1062/1062 1051/1051
f 2801/2801 2798/2798 2825/2825
f 2823/2823 2196/2196 2819/2819
f 2778/2778 1051/1051 2822/2822
f 2827/2827 2778/2778 2822/2822
f 2828/2828 2825/2825 2798/2798
f 2829/2829 2823/2823 2819/2819
f 2826/2826 2823/2823 2829/2829
f 2814/2814 2801/2801 2825/2825
f 2816/2816 2814/2814 2825/2825
f 2181/2181 2812/2812 2830/2830
f 2831/2831 2181/2181 2830/2830
f 2781/2781 2789/2789 2783/2783
f 2815/2815 2814/2814 2817/2817
f 2796/2796 2789/2789 2781/2781
f 2195/2195 2192/2192 2833/2833
f 2834/2834 2195/2195 2833/2833
f 2835/2835 2836/2836 2816/2816
f 2836/2836 2817/2817 2816/2816
f 2825/2825 2835/2835 2816/2816
f 2838/2838 2839/2839 2840/2840
f 1138/1138 1145/1145 2837/2837
f 2842/2842 2841/2841 2800/2800
f 1138/1138 2843/2843 1189/1189
f 1145/1145 2832/2832 2837/2837
f 2807/2807 2786/2786 2844/2844
f 2845/2845 2837/2837 2832/2832
f 1138/1138 2837/2837 2843/2843
f 2846/2846 2843/2843 2837/2837
f 2843/2843 2846/2846 2847/2847
f 2849/2849 2845/2845 2850/2850
f 2845/2845 2849/2849 2851/2851
f 2851/2851 2852/2852 2846/2846
f 2846/2846 2852/2852 2847/2847
f 2847/2847 2852/2852 2853/2853
f 2851/2851 2837/2837 2845/2845
f 2851/2851 2846/2846 2837/2837
f 2841/2841 2804/2804 2800/2800
f 2854/2854 2855/2855 2856/2856
f 2855/2855 2858/2858 2856/2856
f 2853/2853 2852/2852 2860/2860
f 2861/2861 2854/2854 2863/2863
f 2856/2856 2863/2863 2854/2854
f 2864/2864 2865/2865 2862/2862
f 2862/2862 2857/2857 2864/2864
f 2849/2849 2852/2852 2851/2851
f 2867/2867 2860/2860 2852/2852
f 2841/2841 2855/2855 2854/2854
f 2842/2842 2855/2855 2841/2841
f 2868/2868 2869/2869 2865/2865
f 2864/2864 2868/2868 2865/2865
f 2849/2849 2867/2867 2852/2852
f 2870/2870 2869/2869 2868/2868
f 2871/2871 2864/2864 2857/2857
f 2804/2804 2844/2844 2786/2786
f 2868/2868 2864/2864 2871/2871
f 2871/2871 2872/2872 2868/2868
f 2806/2806 2789/2789 2796/2796
f 1145/1145 1118/1118 2784/2784
f 2848/2848 2855/2855 2842/2842
f 2848/2848 2858/2858 2855/2855
f 2824/2824 2820/2820 2844/2844
f 2820/2820 2807/2807 2844/2844
f 2857/2857 2859/2859 2873/2873
f 2871/2871 2857/2857 2873/2873
f 1145/1145 2784/2784 2790/2790
f 2874/2874 2858/2858 2848/2848
f 2875/2875 2873/2873 2859/2859
f 2875/2875 2876/2876 2873/2873
f 2824/2824 2878/2878 2879/2879
f 2876/2876 2871/2871 2873/2873
f 2881/2881 1145/1145 2790/2790
f 2875/2875 2882/2882 2876/2876
f 2883/2883 2844/2844 2861/2861
f 2844/2844 2804/2804 2841/2841
f 1145/1145 2881/2881 2832/2832
f 2842/2842 2884/2884 2885/2885
f 2885/2885 2884/2884 2886/2886
f 2861/2861 2844/2844 2854/2854
f 2844/2844 2841/2841 2854/2854
f 2848/2848 2842/2842 2885/2885
f 2888/2888 2848/2848 2885/2885
f 2796/2796 2802/2802 2806/2806
f 2883/2883 2824/2824 2844/2844
f 2883/2883 2878/2878 2824/2824
f 2889/2889 2880/2880 2877/2877
f 2885/2885 2886/2886 2888/2888
f 2883/2883 2861/2861 2878/2878
f 2848/2848 2888/2888 2874/2874
f 2882/2882 2875/2875 2887/2887
f 2863/2863 2878/2878 2861/2861
f 2889/2889 2877/2877 2865/2865
f 2882/2882 2890/2890 2876/2876
f 2862/2862 2865/2865 2877/2877
f 2788/2788 2891/2891 2806/2806
f 2881/2881 2850/2850 2832/2832
f 2832/2832 2850/2850 2845/2845
f 2882/2882 2887/2887 2890/2890
f 2892/2892 2890/2890 2887/2887
f 2632/2632 2640/2640 2637/2637
f 2640/2640 2658/2658 2800/2800
f 2893/2893 2850/2850 2881/2881
f 2895/2895 2800/2800 2658/2658
f 2893/2893 2790/2790 2803/2803
f 2894/2894 2896/2896 2897/2897
f 2893/2893 2866/2866 2850/2850
f 2893/2893 2898/2898 2866/2866
f 2893/2893 2881/2881 2790/2790
f 2898/2898 2893/2893 2803/2803
f 2866/2866 2849/2849 2850/2850
f 2866/2866 2899/2899 2900/2900
f 2866/2866 2900/2900 2849/2849
f 1233/1233 2901/2901 1234/1234
f 2794/2794 2798/2798 2793/2793
f 1189/1189 1233/1233 1190/1190
f 2805/2805 2798/2798 2794/2794
f 2794/2794 2894/2894 2805/2805
f 1234/1234 2902/2902 1246/1246
f 1234/1234 2901/2901 2902/2902
f 2902/2902 1251/1251 1246/1246
f 2902/2902 2901/2901 2903/2903
f 2904/2904 2903/2903 2901/2901
f 1251/1251 2902/2902 2903/2903
f 2903/2903 2904/2904 2905/2905
f 2901/2901 1233/1233 2904/2904
f 1233/1233 2906/2906 2904/2904
f 2798/2798 2805/2805 2828/2828
f 2906/2906 1233/1233 1189/1189
f 2907/2907 2906/2906 1189/1189
f 2805/2805 2908/2908 2828/2828
f 2842/2842 2800/2800 2895/2895
f 2910/2910 2904/2904 2911/2911
f 2904/2904 2906/2906 2911/2911
f 2843/2843 2907/2907 1189/1189
f 2658/2658 2912/2912 2895/2895
f 2843/2843 2847/2847 2907/2907
f 2720/2720 2912/2912 2658/2658
f 2187/2187 1252/1252 1251/1251
f 2187/2187 1251/1251 2818/2818
f 2913/2913 2909/2909 2788/2788
f 2903/2903 2905/2905 1251/1251
f 2905/2905 2904/2904 2914/2914
f 2818/2818 1251/1251 2905/2905
f 2818/2818 2905/2905 2819/2819
f 2819/2819 2905/2905 2914/2914
f 2915/2915 2897/2897 2896/2896
f 1065/1065 2778/2778 2779/2779
f 2916/2916 2917/2917 2909/2909
f 2915/2915 2918/2918 2897/2897
f 2919/2919 2920/2920 2921/2921
f 2914/2914 2829/2829 2819/2819
f 2922/2922 2829/2829 2914/2914
f 2904/2904 2922/2922 2914/2914
f 2923/2923 2829/2829 2922/2922
f 2921/2921 2925/2925 2919/2919
f 2926/2926 2919/2919 2925/2925
f 2904/2904 2910/2910 2922/2922
f 2720/2720 2740/2740 2927/2927
f 2720/2720 2927/2927 2912/2912
f 2929/2929 2930/2930 2921/2921
f 2922/2922 2933/2933 2923/2923
f 2934/2934 2924/2924 2932/2932
f 2918/2918 2935/2935 2897/2897
f 2827/2827 2936/2936 2778/2778
f 2936/2936 2827/2827 2924/2924
f 2937/2937 2925/2925 2921/2921
f 2921/2921 2930/2930 2938/2938
f 2938/2938 2937/2937 2921/2921
f 2778/2778 2936/2936 2779/2779
f 2829/2829 2923/2923 2826/2826
f 2939/2939 2925/2925 2937/2937
f 2940/2940 2941/2941 2942/2942
f 2936/2936 2924/2924 2934/2934
f 2943/2943 2779/2779 2936/2936
f 2780/2780 2779/2779 2943/2943
f 2939/2939 2944/2944 2942/2942
f 2894/2894 2897/2897 2935/2935
f 2912/2912 2927/2927 2945/2945
f 2934/2934 2946/2946 2936/2936
f 2947/2947 2780/2780 2943/2943
f 2947/2947 2943/2943 2946/2946
f 2785/2785 2291/2291 2780/2780
f 2912/2912 2945/2945 2895/2895
f 2911/2911 2906/2906 2907/2907
f 2913/2913 2788/2788 2791/2791
f 2911/2911 2907/2907 2949/2949
f 2911/2911 2950/2950 2951/2951
f 2949/2949 2950/2950 2911/2911
f 2913/2913 2916/2916 2909/2909
f 2952/2952 2953/2953 2954/2954
f 2955/2955 2950/2950 2949/2949
f 2956/2956 2935/2935 2952/2952
f 2935/2935 2918/2918 2953/2953
f 2950/2950 2955/2955 2951/2951
f 2952/2952 2935/2935 2953/2953
f 2913/2913 2958/2958 2916/2916
f 2916/2916 2958/2958 2957/2957
f 2884/2884 2842/2842 2895/2895
f 2959/2959 2847/2847 2853/2853
f 2941/2941 2952/2952 2954/2954
f 2959/2959 2853/2853 2860/2860
f 2959/2959 2907/2907 2847/2847
f 2907/2907 2959/2959 2949/2949
f 2960/2960 2913/2913 2791/2791
f 2957/2957 2958/2958 2961/2961
f 2962/2962 2961/2961 2958/2958
f 2867/2867 2959/2959 2860/2860
f 2958/2958 2913/2913 2963/2963
f 2867/2867 2949/2949 2959/2959
f 2958/2958 2963/2963 2962/2962
f 2964/2964 2884/2884 2895/2895
f 2960/2960 2963/2963 2913/2913
f 2965/2965 2966/2966 2867/2867
f 2895/2895 2967/2967 2964/2964
f 2963/2963 2960/2960 2968/2968
f 2968/2968 2962/2962 2963/2963
f 2969/2969 2962/2962 2968/2968
f 2962/2962 2969/2969 2971/2971
f 2973/2973 2972/2972 2970/2970
f 2974/2974 2952/2952 2941/2941
f 2808/2808 2791/2791 2787/2787
f 2975/2975 2955/2955 2976/2976
f 2966/2966 2955/2955 2949/2949
f 2949/2949 2867/2867 2966/2966
f 2952/2952 2974/2974 2956/2956
f 2977/2977 2957/2957 2978/2978
f 2955/2955 2966/2966 2976/2976
f 2979/2979 2931/2931 2978/2978
f 2978/2978 2931/2931 2981/2981
f 2978/2978 2961/2961 2979/2979
f 2948/2948 2982/2982 2983/2983
f 2922/2922 2910/2910 2933/2933
f 2938/2938 2930/2930 2980/2980
f 2978/2978 2957/2957 2961/2961
f 2910/2910 2911/2911 2951/2951
f 2984/2984 2934/2934 2932/2932
f 2933/2933 2910/2910 2951/2951
f 2934/2934 2984/2984 2986/2986
f 2908/2908 2894/2894 2948/2948
f 2951/2951 2985/2985 2933/2933
f 2987/2987 2988/2988 2989/2989
f 2985/2985 2951/2951 2975/2975
f 2990/2990 2985/2985 2975/2975
f 2992/2992 2938/2938 2980/2980
f 2993/2993 2987/2987 2989/2989
f 2986/2986 2984/2984 2991/2991
f 2994/2994 2937/2937 2938/2938
f 2805/2805 2894/2894 2908/2908
f 2994/2994 2939/2939 2937/2937
f 2986/2986 2946/2946 2934/2934
f 2948/2948 2894/2894 2935/2935
f 2993/2993 2989/2989 2995/2995
f 2951/2951 2955/2955 2975/2975
f 2979/2979 2961/2961 2971/2971
f 2971/2971 2961/2961 2962/2962
f 2996/2996 2986/2986 2991/2991
f 2980/2980 2972/2972 2997/2997
f 2992/2992 2994/2994 2938/2938
f 2998/2998 2992/2992 2999/2999
f 2987/2987 2993/2993 3000/3000
f 3001/3001 2998/2998 2999/2999
f 2994/2994 2998/2998 2939/2939
f 3002/3002 2947/2947 2946/2946
f 2994/2994 2992/2992 2998/2998
f 2947/2947 3002/3002 3003/3003
f 2986/2986 2996/2996 2946/2946
f 3002/3002 2946/2946 2996/2996
f 2944/2944 2939/2939 2998/2998
f 3003/3003 2785/2785 2947/2947
f 2999/2999 2992/2992 2997/2997
f 2983/2983 2908/2908 2948/2948
f 3004/3004 3003/3003 3002/3002
f 2997/2997 2972/2972 2973/2973
f 3005/3005 2997/2997 2973/2973
f 3006/3006 2991/2991 3008/3008
f 3009/3009 3001/3001 2999/2999
f 2990/2990 2975/2975 2976/2976
f 3007/3007 2990/2990 2976/2976
f 3010/3010 3007/3007 2976/2976
f 2940/2940 2942/2942 2944/2944
f 2996/2996 2991/2991 3006/3006
f 3004/3004 3002/3002 3012/3012
f 3011/3011 2940/2940 2944/2944
f 3002/3002 2996/2996 3006/3006
f 3006/3006 3013/3013 3002/3002
f 3012/3012 3002/3002 3013/3013
f 2948/2948 2935/2935 2956/2956
f 3014/3014 3015/3015 3011/3011
f 3014/3014 3011/3011 3016/3016
f 2956/2956 2974/2974 2948/2948
f 3018/3018 3001/3001 3009/3009
f 2884/2884 2964/2964 3019/3019
f 2886/2886 2884/2884 3019/3019
f 2886/2886 3019/3019 3020/3020
f 3022/3022 3009/3009 3023/3023
f 3018/3018 3009/3009 3022/3022
f 2888/2888 2886/2886 3020/3020
f 2892/2892 2887/2887 3021/3021
f 3003/3003 3004/3004 2896/2896
f 3016/3016 3011/3011 2944/2944
f 3024/3024 2944/2944 3018/3018
f 3025/3025 2892/2892 3026/3026
f 3024/3024 3018/3018 3022/3022
f 3019/3019 3028/3028 3020/3020
f 3019/3019 2964/2964 3017/3017
f 3019/3019 3017/3017 3028/3028
f 3030/3030 3028/3028 3017/3017
f 3031/3031 3021/3021 3027/3027
f 3024/3024 3014/3014 3016/3016
f 2892/2892 3021/3021 3026/3026
f 3031/3031 3026/3026 3021/3021
f 3033/3033 3024/3024 3022/3022
f 3025/3025 3026/3026 3034/3034
f 3034/3034 3026/3026 3035/3035
f 2794/2794 1341/1341 3003/3003
f 2794/2794 3003/3003 2896/2896
f 2890/2890 3037/3037 2876/2876
f 2948/2948 2974/2974 2982/2982
f 3025/3025 3039/3039 2890/2890
f 2890/2890 3039/3039 3037/3037
f 2890/2890 2892/2892 3025/3025
f 2926/2926 2941/2941 2954/2954
f 3041/3041 3000/3000 3042/3042
f 2794/2794 2896/2896 2894/2894
f 3043/3043 3042/3042 2993/2993
f 2849/2849 3044/3044 2867/2867
f 2867/2867 3044/3044 2965/2965
f 2982/2982 2974/2974 3040/3040
f 3045/3045 2965/2965 3044/3044
f 2993/2993 3042/3042 3000/3000
f 2941/2941 2926/2926 2942/2942
f 3040/3040 2974/2974 2941/2941
f 2825/2825 2828/2828 3046/3046
f 3040/3040 2941/2941 2940/2940
f 2866/2866 2898/2898 2899/2899
f 3041/3041 3042/3042 3047/3047
f 3048/3048 3041/3041 3047/3047
f 2898/2898 2803/2803 2899/2899
f 2891/2891 3049/3049 2803/2803
f 3000/3000 3050/3050 3051/3051
f 3049/3049 2899/2899 2803/2803
f 3040/3040 2940/2940 3052/3052
f 2795/2795 2891/2891 2803/2803
f 3053/3053 2825/2825 3046/3046
f 3046/3046 3054/3054 3053/3053
f 2940/2940 3011/3011 3015/3015
f 3053/3053 2835/2835 2825/2825
f 3052/3052 2940/2940 3015/3015
f 3055/3055 3000/3000 3041/3041
f 2795/2795 2806/2806 2891/2891
f 3055/3055 3050/3050 3000/3000
f 3056/3056 2968/2968 2960/2960
f 3056/3056 2969/2969 2968/2968
f 3053/3053 3057/3057 2840/2840
f 3058/3058 3055/3055 3041/3041
f 3059/3059 2840/2840 3057/3057
f 2808/2808 2960/2960 2791/2791
f 3060/3060 2840/2840 3059/3059
f 2808/2808 3061/3061 2960/2960
f 3056/3056 2960/2960 3061/3061
f 3062/3062 3064/3064 3061/3061
f 3054/3054 2908/2908 2983/2983
f 3065/3065 3041/3041 3048/3048
f 2969/2969 3056/3056 3064/3064
f 2900/2900 2899/2899 3045/3045
f 3066/3066 3050/3050 3055/3055
f 3063/3063 3067/3067 2970/2970
f 3067/3067 2973/2973 2970/2970
f 2828/2828 2908/2908 3054/3054
f 3068/3068 3066/3066 3055/3055
f 3064/3064 3056/3056 3061/3061
f 3055/3055 3058/3058 3068/3068
f 3069/3069 3058/3058 3070/3070
f 2813/2813 3061/3061 2808/2808
f 3071/3071 3061/3061 2813/2813
f 3044/3044 2849/2849 2900/2900
f 3072/3072 3064/3064 3062/3062
f 3045/3045 3044/3044 2900/2900
f 3061/3061 3071/3071 3062/3062
f 3068/3068 3058/3058 3069/3069
f 3074/3074 3070/3070 3041/3041
f 3074/3074 3041/3041 3065/3065
f 2813/2813 2821/2821 3071/3071
f 3072/3072 3062/3062 3071/3071
f 3071/3071 3076/3076 3072/3072
f 3045/3045 2899/2899 3049/3049
f 3041/3041 3070/3070 3058/3058
f 3067/3067 3063/3063 3073/3073
f 3070/3070 3074/3074 3069/3069
f 3078/3078 3067/3067 3073/3073
f 3080/3080 3067/3067 3078/3078
f 3054/3054 3046/3046 2828/2828
f 3081/3081 3074/3074 3065/3065
f 3080/3080 3078/3078 3079/3079
f 2945/2945 2759/2759 3083/3083
f 3076/3076 3071/3071 2821/2821
f 2879/2879 3076/3076 2821/2821
f 2879/2879 2821/2821 2824/2824
f 2880/2880 3078/3078 3077/3077
f 3077/3077 3078/3078 3073/3073
f 3045/3045 3049/3049 3082/3082
f 2983/2983 3084/3084 3054/3054
f 3084/3084 2983/2983 3085/3085
f 3086/3086 3045/3045 3082/3082
f 3087/3087 3088/3088 3089/3089
f 3091/3091 2895/2895 2945/2945
f 3023/3023 3092/3092 3088/3088
f 3083/3083 3091/3091 2945/2945
f 3093/3093 2982/2982 3040/3040
f 3091/3091 2967/2967 2895/2895
f 3094/3094 2982/2982 3093/3093
f 3085/3085 2982/2982 3094/3094
f 3095/3095 3023/3023 3088/3088
f 2967/2967 3091/3091 3096/3096
f 3088/3088 3087/3087 3095/3095
f 3078/3078 2880/2880 2889/2889
f 3098/3098 3079/3079 3078/3078
f 3083/3083 3090/3090 3099/3099
f 3100/3100 2909/2909 3101/3101
f 3083/3083 3099/3099 3102/3102
f 2889/2889 3098/3098 3078/3078
f 3100/3100 2891/2891 2909/2909
f 3098/3098 2889/2889 2869/2869
f 2865/2865 2869/2869 2889/2889
f 3091/3091 3102/3102 3096/3096
f 3085/3085 2983/2983 2982/2982
f 3083/3083 3102/3102 3091/3091
f 3049/3049 3104/3104 3082/3082
f 3105/3105 3087/3087 3106/3106
f 3053/3053 3054/3054 3057/3057
f 3099/3099 3090/3090 3107/3107
f 3082/3082 3104/3104 3086/3086
f 3106/3106 3108/3108 3105/3105
f 3109/3109 3057/3057 3054/3054
f 3054/3054 3084/3084 3109/3109
f 3107/3107 3103/3103 3102/3102
f 3086/3086 3104/3104 3110/3110
f 3102/3102 3099/3099 3107/3107
f 3102/3102 3103/3103 3112/3112
f 3110/3110 3104/3104 3113/3113
f 3104/3104 3100/3100 3113/3113
f 3103/3103 3107/3107 3116/3116
f 3118/3118 3024/3024 3033/3033
f 3114/3114 3109/3109 3084/3084
f 3103/3103 3116/3116 3112/3112
f 3113/3113 3120/3120 3121/3121
f 3122/3122 3119/3119 3032/3032
f 3118/3118 3117/3117 3123/3123
f 3123/3123 3117/3117 3033/3033
f 3124/3124 3116/3116 3107/3107
f 3125/3125 3114/3114 3084/3084
f 3113/3113 3126/3126 3120/3120
f 3123/3123 3127/3127 3118/3118
f 3128/3128 3116/3116 3124/3124
f 3130/3130 3131/3131 3115/3115
f 3130/3130 3115/3115 3132/3132
f 3133/3133 3059/3059 3134/3134
f 3100/3100 3049/3049 2891/2891
f 3023/3023 3097/3097 3036/3036
f 3135/3135 3134/3134 3136/3136
f 3137/3137 3109/3109 3138/3138
f 3100/3100 3104/3104 3049/3049
f 3137/3137 3135/3135 3109/3109
f 3139/3139 3137/3137 3138/3138
f 2759/2759 2927/2927 2740/2740
f 2927/2927 2759/2759 2945/2945
f 3033/3033 3036/3036 3097/3097
f 3140/3140 3033/3033 3097/3097
f 3141/3141 3123/3123 3033/3033
f 3084/3084 3085/3085 3142/3142
f 3123/3123 3141/3141 3143/3143
f 3101/3101 3126/3126 3100/3100
f 3090/3090 2759/2759 2760/2760
f 3126/3126 3113/3113 3100/3100
f 3120/3120 3126/3126 3146/3146
f 2760/2760 3147/3147 3090/3090
f 3120/3120 3149/3149 3121/3121
f 3085/3085 3094/3094 3142/3142
f 3150/3150 3140/3140 3097/3097
f 3144/3144 3150/3150 3097/3097
f 2759/2759 3090/3090 3083/3083
f 3151/3151 2966/2966 2965/2965
f 2965/2965 3045/3045 3152/3152
f 2965/2965 3152/3152 3151/3151
f 3153/3153 3154/3154 3155/3155
f 3142/3142 3094/3094 3156/3156
f 2966/2966 3151/3151 2976/2976
f 3151/3151 3157/3157 3010/3010
f 3010/3010 2976/2976 3151/3151
f 3150/3150 3153/3153 3140/3140
f 3007/3007 3010/3010 3158/3158
f 2765/2765 3160/3160 2760/2760
f 3158/3158 3010/3010 3157/3157
f 3142/3142 3156/3156 3161/3161
f 2765/2765 2767/2767 3160/3160
f 3154/3154 3153/3153 3150/3150
f 2760/2760 3160/3160 3147/3147
f 3150/3150 3162/3162 3154/3154
f 3162/3162 3150/3150 3144/3144
f 3163/3163 3160/3160 2767/2767
f 3164/3164 3162/3162 3144/3144
f 3157/3157 3166/3166 3158/3158
f 3142/3142 3125/3125 3084/3084
f 3147/3147 3160/3160 3163/3163
f 3167/3167 3155/3155 3154/3154
f 2792/2792 2802/2802 2799/2799
f 3151/3151 3152/3152 3168/3168
f 3162/3162 3167/3167 3154/3154
f 3169/3169 3090/3090 3147/3147
f 3152/3152 3170/3170 3168/3168
f 3157/3157 3151/3151 3168/3168
f 3157/3157 3168/3168 3166/3166
f 3172/3172 3166/3166 3168/3168
f 3006/3006 3008/3008 3173/3173
f 3008/3008 3159/3159 3173/3173
f 3013/3013 3006/3006 3173/3173
f 3165/3165 3173/3173 3159/3159
f 3163/3163 3174/3174 3147/3147
f 3174/3174 3163/3163 2770/2770
f 3045/3045 3086/3086 3152/3152
f 3147/3147 3174/3174 3169/3169
f 3040/3040 3052/3052 3093/3093
f 3152/3152 3086/3086 3170/3170
f 3086/3086 3110/3110 3170/3170
f 3174/3174 3176/3176 3169/3169
f 3165/3165 3171/3171 3177/3177
f 3165/3165 3177/3177 3173/3173
f 3093/3093 3052/3052 3178/3178
f 2685/2685 2799/2799 2724/2724
f 3168/3168 3170/3170 3172/3172
f 3163/3163 2767/2767 2770/2770
f 3093/3093 3178/3178 3179/3179
f 3177/3177 3180/3180 3173/3173
f 3178/3178 3052/3052 3015/3015
f 3181/3181 3174/3174 2770/2770
f 3180/3180 3177/3177 3171/3171
f 3015/3015 3014/3014 3178/3178
f 3174/3174 3181/3181 3176/3176
f 3181/3181 3184/3184 3176/3176
f 3094/3094 3093/3093 3179/3179
f 3185/3185 3179/3179 3178/3178
f 3013/3013 3173/3173 3180/3180
f 2724/2724 2673/2673 2685/2685
f 3145/3145 3094/3094 3179/3179
f 3090/3090 3169/3169 3175/3175
f 3145/3145 3179/3179 3186/3186
f 3186/3186 3179/3179 3185/3185
f 3175/3175 3107/3107 3090/3090
f 3175/3175 3124/3124 3107/3107
f 3185/3185 3178/3178 3014/3014
f 2915/2915 2896/2896 3038/3038
f 3127/3127 3123/3123 3143/3143
f 2918/2918 3038/3038 3187/3187
f 2915/2915 3038/3038 2918/2918
f 3176/3176 3188/3188 3169/3169
f 3132/3132 3115/3115 3129/3129
f 3170/3170 3110/3110 3189/3189
f 3172/3172 3170/3170 3189/3189
f 3124/3124 3175/3175 3128/3128
f 3121/3121 3189/3189 3110/3110
f 3145/3145 3186/3186 3190/3190
f 3172/3172 3189/3189 3191/3191
f 3192/3192 3193/3193 3171/3171
f 2792/2792 2799/2799 2685/2685
f 3094/3094 3145/3145 3156/3156
f 3194/3194 3132/3132 3195/3195
f 3191/3191 3189/3189 3121/3121
f 2964/2964 2967/2967 3017/3017
f 3193/3193 3180/3180 3171/3171
f 3110/3110 3113/3113 3121/3121
f 3149/3149 3191/3191 3121/3121
f 3096/3096 3017/3017 2967/2967
f 3156/3156 3145/3145 3196/3196
f 3145/3145 3190/3190 3196/3196
f 3017/3017 3096/3096 3198/3198
f 3030/3030 3017/3017 3198/3198
f 3190/3190 3199/3199 3196/3196
f 3029/3029 3197/3197 3201/3201
f 3202/3202 3200/3200 3203/3203
f 3031/3031 3027/3027 3029/3029
f 3029/3029 3201/3201 3031/3031
f 3201/3201 3035/3035 3031/3031
f 3193/3193 3200/3200 3180/3180
f 3204/3204 3156/3156 3196/3196
f 3161/3161 3156/3156 3204/3204
f 3031/3031 3035/3035 3026/3026
f 3190/3190 3143/3143 3205/3205
f 3193/3193 3203/3203 3200/3200
f 3206/3206 3207/3207 3035/3035
f 3201/3201 3206/3206 3035/3035
f 3210/3210 3198/3198 3096/3096
f 3201/3201 3197/3197 3209/3209
f 2920/2920 3193/3193 3148/3148
f 3143/3143 3208/3208 3205/3205
f 3208/3208 3211/3211 3205/3205
f 3212/3212 3035/3035 3207/3207
f 2919/2919 3203/3203 3193/3193
f 2920/2920 2919/2919 3193/3193
f 3143/3143 3141/3141 3208/3208
f 2926/2926 3202/3202 2919/2919
f 3167/3167 3208/3208 3155/3155
f 3202/3202 3203/3203 2919/2919
f 3087/3087 3105/3105 3095/3095
f 2909/2909 2891/2891 2788/2788
f 3214/3214 3215/3215 3206/3206
f 2917/2917 3101/3101 2909/2909
f 3102/3102 3210/3210 3096/3096
f 3210/3210 3102/3102 3112/3112
f 3209/3209 3111/3111 3216/3216
f 3216/3216 3201/3201 3209/3209
f 3214/3214 3201/3201 3216/3216
f 3217/3217 3213/3213 3095/3095
f 3206/3206 3201/3201 3214/3214
f 3207/3207 3206/3206 3218/3218
f 3101/3101 3219/3219 3146/3146
f 3213/3213 3023/3023 3095/3095
f 3221/3221 3146/3146 3219/3219
f 3097/3097 3023/3023 3213/3213
f 3131/3131 3216/3216 3111/3111
f 3115/3115 3131/3131 3111/3111
f 3101/3101 2917/2917 3219/3219
f 3131/3131 3214/3214 3216/3216
f 3222/3222 3214/3214 3130/3130
f 3131/3131 3130/3130 3214/3214
f 3126/3126 3101/3101 3146/3146
f 3223/3223 3120/3120 3146/3146
f 3223/3223 3149/3149 3120/3120
f 3144/3144 3097/3097 3213/3213
f 3225/3225 2920/2920 3148/3148
f 3224/3224 3149/3149 3223/3223
f 3048/3048 3220/3220 3226/3226
f 3223/3223 3146/3146 3221/3221
f 3226/3226 3220/3220 3215/3215
f 3221/3221 3227/3227 3223/3223
f 3227/3227 3224/3224 3223/3223
f 3215/3215 3228/3228 3226/3226
f 2928/2928 3224/3224 3227/3227
f 2929/2929 2920/2920 3225/3225
f 2929/2929 2921/2921 2920/2920
f 3229/3229 3219/3219 2917/2917
f 2637/2637 2685/2685 2670/2670
f 3219/3219 3229/3229 3221/3221
f 2981/2981 3221/3221 3229/3229
f 3229/3229 2977/2977 2981/2981
f 2792/2792 2685/2685 2637/2637
f 2957/2957 3229/3229 2917/2917
f 2917/2917 2916/2916 2957/2957
f 2977/2977 3229/3229 2957/2957
f 3228/3228 3230/3230 3226/3226
f 2931/2931 2928/2928 2981/2981
f 2777/2777 2792/2792 2637/2637
f 2978/2978 2981/2981 2977/2977
f 3227/3227 3221/3221 2981/2981
f 2928/2928 3227/3227 2981/2981
f 3048/3048 3075/3075 3065/3065
f 3075/3075 3048/3048 3226/3226
f 2637/2637 2786/2786 2777/2777
f 3095/3095 3105/3105 3231/3231
f 3217/3217 3095/3095 3231/3231
f 3075/3075 3226/3226 3230/3230
f 3217/3217 3231/3231 3233/3233
f 3130/3130 3234/3234 3222/3222
f 3234/3234 3130/3130 3235/3235
f 3233/3233 3231/3231 3236/3236
f 3237/3237 3231/3231 2988/2988
f 3231/3231 3237/3237 3236/3236
f 3235/3235 3130/3130 3132/3132
f 3235/3235 3132/3132 3194/3194
f 3238/3238 3235/3235 3194/3194
f 3239/3239 3237/3237 2988/2988
f 3230/3230 3228/3228 3240/3240
f 3240/3240 3228/3228 3241/3241
f 3241/3241 3228/3228 3242/3242
f 3213/3213 3243/3243 3144/3144
f 3164/3164 3144/3144 3243/3243
f 3243/3243 3213/3213 3244/3244
f 2987/2987 3051/3051 3239/3239
f 3239/3239 2988/2988 2987/2987
f 2987/2987 3000/3000 3051/3051
f 2777/2777 2802/2802 2792/2792
f 3245/3245 3243/3243 3244/3244
f 2806/2806 2802/2802 2788/2788
f 1962/1962 2650/2650 1861/1861
f 3244/3244 3213/3213 3217/3217
f 2644/2644 2650/2650 1962/1962
f 3246/3246 3051/3051 3050/3050
f 3247/3247 3246/3246 3050/3050
f 3239/3239 3051/3051 2775/2775
f 3233/3233 3236/3236 2776/2776
f 2775/2775 3051/3051 3248/3248
f 3051/3051 3249/3249 3248/3248
f 3051/3051 3246/3246 3249/3249
f 3233/3233 3250/3250 3244/3244
f 3050/3050 3066/3066 3247/3247
f 3250/3250 2776/2776 3251/3251
f 3249/3249 3246/3246 3247/3247
f 3066/3066 3249/3249 3247/3247
f 3183/3183 3252/3252 3253/3253
f 3254/3254 3253/3253 3252/3252
f 2777/2777 2788/2788 2802/2802
f 3175/3175 3169/3169 3188/3188
f 3184/3184 3188/3188 3176/3176
f 3175/3175 3188/3188 3255/3255
f 3257/3257 3259/3259 3256/3256
f 3258/3258 3255/3255 3188/3188
f 3255/3255 3128/3128 3175/3175
f 3195/3195 3132/3132 3129/3129
f 3256/3256 3195/3195 3129/3129
f 3259/3259 3195/3195 3256/3256
f 3260/3260 3194/3194 3195/3195
f 2554/2554 1945/1945 2128/2128
f 1945/1945 2554/2554 2553/2553
f 2554/2554 2128/2128 2809/2809
f 2811/2811 2554/2554 2815/2815
f 2179/2179 2812/2812 2181/2181
f 2830/2830 2812/2812 2811/2811
f 2811/2811 3261/3261 2830/2830
f 2830/2830 3261/3261 2831/2831
f 3262/3262 3263/3263 2817/2817
f 2815/2815 3261/3261 2811/2811
f 3261/3261 2815/2815 2817/2817
f 2831/2831 3261/3261 3264/3264
f 3263/3263 3261/3261 2817/2817
f 3265/3265 2831/2831 3264/3264
f 3263/3263 3264/3264 3261/3261
f 3264/3264 3263/3263 3266/3266
f 3267/3267 3264/3264 3266/3266
f 3268/3268 3266/3266 3263/3263
f 3265/3265 3264/3264 3267/3267
f 3267/3267 3269/3269 3265/3265
f 3270/3270 3269/3269 3271/3271
f 3271/3271 3269/3269 3267/3267
f 3272/3272 3267/3267 3266/3266
f 3272/3272 3266/3266 3268/3268
f 3271/3271 3267/3267 3272/3272
f 2566/2566 2181/2181 3273/3273
f 3273/3273 2568/2568 2566/2566
f 2181/2181 2831/2831 3273/3273
f 3265/3265 2568/2568 3273/3273
f 2565/2565 2566/2566 2568/2568
f 3265/3265 3273/3273 2831/2831
f 2568/2568 2833/2833 2192/2192
f 3269/3269 2568/2568 3265/3265
f 2833/2833 2568/2568 2834/2834
f 2834/2834 2568/2568 3269/3269
f 2834/2834 3269/3269 3270/3270
f 2836/2836 3262/3262 2817/2817
f 2836/2836 2839/2839 3262/3262
f 2835/2835 2839/2839 2836/2836
f 2840/2840 2839/2839 2835/2835
f 3274/3274 3262/3262 2839/2839
f 3263/3263 3262/3262 3274/3274
f 3268/3268 3263/3263 3274/3274
f 3274/3274 3275/3275 3268/3268
f 3274/3274 2839/2839 2838/2838
f 3275/3275 3274/3274 2838/2838
f 2838/2838 3276/3276 3275/3275
f 3277/3277 3278/3278 3275/3275
f 3275/3275 3278/3278 3268/3268
f 3278/3278 3272/3272 3268/3268
f 3060/3060 3276/3276 2840/2840
f 2840/2840 3276/3276 2838/2838
f 3276/3276 3060/3060 3279/3279
f 2926/2926 2925/2925 2942/2942
f 2942/2942 2925/2925 2939/2939
f 3202/3202 2953/2953 3280/3280
f 2953/2953 3202/3202 2954/2954
f 2872/2872 2870/2870 2868/2868
f 2872/2872 2871/2871 2876/2876
f 2980/2980 2997/2997 2992/2992
f 3037/3037 2872/2872 2876/2876
f 2936/2936 2946/2946 2943/2943
f 2785/2785 2780/2780 2947/2947
f 3018/3018 2998/2998 3001/3001
f 2999/2999 2997/2997 3005/3005
f 3281/3281 2999/2999 3005/3005
f 3009/3009 2999/2999 3281/3281
f 3092/3092 3009/3009 3281/3281
f 2944/2944 2998/2998 3018/3018
f 3009/3009 3092/3092 3023/3023
f 3016/3016 2944/2944 3024/3024
f 3036/3036 3022/3022 3023/3023
f 2835/2835 3053/3053 2840/2840
f 2954/2954 3202/3202 2926/2926
f 3133/3133 3060/3060 3059/3059
f 3012/3012 2896/2896 3004/3004
f 2870/2870 2989/2989 2988/2988
f 2872/2872 3282/3282 2870/2870
f 2989/2989 2870/2870 3282/3282
f 3282/3282 2872/2872 3037/3037
f 2989/2989 3282/3282 2995/2995
f 3067/3067 3005/3005 2973/2973
f 3067/3067 3080/3080 3281/3281
f 3005/3005 3067/3067 3281/3281
f 3080/3080 3283/3283 3281/3281
f 3043/3043 3282/3282 3037/3037
f 3088/3088 3281/3281 3283/3283
f 3043/3043 3037/3037 3039/3039
f 3057/3057 3136/3136 3059/3059
f 3136/3136 3057/3057 3109/3109
f 3134/3134 3059/3059 3136/3136
f 3042/3042 3043/3043 3039/3039
f 2995/2995 3282/3282 3043/3043
f 2995/2995 3043/3043 2993/2993
f 3283/3283 3080/3080 3079/3079
f 3138/3138 3109/3109 3114/3114
f 3114/3114 3125/3125 3138/3138
f 3283/3283 3089/3089 3088/3088
f 3284/3284 3283/3283 3079/3079
f 3089/3089 3283/3283 3284/3284
f 3047/3047 3039/3039 3025/3025
f 3109/3109 3135/3135 3136/3136
f 3034/3034 3047/3047 3025/3025
f 3212/3212 3047/3047 3034/3034
f 3285/3285 3089/3089 3284/3284
f 3138/3138 3125/3125 3139/3139
f 3089/3089 3285/3285 3087/3087
f 3042/3042 3039/3039 3047/3047
f 3092/3092 3281/3281 3088/3088
f 3286/3286 3125/3125 3142/3142
f 3142/3142 3287/3287 3286/3286
f 3161/3161 3287/3287 3142/3142
f 3098/3098 3285/3285 3079/3079
f 3288/3288 3285/3285 3098/3098
f 3284/3284 3079/3079 3285/3285
f 3286/3286 3289/3289 3125/3125
f 3087/3087 3285/3285 3106/3106
f 3285/3285 3288/3288 3106/3106
f 3288/3288 3098/3098 2869/2869
f 3187/3187 3038/3038 3180/3180
f 3288/3288 2869/2869 2870/2870
f 3108/3108 3288/3288 2870/2870
f 3108/3108 3106/3106 3288/3288
f 3180/3180 3280/3280 3187/3187
f 2918/2918 3187/3187 3280/3280
f 3038/3038 3012/3012 3013/3013
f 3013/3013 3180/3180 3038/3038
f 3127/3127 3014/3014 3118/3118
f 2896/2896 3012/3012 3038/3038
f 3014/3014 3024/3024 3118/3118
f 3141/3141 3033/3033 3140/3140
f 3022/3022 3036/3036 3033/3033
f 3153/3153 3141/3141 3140/3140
f 3200/3200 3280/3280 3180/3180
f 2953/2953 2918/2918 3280/3280
f 3202/3202 3280/3280 3200/3200
f 3193/3193 3192/3192 3148/3148
f 3155/3155 3208/3208 3141/3141
f 3155/3155 3141/3141 3153/3153
f 3290/3290 3182/3182 2769/2769
f 3290/3290 2769/2769 2771/2771
f 3291/3291 3290/3290 2771/2771
f 3252/3252 3182/3182 3290/3290
f 3291/3291 3252/3252 3290/3290
f 3291/3291 3254/3254 3252/3252
f 3127/3127 3185/3185 3014/3014
f 3238/3238 3194/3194 3242/3242
f 3143/3143 3185/3185 3127/3127
f 3186/3186 3185/3185 3143/3143
f 3207/3207 3218/3218 3212/3212
f 3034/3034 3035/3035 3212/3212
f 3190/3190 3186/3186 3143/3143
f 3218/3218 3048/3048 3212/3212
f 3196/3196 3199/3199 3204/3204
f 3215/3215 3218/3218 3206/3206
f 3199/3199 3190/3190 3205/3205
f 3048/3048 3218/3218 3220/3220
f 3218/3218 3215/3215 3220/3220
f 3048/3048 3047/3047 3212/3212
f 3292/3292 3215/3215 3214/3214
f 3222/3222 3292/3292 3214/3214
f 3292/3292 3228/3228 3215/3215
f 2988/2988 3105/3105 3108/3108
f 3234/3234 3292/3292 3222/3222
f 2988/2988 3231/3231 3105/3105
f 3234/3234 3228/3228 3292/3292
f 3235/3235 3238/3238 3234/3234
f 3228/3228 3234/3234 3238/3238
f 3238/3238 3242/3242 3228/3228
f 2870/2870 2988/2988 3108/3108
f 3244/3244 3217/3217 3233/3233
f 3236/3236 3237/3237 2776/2776
f 3237/3237 3239/3239 2776/2776
f 3250/3250 3233/3233 2776/2776
f 3252/3252 3183/3183 3182/3182
f 3251/3251 2776/2776 2775/2775
f 3258/3258 3188/3188 3184/3184
f 3259/3259 3293/3293 3195/3195
f 3293/3293 3260/3260 3195/3195
f 3242/3242 3194/3194 3260/3260
f 3293/3293 3259/3259 3257/3257
f 3294/3294 3260/3260 3293/3293
f 3294/3294 3293/3293 3296/3296
f 3299/3299 3258/3258 3184/3184
f 3300/3300 3298/3298 3183/3183
f 3253/3253 3300/3300 3183/3183
f 3301/3301 3257/3257 3297/3297
f 3257/3257 3301/3301 3293/3293
f 3300/3300 3302/3302 3298/3298
f 3303/3303 3300/3300 3253/3253
f 3304/3304 3302/3302 3300/3300
f 3303/3303 3305/3305 3300/3300
f 3305/3305 3304/3304 3300/3300
f 2782/2782 1238/1238 2291/2291
f 3306/3306 3242/3242 3260/3260
f 3306/3306 3294/3294 3296/3296
f 3301/3301 3296/3296 3293/3293
f 3307/3307 3306/3306 3296/3296
f 3306/3306 3260/3260 3294/3294
f 2785/2785 2782/2782 2291/2291
f 3241/3241 3306/3306 3307/3307
f 3307/3307 3309/3309 3241/3241
f 3308/3308 3295/3295 3304/3304
f 3309/3309 3307/3307 3296/3296
f 3302/3302 3304/3304 3295/3295
f 3241/3241 3242/3242 3306/3306
f 3310/3310 3311/3311 3312/3312
f 3313/3313 3314/3314 3315/3315
f 3313/3313 3315/3315 3316/3316
f 3317/3317 3318/3318 3314/3314
f 3319/3319 3318/3318 3317/3317
f 3317/3317 3314/3314 3313/3313
f 3320/3320 3317/3317 3313/3313
f 3317/3317 3323/3323 3319/3319
f 3323/3323 3317/3317 3320/3320
f 3324/3324 407/407 3325/3325
f 3324/3324 3325/3325 3330/3330
f 3331/3331 3330/3330 3325/3325
f 3331/3331 407/407 406/406
f 3332/3332 3327/3327 3326/3326
f 3331/3331 3325/3325 407/407
f 3328/3328 3329/3329 3334/3334
f 3335/3335 3321/3321 3322/3322
f 3336/3336 3321/3321 3335/3335
f 3331/3331 406/406 3337/3337
f 3326/3326 3340/3340 3332/3332
f 3315/3315 3324/3324 3316/3316
f 3330/3330 3316/3316 3324/3324
f 3313/3313 3316/3316 3330/3330
f 3313/3313 3330/3330 3320/3320
f 3333/3333 3341/3341 3340/3340
f 3333/3333 3340/3340 3326/3326
f 3342/3342 3320/3320 3330/3330
f 3340/3340 3310/3310 3332/3332
f 3343/3343 3328/3328 3344/3344
f 3330/3330 3331/3331 3337/3337
f 3339/3339 3345/3345 3338/3338
f 3337/3337 3342/3342 3330/3330
f 3345/3345 3346/3346 3338/3338
f 3347/3347 406/406 408/408
f 408/408 411/411 3347/3347
f 406/406 3347/3347 3337/3337
f 3310/3310 3348/3348 3327/3327
f 3345/3345 3349/3349 3346/3346
f 3327/3327 3332/3332 3310/3310
f 3344/3344 3328/3328 3334/3334
f 303/303 79/79 3350/3350
f 3345/3345 3339/3339 3351/3351
f 3344/3344 3334/3334 3353/3353
f 3311/3311 3310/3310 3354/3354
f 3354/3354 3310/3310 3340/3340
f 3351/3351 3355/3355 3345/3345
f 3356/3356 3349/3349 3355/3355
f 3349/3349 3345/3345 3355/3355
f 74/74 79/79 303/303
f 3357/3357 3356/3356 3355/3355
f 3357/3357 3355/3355 3358/3358
f 3359/3359 3350/3350 79/79
f 3360/3360 3357/3357 3358/3358
f 3352/3352 3353/3353 3334/3334
f 3352/3352 3361/3361 3362/3362
f 3363/3363 3364/3364 3365/3365
f 3362/3362 3366/3366 3352/3352
f 3367/3367 3363/3363 3365/3365
f 3355/3355 3351/3351 3358/3358
f 3370/3370 3369/3369 3353/3353
f 3371/3371 3367/3367 3372/3372
f 3368/3368 3358/3358 3351/3351
f 3341/3341 3333/3333 3367/3367
f 3362/3362 3373/3373 3366/3366
f 3374/3374 3357/3357 3360/3360
f 3375/3375 3366/3366 3376/3376
f 3360/3360 3358/3358 3377/3377
f 3378/3378 3370/3370 3366/3366
f 3371/3371 3341/3341 3367/3367
f 3366/3366 3375/3375 3378/3378
f 3376/3376 3380/3380 3375/3375
f 3381/3381 3375/3375 3380/3380
f 3381/3381 3378/3378 3375/3375
f 3383/3383 3379/3379 3384/3384
f 3378/3378 3385/3385 3386/3386
f 3385/3385 3378/3378 3381/3381
f 3384/3384 3379/3379 3387/3387
f 3377/3377 3358/3358 3368/3368
f 3389/3389 3390/3390 3386/3386
f 3385/3385 3389/3389 3386/3386
f 3381/3381 3391/3391 3385/3385
f 3392/3392 3393/3393 3394/3394
f 3388/3388 3395/3395 3371/3371
f 3396/3396 3377/3377 3368/3368
f 3391/3391 3381/3381 3380/3380
f 3371/3371 3395/3395 3397/3397
f 3397/3397 3341/3341 3371/3371
f 533/533 526/526 725/725
f 3399/3399 269/269 3400/3400
f 3360/3360 3377/3377 3382/3382
f 3377/3377 3396/3396 3382/3382
f 3394/3394 3402/3402 3392/3392
f 3340/3340 3341/3341 3401/3401
f 3402/3402 3394/3394 3403/3403
f 3368/3368 3404/3404 3396/3396
f 3401/3401 3341/3341 3405/3405
f 3392/3392 3402/3402 3406/3406
f 3403/3403 3407/3407 3402/3402
f 3407/3407 3408/3408 3402/3402
f 3404/3404 3409/3409 3396/3396
f 3402/3402 3410/3410 3406/3406
f 3410/3410 3402/3402 3408/3408
f 3411/3411 3405/3405 3397/3397
f 303/303 3412/3412 3400/3400
f 3322/3322 3409/3409 3404/3404
f 3413/3413 3410/3410 3408/3408
f 3407/3407 3414/3414 3408/3408
f 3397/3397 3405/3405 3341/3341
f 3415/3415 3408/3408 3414/3414
f 276/276 303/303 3400/3400
f 3418/3418 3411/3411 3397/3397
f 3400/3400 269/269 276/276
f 3419/3419 3416/3416 3417/3417
f 3420/3420 3419/3419 3417/3417
f 3418/3418 3421/3421 3411/3411
f 3422/3422 529/529 532/532
f 3423/3423 3416/3416 3419/3419
f 3350/3350 3412/3412 303/303
f 532/532 529/529 533/533
f 3419/3419 3374/3374 3425/3425
f 3423/3423 3419/3419 3425/3425
f 3466/3466 3311/3311 3426/3426
f 3427/3427 3311/3311 3354/3354
f 533/533 3410/3410 3428/3428
f 327/327 269/269 3399/3399
f 3428/3428 3429/3429 532/532
f 3410/3410 533/533 3406/3406
f 3425/3425 3431/3431 3423/3423
f 3410/3410 3432/3432 3428/3428
f 3413/3413 3408/3408 3415/3415
f 3354/3354 3340/3340 3401/3401
f 3432/3432 3429/3429 3428/3428
f 3432/3432 3434/3434 3429/3429
f 3430/3430 3427/3427 3354/3354
f 3413/3413 3432/3432 3410/3410
f 3413/3413 3435/3435 3432/3432
f 3436/3436 3413/3413 3415/3415
f 3430/3430 3354/3354 3401/3401
f 3435/3435 3413/3413 3436/3436
f 3433/3433 3423/3423 3437/3437
f 3438/3438 3436/3436 3415/3415
f 3431/3431 3437/3437 3423/3423
f 3311/3311 3427/3427 3426/3426
f 3439/3439 3432/3432 3435/3435
f 3439/3439 3434/3434 3432/3432
f 3439/3439 3435/3435 3440/3440
f 3436/3436 3438/3438 3440/3440
f 3440/3440 3438/3438 3441/3441
f 3430/3430 3442/3442 3427/3427
f 3440/3440 3435/3435 3436/3436
f 3443/3443 532/532 3429/3429
f 3322/3322 3321/3321 3409/3409
f 3409/3409 3321/3321 3444/3444
f 3426/3426 3427/3427 3442/3442
f 3443/3443 3429/3429 3434/3434
f 3434/3434 3445/3445 3443/3443
f 3336/3336 3444/3444 3321/3321
f 3434/3434 3439/3439 3445/3445
f 3439/3439 3446/3446 3445/3445
f 3447/3447 532/532 3443/3443
f 3442/3442 3430/3430 3448/3448
f 3443/3443 3450/3450 3447/3447
f 3451/3451 3445/3445 3446/3446
f 3443/3443 3445/3445 3450/3450
f 3450/3450 3445/3445 3451/3451
f 3425/3425 3360/3360 3382/3382
f 3451/3451 3452/3452 3450/3450
f 3426/3426 3442/3442 3453/3453
f 3454/3454 3439/3439 3440/3440
f 3439/3439 3454/3454 3446/3446
f 3454/3454 3440/3440 3441/3441
f 3453/3453 3442/3442 3455/3455
f 3442/3442 3448/3448 3455/3455
f 3446/3446 3456/3456 3451/3451
f 3456/3456 3446/3446 3454/3454
f 3457/3457 3382/3382 3396/3396
f 3382/3382 3457/3457 3458/3458
f 3459/3459 3454/3454 3460/3460
f 3382/3382 3458/3458 3425/3425
f 3319/3319 3393/3393 3318/3318
f 3394/3394 3393/3393 3319/3319
f 3461/3461 3453/3453 3455/3455
f 3462/3462 3342/3342 3337/3337
f 3425/3425 3374/3374 3360/3360
f 3342/3342 3462/3462 3464/3464
f 3400/3400 3412/3412 3350/3350
f 3323/3323 3465/3465 3319/3319
f 3319/3319 3465/3465 3394/3394
f 3323/3323 3467/3467 3465/3465
f 3424/3424 3312/3312 3311/3311
f 3383/3383 3350/3350 3379/3379
f 3466/3466 3468/3468 3424/3424
f 3400/3400 3350/3350 3383/3383
f 3465/3465 3403/3403 3394/3394
f 3465/3465 3467/3467 3403/3403
f 3323/3323 3342/3342 3467/3467
f 3467/3467 3342/3342 3470/3470
f 3399/3399 3400/3400 3471/3471
f 3472/3472 3468/3468 3466/3466
f 3431/3431 3425/3425 3473/3473
f 3323/3323 3320/3320 3342/3342
f 3471/3471 3400/3400 3383/3383
f 3424/3424 3311/3311 3466/3466
f 3473/3473 3425/3425 3458/3458
f 3473/3473 3458/3458 3475/3475
f 3403/3403 3467/3467 3407/3407
f 3414/3414 3407/3407 3467/3467
f 3396/3396 3409/3409 3476/3476
f 3414/3414 3467/3467 3438/3438
f 3470/3470 3438/3438 3467/3467
f 3384/3384 3471/3471 3383/3383
f 3438/3438 3415/3415 3414/3414
f 3438/3438 3470/3470 3477/3477
f 3444/3444 3476/3476 3409/3409
f 3470/3470 3342/3342 3464/3464
f 3478/3478 3457/3457 3476/3476
f 3444/3444 3478/3478 3476/3476
f 3457/3457 3396/3396 3476/3476
f 3472/3472 3474/3474 3468/3468
f 3480/3480 3479/3479 3474/3474
f 3449/3449 3444/3444 3336/3336
f 3481/3481 3470/3470 3464/3464
f 3482/3482 3483/3483 3471/3471
f 3480/3480 3474/3474 3472/3472
f 3484/3484 3480/3480 3472/3472
f 3475/3475 3478/3478 3485/3485
f 3337/3337 3347/3347 3486/3486
f 3472/3472 3466/3466 3426/3426
f 3347/3347 411/411 3486/3486
f 3458/3458 3457/3457 3475/3475
f 411/411 549/549 551/551
f 551/551 3486/3486 411/411
f 3487/3487 3486/3486 551/551
f 3475/3475 3457/3457 3478/3478
f 3462/3462 3486/3486 3487/3487
f 3426/3426 3488/3488 3472/3472
f 3489/3489 3472/3472 3488/3488
f 3337/3337 3486/3486 3462/3462
f 3485/3485 3491/3491 3475/3475
f 3487/3487 3464/3464 3462/3462
f 3444/3444 3449/3449 3478/3478
f 3492/3492 3484/3484 3472/3472
f 3485/3485 3478/3478 3449/3449
f 551/551 550/550 554/554
f 3494/3494 551/551 554/554
f 3494/3494 3487/3487 551/551
f 3487/3487 3494/3494 3495/3495
f 3492/3492 3472/3472 3489/3489
f 3491/3491 3485/3485 3449/3449
f 3493/3493 3399/3399 3490/3490
f 3464/3464 3487/3487 3495/3495
f 3469/3469 3431/3431 3473/3473
f 3437/3437 3431/3431 3469/3469
f 3484/3484 3496/3496 3480/3480
f 3498/3498 3484/3484 3499/3499
f 3437/3437 3469/3469 3497/3497
f 3500/3500 3494/3494 554/554
f 3492/3492 3499/3499 3484/3484
f 3495/3495 3494/3494 3500/3500
f 3473/3473 3475/3475 3469/3469
f 3426/3426 3453/3453 3488/3488
f 3500/3500 3501/3501 3495/3495
f 3502/3502 3501/3501 3500/3500
f 3501/3501 3464/3464 3495/3495
f 3503/3503 3464/3464 3501/3501
f 3490/3490 3399/3399 3471/3471
f 3461/3461 3488/3488 3453/3453
f 3471/3471 3483/3483 3490/3490
f 3504/3504 3489/3489 3488/3488
f 3505/3505 3437/3437 3497/3497
f 3506/3506 3497/3497 3469/3469
f 3497/3497 3506/3506 3507/3507
f 3477/3477 3470/3470 3481/3481
f 3497/3497 3507/3507 3505/3505
f 3461/3461 3504/3504 3488/3488
f 3441/3441 3477/3477 3508/3508
f 3509/3509 381/381 379/379
f 3475/3475 3491/3491 3511/3511
f 3514/3514 3475/3475 3511/3511
f 3508/3508 3515/3515 3460/3460
f 3405/3405 3510/3510 3401/3401
f 3512/3512 3509/3509 379/379
f 3405/3405 3411/3411 3513/3513
f 3501/3501 3502/3502 3503/3503
f 3405/3405 3513/3513 3510/3510
f 381/381 388/388 369/369
f 3481/3481 3503/3503 3516/3516
f 3516/3516 3503/3503 3517/3517
f 3509/3509 388/388 381/381
f 3513/3513 3518/3518 3510/3510
f 3519/3519 3510/3510 3518/3518
f 3520/3520 3517/3517 3521/3521
f 3481/3481 3464/3464 3503/3503
f 3514/3514 3511/3511 3522/3522
f 3401/3401 3510/3510 3430/3430
f 3477/3477 3481/3481 3508/3508
f 3519/3519 3430/3430 3510/3510
f 3519/3519 3448/3448 3430/3430
f 3514/3514 3522/3522 3523/3523
f 3508/3508 3481/3481 3516/3516
f 3469/3469 3475/3475 4412/4412
f 3514/3514 4412/4412 3475/3475
f 3508/3508 3516/3516 3515/3515
f 3516/3516 3524/3524 3515/3515
f 3411/3411 3421/3421 3525/3525
f 3525/3525 3513/3513 3411/3411
f 3520/3520 3516/3516 3517/3517
f 3526/3526 3527/3527 3528/3528
f 3528/3528 3527/3527 3529/3529
f 3520/3520 3524/3524 3516/3516
f 3530/3530 3524/3524 3520/3520
f 3528/3528 3529/3529 3531/3531
f 3530/3530 3520/3520 3521/3521
f 3532/3532 3513/3513 3525/3525
f 3533/3533 3534/3534 3535/3535
f 3536/3536 3535/3535 3534/3534
f 3438/3438 3477/3477 3441/3441
f 3533/3533 3527/3527 3526/3526
f 3537/3537 3534/3534 3533/3533
f 3537/3537 3533/3533 3526/3526
f 3528/3528 3537/3537 3526/3526
f 3538/3538 3536/3536 3534/3534
f 3537/3537 3539/3539 3534/3534
f 3534/3534 3539/3539 3538/3538
f 3454/3454 3441/3441 3460/3460
f 3532/3532 3525/3525 3540/3540
f 3528/3528 3539/3539 3537/3537
f 3513/3513 3532/3532 3541/3541
f 3542/3542 3543/3543 3536/3536
f 3536/3536 3538/3538 3542/3542
f 3544/3544 3542/3542 3538/3538
f 3460/3460 3441/3441 3508/3508
f 3546/3546 3547/3547 58/58
f 3542/3542 3548/3548 3549/3549
f 388/388 3509/3509 3550/3550
f 3542/3542 3544/3544 3548/3548
f 3544/3544 3551/3551 3548/3548
f 3551/3551 3544/3544 3552/3552
f 3546/3546 58/58 529/529
f 3545/3545 3448/3448 3519/3519
f 3544/3544 3538/3538 3539/3539
f 3555/3555 3553/3553 3556/3556
f 3554/3554 3557/3557 3556/3556
f 3557/3557 3555/3555 3556/3556
f 3557/3557 3553/3553 530/530
f 3455/3455 3448/3448 3545/3545
f 3552/3552 3544/3544 3539/3539
f 3558/3558 3539/3539 3528/3528
f 3559/3559 3558/3558 3528/3528
f 3550/3550 3509/3509 3512/3512
f 3552/3552 3539/3539 3558/3558
f 3560/3560 3552/3552 3558/3558
f 3560/3560 3558/3558 3559/3559
f 3561/3561 3547/3547 3422/3422
f 3422/3422 3547/3547 3546/3546
f 58/58 3547/3547 79/79
f 3519/3519 3518/3518 3545/3545
f 3562/3562 3548/3548 3551/3551
f 3552/3552 3560/3560 3551/3551
f 3550/3550 3616/3616 388/388
f 3563/3563 3564/3564 3549/3549
f 3339/3339 3455/3455 3545/3545
f 3359/3359 79/79 3547/3547
f 3566/3566 3359/3359 3547/3547
f 3567/3567 3568/3568 3562/3562
f 3461/3461 3455/3455 3339/3339
f 3563/3563 3569/3569 3570/3570
f 3461/3461 3339/3339 3338/3338
f 3562/3562 3571/3571 3567/3567
f 3571/3571 3572/3572 3567/3567
f 3566/3566 3547/3547 3561/3561
f 3571/3571 3573/3573 3574/3574
f 3575/3575 3567/3567 3572/3572
f 3576/3576 3577/3577 3545/3545
f 3572/3572 3571/3571 3574/3574
f 3578/3578 3575/3575 3572/3572
f 3577/3577 3339/3339 3545/3545
f 3578/3578 3572/3572 3574/3574
f 3574/3574 3579/3579 3578/3578
f 3579/3579 3574/3574 3580/3580
f 3518/3518 3513/3513 3541/3541
f 3560/3560 3559/3559 3581/3581
f 3582/3582 3581/3581 3559/3559
f 3562/3562 3568/3568 3548/3548
f 3583/3583 3584/3584 3562/3562
f 3565/3565 3545/3545 3518/3518
f 3565/3565 3518/3518 3541/3541
f 3562/3562 3584/3584 3571/3571
f 3562/3562 3551/3551 3583/3583
f 3350/3350 3359/3359 3566/3566
f 3583/3583 3551/3551 3560/3560
f 3583/3583 3560/3560 3581/3581
f 3541/3541 3576/3576 3565/3565
f 3584/3584 3573/3573 3571/3571
f 3585/3585 3573/3573 3584/3584
f 3583/3583 3585/3585 3584/3584
f 3585/3585 3583/3583 3581/3581
f 3585/3585 3581/3581 3586/3586
f 3399/3399 379/379 327/327
f 3573/3573 3585/3585 3586/3586
f 3541/3541 3532/3532 3587/3587
f 3588/3588 3587/3587 3532/3532
f 3587/3587 3588/3588 3589/3589
f 3590/3590 3591/3591 3592/3592
f 3593/3593 3590/3590 3592/3592
f 3595/3595 3586/3586 3581/3581
f 3595/3595 3581/3581 3582/3582
f 3596/3596 3561/3561 3594/3594
f 3591/3591 3597/3597 3592/3592
f 3598/3598 3592/3592 3597/3597
f 3573/3573 3580/3580 3574/3574
f 3599/3599 3598/3598 3597/3597
f 3600/3600 3580/3580 3573/3573
f 3592/3592 3601/3601 3593/3593
f 3600/3600 3573/3573 3586/3586
f 3587/3587 3576/3576 3541/3541
f 3592/3592 3598/3598 3601/3601
f 3512/3512 379/379 3399/3399
f 3601/3601 3598/3598 3602/3602
f 3602/3602 3598/3598 3603/3603
f 3600/3600 3586/3586 3595/3595
f 3604/3604 3576/3576 3587/3587
f 3601/3601 3605/3605 3593/3593
f 3512/3512 3399/3399 3493/3493
f 3607/3607 3605/3605 3601/3601
f 3607/3607 3601/3601 3602/3602
f 3606/3606 3587/3587 3589/3589
f 3595/3595 3582/3582 3608/3608
f 3576/3576 3545/3545 3565/3565
f 3609/3609 3602/3602 3603/3603
f 3607/3607 3602/3602 3609/3609
f 3591/3591 3447/3447 3450/3450
f 3591/3591 3590/3590 3447/3447
f 3450/3450 3597/3597 3591/3591
f 3577/3577 3576/3576 3604/3604
f 3452/3452 3597/3597 3450/3450
f 3600/3600 3595/3595 3610/3610
f 3608/3608 3610/3610 3595/3595
f 3452/3452 3451/3451 3611/3611
f 3611/3611 3456/3456 3459/3459
f 3580/3580 3612/3612 3579/3579
f 3451/3451 3456/3456 3611/3611
f 3459/3459 3456/3456 3454/3454
f 3614/3614 3611/3611 3459/3459
f 3512/3512 3493/3493 3615/3615
f 3559/3559 3528/3528 3613/3613
f 3613/3613 3528/3528 3531/3531
f 3616/3616 188/188 388/388
f 3599/3599 3597/3597 3617/3617
f 3617/3617 3597/3597 3452/3452
f 3618/3618 3619/3619 3531/3531
f 3617/3617 3452/3452 3620/3620
f 3531/3531 3619/3619 3613/3613
f 3384/3384 3621/3621 3622/3622
f 3620/3620 3452/3452 3611/3611
f 3619/3619 3618/3618 3623/3623
f 3616/3616 3624/3624 188/188
f 3611/3611 3614/3614 3620/3620
f 3599/3599 3603/3603 3598/3598
f 3603/3603 3599/3599 3617/3617
f 3625/3625 3613/3613 3619/3619
f 3626/3626 3384/3384 3622/3622
f 3627/3627 3626/3626 3622/3622
f 3628/3628 3629/3629 3627/3627
f 3630/3630 3627/3627 3629/3629
f 3626/3626 3627/3627 3630/3630
f 3603/3603 3617/3617 3632/3632
f 3559/3559 3613/3613 3631/3631
f 3625/3625 3631/3631 3613/3613
f 3631/3631 3625/3625 3633/3633
f 3609/3609 3603/3603 3632/3632
f 3620/3620 3614/3614 3634/3634
f 3617/3617 3620/3620 3632/3632
f 3634/3634 3632/3632 3620/3620
f 3635/3635 3636/3636 3637/3637
f 3626/3626 3630/3630 3638/3638
f 3630/3630 3635/3635 3638/3638
f 3639/3639 3619/3619 3623/3623
f 3640/3640 3630/3630 3629/3629
f 3641/3641 3640/3640 3629/3629
f 3640/3640 3635/3635 3630/3630
f 3635/3635 3637/3637 3638/3638
f 3640/3640 3643/3643 3635/3635
f 3636/3636 3635/3635 3643/3643
f 3379/3379 3566/3566 3561/3561
f 3596/3596 3379/3379 3561/3561
f 3645/3645 3643/3643 3640/3640
f 3644/3644 3639/3639 3623/3623
f 3379/3379 3350/3350 3566/3566
f 3596/3596 3647/3647 3379/3379
f 3644/3644 3648/3648 3646/3646
f 3633/3633 3559/3559 3631/3631
f 3624/3624 195/195 188/188
f 3582/3582 3559/3559 3633/3633
f 3649/3649 3650/3650 3605/3605
f 3649/3649 3605/3605 3651/3651
f 3652/3652 3647/3647 3650/3650
f 3621/3621 3647/3647 3652/3652
f 3652/3652 3650/3650 3649/3649
f 3607/3607 3651/3651 3605/3605
f 3651/3651 3607/3607 3653/3653
f 3483/3483 3493/3493 3490/3490
f 3653/3653 3654/3654 3651/3651
f 3655/3655 3633/3633 3625/3625
f 3609/3609 3653/3653 3607/3607
f 3625/3625 3619/3619 3639/3639
f 3653/3653 3609/3609 3656/3656
f 3656/3656 3654/3654 3653/3653
f 3657/3657 3651/3651 3654/3654
f 3657/3657 3649/3649 3651/3651
f 3658/3658 3625/3625 3639/3639
f 3659/3659 3656/3656 3609/3609
f 3655/3655 3625/3625 3658/3658
f 3632/3632 3659/3659 3609/3609
f 3655/3655 3660/3660 3633/3633
f 3636/3636 3661/3661 3637/3637
f 3656/3656 3659/3659 3662/3662
f 3663/3663 3661/3661 3636/3636
f 3660/3660 3655/3655 3664/3664
f 3666/3666 3662/3662 3659/3659
f 3655/3655 3658/3658 3664/3664
f 3634/3634 3642/3642 3667/3667
f 3668/3668 3669/3669 3670/3670
f 3661/3661 3663/3663 3668/3668
f 3671/3671 3663/3663 3672/3672
f 3668/3668 3663/3663 3673/3673
f 3632/3632 3634/3634 3659/3659
f 3673/3673 3669/3669 3668/3668
f 3671/3671 3673/3673 3663/3663
f 3671/3671 3674/3674 3673/3673
f 3659/3659 3634/3634 3667/3667
f 3643/3643 3672/3672 3636/3636
f 3663/3663 3636/3636 3672/3672
f 3666/3666 3659/3659 3667/3667
f 3675/3675 3582/3582 3660/3660
f 3660/3660 3582/3582 3633/3633
f 3645/3645 3672/3672 3643/3643
f 3608/3608 3582/3582 3675/3675
f 3674/3674 3671/3671 3676/3676
f 3676/3676 3671/3671 3672/3672
f 3645/3645 3677/3677 3672/3672
f 3678/3678 3672/3672 3677/3677
f 3675/3675 3660/3660 3681/3681
f 3681/3681 3660/3660 3664/3664
f 3676/3676 3672/3672 3678/3678
f 3644/3644 3646/3646 3639/3639
f 3682/3682 3624/3624 3616/3616
f 3683/3683 3667/3667 3680/3680
f 3666/3666 3667/3667 3683/3683
f 3682/3682 3616/3616 3679/3679
f 3646/3646 3658/3658 3639/3639
f 3684/3684 3683/3683 3680/3680
f 3679/3679 3616/3616 3550/3550
f 3670/3670 3685/3685 3686/3686
f 3687/3687 3686/3686 3685/3685
f 3669/3669 3685/3685 3670/3670
f 3689/3689 3685/3685 3669/3669
f 3690/3690 3515/3515 3524/3524
f 3673/3673 3674/3674 3689/3689
f 3673/3673 3689/3689 3669/3669
f 3689/3689 3674/3674 3691/3691
f 3688/3688 3646/3646 3648/3648
f 3524/3524 3692/3692 3690/3690
f 3685/3685 3689/3689 3693/3693
f 3530/3530 3692/3692 3524/3524
f 3694/3694 3530/3530 3521/3521
f 3694/3694 3521/3521 3695/3695
f 3693/3693 3689/3689 3696/3696
f 3696/3696 3689/3689 3691/3691
f 3646/3646 3688/3688 3697/3697
f 3697/3697 3688/3688 3698/3698
f 3674/3674 3676/3676 3691/3691
f 3646/3646 3699/3699 3658/3658
f 3700/3700 3694/3694 3695/3695
f 3701/3701 3691/3691 3676/3676
f 3694/3694 3692/3692 3530/3530
f 3699/3699 3664/3664 3658/3658
f 3676/3676 3463/3463 3701/3701
f 3690/3690 3692/3692 3702/3702
f 3692/3692 3694/3694 3700/3700
f 3703/3703 3512/3512 3615/3615
f 3702/3702 3692/3692 3700/3700
f 3646/3646 3697/3697 3699/3699
f 3703/3703 3550/3550 3512/3512
f 3704/3704 3702/3702 3700/3700
f 3704/3704 3705/3705 3702/3702
f 3459/3459 3460/3460 3614/3614
f 3706/3706 3614/3614 3460/3460
f 3706/3706 3460/3460 3707/3707
f 3460/3460 3515/3515 3707/3707
f 3708/3708 3575/3575 3578/3578
f 3709/3709 3682/3682 3679/3679
f 3711/3711 3334/3334 3569/3569
f 3515/3515 3690/3690 3707/3707
f 3706/3706 3634/3634 3614/3614
f 3712/3712 3580/3580 3600/3600
f 3710/3710 3550/3550 3703/3703
f 3600/3600 3610/3610 3712/3712
f 3712/3712 3610/3610 3713/3713
f 3610/3610 3608/3608 3714/3714
f 3714/3714 3713/3713 3610/3610
f 3690/3690 3716/3716 3707/3707
f 3707/3707 3715/3715 3706/3706
f 3718/3718 3713/3713 3719/3719
f 3715/3715 3707/3707 3716/3716
f 3708/3708 3720/3720 3721/3721
f 3708/3708 3578/3578 3579/3579
f 3717/3717 3722/3722 3710/3710
f 3579/3579 3720/3720 3708/3708
f 3612/3612 3720/3720 3579/3579
f 3724/3724 3722/3722 3725/3725
f 3726/3726 3690/3690 3702/3702
f 3690/3690 3726/3726 3716/3716
f 3722/3722 3724/3724 3727/3727
f 3723/3723 3728/3728 3612/3612
f 3724/3724 3533/3533 3727/3727
f 3726/3726 3702/3702 3729/3729
f 3724/3724 3730/3730 3527/3527
f 3724/3724 3527/3527 3533/3533
f 3721/3721 3731/3731 3732/3732
f 3533/3533 3535/3535 3727/3727
f 3729/3729 3702/3702 3705/3705
f 3729/3729 3705/3705 3733/3733
f 3721/3721 3720/3720 3734/3734
f 3734/3734 3731/3731 3721/3721
f 3734/3734 3720/3720 3612/3612
f 3612/3612 3728/3728 3734/3734
f 3735/3735 3734/3734 3728/3728
f 3736/3736 3735/3735 3728/3728
f 3734/3734 3735/3735 3737/3737
f 3737/3737 3731/3731 3734/3734
f 3731/3731 3737/3737 3362/3362
f 3731/3731 3362/3362 3361/3361
f 3738/3738 3362/3362 3737/3737
f 3738/3738 3737/3737 3736/3736
f 3735/3735 3736/3736 3737/3737
f 3739/3739 3716/3716 3726/3726
f 3726/3726 3741/3741 3739/3739
f 3740/3740 3716/3716 3739/3739
f 3736/3736 3728/3728 3723/3723
f 3743/3743 3615/3615 3493/3493
f 3740/3740 3739/3739 3744/3744
f 3745/3745 3679/3679 3550/3550
f 3736/3736 3723/3723 3742/3742
f 3745/3745 3550/3550 3710/3710
f 3706/3706 3642/3642 3634/3634
f 3715/3715 3642/3642 3706/3706
f 3742/3742 3746/3746 3736/3736
f 3742/3742 3747/3747 3746/3746
f 3642/3642 3680/3680 3667/3667
f 3680/3680 3642/3642 3715/3715
f 3612/3612 3580/3580 3723/3723
f 3712/3712 3742/3742 3580/3580
f 3716/3716 3680/3680 3715/3715
f 3723/3723 3580/3580 3742/3742
f 3684/3684 3680/3680 3716/3716
f 3740/3740 3684/3684 3716/3716
f 3684/3684 3740/3740 3749/3749
f 3750/3750 3709/3709 3679/3679
f 3748/3748 3742/3742 3712/3712
f 3712/3712 3751/3751 3748/3748
f 3743/3743 3703/3703 3615/3615
f 3747/3747 3742/3742 3748/3748
f 3751/3751 3712/3712 3713/3713
f 3718/3718 3751/3751 3713/3713
f 3752/3752 3709/3709 3750/3750
f 3744/3744 3753/3753 3740/3740
f 3749/3749 3740/3740 3753/3753
f 3754/3754 3748/3748 3751/3751
f 3686/3686 3687/3687 3743/3743
f 3687/3687 3685/3685 3755/3755
f 3685/3685 3693/3693 3755/3755
f 3564/3564 3750/3750 3679/3679
f 3736/3736 3746/3746 3756/3756
f 3687/3687 3755/3755 3757/3757
f 3757/3757 3758/3758 3687/3687
f 3726/3726 3729/3729 3759/3759
f 3757/3757 3760/3760 3758/3758
f 3761/3761 3746/3746 3747/3747
f 3760/3760 3757/3757 3755/3755
f 3760/3760 3755/3755 3762/3762
f 3373/3373 3362/3362 3738/3738
f 3726/3726 3759/3759 3741/3741
f 3738/3738 3756/3756 3373/3373
f 3738/3738 3736/3736 3756/3756
f 3763/3763 3758/3758 3764/3764
f 3765/3765 3766/3766 3763/3763
f 3373/3373 3376/3376 3366/3366
f 3733/3733 3705/3705 3767/3767
f 3764/3764 3758/3758 3760/3760
f 3733/3733 3759/3759 3729/3729
f 3376/3376 3373/3373 3756/3756
f 3764/3764 3760/3760 3768/3768
f 3768/3768 3760/3760 3769/3769
f 3767/3767 3759/3759 3733/3733
f 3759/3759 3767/3767 3770/3770
f 3771/3771 3765/3765 3763/3763
f 3705/3705 3704/3704 3767/3767
f 3746/3746 3772/3772 3756/3756
f 3772/3772 3773/3773 3756/3756
f 3771/3771 3763/3763 3764/3764
f 3761/3761 3772/3772 3746/3746
f 3768/3768 3771/3771 3764/3764
f 3744/3744 3739/3739 3741/3741
f 3745/3745 3564/3564 3679/3679
f 3380/3380 3376/3376 3773/3773
f 3773/3773 3376/3376 3756/3756
f 3768/3768 3774/3774 3771/3771
f 3745/3745 3549/3549 3564/3564
f 3759/3759 3770/3770 3775/3775
f 3774/3774 3776/3776 3771/3771
f 3774/3774 3768/3768 3769/3769
f 3753/3753 3744/3744 3777/3777
f 3775/3775 3741/3741 3759/3759
f 3777/3777 3741/3741 3775/3775
f 3744/3744 3741/3741 3777/3777
f 3778/3778 3693/3693 3696/3696
f 3775/3775 3779/3779 3777/3777
f 3380/3380 3773/3773 3780/3780
f 3778/3778 3696/3696 3701/3701
f 3722/3722 3745/3745 3710/3710
f 3762/3762 3693/3693 3778/3778
f 3755/3755 3693/3693 3762/3762
f 3762/3762 3778/3778 3769/3769
f 3760/3760 3762/3762 3769/3769
f 3781/3781 3773/3773 3772/3772
f 3782/3782 3778/3778 3701/3701
f 3696/3696 3691/3691 3701/3701
f 3781/3781 3772/3772 3783/3783
f 3784/3784 3748/3748 3754/3754
f 3785/3785 3652/3652 3649/3649
f 3649/3649 3657/3657 3785/3785
f 3657/3657 3786/3786 3785/3785
f 3747/3747 3748/3748 3784/3784
f 3787/3787 3543/3543 3745/3745
f 3424/3424 3701/3701 3463/3463
f 3788/3788 3657/3657 3654/3654
f 3788/3788 3654/3654 3656/3656
f 3701/3701 3424/3424 3468/3468
f 3747/3747 3784/3784 3761/3761
f 3745/3745 3722/3722 3787/3787
f 3652/3652 3789/3789 3621/3621
f 3652/3652 3785/3785 3789/3789
f 3785/3785 3786/3786 3789/3789
f 3790/3790 3784/3784 3754/3754
f 3769/3769 3778/3778 3782/3782
f 3791/3791 3769/3769 3782/3782
f 3621/3621 3792/3792 3622/3622
f 3792/3792 3621/3621 3789/3789
f 3789/3789 3793/3793 3792/3792
f 3789/3789 3786/3786 3793/3793
f 3549/3549 3745/3745 3543/3543
f 3793/3793 3786/3786 3794/3794
f 3754/3754 3751/3751 3795/3795
f 3793/3793 3796/3796 3792/3792
f 3786/3786 3657/3657 3788/3788
f 3794/3794 3786/3786 3788/3788
f 3468/3468 3782/3782 3701/3701
f 3656/3656 3797/3797 3788/3788
f 3788/3788 3797/3797 3794/3794
f 3782/3782 3474/3474 3479/3479
f 3791/3791 3782/3782 3479/3479
f 3474/3474 3782/3782 3468/3468
f 3798/3798 3784/3784 3790/3790
f 3783/3783 3784/3784 3798/3798
f 3750/3750 3564/3564 3570/3570
f 3797/3797 3656/3656 3662/3662
f 3790/3790 3754/3754 3795/3795
f 3717/3717 3766/3766 3765/3765
f 3799/3799 3797/3797 3662/3662
f 3666/3666 3799/3799 3662/3662
f 3800/3800 3725/3725 3765/3765
f 3800/3800 3765/3765 3771/3771
f 3800/3800 3771/3771 3776/3776
f 3790/3790 3795/3795 3801/3801
f 3802/3802 3798/3798 3790/3790
f 3800/3800 3776/3776 3803/3803
f 3803/3803 3776/3776 3804/3804
f 3805/3805 3800/3800 3803/3803
f 3800/3800 3805/3805 3725/3725
f 3802/3802 3790/3790 3801/3801
f 3725/3725 3730/3730 3724/3724
f 3730/3730 3725/3725 3805/3805
f 3806/3806 3666/3666 3683/3683
f 3529/3529 3730/3730 3805/3805
f 3783/3783 3772/3772 3761/3761
f 3784/3784 3783/3783 3761/3761
f 3624/3624 773/773 195/195
f 3803/3803 3529/3529 3805/3805
f 3529/3529 3803/3803 3807/3807
f 3804/3804 3776/3776 3774/3774
f 3675/3675 3714/3714 3608/3608
f 3809/3809 3714/3714 3675/3675
f 3804/3804 3774/3774 3769/3769
f 3665/3665 773/773 3624/3624
f 3810/3810 3809/3809 3675/3675
f 3681/3681 3810/3810 3675/3675
f 3665/3665 3808/3808 773/773
f 3807/3807 3804/3804 3811/3811
f 3809/3809 3810/3810 3719/3719
f 3812/3812 3719/3719 3810/3810
f 3807/3807 3803/3803 3804/3804
f 3714/3714 3719/3719 3713/3713
f 3570/3570 3564/3564 3563/3563
f 3719/3719 3714/3714 3809/3809
f 3529/3529 3527/3527 3730/3730
f 3682/3682 3665/3665 3624/3624
f 3618/3618 3813/3813 3814/3814
f 3810/3810 3681/3681 3815/3815
f 3618/3618 3814/3814 3816/3816
f 3681/3681 3664/3664 3699/3699
f 3531/3531 3529/3529 3807/3807
f 3618/3618 3816/3816 3623/3623
f 3699/3699 3815/3815 3681/3681
f 3807/3807 3811/3811 3813/3813
f 3807/3807 3618/3618 3531/3531
f 3718/3718 3719/3719 3812/3812
f 3817/3817 3496/3496 3498/3498
f 3618/3618 3807/3807 3813/3813
f 3817/3817 3816/3816 3814/3814
f 3751/3751 3718/3718 3812/3812
f 3795/3795 3751/3751 3812/3812
f 3818/3818 3816/3816 3817/3817
f 3818/3818 3817/3817 3819/3819
f 3820/3820 3479/3479 3480/3480
f 3498/3498 3819/3819 3817/3817
f 3810/3810 3815/3815 3822/3822
f 3816/3816 3644/3644 3623/3623
f 3816/3816 3818/3818 3644/3644
f 3804/3804 3769/3769 3791/3791
f 3823/3823 3791/3791 3479/3479
f 3821/3821 3812/3812 3810/3810
f 3823/3823 3804/3804 3791/3791
f 3819/3819 3648/3648 3818/3818
f 3811/3811 3804/3804 3823/3823
f 3824/3824 3812/3812 3821/3821
f 3648/3648 3644/3644 3818/3818
f 3825/3825 3823/3823 3820/3820
f 3826/3826 3648/3648 3819/3819
f 3479/3479 3820/3820 3823/3823
f 3688/3688 3648/3648 3826/3826
f 3827/3827 3808/3808 3665/3665
f 3828/3828 3808/3808 3827/3827
f 3752/3752 3829/3829 3709/3709
f 3822/3822 3815/3815 3699/3699
f 3825/3825 3814/3814 3823/3823
f 184/184 3830/3830 186/186
f 3811/3811 3823/3823 3814/3814
f 3699/3699 3697/3697 3831/3831
f 3813/3813 3811/3811 3814/3814
f 3832/3832 3822/3822 3699/3699
f 3833/3833 3750/3750 3570/3570
f 3496/3496 3825/3825 3820/3820
f 3699/3699 3831/3831 3832/3832
f 3834/3834 3835/3835 3828/3828
f 3825/3825 3496/3496 3814/3814
f 3496/3496 3820/3820 3480/3480
f 3822/3822 3832/3832 3836/3836
f 3836/3836 3837/3837 3822/3822
f 3814/3814 3496/3496 3817/3817
f 3498/3498 3496/3496 3484/3484
f 3569/3569 3833/3833 3570/3570
f 3684/3684 3364/3364 3683/3683
f 3492/3492 3489/3489 3499/3499
f 3682/3682 3829/3829 3665/3665
f 3364/3364 3684/3684 3365/3365
f 3839/3839 3499/3499 3489/3489
f 3822/3822 3821/3821 3810/3810
f 3837/3837 3821/3821 3822/3822
f 3749/3749 3365/3365 3684/3684
f 3827/3827 3665/3665 3829/3829
f 3749/3749 3840/3840 3365/3365
f 3819/3819 3498/3498 3499/3499
f 3753/3753 3777/3777 3841/3841
f 3843/3843 3749/3749 3753/3753
f 3753/3753 3841/3841 3843/3843
f 3837/3837 3836/3836 3844/3844
f 3843/3843 3841/3841 3845/3845
f 3709/3709 3829/3829 3682/3682
f 3842/3842 3499/3499 3839/3839
f 3819/3819 3499/3499 3842/3842
f 3846/3846 3812/3812 3824/3824
f 3372/3372 3365/3365 3840/3840
f 3367/3367 3365/3365 3372/3372
f 3840/3840 3749/3749 3843/3843
f 3824/3824 3847/3847 3846/3846
f 3837/3837 3847/3847 3824/3824
f 3837/3837 3848/3848 3847/3847
f 3849/3849 3843/3843 3845/3845
f 3826/3826 3819/3819 3842/3842
f 3840/3840 3388/3388 3372/3372
f 3372/3372 3388/3388 3371/3371
f 3849/3849 3388/3388 3843/3843
f 3395/3395 3388/3388 3849/3849
f 3388/3388 3840/3840 3843/3843
f 3842/3842 3839/3839 3850/3850
f 3824/3824 3821/3821 3837/3837
f 3850/3850 3852/3852 3842/3842
f 3775/3775 3853/3853 3779/3779
f 3504/3504 3839/3839 3489/3489
f 3848/3848 3837/3837 3851/3851
f 3770/3770 3854/3854 3775/3775
f 3837/3837 3844/3844 3851/3851
f 3855/3855 3779/3779 3853/3853
f 3838/3838 3844/3844 3836/3836
f 3853/3853 3775/3775 3854/3854
f 3461/3461 3338/3338 3504/3504
f 3853/3853 3856/3856 3855/3855
f 3779/3779 3841/3841 3777/3777
f 3857/3857 3504/3504 3338/3338
f 3841/3841 3779/3779 3845/3845
f 3346/3346 3857/3857 3338/3338
f 3845/3845 3779/3779 3855/3855
f 3848/3848 3851/3851 3859/3859
f 3504/3504 3860/3860 3839/3839
f 3834/3834 3828/3828 3827/3827
f 3861/3861 3859/3859 3851/3851
f 3862/3862 3859/3859 3861/3861
f 3855/3855 3863/3863 3845/3845
f 3860/3860 3857/3857 3864/3864
f 3863/3863 3849/3849 3845/3845
f 3504/3504 3857/3857 3860/3860
f 3858/3858 3848/3848 3859/3859
f 3858/3858 3859/3859 3862/3862
f 3865/3865 3858/3858 3862/3862
f 3857/3857 3346/3346 3349/3349
f 3863/3863 3866/3866 3849/3849
f 3863/3863 3855/3855 3856/3856
f 3867/3867 3827/3827 3829/3829
f 3850/3850 3839/3839 3860/3860
f 3795/3795 3812/3812 3846/3846
f 3868/3868 3795/3795 3846/3846
f 3847/3847 3868/3868 3846/3846
f 3868/3868 3801/3801 3795/3795
f 3826/3826 3698/3698 3688/3688
f 3852/3852 3826/3826 3842/3842
f 3849/3849 3866/3866 3395/3395
f 3826/3826 3852/3852 3698/3698
f 3698/3698 3852/3852 3869/3869
f 3395/3395 3866/3866 3397/3397
f 3397/3397 3866/3866 3418/3418
f 3870/3870 3863/3863 3856/3856
f 3866/3866 3863/3863 3870/3870
f 3868/3868 3847/3847 3871/3871
f 3871/3871 3847/3847 3848/3848
f 3856/3856 3872/3872 3870/3870
f 3829/3829 3752/3752 3873/3873
f 3870/3870 3872/3872 3874/3874
f 3697/3697 3698/3698 3869/3869
f 3870/3870 3418/3418 3866/3866
f 3417/3417 3869/3869 3852/3852
f 3831/3831 3697/3697 3869/3869
f 3752/3752 3750/3750 3833/3833
f 3417/3417 3416/3416 3869/3869
f 3864/3864 3857/3857 3875/3875
f 3356/3356 3857/3857 3349/3349
f 3857/3857 3356/3356 3875/3875
f 3357/3357 3875/3875 3356/3356
f 3874/3874 3418/3418 3870/3870
f 3357/3357 3876/3876 3875/3875
f 3421/3421 3418/3418 3874/3874
f 3374/3374 3876/3876 3357/3357
f 3831/3831 3869/3869 3416/3416
f 3852/3852 3850/3850 3417/3417
f 3860/3860 3864/3864 3850/3850
f 3867/3867 3834/3834 3827/3827
f 3877/3877 3831/3831 3416/3416
f 3417/3417 3850/3850 3864/3864
f 3878/3878 3421/3421 3874/3874
f 3834/3834 3867/3867 3879/3879
f 3867/3867 3880/3880 3879/3879
f 3867/3867 3343/3343 3880/3880
f 3540/3540 3421/3421 3878/3878
f 3420/3420 3864/3864 3875/3875
f 3525/3525 3421/3421 3540/3540
f 3877/3877 3832/3832 3831/3831
f 3838/3838 3832/3832 3877/3877
f 3875/3875 3876/3876 3420/3420
f 3417/3417 3864/3864 3420/3420
f 3838/3838 3836/3836 3832/3832
f 3792/3792 3627/3627 3622/3622
f 3792/3792 3796/3796 3627/3627
f 3796/3796 3628/3628 3627/3627
f 3838/3838 3877/3877 3881/3881
f 3882/3882 3628/3628 3796/3796
f 3873/3873 3867/3867 3829/3829
f 3794/3794 3882/3882 3793/3793
f 3882/3882 3796/3796 3793/3793
f 3641/3641 3629/3629 3628/3628
f 3641/3641 3628/3628 3882/3882
f 3883/3883 3794/3794 3797/3797
f 3799/3799 3884/3884 3797/3797
f 3797/3797 3884/3884 3883/3883
f 3794/3794 3883/3883 3882/3882
f 3420/3420 3876/3876 3419/3419
f 3877/3877 3416/3416 3423/3423
f 3885/3885 3882/3882 3883/3883
f 3374/3374 3419/3419 3876/3876
f 3877/3877 3423/3423 3433/3433
f 3885/3885 3883/3883 3884/3884
f 3343/3343 3867/3867 3873/3873
f 3339/3339 3577/3577 3886/3886
f 3887/3887 3881/3881 3888/3888
f 3885/3885 3641/3641 3882/3882
f 3433/3433 3888/3888 3877/3877
f 3645/3645 3641/3641 3885/3885
f 3351/3351 3339/3339 3886/3886
f 3881/3881 3877/3877 3888/3888
f 3885/3885 3889/3889 3645/3645
f 3645/3645 3640/3640 3641/3641
f 3873/3873 3752/3752 3833/3833
f 3889/3889 3890/3890 3645/3645
f 3885/3885 3884/3884 3889/3889
f 3587/3587 3606/3606 3604/3604
f 3889/3889 3884/3884 3348/3348
f 3887/3887 3888/3888 3891/3891
f 3892/3892 3887/3887 3891/3891
f 3893/3893 3606/3606 3894/3894
f 3893/3893 3604/3604 3606/3606
f 3891/3891 3888/3888 3895/3895
f 3806/3806 3799/3799 3666/3666
f 3896/3896 3897/3897 3893/3893
f 3898/3898 3892/3892 3891/3891
f 3348/3348 3799/3799 3806/3806
f 3886/3886 3577/3577 3604/3604
f 3838/3838 3881/3881 3844/3844
f 3881/3881 3851/3851 3844/3844
f 3861/3861 3851/3851 3881/3881
f 3348/3348 3884/3884 3799/3799
f 3329/3329 3833/3833 3569/3569
f 3899/3899 3861/3861 3887/3887
f 3861/3861 3881/3881 3887/3887
f 3892/3892 3899/3899 3887/3887
f 3364/3364 3806/3806 3683/3683
f 3348/3348 3806/3806 3326/3326
f 3604/3604 3893/3893 3897/3897
f 3604/3604 3897/3897 3886/3886
f 3326/3326 3806/3806 3364/3364
f 3900/3900 3886/3886 3897/3897
f 3348/3348 3326/3326 3327/3327
f 3900/3900 3351/3351 3886/3886
f 3368/3368 3351/3351 3900/3900
f 3326/3326 3364/3364 3363/3363
f 3433/3433 3437/3437 3895/3895
f 3895/3895 3437/3437 3901/3901
f 3900/3900 3897/3897 3896/3896
f 3333/3333 3326/3326 3363/3363
f 3333/3333 3363/3363 3367/3367
f 3328/3328 3343/3343 3873/3873
f 3901/3901 3891/3891 3895/3895
f 3891/3891 3901/3901 3902/3902
f 3895/3895 3888/3888 3433/3433
f 3645/3645 3890/3890 3677/3677
f 3328/3328 3873/3873 3833/3833
f 3329/3329 3328/3328 3833/3833
f 3677/3677 3890/3890 3903/3903
f 3322/3322 3368/3368 3900/3900
f 3505/3505 3901/3901 3437/3437
f 3368/3368 3322/3322 3404/3404
f 3903/3903 3890/3890 3889/3889
f 3901/3901 3505/3505 3904/3904
f 3322/3322 3896/3896 3335/3335
f 3903/3903 3889/3889 3348/3348
f 3310/3310 3903/3903 3348/3348
f 3896/3896 3322/3322 3900/3900
f 3312/3312 3903/3903 3310/3310
f 3903/3903 3678/3678 3677/3677
f 3678/3678 3903/3903 3312/3312
f 3676/3676 3678/3678 3463/3463
f 3463/3463 3678/3678 3424/3424
f 3424/3424 3678/3678 3312/3312
f 3315/3315 783/783 786/786
f 783/783 3315/3315 788/788
f 786/786 789/789 3324/3324
f 407/407 3324/3324 789/789
f 786/786 3324/3324 3315/3315
f 3905/3905 792/792 784/784
f 3905/3905 784/784 787/787
f 792/792 391/391 390/390
f 3906/3906 391/391 792/792
f 3906/3906 792/792 3905/3905
f 3906/3906 3905/3905 3907/3907
f 3907/3907 3905/3905 787/787
f 787/787 3315/3315 3907/3907
f 3314/3314 3907/3907 3315/3315
f 3318/3318 3906/3906 3907/3907
f 3318/3318 3393/3393 3906/3906
f 3907/3907 3314/3314 3318/3318
f 3387/3387 3379/3379 3647/3647
f 3384/3384 3387/3387 3621/3621
f 3361/3361 3352/3352 3334/3334
f 725/725 724/724 391/391
f 391/391 3393/3393 725/725
f 3906/3906 3393/3393 391/391
f 3393/3393 3392/3392 725/725
f 3370/3370 3353/3353 3352/3352
f 3392/3392 3406/3406 725/725
f 533/533 725/725 3406/3406
f 3370/3370 3390/3390 3369/3369
f 3390/3390 3370/3370 3386/3386
f 3352/3352 3366/3366 3370/3370
f 3386/3386 3370/3370 3378/3378
f 532/532 533/533 3428/3428
f 3447/3447 3908/3908 532/532
f 3542/3542 3549/3549 3543/3543
f 3568/3568 3549/3549 3548/3548
f 3567/3567 3549/3549 3568/3568
f 3549/3549 3567/3567 3563/3563
f 3575/3575 3563/3563 3567/3567
f 3575/3575 3569/3569 3563/3563
f 3908/3908 3561/3561 3422/3422
f 3908/3908 3422/3422 532/532
f 3590/3590 3908/3908 3447/3447
f 3594/3594 3561/3561 3908/3908
f 3594/3594 3908/3908 3590/3590
f 3590/3590 3593/3593 3594/3594
f 3594/3594 3593/3593 3596/3596
f 3596/3596 3593/3593 3605/3605
f 3482/3482 3471/3471 3384/3384
f 3384/3384 3626/3626 3482/3482
f 3909/3909 3483/3483 3482/3482
f 3637/3637 3909/3909 3482/3482
f 3637/3637 3482/3482 3638/3638
f 3909/3909 3637/3637 3661/3661
f 3626/3626 3638/3638 3482/3482
f 3569/3569 3334/3334 3329/3329
f 3575/3575 3711/3711 3569/3569
f 3721/3721 3711/3711 3575/3575
f 3708/3708 3721/3721 3575/3575
f 3721/3721 3732/3732 3711/3711
f 3650/3650 3647/3647 3596/3596
f 3910/3910 3483/3483 3909/3909
f 3596/3596 3605/3605 3650/3650
f 3910/3910 3493/3493 3483/3483
f 3361/3361 3711/3711 3732/3732
f 3711/3711 3361/3361 3334/3334
f 3743/3743 3493/3493 3910/3910
f 3910/3910 3668/3668 3670/3670
f 3686/3686 3910/3910 3670/3670
f 3387/3387 3647/3647 3621/3621
f 3686/3686 3743/3743 3910/3910
f 3668/3668 3909/3909 3661/3661
f 3910/3910 3909/3909 3668/3668
f 3731/3731 3361/3361 3732/3732
f 3717/3717 3725/3725 3722/3722
f 3787/3787 3727/3727 3535/3535
f 3536/3536 3543/3543 3535/3535
f 3535/3535 3543/3543 3787/3787
f 3787/3787 3722/3722 3727/3727
f 3743/3743 3687/3687 3758/3758
f 3766/3766 3703/3703 3743/3743
f 3766/3766 3743/3743 3758/3758
f 3766/3766 3710/3710 3703/3703
f 3763/3763 3766/3766 3758/3758
f 790/790 773/773 3808/3808
f 3911/3911 790/790 3808/3808
f 3911/3911 168/168 790/790
f 3828/3828 3911/3911 3808/3808
f 3766/3766 3717/3717 3710/3710
f 3717/3717 3765/3765 3725/3725
f 3911/3911 176/176 168/168
f 3912/3912 176/176 3911/3911
f 3828/3828 3912/3912 3911/3911
f 3912/3912 184/184 176/176
f 3912/3912 3830/3830 184/184
f 3913/3913 3830/3830 3912/3912
f 3828/3828 3913/3913 3912/3912
f 3835/3835 3913/3913 3828/3828
f 3500/3500 554/554 1300/1300
f 3500/3500 1300/1300 1309/1309
f 3914/3914 3915/3915 3916/3916
f 3502/3502 3500/3500 1309/1309
f 1314/1314 3502/3502 1309/1309
f 3919/3919 3915/3915 3914/3914
f 3914/3914 3916/3916 3920/3920
f 3540/3540 3922/3922 3923/3923
f 3924/3924 3925/3925 3921/3921
f 3502/3502 3926/3926 3503/3503
f 3927/3927 3921/3921 3928/3928
f 3502/3502 1314/1314 1320/1320
f 3502/3502 1320/1320 3926/3926
f 3926/3926 1320/1320 1333/1333
f 3929/3929 3930/3930 3925/3925
f 3532/3532 3540/3540 3588/3588
f 3517/3517 3926/3926 3931/3931
f 3926/3926 1333/1333 3931/3931
f 3926/3926 3517/3517 3503/3503
f 3934/3934 3932/3932 3919/3919
f 3936/3936 3925/3925 3924/3924
f 3935/3935 3937/3937 3923/3923
f 1333/1333 3938/3938 3931/3931
f 3588/3588 3540/3540 3923/3923
f 3940/3940 3941/3941 3942/3942
f 3936/3936 3924/3924 3939/3939
f 3943/3943 3919/3919 3914/3914
f 3517/3517 3931/3931 3944/3944
f 3945/3945 3936/3936 3939/3939
f 3946/3946 3944/3944 3933/3933
f 3942/3942 3947/3947 3948/3948
f 3517/3517 3944/3944 3521/3521
f 3948/3948 3940/3940 3942/3942
f 3949/3949 3945/3945 3939/3939
f 3931/3931 3933/3933 3944/3944
f 3923/3923 3947/3947 3942/3942
f 3521/3521 3944/3944 3946/3946
f 3935/3935 3923/3923 3942/3942
f 3924/3924 3921/3921 3939/3939
f 3951/3951 3946/3946 3933/3933
f 3935/3935 3942/3942 3950/3950
f 3953/3953 3942/3942 3941/3941
f 3927/3927 3939/3939 3921/3921
f 3920/3920 3952/3952 3914/3914
f 3931/3931 3938/3938 3933/3933
f 3953/3953 3941/3941 3954/3954
f 3938/3938 1333/1333 1337/1337
f 3938/3938 1337/1337 1366/1366
f 3950/3950 3942/3942 3953/3953
f 3955/3955 3920/3920 3956/3956
f 3955/3955 3952/3952 3920/3920
f 3955/3955 3956/3956 3929/3929
f 3933/3933 3938/3938 3951/3951
f 3952/3952 3955/3955 3957/3957
f 3958/3958 3927/3927 3959/3959
f 3958/3958 3959/3959 3960/3960
f 3961/3961 3950/3950 3962/3962
f 3950/3950 3961/3961 3935/3935
f 3963/3963 3938/3938 1366/1366
f 3952/3952 3943/3943 3914/3914
f 3964/3964 3950/3950 3953/3953
f 3958/3958 3939/3939 3927/3927
f 3951/3951 3695/3695 3946/3946
f 3963/3963 3951/3951 3938/3938
f 3949/3949 3939/3939 3958/3958
f 3966/3966 3943/3943 3952/3952
f 3962/3962 3950/3950 3964/3964
f 3966/3966 3952/3952 3957/3957
f 3958/3958 3960/3960 3968/3968
f 3951/3951 3963/3963 3967/3967
f 3967/3967 3963/3963 3969/3969
f 1441/1441 3969/3969 3963/3963
f 3695/3695 3521/3521 3946/3946
f 3957/3957 3929/3929 3936/3936
f 3937/3937 3588/3588 3923/3923
f 3957/3957 3955/3955 3929/3929
f 3925/3925 3936/3936 3929/3929
f 3934/3934 3943/3943 3970/3970
f 3951/3951 3967/3967 3695/3695
f 3943/3943 3934/3934 3919/3919
f 3700/3700 3695/3695 3967/3967
f 3971/3971 3588/3588 3937/3937
f 3937/3937 3972/3972 3971/3971
f 3934/3934 3970/3970 3974/3974
f 3966/3966 3957/3957 3936/3936
f 3704/3704 3700/3700 3967/3967
f 3973/3973 3704/3704 3967/3967
f 3962/3962 3964/3964 3965/3965
f 3962/3962 3965/3965 3977/3977
f 3973/3973 3967/3967 3969/3969
f 3969/3969 3978/3978 3973/3973
f 1928/1928 3979/3979 1927/1927
f 3963/3963 1366/1366 1441/1441
f 3980/3980 3979/3979 1928/1928
f 3970/3970 3943/3943 3976/3976
f 3961/3961 3937/3937 3935/3935
f 3980/3980 1928/1928 3981/3981
f 3981/3981 1928/1928 1929/1929
f 3961/3961 3972/3972 3937/3937
f 3966/3966 3976/3976 3943/3943
f 3972/3972 3961/3961 3975/3975
f 3980/3980 3981/3981 3960/3960
f 3983/3983 3976/3976 3966/3966
f 3975/3975 3961/3961 3982/3982
f 3981/3981 1929/1929 1974/1974
f 3969/3969 1441/1441 1557/1557
f 3972/3972 3975/3975 3971/3971
f 3983/3983 3970/3970 3976/3976
f 3978/3978 3969/3969 1557/1557
f 3981/3981 1974/1974 3984/3984
f 3984/3984 1974/1974 1977/1977
f 1444/1444 1557/1557 1441/1441
f 3962/3962 3982/3982 3961/3961
f 3959/3959 3980/3980 3960/3960
f 3986/3986 3970/3970 3983/3983
f 3985/3985 3978/3978 1557/1557
f 3987/3987 3988/3988 3954/3954
f 3989/3989 3988/3988 3987/3987
f 3960/3960 3981/3981 3984/3984
f 3991/3991 3989/3989 3987/3987
f 3988/3988 3989/3989 3993/3993
f 3704/3704 3973/3973 3994/3994
f 3996/3996 3993/3993 3989/3989
f 3960/3960 3984/3984 3990/3990
f 3960/3960 3990/3990 3995/3995
f 3997/3997 3992/3992 3983/3983
f 3993/3993 3998/3998 3988/3988
f 3999/3999 3998/3998 3993/3993
f 3767/3767 3704/3704 3994/3994
f 3998/3998 3999/3999 4000/4000
f 3589/3589 4001/4001 3894/3894
f 4002/4002 3894/3894 4001/4001
f 4003/4003 4002/4002 4001/4001
f 3606/3606 3589/3589 3894/3894
f 4004/4004 4005/4005 4006/4006
f 3893/3893 3894/3894 4007/4007
f 3854/3854 3767/3767 3994/3994
f 4007/4007 3894/3894 4002/4002
f 4008/4008 4005/4005 4009/4009
f 3995/3995 3968/3968 3960/3960
f 4010/4010 4005/4005 4008/4008
f 3990/3990 1977/1977 1993/1993
f 3996/3996 4005/4005 4010/4010
f 3984/3984 1977/1977 3990/3990
f 3990/3990 1993/1993 2000/2000
f 3896/3896 3893/3893 4007/4007
f 4011/4011 3978/3978 3985/3985
f 3989/3989 4004/4004 4006/4006
f 4012/4012 4007/4007 4002/4002
f 2000/2000 2007/2007 3990/3990
f 3996/3996 3989/3989 4006/4006
f 2007/2007 3995/3995 3990/3990
f 4006/4006 4005/4005 3996/3996
f 4003/4003 4012/4012 4002/4002
f 3993/3993 3996/3996 4014/4014
f 4010/4010 4014/4014 3996/3996
f 4012/4012 4003/4003 4015/4015
f 3993/3993 4014/4014 4016/4016
f 3994/3994 3973/3973 3978/3978
f 3994/3994 3978/3978 4011/4011
f 3993/3993 4017/4017 3999/3999
f 3994/3994 4011/4011 4013/4013
f 3335/3335 3896/3896 4007/4007
f 4017/4017 3993/3993 4016/4016
f 4018/4018 4015/4015 4003/4003
f 3958/3958 4019/4019 3949/3949
f 4015/4015 4018/4018 4020/4020
f 4008/4008 4014/4014 4010/4010
f 3968/3968 4019/4019 3958/3958
f 4000/4000 3999/3999 4021/4021
f 3335/3335 4007/4007 4012/4012
f 4019/4019 3968/3968 4023/4023
f 4017/4017 4021/4021 3999/3999
f 4025/4025 4012/4012 4015/4015
f 4019/4019 4023/4023 4026/4026
f 3335/3335 4012/4012 4025/4025
f 4022/4022 4021/4021 4017/4017
f 3770/3770 3767/3767 3854/3854
f 3966/3966 3936/3936 3945/3945
f 1557/1557 1556/1556 1558/1558
f 1558/1558 3985/3985 1557/1557
f 4014/4014 4017/4017 4016/4016
f 4028/4028 4014/4014 4008/4008
f 4029/4029 4025/4025 4027/4027
f 4030/4030 4014/4014 4028/4028
f 3983/3983 3966/3966 4031/4031
f 4031/4031 3966/3966 3945/3945
f 4017/4017 4014/4014 4030/4030
f 3985/3985 1558/1558 1614/1614
f 4032/4032 4029/4029 4027/4027
f 4030/4030 4028/4028 4033/4033
f 4030/4030 4022/4022 4017/4017
f 3945/3945 3949/3949 4031/4031
f 4011/4011 3985/3985 1614/1614
f 4011/4011 1614/1614 4034/4034
f 4025/4025 4029/4029 3335/3335
f 4034/4034 4013/4013 4011/4011
f 3335/3335 4029/4029 3336/3336
f 3988/3988 3953/3953 3954/3954
f 4036/4036 3983/3983 4031/4031
f 4032/4032 4035/4035 4029/4029
f 3964/3964 3953/3953 3988/3988
f 4025/4025 4015/4015 4020/4020
f 3998/3998 3964/3964 3988/3988
f 4020/4020 4027/4027 4025/4025
f 3854/3854 3994/3994 4037/4037
f 3964/3964 3998/3998 3965/3965
f 3854/3854 4037/4037 4038/4038
f 4038/4038 4039/4039 3854/3854
f 3998/3998 4000/4000 3965/3965
f 4040/4040 4027/4027 4020/4020
f 3949/3949 4019/4019 4031/4031
f 4041/4041 4027/4027 4040/4040
f 4037/4037 3994/3994 4013/4013
f 4024/4024 4037/4037 4013/4013
f 3965/3965 4042/4042 3977/3977
f 4038/4038 4037/4037 4043/4043
f 4039/4039 4038/4038 4043/4043
f 4037/4037 4024/4024 4043/4043
f 4032/4032 4027/4027 4041/4041
f 4044/4044 4031/4031 4019/4019
f 4045/4045 4031/4031 4044/4044
f 4042/4042 3965/3965 4000/4000
f 4021/4021 4042/4042 4000/4000
f 4034/4034 4024/4024 4013/4013
f 4019/4019 4026/4026 4044/4044
f 4021/4021 4046/4046 4042/4042
f 4046/4046 4021/4021 4022/4022
f 3962/3962 3977/3977 4047/4047
f 4040/4040 3932/3932 3934/3934
f 4048/4048 3977/3977 4049/4049
f 4047/4047 3977/3977 4048/4048
f 4039/4039 4043/4043 4050/4050
f 4047/4047 3982/3982 3962/3962
f 3336/3336 4029/4029 4051/4051
f 4039/4039 4050/4050 4052/4052
f 4029/4029 4035/4035 4051/4051
f 4048/4048 4053/4053 4047/4047
f 4047/4047 4053/4053 3982/3982
f 4049/4049 3977/3977 4042/4042
f 4050/4050 4024/4024 4054/4054
f 3983/3983 4036/4036 3997/3997
f 4042/4042 4046/4046 4049/4049
f 4024/4024 4055/4055 4054/4054
f 4054/4054 4055/4055 4101/4101
f 3997/3997 4036/4036 4056/4056
f 4050/4050 4043/4043 4024/4024
f 4057/4057 4049/4049 4046/4046
f 4054/4054 4052/4052 4050/4050
f 4057/4057 4048/4048 4049/4049
f 4053/4053 4048/4048 4057/4057
f 4059/4059 4051/4051 4035/4035
f 4060/4060 4059/4059 4035/4035
f 4052/4052 4054/4054 4061/4061
f 4058/4058 4052/4052 4061/4061
f 4041/4041 4060/4060 4035/4035
f 4062/4062 3449/3449 3336/3336
f 4059/4059 4062/4062 3336/3336
f 4059/4059 3336/3336 4051/4051
f 4064/4064 4061/4061 4054/4054
f 4062/4062 4059/4059 4060/4060
f 4066/4066 4062/4062 4060/4060
f 4056/4056 4036/4036 4065/4065
f 3954/3954 4058/4058 4061/4061
f 4001/4001 3589/3589 3588/3588
f 4065/4065 3997/3997 4056/4056
f 4001/4001 3588/3588 3971/3971
f 4067/4067 4031/4031 4045/4045
f 4035/4035 4032/4032 4041/4041
f 1623/1623 1624/1624 4068/4068
f 4068/4068 4009/4009 1623/1623
f 1624/1624 1631/1631 4068/4068
f 4067/4067 4036/4036 4031/4031
f 4069/4069 4068/4068 1631/1631
f 4069/4069 4009/4009 4068/4068
f 3853/3853 3854/3854 4070/4070
f 4069/4069 4008/4008 4009/4009
f 4041/4041 4040/4040 3934/3934
f 4041/4041 3934/3934 4071/4071
f 4044/4044 4067/4067 4045/4045
f 1640/1640 4069/4069 1631/1631
f 4072/4072 4067/4067 4044/4044
f 4073/4073 3853/3853 4070/4070
f 4073/4073 3856/3856 3853/3853
f 4071/4071 4060/4060 4041/4041
f 4036/4036 4067/4067 4065/4065
f 3854/3854 4039/4039 4070/4070
f 4070/4070 4074/4074 4073/4073
f 4065/4065 4067/4067 4072/4072
f 4039/4039 4074/4074 4070/4070
f 4052/4052 4074/4074 4039/4039
f 4075/4075 4065/4065 4072/4072
f 3856/3856 4073/4073 3872/3872
f 4076/4076 3872/3872 4073/4073
f 4028/4028 4008/4008 4069/4069
f 4077/4077 3872/3872 4076/4076
f 4069/4069 1640/1640 1818/1818
f 4060/4060 4071/4071 4078/4078
f 4079/4079 4073/4073 4074/4074
f 4062/4062 4066/4066 3491/3491
f 4069/4069 1818/1818 4028/4028
f 3491/3491 4066/4066 4080/4080
f 4077/4077 4076/4076 4079/4079
f 4060/4060 4078/4078 4066/4066
f 4079/4079 4076/4076 4073/4073
f 4023/4023 3968/3968 4081/4081
f 3968/3968 3995/3995 4081/4081
f 4077/4077 4079/4079 4082/4082
f 3948/3948 4079/4079 3940/3940
f 4079/4079 3948/3948 4082/4082
f 4084/4084 4066/4066 4078/4078
f 4080/4080 4066/4066 4084/4084
f 3948/3948 3947/3947 4082/4082
f 1818/1818 4086/4086 4028/4028
f 4071/4071 3974/3974 4087/4087
f 4082/4082 3874/3874 3872/3872
f 4082/4082 3872/3872 4077/4077
f 4026/4026 4023/4023 4088/4088
f 3874/3874 4082/4082 3878/3878
f 4071/4071 4089/4089 4078/4078
f 4086/4086 4083/4083 4028/4028
f 4088/4088 4081/4081 4085/4085
f 4083/4083 4086/4086 4090/4090
f 4091/4091 4088/4088 4085/4085
f 4089/4089 4071/4071 4087/4087
f 4088/4088 4023/4023 4081/4081
f 4058/4058 4074/4074 4052/4052
f 4092/4092 4090/4090 4086/4086
f 4079/4079 4074/4074 4093/4093
f 4033/4033 4028/4028 4083/4083
f 4074/4074 4058/4058 4093/4093
f 4079/4079 4093/4093 3940/3940
f 4081/4081 3995/3995 2007/2007
f 3940/3940 4093/4093 3941/3941
f 3941/3941 4093/4093 4058/4058
f 4084/4084 4078/4078 4089/4089
f 4085/4085 4081/4081 2007/2007
f 4089/4089 4087/4087 4094/4094
f 3954/3954 3941/3941 4058/4058
f 4095/4095 4089/4089 4094/4094
f 1818/1818 4096/4096 4086/4086
f 4095/4095 4084/4084 4089/4089
f 4097/4097 2007/2007 2018/2018
f 3491/3491 3449/3449 4062/4062
f 4096/4096 1818/1818 1843/1843
f 2007/2007 4097/4097 4085/4085
f 4080/4080 3511/3511 3491/3491
f 4024/4024 4034/4034 4055/4055
f 4096/4096 4098/4098 4099/4099
f 4096/4096 3918/3918 4086/4086
f 1258/1258 4034/4034 1614/1614
f 4096/4096 1843/1843 4098/4098
f 4098/4098 1843/1843 1854/1854
f 4091/4091 4085/4085 4097/4097
f 1258/1258 4101/4101 4034/4034
f 4080/4080 3522/3522 3511/3511
f 4099/4099 4098/4098 1854/1854
f 4101/4101 4055/4055 4034/4034
f 4026/4026 4088/4088 4102/4102
f 4001/4001 3971/3971 4003/4003
f 4003/4003 3971/3971 3975/3975
f 4071/4071 3934/3934 3974/3974
f 4103/4103 3975/3975 3982/3982
f 4003/4003 3975/3975 4103/4103
f 4103/4103 4018/4018 4003/4003
f 4103/4103 3982/3982 4105/4105
f 4103/4103 4105/4105 4106/4106
f 4091/4091 4097/4097 4107/4107
f 3986/3986 3974/3974 3970/3970
f 4101/4101 1258/1258 1276/1276
f 4091/4091 4102/4102 4088/4088
f 4102/4102 4091/4091 4107/4107
f 4101/4101 1276/1276 4108/4108
f 4100/4100 4107/4107 4097/4097
f 4103/4103 4106/4106 4018/4018
f 4087/4087 3974/3974 3986/3986
f 4107/4107 4100/4100 4109/4109
f 4087/4087 3986/3986 4110/4110
f 3932/3932 4018/4018 4106/4106
f 4109/4109 4100/4100 4111/4111
f 4106/4106 3915/3915 3932/3932
f 4112/4112 4102/4102 4107/4107
f 4040/4040 4020/4020 4018/4018
f 4113/4113 4112/4112 4107/4107
f 4018/4018 3932/3932 4040/4040
f 4115/4115 4112/4112 4113/4113
f 4101/4101 4108/4108 4114/4114
f 4116/4116 4022/4022 4030/4030
f 4107/4107 4109/4109 4113/4113
f 4104/4104 4054/4054 4101/4101
f 4109/4109 4117/4117 4113/4113
f 4054/4054 4104/4104 4064/4064
f 4094/4094 4087/4087 4110/4110
f 4033/4033 4116/4116 4030/4030
f 4094/4094 4110/4110 4118/4118
f 4033/4033 4090/4090 4116/4116
f 4094/4094 4118/4118 4119/4119
f 4109/4109 4120/4120 4117/4117
f 4118/4118 4110/4110 3992/3992
f 4114/4114 4121/4121 4104/4104
f 4104/4104 4061/4061 4064/4064
f 4102/4102 4044/4044 4026/4026
f 4101/4101 4114/4114 4104/4104
f 4072/4072 4044/4044 4102/4102
f 4122/4122 3982/3982 4053/4053
f 3983/3983 4110/4110 3986/3986
f 4121/4121 4061/4061 4104/4104
f 3954/3954 4061/4061 3987/3987
f 4061/4061 4121/4121 3987/3987
f 4110/4110 3983/3983 3992/3992
f 4121/4121 3991/3991 3987/3987
f 4053/4053 3920/3920 3916/3916
f 4057/4057 3920/3920 4053/4053
f 3991/3991 4121/4121 4114/4114
f 3997/3997 4063/4063 3992/3992
f 4102/4102 4124/4124 4072/4072
f 4124/4124 4102/4102 4112/4112
f 4092/4092 4086/4086 3918/3918
f 3989/3989 3991/3991 4004/4004
f 4122/4122 4105/4105 3982/3982
f 4105/4105 4122/4122 3916/3916
f 4090/4090 4033/4033 4083/4083
f 4053/4053 3916/3916 4122/4122
f 2018/2018 2007/2007 2001/2001
f 4105/4105 3916/3916 3915/3915
f 4105/4105 3915/3915 4106/4106
f 4108/4108 4126/4126 4114/4114
f 4090/4090 4125/4125 4116/4116
f 4092/4092 4125/4125 4090/4090
f 4126/4126 4108/4108 1276/1276
f 1276/1276 1283/1283 1623/1623
f 1623/1623 4126/4126 1276/1276
f 2018/2018 2143/2143 4100/4100
f 4057/4057 4046/4046 4022/4022
f 4092/4092 3917/3917 4125/4125
f 4057/4057 4022/4022 4127/4127
f 4111/4111 4100/4100 2143/2143
f 2018/2018 4100/4100 4097/4097
f 4022/4022 4116/4116 4127/4127
f 4116/4116 3930/3930 3956/3956
f 4114/4114 4126/4126 4004/4004
f 3930/3930 4116/4116 4125/4125
f 4127/4127 3920/3920 4057/4057
f 3929/3929 3956/3956 3930/3930
f 4005/4005 4004/4004 4126/4126
f 4009/4009 4126/4126 1623/1623
f 3917/3917 3925/3925 4125/4125
f 3921/3921 3925/3925 3917/3917
f 3925/3925 3930/3930 4125/4125
f 4005/4005 4126/4126 4009/4009
f 3920/3920 4127/4127 4116/4116
f 4114/4114 4004/4004 3991/3991
f 4111/4111 2143/2143 2175/2175
f 3920/3920 4116/4116 3956/3956
f 4099/4099 3918/3918 4096/4096
f 4128/4128 4111/4111 2175/2175
f 3918/3918 3917/3917 4092/4092
f 4129/4129 4128/4128 2175/2175
f 4130/4130 4111/4111 4128/4128
f 1927/1927 3979/3979 1854/1854
f 4099/4099 1854/1854 3979/3979
f 3878/3878 3922/3922 3540/3540
f 3919/3919 3932/3932 3915/3915
f 4131/4131 4130/4130 4128/4128
f 4131/4131 4128/4128 4132/4132
f 4082/4082 3947/3947 3878/3878
f 3947/3947 3922/3922 3878/3878
f 4133/4133 4128/4128 4129/4129
f 3917/3917 3918/3918 4099/4099
f 3917/3917 4099/4099 3921/3921
f 4128/4128 4133/4133 4134/4134
f 3922/3922 3947/3947 3923/3923
f 4134/4134 4133/4133 4135/4135
f 3921/3921 4099/4099 3979/3979
f 3921/3921 3979/3979 3928/3928
f 4132/4132 4128/4128 4134/4134
f 3979/3979 3980/3980 3928/3928
f 4111/4111 4120/4120 4109/4109
f 4130/4130 4120/4120 4111/4111
f 4131/4131 4117/4117 4120/4120
f 4130/4130 4131/4131 4120/4120
f 3959/3959 3927/3927 3928/3928
f 2175/2175 2182/2182 4129/4129
f 2186/2186 4129/4129 2182/2182
f 3959/3959 3928/3928 3980/3980
f 4133/4133 4129/4129 2186/2186
f 2189/2189 4133/4133 2186/2186
f 4135/4135 4133/4133 2189/2189
f 4135/4135 2189/2189 2195/2195
f 4138/4138 4139/4139 4140/4140
f 4141/4141 4142/4142 4143/4143
f 4141/4141 4144/4144 4142/4142
f 4145/4145 4144/4144 4141/4141
f 4146/4146 4147/4147 4136/4136
f 4148/4148 4149/4149 4150/4150
f 4151/4151 4144/4144 4152/4152
f 4142/4142 4144/4144 4151/4151
f 4153/4153 4154/4154 4155/4155
f 4156/4156 4154/4154 4153/4153
f 4157/4157 4158/4158 4159/4159
f 4160/4160 4161/4161 4162/4162
f 4157/4157 4163/4163 4158/4158
f 4152/4152 4164/4164 4151/4151
f 4153/4153 4165/4165 4156/4156
f 4166/4166 4136/4136 4137/4137
f 4167/4167 4168/4168 4163/4163
f 4169/4169 4165/4165 4153/4153
f 4158/4158 4170/4170 4171/4171
f 4164/4164 4172/4172 4151/4151
f 4136/4136 4166/4166 4173/4173
f 4164/4164 4174/4174 4172/4172
f 4172/4172 4174/4174 4175/4175
f 4176/4176 4153/4153 4155/4155
f 4162/4162 4144/4144 4177/4177
f 4162/4162 4152/4152 4144/4144
f 4178/4178 4176/4176 4155/4155
f 4162/4162 4161/4161 4152/4152
f 4164/4164 4152/4152 4161/4161
f 4179/4179 4164/4164 4161/4161
f 4169/4169 4153/4153 4176/4176
f 4136/4136 4180/4180 4146/4146
f 4181/4181 4182/4182 4183/4183
f 4184/4184 4183/4183 4185/4185
f 4186/4186 4516/4516 4187/4187
f 4187/4187 4188/4188 4186/4186
f 4183/4183 4189/4189 4181/4181
f 4184/4184 4189/4189 4183/4183
f 4193/4193 2578/2578 187/187
f 4193/4193 187/187 186/186
f 4165/4165 4194/4194 4156/4156
f 4195/4195 4193/4193 186/186
f 4196/4196 186/186 3830/3830
f 4195/4195 186/186 4196/4196
f 4165/4165 4198/4198 4194/4194
f 4199/4199 4200/4200 4168/4168
f 2578/2578 4193/4193 2583/2583
f 4193/4193 4201/4201 2583/2583
f 4202/4202 4198/4198 4165/4165
f 4203/4203 4199/4199 4204/4204
f 4168/4168 4204/4204 4199/4199
f 4195/4195 4201/4201 4193/4193
f 4165/4165 4190/4190 4202/4202
f 4206/4206 4203/4203 4181/4181
f 4203/4203 4206/4206 4199/4199
f 4188/4188 4197/4197 4186/4186
f 4202/4202 4190/4190 4185/4185
f 4207/4207 4199/4199 4208/4208
f 4199/4199 4206/4206 4208/4208
f 4208/4208 4209/4209 4207/4207
f 4206/4206 4181/4181 4189/4189
f 4190/4190 4211/4211 4185/4185
f 4189/4189 4212/4212 4206/4206
f 4190/4190 4165/4165 4169/4169
f 4214/4214 4189/4189 4184/4184
f 4215/4215 4201/4201 4216/4216
f 4214/4214 4212/4212 4189/4189
f 4217/4217 4215/4215 4216/4216
f 4217/4217 4216/4216 4218/4218
f 4195/4195 4216/4216 4201/4201
f 4186/4186 4197/4197 4213/4213
f 4178/4178 4138/4138 4140/4140
f 4201/4201 4215/4215 4210/4210
f 4219/4219 4206/4206 4212/4212
f 4206/4206 4219/4219 4208/4208
f 4143/4143 4210/4210 4215/4215
f 4143/4143 4215/4215 4217/4217
f 4208/4208 4219/4219 4220/4220
f 4219/4219 4212/4212 4221/4221
f 4220/4220 4219/4219 4221/4221
f 4222/4222 4223/4223 4224/4224
f 2583/2583 4201/4201 4210/4210
f 4224/4224 4223/4223 4225/4225
f 2583/2583 4210/4210 2590/2590
f 4225/4225 4226/4226 4224/4224
f 4226/4226 4225/4225 4227/4227
f 4228/4228 4226/4226 4227/4227
f 4224/4224 4229/4229 4222/4222
f 4229/4229 4230/4230 4222/4222
f 4224/4224 4226/4226 4229/4229
f 4231/4231 4178/4178 4140/4140
f 4233/4233 4178/4178 4231/4231
f 4230/4230 4229/4229 4226/4226
f 4232/4232 4230/4230 4226/4226
f 4176/4176 4178/4178 4234/4234
f 4235/4235 4141/4141 4217/4217
f 4230/4230 4236/4236 4237/4237
f 4145/4145 4141/4141 4235/4235
f 4172/4172 2590/2590 4210/4210
f 4236/4236 4230/4230 4232/4232
f 4238/4238 4239/4239 4240/4240
f 4241/4241 4236/4236 4232/4232
f 4142/4142 4172/4172 4143/4143
f 4234/4234 4169/4169 4176/4176
f 4143/4143 4172/4172 4210/4210
f 4232/4232 4226/4226 4244/4244
f 4242/4242 4245/4245 4234/4234
f 4175/4175 2590/2590 4172/4172
f 4205/4205 4246/4246 4239/4239
f 4205/4205 4197/4197 4246/4246
f 4244/4244 4226/4226 4243/4243
f 4244/4244 4243/4243 4182/4182
f 4233/4233 4234/4234 4178/4178
f 4233/4233 4231/4231 4247/4247
f 4236/4236 4248/4248 4237/4237
f 4248/4248 4236/4236 4241/4241
f 4234/4234 4233/4233 4242/4242
f 4247/4247 4242/4242 4233/4233
f 4241/4241 4249/4249 4167/4167
f 4241/4241 4232/4232 4244/4244
f 4241/4241 4167/4167 4248/4248
f 4244/4244 4182/4182 4249/4249
f 4205/4205 4213/4213 4197/4197
f 4205/4205 4239/4239 4213/4213
f 4241/4241 4244/4244 4249/4249
f 4157/4157 4248/4248 4167/4167
f 4250/4250 4251/4251 4169/4169
f 4167/4167 4163/4163 4157/4157
f 2606/2606 2590/2590 4175/4175
f 4167/4167 4249/4249 4204/4204
f 4168/4168 4167/4167 4204/4204
f 4239/4239 4238/4238 4213/4213
f 4252/4252 4185/4185 4211/4211
f 4204/4204 4249/4249 4182/4182
f 4182/4182 4181/4181 4204/4204
f 4252/4252 4184/4184 4185/4185
f 4203/4203 4204/4204 4181/4181
f 4254/4254 4255/4255 4256/4256
f 4254/4254 4256/4256 4257/4257
f 4258/4258 2606/2606 4175/4175
f 4211/4211 4190/4190 4251/4251
f 4259/4259 4211/4211 4251/4251
f 4142/4142 4151/4151 4172/4172
f 4251/4251 4190/4190 4169/4169
f 4260/4260 4137/4137 4213/4213
f 4259/4259 4251/4251 4250/4250
f 4261/4261 4262/4262 4263/4263
f 4214/4214 4252/4252 4264/4264
f 4264/4264 4252/4252 4211/4211
f 4260/4260 4213/4213 4253/4253
f 4265/4265 4262/4262 4266/4266
f 4214/4214 4184/4184 4252/4252
f 4267/4267 4268/4268 4269/4269
f 4268/4268 4270/4270 4269/4269
f 4268/4268 4267/4267 4271/4271
f 4221/4221 4212/4212 4272/4272
f 4214/4214 4272/4272 4212/4212
f 2597/2597 2590/2590 2606/2606
f 4214/4214 4275/4275 4272/4272
f 4276/4276 4277/4277 4274/4274
f 4238/4238 4253/4253 4213/4213
f 4276/4276 4278/4278 4277/4277
f 4211/4211 4259/4259 4264/4264
f 4279/4279 4278/4278 4276/4276
f 4264/4264 4259/4259 4280/4280
f 4281/4281 4259/4259 4250/4250
f 4282/4282 4283/4283 4268/4268
f 4284/4284 4279/4279 4276/4276
f 4284/4284 4285/4285 4279/4279
f 4281/4281 4280/4280 4259/4259
f 4279/4279 4286/4286 4278/4278
f 4286/4286 4279/4279 4287/4287
f 4250/4250 4169/4169 4234/4234
f 4285/4285 4287/4287 4279/4279
f 4253/4253 4238/4238 4289/4289
f 4245/4245 4250/4250 4234/4234
f 4289/4289 4238/4238 4288/4288
f 4290/4290 4291/4291 4292/4292
f 4294/4294 4253/4253 4289/4289
f 4191/4191 3835/3835 3834/3834
f 4294/4294 4295/4295 4253/4253
f 4242/4242 4247/4247 4245/4245
f 4297/4297 4298/4298 4299/4299
f 3879/3879 4191/4191 3834/3834
f 4300/4300 4294/4294 4301/4301
f 4247/4247 4302/4302 4245/4245
f 4303/4303 4282/4282 4268/4268
f 4303/4303 4304/4304 4282/4282
f 4245/4245 4293/4293 4250/4250
f 4293/4293 4245/4245 4302/4302
f 4250/4250 4293/4293 4281/4281
f 4301/4301 4294/4294 4289/4289
f 4302/4302 4281/4281 4293/4293
f 4300/4300 4301/4301 4308/4308
f 4307/4307 4309/4309 4306/4306
f 4310/4310 4281/4281 4302/4302
f 4301/4301 4305/4305 4308/4308
f 4309/4309 4311/4311 4306/4306
f 4312/4312 4313/4313 4307/4307
f 4313/4313 4309/4309 4307/4307
f 4314/4314 4310/4310 4302/4302
f 4315/4315 4309/4309 4313/4313
f 4313/4313 4312/4312 4149/4149
f 4313/4313 4149/4149 4315/4315
f 4316/4316 4315/4315 4149/4149
f 4213/4213 4137/4137 4186/4186
f 4317/4317 4287/4287 4285/4285
f 4317/4317 4285/4285 4318/4318
f 4319/4319 4318/4318 4285/4285
f 4320/4320 4321/4321 4318/4318
f 4318/4318 4322/4322 4317/4317
f 4323/4323 4324/4324 4321/4321
f 4325/4325 4280/4280 4281/4281
f 4321/4321 4326/4326 4318/4318
f 4326/4326 4322/4322 4318/4318
f 4321/4321 4324/4324 4326/4326
f 4327/4327 4326/4326 4324/4324
f 4329/4329 4322/4322 4326/4326
f 4330/4330 4302/4302 4247/4247
f 4327/4327 4329/4329 4326/4326
f 4179/4179 4174/4174 4164/4164
f 4331/4331 4332/4332 4333/4333
f 4260/4260 4166/4166 4137/4137
f 4174/4174 4179/4179 4334/4334
f 4330/4330 4314/4314 4302/4302
f 4150/4150 4149/4149 4312/4312
f 4148/4148 4316/4316 4149/4149
f 4174/4174 4334/4334 4175/4175
f 4295/4295 4166/4166 4260/4260
f 4335/4335 4334/4334 4336/4336
f 4337/4337 4316/4316 4148/4148
f 4327/4327 4324/4324 4338/4338
f 4310/4310 4314/4314 4339/4339
f 4340/4340 4327/4327 4338/4338
f 4341/4341 4148/4148 4342/4342
f 4341/4341 4337/4337 4148/4148
f 4338/4338 4343/4343 4340/4340
f 4330/4330 4344/4344 4314/4314
f 4345/4345 4346/4346 4340/4340
f 4343/4343 4345/4345 4340/4340
f 4327/4327 4340/4340 4329/4329
f 4295/4295 4260/4260 4253/4253
f 4347/4347 4348/4348 4349/4349
f 4350/4350 4347/4347 4349/4349
f 4161/4161 4351/4351 4179/4179
f 4352/4352 4209/4209 4208/4208
f 4351/4351 4353/4353 4179/4179
f 4352/4352 4354/4354 4209/4209
f 4294/4294 4300/4300 4295/4295
f 4355/4355 4356/4356 4353/4353
f 4353/4353 4328/4328 4179/4179
f 4352/4352 4220/4220 4357/4357
f 4353/4353 4356/4356 4358/4358
f 4336/4336 4353/4353 4358/4358
f 4328/4328 4353/4353 4336/4336
f 4352/4352 4208/4208 4220/4220
f 4360/4360 4358/4358 4356/4356
f 4336/4336 4358/4358 4335/4335
f 4360/4360 4362/4362 4358/4358
f 4335/4335 4358/4358 4362/4362
f 4365/4365 4335/4335 4362/4362
f 3892/3892 4366/4366 3899/3899
f 4359/4359 4367/4367 4356/4356
f 4356/4356 4367/4367 4360/4360
f 4367/4367 4349/4349 4360/4360
f 4360/4360 4349/4349 4368/4368
f 4368/4368 4362/4362 4360/4360
f 3892/3892 3898/3898 4369/4369
f 4361/4361 2722/2722 2608/2608
f 4335/4335 4370/4370 4334/4334
f 4371/4371 4368/4368 4348/4348
f 4348/4348 4368/4368 4349/4349
f 4372/4372 4363/4363 4364/4364
f 4371/4371 4348/4348 4373/4373
f 4373/4373 4374/4374 4371/4371
f 4375/4375 3892/3892 4369/4369
f 4377/4377 4373/4373 4348/4348
f 4361/4361 4378/4378 2722/2722
f 4379/4379 4380/4380 4377/4377
f 4380/4380 4373/4373 4377/4377
f 4380/4380 4379/4379 4381/4381
f 4382/4382 4383/4383 4384/4384
f 3902/3902 4369/4369 3898/3898
f 4385/4385 4382/4382 4384/4384
f 4381/4381 4386/4386 4380/4380
f 4373/4373 4380/4380 4386/4386
f 4384/4384 4383/4383 4387/4387
f 4369/4369 3902/3902 4388/4388
f 4370/4370 4335/4335 4365/4365
f 4389/4389 4370/4370 4365/4365
f 3898/3898 3891/3891 3902/3902
f 4362/4362 4368/4368 4371/4371
f 4362/4362 4371/4371 4365/4365
f 4371/4371 4374/4374 4365/4365
f 4390/4390 4391/4391 4180/4180
f 4389/4389 4365/4365 4374/4374
f 4393/4393 3507/3507 3506/3506
f 4391/4391 4387/4387 4383/4383
f 3506/3506 4394/4394 4393/4393
f 4412/4412 4394/4394 3469/3469
f 3469/3469 4394/4394 3506/3506
f 4180/4180 4391/4391 4383/4383
f 4395/4395 4396/4396 4397/4397
f 4398/4398 4334/4334 4370/4370
f 3904/3904 3902/3902 3901/3901
f 4397/4397 4384/4384 4387/4387
f 4393/4393 4399/4399 3507/3507
f 4397/4397 4400/4400 4395/4395
f 4400/4400 4401/4401 4395/4395
f 4397/4397 4387/4387 4402/4402
f 4403/4403 4370/4370 4389/4389
f 4404/4404 4405/4405 4401/4401
f 4395/4395 4401/4401 4405/4405
f 3902/3902 3904/3904 4406/4406
f 4400/4400 4408/4408 4401/4401
f 4409/4409 4374/4374 4373/4373
f 4397/4397 4402/4402 4400/4400
f 4389/4389 4374/4374 4409/4409
f 4410/4410 4393/4393 4394/4394
f 4387/4387 4391/4391 4402/4402
f 4403/4403 4389/4389 4409/4409
f 4408/4408 4400/4400 4411/4411
f 4402/4402 4411/4411 4400/4400
f 4391/4391 4413/4413 4402/4402
f 4390/4390 4413/4413 4391/4391
f 4402/4402 4413/4413 4411/4411
f 4415/4415 4416/4416 4413/4413
f 4407/4407 4370/4370 4403/4403
f 4417/4417 4136/4136 4173/4173
f 4403/4403 4414/4414 4418/4418
f 4392/4392 3902/3902 4406/4406
f 4418/4418 4419/4419 4403/4403
f 4403/4403 4409/4409 4414/4414
f 4421/4421 4417/4417 4173/4173
f 4422/4422 4421/4421 4173/4173
f 4392/4392 4388/4388 3902/3902
f 3523/3523 4412/4412 3514/3514
f 4423/4423 4388/4388 4392/4392
f 4417/4417 4180/4180 4136/4136
f 2606/2606 4258/4258 4361/4361
f 4390/4390 4180/4180 4417/4417
f 4424/4424 4369/4369 4388/4388
f 4426/4426 4394/4394 4425/4425
f 4375/4375 4369/4369 4424/4424
f 4175/4175 4334/4334 4258/4258
f 4417/4417 4427/4427 4390/4390
f 4425/4425 4412/4412 3523/3523
f 4412/4412 4425/4425 4394/4394
f 4390/4390 4427/4427 4415/4415
f 4423/4423 4424/4424 4388/4388
f 4428/4428 4415/4415 4427/4427
f 4375/4375 4424/4424 4429/4429
f 4430/4430 4428/4428 4427/4427
f 4415/4415 4413/4413 4390/4390
f 3523/3523 4431/4431 4425/4425
f 4427/4427 4417/4417 4421/4421
f 4432/4432 4394/4394 4426/4426
f 4430/4430 4427/4427 4421/4421
f 4429/4429 4424/4424 4433/4433
f 4434/4434 4426/4426 4425/4425
f 4435/4435 4430/4430 4421/4421
f 4434/4434 4425/4425 4431/4431
f 4334/4334 4398/4398 4258/4258
f 4426/4426 4434/4434 4432/4432
f 4406/4406 4423/4423 4392/4392
f 4436/4436 4406/4406 4420/4420
f 4439/4439 4440/4440 4438/4438
f 4398/4398 4361/4361 4258/4258
f 4372/4372 4437/4437 4363/4363
f 4437/4437 4442/4442 4363/4363
f 4434/4434 4443/4443 4432/4432
f 4444/4444 4443/4443 4434/4434
f 4445/4445 4423/4423 4436/4436
f 4431/4431 4444/4444 4434/4434
f 4437/4437 4440/4440 4442/4442
f 4446/4446 4447/4447 4440/4440
f 4436/4436 4423/4423 4406/4406
f 4438/4438 4404/4404 4401/4401
f 4408/4408 4448/4448 4439/4439
f 4401/4401 4408/4408 4438/4438
f 4438/4438 4408/4408 4439/4439
f 4445/4445 4424/4424 4423/4423
f 4439/4439 4446/4446 4440/4440
f 4441/4441 4445/4445 4436/4436
f 4448/4448 4446/4446 4439/4439
f 4450/4450 4446/4446 4448/4448
f 4448/4448 4408/4408 4411/4411
f 4411/4411 4451/4451 4448/4448
f 4452/4452 4445/4445 4441/4441
f 4413/4413 4451/4451 4411/4411
f 4451/4451 4413/4413 4416/4416
f 4451/4451 4450/4450 4448/4448
f 4451/4451 4453/4453 4450/4450
f 4363/4363 4442/4442 4376/4376
f 4454/4454 4376/4376 4442/4442
f 4455/4455 4375/4375 4429/4429
f 4447/4447 4454/4454 4442/4442
f 4447/4447 4446/4446 4457/4457
f 4458/4458 4459/4459 4447/4447
f 4457/4457 4458/4458 4447/4447
f 4460/4460 4461/4461 4458/4458
f 4462/4462 2722/2722 4456/4456
f 3904/3904 3505/3505 3507/3507
f 4464/4464 4450/4450 4453/4453
f 4463/4463 4464/4464 4453/4453
f 4465/4465 4463/4463 4466/4466
f 4464/4464 4463/4463 4465/4465
f 4406/4406 3904/3904 3507/3507
f 4416/4416 4415/4415 4428/4428
f 4453/4453 4416/4416 4428/4428
f 4416/4416 4453/4453 4451/4451
f 4406/4406 3507/3507 4399/4399
f 4463/4463 4453/4453 4428/4428
f 4399/4399 4420/4420 4406/4406
f 4463/4463 4428/4428 4430/4430
f 4430/4430 4435/4435 4468/4468
f 4378/4378 4361/4361 4398/4398
f 4463/4463 4430/4430 4466/4466
f 4466/4466 4430/4430 4470/4470
f 4465/4465 4466/4466 4470/4470
f 4469/4469 4420/4420 4399/4399
f 4470/4470 4430/4430 4468/4468
f 4456/4456 4471/4471 4472/4472
f 4468/4468 4473/4473 4470/4470
f 4472/4472 4462/4462 4456/4456
f 4410/4410 4399/4399 4393/4393
f 4450/4450 4457/4457 4446/4446
f 4410/4410 4469/4469 4399/4399
f 4464/4464 4457/4457 4450/4450
f 4457/4457 4464/4464 4474/4474
f 4464/4464 4465/4465 4474/4474
f 4456/4456 4475/4475 4471/4471
f 4475/4475 4476/4476 4471/4471
f 4474/4474 4465/4465 4477/4477
f 4436/4436 4469/4469 4478/4478
f 4465/4465 4470/4470 4477/4477
f 4398/4398 4467/4467 4479/4479
f 4474/4474 4477/4477 4480/4480
f 4470/4470 4473/4473 4477/4477
f 4469/4469 4436/4436 4420/4420
f 4480/4480 4477/4477 4473/4473
f 4457/4457 4460/4460 4458/4458
f 4474/4474 4460/4460 4457/4457
f 4480/4480 4460/4460 4474/4474
f 4481/4481 4436/4436 4478/4478
f 4482/4482 4460/4460 4480/4480
f 2596/2596 4462/4462 4472/4472
f 4394/4394 4432/4432 4410/4410
f 4483/4483 4410/4410 4432/4432
f 4462/4462 2596/2596 2722/2722
f 4410/4410 4478/4478 4469/4469
f 4483/4483 4478/4478 4410/4410
f 4436/4436 4481/4481 4441/4441
f 4308/4308 4484/4484 4485/4485
f 4487/4487 4300/4300 4308/4308
f 4487/4487 4308/4308 4485/4485
f 4488/4488 4472/4472 4471/4471
f 4487/4487 4485/4485 4489/4489
f 4481/4481 4478/4478 4486/4486
f 4486/4486 4478/4478 4483/4483
f 4486/4486 4483/4483 4443/4443
f 2722/2722 4378/4378 4456/4456
f 4173/4173 4166/4166 4422/4422
f 4422/4422 4166/4166 4490/4490
f 4491/4491 4471/4471 4476/4476
f 4295/4295 4490/4490 4166/4166
f 4443/4443 4483/4483 4432/4432
f 4471/4471 4491/4491 4488/4488
f 4492/4492 4295/4295 4300/4300
f 4491/4491 4476/4476 4493/4493
f 4490/4490 4295/4295 4492/4492
f 4378/4378 4398/4398 4479/4479
f 4433/4433 4424/4424 4494/4494
f 4445/4445 4494/4494 4424/4424
f 4435/4435 4421/4421 4422/4422
f 4495/4495 4493/4493 4496/4496
f 4407/4407 4398/4398 4370/4370
f 4491/4491 4493/4493 4495/4495
f 4398/4398 4407/4407 4467/4467
f 4422/4422 4490/4490 4497/4497
f 4467/4467 4407/4407 4403/4403
f 4498/4498 4488/4488 4491/4491
f 4435/4435 4422/4422 4497/4497
f 4494/4494 4445/4445 4499/4499
f 4403/4403 4419/4419 4467/4467
f 4498/4498 4491/4491 4495/4495
f 4490/4490 4492/4492 4500/4500
f 4479/4479 4467/4467 4419/4419
f 4490/4490 4500/4500 4497/4497
f 4501/4501 4502/4502 4499/4499
f 4503/4503 4497/4497 4500/4500
f 4498/4498 4504/4504 4488/4488
f 4445/4445 4452/4452 4499/4499
f 4472/4472 2633/2633 2596/2596
f 4505/4505 4452/4452 4441/4441
f 4506/4506 4192/4192 4191/4191
f 4505/4505 4507/4507 4452/4452
f 4499/4499 4452/4452 4507/4507
f 4488/4488 2633/2633 4472/4472
f 4502/4502 4494/4494 4499/4499
f 4509/4509 4492/4492 4300/4300
f 4500/4500 4492/4492 4509/4509
f 4502/4502 4501/4501 4510/4510
f 4509/4509 4300/4300 4487/4487
f 4509/4509 4487/4487 4511/4511
f 4510/4510 4512/4512 4502/4502
f 4501/4501 4499/4499 4507/4507
f 4509/4509 4503/4503 4500/4500
f 4513/4513 4510/4510 4507/4507
f 4501/4501 4507/4507 4510/4510
f 4504/4504 2633/2633 4488/4488
f 2633/2633 4504/4504 4515/4515
f 4511/4511 4487/4487 4489/4489
f 4514/4514 4510/4510 4513/4513
f 4512/4512 4510/4510 4516/4516
f 4497/4497 4517/4517 4435/4435
f 4518/4518 4435/4435 4517/4517
f 4516/4516 4510/4510 4514/4514
f 4517/4517 4497/4497 4503/4503
f 4520/4520 4517/4517 4503/4503
f 4521/4521 4517/4517 4520/4520
f 4521/4521 4518/4518 4517/4517
f 2634/2634 2633/2633 4515/4515
f 2648/2648 2634/2634 4515/4515
f 4518/4518 4521/4521 4522/4522
f 4523/4523 4524/4524 4429/4429
f 4493/4493 4525/4525 4496/4496
f 4523/4523 4429/4429 4433/4433
f 4518/4518 4468/4468 4435/4435
f 4527/4527 4523/4523 4433/4433
f 4496/4496 4528/4528 4529/4529
f 4473/4473 4468/4468 4518/4518
f 4522/4522 4473/4473 4518/4518
f 4527/4527 4530/4530 4523/4523
f 4495/4495 4504/4504 4498/4498
f 4480/4480 4473/4473 4531/4531
f 4531/4531 4473/4473 4522/4522
f 4482/4482 4480/4480 4531/4531
f 4529/4529 4532/4532 4495/4495
f 4494/4494 4527/4527 4433/4433
f 4495/4495 4496/4496 4529/4529
f 4511/4511 4503/4503 4509/4509
f 4503/4503 4511/4511 4534/4534
f 4535/4535 4529/4529 4528/4528
f 4529/4529 4535/4535 4532/4532
f 4503/4503 4534/4534 4536/4536
f 4528/4528 4537/4537 4535/4535
f 4538/4538 4530/4530 4527/4527
f 4538/4538 4527/4527 4533/4533
f 4520/4520 4503/4503 4536/4536
f 4494/4494 4533/4533 4527/4527
f 4534/4534 4511/4511 4489/4489
f 4539/4539 4533/4533 4494/4494
f 4515/4515 4504/4504 4541/4541
f 4540/4540 4541/4541 4504/4504
f 4542/4542 4533/4533 4539/4539
f 4515/4515 4543/4543 2648/2648
f 4544/4544 2648/2648 4543/4543
f 4541/4541 4545/4545 4515/4515
f 4502/4502 4539/4539 4494/4494
f 4545/4545 4543/4543 4515/4515
f 4520/4520 4536/4536 4521/4521
f 4545/4545 4541/4541 4547/4547
f 4538/4538 4542/4542 4548/4548
f 4533/4533 4542/4542 4538/4538
f 4549/4549 4543/4543 4545/4545
f 4549/4549 4544/4544 4543/4543
f 4545/4545 4547/4547 4549/4549
f 4547/4547 4550/4550 4549/4549
f 4549/4549 4550/4550 4551/4551
f 4548/4548 4542/4542 4552/4552
f 4506/4506 4191/4191 3879/3879
f 4550/4550 4553/4553 4551/4551
f 4554/4554 4506/4506 3879/3879
f 4504/4504 4495/4495 4540/4540
f 4555/4555 4536/4536 4534/4534
f 4540/4540 4495/4495 4532/4532
f 4555/4555 4556/4556 4536/4536
f 4539/4539 4557/4557 4542/4542
f 4540/4540 4532/4532 4558/4558
f 4540/4540 4558/4558 4541/4541
f 4558/4558 4547/4547 4541/4541
f 4384/4384 4397/4397 4396/4396
f 4557/4557 4552/4552 4542/4542
f 4559/4559 4558/4558 4532/4532
f 4560/4560 4552/4552 4557/4557
f 4561/4561 4559/4559 4532/4532
f 4562/4562 4563/4563 4564/4564
f 4535/4535 4561/4561 4532/4532
f 4563/4563 4566/4566 4567/4567
f 4567/4567 4564/4564 4563/4563
f 4567/4567 4570/4570 4564/4564
f 4565/4565 4571/4571 4568/4568
f 4572/4572 4568/4568 4571/4571
f 4573/4573 4535/4535 4537/4537
f 4574/4574 4571/4571 4575/4575
f 4576/4576 4572/4572 4571/4571
f 4550/4550 4547/4547 4558/4558
f 4558/4558 4559/4559 4550/4550
f 4554/4554 3880/3880 3343/3343
f 4577/4577 4578/4578 4579/4579
f 4564/4564 4570/4570 4578/4578
f 4559/4559 4561/4561 4580/4580
f 4580/4580 4550/4550 4559/4559
f 4578/4578 4570/4570 4581/4581
f 4550/4550 4582/4582 4553/4553
f 4581/4581 4583/4583 4579/4579
f 4581/4581 4579/4579 4578/4578
f 4573/4573 4561/4561 4535/4535
f 4584/4584 4581/4581 4570/4570
f 4512/4512 4539/4539 4502/4502
f 4516/4516 4539/4539 4512/4512
f 4586/4586 4561/4561 4573/4573
f 4561/4561 4586/4586 4587/4587
f 4589/4589 4586/4586 4573/4573
f 4516/4516 4557/4557 4539/4539
f 4590/4590 2614/2614 4591/4591
f 4589/4589 4593/4593 4586/4586
f 2615/2615 2614/2614 4590/4590
f 4590/4590 4591/4591 4583/4583
f 4580/4580 4582/4582 4550/4550
f 4582/4582 4580/4580 4587/4587
f 4516/4516 4560/4560 4557/4557
f 4582/4582 4594/4594 4553/4553
f 4583/4583 4591/4591 4579/4579
f 4596/4596 4582/4582 4587/4587
f 4581/4581 4595/4595 4583/4583
f 4582/4582 4596/4596 4597/4597
f 4580/4580 4561/4561 4587/4587
f 4599/4599 4581/4581 4584/4584
f 4598/4598 4585/4585 4600/4600
f 4586/4586 4596/4596 4587/4587
f 4586/4586 4593/4593 4596/4596
f 4599/4599 4595/4595 4581/4581
f 4601/4601 4597/4597 4596/4596
f 4602/4602 4596/4596 4593/4593
f 4601/4601 4596/4596 4602/4602
f 4604/4604 4595/4595 4599/4599
f 4606/4606 4598/4598 4600/4600
f 4607/4607 4496/4496 4525/4525
f 4606/4606 4605/4605 4598/4598
f 4607/4607 4528/4528 4496/4496
f 4525/4525 4608/4608 4607/4607
f 4609/4609 4605/4605 4606/4606
f 3879/3879 3880/3880 4554/4554
f 4610/4610 4609/4609 4606/4606
f 4569/4569 4572/4572 4611/4611
f 4612/4612 4607/4607 4608/4608
f 4611/4611 4585/4585 4569/4569
f 4572/4572 4569/4569 4568/4568
f 4441/4441 4613/4613 4505/4505
f 4614/4614 4611/4611 4572/4572
f 4615/4615 4528/4528 4607/4607
f 4612/4612 4615/4615 4607/4607
f 4616/4616 4617/4617 4619/4619
f 4576/4576 4614/4614 4572/4572
f 4486/4486 4441/4441 4481/4481
f 4617/4617 4620/4620 4619/4619
f 4486/4486 4613/4613 4441/4441
f 4528/4528 4615/4615 4537/4537
f 4611/4611 4600/4600 4585/4585
f 4600/4600 4611/4611 4622/4622
f 4611/4611 4614/4614 4622/4622
f 4615/4615 4623/4623 4537/4537
f 4617/4617 4624/4624 4620/4620
f 4625/4625 4622/4622 4614/4614
f 4613/4613 4486/4486 4626/4626
f 4626/4626 4486/4486 4443/4443
f 4622/4622 4606/4606 4600/4600
f 4627/4627 4628/4628 4616/4616
f 4629/4629 4628/4628 4630/4630
f 4631/4631 4610/4610 4622/4622
f 4631/4631 4622/4622 4625/4625
f 4617/4617 4616/4616 4628/4628
f 4626/4626 4513/4513 4613/4613
f 4554/4554 4519/4519 4506/4506
f 4576/4576 4571/4571 4574/4574
f 4633/4633 4624/4624 4617/4617
f 4634/4634 4617/4617 4628/4628
f 4635/4635 4636/4636 4634/4634
f 4636/4636 4633/4633 4634/4634
f 4505/4505 4513/4513 4507/4507
f 4623/4623 4573/4573 4537/4537
f 4638/4638 4573/4573 4623/4623
f 4513/4513 4505/4505 4613/4613
f 4639/4639 4637/4637 4640/4640
f 4639/4639 4588/4588 4637/4637
f 4642/4642 4643/4643 4644/4644
f 4645/4645 4588/4588 4639/4639
f 4633/4633 4639/4639 4640/4640
f 4640/4640 4624/4624 4633/4633
f 4576/4576 4625/4625 4614/4614
f 4639/4639 4633/4633 4645/4645
f 4645/4645 4646/4646 4588/4588
f 4508/4508 4192/4192 4506/4506
f 4647/4647 4508/4508 4506/4506
f 4648/4648 4649/4649 4625/4625
f 4650/4650 4651/4651 4646/4646
f 4648/4648 4643/4643 4652/4652
f 4646/4646 4645/4645 4650/4650
f 4626/4626 4443/4443 4632/4632
f 4643/4643 4653/4653 4654/4654
f 4632/4632 4443/4443 4449/4449
f 4655/4655 4650/4650 4645/4645
f 4449/4449 4443/4443 4444/4444
f 4656/4656 4654/4654 4657/4657
f 4654/4654 4652/4652 4643/4643
f 4654/4654 4658/4658 4652/4652
f 4659/4659 4660/4660 4645/4645
f 4660/4660 4655/4655 4645/4645
f 4653/4653 4662/4662 4657/4657
f 4653/4653 4657/4657 4654/4654
f 2648/2648 4544/4544 4663/4663
f 4626/4626 4632/4632 4664/4664
f 4665/4665 4661/4661 4508/4508
f 4666/4666 4656/4656 4667/4667
f 4551/4551 4668/4668 4544/4544
f 2647/2647 2648/2648 4663/4663
f 4661/4661 4669/4669 4670/4670
f 4671/4671 2647/2647 4663/4663
f 4673/4673 4632/4632 4449/4449
f 4663/4663 4668/4668 4671/4671
f 4544/4544 4549/4549 4551/4551
f 4663/4663 4544/4544 4668/4668
f 4674/4674 4671/4671 4668/4668
f 4668/4668 4675/4675 4674/4674
f 4514/4514 4513/4513 4626/4626
f 4668/4668 4551/4551 4676/4676
f 4553/4553 4676/4676 4551/4551
f 4666/4666 4677/4677 4678/4678
f 4676/4676 4675/4675 4668/4668
f 4672/4672 4666/4666 4667/4667
f 4677/4677 4666/4666 4672/4672
f 4594/4594 4676/4676 4553/4553
f 4679/4679 4676/4676 4594/4594
f 4626/4626 4187/4187 4514/4514
f 4675/4675 4676/4676 4679/4679
f 4516/4516 4514/4514 4187/4187
f 2653/2653 2647/2647 4671/4671
f 4674/4674 2653/2653 4671/4671
f 2647/2647 2653/2653 2652/2652
f 4665/4665 4508/4508 4647/4647
f 4664/4664 4188/4188 4626/4626
f 4680/4680 4677/4677 4672/4672
f 4188/4188 4187/4187 4626/4626
f 2653/2653 4674/4674 2656/2656
f 4674/4674 4681/4681 2656/2656
f 2653/2653 2656/2656 2654/2654
f 4590/4590 4583/4583 2615/2615
f 2615/2615 4583/4583 2677/2677
f 4647/4647 4506/4506 4519/4519
f 2677/2677 2667/2667 2615/2615
f 4595/4595 2677/2677 4583/4583
f 4682/4682 4679/4679 4683/4683
f 4675/4675 4681/4681 4674/4674
f 4595/4595 2678/2678 2677/2677
f 4188/4188 4664/4664 4246/4246
f 4604/4604 4684/4684 4595/4595
f 2659/2659 2656/2656 4681/4681
f 4684/4684 2678/2678 4595/4595
f 4246/4246 4197/4197 4188/4188
f 4665/4665 4647/4647 4685/4685
f 4675/4675 4679/4679 4681/4681
f 4679/4679 4682/4682 4681/4681
f 4684/4684 4686/4686 2678/2678
f 4687/4687 4684/4684 4604/4604
f 4685/4685 4647/4647 4519/4519
f 2679/2679 2678/2678 2682/2682
f 2678/2678 4686/4686 2682/2682
f 4682/4682 4689/4689 4681/4681
f 4690/4690 2682/2682 4686/4686
f 4691/4691 4682/4682 4683/4683
f 4673/4673 4664/4664 4632/4632
f 4692/4692 4665/4665 4685/4685
f 2682/2682 4690/4690 2683/2683
f 4682/4682 4691/4691 4693/4693
f 4689/4689 4682/4682 4693/4693
f 4687/4687 4686/4686 4684/4684
f 4386/4386 4695/4695 4373/4373
f 4693/4693 4577/4577 4689/4689
f 4696/4696 4695/4695 4386/4386
f 4609/4609 4688/4688 4605/4605
f 4609/4609 4610/4610 4697/4697
f 4577/4577 4693/4693 4562/4562
f 4609/4609 4697/4697 4688/4688
f 4381/4381 4698/4698 4386/4386
f 4700/4700 4686/4686 4687/4687
f 4697/4697 4699/4699 4688/4688
f 4701/4701 4673/4673 4449/4449
f 4564/4564 4577/4577 4562/4562
f 4386/4386 4698/4698 4702/4702
f 4703/4703 4697/4697 4704/4704
f 4702/4702 4696/4696 4386/4386
f 4597/4597 4594/4594 4582/4582
f 4705/4705 4696/4696 4702/4702
f 4683/4683 4679/4679 4594/4594
f 4686/4686 4700/4700 4690/4690
f 4597/4597 4683/4683 4594/4594
f 4597/4597 4706/4706 4683/4683
f 4601/4601 4706/4706 4597/4597
f 4409/4409 4695/4695 4414/4414
f 4700/4700 4710/4710 4690/4690
f 4418/4418 4414/4414 4695/4695
f 4601/4601 4711/4711 4706/4706
f 4683/4683 4706/4706 4691/4691
f 4711/4711 4691/4691 4706/4706
f 4712/4712 4709/4709 4703/4703
f 4239/4239 4246/4246 4664/4664
f 4239/4239 4664/4664 4673/4673
f 4699/4699 4697/4697 4703/4703
f 4699/4699 4703/4703 4709/4709
f 4715/4715 4566/4566 4711/4711
f 4697/4697 4610/4610 4716/4716
f 4711/4711 4601/4601 4715/4715
f 4602/4602 4715/4715 4601/4601
f 4631/4631 4716/4716 4610/4610
f 4571/4571 4565/4565 4714/4714
f 4650/4650 4575/4575 4651/4651
f 4716/4716 4704/4704 4697/4697
f 4563/4563 4691/4691 4711/4711
f 4717/4717 4713/4713 4418/4418
f 4691/4691 4563/4563 4693/4693
f 4563/4563 4562/4562 4693/4693
f 4418/4418 4718/4718 4717/4717
f 4673/4673 4240/4240 4239/4239
f 4711/4711 4566/4566 4563/4563
f 2656/2656 2659/2659 2655/2655
f 4719/4719 4716/4716 4631/4631
f 4716/4716 4719/4719 4720/4720
f 4721/4721 4722/4722 4704/4704
f 4720/4720 4704/4704 4716/4716
f 4409/4409 4373/4373 4695/4695
f 4720/4720 4721/4721 4704/4704
f 2659/2659 4681/4681 2664/2664
f 4681/4681 4689/4689 2664/2664
f 4696/4696 4723/4723 4695/4695
f 4579/4579 2664/2664 4689/4689
f 4695/4695 4718/4718 4418/4418
f 2683/2683 4690/4690 2700/2700
f 2702/2702 2700/2700 4690/4690
f 4690/4690 4710/4710 2702/2702
f 4724/4724 4299/4299 4298/4298
f 4695/4695 4723/4723 4718/4718
f 2709/2709 2702/2702 4710/4710
f 4591/4591 2664/2664 4579/4579
f 4712/4712 2710/2710 4709/4709
f 4724/4724 4725/4725 4299/4299
f 4712/4712 4726/4726 2710/2710
f 4727/4727 4725/4725 4724/4724
f 4728/4728 4723/4723 4729/4729
f 2708/2708 2709/2709 2713/2713
f 4689/4689 4577/4577 4579/4579
f 2710/2710 4726/4726 2712/2712
f 4723/4723 4728/4728 4730/4730
f 4696/4696 4705/4705 4723/4723
f 4729/4729 4723/4723 4705/4705
f 4731/4731 4725/4725 4727/4727
f 4726/4726 4732/4732 2712/2712
f 4577/4577 4564/4564 4578/4578
f 2664/2664 2660/2660 2659/2659
f 4733/4733 4735/4735 4737/4737
f 4722/4722 4738/4738 4739/4739
f 4740/4740 4741/4741 4742/4742
f 2716/2716 2712/2712 4732/4732
f 2664/2664 4591/4591 2665/2665
f 4743/4743 4727/4727 4741/4741
f 4730/4730 4718/4718 4723/4723
f 4743/4743 4741/4741 4740/4740
f 4721/4721 4738/4738 4722/4722
f 4728/4728 4744/4744 4730/4730
f 4745/4745 4738/4738 4721/4721
f 4718/4718 4730/4730 4717/4717
f 2665/2665 4591/4591 2614/2614
f 4717/4717 4730/4730 4746/4746
f 4746/4746 4730/4730 4747/4747
f 4730/4730 4744/4744 4747/4747
f 4744/4744 4748/4748 4747/4747
f 4750/4750 4751/4751 4749/4749
f 4575/4575 4650/4650 4574/4574
f 4649/4649 4719/4719 4631/4631
f 4644/4644 4650/4650 4754/4754
f 4658/4658 4755/4755 4652/4652
f 4756/4756 4755/4755 4658/4658
f 4574/4574 4650/4650 4644/4644
f 4757/4757 4658/4658 4654/4654
f 4479/4479 4752/4752 4758/4758
f 4759/4759 4758/4758 4752/4752
f 4331/4331 4760/4760 4332/4332
f 4761/4761 4644/4644 4754/4754
f 4642/4642 4644/4644 4761/4761
f 4719/4719 4762/4762 4720/4720
f 4760/4760 4331/4331 4764/4764
f 4765/4765 4297/4297 4299/4299
f 4299/4299 4766/4766 4765/4765
f 4378/4378 4479/4479 4763/4763
f 4763/4763 4479/4479 4758/4758
f 4725/4725 4766/4766 4299/4299
f 4768/4768 4740/4740 4767/4767
f 4762/4762 4745/4745 4720/4720
f 4769/4769 4740/4740 4768/4768
f 4770/4770 4771/4771 4762/4762
f 4772/4772 4773/4773 4745/4745
f 4771/4771 4770/4770 4774/4774
f 4629/4629 4630/4630 4775/4775
f 4776/4776 4629/4629 4777/4777
f 4769/4769 4743/4743 4740/4740
f 4629/4629 4634/4634 4628/4628
f 4378/4378 4763/4763 4456/4456
f 4774/4774 4778/4778 4771/4771
f 4743/4743 4769/4769 4753/4753
f 4779/4779 4778/4778 4774/4774
f 4776/4776 4780/4780 4781/4781
f 4782/4782 4776/4776 4777/4777
f 4783/4783 4784/4784 4779/4779
f 4785/4785 4786/4786 4635/4635
f 4764/4764 4787/4787 4760/4760
f 4660/4660 4788/4788 4789/4789
f 4790/4790 4767/4767 4760/4760
f 4788/4788 4785/4785 4789/4789
f 4774/4774 4783/4783 4779/4779
f 4758/4758 4791/4791 4763/4763
f 4790/4790 4760/4760 4787/4787
f 4791/4791 4792/4792 4763/4763
f 4791/4791 4758/4758 4759/4759
f 4793/4793 4790/4790 4787/4787
f 4732/4732 2744/2744 2716/2716
f 4795/4795 4796/4796 4765/4765
f 4797/4797 4738/4738 4798/4798
f 4763/4763 4475/4475 4456/4456
f 4792/4792 4475/4475 4763/4763
f 2749/2749 4799/4799 2773/2773
f 4800/4800 2773/2773 4799/4799
f 4800/4800 2757/2757 2773/2773
f 4768/4768 4790/4790 4793/4793
f 4801/4801 4768/4768 4793/4793
f 4765/4765 4766/4766 4795/4795
f 4801/4801 4769/4769 4768/4768
f 4802/4802 4801/4801 4793/4793
f 4792/4792 4791/4791 4803/4803
f 4475/4475 4792/4792 4803/4803
f 4731/4731 4766/4766 4725/4725
f 4804/4804 4753/4753 4769/4769
f 4805/4805 4791/4791 4759/4759
f 4805/4805 4806/4806 4791/4791
f 4807/4807 4808/4808 4798/4798
f 2757/2757 4800/4800 2764/2764
f 4803/4803 4791/4791 4806/4806
f 4809/4809 2774/2774 2772/2772
f 4812/4812 4769/4769 4813/4813
f 4475/4475 4803/4803 4476/4476
f 4815/4815 2771/2771 2774/2774
f 4813/4813 4769/4769 4801/4801
f 4794/4794 4814/4814 4816/4816
f 4803/4803 4806/4806 4493/4493
f 4814/4814 4810/4810 4816/4816
f 4493/4493 4476/4476 4803/4803
f 4812/4812 4804/4804 4769/4769
f 4817/4817 4818/4818 4815/4815
f 4784/4784 4819/4819 4773/4773
f 4820/4820 4810/4810 4821/4821
f 4822/4822 4493/4493 4806/4806
f 4779/4779 4784/4784 4773/4773
f 4823/4823 4820/4820 4821/4821
f 4819/4819 4784/4784 4824/4824
f 4813/4813 4825/4825 4812/4812
f 4493/4493 4822/4822 4525/4525
f 4826/4826 4827/4827 4828/4828
f 4829/4829 4820/4820 4823/4823
f 4713/4713 4419/4419 4418/4418
f 4830/4830 4783/4783 4831/4831
f 4713/4713 4752/4752 4419/4419
f 4832/4832 4552/4552 4834/4834
f 4833/4833 4794/4794 4816/4816
f 4835/4835 4836/4836 4837/4837
f 4419/4419 4752/4752 4479/4479
f 4838/4838 4836/4836 4835/4835
f 4789/4789 4761/4761 4660/4660
f 4642/4642 4789/4789 4839/4839
f 4713/4713 4717/4717 4752/4752
f 4789/4789 4662/4662 4839/4839
f 4841/4841 4717/4717 4746/4746
f 4717/4717 4841/4841 4759/4759
f 4667/4667 4842/4842 4794/4794
f 4717/4717 4759/4759 4752/4752
f 4759/4759 4841/4841 4805/4805
f 4844/4844 4845/4845 4827/4827
f 4846/4846 4757/4757 4678/4678
f 4747/4747 4841/4841 4746/4746
f 4848/4848 4841/4841 4747/4747
f 4849/4849 4816/4816 4829/4829
f 4841/4841 4848/4848 4850/4850
f 4850/4850 4848/4848 4851/4851
f 4834/4834 4382/4382 4847/4847
f 4834/4834 4843/4843 4382/4382
f 4666/4666 4678/4678 4656/4656
f 4841/4841 4852/4852 4805/4805
f 4731/4731 4853/4853 4766/4766
f 4852/4852 4841/4841 4850/4850
f 4855/4855 4850/4850 4851/4851
f 4805/4805 4852/4852 4850/4850
f 4833/4833 4667/4667 4794/4794
f 4856/4856 4849/4849 4829/4829
f 4857/4857 4850/4850 4855/4855
f 4859/4859 4848/4848 4747/4747
f 4748/4748 4859/4859 4747/4747
f 4851/4851 4848/4848 4859/4859
f 4860/4860 4861/4861 4751/4751
f 4667/4667 4833/4833 4862/4862
f 4863/4863 4849/4849 4856/4856
f 4816/4816 4849/4849 4833/4833
f 4864/4864 4858/4858 4866/4866
f 4867/4867 4846/4846 4678/4678
f 4868/4868 4858/4858 4864/4864
f 4861/4861 4864/4864 4866/4866
f 4864/4864 4861/4861 4860/4860
f 4868/4868 4864/4864 4860/4860
f 4869/4869 4863/4863 4856/4856
f 4870/4870 4869/4869 4871/4871
f 4870/4870 4873/4873 4869/4869
f 4863/4863 4862/4862 4833/4833
f 4849/4849 4863/4863 4833/4833
f 4805/4805 4850/4850 4806/4806
f 4874/4874 4806/4806 4850/4850
f 4831/4831 4783/4783 4872/4872
f 4875/4875 4878/4878 4874/4874
f 4862/4862 4672/4672 4667/4667
f 4806/4806 4874/4874 4879/4879
f 4867/4867 4872/4872 4846/4846
f 4806/4806 4879/4879 4822/4822
f 4869/4869 4873/4873 4863/4863
f 4822/4822 4879/4879 4525/4525
f 4858/4858 4880/4880 4876/4876
f 4680/4680 4672/4672 4862/4862
f 4868/4868 4880/4880 4858/4858
f 4881/4881 4831/4831 4872/4872
f 4364/4364 4862/4862 4863/4863
f 4882/4882 4879/4879 4874/4874
f 4872/4872 4867/4867 4881/4881
f 4878/4878 4882/4882 4874/4874
f 4879/4879 4608/4608 4525/4525
f 4879/4879 4882/4882 4608/4608
f 4863/4863 4883/4883 4364/4364
f 4862/4862 4364/4364 4680/4680
f 4627/4627 4885/4885 4877/4877
f 4880/4880 4627/4627 4877/4877
f 4886/4886 4627/4627 4880/4880
f 4868/4868 4886/4886 4880/4880
f 4680/4680 4678/4678 4677/4677
f 4627/4627 4887/4887 4885/4885
f 4630/4630 4627/4627 4886/4886
f 4883/4883 4863/4863 4873/4873
f 3780/3780 3391/3391 3380/3380
f 4889/4889 4708/4708 4890/4890
f 3780/3780 4892/4892 3391/3391
f 4893/4893 3391/3391 4892/4892
f 3780/3780 4894/4894 4892/4892
f 4895/4895 4883/4883 4873/4873
f 4896/4896 4897/4897 4898/4898
f 4900/4900 4867/4867 4678/4678
f 4883/4883 4372/4372 4364/4364
f 4737/4737 4708/4708 4733/4733
f 4889/4889 4733/4733 4708/4708
f 4901/4901 3773/3773 3781/3781
f 4895/4895 4372/4372 4883/4883
f 4901/4901 3780/3780 3773/3773
f 4901/4901 4894/4894 3780/3780
f 4894/4894 4901/4901 4903/4903
f 4902/4902 4903/4903 4901/4901
f 4364/4364 4363/4363 4680/4680
f 4904/4904 4903/4903 4902/4902
f 4903/4903 4905/4905 4894/4894
f 4906/4906 4907/4907 4908/4908
f 4896/4896 4889/4889 4897/4897
f 4900/4900 4678/4678 4680/4680
f 4909/4909 4910/4910 4733/4733
f 4873/4873 4870/4870 4907/4907
f 4910/4910 4909/4909 4911/4911
f 4900/4900 4680/4680 4363/4363
f 4750/4750 4735/4735 4733/4733
f 4908/4908 4907/4907 4870/4870
f 4912/4912 4903/4903 4904/4904
f 4910/4910 4750/4750 4733/4733
f 4912/4912 4914/4914 4903/4903
f 4915/4915 3798/3798 3802/3802
f 4916/4916 4917/4917 4918/4918
f 4919/4919 3802/3802 3801/3801
f 4920/4920 4918/4918 4921/4921
f 4255/4255 4918/4918 4920/4920
f 4922/4922 3802/3802 4919/4919
f 4827/4827 4845/4845 4923/4923
f 4915/4915 3802/3802 4922/4922
f 4924/4924 4925/4925 4926/4926
f 4927/4927 4922/4922 4919/4919
f 4928/4928 4925/4925 4924/4924
f 4925/4925 4928/4928 4929/4929
f 4901/4901 3781/3781 3783/3783
f 4929/4929 4930/4930 4931/4931
f 4902/4902 4901/4901 3783/3783
f 4930/4930 4929/4929 4928/4928
f 3798/3798 4902/4902 3783/3783
f 4267/4267 4928/4928 4924/4924
f 4902/4902 3798/3798 4915/4915
f 4269/4269 4930/4930 4928/4928
f 4269/4269 4928/4928 4267/4267
f 4933/4933 4750/4750 4910/4910
f 4934/4934 4895/4895 4873/4873
f 4933/4933 4751/4751 4750/4750
f 4933/4933 4860/4860 4751/4751
f 4915/4915 4932/4932 4902/4902
f 4927/4927 4932/4932 4915/4915
f 4907/4907 4934/4934 4873/4873
f 4935/4935 4933/4933 4936/4936
f 4922/4922 4927/4927 4915/4915
f 4902/4902 4932/4932 4904/4904
f 4937/4937 4938/4938 4868/4868
f 4940/4940 4935/4935 4936/4936
f 4939/4939 4932/4932 4927/4927
f 4941/4941 4939/4939 4927/4927
f 4942/4942 4900/4900 4376/4376
f 4904/4904 4932/4932 4912/4912
f 4913/4913 4934/4934 4907/4907
f 4912/4912 4932/4932 4939/4939
f 4943/4943 4938/4938 4937/4937
f 4944/4944 4945/4945 4946/4946
f 4405/4405 4945/4945 4944/4944
f 4947/4947 4943/4943 4948/4948
f 4947/4947 4949/4949 4943/4943
f 4938/4938 4949/4949 4775/4775
f 4943/4943 4949/4949 4938/4938
f 4405/4405 4944/4944 4950/4950
f 4951/4951 4952/4952 4953/4953
f 4952/4952 4951/4951 4954/4954
f 4955/4955 4951/4951 4953/4953
f 4396/4396 4395/4395 4950/4950
f 4950/4950 4395/4395 4405/4405
f 4914/4914 4912/4912 4956/4956
f 4955/4955 4957/4957 4951/4951
f 4404/4404 4945/4945 4405/4405
f 4958/4958 4955/4955 4953/4953
f 4955/4955 4958/4958 4957/4957
f 4958/4958 4959/4959 4957/4957
f 4900/4900 4881/4881 4867/4867
f 4956/4956 4912/4912 4939/4939
f 4939/4939 4139/4139 4956/4956
f 4959/4959 4958/4958 4274/4274
f 4960/4960 4961/4961 4962/4962
f 4962/4962 4948/4948 4960/4960
f 4939/4939 4941/4941 4139/4139
f 4942/4942 4881/4881 4900/4900
f 4437/4437 4372/4372 4895/4895
f 4437/4437 4895/4895 4945/4945
f 4947/4947 4964/4964 4796/4796
f 4404/4404 4437/4437 4945/4945
f 4965/4965 4966/4966 4967/4967
f 4787/4787 4968/4968 4793/4793
f 4968/4968 4969/4969 4793/4793
f 4965/4965 4969/4969 4968/4968
f 4970/4970 4962/4962 4961/4961
f 4965/4965 4971/4971 4969/4969
f 4291/4291 4964/4964 4962/4962
f 4970/4970 4291/4291 4962/4962
f 4972/4972 4292/4292 4970/4970
f 4971/4971 4973/4973 4969/4969
f 4971/4971 4974/4974 4973/4973
f 4292/4292 4291/4291 4970/4970
f 4357/4357 4967/4967 4354/4354
f 4964/4964 4948/4948 4962/4962
f 4354/4354 4967/4967 4966/4966
f 4357/4357 4354/4354 4352/4352
f 4139/4139 4941/4941 4140/4140
f 4976/4976 4967/4967 4357/4357
f 4975/4975 4140/4140 4941/4941
f 4977/4977 4357/4357 4978/4978
f 4976/4976 4357/4357 4977/4977
f 4297/4297 4964/4964 4291/4291
f 4221/4221 4272/4272 4978/4978
f 4357/4357 4220/4220 4221/4221
f 4357/4357 4221/4221 4978/4978
f 4264/4264 4275/4275 4214/4214
f 4979/4979 3848/3848 3858/3858
f 4978/4978 4272/4272 4275/4275
f 4979/4979 3858/3858 3865/3865
f 4978/4978 4275/4275 4977/4977
f 4275/4275 4980/4980 4977/4977
f 4280/4280 4275/4275 4264/4264
f 4275/4275 4280/4280 4980/4980
f 4366/4366 3865/3865 3862/3862
f 4886/4886 4981/4981 4630/4630
f 3899/3899 4366/4366 3861/3861
f 3861/3861 4366/4366 3862/3862
f 4977/4977 4980/4980 4983/4983
f 4949/4949 4777/4777 4775/4775
f 4983/4983 4976/4976 4977/4977
f 4984/4984 4983/4983 4980/4980
f 4976/4976 4965/4965 4967/4967
f 4976/4976 4971/4971 4965/4965
f 3892/3892 4375/4375 4366/4366
f 4375/4375 4986/4986 4366/4366
f 4971/4971 4976/4976 4987/4987
f 4988/4988 4986/4986 4375/4375
f 4987/4987 4989/4989 4971/4971
f 4983/4983 4987/4987 4976/4976
f 4987/4987 4983/4983 4984/4984
f 4984/4984 4990/4990 4987/4987
f 4554/4554 3343/3343 3344/3344
f 4310/4310 4325/4325 4281/4281
f 4919/4919 3801/3801 3868/3868
f 3871/3871 4919/4919 3868/3868
f 4310/4310 4339/4339 4991/4991
f 4919/4919 3871/3871 4927/4927
f 4991/4991 4325/4325 4310/4310
f 4992/4992 4991/4991 4339/4339
f 4989/4989 4974/4974 4971/4971
f 4993/4993 4554/4554 3344/3344
f 4994/4994 3871/3871 3848/3848
f 4992/4992 4995/4995 4991/4991
f 4881/4881 4982/4982 4831/4831
f 4996/4996 3871/3871 4994/4994
f 4997/4997 4996/4996 4994/4994
f 4881/4881 4998/4998 4982/4982
f 4280/4280 4325/4325 4980/4980
f 4927/4927 3871/3871 4996/4996
f 4980/4980 4325/4325 4984/4984
f 4990/4990 4984/4984 4325/4325
f 4999/4999 4996/4996 4997/4997
f 4942/4942 5000/5000 4881/4881
f 4989/4989 4987/4987 4990/4990
f 4990/4990 4325/4325 4991/4991
f 4990/4990 4991/4991 5001/5001
f 5000/5000 4998/4998 4881/4881
f 5001/5001 4991/4991 4995/4995
f 4990/4990 5001/5001 4989/4989
f 4989/4989 5001/5001 5002/5002
f 4974/4974 4989/4989 5003/5003
f 4997/4997 5004/5004 4999/4999
f 4989/4989 5002/5002 5003/5003
f 5001/5001 4995/4995 5005/5005
f 5002/5002 5001/5001 5005/5005
f 4994/4994 3848/3848 4979/4979
f 5006/5006 4994/4994 4979/4979
f 4813/4813 4801/4801 4973/4973
f 4994/4994 5006/5006 4997/4997
f 4979/4979 3865/3865 5006/5006
f 4986/4986 3865/3865 4366/4366
f 4998/4998 5007/5007 4982/4982
f 5003/5003 4973/4973 4974/4974
f 4986/4986 5006/5006 3865/3865
f 4985/4985 4519/4519 4554/4554
f 5008/5008 5003/5003 5002/5002
f 4973/4973 5003/5003 4813/4813
f 5004/5004 4997/4997 5009/5009
f 5006/5006 5009/5009 4997/4997
f 5010/5010 4825/4825 4813/4813
f 5011/5011 4985/4985 4554/4554
f 5012/5012 4825/4825 5010/5010
f 5009/5009 5006/5006 4986/4986
f 5008/5008 5002/5002 5005/5005
f 5013/5013 5005/5005 4995/4995
f 5014/5014 5005/5005 5013/5013
f 5008/5008 5005/5005 5014/5014
f 5008/5008 5014/5014 5015/5015
f 4998/4998 5016/5016 5007/5007
f 5010/5010 4813/4813 5003/5003
f 5008/5008 5010/5010 5003/5003
f 4999/4999 5017/5017 4996/4996
f 5012/5012 5010/5010 5015/5015
f 5008/5008 5015/5015 5010/5010
f 5011/5011 4554/4554 4993/4993
f 5018/5018 4826/4826 5012/5012
f 5019/5019 4999/4999 5004/5004
f 5020/5020 5007/5007 5016/5016
f 4992/4992 4339/4339 4314/4314
f 4941/4941 4927/4927 4996/4996
f 5017/5017 4941/4941 4996/4996
f 4982/4982 4830/4830 4831/4831
f 5017/5017 4999/4999 5019/5019
f 4832/4832 4314/4314 4344/4344
f 4975/4975 4941/4941 5017/5017
f 4314/4314 5021/5021 4992/4992
f 3369/3369 5022/5022 4993/4993
f 4995/4995 4992/4992 5013/5013
f 5021/5021 4314/4314 4832/4832
f 5021/5021 4832/4832 5023/5023
f 5024/5024 3369/3369 3390/3390
f 5021/5021 5023/5023 5025/5025
f 5026/5026 4840/4840 4830/4830
f 5027/5027 3390/3390 3389/3389
f 3390/3390 5027/5027 5024/5024
f 5004/5004 5009/5009 5028/5028
f 5028/5028 5009/5009 4986/4986
f 5021/5021 5025/5025 4992/4992
f 3385/3385 3391/3391 3389/3389
f 3398/3398 3389/3389 3391/3391
f 5029/5029 5026/5026 4830/4830
f 5028/5028 5030/5030 5004/5004
f 5023/5023 4832/4832 4834/4834
f 4893/4893 3398/3398 3391/3391
f 5031/5031 5004/5004 5030/5030
f 5029/5029 4830/4830 4982/4982
f 4986/4986 4988/4988 5028/5028
f 5013/5013 4992/4992 5025/5025
f 5032/5032 5011/5011 4993/4993
f 5013/5013 5033/5033 5014/5014
f 5015/5015 5014/5014 5033/5033
f 4988/4988 5030/5030 5028/5028
f 5034/5034 5015/5015 5033/5033
f 5015/5015 5034/5034 5012/5012
f 5034/5034 5033/5033 5035/5035
f 5033/5033 5013/5013 5025/5025
f 5036/5036 4375/4375 4455/4455
f 5037/5037 5033/5033 5025/5025
f 4375/4375 5036/5036 4988/4988
f 5035/5035 5033/5033 5037/5037
f 5019/5019 5004/5004 5031/5031
f 5025/5025 5023/5023 5037/5037
f 5019/5019 5031/5031 5038/5038
f 5038/5038 5030/5030 5039/5039
f 5038/5038 5031/5031 5030/5030
f 5040/5040 4844/4844 4826/4826
f 4826/4826 5018/5018 5040/5040
f 5039/5039 4988/4988 5036/5036
f 5041/5041 5042/5042 5040/5040
f 5007/5007 5029/5029 4982/4982
f 5018/5018 5012/5012 5034/5034
f 5036/5036 4455/4455 4524/4524
f 5036/5036 4524/4524 5039/5039
f 4455/4455 4429/4429 4524/4524
f 5041/5041 5040/5040 5018/5018
f 5034/5034 5041/5041 5018/5018
f 5041/5041 5034/5034 5035/5035
f 5039/5039 5030/5030 4988/4988
f 5041/5041 5035/5035 5043/5043
f 5042/5042 5041/5041 5043/5043
f 5044/5044 5045/5045 5046/5046
f 5048/5048 5049/5049 5042/5042
f 5038/5038 5050/5050 5019/5019
f 5048/5048 5042/5042 5051/5051
f 5037/5037 5043/5043 5035/5035
f 5043/5043 5037/5037 5052/5052
f 5052/5052 5037/5037 5044/5044
f 5044/5044 5037/5037 5023/5023
f 5042/5042 5043/5043 5052/5052
f 5020/5020 5029/5029 5007/5007
f 4975/4975 4231/4231 4140/4140
f 5045/5045 5044/5044 5023/5023
f 5046/5046 5052/5052 5044/5044
f 5029/5029 5020/5020 5047/5047
f 5042/5042 5052/5052 5051/5051
f 5051/5051 5052/5052 5046/5046
f 5053/5053 5051/5051 5046/5046
f 4847/4847 5023/5023 4834/4834
f 5045/5045 5023/5023 4847/4847
f 5050/5050 5017/5017 5019/5019
f 4363/4363 4376/4376 4900/4900
f 4685/4685 4519/4519 5054/5054
f 5045/5045 4847/4847 4382/4382
f 5055/5055 4975/4975 5017/5017
f 5056/5056 4692/4692 4685/4685
f 5055/5055 5017/5017 5050/5050
f 5053/5053 5046/5046 5057/5057
f 5045/5045 5057/5057 5046/5046
f 5058/5058 5056/5056 4685/4685
f 5057/5057 5059/5059 5053/5053
f 5057/5057 5045/5045 5060/5060
f 4231/4231 4975/4975 4247/4247
f 5054/5054 4519/4519 4985/4985
f 5060/5060 5045/5045 4382/4382
f 5048/5048 5061/5061 5049/5049
f 5062/5062 5061/5061 5048/5048
f 5063/5063 5054/5054 4985/4985
f 4247/4247 4975/4975 5055/5055
f 4247/4247 5055/5055 4330/4330
f 5051/5051 5053/5053 5048/5048
f 5048/5048 5053/5053 5064/5064
f 4942/4942 4376/4376 5065/5065
f 5062/5062 5048/5048 5064/5064
f 5059/5059 5064/5064 5053/5053
f 5063/5063 5058/5058 5054/5054
f 5058/5058 4685/4685 5054/5054
f 5060/5060 5059/5059 5057/5057
f 5066/5066 5058/5058 5063/5063
f 5055/5055 5067/5067 4330/4330
f 5062/5062 5064/5064 4946/4946
f 5068/5068 5064/5064 5059/5059
f 4944/4944 4946/4946 5068/5068
f 4946/4946 5064/5064 5068/5068
f 5069/5069 5038/5038 5039/5039
f 5063/5063 4985/4985 5070/5070
f 4385/4385 5060/5060 4382/4382
f 5071/5071 5060/5060 4385/4385
f 5071/5071 5068/5068 5059/5059
f 5060/5060 5071/5071 5059/5059
f 5072/5072 5038/5038 5069/5069
f 5073/5073 5070/5070 4985/4985
f 4944/4944 5068/5068 4950/4950
f 5068/5068 5071/5071 4950/4950
f 5071/5071 4396/4396 4950/4950
f 5069/5069 5039/5039 4524/4524
f 4523/4523 5069/5069 4524/4524
f 4385/4385 4396/4396 5071/5071
f 5074/5074 5070/5070 5073/5073
f 5075/5075 5066/5066 5063/5063
f 4396/4396 4385/4385 4384/4384
f 5076/5076 4942/4942 5065/5065
f 5063/5063 5070/5070 5075/5075
f 5074/5074 5075/5075 5070/5070
f 4530/4530 5069/5069 4523/4523
f 5077/5077 5074/5074 5073/5073
f 4262/4262 4261/4261 4266/4266
f 4530/4530 5072/5072 5069/5069
f 4266/4266 4261/4261 5078/5078
f 5079/5079 4266/4266 5078/5078
f 4376/4376 4454/4454 5065/5065
f 5079/5079 4265/4265 4266/4266
f 4265/4265 5079/5079 5080/5080
f 4548/4548 5072/5072 4530/4530
f 4548/4548 4530/4530 4538/4538
f 4560/4560 5081/5081 4552/4552
f 5080/5080 5079/5079 5082/5082
f 5011/5011 5073/5073 4985/4985
f 5032/5032 5073/5073 5011/5011
f 5077/5077 5073/5073 5032/5032
f 5050/5050 5038/5038 5072/5072
f 5055/5055 5050/5050 5072/5072
f 4552/4552 4843/4843 4834/4834
f 5067/5067 5055/5055 5072/5072
f 5083/5083 5024/5024 5027/5027
f 5084/5084 5083/5083 5027/5027
f 5083/5083 5084/5084 5085/5085
f 5086/5086 5065/5065 4454/4454
f 5027/5027 3389/3389 5084/5084
f 5084/5084 3389/3389 3398/3398
f 5087/5087 5065/5065 5086/5086
f 5086/5086 5088/5088 5087/5087
f 4461/4461 4459/4459 4458/4458
f 5085/5085 5084/5084 4893/4893
f 4893/4893 5084/5084 3398/3398
f 4482/4482 4461/4461 4460/4460
f 4893/4893 5089/5089 5085/5085
f 4893/4893 4892/4892 5089/5089
f 5090/5090 5024/5024 5083/5083
f 5083/5083 5091/5091 5090/5090
f 4843/4843 4552/4552 5081/5081
f 5091/5091 5083/5083 5085/5085
f 4344/4344 4330/4330 5067/5067
f 5091/5091 5092/5092 5090/5090
f 5091/5091 5085/5085 5093/5093
f 5094/5094 5090/5090 5092/5092
f 5076/5076 5065/5065 5087/5087
f 5095/5095 5094/5094 5092/5092
f 5092/5092 5091/5091 5095/5095
f 5093/5093 5095/5095 5091/5091
f 5067/5067 5072/5072 4548/4548
f 5076/5076 5000/5000 4942/4942
f 5076/5076 5096/5096 5000/5000
f 5085/5085 5089/5089 5093/5093
f 5097/5097 5089/5089 4892/4892
f 4186/4186 4560/4560 4516/4516
f 5089/5089 5098/5098 5093/5093
f 4344/4344 5067/5067 4548/4548
f 5089/5089 5097/5097 5098/5098
f 5099/5099 5000/5000 5096/5096
f 5101/5101 5099/5099 5096/5096
f 5102/5102 5103/5103 5094/5094
f 5104/5104 5102/5102 5094/5094
f 5102/5102 5105/5105 5100/5100
f 5105/5105 5102/5102 5106/5106
f 4560/4560 4147/4147 5081/5081
f 5016/5016 4998/4998 5000/5000
f 5107/5107 5032/5032 5022/5022
f 4137/4137 4147/4147 4560/4560
f 4560/4560 4186/4186 4137/4137
f 5099/5099 5016/5016 5000/5000
f 5108/5108 5109/5109 5105/5105
f 4552/4552 4832/4832 4344/4344
f 5108/5108 5105/5105 5110/5110
f 5110/5110 5105/5105 5106/5106
f 5110/5110 5106/5106 5111/5111
f 4344/4344 4548/4548 4552/4552
f 5112/5112 5110/5110 5111/5111
f 5112/5112 5113/5113 5110/5110
f 5110/5110 5114/5114 5108/5108
f 5113/5113 5114/5114 5110/5110
f 5114/5114 5115/5115 5108/5108
f 5116/5116 5114/5114 5113/5113
f 4228/4228 5113/5113 5112/5112
f 5094/5094 5095/5095 5104/5104
f 5104/5104 5095/5095 5111/5111
f 5104/5104 5111/5111 5106/5106
f 5106/5106 5102/5102 5104/5104
f 5097/5097 4892/4892 4894/4894
f 5101/5101 5016/5016 5099/5099
f 5111/5111 5095/5095 5117/5117
f 4894/4894 4905/4905 5097/5097
f 5095/5095 5093/5093 5117/5117
f 5118/5118 5098/5098 5097/5097
f 4905/4905 5118/5118 5097/5097
f 5081/5081 4146/4146 4843/4843
f 4914/4914 4905/4905 4903/4903
f 5117/5117 5093/5093 5098/5098
f 5119/5119 5117/5117 5098/5098
f 5098/5098 5118/5118 5119/5119
f 5120/5120 5118/5118 4905/4905
f 5119/5119 5121/5121 5117/5117
f 4905/4905 4914/4914 5122/5122
f 5020/5020 5016/5016 5123/5123
f 5124/5124 5121/5121 5119/5119
f 4905/4905 5122/5122 5120/5120
f 4383/4383 4382/4382 4843/4843
f 5119/5119 5118/5118 5120/5120
f 5124/5124 5119/5119 5120/5120
f 5125/5125 5123/5123 5101/5101
f 5123/5123 5016/5016 5101/5101
f 5120/5120 4156/4156 5124/5124
f 4963/4963 5122/5122 4914/4914
f 4383/4383 4843/4843 4146/4146
f 4956/4956 4963/4963 4914/4914
f 5121/5121 5111/5111 5117/5117
f 5126/5126 5122/5122 4963/4963
f 4139/4139 4963/4963 4956/4956
f 4146/4146 4180/4180 4383/4383
f 5111/5111 5128/5128 5112/5112
f 5122/5122 5126/5126 4154/4154
f 5121/5121 5128/5128 5111/5111
f 4156/4156 5120/5120 4154/4154
f 4154/4154 5120/5120 5122/5122
f 5130/5130 5127/5127 5131/5131
f 5129/5129 5131/5131 5127/5127
f 4146/4146 5081/5081 4147/4147
f 5130/5130 5125/5125 5101/5101
f 5133/5133 5134/5134 5088/5088
f 5128/5128 5121/5121 5132/5132
f 5132/5132 5121/5121 5124/5124
f 4482/4482 5135/5135 4461/4461
f 5135/5135 4482/4482 5136/5136
f 5132/5132 5124/5124 4156/4156
f 5136/5136 5137/5137 5135/5135
f 5136/5136 5138/5138 5137/5137
f 5133/5133 5088/5088 5135/5135
f 5137/5137 5133/5133 5135/5135
f 5139/5139 5140/5140 5141/5141
f 5137/5137 5142/5142 5133/5133
f 5143/5143 5142/5142 5137/5137
f 4136/4136 4147/4147 4137/4137
f 5126/5126 4963/4963 4138/4138
f 5144/5144 4171/4171 5082/5082
f 5126/5126 4138/4138 4155/4155
f 5107/5107 5077/5077 5032/5032
f 4178/4178 4155/4155 4138/4138
f 5146/5146 4521/4521 4526/4526
f 4155/4155 4154/4154 5126/5126
f 5146/5146 4526/4526 5147/5147
f 5148/5148 5077/5077 5107/5107
f 5142/5142 5143/5143 5149/5149
f 5143/5143 5137/5137 5138/5138
f 5143/5143 5138/5138 5147/5147
f 4963/4963 4139/4139 4138/4138
f 5143/5143 5147/5147 5149/5149
f 5115/5115 4225/4225 4223/4223
f 5150/5150 5147/5147 5151/5151
f 5149/5149 5147/5147 5150/5150
f 5142/5142 5152/5152 5153/5153
f 5114/5114 4225/4225 5115/5115
f 5114/5114 5116/5116 4225/4225
f 5116/5116 4227/4227 4225/4225
f 4227/4227 5116/5116 4228/4228
f 4228/4228 5116/5116 5113/5113
f 5152/5152 5142/5142 5149/5149
f 5152/5152 5149/5149 5154/5154
f 5154/5154 5149/5149 5150/5150
f 5136/5136 4482/4482 4531/4531
f 4226/4226 4228/4228 4243/4243
f 5138/5138 5136/5136 4531/4531
f 5146/5146 5138/5138 4531/4531
f 4522/4522 5146/5146 4531/4531
f 5146/5146 4522/4522 4521/4521
f 5138/5138 5146/5146 5147/5147
f 4526/4526 4521/4521 4556/4556
f 4228/4228 5112/5112 5128/5128
f 4521/4521 4536/4536 4556/4556
f 4228/4228 5128/5128 5155/5155
f 5156/5156 4526/4526 4556/4556
f 5151/5151 4526/4526 5156/5156
f 5151/5151 5147/5147 4526/4526
f 5151/5151 5156/5156 5157/5157
f 5128/5128 5132/5132 5155/5155
f 5158/5158 5156/5156 4556/4556
f 5132/5132 4156/4156 4194/4194
f 4194/4194 5155/5155 5132/5132
f 5159/5159 5155/5155 4194/4194
f 5160/5160 4556/4556 4555/4555
f 5158/5158 4556/4556 5160/5160
f 5159/5159 4194/4194 4198/4198
f 5161/5161 5152/5152 5154/5154
f 5152/5152 5162/5162 5153/5153
f 4243/4243 4228/4228 5155/5155
f 4243/4243 5155/5155 5163/5163
f 5161/5161 5162/5162 5152/5152
f 5164/5164 5162/5162 5161/5161
f 5162/5162 5127/5127 5153/5153
f 5159/5159 5163/5163 5155/5155
f 5165/5165 5162/5162 5164/5164
f 5165/5165 5166/5166 5162/5162
f 4182/4182 4243/4243 5163/5163
f 5161/5161 5154/5154 5150/5150
f 5150/5150 5151/5151 5157/5157
f 5161/5161 5150/5150 5157/5157
f 5161/5161 5157/5157 5164/5164
f 4182/4182 5163/5163 4183/4183
f 5163/5163 4185/4185 4183/4183
f 5167/5167 5164/5164 5157/5157
f 5156/5156 5167/5167 5157/5157
f 5167/5167 5165/5165 5164/5164
f 5159/5159 4198/4198 4202/4202
f 4185/4185 5159/5159 4202/4202
f 5168/5168 5167/5167 5158/5158
f 5158/5158 5169/5169 5168/5168
f 5158/5158 5167/5167 5156/5156
f 4185/4185 5163/5163 5159/5159
f 5169/5169 5158/5158 5160/5160
f 5165/5165 5167/5167 5168/5168
f 5170/5170 5166/5166 5165/5165
f 5170/5170 5165/5165 5168/5168
f 5168/5168 5169/5169 5170/5170
f 5169/5169 5171/5171 5170/5170
f 4170/4170 5080/5080 5082/5082
f 4170/4170 5082/5082 4171/4171
f 5162/5162 5129/5129 5127/5127
f 5129/5129 5162/5162 5166/5166
f 5170/5170 5172/5172 5166/5166
f 5131/5131 5129/5129 5166/5166
f 5166/5166 5173/5173 5131/5131
f 5174/5174 5176/5176 5177/5177
f 5178/5178 5179/5179 5180/5180
f 5174/5174 5177/5177 5179/5179
f 5179/5179 5178/5178 5174/5174
f 5181/5181 5174/5174 5178/5178
f 5176/5176 5174/5174 5181/5181
f 5182/5182 5184/5184 5177/5177
f 5176/5176 5182/5182 5177/5177
f 5175/5175 5078/5078 5183/5183
f 5079/5079 5078/5078 5175/5175
f 5185/5185 4177/4177 4145/4145
f 4177/4177 4144/4144 4145/4145
f 5186/5186 5176/5176 5181/5181
f 5175/5175 5187/5187 5082/5082
f 5175/5175 5082/5082 5079/5079
f 5188/5188 5185/5185 4296/4296
f 5080/5080 4307/4307 4265/4265
f 4351/4351 4161/4161 4160/4160
f 5103/5103 5022/5022 5024/5024
f 5094/5094 5024/5024 5090/5090
f 5024/5024 5094/5094 5103/5103
f 4160/4160 4162/4162 4177/4177
f 5189/5189 4160/4160 4177/4177
f 5189/5189 4177/4177 5185/5185
f 5189/5189 5185/5185 5188/5188
f 5188/5188 4192/4192 5189/5189
f 5188/5188 4191/4191 4192/4192
f 5100/5100 5022/5022 5103/5103
f 4196/4196 3830/3830 3913/3913
f 4195/4195 4218/4218 4216/4216
f 4218/4218 4195/4195 4196/4196
f 5102/5102 5100/5100 5103/5103
f 5109/5109 5107/5107 5022/5022
f 5109/5109 5022/5022 5100/5100
f 4143/4143 4217/4217 4141/4141
f 3835/3835 4196/4196 3913/3913
f 5109/5109 5100/5100 5105/5105
f 3835/3835 5190/5190 4196/4196
f 4196/4196 5190/5190 4218/4218
f 4296/4296 5190/5190 3835/3835
f 5108/5108 5115/5115 5109/5109
f 4235/4235 4218/4218 5190/5190
f 4235/4235 4217/4217 4218/4218
f 4296/4296 4235/4235 5190/5190
f 4296/4296 4145/4145 4235/4235
f 4296/4296 5185/5185 4145/4145
f 5191/5191 5077/5077 5148/5148
f 5192/5192 5193/5193 5148/5148
f 5194/5194 5195/5195 5196/5196
f 5195/5195 5194/5194 5191/5191
f 5193/5193 5191/5191 5148/5148
f 5193/5193 5195/5195 5191/5191
f 5197/5197 5195/5195 5193/5193
f 5193/5193 5141/5141 5197/5197
f 5140/5140 5197/5197 5141/5141
f 5140/5140 5195/5195 5197/5197
f 5198/5198 5193/5193 5192/5192
f 5193/5193 5198/5198 5141/5141
f 5139/5139 5199/5199 5140/5140
f 5200/5200 5201/5201 5139/5139
f 4191/4191 4296/4296 3835/3835
f 5178/5178 5194/5194 5202/5202
f 5196/5196 5202/5202 5194/5194
f 5178/5178 5202/5202 5181/5181
f 5203/5203 5181/5181 5202/5202
f 5181/5181 5203/5203 5186/5186
f 5145/5145 5186/5186 5203/5203
f 5202/5202 5196/5196 5204/5204
f 5205/5205 5204/5204 5196/5196
f 5205/5205 5196/5196 5140/5140
f 5140/5140 5196/5196 5195/5195
f 5202/5202 5204/5204 5203/5203
f 5204/5204 5145/5145 5203/5203
f 5207/5207 5145/5145 5204/5204
f 5144/5144 5206/5206 4171/4171
f 4191/4191 5188/5188 4296/4296
f 5187/5187 5144/5144 5082/5082
f 4437/4437 4404/4404 4438/4438
f 5208/5208 5204/5204 5205/5205
f 4440/4440 4437/4437 4438/4438
f 5199/5199 5205/5205 5140/5140
f 5204/5204 5208/5208 5207/5207
f 5210/5210 5207/5207 5208/5208
f 5206/5206 5209/5209 4171/4171
f 5201/5201 5199/5199 5139/5139
f 5199/5199 5208/5208 5205/5205
f 5210/5210 5208/5208 5199/5199
f 4159/4159 4171/4171 5209/5209
f 5201/5201 5211/5211 5199/5199
f 5213/5213 5210/5210 5199/5199
f 5209/5209 5212/5212 4159/4159
f 4442/4442 4440/4440 4447/4447
f 5214/5214 5201/5201 5200/5200
f 5214/5214 5211/5211 5201/5201
f 5215/5215 5211/5211 5214/5214
f 5211/5211 5213/5213 5199/5199
f 5215/5215 5213/5213 5211/5211
f 4336/4336 4334/4334 4328/4328
f 4334/4334 4179/4179 4328/4328
f 5109/5109 5148/5148 5107/5107
f 5148/5148 5109/5109 5217/5217
f 5115/5115 5217/5217 5109/5109
f 5217/5217 5192/5192 5148/5148
f 5218/5218 5192/5192 5217/5217
f 4447/4447 4459/4459 4454/4454
f 5198/5198 5192/5192 5218/5218
f 5115/5115 4223/4223 5217/5217
f 4223/4223 5218/5218 5217/5217
f 4222/4222 5218/5218 4223/4223
f 4349/4349 4367/4367 4350/4350
f 5219/5219 4350/4350 4367/4367
f 4670/4670 5219/5219 5220/5220
f 4670/4670 5221/5221 5219/5219
f 5222/5222 5198/5198 5218/5218
f 5223/5223 5198/5198 5222/5222
f 5223/5223 5141/5141 5198/5198
f 5139/5139 5141/5141 5223/5223
f 4222/4222 5222/5222 5218/5218
f 5200/5200 5139/5139 5223/5223
f 5200/5200 5223/5223 5222/5222
f 4160/4160 4355/4355 4351/4351
f 4351/4351 4355/4355 4353/4353
f 4355/4355 4160/4160 5189/5189
f 4359/4359 4355/4355 5189/5189
f 4355/4355 4359/4359 4356/4356
f 4192/4192 4359/4359 5189/5189
f 5220/5220 4359/4359 4192/4192
f 5220/5220 4192/4192 4508/4508
f 5224/5224 5080/5080 4170/4170
f 5224/5224 4307/4307 5080/5080
f 4312/4312 4307/4307 5224/5224
f 4170/4170 4158/4158 5225/5225
f 4170/4170 5225/5225 5224/5224
f 5219/5219 4367/4367 5220/5220
f 5220/5220 4367/4367 4359/4359
f 4150/4150 4312/4312 5224/5224
f 4150/4150 5224/5224 5225/5225
f 4200/4200 4342/4342 4150/4150
f 4148/4148 4150/4150 4342/4342
f 4348/4348 4347/4347 4377/4377
f 4670/4670 5226/5226 5221/5221
f 5221/5221 4350/4350 5219/5219
f 5221/5221 5226/5226 4347/4347
f 5221/5221 4347/4347 4350/4350
f 4171/4171 4159/4159 4158/4158
f 5226/5226 4377/4377 4347/4347
f 5227/5227 5226/5226 5228/5228
f 5227/5227 4379/4379 5226/5226
f 5227/5227 5229/5229 4379/4379
f 4379/4379 5229/5229 4381/4381
f 4377/4377 5226/5226 4379/4379
f 5225/5225 4200/4200 4150/4150
f 4158/4158 4163/4163 5225/5225
f 4163/4163 4200/4200 5225/5225
f 4168/4168 4200/4200 4163/4163
f 4341/4341 4342/4342 4200/4200
f 4200/4200 4199/4199 4341/4341
f 4341/4341 4207/4207 5230/5230
f 4199/4199 4207/4207 4341/4341
f 5200/5200 5222/5222 4222/4222
f 5231/5231 5200/5200 4222/4222
f 5231/5231 4222/4222 4230/4230
f 5231/5231 5214/5214 5200/5200
f 4230/4230 4237/4237 5231/5231
f 4237/4237 5214/5214 5231/5231
f 4237/4237 5215/5215 5214/5214
f 5216/5216 4159/4159 5212/5212
f 4237/4237 4248/4248 5216/5216
f 4159/4159 5216/5216 4248/4248
f 4248/4248 4157/4157 4159/4159
f 5232/5232 5233/5233 5235/5235
f 4256/4256 5236/5236 4257/4257
f 4257/4257 5236/5236 5234/5234
f 5237/5237 4257/4257 5234/5234
f 4254/4254 4257/4257 5237/5237
f 5238/5238 4271/4271 4254/4254
f 4271/4271 5239/5239 4254/4254
f 4622/4622 4610/4610 4606/4606
f 5237/5237 5238/5238 4254/4254
f 5240/5240 4271/4271 5238/5238
f 4267/4267 4924/4924 5239/5239
f 4271/4271 4267/4267 5239/5239
f 4263/4263 5234/5234 5241/5241
f 4263/4263 5237/5237 5234/5234
f 4644/4644 4576/4576 4574/4574
f 4263/4263 5238/5238 5237/5237
f 4653/4653 4643/4643 4642/4642
f 4839/4839 4653/4653 4642/4642
f 4262/4262 5238/5238 4263/4263
f 4262/4262 5240/5240 5238/5238
f 4643/4643 4648/4648 4576/4576
f 4270/4270 5243/5243 4269/4269
f 4625/4625 4649/4649 4631/4631
f 4270/4270 4273/4273 5243/5243
f 4273/4273 5244/5244 5243/5243
f 4648/4648 4625/4625 4576/4576
f 4283/4283 4270/4270 4268/4268
f 4643/4643 4576/4576 4644/4644
f 5245/5245 4273/4273 4270/4270
f 4276/4276 4274/4274 4273/4273
f 5245/5245 4276/4276 4273/4273
f 4268/4268 4271/4271 5240/5240
f 4262/4262 4268/4268 5240/5240
f 5245/5245 4270/4270 4283/4283
f 4656/4656 4757/4757 4654/4654
f 5246/5246 5245/5245 4283/4283
f 4282/4282 5246/5246 4283/4283
f 4653/4653 4839/4839 4662/4662
f 5247/5247 5248/5248 4282/4282
f 5245/5245 5246/5246 5248/5248
f 5248/5248 4276/4276 5245/5245
f 4282/4282 5248/5248 5246/5246
f 4284/4284 4276/4276 5248/5248
f 4284/4284 5248/5248 5247/5247
f 4656/4656 4657/4657 4667/4667
f 5249/5249 4286/4286 4287/4287
f 5249/5249 4287/4287 5250/5250
f 4959/4959 4274/4274 4277/4277
f 4277/4277 4972/4972 4959/4959
f 5251/5251 4972/4972 4277/4277
f 4292/4292 4972/4972 5251/5251
f 5251/5251 4277/4277 4278/4278
f 5249/5249 5251/5251 4278/4278
f 5249/5249 4292/4292 5251/5251
f 4290/4290 4292/4292 4298/4298
f 4298/4298 4297/4297 4290/4290
f 4286/4286 5249/5249 4278/4278
f 5252/5252 4292/4292 5249/5249
f 5252/5252 5249/5249 5250/5250
f 5252/5252 4298/4298 4292/4292
f 4742/4742 4741/4741 4298/4298
f 4742/4742 4298/4298 5252/5252
f 4703/4703 4704/4704 4722/4722
f 4262/4262 4306/4306 4303/4303
f 4303/4303 4268/4268 4262/4262
f 4304/4304 5247/5247 4282/4282
f 4306/4306 4262/4262 4265/4265
f 4304/4304 4303/4303 4306/4306
f 4304/4304 4311/4311 5247/5247
f 4720/4720 4745/4745 4721/4721
f 4311/4311 4304/4304 4306/4306
f 5220/5220 4508/4508 4670/4670
f 4311/4311 5253/5253 5247/5247
f 5254/5254 5253/5253 4311/4311
f 4319/4319 4285/4285 4284/4284
f 4319/4319 5247/5247 5253/5253
f 4319/4319 4284/4284 5247/5247
f 4732/4732 4726/4726 4739/4739
f 4739/4739 4797/4797 4732/4732
f 4703/4703 4722/4722 4712/4712
f 4722/4722 4726/4726 4712/4712
f 4726/4726 4722/4722 4739/4739
f 4307/4307 4306/4306 4265/4265
f 4738/4738 4797/4797 4739/4739
f 4670/4670 5228/5228 5226/5226
f 4670/4670 5255/5255 5228/5228
f 4309/4309 5254/5254 4311/4311
f 4661/4661 4670/4670 4508/4508
f 5254/5254 4309/4309 4315/4315
f 4320/4320 5253/5253 5254/5254
f 5256/5256 4320/4320 5254/5254
f 5257/5257 5254/5254 4315/4315
f 5257/5257 5256/5256 5254/5254
f 5227/5227 5228/5228 5255/5255
f 5258/5258 5259/5259 5227/5227
f 4315/4315 4316/4316 5257/5257
f 4316/4316 5260/5260 5257/5257
f 4745/4745 4798/4798 4738/4738
f 5255/5255 4670/4670 4669/4669
f 5261/5261 5255/5255 4669/4669
f 5250/5250 4287/4287 4317/4317
f 5258/5258 5227/5227 5255/5255
f 4317/4317 5262/5262 5250/5250
f 5263/5263 5258/5258 5255/5255
f 4320/4320 4319/4319 5253/5253
f 4320/4320 4318/4318 4319/4319
f 4694/4694 4669/4669 4661/4661
f 5264/5264 4669/4669 4694/4694
f 5265/5265 4333/4333 5250/5250
f 4322/4322 5262/5262 4317/4317
f 5266/5266 5265/5265 5262/5262
f 4755/4755 4719/4719 4649/4649
f 5262/5262 5265/5265 5250/5250
f 5261/5261 5263/5263 5255/5255
f 4649/4649 4648/4648 4652/4652
f 4321/4321 4320/4320 5256/5256
f 5264/5264 5261/5261 4669/4669
f 5257/5257 4323/4323 5256/5256
f 5256/5256 4323/4323 4321/4321
f 4755/4755 4649/4649 4652/4652
f 5260/5260 4323/4323 5257/5257
f 5267/5267 5261/5261 5264/5264
f 5268/5268 5261/5261 5267/5267
f 5268/5268 5263/5263 5261/5261
f 4658/4658 4757/4757 4756/4756
f 4338/4338 4324/4324 4323/4323
f 5260/5260 4338/4338 4323/4323
f 5268/5268 5269/5269 5263/5263
f 5270/5270 5269/5269 5268/5268
f 5266/5266 5262/5262 4322/4322
f 5271/5271 5265/5265 5266/5266
f 4764/4764 5265/5265 5271/5271
f 4755/4755 4762/4762 4719/4719
f 4329/4329 5266/5266 4322/4322
f 4346/4346 5266/5266 4329/4329
f 4346/4346 5271/5271 5266/5266
f 4968/4968 5271/5271 4346/4346
f 4756/4756 4762/4762 4755/4755
f 5250/5250 4333/4333 5252/5252
f 4762/4762 4756/4756 4770/4770
f 4332/4332 5252/5252 4333/4333
f 5252/5252 4332/4332 4742/4742
f 4846/4846 4756/4756 4757/4757
f 5265/5265 4331/4331 4333/4333
f 4764/4764 4331/4331 5265/5265
f 4665/4665 4694/4694 4661/4661
f 4298/4298 4741/4741 4724/4724
f 4771/4771 4772/4772 4762/4762
f 5272/5272 5264/5264 4694/4694
f 5264/5264 5272/5272 5273/5273
f 4338/4338 4316/4316 4337/4337
f 4338/4338 5260/5260 4316/4316
f 4762/4762 4772/4772 4745/4745
f 5273/5273 5267/5267 5264/5264
f 4338/4338 4337/4337 5230/5230
f 5267/5267 5270/5270 5268/5268
f 5274/5274 5270/5270 5267/5267
f 5276/5276 5277/5277 5270/5270
f 4337/4337 4341/4341 5230/5230
f 5274/5274 5276/5276 5270/5270
f 5230/5230 5278/5278 4338/4338
f 4771/4771 4778/4778 4772/4772
f 5273/5273 5274/5274 5267/5267
f 5279/5279 5274/5274 5273/5273
f 4724/4724 4741/4741 4727/4727
f 5274/5274 5280/5280 5276/5276
f 5274/5274 5281/5281 5280/5280
f 4778/4778 4773/4773 4772/4772
f 5274/5274 5279/5279 5281/5281
f 4209/4209 5278/5278 5230/5230
f 4338/4338 5278/5278 4343/4343
f 5278/5278 4345/4345 4343/4343
f 5282/5282 5273/5273 5272/5272
f 4773/4773 4778/4778 4779/4779
f 4731/4731 4727/4727 4743/4743
f 5273/5273 5282/5282 5279/5279
f 4966/4966 4345/4345 5278/5278
f 5279/5279 5283/5283 5281/5281
f 4846/4846 4770/4770 4756/4756
f 4346/4346 4329/4329 4340/4340
f 4872/4872 4770/4770 4846/4846
f 4346/4346 4966/4966 4968/4968
f 5272/5272 4694/4694 4665/4665
f 4753/4753 5284/5284 4743/4743
f 4345/4345 4966/4966 4346/4346
f 5285/5285 5272/5272 4665/4665
f 4209/4209 5230/5230 4207/4207
f 5285/5285 4665/4665 4692/4692
f 4354/4354 5278/5278 4209/4209
f 5272/5272 5285/5285 5286/5286
f 4764/4764 5271/5271 4787/4787
f 4770/4770 4783/4783 4774/4774
f 5282/5282 5272/5272 5286/5286
f 5278/5278 4354/4354 4966/4966
f 5271/5271 4968/4968 4787/4787
f 5287/5287 5282/5282 5286/5286
f 5283/5283 5279/5279 5282/5282
f 5281/5281 5283/5283 5288/5288
f 5288/5288 5289/5289 5281/5281
f 4872/4872 4783/4783 4770/4770
f 5283/5283 5291/5291 5288/5288
f 4742/4742 4332/4332 4760/4760
f 5292/5292 5283/5283 5282/5282
f 4740/4740 4742/4742 4760/4760
f 5292/5292 5293/5293 5283/5283
f 5293/5293 5291/5291 5283/5283
f 4767/4767 4740/4740 4760/4760
f 5294/5294 5288/5288 5291/5291
f 4381/4381 5229/5229 4698/4698
f 5229/5229 5295/5295 4698/4698
f 4698/4698 5295/5295 4702/4702
f 4891/4891 4702/4702 5295/5295
f 4702/4702 4891/4891 4705/4705
f 4707/4707 4705/4705 4891/4891
f 5297/5297 2744/2744 4732/4732
f 5297/5297 5298/5298 2744/2744
f 4790/4790 4768/4768 4767/4767
f 4797/4797 5297/5297 4732/4732
f 4773/4773 4798/4798 4745/4745
f 2745/2745 2744/2744 5298/5298
f 4799/4799 5298/5298 5297/5297
f 5298/5298 2749/2749 2745/2745
f 4798/4798 5297/5297 4797/4797
f 4804/4804 4923/4923 4753/4753
f 4798/4798 4799/4799 5297/5297
f 4707/4707 4729/4729 4705/4705
f 4729/4729 4707/4707 4736/4736
f 4729/4729 4736/4736 4728/4728
f 4728/4728 4736/4736 4734/4734
f 4734/4734 4744/4744 4728/4728
f 4812/4812 4828/4828 4804/4804
f 5298/5298 4799/4799 2749/2749
f 2750/2750 2749/2749 2773/2773
f 4744/4744 4734/4734 4748/4748
f 4923/4923 4804/4804 4828/4828
f 4827/4827 4826/4826 4844/4844
f 4800/4800 4799/4799 4808/4808
f 4799/4799 4798/4798 4808/4808
f 4812/4812 4825/4825 4828/4828
f 4749/4749 4735/4735 4750/4750
f 4826/4826 4828/4828 4825/4825
f 4773/4773 4807/4807 4798/4798
f 4837/4837 4808/4808 4807/4807
f 4819/4819 4837/4837 4807/4807
f 4844/4844 5040/5040 4845/4845
f 4808/4808 4809/4809 4800/4800
f 4809/4809 4808/4808 4837/4837
f 4853/4853 4731/4731 4854/4854
f 2772/2772 2764/2764 4800/4800
f 4809/4809 2772/2772 4800/4800
f 5299/5299 4853/4853 4854/4854
f 2774/2774 4809/4809 4815/4815
f 4823/4823 4821/4821 5299/5299
f 5300/5300 4823/4823 5299/5299
f 4854/4854 5301/5301 5299/5299
f 4731/4731 5301/5301 4854/4854
f 5302/5302 5299/5299 5301/5301
f 5302/5302 5300/5300 5299/5299
f 5303/5303 4823/4823 5300/5300
f 5302/5302 5304/5304 5300/5300
f 5304/5304 5303/5303 5300/5300
f 4817/4817 4809/4809 4837/4837
f 5304/5304 4856/4856 5303/5303
f 4857/4857 4874/4874 4850/4850
f 5305/5305 4818/4818 4817/4817
f 4817/4817 4815/4815 4809/4809
f 4748/4748 5307/5307 4859/4859
f 4836/4836 4817/4817 4837/4837
f 4861/4861 5306/5306 4749/4749
f 4851/4851 4859/4859 5307/5307
f 5305/5305 4817/4817 4836/4836
f 4838/4838 5305/5305 4836/4836
f 4856/4856 4829/4829 5303/5303
f 4749/4749 4751/4751 4861/4861
f 4818/4818 5305/5305 5308/5308
f 5305/5305 4838/4838 5308/5308
f 4865/4865 4851/4851 5307/5307
f 4861/4861 4866/4866 5306/5306
f 4819/4819 4807/4807 4773/4773
f 4743/4743 5301/5301 4731/4731
f 5284/5284 5301/5301 4743/4743
f 4851/4851 4865/4865 4855/4855
f 4865/4865 4857/4857 4855/4855
f 5284/5284 5309/5309 5301/5301
f 5302/5302 5301/5301 5309/5309
f 5310/5310 4819/4819 4824/4824
f 5284/5284 4753/4753 5309/5309
f 5311/5311 4856/4856 5304/5304
f 4857/4857 4875/4875 4874/4874
f 5304/5304 5302/5302 5309/5309
f 5309/5309 5311/5311 5304/5304
f 4824/4824 4784/4784 4783/4783
f 5309/5309 4753/4753 4923/4923
f 4830/4830 4824/4824 4783/4783
f 5312/5312 5309/5309 4923/4923
f 5311/5311 5309/5309 5312/5312
f 4830/4830 5310/5310 4824/4824
f 4882/4882 4878/4878 4884/4884
f 4608/4608 4882/4882 4884/4884
f 4608/4608 4884/4884 4888/4888
f 4837/4837 4819/4819 5310/5310
f 4828/4828 4827/4827 4923/4923
f 5310/5310 4835/4835 4837/4837
f 4627/4627 4616/4616 4887/4887
f 4876/4876 4880/4880 4877/4877
f 4835/4835 5310/5310 4840/4840
f 5312/5312 4871/4871 5311/5311
f 5229/5229 5227/5227 5259/5259
f 5229/5229 5259/5259 5313/5313
f 5311/5311 4869/4869 4856/4856
f 5313/5313 5295/5295 5229/5229
f 5315/5315 5313/5313 5259/5259
f 5316/5316 5296/5296 5314/5314
f 5311/5311 4871/4871 4869/4869
f 5316/5316 4890/4890 5296/5296
f 5258/5258 5315/5315 5259/5259
f 4830/4830 4840/4840 5310/5310
f 5318/5318 5313/5313 5315/5315
f 5317/5317 5316/5316 5314/5314
f 5316/5316 5317/5317 5319/5319
f 4897/4897 4890/4890 5316/5316
f 4897/4897 4889/4889 4890/4890
f 5319/5319 4897/4897 5316/5316
f 4589/4589 4573/4573 4638/4638
f 5258/5258 5263/5263 5315/5315
f 5269/5269 5318/5318 5315/5315
f 5263/5263 5269/5269 5315/5315
f 4588/4588 4646/4646 4592/4592
f 4899/4899 5318/5318 5269/5269
f 4840/4840 4838/4838 4835/4835
f 4898/4898 4897/4897 5319/5319
f 4898/4898 5319/5319 5317/5317
f 5320/5320 5321/5321 4840/4840
f 4603/4603 4592/4592 4646/4646
f 5277/5277 4899/4899 5269/5269
f 4603/4603 4646/4646 4651/4651
f 5323/5323 4899/4899 5277/5277
f 4678/4678 4757/4757 4656/4656
f 4621/4621 4615/4615 4612/4612
f 4618/4618 4621/4621 4612/4612
f 4888/4888 4612/4612 4608/4608
f 4612/4612 4888/4888 4618/4618
f 4887/4887 4616/4616 4619/4619
f 4615/4615 4641/4641 4623/4623
f 4621/4621 4641/4641 4615/4615
f 4640/4640 4620/4620 4624/4624
f 4889/4889 4909/4909 4733/4733
f 4628/4628 4627/4627 4630/4630
f 4896/4896 4909/4909 4889/4889
f 4917/4917 4909/4909 4896/4896
f 4908/4908 5312/5312 4923/4923
f 4908/4908 4871/4871 5312/5312
f 4871/4871 4908/4908 4870/4870
f 4923/4923 4845/4845 4908/4908
f 4909/4909 4917/4917 5324/5324
f 4909/4909 5324/5324 4911/4911
f 5324/5324 4916/4916 5325/5325
f 5325/5325 4911/4911 5324/5324
f 4634/4634 4633/4633 4617/4617
f 4623/4623 4641/4641 4638/4638
f 4845/4845 4906/4906 4908/4908
f 4911/4911 4936/4936 4910/4910
f 5061/5061 4906/4906 4845/4845
f 5277/5277 5269/5269 5270/5270
f 5049/5049 5061/5061 4845/4845
f 5277/5277 5276/5276 5323/5323
f 4906/4906 4913/4913 4907/4907
f 5326/5326 5322/5322 5275/5275
f 4898/4898 5322/5322 4896/4896
f 4921/4921 4896/4896 5322/5322
f 5326/5326 4921/4921 5322/5322
f 5061/5061 4913/4913 4906/4906
f 5328/5328 5276/5276 5280/5280
f 5275/5275 5327/5327 5326/5326
f 5289/5289 5328/5328 5280/5280
f 5062/5062 4913/4913 5061/5061
f 5280/5280 5281/5281 5289/5289
f 5290/5290 5326/5326 5327/5327
f 4921/4921 4917/4917 4896/4896
f 5329/5329 5326/5326 5290/5290
f 4920/4920 4921/4921 5326/5326
f 5329/5329 4920/4920 5326/5326
f 4917/4917 4921/4921 4918/4918
f 5330/5330 4916/4916 4918/4918
f 4633/4633 4659/4659 4645/4645
f 5330/5330 4918/4918 4255/4255
f 4636/4636 4659/4659 4633/4633
f 5324/5324 4917/4917 4916/4916
f 4946/4946 4913/4913 5062/5062
f 4929/4929 4916/4916 5330/5330
f 4929/4929 5325/5325 4916/4916
f 4931/4931 5325/5325 4929/4929
f 4926/4926 4925/4925 5330/5330
f 4946/4946 4945/4945 4913/4913
f 4913/4913 4945/4945 4934/4934
f 4925/4925 4929/4929 5330/5330
f 5288/5288 5331/5331 5289/5289
f 5290/5290 5332/5332 5329/5329
f 4895/4895 4934/4934 4945/4945
f 5329/5329 5332/5332 4256/4256
f 5329/5329 4256/4256 4920/4920
f 5294/5294 5331/5331 5288/5288
f 5235/5235 5331/5331 5294/5294
f 4256/4256 5332/5332 5236/5236
f 4920/4920 4256/4256 4255/4255
f 4254/4254 5239/5239 4255/4255
f 5330/5330 4255/4255 4926/4926
f 4926/4926 5239/5239 4924/4924
f 5239/5239 4926/4926 4255/4255
f 4968/4968 4966/4966 4965/4965
f 4910/4910 4936/4936 4933/4933
f 4933/4933 4935/4935 4860/4860
f 4714/4714 4603/4603 4651/4651
f 4868/4868 4860/4860 4935/4935
f 4714/4714 4651/4651 4575/4575
f 4714/4714 4575/4575 4571/4571
f 4868/4868 4935/4935 4937/4937
f 5325/5325 4936/4936 4911/4911
f 5325/5325 5333/5333 4936/4936
f 5333/5333 4940/4940 4936/4936
f 4937/4937 4935/4935 4940/4940
f 4940/4940 5333/5333 5334/5334
f 4655/4655 4754/4754 4650/4650
f 4954/4954 5334/5334 5333/5333
f 4761/4761 4754/4754 4655/4655
f 4937/4937 4940/4940 5334/5334
f 4937/4937 5334/5334 4943/4943
f 4655/4655 4660/4660 4761/4761
f 4868/4868 4981/4981 4886/4886
f 4802/4802 4793/4793 4969/4969
f 4761/4761 4789/4789 4642/4642
f 4938/4938 4981/4981 4868/4868
f 4802/4802 4969/4969 4973/4973
f 4981/4981 4938/4938 4775/4775
f 4973/4973 4801/4801 4802/4802
f 4948/4948 4943/4943 5334/5334
f 4777/4777 4629/4629 4775/4775
f 4826/4826 4825/4825 5012/5012
f 4930/4930 5335/5335 4931/4931
f 4781/4781 4634/4634 4629/4629
f 4781/4781 4635/4635 4634/4634
f 5244/5244 5335/5335 4930/4930
f 4781/4781 4629/4629 4776/4776
f 5243/5243 5244/5244 4269/4269
f 4269/4269 5244/5244 4930/4930
f 4785/4785 4635/4635 4781/4781
f 4781/4781 4780/4780 4785/4785
f 4274/4274 4958/4958 5244/5244
f 4273/4273 4274/4274 5244/5244
f 5336/5336 4782/4782 5337/5337
f 5337/5337 4777/4777 4796/4796
f 4952/4952 4954/4954 5333/5333
f 4952/4952 5333/5333 5325/5325
f 5337/5337 4782/4782 4777/4777
f 4931/4931 4952/4952 5325/5325
f 4931/4931 5335/5335 4953/4953
f 4953/4953 4952/4952 4931/4931
f 4780/4780 4776/4776 4782/4782
f 4954/4954 4960/4960 5334/5334
f 4780/4780 4782/4782 5336/5336
f 4948/4948 5334/5334 4960/4960
f 4954/4954 4951/4951 4960/4960
f 4780/4780 5338/5338 4785/4785
f 5338/5338 4780/4780 5336/5336
f 5335/5335 5244/5244 4953/4953
f 4953/4953 5244/5244 4958/4958
f 4786/4786 4636/4636 4635/4635
f 4961/4961 4957/4957 4959/4959
f 5040/5040 5049/5049 4845/4845
f 4957/4957 4960/4960 4951/4951
f 5040/5040 5042/5042 5049/5049
f 4961/4961 4960/4960 4957/4957
f 5338/5338 5340/5340 4785/4785
f 5338/5338 5339/5339 5340/5340
f 5339/5339 4814/4814 5340/5340
f 4947/4947 4948/4948 4964/4964
f 4636/4636 4786/4786 4659/4659
f 4659/4659 4786/4786 4788/4788
f 4788/4788 4786/4786 4785/4785
f 4459/4459 5086/5086 4454/4454
f 5086/5086 4459/4459 4461/4461
f 4964/4964 4297/4297 4796/4796
f 4660/4660 4659/4659 4788/4788
f 5088/5088 5086/5086 4461/4461
f 5135/5135 5088/5088 4461/4461
f 4959/4959 4972/4972 4961/4961
f 4970/4970 4961/4961 4972/4972
f 4297/4297 4291/4291 4290/4290
f 4794/4794 4785/4785 5340/5340
f 5087/5087 5134/5134 5076/5076
f 5076/5076 5134/5134 5096/5096
f 5134/5134 5153/5153 5096/5096
f 4794/4794 5340/5340 4814/4814
f 4775/4775 4630/4630 4981/4981
f 4795/4795 5337/5337 4796/4796
f 5336/5336 5337/5337 4795/4795
f 5153/5153 5101/5101 5096/5096
f 5338/5338 5336/5336 4795/4795
f 4796/4796 4949/4949 4947/4947
f 5341/5341 5338/5338 4795/4795
f 4949/4949 4796/4796 4777/4777
f 4795/4795 4766/4766 4853/4853
f 4853/4853 5341/5341 4795/4795
f 4297/4297 4765/4765 4796/4796
f 4811/4811 5339/5339 5338/5338
f 5338/5338 5341/5341 4811/4811
f 5339/5339 4811/4811 4810/4810
f 5153/5153 5127/5127 5101/5101
f 4810/4810 4814/4814 5339/5339
f 3369/3369 4993/4993 3344/3344
f 4821/4821 4811/4811 5341/5341
f 4821/4821 5341/5341 4853/4853
f 5101/5101 5127/5127 5130/5130
f 4821/4821 4810/4810 4811/4811
f 3344/3344 3353/3353 3369/3369
f 5088/5088 5134/5134 5087/5087
f 5299/5299 4821/4821 4853/4853
f 5133/5133 5142/5142 5134/5134
f 5142/5142 5153/5153 5134/5134
f 4820/4820 4829/4829 4810/4810
f 4810/4810 4829/4829 4816/4816
f 5303/5303 4829/4829 4823/4823
f 4842/4842 4789/4789 4785/4785
f 5022/5022 3369/3369 5024/5024
f 4842/4842 4662/4662 4789/4789
f 4657/4657 4662/4662 4842/4842
f 4667/4667 4657/4657 4842/4842
f 4785/4785 4794/4794 4842/4842
f 4993/4993 5022/5022 5032/5032
f 5342/5342 5056/5056 5058/5058
f 5066/5066 5342/5342 5058/5058
f 4692/4692 5343/5343 5285/5285
f 4692/4692 5056/5056 5343/5343
f 5343/5343 5286/5286 5285/5285
f 5286/5286 5343/5343 5287/5287
f 5292/5292 5282/5282 5287/5287
f 5344/5344 5287/5287 5343/5343
f 5344/5344 5343/5343 5056/5056
f 5344/5344 5292/5292 5287/5287
f 5345/5345 5292/5292 5344/5344
f 5293/5293 5292/5292 5346/5346
f 5291/5291 5232/5232 5294/5294
f 5232/5232 5291/5291 5293/5293
f 5235/5235 5294/5294 5232/5232
f 5345/5345 5346/5346 5292/5292
f 5293/5293 5346/5346 5232/5232
f 5342/5342 5344/5344 5056/5056
f 5344/5344 5342/5342 5347/5347
f 5344/5344 5347/5347 5345/5345
f 5347/5347 5348/5348 5345/5345
f 5348/5348 5346/5346 5345/5345
f 5349/5349 5347/5347 5342/5342
f 5349/5349 5348/5348 5347/5347
f 5350/5350 5232/5232 5346/5346
f 5233/5233 5232/5232 5350/5350
f 5242/5242 5233/5233 5350/5350
f 5346/5346 5348/5348 5350/5350
f 5351/5351 5350/5350 5348/5348
f 5242/5242 5350/5350 5351/5351
f 4263/4263 5241/5241 4261/4261
f 5352/5352 5342/5342 5066/5066
f 5353/5353 5075/5075 5074/5074
f 5066/5066 5075/5075 5352/5352
f 5352/5352 5075/5075 5353/5353
f 5354/5354 5352/5352 5353/5353
f 5191/5191 5074/5074 5077/5077
f 5180/5180 5353/5353 5074/5074
f 5180/5180 5354/5354 5353/5353
f 5180/5180 5074/5074 5191/5191
f 5180/5180 5194/5194 5178/5178
f 5194/5194 5180/5180 5191/5191
f 5355/5355 5348/5348 5349/5349
f 5349/5349 5356/5356 5355/5355
f 5342/5342 5352/5352 5349/5349
f 5352/5352 5354/5354 5349/5349
f 5354/5354 5356/5356 5349/5349
f 5179/5179 5356/5356 5354/5354
f 5355/5355 5356/5356 5184/5184
f 5177/5177 5184/5184 5356/5356
f 5356/5356 5179/5179 5177/5177
f 5348/5348 5355/5355 5351/5351
f 5355/5355 5184/5184 5351/5351
f 5182/5182 5242/5242 5351/5351
f 5183/5183 4261/4261 5241/5241
f 5184/5184 5182/5182 5351/5351
f 5183/5183 5078/5078 4261/4261
f 5179/5179 5354/5354 5180/5180
f 5361/5361 5358/5358 5362/5362
f 5362/5362 5358/5358 5357/5357
f 5360/5360 5363/5363 5359/5359
f 5364/5364 5365/5365 5366/5366
f 5359/5359 5363/5363 5369/5369
f 5370/5370 5364/5364 5366/5366
f 5371/5371 5372/5372 5368/5368
f 5363/5363 5373/5373 5369/5369
f 5374/5374 5375/5375 5376/5376
f 5377/5377 5378/5378 5379/5379
f 5380/5380 5381/5381 5382/5382
f 5381/5381 5380/5380 5383/5383
f 5384/5384 5359/5359 5377/5377
f 5379/5379 5384/5384 5377/5377
f 5385/5385 5383/5383 5386/5386
f 5377/5377 5387/5387 5378/5378
f 5385/5385 5386/5386 5388/5388
f 5389/5389 5387/5387 5377/5377
f 5357/5357 5358/5358 5390/5390
f 5388/5388 5386/5386 5374/5374
f 5387/5387 5389/5389 5391/5391
f 5376/5376 5375/5375 5364/5364
f 5377/5377 5359/5359 5369/5369
f 5377/5377 5369/5369 5389/5389
f 5391/5391 5389/5389 5369/5369
f 5392/5392 5393/5393 5363/5363
f 5376/5376 5364/5364 5370/5370
f 5394/5394 5320/5320 5026/5026
f 5373/5373 5363/5363 5395/5395
f 5370/5370 5366/5366 5396/5396
f 5397/5397 5376/5376 5370/5370
f 5373/5373 5395/5395 5398/5398
f 5399/5399 5388/5388 5397/5397
f 5400/5400 5373/5373 5398/5398
f 5376/5376 5388/5388 5374/5374
f 5401/5401 5398/5398 5395/5395
f 5397/5397 5388/5388 5376/5376
f 5402/5402 5397/5397 5370/5370
f 5403/5403 5402/5402 5360/5360
f 5404/5404 5391/5391 5405/5405
f 5400/5400 5369/5369 5373/5373
f 5391/5391 5369/5369 5400/5400
f 5406/5406 5405/5405 5407/5407
f 5405/5405 5406/5406 5408/5408
f 5409/5409 5410/5410 5411/5411
f 5407/5407 5400/5400 5398/5398
f 5391/5391 5400/5400 5405/5405
f 5412/5412 4095/4095 4119/4119
f 5405/5405 5400/5400 5407/5407
f 5413/5413 5414/5414 5415/5415
f 5415/5415 5410/5410 5409/5409
f 5387/5387 5416/5416 5378/5378
f 5391/5391 5404/5404 5387/5387
f 5405/5405 5408/5408 5404/5404
f 5417/5417 5418/5418 5413/5413
f 5419/5419 5398/5398 5401/5401
f 5419/5419 5420/5420 5398/5398
f 5406/5406 5407/5407 5422/5422
f 5374/5374 5413/5413 5415/5415
f 5374/5374 5415/5415 5375/5375
f 5423/5423 5417/5417 5413/5413
f 5423/5423 5413/5413 5386/5386
f 5407/5407 5398/5398 5420/5420
f 5374/5374 5386/5386 5413/5413
f 5420/5420 5422/5422 5407/5407
f 5423/5423 5383/5383 5380/5380
f 5386/5386 5383/5383 5423/5423
f 5422/5422 5420/5420 5424/5424
f 5424/5424 5425/5425 5422/5422
f 5420/5420 5419/5419 5424/5424
f 5427/5427 5424/5424 5428/5428
f 5424/5424 5427/5427 5425/5425
f 5429/5429 5427/5427 5430/5430
f 5432/5432 5408/5408 5406/5406
f 3523/3523 3522/3522 5433/5433
f 5406/5406 5422/5422 5432/5432
f 5432/5432 5422/5422 5434/5434
f 4084/4084 5435/5435 4080/4080
f 4063/4063 5436/5436 5431/5431
f 4080/4080 5435/5435 3522/3522
f 5425/5425 5434/5434 5422/5422
f 5425/5425 5429/5429 5437/5437
f 5427/5427 5429/5429 5425/5425
f 5438/5438 5434/5434 5425/5425
f 5438/5438 5425/5425 5437/5437
f 5439/5439 5430/5430 5440/5440
f 5441/5441 5442/5442 5443/5443
f 5394/5394 5444/5444 5320/5320
f 5441/5441 5445/5445 5446/5446
f 5447/5447 5448/5448 5449/5449
f 3522/3522 5435/5435 5433/5433
f 5449/5449 5448/5448 5450/5450
f 5451/5451 5430/5430 5439/5439
f 3523/3523 5433/5433 4431/4431
f 5451/5451 5452/5452 5437/5437
f 5451/5451 5453/5453 5452/5452
f 5453/5453 5451/5451 5439/5439
f 5454/5454 5455/5455 5431/5431
f 5448/5448 5456/5456 5452/5452
f 5426/5426 5394/5394 5026/5026
f 5444/5444 5457/5457 5458/5458
f 5459/5459 4431/4431 5433/5433
f 5448/5448 5452/5452 5460/5460
f 5460/5460 5450/5450 5448/5448
f 4084/4084 5433/5433 5435/5435
f 5462/5462 5463/5463 5460/5460
f 5463/5463 5462/5462 5464/5464
f 5465/5465 5454/5454 5436/5436
f 5436/5436 5454/5454 5431/5431
f 5463/5463 5450/5450 5460/5460
f 5452/5452 5453/5453 5460/5460
f 5460/5460 5453/5453 5462/5462
f 5466/5466 5465/5465 5436/5436
f 5439/5439 5462/5462 5453/5453
f 5467/5467 5450/5450 5468/5468
f 5469/5469 5457/5457 5444/5444
f 5470/5470 5469/5469 5444/5444
f 5464/5464 5462/5462 5471/5471
f 5468/5468 5450/5450 5463/5463
f 5468/5468 5463/5463 5464/5464
f 5464/5464 5472/5472 5468/5468
f 5472/5472 5467/5467 5468/5468
f 5473/5473 5464/5464 5471/5471
f 5464/5464 5473/5473 5472/5472
f 5474/5474 5475/5475 5457/5457
f 5474/5474 5476/5476 5475/5475
f 5477/5477 5473/5473 5478/5478
f 5477/5477 5472/5472 5473/5473
f 5481/5481 5482/5482 5476/5476
f 5461/5461 5454/5454 5465/5465
f 5483/5483 5474/5474 5469/5469
f 5484/5484 5480/5480 5479/5479
f 5476/5476 5474/5474 5485/5485
f 5485/5485 5474/5474 5483/5483
f 4095/4095 5433/5433 4084/4084
f 5412/5412 5433/5433 4095/4095
f 5394/5394 5470/5470 5444/5444
f 5470/5470 5486/5486 5469/5469
f 5487/5487 5488/5488 5489/5489
f 5470/5470 5394/5394 5426/5426
f 5491/5491 5470/5470 5426/5426
f 5490/5490 5494/5494 5465/5465
f 5492/5492 5465/5465 5494/5494
f 5496/5496 5486/5486 5470/5470
f 5490/5490 5465/5465 5466/5466
f 5496/5496 5497/5497 5486/5486
f 5477/5477 5478/5478 5498/5498
f 5486/5486 5483/5483 5469/5469
f 5480/5480 5484/5484 5499/5499
f 5499/5499 5487/5487 5480/5480
f 5047/5047 5026/5026 5029/5029
f 5500/5500 5501/5501 5502/5502
f 5502/5502 5501/5501 5503/5503
f 5504/5504 5490/5490 5466/5466
f 5504/5504 5494/5494 5490/5490
f 4431/4431 5459/5459 5495/5495
f 5506/5506 5503/5503 5507/5507
f 5504/5504 5508/5508 5494/5494
f 5426/5426 5026/5026 5047/5047
f 5508/5508 5504/5504 5510/5510
f 5495/5495 4444/4444 4431/4431
f 5509/5509 5502/5502 5503/5503
f 5505/5505 5502/5502 5509/5509
f 5505/5505 5511/5511 5502/5502
f 5426/5426 5047/5047 5512/5512
f 5513/5513 4444/4444 5495/5495
f 5505/5505 5509/5509 5514/5514
f 5516/5516 5465/5465 5492/5492
f 5491/5491 5426/5426 5512/5512
f 5517/5517 5516/5516 5492/5492
f 5515/5515 5511/5511 5505/5505
f 5514/5514 5515/5515 5505/5505
f 5020/5020 5512/5512 5047/5047
f 5433/5433 5412/5412 5459/5459
f 5518/5518 5461/5461 5516/5516
f 5516/5516 5461/5461 5465/5465
f 5511/5511 5519/5519 5502/5502
f 5123/5123 5512/5512 5020/5020
f 5495/5495 5459/5459 5520/5520
f 5521/5521 5519/5519 5511/5511
f 5522/5522 5518/5518 5516/5516
f 5412/5412 5523/5523 5459/5459
f 5524/5524 5512/5512 5123/5123
f 5506/5506 5449/5449 5503/5503
f 5522/5522 5516/5516 5525/5525
f 5421/5421 5523/5523 5412/5412
f 5503/5503 5449/5449 5467/5467
f 5467/5467 5449/5449 5450/5450
f 5520/5520 5459/5459 5523/5523
f 5467/5467 5509/5509 5503/5503
f 5467/5467 5514/5514 5509/5509
f 5516/5516 5517/5517 5525/5525
f 5526/5526 5495/5495 5520/5520
f 5527/5527 5514/5514 5467/5467
f 5520/5520 5528/5528 5526/5526
f 5508/5508 5492/5492 5494/5494
f 5514/5514 5527/5527 5515/5515
f 5529/5529 5515/5515 5527/5527
f 5530/5530 5531/5531 5491/5491
f 5467/5467 5472/5472 5527/5527
f 5530/5530 5491/5491 5512/5512
f 5528/5528 5520/5520 5523/5523
f 5421/5421 5528/5528 5523/5523
f 5527/5527 5472/5472 5477/5477
f 5529/5529 5527/5527 5477/5477
f 5511/5511 5515/5515 5532/5532
f 5492/5492 5508/5508 5533/5533
f 5508/5508 5510/5510 5534/5534
f 5530/5530 5512/5512 5524/5524
f 5535/5535 5511/5511 5532/5532
f 4119/4119 4118/4118 5536/5536
f 5537/5537 5538/5538 5532/5532
f 5532/5532 5538/5538 5535/5535
f 4118/4118 3992/3992 4123/4123
f 5539/5539 5508/5508 5534/5534
f 5540/5540 5535/5535 5538/5538
f 5536/5536 4118/4118 4123/4123
f 5540/5540 5538/5538 5541/5541
f 5542/5542 5531/5531 5530/5530
f 5540/5540 5541/5541 5543/5543
f 5517/5517 5492/5492 5533/5533
f 5533/5533 5508/5508 5539/5539
f 4119/4119 4095/4095 4094/4094
f 5539/5539 5544/5544 5533/5533
f 5535/5535 5521/5521 5511/5511
f 5496/5496 5470/5470 5491/5491
f 5545/5545 5521/5521 5535/5535
f 5539/5539 5534/5534 5546/5546
f 5535/5535 5547/5547 5545/5545
f 5371/5371 5545/5545 5547/5547
f 5548/5548 5371/5371 5547/5547
f 5549/5549 5496/5496 5491/5491
f 5531/5531 5549/5549 5491/5491
f 5550/5550 5521/5521 5545/5545
f 5550/5550 5545/5545 5371/5371
f 5551/5551 5517/5517 5533/5533
f 5412/5412 5536/5536 5552/5552
f 5536/5536 5412/5412 4119/4119
f 5553/5553 5522/5522 5525/5525
f 5542/5542 5554/5554 5531/5531
f 5540/5540 5547/5547 5535/5535
f 5548/5548 5547/5547 5540/5540
f 5548/5548 5540/5540 5543/5543
f 5556/5556 5557/5557 5553/5553
f 4123/4123 5555/5555 5536/5536
f 5537/5537 5515/5515 5529/5529
f 5552/5552 5536/5536 5555/5555
f 5560/5560 5529/5529 5477/5477
f 5477/5477 5498/5498 5560/5560
f 5560/5560 5537/5537 5529/5529
f 5358/5358 5559/5559 5558/5558
f 5358/5358 5361/5361 5559/5559
f 5525/5525 5517/5517 5551/5551
f 5558/5558 5562/5562 5563/5563
f 5537/5537 5560/5560 5561/5561
f 5560/5560 5498/5498 5561/5561
f 4123/4123 3992/3992 5564/5564
f 5537/5537 5532/5532 5515/5515
f 5567/5567 5525/5525 5551/5551
f 5567/5567 5551/5551 5568/5568
f 5569/5569 5570/5570 5571/5571
f 5567/5567 5553/5553 5525/5525
f 5569/5569 5572/5572 5561/5561
f 5570/5570 5569/5569 5498/5498
f 5561/5561 5498/5498 5569/5569
f 5562/5562 5558/5558 5565/5565
f 5573/5573 5574/5574 5571/5571
f 5571/5571 5574/5574 5569/5569
f 5569/5569 5574/5574 5572/5572
f 5556/5556 5553/5553 5575/5575
f 5576/5576 5562/5562 5565/5565
f 5561/5561 5538/5538 5537/5537
f 5538/5538 5561/5561 5572/5572
f 5565/5565 5566/5566 5576/5576
f 5564/5564 3992/3992 4063/4063
f 5541/5541 5572/5572 5574/5574
f 5538/5538 5572/5572 5541/5541
f 5358/5358 5558/5558 5563/5563
f 5577/5577 5567/5567 5568/5568
f 5553/5553 5567/5567 5575/5575
f 5578/5578 5564/5564 4063/4063
f 5579/5579 4673/4673 4701/4701
f 4240/4240 4673/4673 5579/5579
f 5563/5563 5562/5562 5580/5580
f 5578/5578 4123/4123 5564/5564
f 5575/5575 5567/5567 5577/5577
f 4123/4123 5578/5578 5555/5555
f 5579/5579 5581/5581 4240/4240
f 5582/5582 5533/5533 5544/5544
f 5544/5544 5539/5539 5583/5583
f 5576/5576 5580/5580 5562/5562
f 5584/5584 5539/5539 5546/5546
f 5581/5581 5579/5579 5585/5585
f 5583/5583 5539/5539 5584/5584
f 5431/5431 5578/5578 4063/4063
f 5544/5544 5583/5583 5587/5587
f 5581/5581 5585/5585 5588/5588
f 5587/5587 5583/5583 5584/5584
f 5587/5587 5584/5584 5589/5589
f 5581/5581 5590/5590 4240/4240
f 5455/5455 5578/5578 5431/5431
f 5591/5591 5587/5587 5592/5592
f 5378/5378 5591/5591 5592/5592
f 5594/5594 5566/5566 5593/5593
f 5566/5566 5594/5594 5576/5576
f 5582/5582 5551/5551 5533/5533
f 5421/5421 5412/5412 5552/5552
f 4238/4238 4240/4240 5590/5590
f 5568/5568 5551/5551 5582/5582
f 5586/5586 5576/5576 5594/5594
f 5581/5581 5588/5588 5595/5595
f 5568/5568 5582/5582 5544/5544
f 5580/5580 5358/5358 5563/5563
f 5421/5421 5552/5552 5596/5596
f 5587/5587 5568/5568 5544/5544
f 5598/5598 5568/5568 5587/5587
f 5588/5588 5599/5599 5595/5595
f 5595/5595 5590/5590 5581/5581
f 5552/5552 5555/5555 5597/5597
f 5577/5577 5568/5568 5598/5598
f 5577/5577 5598/5598 5600/5600
f 5390/5390 5358/5358 5580/5580
f 5598/5598 5587/5587 5591/5591
f 4238/4238 5590/5590 4288/4288
f 5600/5600 5598/5598 5378/5378
f 5378/5378 5598/5598 5591/5591
f 5601/5601 5576/5576 5586/5586
f 5602/5602 5556/5556 5603/5603
f 5603/5603 5556/5556 5575/5575
f 5534/5534 5604/5604 5605/5605
f 5596/5596 5552/5552 5597/5597
f 5595/5595 5606/5606 5590/5590
f 5605/5605 5604/5604 5607/5607
f 5605/5605 5546/5546 5534/5534
f 5609/5609 5596/5596 5597/5597
f 5608/5608 5605/5605 5610/5610
f 5608/5608 5546/5546 5605/5605
f 5611/5611 5612/5612 5601/5601
f 5606/5606 5595/5595 5599/5599
f 5611/5611 5613/5613 5612/5612
f 5614/5614 5606/5606 5599/5599
f 5576/5576 5612/5612 5580/5580
f 5601/5601 5612/5612 5576/5576
f 5608/5608 5610/5610 5615/5615
f 5608/5608 5615/5615 5616/5616
f 5549/5549 5531/5531 5554/5554
f 5615/5615 5610/5610 5617/5617
f 5615/5615 5617/5617 5382/5382
f 5608/5608 5618/5618 5546/5546
f 5618/5618 5608/5608 5616/5616
f 5601/5601 5586/5586 5620/5620
f 5621/5621 5622/5622 5616/5616
f 5618/5618 5584/5584 5546/5546
f 5618/5618 5622/5622 5584/5584
f 5455/5455 5555/5555 5578/5578
f 5624/5624 4288/4288 5590/5590
f 5622/5622 5618/5618 5616/5616
f 5597/5597 5555/5555 5455/5455
f 3249/3249 5625/5625 3248/3248
f 5584/5584 5626/5626 5589/5589
f 5622/5622 5626/5626 5584/5584
f 4288/4288 5624/5624 5627/5627
f 5597/5597 5455/5455 5454/5454
f 5622/5622 5628/5628 5626/5626
f 5615/5615 5381/5381 5629/5629
f 5615/5615 5621/5621 5616/5616
f 5624/5624 5590/5590 5606/5606
f 5629/5629 5621/5621 5615/5615
f 5381/5381 5615/5615 5382/5382
f 5383/5383 5629/5629 5381/5381
f 5625/5625 3249/3249 3066/3066
f 5597/5597 5454/5454 5609/5609
f 5399/5399 5629/5629 5385/5385
f 5624/5624 5606/5606 5630/5630
f 5622/5622 5621/5621 5629/5629
f 5631/5631 5624/5624 5630/5630
f 5629/5629 5383/5383 5385/5385
f 5628/5628 5622/5622 5629/5629
f 5627/5627 5624/5624 5631/5631
f 5632/5632 5625/5625 3066/3066
f 4305/4305 5627/5627 5631/5631
f 5626/5626 5592/5592 5589/5589
f 5592/5592 5587/5587 5589/5589
f 5633/5633 3066/3066 3068/3068
f 5592/5592 5626/5626 5634/5634
f 5634/5634 5626/5626 5628/5628
f 4289/4289 4288/4288 5627/5627
f 5378/5378 5592/5592 5379/5379
f 5379/5379 5592/5592 5634/5634
f 5461/5461 5609/5609 5454/5454
f 4301/4301 4289/4289 5627/5627
f 5384/5384 5634/5634 5635/5635
f 5632/5632 5636/5636 5625/5625
f 5359/5359 5384/5384 5635/5635
f 5379/5379 5634/5634 5384/5384
f 5388/5388 5399/5399 5385/5385
f 5397/5397 5403/5403 5399/5399
f 4301/4301 5627/5627 4305/4305
f 5628/5628 5399/5399 5635/5635
f 5628/5628 5629/5629 5399/5399
f 5399/5399 5403/5403 5635/5635
f 5637/5637 3248/3248 5636/5636
f 5625/5625 5636/5636 3248/3248
f 5397/5397 5402/5402 5403/5403
f 5359/5359 5403/5403 5360/5360
f 5635/5635 5403/5403 5359/5359
f 5628/5628 5635/5635 5634/5634
f 4444/4444 5513/5513 4449/4449
f 5633/5633 5632/5632 3066/3066
f 5614/5614 5599/5599 5585/5585
f 5599/5599 5588/5588 5585/5585
f 5638/5638 4305/4305 5631/5631
f 5631/5631 5639/5639 5638/5638
f 5640/5640 4449/4449 5513/5513
f 5641/5641 5642/5642 5643/5643
f 5630/5630 5606/5606 5619/5619
f 5614/5614 5641/5641 5643/5643
f 5644/5644 5630/5630 5619/5619
f 5513/5513 5495/5495 5526/5526
f 5646/5646 5645/5645 5647/5647
f 5640/5640 5513/5513 5526/5526
f 5619/5619 5606/5606 5623/5623
f 5649/5649 5619/5619 5623/5623
f 5636/5636 5650/5650 5637/5637
f 5606/5606 5614/5614 5623/5623
f 5614/5614 5643/5643 5651/5651
f 5644/5644 5619/5619 5649/5649
f 5649/5649 5623/5623 5652/5652
f 5623/5623 5614/5614 5651/5651
f 5653/5653 4449/4449 5640/5640
f 5650/5650 5636/5636 5654/5654
f 4701/4701 4449/4449 5653/5653
f 5655/5655 5633/5633 5645/5645
f 5656/5656 5633/5633 5655/5655
f 5632/5632 5633/5633 5656/5656
f 5526/5526 5659/5659 5660/5660
f 5654/5654 5636/5636 5632/5632
f 5631/5631 5630/5630 5639/5639
f 5640/5640 5526/5526 5660/5660
f 5654/5654 5632/5632 5656/5656
f 5662/5662 5630/5630 5644/5644
f 5663/5663 5640/5640 5660/5660
f 5643/5643 5642/5642 5648/5648
f 5644/5644 5649/5649 5662/5662
f 5648/5648 5664/5664 5657/5657
f 5640/5640 5665/5665 5653/5653
f 5663/5663 5665/5665 5640/5640
f 5643/5643 5648/5648 5666/5666
f 5667/5667 5662/5662 5649/5649
f 5654/5654 5479/5479 5650/5650
f 5666/5666 5648/5648 5657/5657
f 5659/5659 5526/5526 5528/5528
f 5630/5630 5662/5662 5668/5668
f 5669/5669 5649/5649 5652/5652
f 5479/5479 5654/5654 5670/5670
f 5667/5667 5649/5649 5669/5669
f 5479/5479 5670/5670 5484/5484
f 5670/5670 5654/5654 5671/5671
f 5666/5666 5657/5657 5661/5661
f 5672/5672 5669/5669 5673/5673
f 5669/5669 5672/5672 5667/5667
f 5655/5655 5646/5646 5674/5674
f 5674/5674 5656/5656 5655/5655
f 5675/5675 5676/5676 5673/5673
f 5672/5672 5673/5673 5676/5676
f 5666/5666 5651/5651 5643/5643
f 5659/5659 5528/5528 5677/5677
f 5677/5677 5528/5528 5678/5678
f 5646/5646 5679/5679 5674/5674
f 4484/4484 4305/4305 5680/5680
f 5659/5659 5677/5677 5681/5681
f 5655/5655 5645/5645 5646/5646
f 4484/4484 4308/4308 4305/4305
f 5683/5683 5681/5681 5677/5677
f 5677/5677 5684/5684 5683/5683
f 5646/5646 5682/5682 5679/5679
f 5680/5680 4305/4305 5638/5638
f 5685/5685 5666/5666 5661/5661
f 5686/5686 5679/5679 5682/5682
f 5660/5660 5659/5659 5681/5681
f 5688/5688 5661/5661 5657/5657
f 5688/5688 5657/5657 5687/5687
f 5688/5688 5687/5687 5689/5689
f 4489/4489 4485/4485 5690/5690
f 5687/5687 5602/5602 5603/5603
f 5690/5690 4485/4485 4484/4484
f 5690/5690 4484/4484 5691/5691
f 5692/5692 5484/5484 5670/5670
f 4484/4484 5680/5680 5638/5638
f 4701/4701 5653/5653 5665/5665
f 5691/5691 4484/4484 5638/5638
f 5671/5671 5674/5674 5692/5692
f 4701/4701 5665/5665 5579/5579
f 5693/5693 5692/5692 5674/5674
f 5639/5639 5691/5691 5638/5638
f 5687/5687 5603/5603 5689/5689
f 5671/5671 5692/5692 5670/5670
f 5665/5665 5585/5585 5579/5579
f 5689/5689 5603/5603 5695/5695
f 5668/5668 5639/5639 5630/5630
f 5696/5696 5484/5484 5692/5692
f 5694/5694 5688/5688 5689/5689
f 5573/5573 5484/5484 5697/5697
f 5697/5697 5484/5484 5696/5696
f 5698/5698 5639/5639 5668/5668
f 5660/5660 5681/5681 5663/5663
f 5672/5672 5698/5698 5662/5662
f 5681/5681 5699/5699 5663/5663
f 5700/5700 5694/5694 5689/5689
f 5689/5689 5695/5695 5700/5700
f 5668/5668 5662/5662 5698/5698
f 5696/5696 5692/5692 5693/5693
f 5701/5701 5696/5696 5693/5693
f 5702/5702 5701/5701 5693/5693
f 5699/5699 5665/5665 5663/5663
f 5585/5585 5665/5665 5699/5699
f 5703/5703 5697/5697 5696/5696
f 5661/5661 5688/5688 5694/5694
f 5703/5703 5696/5696 5701/5701
f 5652/5652 5623/5623 5651/5651
f 5704/5704 5701/5701 5702/5702
f 5639/5639 5698/5698 5705/5705
f 5681/5681 5683/5683 5706/5706
f 5686/5686 5707/5707 5679/5679
f 5685/5685 5651/5651 5666/5666
f 5679/5679 5707/5707 5674/5674
f 5708/5708 5699/5699 5681/5681
f 5709/5709 5705/5705 5698/5698
f 5708/5708 5681/5681 5706/5706
f 5711/5711 5686/5686 5710/5710
f 5704/5704 5707/5707 5686/5686
f 5652/5652 5651/5651 5685/5685
f 5712/5712 5705/5705 5713/5713
f 5702/5702 5707/5707 5704/5704
f 5707/5707 5702/5702 5693/5693
f 5585/5585 5699/5699 5714/5714
f 5704/5704 5686/5686 5711/5711
f 5705/5705 5709/5709 5713/5713
f 5714/5714 5699/5699 5715/5715
f 5716/5716 5691/5691 5639/5639
f 5717/5717 5614/5614 5714/5714
f 5639/5639 5705/5705 5716/5716
f 5614/5614 5585/5585 5714/5714
f 5718/5718 5704/5704 5711/5711
f 5718/5718 5711/5711 5719/5719
f 5715/5715 5699/5699 5708/5708
f 5669/5669 5652/5652 5685/5685
f 5675/5675 5673/5673 5669/5669
f 5715/5715 5708/5708 5664/5664
f 5715/5715 5664/5664 5717/5717
f 5675/5675 5669/5669 5685/5685
f 5720/5720 5718/5718 5719/5719
f 5719/5719 5721/5721 5720/5720
f 5642/5642 5717/5717 5664/5664
f 5641/5641 5717/5717 5642/5642
f 5714/5714 5715/5715 5717/5717
f 5719/5719 5711/5711 5721/5721
f 5614/5614 5717/5717 5641/5641
f 4546/4546 5690/5690 5691/5691
f 5676/5676 5675/5675 5722/5722
f 4546/4546 5691/5691 5723/5723
f 5678/5678 5596/5596 5609/5609
f 5724/5724 5722/5722 5675/5675
f 5725/5725 5676/5676 5722/5722
f 5723/5723 5691/5691 5716/5716
f 5725/5725 5722/5722 5724/5724
f 5697/5697 5703/5703 5726/5726
f 5723/5723 5716/5716 5712/5712
f 5543/5543 5541/5541 5728/5728
f 5543/5543 5728/5728 5729/5729
f 5727/5727 5694/5694 5700/5700
f 5726/5726 5729/5729 5728/5728
f 5729/5729 5726/5726 5703/5703
f 5729/5729 5703/5703 5730/5730
f 5609/5609 5518/5518 5731/5731
f 5732/5732 5727/5727 5700/5700
f 5729/5729 5730/5730 5733/5733
f 5733/5733 5730/5730 5735/5735
f 5736/5736 4546/4546 5737/5737
f 5737/5737 4546/4546 5723/5723
f 5694/5694 5685/5685 5661/5661
f 5737/5737 5723/5723 5734/5734
f 5738/5738 5372/5372 5371/5371
f 5609/5609 5461/5461 5518/5518
f 5738/5738 5368/5368 5372/5372
f 5739/5739 5368/5368 5738/5738
f 5727/5727 5685/5685 5694/5694
f 5548/5548 5740/5740 5371/5371
f 5724/5724 5685/5685 5727/5727
f 5738/5738 5371/5371 5740/5740
f 5741/5741 5548/5548 5543/5543
f 5741/5741 5543/5543 5742/5742
f 5675/5675 5685/5685 5724/5724
f 5744/5744 5713/5713 5743/5743
f 5543/5543 5729/5729 5742/5742
f 5745/5745 5742/5742 5729/5729
f 5741/5741 5740/5740 5548/5548
f 5731/5731 5518/5518 5522/5522
f 5741/5741 5742/5742 5740/5740
f 5740/5740 5742/5742 5745/5745
f 5731/5731 5522/5522 5747/5747
f 5705/5705 5712/5712 5716/5716
f 5748/5748 5749/5749 5735/5735
f 5744/5744 5734/5734 5712/5712
f 5750/5750 5751/5751 5739/5739
f 5752/5752 5738/5738 5740/5740
f 5732/5732 5724/5724 5727/5727
f 5734/5734 5744/5744 5753/5753
f 5752/5752 5739/5739 5738/5738
f 5739/5739 5752/5752 5750/5750
f 5712/5712 5734/5734 5723/5723
f 5746/5746 5724/5724 5732/5732
f 5713/5713 5744/5744 5712/5712
f 5754/5754 5752/5752 5749/5749
f 5754/5754 5749/5749 5748/5748
f 5754/5754 5750/5750 5752/5752
f 5747/5747 5522/5522 5557/5557
f 5745/5745 5729/5729 5733/5733
f 5756/5756 5500/5500 5732/5732
f 5744/5744 5743/5743 5755/5755
f 5740/5740 5745/5745 5752/5752
f 5755/5755 5743/5743 5757/5757
f 5732/5732 5500/5500 5746/5746
f 5752/5752 5745/5745 5749/5749
f 5749/5749 5745/5745 5733/5733
f 5725/5725 5758/5758 5676/5676
f 5557/5557 5522/5522 5553/5553
f 5759/5759 5758/5758 5725/5725
f 5753/5753 5760/5760 5734/5734
f 5749/5749 5733/5733 5735/5735
f 5541/5541 5574/5574 5728/5728
f 5761/5761 5704/5704 5718/5718
f 5737/5737 5734/5734 5760/5760
f 5678/5678 5421/5421 5596/5596
f 5678/5678 5528/5528 5421/5421
f 5725/5725 5724/5724 5763/5763
f 5720/5720 5761/5761 5718/5718
f 5764/5764 5761/5761 5720/5720
f 5753/5753 5744/5744 5755/5755
f 5724/5724 5746/5746 5763/5763
f 5765/5765 5755/5755 5757/5757
f 5720/5720 5721/5721 5362/5362
f 5766/5766 5763/5763 5746/5746
f 5765/5765 5753/5753 5755/5755
f 5760/5760 5753/5753 5765/5765
f 5759/5759 5725/5725 5763/5763
f 5731/5731 5677/5677 5678/5678
f 5759/5759 5763/5763 5766/5766
f 5760/5760 5765/5765 5767/5767
f 5390/5390 5362/5362 5357/5357
f 5767/5767 5765/5765 5768/5768
f 5759/5759 5766/5766 5769/5769
f 5771/5771 5735/5735 5772/5772
f 5768/5768 5757/5757 5770/5770
f 5766/5766 5746/5746 5500/5500
f 5768/5768 5765/5765 5757/5757
f 5748/5748 5735/5735 5771/5771
f 4546/4546 4489/4489 5690/5690
f 5750/5750 5754/5754 5773/5773
f 4489/4489 4546/4546 4534/4534
f 5731/5731 5678/5678 5609/5609
f 5774/5774 5748/5748 5771/5771
f 4555/4555 4534/4534 4546/4546
f 5769/5769 5766/5766 5519/5519
f 5502/5502 5519/5519 5500/5500
f 5775/5775 5748/5748 5774/5774
f 5766/5766 5500/5500 5519/5519
f 5754/5754 5748/5748 5775/5775
f 5684/5684 5677/5677 5731/5731
f 5775/5775 5774/5774 5776/5776
f 4546/4546 5736/5736 4555/4555
f 5776/5776 5777/5777 5778/5778
f 5706/5706 5683/5683 5684/5684
f 5662/5662 5667/5667 5672/5672
f 5759/5759 5769/5769 5779/5779
f 5780/5780 5781/5781 5782/5782
f 5758/5758 5672/5672 5676/5676
f 5783/5783 5782/5782 5781/5781
f 5783/5783 5781/5781 5784/5784
f 5672/5672 5709/5709 5698/5698
f 5785/5785 5736/5736 5737/5737
f 5672/5672 5758/5758 5709/5709
f 5684/5684 5731/5731 5747/5747
f 5709/5709 5758/5758 5762/5762
f 5785/5785 5760/5760 5786/5786
f 5760/5760 5785/5785 5737/5737
f 5762/5762 5758/5758 5759/5759
f 5786/5786 5760/5760 5767/5767
f 5786/5786 5767/5767 5787/5787
f 5788/5788 5779/5779 5769/5769
f 5788/5788 5769/5769 5789/5789
f 5762/5762 5790/5790 5709/5709
f 5791/5791 5706/5706 5684/5684
f 5708/5708 5706/5706 5791/5791
f 5787/5787 5792/5792 5786/5786
f 5791/5791 5684/5684 5793/5793
f 5713/5713 5709/5709 5790/5790
f 5785/5785 5786/5786 5792/5792
f 5769/5769 5521/5521 5789/5789
f 5713/5713 5790/5790 5794/5794
f 5664/5664 5708/5708 5791/5791
f 5787/5787 5767/5767 5768/5768
f 5521/5521 5769/5769 5519/5519
f 5684/5684 5747/5747 5793/5793
f 5796/5796 5795/5795 5768/5768
f 5795/5795 5787/5787 5768/5768
f 5797/5797 5787/5787 5795/5795
f 5792/5792 5787/5787 5797/5797
f 5797/5797 5795/5795 5796/5796
f 5762/5762 5779/5779 5790/5790
f 5788/5788 5789/5789 5367/5367
f 5759/5759 5779/5779 5762/5762
f 5550/5550 5789/5789 5521/5521
f 5791/5791 5793/5793 5658/5658
f 5799/5799 5785/5785 5792/5792
f 5743/5743 5713/5713 5794/5794
f 5799/5799 5798/5798 5785/5785
f 5550/5550 5367/5367 5789/5789
f 5368/5368 5367/5367 5550/5550
f 5368/5368 5550/5550 5371/5371
f 5794/5794 5790/5790 5800/5800
f 5799/5799 5801/5801 5798/5798
f 5799/5799 5802/5802 5801/5801
f 5757/5757 5743/5743 5803/5803
f 5743/5743 5794/5794 5803/5803
f 5802/5802 5797/5797 5805/5805
f 5800/5800 5806/5806 5803/5803
f 5803/5803 5794/5794 5800/5800
f 5802/5802 5799/5799 5792/5792
f 5802/5802 5792/5792 5797/5797
f 5800/5800 5790/5790 5808/5808
f 5793/5793 5687/5687 5657/5657
f 5657/5657 5658/5658 5793/5793
f 5809/5809 3162/3162 3164/3164
f 5808/5808 5790/5790 5779/5779
f 5806/5806 5808/5808 5788/5788
f 5664/5664 5791/5791 5658/5658
f 5802/5802 5805/5805 5810/5810
f 3162/3162 5807/5807 3167/3167
f 5808/5808 5806/5806 5800/5800
f 5648/5648 5642/5642 5664/5664
f 5664/5664 5658/5658 5657/5657
f 5770/5770 5757/5757 5803/5803
f 5524/5524 5123/5123 5125/5125
f 5524/5524 5125/5125 5811/5811
f 5809/5809 5807/5807 3162/3162
f 5812/5812 5770/5770 5803/5803
f 5807/5807 5809/5809 5813/5813
f 5814/5814 5130/5130 5131/5131
f 5815/5815 5770/5770 5812/5812
f 5130/5130 5816/5816 5125/5125
f 5602/5602 5747/5747 5557/5557
f 5130/5130 5814/5814 5816/5816
f 5803/5803 5806/5806 5812/5812
f 5816/5816 5814/5814 5817/5817
f 5814/5814 5818/5818 5817/5817
f 5818/5818 5814/5814 5173/5173
f 5813/5813 5809/5809 5819/5819
f 5602/5602 5793/5793 5747/5747
f 5687/5687 5793/5793 5602/5602
f 5820/5820 5817/5817 5818/5818
f 5817/5817 5820/5820 5821/5821
f 5779/5779 5788/5788 5808/5808
f 5822/5822 5823/5823 5820/5820
f 5824/5824 5825/5825 5826/5826
f 5824/5824 5827/5827 5825/5825
f 5828/5828 5827/5827 5824/5824
f 3211/3211 3199/3199 3205/3205
f 5829/5829 5802/5802 5830/5830
f 5556/5556 5602/5602 5557/5557
f 5831/5831 3199/3199 3211/3211
f 3211/3211 5832/5832 5831/5831
f 5367/5367 5833/5833 5788/5788
f 5830/5830 5802/5802 5810/5810
f 5828/5828 5825/5825 5827/5827
f 5828/5828 5834/5834 5825/5825
f 5834/5834 5828/5828 5835/5835
f 5835/5835 5828/5828 5831/5831
f 5836/5836 5825/5825 5834/5834
f 5837/5837 5836/5836 5834/5834
f 5837/5837 5834/5834 5835/5835
f 5823/5823 5838/5838 5821/5821
f 5839/5839 4131/4131 4132/4132
f 5820/5820 5823/5823 5821/5821
f 5823/5823 5822/5822 5840/5840
f 5436/5436 4063/4063 3997/3997
f 5841/5841 5831/5831 5832/5832
f 5840/5840 5842/5842 5823/5823
f 5843/5843 3167/3167 5844/5844
f 5835/5835 5831/5831 5841/5841
f 5842/5842 5840/5840 5845/5845
f 5842/5842 5845/5845 5846/5846
f 5847/5847 4135/4135 2834/2834
f 4135/4135 5847/5847 5848/5848
f 5849/5849 5830/5830 5850/5850
f 5852/5852 3997/3997 4065/4065
f 5850/5850 5853/5853 5849/5849
f 5846/5846 5849/5849 5853/5853
f 5846/5846 5854/5854 5842/5842
f 4135/4135 4132/4132 4134/4134
f 5854/5854 5846/5846 5855/5855
f 5855/5855 5846/5846 5853/5853
f 5852/5852 5436/5436 3997/3997
f 5848/5848 5839/5839 4132/4132
f 5850/5850 5856/5856 5853/5853
f 5853/5853 5856/5856 5855/5855
f 5844/5844 3167/3167 5807/5807
f 5848/5848 4132/4132 4135/4135
f 5857/5857 5847/5847 5858/5858
f 5859/5859 5839/5839 5848/5848
f 5848/5848 5847/5847 5857/5857
f 4555/4555 5736/5736 5860/5860
f 5160/5160 4555/4555 5860/5860
f 5841/5841 5861/5861 5835/5835
f 5859/5859 5848/5848 5857/5857
f 5862/5862 5859/5859 5857/5857
f 5861/5861 5837/5837 5835/5835
f 5859/5859 5862/5862 5863/5863
f 5863/5863 5864/5864 5859/5859
f 5837/5837 5861/5861 5865/5865
f 5857/5857 5858/5858 5862/5862
f 5862/5862 5858/5858 5866/5866
f 5862/5862 5866/5866 5863/5863
f 5865/5865 5396/5396 5366/5366
f 5867/5867 5861/5861 5841/5841
f 5868/5868 5860/5860 5736/5736
f 5868/5868 5736/5736 5785/5785
f 5870/5870 5843/5843 5844/5844
f 4131/4131 5839/5839 5871/5871
f 5171/5171 5160/5160 5860/5860
f 5872/5872 4131/4131 5871/5871
f 5873/5873 5870/5870 5844/5844
f 5874/5874 5871/5871 5839/5839
f 5873/5873 5844/5844 5875/5875
f 5876/5876 5370/5370 5396/5396
f 5876/5876 5396/5396 5867/5867
f 5370/5370 5876/5876 5402/5402
f 5878/5878 5852/5852 4065/4065
f 5877/5877 5171/5171 5860/5860
f 5876/5876 5392/5392 5402/5402
f 5171/5171 5169/5169 5160/5160
f 5867/5867 5879/5879 5876/5876
f 5393/5393 5876/5876 5879/5879
f 5859/5859 5874/5874 5839/5839
f 5360/5360 5402/5402 5392/5392
f 5880/5880 5874/5874 5881/5881
f 5392/5392 5876/5876 5393/5393
f 5880/5880 5881/5881 5882/5882
f 5393/5393 5879/5879 5883/5883
f 5877/5877 5860/5860 5868/5868
f 5874/5874 5859/5859 5881/5881
f 5360/5360 5392/5392 5363/5363
f 5393/5393 5883/5883 5395/5395
f 5363/5363 5393/5393 5395/5395
f 5878/5878 4065/4065 5869/5869
f 5868/5868 5785/5785 5798/5798
f 5869/5869 4065/4065 4075/4075
f 5798/5798 5877/5877 5868/5868
f 5878/5878 5869/5869 5884/5884
f 5395/5395 5885/5885 5401/5401
f 5883/5883 5885/5885 5395/5395
f 4135/4135 2195/2195 2834/2834
f 5886/5886 5798/5798 5801/5801
f 5852/5852 5878/5878 5887/5887
f 5889/5889 5863/5863 5866/5866
f 5852/5852 5887/5887 5436/5436
f 5888/5888 5844/5844 5807/5807
f 5890/5890 5864/5864 5863/5863
f 5172/5172 5170/5170 5171/5171
f 5891/5891 5864/5864 5890/5890
f 5172/5172 5173/5173 5166/5166
f 5172/5172 5892/5892 5173/5173
f 5172/5172 5171/5171 5877/5877
f 5466/5466 5436/5436 5887/5887
f 5892/5892 5172/5172 5877/5877
f 5875/5875 5844/5844 5888/5888
f 5882/5882 5881/5881 5891/5891
f 5887/5887 5884/5884 5466/5466
f 5891/5891 5890/5890 5893/5893
f 5131/5131 5173/5173 5814/5814
f 5893/5893 5890/5890 5894/5894
f 5895/5895 5893/5893 5894/5894
f 5896/5896 5882/5882 5893/5893
f 5884/5884 5897/5897 5466/5466
f 5882/5882 5891/5891 5893/5893
f 5813/5813 5888/5888 5807/5807
f 5892/5892 5818/5818 5173/5173
f 5884/5884 5887/5887 5878/5878
f 5896/5896 5880/5880 5882/5882
f 5875/5875 5888/5888 5898/5898
f 5886/5886 5892/5892 5877/5877
f 5877/5877 5798/5798 5886/5886
f 5813/5813 5898/5898 5888/5888
f 5900/5900 5896/5896 5893/5893
f 5881/5881 5859/5859 5864/5864
f 5881/5881 5864/5864 5891/5891
f 5901/5901 5884/5884 5869/5869
f 5886/5886 5902/5902 5892/5892
f 5818/5818 5892/5892 5902/5902
f 5900/5900 5895/5895 5904/5904
f 5904/5904 5895/5895 5905/5905
f 5906/5906 5907/5907 5902/5902
f 5886/5886 5906/5906 5902/5902
f 5900/5900 5899/5899 5896/5896
f 5908/5908 5899/5899 5900/5900
f 5900/5900 5904/5904 5908/5908
f 5903/5903 3164/3164 3243/3243
f 5900/5900 5893/5893 5895/5895
f 5903/5903 5809/5809 3164/3164
f 5905/5905 5909/5909 5904/5904
f 5902/5902 5820/5820 5818/5818
f 5908/5908 5904/5904 5909/5909
f 5910/5910 5908/5908 5909/5909
f 5908/5908 5911/5911 5899/5899
f 5822/5822 5902/5902 5907/5907
f 5908/5908 5910/5910 5912/5912
f 5822/5822 5820/5820 5902/5902
f 5884/5884 5901/5901 5913/5913
f 5645/5645 3068/3068 3069/3069
f 5886/5886 5801/5801 5906/5906
f 3245/3245 5903/5903 3243/3243
f 5801/5801 5829/5829 5906/5906
f 5914/5914 5906/5906 5829/5829
f 5802/5802 5829/5829 5801/5801
f 5914/5914 5829/5829 5830/5830
f 5897/5897 5884/5884 5913/5913
f 5907/5907 5915/5915 5822/5822
f 5907/5907 5906/5906 5914/5914
f 5915/5915 5907/5907 5914/5914
f 3068/3068 5645/5645 5633/5633
f 5822/5822 5915/5915 5840/5840
f 5916/5916 3069/3069 3081/3081
f 5917/5917 5914/5914 5849/5849
f 5915/5915 5914/5914 5917/5917
f 5647/5647 5645/5645 3069/3069
f 5830/5830 5849/5849 5914/5914
f 3069/3069 5916/5916 5647/5647
f 5917/5917 5849/5849 5845/5845
f 5915/5915 5845/5845 5840/5840
f 5845/5845 5915/5915 5917/5917
f 5846/5846 5845/5845 5849/5849
f 3065/3065 5919/5919 3081/3081
f 5504/5504 5466/5466 5897/5897
f 5510/5510 5504/5504 5897/5897
f 5918/5918 5510/5510 5897/5897
f 5918/5918 5897/5897 5913/5913
f 5903/5903 5920/5920 5809/5809
f 5921/5921 5922/5922 5923/5923
f 5510/5510 5918/5918 5534/5534
f 5604/5604 5534/5534 5918/5918
f 5922/5922 5815/5815 5923/5923
f 5924/5924 5916/5916 3081/3081
f 5920/5920 5903/5903 5925/5925
f 5812/5812 5923/5923 5815/5815
f 3081/3081 3232/3232 5924/5924
f 4115/4115 4113/4113 5872/5872
f 3232/3232 3081/3081 5919/5919
f 5903/5903 3245/3245 5925/5925
f 5806/5806 5926/5926 5812/5812
f 5927/5927 4115/4115 5872/5872
f 5926/5926 5923/5923 5812/5812
f 5923/5923 5928/5928 5921/5921
f 5928/5928 5923/5923 5926/5926
f 4131/4131 5872/5872 4117/4117
f 5646/5646 5647/5647 5916/5916
f 5872/5872 4113/4113 4117/4117
f 5928/5928 5926/5926 5929/5929
f 3232/3232 5930/5930 5924/5924
f 5768/5768 5770/5770 5796/5796
f 5922/5922 5770/5770 5815/5815
f 5922/5922 5796/5796 5770/5770
f 5932/5932 5924/5924 5930/5930
f 5804/5804 5796/5796 5921/5921
f 5921/5921 5796/5796 5922/5922
f 5797/5797 5796/5796 5804/5804
f 5880/5880 5872/5872 5871/5871
f 5880/5880 5933/5933 5872/5872
f 5804/5804 5921/5921 5805/5805
f 5916/5916 5924/5924 5682/5682
f 5874/5874 5880/5880 5871/5871
f 5934/5934 2775/2775 5935/5935
f 5797/5797 5804/5804 5805/5805
f 5924/5924 5686/5686 5682/5682
f 5935/5935 2775/2775 3248/3248
f 5936/5936 5933/5933 5880/5880
f 5935/5935 3248/3248 5637/5637
f 5937/5937 5936/5936 5880/5880
f 5937/5937 5880/5880 5896/5896
f 5932/5932 5930/5930 5939/5939
f 5937/5937 5896/5896 5899/5899
f 5940/5940 5932/5932 5939/5939
f 5805/5805 5929/5929 5938/5938
f 5932/5932 5686/5686 5924/5924
f 5805/5805 5921/5921 5928/5928
f 3244/3244 3251/3251 5941/5941
f 5929/5929 5805/5805 5928/5928
f 3244/3244 3250/3250 3251/3251
f 5943/5943 5941/5941 3251/3251
f 5942/5942 4075/4075 4072/4072
f 5788/5788 5833/5833 5806/5806
f 5686/5686 5932/5932 5710/5710
f 5869/5869 4075/4075 5942/5942
f 5944/5944 5833/5833 5367/5367
f 5559/5559 5940/5940 5939/5939
f 5945/5945 5943/5943 5934/5934
f 5833/5833 5944/5944 5926/5926
f 4072/4072 4124/4124 5942/5942
f 5819/5819 5809/5809 5920/5920
f 5833/5833 5926/5926 5806/5806
f 5710/5710 5932/5932 5940/5940
f 4112/4112 5946/5946 4124/4124
f 5947/5947 5710/5710 5940/5940
f 5946/5946 5942/5942 4124/4124
f 5940/5940 5559/5559 5947/5947
f 5944/5944 5367/5367 5368/5368
f 5819/5819 5920/5920 5949/5949
f 3291/3291 2771/2771 4815/4815
f 5739/5739 5944/5944 5368/5368
f 5950/5950 5951/5951 5952/5952
f 5869/5869 5942/5942 5901/5901
f 5951/5951 5950/5950 5953/5953
f 5926/5926 5944/5944 5954/5954
f 5955/5955 5950/5950 5952/5952
f 5901/5901 5942/5942 5956/5956
f 5926/5926 5954/5954 5929/5929
f 5957/5957 5950/5950 5955/5955
f 5953/5953 5958/5958 5951/5951
f 5956/5956 5942/5942 5946/5946
f 5925/5925 5948/5948 5920/5920
f 5931/5931 5929/5929 5954/5954
f 5026/5026 5320/5320 4840/4840
f 5931/5931 5954/5954 5959/5959
f 5954/5954 5944/5944 5739/5739
f 5948/5948 5949/5949 5920/5920
f 5954/5954 5739/5739 5751/5751
f 5960/5960 5956/5956 5961/5961
f 5962/5962 5819/5819 5949/5949
f 5959/5959 5954/5954 5751/5751
f 5442/5442 5948/5948 5963/5963
f 5964/5964 5948/5948 5442/5442
f 5948/5948 5964/5964 5949/5949
f 5965/5965 5443/5443 5963/5963
f 5751/5751 5966/5966 5959/5959
f 5443/5443 5965/5965 5945/5945
f 5445/5445 5443/5443 5945/5945
f 4115/4115 5946/5946 4112/4112
f 5967/5967 5968/5968 5929/5929
f 5810/5810 5805/5805 5938/5938
f 5442/5442 5963/5963 5443/5443
f 5946/5946 4115/4115 5927/5927
f 5810/5810 5938/5938 5970/5970
f 5971/5971 5970/5970 5938/5938
f 5946/5946 5927/5927 5961/5961
f 5444/5444 5969/5969 5320/5320
f 5956/5956 5946/5946 5961/5961
f 5961/5961 5927/5927 5933/5933
f 5320/5320 5969/5969 5972/5972
f 5970/5970 5830/5830 5810/5810
f 5872/5872 5933/5933 5927/5927
f 5968/5968 5938/5938 5929/5929
f 5960/5960 5961/5961 5936/5936
f 5489/5489 5935/5935 5637/5637
f 5458/5458 5973/5973 5972/5972
f 5974/5974 5975/5975 5973/5973
f 5784/5784 5976/5976 5977/5977
f 5978/5978 5784/5784 5977/5977
f 5961/5961 5933/5933 5936/5936
f 5979/5979 5971/5971 5968/5968
f 5977/5977 5976/5976 5975/5975
f 5975/5975 5978/5978 5977/5977
f 5489/5489 5637/5637 5479/5479
f 5650/5650 5479/5479 5637/5637
f 5968/5968 5971/5971 5938/5938
f 5980/5980 5975/5975 5974/5974
f 5458/5458 5969/5969 5444/5444
f 5480/5480 5489/5489 5479/5479
f 5458/5458 5972/5972 5969/5969
f 5968/5968 5981/5981 5979/5979
f 5979/5979 5970/5970 5971/5971
f 5982/5982 5970/5970 5979/5979
f 5850/5850 5830/5830 5970/5970
f 5983/5983 5956/5956 5960/5960
f 5856/5856 5850/5850 5970/5970
f 5935/5935 5945/5945 5934/5934
f 5983/5983 5984/5984 5956/5956
f 5488/5488 5945/5945 5935/5935
f 5985/5985 5970/5970 5982/5982
f 5975/5975 5980/5980 5986/5986
f 5985/5985 5856/5856 5970/5970
f 5489/5489 5488/5488 5935/5935
f 5986/5986 5980/5980 5482/5482
f 5475/5475 5974/5974 5457/5457
f 5475/5475 5980/5980 5974/5974
f 5476/5476 5980/5980 5475/5475
f 5476/5476 5482/5482 5980/5980
f 5604/5604 5913/5913 5901/5901
f 5987/5987 5982/5982 5979/5979
f 5487/5487 5489/5489 5480/5480
f 3230/3230 5988/5988 5989/5989
f 5984/5984 5901/5901 5956/5956
f 5967/5967 5929/5929 5931/5931
f 5991/5991 5931/5931 5959/5959
f 5931/5931 5991/5991 5992/5992
f 5931/5931 5992/5992 5967/5967
f 5993/5993 5989/5989 5988/5988
f 5918/5918 5913/5913 5604/5604
f 5919/5919 3065/3065 3075/3075
f 5981/5981 5968/5968 5967/5967
f 5695/5695 5575/5575 5577/5577
f 3075/3075 3232/3232 5919/5919
f 5992/5992 5994/5994 5967/5967
f 3075/3075 3230/3230 3232/3232
f 5959/5959 5966/5966 5995/5995
f 5991/5991 5959/5959 5995/5995
f 5984/5984 5604/5604 5901/5901
f 5996/5996 5577/5577 5997/5997
f 5991/5991 5995/5995 5992/5992
f 5992/5992 5995/5995 5998/5998
f 5997/5997 5577/5577 5999/5999
f 3232/3232 3230/3230 6000/6000
f 5992/5992 5998/5998 5994/5994
f 6001/6001 6002/6002 5984/5984
f 6003/6003 5604/5604 5984/5984
f 3230/3230 5989/5989 6000/6000
f 6003/6003 5984/5984 6002/6002
f 5967/5967 5994/5994 5981/5981
f 6004/6004 5930/5930 3232/3232
f 5607/5607 5604/5604 6003/6003
f 5999/5999 5600/5600 6005/6005
f 6004/6004 3232/3232 6000/6000
f 5999/5999 5577/5577 5600/5600
f 5994/5994 5998/5998 6007/6007
f 5998/5998 6008/6008 6007/6007
f 5936/5936 5983/5983 5960/5960
f 6006/6006 5981/5981 5994/5994
f 6004/6004 6000/6000 6009/6009
f 6010/6010 5994/5994 6007/6007
f 6006/6006 5994/5994 6010/6010
f 5984/5984 5983/5983 6011/6011
f 6012/6012 6006/6006 6010/6010
f 6009/6009 6000/6000 5989/5989
f 6011/6011 5983/5983 5936/5936
f 5378/5378 5416/5416 5600/5600
f 6005/6005 5600/5600 5416/5416
f 6010/6010 6007/6007 6013/6013
f 6013/6013 6007/6007 6014/6014
f 6010/6010 6013/6013 6012/6012
f 6012/6012 6013/6013 6015/6015
f 6015/6015 6013/6013 6014/6014
f 6005/6005 6016/6016 5999/5999
f 5987/5987 5979/5979 5981/5981
f 6006/6006 5987/5987 5981/5981
f 5988/5988 3230/3230 3240/3240
f 6017/6017 5987/5987 6006/6006
f 5999/5999 6018/6018 5997/5997
f 6016/6016 6018/6018 5999/5999
f 5984/5984 6011/6011 6001/6001
f 6002/6002 6001/6001 6019/6019
f 6020/6020 5988/5988 3240/3240
f 5416/5416 5387/5387 5404/5404
f 6021/6021 5416/5416 5404/5404
f 6021/6021 6005/6005 5416/5416
f 5937/5937 6022/6022 5936/5936
f 6023/6023 6022/6022 5937/5937
f 5911/5911 5937/5937 5899/5899
f 6016/6016 6005/6005 6021/6021
f 6024/6024 6016/6016 6021/6021
f 5408/5408 6021/6021 5404/5404
f 6023/6023 5937/5937 5911/5911
f 5408/5408 5432/5432 6021/6021
f 5912/5912 6023/6023 5911/5911
f 5908/5908 5912/5912 5911/5911
f 6025/6025 3240/3240 3241/3241
f 5997/5997 6026/6026 6027/6027
f 5912/5912 6028/6028 6023/6023
f 5430/5430 5451/5451 5429/5429
f 6022/6022 6011/6011 5936/5936
f 6001/6001 6011/6011 6022/6022
f 6018/6018 6026/6026 5997/5997
f 6022/6022 6019/6019 6001/6001
f 6028/6028 6022/6022 6023/6023
f 6019/6019 6022/6022 6028/6028
f 5993/5993 5988/5988 6020/6020
f 6029/6029 6028/6028 5912/5912
f 5811/5811 6030/6030 5524/5524
f 6031/6031 6018/6018 6016/6016
f 6018/6018 6031/6031 6026/6026
f 6030/6030 6032/6032 5524/5524
f 6032/6032 5530/5530 5524/5524
f 3134/3134 3135/3135 6033/6033
f 6033/6033 3135/3135 6034/6034
f 6031/6031 6016/6016 6024/6024
f 6025/6025 6020/6020 3240/3240
f 6024/6024 6021/6021 5432/5432
f 6032/6032 5542/5542 5530/5530
f 6034/6034 3135/3135 3137/3137
f 6034/6034 3137/3137 3139/3139
f 6035/6035 6031/6031 6024/6024
f 6036/6036 6034/6034 3139/3139
f 5434/5434 6024/6024 5432/5432
f 3125/3125 6037/6037 3139/3139
f 6038/6038 6037/6037 3125/3125
f 6035/6035 6024/6024 5434/5434
f 6036/6036 3139/3139 6037/6037
f 6004/6004 6039/6039 5939/5939
f 6040/6040 6034/6034 6036/6036
f 6039/6039 6004/6004 6009/6009
f 6041/6041 6036/6036 6037/6037
f 6030/6030 5542/5542 6032/6032
f 6040/6040 6033/6033 6034/6034
f 6042/6042 6043/6043 6044/6044
f 6045/6045 6026/6026 5447/5447
f 6046/6046 6047/6047 6042/6042
f 5842/5842 5838/5838 5823/5823
f 6044/6044 6048/6048 6042/6042
f 6048/6048 6044/6044 6049/6049
f 6050/6050 5838/5838 5842/5842
f 6040/6040 6049/6049 6044/6044
f 6045/6045 5447/5447 5449/5449
f 6046/6046 6042/6042 6048/6048
f 5939/5939 5930/5930 6004/6004
f 6050/6050 6051/6051 5838/5838
f 6050/6050 6052/6052 6051/6051
f 6053/6053 6048/6048 6049/6049
f 5559/5559 5939/5939 6039/6039
f 6046/6046 6048/6048 6053/6053
f 6054/6054 6052/6052 6050/6050
f 6055/6055 6035/6035 5438/5438
f 6039/6039 6009/6009 5989/5989
f 5438/5438 6035/6035 5434/5434
f 5437/5437 6055/6055 5438/5438
f 6039/6039 5989/5989 5993/5993
f 5437/5437 5429/5429 5451/5451
f 6049/6049 6056/6056 6057/6057
f 6058/6058 6049/6049 6057/6057
f 5842/5842 5854/5854 6050/6050
f 5437/5437 5452/5452 6055/6055
f 5447/5447 6031/6031 6035/6035
f 6059/6059 6057/6057 6060/6060
f 6026/6026 6031/6031 5447/5447
f 5456/5456 5447/5447 6035/6035
f 5854/5854 6054/6054 6050/6050
f 5854/5854 5855/5855 5856/5856
f 5856/5856 6061/6061 5854/5854
f 5410/5410 6059/6059 6060/6060
f 6049/6049 6040/6040 6056/6056
f 5447/5447 5456/5456 5448/5448
f 5854/5854 6061/6061 6062/6062
f 5456/5456 6035/6035 6055/6055
f 6054/6054 5854/5854 6062/6062
f 6063/6063 3289/3289 3287/3287
f 5452/5452 5456/5456 6055/6055
f 6064/6064 3289/3289 6063/6063
f 6063/6063 6065/6065 6066/6066
f 5826/5826 6063/6063 3287/3287
f 5554/5554 5542/5542 6067/6067
f 6063/6063 5826/5826 6068/6068
f 6069/6069 6070/6070 6071/6071
f 6072/6072 6052/6052 6054/6054
f 6073/6073 6072/6072 6054/6054
f 5695/5695 5603/5603 5575/5575
f 6061/6061 5856/5856 5985/5985
f 5825/5825 6068/6068 5826/5826
f 5985/5985 5982/5982 6074/6074
f 6065/6065 6063/6063 6068/6068
f 6074/6074 5982/5982 5990/5990
f 6039/6039 5558/5558 5559/5559
f 5985/5985 6074/6074 6075/6075
f 6065/6065 6068/6068 5836/5836
f 6073/6073 6054/6054 6062/6062
f 6073/6073 6062/6062 6075/6075
f 5985/5985 6075/6075 6061/6061
f 6062/6062 6061/6061 6075/6075
f 5825/5825 5836/5836 6068/6068
f 6065/6065 5836/5836 6076/6076
f 3289/3289 6038/6038 3125/3125
f 6039/6039 5565/5565 5558/5558
f 5565/5565 6039/6039 5993/5993
f 6064/6064 6038/6038 3289/3289
f 5996/5996 5700/5700 5695/5695
f 5566/5566 5565/5565 5993/5993
f 6041/6041 6037/6037 6038/6038
f 6041/6041 6038/6038 6064/6064
f 5982/5982 5987/5987 5990/5990
f 6077/6077 6074/6074 5990/5990
f 6075/6075 6074/6074 6077/6077
f 6066/6066 6041/6041 6064/6064
f 5996/5996 5695/5695 5577/5577
f 6077/6077 6078/6078 6075/6075
f 6066/6066 6064/6064 6063/6063
f 6079/6079 6077/6077 5990/5990
f 5700/5700 5996/5996 6080/6080
f 6072/6072 6081/6081 6082/6082
f 6080/6080 5996/5996 5997/5997
f 6073/6073 6081/6081 6072/6072
f 6078/6078 6081/6081 6073/6073
f 5700/5700 6080/6080 6084/6084
f 6082/6082 6081/6081 6071/6071
f 6075/6075 6078/6078 6073/6073
f 6071/6071 6081/6081 6078/6078
f 6071/6071 6078/6078 6085/6085
f 6002/6002 6086/6086 6003/6003
f 6087/6087 6085/6085 6088/6088
f 6069/6069 6085/6085 6087/6087
f 5756/5756 5700/5700 6084/6084
f 6069/6069 6087/6087 6089/6089
f 5607/5607 6003/6003 6090/6090
f 6086/6086 6090/6090 6003/6003
f 6084/6084 6091/6091 5756/5756
f 6077/6077 6088/6088 6078/6078
f 6077/6077 6079/6079 6088/6088
f 6085/6085 6078/6078 6088/6088
f 6092/6092 5605/5605 5607/5607
f 6079/6079 6087/6087 6088/6088
f 5593/5593 5993/5993 6083/6083
f 6092/6092 5607/5607 6090/6090
f 6093/6093 6006/6006 6012/6012
f 5997/5997 6027/6027 6080/6080
f 6014/6014 5778/5778 6094/6094
f 5993/5993 5593/5593 5566/5566
f 6015/6015 6014/6014 6094/6094
f 5610/5610 5605/5605 6092/6092
f 5610/5610 6092/6092 6090/6090
f 6084/6084 6080/6080 6091/6091
f 6091/6091 6080/6080 5507/5507
f 5617/5617 6090/6090 6095/6095
f 5610/5610 6090/6090 5617/5617
f 5507/5507 6080/6080 6027/6027
f 6015/6015 6094/6094 6096/6096
f 6093/6093 6012/6012 6015/6015
f 6093/6093 6015/6015 6096/6096
f 6094/6094 6097/6097 6096/6096
f 5732/5732 5700/5700 5756/5756
f 5380/5380 5382/5382 5617/5617
f 5711/5711 5710/5710 5947/5947
f 6098/6098 6093/6093 6096/6096
f 5947/5947 5559/5559 5361/5361
f 6097/6097 6094/6094 5612/5612
f 5910/5910 6099/6099 5912/5912
f 6098/6098 6096/6096 6097/6097
f 5361/5361 5711/5711 5947/5947
f 6097/6097 6100/6100 6098/6098
f 5721/5721 5711/5711 5361/5361
f 6028/6028 6029/6029 6101/6101
f 6101/6101 6019/6019 6028/6028
f 5500/5500 5756/5756 5501/5501
f 5990/5990 5987/5987 6017/6017
f 6029/6029 5912/5912 6099/6099
f 6099/6099 6102/6102 6103/6103
f 6103/6103 6029/6029 6099/6099
f 6103/6103 6101/6101 6029/6029
f 6103/6103 6104/6104 6101/6101
f 6017/6017 6006/6006 6093/6093
f 5507/5507 5503/5503 6091/6091
f 5362/5362 5721/5721 5361/5361
f 6105/6105 6058/6058 6057/6057
f 6106/6106 6058/6058 6105/6105
f 6079/6079 5990/5990 6017/6017
f 6079/6079 6017/6017 6107/6107
f 6108/6108 6107/6107 6017/6017
f 6105/6105 6057/6057 6059/6059
f 6108/6108 6017/6017 6093/6093
f 5410/5410 6105/6105 6059/6059
f 5414/5414 6105/6105 5410/5410
f 6109/6109 6106/6106 6105/6105
f 6109/6109 6105/6105 5414/5414
f 6108/6108 6093/6093 6110/6110
f 5418/5418 6111/6111 6109/6109
f 6098/6098 6110/6110 6093/6093
f 5418/5418 6109/6109 5414/5414
f 6091/6091 5501/5501 5756/5756
f 5414/5414 5413/5413 5418/5418
f 6106/6106 6049/6049 6058/6058
f 5501/5501 6091/6091 5503/5503
f 6112/6112 6086/6086 6002/6002
f 6107/6107 6108/6108 6113/6113
f 6019/6019 6112/6112 6002/6002
f 6114/6114 6113/6113 6108/6108
f 6108/6108 6110/6110 6114/6114
f 6026/6026 5507/5507 6027/6027
f 6115/6115 6089/6089 6087/6087
f 6101/6101 6112/6112 6019/6019
f 6045/6045 5507/5507 6026/6026
f 6116/6116 6112/6112 6101/6101
f 6117/6117 6114/6114 6110/6110
f 6095/6095 6086/6086 6112/6112
f 6114/6114 6115/6115 6113/6113
f 5507/5507 6045/6045 5506/5506
f 6116/6116 6095/6095 6112/6112
f 6107/6107 6087/6087 6079/6079
f 6095/6095 6116/6116 6118/6118
f 5449/5449 5506/5506 6045/6045
f 6087/6087 6107/6107 6113/6113
f 6115/6115 6087/6087 6113/6113
f 6116/6116 6101/6101 6104/6104
f 6110/6110 6098/6098 6100/6100
f 6117/6117 6110/6110 6100/6100
f 6095/6095 6090/6090 6086/6086
f 6119/6119 6120/6120 6121/6121
f 6122/6122 6121/6121 6123/6123
f 6124/6124 6125/6125 6118/6118
f 6122/6122 6126/6126 6121/6121
f 6119/6119 6121/6121 6126/6126
f 6124/6124 6104/6104 6111/6111
f 6104/6104 6118/6118 6116/6116
f 6118/6118 6104/6104 6124/6124
f 6126/6126 6127/6127 6119/6119
f 5417/5417 6124/6124 5418/5418
f 6070/6070 6126/6126 6122/6122
f 6124/6124 6111/6111 5418/5418
f 6125/6125 6095/6095 6118/6118
f 5617/5617 6095/6095 6125/6125
f 5417/5417 6125/6125 6124/6124
f 5751/5751 5750/5750 5966/5966
f 6125/6125 5417/5417 5380/5380
f 5380/5380 5417/5417 5423/5423
f 5380/5380 5617/5617 6125/6125
f 5966/5966 5750/5750 5773/5773
f 5966/5966 5773/5773 5995/5995
f 5375/5375 5409/5409 5365/5365
f 5375/5375 5365/5365 5364/5364
f 5773/5773 5754/5754 5775/5775
f 6128/6128 5773/5773 5775/5775
f 5998/5998 5995/5995 6128/6128
f 5773/5773 6128/6128 5995/5995
f 6128/6128 5775/5775 6008/6008
f 6014/6014 6008/6008 5776/5776
f 5776/5776 6008/6008 5775/5775
f 5998/5998 6128/6128 6008/6008
f 6014/6014 6007/6007 6008/6008
f 5776/5776 5778/5778 6014/6014
f 5549/5549 6129/6129 5496/5496
f 5549/5549 6130/6130 6129/6129
f 6131/6131 6132/6132 6134/6134
f 5594/5594 5593/5593 6131/6131
f 6131/6131 6134/6134 6136/6136
f 5482/5482 6137/6137 6133/6133
f 5482/5482 5481/5481 6137/6137
f 6138/6138 6137/6137 5481/5481
f 6139/6139 6133/6133 6137/6137
f 6137/6137 6140/6140 6139/6139
f 6131/6131 6141/6141 6132/6132
f 6131/6131 5593/5593 6141/6141
f 6133/6133 6139/6139 6135/6135
f 6140/6140 6137/6137 6142/6142
f 6143/6143 6144/6144 6139/6139
f 6145/6145 6140/6140 6142/6142
f 6143/6143 6139/6139 6140/6140
f 6140/6140 6145/6145 6143/6143
f 6139/6139 6144/6144 6135/6135
f 6136/6136 5594/5594 6131/6131
f 6144/6144 6143/6143 6146/6146
f 6146/6146 6135/6135 6144/6144
f 6148/6148 6136/6136 6134/6134
f 6142/6142 6138/6138 6149/6149
f 6138/6138 6142/6142 6137/6137
f 6150/6150 6142/6142 6149/6149
f 6145/6145 6142/6142 6150/6150
f 6151/6151 6150/6150 6149/6149
f 6149/6149 5497/5497 6151/6151
f 6151/6151 5497/5497 6129/6129
f 5594/5594 6136/6136 5586/5586
f 6152/6152 5390/5390 5580/5580
f 5390/5390 6152/6152 5777/5777
f 6152/6152 5580/5580 5612/5612
f 6153/6153 5613/5613 5611/5611
f 6150/6150 6154/6154 6145/6145
f 6130/6130 6154/6154 6129/6129
f 6145/6145 6155/6155 6156/6156
f 6155/6155 6145/6145 6154/6154
f 6154/6154 6130/6130 6155/6155
f 6156/6156 6143/6143 6145/6145
f 6155/6155 6157/6157 6156/6156
f 6157/6157 6155/6155 6130/6130
f 6158/6158 6156/6156 6157/6157
f 6130/6130 6159/6159 6157/6157
f 6120/6120 6159/6159 6130/6130
f 6158/6158 6157/6157 6159/6159
f 6156/6156 6146/6146 6143/6143
f 6160/6160 6146/6146 6156/6156
f 6147/6147 6135/6135 6146/6146
f 5620/5620 6136/6136 6148/6148
f 6160/6160 6156/6156 6158/6158
f 6160/6160 6147/6147 6146/6146
f 6161/6161 6160/6160 6158/6158
f 6162/6162 6147/6147 6160/6160
f 6163/6163 5620/5620 6148/6148
f 6129/6129 6154/6154 6151/6151
f 6154/6154 6150/6150 6151/6151
f 5554/5554 6130/6130 5549/5549
f 5554/5554 6120/6120 6130/6130
f 6164/6164 6159/6159 6120/6120
f 6158/6158 6159/6159 6164/6164
f 6123/6123 6120/6120 5554/5554
f 6120/6120 6123/6123 6121/6121
f 6161/6161 6158/6158 6164/6164
f 6165/6165 6160/6160 6161/6161
f 6166/6166 6161/6161 6164/6164
f 6166/6166 6165/6165 6161/6161
f 6119/6119 6166/6166 6164/6164
f 6160/6160 6165/6165 6168/6168
f 6168/6168 6162/6162 6160/6160
f 6167/6167 5620/5620 6163/6163
f 6169/6169 6168/6168 6165/6165
f 6119/6119 6164/6164 6120/6120
f 6170/6170 6168/6168 6169/6169
f 6171/6171 6165/6165 6166/6166
f 6166/6166 6119/6119 6171/6171
f 6171/6171 6169/6169 6165/6165
f 6170/6170 6169/6169 6171/6171
f 6136/6136 5620/5620 5586/5586
f 5620/5620 6167/6167 5601/5601
f 5611/5611 5601/5601 6167/6167
f 6167/6167 6173/6173 5611/5611
f 6170/6170 6172/6172 6168/6168
f 5656/5656 5674/5674 5654/5654
f 5674/5674 5671/5671 5654/5654
f 5824/5824 3204/3204 3199/3199
f 5824/5824 3199/3199 5831/5831
f 5824/5824 3161/3161 3204/3204
f 5916/5916 5682/5682 5646/5646
f 5851/5851 3211/3211 3208/3208
f 5851/5851 3208/3208 3167/3167
f 3211/3211 5851/5851 5832/5832
f 5831/5831 5828/5828 5824/5824
f 5674/5674 5707/5707 5693/5693
f 5858/5858 5847/5847 3270/3270
f 3167/3167 5843/5843 5851/5851
f 3270/3270 6174/6174 5858/5858
f 5843/5843 5832/5832 5851/5851
f 6174/6174 3270/3270 3271/3271
f 6174/6174 3272/3272 3278/3278
f 5841/5841 5832/5832 5843/5843
f 5889/5889 6174/6174 3278/3278
f 5866/5866 6174/6174 5889/5889
f 6174/6174 3271/3271 3272/3272
f 5858/5858 6174/6174 5866/5866
f 5847/5847 2834/2834 3270/3270
f 3276/3276 3277/3277 3275/3275
f 5867/5867 5396/5396 5861/5861
f 5396/5396 5865/5865 5861/5861
f 6175/6175 6176/6176 3277/3277
f 5867/5867 5841/5841 6177/6177
f 5841/5841 5843/5843 5870/5870
f 5890/5890 6175/6175 5894/5894
f 5573/5573 5697/5697 5726/5726
f 5889/5889 3278/3278 6176/6176
f 5573/5573 5726/5726 5728/5728
f 6177/6177 5870/5870 5873/5873
f 3277/3277 6176/6176 3278/3278
f 5863/5863 5889/5889 5890/5890
f 5890/5890 5889/5889 6176/6176
f 5841/5841 5870/5870 6177/6177
f 6176/6176 6175/6175 5890/5890
f 6178/6178 3276/3276 3279/3279
f 3276/3276 6178/6178 3277/3277
f 5704/5704 5703/5703 5701/5701
f 5867/5867 6177/6177 5879/5879
f 3279/3279 6043/6043 6178/6178
f 5730/5730 5703/5703 5704/5704
f 5761/5761 5730/5730 5704/5704
f 6175/6175 3277/3277 6178/6178
f 5894/5894 6175/6175 6178/6178
f 6178/6178 6179/6179 5894/5894
f 5885/5885 5873/5873 5875/5875
f 5772/5772 5735/5735 5730/5730
f 5885/5885 5875/5875 5401/5401
f 5885/5885 5879/5879 5873/5873
f 5873/5873 5879/5879 6177/6177
f 5885/5885 5883/5883 5879/5879
f 5895/5895 6179/6179 5905/5905
f 5894/5894 6179/6179 5895/5895
f 6178/6178 6047/6047 6179/6179
f 5905/5905 6179/6179 6047/6047
f 5573/5573 5728/5728 5574/5574
f 5909/5909 5905/5905 6047/6047
f 5875/5875 5898/5898 5419/5419
f 5761/5761 5772/5772 5730/5730
f 5401/5401 5875/5875 5419/5419
f 5772/5772 5761/5761 5764/5764
f 5962/5962 5898/5898 5813/5813
f 5362/5362 6180/6180 5720/5720
f 5764/5764 5720/5720 6180/6180
f 6180/6180 5362/5362 5390/5390
f 5962/5962 5813/5813 5819/5819
f 3133/3133 3279/3279 3060/3060
f 5772/5772 5764/5764 5771/5771
f 6042/6042 6178/6178 6043/6043
f 3081/3081 3069/3069 3074/3074
f 3244/3244 5941/5941 3245/3245
f 5771/5771 6180/6180 5774/5774
f 5774/5774 6180/6180 5776/5776
f 5777/5777 6180/6180 5390/5390
f 5776/5776 6180/6180 5777/5777
f 5771/5771 5764/5764 6180/6180
f 6047/6047 6178/6178 6042/6042
f 3245/3245 5941/5941 6181/6181
f 6152/6152 5778/5778 5777/5777
f 6181/6181 5941/5941 5943/5943
f 6182/6182 3303/3303 3254/3254
f 3245/3245 6181/6181 5925/5925
f 3254/3254 3303/3303 3253/3253
f 6183/6183 3305/3305 3303/3303
f 3305/3305 6183/6183 3304/3304
f 5943/5943 3251/3251 5934/5934
f 3251/3251 2775/2775 5934/5934
f 6183/6183 3303/3303 6182/6182
f 5781/5781 6183/6183 6182/6182
f 5780/5780 3308/3308 3304/3304
f 6184/6184 3291/3291 4815/4815
f 5780/5780 6185/6185 3308/3308
f 5782/5782 6185/6185 5780/5780
f 6186/6186 6187/6187 3309/3309
f 5782/5782 6189/6189 6185/6185
f 5781/5781 5780/5780 6183/6183
f 6183/6183 5780/5780 3304/3304
f 3291/3291 6190/6190 3254/3254
f 6191/6191 6182/6182 5958/5958
f 5781/5781 6182/6182 6191/6191
f 5953/5953 6191/6191 5958/5958
f 6191/6191 5784/5784 5781/5781
f 5976/5976 6191/6191 5953/5953
f 6184/6184 6190/6190 3291/3291
f 6189/6189 5782/5782 6192/6192
f 6190/6190 6182/6182 3254/3254
f 5783/5783 6192/6192 5782/5782
f 6184/6184 4815/4815 4818/4818
f 6184/6184 4818/4818 5952/5952
f 5784/5784 6192/6192 5783/5783
f 5925/5925 6181/6181 5948/5948
f 5952/5952 4818/4818 6193/6193
f 4818/4818 5308/5308 6193/6193
f 6181/6181 5963/5963 5948/5948
f 6187/6187 3241/3241 3309/3309
f 5963/5963 6181/6181 5965/5965
f 6188/6188 6187/6187 6186/6186
f 6194/6194 6187/6187 6188/6188
f 6194/6194 6025/6025 6187/6187
f 6195/6195 6194/6194 6188/6188
f 5952/5952 6190/6190 6184/6184
f 5962/5962 5949/5949 5964/5964
f 6190/6190 5952/5952 5951/5951
f 5951/5951 6182/6182 6190/6190
f 5952/5952 6193/6193 5955/5955
f 5955/5955 6193/6193 5957/5957
f 3134/3134 6033/6033 6197/6197
f 3134/3134 3279/3279 3133/3133
f 5958/5958 6182/6182 5951/5951
f 5976/5976 5953/5953 5950/5950
f 6044/6044 6043/6043 6197/6197
f 6197/6197 3279/3279 3134/3134
f 6043/6043 3279/3279 6197/6197
f 6040/6040 6197/6197 6033/6033
f 6196/6196 6189/6189 6192/6192
f 6044/6044 6197/6197 6040/6040
f 5945/5945 5965/5965 5943/5943
f 5965/5965 6181/6181 5943/5943
f 6040/6040 6036/6036 6041/6041
f 6193/6193 5308/5308 5321/5321
f 4838/4838 5321/5321 5308/5308
f 5957/5957 6193/6193 5321/5321
f 5321/5321 4838/4838 4840/4840
f 5945/5945 5488/5488 5445/5445
f 6046/6046 6198/6198 6047/6047
f 5909/5909 6047/6047 6198/6198
f 6056/6056 6040/6040 6041/6041
f 6041/6041 6060/6060 6056/6056
f 6060/6060 6057/6057 6056/6056
f 5957/5957 5321/5321 5320/5320
f 5811/5811 5125/5125 5816/5816
f 5811/5811 5816/5816 5817/5817
f 5821/5821 5811/5811 5817/5817
f 5972/5972 5950/5950 5957/5957
f 3287/3287 3289/3289 3286/3286
f 5972/5972 5957/5957 5320/5320
f 3161/3161 5826/5826 3287/3287
f 5826/5826 3161/3161 5824/5824
f 5976/5976 5950/5950 5972/5972
f 6199/6199 6066/6066 6065/6065
f 6065/6065 6076/6076 6199/6199
f 5976/5976 5784/5784 6191/6191
f 5409/5409 6199/6199 6076/6076
f 6076/6076 5836/5836 5837/5837
f 5973/5973 5976/5976 5972/5972
f 5976/5976 5973/5973 5975/5975
f 5978/5978 6192/6192 5784/5784
f 6196/6196 6192/6192 5978/5978
f 6200/6200 5962/5962 5440/5440
f 6060/6060 6041/6041 5411/5411
f 5411/5411 6041/6041 6066/6066
f 5975/5975 5986/5986 5978/5978
f 5411/5411 6066/6066 6199/6199
f 5440/5440 5430/5430 6200/6200
f 6201/6201 5978/5978 5986/5986
f 5410/5410 6060/6060 5411/5411
f 5458/5458 5974/5974 5973/5973
f 5457/5457 5974/5974 5458/5458
f 5482/5482 6201/6201 5986/5986
f 5909/5909 6198/6198 5910/5910
f 5910/5910 6198/6198 6102/6102
f 6102/6102 6046/6046 6053/6053
f 6106/6106 6053/6053 6049/6049
f 6106/6106 6102/6102 6053/6053
f 5910/5910 6102/6102 6099/6099
f 6102/6102 6106/6106 6103/6103
f 6102/6102 6198/6198 6046/6046
f 6111/6111 6103/6103 6109/6109
f 6103/6103 6111/6111 6104/6104
f 6103/6103 6106/6106 6109/6109
f 5365/5365 5409/5409 6076/6076
f 5865/5865 6076/6076 5837/5837
f 6025/6025 3241/3241 6187/6187
f 6076/6076 5865/5865 5365/5365
f 5365/5365 5865/5865 5366/5366
f 5962/5962 6200/6200 5898/5898
f 5419/5419 5898/5898 5428/5428
f 6083/6083 5993/5993 6020/6020
f 5419/5419 5428/5428 5424/5424
f 5409/5409 5411/5411 6199/6199
f 6202/6202 6025/6025 6194/6194
f 5410/5410 5415/5415 5414/5414
f 5428/5428 5898/5898 6200/6200
f 5415/5415 5409/5409 5375/5375
f 5427/5427 5428/5428 6200/6200
f 6195/6195 6202/6202 6194/6194
f 6202/6202 6020/6020 6025/6025
f 6202/6202 6204/6204 6020/6020
f 6204/6204 6202/6202 6195/6195
f 6200/6200 5430/5430 5427/5427
f 5440/5440 5962/5962 5964/5964
f 5441/5441 5964/5964 5442/5442
f 5440/5440 5964/5964 5441/5441
f 5446/5446 5445/5445 5488/5488
f 5443/5443 5445/5445 5441/5441
f 5440/5440 5441/5441 6205/6205
f 5446/5446 6205/6205 5441/5441
f 5446/5446 6206/6206 6205/6205
f 5439/5439 5440/5440 6205/6205
f 6052/6052 6030/6030 6051/6051
f 6203/6203 6196/6196 6201/6201
f 5471/5471 5439/5439 6205/6205
f 5471/5471 6205/6205 6206/6206
f 6207/6207 6020/6020 6204/6204
f 5462/5462 5439/5439 5471/5471
f 6201/6201 6196/6196 5978/5978
f 6208/6208 6203/6203 6201/6201
f 5446/5446 6210/6210 6206/6206
f 6206/6206 5473/5473 5471/5471
f 6210/6210 5473/5473 6206/6206
f 6072/6072 6030/6030 6052/6052
f 6204/6204 6209/6209 6207/6207
f 6207/6207 6083/6083 6020/6020
f 6030/6030 5811/5811 5838/5838
f 5821/5821 5838/5838 5811/5811
f 5838/5838 6051/6051 6030/6030
f 5488/5488 5487/5487 5446/5446
f 5493/5493 5446/5446 5487/5487
f 6141/6141 6207/6207 6209/6209
f 6201/6201 5482/5482 6208/6208
f 6133/6133 6208/6208 5482/5482
f 6210/6210 5446/5446 5493/5493
f 5570/5570 6210/6210 5493/5493
f 6141/6141 6083/6083 6207/6207
f 5478/5478 6210/6210 5570/5570
f 5593/5593 6083/6083 6141/6141
f 5478/5478 5570/5570 5498/5498
f 6132/6132 6141/6141 6209/6209
f 5473/5473 6210/6210 5478/5478
f 6082/6082 6030/6030 6072/6072
f 6082/6082 6067/6067 6030/6030
f 6067/6067 5542/5542 6030/6030
f 5487/5487 5499/5499 5493/5493
f 6123/6123 6067/6067 6122/6122
f 5570/5570 5493/5493 5499/5499
f 6122/6122 6067/6067 6082/6082
f 5499/5499 5571/5571 5570/5570
f 5499/5499 5573/5573 5571/5571
f 6071/6071 6070/6070 6122/6122
f 6071/6071 6122/6122 6082/6082
f 5573/5573 5499/5499 5484/5484
f 6085/6085 6069/6069 6071/6071
f 6094/6094 5778/5778 6152/6152
f 6094/6094 6152/6152 5612/5612
f 6211/6211 6212/6212 6153/6153
f 6097/6097 5612/5612 5613/5613
f 5613/5613 6100/6100 6097/6097
f 6153/6153 6100/6100 5613/5613
f 6100/6100 6153/6153 6212/6212
f 6213/6213 6117/6117 6212/6212
f 6214/6214 6089/6089 6115/6115
f 6114/6114 6117/6117 6213/6213
f 6114/6114 6213/6213 6214/6214
f 6115/6115 6114/6114 6214/6214
f 6117/6117 6100/6100 6212/6212
f 5554/5554 6067/6067 6123/6123
f 6127/6127 6170/6170 6171/6171
f 6119/6119 6127/6127 6171/6171
f 5476/5476 5485/5485 5481/5481
f 6215/6215 6172/6172 6217/6217
f 5469/5469 5474/5474 5457/5457
f 6153/6153 5611/5611 6216/6216
f 6216/6216 5611/5611 6173/6173
f 6217/6217 6172/6172 6170/6170
f 6217/6217 6170/6170 6127/6127
f 6218/6218 6217/6217 6126/6126
f 6126/6126 6217/6217 6127/6127
f 6215/6215 6217/6217 6218/6218
f 6138/6138 5481/5481 5485/5485
f 6219/6219 6218/6218 6126/6126
f 6070/6070 6219/6219 6126/6126
f 6220/6220 6215/6215 6219/6219
f 6219/6219 6215/6215 6218/6218
f 6153/6153 6216/6216 6211/6211
f 6069/6069 6219/6219 6070/6070
f 6219/6219 6069/6069 6089/6089
f 6219/6219 6089/6089 6220/6220
f 6216/6216 6221/6221 6213/6213
f 6213/6213 6211/6211 6216/6216
f 6213/6213 6212/6212 6211/6211
f 6220/6220 6089/6089 6214/6214
f 6221/6221 6214/6214 6213/6213
f 5497/5497 5483/5483 5486/5486
f 6149/6149 6138/6138 5485/5485
f 5485/5485 5483/5483 5497/5497
f 6149/6149 5485/5485 5497/5497
f 6129/6129 5497/5497 5496/5496
