[2026-09-18T10:33:39Z] START ff-s1 seed=1 gpu=GPU-23a5dcb4-5248-01aa-94a3-d0f998660161 seq=[DragPull ToppleBlock ThrowToBin PushCuboid RotateValve OpenDrawer FlipSwitch AxialExtract OpenDoor PushButton OpenLid SlideWindow TurnLever PushFlap ReachTarget]
-------------- Setting up environment variables -----------
Built global observation normalizer across 15 tasks

Extracting dimensions from environment...
Setting seed: 1
Warp 1.15.0 initialized:
   CUDA Toolkit 12.9, Driver 12.4
   Devices:
     "cpu"      : "x86_64"
     "cuda:0"   : "NVIDIA A100-SXM4-80GB" (79 GiB, sm_80, mempool enabled)
   Kernel cache:
     /ihub/homedirs/svs_ald/.cache/warp/1.15.0
Module mujoco_warp._src.smooth c4020f1 load on device 'cuda:0' took 2.06 ms  (cached)
Module _nxn_broadphase__locals__kernel_cd21dc9b cd21dc9 load on device 'cuda:0' took 0.82 ms  (cached)
Module ccd_kernel_builder__locals__ccd_kernel_985a08c3 985a08c load on device 'cuda:0' took 0.95 ms  (cached)
Module ccd_kernel_builder__locals__ccd_kernel_985a08c3 315afeb load on device 'cuda:0' took 1.15 ms  (cached)
Module ccd_kernel_builder__locals__ccd_kernel_c5700abb c5700ab load on device 'cuda:0' took 0.93 ms  (cached)
Module ccd_kernel_builder__locals__ccd_kernel_c5700abb 514f16f load on device 'cuda:0' took 0.89 ms  (cached)
Module _primitive_narrowphase__locals__primitive_narrowphase_465e14e8 465e14e load on device 'cuda:0' took 1.06 ms  (cached)
Module mujoco_warp._src.constraint 36c8060 load on device 'cuda:0' took 0.92 ms  (cached)
Module _equality_joint__locals__kernel_0bce3899 0bce389 load on device 'cuda:0' took 0.76 ms  (cached)
Module _friction_dof__locals__kernel_0cd98302 0cd9830 load on device 'cuda:0' took 0.55 ms  (cached)
Module _limit_slide_hinge__locals__kernel_7e77232e 7e77232 load on device 'cuda:0' took 0.66 ms  (cached)
Module _efc_contact_init__locals__kernel_db957632 db95763 load on device 'cuda:0' took 0.58 ms  (cached)
Module _efc_contact_jac_dense__locals__kernel_15133f64 884864c load on device 'cuda:0' took 0.66 ms  (cached)
Module _efc_contact_update__locals__kernel_e1a06f21 e1a06f2 load on device 'cuda:0' took 0.51 ms  (cached)
Module mujoco_warp._src.forward bfd9fb5 load on device 'cuda:0' took 0.67 ms  (cached)
Module mujoco_warp._src.passive d8c18c6 load on device 'cuda:0' took 0.64 ms  (cached)
Module mujoco_warp._src.forward b068ad6 load on device 'cuda:0' took 0.70 ms  (cached)
Module _qfrc_smooth__locals__kernel_3ac7164a 3ac7164 load on device 'cuda:0' took 0.47 ms  (cached)
Module mujoco_warp._src.support ca784c5 load on device 'cuda:0' took 0.46 ms  (cached)
Module _small_cholesky_factorize_solve_block__locals__kernel_2e80fc98 00039f8 load on device 'cuda:0' took 0.54 ms  (cached)
Module _tile_cholesky_factorize_solve_block__locals__kernel_69cebde2 70dd80d load on device 'cuda:0' took 39.10 ms  (cached)
Module _solve_init_dof__locals__kernel_03c5735a 03c5735 load on device 'cuda:0' took 0.56 ms  (cached)
Module mujoco_warp._src.solver 3a105a0 load on device 'cuda:0' took 0.85 ms  (cached)
Module _solve_init_jaref_kernel__locals__kernel_663b22bf 663b22b load on device 'cuda:0' took 0.84 ms  (cached)
Module mul_m_kernel__locals___mul_m_4f80c25f 4f80c25 load on device 'cuda:0' took 0.46 ms  (cached)
Module _update_constraint_efc__locals__kernel_7b921a6e 7b921a6 load on device 'cuda:0' took 0.51 ms  (cached)
Module _update_constraint_init_qfrc_constraint_dense__locals__kernel_87c13c1d 87c13c1 load on device 'cuda:0' took 0.39 ms  (cached)
Module _update_gradient_zero_grad_dot__locals__kernel_ca4acd13 ca4acd1 load on device 'cuda:0' took 0.39 ms  (cached)
Module _update_gradient_grad__locals__kernel_9e296ebd 9e296eb load on device 'cuda:0' took 0.45 ms  (cached)
Module _update_gradient_JTDAJ_dense_tiled__locals__kernel_cdf098f5 cef67ec load on device 'cuda:0' took 0.90 ms  (cached)
Module _update_gradient_cholesky__locals__kernel_9b0db1e1 2cc8803 load on device 'cuda:0' took 42.06 ms  (cached)
Module _linesearch_iterative_kernel__locals__kernel_d431e7de 4c12f05 load on device 'cuda:0' took 0.68 ms  (cached)
Module mujoco_warp._src.sensor de892d8 load on device 'cuda:0' took 0.97 ms  (cached)
Module _contact_sort__locals__contact_sort_8d950af1 a76bf05 load on device 'cuda:0' took 0.85 ms  (cached)
Module mujoco_warp._src.derivative 833f5d0 load on device 'cuda:0' took 0.85 ms  (cached)
Module _next_time_builder__locals___next_time_8c8bbcbc 8c8bbcb load on device 'cuda:0' took 0.65 ms  (cached)

+---------------------------------+
|         Base Environment        |
+------------------------+--------+
| Property               | Value  |
+------------------------+--------+
| Number of environments | 1      |
| Environment device     | cuda:0 |
| Environment seed       | 1      |
| Physics step-size      | 0.005  |
| Environment step-size  | 0.02   |
+------------------------+--------+

[INFO] <EventManager> contains 2 active terms.
+---------------------------------------+
| Active Event Terms in Mode: 'startup' |
+-------+-------------------------------+
| Index | Name                          |
+-------+-------------------------------+
|   0   | reset_base                    |
|   1   | fingertip_friction_slide      |
|   2   | fingertip_friction_spin       |
|   3   | fingertip_friction_roll       |
+-------+-------------------------------+
+-------------------------------------+
| Active Event Terms in Mode: 'reset' |
+--------+----------------------------+
| Index  | Name                       |
+--------+----------------------------+
|   0    | reset_robot_joints         |
|   1    | reset_robot_fingers        |
+--------+----------------------------+
+-----------------------------+
| Domain Randomization Fields |
+--------+--------------------+
| Index  | Field Name         |
+--------+--------------------+
|   0    | geom_friction      |
+--------+--------------------+

[INFO] <CommandManager> contains 1 active terms.
+------------------------------------+
|        Active Command Terms        |
+-------+-----------+----------------+
| Index | Name      |      Type      |
+-------+-----------+----------------+
|   0   | drag_pull | PushingCommand |
+-------+-----------+----------------+

[INFO] <ActionManager> contains 1 active terms.
+-------------------------------------+
|    Active Action Terms (shape: 8)   |
+-------+-----------------+-----------+
| Index | Name            | Dimension |
+-------+-----------------+-----------+
|   0   | robot_joint_pos |         8 |
+-------+-----------------+-----------+

[INFO] <ObservationManager> contains 2 groups.
+------------------------------------------------------------+
| Active Observation Terms in Group: 'policy' (shape: (60,)) |
+----------+------------------------------------+------------+
|  Index   | Name                               |   Shape    |
+----------+------------------------------------+------------+
|    0     | franka_shared_60_v2                |   (60,)    |
+----------+------------------------------------+------------+
+------------------------------------------------------------+
| Active Observation Terms in Group: 'critic' (shape: (60,)) |
+----------+------------------------------------+------------+
|  Index   | Name                               |   Shape    |
+----------+------------------------------------+------------+
|    0     | franka_shared_60_v2                |   (60,)    |
+----------+------------------------------------+------------+

[INFO] <TerminationManager> contains 3 active terms.
+-----------------------------------------+
|         Active Termination Terms        |
+-------+----------------------+----------+
| Index | Name                 | Time Out |
+-------+----------------------+----------+
|   0   | time_out             |   True   |
|   1   | ee_ground_collision  |  False   |
|   2   | object_out_of_bounds |  False   |
+-------+----------------------+----------+

[INFO] <RewardManager> contains 5 active terms.
+--------------------------------------+
|         Active Reward Terms          |
+-------+---------------------+--------+
| Index | Name                | Weight |
+-------+---------------------+--------+
|   0   | reach_object        |    1.0 |
|   1   | move_object_to_goal |    1.0 |
|   2   | action_rate_l2      |  -0.01 |
|   3   | joint_pos_limits    |  -10.0 |
|   4   | joint_vel_penalty   |  -0.01 |
+-------+---------------------+--------+

[INFO] <CurriculumManager> contains 1 active terms.
+----------------------------------+
|     Active Curriculum Terms      |
+-------+--------------------------+
| Index | Name                     |
+-------+--------------------------+
|   0   | joint_vel_penalty_weight |
+-------+--------------------------+

  Observation dimension: 60
  Action dimension: 8
Validating dimensions across all tasks...
Setting seed: 1

+---------------------------------+
|         Base Environment        |
+------------------------+--------+
| Property               | Value  |
+------------------------+--------+
| Number of environments | 1      |
| Environment device     | cuda:0 |
| Environment seed       | 1      |
| Physics step-size      | 0.005  |
| Environment step-size  | 0.02   |
+------------------------+--------+

[INFO] <EventManager> contains 2 active terms.
+---------------------------------------+
| Active Event Terms in Mode: 'startup' |
+-------+-------------------------------+
| Index | Name                          |
+-------+-------------------------------+
|   0   | reset_base                    |
|   1   | fingertip_friction_slide      |
|   2   | fingertip_friction_spin       |
|   3   | fingertip_friction_roll       |
+-------+-------------------------------+
+-------------------------------------+
| Active Event Terms in Mode: 'reset' |
+--------+----------------------------+
| Index  | Name                       |
+--------+----------------------------+
|   0    | reset_robot_joints         |
|   1    | reset_robot_fingers        |
+--------+----------------------------+
+-----------------------------+
| Domain Randomization Fields |
+--------+--------------------+
| Index  | Field Name         |
+--------+--------------------+
|   0    | geom_friction      |
+--------+--------------------+

[INFO] <CommandManager> contains 1 active terms.
+------------------------------------+
|        Active Command Terms        |
+-------+-----------+----------------+
| Index | Name      |      Type      |
+-------+-----------+----------------+
|   0   | drag_pull | PushingCommand |
+-------+-----------+----------------+

[INFO] <ActionManager> contains 1 active terms.
+-------------------------------------+
|    Active Action Terms (shape: 8)   |
+-------+-----------------+-----------+
| Index | Name            | Dimension |
+-------+-----------------+-----------+
|   0   | robot_joint_pos |         8 |
+-------+-----------------+-----------+

[INFO] <ObservationManager> contains 2 groups.
+------------------------------------------------------------+
| Active Observation Terms in Group: 'policy' (shape: (60,)) |
+----------+------------------------------------+------------+
|  Index   | Name                               |   Shape    |
+----------+------------------------------------+------------+
|    0     | franka_shared_60_v2                |   (60,)    |
+----------+------------------------------------+------------+
+------------------------------------------------------------+
| Active Observation Terms in Group: 'critic' (shape: (60,)) |
+----------+------------------------------------+------------+
|  Index   | Name                               |   Shape    |
+----------+------------------------------------+------------+
|    0     | franka_shared_60_v2                |   (60,)    |
+----------+------------------------------------+------------+

[INFO] <TerminationManager> contains 3 active terms.
+-----------------------------------------+
|         Active Termination Terms        |
+-------+----------------------+----------+
| Index | Name                 | Time Out |
+-------+----------------------+----------+
|   0   | time_out             |   True   |
|   1   | ee_ground_collision  |  False   |
|   2   | object_out_of_bounds |  False   |
+-------+----------------------+----------+

[INFO] <RewardManager> contains 5 active terms.
+--------------------------------------+
|         Active Reward Terms          |
+-------+---------------------+--------+
| Index | Name                | Weight |
+-------+---------------------+--------+
|   0   | reach_object        |    1.0 |
|   1   | move_object_to_goal |    1.0 |
|   2   | action_rate_l2      |  -0.01 |
|   3   | joint_pos_limits    |  -10.0 |
|   4   | joint_vel_penalty   |  -0.01 |
+-------+---------------------+--------+

[INFO] <CurriculumManager> contains 1 active terms.
+----------------------------------+
|     Active Curriculum Terms      |
+-------+--------------------------+
| Index | Name                     |
+-------+--------------------------+
|   0   | joint_vel_penalty_weight |
+-------+--------------------------+

Setting seed: 1

+---------------------------------+
|         Base Environment        |
+------------------------+--------+
| Property               | Value  |
+------------------------+--------+
| Number of environments | 1      |
| Environment device     | cuda:0 |
| Environment seed       | 1      |
| Physics step-size      | 0.005  |
| Environment step-size  | 0.02   |
+------------------------+--------+

[INFO] <EventManager> contains 2 active terms.
+---------------------------------------+
| Active Event Terms in Mode: 'startup' |
+-------+-------------------------------+
| Index | Name                          |
+-------+-------------------------------+
|   0   | reset_base                    |
|   1   | fingertip_friction_slide      |
|   2   | fingertip_friction_spin       |
|   3   | fingertip_friction_roll       |
+-------+-------------------------------+
+-------------------------------------+
| Active Event Terms in Mode: 'reset' |
+--------+----------------------------+
| Index  | Name                       |
+--------+----------------------------+
|   0    | reset_robot_joints         |
|   1    | reset_robot_fingers        |
+--------+----------------------------+
+-----------------------------+
| Domain Randomization Fields |
+--------+--------------------+
| Index  | Field Name         |
+--------+--------------------+
|   0    | geom_friction      |
+--------+--------------------+

[INFO] <CommandManager> contains 1 active terms.
+----------------------------------------------+
|             Active Command Terms             |
+-------+--------------+-----------------------+
| Index | Name         |          Type         |
+-------+--------------+-----------------------+
|   0   | topple_block | ReorientObjectCommand |
+-------+--------------+-----------------------+

[INFO] <ActionManager> contains 1 active terms.
+-------------------------------------+
|    Active Action Terms (shape: 8)   |
+-------+-----------------+-----------+
| Index | Name            | Dimension |
+-------+-----------------+-----------+
|   0   | robot_joint_pos |         8 |
+-------+-----------------+-----------+

[INFO] <ObservationManager> contains 2 groups.
+------------------------------------------------------------+
| Active Observation Terms in Group: 'policy' (shape: (60,)) |
+----------+------------------------------------+------------+
|  Index   | Name                               |   Shape    |
+----------+------------------------------------+------------+
|    0     | franka_shared_60_v2                |   (60,)    |
+----------+------------------------------------+------------+
+------------------------------------------------------------+
| Active Observation Terms in Group: 'critic' (shape: (60,)) |
+----------+------------------------------------+------------+
|  Index   | Name                               |   Shape    |
+----------+------------------------------------+------------+
|    0     | franka_shared_60_v2                |   (60,)    |
+----------+------------------------------------+------------+

[INFO] <TerminationManager> contains 3 active terms.
+-----------------------------------------+
|         Active Termination Terms        |
+-------+----------------------+----------+
| Index | Name                 | Time Out |
+-------+----------------------+----------+
|   0   | time_out             |   True   |
|   1   | ee_ground_collision  |  False   |
|   2   | object_out_of_bounds |  False   |
+-------+----------------------+----------+

[INFO] <RewardManager> contains 5 active terms.
+--------------------------------------+
|         Active Reward Terms          |
+-------+---------------------+--------+
| Index | Name                | Weight |
+-------+---------------------+--------+
|   0   | reach_object        |    1.0 |
|   1   | move_object_to_goal |    1.0 |
|   2   | action_rate_l2      |  -0.01 |
|   3   | joint_pos_limits    |  -10.0 |
|   4   | joint_vel_penalty   |  -0.01 |
+-------+---------------------+--------+

[INFO] <CurriculumManager> contains 1 active terms.
+----------------------------------+
|     Active Curriculum Terms      |
+-------+--------------------------+
| Index | Name                     |
+-------+--------------------------+
|   0   | joint_vel_penalty_weight |
+-------+--------------------------+

Setting seed: 1

+---------------------------------+
|         Base Environment        |
+------------------------+--------+
| Property               | Value  |
+------------------------+--------+
| Number of environments | 1      |
| Environment device     | cuda:0 |
| Environment seed       | 1      |
| Physics step-size      | 0.005  |
| Environment step-size  | 0.02   |
+------------------------+--------+

[INFO] <EventManager> contains 2 active terms.
+---------------------------------------+
| Active Event Terms in Mode: 'startup' |
+-------+-------------------------------+
| Index | Name                          |
+-------+-------------------------------+
|   0   | reset_base                    |
|   1   | fingertip_friction_slide      |
|   2   | fingertip_friction_spin       |
|   3   | fingertip_friction_roll       |
+-------+-------------------------------+
+-------------------------------------+
| Active Event Terms in Mode: 'reset' |
+--------+----------------------------+
| Index  | Name                       |
+--------+----------------------------+
|   0    | reset_robot_joints         |
|   1    | reset_robot_fingers        |
+--------+----------------------------+
+-----------------------------+
| Domain Randomization Fields |
+--------+--------------------+
| Index  | Field Name         |
+--------+--------------------+
|   0    | geom_friction      |
+--------+--------------------+

[INFO] <CommandManager> contains 1 active terms.
+------------------------------------------------------+
|                 Active Command Terms                 |
+-------+--------------------+-------------------------+
| Index | Name               |           Type          |
+-------+--------------------+-------------------------+
|   0   | place_in_container | PlaceInContainerCommand |
+-------+--------------------+-------------------------+

[INFO] <ActionManager> contains 1 active terms.
+-------------------------------------+
|    Active Action Terms (shape: 8)   |
+-------+-----------------+-----------+
| Index | Name            | Dimension |
+-------+-----------------+-----------+
|   0   | robot_joint_pos |         8 |
+-------+-----------------+-----------+

[INFO] <ObservationManager> contains 2 groups.
+------------------------------------------------------------+
| Active Observation Terms in Group: 'policy' (shape: (60,)) |
+----------+------------------------------------+------------+
|  Index   | Name                               |   Shape    |
+----------+------------------------------------+------------+
|    0     | franka_shared_60_v2                |   (60,)    |
+----------+------------------------------------+------------+
+------------------------------------------------------------+
| Active Observation Terms in Group: 'critic' (shape: (60,)) |
+----------+------------------------------------+------------+
|  Index   | Name                               |   Shape    |
+----------+------------------------------------+------------+
|    0     | franka_shared_60_v2                |   (60,)    |
+----------+------------------------------------+------------+

[INFO] <TerminationManager> contains 3 active terms.
+-----------------------------------------+
|         Active Termination Terms        |
+-------+----------------------+----------+
| Index | Name                 | Time Out |
+-------+----------------------+----------+
|   0   | time_out             |   True   |
|   1   | ee_ground_collision  |  False   |
|   2   | object_out_of_bounds |  False   |
+-------+----------------------+----------+

[INFO] <RewardManager> contains 5 active terms.
+--------------------------------------+
|         Active Reward Terms          |
+-------+---------------------+--------+
| Index | Name                | Weight |
+-------+---------------------+--------+
|   0   | reach_object        |    1.0 |
|   1   | move_object_to_goal |    1.0 |
|   2   | action_rate_l2      |  -0.01 |
|   3   | joint_pos_limits    |  -10.0 |
|   4   | joint_vel_penalty   |  -0.01 |
+-------+---------------------+--------+

[INFO] <CurriculumManager> contains 1 active terms.
+----------------------------------+
|     Active Curriculum Terms      |
+-------+--------------------------+
| Index | Name                     |
+-------+--------------------------+
|   0   | joint_vel_penalty_weight |
+-------+--------------------------+

Setting seed: 1

+---------------------------------+
|         Base Environment        |
+------------------------+--------+
| Property               | Value  |
+------------------------+--------+
| Number of environments | 1      |
| Environment device     | cuda:0 |
| Environment seed       | 1      |
| Physics step-size      | 0.005  |
| Environment step-size  | 0.02   |
+------------------------+--------+

[INFO] <EventManager> contains 2 active terms.
+---------------------------------------+
| Active Event Terms in Mode: 'startup' |
+-------+-------------------------------+
| Index | Name                          |
+-------+-------------------------------+
|   0   | reset_base                    |
|   1   | fingertip_friction_slide      |
|   2   | fingertip_friction_spin       |
|   3   | fingertip_friction_roll       |
+-------+-------------------------------+
+-------------------------------------+
| Active Event Terms in Mode: 'reset' |
+--------+----------------------------+
| Index  | Name                       |
+--------+----------------------------+
|   0    | reset_robot_joints         |
|   1    | reset_robot_fingers        |
+--------+----------------------------+
+-----------------------------+
| Domain Randomization Fields |
+--------+--------------------+
| Index  | Field Name         |
+--------+--------------------+
|   0    | geom_friction      |
+--------+--------------------+

[INFO] <CommandManager> contains 1 active terms.
+--------------------------------------+
|         Active Command Terms         |
+-------+-------------+----------------+
| Index | Name        |      Type      |
+-------+-------------+----------------+
|   0   | push_cuboid | PushingCommand |
+-------+-------------+----------------+

[INFO] <ActionManager> contains 1 active terms.
+-------------------------------------+
|    Active Action Terms (shape: 8)   |
+-------+-----------------+-----------+
| Index | Name            | Dimension |
+-------+-----------------+-----------+
|   0   | robot_joint_pos |         8 |
+-------+-----------------+-----------+

[INFO] <ObservationManager> contains 2 groups.
+------------------------------------------------------------+
| Active Observation Terms in Group: 'policy' (shape: (60,)) |
+----------+------------------------------------+------------+
|  Index   | Name                               |   Shape    |
+----------+------------------------------------+------------+
|    0     | franka_shared_60_v2                |   (60,)    |
+----------+------------------------------------+------------+
+------------------------------------------------------------+
| Active Observation Terms in Group: 'critic' (shape: (60,)) |
+----------+------------------------------------+------------+
|  Index   | Name                               |   Shape    |
+----------+------------------------------------+------------+
|    0     | franka_shared_60_v2                |   (60,)    |
+----------+------------------------------------+------------+

[INFO] <TerminationManager> contains 3 active terms.
+-----------------------------------------+
|         Active Termination Terms        |
+-------+----------------------+----------+
| Index | Name                 | Time Out |
+-------+----------------------+----------+
|   0   | time_out             |   True   |
|   1   | ee_ground_collision  |  False   |
|   2   | object_out_of_bounds |  False   |
+-------+----------------------+----------+

[INFO] <RewardManager> contains 5 active terms.
+--------------------------------------+
|         Active Reward Terms          |
+-------+---------------------+--------+
| Index | Name                | Weight |
+-------+---------------------+--------+
|   0   | reach_object        |    1.0 |
|   1   | move_object_to_goal |    1.0 |
|   2   | action_rate_l2      |  -0.01 |
|   3   | joint_pos_limits    |  -10.0 |
|   4   | joint_vel_penalty   |  -0.01 |
+-------+---------------------+--------+
/ihub/homedirs/svs_ald/sudhir/mjlab/.venv/lib/python3.13/site-packages/mujoco_warp/_src/io.py:713: UserWarning: MULTICCD is enabled, but the scene contains CCD pairs without multicontact support: [('CYLINDER', 'BOX'), ('CYLINDER', 'MESH')]. At most 1 contact will be generated for these pairs.
  warnings.warn(

[INFO] <CurriculumManager> contains 1 active terms.
+----------------------------------+
|     Active Curriculum Terms      |
+-------+--------------------------+
| Index | Name                     |
+-------+--------------------------+
|   0   | joint_vel_penalty_weight |
+-------+--------------------------+

Setting seed: 1
Module ccd_kernel_builder__locals__ccd_kernel_0cde7744 0cde774 load on device 'cuda:0' took 0.62 ms  (cached)
Module ccd_kernel_builder__locals__ccd_kernel_0cde7744 3e9cf8f load on device 'cuda:0' took 0.62 ms  (cached)
Module ccd_kernel_builder__locals__ccd_kernel_1bc88a31 1bc88a3 load on device 'cuda:0' took 0.60 ms  (cached)
Module ccd_kernel_builder__locals__ccd_kernel_1bc88a31 4b8899b load on device 'cuda:0' took 0.64 ms  (cached)
Module ccd_kernel_builder__locals__ccd_kernel_3f883154 3f88315 load on device 'cuda:0' took 0.72 ms  (cached)
Module ccd_kernel_builder__locals__ccd_kernel_3f883154 9c4578a load on device 'cuda:0' took 0.80 ms  (cached)
Module _primitive_narrowphase__locals__primitive_narrowphase_87fc1998 87fc199 load on device 'cuda:0' took 0.70 ms  (cached)
Module _small_cholesky_factorize_solve_block__locals__kernel_ef37aa07 2a4f920 load on device 'cuda:0' took 0.60 ms  (cached)
Module _solve_init_jaref_kernel__locals__kernel_cd89a7f8 cd89a7f load on device 'cuda:0' took 0.63 ms  (cached)
Module _update_gradient_JTDAJ_dense_tiled__locals__kernel_a15f889a 364ebbf load on device 'cuda:0' took 1.30 ms  (cached)
Module _update_gradient_cholesky__locals__kernel_69623f22 5f8ed08 load on device 'cuda:0' took 36.50 ms  (cached)

+---------------------------------+
|         Base Environment        |
+------------------------+--------+
| Property               | Value  |
+------------------------+--------+
| Number of environments | 1      |
| Environment device     | cuda:0 |
| Environment seed       | 1      |
| Physics step-size      | 0.005  |
| Environment step-size  | 0.02   |
+------------------------+--------+

[INFO] <EventManager> contains 2 active terms.
+---------------------------------------+
| Active Event Terms in Mode: 'startup' |
+-------+-------------------------------+
| Index | Name                          |
+-------+-------------------------------+
|   0   | reset_base                    |
|   1   | fingertip_friction_slide      |
|   2   | fingertip_friction_spin       |
|   3   | fingertip_friction_roll       |
+-------+-------------------------------+
+-------------------------------------+
| Active Event Terms in Mode: 'reset' |
+--------+----------------------------+
| Index  | Name                       |
+--------+----------------------------+
|   0    | reset_robot_joints         |
|   1    | reset_valve_position       |
|   2    | reset_robot_fingers        |
+--------+----------------------------+
+-----------------------------+
| Domain Randomization Fields |
+--------+--------------------+
| Index  | Field Name         |
+--------+--------------------+
|   0    | geom_friction      |
+--------+--------------------+

[INFO] <CommandManager> contains 1 active terms.
+-------------------------------------------+
|            Active Command Terms           |
+-------+--------------+--------------------+
| Index | Name         |        Type        |
+-------+--------------+--------------------+
|   0   | rotate_valve | RotateValveCommand |
+-------+--------------+--------------------+

[INFO] <ActionManager> contains 1 active terms.
+-------------------------------------+
|    Active Action Terms (shape: 8)   |
+-------+-----------------+-----------+
| Index | Name            | Dimension |
+-------+-----------------+-----------+
|   0   | robot_joint_pos |         8 |
+-------+-----------------+-----------+

[INFO] <ObservationManager> contains 2 groups.
+------------------------------------------------------------+
| Active Observation Terms in Group: 'policy' (shape: (60,)) |
+----------+------------------------------------+------------+
|  Index   | Name                               |   Shape    |
+----------+------------------------------------+------------+
|    0     | franka_shared_60_v2                |   (60,)    |
+----------+------------------------------------+------------+
+------------------------------------------------------------+
| Active Observation Terms in Group: 'critic' (shape: (60,)) |
+----------+------------------------------------+------------+
|  Index   | Name                               |   Shape    |
+----------+------------------------------------+------------+
|    0     | franka_shared_60_v2                |   (60,)    |
+----------+------------------------------------+------------+

[INFO] <TerminationManager> contains 2 active terms.
+----------------------------------------+
|        Active Termination Terms        |
+-------+---------------------+----------+
| Index | Name                | Time Out |
+-------+---------------------+----------+
|   0   | time_out            |   True   |
|   1   | ee_ground_collision |  False   |
+-------+---------------------+----------+

[INFO] <RewardManager> contains 6 active terms.
+--------------------------------------+
|         Active Reward Terms          |
+-------+---------------------+--------+
| Index | Name                | Weight |
+-------+---------------------+--------+
|   0   | reach_object        |    1.0 |
|   1   | move_object_to_goal |    1.0 |
|   2   | no_object_collision |   0.25 |
|   3   | action_rate_l2      |  -0.01 |
|   4   | joint_pos_limits    |  -10.0 |
|   5   | joint_vel_penalty   |  -0.01 |
+-------+---------------------+--------+

[INFO] <CurriculumManager> contains 1 active terms.
+----------------------------------+
|     Active Curriculum Terms      |
+-------+--------------------------+
| Index | Name                     |
+-------+--------------------------+
|   0   | joint_vel_penalty_weight |
+-------+--------------------------+

Setting seed: 1

+---------------------------------+
|         Base Environment        |
+------------------------+--------+
| Property               | Value  |
+------------------------+--------+
| Number of environments | 1      |
| Environment device     | cuda:0 |
| Environment seed       | 1      |
| Physics step-size      | 0.005  |
| Environment step-size  | 0.02   |
+------------------------+--------+

[INFO] <EventManager> contains 2 active terms.
+---------------------------------------+
| Active Event Terms in Mode: 'startup' |
+-------+-------------------------------+
| Index | Name                          |
+-------+-------------------------------+
|   0   | reset_base                    |
|   1   | fingertip_friction_slide      |
|   2   | fingertip_friction_spin       |
|   3   | fingertip_friction_roll       |
+-------+-------------------------------+
+-------------------------------------+
| Active Event Terms in Mode: 'reset' |
+--------+----------------------------+
| Index  | Name                       |
+--------+----------------------------+
|   0    | reset_robot_joints         |
|   1    | reset_drawer_position      |
|   2    | reset_robot_fingers        |
+--------+----------------------------+
+-----------------------------+
| Domain Randomization Fields |
+--------+--------------------+
| Index  | Field Name         |
+--------+--------------------+
|   0    | geom_friction      |
+--------+--------------------+

[INFO] <CommandManager> contains 1 active terms.
+-----------------------------------------+
|           Active Command Terms          |
+-------+-------------+-------------------+
| Index | Name        |        Type       |
+-------+-------------+-------------------+
|   0   | open_drawer | OpenDrawerCommand |
+-------+-------------+-------------------+

[INFO] <ActionManager> contains 1 active terms.
+-------------------------------------+
|    Active Action Terms (shape: 8)   |
+-------+-----------------+-----------+
| Index | Name            | Dimension |
+-------+-----------------+-----------+
|   0   | robot_joint_pos |         8 |
+-------+-----------------+-----------+

[INFO] <ObservationManager> contains 2 groups.
+------------------------------------------------------------+
| Active Observation Terms in Group: 'policy' (shape: (60,)) |
+----------+------------------------------------+------------+
|  Index   | Name                               |   Shape    |
+----------+------------------------------------+------------+
|    0     | franka_shared_60_v2                |   (60,)    |
+----------+------------------------------------+------------+
+------------------------------------------------------------+
| Active Observation Terms in Group: 'critic' (shape: (60,)) |
+----------+------------------------------------+------------+
|  Index   | Name                               |   Shape    |
+----------+------------------------------------+------------+
|    0     | franka_shared_60_v2                |   (60,)    |
+----------+------------------------------------+------------+

[INFO] <TerminationManager> contains 2 active terms.
+----------------------------------------+
|        Active Termination Terms        |
+-------+---------------------+----------+
| Index | Name                | Time Out |
+-------+---------------------+----------+
|   0   | time_out            |   True   |
|   1   | ee_ground_collision |  False   |
+-------+---------------------+----------+

[INFO] <RewardManager> contains 6 active terms.
+--------------------------------------+
|         Active Reward Terms          |
+-------+---------------------+--------+
| Index | Name                | Weight |
+-------+---------------------+--------+
|   0   | reach_object        |    1.0 |
|   1   | move_object_to_goal |    1.0 |
|   2   | no_object_collision |   0.25 |
|   3   | action_rate_l2      |  -0.01 |
|   4   | joint_pos_limits    |  -10.0 |
|   5   | joint_vel_penalty   |  -0.01 |
+-------+---------------------+--------+

[INFO] <CurriculumManager> contains 1 active terms.
+----------------------------------+
|     Active Curriculum Terms      |
+-------+--------------------------+
| Index | Name                     |
+-------+--------------------------+
|   0   | joint_vel_penalty_weight |
+-------+--------------------------+

Setting seed: 1

+---------------------------------+
|         Base Environment        |
+------------------------+--------+
| Property               | Value  |
+------------------------+--------+
| Number of environments | 1      |
| Environment device     | cuda:0 |
| Environment seed       | 1      |
| Physics step-size      | 0.005  |
| Environment step-size  | 0.02   |
+------------------------+--------+

[INFO] <EventManager> contains 2 active terms.
+---------------------------------------+
| Active Event Terms in Mode: 'startup' |
+-------+-------------------------------+
| Index | Name                          |
+-------+-------------------------------+
|   0   | reset_base                    |
|   1   | fingertip_friction_slide      |
|   2   | fingertip_friction_spin       |
|   3   | fingertip_friction_roll       |
+-------+-------------------------------+
+-------------------------------------+
| Active Event Terms in Mode: 'reset' |
+--------+----------------------------+
| Index  | Name                       |
+--------+----------------------------+
|   0    | reset_robot_joints         |
|   1    | reset_switch_position      |
|   2    | reset_robot_fingers        |
+--------+----------------------------+
+-----------------------------+
| Domain Randomization Fields |
+--------+--------------------+
| Index  | Field Name         |
+--------+--------------------+
|   0    | geom_friction      |
+--------+--------------------+

[INFO] <CommandManager> contains 1 active terms.
+-----------------------------------------+
|           Active Command Terms          |
+-------+-------------+-------------------+
| Index | Name        |        Type       |
+-------+-------------+-------------------+
|   0   | flip_switch | FlipSwitchCommand |
+-------+-------------+-------------------+

[INFO] <ActionManager> contains 1 active terms.
+-------------------------------------+
|    Active Action Terms (shape: 8)   |
+-------+-----------------+-----------+
| Index | Name            | Dimension |
+-------+-----------------+-----------+
|   0   | robot_joint_pos |         8 |
+-------+-----------------+-----------+

[INFO] <ObservationManager> contains 2 groups.
+------------------------------------------------------------+
| Active Observation Terms in Group: 'policy' (shape: (60,)) |
+----------+------------------------------------+------------+
|  Index   | Name                               |   Shape    |
+----------+------------------------------------+------------+
|    0     | franka_shared_60_v2                |   (60,)    |
+----------+------------------------------------+------------+
+------------------------------------------------------------+
| Active Observation Terms in Group: 'critic' (shape: (60,)) |
+----------+------------------------------------+------------+
|  Index   | Name                               |   Shape    |
+----------+------------------------------------+------------+
|    0     | franka_shared_60_v2                |   (60,)    |
+----------+------------------------------------+------------+

[INFO] <TerminationManager> contains 2 active terms.
+----------------------------------------+
|        Active Termination Terms        |
+-------+---------------------+----------+
| Index | Name                | Time Out |
+-------+---------------------+----------+
|   0   | time_out            |   True   |
|   1   | ee_ground_collision |  False   |
+-------+---------------------+----------+

[INFO] <RewardManager> contains 6 active terms.
+--------------------------------------+
|         Active Reward Terms          |
+-------+---------------------+--------+
| Index | Name                | Weight |
+-------+---------------------+--------+
|   0   | reach_object        |    1.0 |
|   1   | move_object_to_goal |    1.0 |
|   2   | no_object_collision |   0.25 |
|   3   | action_rate_l2      |  -0.01 |
|   4   | joint_pos_limits    |  -10.0 |
|   5   | joint_vel_penalty   |  -0.01 |
+-------+---------------------+--------+

[INFO] <CurriculumManager> contains 1 active terms.
+----------------------------------+
|     Active Curriculum Terms      |
+-------+--------------------------+
| Index | Name                     |
+-------+--------------------------+
|   0   | joint_vel_penalty_weight |
+-------+--------------------------+

Setting seed: 1

+---------------------------------+
|         Base Environment        |
+------------------------+--------+
| Property               | Value  |
+------------------------+--------+
| Number of environments | 1      |
| Environment device     | cuda:0 |
| Environment seed       | 1      |
| Physics step-size      | 0.005  |
| Environment step-size  | 0.02   |
+------------------------+--------+

[INFO] <EventManager> contains 2 active terms.
+---------------------------------------+
| Active Event Terms in Mode: 'startup' |
+-------+-------------------------------+
| Index | Name                          |
+-------+-------------------------------+
|   0   | reset_base                    |
|   1   | fingertip_friction_slide      |
|   2   | fingertip_friction_spin       |
|   3   | fingertip_friction_roll       |
+-------+-------------------------------+
+-------------------------------------+
| Active Event Terms in Mode: 'reset' |
+--------+----------------------------+
| Index  | Name                       |
+--------+----------------------------+
|   0    | reset_robot_joints         |
|   1    | reset_plug_position        |
|   2    | reset_robot_fingers        |
+--------+----------------------------+
+-----------------------------+
| Domain Randomization Fields |
+--------+--------------------+
| Index  | Field Name         |
+--------+--------------------+
|   0    | geom_friction      |
+--------+--------------------+

[INFO] <CommandManager> contains 1 active terms.
+---------------------------------------------+
|             Active Command Terms            |
+-------+---------------+---------------------+
| Index | Name          |         Type        |
+-------+---------------+---------------------+
|   0   | axial_extract | AxialExtractCommand |
+-------+---------------+---------------------+

[INFO] <ActionManager> contains 1 active terms.
+-------------------------------------+
|    Active Action Terms (shape: 8)   |
+-------+-----------------+-----------+
| Index | Name            | Dimension |
+-------+-----------------+-----------+
|   0   | robot_joint_pos |         8 |
+-------+-----------------+-----------+

[INFO] <ObservationManager> contains 2 groups.
+------------------------------------------------------------+
| Active Observation Terms in Group: 'policy' (shape: (60,)) |
+----------+------------------------------------+------------+
|  Index   | Name                               |   Shape    |
+----------+------------------------------------+------------+
|    0     | franka_shared_60_v2                |   (60,)    |
+----------+------------------------------------+------------+
+------------------------------------------------------------+
| Active Observation Terms in Group: 'critic' (shape: (60,)) |
+----------+------------------------------------+------------+
|  Index   | Name                               |   Shape    |
+----------+------------------------------------+------------+
|    0     | franka_shared_60_v2                |   (60,)    |
+----------+------------------------------------+------------+

[INFO] <TerminationManager> contains 2 active terms.
+----------------------------------------+
|        Active Termination Terms        |
+-------+---------------------+----------+
| Index | Name                | Time Out |
+-------+---------------------+----------+
|   0   | time_out            |   True   |
|   1   | ee_ground_collision |  False   |
+-------+---------------------+----------+

[INFO] <RewardManager> contains 6 active terms.
+--------------------------------------+
|         Active Reward Terms          |
+-------+---------------------+--------+
| Index | Name                | Weight |
+-------+---------------------+--------+
|   0   | reach_object        |    1.0 |
|   1   | move_object_to_goal |    1.0 |
|   2   | no_object_collision |   0.25 |
|   3   | action_rate_l2      |  -0.01 |
|   4   | joint_pos_limits    |  -10.0 |
|   5   | joint_vel_penalty   |  -0.01 |
+-------+---------------------+--------+

[INFO] <CurriculumManager> contains 1 active terms.
+----------------------------------+
|     Active Curriculum Terms      |
+-------+--------------------------+
| Index | Name                     |
+-------+--------------------------+
|   0   | joint_vel_penalty_weight |
+-------+--------------------------+

Setting seed: 1

+---------------------------------+
|         Base Environment        |
+------------------------+--------+
| Property               | Value  |
+------------------------+--------+
| Number of environments | 1      |
| Environment device     | cuda:0 |
| Environment seed       | 1      |
| Physics step-size      | 0.005  |
| Environment step-size  | 0.02   |
+------------------------+--------+

[INFO] <EventManager> contains 2 active terms.
+---------------------------------------+
| Active Event Terms in Mode: 'startup' |
+-------+-------------------------------+
| Index | Name                          |
+-------+-------------------------------+
|   0   | reset_base                    |
|   1   | fingertip_friction_slide      |
|   2   | fingertip_friction_spin       |
|   3   | fingertip_friction_roll       |
+-------+-------------------------------+
+-------------------------------------+
| Active Event Terms in Mode: 'reset' |
+--------+----------------------------+
| Index  | Name                       |
+--------+----------------------------+
|   0    | reset_robot_joints         |
|   1    | reset_door_position        |
|   2    | reset_robot_fingers        |
+--------+----------------------------+
+-----------------------------+
| Domain Randomization Fields |
+--------+--------------------+
| Index  | Field Name         |
+--------+--------------------+
|   0    | geom_friction      |
+--------+--------------------+

[INFO] <CommandManager> contains 1 active terms.
+-------------------------------------+
|         Active Command Terms        |
+-------+-----------+-----------------+
| Index | Name      |       Type      |
+-------+-----------+-----------------+
|   0   | open_door | OpenDoorCommand |
+-------+-----------+-----------------+

[INFO] <ActionManager> contains 1 active terms.
+-------------------------------------+
|    Active Action Terms (shape: 8)   |
+-------+-----------------+-----------+
| Index | Name            | Dimension |
+-------+-----------------+-----------+
|   0   | robot_joint_pos |         8 |
+-------+-----------------+-----------+

[INFO] <ObservationManager> contains 2 groups.
+------------------------------------------------------------+
| Active Observation Terms in Group: 'policy' (shape: (60,)) |
+----------+------------------------------------+------------+
|  Index   | Name                               |   Shape    |
+----------+------------------------------------+------------+
|    0     | franka_shared_60_v2                |   (60,)    |
+----------+------------------------------------+------------+
+------------------------------------------------------------+
| Active Observation Terms in Group: 'critic' (shape: (60,)) |
+----------+------------------------------------+------------+
|  Index   | Name                               |   Shape    |
+----------+------------------------------------+------------+
|    0     | franka_shared_60_v2                |   (60,)    |
+----------+------------------------------------+------------+

[INFO] <TerminationManager> contains 2 active terms.
+----------------------------------------+
|        Active Termination Terms        |
+-------+---------------------+----------+
| Index | Name                | Time Out |
+-------+---------------------+----------+
|   0   | time_out            |   True   |
|   1   | ee_ground_collision |  False   |
+-------+---------------------+----------+

[INFO] <RewardManager> contains 6 active terms.
+--------------------------------------+
|         Active Reward Terms          |
+-------+---------------------+--------+
| Index | Name                | Weight |
+-------+---------------------+--------+
|   0   | reach_object        |    1.0 |
|   1   | move_object_to_goal |    1.0 |
|   2   | no_object_collision |    0.0 |
|   3   | action_rate_l2      |    0.0 |
|   4   | joint_pos_limits    |    0.0 |
|   5   | joint_vel_penalty   |    0.0 |
+-------+---------------------+--------+

[INFO] <CurriculumManager> contains 1 active terms.
+----------------------------------+
|     Active Curriculum Terms      |
+-------+--------------------------+
| Index | Name                     |
+-------+--------------------------+
|   0   | joint_vel_penalty_weight |
+-------+--------------------------+

Setting seed: 1

+---------------------------------+
|         Base Environment        |
+------------------------+--------+
| Property               | Value  |
+------------------------+--------+
| Number of environments | 1      |
| Environment device     | cuda:0 |
| Environment seed       | 1      |
| Physics step-size      | 0.005  |
| Environment step-size  | 0.02   |
+------------------------+--------+

[INFO] <EventManager> contains 2 active terms.
+---------------------------------------+
| Active Event Terms in Mode: 'startup' |
+-------+-------------------------------+
| Index | Name                          |
+-------+-------------------------------+
|   0   | reset_base                    |
|   1   | fingertip_friction_slide      |
|   2   | fingertip_friction_spin       |
|   3   | fingertip_friction_roll       |
+-------+-------------------------------+
+-------------------------------------+
| Active Event Terms in Mode: 'reset' |
+--------+----------------------------+
| Index  | Name                       |
+--------+----------------------------+
|   0    | reset_robot_joints         |
|   1    | reset_button_position      |
|   2    | reset_robot_fingers        |
+--------+----------------------------+
+-----------------------------+
| Domain Randomization Fields |
+--------+--------------------+
| Index  | Field Name         |
+--------+--------------------+
|   0    | geom_friction      |
+--------+--------------------+

[INFO] <CommandManager> contains 1 active terms.
+-----------------------------------------+
|           Active Command Terms          |
+-------+-------------+-------------------+
| Index | Name        |        Type       |
+-------+-------------+-------------------+
|   0   | push_button | PushButtonCommand |
+-------+-------------+-------------------+

[INFO] <ActionManager> contains 1 active terms.
+-------------------------------------+
|    Active Action Terms (shape: 8)   |
+-------+-----------------+-----------+
| Index | Name            | Dimension |
+-------+-----------------+-----------+
|   0   | robot_joint_pos |         8 |
+-------+-----------------+-----------+

[INFO] <ObservationManager> contains 2 groups.
+------------------------------------------------------------+
| Active Observation Terms in Group: 'policy' (shape: (60,)) |
+----------+------------------------------------+------------+
|  Index   | Name                               |   Shape    |
+----------+------------------------------------+------------+
|    0     | franka_shared_60_v2                |   (60,)    |
+----------+------------------------------------+------------+
+------------------------------------------------------------+
| Active Observation Terms in Group: 'critic' (shape: (60,)) |
+----------+------------------------------------+------------+
|  Index   | Name                               |   Shape    |
+----------+------------------------------------+------------+
|    0     | franka_shared_60_v2                |   (60,)    |
+----------+------------------------------------+------------+

[INFO] <TerminationManager> contains 2 active terms.
+----------------------------------------+
|        Active Termination Terms        |
+-------+---------------------+----------+
| Index | Name                | Time Out |
+-------+---------------------+----------+
|   0   | time_out            |   True   |
|   1   | ee_ground_collision |  False   |
+-------+---------------------+----------+

[INFO] <RewardManager> contains 6 active terms.
+--------------------------------------+
|         Active Reward Terms          |
+-------+---------------------+--------+
| Index | Name                | Weight |
+-------+---------------------+--------+
|   0   | reach_object        |    1.0 |
|   1   | move_object_to_goal |    1.0 |
|   2   | no_object_collision |   0.25 |
|   3   | action_rate_l2      |  -0.01 |
|   4   | joint_pos_limits    |  -10.0 |
|   5   | joint_vel_penalty   |  -0.01 |
+-------+---------------------+--------+

[INFO] <CurriculumManager> contains 1 active terms.
+----------------------------------+
|     Active Curriculum Terms      |
+-------+--------------------------+
| Index | Name                     |
+-------+--------------------------+
|   0   | joint_vel_penalty_weight |
+-------+--------------------------+

Setting seed: 1

+---------------------------------+
|         Base Environment        |
+------------------------+--------+
| Property               | Value  |
+------------------------+--------+
| Number of environments | 1      |
| Environment device     | cuda:0 |
| Environment seed       | 1      |
| Physics step-size      | 0.005  |
| Environment step-size  | 0.02   |
+------------------------+--------+

[INFO] <EventManager> contains 2 active terms.
+---------------------------------------+
| Active Event Terms in Mode: 'startup' |
+-------+-------------------------------+
| Index | Name                          |
+-------+-------------------------------+
|   0   | reset_base                    |
|   1   | fingertip_friction_slide      |
|   2   | fingertip_friction_spin       |
|   3   | fingertip_friction_roll       |
+-------+-------------------------------+
+-------------------------------------+
| Active Event Terms in Mode: 'reset' |
+--------+----------------------------+
| Index  | Name                       |
+--------+----------------------------+
|   0    | reset_robot_joints         |
|   1    | reset_lid_position         |
|   2    | reset_robot_fingers        |
+--------+----------------------------+
+-----------------------------+
| Domain Randomization Fields |
+--------+--------------------+
| Index  | Field Name         |
+--------+--------------------+
|   0    | geom_friction      |
+--------+--------------------+

[INFO] <CommandManager> contains 1 active terms.
+-----------------------------------+
|        Active Command Terms       |
+-------+----------+----------------+
| Index | Name     |      Type      |
+-------+----------+----------------+
|   0   | open_lid | OpenLidCommand |
+-------+----------+----------------+

[INFO] <ActionManager> contains 1 active terms.
+-------------------------------------+
|    Active Action Terms (shape: 8)   |
+-------+-----------------+-----------+
| Index | Name            | Dimension |
+-------+-----------------+-----------+
|   0   | robot_joint_pos |         8 |
+-------+-----------------+-----------+

[INFO] <ObservationManager> contains 2 groups.
+------------------------------------------------------------+
| Active Observation Terms in Group: 'policy' (shape: (60,)) |
+----------+------------------------------------+------------+
|  Index   | Name                               |   Shape    |
+----------+------------------------------------+------------+
|    0     | franka_shared_60_v2                |   (60,)    |
+----------+------------------------------------+------------+
+------------------------------------------------------------+
| Active Observation Terms in Group: 'critic' (shape: (60,)) |
+----------+------------------------------------+------------+
|  Index   | Name                               |   Shape    |
+----------+------------------------------------+------------+
|    0     | franka_shared_60_v2                |   (60,)    |
+----------+------------------------------------+------------+

[INFO] <TerminationManager> contains 2 active terms.
+----------------------------------------+
|        Active Termination Terms        |
+-------+---------------------+----------+
| Index | Name                | Time Out |
+-------+---------------------+----------+
|   0   | time_out            |   True   |
|   1   | ee_ground_collision |  False   |
+-------+---------------------+----------+

[INFO] <RewardManager> contains 6 active terms.
+--------------------------------------+
|         Active Reward Terms          |
+-------+---------------------+--------+
| Index | Name                | Weight |
+-------+---------------------+--------+
|   0   | reach_object        |    1.0 |
|   1   | move_object_to_goal |    1.0 |
|   2   | no_object_collision |   0.25 |
|   3   | action_rate_l2      |  -0.01 |
|   4   | joint_pos_limits    |  -10.0 |
|   5   | joint_vel_penalty   |  -0.01 |
+-------+---------------------+--------+

[INFO] <CurriculumManager> contains 1 active terms.
+----------------------------------+
|     Active Curriculum Terms      |
+-------+--------------------------+
| Index | Name                     |
+-------+--------------------------+
|   0   | joint_vel_penalty_weight |
+-------+--------------------------+

Setting seed: 1

+---------------------------------+
|         Base Environment        |
+------------------------+--------+
| Property               | Value  |
+------------------------+--------+
| Number of environments | 1      |
| Environment device     | cuda:0 |
| Environment seed       | 1      |
| Physics step-size      | 0.005  |
| Environment step-size  | 0.02   |
+------------------------+--------+

[INFO] <EventManager> contains 2 active terms.
+---------------------------------------+
| Active Event Terms in Mode: 'startup' |
+-------+-------------------------------+
| Index | Name                          |
+-------+-------------------------------+
|   0   | reset_base                    |
|   1   | fingertip_friction_slide      |
|   2   | fingertip_friction_spin       |
|   3   | fingertip_friction_roll       |
+-------+-------------------------------+
+-------------------------------------+
| Active Event Terms in Mode: 'reset' |
+--------+----------------------------+
| Index  | Name                       |
+--------+----------------------------+
|   0    | reset_robot_joints         |
|   1    | reset_window_position      |
|   2    | reset_robot_fingers        |
+--------+----------------------------+
+-----------------------------+
| Domain Randomization Fields |
+--------+--------------------+
| Index  | Field Name         |
+--------+--------------------+
|   0    | geom_friction      |
+--------+--------------------+

[INFO] <CommandManager> contains 1 active terms.
+-------------------------------------------+
|            Active Command Terms           |
+-------+--------------+--------------------+
| Index | Name         |        Type        |
+-------+--------------+--------------------+
|   0   | slide_window | SlideWindowCommand |
+-------+--------------+--------------------+

[INFO] <ActionManager> contains 1 active terms.
+-------------------------------------+
|    Active Action Terms (shape: 8)   |
+-------+-----------------+-----------+
| Index | Name            | Dimension |
+-------+-----------------+-----------+
|   0   | robot_joint_pos |         8 |
+-------+-----------------+-----------+

[INFO] <ObservationManager> contains 2 groups.
+------------------------------------------------------------+
| Active Observation Terms in Group: 'policy' (shape: (60,)) |
+----------+------------------------------------+------------+
|  Index   | Name                               |   Shape    |
+----------+------------------------------------+------------+
|    0     | franka_shared_60_v2                |   (60,)    |
+----------+------------------------------------+------------+
+------------------------------------------------------------+
| Active Observation Terms in Group: 'critic' (shape: (60,)) |
+----------+------------------------------------+------------+
|  Index   | Name                               |   Shape    |
+----------+------------------------------------+------------+
|    0     | franka_shared_60_v2                |   (60,)    |
+----------+------------------------------------+------------+

[INFO] <TerminationManager> contains 2 active terms.
+----------------------------------------+
|        Active Termination Terms        |
+-------+---------------------+----------+
| Index | Name                | Time Out |
+-------+---------------------+----------+
|   0   | time_out            |   True   |
|   1   | ee_ground_collision |  False   |
+-------+---------------------+----------+

[INFO] <RewardManager> contains 6 active terms.
+--------------------------------------+
|         Active Reward Terms          |
+-------+---------------------+--------+
| Index | Name                | Weight |
+-------+---------------------+--------+
|   0   | reach_object        |    1.0 |
|   1   | move_object_to_goal |    1.0 |
|   2   | no_object_collision |   0.25 |
|   3   | action_rate_l2      |  -0.01 |
|   4   | joint_pos_limits    |  -10.0 |
|   5   | joint_vel_penalty   |  -0.01 |
+-------+---------------------+--------+

[INFO] <CurriculumManager> contains 1 active terms.
+----------------------------------+
|     Active Curriculum Terms      |
+-------+--------------------------+
| Index | Name                     |
+-------+--------------------------+
|   0   | joint_vel_penalty_weight |
+-------+--------------------------+

Setting seed: 1

+---------------------------------+
|         Base Environment        |
+------------------------+--------+
| Property               | Value  |
+------------------------+--------+
| Number of environments | 1      |
| Environment device     | cuda:0 |
| Environment seed       | 1      |
| Physics step-size      | 0.005  |
| Environment step-size  | 0.02   |
+------------------------+--------+

[INFO] <EventManager> contains 2 active terms.
+---------------------------------------+
| Active Event Terms in Mode: 'startup' |
+-------+-------------------------------+
| Index | Name                          |
+-------+-------------------------------+
|   0   | reset_base                    |
|   1   | fingertip_friction_slide      |
|   2   | fingertip_friction_spin       |
|   3   | fingertip_friction_roll       |
+-------+-------------------------------+
+-------------------------------------+
| Active Event Terms in Mode: 'reset' |
+--------+----------------------------+
| Index  | Name                       |
+--------+----------------------------+
|   0    | reset_robot_joints         |
|   1    | reset_lever_position       |
|   2    | reset_robot_fingers        |
+--------+----------------------------+
+-----------------------------+
| Domain Randomization Fields |
+--------+--------------------+
| Index  | Field Name         |
+--------+--------------------+
|   0    | geom_friction      |
+--------+--------------------+

[INFO] <CommandManager> contains 1 active terms.
+---------------------------------------+
|          Active Command Terms         |
+-------+------------+------------------+
| Index | Name       |       Type       |
+-------+------------+------------------+
|   0   | turn_lever | TurnLeverCommand |
+-------+------------+------------------+

[INFO] <ActionManager> contains 1 active terms.
+-------------------------------------+
|    Active Action Terms (shape: 8)   |
+-------+-----------------+-----------+
| Index | Name            | Dimension |
+-------+-----------------+-----------+
|   0   | robot_joint_pos |         8 |
+-------+-----------------+-----------+

[INFO] <ObservationManager> contains 2 groups.
+------------------------------------------------------------+
| Active Observation Terms in Group: 'policy' (shape: (60,)) |
+----------+------------------------------------+------------+
|  Index   | Name                               |   Shape    |
+----------+------------------------------------+------------+
|    0     | franka_shared_60_v2                |   (60,)    |
+----------+------------------------------------+------------+
+------------------------------------------------------------+
| Active Observation Terms in Group: 'critic' (shape: (60,)) |
+----------+------------------------------------+------------+
|  Index   | Name                               |   Shape    |
+----------+------------------------------------+------------+
|    0     | franka_shared_60_v2                |   (60,)    |
+----------+------------------------------------+------------+

[INFO] <TerminationManager> contains 2 active terms.
+----------------------------------------+
|        Active Termination Terms        |
+-------+---------------------+----------+
| Index | Name                | Time Out |
+-------+---------------------+----------+
|   0   | time_out            |   True   |
|   1   | ee_ground_collision |  False   |
+-------+---------------------+----------+

[INFO] <RewardManager> contains 6 active terms.
+--------------------------------------+
|         Active Reward Terms          |
+-------+---------------------+--------+
| Index | Name                | Weight |
+-------+---------------------+--------+
|   0   | reach_object        |    1.0 |
|   1   | move_object_to_goal |    1.0 |
|   2   | no_object_collision |   0.25 |
|   3   | action_rate_l2      |  -0.01 |
|   4   | joint_pos_limits    |  -10.0 |
|   5   | joint_vel_penalty   |  -0.01 |
+-------+---------------------+--------+

[INFO] <CurriculumManager> contains 1 active terms.
+----------------------------------+
|     Active Curriculum Terms      |
+-------+--------------------------+
| Index | Name                     |
+-------+--------------------------+
|   0   | joint_vel_penalty_weight |
+-------+--------------------------+

Setting seed: 1

+---------------------------------+
|         Base Environment        |
+------------------------+--------+
| Property               | Value  |
+------------------------+--------+
| Number of environments | 1      |
| Environment device     | cuda:0 |
| Environment seed       | 1      |
| Physics step-size      | 0.005  |
| Environment step-size  | 0.02   |
+------------------------+--------+

[INFO] <EventManager> contains 2 active terms.
+---------------------------------------+
| Active Event Terms in Mode: 'startup' |
+-------+-------------------------------+
| Index | Name                          |
+-------+-------------------------------+
|   0   | reset_base                    |
|   1   | fingertip_friction_slide      |
|   2   | fingertip_friction_spin       |
|   3   | fingertip_friction_roll       |
+-------+-------------------------------+
+-------------------------------------+
| Active Event Terms in Mode: 'reset' |
+--------+----------------------------+
| Index  | Name                       |
+--------+----------------------------+
|   0    | reset_robot_joints         |
|   1    | reset_flap_position        |
|   2    | reset_robot_fingers        |
+--------+----------------------------+
+-----------------------------+
| Domain Randomization Fields |
+--------+--------------------+
| Index  | Field Name         |
+--------+--------------------+
|   0    | geom_friction      |
+--------+--------------------+

[INFO] <CommandManager> contains 1 active terms.
+-------------------------------------+
|         Active Command Terms        |
+-------+-----------+-----------------+
| Index | Name      |       Type      |
+-------+-----------+-----------------+
|   0   | push_flap | PushFlapCommand |
+-------+-----------+-----------------+

[INFO] <ActionManager> contains 1 active terms.
+-------------------------------------+
|    Active Action Terms (shape: 8)   |
+-------+-----------------+-----------+
| Index | Name            | Dimension |
+-------+-----------------+-----------+
|   0   | robot_joint_pos |         8 |
+-------+-----------------+-----------+

[INFO] <ObservationManager> contains 2 groups.
+------------------------------------------------------------+
| Active Observation Terms in Group: 'policy' (shape: (60,)) |
+----------+------------------------------------+------------+
|  Index   | Name                               |   Shape    |
+----------+------------------------------------+------------+
|    0     | franka_shared_60_v2                |   (60,)    |
+----------+------------------------------------+------------+
+------------------------------------------------------------+
| Active Observation Terms in Group: 'critic' (shape: (60,)) |
+----------+------------------------------------+------------+
|  Index   | Name                               |   Shape    |
+----------+------------------------------------+------------+
|    0     | franka_shared_60_v2                |   (60,)    |
+----------+------------------------------------+------------+

[INFO] <TerminationManager> contains 2 active terms.
+----------------------------------------+
|        Active Termination Terms        |
+-------+---------------------+----------+
| Index | Name                | Time Out |
+-------+---------------------+----------+
|   0   | time_out            |   True   |
|   1   | ee_ground_collision |  False   |
+-------+---------------------+----------+

[INFO] <RewardManager> contains 6 active terms.
+--------------------------------------+
|         Active Reward Terms          |
+-------+---------------------+--------+
| Index | Name                | Weight |
+-------+---------------------+--------+
|   0   | reach_object        |    1.0 |
|   1   | move_object_to_goal |    1.0 |
|   2   | no_object_collision |   0.25 |
|   3   | action_rate_l2      |  -0.01 |
|   4   | joint_pos_limits    |  -10.0 |
|   5   | joint_vel_penalty   |  -0.01 |
+-------+---------------------+--------+

[INFO] <CurriculumManager> contains 1 active terms.
+----------------------------------+
|     Active Curriculum Terms      |
+-------+--------------------------+
| Index | Name                     |
+-------+--------------------------+
|   0   | joint_vel_penalty_weight |
+-------+--------------------------+

Setting seed: 1
Module _solve_init_jaref_kernel__locals__kernel_4d0db437 4d0db43 load on device 'cuda:0' took 0.52 ms  (cached)
Module _update_gradient_JTDAJ_dense_tiled__locals__kernel_73e1b70a 0cbe18c load on device 'cuda:0' took 1.12 ms  (cached)
Module _update_gradient_cholesky__locals__kernel_3b9bbf5c b5c23a6 load on device 'cuda:0' took 42.50 ms  (cached)

+---------------------------------+
|         Base Environment        |
+------------------------+--------+
| Property               | Value  |
+------------------------+--------+
| Number of environments | 1      |
| Environment device     | cuda:0 |
| Environment seed       | 1      |
| Physics step-size      | 0.005  |
| Environment step-size  | 0.02   |
+------------------------+--------+

[INFO] <EventManager> contains 2 active terms.
+---------------------------------------+
| Active Event Terms in Mode: 'startup' |
+-------------+-------------------------+
|    Index    | Name                    |
+-------------+-------------------------+
|      0      | reset_base              |
+-------------+-------------------------+
+-------------------------------------+
| Active Event Terms in Mode: 'reset' |
+--------+----------------------------+
| Index  | Name                       |
+--------+----------------------------+
|   0    | reset_robot_joints         |
|   1    | reset_robot_fingers        |
+--------+----------------------------+

[INFO] <CommandManager> contains 1 active terms.
+----------------------------------------+
|          Active Command Terms          |
+-------+--------------+-----------------+
| Index | Name         |       Type      |
+-------+--------------+-----------------+
|   0   | reach_target | ReachingCommand |
+-------+--------------+-----------------+

[INFO] <ActionManager> contains 1 active terms.
+-------------------------------------+
|    Active Action Terms (shape: 8)   |
+-------+-----------------+-----------+
| Index | Name            | Dimension |
+-------+-----------------+-----------+
|   0   | robot_joint_pos |         8 |
+-------+-----------------+-----------+

[INFO] <ObservationManager> contains 2 groups.
+------------------------------------------------------------+
| Active Observation Terms in Group: 'policy' (shape: (60,)) |
+----------+------------------------------------+------------+
|  Index   | Name                               |   Shape    |
+----------+------------------------------------+------------+
|    0     | franka_shared_60_v2                |   (60,)    |
+----------+------------------------------------+------------+
+------------------------------------------------------------+
| Active Observation Terms in Group: 'critic' (shape: (60,)) |
+----------+------------------------------------+------------+
|  Index   | Name                               |   Shape    |
+----------+------------------------------------+------------+
|    0     | franka_shared_60_v2                |   (60,)    |
+----------+------------------------------------+------------+

[INFO] <TerminationManager> contains 1 active terms.
+-----------------------------+
|   Active Termination Terms  |
+-------+----------+----------+
| Index | Name     | Time Out |
+-------+----------+----------+
|   0   | time_out |   True   |
+-------+----------+----------+

[INFO] <RewardManager> contains 4 active terms.
+------------------------------------+
|        Active Reward Terms         |
+-------+-------------------+--------+
| Index | Name              | Weight |
+-------+-------------------+--------+
|   0   | reach_target      |    1.0 |
|   1   | action_rate_l2    |  -0.01 |
|   2   | joint_pos_limits  |  -10.0 |
|   3   | joint_vel_penalty |  -0.01 |
+-------+-------------------+--------+

[INFO] <NullCurriculumManager> (inactive)
✓ All tasks validated with obs_dim=60, action_dim=8
Setting seed: 1

+---------------------------------+
|         Base Environment        |
+------------------------+--------+
| Property               | Value  |
+------------------------+--------+
| Number of environments | 64     |
| Environment device     | cuda:0 |
| Environment seed       | 1      |
| Physics step-size      | 0.005  |
| Environment step-size  | 0.02   |
+------------------------+--------+

[INFO] <EventManager> contains 2 active terms.
+---------------------------------------+
| Active Event Terms in Mode: 'startup' |
+-------+-------------------------------+
| Index | Name                          |
+-------+-------------------------------+
|   0   | reset_base                    |
|   1   | fingertip_friction_slide      |
|   2   | fingertip_friction_spin       |
|   3   | fingertip_friction_roll       |
+-------+-------------------------------+
+-------------------------------------+
| Active Event Terms in Mode: 'reset' |
+--------+----------------------------+
| Index  | Name                       |
+--------+----------------------------+
|   0    | reset_robot_joints         |
|   1    | reset_robot_fingers        |
+--------+----------------------------+
+-----------------------------+
| Domain Randomization Fields |
+--------+--------------------+
| Index  | Field Name         |
+--------+--------------------+
|   0    | geom_friction      |
+--------+--------------------+

Module repeat_array_kernel_e7961499 9f08b69 load on device 'cuda:0' took 0.90 ms  (cached)
[INFO] <CommandManager> contains 1 active terms.
+------------------------------------+
|        Active Command Terms        |
+-------+-----------+----------------+
| Index | Name      |      Type      |
+-------+-----------+----------------+
|   0   | drag_pull | PushingCommand |
+-------+-----------+----------------+

[INFO] <ActionManager> contains 1 active terms.
+-------------------------------------+
|    Active Action Terms (shape: 8)   |
+-------+-----------------+-----------+
| Index | Name            | Dimension |
+-------+-----------------+-----------+
|   0   | robot_joint_pos |         8 |
+-------+-----------------+-----------+

[INFO] <ObservationManager> contains 2 groups.
+------------------------------------------------------------+
| Active Observation Terms in Group: 'policy' (shape: (60,)) |
+----------+------------------------------------+------------+
|  Index   | Name                               |   Shape    |
+----------+------------------------------------+------------+
|    0     | franka_shared_60_v2                |   (60,)    |
+----------+------------------------------------+------------+
+------------------------------------------------------------+
| Active Observation Terms in Group: 'critic' (shape: (60,)) |
+----------+------------------------------------+------------+
|  Index   | Name                               |   Shape    |
+----------+------------------------------------+------------+
|    0     | franka_shared_60_v2                |   (60,)    |
+----------+------------------------------------+------------+

[INFO] <TerminationManager> contains 3 active terms.
+-----------------------------------------+
|         Active Termination Terms        |
+-------+----------------------+----------+
| Index | Name                 | Time Out |
+-------+----------------------+----------+
|   0   | time_out             |   True   |
|   1   | ee_ground_collision  |  False   |
|   2   | object_out_of_bounds |  False   |
+-------+----------------------+----------+

[INFO] <RewardManager> contains 5 active terms.
+--------------------------------------+
|         Active Reward Terms          |
+-------+---------------------+--------+
| Index | Name                | Weight |
+-------+---------------------+--------+
|   0   | reach_object        |    1.0 |
|   1   | move_object_to_goal |    1.0 |
|   2   | action_rate_l2      |  -0.01 |
|   3   | joint_pos_limits    |  -10.0 |
|   4   | joint_vel_penalty   |  -0.01 |
+-------+---------------------+--------+

[INFO] <CurriculumManager> contains 1 active terms.
+----------------------------------+
|     Active Curriculum Terms      |
+-------+--------------------------+
| Index | Name                     |
+-------+--------------------------+
|   0   | joint_vel_penalty_weight |
+-------+--------------------------+

[INFO] Task 0 (DragPull): Using environment episode length: 150 steps
[Task 0] Loading teacher from: /ihub/homedirs/svs_ald/sudhir/mjlab-cl15-si-20260918/src/mjlab/continual_distill/docs/cl_v5_si15/teacher_datasets/Mjlab_Drag_Pull_Franka_model_1300_20260918_154414/teacher.pkl
Setting seed: 1

+---------------------------------+
|         Base Environment        |
+------------------------+--------+
| Property               | Value  |
+------------------------+--------+
| Number of environments | 64     |
| Environment device     | cuda:0 |
| Environment seed       | 1      |
| Physics step-size      | 0.005  |
| Environment step-size  | 0.02   |
+------------------------+--------+

[INFO] <EventManager> contains 2 active terms.
+---------------------------------------+
| Active Event Terms in Mode: 'startup' |
+-------+-------------------------------+
| Index | Name                          |
+-------+-------------------------------+
|   0   | reset_base                    |
|   1   | fingertip_friction_slide      |
|   2   | fingertip_friction_spin       |
|   3   | fingertip_friction_roll       |
+-------+-------------------------------+
+-------------------------------------+
| Active Event Terms in Mode: 'reset' |
+--------+----------------------------+
| Index  | Name                       |
+--------+----------------------------+
|   0    | reset_robot_joints         |
|   1    | reset_robot_fingers        |
+--------+----------------------------+
+-----------------------------+
| Domain Randomization Fields |
+--------+--------------------+
| Index  | Field Name         |
+--------+--------------------+
|   0    | geom_friction      |
+--------+--------------------+

[INFO] <CommandManager> contains 1 active terms.
+----------------------------------------------+
|             Active Command Terms             |
+-------+--------------+-----------------------+
| Index | Name         |          Type         |
+-------+--------------+-----------------------+
|   0   | topple_block | ReorientObjectCommand |
+-------+--------------+-----------------------+

[INFO] <ActionManager> contains 1 active terms.
+-------------------------------------+
|    Active Action Terms (shape: 8)   |
+-------+-----------------+-----------+
| Index | Name            | Dimension |
+-------+-----------------+-----------+
|   0   | robot_joint_pos |         8 |
+-------+-----------------+-----------+

[INFO] <ObservationManager> contains 2 groups.
+------------------------------------------------------------+
| Active Observation Terms in Group: 'policy' (shape: (60,)) |
+----------+------------------------------------+------------+
|  Index   | Name                               |   Shape    |
+----------+------------------------------------+------------+
|    0     | franka_shared_60_v2                |   (60,)    |
+----------+------------------------------------+------------+
+------------------------------------------------------------+
| Active Observation Terms in Group: 'critic' (shape: (60,)) |
+----------+------------------------------------+------------+
|  Index   | Name                               |   Shape    |
+----------+------------------------------------+------------+
|    0     | franka_shared_60_v2                |   (60,)    |
+----------+------------------------------------+------------+

[INFO] <TerminationManager> contains 3 active terms.
+-----------------------------------------+
|         Active Termination Terms        |
+-------+----------------------+----------+
| Index | Name                 | Time Out |
+-------+----------------------+----------+
|   0   | time_out             |   True   |
|   1   | ee_ground_collision  |  False   |
|   2   | object_out_of_bounds |  False   |
+-------+----------------------+----------+

[INFO] <RewardManager> contains 5 active terms.
+--------------------------------------+
|         Active Reward Terms          |
+-------+---------------------+--------+
| Index | Name                | Weight |
+-------+---------------------+--------+
|   0   | reach_object        |    1.0 |
|   1   | move_object_to_goal |    1.0 |
|   2   | action_rate_l2      |  -0.01 |
|   3   | joint_pos_limits    |  -10.0 |
|   4   | joint_vel_penalty   |  -0.01 |
+-------+---------------------+--------+

[INFO] <CurriculumManager> contains 1 active terms.
+----------------------------------+
|     Active Curriculum Terms      |
+-------+--------------------------+
| Index | Name                     |
+-------+--------------------------+
|   0   | joint_vel_penalty_weight |
+-------+--------------------------+

[INFO] Task 1 (ToppleBlock): Using environment episode length: 200 steps
[Task 1] Loading teacher from: /ihub/homedirs/svs_ald/sudhir/mjlab-cl15-si-20260918/src/mjlab/continual_distill/docs/cl_v5_si15/teacher_datasets/Mjlab_Topple_Block_Franka_model_499_20260918_154414/teacher.pkl
Setting seed: 1

+---------------------------------+
|         Base Environment        |
+------------------------+--------+
| Property               | Value  |
+------------------------+--------+
| Number of environments | 64     |
| Environment device     | cuda:0 |
| Environment seed       | 1      |
| Physics step-size      | 0.005  |
| Environment step-size  | 0.02   |
+------------------------+--------+

[INFO] <EventManager> contains 2 active terms.
+---------------------------------------+
| Active Event Terms in Mode: 'startup' |
+-------+-------------------------------+
| Index | Name                          |
+-------+-------------------------------+
|   0   | reset_base                    |
|   1   | fingertip_friction_slide      |
|   2   | fingertip_friction_spin       |
|   3   | fingertip_friction_roll       |
+-------+-------------------------------+
+-------------------------------------+
| Active Event Terms in Mode: 'reset' |
+--------+----------------------------+
| Index  | Name                       |
+--------+----------------------------+
|   0    | reset_robot_joints         |
|   1    | reset_robot_fingers        |
+--------+----------------------------+
+-----------------------------+
| Domain Randomization Fields |
+--------+--------------------+
| Index  | Field Name         |
+--------+--------------------+
|   0    | geom_friction      |
+--------+--------------------+

[INFO] <CommandManager> contains 1 active terms.
+------------------------------------------------------+
|                 Active Command Terms                 |
+-------+--------------------+-------------------------+
| Index | Name               |           Type          |
+-------+--------------------+-------------------------+
|   0   | place_in_container | PlaceInContainerCommand |
+-------+--------------------+-------------------------+

[INFO] <ActionManager> contains 1 active terms.
+-------------------------------------+
|    Active Action Terms (shape: 8)   |
+-------+-----------------+-----------+
| Index | Name            | Dimension |
+-------+-----------------+-----------+
|   0   | robot_joint_pos |         8 |
+-------+-----------------+-----------+

[INFO] <ObservationManager> contains 2 groups.
+------------------------------------------------------------+
| Active Observation Terms in Group: 'policy' (shape: (60,)) |
+----------+------------------------------------+------------+
|  Index   | Name                               |   Shape    |
+----------+------------------------------------+------------+
|    0     | franka_shared_60_v2                |   (60,)    |
+----------+------------------------------------+------------+
+------------------------------------------------------------+
| Active Observation Terms in Group: 'critic' (shape: (60,)) |
+----------+------------------------------------+------------+
|  Index   | Name                               |   Shape    |
+----------+------------------------------------+------------+
|    0     | franka_shared_60_v2                |   (60,)    |
+----------+------------------------------------+------------+

[INFO] <TerminationManager> contains 3 active terms.
+-----------------------------------------+
|         Active Termination Terms        |
+-------+----------------------+----------+
| Index | Name                 | Time Out |
+-------+----------------------+----------+
|   0   | time_out             |   True   |
|   1   | ee_ground_collision  |  False   |
|   2   | object_out_of_bounds |  False   |
+-------+----------------------+----------+

[INFO] <RewardManager> contains 5 active terms.
+--------------------------------------+
|         Active Reward Terms          |
+-------+---------------------+--------+
| Index | Name                | Weight |
+-------+---------------------+--------+
|   0   | reach_object        |    1.0 |
|   1   | move_object_to_goal |    1.0 |
|   2   | action_rate_l2      |  -0.01 |
|   3   | joint_pos_limits    |  -10.0 |
|   4   | joint_vel_penalty   |  -0.01 |
+-------+---------------------+--------+

[INFO] <CurriculumManager> contains 1 active terms.
+----------------------------------+
|     Active Curriculum Terms      |
+-------+--------------------------+
| Index | Name                     |
+-------+--------------------------+
|   0   | joint_vel_penalty_weight |
+-------+--------------------------+

[INFO] Task 2 (ThrowToBin): Using environment episode length: 250 steps
[Task 2] Loading teacher from: /ihub/homedirs/svs_ald/sudhir/mjlab-cl15-si-20260918/src/mjlab/continual_distill/docs/cl_v5_si15/teacher_datasets/Mjlab_Throw_To_Bin_Franka_model_14098_20260918_154427/teacher.pkl
Setting seed: 1

+---------------------------------+
|         Base Environment        |
+------------------------+--------+
| Property               | Value  |
+------------------------+--------+
| Number of environments | 64     |
| Environment device     | cuda:0 |
| Environment seed       | 1      |
| Physics step-size      | 0.005  |
| Environment step-size  | 0.02   |
+------------------------+--------+

[INFO] <EventManager> contains 2 active terms.
+---------------------------------------+
| Active Event Terms in Mode: 'startup' |
+-------+-------------------------------+
| Index | Name                          |
+-------+-------------------------------+
|   0   | reset_base                    |
|   1   | fingertip_friction_slide      |
|   2   | fingertip_friction_spin       |
|   3   | fingertip_friction_roll       |
+-------+-------------------------------+
+-------------------------------------+
| Active Event Terms in Mode: 'reset' |
+--------+----------------------------+
| Index  | Name                       |
+--------+----------------------------+
|   0    | reset_robot_joints         |
|   1    | reset_robot_fingers        |
+--------+----------------------------+
+-----------------------------+
| Domain Randomization Fields |
+--------+--------------------+
| Index  | Field Name         |
+--------+--------------------+
|   0    | geom_friction      |
+--------+--------------------+

[INFO] <CommandManager> contains 1 active terms.
+--------------------------------------+
|         Active Command Terms         |
+-------+-------------+----------------+
| Index | Name        |      Type      |
+-------+-------------+----------------+
|   0   | push_cuboid | PushingCommand |
+-------+-------------+----------------+

[INFO] <ActionManager> contains 1 active terms.
+-------------------------------------+
|    Active Action Terms (shape: 8)   |
+-------+-----------------+-----------+
| Index | Name            | Dimension |
+-------+-----------------+-----------+
|   0   | robot_joint_pos |         8 |
+-------+-----------------+-----------+

[INFO] <ObservationManager> contains 2 groups.
+------------------------------------------------------------+
| Active Observation Terms in Group: 'policy' (shape: (60,)) |
+----------+------------------------------------+------------+
|  Index   | Name                               |   Shape    |
+----------+------------------------------------+------------+
|    0     | franka_shared_60_v2                |   (60,)    |
+----------+------------------------------------+------------+
+------------------------------------------------------------+
| Active Observation Terms in Group: 'critic' (shape: (60,)) |
+----------+------------------------------------+------------+
|  Index   | Name                               |   Shape    |
+----------+------------------------------------+------------+
|    0     | franka_shared_60_v2                |   (60,)    |
+----------+------------------------------------+------------+

[INFO] <TerminationManager> contains 3 active terms.
+-----------------------------------------+
|         Active Termination Terms        |
+-------+----------------------+----------+
| Index | Name                 | Time Out |
+-------+----------------------+----------+
|   0   | time_out             |   True   |
|   1   | ee_ground_collision  |  False   |
|   2   | object_out_of_bounds |  False   |
+-------+----------------------+----------+

[INFO] <RewardManager> contains 5 active terms.
+--------------------------------------+
|         Active Reward Terms          |
+-------+---------------------+--------+
| Index | Name                | Weight |
+-------+---------------------+--------+
|   0   | reach_object        |    1.0 |
|   1   | move_object_to_goal |    1.0 |
|   2   | action_rate_l2      |  -0.01 |
|   3   | joint_pos_limits    |  -10.0 |
|   4   | joint_vel_penalty   |  -0.01 |
+-------+---------------------+--------+

[INFO] <CurriculumManager> contains 1 active terms.
+----------------------------------+
|     Active Curriculum Terms      |
+-------+--------------------------+
| Index | Name                     |
+-------+--------------------------+
|   0   | joint_vel_penalty_weight |
+-------+--------------------------+

[INFO] Task 3 (PushCuboid): Using environment episode length: 150 steps
[Task 3] Loading teacher from: /ihub/homedirs/svs_ald/sudhir/mjlab-cl15-si-20260918/src/mjlab/continual_distill/docs/cl_v5_si15/teacher_datasets/Mjlab_Push_Cuboid_Franka_model_1998_20260918_154413/teacher.pkl
Setting seed: 1

+---------------------------------+
|         Base Environment        |
+------------------------+--------+
| Property               | Value  |
+------------------------+--------+
| Number of environments | 64     |
| Environment device     | cuda:0 |
| Environment seed       | 1      |
| Physics step-size      | 0.005  |
| Environment step-size  | 0.02   |
+------------------------+--------+

[INFO] <EventManager> contains 2 active terms.
+---------------------------------------+
| Active Event Terms in Mode: 'startup' |
+-------+-------------------------------+
| Index | Name                          |
+-------+-------------------------------+
|   0   | reset_base                    |
|   1   | fingertip_friction_slide      |
|   2   | fingertip_friction_spin       |
|   3   | fingertip_friction_roll       |
+-------+-------------------------------+
+-------------------------------------+
| Active Event Terms in Mode: 'reset' |
+--------+----------------------------+
| Index  | Name                       |
+--------+----------------------------+
|   0    | reset_robot_joints         |
|   1    | reset_valve_position       |
|   2    | reset_robot_fingers        |
+--------+----------------------------+
+-----------------------------+
| Domain Randomization Fields |
+--------+--------------------+
| Index  | Field Name         |
+--------+--------------------+
|   0    | geom_friction      |
+--------+--------------------+

[INFO] <CommandManager> contains 1 active terms.
+-------------------------------------------+
|            Active Command Terms           |
+-------+--------------+--------------------+
| Index | Name         |        Type        |
+-------+--------------+--------------------+
|   0   | rotate_valve | RotateValveCommand |
+-------+--------------+--------------------+

[INFO] <ActionManager> contains 1 active terms.
+-------------------------------------+
|    Active Action Terms (shape: 8)   |
+-------+-----------------+-----------+
| Index | Name            | Dimension |
+-------+-----------------+-----------+
|   0   | robot_joint_pos |         8 |
+-------+-----------------+-----------+

[INFO] <ObservationManager> contains 2 groups.
+------------------------------------------------------------+
| Active Observation Terms in Group: 'policy' (shape: (60,)) |
+----------+------------------------------------+------------+
|  Index   | Name                               |   Shape    |
+----------+------------------------------------+------------+
|    0     | franka_shared_60_v2                |   (60,)    |
+----------+------------------------------------+------------+
+------------------------------------------------------------+
| Active Observation Terms in Group: 'critic' (shape: (60,)) |
+----------+------------------------------------+------------+
|  Index   | Name                               |   Shape    |
+----------+------------------------------------+------------+
|    0     | franka_shared_60_v2                |   (60,)    |
+----------+------------------------------------+------------+

[INFO] <TerminationManager> contains 2 active terms.
+----------------------------------------+
|        Active Termination Terms        |
+-------+---------------------+----------+
| Index | Name                | Time Out |
+-------+---------------------+----------+
|   0   | time_out            |   True   |
|   1   | ee_ground_collision |  False   |
+-------+---------------------+----------+

[INFO] <RewardManager> contains 6 active terms.
+--------------------------------------+
|         Active Reward Terms          |
+-------+---------------------+--------+
| Index | Name                | Weight |
+-------+---------------------+--------+
|   0   | reach_object        |    1.0 |
|   1   | move_object_to_goal |    1.0 |
|   2   | no_object_collision |   0.25 |
|   3   | action_rate_l2      |  -0.01 |
|   4   | joint_pos_limits    |  -10.0 |
|   5   | joint_vel_penalty   |  -0.01 |
+-------+---------------------+--------+

[INFO] <CurriculumManager> contains 1 active terms.
+----------------------------------+
|     Active Curriculum Terms      |
+-------+--------------------------+
| Index | Name                     |
+-------+--------------------------+
|   0   | joint_vel_penalty_weight |
+-------+--------------------------+

[INFO] Task 4 (RotateValve): Using environment episode length: 400 steps
[Task 4] Loading teacher from: /ihub/homedirs/svs_ald/sudhir/mjlab-cl15-si-20260918/src/mjlab/continual_distill/docs/cl_v5_si15/teacher_datasets/Mjlab_Rotate_Valve_Franka_model_1999_20260918_154414/teacher.pkl
Setting seed: 1

+---------------------------------+
|         Base Environment        |
+------------------------+--------+
| Property               | Value  |
+------------------------+--------+
| Number of environments | 64     |
| Environment device     | cuda:0 |
| Environment seed       | 1      |
| Physics step-size      | 0.005  |
| Environment step-size  | 0.02   |
+------------------------+--------+

[INFO] <EventManager> contains 2 active terms.
+---------------------------------------+
| Active Event Terms in Mode: 'startup' |
+-------+-------------------------------+
| Index | Name                          |
+-------+-------------------------------+
|   0   | reset_base                    |
|   1   | fingertip_friction_slide      |
|   2   | fingertip_friction_spin       |
|   3   | fingertip_friction_roll       |
+-------+-------------------------------+
+-------------------------------------+
| Active Event Terms in Mode: 'reset' |
+--------+----------------------------+
| Index  | Name                       |
+--------+----------------------------+
|   0    | reset_robot_joints         |
|   1    | reset_drawer_position      |
|   2    | reset_robot_fingers        |
+--------+----------------------------+
+-----------------------------+
| Domain Randomization Fields |
+--------+--------------------+
| Index  | Field Name         |
+--------+--------------------+
|   0    | geom_friction      |
+--------+--------------------+

[INFO] <CommandManager> contains 1 active terms.
+-----------------------------------------+
|           Active Command Terms          |
+-------+-------------+-------------------+
| Index | Name        |        Type       |
+-------+-------------+-------------------+
|   0   | open_drawer | OpenDrawerCommand |
+-------+-------------+-------------------+

[INFO] <ActionManager> contains 1 active terms.
+-------------------------------------+
|    Active Action Terms (shape: 8)   |
+-------+-----------------+-----------+
| Index | Name            | Dimension |
+-------+-----------------+-----------+
|   0   | robot_joint_pos |         8 |
+-------+-----------------+-----------+

[INFO] <ObservationManager> contains 2 groups.
+------------------------------------------------------------+
| Active Observation Terms in Group: 'policy' (shape: (60,)) |
+----------+------------------------------------+------------+
|  Index   | Name                               |   Shape    |
+----------+------------------------------------+------------+
|    0     | franka_shared_60_v2                |   (60,)    |
+----------+------------------------------------+------------+
+------------------------------------------------------------+
| Active Observation Terms in Group: 'critic' (shape: (60,)) |
+----------+------------------------------------+------------+
|  Index   | Name                               |   Shape    |
+----------+------------------------------------+------------+
|    0     | franka_shared_60_v2                |   (60,)    |
+----------+------------------------------------+------------+

[INFO] <TerminationManager> contains 2 active terms.
+----------------------------------------+
|        Active Termination Terms        |
+-------+---------------------+----------+
| Index | Name                | Time Out |
+-------+---------------------+----------+
|   0   | time_out            |   True   |
|   1   | ee_ground_collision |  False   |
+-------+---------------------+----------+

[INFO] <RewardManager> contains 6 active terms.
+--------------------------------------+
|         Active Reward Terms          |
+-------+---------------------+--------+
| Index | Name                | Weight |
+-------+---------------------+--------+
|   0   | reach_object        |    1.0 |
|   1   | move_object_to_goal |    1.0 |
|   2   | no_object_collision |   0.25 |
|   3   | action_rate_l2      |  -0.01 |
|   4   | joint_pos_limits    |  -10.0 |
|   5   | joint_vel_penalty   |  -0.01 |
+-------+---------------------+--------+

[INFO] <CurriculumManager> contains 1 active terms.
+----------------------------------+
|     Active Curriculum Terms      |
+-------+--------------------------+
| Index | Name                     |
+-------+--------------------------+
|   0   | joint_vel_penalty_weight |
+-------+--------------------------+

[INFO] Task 5 (OpenDrawer): Using environment episode length: 150 steps
[Task 5] Loading teacher from: /ihub/homedirs/svs_ald/sudhir/mjlab-cl15-si-20260918/src/mjlab/continual_distill/docs/cl_v5_si15/teacher_datasets/Mjlab_Open_Drawer_Franka_model_1000_20260918_154342/teacher.pkl
Setting seed: 1

+---------------------------------+
|         Base Environment        |
+------------------------+--------+
| Property               | Value  |
+------------------------+--------+
| Number of environments | 64     |
| Environment device     | cuda:0 |
| Environment seed       | 1      |
| Physics step-size      | 0.005  |
| Environment step-size  | 0.02   |
+------------------------+--------+

[INFO] <EventManager> contains 2 active terms.
+---------------------------------------+
| Active Event Terms in Mode: 'startup' |
+-------+-------------------------------+
| Index | Name                          |
+-------+-------------------------------+
|   0   | reset_base                    |
|   1   | fingertip_friction_slide      |
|   2   | fingertip_friction_spin       |
|   3   | fingertip_friction_roll       |
+-------+-------------------------------+
+-------------------------------------+
| Active Event Terms in Mode: 'reset' |
+--------+----------------------------+
| Index  | Name                       |
+--------+----------------------------+
|   0    | reset_robot_joints         |
|   1    | reset_switch_position      |
|   2    | reset_robot_fingers        |
+--------+----------------------------+
+-----------------------------+
| Domain Randomization Fields |
+--------+--------------------+
| Index  | Field Name         |
+--------+--------------------+
|   0    | geom_friction      |
+--------+--------------------+

[INFO] <CommandManager> contains 1 active terms.
+-----------------------------------------+
|           Active Command Terms          |
+-------+-------------+-------------------+
| Index | Name        |        Type       |
+-------+-------------+-------------------+
|   0   | flip_switch | FlipSwitchCommand |
+-------+-------------+-------------------+

[INFO] <ActionManager> contains 1 active terms.
+-------------------------------------+
|    Active Action Terms (shape: 8)   |
+-------+-----------------+-----------+
| Index | Name            | Dimension |
+-------+-----------------+-----------+
|   0   | robot_joint_pos |         8 |
+-------+-----------------+-----------+

[INFO] <ObservationManager> contains 2 groups.
+------------------------------------------------------------+
| Active Observation Terms in Group: 'policy' (shape: (60,)) |
+----------+------------------------------------+------------+
|  Index   | Name                               |   Shape    |
+----------+------------------------------------+------------+
|    0     | franka_shared_60_v2                |   (60,)    |
+----------+------------------------------------+------------+
+------------------------------------------------------------+
| Active Observation Terms in Group: 'critic' (shape: (60,)) |
+----------+------------------------------------+------------+
|  Index   | Name                               |   Shape    |
+----------+------------------------------------+------------+
|    0     | franka_shared_60_v2                |   (60,)    |
+----------+------------------------------------+------------+

[INFO] <TerminationManager> contains 2 active terms.
+----------------------------------------+
|        Active Termination Terms        |
+-------+---------------------+----------+
| Index | Name                | Time Out |
+-------+---------------------+----------+
|   0   | time_out            |   True   |
|   1   | ee_ground_collision |  False   |
+-------+---------------------+----------+

[INFO] <RewardManager> contains 6 active terms.
+--------------------------------------+
|         Active Reward Terms          |
+-------+---------------------+--------+
| Index | Name                | Weight |
+-------+---------------------+--------+
|   0   | reach_object        |    1.0 |
|   1   | move_object_to_goal |    1.0 |
|   2   | no_object_collision |   0.25 |
|   3   | action_rate_l2      |  -0.01 |
|   4   | joint_pos_limits    |  -10.0 |
|   5   | joint_vel_penalty   |  -0.01 |
+-------+---------------------+--------+

[INFO] <CurriculumManager> contains 1 active terms.
+----------------------------------+
|     Active Curriculum Terms      |
+-------+--------------------------+
| Index | Name                     |
+-------+--------------------------+
|   0   | joint_vel_penalty_weight |
+-------+--------------------------+

[INFO] Task 6 (FlipSwitch): Using environment episode length: 150 steps
[Task 6] Loading teacher from: /ihub/homedirs/svs_ald/sudhir/mjlab-cl15-si-20260918/src/mjlab/continual_distill/docs/cl_v5_si15/teacher_datasets/Mjlab_Flip_Switch_Franka_model_800_20260918_154343/teacher.pkl
Setting seed: 1

+---------------------------------+
|         Base Environment        |
+------------------------+--------+
| Property               | Value  |
+------------------------+--------+
| Number of environments | 64     |
| Environment device     | cuda:0 |
| Environment seed       | 1      |
| Physics step-size      | 0.005  |
| Environment step-size  | 0.02   |
+------------------------+--------+

[INFO] <EventManager> contains 2 active terms.
+---------------------------------------+
| Active Event Terms in Mode: 'startup' |
+-------+-------------------------------+
| Index | Name                          |
+-------+-------------------------------+
|   0   | reset_base                    |
|   1   | fingertip_friction_slide      |
|   2   | fingertip_friction_spin       |
|   3   | fingertip_friction_roll       |
+-------+-------------------------------+
+-------------------------------------+
| Active Event Terms in Mode: 'reset' |
+--------+----------------------------+
| Index  | Name                       |
+--------+----------------------------+
|   0    | reset_robot_joints         |
|   1    | reset_plug_position        |
|   2    | reset_robot_fingers        |
+--------+----------------------------+
+-----------------------------+
| Domain Randomization Fields |
+--------+--------------------+
| Index  | Field Name         |
+--------+--------------------+
|   0    | geom_friction      |
+--------+--------------------+

[INFO] <CommandManager> contains 1 active terms.
+---------------------------------------------+
|             Active Command Terms            |
+-------+---------------+---------------------+
| Index | Name          |         Type        |
+-------+---------------+---------------------+
|   0   | axial_extract | AxialExtractCommand |
+-------+---------------+---------------------+

[INFO] <ActionManager> contains 1 active terms.
+-------------------------------------+
|    Active Action Terms (shape: 8)   |
+-------+-----------------+-----------+
| Index | Name            | Dimension |
+-------+-----------------+-----------+
|   0   | robot_joint_pos |         8 |
+-------+-----------------+-----------+

[INFO] <ObservationManager> contains 2 groups.
+------------------------------------------------------------+
| Active Observation Terms in Group: 'policy' (shape: (60,)) |
+----------+------------------------------------+------------+
|  Index   | Name                               |   Shape    |
+----------+------------------------------------+------------+
|    0     | franka_shared_60_v2                |   (60,)    |
+----------+------------------------------------+------------+
+------------------------------------------------------------+
| Active Observation Terms in Group: 'critic' (shape: (60,)) |
+----------+------------------------------------+------------+
|  Index   | Name                               |   Shape    |
+----------+------------------------------------+------------+
|    0     | franka_shared_60_v2                |   (60,)    |
+----------+------------------------------------+------------+

[INFO] <TerminationManager> contains 2 active terms.
+----------------------------------------+
|        Active Termination Terms        |
+-------+---------------------+----------+
| Index | Name                | Time Out |
+-------+---------------------+----------+
|   0   | time_out            |   True   |
|   1   | ee_ground_collision |  False   |
+-------+---------------------+----------+

[INFO] <RewardManager> contains 6 active terms.
+--------------------------------------+
|         Active Reward Terms          |
+-------+---------------------+--------+
| Index | Name                | Weight |
+-------+---------------------+--------+
|   0   | reach_object        |    1.0 |
|   1   | move_object_to_goal |    1.0 |
|   2   | no_object_collision |   0.25 |
|   3   | action_rate_l2      |  -0.01 |
|   4   | joint_pos_limits    |  -10.0 |
|   5   | joint_vel_penalty   |  -0.01 |
+-------+---------------------+--------+

[INFO] <CurriculumManager> contains 1 active terms.
+----------------------------------+
|     Active Curriculum Terms      |
+-------+--------------------------+
| Index | Name                     |
+-------+--------------------------+
|   0   | joint_vel_penalty_weight |
+-------+--------------------------+

[INFO] Task 7 (AxialExtract): Using environment episode length: 200 steps
[Task 7] Loading teacher from: /ihub/homedirs/svs_ald/sudhir/mjlab-cl15-si-20260918/src/mjlab/continual_distill/docs/cl_v5_si15/teacher_datasets/Mjlab_Axial_Extract_Franka_model_200_20260918_154221/teacher.pkl
Setting seed: 1

+---------------------------------+
|         Base Environment        |
+------------------------+--------+
| Property               | Value  |
+------------------------+--------+
| Number of environments | 64     |
| Environment device     | cuda:0 |
| Environment seed       | 1      |
| Physics step-size      | 0.005  |
| Environment step-size  | 0.02   |
+------------------------+--------+

[INFO] <EventManager> contains 2 active terms.
+---------------------------------------+
| Active Event Terms in Mode: 'startup' |
+-------+-------------------------------+
| Index | Name                          |
+-------+-------------------------------+
|   0   | reset_base                    |
|   1   | fingertip_friction_slide      |
|   2   | fingertip_friction_spin       |
|   3   | fingertip_friction_roll       |
+-------+-------------------------------+
+-------------------------------------+
| Active Event Terms in Mode: 'reset' |
+--------+----------------------------+
| Index  | Name                       |
+--------+----------------------------+
|   0    | reset_robot_joints         |
|   1    | reset_door_position        |
|   2    | reset_robot_fingers        |
+--------+----------------------------+
+-----------------------------+
| Domain Randomization Fields |
+--------+--------------------+
| Index  | Field Name         |
+--------+--------------------+
|   0    | geom_friction      |
+--------+--------------------+

[INFO] <CommandManager> contains 1 active terms.
+-------------------------------------+
|         Active Command Terms        |
+-------+-----------+-----------------+
| Index | Name      |       Type      |
+-------+-----------+-----------------+
|   0   | open_door | OpenDoorCommand |
+-------+-----------+-----------------+

[INFO] <ActionManager> contains 1 active terms.
+-------------------------------------+
|    Active Action Terms (shape: 8)   |
+-------+-----------------+-----------+
| Index | Name            | Dimension |
+-------+-----------------+-----------+
|   0   | robot_joint_pos |         8 |
+-------+-----------------+-----------+

[INFO] <ObservationManager> contains 2 groups.
+------------------------------------------------------------+
| Active Observation Terms in Group: 'policy' (shape: (60,)) |
+----------+------------------------------------+------------+
|  Index   | Name                               |   Shape    |
+----------+------------------------------------+------------+
|    0     | franka_shared_60_v2                |   (60,)    |
+----------+------------------------------------+------------+
+------------------------------------------------------------+
| Active Observation Terms in Group: 'critic' (shape: (60,)) |
+----------+------------------------------------+------------+
|  Index   | Name                               |   Shape    |
+----------+------------------------------------+------------+
|    0     | franka_shared_60_v2                |   (60,)    |
+----------+------------------------------------+------------+

[INFO] <TerminationManager> contains 2 active terms.
+----------------------------------------+
|        Active Termination Terms        |
+-------+---------------------+----------+
| Index | Name                | Time Out |
+-------+---------------------+----------+
|   0   | time_out            |   True   |
|   1   | ee_ground_collision |  False   |
+-------+---------------------+----------+

[INFO] <RewardManager> contains 6 active terms.
+--------------------------------------+
|         Active Reward Terms          |
+-------+---------------------+--------+
| Index | Name                | Weight |
+-------+---------------------+--------+
|   0   | reach_object        |    1.0 |
|   1   | move_object_to_goal |    1.0 |
|   2   | no_object_collision |    0.0 |
|   3   | action_rate_l2      |    0.0 |
|   4   | joint_pos_limits    |    0.0 |
|   5   | joint_vel_penalty   |    0.0 |
+-------+---------------------+--------+

[INFO] <CurriculumManager> contains 1 active terms.
+----------------------------------+
|     Active Curriculum Terms      |
+-------+--------------------------+
| Index | Name                     |
+-------+--------------------------+
|   0   | joint_vel_penalty_weight |
+-------+--------------------------+

[INFO] Task 8 (OpenDoor): Using environment episode length: 150 steps
[Task 8] Loading teacher from: /ihub/homedirs/svs_ald/sudhir/mjlab-cl15-si-20260918/src/mjlab/continual_distill/docs/cl_v5_si15/teacher_datasets/Mjlab_Open_Door_Franka_model_900_20260918_154342/teacher.pkl
Setting seed: 1

+---------------------------------+
|         Base Environment        |
+------------------------+--------+
| Property               | Value  |
+------------------------+--------+
| Number of environments | 64     |
| Environment device     | cuda:0 |
| Environment seed       | 1      |
| Physics step-size      | 0.005  |
| Environment step-size  | 0.02   |
+------------------------+--------+

[INFO] <EventManager> contains 2 active terms.
+---------------------------------------+
| Active Event Terms in Mode: 'startup' |
+-------+-------------------------------+
| Index | Name                          |
+-------+-------------------------------+
|   0   | reset_base                    |
|   1   | fingertip_friction_slide      |
|   2   | fingertip_friction_spin       |
|   3   | fingertip_friction_roll       |
+-------+-------------------------------+
+-------------------------------------+
| Active Event Terms in Mode: 'reset' |
+--------+----------------------------+
| Index  | Name                       |
+--------+----------------------------+
|   0    | reset_robot_joints         |
|   1    | reset_button_position      |
|   2    | reset_robot_fingers        |
+--------+----------------------------+
+-----------------------------+
| Domain Randomization Fields |
+--------+--------------------+
| Index  | Field Name         |
+--------+--------------------+
|   0    | geom_friction      |
+--------+--------------------+

[INFO] <CommandManager> contains 1 active terms.
+-----------------------------------------+
|           Active Command Terms          |
+-------+-------------+-------------------+
| Index | Name        |        Type       |
+-------+-------------+-------------------+
|   0   | push_button | PushButtonCommand |
+-------+-------------+-------------------+

[INFO] <ActionManager> contains 1 active terms.
+-------------------------------------+
|    Active Action Terms (shape: 8)   |
+-------+-----------------+-----------+
| Index | Name            | Dimension |
+-------+-----------------+-----------+
|   0   | robot_joint_pos |         8 |
+-------+-----------------+-----------+

[INFO] <ObservationManager> contains 2 groups.
+------------------------------------------------------------+
| Active Observation Terms in Group: 'policy' (shape: (60,)) |
+----------+------------------------------------+------------+
|  Index   | Name                               |   Shape    |
+----------+------------------------------------+------------+
|    0     | franka_shared_60_v2                |   (60,)    |
+----------+------------------------------------+------------+
+------------------------------------------------------------+
| Active Observation Terms in Group: 'critic' (shape: (60,)) |
+----------+------------------------------------+------------+
|  Index   | Name                               |   Shape    |
+----------+------------------------------------+------------+
|    0     | franka_shared_60_v2                |   (60,)    |
+----------+------------------------------------+------------+

[INFO] <TerminationManager> contains 2 active terms.
+----------------------------------------+
|        Active Termination Terms        |
+-------+---------------------+----------+
| Index | Name                | Time Out |
+-------+---------------------+----------+
|   0   | time_out            |   True   |
|   1   | ee_ground_collision |  False   |
+-------+---------------------+----------+

[INFO] <RewardManager> contains 6 active terms.
+--------------------------------------+
|         Active Reward Terms          |
+-------+---------------------+--------+
| Index | Name                | Weight |
+-------+---------------------+--------+
|   0   | reach_object        |    1.0 |
|   1   | move_object_to_goal |    1.0 |
|   2   | no_object_collision |   0.25 |
|   3   | action_rate_l2      |  -0.01 |
|   4   | joint_pos_limits    |  -10.0 |
|   5   | joint_vel_penalty   |  -0.01 |
+-------+---------------------+--------+

[INFO] <CurriculumManager> contains 1 active terms.
+----------------------------------+
|     Active Curriculum Terms      |
+-------+--------------------------+
| Index | Name                     |
+-------+--------------------------+
|   0   | joint_vel_penalty_weight |
+-------+--------------------------+

[INFO] Task 9 (PushButton): Using environment episode length: 150 steps
[Task 9] Loading teacher from: /ihub/homedirs/svs_ald/sudhir/mjlab-cl15-si-20260918/src/mjlab/continual_distill/docs/cl_v5_si15/teacher_datasets/Mjlab_Push_Button_Franka_model_700_20260918_154344/teacher.pkl
Setting seed: 1

+---------------------------------+
|         Base Environment        |
+------------------------+--------+
| Property               | Value  |
+------------------------+--------+
| Number of environments | 64     |
| Environment device     | cuda:0 |
| Environment seed       | 1      |
| Physics step-size      | 0.005  |
| Environment step-size  | 0.02   |
+------------------------+--------+

[INFO] <EventManager> contains 2 active terms.
+---------------------------------------+
| Active Event Terms in Mode: 'startup' |
+-------+-------------------------------+
| Index | Name                          |
+-------+-------------------------------+
|   0   | reset_base                    |
|   1   | fingertip_friction_slide      |
|   2   | fingertip_friction_spin       |
|   3   | fingertip_friction_roll       |
+-------+-------------------------------+
+-------------------------------------+
| Active Event Terms in Mode: 'reset' |
+--------+----------------------------+
| Index  | Name                       |
+--------+----------------------------+
|   0    | reset_robot_joints         |
|   1    | reset_lid_position         |
|   2    | reset_robot_fingers        |
+--------+----------------------------+
+-----------------------------+
| Domain Randomization Fields |
+--------+--------------------+
| Index  | Field Name         |
+--------+--------------------+
|   0    | geom_friction      |
+--------+--------------------+

[INFO] <CommandManager> contains 1 active terms.
+-----------------------------------+
|        Active Command Terms       |
+-------+----------+----------------+
| Index | Name     |      Type      |
+-------+----------+----------------+
|   0   | open_lid | OpenLidCommand |
+-------+----------+----------------+

[INFO] <ActionManager> contains 1 active terms.
+-------------------------------------+
|    Active Action Terms (shape: 8)   |
+-------+-----------------+-----------+
| Index | Name            | Dimension |
+-------+-----------------+-----------+
|   0   | robot_joint_pos |         8 |
+-------+-----------------+-----------+

[INFO] <ObservationManager> contains 2 groups.
+------------------------------------------------------------+
| Active Observation Terms in Group: 'policy' (shape: (60,)) |
+----------+------------------------------------+------------+
|  Index   | Name                               |   Shape    |
+----------+------------------------------------+------------+
|    0     | franka_shared_60_v2                |   (60,)    |
+----------+------------------------------------+------------+
+------------------------------------------------------------+
| Active Observation Terms in Group: 'critic' (shape: (60,)) |
+----------+------------------------------------+------------+
|  Index   | Name                               |   Shape    |
+----------+------------------------------------+------------+
|    0     | franka_shared_60_v2                |   (60,)    |
+----------+------------------------------------+------------+

[INFO] <TerminationManager> contains 2 active terms.
+----------------------------------------+
|        Active Termination Terms        |
+-------+---------------------+----------+
| Index | Name                | Time Out |
+-------+---------------------+----------+
|   0   | time_out            |   True   |
|   1   | ee_ground_collision |  False   |
+-------+---------------------+----------+

[INFO] <RewardManager> contains 6 active terms.
+--------------------------------------+
|         Active Reward Terms          |
+-------+---------------------+--------+
| Index | Name                | Weight |
+-------+---------------------+--------+
|   0   | reach_object        |    1.0 |
|   1   | move_object_to_goal |    1.0 |
|   2   | no_object_collision |   0.25 |
|   3   | action_rate_l2      |  -0.01 |
|   4   | joint_pos_limits    |  -10.0 |
|   5   | joint_vel_penalty   |  -0.01 |
+-------+---------------------+--------+

[INFO] <CurriculumManager> contains 1 active terms.
+----------------------------------+
|     Active Curriculum Terms      |
+-------+--------------------------+
| Index | Name                     |
+-------+--------------------------+
|   0   | joint_vel_penalty_weight |
+-------+--------------------------+

[INFO] Task 10 (OpenLid): Using environment episode length: 250 steps
[Task 10] Loading teacher from: /ihub/homedirs/svs_ald/sudhir/mjlab-cl15-si-20260918/src/mjlab/continual_distill/docs/cl_v5_si15/teacher_datasets/Mjlab_Open_Lid_Franka_model_700_20260918_154343/teacher.pkl
Setting seed: 1

+---------------------------------+
|         Base Environment        |
+------------------------+--------+
| Property               | Value  |
+------------------------+--------+
| Number of environments | 64     |
| Environment device     | cuda:0 |
| Environment seed       | 1      |
| Physics step-size      | 0.005  |
| Environment step-size  | 0.02   |
+------------------------+--------+

[INFO] <EventManager> contains 2 active terms.
+---------------------------------------+
| Active Event Terms in Mode: 'startup' |
+-------+-------------------------------+
| Index | Name                          |
+-------+-------------------------------+
|   0   | reset_base                    |
|   1   | fingertip_friction_slide      |
|   2   | fingertip_friction_spin       |
|   3   | fingertip_friction_roll       |
+-------+-------------------------------+
+-------------------------------------+
| Active Event Terms in Mode: 'reset' |
+--------+----------------------------+
| Index  | Name                       |
+--------+----------------------------+
|   0    | reset_robot_joints         |
|   1    | reset_window_position      |
|   2    | reset_robot_fingers        |
+--------+----------------------------+
+-----------------------------+
| Domain Randomization Fields |
+--------+--------------------+
| Index  | Field Name         |
+--------+--------------------+
|   0    | geom_friction      |
+--------+--------------------+

[INFO] <CommandManager> contains 1 active terms.
+-------------------------------------------+
|            Active Command Terms           |
+-------+--------------+--------------------+
| Index | Name         |        Type        |
+-------+--------------+--------------------+
|   0   | slide_window | SlideWindowCommand |
+-------+--------------+--------------------+

[INFO] <ActionManager> contains 1 active terms.
+-------------------------------------+
|    Active Action Terms (shape: 8)   |
+-------+-----------------+-----------+
| Index | Name            | Dimension |
+-------+-----------------+-----------+
|   0   | robot_joint_pos |         8 |
+-------+-----------------+-----------+

[INFO] <ObservationManager> contains 2 groups.
+------------------------------------------------------------+
| Active Observation Terms in Group: 'policy' (shape: (60,)) |
+----------+------------------------------------+------------+
|  Index   | Name                               |   Shape    |
+----------+------------------------------------+------------+
|    0     | franka_shared_60_v2                |   (60,)    |
+----------+------------------------------------+------------+
+------------------------------------------------------------+
| Active Observation Terms in Group: 'critic' (shape: (60,)) |
+----------+------------------------------------+------------+
|  Index   | Name                               |   Shape    |
+----------+------------------------------------+------------+
|    0     | franka_shared_60_v2                |   (60,)    |
+----------+------------------------------------+------------+

[INFO] <TerminationManager> contains 2 active terms.
+----------------------------------------+
|        Active Termination Terms        |
+-------+---------------------+----------+
| Index | Name                | Time Out |
+-------+---------------------+----------+
|   0   | time_out            |   True   |
|   1   | ee_ground_collision |  False   |
+-------+---------------------+----------+

[INFO] <RewardManager> contains 6 active terms.
+--------------------------------------+
|         Active Reward Terms          |
+-------+---------------------+--------+
| Index | Name                | Weight |
+-------+---------------------+--------+
|   0   | reach_object        |    1.0 |
|   1   | move_object_to_goal |    1.0 |
|   2   | no_object_collision |   0.25 |
|   3   | action_rate_l2      |  -0.01 |
|   4   | joint_pos_limits    |  -10.0 |
|   5   | joint_vel_penalty   |  -0.01 |
+-------+---------------------+--------+

[INFO] <CurriculumManager> contains 1 active terms.
+----------------------------------+
|     Active Curriculum Terms      |
+-------+--------------------------+
| Index | Name                     |
+-------+--------------------------+
|   0   | joint_vel_penalty_weight |
+-------+--------------------------+

[INFO] Task 11 (SlideWindow): Using environment episode length: 150 steps
[Task 11] Loading teacher from: /ihub/homedirs/svs_ald/sudhir/mjlab-cl15-si-20260918/src/mjlab/continual_distill/docs/cl_v5_si15/teacher_datasets/Mjlab_Slide_Window_Franka_model_300_20260918_154341/teacher.pkl
Setting seed: 1

+---------------------------------+
|         Base Environment        |
+------------------------+--------+
| Property               | Value  |
+------------------------+--------+
| Number of environments | 64     |
| Environment device     | cuda:0 |
| Environment seed       | 1      |
| Physics step-size      | 0.005  |
| Environment step-size  | 0.02   |
+------------------------+--------+

[INFO] <EventManager> contains 2 active terms.
+---------------------------------------+
| Active Event Terms in Mode: 'startup' |
+-------+-------------------------------+
| Index | Name                          |
+-------+-------------------------------+
|   0   | reset_base                    |
|   1   | fingertip_friction_slide      |
|   2   | fingertip_friction_spin       |
|   3   | fingertip_friction_roll       |
+-------+-------------------------------+
+-------------------------------------+
| Active Event Terms in Mode: 'reset' |
+--------+----------------------------+
| Index  | Name                       |
+--------+----------------------------+
|   0    | reset_robot_joints         |
|   1    | reset_lever_position       |
|   2    | reset_robot_fingers        |
+--------+----------------------------+
+-----------------------------+
| Domain Randomization Fields |
+--------+--------------------+
| Index  | Field Name         |
+--------+--------------------+
|   0    | geom_friction      |
+--------+--------------------+

[INFO] <CommandManager> contains 1 active terms.
+---------------------------------------+
|          Active Command Terms         |
+-------+------------+------------------+
| Index | Name       |       Type       |
+-------+------------+------------------+
|   0   | turn_lever | TurnLeverCommand |
+-------+------------+------------------+

[INFO] <ActionManager> contains 1 active terms.
+-------------------------------------+
|    Active Action Terms (shape: 8)   |
+-------+-----------------+-----------+
| Index | Name            | Dimension |
+-------+-----------------+-----------+
|   0   | robot_joint_pos |         8 |
+-------+-----------------+-----------+

[INFO] <ObservationManager> contains 2 groups.
+------------------------------------------------------------+
| Active Observation Terms in Group: 'policy' (shape: (60,)) |
+----------+------------------------------------+------------+
|  Index   | Name                               |   Shape    |
+----------+------------------------------------+------------+
|    0     | franka_shared_60_v2                |   (60,)    |
+----------+------------------------------------+------------+
+------------------------------------------------------------+
| Active Observation Terms in Group: 'critic' (shape: (60,)) |
+----------+------------------------------------+------------+
|  Index   | Name                               |   Shape    |
+----------+------------------------------------+------------+
|    0     | franka_shared_60_v2                |   (60,)    |
+----------+------------------------------------+------------+

[INFO] <TerminationManager> contains 2 active terms.
+----------------------------------------+
|        Active Termination Terms        |
+-------+---------------------+----------+
| Index | Name                | Time Out |
+-------+---------------------+----------+
|   0   | time_out            |   True   |
|   1   | ee_ground_collision |  False   |
+-------+---------------------+----------+

[INFO] <RewardManager> contains 6 active terms.
+--------------------------------------+
|         Active Reward Terms          |
+-------+---------------------+--------+
| Index | Name                | Weight |
+-------+---------------------+--------+
|   0   | reach_object        |    1.0 |
|   1   | move_object_to_goal |    1.0 |
|   2   | no_object_collision |   0.25 |
|   3   | action_rate_l2      |  -0.01 |
|   4   | joint_pos_limits    |  -10.0 |
|   5   | joint_vel_penalty   |  -0.01 |
+-------+---------------------+--------+

[INFO] <CurriculumManager> contains 1 active terms.
+----------------------------------+
|     Active Curriculum Terms      |
+-------+--------------------------+
| Index | Name                     |
+-------+--------------------------+
|   0   | joint_vel_penalty_weight |
+-------+--------------------------+

[INFO] Task 12 (TurnLever): Using environment episode length: 150 steps
[Task 12] Loading teacher from: /ihub/homedirs/svs_ald/sudhir/mjlab-cl15-si-20260918/src/mjlab/continual_distill/docs/cl_v5_si15/teacher_datasets/Mjlab_Turn_Lever_Franka_model_1000_20260918_154415/teacher.pkl
Setting seed: 1

+---------------------------------+
|         Base Environment        |
+------------------------+--------+
| Property               | Value  |
+------------------------+--------+
| Number of environments | 64     |
| Environment device     | cuda:0 |
| Environment seed       | 1      |
| Physics step-size      | 0.005  |
| Environment step-size  | 0.02   |
+------------------------+--------+

[INFO] <EventManager> contains 2 active terms.
+---------------------------------------+
| Active Event Terms in Mode: 'startup' |
+-------+-------------------------------+
| Index | Name                          |
+-------+-------------------------------+
|   0   | reset_base                    |
|   1   | fingertip_friction_slide      |
|   2   | fingertip_friction_spin       |
|   3   | fingertip_friction_roll       |
+-------+-------------------------------+
+-------------------------------------+
| Active Event Terms in Mode: 'reset' |
+--------+----------------------------+
| Index  | Name                       |
+--------+----------------------------+
|   0    | reset_robot_joints         |
|   1    | reset_flap_position        |
|   2    | reset_robot_fingers        |
+--------+----------------------------+
+-----------------------------+
| Domain Randomization Fields |
+--------+--------------------+
| Index  | Field Name         |
+--------+--------------------+
|   0    | geom_friction      |
+--------+--------------------+
wandb: Currently logged in as: sudhirpratapyadav (sudhirpratapyadav-indian-institute-of-technology-jodhpur) to https://api.wandb.ai. Use `wandb login --relogin` to force relogin
wandb: setting up run dmc23doh
wandb: Tracking run with wandb version 0.22.3
wandb: Run data is saved locally in /ihub/homedirs/svs_ald/sudhir/mjlab-cl15-si-20260918/wandb/run-20260918_160416-dmc23doh
wandb: Run `wandb offline` to turn off syncing.
wandb: Syncing run cl15-si-ff-s1
wandb: ⭐️ View project at https://wandb.ai/sudhirpratapyadav-indian-institute-of-technology-jodhpur/mjlab-cl15-si-20260918
wandb: 🚀 View run at https://wandb.ai/sudhirpratapyadav-indian-institute-of-technology-jodhpur/mjlab-cl15-si-20260918/runs/dmc23doh

[INFO] <CommandManager> contains 1 active terms.
+-------------------------------------+
|         Active Command Terms        |
+-------+-----------+-----------------+
| Index | Name      |       Type      |
+-------+-----------+-----------------+
|   0   | push_flap | PushFlapCommand |
+-------+-----------+-----------------+

[INFO] <ActionManager> contains 1 active terms.
+-------------------------------------+
|    Active Action Terms (shape: 8)   |
+-------+-----------------+-----------+
| Index | Name            | Dimension |
+-------+-----------------+-----------+
|   0   | robot_joint_pos |         8 |
+-------+-----------------+-----------+

[INFO] <ObservationManager> contains 2 groups.
+------------------------------------------------------------+
| Active Observation Terms in Group: 'policy' (shape: (60,)) |
+----------+------------------------------------+------------+
|  Index   | Name                               |   Shape    |
+----------+------------------------------------+------------+
|    0     | franka_shared_60_v2                |   (60,)    |
+----------+------------------------------------+------------+
+------------------------------------------------------------+
| Active Observation Terms in Group: 'critic' (shape: (60,)) |
+----------+------------------------------------+------------+
|  Index   | Name                               |   Shape    |
+----------+------------------------------------+------------+
|    0     | franka_shared_60_v2                |   (60,)    |
+----------+------------------------------------+------------+

[INFO] <TerminationManager> contains 2 active terms.
+----------------------------------------+
|        Active Termination Terms        |
+-------+---------------------+----------+
| Index | Name                | Time Out |
+-------+---------------------+----------+
|   0   | time_out            |   True   |
|   1   | ee_ground_collision |  False   |
+-------+---------------------+----------+

[INFO] <RewardManager> contains 6 active terms.
+--------------------------------------+
|         Active Reward Terms          |
+-------+---------------------+--------+
| Index | Name                | Weight |
+-------+---------------------+--------+
|   0   | reach_object        |    1.0 |
|   1   | move_object_to_goal |    1.0 |
|   2   | no_object_collision |   0.25 |
|   3   | action_rate_l2      |  -0.01 |
|   4   | joint_pos_limits    |  -10.0 |
|   5   | joint_vel_penalty   |  -0.01 |
+-------+---------------------+--------+

[INFO] <CurriculumManager> contains 1 active terms.
+----------------------------------+
|     Active Curriculum Terms      |
+-------+--------------------------+
| Index | Name                     |
+-------+--------------------------+
|   0   | joint_vel_penalty_weight |
+-------+--------------------------+

[INFO] Task 13 (PushFlap): Using environment episode length: 150 steps
[Task 13] Loading teacher from: /ihub/homedirs/svs_ald/sudhir/mjlab-cl15-si-20260918/src/mjlab/continual_distill/docs/cl_v5_si15/teacher_datasets/Mjlab_Push_Flap_Franka_model_900_20260918_154342/teacher.pkl
Setting seed: 1

+---------------------------------+
|         Base Environment        |
+------------------------+--------+
| Property               | Value  |
+------------------------+--------+
| Number of environments | 64     |
| Environment device     | cuda:0 |
| Environment seed       | 1      |
| Physics step-size      | 0.005  |
| Environment step-size  | 0.02   |
+------------------------+--------+

[INFO] <EventManager> contains 2 active terms.
+---------------------------------------+
| Active Event Terms in Mode: 'startup' |
+-------------+-------------------------+
|    Index    | Name                    |
+-------------+-------------------------+
|      0      | reset_base              |
+-------------+-------------------------+
+-------------------------------------+
| Active Event Terms in Mode: 'reset' |
+--------+----------------------------+
| Index  | Name                       |
+--------+----------------------------+
|   0    | reset_robot_joints         |
|   1    | reset_robot_fingers        |
+--------+----------------------------+

[INFO] <CommandManager> contains 1 active terms.
+----------------------------------------+
|          Active Command Terms          |
+-------+--------------+-----------------+
| Index | Name         |       Type      |
+-------+--------------+-----------------+
|   0   | reach_target | ReachingCommand |
+-------+--------------+-----------------+

[INFO] <ActionManager> contains 1 active terms.
+-------------------------------------+
|    Active Action Terms (shape: 8)   |
+-------+-----------------+-----------+
| Index | Name            | Dimension |
+-------+-----------------+-----------+
|   0   | robot_joint_pos |         8 |
+-------+-----------------+-----------+

[INFO] <ObservationManager> contains 2 groups.
+------------------------------------------------------------+
| Active Observation Terms in Group: 'policy' (shape: (60,)) |
+----------+------------------------------------+------------+
|  Index   | Name                               |   Shape    |
+----------+------------------------------------+------------+
|    0     | franka_shared_60_v2                |   (60,)    |
+----------+------------------------------------+------------+
+------------------------------------------------------------+
| Active Observation Terms in Group: 'critic' (shape: (60,)) |
+----------+------------------------------------+------------+
|  Index   | Name                               |   Shape    |
+----------+------------------------------------+------------+
|    0     | franka_shared_60_v2                |   (60,)    |
+----------+------------------------------------+------------+

[INFO] <TerminationManager> contains 1 active terms.
+-----------------------------+
|   Active Termination Terms  |
+-------+----------+----------+
| Index | Name     | Time Out |
+-------+----------+----------+
|   0   | time_out |   True   |
+-------+----------+----------+

[INFO] <RewardManager> contains 4 active terms.
+------------------------------------+
|        Active Reward Terms         |
+-------+-------------------+--------+
| Index | Name              | Weight |
+-------+-------------------+--------+
|   0   | reach_target      |    1.0 |
|   1   | action_rate_l2    |  -0.01 |
|   2   | joint_pos_limits  |  -10.0 |
|   3   | joint_vel_penalty |  -0.01 |
+-------+-------------------+--------+

[INFO] <NullCurriculumManager> (inactive)
[INFO] Task 14 (ReachTarget): Using environment episode length: 1000 steps
[Task 14] Loading teacher from: /ihub/homedirs/svs_ald/sudhir/mjlab-cl15-si-20260918/src/mjlab/continual_distill/docs/cl_v5_si15/teacher_datasets/Mjlab_Reach_Target_Franka_model_499_20260918_154243/teacher.pkl
================================================================================
Continual Policy Distillation with Synaptic Intelligence (SI) - mjlab
================================================================================
Tasks: 15 | Obs dim: 60 | Action dim: 8
Learning rate: 3e-05 | Batch size: 512
Regulariser: si | coef: 1.0 | SI epsilon: 0.001
Checkpoint directory: /ihub/homedirs/svs_ald/sudhir/mjlab-cl15-si-20260918/src/mjlab/continual_distill/docs/cl_v5_si15/results/cl15-si-ff-s1

--------------------------------------------------------------------------------
[Task 0] DragPull
Dataset folder: /ihub/homedirs/svs_ald/sudhir/mjlab-cl15-si-20260918/src/mjlab/continual_distill/docs/cl_v5_si15/teacher_datasets/Mjlab_Drag_Pull_Franka_model_1300_20260918_154414
Train samples: 122850 | Test samples: 30750

[Task 0] Initial Evaluation (Step 0 - Before Training)

####################################################################################################
### EVALUATE_ALL_TASKS_ENV CALLED ###
### Current training task: 0
### Global step: 0, Epoch: 0
### Will evaluate tasks 0 to 0 (inclusive)
####################################################################################################


  >>> Evaluating Task 0 (DragPull) in environment...

================================================================================
DEBUG EVAL START: Task 0 (DragPull) | Step 0 | Epoch 0
================================================================================
Environment info:
  num_envs: 64
  max_episode_length: 150
  episode_length_buf: [0 0 0 0 0] (first 5)
  Command 'drag_pull':
    episode_success: [0. 0. 0. 0. 0.] (first 5)
    metrics['episode_success']: [0. 0. 0. 0. 0.] (first 5)

--- TEACHER ROLLOUT START ---
Setting seed: 1
After env.reset() (Teacher):
  num_envs: 64
  episode_length to run: 150
  Teacher successes mean: 1.0000
--- TEACHER ROLLOUT END ---


--- STUDENT ROLLOUT START ---
Setting seed: 1
After env.reset():
  episode_length_buf: [0 0 0 0 0] (first 5)
  drag_pull.episode_success: [0. 0. 0. 0. 0.] (first 5)
  drag_pull.target_pos[0]: [ 5.553478 -5.43263   0.015   ]
  drag_pull.object_pos[0]: [ 5.653633 -5.154925  0.015   ]
  drag_pull.initial_goal_error[0]: 0.2952m
  Step 0: episode_length_buf=1
    drag_pull.episode_success[:5]: [0. 0. 0. 0. 0.]
  Step 75: episode_length_buf=11
    drag_pull.episode_success[:5]: [0. 0. 0. 0. 0.]
  Step 149: episode_length_buf=85
    drag_pull.episode_success[:5]: [0. 0. 0. 0. 0.]

After episode complete (step 150):
  episode_length_buf: [85  0  0  0  0] (first 5)
  terminated: [False False False False False] (first 5)
  truncated: [False  True  True  True  True] (first 5)
  drag_pull state BEFORE extraction:
    episode_success[:10]: [0. 0. 0. 0. 0. 0. 0. 0. 0. 0.]
    metrics['episode_success'][:10]: [0. 0. 0. 0. 0. 0. 0. 0. 0. 0.]
  Final student_successes (latched): [0.0, 0.0, 0.0, 0.0, 0.0, 0.0, 0.0, 0.0, 0.0, 0.0] (first 10)
  Mean: 0.0000
--- STUDENT ROLLOUT END ---


================================================================================
COMPUTED METRICS FOR TASK 0 (DragPull):
  env_loss: 11.753753
  teacher_return: 6.6781
  student_return: -6.8080
  teacher_success: 1.0000
  student_success: 0.0000
================================================================================

LOGGING TO WANDB (step 0):
  EnvEval/task_0_DragPull/ts_loss/total: 11.7538
  Rewards/task_0_DragPull: -6.8080
  Accuracy/task_0_DragPull: 0.0000
  Training/epoch: 0.0000

  >>> Task 0 (DragPull) evaluation complete!
      Student success: 0.0000

  >>> Task 1 (ToppleBlock): SKIPPED (future task)
  >>> Task 2 (ThrowToBin): SKIPPED (future task)
  >>> Task 3 (PushCuboid): SKIPPED (future task)
  >>> Task 4 (RotateValve): SKIPPED (future task)
  >>> Task 5 (OpenDrawer): SKIPPED (future task)
  >>> Task 6 (FlipSwitch): SKIPPED (future task)
  >>> Task 7 (AxialExtract): SKIPPED (future task)
  >>> Task 8 (OpenDoor): SKIPPED (future task)
  >>> Task 9 (PushButton): SKIPPED (future task)
  >>> Task 10 (OpenLid): SKIPPED (future task)
  >>> Task 11 (SlideWindow): SKIPPED (future task)
  >>> Task 12 (TurnLever): SKIPPED (future task)
  >>> Task 13 (PushFlap): SKIPPED (future task)
  >>> Task 14 (ReachTarget): SKIPPED (future task)

####################################################################################################
### EVALUATE_ALL_TASKS_ENV COMPLETE ###
####################################################################################################

      EnvEval | Evaluated all tasks 0-0 at step 0

[Task 0] Starting Training
    Epoch 0020 | Task 0 | KL(train) = 0.137866 | KL(test) = 0.086492
    Epoch 0040 | Task 0 | KL(train) = 0.067618 | KL(test) = 0.049838
    Epoch 0060 | Task 0 | KL(train) = 0.042944 | KL(test) = 0.036406
    Epoch 0080 | Task 0 | KL(train) = 0.034015 | KL(test) = 0.031120
    Epoch 0100 | Task 0 | KL(train) = 0.026422 | KL(test) = 0.026734

####################################################################################################
### EVALUATE_ALL_TASKS_ENV CALLED ###
### Current training task: 0
### Global step: 23900, Epoch: 100
### Will evaluate tasks 0 to 0 (inclusive)
####################################################################################################


  >>> Evaluating Task 0 (DragPull) in environment...

================================================================================
DEBUG EVAL START: Task 0 (DragPull) | Step 23900 | Epoch 100
================================================================================
Environment info:
  num_envs: 64
  max_episode_length: 150
  episode_length_buf: [85  0  0  0  0] (first 5)
  Command 'drag_pull':
    episode_success: [0. 0. 0. 0. 0.] (first 5)
    metrics['episode_success']: [0. 0. 0. 0. 0.] (first 5)

--- TEACHER ROLLOUT START ---
Setting seed: 100
After env.reset() (Teacher):
  num_envs: 64
  episode_length to run: 150
  Teacher successes mean: 0.9844
--- TEACHER ROLLOUT END ---


--- STUDENT ROLLOUT START ---
Setting seed: 100
After env.reset():
  episode_length_buf: [0 0 0 0 0] (first 5)
  drag_pull.episode_success: [0. 0. 0. 0. 0.] (first 5)
  drag_pull.target_pos[0]: [ 5.554359 -5.171592  0.015   ]
  drag_pull.object_pos[0]: [ 5.631687 -5.216631  0.015   ]
  drag_pull.initial_goal_error[0]: 0.0895m
  Step 0: episode_length_buf=1
    drag_pull.episode_success[:5]: [0. 0. 0. 0. 0.]
  Step 75: episode_length_buf=76
    drag_pull.episode_success[:5]: [1. 1. 1. 1. 1.]
  Step 149: episode_length_buf=0
    drag_pull.episode_success[:5]: [0. 0. 0. 0. 0.]

After episode complete (step 150):
  episode_length_buf: [0 0 0 0 0] (first 5)
  terminated: [False False False False False] (first 5)
  truncated: [ True  True  True  True  True] (first 5)
  drag_pull state BEFORE extraction:
    episode_success[:10]: [0. 0. 0. 0. 0. 0. 0. 0. 0. 0.]
    metrics['episode_success'][:10]: [0. 0. 0. 0. 0. 0. 0. 0. 0. 0.]
  Final student_successes (latched): [1.0, 1.0, 1.0, 1.0, 1.0, 1.0, 1.0, 1.0, 1.0, 1.0] (first 10)
  Mean: 1.0000
--- STUDENT ROLLOUT END ---


================================================================================
COMPUTED METRICS FOR TASK 0 (DragPull):
  env_loss: 0.048667
  teacher_return: 6.6715
  student_return: 6.6454
  teacher_success: 0.9844
  student_success: 1.0000
================================================================================

LOGGING TO WANDB (step 23900):
  EnvEval/task_0_DragPull/ts_loss/total: 0.0487
  Rewards/task_0_DragPull: 6.6454
  Accuracy/task_0_DragPull: 1.0000
  Training/epoch: 100.0000

  >>> Task 0 (DragPull) evaluation complete!
      Student success: 1.0000

  >>> Task 1 (ToppleBlock): SKIPPED (future task)
  >>> Task 2 (ThrowToBin): SKIPPED (future task)
  >>> Task 3 (PushCuboid): SKIPPED (future task)
  >>> Task 4 (RotateValve): SKIPPED (future task)
  >>> Task 5 (OpenDrawer): SKIPPED (future task)
  >>> Task 6 (FlipSwitch): SKIPPED (future task)
  >>> Task 7 (AxialExtract): SKIPPED (future task)
  >>> Task 8 (OpenDoor): SKIPPED (future task)
  >>> Task 9 (PushButton): SKIPPED (future task)
  >>> Task 10 (OpenLid): SKIPPED (future task)
  >>> Task 11 (SlideWindow): SKIPPED (future task)
  >>> Task 12 (TurnLever): SKIPPED (future task)
  >>> Task 13 (PushFlap): SKIPPED (future task)
  >>> Task 14 (ReachTarget): SKIPPED (future task)

####################################################################################################
### EVALUATE_ALL_TASKS_ENV COMPLETE ###
####################################################################################################

      EnvEval | Evaluated all tasks 0-0
    Saved checkpoint: /ihub/homedirs/svs_ald/sudhir/mjlab-cl15-si-20260918/src/mjlab/continual_distill/docs/cl_v5_si15/results/cl15-si-ff-s1/checkpoint_task0_epoch100_step23900.pkl
    Epoch 0120 | Task 0 | KL(train) = 0.023057 | KL(test) = 0.024447
    Epoch 0140 | Task 0 | KL(train) = 0.024073 | KL(test) = 0.026690
    Epoch 0160 | Task 0 | KL(train) = 0.016315 | KL(test) = 0.019748
    Epoch 0180 | Task 0 | KL(train) = 0.016266 | KL(test) = 0.020277
    Epoch 0200 | Task 0 | KL(train) = 0.013893 | KL(test) = 0.016626

####################################################################################################
### EVALUATE_ALL_TASKS_ENV CALLED ###
### Current training task: 0
### Global step: 47800, Epoch: 200
### Will evaluate tasks 0 to 0 (inclusive)
####################################################################################################


  >>> Evaluating Task 0 (DragPull) in environment...

================================================================================
DEBUG EVAL START: Task 0 (DragPull) | Step 47800 | Epoch 200
================================================================================
Environment info:
  num_envs: 64
  max_episode_length: 150
  episode_length_buf: [0 0 0 0 0] (first 5)
  Command 'drag_pull':
    episode_success: [0. 0. 0. 0. 0.] (first 5)
    metrics['episode_success']: [0. 0. 0. 0. 0.] (first 5)

--- TEACHER ROLLOUT START ---
Setting seed: 200
After env.reset() (Teacher):
  num_envs: 64
  episode_length to run: 150
  Teacher successes mean: 0.9688
--- TEACHER ROLLOUT END ---


--- STUDENT ROLLOUT START ---
Setting seed: 200
After env.reset():
  episode_length_buf: [0 0 0 0 0] (first 5)
  drag_pull.episode_success: [0. 0. 0. 0. 0.] (first 5)
  drag_pull.target_pos[0]: [ 5.551407 -5.439677  0.015   ]
  drag_pull.object_pos[0]: [ 5.6474395 -5.1784296  0.015    ]
  drag_pull.initial_goal_error[0]: 0.2783m
  Step 0: episode_length_buf=1
    drag_pull.episode_success[:5]: [0. 0. 0. 0. 0.]
  Step 75: episode_length_buf=76
    drag_pull.episode_success[:5]: [1. 1. 1. 1. 1.]
  Step 149: episode_length_buf=0
    drag_pull.episode_success[:5]: [0. 0. 0. 0. 0.]

After episode complete (step 150):
  episode_length_buf: [0 0 0 0 0] (first 5)
  terminated: [False False False False False] (first 5)
  truncated: [ True  True  True  True  True] (first 5)
  drag_pull state BEFORE extraction:
    episode_success[:10]: [0. 0. 0. 0. 0. 0. 0. 0. 0. 0.]
    metrics['episode_success'][:10]: [0. 0. 0. 0. 0. 0. 0. 0. 0. 0.]
  Final student_successes (latched): [1.0, 1.0, 1.0, 1.0, 1.0, 1.0, 1.0, 1.0, 1.0, 1.0] (first 10)
  Mean: 0.9844
--- STUDENT ROLLOUT END ---


================================================================================
COMPUTED METRICS FOR TASK 0 (DragPull):
  env_loss: 0.044625
  teacher_return: 6.5953
  student_return: 6.4917
  teacher_success: 0.9688
  student_success: 0.9844
================================================================================

LOGGING TO WANDB (step 47800):
  EnvEval/task_0_DragPull/ts_loss/total: 0.0446
  Rewards/task_0_DragPull: 6.4917
  Accuracy/task_0_DragPull: 0.9844
  Training/epoch: 200.0000

  >>> Task 0 (DragPull) evaluation complete!
      Student success: 0.9844

  >>> Task 1 (ToppleBlock): SKIPPED (future task)
  >>> Task 2 (ThrowToBin): SKIPPED (future task)
  >>> Task 3 (PushCuboid): SKIPPED (future task)
  >>> Task 4 (RotateValve): SKIPPED (future task)
  >>> Task 5 (OpenDrawer): SKIPPED (future task)
  >>> Task 6 (FlipSwitch): SKIPPED (future task)
  >>> Task 7 (AxialExtract): SKIPPED (future task)
  >>> Task 8 (OpenDoor): SKIPPED (future task)
  >>> Task 9 (PushButton): SKIPPED (future task)
  >>> Task 10 (OpenLid): SKIPPED (future task)
  >>> Task 11 (SlideWindow): SKIPPED (future task)
  >>> Task 12 (TurnLever): SKIPPED (future task)
  >>> Task 13 (PushFlap): SKIPPED (future task)
  >>> Task 14 (ReachTarget): SKIPPED (future task)

####################################################################################################
### EVALUATE_ALL_TASKS_ENV COMPLETE ###
####################################################################################################

      EnvEval | Evaluated all tasks 0-0
    Saved checkpoint: /ihub/homedirs/svs_ald/sudhir/mjlab-cl15-si-20260918/src/mjlab/continual_distill/docs/cl_v5_si15/results/cl15-si-ff-s1/checkpoint_task0_epoch200_step47800.pkl
    Epoch 0220 | Task 0 | KL(train) = 0.010728 | KL(test) = 0.015335
    Epoch 0240 | Task 0 | KL(train) = 0.012895 | KL(test) = 0.018403
    Epoch 0260 | Task 0 | KL(train) = 0.012741 | KL(test) = 0.015880
    Epoch 0280 | Task 0 | KL(train) = 0.009998 | KL(test) = 0.014604
    Epoch 0300 | Task 0 | KL(train) = 0.010846 | KL(test) = 0.015516

####################################################################################################
### EVALUATE_ALL_TASKS_ENV CALLED ###
### Current training task: 0
### Global step: 71700, Epoch: 300
### Will evaluate tasks 0 to 0 (inclusive)
####################################################################################################


  >>> Evaluating Task 0 (DragPull) in environment...

================================================================================
DEBUG EVAL START: Task 0 (DragPull) | Step 71700 | Epoch 300
================================================================================
Environment info:
  num_envs: 64
  max_episode_length: 150
  episode_length_buf: [0 0 0 0 0] (first 5)
  Command 'drag_pull':
    episode_success: [0. 0. 0. 0. 0.] (first 5)
    metrics['episode_success']: [0. 0. 0. 0. 0.] (first 5)

--- TEACHER ROLLOUT START ---
Setting seed: 300
After env.reset() (Teacher):
  num_envs: 64
  episode_length to run: 150
  Teacher successes mean: 0.9531
--- TEACHER ROLLOUT END ---


--- STUDENT ROLLOUT START ---
Setting seed: 300
After env.reset():
  episode_length_buf: [0 0 0 0 0] (first 5)
  drag_pull.episode_success: [0. 0. 0. 0. 0.] (first 5)
  drag_pull.target_pos[0]: [ 5.5662293 -5.447452   0.015    ]
  drag_pull.object_pos[0]: [ 5.658704  -5.0599966  0.015    ]
  drag_pull.initial_goal_error[0]: 0.3983m
  Step 0: episode_length_buf=1
    drag_pull.episode_success[:5]: [0. 0. 0. 0. 0.]
  Step 75: episode_length_buf=76
    drag_pull.episode_success[:5]: [0. 1. 1. 1. 1.]
  Step 149: episode_length_buf=0
    drag_pull.episode_success[:5]: [0. 0. 0. 0. 0.]

After episode complete (step 150):
  episode_length_buf: [0 0 0 0 0] (first 5)
  terminated: [False False False False False] (first 5)
  truncated: [ True  True  True  True  True] (first 5)
  drag_pull state BEFORE extraction:
    episode_success[:10]: [0. 0. 0. 0. 0. 0. 0. 0. 0. 0.]
    metrics['episode_success'][:10]: [0. 0. 0. 0. 0. 0. 0. 0. 0. 0.]
  Final student_successes (latched): [0.0, 1.0, 1.0, 1.0, 1.0, 1.0, 1.0, 1.0, 1.0, 1.0] (first 10)
  Mean: 0.9688
--- STUDENT ROLLOUT END ---


================================================================================
COMPUTED METRICS FOR TASK 0 (DragPull):
  env_loss: 0.041803
  teacher_return: 6.3551
  student_return: 6.4420
  teacher_success: 0.9531
  student_success: 0.9688
================================================================================

LOGGING TO WANDB (step 71700):
  EnvEval/task_0_DragPull/ts_loss/total: 0.0418
  Rewards/task_0_DragPull: 6.4420
  Accuracy/task_0_DragPull: 0.9688
  Training/epoch: 300.0000

  >>> Task 0 (DragPull) evaluation complete!
      Student success: 0.9688

  >>> Task 1 (ToppleBlock): SKIPPED (future task)
  >>> Task 2 (ThrowToBin): SKIPPED (future task)
  >>> Task 3 (PushCuboid): SKIPPED (future task)
  >>> Task 4 (RotateValve): SKIPPED (future task)
  >>> Task 5 (OpenDrawer): SKIPPED (future task)
  >>> Task 6 (FlipSwitch): SKIPPED (future task)
  >>> Task 7 (AxialExtract): SKIPPED (future task)
  >>> Task 8 (OpenDoor): SKIPPED (future task)
  >>> Task 9 (PushButton): SKIPPED (future task)
  >>> Task 10 (OpenLid): SKIPPED (future task)
  >>> Task 11 (SlideWindow): SKIPPED (future task)
  >>> Task 12 (TurnLever): SKIPPED (future task)
  >>> Task 13 (PushFlap): SKIPPED (future task)
  >>> Task 14 (ReachTarget): SKIPPED (future task)

####################################################################################################
### EVALUATE_ALL_TASKS_ENV COMPLETE ###
####################################################################################################

      EnvEval | Evaluated all tasks 0-0
    Saved checkpoint: /ihub/homedirs/svs_ald/sudhir/mjlab-cl15-si-20260918/src/mjlab/continual_distill/docs/cl_v5_si15/results/cl15-si-ff-s1/checkpoint_task0_epoch300_step71700.pkl
    Epoch 0320 | Task 0 | KL(train) = 0.011718 | KL(test) = 0.016766
    Epoch 0340 | Task 0 | KL(train) = 0.011215 | KL(test) = 0.016484
    Epoch 0360 | Task 0 | KL(train) = 0.009608 | KL(test) = 0.015959
    Epoch 0380 | Task 0 | KL(train) = 0.007511 | KL(test) = 0.013066
    Epoch 0400 | Task 0 | KL(train) = 0.008186 | KL(test) = 0.014072

####################################################################################################
### EVALUATE_ALL_TASKS_ENV CALLED ###
### Current training task: 0
### Global step: 95600, Epoch: 400
### Will evaluate tasks 0 to 0 (inclusive)
####################################################################################################
