# generated by mjlab asset_pipeline; 10490 faces
mtllib cylinder_vis.mtl
v -0.004733 0.012945 -0.026053
v -0.005086 0.013258 -0.025701
v -0.003847 0.013627 -0.025760
v -0.005610 0.013466 -0.025192
v -0.003655 0.014068 -0.025353
v -0.005581 0.013671 -0.024737
v -0.003723 0.014252 -0.024875
v -0.002853 0.013461 -0.026028
v -0.003570 0.012692 -0.026220
v -0.002276 0.014101 -0.025602
v -0.001279 0.013418 -0.026154
v -0.001659 0.012710 -0.026248
v -0.002820 0.014344 -0.025144
v -0.001390 0.013753 -0.025984
v -0.005706 0.013691 -0.024455
v -0.004165 0.014232 -0.024235
v -0.004878 0.014053 -0.022992
v -0.001895 0.014734 -0.023814
v -0.002367 0.014586 -0.024647
v -0.003316 0.014474 -0.024069
v -0.003100 0.014525 -0.022898
v -0.004170 0.014215 -0.022691
v -0.003808 0.014379 -0.021912
v -0.004680 0.014146 -0.022334
v -0.001055 0.014568 -0.025117
v -0.000707 0.014278 -0.025566
v -0.001280 0.014728 -0.024496
v 0.000172 0.014624 -0.025026
v -0.000176 0.014801 -0.024438
v -0.000506 0.014830 -0.023513
v -0.014026 0.000811 -0.025849
v -0.014026 0.000811 -0.025849
v -0.014496 0.000332 -0.025293
v -0.014342 0.001147 -0.025409
v -0.013681 0.000553 -0.026129
v -0.013430 0.002506 -0.026076
v -0.013430 0.002506 -0.026076
v -0.013074 0.002199 -0.026240
v -0.013042 0.000803 -0.026326
v -0.012518 0.001743 -0.026315
v -0.012625 -0.001813 -0.026401
v -0.011452 0.002643 -0.026231
v -0.011351 -0.000105 -0.026319
v -0.014412 -0.000294 -0.025479
v -0.014412 -0.000294 -0.025479
v -0.014724 0.000243 -0.024754
v -0.014615 -0.000672 -0.025040
v -0.014716 -0.001210 -0.024576
v -0.014492 -0.001972 -0.025188
v -0.014492 -0.001972 -0.025188
v -0.013388 -0.000999 -0.026291
v -0.013873 -0.000932 -0.026010
v -0.014166 -0.001504 -0.025754
v -0.013691 -0.002788 -0.026035
v -0.014353 -0.003260 -0.024984
v -0.014353 -0.003260 -0.024984
v -0.014632 -0.002088 -0.024619
v -0.014190 -0.002848 -0.025489
v -0.013697 -0.004283 -0.025631
v -0.013895 -0.004848 -0.025065
v -0.013895 -0.004848 -0.025065
v -0.014397 -0.003408 -0.024676
v -0.014397 -0.003408 -0.024676
v -0.014397 -0.003408 -0.024676
v -0.013060 -0.003553 -0.026265
v -0.012795 -0.002575 -0.026363
v -0.011087 -0.004021 -0.026307
v -0.012990 -0.004875 -0.026090
v -0.012345 -0.004794 -0.026337
v -0.009982 -0.001273 -0.026332
v -0.008453 -0.003865 -0.026300
v -0.011276 -0.006222 -0.026343
v -0.009850 -0.006549 -0.026259
v -0.008046 -0.006046 -0.026290
v -0.007285 -0.005448 -0.026242
v -0.012775 0.007540 -0.024447
v -0.013256 0.006054 -0.025185
v -0.013641 0.005653 -0.024645
v -0.011360 0.009668 -0.023199
v -0.011954 0.008891 -0.023823
v -0.012165 0.008559 -0.022900
v -0.012562 0.008030 -0.023792
v -0.011741 0.008980 -0.024707
v -0.012960 0.007343 -0.023968
v -0.013528 0.006090 -0.024226
v -0.013601 0.006114 -0.022897
v -0.012682 0.007828 -0.022510
v -0.013207 0.006904 -0.022772
v -0.013316 0.006849 -0.022018
v -0.011694 0.009211 -0.022545
v -0.012427 0.008363 -0.021645
v -0.011385 0.009631 -0.021246
v -0.011135 0.009841 -0.022382
v -0.010878 0.010244 -0.021985
v -0.011799 0.009144 -0.020526
v -0.012872 0.007685 -0.021021
v -0.013362 0.006711 -0.019696
v -0.012876 0.007768 -0.019910
v -0.012245 0.008559 -0.020677
v -0.010842 0.010247 -0.020424
v -0.011508 0.009405 -0.019716
v -0.012243 0.008557 -0.019555
v -0.012223 0.008599 -0.018328
v -0.013067 0.007205 -0.018518
v -0.012633 0.007954 -0.017404
v -0.013460 0.005537 -0.025089
v -0.013857 0.004560 -0.025035
v -0.014038 0.004627 -0.024417
v -0.014120 0.003231 -0.025242
v -0.014300 0.003391 -0.024748
v -0.014331 0.003978 -0.023805
v -0.014005 0.005112 -0.023472
v -0.014486 0.002693 -0.024658
v -0.014579 0.002955 -0.023519
v -0.014734 0.001492 -0.024202
v -0.014648 0.002880 -0.022726
v -0.014869 0.001158 -0.022636
v -0.014116 0.004732 -0.022792
v -0.013948 0.005351 -0.022167
v -0.013691 0.006062 -0.022159
v -0.014485 0.003815 -0.021631
v -0.014373 0.004242 -0.020734
v -0.014739 0.002456 -0.021473
v -0.014736 0.002858 -0.020902
v -0.014841 -0.000227 -0.023875
v -0.014865 0.000177 -0.022853
v -0.014828 -0.000996 -0.023095
v -0.014908 0.000158 -0.022067
v -0.014906 0.001506 -0.021357
v -0.014927 0.000775 -0.021124
v -0.014867 0.000100 -0.021365
v -0.014909 0.000246 -0.020741
v -0.014903 -0.000326 -0.021194
v -0.014854 -0.001509 -0.021221
v -0.014907 0.001464 -0.020276
v -0.014930 -0.000384 -0.020332
v -0.014879 -0.000104 -0.019556
v -0.014888 -0.001094 -0.022333
v -0.014853 -0.001431 -0.019712
v -0.014890 -0.000626 -0.019055
v -0.014687 -0.002642 -0.020575
v -0.014648 -0.002827 -0.018789
v -0.013953 0.005449 -0.020354
v -0.013655 0.005982 -0.019010
v -0.014082 0.004955 -0.019079
v -0.014456 0.004045 -0.020122
v -0.014759 0.002572 -0.019687
v -0.014582 0.003226 -0.019107
v -0.014364 0.004098 -0.019053
v -0.014503 0.003556 -0.018287
v -0.014685 0.002882 -0.018379
v -0.014393 0.003858 -0.015718
v -0.014215 0.004610 -0.017196
v -0.014449 0.003623 -0.016869
v -0.012926 0.007391 -0.019046
v -0.013545 0.006277 -0.018237
v -0.013897 0.005516 -0.018042
v -0.013580 0.006175 -0.016921
v -0.014460 0.003980 -0.018322
v -0.014422 0.003835 -0.017528
v -0.014663 0.002718 -0.017755
v -0.014542 0.003436 -0.017127
v -0.013915 0.005340 -0.016108
v -0.014782 0.001956 -0.019003
v -0.014901 0.000498 -0.019184
v -0.014829 0.001562 -0.017929
v -0.014871 0.000355 -0.018766
v -0.014795 0.000004 -0.019050
v -0.014867 -0.000335 -0.018229
v -0.014911 0.000185 -0.017730
v -0.014855 -0.000783 -0.016162
v -0.014794 -0.001791 -0.018221
v -0.014677 0.002807 -0.016370
v -0.014714 0.002244 -0.015382
v -0.014835 0.000692 -0.016184
v -0.014787 0.001407 -0.015462
v -0.014854 0.000295 -0.015592
v -0.014811 0.000322 -0.014490
v -0.014793 -0.000777 -0.015151
v -0.010184 0.009417 -0.025903
v -0.010184 0.009417 -0.025903
v -0.010246 0.010127 -0.025469
v -0.009156 0.010443 -0.025950
v -0.009156 0.010443 -0.025950
v -0.010578 0.010345 -0.024607
v -0.011191 0.009760 -0.024297
v -0.010167 0.010867 -0.024092
v -0.009008 0.011681 -0.024757
v -0.009304 0.011196 -0.025214
v -0.009655 0.011184 -0.024706
v -0.008525 0.011524 -0.025566
v -0.008525 0.011524 -0.025566
v -0.010410 0.010207 -0.025210
v -0.007230 0.012453 -0.025506
v -0.008066 0.011446 -0.025877
v -0.006642 0.012296 -0.025896
v -0.008172 0.010964 -0.026058
v -0.006224 0.011947 -0.026161
v -0.009035 0.009954 -0.026136
v -0.007356 0.010709 -0.026211
v -0.008792 0.009476 -0.026180
v -0.008613 0.011824 -0.025122
v -0.006650 0.009854 -0.026180
v -0.007896 0.008689 -0.026068
v -0.010885 0.008385 -0.025932
v -0.010885 0.008385 -0.025932
v -0.011981 0.006371 -0.025978
v -0.011981 0.006371 -0.025978
v -0.012060 0.007196 -0.025717
v -0.010416 0.008240 -0.026083
v -0.011179 0.006713 -0.026091
v -0.012984 0.004438 -0.025963
v -0.012763 0.003916 -0.026134
v -0.012763 0.003916 -0.026134
v -0.011885 0.005557 -0.026081
v -0.012534 0.007656 -0.024915
v -0.012991 0.006522 -0.025140
v -0.011910 0.008220 -0.025237
v -0.012909 0.005894 -0.025574
v -0.011482 0.005332 -0.026065
v -0.010125 0.007884 -0.026089
v -0.010741 0.006711 -0.026057
v -0.009754 0.007208 -0.025942
v -0.010607 0.005569 -0.025923
v -0.011426 0.008951 -0.025252
v -0.011162 0.008666 -0.025653
v -0.009201 0.008119 -0.026048
v -0.009030 0.007367 -0.025825
v -0.009515 0.006570 -0.025663
v -0.009278 0.006308 -0.025642
v -0.008691 0.006610 -0.025770
v -0.008459 0.007874 -0.025925
v -0.007173 0.007543 -0.026087
v -0.010432 0.006032 -0.025893
v -0.009883 0.005841 -0.025650
v -0.009757 0.005561 -0.025603
v -0.009321 0.005230 -0.025644
v -0.008697 0.005509 -0.025733
v -0.008889 0.004955 -0.025735
v -0.005340 0.011704 -0.026235
v -0.004552 0.008863 -0.026277
v -0.006286 0.007285 -0.026222
v -0.002660 0.011352 -0.026206
v -0.004152 0.008186 -0.026265
v -0.002442 0.008687 -0.026230
v -0.003704 0.007640 -0.026135
v -0.007062 0.004680 -0.026079
v -0.007920 0.003602 -0.026059
v -0.007961 0.004564 -0.026051
v -0.007314 0.005795 -0.026094
v -0.005992 0.006592 -0.026204
v -0.006625 0.006055 -0.026147
v -0.006221 0.005436 -0.025990
v -0.006362 0.003333 -0.025531
v -0.007324 0.003604 -0.025975
v -0.005139 0.006543 -0.026041
v -0.003807 0.006807 -0.025878
v -0.004407 0.006000 -0.025672
v -0.003192 0.006567 -0.025638
v -0.003886 0.005520 -0.025448
v -0.005636 0.004026 -0.025469
v -0.004871 0.005186 -0.025525
v -0.005014 0.003892 -0.025346
v -0.002885 0.004885 -0.025307
v -0.003393 0.001782 -0.025234
v -0.008896 0.011958 -0.023804
v -0.009900 0.011148 -0.022491
v -0.010556 0.010505 -0.022824
v -0.009243 0.011669 -0.022062
v -0.007997 0.012567 -0.022607
v -0.007593 0.012482 -0.025185
v -0.007926 0.012478 -0.024630
v -0.008039 0.012552 -0.023797
v -0.006919 0.013098 -0.024537
v -0.005943 0.012744 -0.025813
v -0.006217 0.013315 -0.024939
v -0.006917 0.013198 -0.023693
v -0.010200 0.010859 -0.021457
v -0.009658 0.011364 -0.020603
v -0.007901 0.012647 -0.022207
v -0.008833 0.012013 -0.019791
v -0.009701 0.011312 -0.020128
v -0.008227 0.012418 -0.020935
v -0.006653 0.013290 -0.022347
v -0.005524 0.013800 -0.023319
v -0.006548 0.013420 -0.021612
v -0.005540 0.013852 -0.021861
v -0.009932 0.011184 -0.019619
v -0.002386 0.009852 -0.026266
v -0.013391 0.003207 -0.025980
v -0.013660 0.003922 -0.025579
v -0.011976 0.004498 -0.026181
v -0.013972 0.002747 -0.025585
v -0.014287 0.002482 -0.025212
v -0.014568 0.001465 -0.024895
v -0.010958 0.003763 -0.026181
v -0.009614 0.003394 -0.026216
v -0.009445 0.002259 -0.026284
v -0.010561 0.004140 -0.026092
v -0.014715 -0.001836 -0.023952
v -0.014547 -0.003019 -0.023009
v -0.014772 -0.001976 -0.022137
v -0.014634 -0.003070 -0.021622
v -0.014467 -0.003653 -0.022210
v -0.014734 -0.002068 -0.021342
v -0.008331 0.003188 -0.026161
v -0.009092 0.003739 -0.026074
v -0.008564 0.004045 -0.026028
v -0.008444 0.001961 -0.026176
v -0.009165 0.000732 -0.026273
v -0.007727 0.002868 -0.026007
v -0.007087 0.001928 -0.025609
v -0.008388 0.000629 -0.026081
v -0.008872 -0.002053 -0.026270
v -0.008372 -0.001982 -0.026166
v -0.007484 0.000322 -0.025667
v -0.006705 0.000371 -0.025413
v -0.006800 -0.000832 -0.025505
v -0.007295 -0.001448 -0.025708
v -0.005426 -0.000677 -0.025348
v -0.005712 -0.002090 -0.025401
v -0.006111 0.002133 -0.025372
v -0.005798 0.000777 -0.025312
v -0.004114 0.000442 -0.025217
v -0.006328 -0.003365 -0.025613
v -0.007393 -0.004275 -0.026155
v -0.002209 0.014660 -0.021637
v -0.002879 0.014504 -0.020915
v -0.002901 0.014547 -0.019854
v -0.001272 0.014775 -0.021580
v 0.000825 0.014791 -0.022685
v -0.001711 0.014739 -0.019239
v -0.000130 0.014719 -0.022183
v 0.000348 0.014867 -0.021030
v -0.000457 0.014746 -0.020622
v -0.001146 0.014770 -0.019147
v -0.000396 0.014725 -0.019510
v 0.000915 0.014890 -0.021586
v 0.000133 0.014755 -0.020127
v 0.001016 0.014881 -0.020033
v -0.000018 0.014718 -0.017723
v -0.010707 0.010348 -0.017862
v -0.010837 0.010261 -0.019334
v -0.011809 0.009074 -0.017461
v -0.009851 0.011186 -0.016754
v -0.009940 0.011118 -0.018701
v -0.010507 0.010477 -0.016945
v -0.011879 0.009076 -0.018486
v -0.012495 0.008116 -0.016493
v -0.011160 0.009865 -0.016457
v -0.011983 0.008870 -0.016036
v -0.011431 0.009522 -0.015554
v -0.010369 0.010655 -0.016014
v -0.009851 0.011078 -0.014267
v -0.009188 0.011652 -0.015186
v -0.008711 0.012089 -0.016132
v -0.010648 0.010370 -0.014275
v -0.012245 0.008416 -0.015138
v -0.011468 0.009512 -0.012800
v -0.011660 0.009215 -0.014471
v -0.011685 0.009204 -0.013529
v -0.009321 0.011615 -0.014013
v -0.008388 0.012267 -0.014887
v -0.007846 0.012601 -0.012451
v -0.008253 0.012356 -0.013498
v -0.008749 0.011993 -0.012547
v -0.013399 0.006548 -0.015646
v -0.013077 0.007035 -0.014975
v -0.012808 0.007612 -0.015551
v -0.014235 0.004253 -0.015043
v -0.012815 0.007598 -0.013885
v -0.012417 0.008184 -0.014320
v -0.013110 0.007040 -0.014121
v -0.012812 0.007483 -0.013467
v -0.012395 0.008152 -0.013380
v -0.012100 0.008722 -0.013500
v -0.013428 0.006362 -0.013788
v -0.013834 0.005502 -0.014281
v -0.014040 0.004840 -0.013405
v -0.013338 0.006442 -0.013227
v -0.014461 0.003282 -0.013240
v -0.014352 0.003927 -0.014236
v -0.014808 0.001610 -0.014333
v -0.014860 -0.000168 -0.013706
v -0.014849 -0.000780 -0.014416
v -0.014811 0.000446 -0.013020
v -0.014736 0.001777 -0.011326
v -0.014562 0.002821 -0.011086
v -0.014533 0.002750 -0.012014
v -0.014765 0.001724 -0.010666
v -0.014838 0.000418 -0.011182
v -0.014119 0.004469 -0.006635
v -0.014375 0.003624 -0.007242
v -0.014381 0.003389 -0.006079
v -0.012126 0.008693 -0.012706
v -0.011254 0.009735 -0.012111
v -0.011782 0.009018 -0.011006
v -0.012186 0.008487 -0.011418
v -0.012259 0.008488 -0.010075
v -0.012714 0.007674 -0.011197
v -0.013312 0.006544 -0.010385
v -0.013322 0.006583 -0.011882
v -0.013708 0.005630 -0.010653
v -0.011573 0.009280 -0.009218
v -0.011056 0.009871 -0.010500
v -0.011693 0.009211 -0.009794
v -0.010880 0.010129 -0.009428
v -0.010625 0.010349 -0.010153
v -0.010781 0.010151 -0.008534
v -0.012566 0.007993 -0.009222
v -0.012066 0.008522 -0.008267
v -0.012334 0.008180 -0.007723
v -0.013798 0.005510 -0.011511
v -0.014243 0.004215 -0.010732
v -0.014477 0.003304 -0.010981
v -0.014564 0.002919 -0.009783
v -0.014402 0.003711 -0.009167
v -0.014794 0.000832 -0.008319
v -0.014661 0.002195 -0.007974
v -0.014170 0.004370 -0.008019
v -0.013769 0.005458 -0.007128
v -0.014456 0.003178 -0.008214
v -0.007401 0.012951 -0.020363
v -0.008221 0.012448 -0.019503
v -0.006032 0.013641 -0.019968
v -0.004372 0.014258 -0.020048
v -0.007280 0.013016 -0.017660
v -0.007623 0.012816 -0.016963
v -0.006572 0.013343 -0.017626
v -0.008211 0.012383 -0.016753
v -0.008589 0.012198 -0.017468
v -0.007974 0.012656 -0.018429
v -0.007567 0.012849 -0.015925
v -0.005710 0.013796 -0.016408
v -0.009279 0.011738 -0.018515
v -0.003804 0.014421 -0.020645
v -0.003972 0.014350 -0.019378
v -0.003198 0.014486 -0.018779
v -0.002070 0.014730 -0.017119
v -0.006256 0.013491 -0.015651
v -0.006730 0.013289 -0.015403
v -0.007076 0.013011 -0.014718
v -0.005557 0.013760 -0.015241
v -0.006292 0.013445 -0.012226
v -0.005146 0.013958 -0.012472
v -0.006484 0.013344 -0.012914
v -0.004974 0.013995 -0.012042
v -0.006588 0.013250 -0.011384
v -0.002851 0.014613 -0.012786
v -0.003608 0.014489 -0.013439
v -0.003308 0.014564 -0.012976
v -0.003494 0.014458 -0.012450
v -0.007326 0.012938 -0.012317
v -0.007663 0.012688 -0.011502
v -0.006911 0.013140 -0.010517
v -0.000672 0.014793 -0.016143
v -0.003137 0.014524 -0.016168
v -0.003314 0.014473 -0.017294
v -0.001728 0.014753 -0.015206
v -0.000660 0.014825 -0.015206
v -0.002245 0.014687 -0.013600
v -0.003336 0.014574 -0.015018
v -0.000742 0.014816 -0.012931
v -0.000372 0.014801 -0.014094
v -0.010188 0.010730 -0.006927
v -0.009887 0.010992 -0.008441
v -0.010344 0.010639 -0.007992
v -0.009407 0.011408 -0.007861
v -0.008444 0.012209 -0.009607
v -0.008400 0.012191 -0.008915
v -0.007038 0.013035 -0.009511
v -0.007150 0.013001 -0.008803
v -0.006450 0.013294 -0.008469
v -0.008107 0.012397 -0.007838
v -0.009168 0.011611 -0.006504
v -0.009250 0.011507 -0.005802
v -0.007022 0.012988 -0.007475
v -0.008039 0.012403 -0.006609
v -0.007358 0.012872 -0.006615
v -0.006466 0.013331 -0.007019
v -0.007223 0.012906 -0.005102
v -0.008330 0.012216 -0.005318
v -0.008802 0.011896 -0.003129
v -0.008506 0.012000 -0.004604
v -0.009038 0.011659 -0.003462
v -0.006268 0.013387 -0.005505
v -0.006203 0.013431 -0.004429
v -0.005561 0.013692 -0.005793
v -0.005203 0.013874 -0.005422
v -0.007759 0.012603 -0.003686
v -0.005205 0.013812 -0.003396
v -0.006286 0.013406 -0.003544
v -0.004462 0.014150 -0.002917
v -0.005770 0.013604 -0.002033
v -0.006485 0.013275 -0.002840
v -0.007778 0.012526 -0.001827
v -0.006751 0.013183 -0.002156
v -0.006761 0.013129 -0.001560
v -0.003689 0.014344 -0.002197
v -0.013757 0.005375 -0.005480
v -0.013468 0.006104 -0.006412
v -0.013294 0.006546 -0.005976
v -0.013541 0.005916 -0.004489
v -0.014273 0.003910 -0.005143
v -0.014537 0.002587 -0.004538
v -0.014283 0.003861 -0.003652
v -0.013898 0.005028 -0.003468
v -0.014341 0.003380 -0.003879
v -0.014469 0.002780 -0.003460
v -0.014204 0.004033 -0.002435
v -0.014277 0.003660 -0.001292
v -0.013760 0.005337 -0.002260
v -0.013870 0.005056 -0.001209
v -0.011720 0.009063 -0.007521
v -0.010673 0.010157 -0.006695
v -0.011236 0.009625 -0.005512
v -0.012008 0.008627 -0.005853
v -0.012616 0.007811 -0.006833
v -0.012931 0.007142 -0.007349
v -0.012555 0.007733 -0.005877
v -0.012534 0.007808 -0.005326
v -0.012870 0.007102 -0.005522
v -0.012798 0.007347 -0.005098
v -0.010644 0.010211 -0.005518
v -0.010352 0.010600 -0.006373
v -0.010788 0.010023 -0.003664
v -0.009670 0.011198 -0.004911
v -0.011865 0.008786 -0.004199
v -0.012640 0.007584 -0.003330
v -0.011555 0.009126 -0.002822
v -0.012563 0.007702 -0.002157
v -0.011579 0.009117 -0.002062
v -0.012245 0.008136 -0.000952
v -0.011415 0.009251 -0.001023
v -0.011112 0.009546 -0.001636
v -0.012034 0.008399 -0.000232
v -0.011017 0.009699 -0.000844
v -0.010796 0.009900 -0.000270
v -0.009847 0.010948 0.000616
v -0.010289 0.010439 0.000034
v -0.010605 0.010195 0.001037
v -0.013054 0.006847 -0.002412
v -0.012875 0.007069 -0.000249
v -0.013473 0.005957 -0.000664
v -0.014115 0.004249 -0.000148
v -0.013666 0.005536 0.000043
v -0.013405 0.006081 0.001282
v -0.013909 0.004850 0.000661
v -0.012537 0.007750 0.000361
v -0.012801 0.007228 0.000829
v -0.012248 0.008113 0.000910
v -0.011490 0.009046 0.001492
v -0.012034 0.008383 0.002521
v -0.012975 0.006909 0.002204
v -0.012412 0.007760 0.002884
v -0.013924 0.004804 0.001801
v -0.013643 0.005484 0.001819
v -0.013517 0.005753 0.002955
v -0.013130 0.006577 0.003154
v -0.010537 0.010320 -0.003535
v -0.010079 0.010763 -0.002162
v -0.009835 0.010978 -0.002609
v -0.010787 0.009990 -0.002272
v -0.010721 0.010076 -0.001733
v -0.009772 0.010975 -0.001503
v -0.009240 0.011532 -0.001691
v -0.009340 0.011374 -0.000954
v -0.009922 0.010831 -0.000887
v -0.008649 0.011920 -0.001447
v -0.008447 0.012084 -0.000673
v -0.009712 0.011093 0.000109
v -0.008542 0.011959 -0.000005
v -0.007491 0.012704 -0.000288
v -0.005591 0.013758 -0.011023
v -0.003931 0.014398 -0.012062
v -0.002955 0.014488 -0.011681
v -0.002002 0.014676 -0.009679
v -0.002134 0.014687 -0.011740
v -0.003126 0.014455 -0.010404
v -0.004862 0.014042 -0.008613
v -0.004078 0.014268 -0.009501
v -0.005116 0.013916 -0.009089
v -0.002335 0.014622 -0.007497
v -0.002913 0.014590 -0.008841
v -0.002829 0.014620 -0.007980
v -0.001387 0.014733 -0.008390
v -0.006277 0.013415 -0.009379
v -0.005220 0.013901 -0.009637
v -0.004682 0.014071 -0.007696
v -0.000639 0.014817 -0.011747
v 0.000326 0.014781 -0.011934
v -0.000703 0.014802 -0.010867
v 0.000127 0.014901 -0.013302
v 0.001079 0.014814 -0.012723
v 0.001220 0.014852 -0.011946
v 0.001205 0.014818 -0.010947
v -0.000452 0.014825 -0.008803
v 0.002706 0.014603 -0.011283
v 0.001796 0.014777 -0.010222
v 0.003170 0.014530 -0.010465
v -0.001539 0.014714 -0.006512
v -0.003255 0.014484 -0.006632
v -0.003161 0.014515 -0.005748
v -0.000587 0.014810 -0.005558
v -0.002419 0.014577 -0.005784
v -0.001949 0.014665 -0.004270
v -0.000103 0.014768 -0.004250
v -0.000588 0.014775 -0.002570
v -0.004802 0.013978 -0.004759
v -0.004220 0.014199 -0.006062
v -0.003735 0.014380 -0.004879
v -0.002555 0.014539 -0.003646
v -0.003551 0.014381 -0.003526
v -0.003015 0.014535 -0.002535
v -0.002176 0.014611 -0.002003
v -0.002546 0.014533 -0.004643
v -0.000217 0.014786 -0.007137
v 0.000600 0.014874 -0.007535
v 0.000686 0.014898 -0.008913
v -0.000123 0.014792 -0.009813
v 0.000517 0.014823 -0.008403
v 0.000978 0.014844 -0.009198
v 0.001095 0.014902 -0.008432
v 0.001316 0.014802 -0.007524
v 0.000507 0.014852 -0.006048
v 0.001721 0.014778 -0.008979
v 0.002053 0.014669 -0.008423
v 0.002735 0.014705 -0.008331
v 0.002462 0.014642 -0.009196
v 0.002784 0.014693 -0.007886
v 0.001528 0.014802 -0.005044
v 0.000963 0.014839 -0.004078
v 0.004429 0.014261 -0.007837
v 0.004108 0.014303 -0.008512
v 0.004204 0.014295 -0.004625
v 0.003496 0.014474 -0.005487
v 0.002555 0.014673 -0.005513
v 0.002854 0.014608 -0.004429
v 0.002986 0.014559 -0.006128
v 0.004816 0.014092 -0.005839
v -0.010315 0.005014 -0.025883
v -0.009519 0.004612 -0.025810
v 0.000125 0.014756 -0.018898
v 0.000816 0.014939 -0.018584
v 0.001532 0.014889 -0.019884
v 0.000679 0.014893 -0.017984
v 0.001227 0.014922 -0.018044
v 0.001051 0.014964 -0.017458
v -0.009394 0.011621 -0.013383
v -0.009432 0.011486 -0.012579
v -0.010127 0.010801 -0.012512
v -0.010290 0.010698 -0.011372
v -0.008388 0.012225 -0.010565
v -0.009597 0.011268 -0.010996
v -0.009434 0.011428 -0.009628
v -0.013803 0.005378 -0.012728
v -0.014176 0.004334 -0.012254
v -0.014636 0.002334 -0.013306
v -0.014779 0.001327 -0.013092
v -0.013775 0.005681 -0.009009
v -0.013224 0.006629 -0.007884
v -0.014022 0.004793 -0.009264
v -0.014667 0.001899 -0.009690
v -0.014799 0.000862 -0.009632
v -0.013859 0.005303 -0.008211
v -0.014632 0.002074 -0.006603
v -0.014648 0.001787 -0.005275
v -0.009418 0.011546 -0.019200
v -0.006799 0.013233 -0.018961
v -0.006087 0.013517 -0.018612
v -0.005540 0.013820 -0.019029
v -0.005143 0.014032 -0.018426
v -0.005645 0.013798 -0.017979
v -0.004477 0.014232 -0.018466
v -0.004848 0.014069 -0.017929
v -0.005379 0.013961 -0.017245
v -0.004543 0.014152 -0.017408
v -0.003702 0.014518 -0.018185
v -0.004020 0.014351 -0.017481
v -0.003169 0.014573 -0.018035
v -0.005631 0.013775 -0.013962
v -0.004765 0.014033 -0.015883
v -0.003725 0.014518 -0.015778
v -0.003622 0.014476 -0.016509
v -0.003905 0.014455 -0.015021
v 0.000408 0.014877 -0.015338
v 0.000149 0.014745 -0.017071
v 0.001066 0.014936 -0.016651
v 0.001690 0.014908 -0.015217
v 0.001737 0.014852 -0.016707
v 0.000266 0.014861 -0.014317
v 0.001843 0.014782 -0.014458
v 0.001393 0.014786 -0.013455
v 0.002680 0.014644 -0.014838
v -0.006210 0.013416 -0.000222
v -0.013187 0.006582 -0.004817
v -0.004085 0.014249 -0.010490
v -0.003854 0.014274 -0.008501
v -0.003629 0.014423 -0.007267
v 0.002338 0.014743 -0.014010
v 0.002378 0.014682 -0.013269
v 0.002022 0.014784 -0.011889
v 0.001126 0.014857 -0.009867
v 0.003974 0.014355 -0.009869
v 0.001560 0.014830 -0.006857
v 0.001959 0.014777 -0.004384
v -0.012881 -0.006021 -0.025814
v -0.013264 -0.006199 -0.025326
v -0.013264 -0.006199 -0.025326
v -0.012488 -0.006123 -0.026071
v -0.012129 -0.005864 -0.026262
v -0.013440 -0.006168 -0.024960
v -0.012544 -0.007496 -0.025304
v -0.013863 -0.005319 -0.024249
v -0.014203 -0.004491 -0.022830
v -0.014203 -0.004491 -0.022830
v -0.013481 -0.006235 -0.024354
v -0.012868 -0.007397 -0.024509
v -0.012831 -0.007597 -0.023943
v -0.011135 -0.007537 -0.026278
v -0.011651 -0.007557 -0.026097
v -0.012417 -0.007204 -0.025702
v -0.012417 -0.007204 -0.025702
v -0.012155 -0.008329 -0.025052
v -0.011691 -0.008678 -0.025394
v -0.010334 -0.009131 -0.026097
v -0.010334 -0.009131 -0.026097
v -0.011426 -0.008516 -0.025764
v -0.011426 -0.008516 -0.025764
v -0.011670 -0.009050 -0.024935
v -0.010714 -0.009873 -0.025383
v -0.010573 -0.010280 -0.024976
v -0.011833 -0.008979 -0.024451
v -0.009630 -0.008961 -0.026308
v -0.006331 -0.009523 -0.026254
v -0.008230 -0.009918 -0.026331
v -0.010361 -0.009633 -0.025821
v -0.010132 -0.010198 -0.025562
v -0.009030 -0.010243 -0.026152
v -0.009030 -0.010243 -0.026152
v -0.009308 -0.010593 -0.025867
v -0.011419 -0.009500 -0.023479
v -0.010520 -0.010510 -0.023891
v -0.009577 -0.010992 -0.025265
v -0.009081 -0.011319 -0.025388
v -0.010197 -0.010721 -0.024657
v -0.009420 -0.011434 -0.024333
v -0.009089 -0.011589 -0.024883
v -0.014692 -0.002287 -0.017541
v -0.014431 -0.003468 -0.015309
v -0.014276 -0.004125 -0.017425
v -0.014693 -0.002061 -0.015371
v -0.014729 -0.001890 -0.014316
v -0.014586 -0.002908 -0.014442
v -0.014334 -0.004125 -0.020807
v -0.014168 -0.004784 -0.021609
v -0.014168 -0.004784 -0.021609
v -0.013878 -0.005495 -0.022333
v -0.013900 -0.005358 -0.020141
v -0.013900 -0.005358 -0.020141
v -0.013689 -0.006038 -0.020536
v -0.013521 -0.006268 -0.022931
v -0.013594 -0.006220 -0.022403
v -0.013229 -0.006873 -0.022356
v -0.012720 -0.007764 -0.022962
v -0.012610 -0.008017 -0.021726
v -0.012341 -0.008410 -0.022548
v -0.013253 -0.006818 -0.021458
v -0.013450 -0.006512 -0.021262
v -0.012994 -0.007421 -0.021603
v -0.013126 -0.007176 -0.020165
v -0.014174 -0.004608 -0.019453
v -0.014366 -0.003884 -0.018968
v -0.013971 -0.005039 -0.018972
v -0.013971 -0.005039 -0.018972
v -0.013687 -0.005865 -0.018834
v -0.013425 -0.006353 -0.018927
v -0.012594 -0.008104 -0.020513
v -0.013107 -0.007111 -0.019269
v -0.013230 -0.006977 -0.018458
v -0.012809 -0.007520 -0.018820
v -0.012306 -0.008591 -0.020640
v -0.012115 -0.008753 -0.021934
v -0.012476 -0.008222 -0.019577
v -0.011332 -0.009725 -0.022764
v -0.010568 -0.010389 -0.022986
v -0.011488 -0.009571 -0.021716
v -0.011994 -0.008870 -0.021400
v -0.011980 -0.008960 -0.020516
v -0.011453 -0.009657 -0.020817
v -0.010929 -0.010165 -0.022026
v -0.010475 -0.010645 -0.020802
v -0.010462 -0.010679 -0.021633
v -0.009936 -0.011009 -0.023295
v -0.009469 -0.011458 -0.022581
v -0.008903 -0.011852 -0.023222
v -0.008184 -0.012389 -0.022682
v -0.009311 -0.011634 -0.021598
v -0.008342 -0.012335 -0.021173
v -0.011567 -0.009537 -0.019860
v -0.011097 -0.009884 -0.019589
v -0.009876 -0.011169 -0.019163
v -0.011378 -0.009639 -0.019113
v -0.010827 -0.010224 -0.018442
v -0.009584 -0.011447 -0.020586
v -0.008692 -0.012084 -0.019498
v -0.008144 -0.012466 -0.017785
v -0.009475 -0.011462 -0.017903
v -0.008079 -0.012453 -0.019037
v -0.014057 -0.005029 -0.018122
v -0.014057 -0.005029 -0.018122
v -0.014035 -0.004948 -0.017213
v -0.014035 -0.004948 -0.017213
v -0.013864 -0.005557 -0.018426
v -0.013282 -0.006764 -0.017532
v -0.014072 -0.004758 -0.016160
v -0.014072 -0.004758 -0.016160
v -0.013539 -0.006160 -0.016514
v -0.014177 -0.004307 -0.015326
v -0.013800 -0.005402 -0.015735
v -0.014076 -0.004756 -0.015344
v -0.014076 -0.004756 -0.015344
v -0.013565 -0.005729 -0.015137
v -0.013195 -0.006909 -0.015821
v -0.012941 -0.007442 -0.018211
v -0.012675 -0.007809 -0.016966
v -0.012448 -0.008111 -0.016031
v -0.012100 -0.008626 -0.016808
v -0.011876 -0.008670 -0.015757
v -0.011688 -0.009149 -0.016443
v -0.013093 -0.006937 -0.015021
v -0.011619 -0.009252 -0.015541
v -0.011937 -0.008732 -0.014842
v -0.011483 -0.009410 -0.014108
v -0.010715 -0.010247 -0.015593
v -0.010976 -0.009993 -0.013975
v -0.010236 -0.010725 -0.018353
v -0.010275 -0.010798 -0.017861
v -0.009875 -0.011106 -0.018141
v -0.010115 -0.010867 -0.017122
v -0.011334 -0.009652 -0.017947
v -0.008580 -0.012153 -0.017568
v -0.009351 -0.011533 -0.017039
v -0.007702 -0.012702 -0.018327
v -0.008119 -0.012395 -0.016984
v -0.007213 -0.012941 -0.017378
v -0.008293 -0.012294 -0.016030
v -0.010437 -0.010477 -0.014799
v -0.009851 -0.011084 -0.015269
v -0.010465 -0.010495 -0.013458
v -0.010015 -0.011048 -0.013737
v -0.009070 -0.011756 -0.014360
v -0.009460 -0.011523 -0.013518
v -0.009070 -0.011752 -0.015214
v -0.007373 -0.012895 -0.015145
v -0.007855 -0.012629 -0.016348
v -0.006490 -0.013410 -0.015957
v -0.008392 -0.012257 -0.014677
v -0.007684 -0.012643 -0.014412
v -0.007604 -0.012733 -0.013324
v -0.007195 -0.013000 -0.013845
v -0.006936 -0.013098 -0.014350
v -0.014720 -0.001756 -0.013605
v -0.014567 -0.002843 -0.013763
v -0.014077 -0.004705 -0.013153
v -0.014077 -0.004705 -0.013153
v -0.014179 -0.004370 -0.014232
v -0.014179 -0.004370 -0.014232
v -0.014782 -0.001860 -0.011958
v -0.014826 -0.001139 -0.011133
v -0.014715 -0.001970 -0.010768
v -0.014840 -0.000377 -0.010226
v -0.014774 -0.001696 -0.010070
v -0.014496 -0.003233 -0.011990
v -0.014431 -0.003423 -0.010329
v -0.014136 -0.004359 -0.010853
v -0.014136 -0.004359 -0.010853
v -0.014124 -0.004513 -0.008791
v -0.014124 -0.004513 -0.008791
v -0.014146 -0.004574 -0.011915
v -0.014146 -0.004574 -0.011915
v -0.014709 -0.002175 -0.009251
v -0.013538 -0.005981 -0.012032
v -0.013714 -0.005566 -0.010795
v -0.014810 -0.000285 -0.008439
v -0.014743 -0.000054 -0.006865
v -0.014780 -0.000130 -0.009450
v -0.014754 -0.001576 -0.008689
v -0.014759 -0.001150 -0.008139
v -0.014629 -0.002154 -0.008090
v -0.014697 -0.001760 -0.006469
v -0.014786 -0.000629 -0.007452
v -0.014397 -0.003429 -0.006756
v -0.014351 -0.003672 -0.008204
v -0.014748 0.000959 -0.007557
v -0.014780 0.001024 -0.006535
v -0.014730 0.000394 -0.006449
v -0.014775 -0.000113 -0.005237
v -0.014703 -0.000467 -0.006590
v -0.014717 -0.001067 -0.005592
v -0.014722 -0.001122 -0.004846
v -0.014561 -0.002048 -0.004879
v -0.014431 -0.002966 -0.004874
v -0.013420 -0.006338 -0.009126
v -0.013684 -0.005552 -0.007517
v -0.013078 -0.006968 -0.008147
v -0.013130 -0.006809 -0.006985
v -0.013562 -0.005847 -0.006109
v -0.014147 -0.004102 -0.004761
v -0.014147 -0.004102 -0.004761
v -0.013738 -0.005191 -0.004861
v -0.013490 -0.005957 -0.004632
v -0.012531 -0.008001 -0.012423
v -0.013114 -0.006939 -0.013273
v -0.012260 -0.008308 -0.013046
v -0.013263 -0.006575 -0.011228
v -0.012700 -0.007601 -0.011421
v -0.012557 -0.007988 -0.010757
v -0.012071 -0.008554 -0.011236
v -0.011375 -0.009424 -0.012949
v -0.010890 -0.010008 -0.012592
v -0.010387 -0.010612 -0.012414
v -0.010457 -0.010421 -0.011763
v -0.011120 -0.009820 -0.011201
v -0.011441 -0.009424 -0.012293
v -0.013249 -0.006629 -0.010507
v -0.010037 -0.010939 -0.012990
v -0.012534 -0.007914 -0.007015
v -0.012533 -0.007926 -0.005879
v -0.013145 -0.006791 -0.004045
v -0.012048 -0.008659 -0.006795
v -0.009121 -0.011730 -0.012231
v -0.009932 -0.011033 -0.011837
v -0.008346 -0.012293 -0.013026
v -0.009102 -0.011867 -0.010959
v -0.008383 -0.012306 -0.011703
v -0.006790 -0.013214 -0.013193
v -0.006687 -0.013258 -0.012411
v -0.009296 -0.011663 -0.010392
v -0.008745 -0.011967 -0.009558
v -0.009189 -0.011658 -0.008269
v -0.009667 -0.011395 -0.009474
v -0.008373 -0.012290 -0.010455
v -0.011530 -0.009240 -0.006813
v -0.012350 -0.008371 -0.007766
v -0.011685 -0.009122 -0.007643
v -0.011677 -0.009214 -0.006164
v -0.011276 -0.009745 -0.006547
v -0.011422 -0.009626 -0.005454
v -0.010973 -0.009948 -0.007228
v -0.010721 -0.010256 -0.006036
v -0.010269 -0.010737 -0.006451
v -0.011811 -0.008974 -0.005148
v -0.011942 -0.008697 -0.005658
v -0.011970 -0.008743 -0.004059
v -0.011034 -0.010035 -0.005022
v -0.010874 -0.010095 -0.005550
v -0.010475 -0.010624 -0.004729
v -0.010704 -0.010221 -0.004197
v -0.010409 -0.010454 -0.003654
v -0.011156 -0.009726 -0.003735
v -0.010206 -0.010859 -0.004582
v -0.009478 -0.011448 -0.004639
v -0.009127 -0.011754 -0.006601
v -0.010014 -0.011004 -0.003994
v -0.008942 -0.011848 -0.003677
v -0.008456 -0.012211 -0.004631
v -0.010246 -0.010757 -0.008190
v -0.008240 -0.012322 -0.008219
v -0.007738 -0.012682 -0.006972
v -0.008211 -0.012392 -0.007711
v -0.008623 -0.012062 -0.006263
v -0.007253 -0.013001 -0.010415
v -0.006507 -0.013382 -0.009263
v -0.007137 -0.012934 -0.008563
v -0.006612 -0.013318 -0.007976
v -0.006411 -0.013440 -0.008734
v -0.006530 -0.013309 -0.006496
v -0.005947 -0.013565 -0.007737
v -0.005489 -0.013688 -0.008030
v -0.005866 -0.013594 -0.006290
v -0.008821 -0.012012 -0.005563
v -0.007939 -0.012549 -0.005333
v -0.008181 -0.012458 -0.006235
v -0.006946 -0.013083 -0.004310
v -0.007868 -0.012582 -0.003617
v -0.005272 -0.013752 -0.006763
v -0.006167 -0.013541 -0.005495
v -0.005026 -0.013959 -0.005604
v -0.005912 -0.013618 -0.004648
v -0.006629 -0.013258 -0.005415
v -0.014611 0.001652 -0.004150
v -0.014716 0.001094 -0.003972
v -0.014686 0.001198 -0.003631
v -0.014663 0.001806 -0.003499
v -0.014650 0.001497 -0.002946
v -0.014734 0.000206 -0.002965
v -0.014724 -0.000685 -0.003530
v -0.014700 0.000745 -0.001942
v -0.014732 -0.000362 -0.002212
v -0.014685 -0.000890 -0.002614
v -0.014317 0.003372 -0.002661
v -0.014525 0.002575 -0.002231
v -0.014553 0.002171 -0.000038
v -0.014685 -0.000353 -0.001699
v -0.014721 0.000095 -0.000865
v -0.014637 0.000894 -0.000821
v -0.014702 0.000301 -0.000157
v -0.014690 -0.000820 -0.000880
v -0.014648 -0.000800 0.000434
v -0.014581 -0.001433 0.000467
v -0.014605 -0.001557 -0.003249
v -0.014708 -0.000927 -0.002195
v -0.014549 -0.002057 -0.001776
v -0.014503 -0.002606 -0.002555
v -0.014331 -0.003372 -0.002375
v -0.014261 -0.003515 -0.001240
v -0.013965 -0.004649 -0.001664
v -0.013965 -0.004649 -0.001664
v -0.014039 -0.004372 -0.002447
v -0.014039 -0.004372 -0.002447
v -0.013625 -0.005685 -0.002455
v -0.013535 -0.005841 -0.001202
v -0.013893 -0.004939 -0.003635
v -0.012933 -0.007136 -0.002392
v -0.014521 -0.002286 -0.001178
v -0.014540 -0.002052 -0.000423
v -0.014521 -0.002522 -0.000848
v -0.014442 -0.002828 -0.000162
v -0.014416 -0.003067 0.000802
v -0.014196 -0.003825 -0.000106
v -0.014043 -0.004542 -0.000732
v -0.014043 -0.004542 -0.000732
v -0.013720 -0.005448 0.000757
v -0.013720 -0.005448 0.000757
v -0.013999 -0.004638 0.001171
v -0.014369 0.003157 0.000726
v -0.014389 0.002960 0.001539
v -0.014616 0.001229 0.002448
v -0.014672 0.000275 0.002013
v -0.013953 0.004599 0.002622
v -0.013944 0.004792 0.003252
v -0.014121 0.004150 0.003545
v -0.014404 0.002826 0.003213
v -0.014595 0.001612 0.003284
v -0.014624 -0.000696 0.001247
v -0.014551 -0.002250 0.001769
v -0.014654 -0.000486 0.002602
v -0.014536 -0.002099 0.002585
v -0.014355 -0.003201 0.002188
v -0.014610 0.000098 0.002808
v -0.014699 0.000051 0.003610
v -0.014727 -0.000694 0.003980
v -0.014545 -0.001618 0.003871
v -0.014499 -0.002269 0.003331
v -0.014685 0.000610 0.004339
v -0.014445 -0.002472 0.005856
v -0.014559 -0.002005 0.005525
v -0.014525 -0.002328 0.004636
v -0.014014 -0.004480 0.001765
v -0.014250 -0.003713 0.003066
v -0.013905 -0.004739 0.003630
v -0.013818 -0.005155 0.002943
v -0.014222 -0.003599 0.004291
v -0.012545 -0.007850 -0.003783
v -0.012485 -0.007809 -0.002501
v -0.012592 -0.007732 -0.001783
v -0.012045 -0.008594 -0.002367
v -0.012989 -0.007125 -0.000703
v -0.011965 -0.008710 -0.001787
v -0.013122 -0.006808 -0.000051
v -0.013172 -0.006575 0.001455
v -0.012442 -0.007944 -0.000477
v -0.013023 -0.006961 0.001086
v -0.012388 -0.008032 0.000694
v -0.013903 -0.004884 0.006486
v -0.014275 -0.003562 0.005604
v -0.014093 -0.004399 0.005128
v -0.013373 -0.006234 0.001957
v -0.013373 -0.006234 0.001957
v -0.013199 -0.006608 0.002636
v -0.013199 -0.006608 0.002636
v -0.013233 -0.006432 0.003133
v -0.013257 -0.006436 0.003843
v -0.012574 -0.007804 0.001449
v -0.012051 -0.008615 0.003406
v -0.011994 -0.008613 0.002868
v -0.011630 -0.009063 0.003111
v -0.011749 -0.008992 0.002209
v -0.011343 -0.009395 0.002987
v -0.011229 -0.009616 0.003492
v -0.011794 -0.008852 0.003887
v -0.013640 -0.005467 0.004645
v -0.013793 -0.005216 0.005701
v -0.013470 -0.005810 0.005639
v -0.013651 -0.005461 0.006159
v -0.013478 -0.005962 0.006176
v -0.013127 -0.006701 0.004866
v -0.013084 -0.006761 0.005781
v -0.012705 -0.007352 0.005932
v -0.013025 -0.006976 0.007049
v -0.012471 -0.007913 0.005963
v -0.012471 -0.007913 0.005963
v -0.012622 -0.007505 0.005491
v -0.011960 -0.008613 0.005401
v -0.012109 -0.008501 0.006362
v -0.011778 -0.009023 -0.003335
v -0.010871 -0.010059 -0.002503
v -0.011303 -0.009638 -0.001202
v -0.010450 -0.010556 -0.001067
v -0.009818 -0.011080 -0.003283
v -0.010226 -0.010606 -0.002803
v -0.009895 -0.010974 -0.002326
v -0.008686 -0.011908 -0.002215
v -0.011376 -0.009417 -0.000154
v -0.010554 -0.010449 -0.000632
v -0.010862 -0.010083 0.000100
v -0.010023 -0.010872 -0.000224
v -0.010879 -0.009959 0.001058
v -0.009096 -0.011713 -0.000667
v -0.009408 -0.011310 -0.001699
v -0.008204 -0.012349 -0.000582
v -0.009354 -0.011310 0.000235
v -0.008604 -0.011957 -0.000062
v -0.007907 -0.012465 0.000035
v -0.007402 -0.012853 -0.002601
v -0.006578 -0.013305 -0.003374
v -0.005716 -0.013645 -0.003645
v -0.005352 -0.013769 -0.004304
v -0.004506 -0.014135 -0.004555
v -0.004554 -0.014067 -0.003768
v -0.006011 -0.013530 -0.002219
v -0.006463 -0.013283 -0.001434
v -0.007067 -0.013067 -0.001478
v -0.006948 -0.013073 -0.000256
v -0.006276 -0.013435 -0.000756
v -0.005938 -0.013569 -0.000356
v -0.005143 -0.013915 -0.001234
v -0.003422 -0.014455 -0.000735
v -0.004436 -0.014209 -0.002930
v -0.005753 -0.013691 0.000429
v -0.005053 -0.013989 -0.000463
v -0.003794 -0.014317 -0.000125
v -0.010797 -0.010094 0.002259
v -0.010937 -0.009774 0.003065
v -0.010646 -0.010168 0.003828
v -0.010675 -0.010167 0.002878
v -0.010047 -0.010789 0.002971
v -0.009814 -0.010963 0.003452
v -0.010255 -0.010649 0.003769
v -0.009444 -0.011367 0.002763
v -0.009639 -0.011203 0.004017
v -0.008746 -0.011979 0.003402
v -0.007955 -0.012488 0.002353
v -0.008119 -0.012400 0.003794
v -0.010900 -0.009921 0.004343
v -0.010030 -0.010842 0.005296
v -0.009119 -0.011668 0.004551
v -0.010784 -0.009965 0.005788
v -0.009589 -0.011262 0.006160
v -0.010367 -0.010549 0.006603
v -0.008519 -0.012128 0.005857
v -0.006783 -0.013198 0.004463
v -0.007206 -0.012975 0.003531
v -0.007968 -0.012517 0.007015
v -0.006503 -0.013333 0.002327
v -0.006996 -0.013082 0.000650
v -0.005494 -0.013757 0.001510
v -0.006202 -0.013517 0.002954
v -0.004881 -0.014055 0.003538
v -0.005179 -0.013969 0.003112
v -0.005254 -0.013934 0.004770
v -0.005972 -0.013583 0.005980
v -0.005436 -0.013833 0.006131
v -0.004847 -0.014042 0.002567
v -0.004062 -0.014248 0.003388
v -0.004254 -0.014254 0.002151
v -0.002880 -0.014581 0.002585
v -0.004100 -0.014319 0.003969
v -0.003021 -0.014593 0.003863
v -0.003690 -0.014411 0.005690
v -0.002505 -0.014739 0.004460
v -0.012446 -0.008212 -0.018954
v -0.012580 -0.008180 -0.018069
v -0.012035 -0.008833 -0.018753
v -0.013892 -0.005123 -0.014470
v -0.013319 -0.006611 -0.014349
v -0.013735 -0.005608 -0.013720
v -0.012763 -0.007588 -0.014611
v -0.012463 -0.008039 -0.015299
v -0.012311 -0.008325 -0.014522
v -0.011818 -0.008946 -0.014021
v -0.014811 -0.001468 -0.012823
v -0.011573 -0.009290 -0.010475
v -0.012674 -0.007703 -0.009820
v -0.012015 -0.008786 -0.009590
v -0.012333 -0.008205 -0.008817
v -0.011797 -0.009003 -0.008414
v -0.011266 -0.009636 -0.009661
v -0.010958 -0.010061 -0.010542
v -0.011469 -0.009430 -0.008907
v -0.010231 -0.010813 -0.010445
v -0.010752 -0.010198 -0.009715
v -0.011104 -0.010006 -0.008934
v -0.010500 -0.010488 -0.009239
v -0.010541 -0.010457 -0.008446
v -0.007183 -0.013099 -0.011240
v -0.006246 -0.013572 -0.011421
v -0.005615 -0.013800 -0.010887
v -0.010980 -0.009955 -0.008217
v -0.011589 -0.009229 -0.004527
v -0.007458 -0.012889 -0.005581
v -0.014617 0.001341 0.004947
v -0.014651 -0.000547 0.005328
v -0.014642 -0.001161 0.004771
v -0.014526 -0.001449 0.005840
v -0.012119 -0.008548 -0.000974
v -0.011857 -0.008847 -0.000102
v -0.011416 -0.009464 0.001359
v -0.011929 -0.008649 0.001388
v -0.012761 -0.007295 0.003780
v -0.012761 -0.007295 0.003780
v -0.012070 -0.008493 0.002466
v -0.012361 -0.008058 0.003642
v -0.012209 -0.008043 0.004889
v -0.012209 -0.008043 0.004889
v -0.011423 -0.009400 0.004324
v -0.011458 -0.009286 0.005118
v -0.011501 -0.009190 0.006852
v -0.010162 -0.010727 0.001193
v -0.009817 -0.010990 0.000957
v -0.009310 -0.011320 0.000754
v -0.009461 -0.011389 0.001447
v -0.008753 -0.011789 0.000657
v -0.008048 -0.012395 0.001153
v -0.004585 -0.014169 0.001439
v -0.004159 -0.014276 0.001085
v -0.008896 -0.011760 0.001575
v -0.003394 -0.014383 0.000904
v -0.002762 -0.014567 0.001592
v 0.000356 0.012924 -0.026237
v 0.001583 0.011503 -0.026216
v 0.002457 0.012207 -0.026244
v 0.000087 0.013974 -0.025835
v 0.000469 0.014397 -0.025388
v 0.001317 0.014154 -0.025603
v 0.000890 0.013578 -0.026061
v 0.001716 0.013554 -0.026005
v 0.001892 0.013045 -0.026188
v 0.001452 0.014430 -0.025226
v 0.001613 0.014708 -0.024301
v 0.003187 0.013832 -0.025563
v 0.002773 0.014465 -0.024633
v 0.003837 0.014192 -0.024785
v 0.004754 0.013611 -0.025295
v 0.003478 0.013163 -0.025989
v 0.004046 0.012315 -0.026205
v 0.004731 0.013183 -0.025699
v 0.005034 0.011541 -0.026256
v 0.005765 0.012072 -0.026091
v 0.005756 0.009665 -0.026267
v 0.006895 0.011254 -0.026196
v 0.006735 0.012490 -0.025624
v 0.008479 0.009615 -0.026344
v 0.007625 0.011391 -0.025968
v 0.007890 0.011768 -0.025600
v 0.008470 0.009963 -0.026303
v 0.009032 0.010158 -0.026127
v 0.008600 0.011005 -0.025822
v -0.006313 -0.005851 -0.026177
v -0.006133 -0.006628 -0.026254
v -0.000094 0.001278 -0.025033
v -0.000502 0.009752 -0.026274
v -0.001653 0.009276 -0.026285
v -0.002028 0.008432 -0.026167
v -0.002051 0.007340 -0.025813
v -0.000440 0.008707 -0.026182
v -0.000944 0.007981 -0.025945
v -0.001467 0.007011 -0.025576
v -0.000130 0.007133 -0.025595
v 0.003157 0.009414 -0.026279
v 0.001001 0.008320 -0.026087
v 0.001763 0.008680 -0.026211
v 0.001007 0.007028 -0.025583
v 0.002632 0.007989 -0.026137
v 0.002157 0.006818 -0.025608
v -0.001732 0.005829 -0.025338
v -0.000270 0.006179 -0.025369
v 0.000690 0.004527 -0.025239
v 0.001997 0.005982 -0.025394
v 0.000753 0.001484 -0.025037
v 0.003820 0.008221 -0.026283
v 0.004251 0.007045 -0.026101
v 0.004527 0.007585 -0.026270
v 0.004006 0.005684 -0.025582
v 0.005950 0.005927 -0.026212
v 0.006816 0.006600 -0.026347
v 0.003849 0.005014 -0.025437
v 0.003418 0.003478 -0.025266
v 0.001916 0.000528 -0.025070
v 0.005230 0.003295 -0.025428
v 0.005946 0.003842 -0.025668
v 0.005418 0.001494 -0.025346
v 0.003682 0.000297 -0.025212
v -0.001559 -0.000816 -0.025071
v -0.003622 -0.001210 -0.025269
v -0.000700 0.000265 -0.025135
v -0.002682 -0.002419 -0.025214
v -0.000084 -0.001167 -0.025047
v -0.001009 -0.003379 -0.025198
v -0.005479 -0.003757 -0.025468
v -0.004644 -0.002708 -0.025341
v -0.004057 -0.004194 -0.025321
v -0.006406 -0.005059 -0.026015
v -0.005137 -0.004985 -0.025584
v -0.005354 -0.006361 -0.026068
v -0.004564 -0.005684 -0.025649
v -0.004539 -0.007566 -0.026231
v -0.003883 -0.007220 -0.026084
v -0.003573 -0.005356 -0.025420
v -0.002407 -0.005238 -0.025317
v -0.002488 -0.006430 -0.025575
v 0.000908 -0.000481 -0.025126
v 0.001019 -0.001702 -0.025086
v 0.002664 -0.002943 -0.025302
v 0.000441 -0.005179 -0.025332
v -0.001183 -0.006079 -0.025426
v -0.002005 -0.007725 -0.026041
v -0.001598 -0.007018 -0.025722
v -0.000490 -0.006842 -0.025626
v -0.000781 -0.008032 -0.026108
v 0.001068 -0.007704 -0.026060
v 0.000631 -0.008558 -0.026291
v 0.003063 -0.008010 -0.026349
v 0.003234 -0.008834 -0.026431
v 0.003129 -0.007634 -0.026266
v 0.000747 -0.005890 -0.025430
v 0.003468 -0.004678 -0.025435
v 0.002318 -0.005883 -0.025530
v 0.001672 -0.006532 -0.025642
v 0.002856 -0.001246 -0.025231
v 0.005741 -0.000675 -0.025387
v 0.005506 -0.002582 -0.025486
v 0.004409 -0.003144 -0.025409
v 0.009007 0.006661 -0.026363
v 0.010375 0.008429 -0.026288
v 0.009618 0.010004 -0.025946
v 0.007831 0.004713 -0.026368
v 0.011019 0.006996 -0.026423
v 0.010868 0.008302 -0.026152
v 0.010987 0.006144 -0.026489
v 0.011526 0.007051 -0.026258
v 0.012397 0.006750 -0.025761
v 0.009042 0.002851 -0.026433
v 0.010985 0.002573 -0.026506
v 0.011920 0.003515 -0.026586
v 0.008113 0.002739 -0.026314
v 0.006817 0.004695 -0.026188
v 0.007079 0.002261 -0.025830
v 0.007278 0.002979 -0.026116
v 0.007605 0.002374 -0.026118
v 0.006336 0.002381 -0.025583
v 0.006442 0.001022 -0.025522
v 0.007901 0.001396 -0.026181
v 0.006905 0.000995 -0.025689
v 0.008901 0.000501 -0.026338
v 0.007713 -0.000001 -0.026070
v 0.010515 0.001550 -0.026438
v 0.008390 -0.000278 -0.026265
v 0.012421 0.005751 -0.026145
v 0.011808 0.005012 -0.026523
v 0.011773 0.006103 -0.026375
v 0.012339 0.005183 -0.026349
v 0.012211 0.003917 -0.026543
v 0.012786 0.004874 -0.026117
v 0.012834 0.005536 -0.025804
v 0.012745 0.004073 -0.026315
v 0.013386 0.004423 -0.025579
v 0.013352 0.003883 -0.025888
v 0.013290 0.003070 -0.026174
v 0.009693 -0.000217 -0.026223
v 0.010872 -0.000205 -0.026226
v 0.010385 -0.002141 -0.025887
v 0.010790 -0.001912 -0.025981
v 0.012724 0.002876 -0.026508
v 0.012403 0.001954 -0.026554
v 0.012408 0.000195 -0.026516
v 0.011438 0.000392 -0.026387
v 0.012977 0.001836 -0.026438
v 0.012809 0.000971 -0.026520
v 0.013181 0.000700 -0.026408
v 0.013525 0.001311 -0.026171
v 0.013525 0.001311 -0.026171
v 0.013732 0.002462 -0.025841
v 0.013732 0.002462 -0.025841
v 0.013495 0.003578 -0.025879
v 0.013910 0.003262 -0.025273
v 0.013927 0.001945 -0.025682
v 0.014155 0.001874 -0.025246
v 0.013949 0.000690 -0.025769
v 0.012200 -0.000684 -0.026460
v 0.012637 -0.001053 -0.026487
v 0.013518 0.000120 -0.026181
v 0.013518 0.000120 -0.026181
v 0.013016 -0.000209 -0.026433
v 0.013081 -0.001033 -0.026388
v 0.013081 -0.001033 -0.026388
v 0.013760 -0.000530 -0.025949
v 0.013528 -0.001551 -0.026094
v 0.013992 -0.000971 -0.025646
v 0.014035 -0.001346 -0.025437
v 0.014198 0.000030 -0.025387
v 0.014338 -0.000117 -0.024994
v 0.014263 -0.001477 -0.024968
v 0.014416 -0.000439 -0.024476
v 0.007053 -0.003383 -0.026165
v 0.006552 -0.005191 -0.026355
v 0.005969 -0.004641 -0.026062
v 0.007585 -0.004379 -0.026414
v 0.003181 -0.006284 -0.025768
v 0.004430 -0.005232 -0.025723
v 0.005092 -0.003797 -0.025546
v 0.004816 -0.006226 -0.026184
v 0.005152 -0.007129 -0.026430
v 0.005898 -0.005716 -0.026338
v 0.006724 -0.006691 -0.026486
v 0.006754 -0.009415 -0.026463
v 0.009140 -0.004763 -0.026448
v 0.009888 -0.007330 -0.026484
v 0.009888 -0.007330 -0.026484
v 0.008277 -0.009787 -0.026499
v 0.008277 -0.009787 -0.026499
v 0.005938 -0.011130 -0.026517
v 0.009917 -0.008010 -0.026445
v 0.009564 -0.009236 -0.026295
v 0.010117 -0.008500 -0.026275
v 0.008327 -0.010609 -0.026275
v 0.009418 -0.010066 -0.025962
v 0.006452 -0.001207 -0.025561
v 0.005653 -0.003871 -0.025719
v 0.007862 -0.001119 -0.026167
v 0.007478 -0.002082 -0.026114
v 0.006343 -0.002449 -0.025671
v 0.008042 -0.002049 -0.026231
v 0.008804 -0.001246 -0.026234
v 0.008259 -0.003699 -0.026371
v 0.007542 -0.003465 -0.026300
v 0.007774 -0.002553 -0.026216
v 0.009526 -0.001902 -0.025968
v 0.008698 -0.002181 -0.026145
v 0.009206 -0.002729 -0.025947
v 0.009904 -0.002725 -0.025859
v 0.009776 -0.003178 -0.025975
v 0.010429 -0.003061 -0.025915
v 0.010805 -0.002700 -0.025951
v 0.010798 -0.003439 -0.026094
v 0.008625 -0.003478 -0.026286
v 0.009819 -0.004738 -0.026416
v 0.009795 -0.003844 -0.026203
v 0.010594 -0.004559 -0.026371
v 0.012010 -0.002000 -0.026373
v 0.011281 -0.003091 -0.026170
v 0.011944 -0.003435 -0.026359
v 0.012534 -0.002720 -0.026419
v 0.012534 -0.002720 -0.026419
v 0.011942 -0.004258 -0.026375
v 0.011942 -0.004258 -0.026375
v 0.011018 -0.005359 -0.026441
v 0.011018 -0.005359 -0.026441
v 0.011160 -0.003888 -0.026275
v 0.011646 -0.005841 -0.026329
v 0.012857 -0.002930 -0.026313
v 0.012554 -0.004757 -0.026114
v 0.013154 -0.004217 -0.025864
v 0.011287 -0.006071 -0.026389
v 0.012350 -0.005683 -0.026028
v 0.013452 -0.002668 -0.025960
v 0.013946 -0.002123 -0.025513
v 0.010845 -0.007021 -0.026404
v 0.010685 -0.007956 -0.026242
v 0.011299 -0.007375 -0.026119
v 0.011621 -0.007767 -0.025587
v 0.011022 -0.008509 -0.025718
v 0.012185 -0.006662 -0.025734
v 0.012240 -0.007429 -0.025079
v 0.011806 -0.008196 -0.024878
v 0.010269 -0.009206 -0.025939
v 0.011074 -0.008921 -0.025370
v 0.010207 -0.009693 -0.025600
v 0.009398 -0.010658 -0.025484
v 0.009450 -0.010855 -0.025136
v 0.010835 -0.009344 -0.025176
v 0.010212 -0.010236 -0.024667
v 0.011645 -0.008542 -0.024719
v 0.011034 -0.009318 -0.024678
v 0.010731 -0.009801 -0.023859
v 0.011145 -0.009375 -0.023279
v 0.011818 -0.008424 -0.023385
v 0.012287 -0.007636 -0.024550
v 0.012986 -0.006332 -0.023327
v 0.012075 -0.008181 -0.022462
v 0.012947 -0.006583 -0.022538
v 0.010352 -0.010248 -0.023134
v 0.010810 -0.009818 -0.022871
v 0.011503 -0.009029 -0.021915
v 0.012588 -0.007375 -0.021200
v 0.011133 -0.009514 -0.020873
v 0.012895 -0.005407 -0.025660
v 0.012972 -0.005009 -0.025707
v 0.012770 -0.006279 -0.025268
v 0.013614 -0.003442 -0.025569
v 0.014074 -0.002659 -0.025030
v 0.014321 -0.001973 -0.024122
v 0.014192 -0.002596 -0.024368
v 0.013909 -0.004011 -0.024018
v 0.013301 -0.004598 -0.025541
v 0.013554 -0.004404 -0.025259
v 0.013263 -0.005365 -0.025043
v 0.013739 -0.004247 -0.024785
v 0.013339 -0.005545 -0.024369
v 0.012903 -0.006369 -0.024856
v 0.013549 -0.005099 -0.023189
v 0.013994 -0.003620 -0.023320
v 0.012613 -0.006889 -0.024931
v 0.002024 0.014719 -0.022949
v 0.002092 0.014732 -0.021594
v 0.002979 0.014646 -0.020822
v 0.003240 0.014491 -0.022580
v 0.003542 0.014386 -0.024032
v 0.005172 0.013789 -0.024357
v 0.004801 0.013989 -0.023411
v 0.004183 0.014257 -0.022242
v 0.003890 0.014302 -0.021558
v 0.004921 0.013983 -0.022617
v 0.004790 0.014031 -0.021779
v 0.004957 0.014041 -0.021187
v 0.003846 0.014370 -0.020723
v 0.003793 0.014382 -0.019484
v 0.005043 0.013932 -0.019812
v 0.005146 0.013704 -0.024917
v 0.005908 0.013389 -0.024941
v 0.006017 0.013198 -0.025274
v 0.006432 0.013289 -0.023718
v 0.006699 0.013052 -0.024737
v 0.006379 0.013300 -0.023063
v 0.006812 0.012885 -0.025119
v 0.007643 0.012376 -0.024989
v 0.007745 0.012481 -0.024277
v 0.008783 0.011518 -0.025079
v 0.008819 0.011671 -0.024601
v 0.007517 0.012668 -0.023326
v 0.008372 0.012117 -0.023409
v 0.005519 0.013738 -0.022717
v 0.005523 0.013771 -0.021789
v 0.005959 0.013502 -0.022143
v 0.006430 0.013371 -0.021402
v 0.007464 0.012761 -0.022901
v 0.006710 0.013208 -0.022429
v 0.005904 0.013643 -0.020939
v 0.005577 0.013689 -0.020344
v 0.006020 0.013539 -0.020085
v 0.007125 0.012997 -0.020392
v 0.007909 0.012513 -0.021996
v 0.008554 0.012050 -0.020805
v 0.008676 0.011910 -0.021672
v 0.008865 0.011754 -0.022812
v 0.009187 0.011569 -0.021334
v 0.009344 0.011431 -0.022480
v 0.001820 0.014805 -0.018180
v 0.002106 0.014701 -0.018677
v 0.002886 0.014600 -0.019855
v 0.002641 0.014666 -0.018820
v 0.003571 0.014379 -0.018510
v 0.002568 0.014740 -0.017958
v 0.005091 0.013962 -0.018527
v 0.005753 0.013668 -0.019183
v 0.004181 0.014247 -0.018582
v 0.003985 0.014307 -0.017323
v 0.005498 0.013767 -0.017415
v 0.006113 0.013485 -0.017432
v 0.003697 0.014363 -0.014735
v 0.004365 0.014213 -0.016078
v 0.005060 0.013970 -0.016668
v 0.005329 0.013823 -0.016022
v 0.006544 0.013365 -0.018840
v 0.006791 0.013170 -0.019875
v 0.007421 0.012787 -0.019558
v 0.007009 0.013015 -0.019537
v 0.007719 0.012568 -0.019780
v 0.006577 0.013317 -0.018061
v 0.006993 0.013061 -0.018587
v 0.006917 0.013041 -0.019176
v 0.007426 0.012906 -0.018767
v 0.007761 0.012579 -0.018556
v 0.008296 0.012182 -0.019966
v 0.009795 0.010996 -0.019613
v 0.008040 0.012442 -0.018707
v 0.006566 0.013334 -0.016636
v 0.006946 0.013089 -0.017816
v 0.007265 0.012914 -0.017499
v 0.009720 0.010645 -0.025237
v 0.009677 0.010850 -0.024905
v 0.010067 0.009979 -0.025594
v 0.010849 0.009509 -0.025222
v 0.009866 0.010787 -0.024563
v 0.009384 0.011295 -0.023787
v 0.010490 0.010236 -0.023765
v 0.010902 0.009719 -0.024313
v 0.009461 0.011237 -0.022889
v 0.009802 0.010859 -0.023279
v 0.009692 0.010962 -0.022435
v 0.010359 0.010401 -0.022342
v 0.010332 0.010461 -0.023113
v 0.009575 0.011186 -0.021672
v 0.009965 0.010844 -0.021757
v 0.009738 0.011012 -0.020885
v 0.003425 0.014494 -0.013845
v 0.002945 0.014583 -0.016007
v 0.006062 0.013511 -0.016406
v 0.004957 0.013972 -0.014390
v 0.005772 0.013679 -0.016022
v 0.005729 0.013668 -0.014910
v 0.006143 0.013444 -0.015566
v 0.009043 0.011668 -0.019496
v 0.008514 0.012005 -0.019183
v 0.008782 0.011894 -0.017431
v 0.009332 0.011387 -0.018827
v 0.008114 0.012433 -0.017349
v 0.007680 0.012560 -0.017419
v 0.007438 0.012822 -0.016649
v 0.006944 0.013066 -0.015990
v 0.006476 0.013338 -0.015385
v 0.007542 0.012811 -0.015861
v 0.007835 0.012495 -0.016162
v 0.008213 0.012330 -0.015806
v 0.009327 0.011435 -0.018216
v 0.009776 0.011065 -0.017273
v 0.009459 0.011278 -0.017432
v 0.008816 0.011894 -0.015590
v 0.009309 0.011452 -0.016590
v 0.009730 0.011143 -0.016259
v 0.010748 0.010143 -0.016400
v 0.010961 0.009087 -0.025553
v 0.011620 0.008550 -0.025262
v 0.011661 0.008240 -0.025505
v 0.012143 0.007677 -0.025341
v 0.011963 0.008304 -0.024366
v 0.011278 0.009394 -0.023341
v 0.011545 0.008996 -0.024013
v 0.012248 0.007990 -0.023412
v 0.012538 0.007286 -0.024612
v 0.011452 0.009135 -0.022755
v 0.010288 0.010557 -0.021243
v 0.011107 0.009658 -0.021653
v 0.012023 0.008370 -0.022464
v 0.011549 0.009109 -0.020765
v 0.012582 0.007486 -0.021608
v 0.012679 0.007142 -0.022653
v 0.013060 0.006532 -0.021500
v 0.012740 0.006423 -0.025488
v 0.013083 0.006132 -0.024746
v 0.012887 0.006817 -0.023218
v 0.013251 0.005360 -0.025218
v 0.013559 0.004924 -0.024723
v 0.013583 0.004655 -0.025023
v 0.014037 0.003213 -0.024681
v 0.013573 0.005140 -0.023382
v 0.013677 0.004020 -0.025166
v 0.013032 0.006432 -0.022496
v 0.013599 0.005181 -0.021784
v 0.014329 0.001453 -0.024638
v 0.014118 0.003127 -0.023225
v 0.014343 0.001977 -0.022590
v 0.014428 0.000893 -0.023048
v 0.014401 0.000418 -0.023473
v 0.014418 0.000914 -0.022643
v 0.014488 -0.000052 -0.022939
v 0.014419 0.000561 -0.022230
v 0.014429 -0.001053 -0.023331
v 0.014074 0.003755 -0.021573
v 0.013794 0.004717 -0.020825
v 0.013894 0.004246 -0.020512
v 0.014328 0.002427 -0.020758
v 0.014506 0.001264 -0.021099
v 0.014525 -0.000272 -0.021554
v 0.014293 0.001814 -0.020100
v 0.014473 0.000885 -0.020231
v 0.014544 -0.001199 -0.020601
v 0.010703 0.010120 -0.020556
v 0.010418 0.010409 -0.018767
v 0.011281 0.009427 -0.018997
v 0.011995 0.008465 -0.019943
v 0.011767 0.008770 -0.017916
v 0.012590 0.007500 -0.020073
v 0.012190 0.008252 -0.019302
v 0.012070 0.008383 -0.018849
v 0.012337 0.007850 -0.018655
v 0.012931 0.006731 -0.019329
v 0.012656 0.007393 -0.018454
v 0.013140 0.006439 -0.018309
v 0.013270 0.006136 -0.019956
v 0.011472 0.009250 -0.017245
v 0.012129 0.008335 -0.016639
v 0.012190 0.008289 -0.018003
v 0.011501 0.009200 -0.015067
v 0.012410 0.007816 -0.017977
v 0.012288 0.007952 -0.017286
v 0.012680 0.007477 -0.017209
v 0.012815 0.007065 -0.017468
v 0.012370 0.007912 -0.015701
v 0.012794 0.007136 -0.015808
v 0.013537 0.005435 -0.017083
v 0.013497 0.005553 -0.018378
v 0.013161 0.006521 -0.016204
v 0.013518 0.005543 -0.016513
v 0.013492 0.005640 -0.015628
v 0.013444 0.005642 -0.020571
v 0.013453 0.005643 -0.019474
v 0.013573 0.005102 -0.019939
v 0.013905 0.004414 -0.019769
v 0.014023 0.003825 -0.020347
v 0.014125 0.003608 -0.020692
v 0.013679 0.005020 -0.018405
v 0.014157 0.003677 -0.018747
v 0.014255 0.003332 -0.019174
v 0.014067 0.004004 -0.019368
v 0.014358 0.002164 -0.018995
v 0.014140 0.003542 -0.017986
v 0.014397 0.001964 -0.018624
v 0.014347 0.002111 -0.017649
v 0.014252 0.002708 -0.020051
v 0.014416 0.001407 -0.018471
v 0.013873 0.004556 -0.017611
v 0.013901 0.004525 -0.016198
v 0.013658 0.005070 -0.015775
v 0.014028 0.003895 -0.017170
v 0.014266 0.002981 -0.017443
v 0.014120 0.003861 -0.016634
v 0.014249 0.003461 -0.016385
v 0.014390 0.002226 -0.016816
v 0.014434 0.001499 -0.015799
v 0.014544 0.000718 -0.016297
v 0.014307 -0.002393 -0.023131
v 0.014449 -0.001664 -0.022574
v 0.014438 -0.001385 -0.021775
v 0.014334 -0.002517 -0.022401
v 0.013890 -0.004171 -0.022389
v 0.014018 -0.004045 -0.020695
v 0.013769 -0.004789 -0.021179
v 0.014335 -0.002395 -0.021401
v 0.014408 -0.002170 -0.020851
v 0.014287 -0.002638 -0.020066
v 0.014341 -0.002731 -0.018822
v 0.013832 -0.004559 -0.018696
v 0.014087 -0.003701 -0.017790
v 0.013382 -0.005630 -0.021753
v 0.013541 -0.005227 -0.022496
v 0.013112 -0.006279 -0.021140
v 0.013256 -0.006102 -0.020237
v 0.012841 -0.006812 -0.020210
v 0.013014 -0.006407 -0.019971
v 0.012143 -0.008120 -0.020710
v 0.011624 -0.008826 -0.020489
v 0.012802 -0.007020 -0.019354
v 0.011967 -0.008340 -0.019372
v 0.013902 -0.004477 -0.020096
v 0.013554 -0.005411 -0.019751
v 0.013265 -0.006010 -0.019474
v 0.013277 -0.006099 -0.018773
v 0.013684 -0.004793 -0.017795
v 0.013541 -0.005394 -0.018877
v 0.012202 -0.008012 -0.018127
v 0.011782 -0.008588 -0.019041
v 0.012205 -0.008033 -0.016838
v 0.012509 -0.007547 -0.017541
v 0.013003 -0.006542 -0.018428
v 0.013330 -0.005905 -0.017550
v 0.012936 -0.006851 -0.017246
v 0.014543 0.000339 -0.018681
v 0.014504 -0.001303 -0.018937
v 0.014564 -0.000019 -0.017740
v 0.014520 -0.001009 -0.017572
v 0.014415 -0.001959 -0.017308
v 0.014277 -0.002785 -0.017369
v 0.014534 -0.000491 -0.016652
v 0.014141 -0.003274 -0.017141
v 0.014099 -0.003755 -0.016359
v 0.014520 0.001024 -0.015747
v 0.014406 0.002030 -0.015857
v 0.014545 0.001365 -0.015210
v 0.014560 0.000496 -0.015309
v 0.014595 -0.000477 -0.015064
v 0.014431 -0.001938 -0.016452
v 0.014338 -0.002389 -0.015752
v 0.014305 -0.002906 -0.015757
v 0.014402 -0.002240 -0.014272
v 0.014048 -0.003935 -0.017297
v 0.013861 -0.004469 -0.017230
v 0.013773 -0.004895 -0.017303
v 0.013558 -0.005499 -0.016692
v 0.013825 -0.004479 -0.016693
v 0.014003 -0.004116 -0.015270
v 0.013489 -0.005575 -0.015778
v 0.013098 -0.006369 -0.016034
v 0.012911 -0.006881 -0.016033
v 0.012417 -0.007791 -0.016009
v 0.013024 -0.006624 -0.014412
v 0.012296 -0.007956 -0.014838
v 0.014195 -0.003519 -0.015682
v 0.013832 -0.004602 -0.014085
v 0.014191 -0.003396 -0.014095
v 0.013342 -0.005896 -0.013203
v 0.012817 -0.007026 -0.013862
v 0.013623 -0.005251 -0.013550
v 0.006650 0.013277 -0.014835
v 0.005846 0.013650 -0.013174
v 0.006722 0.013191 -0.013879
v 0.004476 0.014189 -0.010780
v 0.005826 0.013670 -0.010803
v 0.006353 0.013412 -0.011767
v 0.006422 0.013335 -0.012427
v 0.005495 0.013722 -0.011971
v 0.007128 0.013059 -0.012914
v 0.007060 0.013032 -0.011006
v 0.007830 0.012666 -0.012289
v 0.007362 0.012870 -0.014981
v 0.007717 0.012638 -0.014681
v 0.009363 0.011470 -0.014656
v 0.008219 0.012317 -0.013819
v 0.007846 0.012553 -0.013234
v 0.009345 0.011383 -0.015773
v 0.009659 0.011196 -0.015199
v 0.010174 0.010605 -0.014117
v 0.009585 0.011298 -0.013989
v 0.008903 0.011881 -0.013584
v 0.010742 0.010055 -0.014355
v 0.007969 0.012511 -0.011175
v 0.008499 0.012097 -0.010955
v 0.008983 0.011782 -0.011654
v 0.010146 0.010688 -0.012829
v 0.010825 0.009959 -0.012968
v 0.011922 0.008708 -0.013180
v 0.009986 0.010905 -0.011792
v 0.010298 0.010658 -0.010997
v 0.011026 0.009803 -0.011434
v 0.011641 0.008988 -0.011741
v 0.007212 0.013024 -0.009469
v 0.007856 0.012602 -0.009894
v 0.007883 0.012742 -0.006446
v 0.007785 0.012751 -0.007003
v 0.006776 0.013235 -0.006881
v 0.008434 0.012271 -0.007601
v 0.007866 0.012663 -0.005817
v 0.006794 0.013190 -0.005738
v 0.008423 0.012230 -0.010445
v 0.009004 0.011864 -0.010751
v 0.008365 0.012328 -0.009765
v 0.009051 0.011799 -0.009464
v 0.009173 0.011725 -0.010216
v 0.009903 0.011008 -0.010400
v 0.008439 0.012256 -0.008785
v 0.010836 0.010069 -0.010434
v 0.009870 0.011021 -0.009724
v 0.011304 0.009509 -0.010257
v 0.011376 0.009436 -0.011163
v 0.010956 0.010051 -0.009591
v 0.009693 0.011234 -0.008089
v 0.010446 0.010498 -0.008664
v 0.009765 0.011180 -0.008542
v 0.008762 0.012058 -0.006672
v 0.012199 0.008310 -0.009310
v 0.011145 0.009757 -0.008838
v 0.011065 0.009899 -0.007054
v 0.010990 0.009962 -0.005473
v 0.010221 0.010755 -0.006326
v 0.012019 0.008623 -0.007093
v 0.012272 0.008237 -0.006054
v 0.012620 0.007642 -0.006792
v 0.012157 0.008303 -0.015013
v 0.011757 0.008793 -0.014482
v 0.012258 0.008211 -0.014298
v 0.012679 0.007435 -0.015031
v 0.013213 0.006405 -0.014727
v 0.013653 0.005258 -0.015009
v 0.013230 0.006282 -0.013867
v 0.013597 0.005439 -0.013552
v 0.014009 0.004152 -0.014062
v 0.012253 0.008179 -0.011783
v 0.012331 0.008000 -0.011131
v 0.012739 0.007328 -0.011954
v 0.013008 0.006765 -0.011139
v 0.012691 0.007329 -0.013237
v 0.013200 0.006425 -0.013272
v 0.013015 0.006713 -0.012442
v 0.013334 0.006154 -0.012056
v 0.013834 0.004860 -0.011880
v 0.013600 0.005514 -0.011040
v 0.014234 0.003525 -0.011493
v 0.014057 0.004158 -0.012964
v 0.014172 0.003608 -0.012411
v 0.014080 0.004298 -0.015264
v 0.014275 0.003163 -0.015245
v 0.014164 0.003689 -0.014553
v 0.014294 0.003249 -0.013760
v 0.014402 0.002643 -0.014308
v 0.014377 0.002832 -0.012939
v 0.012643 0.007516 -0.010720
v 0.012646 0.007466 -0.009885
v 0.012855 0.007215 -0.009291
v 0.013292 0.006324 -0.010062
v 0.013497 0.005850 -0.009171
v 0.013279 0.006239 -0.009200
v 0.012884 0.007220 -0.008435
v 0.013899 0.004815 -0.010272
v 0.012252 0.008204 -0.008096
v 0.011694 0.009067 -0.008413
v 0.012362 0.007982 -0.008471
v 0.013302 0.006349 -0.007713
v 0.012828 0.007168 -0.007199
v 0.013062 0.006893 -0.006812
v 0.012895 0.007107 -0.006053
v 0.013578 0.005736 -0.007322
v 0.013573 0.005748 -0.006138
v 0.014425 0.002571 -0.011632
v 0.014521 0.002164 -0.012353
v 0.014566 0.001467 -0.011575
v 0.014565 0.001305 -0.012964
v 0.014334 0.003056 -0.010492
v 0.014520 0.002268 -0.010916
v 0.014600 0.001166 -0.010045
v 0.014499 0.002276 -0.010410
v 0.014640 0.000625 -0.010969
v 0.014573 0.000297 -0.012106
v 0.014532 -0.000970 -0.011868
v 0.014535 -0.000875 -0.013693
v 0.013138 -0.006430 -0.011856
v 0.013297 -0.006153 -0.012729
v 0.013608 -0.005276 -0.011839
v 0.013978 -0.004433 -0.011301
v 0.013898 -0.004496 -0.011818
v 0.014321 -0.002755 -0.011147
v 0.013758 -0.004864 -0.010895
v 0.013343 -0.006158 -0.011191
v 0.013557 -0.005586 -0.010677
v 0.013614 -0.005094 -0.012710
v 0.012991 -0.006776 -0.012958
v 0.014046 -0.004066 -0.010640
v 0.014030 -0.004287 -0.009825
v 0.013690 -0.005345 -0.010049
v 0.014315 -0.002919 -0.009757
v 0.014079 -0.004160 -0.008553
v 0.013713 -0.005170 -0.008764
v 0.014075 0.004340 -0.009398
v 0.014419 0.002991 -0.009589
v 0.014244 0.003476 -0.008918
v 0.014426 0.002759 -0.008704
v 0.014128 0.004053 -0.008806
v 0.014315 0.003442 -0.008483
v 0.014458 0.002382 -0.008718
v 0.014473 0.003003 -0.007806
v 0.014562 0.001917 -0.008156
v 0.014503 0.002768 -0.006560
v 0.014651 0.002292 -0.007497
v 0.014151 0.004222 -0.006908
v 0.014077 0.004522 -0.005646
v 0.014624 0.001590 -0.006535
v 0.014609 0.002015 -0.005455
v 0.014684 0.001098 -0.006193
v 0.014706 0.001241 -0.005008
v 0.014714 0.000288 -0.005782
v 0.014622 0.002092 -0.009541
v 0.014620 0.001375 -0.009499
v 0.014625 0.001353 -0.008694
v 0.014614 0.000542 -0.009048
v 0.014675 -0.000334 -0.008732
v 0.014644 0.000585 -0.008464
v 0.014638 -0.000165 -0.007933
v 0.014657 0.001113 -0.007497
v 0.014697 0.000221 -0.006895
v 0.014692 -0.000413 -0.006340
v 0.014604 -0.001167 -0.009249
v 0.014571 -0.001452 -0.008290
v 0.014445 -0.001811 -0.009015
v 0.014494 -0.002003 -0.008622
v 0.014421 -0.002148 -0.009229
v 0.014487 -0.001949 -0.007598
v 0.014663 -0.000721 -0.007397
v 0.014521 -0.002091 -0.006992
v 0.014388 -0.003032 -0.006617
v 0.014345 -0.003080 -0.008436
v 0.013464 -0.005857 -0.007407
v 0.014033 -0.004295 -0.006695
v 0.014587 -0.001533 -0.006087
v 0.014529 -0.002354 -0.005357
v 0.014421 -0.002829 -0.005657
v 0.014762 -0.000587 -0.005362
v 0.014798 0.000232 -0.005159
v 0.014584 -0.001627 -0.005076
v 0.014306 -0.003583 -0.005147
v 0.014004 -0.004508 -0.006044
v 0.014046 -0.004455 -0.004272
v 0.014578 -0.002000 -0.004419
v 0.014424 -0.002943 -0.004098
v 0.006270 0.004254 -0.025852
v 0.008395 -0.002786 -0.026199
v 0.008950 -0.003062 -0.026061
v 0.014084 0.004207 -0.018336
v 0.003703 0.014374 -0.012331
v 0.004719 0.014025 -0.012584
v 0.004699 0.014102 -0.011702
v 0.004921 0.014021 -0.008732
v 0.005574 0.013836 -0.008723
v 0.005004 0.014043 -0.007759
v 0.005635 0.013871 -0.007905
v 0.007922 0.012707 -0.008275
v 0.005667 0.013805 -0.007268
v 0.006025 0.013598 -0.005854
v 0.007065 0.013181 -0.007785
v 0.008981 0.011793 -0.008439
v 0.009244 0.011583 -0.005976
v 0.013994 0.004431 -0.008560
v 0.013842 0.005046 -0.008070
v 0.014426 0.001814 -0.013696
v 0.014583 0.000875 -0.014538
v 0.014598 0.000926 -0.013909
v 0.014530 0.000110 -0.014582
v 0.014556 -0.001406 -0.011223
v 0.014604 -0.000078 -0.010072
v 0.014333 -0.002827 -0.012290
v 0.014298 -0.002788 -0.013228
v 0.013931 -0.004331 -0.012724
v 0.014148 -0.003375 -0.010402
v 0.013119 -0.006592 -0.010268
v -0.005610 -0.008095 -0.026280
v -0.006975 -0.011200 -0.026264
v -0.006881 -0.011644 -0.026150
v -0.006881 -0.011644 -0.026150
v -0.001462 -0.009436 -0.026331
v -0.006023 -0.010879 -0.026315
v -0.004429 -0.011845 -0.026326
v -0.007685 -0.011581 -0.025953
v -0.007748 -0.011922 -0.025651
v -0.006371 -0.012784 -0.025604
v -0.008290 -0.012104 -0.025021
v -0.007915 -0.012479 -0.024745
v -0.007382 -0.012546 -0.025241
v -0.007422 -0.012780 -0.024265
v -0.006224 -0.013328 -0.024895
v -0.006005 -0.012584 -0.025873
v -0.006539 -0.013109 -0.025156
v -0.005778 -0.013343 -0.025319
v -0.004956 -0.012298 -0.026205
v -0.004956 -0.012298 -0.026205
v -0.004445 -0.013085 -0.025954
v -0.004860 -0.013336 -0.025662
v -0.005293 -0.013601 -0.025151
v -0.005238 -0.013771 -0.024418
v -0.003619 -0.014188 -0.024859
v 0.000866 -0.011407 -0.026387
v -0.000062 -0.012664 -0.026431
v -0.003395 -0.012553 -0.026327
v -0.003813 -0.012890 -0.026169
v -0.003813 -0.012890 -0.026169
v -0.002805 -0.013902 -0.025678
v -0.004111 -0.013784 -0.025417
v -0.003385 -0.014142 -0.025166
v -0.002714 -0.013469 -0.026028
v -0.002714 -0.013469 -0.026028
v -0.001699 -0.013271 -0.026272
v -0.001434 -0.013927 -0.025885
v -0.001434 -0.013927 -0.025885
v 0.000304 -0.013066 -0.026399
v -0.000604 -0.013624 -0.026159
v -0.007038 -0.013003 -0.023101
v -0.006324 -0.013379 -0.023231
v -0.007349 -0.012955 -0.021867
v -0.006453 -0.013388 -0.021988
v -0.004687 -0.014009 -0.023334
v -0.005478 -0.013814 -0.022040
v -0.005679 -0.013619 -0.023061
v -0.004390 -0.014172 -0.022763
v -0.007239 -0.013003 -0.020364
v -0.006802 -0.013233 -0.020771
v -0.007415 -0.012915 -0.019212
v -0.005857 -0.013663 -0.019443
v -0.005499 -0.013818 -0.020475
v -0.004375 -0.014211 -0.021351
v -0.004484 -0.014162 -0.020303
v -0.005015 -0.014035 -0.019873
v -0.004205 -0.014231 -0.018629
v -0.002376 -0.008279 -0.026227
v -0.000743 -0.008552 -0.026259
v -0.002432 -0.014462 -0.024653
v -0.003902 -0.014230 -0.024027
v -0.002545 -0.014526 -0.023908
v -0.003347 -0.014395 -0.022843
v -0.002297 -0.014594 -0.023110
v -0.001812 -0.014319 -0.025340
v -0.001692 -0.014577 -0.024558
v -0.000818 -0.014504 -0.025170
v -0.000825 -0.014174 -0.025698
v -0.000825 -0.014174 -0.025698
v -0.001096 -0.014645 -0.024400
v 0.000673 -0.014307 -0.025531
v 0.000673 -0.014307 -0.025531
v 0.000207 -0.014662 -0.024393
v -0.000842 -0.014718 -0.023410
v -0.002488 -0.014676 -0.021227
v -0.003358 -0.014476 -0.020607
v -0.002093 -0.014698 -0.022137
v -0.001671 -0.014740 -0.020688
v -0.000899 -0.014853 -0.022538
v 0.000113 -0.014770 -0.022546
v -0.000075 -0.014791 -0.021223
v 0.000874 -0.014802 -0.021616
v 0.000651 -0.014804 -0.022530
v -0.006802 -0.013241 -0.017956
v -0.005349 -0.013868 -0.018434
v -0.005608 -0.013783 -0.017378
v -0.006718 -0.013249 -0.017228
v -0.004670 -0.014151 -0.018619
v -0.003714 -0.014401 -0.019528
v -0.003318 -0.014454 -0.017959
v -0.004548 -0.014135 -0.017979
v -0.002360 -0.014642 -0.019254
v -0.000582 -0.014787 -0.018138
v -0.001810 -0.014688 -0.018014
v 0.000564 -0.014796 -0.019843
v -0.001372 -0.014701 -0.017388
v 0.001444 -0.014719 -0.018392
v 0.000263 -0.014786 -0.017601
v 0.001519 -0.014680 -0.017204
v 0.002317 -0.014659 -0.017619
v -0.004978 -0.013941 -0.017401
v -0.005919 -0.013588 -0.015093
v -0.004814 -0.014017 -0.015276
v -0.005282 -0.013903 -0.016356
v -0.003924 -0.014358 -0.016030
v -0.004467 -0.014082 -0.014470
v -0.002123 -0.014722 -0.017576
v -0.002158 -0.014666 -0.016797
v -0.000288 -0.014792 -0.016465
v 0.002451 -0.012919 -0.026416
v 0.002927 -0.012434 -0.026477
v 0.000891 -0.013572 -0.026222
v 0.002540 -0.013442 -0.026167
v 0.004644 -0.012189 -0.026452
v 0.003761 -0.012821 -0.026351
v 0.004115 -0.013244 -0.026019
v 0.004115 -0.013244 -0.026019
v 0.002346 -0.013980 -0.025680
v 0.002346 -0.013980 -0.025680
v 0.004770 -0.013377 -0.025667
v 0.005116 -0.012574 -0.026271
v 0.005116 -0.012574 -0.026271
v 0.004928 -0.013468 -0.025455
v 0.003955 -0.013889 -0.025149
v 0.004421 -0.013918 -0.024349
v 0.000899 -0.013866 -0.026005
v 0.000507 -0.014504 -0.025118
v 0.001677 -0.014555 -0.024410
v 0.001699 -0.014402 -0.025126
v 0.001699 -0.014402 -0.025126
v 0.002647 -0.014212 -0.025227
v 0.002810 -0.014318 -0.024815
v 0.000585 -0.014714 -0.023189
v 0.001257 -0.014667 -0.023363
v 0.002304 -0.014582 -0.022930
v 0.002048 -0.014606 -0.022699
v 0.003411 -0.014336 -0.022826
v 0.002235 -0.014634 -0.022206
v 0.003677 -0.014341 -0.021767
v 0.004875 -0.013870 -0.022845
v 0.005533 -0.013592 -0.023377
v 0.006010 -0.013279 -0.024315
v 0.005902 -0.011906 -0.026407
v 0.005902 -0.011906 -0.026407
v 0.006200 -0.011361 -0.026497
v 0.006200 -0.011361 -0.026497
v 0.005595 -0.012984 -0.025787
v 0.007081 -0.011588 -0.026252
v 0.007762 -0.010699 -0.026421
v 0.007762 -0.010699 -0.026421
v 0.008363 -0.011284 -0.025804
v 0.007331 -0.012073 -0.025707
v 0.008172 -0.011814 -0.025320
v 0.007069 -0.012517 -0.025367
v 0.005869 -0.012597 -0.026000
v 0.005829 -0.013125 -0.025406
v 0.007042 -0.012774 -0.024092
v 0.008198 -0.012003 -0.024279
v 0.008560 -0.011440 -0.025447
v 0.001835 -0.014706 -0.020785
v 0.002139 -0.014631 -0.018912
v 0.003538 -0.014343 -0.020543
v 0.005363 -0.013734 -0.021946
v 0.004663 -0.013999 -0.020613
v 0.004397 -0.014135 -0.019923
v 0.006078 -0.013399 -0.020732
v 0.003324 -0.014414 -0.019598
v 0.002793 -0.014453 -0.018494
v 0.004211 -0.014140 -0.018803
v 0.003208 -0.014455 -0.017545
v 0.001987 -0.014653 -0.016107
v 0.004947 -0.013973 -0.017460
v 0.005528 -0.013663 -0.018895
v 0.006209 -0.013326 -0.019230
v 0.006749 -0.013108 -0.020116
v 0.006117 -0.013333 -0.023183
v 0.007452 -0.012665 -0.022466
v 0.007774 -0.012370 -0.022927
v 0.006360 -0.013295 -0.021951
v 0.007442 -0.012674 -0.021460
v 0.008264 -0.012111 -0.022120
v 0.008371 -0.012022 -0.023030
v 0.008979 -0.011499 -0.023437
v 0.009707 -0.010878 -0.023745
v 0.010072 -0.010684 -0.022608
v 0.009224 -0.011379 -0.022936
v 0.009499 -0.011085 -0.022961
v 0.006839 -0.013035 -0.020596
v 0.008026 -0.012287 -0.020295
v 0.008394 -0.012094 -0.020974
v 0.009378 -0.011251 -0.022350
v 0.009537 -0.011191 -0.021064
v 0.009013 -0.011581 -0.019612
v 0.010553 -0.010129 -0.021818
v 0.010767 -0.009891 -0.020701
v 0.010382 -0.010376 -0.019988
v 0.001092 -0.014752 -0.016462
v 0.000920 -0.014721 -0.015944
v 0.001222 -0.014712 -0.014929
v 0.002938 -0.014460 -0.014900
v -0.005548 -0.013771 -0.013731
v -0.005702 -0.013687 -0.012558
v -0.004144 -0.014270 -0.013136
v -0.003835 -0.014280 -0.014329
v -0.002827 -0.014555 -0.015297
v -0.002914 -0.014492 -0.012571
v -0.001920 -0.014715 -0.013089
v -0.001869 -0.014694 -0.014557
v -0.001147 -0.014753 -0.015309
v 0.000411 -0.014790 -0.014458
v 0.001528 -0.014756 -0.014008
v -0.000408 -0.014770 -0.013543
v -0.000545 -0.014840 -0.012575
v 0.001694 -0.014762 -0.011951
v -0.000108 -0.014834 -0.011796
v 0.001048 -0.014755 -0.012923
v 0.001944 -0.014659 -0.012895
v 0.002569 -0.014530 -0.012973
v 0.003203 -0.014463 -0.012002
v -0.004930 -0.014001 -0.009189
v -0.004825 -0.014014 -0.008201
v -0.003854 -0.014310 -0.007844
v -0.003338 -0.014445 -0.009105
v -0.005152 -0.013857 -0.007341
v -0.004454 -0.014160 -0.007369
v -0.003065 -0.014438 -0.007289
v -0.002967 -0.014468 -0.008344
v -0.002127 -0.014738 -0.007407
v -0.004751 -0.014083 -0.006435
v -0.004106 -0.014261 -0.006598
v -0.003456 -0.014445 -0.005843
v -0.003592 -0.014380 -0.004877
v -0.002315 -0.014624 -0.006164
v 0.002652 -0.014581 -0.011237
v 0.001733 -0.014760 -0.011045
v 0.002177 -0.014693 -0.009894
v 0.001380 -0.014802 -0.009239
v 0.001598 -0.014831 -0.010087
v 0.003703 -0.014278 -0.010693
v 0.002870 -0.014568 -0.010080
v 0.003544 -0.014363 -0.008445
v 0.000660 -0.014906 -0.008806
v 0.001742 -0.014686 -0.008061
v 0.000471 -0.014900 -0.007474
v 0.002952 -0.014524 -0.008320
v 0.004316 -0.014120 -0.009135
v 0.002155 -0.014688 -0.006620
v 0.003359 -0.014440 -0.016308
v 0.003648 -0.014295 -0.017197
v 0.005050 -0.013929 -0.015977
v 0.004204 -0.014112 -0.014599
v 0.003510 -0.014404 -0.013331
v 0.007613 -0.012563 -0.014332
v 0.005955 -0.013468 -0.014665
v 0.007197 -0.012821 -0.015599
v 0.008101 -0.012286 -0.015277
v 0.009675 -0.010992 -0.017510
v 0.008191 -0.012179 -0.017334
v 0.008585 -0.011957 -0.018629
v 0.011163 -0.009286 -0.020174
v 0.009944 -0.010806 -0.019522
v 0.011608 -0.008826 -0.018038
v 0.010983 -0.009542 -0.017902
v 0.011727 -0.008621 -0.018287
v 0.011549 -0.008928 -0.016322
v 0.008610 -0.011865 -0.015700
v 0.008910 -0.011676 -0.015178
v 0.007105 -0.012865 -0.008185
v 0.005960 -0.013510 -0.009119
v 0.007126 -0.012950 -0.009825
v 0.007697 -0.012504 -0.008730
v 0.011809 -0.008665 -0.014303
v 0.010808 -0.009790 -0.016009
v 0.009719 -0.010995 -0.014196
v 0.009859 -0.010873 -0.014886
v 0.011476 -0.009122 -0.013502
v 0.012059 -0.008347 -0.012339
v 0.012758 -0.007194 -0.011661
v 0.012306 -0.007971 -0.013039
v 0.012577 -0.007427 -0.012964
v 0.011027 -0.009749 -0.012988
v 0.011454 -0.009264 -0.011759
v -0.003478 -0.014407 -0.004035
v -0.002577 -0.014548 -0.003535
v -0.003178 -0.014525 -0.003074
v -0.002864 -0.014580 -0.001264
v -0.002354 -0.014652 0.000078
v -0.001491 -0.014780 -0.000471
v -0.002716 -0.014654 -0.001812
v -0.002055 -0.014712 -0.002958
v -0.001959 -0.014738 -0.003960
v -0.000932 -0.014781 -0.003575
v 0.000282 -0.014854 -0.001129
v -0.000583 -0.014852 -0.001440
v -0.000132 -0.014775 -0.001713
v 0.001034 -0.014784 -0.002175
v 0.000517 -0.014826 -0.005896
v -0.000699 -0.014817 -0.006726
v 0.000133 -0.014964 -0.004831
v 0.001740 -0.014722 -0.005616
v -0.000435 -0.014879 -0.005544
v -0.000015 -0.014772 -0.003693
v -0.000786 -0.014830 -0.004699
v 0.001876 -0.014718 -0.003873
v 0.000578 -0.014849 -0.003915
v 0.001059 -0.014834 -0.003955
v 0.002340 -0.014707 -0.005902
v 0.002780 -0.014624 -0.005331
v 0.003010 -0.014556 -0.004557
v 0.003636 -0.014350 -0.006503
v 0.003092 -0.014510 -0.005945
v 0.004387 -0.014124 -0.007025
v 0.004462 -0.014095 -0.006323
v 0.003461 -0.014443 -0.005963
v 0.003932 -0.014243 -0.005777
v 0.004540 -0.014123 -0.005045
v 0.003738 -0.014350 -0.004994
v 0.003131 -0.014489 -0.005014
v 0.001227 -0.014868 -0.003413
v 0.001945 -0.014750 -0.003367
v 0.002922 -0.014559 -0.003436
v 0.002517 -0.014607 -0.002277
v 0.002970 -0.014574 -0.003036
v 0.003270 -0.014478 -0.002742
v 0.005056 -0.013915 -0.004516
v 0.005256 -0.013791 -0.005532
v 0.004642 -0.014017 -0.004015
v 0.004980 -0.013953 -0.003698
v 0.003774 -0.014351 -0.003766
v 0.004510 -0.014162 -0.002933
v 0.001189 -0.014797 -0.000622
v 0.000616 -0.014910 0.000621
v -0.002327 -0.014646 0.002820
v -0.001128 -0.014850 0.002202
v -0.001068 -0.014849 0.003712
v -0.001435 -0.014773 0.002844
v 0.000339 -0.014869 0.003611
v -0.001305 -0.014802 0.004240
v -0.000883 -0.014857 0.001638
v -0.000032 -0.014850 0.001180
v 0.000025 -0.014905 0.002188
v 0.001702 -0.014792 0.004059
v 0.001601 -0.014758 0.002590
v 0.002592 -0.014645 -0.000872
v 0.003898 -0.014350 -0.001030
v 0.004061 -0.014250 0.000022
v 0.005441 -0.013810 -0.000528
v 0.004745 -0.014055 -0.001263
v 0.006261 -0.013476 -0.001965
v 0.006297 -0.013430 -0.000335
v 0.005743 -0.013706 0.000687
v 0.003267 -0.014428 0.002597
v 0.002524 -0.014619 0.002461
v 0.002501 -0.014550 0.001697
v 0.003406 -0.014367 0.001265
v 0.006360 -0.013239 -0.008206
v 0.006304 -0.013337 -0.007381
v 0.005659 -0.013651 -0.008048
v 0.007236 -0.012798 -0.006489
v 0.007500 -0.012598 -0.006756
v 0.010549 -0.010229 -0.008554
v 0.009957 -0.010759 -0.008216
v 0.009931 -0.010932 -0.009715
v 0.009151 -0.011531 -0.008820
v 0.009553 -0.011122 -0.007609
v 0.008078 -0.012318 -0.010018
v 0.008508 -0.012077 -0.008947
v 0.008004 -0.012377 -0.007682
v 0.007881 -0.012488 -0.005864
v 0.007523 -0.012714 -0.004694
v 0.007995 -0.012505 -0.004650
v 0.010724 -0.010053 -0.007047
v 0.008965 -0.011726 -0.006601
v 0.008465 -0.012014 -0.006039
v 0.008145 -0.012250 -0.006850
v 0.008775 -0.011870 -0.004847
v 0.012145 -0.008215 -0.010969
v 0.013186 -0.006553 -0.009273
v 0.012332 -0.008070 -0.009951
v 0.012475 -0.007786 -0.009381
v 0.011363 -0.009495 -0.010690
v 0.010587 -0.010228 -0.009858
v 0.011137 -0.009636 -0.009700
v 0.011031 -0.009664 -0.008512
v 0.011792 -0.008746 -0.009384
v 0.011950 -0.008689 -0.008169
v 0.011863 -0.008762 -0.007533
v 0.012631 -0.007580 -0.007398
v 0.011217 -0.009495 -0.007247
v 0.010587 -0.010204 -0.004897
v 0.010333 -0.010617 -0.004837
v 0.010315 -0.010495 -0.005764
v 0.010601 -0.010252 -0.004557
v 0.011058 -0.009712 -0.005055
v 0.009899 -0.010978 -0.004092
v 0.011348 -0.009475 -0.003771
v 0.010742 -0.010069 -0.003153
v 0.009591 -0.011228 -0.005010
v 0.009405 -0.011350 -0.003530
v 0.009893 -0.010932 -0.003187
v 0.009013 -0.011679 -0.002576
v 0.008996 -0.011745 -0.003407
v 0.009870 -0.011034 -0.001169
v 0.008942 -0.011807 -0.001232
v 0.009853 -0.011002 -0.001742
v 0.009107 -0.011663 -0.000028
v 0.009621 -0.011215 -0.000183
v 0.011874 -0.008673 -0.003155
v 0.012321 -0.008112 -0.003688
v 0.011914 -0.008761 -0.002217
v 0.013696 -0.005198 -0.006050
v 0.013233 -0.006490 -0.006505
v 0.013664 -0.005443 -0.004643
v 0.014139 -0.004231 -0.003076
v 0.005674 -0.013686 -0.008634
v 0.005261 -0.013767 -0.006651
v 0.005639 -0.013742 -0.007000
v 0.005812 -0.013687 -0.006419
v 0.005638 -0.013740 -0.005864
v 0.006137 -0.013429 -0.005895
v 0.006513 -0.013157 -0.006115
v 0.006374 -0.013386 -0.004766
v 0.006931 -0.013061 -0.005572
v 0.005676 -0.013721 -0.004800
v 0.005524 -0.013806 -0.004405
v 0.005734 -0.013608 -0.003475
v 0.006472 -0.013222 -0.003488
v 0.007262 -0.012846 -0.002103
v 0.007421 -0.012768 -0.003585
v 0.008060 -0.012440 -0.003313
v 0.007115 -0.013005 -0.000984
v 0.007991 -0.012468 -0.000790
v 0.008163 -0.012345 0.000083
v -0.004399 -0.014246 -0.016896
v 0.007259 -0.012803 -0.019561
v 0.007740 -0.012574 -0.018937
v -0.005198 -0.013929 -0.011475
v -0.002679 -0.014552 -0.014041
v -0.003930 -0.014314 -0.011955
v -0.003806 -0.014394 -0.011257
v -0.003721 -0.014384 -0.010575
v -0.001970 -0.014676 -0.011837
v -0.003485 -0.014465 -0.009965
v -0.001872 -0.014742 -0.010389
v -0.001479 -0.014699 -0.013883
v -0.001251 -0.014722 -0.010714
v -0.000011 -0.014836 -0.010600
v -0.001927 -0.014707 -0.009502
v -0.001036 -0.014683 -0.010039
v -0.002133 -0.014720 -0.008820
v -0.001639 -0.014817 -0.007619
v -0.000923 -0.014806 -0.008645
v -0.002364 -0.014623 -0.005241
v -0.001426 -0.014706 -0.005629
v -0.000350 -0.014767 -0.010039
v -0.000777 -0.014741 -0.009411
v 0.000559 -0.014826 -0.009813
v -0.000175 -0.014714 -0.009227
v 0.000101 -0.014907 -0.008238
v 0.001121 -0.014738 -0.011362
v 0.006054 -0.013466 -0.017757
v 0.007021 -0.012928 -0.017575
v 0.006456 -0.013278 -0.016576
v 0.007224 -0.012757 -0.017208
v 0.005160 -0.013821 -0.013316
v 0.004222 -0.014169 -0.012794
v 0.006299 -0.013301 -0.012623
v 0.009553 -0.011024 -0.018484
v 0.010173 -0.010451 -0.018052
v 0.009692 -0.010939 -0.016706
v 0.010268 -0.010429 -0.015739
v 0.004057 -0.014225 -0.011820
v 0.004982 -0.013832 -0.012232
v 0.005383 -0.013742 -0.011745
v 0.004754 -0.014026 -0.010391
v 0.005980 -0.013473 -0.010460
v 0.007447 -0.012723 -0.013240
v 0.008017 -0.012332 -0.012217
v 0.009134 -0.011503 -0.012412
v 0.007314 -0.012763 -0.012551
v 0.007455 -0.012690 -0.010897
v 0.005090 -0.013948 -0.009277
v 0.008732 -0.011812 -0.010827
v 0.009584 -0.011058 -0.011218
v 0.009010 -0.011675 -0.009738
v 0.010614 -0.010047 -0.014466
v 0.010163 -0.010488 -0.013595
v 0.009810 -0.010963 -0.013028
v 0.010367 -0.010373 -0.012681
v 0.010541 -0.010180 -0.011136
v 0.005022 -0.013805 -0.007875
v -0.002812 -0.014472 -0.004512
v -0.000739 -0.014824 -0.002985
v -0.000993 -0.014778 -0.002312
v -0.001901 -0.014787 0.000869
v 0.000769 -0.014809 0.001858
v 0.001487 -0.014722 0.001434
v 0.002812 -0.014525 0.000276
v 0.004668 -0.014148 0.001390
v 0.004022 -0.014315 0.002383
v 0.005892 -0.013697 0.002089
v 0.006744 -0.013182 0.001582
v 0.002517 -0.014622 0.003609
v 0.008979 -0.011677 -0.007669
v 0.010074 -0.010806 -0.006763
v 0.011240 -0.009408 -0.006201
v 0.009432 -0.011399 -0.005902
v 0.012517 -0.007792 -0.008343
v 0.011945 -0.008716 -0.006246
v 0.011816 -0.008851 -0.005362
v 0.012652 -0.007511 -0.002740
v 0.011526 -0.009275 -0.001966
v 0.010583 -0.010208 -0.001676
v 0.011190 -0.009848 -0.001132
v 0.011295 -0.009745 -0.001054
v 0.010425 -0.010439 -0.000818
v 0.013095 -0.006684 -0.004936
v 0.012446 -0.007954 -0.006446
v 0.012208 -0.008216 -0.005651
v 0.012534 -0.007714 -0.004764
v 0.012793 -0.007349 -0.003797
v 0.013332 -0.006246 -0.002707
v 0.008176 -0.012303 -0.002448
v 0.007655 -0.012720 0.000849
v -0.005987 0.011489 0.014340
v -0.006086 0.012070 0.013860
v -0.007014 0.011110 0.014190
v -0.007947 0.010403 0.014198
v -0.006617 0.010484 0.014686
v -0.001962 0.013806 0.013461
v -0.001008 0.013645 0.013786
v -0.000871 0.014023 0.013321
v -0.002011 0.013096 0.014185
v -0.003494 0.013712 0.013106
v -0.003328 0.013304 0.013712
v -0.002407 0.013449 0.013753
v -0.001485 0.012930 0.014366
v -0.000009 0.013847 0.013606
v 0.005647 0.012156 0.014105
v 0.004661 0.012778 0.013928
v 0.005679 0.011675 0.014415
v -0.003102 0.011140 0.026448
v -0.003102 0.011140 0.026448
v -0.002417 0.010716 0.026471
v -0.001735 0.011280 0.026474
v -0.001735 0.011280 0.026474
v -0.001839 0.008413 0.026429
v -0.000655 0.011370 0.026474
v -0.000655 0.011370 0.026474
v -0.001109 0.011909 0.026421
v 0.000074 0.011966 0.026395
v -0.000458 0.011667 0.026467
v 0.000519 0.011541 0.026473
v 0.000519 0.011541 0.026473
v 0.000721 0.011974 0.026381
v 0.001030 0.011585 0.026468
v 0.001030 0.011585 0.026468
v 0.002280 0.011242 0.026467
v 0.002280 0.011242 0.026467
v 0.001113 0.011981 0.026417
v 0.004369 0.010706 0.026452
v 0.004369 0.010706 0.026452
v 0.002780 0.011710 0.026391
v 0.002820 0.005743 0.026331
v 0.005656 0.010077 0.026439
v 0.005656 0.010077 0.026439
v 0.008109 0.005600 0.026372
v 0.006727 0.009554 0.026438
v 0.006727 0.009554 0.026438
v 0.007714 0.008509 0.026438
v 0.008143 0.008934 0.026404
v 0.008143 0.008934 0.026404
v 0.008921 0.007878 0.026436
v -0.006537 0.013190 0.001367
v -0.006448 0.013358 0.000484
v -0.007135 0.012897 0.000736
v -0.004705 0.013980 -0.000029
v -0.005662 0.013650 0.001045
v -0.005086 0.013897 0.000686
v -0.006772 0.013086 0.001912
v -0.004985 0.013898 0.001592
v -0.005603 0.013680 0.002721
v -0.003679 0.014268 0.000626
v -0.003929 0.014181 0.001703
v -0.005531 0.013744 0.003378
v -0.006350 0.013314 0.003085
v -0.005582 0.013687 0.003732
v -0.004956 0.013941 0.002869
v -0.004873 0.013936 0.003867
v -0.004843 0.013959 0.004926
v -0.005355 0.013834 0.004628
v -0.004373 0.014103 0.005566
v -0.004969 0.013924 0.006241
v -0.002534 0.014504 0.006913
v -0.001670 0.014685 0.005220
v -0.002778 0.014534 0.005507
v -0.009871 0.010901 0.001650
v -0.009807 0.011007 0.002230
v -0.010852 0.009856 0.002271
v -0.011357 0.009262 0.002019
v -0.009510 0.011202 0.003038
v -0.010035 0.010749 0.003136
v -0.010395 0.010301 0.002871
v -0.010867 0.009920 0.003082
v -0.010825 0.009968 0.004025
v -0.008591 0.011979 0.003179
v -0.010083 0.010678 0.004268
v -0.010185 0.010626 0.005272
v -0.009595 0.011155 0.004975
v -0.008765 0.011850 0.005336
v -0.008870 0.011735 0.003960
v -0.012870 0.007019 0.004815
v -0.013292 0.006151 0.004670
v -0.013084 0.006495 0.004829
v -0.013326 0.006107 0.004945
v -0.013180 0.006415 0.005617
v -0.011423 0.009182 0.002781
v -0.011727 0.008756 0.003640
v -0.012131 0.008324 0.003151
v -0.011298 0.009427 0.003363
v -0.012422 0.007866 0.004589
v -0.012657 0.007359 0.004127
v -0.012487 0.007699 0.005655
v -0.013141 0.006418 0.006396
v -0.011446 0.009212 0.007214
v -0.012441 0.007746 0.006991
v -0.013057 0.006563 0.007708
v -0.012744 0.007176 0.007474
v -0.011373 0.009238 0.005275
v -0.012083 0.008352 0.004736
v -0.008642 0.011950 0.001412
v -0.007920 0.012415 0.000527
v -0.007414 0.012775 0.000322
v -0.008111 0.012311 0.001776
v -0.007300 0.012812 0.001963
v -0.007222 0.012818 0.002590
v -0.007317 0.012773 0.003890
v -0.007610 0.012601 0.003392
v -0.006942 0.013048 0.003191
v -0.006540 0.013189 0.004387
v -0.009088 0.011567 0.006298
v -0.009558 0.011053 0.005863
v -0.008583 0.011950 0.007732
v -0.009434 0.011229 0.006903
v -0.010217 0.010491 0.007734
v -0.008307 0.012143 0.006394
v -0.007138 0.012835 0.006598
v -0.007879 0.012502 0.008102
v -0.007345 0.012749 0.007369
v -0.011983 0.008450 0.007789
v -0.012389 0.007720 0.007684
v -0.012526 0.007676 0.008809
v -0.011373 0.009287 0.010128
v -0.011896 0.008700 0.009901
v -0.011748 0.008640 0.010611
v -0.012090 0.008104 0.010477
v -0.012354 0.007615 0.010163
v -0.012626 0.007242 0.010737
v -0.011344 0.009184 0.010658
v -0.010486 0.010275 0.009828
v -0.010640 0.009912 0.011427
v -0.011462 0.008809 0.011795
v -0.012122 0.007954 0.011383
v -0.011874 0.008085 0.012128
v -0.009485 0.011223 0.008394
v -0.007561 0.012632 0.005241
v -0.006715 0.013120 0.005018
v -0.005814 0.013587 0.004962
v -0.006148 0.013466 0.005748
v -0.005367 0.013728 0.005273
v -0.005860 0.013553 0.006264
v -0.006207 0.013399 0.007422
v -0.006444 0.013247 0.007780
v -0.005160 0.013874 0.007579
v -0.006009 0.013525 0.008946
v -0.008164 0.012353 0.009111
v -0.003100 0.014477 -0.001415
v -0.001606 0.014676 0.000157
v -0.002921 0.014557 -0.000680
v 0.000376 0.014755 -0.002965
v 0.000009 0.014796 -0.001273
v -0.000751 0.014751 0.000039
v 0.000434 0.014699 -0.002326
v 0.000609 0.014881 -0.001262
v 0.001285 0.014843 -0.001824
v -0.002586 0.014562 0.000267
v -0.003301 0.014460 -0.000293
v -0.002953 0.014474 0.001438
v -0.002075 0.014604 0.001907
v -0.003010 0.014547 0.002714
v -0.000426 0.014774 0.001701
v 0.000278 0.014744 0.000856
v 0.001269 0.014806 -0.002900
v 0.003319 0.014556 -0.002488
v 0.002979 0.014596 -0.003279
v 0.002132 0.014749 -0.002879
v 0.003931 0.014348 -0.003717
v 0.004341 0.014234 -0.002580
v 0.005198 0.013972 -0.003097
v 0.005339 0.013872 -0.001972
v 0.003629 0.014445 -0.000733
v 0.004658 0.014169 -0.000853
v 0.004041 0.014299 -0.001590
v 0.005381 0.013906 -0.000102
v 0.005887 0.013720 -0.001467
v 0.004734 0.014026 -0.001534
v -0.002397 0.014533 0.003782
v -0.002744 0.014493 0.003967
v 0.000439 0.014769 0.001863
v 0.000386 0.014749 0.002517
v 0.001436 0.014869 0.001222
v 0.001475 0.014811 0.000075
v 0.000830 0.014830 0.000345
v 0.001051 0.014912 0.002072
v 0.000882 0.014897 0.002463
v -0.000463 0.014778 0.003856
v 0.000401 0.014785 0.003619
v 0.000934 0.014853 0.003126
v 0.001027 0.014921 0.004062
v 0.001431 0.014830 0.002901
v -0.000576 0.014784 0.006443
v -0.002012 0.014644 0.007800
v -0.000011 0.014806 0.005112
v 0.000487 0.014787 0.004458
v 0.000815 0.014856 0.004640
v 0.001413 0.014913 0.003594
v 0.001435 0.014855 0.004802
v 0.000580 0.014889 0.005269
v 0.001084 0.014876 0.006255
v 0.003932 0.014390 0.000895
v 0.002785 0.014633 0.000062
v 0.004935 0.014113 0.003295
v 0.003260 0.014561 0.002231
v 0.006008 0.013673 0.003228
v 0.003339 0.014536 0.003637
v 0.004205 0.014331 0.003208
v 0.003936 0.014406 0.005692
v -0.003003 0.014491 0.008859
v -0.002994 0.014350 0.007648
v -0.001474 0.014717 0.010253
v -0.009255 0.011430 0.010197
v -0.008044 0.012245 0.010950
v -0.008116 0.012327 0.010296
v -0.006974 0.012983 0.010145
v -0.006340 0.013171 0.011647
v -0.007309 0.012646 0.011539
v -0.008133 0.012012 0.012021
v -0.007381 0.012182 0.012820
v -0.007086 0.012526 0.012486
v -0.005733 0.012873 0.013147
v -0.006932 0.012046 0.013366
v -0.010093 0.010552 0.010956
v -0.010714 0.009531 0.012328
v -0.009946 0.010478 0.012039
v -0.009311 0.010714 0.012841
v -0.010242 0.009791 0.012762
v -0.011409 0.008277 0.012867
v -0.010835 0.008637 0.013288
v -0.009754 0.009808 0.013371
v -0.010408 0.008349 0.013915
v -0.009992 0.008971 0.013848
v -0.009027 0.011395 0.011815
v -0.008329 0.011664 0.012544
v -0.007815 0.011612 0.013216
v -0.008740 0.010587 0.013548
v -0.007534 0.011379 0.013671
v -0.009087 0.009778 0.013933
v -0.009179 0.008977 0.014359
v -0.009783 0.007957 0.014492
v -0.008193 0.009443 0.014620
v -0.008165 0.008395 0.015025
v -0.007476 0.009709 0.014766
v -0.007079 0.009287 0.015039
v -0.006775 0.009964 0.014832
v -0.007589 0.008411 0.015282
v -0.007884 0.007984 0.015389
v -0.004963 0.013892 0.008141
v -0.005509 0.013677 0.010528
v -0.004976 0.013973 0.010032
v -0.005959 0.013507 0.010271
v -0.003848 0.014272 0.010092
v -0.004252 0.014235 0.009668
v -0.003372 0.014378 0.010196
v -0.003775 0.014207 0.011457
v -0.005327 0.013580 0.011824
v -0.004324 0.013863 0.012221
v -0.003236 0.014186 0.012239
v -0.004415 0.013501 0.012987
v -0.005603 0.013261 0.012540
v -0.005238 0.012699 0.013642
v -0.002546 0.014535 0.010869
v -0.001761 0.014604 0.011636
v -0.000413 0.014783 0.011100
v -0.007379 0.008204 0.015658
v -0.006339 0.008945 0.015883
v -0.007238 0.008091 0.016075
v -0.007943 0.009269 0.017919
v -0.007320 0.009512 0.017756
v -0.008340 0.008719 0.017797
v -0.007884 0.009289 0.018428
v -0.007339 0.009786 0.018260
v -0.007440 0.009682 0.018008
v -0.007213 0.009788 0.017874
v -0.006811 0.010127 0.018411
v -0.007493 0.009296 0.018814
v -0.007178 0.009582 0.018736
v -0.006831 0.010164 0.018023
v -0.006435 0.010420 0.018104
v -0.005771 0.010815 0.017923
v -0.006246 0.010289 0.017780
v -0.006543 0.010264 0.017881
v -0.006195 0.009221 0.017568
v -0.007350 0.008818 0.017643
v -0.007025 0.009661 0.018999
v -0.007116 0.009650 0.019151
v -0.006530 0.010022 0.018807
v -0.005725 0.010843 0.018390
v -0.005729 0.010523 0.018846
v -0.005574 0.010697 0.019157
v -0.006299 0.010220 0.019092
v -0.006503 0.010436 0.019537
v -0.005332 0.010772 0.018745
v -0.007491 0.009816 0.019636
v -0.004944 0.012401 0.014033
v -0.003539 0.012472 0.014367
v -0.004686 0.011870 0.014483
v -0.001918 0.014264 0.012734
v -0.002093 0.014390 0.012326
v -0.000452 0.014625 0.012108
v 0.000095 0.014333 0.012920
v -0.002235 0.012262 0.014672
v -0.002506 0.011404 0.015172
v -0.000506 0.012916 0.014422
v -0.000980 0.011588 0.015181
v -0.005751 0.010306 0.015009
v -0.004574 0.010713 0.015113
v -0.005356 0.010110 0.015270
v -0.004191 0.011351 0.014844
v -0.005008 0.009984 0.015596
v -0.003868 0.010766 0.015295
v -0.004979 0.009811 0.015908
v -0.003732 0.010517 0.015697
v -0.006018 0.009684 0.015249
v -0.006376 0.009106 0.015578
v -0.005577 0.009442 0.015959
v -0.006869 0.008314 0.016492
v -0.005257 0.009480 0.016559
v -0.006229 0.008806 0.016654
v -0.006442 0.008720 0.017337
v -0.005426 0.009351 0.017036
v -0.006620 0.008471 0.017080
v -0.003864 0.010288 0.016086
v -0.002532 0.011111 0.015403
v -0.002499 0.010793 0.015928
v -0.005177 0.011138 0.017919
v -0.005309 0.010855 0.017757
v -0.004772 0.011312 0.018416
v -0.004169 0.011379 0.017789
v -0.004618 0.011231 0.017776
v -0.004450 0.011442 0.017959
v -0.004780 0.010362 0.017606
v -0.004477 0.011462 0.018248
v -0.004134 0.011516 0.017895
v -0.003994 0.011617 0.017955
v -0.003718 0.011612 0.017834
v -0.003588 0.011789 0.017984
v -0.003479 0.011856 0.018177
v -0.002899 0.011891 0.017885
v -0.003404 0.010682 0.017537
v -0.005150 0.009661 0.017369
v -0.005099 0.009565 0.017150
v -0.004261 0.009977 0.017194
v -0.003559 0.010265 0.016708
v -0.004585 0.010038 0.017417
v -0.004002 0.010178 0.017357
v -0.002766 0.010566 0.017136
v -0.004840 0.010971 0.018773
v -0.004702 0.011058 0.018997
v -0.002926 0.010658 0.017395
v -0.001964 0.010813 0.016297
v -0.002506 0.010617 0.016640
v -0.001872 0.011206 0.015471
v -0.001484 0.011109 0.015726
v -0.000764 0.011057 0.016080
v -0.001323 0.010876 0.016659
v -0.001899 0.010774 0.017211
v -0.001734 0.011126 0.017512
v -0.001958 0.010835 0.017385
v -0.000197 0.010992 0.017130
v -0.001502 0.010856 0.017095
v -0.000148 0.011134 0.017411
v -0.001561 0.011001 0.017412
v 0.000312 0.014774 0.007070
v -0.000298 0.014815 0.009561
v 0.000597 0.014799 0.008645
v 0.001902 0.014806 0.009909
v 0.000672 0.014768 0.011367
v 0.005191 0.014021 0.005314
v 0.004809 0.014161 0.006171
v 0.003733 0.014413 0.008069
v 0.005149 0.013966 0.007713
v 0.007317 0.013058 0.005358
v 0.006698 0.013370 0.006560
v 0.006053 0.013666 0.007067
v 0.006136 0.013700 0.007614
v 0.006106 0.013678 0.007876
v 0.006648 0.013395 0.007388
v 0.007151 0.013176 0.007534
v 0.002131 0.014678 0.011338
v 0.001632 0.014625 0.011896
v 0.003975 0.014397 0.010164
v 0.002875 0.014596 0.009970
v 0.003315 0.014528 0.010611
v 0.004110 0.014250 0.011443
v 0.003169 0.014315 0.012228
v 0.004099 0.014503 0.009520
v 0.005159 0.014011 0.010078
v 0.006045 0.013607 0.009860
v 0.006006 0.013791 0.008787
v 0.005618 0.013750 0.011365
v 0.004660 0.013922 0.012115
v 0.006799 0.013282 0.010552
v 0.006851 0.013367 0.009733
v 0.007784 0.012761 0.010330
v 0.007556 0.013006 0.009570
v 0.006689 0.013226 0.011668
v 0.007590 0.012790 0.011464
v 0.000881 0.014548 0.012384
v 0.000565 0.014429 0.012729
v 0.000295 0.013559 0.013928
v 0.001345 0.014071 0.013271
v 0.002060 0.014340 0.012595
v 0.003355 0.013819 0.013175
v 0.003119 0.014148 0.012687
v 0.004081 0.013893 0.012690
v 0.002047 0.013630 0.013720
v 0.000639 0.012917 0.014453
v 0.001636 0.013239 0.014129
v 0.000792 0.012192 0.014843
v -0.000113 0.011698 0.015169
v -0.000418 0.011298 0.015578
v 0.002366 0.012372 0.014645
v 0.000864 0.011533 0.015283
v 0.000103 0.011183 0.015822
v 0.001201 0.011237 0.015585
v 0.001830 0.011540 0.015219
v 0.000810 0.011237 0.015716
v 0.001214 0.011118 0.015911
v 0.002578 0.012918 0.014267
v 0.003693 0.013227 0.013792
v 0.004760 0.013279 0.013357
v 0.003807 0.012463 0.014376
v 0.002340 0.011867 0.014912
v 0.001887 0.011285 0.015521
v 0.001799 0.010979 0.016263
v 0.002648 0.011291 0.015277
v 0.002245 0.011090 0.015619
v 0.002601 0.010905 0.016003
v 0.004019 0.011275 0.015016
v 0.003258 0.011119 0.015289
v 0.003108 0.010833 0.015786
v 0.003749 0.010686 0.015787
v 0.003568 0.010561 0.016379
v -0.000018 0.010994 0.016564
v 0.000920 0.010999 0.016479
v 0.002822 0.010748 0.016421
v 0.008397 0.012259 0.011658
v 0.005637 0.013470 0.012453
v 0.005429 0.013218 0.013103
v 0.005758 0.012613 0.013670
v 0.006668 0.012792 0.012869
v 0.004128 0.010816 0.015381
v 0.004930 0.010334 0.015606
v 0.005329 0.010478 0.015213
v 0.005955 0.010440 0.015016
v 0.006987 0.012947 0.012159
v 0.007077 0.012276 0.013292
v 0.007997 0.011971 0.012952
v 0.007876 0.012340 0.012432
v 0.006730 0.011922 0.013845
v 0.007676 0.011659 0.013559
v 0.007344 0.011021 0.014246
v 0.008483 0.011353 0.013308
v 0.007229 0.010396 0.014572
v 0.006592 0.009802 0.015146
v 0.008630 0.010673 0.013823
v 0.008487 0.009790 0.014430
v 0.007889 0.009439 0.014781
v 0.007388 0.009299 0.015094
v -0.007999 0.009434 0.020070
v -0.006916 0.010244 0.020349
v -0.006170 0.010769 0.019825
v -0.005722 0.010983 0.019606
v -0.005175 0.011308 0.019988
v -0.004983 0.011376 0.019657
v -0.006859 0.010207 0.021483
v -0.005925 0.010762 0.022061
v -0.007072 0.010009 0.022906
v -0.004686 0.011403 0.021812
v -0.004545 0.011468 0.023618
v -0.005978 0.010723 0.024683
v -0.003279 0.011918 0.022550
v -0.005461 0.010982 0.025306
v -0.000143 0.012423 0.018201
v -0.000142 0.012332 0.017908
v -0.001093 0.012296 0.017970
v 0.000250 0.012383 0.018435
v -0.000532 0.012357 0.018452
v -0.003228 0.011874 0.018468
v -0.004204 0.011228 0.018794
v -0.003940 0.011411 0.019167
v -0.004310 0.011644 0.019658
v -0.003328 0.011998 0.019553
v -0.001995 0.012214 0.018097
v -0.002989 0.011668 0.018790
v -0.003585 0.011451 0.018803
v -0.002952 0.011660 0.019057
v -0.003471 0.011612 0.019155
v -0.001854 0.011857 0.018885
v -0.004232 0.011712 0.020049
v -0.002992 0.012123 0.020272
v -0.003834 0.011776 0.021057
v -0.002441 0.012274 0.019736
v -0.002221 0.012214 0.019494
v -0.002402 0.011819 0.019186
v -0.001615 0.012163 0.017895
v -0.001285 0.012025 0.017777
v -0.001829 0.012202 0.018406
v -0.001664 0.011962 0.018765
v -0.001102 0.012335 0.018338
v -0.000018 0.012099 0.017752
v -0.001656 0.011977 0.019166
v -0.000871 0.012068 0.018813
v -0.001350 0.012359 0.019529
v -0.000999 0.012488 0.020092
v -0.000436 0.012139 0.018797
v 0.000092 0.012114 0.018827
v -0.000655 0.012141 0.019133
v 0.000362 0.012156 0.019065
v -0.002902 0.012036 0.021859
v -0.001390 0.012332 0.021524
v -0.002298 0.012156 0.023889
v 0.000236 0.012512 0.019637
v -0.000198 0.012435 0.021597
v 0.000714 0.012548 0.020014
v 0.000953 0.012450 0.021222
v -0.004252 0.011521 0.025429
v -0.004828 0.011184 0.025900
v -0.003584 0.011622 0.026105
v -0.004666 0.011067 0.026247
v -0.003582 0.011458 0.026307
v -0.002897 0.011929 0.025806
v -0.004617 0.010873 0.026383
v -0.004617 0.010873 0.026383
v -0.003162 0.011933 0.024940
v -0.002058 0.012139 0.025686
v -0.001017 0.012339 0.025064
v 0.000420 0.012415 0.024400
v 0.002059 0.012330 0.021500
v 0.001418 0.012347 0.025423
v -0.002864 0.011789 0.026168
v -0.002232 0.011962 0.026144
v -0.002589 0.011674 0.026332
v -0.001934 0.011863 0.026326
v -0.001354 0.012070 0.026257
v -0.000848 0.012268 0.025823
v -0.000023 0.012359 0.025674
v -0.000525 0.012116 0.026286
v 0.001104 0.012254 0.026030
v 0.001150 0.012116 0.026311
v 0.002320 0.012072 0.026104
v -0.000168 0.012238 0.026106
v 0.000496 0.012182 0.026244
v 0.000449 0.012397 0.018065
v 0.001358 0.012351 0.017953
v 0.000743 0.012428 0.018352
v 0.001579 0.012134 0.017766
v 0.001925 0.012342 0.018328
v 0.000611 0.012142 0.018759
v 0.001462 0.012114 0.018772
v 0.001493 0.011263 0.017493
v 0.002874 0.012087 0.017826
v 0.002507 0.012225 0.017943
v 0.002242 0.012002 0.018799
v 0.002839 0.012140 0.018426
v 0.003150 0.011620 0.017625
v 0.003436 0.012054 0.018098
v 0.004728 0.011576 0.017832
v 0.004344 0.011409 0.017631
v 0.001928 0.012144 0.019162
v 0.001057 0.012116 0.018888
v 0.002066 0.012387 0.019610
v 0.001317 0.012499 0.019746
v 0.003032 0.012242 0.019712
v 0.001662 0.012476 0.020209
v 0.003098 0.012228 0.020242
v 0.003101 0.011834 0.018815
v 0.003812 0.011907 0.018444
v 0.003825 0.011647 0.018781
v 0.003863 0.011689 0.019032
v 0.004450 0.011755 0.018205
v 0.004252 0.011443 0.018782
v 0.005298 0.011361 0.018428
v 0.004242 0.011834 0.019564
v 0.004591 0.011288 0.018781
v 0.004740 0.011290 0.019121
v 0.004637 0.011787 0.019775
v 0.004564 0.011799 0.020326
v 0.000396 0.011473 0.017564
v 0.001135 0.011038 0.017269
v 0.001234 0.010975 0.017050
v 0.001723 0.011024 0.017331
v 0.001996 0.010878 0.016957
v 0.003018 0.010776 0.017309
v 0.002765 0.011097 0.017494
v 0.003195 0.010656 0.017013
v 0.003852 0.010699 0.017487
v 0.003951 0.010502 0.017362
v 0.004371 0.010299 0.017208
v 0.004466 0.010635 0.017559
v 0.005702 0.011353 0.020177
v 0.005014 0.010109 0.016042
v 0.005985 0.009846 0.015560
v 0.005170 0.011280 0.017679
v 0.005563 0.010891 0.017603
v 0.005169 0.010281 0.017560
v 0.005649 0.011257 0.017858
v 0.005871 0.011067 0.017761
v 0.005798 0.011210 0.018202
v 0.005332 0.011080 0.018687
v 0.006239 0.010563 0.017614
v 0.006658 0.010721 0.018013
v 0.007084 0.010377 0.017841
v 0.007454 0.009875 0.017641
v 0.006027 0.010992 0.018464
v 0.006643 0.010717 0.018389
v 0.005339 0.011144 0.019214
v 0.005557 0.011383 0.019617
v 0.007319 0.010278 0.018334
v 0.004298 0.010242 0.016778
v 0.005098 0.009944 0.016635
v 0.004901 0.010045 0.016993
v 0.005819 0.009746 0.015911
v 0.005942 0.009512 0.016449
v 0.004674 0.010370 0.017481
v 0.005073 0.010074 0.017410
v 0.005949 0.009414 0.017008
v 0.006023 0.009442 0.017205
v 0.005911 0.009682 0.017417
v 0.006459 0.009574 0.017482
v 0.007007 0.008823 0.016274
v 0.007265 0.009082 0.015387
v 0.007251 0.008816 0.015781
v 0.008550 0.008291 0.015055
v 0.008198 0.008124 0.015480
v 0.007981 0.007978 0.016189
v 0.006636 0.009113 0.017279
v 0.006824 0.008863 0.016951
v 0.007359 0.008531 0.017205
v 0.007711 0.008456 0.017332
v 0.007397 0.008428 0.016984
v 0.008189 0.007683 0.016911
v 0.008889 0.008630 0.017671
v 0.008683 0.007661 0.017373
v 0.008300 0.007716 0.017205
v 0.005364 0.011004 0.018929
v 0.005743 0.010825 0.018742
v 0.006057 0.010624 0.018778
v 0.006834 0.010258 0.018705
v 0.006502 0.010845 0.019474
v 0.006728 0.010829 0.019671
v 0.006185 0.010636 0.019127
v 0.006605 0.010343 0.018946
v 0.007181 0.010119 0.019206
v 0.007477 0.009774 0.018961
v 0.007220 0.010447 0.019496
v 0.008194 0.009634 0.017885
v 0.007074 0.010051 0.018755
v 0.007916 0.009897 0.018137
v 0.008473 0.009255 0.017753
v 0.008120 0.009643 0.018418
v 0.008462 0.009466 0.018137
v 0.009257 0.008713 0.018034
v 0.008930 0.009000 0.018322
v 0.007713 0.009631 0.018699
v 0.008170 0.009374 0.019106
v 0.006876 0.010755 0.019952
v 0.008053 0.009917 0.019750
v 0.007826 0.009993 0.019509
v 0.008268 0.009168 0.018754
v 0.008976 0.008530 0.018670
v 0.008953 0.009127 0.019566
v 0.008987 0.008497 0.018896
v 0.008852 0.008764 0.019106
v 0.003607 0.012007 0.021469
v 0.002567 0.012201 0.024741
v 0.004204 0.011796 0.023245
v 0.004905 0.011584 0.021229
v 0.005301 0.011368 0.023371
v 0.006425 0.010898 0.021285
v 0.002209 0.012226 0.025702
v 0.003793 0.011904 0.025341
v 0.003767 0.011836 0.025848
v 0.004983 0.011492 0.025401
v 0.006320 0.010877 0.025377
v 0.006551 0.010740 0.023514
v 0.007122 0.010482 0.021090
v 0.007815 0.010011 0.021048
v 0.007486 0.010170 0.022647
v 0.008809 0.009298 0.020002
v 0.009110 0.008860 0.021308
v 0.007127 0.010406 0.024674
v 0.008422 0.009429 0.023267
v 0.008110 0.009690 0.025277
v 0.009524 0.008382 0.022816
v 0.009828 0.008111 0.021210
v 0.009068 0.008848 0.024369
v 0.009911 0.007927 0.025406
v 0.003587 0.011768 0.026155
v 0.004768 0.011436 0.026047
v 0.004382 0.011346 0.026320
v 0.005903 0.010986 0.025922
v 0.005594 0.011032 0.026154
v 0.006383 0.010674 0.026089
v 0.005671 0.010785 0.026311
v 0.006214 0.010264 0.026377
v 0.006558 0.010447 0.026212
v 0.006935 0.010449 0.025795
v 0.007247 0.010102 0.026121
v 0.008053 0.009667 0.025794
v 0.006983 0.010019 0.026324
v 0.007572 0.009804 0.026221
v 0.008133 0.009495 0.026091
v 0.008142 0.009233 0.026306
v 0.008489 0.009111 0.026202
v 0.008982 0.008874 0.025601
v 0.010139 0.007523 0.025825
v 0.010414 0.007293 0.025050
v 0.008780 0.008527 0.026327
v 0.008780 0.008527 0.026327
v 0.009157 0.008111 0.026360
v 0.009165 0.008528 0.025986
v 0.009253 0.008272 0.026229
v 0.009253 0.008272 0.026229
v 0.009628 0.008002 0.026068
v 0.009628 0.008002 0.026068
v -0.004041 0.014167 0.002469
v -0.003369 0.014452 0.002315
v -0.003730 0.014216 0.003223
v -0.003246 0.014409 0.003601
v -0.004074 0.014112 0.004051
v -0.003640 0.014187 0.004846
v -0.004041 0.014213 0.007101
v -0.003591 0.014271 0.006120
v -0.003197 0.014314 0.006521
v -0.010673 0.010006 0.006749
v -0.010095 0.010658 0.006012
v -0.010672 0.010121 0.008655
v -0.011900 0.008739 0.009193
v -0.012234 0.008113 0.009651
v -0.013159 0.006576 0.008874
v -0.012685 0.007226 0.009810
v -0.009610 0.011098 0.009384
v -0.003770 0.014270 0.008047
v -0.003091 0.014368 0.000466
v 0.002780 0.014593 -0.001433
v 0.002025 0.014713 -0.000149
v 0.001835 0.014784 0.002970
v 0.002467 0.014633 0.003491
v 0.002879 0.014620 0.005548
v 0.002363 0.014748 0.006271
v 0.002669 0.014612 0.000778
v 0.002436 0.014627 0.001738
v 0.001356 0.014911 0.007434
v 0.002163 0.014770 0.008668
v 0.001664 0.014804 0.008888
v 0.002752 0.014687 0.009335
v 0.005295 0.014069 0.009072
v 0.006668 0.013431 0.008906
v 0.007370 0.013024 0.008118
v 0.008285 0.012480 0.007633
v -0.013816 -0.001430 0.013293
v -0.013513 -0.002465 0.013548
v -0.013479 -0.001287 0.013754
v -0.012865 -0.002838 0.014159
v -0.013485 -0.003325 0.013384
v -0.010970 -0.007867 0.013947
v -0.009716 -0.007852 0.014725
v -0.009716 -0.007852 0.014725
v -0.010590 -0.007392 0.014412
v -0.011245 0.007789 0.013498
v -0.011830 0.006238 0.013829
v -0.012271 0.005934 0.013525
v -0.012117 0.005020 0.014063
v -0.009476 0.006586 0.026494
v -0.009979 0.005947 0.026424
v -0.009374 0.005615 0.026514
v -0.009374 0.005615 0.026514
v -0.010566 0.005157 0.026405
v -0.010071 0.005145 0.026515
v -0.010621 0.004576 0.026492
v -0.010060 0.004278 0.026542
v -0.010060 0.004278 0.026542
v -0.010909 0.003554 0.026506
v -0.010819 0.003049 0.026532
v -0.010819 0.003049 0.026532
v -0.007484 0.004861 0.026477
v -0.003438 0.003081 0.026346
v -0.007410 -0.000823 0.026414
v -0.006127 0.009436 0.026489
v -0.006698 0.009712 0.026400
v -0.007133 0.009143 0.026478
v -0.008603 0.008092 0.026358
v -0.009009 0.007915 0.026161
v -0.008750 0.007666 0.026478
v -0.008794 0.006932 0.026511
v -0.008794 0.006932 0.026511
v -0.008157 0.007982 0.026504
v -0.008157 0.007982 0.026504
v -0.007857 0.008630 0.026446
v -0.007857 0.008630 0.026446
v -0.007267 0.008429 0.026495
v -0.005540 0.010104 0.026462
v -0.004036 0.010495 0.026480
v -0.005913 0.010207 0.026388
v -0.005037 0.008152 0.026472
v -0.009246 0.007021 0.026468
v -0.009406 0.007212 0.026339
v -0.011605 -0.000180 0.026535
v -0.011848 -0.000328 0.026405
v -0.011377 -0.000617 0.026564
v -0.011748 -0.000958 0.026480
v -0.011573 -0.001510 0.026504
v -0.011033 0.002046 0.026550
v -0.011457 0.002369 0.026468
v -0.011491 0.001351 0.026538
v -0.010496 0.001315 0.026537
v -0.010496 0.001315 0.026537
v -0.011024 0.000072 0.026562
v -0.011024 0.000072 0.026562
v -0.011566 0.000524 0.026540
v -0.011768 0.000233 0.026477
v -0.011510 0.000118 0.026586
v -0.011109 -0.001570 0.026572
v -0.011109 -0.001570 0.026572
v -0.010630 -0.003146 0.026557
v -0.010630 -0.003146 0.026557
v -0.011283 -0.002777 0.026541
v -0.011306 -0.003331 0.026473
v -0.010733 -0.004198 0.026550
v -0.010212 -0.005002 0.026571
v -0.010212 -0.005002 0.026571
v -0.005139 -0.005204 0.026396
v -0.010837 -0.004784 0.026460
v -0.010580 -0.005298 0.026438
v -0.010127 -0.006076 0.026498
v -0.010127 -0.006076 0.026498
v -0.009092 -0.006675 0.026571
v -0.009686 -0.006522 0.026521
v -0.009686 -0.006522 0.026521
v -0.010035 -0.006513 0.026391
v -0.009612 -0.007176 0.026369
v -0.009306 -0.007296 0.026503
v -0.009306 -0.007296 0.026503
v -0.008165 -0.007922 0.026571
v -0.007285 -0.008630 0.026562
v 0.000381 -0.000179 0.026265
v 0.007634 0.000706 0.026319
v -0.002905 -0.008750 0.026448
v 0.001044 -0.006628 0.026332
v 0.001683 -0.011430 0.026509
v 0.005984 -0.007716 0.026390
v 0.003779 -0.011108 0.026491
v 0.005827 -0.004031 0.026308
v 0.010535 0.005645 0.026409
v -0.008583 -0.008239 0.026438
v -0.008300 -0.008433 0.026508
v -0.007902 -0.008619 0.026555
v -0.007018 -0.009528 0.026516
v -0.007018 -0.009528 0.026516
v -0.006650 -0.009199 0.026560
v -0.005484 -0.010039 0.026553
v -0.005484 -0.010039 0.026553
v -0.002948 -0.011298 0.026540
v -0.002948 -0.011298 0.026540
v -0.005503 -0.010557 0.026492
v -0.004431 -0.011249 0.026416
v -0.003381 -0.011494 0.026486
v -0.000730 -0.011446 0.026523
v -0.000730 -0.011446 0.026523
v -0.002355 -0.011940 0.026465
v -0.002013 -0.011819 0.026501
v -0.001431 -0.012024 0.026490
v -0.000562 -0.012020 0.026475
v 0.000427 -0.012010 0.026499
v 0.001000 -0.011749 0.026521
v 0.001000 -0.011749 0.026521
v 0.002513 -0.011513 0.026513
v 0.002248 -0.011966 0.026474
v 0.002248 -0.011966 0.026474
v 0.001020 -0.012203 0.026423
v 0.002526 -0.012168 0.026361
v 0.003170 -0.011868 0.026413
v 0.004082 -0.011666 0.026373
v 0.003465 -0.011943 0.026326
v 0.004049 -0.011819 0.026251
v -0.013903 0.004689 0.004110
v -0.013675 0.005350 0.006058
v -0.013939 0.004703 0.005718
v -0.013995 0.004314 0.006480
v -0.013745 0.005169 0.007065
v -0.013614 0.005337 0.007882
v -0.014257 0.003192 0.008088
v -0.014200 0.003695 0.007368
v -0.014436 0.002405 0.007490
v -0.014531 0.001604 0.008125
v -0.014668 0.000176 0.007123
v -0.014701 -0.000360 0.006016
v -0.014606 -0.001077 0.006268
v -0.014561 -0.001771 0.006157
v -0.014571 -0.002080 0.007114
v -0.014317 -0.003277 0.007262
v -0.014608 -0.000885 0.007448
v -0.014511 -0.002230 0.007754
v -0.014310 -0.003424 0.008073
v -0.014784 -0.000584 0.009804
v -0.014738 -0.001084 0.009564
v -0.014613 -0.000679 0.010541
v -0.014673 -0.001927 0.009600
v -0.014486 -0.002008 0.010304
v -0.014660 -0.001605 0.008748
v -0.013781 0.004407 0.011720
v -0.013701 0.005245 0.009954
v -0.013929 0.004310 0.010222
v -0.014140 0.003631 0.010581
v -0.014372 0.002679 0.010383
v -0.013222 0.006237 0.009724
v -0.013243 0.005747 0.011820
v -0.012648 0.006912 0.011875
v -0.012308 0.007098 0.012535
v -0.012866 0.006003 0.012603
v -0.013491 0.004797 0.012281
v -0.013781 0.003840 0.012351
v -0.013295 0.004626 0.012910
v -0.012785 0.005587 0.013099
v -0.013757 0.002962 0.012925
v -0.014096 0.002945 0.012105
v -0.014273 0.002003 0.011996
v -0.014440 0.001447 0.011434
v -0.014549 0.001715 0.010305
v -0.014629 0.000564 0.010280
v -0.014455 0.000503 0.011832
v -0.014516 -0.001036 0.011396
v -0.014402 -0.000937 0.012031
v -0.014198 0.000408 0.012702
v -0.014082 0.001761 0.012633
v -0.013241 0.003694 0.013424
v -0.013476 0.001864 0.013639
v -0.012792 0.003607 0.013971
v -0.013767 0.001397 0.013310
v -0.013907 0.000040 0.013245
v -0.014157 -0.001266 0.012718
v -0.013547 0.000341 0.013705
v -0.013070 0.000955 0.014155
v -0.012977 -0.000586 0.014270
v -0.013974 -0.004586 0.007665
v -0.014509 -0.003130 0.008958
v -0.014225 -0.004041 0.008631
v -0.013737 -0.005274 0.008269
v -0.013970 -0.004917 0.009788
v -0.014536 -0.002738 0.009786
v -0.014314 -0.003056 0.010429
v -0.014193 -0.003996 0.009605
v -0.014131 -0.003910 0.010603
v -0.013738 -0.005124 0.010686
v -0.013723 -0.005608 0.009621
v -0.013819 -0.004530 0.011759
v -0.013186 -0.006555 0.010447
v -0.013473 -0.005564 0.011643
v -0.013513 -0.005926 0.007030
v -0.012419 -0.007983 0.007620
v -0.012419 -0.007983 0.007620
v -0.012120 -0.008443 0.007385
v -0.013374 -0.006151 0.007674
v -0.013227 -0.006502 0.009466
v -0.012459 -0.007911 0.010375
v -0.012682 -0.007161 0.011888
v -0.011903 -0.008703 0.010735
v -0.011903 -0.008703 0.010735
v -0.011922 -0.008776 0.010175
v -0.011922 -0.008776 0.010175
v -0.011480 -0.009354 0.010229
v -0.010920 -0.009913 0.010446
v -0.010788 -0.009962 0.010006
v -0.011718 -0.008734 0.011858
v -0.011718 -0.008734 0.011858
v -0.011019 -0.009730 0.011261
v -0.010369 -0.010516 0.010168
v -0.010356 -0.010563 0.009158
v -0.009565 -0.011288 0.009958
v -0.009347 -0.011438 0.010810
v -0.014371 -0.002589 0.010993
v -0.014264 -0.002464 0.011973
v -0.014016 -0.002296 0.012777
v -0.013918 -0.003342 0.012558
v -0.014112 -0.003543 0.011640
v -0.013686 -0.004233 0.012581
v -0.013466 -0.005078 0.012384
v -0.012977 -0.006173 0.012529
v -0.012970 -0.005605 0.013046
v -0.013172 -0.004546 0.013329
v -0.012292 -0.001614 0.014688
v -0.012229 -0.003289 0.014539
v -0.011271 -0.002735 0.015178
v -0.012009 -0.004619 0.014434
v -0.012492 -0.004971 0.013950
v -0.012638 -0.005605 0.013502
v -0.011816 -0.006728 0.013833
v -0.011493 -0.005478 0.014535
v -0.011939 -0.007472 0.013227
v -0.011232 -0.006480 0.014384
v -0.011045 -0.004413 0.014994
v -0.010360 -0.005766 0.015041
v -0.012046 -0.007957 0.012510
v -0.011329 -0.008821 0.012659
v -0.011329 -0.008821 0.012659
v -0.010661 -0.009682 0.012582
v -0.011939 -0.007833 0.012918
v -0.011313 -0.008272 0.013280
v -0.010658 -0.008991 0.013424
v -0.010658 -0.008991 0.013424
v -0.010684 -0.009927 0.011976
v -0.010260 -0.009844 0.013039
v -0.009926 -0.010803 0.011721
v -0.009860 -0.010621 0.012399
v -0.009659 -0.009956 0.013575
v -0.009168 -0.010926 0.012997
v -0.009611 -0.006389 0.015241
v -0.010280 -0.008661 0.014006
v -0.010280 -0.008661 0.014006
v -0.009268 -0.008838 0.014531
v -0.009287 -0.009686 0.014061
v -0.009007 -0.008101 0.014909
v -0.009007 -0.008101 0.014909
v -0.009182 -0.007017 0.015277
v -0.008564 -0.008006 0.015152
v -0.008564 -0.008006 0.015152
v -0.009216 -0.008451 0.014727
v -0.008460 -0.009888 0.014387
v -0.008208 -0.009071 0.014839
v -0.008694 -0.010687 0.013695
v -0.008659 -0.012019 0.007826
v -0.009936 -0.010972 0.007937
v -0.010182 -0.010776 0.008663
v -0.010911 -0.009951 0.008578
v -0.009664 -0.011195 0.008768
v -0.008595 -0.012124 0.008731
v -0.007836 -0.012618 0.008844
v -0.006721 -0.013272 0.008325
v -0.006374 -0.013419 0.007647
v -0.009805 -0.011004 0.009438
v -0.009410 -0.011456 0.009180
v -0.007814 -0.012546 0.011035
v -0.008742 -0.011794 0.011791
v -0.006639 -0.013298 0.010136
v -0.006313 -0.013466 0.006641
v -0.004834 -0.014052 0.006040
v -0.005111 -0.014013 0.006854
v -0.004453 -0.014171 0.007009
v -0.005663 -0.013687 0.007288
v -0.005262 -0.013932 0.008407
v -0.004776 -0.014095 0.007802
v -0.003709 -0.014453 0.006443
v -0.002683 -0.014697 0.005318
v -0.002854 -0.014690 0.005754
v -0.003001 -0.014595 0.006424
v -0.002056 -0.014838 0.005353
v -0.002054 -0.014826 0.006436
v -0.003673 -0.014464 0.007643
v -0.002544 -0.014650 0.007142
v -0.002029 -0.014801 0.007529
v -0.004595 -0.014175 0.009372
v -0.003417 -0.014513 0.008724
v -0.005091 -0.013902 0.011282
v -0.003619 -0.014431 0.010348
v -0.002148 -0.014836 0.008391
v -0.001038 -0.014905 0.008448
v -0.002487 -0.014751 0.009736
v -0.001200 -0.014940 0.009372
v -0.008988 -0.011475 0.012204
v -0.008224 -0.011857 0.012692
v -0.007472 -0.012575 0.012135
v -0.008147 -0.011432 0.013376
v -0.007234 -0.012525 0.012637
v -0.007183 -0.012059 0.013419
v -0.006246 -0.013364 0.011614
v -0.006534 -0.012901 0.012699
v -0.006866 -0.009497 0.015180
v -0.007821 -0.010895 0.014102
v -0.006721 -0.011462 0.014214
v -0.006847 -0.010751 0.014579
v -0.006200 -0.012564 0.013470
v -0.005460 -0.012359 0.014006
v -0.005483 -0.013020 0.013317
v -0.005599 -0.013324 0.012706
v -0.005526 -0.011674 0.014476
v -0.005708 -0.010420 0.015076
v -0.004508 -0.013116 0.013641
v -0.004258 -0.012371 0.014369
v -0.003619 -0.014366 0.011274
v -0.002364 -0.014655 0.011032
v -0.001344 -0.014749 0.011631
v -0.003568 -0.012897 0.014117
v -0.003794 -0.013500 0.013433
v -0.001972 -0.012376 0.014694
v -0.002790 -0.013447 0.013770
v -0.002226 -0.013168 0.014129
v -0.002695 -0.013915 0.013230
v -0.001896 -0.013823 0.013525
v -0.000392 -0.013662 0.013844
v -0.000605 -0.012766 0.014556
v -0.000951 -0.014160 0.013201
v -0.001097 -0.014318 0.012799
v -0.001065 -0.014545 0.012421
v -0.000279 -0.014476 0.012749
v -0.000178 -0.014095 0.013348
v -0.012089 0.006833 0.013184
v -0.010877 0.006876 0.014305
v -0.012681 0.004751 0.013655
v -0.011348 0.005725 0.014400
v -0.011728 0.004433 0.014537
v -0.010256 0.004886 0.015242
v -0.011023 0.003563 0.015093
v -0.009965 0.005322 0.015299
v -0.009049 0.006924 0.015232
v -0.009197 0.006307 0.015447
v -0.008538 0.007073 0.015556
v -0.008092 0.007374 0.015815
v -0.008717 0.006478 0.015986
v -0.009642 0.005302 0.015647
v -0.010399 0.003993 0.015477
v -0.009803 0.004579 0.016027
v -0.010334 0.003672 0.015755
v -0.010178 0.003601 0.016241
v -0.009370 0.005412 0.016043
v -0.008996 0.005765 0.016898
v -0.009526 0.004877 0.016642
v -0.009487 0.004956 0.017120
v -0.009820 0.004287 0.017074
v -0.012860 0.002318 0.014158
v -0.012300 0.003078 0.014439
v -0.012250 0.001768 0.014662
v -0.011259 0.002244 0.015168
v -0.011676 0.001010 0.015028
v -0.012268 0.000743 0.014732
v -0.010789 0.002644 0.015549
v -0.011143 0.001512 0.015404
v -0.010920 0.001499 0.015731
v -0.012262 -0.000357 0.014713
v -0.011274 0.000466 0.015355
v -0.011694 -0.000991 0.015031
v -0.011231 -0.000809 0.015425
v -0.011414 -0.001540 0.015188
v -0.010873 0.000452 0.016048
v -0.011046 -0.001134 0.015667
v -0.010870 -0.000374 0.016101
v -0.011317 0.004361 0.017931
v -0.011319 0.003462 0.017739
v -0.011639 0.003393 0.017998
v -0.011477 0.002479 0.017729
v -0.011792 0.002418 0.017905
v -0.011832 0.002764 0.017948
v -0.011874 0.002751 0.018301
v -0.011916 0.001556 0.017836
v -0.012107 0.001417 0.018090
v -0.012060 0.001871 0.018040
v -0.011137 0.000393 0.017534
v -0.011898 0.000953 0.017795
v -0.012008 0.002209 0.018227
v -0.011882 0.002472 0.018529
v -0.012120 0.001337 0.018439
v -0.012157 0.000207 0.017940
v -0.012188 0.000840 0.018282
v -0.011944 -0.000296 0.017808
v -0.012190 -0.000011 0.018471
v -0.011889 -0.000296 0.018864
v -0.011887 0.001086 0.018799
v -0.010547 0.002642 0.015999
v -0.010453 0.002569 0.016475
v -0.010709 0.001428 0.016324
v -0.010630 0.001562 0.016807
v -0.010246 0.003209 0.016977
v -0.010105 0.004479 0.017519
v -0.010638 0.003161 0.017539
v -0.010033 0.003927 0.017297
v -0.010321 0.003280 0.017366
v -0.010467 0.002532 0.017337
v -0.010590 0.002043 0.017252
v -0.010574 0.002699 0.017465
v -0.010828 0.002072 0.017488
v -0.010743 0.000544 0.016643
v -0.010788 0.000323 0.017221
v -0.010760 -0.000619 0.016703
v -0.010702 0.001215 0.017141
v -0.010856 0.000254 0.017355
v -0.010777 -0.000525 0.017179
v -0.010840 0.001147 0.017417
v -0.009880 0.006979 0.017914
v -0.009251 0.007804 0.017924
v -0.009453 0.007083 0.017740
v -0.009531 0.007569 0.018210
v -0.009119 0.008111 0.018168
v -0.008912 0.008310 0.018457
v -0.009900 0.007009 0.018461
v -0.009973 0.006958 0.018276
v -0.008848 0.008030 0.018783
v -0.009544 0.007067 0.018804
v -0.010641 0.005627 0.017809
v -0.010551 0.006036 0.017953
v -0.009216 0.006128 0.017519
v -0.010891 0.004541 0.017726
v -0.010522 0.006061 0.018438
v -0.011058 0.005094 0.018107
v -0.011154 0.004783 0.018464
v -0.009973 0.006409 0.018787
v -0.009584 0.006982 0.018987
v -0.010500 0.005527 0.018770
v -0.010500 0.005458 0.018934
v -0.011237 0.003886 0.018811
v -0.010673 0.005375 0.019222
v -0.010193 0.006885 0.019625
v -0.009956 0.006552 0.019266
v -0.007838 0.007340 0.016545
v -0.008557 0.006451 0.016704
v -0.008232 0.006889 0.017219
v -0.007939 0.007191 0.017039
v -0.008699 0.006282 0.017171
v -0.008739 0.006427 0.017412
v -0.008732 0.008531 0.018006
v -0.007685 0.007929 0.017531
v -0.008285 0.007539 0.017577
v -0.008305 0.006964 0.017415
v -0.007183 0.007988 0.017056
v -0.007769 0.007511 0.017364
v -0.007177 0.008110 0.017324
v -0.007163 0.008375 0.017485
v -0.008034 0.007305 0.017403
v -0.009177 0.005657 0.017334
v -0.009754 0.004673 0.017355
v -0.008804 0.008029 0.018932
v -0.009439 0.007416 0.019232
v -0.009994 0.007242 0.019949
v -0.008999 0.008388 0.019647
v -0.009706 0.007512 0.019610
v -0.008571 0.008329 0.019050
v -0.008431 0.008991 0.019643
v -0.009042 0.008405 0.020104
v -0.010640 0.006222 0.019911
v -0.010878 0.005639 0.019600
v -0.011121 0.005262 0.019819
v -0.010357 0.006492 0.021982
v -0.008339 0.008942 0.018236
v -0.008119 0.008793 0.018759
v -0.008057 0.008828 0.019009
v -0.007997 0.009076 0.019333
v -0.007696 0.009102 0.019027
v -0.011534 0.003983 0.018267
v -0.011630 0.003546 0.018489
v -0.011266 0.003798 0.019042
v -0.011445 0.003096 0.018983
v -0.011210 0.004275 0.019305
v -0.011248 0.004620 0.019518
v -0.011586 0.004125 0.020374
v -0.011467 0.004264 0.019583
v -0.011759 0.003478 0.019668
v -0.012046 0.002524 0.020032
v -0.010915 0.004494 0.018974
v -0.011741 0.002549 0.019323
v -0.011974 0.002635 0.019683
v -0.011706 0.002269 0.018810
v -0.011762 0.001780 0.018900
v -0.011701 0.002276 0.019069
v -0.011931 0.000997 0.019265
v -0.012128 0.001697 0.019667
v -0.011853 0.001030 0.019012
v -0.011867 -0.000246 0.019080
v -0.012162 0.000981 0.019637
v -0.012294 0.000397 0.019902
v -0.012240 0.001184 0.020376
v -0.012168 0.001360 0.021812
v -0.011962 0.002548 0.021745
v -0.011287 0.004739 0.021419
v -0.011656 0.003623 0.022149
v -0.010871 0.005560 0.022195
v -0.011359 0.004458 0.024005
v -0.011901 0.002759 0.023520
v -0.010922 -0.002804 0.015504
v -0.010825 -0.002179 0.015816
v -0.010854 -0.001324 0.016054
v -0.010651 -0.001847 0.016677
v -0.010587 -0.002999 0.015959
v -0.010545 -0.002603 0.016383
v -0.012233 -0.000413 0.018175
v -0.012112 -0.001315 0.018005
v -0.012172 -0.001128 0.018334
v -0.012050 -0.001610 0.018559
v -0.011814 -0.000976 0.018971
v -0.011894 -0.000848 0.019219
v -0.011127 -0.001600 0.017623
v -0.011942 -0.001516 0.017866
v -0.010905 -0.000724 0.017443
v -0.011967 -0.001993 0.017973
v -0.012008 -0.002325 0.018354
v -0.011937 -0.002579 0.018079
v -0.011508 -0.002702 0.017786
v -0.011730 -0.002712 0.017880
v -0.010728 -0.001366 0.017191
v -0.010551 -0.002349 0.017246
v -0.010873 -0.001580 0.017465
v -0.010503 -0.003028 0.017450
v -0.010377 -0.003231 0.017326
v -0.010694 -0.002063 0.017448
v -0.010817 -0.002839 0.017639
v -0.011823 -0.001427 0.018817
v -0.011626 -0.002298 0.018868
v -0.011717 -0.001642 0.018999
v -0.011765 -0.001911 0.019319
v -0.012075 -0.001462 0.019564
v -0.011574 -0.002561 0.019086
v -0.011742 -0.003653 0.018103
v -0.011769 -0.003296 0.017926
v -0.011693 -0.003633 0.018509
v -0.011538 -0.003398 0.017808
v -0.011504 -0.004137 0.017955
v -0.010547 -0.004014 0.017638
v -0.011150 -0.004418 0.017792
v -0.011452 -0.004504 0.018215
v -0.010994 -0.005345 0.017901
v -0.011058 -0.005369 0.018032
v -0.011079 -0.004355 0.018891
v -0.011339 -0.004599 0.018531
v -0.011068 -0.005381 0.018325
v -0.011496 -0.003189 0.018842
v -0.011377 -0.003519 0.019032
v -0.012055 -0.002414 0.019637
v -0.011681 -0.002604 0.019309
v -0.011913 -0.002966 0.019639
v -0.012083 -0.002550 0.019821
v -0.011468 -0.003488 0.019268
v -0.011579 -0.004113 0.019625
v -0.011688 -0.004003 0.020013
v -0.011140 -0.004215 0.019181
v -0.010838 -0.005054 0.018828
v -0.010967 -0.004821 0.019167
v -0.010636 -0.005541 0.019183
v -0.010999 -0.005488 0.019624
v -0.011239 -0.005150 0.019877
v -0.010227 -0.003678 0.016587
v -0.010313 -0.003281 0.017042
v -0.010557 -0.004284 0.015380
v -0.010114 -0.005277 0.015399
v -0.010339 -0.004105 0.015748
v -0.009947 -0.005157 0.015666
v -0.009180 -0.006082 0.016090
v -0.009677 -0.005276 0.016057
v -0.010117 -0.004244 0.016160
v -0.009827 -0.004595 0.016823
v -0.009486 -0.005444 0.016417
v -0.009275 -0.005716 0.017027
v -0.009039 -0.006103 0.016845
v -0.009357 -0.006331 0.015544
v -0.010142 -0.003839 0.017259
v -0.010195 -0.004142 0.017500
v -0.010203 -0.005031 0.017694
v -0.010769 -0.005339 0.017794
v -0.009867 -0.004642 0.017330
v -0.009841 -0.005002 0.017516
v -0.009668 -0.005598 0.017567
v -0.009380 -0.005651 0.017338
v -0.009091 -0.006469 0.015663
v -0.008706 -0.006818 0.016113
v -0.008800 -0.006971 0.015718
v -0.008388 -0.007377 0.015690
v -0.008309 -0.007818 0.015444
v -0.008309 -0.007818 0.015444
v -0.008013 -0.007631 0.016136
v -0.008013 -0.007631 0.016136
v -0.007800 -0.008579 0.015263
v -0.007096 -0.008876 0.015592
v -0.007162 -0.008518 0.016021
v -0.008613 -0.006711 0.016702
v -0.007931 -0.007517 0.016669
v -0.007931 -0.007517 0.016669
v -0.010542 -0.005784 0.017824
v -0.010612 -0.006038 0.017990
v -0.010633 -0.006153 0.018233
v -0.010438 -0.005957 0.017796
v -0.010362 -0.006624 0.018006
v -0.010183 -0.006537 0.017814
v -0.010603 -0.006127 0.018563
v -0.010369 -0.006095 0.018826
v -0.010131 -0.006967 0.018481
v -0.009791 -0.006918 0.018862
v -0.009235 -0.006437 0.017625
v -0.009085 -0.006228 0.017471
v -0.009767 -0.007403 0.017970
v -0.009613 -0.007761 0.018207
v -0.009194 -0.007834 0.017838
v -0.009625 -0.007658 0.018490
v -0.010330 -0.006084 0.018964
v -0.010234 -0.006383 0.019239
v -0.010508 -0.006509 0.019675
v -0.009628 -0.007166 0.019140
v -0.009814 -0.007464 0.019621
v -0.010369 -0.006779 0.021067
v -0.009717 -0.007720 0.020022
v -0.009172 -0.007813 0.019247
v -0.009130 -0.007804 0.018865
v -0.008968 -0.008465 0.019593
v -0.008956 -0.008577 0.019841
v -0.008516 -0.006862 0.017138
v -0.008683 -0.006817 0.017437
v -0.008628 -0.007030 0.017490
v -0.009188 -0.008180 0.018010
v -0.008194 -0.008041 0.017633
v -0.008194 -0.008041 0.017633
v -0.008757 -0.007635 0.017697
v -0.008434 -0.007410 0.017515
v -0.008518 -0.008757 0.017892
v -0.008518 -0.008757 0.017892
v -0.008012 -0.007699 0.017412
v -0.008012 -0.007699 0.017412
v -0.007316 -0.008358 0.017451
v -0.008067 -0.007459 0.017163
v -0.008067 -0.007459 0.017163
v -0.006893 -0.008551 0.017208
v -0.006812 -0.008616 0.016804
v -0.007619 -0.008681 0.017658
v -0.008863 -0.008608 0.018428
v -0.008501 -0.009015 0.018270
v -0.008501 -0.009015 0.018270
v -0.008536 -0.008485 0.018859
v -0.008536 -0.008485 0.018859
v -0.008479 -0.008968 0.018499
v -0.008479 -0.008968 0.018499
v -0.008154 -0.009153 0.017877
v -0.007862 -0.009570 0.018046
v -0.007828 -0.009634 0.018318
v -0.007557 -0.009318 0.017779
v -0.007835 -0.009449 0.017899
v -0.007181 -0.009777 0.017821
v -0.007803 -0.009548 0.018541
v -0.007792 -0.009181 0.018830
v -0.008647 -0.008367 0.019127
v -0.008153 -0.008888 0.019212
v -0.008153 -0.008888 0.019212
v -0.008279 -0.009214 0.019682
v -0.008279 -0.009214 0.019682
v -0.008589 -0.008996 0.020649
v -0.007883 -0.009655 0.019993
v -0.007883 -0.009655 0.019993
v -0.007442 -0.009421 0.019035
v -0.007198 -0.009682 0.019249
v -0.007058 -0.010227 0.019668
v -0.012191 0.000495 0.019598
v -0.012265 -0.000598 0.019724
v -0.012286 -0.000902 0.020250
v -0.012225 0.000030 0.022820
v -0.012182 -0.001732 0.021253
v -0.012023 -0.002359 0.022677
v -0.011729 -0.003594 0.022862
v -0.012114 0.001209 0.025175
v -0.012187 -0.000848 0.023177
v -0.011996 -0.002384 0.024544
v -0.011426 -0.004583 0.021825
v -0.010943 -0.005665 0.022394
v -0.011754 -0.003374 0.025101
v -0.011397 -0.004431 0.025340
v -0.010891 -0.005581 0.025473
v -0.010407 -0.006470 0.025496
v -0.010145 -0.006965 0.023623
v -0.009803 -0.007421 0.025169
v -0.009650 -0.007717 0.022581
v -0.009104 -0.008426 0.021943
v -0.008849 -0.008651 0.022880
v -0.007740 -0.009769 0.021805
v -0.007740 -0.009769 0.021805
v -0.008989 -0.008412 0.025276
v -0.007979 -0.009465 0.024008
v -0.007979 -0.009465 0.024008
v -0.006019 -0.009835 0.015381
v -0.006410 -0.009119 0.016056
v -0.005736 -0.009737 0.015767
v -0.005447 -0.009691 0.016303
v -0.005882 -0.009275 0.017089
v -0.005285 -0.009676 0.017089
v -0.004515 -0.010827 0.015169
v -0.004981 -0.010415 0.015394
v -0.003620 -0.011475 0.014946
v -0.004749 -0.010218 0.015888
v -0.004254 -0.010222 0.016671
v -0.004130 -0.010608 0.015649
v -0.003483 -0.011097 0.015277
v -0.002645 -0.010987 0.015866
v -0.003748 -0.010530 0.016177
v -0.003055 -0.010720 0.016441
v -0.006699 -0.008896 0.017508
v -0.005894 -0.009784 0.017619
v -0.007327 -0.009915 0.017971
v -0.006880 -0.010234 0.017912
v -0.006677 -0.010508 0.018050
v -0.005960 -0.010547 0.017737
v -0.006779 -0.010360 0.018535
v -0.006426 -0.010676 0.018316
v -0.006645 -0.010037 0.018852
v -0.005707 -0.009609 0.017484
v -0.005555 -0.009572 0.017321
v -0.005065 -0.009963 0.017462
v -0.005985 -0.010807 0.017866
v -0.005386 -0.011118 0.017829
v -0.005902 -0.010982 0.018126
v -0.005897 -0.010925 0.018510
v -0.004961 -0.011446 0.017918
v -0.005082 -0.011417 0.018297
v -0.006060 -0.010458 0.019221
v -0.006072 -0.010379 0.018960
v -0.005691 -0.011074 0.019559
v -0.005540 -0.010757 0.018795
v -0.004988 -0.011387 0.018496
v -0.005344 -0.010790 0.018968
v -0.005055 -0.011037 0.019147
v -0.004041 -0.010293 0.017156
v -0.004081 -0.010381 0.017397
v -0.004096 -0.010615 0.017551
v -0.004933 -0.011174 0.017761
v -0.003997 -0.011735 0.017867
v -0.004255 -0.011785 0.018261
v -0.003302 -0.010660 0.017427
v -0.002639 -0.010788 0.017207
v -0.002787 -0.011070 0.017529
v -0.002877 -0.010874 0.017451
v -0.002793 -0.011780 0.017650
v -0.003968 -0.011842 0.017986
v -0.003254 -0.012037 0.017914
v -0.004762 -0.011114 0.018815
v -0.003690 -0.011605 0.018769
v -0.004482 -0.011220 0.019011
v -0.003640 -0.011904 0.018520
v -0.003820 -0.011515 0.018929
v -0.003040 -0.011727 0.018880
v -0.002397 -0.011586 0.015082
v -0.001414 -0.011853 0.015012
v -0.002743 -0.011184 0.015457
v -0.001408 -0.011512 0.015380
v -0.001364 -0.011296 0.015747
v -0.000055 -0.012156 0.014858
v -0.000864 -0.011550 0.015293
v -0.000030 -0.011766 0.015122
v -0.000812 -0.011351 0.015581
v -0.000243 -0.011442 0.015564
v 0.001102 -0.011592 0.015282
v 0.001259 -0.011889 0.014994
v -0.002338 -0.010910 0.016438
v -0.002333 -0.010905 0.017354
v -0.002357 -0.012277 0.017855
v -0.001283 -0.011123 0.016220
v -0.001082 -0.011073 0.016755
v -0.001516 -0.011005 0.017046
v -0.001623 -0.011312 0.017483
v -0.001806 -0.012183 0.017722
v -0.001498 -0.011110 0.017311
v -0.000605 -0.011155 0.017173
v -0.000739 -0.011264 0.017382
v -0.001157 -0.012540 0.017967
v -0.000953 -0.011809 0.017568
v -0.000479 -0.012344 0.017677
v -0.000561 -0.012558 0.017824
v 0.000979 -0.011336 0.015753
v 0.001614 -0.011058 0.016489
v 0.000910 -0.011118 0.016550
v -0.000386 -0.011190 0.016288
v -0.000130 -0.011142 0.016574
v 0.000239 -0.011180 0.017148
v 0.000697 -0.011111 0.016901
v 0.000307 -0.011307 0.017367
v 0.000488 -0.011541 0.017528
v -0.000179 -0.012648 0.018139
v 0.001380 -0.012341 0.017674
v 0.000475 -0.012513 0.017790
v 0.001736 -0.011031 0.016895
v 0.001058 -0.011182 0.017199
v 0.001079 -0.011337 0.017419
v 0.002321 -0.010978 0.017148
v 0.001264 -0.012555 0.017887
v -0.006805 -0.010466 0.020174
v -0.001752 -0.012035 0.018874
v -0.002519 -0.011883 0.018787
v -0.001796 -0.012094 0.018704
v -0.001151 -0.012139 0.018742
v -0.000826 -0.012156 0.018973
v -0.001501 -0.012166 0.019209
v -0.000871 -0.012272 0.018648
v -0.001089 -0.012523 0.018386
v -0.000059 -0.012574 0.018401
v -0.000119 -0.012260 0.018703
v 0.000701 -0.012189 0.018750
v -0.000437 -0.012238 0.019079
v 0.000043 -0.012223 0.018932
v 0.001002 -0.012210 0.018983
v 0.002300 -0.011514 0.017528
v 0.002390 -0.011122 0.017312
v 0.000776 -0.012594 0.018324
v 0.001160 -0.012529 0.018369
v 0.001898 -0.012501 0.018219
v 0.001782 -0.012121 0.018718
v 0.002108 -0.012405 0.018389
v 0.001854 -0.012109 0.018980
v 0.001022 -0.012613 0.019668
v 0.002416 -0.012483 0.019671
v 0.001980 -0.012626 0.020168
v -0.005449 -0.013561 0.012248
v -0.004432 -0.013948 0.012244
v -0.003062 -0.014412 0.011907
v -0.002211 -0.014438 0.012392
v -0.004283 -0.013666 0.013000
v -0.003227 -0.014081 0.012786
v -0.001807 -0.014321 0.012828
v 0.000171 -0.014743 0.011968
v -0.000027 -0.014862 0.011306
v -0.006536 -0.010645 0.021386
v -0.007253 -0.010107 0.022791
v -0.008059 -0.009360 0.025435
v -0.008059 -0.009360 0.025435
v -0.006198 -0.010818 0.023305
v -0.007150 -0.010117 0.024945
v -0.006378 -0.010687 0.025301
v -0.005889 -0.011051 0.019998
v -0.003950 -0.011872 0.019649
v -0.003644 -0.011664 0.019184
v -0.003429 -0.012043 0.018333
v -0.002698 -0.012260 0.018031
v -0.002245 -0.012339 0.018365
v -0.001445 -0.012533 0.018183
v -0.004736 -0.011606 0.019908
v -0.005123 -0.011433 0.020900
v -0.005635 -0.011200 0.022086
v -0.004515 -0.011720 0.021672
v -0.003452 -0.012087 0.019978
v -0.002506 -0.012289 0.019690
v -0.003490 -0.012092 0.022122
v -0.002054 -0.012496 0.021878
v -0.004787 -0.011545 0.023425
v -0.005681 -0.011088 0.025225
v -0.004335 -0.011688 0.025392
v -0.002659 -0.012240 0.025096
v -0.001528 -0.012526 0.023744
v -0.002199 -0.011999 0.019083
v -0.001089 -0.012614 0.020440
v -0.001378 -0.012503 0.019731
v -0.000757 -0.012582 0.019649
v -0.000839 -0.012288 0.019312
v -0.000175 -0.012669 0.019824
v 0.000207 -0.012439 0.019378
v 0.000687 -0.012678 0.019942
v -0.000619 -0.012717 0.021706
v 0.000609 -0.012732 0.021234
v 0.000136 -0.012753 0.022415
v 0.000057 -0.012654 0.024071
v 0.001300 -0.012740 0.022251
v 0.002863 -0.012531 0.022205
v -0.011007 0.005146 0.025336
v -0.010745 0.005792 0.024177
v -0.011538 0.003830 0.025474
v -0.011961 0.002303 0.025062
v -0.011897 0.002254 0.025804
v -0.010425 0.006245 0.025660
v -0.010057 0.006890 0.025232
v -0.011045 0.004886 0.025874
v -0.010146 0.006431 0.026131
v -0.009647 0.007187 0.026044
v -0.010787 0.005179 0.026233
v -0.010202 0.006067 0.026300
v -0.011373 0.003768 0.026189
v -0.011196 0.003917 0.026355
v -0.011603 0.003171 0.026064
v -0.011423 0.003048 0.026383
v -0.012096 0.000706 0.025845
v -0.011923 0.001249 0.026202
v -0.011967 0.000505 0.026262
v -0.011609 0.002601 0.026332
v -0.011690 0.002145 0.026361
v -0.011777 0.001361 0.026395
v -0.009079 0.008194 0.021976
v -0.008111 0.009156 0.022290
v -0.009738 0.007392 0.022189
v -0.009541 0.007639 0.023918
v -0.008548 0.008733 0.024652
v -0.007731 0.009503 0.024073
v -0.006847 0.010135 0.025302
v -0.007956 0.009277 0.025313
v -0.007476 0.009656 0.025536
v -0.009171 0.007969 0.025559
v -0.008542 0.008611 0.025758
v -0.007528 0.009449 0.026060
v -0.006349 0.010362 0.025902
v -0.006383 0.010149 0.026223
v -0.006383 0.010149 0.026223
v -0.007556 0.009228 0.026286
v -0.007556 0.009228 0.026286
v -0.008330 0.008589 0.026213
v -0.005438 0.010716 0.026250
v -0.005438 0.010716 0.026250
v -0.012191 -0.000481 0.025224
v -0.012061 -0.001354 0.025748
v -0.011927 -0.002374 0.025799
v -0.012036 -0.000409 0.026097
v -0.011908 -0.001125 0.026323
v -0.011795 -0.002089 0.026298
v -0.011745 0.000844 0.026454
v -0.011766 -0.003129 0.025702
v -0.011712 -0.002906 0.026138
v -0.011332 -0.004268 0.026048
v -0.011541 -0.002478 0.026482
v -0.011536 -0.002883 0.026370
v -0.011340 -0.003786 0.026360
v -0.010940 -0.004902 0.026332
v -0.010901 -0.005410 0.025897
v -0.010523 -0.005928 0.026209
v -0.009986 -0.006934 0.026070
v -0.009437 -0.007791 0.025892
v 0.010292 0.007030 0.026228
v 0.010305 0.006631 0.026352
v -0.008773 -0.008320 0.026318
v -0.008773 -0.008320 0.026318
v -0.008434 -0.008824 0.026155
v -0.008434 -0.008824 0.026155
v -0.007728 -0.009361 0.026333
v -0.007728 -0.009361 0.026333
v -0.007860 -0.009381 0.026132
v -0.007860 -0.009381 0.026132
v -0.007860 -0.009381 0.026132
v -0.007377 -0.009871 0.025795
v -0.006880 -0.010149 0.026116
v -0.006105 -0.010737 0.026033
v -0.006376 -0.010351 0.026352
v -0.007040 -0.009815 0.026395
v -0.005351 -0.010982 0.026278
v -0.005104 -0.011249 0.025944
v -0.003858 -0.011584 0.026352
v -0.004467 -0.011480 0.026160
v -0.003428 -0.011904 0.026081
v -0.003272 -0.012053 0.025432
v -0.002138 -0.012286 0.025925
v -0.002834 -0.011984 0.026271
v -0.000997 -0.012526 0.025656
v -0.002053 -0.012092 0.026356
v -0.001181 -0.012374 0.026123
v -0.000015 -0.012611 0.025394
v 0.000890 -0.012623 0.025123
v 0.000006 -0.012483 0.026091
v 0.000976 -0.012546 0.025782
v 0.001233 -0.012640 0.023729
v 0.002032 -0.012547 0.024220
v 0.002212 -0.012466 0.025559
v 0.003045 -0.012378 0.024210
v 0.003279 -0.012305 0.025451
v -0.000748 -0.012271 0.026349
v 0.000248 -0.012332 0.026363
v 0.001063 -0.012418 0.026194
v 0.002412 -0.012286 0.026162
v 0.003366 -0.012199 0.025891
v 0.004295 -0.011979 0.025522
v -0.014293 0.003270 0.004568
v -0.014307 0.002974 0.005467
v -0.014503 0.001756 0.005758
v -0.014264 0.003136 0.006617
v -0.013930 0.004449 0.007987
v -0.013982 0.004589 0.009047
v -0.014549 0.001925 0.007284
v -0.014427 0.002841 0.009011
v -0.014569 0.001252 0.006434
v -0.014675 0.000659 0.005966
v -0.014639 -0.000343 0.008368
v -0.014667 0.000321 0.009373
v -0.013413 0.005895 0.008859
v -0.013066 -0.006847 0.008107
v -0.012386 -0.008160 0.008653
v -0.012386 -0.008160 0.008653
v -0.011558 -0.009242 0.007818
v -0.011984 -0.008771 0.008063
v -0.011673 -0.009078 0.009272
v -0.011235 -0.009561 0.009303
v 0.008925 0.011381 0.012835
v 0.009128 0.010886 0.013258
v 0.009512 0.010179 0.013601
v 0.009291 0.009623 0.014130
v 0.006240 0.013544 -0.004307
v 0.005111 0.013994 -0.004162
v 0.006799 0.013302 -0.004920
v 0.005738 0.013696 -0.003461
v 0.006582 0.013380 -0.003552
v 0.006744 0.013272 -0.004052
v 0.006301 0.013476 -0.002344
v 0.007803 0.012759 -0.004788
v 0.008227 0.012414 -0.005443
v 0.008569 0.012204 -0.004364
v 0.007686 0.012734 -0.004034
v 0.007614 0.012796 -0.002869
v 0.009075 0.011788 -0.003781
v 0.006436 0.013422 -0.000092
v 0.006918 0.013192 -0.001156
v 0.006575 0.013284 -0.001695
v 0.007330 0.012875 -0.001878
v 0.008044 0.012536 -0.002438
v 0.008625 0.012090 -0.002805
v 0.009220 0.011707 -0.003302
v 0.008564 0.012196 -0.002305
v 0.009435 0.011465 -0.002803
v 0.007986 0.012620 -0.001156
v 0.009162 0.011796 -0.001582
v 0.010109 0.010910 -0.001906
v 0.009963 0.011071 -0.005181
v 0.009996 0.010990 -0.004127
v 0.010664 0.010244 -0.003113
v 0.012062 0.008622 -0.005414
v 0.011332 0.009534 -0.003346
v 0.012171 0.008414 -0.003506
v 0.012706 0.007445 -0.004116
v 0.010711 0.010343 -0.001647
v 0.013045 0.006946 -0.004080
v 0.012793 0.007437 -0.002542
v 0.012400 0.008147 -0.001658
v 0.011838 0.008978 -0.001847
v 0.012145 0.008526 -0.000794
v 0.012956 0.007057 -0.001739
v 0.008194 0.012439 -0.000150
v 0.007457 0.012931 0.000285
v 0.008586 0.012170 0.002114
v 0.007267 0.013050 0.002646
v 0.009303 0.011598 -0.000282
v 0.008973 0.011910 0.000460
v 0.009424 0.011547 0.001977
v 0.010030 0.010975 0.000478
v 0.007762 0.012781 0.003436
v 0.007343 0.012992 0.004272
v 0.008107 0.012531 0.003978
v 0.009490 0.011456 0.003211
v 0.009209 0.011732 0.004437
v 0.010444 0.010562 0.003279
v 0.010889 0.010111 0.000555
v 0.011550 0.009314 0.000610
v 0.012005 0.008696 0.000046
v 0.012940 0.007233 -0.000062
v 0.012817 0.007425 -0.000867
v 0.012017 0.008747 0.003654
v 0.010588 0.010377 0.003976
v 0.011460 0.009480 0.003475
v 0.013323 0.006444 -0.001154
v 0.013310 0.006509 0.000016
v 0.013769 0.005627 0.002238
v 0.012994 0.007186 0.002396
v 0.012531 0.008028 0.004592
v 0.013565 0.006115 0.003802
v 0.013202 0.006674 -0.005670
v 0.013273 0.006455 -0.003042
v 0.014542 0.002660 -0.005232
v 0.014677 0.001751 -0.003923
v 0.014724 0.001050 -0.003941
v 0.014759 0.000462 -0.004245
v 0.014595 0.002584 -0.002966
v 0.014582 0.002477 -0.003876
v 0.014220 0.004028 -0.003933
v 0.014659 0.002400 -0.004449
v 0.014773 0.001426 -0.003567
v 0.013760 0.005402 -0.002915
v 0.013758 0.005361 -0.004364
v 0.014066 0.004671 -0.001950
v 0.013233 0.006484 -0.001832
v 0.013629 0.005827 -0.001832
v 0.013998 0.004910 -0.000380
v 0.014464 0.003124 -0.001494
v 0.014375 0.003546 -0.002174
v 0.014683 0.002128 -0.001874
v 0.014740 0.001395 -0.002725
v 0.014733 0.001378 -0.001234
v 0.014634 0.002477 -0.000902
v 0.014326 0.003883 -0.000158
v 0.014763 0.001520 -0.000080
v 0.014726 -0.000957 -0.004308
v 0.014819 -0.000483 -0.003110
v 0.014750 0.000756 -0.003356
v 0.014736 0.000670 -0.002847
v 0.014802 0.000081 -0.002428
v 0.014712 -0.000992 -0.001707
v 0.014613 -0.001963 -0.002804
v 0.014625 -0.002184 -0.001906
v 0.014513 -0.002399 -0.002715
v 0.014496 -0.002821 -0.002523
v 0.014436 -0.003038 -0.000999
v 0.014235 -0.003850 -0.001854
v 0.014796 0.001294 -0.001754
v 0.014785 0.000307 -0.001394
v 0.014801 -0.001050 -0.000641
v 0.014844 -0.000417 0.001355
v 0.014622 -0.002095 -0.000904
v 0.014801 -0.001009 0.000224
v 0.014727 -0.001870 0.001863
v 0.014707 -0.001380 -0.003853
v 0.014531 -0.002155 -0.004000
v 0.014620 -0.002012 -0.003402
v 0.014356 -0.003205 -0.003231
v 0.014596 0.002878 0.001344
v 0.014322 0.004028 0.003694
v 0.013912 0.005295 0.004310
v 0.014798 0.001688 0.003853
v 0.014860 -0.000079 0.002998
v 0.014549 0.003225 0.004982
v 0.014809 -0.001385 0.004108
v 0.014874 -0.000521 0.005438
v 0.007945 0.012663 0.005210
v 0.008883 0.012044 0.006494
v 0.010576 0.010480 0.004619
v 0.009873 0.011188 0.005611
v 0.010316 0.010748 0.005498
v 0.011153 0.009891 0.006013
v 0.010444 0.010532 0.006060
v 0.010027 0.011049 0.006804
v 0.009473 0.011559 0.007558
v 0.011434 0.009575 0.005079
v 0.008319 0.012536 0.009367
v 0.008703 0.012177 0.010249
v 0.008714 0.012286 0.009559
v 0.009216 0.011836 0.009462
v 0.010800 0.010329 0.007454
v 0.010723 0.010350 0.007875
v 0.011662 0.009314 0.007233
v 0.012140 0.008658 0.006597
v 0.013230 0.006781 0.004487
v 0.013108 0.007101 0.006059
v 0.013757 0.005826 0.005912
v 0.014109 0.004781 0.005111
v 0.014484 0.003755 0.006944
v 0.011864 0.008960 0.007829
v 0.013122 0.007122 0.007046
v 0.012657 0.007854 0.007826
v 0.013268 0.006832 0.007657
v 0.013417 0.006439 0.006499
v 0.013706 0.005945 0.007221
v 0.014049 0.005056 0.007667
v 0.013695 0.005972 0.007930
v 0.013786 0.005727 0.008284
v 0.014280 0.004407 0.007828
v 0.014280 0.004881 0.009278
v 0.009273 0.011678 0.011345
v 0.010428 0.010832 0.009649
v 0.010042 0.011008 0.011459
v 0.011057 0.010022 0.011345
v 0.011117 0.010088 0.010014
v 0.011386 0.009722 0.010204
v 0.012029 0.008812 0.011343
v 0.011775 0.009327 0.009862
v 0.008681 0.011893 0.012204
v 0.009594 0.011172 0.012222
v 0.010601 0.010335 0.011966
v 0.009877 0.010604 0.012813
v 0.009376 0.008766 0.014462
v 0.010269 0.009858 0.013215
v 0.010328 0.009260 0.013659
v 0.010449 0.008422 0.014068
v 0.010684 0.009903 0.012626
v 0.011169 0.009584 0.012212
v 0.011792 0.008934 0.011987
v 0.011348 0.009122 0.012626
v 0.011016 0.009000 0.013216
v 0.010994 0.008452 0.013647
v 0.012039 0.008242 0.012631
v 0.011703 0.008030 0.013262
v 0.012165 0.007323 0.013230
v 0.011544 0.007248 0.013889
v 0.011201 0.006258 0.014452
v 0.010146 0.007916 0.014456
v 0.012039 0.006028 0.013989
v 0.010818 0.005481 0.014875
v 0.011293 0.003811 0.015002
v 0.012729 0.007976 0.009974
v 0.013066 0.007175 0.011358
v 0.013319 0.006823 0.010406
v 0.013930 0.005523 0.010288
v 0.013774 0.006211 0.009423
v 0.012411 0.008131 0.011792
v 0.012927 0.007178 0.012006
v 0.012827 0.006697 0.012780
v 0.013804 0.005565 0.011453
v 0.014255 0.004367 0.011052
v 0.014258 0.004934 0.009572
v 0.014681 0.003267 0.009710
v 0.014603 0.003294 0.010260
v 0.014487 0.003325 0.011534
v 0.014704 0.002242 0.011329
v 0.014080 0.004557 0.011838
v 0.014453 0.003111 0.011924
v 0.014676 0.001240 0.012024
v 0.013382 0.006043 0.012260
v 0.012566 0.006224 0.013445
v 0.012353 0.004720 0.014168
v 0.012639 0.005278 0.013760
v 0.013306 0.005562 0.012852
v 0.013614 0.005373 0.012404
v 0.013408 0.004677 0.013184
v 0.012875 0.002798 0.014160
v 0.011781 0.002432 0.014896
v 0.013078 0.003776 0.013832
v 0.013905 0.004409 0.012481
v 0.014014 0.003537 0.012746
v 0.013625 0.003515 0.013307
v 0.014084 0.002577 0.012971
v 0.014132 0.001419 0.013129
v 0.013502 0.002271 0.013740
v 0.014377 0.002335 0.012483
v 0.014375 0.001353 0.012746
v 0.014734 0.002309 0.006093
v 0.014855 0.001137 0.005600
v 0.014806 0.001874 0.007269
v 0.014849 0.001043 0.006525
v 0.014811 0.000044 0.006350
v 0.014842 -0.000813 0.006206
v 0.014893 0.000364 0.007240
v 0.014883 -0.000445 0.007298
v 0.014501 0.003510 0.007732
v 0.014639 0.002726 0.008018
v 0.014566 0.003703 0.008360
v 0.014817 0.001753 0.010427
v 0.014899 0.000585 0.010155
v 0.014878 0.001447 0.009635
v 0.014866 0.000726 0.011270
v 0.009134 0.007221 0.015386
v 0.008494 0.007527 0.015959
v 0.008750 0.007115 0.016469
v 0.008942 0.007198 0.015706
v 0.009443 0.007466 0.014961
v 0.009885 0.006418 0.015168
v 0.009386 0.006537 0.015785
v 0.009163 0.006548 0.016995
v 0.009207 0.006681 0.017235
v 0.009260 0.006432 0.016568
v 0.010221 0.004905 0.016297
v 0.010237 0.004810 0.016959
v 0.009382 0.006781 0.017342
v 0.010520 0.006610 0.017598
v 0.009804 0.005950 0.017330
v 0.010118 0.005134 0.017149
v 0.010355 0.005040 0.017283
v 0.010254 0.006145 0.015017
v 0.009947 0.005943 0.015456
v 0.010552 0.005054 0.015275
v 0.010077 0.005462 0.015743
v 0.010506 0.004563 0.015753
v 0.011060 0.003515 0.015407
v 0.010928 0.003261 0.015887
v 0.010640 0.003785 0.016631
v 0.010651 0.003825 0.017034
v 0.010535 0.004400 0.017208
v 0.009517 0.008300 0.017831
v 0.009909 0.007617 0.017698
v 0.009776 0.008112 0.018277
v 0.010217 0.007576 0.018003
v 0.010321 0.007423 0.018305
v 0.010564 0.006995 0.017812
v 0.009594 0.007851 0.018636
v 0.009859 0.007471 0.018905
v 0.009875 0.007755 0.019239
v 0.010105 0.007888 0.019547
v 0.010098 0.007209 0.018641
v 0.011012 0.006309 0.018324
v 0.010283 0.006896 0.018909
v 0.010698 0.006241 0.018689
v 0.010806 0.006205 0.018925
v 0.010846 0.006791 0.019498
v 0.011234 0.005771 0.017664
v 0.011152 0.006124 0.017803
v 0.010846 0.006676 0.018108
v 0.011299 0.005934 0.018055
v 0.011427 0.005117 0.017606
v 0.011722 0.004969 0.018234
v 0.011615 0.005135 0.017788
v 0.011218 0.004200 0.017441
v 0.011618 0.004741 0.017591
v 0.012029 0.004164 0.017777
v 0.011988 0.003725 0.017601
v 0.012064 0.004171 0.018086
v 0.011449 0.004774 0.018634
v 0.011763 0.004060 0.018571
v 0.011169 0.005472 0.018607
v 0.011189 0.006161 0.019433
v 0.011196 0.005364 0.018800
v 0.011576 0.005659 0.019624
v 0.011664 0.004325 0.018810
v 0.012008 0.004721 0.019555
v 0.009875 0.008257 0.019885
v 0.010418 0.007546 0.020019
v 0.011259 0.006305 0.019895
v 0.010684 0.006974 0.021234
v 0.010447 0.007276 0.022399
v 0.011180 0.006139 0.021450
v 0.011268 0.006243 0.019704
v 0.012047 0.004729 0.019933
v 0.011861 0.004816 0.021564
v 0.011138 0.006192 0.024480
v 0.010664 0.006868 0.025649
v 0.008703 0.012056 0.008217
v 0.008843 0.012010 0.008690
v 0.009529 0.011478 0.008256
v 0.011606 0.009438 0.008752
v 0.012260 0.008613 0.008961
v 0.013108 0.007456 0.008620
v 0.013588 0.006523 0.008777
v 0.011348 0.009616 0.009602
v 0.010985 0.010137 0.009184
v 0.013327 0.007080 0.009190
v 0.014821 0.002345 0.009390
v 0.014809 0.001025 0.008083
v 0.014777 0.001404 0.008590
v 0.014791 0.000568 0.009292
v 0.011011 -0.001272 0.026398
v 0.010231 -0.005693 0.026424
v 0.011240 -0.004821 0.026378
v 0.011933 -0.002352 0.026407
v 0.010620 -0.005744 0.026402
v 0.009195 -0.007330 0.026448
v 0.009976 -0.007162 0.026410
v 0.006342 -0.009597 0.026464
v 0.007781 -0.009168 0.026474
v 0.005247 -0.010785 0.026470
v 0.004627 -0.011189 0.026458
v 0.007008 -0.009929 0.026431
v 0.006015 -0.010735 0.026403
v 0.006218 -0.010946 0.026202
v 0.006635 -0.010581 0.026297
v 0.008239 -0.008564 0.026462
v 0.008685 -0.008133 0.026470
v 0.008760 -0.008708 0.026380
v 0.009153 -0.007961 0.026420
v 0.007309 -0.010066 0.026349
v 0.011922 -0.003898 0.026256
v 0.011338 0.002785 0.026408
v 0.011530 0.003488 0.026388
v 0.011443 0.004821 0.026276
v 0.011944 0.000992 0.026418
v 0.011942 0.002718 0.026382
v 0.011998 -0.000203 0.026424
v 0.012343 0.000256 0.026365
v 0.012111 -0.000723 0.026425
v 0.012414 -0.001251 0.026292
v 0.012388 -0.002002 0.026266
v -0.000710 -0.014791 0.004769
v -0.001310 -0.014842 0.006165
v -0.000663 -0.014860 0.005665
v -0.000090 -0.014852 0.005819
v 0.000521 -0.014877 0.005382
v 0.001099 -0.014857 0.004645
v 0.002492 -0.014628 0.004861
v 0.001932 -0.014812 0.005556
v 0.000668 -0.014914 0.007175
v -0.000666 -0.014896 0.007267
v 0.000110 -0.014840 0.006961
v -0.000165 -0.014882 0.008275
v 0.000439 -0.014944 0.008005
v 0.001916 -0.014810 0.007073
v 0.001850 -0.014869 0.008999
v 0.005298 -0.013846 0.002592
v 0.004528 -0.014087 0.003015
v 0.004886 -0.014043 0.003943
v 0.007844 -0.012560 0.004350
v 0.007278 -0.012989 0.003143
v 0.007869 -0.012618 0.003753
v 0.004923 -0.014151 0.007268
v 0.004318 -0.014249 0.005094
v 0.005764 -0.013712 0.005394
v -0.000517 -0.014906 0.010032
v 0.000432 -0.014935 0.009813
v 0.002359 -0.014727 0.010456
v 0.001369 -0.014792 0.011388
v 0.002897 -0.014728 0.009828
v 0.001440 -0.014559 0.012331
v 0.002381 -0.014599 0.011793
v 0.001109 -0.014275 0.013006
v 0.001056 -0.013884 0.013555
v 0.003217 -0.014515 0.011260
v 0.003941 -0.014406 0.010257
v 0.002328 -0.014241 0.012822
v 0.003025 -0.014382 0.012149
v 0.003328 -0.013922 0.013002
v 0.004306 -0.014145 0.011792
v 0.004697 -0.014096 0.011239
v 0.004138 -0.014001 0.012397
v 0.008237 -0.012437 0.010319
v 0.008317 -0.012385 0.009818
v 0.008962 -0.012030 0.009783
v 0.004159 -0.014409 0.007551
v 0.004370 -0.014368 0.008709
v 0.002437 -0.014829 0.008267
v 0.005385 -0.013921 0.010105
v 0.005025 -0.014120 0.009746
v 0.005977 -0.013770 0.009029
v 0.006386 -0.013573 0.009482
v 0.006538 -0.013388 0.010320
v 0.005841 -0.013639 0.011402
v 0.007447 -0.012987 0.009595
v 0.007042 -0.013074 0.011257
v 0.014358 -0.003563 0.000470
v 0.013970 -0.004867 0.000428
v 0.013731 -0.005407 -0.001164
v 0.014360 -0.003708 0.002404
v 0.013880 -0.005220 0.001776
v 0.013691 -0.005394 0.000450
v 0.013515 -0.005899 0.001038
v 0.013418 -0.006253 0.002215
v 0.013073 -0.006869 0.001731
v 0.010409 -0.010454 0.000209
v 0.013964 -0.005084 0.002668
v 0.014605 -0.002736 0.003997
v 0.013499 -0.006069 0.003564
v 0.014121 -0.004546 0.004119
v 0.014508 -0.003112 0.004355
v 0.014765 -0.002135 0.005497
v 0.014574 -0.002769 0.004989
v 0.014470 -0.003569 0.005929
v 0.014658 -0.002562 0.005757
v 0.014032 -0.004925 0.005078
v 0.013819 -0.005298 0.006194
v 0.013652 -0.005832 0.005516
v 0.014052 -0.004893 0.006533
v 0.008908 -0.011818 0.001308
v 0.008380 -0.012269 0.001703
v 0.009264 -0.011581 0.001168
v 0.009752 -0.011135 0.003042
v 0.010179 -0.010769 0.000962
v 0.009636 -0.011210 0.001586
v 0.007829 -0.012553 0.002591
v 0.008637 -0.012057 0.004003
v 0.011460 0.002415 0.015213
v 0.011528 0.001419 0.015350
v 0.011867 0.000963 0.014979
v 0.011218 0.002324 0.015673
v 0.011297 0.001466 0.015856
v 0.012415 0.000100 0.014575
v 0.012415 0.001269 0.014577
v 0.011584 -0.000144 0.015346
v 0.011347 -0.001569 0.015420
v 0.011622 -0.002031 0.015060
v 0.011809 -0.001100 0.014965
v 0.011381 -0.000181 0.015799
v 0.011262 0.000668 0.016297
v 0.011917 -0.000210 0.014939
v 0.011613 -0.000578 0.015187
v 0.012376 -0.000616 0.014619
v 0.011399 -0.000600 0.015551
v 0.011491 -0.001077 0.015391
v 0.011295 -0.001018 0.015968
v 0.011257 -0.000859 0.016280
v 0.014553 0.000365 0.012488
v 0.013410 0.001244 0.013919
v 0.013895 0.000228 0.013496
v 0.014220 -0.000437 0.013038
v 0.012863 0.000343 0.014367
v 0.013465 -0.000117 0.013901
v 0.012680 -0.001293 0.014415
v 0.012817 -0.000256 0.014343
v 0.011923 -0.002148 0.014758
v 0.013903 -0.001574 0.013339
v 0.013369 -0.002250 0.013782
v 0.013471 -0.003024 0.013527
v 0.012710 -0.002273 0.014284
v 0.010473 -0.004806 0.015292
v 0.010351 -0.005804 0.014894
v 0.010839 -0.004528 0.015031
v 0.009901 -0.005839 0.015346
v 0.011668 -0.004312 0.014533
v 0.012521 -0.004454 0.013974
v 0.012666 -0.003628 0.014076
v 0.013069 -0.004714 0.013385
v 0.011617 -0.007251 0.013568
v 0.012334 -0.006898 0.013010
v 0.011922 -0.006383 0.013715
v 0.011212 -0.005369 0.014543
v 0.011268 -0.006740 0.014065
v 0.013098 -0.005262 0.013072
v 0.011087 -0.003101 0.015375
v 0.011586 -0.003023 0.014849
v 0.011177 -0.002030 0.015801
v 0.011106 -0.003897 0.015021
v 0.010829 -0.003688 0.015512
v 0.010907 -0.002891 0.016024
v 0.011077 -0.002065 0.016327
v 0.010998 -0.002462 0.016921
v 0.010638 -0.003752 0.016037
v 0.010944 -0.002951 0.017114
v 0.010615 -0.003617 0.016754
v 0.010337 -0.004539 0.015810
v 0.009892 -0.005484 0.015808
v 0.009740 -0.005554 0.016333
v 0.009330 -0.006310 0.015963
v 0.010255 -0.004579 0.016732
v 0.010555 -0.004182 0.017055
v 0.010274 -0.004670 0.016951
v 0.010721 -0.004311 0.017215
v 0.009949 -0.005393 0.017058
v 0.009786 -0.005574 0.016920
v 0.009580 -0.005875 0.016763
v 0.009902 -0.005836 0.017202
v 0.010118 -0.005888 0.017285
v 0.011276 -0.005653 0.017532
v 0.010878 -0.006076 0.017434
v 0.011345 -0.004877 0.017441
v 0.005579 -0.009946 0.015659
v 0.005960 -0.010154 0.015036
v 0.006190 -0.009746 0.015259
v 0.006619 -0.009545 0.015210
v 0.001222 -0.013422 0.014010
v 0.001458 -0.012767 0.014455
v 0.002217 -0.013648 0.013652
v 0.002889 -0.012938 0.014173
v 0.005888 -0.012553 0.013560
v 0.004440 -0.012686 0.013994
v 0.005388 -0.013073 0.013217
v 0.003651 -0.013312 0.013673
v 0.004857 -0.013485 0.012937
v 0.004580 -0.012061 0.014366
v 0.002373 -0.011572 0.015073
v 0.002357 -0.011261 0.015492
v 0.002434 -0.010997 0.016177
v 0.003259 -0.011350 0.015057
v 0.003004 -0.011186 0.015340
v 0.003240 -0.010878 0.015868
v 0.002940 -0.010779 0.016924
v 0.003247 -0.010699 0.016657
v 0.003917 -0.010748 0.015597
v 0.004054 -0.010496 0.016252
v 0.004172 -0.011100 0.015013
v 0.005120 -0.011007 0.014778
v 0.005639 -0.011950 0.014146
v 0.006291 -0.011028 0.014453
v 0.004574 -0.010552 0.015476
v 0.004991 -0.010521 0.015233
v 0.004735 -0.010283 0.015938
v 0.009153 -0.011742 0.010432
v 0.008547 -0.012149 0.011200
v 0.009784 -0.011349 0.009787
v 0.010432 -0.010583 0.010994
v 0.009354 -0.011484 0.011463
v 0.008459 -0.011778 0.012525
v 0.008697 -0.011887 0.011888
v 0.009614 -0.011070 0.012086
v 0.010875 -0.009944 0.011730
v 0.007609 -0.009631 0.014683
v 0.006829 -0.011240 0.014175
v 0.007263 -0.009345 0.014967
v 0.007983 -0.009831 0.014473
v 0.008930 -0.009252 0.014337
v 0.008056 -0.010939 0.013773
v 0.009421 -0.009706 0.013807
v 0.010978 -0.008531 0.013367
v 0.010995 -0.009095 0.012843
v 0.011855 -0.007881 0.012867
v 0.009900 -0.009993 0.013181
v 0.010498 -0.010020 0.012409
v 0.011367 -0.009143 0.012173
v 0.008921 -0.010658 0.013429
v 0.009686 -0.010726 0.012600
v 0.008944 -0.011064 0.012983
v 0.007946 -0.011572 0.013284
v 0.008129 -0.011763 0.012888
v 0.005383 -0.013567 0.012384
v 0.006526 -0.013136 0.012159
v 0.006439 -0.012886 0.012779
v 0.007469 -0.012396 0.012653
v 0.007771 -0.012460 0.012056
v 0.007067 -0.011972 0.013501
v 0.006391 -0.009232 0.016359
v 0.005629 -0.009734 0.016313
v 0.006557 -0.009280 0.015702
v 0.007154 -0.009182 0.015195
v 0.006997 -0.008988 0.015661
v 0.007397 -0.008431 0.016367
v 0.006291 -0.009320 0.016929
v 0.006934 -0.008889 0.017000
v 0.007847 -0.008080 0.016758
v 0.006160 -0.009446 0.017099
v 0.006623 -0.009282 0.017180
v 0.005986 -0.009703 0.017257
v 0.006648 -0.010160 0.017446
v 0.007310 -0.008668 0.017114
v 0.007196 -0.008918 0.017200
v 0.007544 -0.009153 0.017363
v 0.007171 -0.010149 0.017516
v 0.003135 -0.010815 0.017193
v 0.003657 -0.010617 0.017124
v 0.004583 -0.010229 0.016739
v 0.003524 -0.010893 0.017337
v 0.004484 -0.010335 0.017109
v 0.004402 -0.010571 0.017349
v 0.002606 -0.012190 0.017708
v 0.002196 -0.012384 0.017780
v 0.002415 -0.012414 0.017938
v 0.003079 -0.012202 0.017815
v 0.002777 -0.012341 0.018222
v 0.004044 -0.011974 0.018359
v 0.003256 -0.011906 0.017672
v 0.003973 -0.011788 0.017628
v 0.004032 -0.011969 0.017865
v 0.003658 -0.012139 0.018076
v 0.003553 -0.011780 0.018999
v 0.002591 -0.011915 0.018801
v 0.003329 -0.011756 0.018810
v 0.002764 -0.011937 0.018658
v 0.003561 -0.012257 0.019572
v 0.003418 -0.012368 0.019878
v 0.003890 -0.011652 0.018648
v 0.004424 -0.011435 0.018843
v 0.004869 -0.011266 0.018659
v 0.005291 -0.009903 0.017008
v 0.005084 -0.010200 0.017287
v 0.005623 -0.009778 0.017163
v 0.005250 -0.010406 0.017371
v 0.005069 -0.011277 0.017609
v 0.004399 -0.011519 0.017568
v 0.005763 -0.011011 0.017612
v 0.004729 -0.011719 0.017784
v 0.005120 -0.011518 0.017800
v 0.005597 -0.011259 0.017741
v 0.006050 -0.011188 0.018033
v 0.004974 -0.011681 0.018097
v 0.005841 -0.011229 0.018288
v 0.006616 -0.010623 0.017680
v 0.006294 -0.010930 0.017744
v 0.006927 -0.010670 0.018016
v 0.007198 -0.010326 0.017647
v 0.003197 -0.012423 0.020601
v 0.005039 -0.011820 0.019580
v 0.004184 -0.012140 0.019716
v 0.004468 -0.012067 0.020901
v 0.004525 -0.012068 0.020237
v 0.003726 -0.012339 0.021890
v 0.005284 -0.011797 0.021932
v 0.005394 -0.011709 0.020796
v 0.005581 -0.010971 0.018738
v 0.005621 -0.011017 0.018571
v 0.005780 -0.011029 0.019036
v 0.006217 -0.010640 0.018789
v 0.007690 -0.010108 0.017812
v 0.006733 -0.010672 0.018297
v 0.007250 -0.010409 0.018215
v 0.007130 -0.010057 0.018824
v 0.006659 -0.010369 0.018668
v 0.006793 -0.010367 0.018542
v 0.007374 -0.009895 0.018600
v 0.006280 -0.010612 0.018607
v 0.006197 -0.011307 0.019637
v 0.006769 -0.010652 0.019267
v 0.006761 -0.011045 0.019722
v 0.005771 -0.011567 0.019855
v 0.007601 -0.009960 0.019260
v 0.007843 -0.010231 0.019612
v 0.006306 -0.011256 0.020653
v 0.007390 -0.010650 0.020022
v 0.008562 -0.007764 0.015270
v 0.007895 -0.008219 0.015622
v 0.008176 -0.008524 0.014976
v 0.009048 -0.007546 0.015001
v 0.009095 -0.008476 0.014534
v 0.009526 -0.007062 0.014912
v 0.008628 -0.007160 0.016390
v 0.008644 -0.007391 0.015684
v 0.008010 -0.007850 0.016340
v 0.009229 -0.006866 0.015355
v 0.007537 -0.008696 0.015295
v 0.010604 -0.008273 0.013835
v 0.010296 -0.007626 0.014282
v 0.009064 -0.006607 0.016704
v 0.009342 -0.006408 0.017058
v 0.008477 -0.007462 0.017049
v 0.008809 -0.007145 0.017146
v 0.009274 -0.006910 0.017243
v 0.008327 -0.008140 0.017277
v 0.010246 -0.007142 0.017478
v 0.010809 -0.006517 0.017547
v 0.010786 -0.006770 0.017748
v 0.010532 -0.007050 0.017618
v 0.009818 -0.007862 0.017499
v 0.010109 -0.007706 0.017663
v 0.010528 -0.007179 0.018030
v 0.009865 -0.008012 0.018159
v 0.010369 -0.007254 0.018230
v 0.008168 -0.007927 0.017083
v 0.007872 -0.008247 0.017112
v 0.008528 -0.008827 0.017448
v 0.007860 -0.009778 0.017576
v 0.008279 -0.009517 0.017659
v 0.009020 -0.008775 0.017575
v 0.009013 -0.008924 0.017725
v 0.008459 -0.009507 0.017956
v 0.008728 -0.009225 0.018139
v 0.007885 -0.009965 0.018187
v 0.009638 -0.008344 0.017689
v 0.008828 -0.008650 0.018572
v 0.009237 -0.008683 0.018185
v 0.009195 -0.008242 0.018548
v 0.009488 -0.007762 0.018725
v 0.008938 -0.008501 0.018780
v 0.008920 -0.008818 0.019194
v 0.008007 -0.009361 0.018852
v 0.008135 -0.009260 0.018642
v 0.008639 -0.008786 0.018687
v 0.008429 -0.009144 0.019095
v 0.009390 -0.008623 0.017982
v 0.009630 -0.007661 0.018534
v 0.011116 -0.006184 0.017628
v 0.011110 -0.006306 0.017887
v 0.008490 -0.009795 0.019806
v 0.008906 -0.009376 0.019580
v 0.014865 -0.001610 0.006709
v 0.014780 -0.001576 0.007721
v 0.014464 -0.003453 0.007836
v 0.014579 -0.002974 0.006927
v 0.014388 -0.003788 0.006875
v 0.013839 -0.005351 0.006755
v 0.014113 -0.004726 0.007764
v 0.013729 -0.005701 0.007591
v 0.013326 -0.006674 0.007672
v 0.013658 -0.005946 0.006695
v 0.013289 -0.006672 0.010378
v 0.013508 -0.006459 0.009349
v 0.014046 -0.005098 0.010077
v 0.014365 -0.004299 0.009417
v 0.014503 -0.003634 0.010226
v 0.014087 -0.004514 0.011515
v 0.013414 -0.006199 0.011397
v 0.013741 -0.005122 0.011952
v 0.012714 -0.007659 0.010470
v 0.012473 -0.008253 0.009806
v 0.012715 -0.007576 0.011268
v 0.012117 -0.008675 0.010215
v 0.012932 -0.007001 0.011750
v 0.013039 -0.006378 0.012358
v 0.012110 -0.008080 0.012256
v 0.011698 -0.009058 0.011396
v 0.012420 -0.007416 0.012426
v 0.014930 -0.000123 0.009899
v 0.014925 -0.001103 0.009668
v 0.014805 -0.001361 0.011305
v 0.014770 -0.002605 0.009540
v 0.014787 -0.000286 0.011740
v 0.014499 -0.000831 0.012506
v 0.014709 -0.001161 0.011819
v 0.014530 -0.002988 0.011311
v 0.014551 -0.002095 0.011963
v 0.014371 -0.003127 0.011921
v 0.014244 -0.002688 0.012519
v 0.014083 -0.003536 0.012445
v 0.013823 -0.003207 0.013031
v 0.013503 -0.004958 0.012665
v 0.011608 -0.009405 0.009838
v 0.010924 0.002955 0.016310
v 0.010949 0.002763 0.016886
v 0.010753 0.003857 0.017199
v 0.011040 0.003010 0.017246
v 0.011355 0.002626 0.017395
v 0.011189 0.001819 0.017104
v 0.012149 0.003680 0.018310
v 0.012082 0.002776 0.018584
v 0.011795 0.003654 0.018680
v 0.011928 0.003244 0.018799
v 0.012024 0.003667 0.019106
v 0.012272 0.004050 0.019661
v 0.012516 0.003222 0.019508
v 0.011088 0.001829 0.016655
v 0.011904 0.002373 0.017480
v 0.012003 0.003095 0.017516
v 0.012361 0.002510 0.017599
v 0.011622 0.000439 0.017277
v 0.012493 0.001309 0.017497
v 0.012580 0.001649 0.017607
v 0.011240 0.000965 0.016866
v 0.011291 -0.000020 0.016839
v 0.011380 0.000479 0.017107
v 0.011264 -0.001096 0.016945
v 0.011457 -0.000891 0.017158
v 0.012228 -0.000964 0.017386
v 0.012747 0.000199 0.017679
v 0.012764 0.000831 0.017944
v 0.012562 -0.000003 0.017516
v 0.012785 -0.000919 0.018026
v 0.012740 0.000575 0.018173
v 0.012632 -0.000936 0.017590
v 0.012729 -0.001181 0.017786
v 0.012709 -0.000261 0.018243
v 0.012624 -0.001800 0.018187
v 0.012240 0.003556 0.017816
v 0.012287 0.003175 0.017629
v 0.012364 0.003248 0.018045
v 0.012470 0.002586 0.017737
v 0.012466 0.002669 0.018193
v 0.012567 0.002046 0.017781
v 0.012544 0.001857 0.018287
v 0.012122 0.002443 0.018774
v 0.012220 0.001827 0.018669
v 0.012293 0.001390 0.018608
v 0.012377 0.001805 0.019019
v 0.012345 0.003957 0.019869
v 0.012693 0.002258 0.019476
v 0.012688 0.002704 0.019719
v 0.012334 0.001091 0.018855
v 0.012310 0.000799 0.018596
v 0.012323 -0.000283 0.018579
v 0.012263 0.000045 0.018737
v 0.012259 -0.001550 0.018559
v 0.012240 -0.000749 0.018785
v 0.012289 -0.000352 0.018937
v 0.012421 -0.000140 0.019159
v 0.012848 -0.001026 0.019484
v 0.012839 0.000010 0.019476
v 0.012555 0.000876 0.019203
v 0.012844 0.001207 0.019547
v 0.012900 0.001380 0.019780
v 0.012742 0.002341 0.020160
v 0.012945 0.000658 0.019818
v 0.012972 -0.000479 0.019756
v 0.011223 -0.001640 0.017062
v 0.011347 -0.001975 0.017190
v 0.012516 -0.001717 0.017502
v 0.011870 -0.001992 0.017270
v 0.011843 -0.003098 0.017313
v 0.012253 -0.002463 0.017414
v 0.011095 -0.003294 0.017249
v 0.012078 -0.002599 0.018584
v 0.011913 -0.003363 0.018550
v 0.012167 -0.002301 0.018537
v 0.012190 -0.001669 0.018684
v 0.012139 -0.002303 0.018776
v 0.012024 -0.002933 0.018748
v 0.011628 -0.003920 0.017390
v 0.011392 -0.004639 0.018560
v 0.011680 -0.004937 0.018198
v 0.011709 -0.004048 0.018503
v 0.011055 -0.005358 0.018524
v 0.011360 -0.005702 0.018159
v 0.011140 -0.005135 0.018688
v 0.011744 -0.003853 0.018657
v 0.012116 -0.003709 0.018227
v 0.011567 -0.004191 0.018639
v 0.011786 -0.003940 0.018849
v 0.011421 -0.004782 0.018881
v 0.011162 -0.005263 0.018861
v 0.012338 -0.003735 0.019551
v 0.011981 -0.004770 0.019525
v 0.012401 -0.002922 0.017659
v 0.012007 -0.003474 0.017442
v 0.012083 -0.003792 0.017621
v 0.012611 -0.002153 0.017811
v 0.012380 -0.003125 0.017998
v 0.011966 -0.004243 0.017633
v 0.012135 -0.003941 0.018003
v 0.011796 -0.004840 0.018002
v 0.011861 -0.004571 0.017755
v 0.011746 -0.004550 0.017606
v 0.011576 -0.005022 0.017611
v 0.011453 -0.005547 0.017701
v 0.012216 -0.001684 0.018893
v 0.012763 -0.001780 0.019513
v 0.012380 -0.001081 0.019096
v 0.012875 -0.001669 0.019731
v 0.012356 -0.002477 0.019122
v 0.012592 -0.002767 0.019547
v 0.012810 -0.001266 0.020886
v 0.012737 -0.001855 0.020977
v 0.012403 -0.003481 0.020942
v 0.012166 -0.004472 0.019858
v 0.012503 -0.003394 0.019894
v 0.011821 -0.005119 0.020998
v 0.012128 -0.004304 0.023248
v 0.011765 -0.005477 0.019836
v 0.012528 0.003036 0.020855
v 0.012328 0.003514 0.022311
v 0.012549 0.002582 0.022989
v 0.011683 0.005105 0.025465
v 0.012194 0.003907 0.024058
v 0.012571 0.002563 0.024949
v 0.012314 0.003491 0.025260
v 0.012782 0.001262 0.023131
v 0.012773 0.001303 0.024677
v 0.012578 0.002397 0.025558
v 0.012783 0.000730 0.025621
v 0.012778 0.001399 0.021013
v 0.012852 0.000357 0.021062
v 0.012826 -0.000598 0.023178
v 0.012572 -0.002709 0.023742
v 0.012672 -0.002121 0.023479
v 0.012848 0.000250 0.024948
v 0.012797 -0.001344 0.025278
v 0.012740 -0.000793 0.025885
v 0.012434 -0.003323 0.025312
v 0.012720 -0.001765 0.025512
v 0.012538 -0.001797 0.026126
v 0.012377 -0.002991 0.026033
v 0.004171 -0.012127 0.023492
v 0.007226 -0.010691 0.020761
v 0.008181 -0.009979 0.020898
v 0.006440 -0.011203 0.022219
v 0.007767 -0.010337 0.022116
v 0.008371 -0.009863 0.022175
v 0.007496 -0.010362 0.025408
v 0.006446 -0.011080 0.024413
v 0.005434 -0.011547 0.025402
v 0.006451 -0.011004 0.025515
v 0.008446 -0.009694 0.023893
v 0.009127 -0.009116 0.022877
v 0.010390 -0.006541 0.018651
v 0.010173 -0.006889 0.018576
v 0.010758 -0.006062 0.018505
v 0.011050 -0.006300 0.018161
v 0.010684 -0.006079 0.018708
v 0.010198 -0.006917 0.018864
v 0.009597 -0.007942 0.019085
v 0.010471 -0.006576 0.018950
v 0.011452 -0.005848 0.019454
v 0.010893 -0.006037 0.019029
v 0.010760 -0.007056 0.019552
v 0.011218 -0.006495 0.019836
v 0.011666 -0.005631 0.019622
v 0.010621 -0.007431 0.019785
v 0.010612 -0.007341 0.020790
v 0.009417 -0.008763 0.019518
v 0.010057 -0.008101 0.019598
v 0.009742 -0.008543 0.019741
v 0.009140 -0.009201 0.019721
v 0.009404 -0.008840 0.020966
v 0.011176 -0.006376 0.021138
v 0.010709 -0.007204 0.022217
v 0.011194 -0.006389 0.022181
v 0.011515 -0.005765 0.022520
v 0.010929 -0.006780 0.023275
v 0.009878 -0.008309 0.022232
v 0.010218 -0.007808 0.023504
v 0.009550 -0.008611 0.024368
v 0.009118 -0.009046 0.025079
v 0.010869 -0.006084 0.026293
v 0.005855 -0.011183 0.026080
v 0.005056 -0.011571 0.026043
v 0.005104 -0.011326 0.026338
v 0.006790 -0.010698 0.025970
v 0.009825 -0.008230 0.025469
v 0.008509 -0.009560 0.025472
v 0.007649 -0.010067 0.026056
v 0.008913 -0.009100 0.025891
v 0.008082 -0.009551 0.026294
v 0.008519 -0.009178 0.026291
v 0.009405 -0.008433 0.026164
v 0.009896 -0.007929 0.026084
v 0.009970 -0.007603 0.026278
v 0.008991 -0.008821 0.026196
v 0.011491 -0.005790 0.024842
v 0.011990 -0.004661 0.025196
v 0.010861 -0.006870 0.025051
v 0.010265 -0.007723 0.025053
v 0.010535 -0.007195 0.025877
v 0.011489 -0.005538 0.025996
v 0.011904 -0.004617 0.025811
v 0.011192 -0.006177 0.025853
v 0.012081 -0.004020 0.025959
v 0.011816 -0.004515 0.026148
v 0.011363 -0.005373 0.026252
v 0.010873 -0.006518 0.026140
v 0.011160 -0.005988 0.026140
v 0.011245 0.005917 0.025581
v 0.010897 0.006246 0.026106
v 0.011509 0.005058 0.026121
v 0.012058 0.003810 0.026041
v 0.011892 0.003961 0.026183
v 0.012310 0.003206 0.025906
v 0.012092 0.003209 0.026242
v 0.012447 0.002263 0.026041
v 0.012382 0.001631 0.026253
v 0.012672 0.000809 0.026004
v 0.012480 0.000501 0.026274
v 0.012647 -0.000336 0.026118
v 0.012543 -0.000497 0.026259
v 0.003735 -0.014489 0.006508
v 0.006229 -0.013494 0.003050
v 0.006640 -0.013294 0.004226
v 0.005510 -0.013772 0.004764
v 0.007746 -0.012762 0.005564
v 0.008515 -0.012151 0.005121
v 0.007348 -0.012954 0.006252
v 0.003645 -0.014466 0.003761
v 0.003614 -0.014437 0.005021
v 0.006129 -0.013639 0.007051
v 0.008034 -0.012521 0.006363
v 0.008852 -0.012049 0.007000
v 0.007261 -0.013057 0.007914
v 0.008699 -0.012121 0.007838
v 0.008094 -0.012575 0.008698
v 0.009849 -0.011212 0.008822
v 0.006658 -0.013355 0.008122
v 0.012794 -0.007338 -0.001808
v 0.012528 -0.007789 -0.000970
v 0.013324 -0.006286 -0.000636
v 0.013309 -0.006406 -0.000030
v 0.012667 -0.007692 0.000783
v 0.010818 -0.010141 0.001993
v 0.011023 -0.009845 -0.000107
v 0.011830 -0.008848 -0.000717
v 0.012349 -0.008091 0.000090
v 0.011977 -0.008586 0.001367
v 0.011238 -0.009737 0.001094
v 0.010093 -0.010882 0.002437
v 0.010495 -0.010387 0.003060
v 0.010992 -0.009957 0.003697
v 0.012493 -0.007871 0.001374
v 0.012441 -0.007939 0.002907
v 0.012805 -0.007447 0.004083
v 0.011661 -0.009156 0.002774
v 0.011057 -0.009818 0.004999
v 0.011925 -0.008681 0.005741
v 0.011604 -0.009248 0.006748
v 0.011881 -0.008754 0.004277
v 0.012749 -0.007533 0.006131
v 0.012488 -0.008097 0.006850
v 0.013017 -0.007355 0.007904
v 0.012495 -0.008067 0.007798
v 0.011705 -0.009219 0.007920
v 0.012302 -0.008530 0.008577
v 0.013466 -0.006316 0.005037
v 0.013362 -0.006420 0.006209
v 0.009005 -0.011789 0.003311
v 0.009521 -0.011356 0.003960
v 0.009736 -0.011259 0.005146
v 0.009109 -0.011736 0.005801
v 0.009893 -0.011074 0.005791
v 0.010465 -0.010462 0.005460
v 0.009911 -0.011152 0.007418
v 0.010324 -0.010774 0.006571
v 0.010772 -0.010161 0.006375
v 0.010752 -0.010360 0.007556
v 0.010978 -0.010011 0.008600
v 0.014867 -0.000529 0.008564
v 0.014821 -0.001753 0.008413
v 0.012987 -0.007471 0.008890
v 0.013942 -0.005531 0.009276
vt 0.216582 0.676331
vt 0.214380 0.670105
vt 0.227874 0.672647
vt 0.210556 0.662581
vt 0.231759 0.667531
vt 0.212398 0.657365
vt 0.232563 0.662239
vt 0.236803 0.679129
vt 0.227312 0.684049
vt 0.244738 0.673810
vt 0.252000 0.685481
vt 0.246405 0.690983
vt 0.240964 0.667133
vt 0.251895 0.681566
vt 0.211796 0.654033
vt 0.229564 0.654768
vt 0.225691 0.640291
vt 0.254025 0.656389
vt 0.246969 0.663183
vt 0.238990 0.655148
vt 0.244820 0.644215
vt 0.234180 0.639180
vt 0.241024 0.632537
vt 0.230322 0.634076
vt 0.258358 0.671281
vt 0.260192 0.677336
vt 0.258034 0.664600
vt 0.270240 0.674008
vt 0.268766 0.667286
vt 0.268572 0.657812
vt 0.101094 0.799406
vt 0.044652 0.576822
vt 0.043296 0.567333
vt 0.050342 0.573105
vt 0.105538 0.802560
vt 0.109721 0.781591
vt 0.059575 0.590419
vt 0.113563 0.785222
vt 0.112855 0.800333
vt 0.119125 0.790564
vt 0.115261 0.828719
vt 0.131146 0.781431
vt 0.130033 0.811432
vt 0.036273 0.565965
vt 0.094387 0.810977
vt 0.045301 0.561348
vt 0.035232 0.559362
vt 0.032649 0.552046
vt 0.022109 0.553864
vt 0.090346 0.829234
vt 0.107768 0.819429
vt 0.101902 0.818354
vt 0.097456 0.824314
vt 0.102536 0.838292
vt 0.011089 0.545144
vt 0.089432 0.843675
vt 0.024204 0.547847
vt 0.094725 0.838815
vt 0.099440 0.854518
vt 0.885147 0.968379
vt 0.093643 0.861073
vt 0.086384 0.845690
vt 0.901573 0.971394
vt 0.011400 0.541495
vt 0.109098 0.846887
vt 0.112796 0.836698
vt 0.129513 0.853781
vt 0.108221 0.861095
vt 0.115549 0.860760
vt 0.143453 0.825361
vt 0.157376 0.854903
vt 0.125501 0.877030
vt 0.140282 0.882086
vt 0.159819 0.878708
vt 0.168407 0.873188
vt 0.117429 0.600106
vt 0.099060 0.598168
vt 0.097272 0.590041
vt 0.147812 0.603919
vt 0.135421 0.603773
vt 0.136676 0.592869
vt 0.125864 0.597194
vt 0.132360 0.613085
vt 0.117629 0.594181
vt 0.103620 0.588685
vt 0.110494 0.576405
vt 0.130416 0.583972
vt 0.119248 0.580254
vt 0.122223 0.572653
vt 0.145954 0.594339
vt 0.140223 0.579200
vt 0.157313 0.584937
vt 0.154591 0.597828
vt 0.160988 0.596787
vt 0.155016 0.574266
vt 0.135918 0.568656
vt 0.132584 0.549950
vt 0.142084 0.558498
vt 0.147535 0.571494
vt 0.168902 0.581542
vt 0.162516 0.568502
vt 0.153070 0.560636
vt 0.159492 0.548951
vt 0.143698 0.541793
vt 0.157079 0.535787
vt 0.094318 0.594316
vt 0.084856 0.587748
vt 0.088323 0.581860
vt 0.071083 0.582523
vt 0.074910 0.578154
vt 0.085020 0.572316
vt 0.097584 0.575678
vt 0.068734 0.573415
vt 0.076784 0.564009
vt 0.059709 0.562651
vt 0.080029 0.556141
vt 0.064456 0.546126
vt 0.097434 0.567210
vt 0.106529 0.564934
vt 0.113522 0.569067
vt 0.094308 0.551003
vt 0.102893 0.544984
vt 0.082379 0.542113
vt 0.088922 0.538853
vt 0.045389 0.550566
vt 0.054284 0.543051
vt 0.042181 0.539230
vt 0.058087 0.535542
vt 0.074104 0.535917
vt 0.068537 0.529890
vt 0.061094 0.528618
vt 0.065598 0.523494
vt 0.058016 0.524783
vt 0.046936 0.518911
vt 0.079173 0.525514
vt 0.061849 0.516352
vt 0.068376 0.510458
vt 0.045172 0.531545
vt 0.055285 0.505055
vt 0.066064 0.502981
vt 0.039602 0.506923
vt 0.046937 0.489042
vt 0.116519 0.548403
vt 0.128836 0.539039
vt 0.118273 0.533568
vt 0.104017 0.538059
vt 0.092405 0.525875
vt 0.101547 0.524008
vt 0.110097 0.528375
vt 0.108782 0.518064
vt 0.101919 0.515181
vt 0.124653 0.495292
vt 0.124279 0.513617
vt 0.116659 0.504984
vt 0.143199 0.548155
vt 0.135548 0.533365
vt 0.128851 0.526925
vt 0.141094 0.520147
vt 0.112501 0.520683
vt 0.115268 0.512415
vt 0.103619 0.508400
vt 0.113457 0.506348
vt 0.136903 0.507458
vt 0.090230 0.516116
vt 0.075837 0.510121
vt 0.092010 0.503809
vt 0.076657 0.505378
vt 0.071946 0.506187
vt 0.072967 0.496641
vt 0.080298 0.494640
vt 0.079362 0.474601
vt 0.059509 0.489006
vt 0.111416 0.495671
vt 0.111257 0.483206
vt 0.092867 0.482561
vt 0.103126 0.479481
vt 0.092211 0.474803
vt 0.098111 0.464382
vt 0.084570 0.464913
vt 0.150724 0.705644
vt 0.136246 0.635110
vt 0.144997 0.632336
vt 0.163368 0.693261
vt 0.150114 0.645270
vt 0.149874 0.623495
vt 0.143653 0.615240
vt 0.159046 0.623086
vt 0.168891 0.639538
vt 0.160499 0.639779
vt 0.161259 0.633006
vt 0.171786 0.677740
vt 0.165200 0.649290
vt 0.146316 0.629262
vt 0.188418 0.665662
vt 0.177361 0.680378
vt 0.194567 0.673274
vt 0.175336 0.687046
vt 0.198168 0.680380
vt 0.164366 0.699427
vt 0.183575 0.692095
vt 0.166373 0.705348
vt 0.170549 0.646411
vt 0.189478 0.703969
vt 0.174807 0.715973
vt 0.123232 0.627950
vt 0.142152 0.717459
vt 0.099722 0.614828
vt 0.128521 0.739761
vt 0.109517 0.614096
vt 0.147285 0.719335
vt 0.137532 0.736243
vt 0.079596 0.600342
vt 0.073251 0.601810
vt 0.118205 0.766624
vt 0.128940 0.748904
vt 0.116824 0.605850
vt 0.104129 0.601049
vt 0.122254 0.614199
vt 0.096054 0.603031
vt 0.133043 0.751599
vt 0.150044 0.723456
vt 0.142204 0.736428
vt 0.153330 0.731383
vt 0.142635 0.749420
vt 0.130553 0.619558
vt 0.126689 0.624123
vt 0.160273 0.721187
vt 0.161306 0.730354
vt 0.155515 0.739158
vt 0.157713 0.742251
vt 0.164143 0.739292
vt 0.167914 0.724981
vt 0.181059 0.730410
vt 0.144985 0.744308
vt 0.150965 0.746915
vt 0.152043 0.750065
vt 0.156171 0.754082
vt 0.162931 0.751683
vt 0.160353 0.757610
vt 0.206639 0.687115
vt 0.209748 0.721378
vt 0.190011 0.734932
vt 0.233270 0.700834
vt 0.213135 0.729750
vt 0.231708 0.729042
vt 0.217285 0.736875
vt 0.179402 0.763208
vt 0.169367 0.774165
vt 0.169921 0.763381
vt 0.177944 0.750300
vt 0.192367 0.743317
vt 0.185321 0.748397
vt 0.189008 0.756151
vt 0.186355 0.779769
vt 0.175717 0.774928
vt 0.201309 0.745878
vt 0.215617 0.746120
vt 0.208843 0.754024
vt 0.222030 0.750568
vt 0.214038 0.760556
vt 0.194552 0.773434
vt 0.203463 0.762179
vt 0.201020 0.775988
vt 0.224056 0.769311
vt 0.216568 0.800939
vt 0.176590 0.631814
vt 0.170853 0.609898
vt 0.160602 0.607513
vt 0.180716 0.610391
vt 0.192596 0.624652
vt 0.184232 0.660266
vt 0.183489 0.649661
vt 0.186608 0.638363
vt 0.196605 0.652500
vt 0.203504 0.671614
vt 0.204019 0.658690
vt 0.200223 0.642322
vt 0.172050 0.596956
vt 0.182944 0.592335
vt 0.195588 0.620688
vt 0.196461 0.589279
vt 0.184601 0.587091
vt 0.197789 0.604925
vt 0.208610 0.627855
vt 0.217473 0.642098
vt 0.213283 0.620324
vt 0.223075 0.626495
vt 0.184701 0.580488
vt 0.233805 0.717097
vt 0.067182 0.592860
vt 0.076195 0.590790
vt 0.127091 0.760678
vt 0.064749 0.584093
vt 0.064096 0.578108
vt 0.056017 0.569270
vt 0.137287 0.769480
vt 0.151169 0.774785
vt 0.151966 0.787417
vt 0.141835 0.765563
vt 0.029993 0.542914
vt 0.023624 0.527892
vt 0.037921 0.525136
vt 0.030307 0.514624
vt 0.021725 0.517101
vt 0.041041 0.517130
vt 0.164544 0.778304
vt 0.157101 0.771301
vt 0.163006 0.768465
vt 0.162285 0.791666
vt 0.153661 0.804365
vt 0.170794 0.782521
vt 0.177563 0.793954
vt 0.161943 0.806333
vt 0.154486 0.834938
vt 0.159895 0.834705
vt 0.172103 0.810808
vt 0.180675 0.811275
vt 0.178577 0.824024
vt 0.172547 0.830064
vt 0.193225 0.824095
vt 0.189047 0.838720
vt 0.188234 0.793164
vt 0.190530 0.808098
vt 0.207990 0.814046
vt 0.181279 0.851609
vt 0.168319 0.860472
vt 0.258207 0.634865
vt 0.254286 0.625784
vt 0.258514 0.615628
vt 0.267715 0.637441
vt 0.284098 0.654758
vt 0.272819 0.614190
vt 0.276739 0.646850
vt 0.285780 0.638194
vt 0.279437 0.631548
vt 0.278697 0.615453
vt 0.284523 0.621642
vt 0.289108 0.645268
vt 0.287161 0.629230
vt 0.296159 0.631882
vt 0.295807 0.607051
vt 0.182838 0.556833
vt 0.174301 0.570682
vt 0.169466 0.543866
vt 0.199114 0.551896
vt 0.188657 0.570902
vt 0.189412 0.548882
vt 0.164073 0.553719
vt 0.163474 0.528077
vt 0.183669 0.539417
vt 0.174012 0.528493
vt 0.184149 0.528271
vt 0.196007 0.540827
vt 0.210684 0.527011
vt 0.214207 0.540352
vt 0.215444 0.552807
vt 0.200950 0.521723
vt 0.173708 0.516964
vt 0.197569 0.501349
vt 0.186018 0.515706
vt 0.190511 0.506449
vt 0.218842 0.528270
vt 0.224930 0.542272
vt 0.242836 0.521739
vt 0.233291 0.529550
vt 0.232391 0.517397
vt 0.151176 0.510098
vt 0.159829 0.506754
vt 0.162729 0.515754
vt 0.131915 0.491089
vt 0.170881 0.499512
vt 0.175141 0.507495
vt 0.163976 0.498428
vt 0.172077 0.494924
vt 0.179663 0.498287
vt 0.184889 0.502824
vt 0.158834 0.491223
vt 0.147715 0.490859
vt 0.145831 0.478697
vt 0.162675 0.486384
vt 0.131938 0.468406
vt 0.132831 0.481480
vt 0.110738 0.469730
vt 0.097645 0.454256
vt 0.088357 0.457851
vt 0.106854 0.450917
vt 0.127826 0.441777
vt 0.138723 0.445171
vt 0.133348 0.453742
vt 0.130760 0.435132
vt 0.116141 0.433056
vt 0.177661 0.412043
vt 0.166449 0.412946
vt 0.170644 0.400659
vt 0.188527 0.494986
vt 0.203822 0.496288
vt 0.201355 0.481092
vt 0.193192 0.481522
vt 0.199671 0.468501
vt 0.185514 0.474272
vt 0.178091 0.459712
vt 0.170715 0.474196
vt 0.167680 0.456919
vt 0.213536 0.465795
vt 0.214100 0.482059
vt 0.209395 0.470611
vt 0.222374 0.473441
vt 0.221711 0.482060
vt 0.227731 0.465427
vt 0.198818 0.457336
vt 0.210297 0.452053
vt 0.209170 0.444638
vt 0.161955 0.464352
vt 0.153546 0.449511
vt 0.143726 0.446803
vt 0.146378 0.433199
vt 0.156924 0.431707
vt 0.135084 0.407738
vt 0.149349 0.411918
vt 0.169286 0.424557
vt 0.184479 0.422439
vt 0.157164 0.419698
vt 0.209699 0.603088
vt 0.204818 0.589782
vt 0.226063 0.605142
vt 0.242897 0.612219
vt 0.223780 0.575885
vt 0.223462 0.567143
vt 0.231200 0.578892
vt 0.217746 0.561689
vt 0.210426 0.566915
vt 0.212894 0.580200
vt 0.229068 0.557188
vt 0.246114 0.571042
vt 0.197826 0.573595
vt 0.246273 0.620078
vt 0.249848 0.607170
vt 0.260190 0.604331
vt 0.278749 0.593205
vt 0.243986 0.560951
vt 0.240349 0.556266
vt 0.239688 0.547629
vt 0.252949 0.560267
vt 0.260264 0.527918
vt 0.270686 0.536049
vt 0.254850 0.533432
vt 0.274410 0.532773
vt 0.261206 0.518305
vt 0.291575 0.549768
vt 0.281214 0.552415
vt 0.286349 0.549480
vt 0.286995 0.543658
vt 0.249211 0.523351
vt 0.249442 0.513628
vt 0.262417 0.508529
vt 0.296579 0.590017
vt 0.272752 0.579923
vt 0.265771 0.589745
vt 0.290844 0.576999
vt 0.301038 0.581623
vt 0.293438 0.559982
vt 0.276357 0.568365
vt 0.310871 0.560606
vt 0.308948 0.572826
vt 0.243549 0.454576
vt 0.239359 0.470829
vt 0.236462 0.463665
vt 0.248108 0.468601
vt 0.250574 0.491260
vt 0.254315 0.484869
vt 0.265993 0.498291
vt 0.268514 0.491106
vt 0.277139 0.491672
vt 0.263074 0.476539
vt 0.257936 0.457499
vt 0.260424 0.450315
vt 0.276207 0.479255
vt 0.269923 0.465397
vt 0.277430 0.469538
vt 0.284486 0.478219
vt 0.286415 0.456223
vt 0.273466 0.451715
vt 0.279804 0.428642
vt 0.274752 0.443750
vt 0.275056 0.430024
vt 0.294074 0.465237
vt 0.300297 0.455758
vt 0.299610 0.471674
vt 0.305164 0.470239
vt 0.288211 0.440137
vt 0.315317 0.451587
vt 0.304111 0.447228
vt 0.325164 0.451218
vt 0.316963 0.436165
vt 0.305652 0.439611
vt 0.297495 0.422847
vt 0.306737 0.431968
vt 0.309558 0.426357
vt 0.336021 0.448561
vt 0.192669 0.406535
vt 0.194720 0.419560
vt 0.201327 0.418049
vt 0.203330 0.400499
vt 0.180549 0.394801
vt 0.171766 0.381572
vt 0.188344 0.380600
vt 0.200366 0.385740
vt 0.182762 0.379984
vt 0.179579 0.372618
vt 0.196823 0.370364
vt 0.200020 0.357706
vt 0.210118 0.376450
vt 0.213397 0.365140
vt 0.219964 0.448397
vt 0.237945 0.448529
vt 0.237182 0.433466
vt 0.224009 0.430012
vt 0.209681 0.433808
vt 0.200287 0.434634
vt 0.214461 0.424633
vt 0.218089 0.419895
vt 0.210034 0.417507
vt 0.214565 0.414906
vt 0.244672 0.437885
vt 0.244553 0.448352
vt 0.252384 0.419493
vt 0.260385 0.439391
vt 0.234787 0.415786
vt 0.226661 0.400087
vt 0.246310 0.405516
vt 0.234352 0.390056
vt 0.250252 0.398433
vt 0.245854 0.381954
vt 0.257823 0.390036
vt 0.258240 0.397853
vt 0.252865 0.377228
vt 0.264157 0.391572
vt 0.269961 0.387907
vt 0.287430 0.387303
vt 0.278226 0.389042
vt 0.280312 0.377919
vt 0.224134 0.387031
vt 0.238771 0.368816
vt 0.225232 0.365635
vt 0.212024 0.350726
vt 0.225191 0.356648
vt 0.237653 0.348797
vt 0.222325 0.346975
vt 0.248961 0.367395
vt 0.246478 0.360006
vt 0.256141 0.364941
vt 0.270046 0.366128
vt 0.268369 0.352304
vt 0.251181 0.345659
vt 0.264059 0.345113
vt 0.228616 0.336450
vt 0.235166 0.340403
vt 0.244462 0.331897
vt 0.253569 0.335170
vt 0.256579 0.420327
vt 0.269655 0.411015
vt 0.270170 0.416796
vt 0.259654 0.406568
vt 0.263575 0.402199
vt 0.276508 0.406904
vt 0.282360 0.412591
vt 0.284756 0.404948
vt 0.277989 0.400206
vt 0.290003 0.413973
vt 0.296459 0.408261
vt 0.286390 0.392900
vt 0.298726 0.401415
vt 0.308713 0.410549
vt 0.273352 0.520164
vt 0.284720 0.538058
vt 0.295731 0.538974
vt 0.314490 0.525132
vt 0.303339 0.543394
vt 0.300256 0.526404
vt 0.292529 0.501451
vt 0.295658 0.513519
vt 0.287549 0.504523
vt 0.322076 0.503600
vt 0.310108 0.513144
vt 0.315161 0.505681
vt 0.326526 0.516289
vt 0.274474 0.501161
vt 0.283893 0.509133
vt 0.298773 0.493836
vt 0.317447 0.550329
vt 0.325642 0.556494
vt 0.321000 0.542058
vt 0.317396 0.567943
vt 0.329110 0.567083
vt 0.334028 0.560762
vt 0.338561 0.551707
vt 0.333210 0.524491
vt 0.351296 0.561969
vt 0.347531 0.548020
vt 0.359473 0.556909
vt 0.334297 0.498464
vt 0.317770 0.491228
vt 0.323079 0.483645
vt 0.347795 0.494404
vt 0.329752 0.487541
vt 0.341645 0.476087
vt 0.358665 0.484878
vt 0.362536 0.467268
vt 0.312287 0.466171
vt 0.311386 0.481143
vt 0.322076 0.472855
vt 0.339146 0.467398
vt 0.330540 0.461384
vt 0.340626 0.455067
vt 0.350944 0.454353
vt 0.334208 0.476508
vt 0.343461 0.510485
vt 0.349133 0.518028
vt 0.343298 0.530911
vt 0.331440 0.535228
vt 0.344133 0.525462
vt 0.344665 0.534895
vt 0.349354 0.528504
vt 0.355841 0.521389
vt 0.355459 0.504136
vt 0.352661 0.536494
vt 0.358466 0.533116
vt 0.365193 0.535503
vt 0.358684 0.542064
vt 0.367742 0.531733
vt 0.369730 0.499976
vt 0.369290 0.488481
vt 0.383658 0.539537
vt 0.377560 0.544073
vt 0.396717 0.509440
vt 0.385941 0.513683
vt 0.376995 0.509242
vt 0.385002 0.500918
vt 0.378146 0.516966
vt 0.396884 0.523572
vt 0.145328 0.755828
vt 0.153451 0.760861
vt 0.292158 0.618203
vt 0.300351 0.618242
vt 0.301717 0.632643
vt 0.301584 0.612335
vt 0.306591 0.615165
vt 0.307449 0.609211
vt 0.221507 0.521908
vt 0.224455 0.513547
vt 0.215890 0.508039
vt 0.219921 0.496148
vt 0.246237 0.500576
vt 0.229994 0.497051
vt 0.238987 0.485195
vt 0.154616 0.475352
vt 0.146924 0.464830
vt 0.122779 0.463842
vt 0.114564 0.456330
vt 0.176415 0.441386
vt 0.192172 0.436579
vt 0.166782 0.438840
vt 0.137565 0.426737
vt 0.128373 0.420524
vt 0.177163 0.431740
vt 0.155707 0.398218
vt 0.160401 0.384013
vt 0.192435 0.579444
vt 0.222509 0.591339
vt 0.231380 0.590914
vt 0.235369 0.597565
vt 0.242433 0.593286
vt 0.239272 0.586669
vt 0.248925 0.596320
vt 0.247544 0.589523
vt 0.245620 0.580706
vt 0.253005 0.585724
vt 0.258119 0.596768
vt 0.258006 0.588660
vt 0.263934 0.597411
vt 0.258576 0.547758
vt 0.257738 0.570025
vt 0.269070 0.573801
vt 0.266504 0.581113
vt 0.270842 0.565909
vt 0.310646 0.587462
vt 0.300291 0.601873
vt 0.311108 0.602099
vt 0.323395 0.592163
vt 0.317329 0.605564
vt 0.314010 0.577688
vt 0.328399 0.586089
vt 0.328726 0.575097
vt 0.334803 0.593395
vt 0.322167 0.417331
vt 0.208338 0.407646
vt 0.290688 0.522634
vt 0.302612 0.505325
vt 0.311119 0.495219
vt 0.335148 0.584411
vt 0.338987 0.578038
vt 0.341858 0.564016
vt 0.342891 0.541621
vt 0.369902 0.555521
vt 0.361280 0.516521
vt 0.376884 0.496090
vt 0.107270 0.873701
vt 0.100761 0.875868
vt 0.869418 0.964594
vt 0.112264 0.874898
vt 0.116732 0.872373
vt 0.872134 0.961220
vt 0.854955 0.958101
vt 0.884428 0.958399
vt 0.010414 0.518513
vt 0.899352 0.948617
vt 0.874386 0.955126
vt 0.860949 0.951099
vt 0.861585 0.944770
vt 0.125705 0.891154
vt 0.119888 0.890977
vt 0.110677 0.887056
vt 0.854700 0.963514
vt 0.847169 0.951582
vt 0.840027 0.953037
vt 0.823250 0.957860
vt 0.132305 0.909204
vt 0.837655 0.957615
vt 0.120292 0.902081
vt 0.839217 0.946821
vt 0.824909 0.946355
vt 0.822952 0.940482
vt 0.842841 0.942682
vt 0.140273 0.907968
vt 0.174831 0.917657
vt 0.154216 0.919703
vt 0.821676 0.951967
vt 0.817509 0.946139
vt 0.804893 0.951795
vt 0.145250 0.922430
vt 0.806994 0.946527
vt 0.840491 0.930505
vt 0.825567 0.929048
vt 0.809683 0.938708
vt 0.803305 0.937625
vt 0.818658 0.935022
vt 0.809740 0.927625
vt 0.803974 0.931619
vt 0.058314 0.479916
vt 0.058529 0.452398
vt 0.041386 0.469217
vt 0.071525 0.460319
vt 0.078561 0.451076
vt 0.068385 0.446999
vt 0.024254 0.501360
vt 0.013862 0.505486
vt 0.901958 0.935349
vt 0.891392 0.939099
vt 0.015478 0.488451
vt 0.902246 0.918074
vt 0.893611 0.918969
vt 0.880502 0.941242
vt 0.883541 0.936414
vt 0.876476 0.932803
vt 0.863878 0.934398
vt 0.866540 0.921210
vt 0.858377 0.927263
vt 0.880951 0.924273
vt 0.885337 0.923871
vt 0.873948 0.922943
vt 0.882811 0.910016
vt 0.026410 0.485998
vt 0.035852 0.485188
vt 0.024450 0.479039
vt 0.910349 0.907674
vt 0.902375 0.902723
vt 0.896546 0.901391
vt 0.870906 0.909005
vt 0.887059 0.901366
vt 0.892195 0.894038
vt 0.884001 0.894860
vt 0.864864 0.907940
vt 0.857003 0.919583
vt 0.873242 0.899132
vt 0.841335 0.922571
vt 0.830508 0.920717
vt 0.847862 0.913239
vt 0.857610 0.913675
vt 0.860583 0.904719
vt 0.850775 0.904095
vt 0.838593 0.912981
vt 0.837233 0.898390
vt 0.833453 0.906364
vt 0.820565 0.920161
vt 0.817179 0.910601
vt 0.807797 0.914142
vt 0.801173 0.905328
vt 0.818950 0.900086
vt 0.808937 0.891239
vt 0.856417 0.895429
vt 0.851891 0.890410
vt 0.836229 0.879201
vt 0.857556 0.887267
vt 0.852441 0.877460
vt 0.826373 0.891511
vt 0.820089 0.876572
vt 0.820610 0.857242
vt 0.836609 0.864910
vt 0.814925 0.869282
vt 0.914299 0.899309
vt 0.029146 0.471162
vt 0.034465 0.462901
vt 0.918735 0.890487
vt 0.907529 0.900069
vt 0.898133 0.885703
vt 0.041657 0.453820
vt 0.924963 0.880719
vt 0.908783 0.878230
vt 0.050261 0.448138
vt 0.919853 0.873662
vt 0.928369 0.872538
vt 0.045847 0.446042
vt 0.918470 0.866070
vt 0.903550 0.868016
vt 0.887880 0.889358
vt 0.888604 0.875188
vt 0.888803 0.864410
vt 0.879400 0.869576
vt 0.882176 0.858479
vt 0.874358 0.863282
vt 0.906191 0.859718
vt 0.876867 0.853847
vt 0.885797 0.849364
vt 0.880816 0.838870
vt 0.863394 0.849055
vt 0.873737 0.834518
vt 0.845177 0.873518
vt 0.847038 0.868579
vt 0.840897 0.869359
vt 0.848509 0.860671
vt 0.862037 0.875656
vt 0.826816 0.857210
vt 0.838820 0.855873
vt 0.813389 0.860595
vt 0.824110 0.849451
vt 0.811940 0.849203
vt 0.830090 0.840894
vt 0.863152 0.839803
vt 0.852838 0.841108
vt 0.868851 0.826575
vt 0.860650 0.826559
vt 0.846394 0.828133
vt 0.854371 0.821561
vt 0.842876 0.836540
vt 0.822839 0.827956
vt 0.823298 0.841867
vt 0.809317 0.831996
vt 0.836726 0.827982
vt 0.829821 0.822267
vt 0.833228 0.811130
vt 0.826200 0.814376
vt 0.821361 0.818300
vt 0.083459 0.444897
vt 0.072478 0.440745
vt 0.057740 0.425052
vt 0.937892 0.850833
vt 0.936853 0.863027
vt 0.055365 0.437263
vt 0.091186 0.428491
vt 0.102135 0.424321
vt 0.096349 0.416341
vt 0.113913 0.419609
vt 0.102639 0.411067
vt 0.078053 0.421537
vt 0.085020 0.404336
vt 0.950823 0.829069
vt 0.073098 0.404434
vt 0.957885 0.807652
vt 0.082861 0.383461
vt 0.944476 0.838966
vt 0.065548 0.413795
vt 0.102611 0.400551
vt 0.928946 0.834014
vt 0.938503 0.823393
vt 0.124278 0.402796
vt 0.134931 0.388892
vt 0.120290 0.413406
vt 0.111138 0.398296
vt 0.117986 0.395228
vt 0.109008 0.389274
vt 0.121619 0.375682
vt 0.126494 0.391419
vt 0.104594 0.369274
vt 0.094193 0.382212
vt 0.140370 0.401117
vt 0.146499 0.391696
vt 0.141271 0.387367
vt 0.143427 0.372939
vt 0.132681 0.383944
vt 0.132812 0.370991
vt 0.136542 0.363488
vt 0.127849 0.358540
vt 0.119447 0.353300
vt 0.937252 0.803329
vt 0.951930 0.790317
vt 0.934228 0.790659
vt 0.940579 0.779556
vt 0.954470 0.774799
vt 0.109413 0.345709
vt 0.978014 0.768300
vt 0.966151 0.764786
vt 0.959135 0.759310
vt 0.905118 0.828983
vt 0.913494 0.842276
vt 0.898515 0.833609
vt 0.925834 0.823347
vt 0.913496 0.820669
vt 0.912268 0.812396
vt 0.902974 0.814326
vt 0.884848 0.827044
vt 0.878834 0.820514
vt 0.871789 0.815695
vt 0.876347 0.809941
vt 0.887492 0.807798
vt 0.888005 0.820651
vt 0.928272 0.815907
vt 0.864678 0.819541
vt 0.928131 0.774984
vt 0.932599 0.763422
vt 0.952620 0.749818
vt 0.920241 0.769332
vt 0.855848 0.807333
vt 0.868069 0.807580
vt 0.843019 0.811490
vt 0.860149 0.794346
vt 0.848773 0.798528
vt 0.824393 0.806224
vt 0.826549 0.798114
vt 0.865250 0.789774
vt 0.862519 0.779084
vt 0.873203 0.768300
vt 0.873517 0.782369
vt 0.853963 0.786141
vt 0.912505 0.766559
vt 0.920291 0.780687
vt 0.910946 0.775622
vt 0.916257 0.760379
vt 0.908175 0.761650
vt 0.914414 0.751372
vt 0.901921 0.767236
vt 0.902806 0.753726
vt 0.894651 0.755422
vt 0.923078 0.751122
vt 0.923965 0.757473
vt 0.930206 0.741122
vt 0.910668 0.744888
vt 0.906972 0.749664
vt 0.903880 0.738914
vt 0.910490 0.735115
vt 0.909033 0.728218
vt 0.918960 0.732966
vt 0.900989 0.736090
vt 0.891561 0.733189
vt 0.879001 0.751198
vt 0.901021 0.729263
vt 0.888904 0.721028
vt 0.879055 0.728401
vt 0.887240 0.772760
vt 0.861975 0.763458
vt 0.860991 0.748696
vt 0.863453 0.758125
vt 0.874557 0.745626
vt 0.841034 0.780735
vt 0.837559 0.766193
vt 0.848085 0.762135
vt 0.844119 0.753890
vt 0.838654 0.760540
vt 0.849530 0.738906
vt 0.838115 0.748870
vt 0.832228 0.750009
vt 0.843258 0.734219
vt 0.879312 0.739292
vt 0.870121 0.733175
vt 0.868854 0.743128
vt 0.863166 0.718808
vt 0.876336 0.715673
vt 0.835274 0.736658
vt 0.849428 0.727368
vt 0.837017 0.724030
vt 0.850295 0.717980
vt 0.855074 0.728541
vt 0.165500 0.372634
vt 0.161405 0.367741
vt 0.164292 0.365117
vt 0.170479 0.367333
vt 0.170900 0.360383
vt 0.159224 0.353128
vt 0.147999 0.353346
vt 0.170002 0.346698
vt 0.158547 0.342753
vt 0.151442 0.343463
vt 0.189568 0.368672
vt 0.184716 0.360014
vt 0.193847 0.337524
vt 0.161640 0.337981
vt 0.170581 0.332879
vt 0.177956 0.337210
vt 0.176658 0.327570
vt 0.162434 0.327527
vt 0.170651 0.315485
vt 0.165261 0.311315
vt 0.141707 0.345569
vt 0.153611 0.339284
vt 0.145990 0.328499
vt 0.136410 0.332715
vt 0.130530 0.326359
vt 0.136099 0.314341
vt 0.984636 0.734665
vt 0.123195 0.311451
vt 0.120866 0.320932
vt 0.984354 0.743750
vt 0.970794 0.738361
vt 0.974010 0.724912
vt 0.973869 0.753470
vt 0.955256 0.731403
vt 0.147575 0.321441
vt 0.154306 0.315767
vt 0.147575 0.316882
vt 0.149104 0.308459
vt 0.153121 0.298003
vt 0.140496 0.301460
vt 0.989586 0.725799
vt 0.130154 0.302774
vt 0.131867 0.281768
vt 0.986077 0.706865
vt 0.141770 0.283866
vt 0.207274 0.336394
vt 0.210405 0.327932
vt 0.200765 0.309506
vt 0.189780 0.307738
vt 0.231725 0.327953
vt 0.237144 0.323374
vt 0.233177 0.317015
vt 0.219430 0.312191
vt 0.209288 0.304355
vt 0.176575 0.308741
vt 0.166476 0.294322
vt 0.186930 0.297797
vt 0.172985 0.287905
vt 0.160934 0.284329
vt 0.193275 0.299536
vt 0.197987 0.292099
vt 0.194067 0.284288
vt 0.185390 0.279438
vt 0.176377 0.280115
vt 0.207394 0.289056
vt 0.191419 0.256591
vt 0.193158 0.262526
vt 0.184534 0.268208
vt 0.146992 0.279464
vt 0.162362 0.273022
vt 0.157192 0.260762
vt 0.149105 0.264047
vt 0.171397 0.262811
vt 0.941736 0.742416
vt 0.946907 0.729352
vt 0.950970 0.722474
vt 0.938612 0.724479
vt 0.962346 0.714227
vt 0.939556 0.717997
vt 0.968293 0.708922
vt 0.976589 0.694471
vt 0.953635 0.708019
vt 0.971053 0.696539
vt 0.957280 0.695505
vt 0.175537 0.234856
vt 0.180660 0.251615
vt 0.170464 0.250097
vt 0.982471 0.691010
vt 0.132853 0.264763
vt 0.981128 0.682205
vt 0.134079 0.255787
vt 0.138908 0.252602
vt 0.143817 0.246408
vt 0.963147 0.688862
vt 0.961432 0.664389
vt 0.958999 0.669946
vt 0.954215 0.665143
vt 0.951980 0.675168
vt 0.949359 0.664834
vt 0.948950 0.658553
vt 0.959947 0.657859
vt 0.157761 0.246538
vt 0.167339 0.239266
vt 0.161478 0.235220
vt 0.168217 0.233381
vt 0.164093 0.229598
vt 0.148458 0.235418
vt 0.154189 0.226932
vt 0.149547 0.220832
vt 0.161315 0.214371
vt 0.979034 0.638625
vt 0.144828 0.216399
vt 0.145060 0.223465
vt 0.968356 0.642305
vt 0.973308 0.632117
vt 0.929785 0.732452
vt 0.919609 0.718751
vt 0.930712 0.707681
vt 0.918948 0.701656
vt 0.901977 0.721290
vt 0.910059 0.718711
vt 0.907097 0.712036
vt 0.892446 0.705340
vt 0.937032 0.697664
vt 0.922132 0.697739
vt 0.929731 0.691926
vt 0.917083 0.691081
vt 0.934540 0.682363
vt 0.902992 0.691185
vt 0.903754 0.703514
vt 0.892541 0.686421
vt 0.911032 0.683486
vt 0.900079 0.683019
vt 0.891900 0.679025
vt 0.875159 0.703494
vt 0.862741 0.707869
vt 0.852510 0.707263
vt 0.846025 0.712419
vt 0.835913 0.711619
vt 0.839794 0.704034
vt 0.861389 0.694111
vt 0.869581 0.688069
vt 0.875731 0.690737
vt 0.879501 0.678013
vt 0.869975 0.680410
vt 0.867963 0.675108
vt 0.855929 0.680876
vt 0.840092 0.669584
vt 0.841659 0.695095
vt 0.868842 0.666442
vt 0.857874 0.672759
vt 0.846347 0.664860
vt 0.937723 0.669276
vt 0.944137 0.661975
vt 0.942148 0.652193
vt 0.938719 0.662299
vt 0.930251 0.658243
vt 0.929138 0.652209
vt 0.935706 0.650694
vt 0.921153 0.657491
vt 0.928295 0.645286
vt 0.914278 0.647741
vt 0.901033 0.655408
vt 0.908199 0.641214
vt 0.947568 0.647936
vt 0.938134 0.633543
vt 0.923189 0.637393
vt 0.951460 0.632032
vt 0.934902 0.622412
vt 0.946955 0.620931
vt 0.920048 0.621308
vt 0.895023 0.629262
vt 0.896464 0.640338
vt 0.917145 0.607106
vt 0.884275 0.650060
vt 0.883377 0.668960
vt 0.870344 0.654615
vt 0.883065 0.642498
vt 0.871090 0.631831
vt 0.872587 0.637178
vt 0.879280 0.620603
vt 0.891241 0.610796
vt 0.885935 0.607373
vt 0.867268 0.641570
vt 0.862257 0.630585
vt 0.859524 0.643653
vt 0.847261 0.634491
vt 0.864530 0.624752
vt 0.853252 0.622121
vt 0.866425 0.605986
vt 0.850171 0.614344
vt 0.875769 0.892976
vt 0.880440 0.884629
vt 0.869282 0.887954
vt 0.927964 0.862141
vt 0.912821 0.854537
vt 0.926081 0.852602
vt 0.900701 0.852691
vt 0.892526 0.857391
vt 0.892559 0.848371
vt 0.886826 0.840255
vt 0.090282 0.438893
vt 0.897378 0.803255
vt 0.919137 0.804220
vt 0.907609 0.796990
vt 0.917274 0.791781
vt 0.909437 0.784002
vt 0.896170 0.793327
vt 0.887393 0.800111
vt 0.902129 0.786868
vt 0.877505 0.795117
vt 0.888422 0.790923
vt 0.895347 0.784554
vt 0.886581 0.784689
vt 0.890344 0.776921
vt 0.836519 0.788483
vt 0.825424 0.786318
vt 0.821056 0.778526
vt 0.897878 0.777154
vt 0.922257 0.743528
vt 0.863307 0.733520
vt 0.217475 0.288115
vt 0.204025 0.273368
vt 0.195224 0.274439
vt 0.199854 0.263273
vt 0.944942 0.710463
vt 0.944554 0.699966
vt 0.942928 0.681915
vt 0.952505 0.685273
vt 0.977712 0.666768
vt 0.135374 0.239954
vt 0.958853 0.674734
vt 0.968663 0.664451
vt 0.135403 0.224040
vt 0.972804 0.650337
vt 0.954919 0.650741
vt 0.958875 0.642517
vt 0.965587 0.623737
vt 0.924674 0.677171
vt 0.919439 0.678056
vt 0.912639 0.678041
vt 0.916134 0.671086
vt 0.905068 0.676439
vt 0.897780 0.668142
vt 0.860234 0.651960
vt 0.854563 0.654005
vt 0.909914 0.667449
vt 0.846277 0.653178
vt 0.842449 0.644035
vt 0.266853 0.694915
vt 0.276626 0.711817
vt 0.286295 0.706607
vt 0.266711 0.683442
vt 0.271879 0.678844
vt 0.279053 0.684261
vt 0.273367 0.689958
vt 0.281296 0.691985
vt 0.282025 0.697488
vt 0.281486 0.680314
vt 0.285914 0.672053
vt 0.296364 0.690937
vt 0.295454 0.679455
vt 0.304661 0.685011
vt 0.311572 0.694333
vt 0.297733 0.698957
vt 0.302283 0.708121
vt 0.310247 0.699745
vt 0.311526 0.716936
vt 0.319015 0.712378
vt 0.318270 0.735594
vt 0.330154 0.720826
vt 0.329183 0.708030
vt 0.346234 0.737337
vt 0.337563 0.719381
vt 0.340686 0.714808
vt 0.345970 0.733936
vt 0.351669 0.731724
vt 0.347486 0.722821
vt 0.178399 0.878630
vt 0.179607 0.887151
vt 0.251356 0.811219
vt 0.253045 0.723326
vt 0.240608 0.725016
vt 0.235782 0.732780
vt 0.234556 0.744603
vt 0.252766 0.733880
vt 0.246801 0.740398
vt 0.240541 0.749846
vt 0.254767 0.751339
vt 0.291142 0.734581
vt 0.267698 0.740979
vt 0.276024 0.738864
vt 0.266791 0.754624
vt 0.285059 0.747221
vt 0.278996 0.758770
vt 0.236887 0.761705
vt 0.252643 0.760929
vt 0.261870 0.779396
vt 0.276740 0.766960
vt 0.260641 0.810289
vt 0.298085 0.746878
vt 0.302297 0.758966
vt 0.305623 0.753851
vt 0.298456 0.772693
vt 0.320770 0.771683
vt 0.330310 0.765865
vt 0.296351 0.779174
vt 0.290882 0.793859
vt 0.272591 0.821525
vt 0.310910 0.797592
vt 0.319360 0.792758
vt 0.311867 0.815675
vt 0.291814 0.825925
vt 0.234159 0.830754
vt 0.211860 0.832074
vt 0.244109 0.820762
vt 0.220866 0.845957
vt 0.249659 0.836292
vt 0.237896 0.858000
vt 0.190079 0.856642
vt 0.199820 0.846533
vt 0.204804 0.862840
vt 0.178293 0.869901
vt 0.192501 0.870091
vt 0.188310 0.885064
vt 0.197869 0.878196
vt 0.195796 0.898975
vt 0.203212 0.895920
vt 0.208856 0.875635
vt 0.221366 0.875715
vt 0.219299 0.888332
vt 0.260899 0.830530
vt 0.261105 0.843140
vt 0.277831 0.857860
vt 0.251771 0.878411
vt 0.233581 0.885971
vt 0.222936 0.903316
vt 0.228145 0.895739
vt 0.240182 0.894957
vt 0.235797 0.908025
vt 0.256070 0.906537
vt 0.250470 0.915338
vt 0.277360 0.912372
vt 0.278226 0.921216
vt 0.278488 0.908394
vt 0.254358 0.886195
vt 0.284821 0.876628
vt 0.271215 0.887922
vt 0.263655 0.894132
vt 0.281442 0.840710
vt 0.313630 0.837853
vt 0.309260 0.857133
vt 0.296639 0.861773
vt 0.354381 0.765919
vt 0.367347 0.747748
vt 0.358020 0.732430
vt 0.341820 0.784966
vt 0.376138 0.761488
vt 0.372668 0.748290
vt 0.377029 0.770008
vt 0.381578 0.759905
vt 0.392670 0.759942
vt 0.356052 0.803767
vt 0.379090 0.806147
vt 0.390695 0.795576
vt 0.345100 0.804666
vt 0.330262 0.784595
vt 0.331759 0.809176
vt 0.335247 0.801940
vt 0.338629 0.808191
vt 0.322960 0.807575
vt 0.323088 0.821240
vt 0.341393 0.818301
vt 0.328570 0.821852
vt 0.352103 0.827883
vt 0.337634 0.832579
vt 0.372016 0.817159
vt 0.345291 0.835786
vt 0.394462 0.771080
vt 0.388027 0.780446
vt 0.386011 0.769207
vt 0.394438 0.777544
vt 0.394415 0.790986
vt 0.401414 0.779198
vt 0.401055 0.771015
vt 0.402076 0.788201
vt 0.413001 0.780074
vt 0.413105 0.788006
vt 0.409229 0.799102
vt 0.360017 0.835889
vt 0.373151 0.836465
vt 0.364641 0.857134
vt 0.369418 0.854996
vt 0.400404 0.802001
vt 0.394476 0.812910
vt 0.391146 0.832789
vt 0.380506 0.830223
vt 0.400749 0.814565
vt 0.396955 0.824364
vt 0.400530 0.827914
vt 0.406193 0.821327
vt 0.449520 0.806498
vt 0.413259 0.807854
vt 0.436197 0.796483
vt 0.415985 0.791358
vt 0.428856 0.786159
vt 0.443995 0.796903
vt 0.447213 0.792423
vt 0.458997 0.803629
vt 0.387297 0.842549
vt 0.391340 0.847101
vt 0.403581 0.835133
vt 0.463752 0.812342
vt 0.396958 0.838042
vt 0.396216 0.847409
vt 0.476406 0.822317
vt 0.472435 0.811752
vt 0.483579 0.818369
vt 0.478673 0.809573
vt 0.483643 0.809039
vt 0.468426 0.802122
vt 0.471757 0.798620
vt 0.486898 0.804305
vt 0.477556 0.794849
vt 0.326367 0.867648
vt 0.318696 0.886424
vt 0.312709 0.879691
vt 0.330990 0.878901
vt 0.280194 0.893380
vt 0.294814 0.883691
vt 0.303398 0.869273
vt 0.298385 0.895316
vt 0.301057 0.905392
vt 0.310926 0.891294
vt 0.318577 0.902505
vt 0.315166 0.931319
vt 0.347247 0.884561
vt 0.554344 0.863394
vt 0.351583 0.912763
vt 0.330894 0.937021
vt 0.588616 0.873731
vt 0.304299 0.948465
vt 0.562078 0.861467
vt 0.577372 0.861807
vt 0.567196 0.857900
vt 0.597676 0.869821
vt 0.587413 0.859656
vt 0.321183 0.843910
vt 0.309638 0.870814
vt 0.338205 0.844352
vt 0.332679 0.854207
vt 0.318777 0.856668
vt 0.339040 0.854314
vt 0.348545 0.846239
vt 0.339175 0.872319
vt 0.331722 0.869084
vt 0.335415 0.859511
vt 0.355688 0.853889
vt 0.346074 0.856178
vt 0.351168 0.862393
vt 0.358665 0.862886
vt 0.356606 0.867676
vt 0.363739 0.866898
vt 0.368277 0.863476
vt 0.367202 0.871567
vt 0.343479 0.870228
vt 0.354626 0.884967
vt 0.355734 0.875154
vt 0.363297 0.883769
vt 0.382998 0.857056
vt 0.373070 0.868327
vt 0.379764 0.872871
vt 0.495777 0.833044
vt 0.387359 0.865677
vt 0.378315 0.881903
vt 0.514669 0.841144
vt 0.366603 0.892859
vt 0.528598 0.852505
vt 0.370511 0.876990
vt 0.533439 0.845550
vt 0.498607 0.829901
vt 0.520398 0.834455
vt 0.514320 0.826949
vt 0.536632 0.849243
vt 0.531160 0.837123
vt 0.496661 0.821740
vt 0.492014 0.813085
vt 0.548431 0.853332
vt 0.559513 0.853170
vt 0.551663 0.847418
vt 0.556328 0.841075
vt 0.565537 0.846622
vt 0.542829 0.837168
vt 0.552619 0.832443
vt 0.562390 0.834300
vt 0.574931 0.853719
vt 0.570530 0.843640
vt 0.581104 0.851347
vt 0.594604 0.855539
vt 0.597319 0.852260
vt 0.576302 0.843733
vt 0.589548 0.843352
vt 0.566931 0.834253
vt 0.577065 0.838135
vt 0.586318 0.832676
vt 0.582890 0.824562
vt 0.570703 0.820573
vt 0.556490 0.827831
vt 0.546651 0.809747
vt 0.571269 0.810241
vt 0.552537 0.803182
vt 0.595353 0.828259
vt 0.590246 0.823020
vt 0.583922 0.809396
vt 0.567206 0.794096
vt 0.594592 0.802046
vt 0.528238 0.829775
vt 0.523717 0.828763
vt 0.538877 0.828911
vt 0.506379 0.819571
vt 0.499517 0.809986
vt 0.495688 0.797966
vt 0.501379 0.803083
vt 0.518001 0.805744
vt 0.519314 0.824332
vt 0.517833 0.820002
vt 0.529153 0.822184
vt 0.517665 0.814376
vt 0.533418 0.816108
vt 0.540923 0.824750
vt 0.533364 0.802634
vt 0.516819 0.797318
vt 0.546647 0.828044
vt 0.294485 0.661577
vt 0.300311 0.649975
vt 0.311774 0.646938
vt 0.307381 0.663311
vt 0.304641 0.677095
vt 0.318618 0.687233
vt 0.318921 0.677412
vt 0.317656 0.664604
vt 0.317780 0.657464
vt 0.323255 0.671271
vt 0.325487 0.663577
vt 0.329425 0.659263
vt 0.320677 0.650035
vt 0.325372 0.639184
vt 0.336365 0.648149
vt 0.316301 0.692055
vt 0.323291 0.695858
vt 0.323247 0.699599
vt 0.333211 0.688199
vt 0.331477 0.698243
vt 0.335654 0.682552
vt 0.331137 0.702292
vt 0.339814 0.706280
vt 0.343668 0.700592
vt 0.351006 0.714779
vt 0.353106 0.710479
vt 0.345715 0.691366
vt 0.353991 0.697469
vt 0.328609 0.675092
vt 0.332523 0.667264
vt 0.335549 0.672688
vt 0.343167 0.668844
vt 0.346914 0.687387
vt 0.341447 0.679010
vt 0.339833 0.662063
vt 0.339509 0.655473
vt 0.344916 0.655588
vt 0.354748 0.664424
vt 0.355601 0.682641
vt 0.368082 0.677085
vt 0.365545 0.685326
vt 0.362112 0.696040
vt 0.372479 0.686009
vt 0.368630 0.696601
vt 0.311761 0.618945
vt 0.312524 0.624608
vt 0.315029 0.638230
vt 0.317004 0.628152
vt 0.327522 0.629828
vt 0.319870 0.620226
vt 0.342216 0.637325
vt 0.346056 0.646459
vt 0.333082 0.633331
vt 0.336591 0.621447
vt 0.351259 0.629975
vt 0.357460 0.633472
vt 0.345256 0.597465
vt 0.345748 0.612468
vt 0.350026 0.621160
vt 0.355725 0.617049
vt 0.355325 0.647768
vt 0.353624 0.658152
vt 0.361757 0.659333
vt 0.357561 0.656689
vt 0.364098 0.663179
vt 0.359222 0.641356
vt 0.361381 0.648362
vt 0.358313 0.653111
vt 0.364767 0.652262
vt 0.369922 0.652928
vt 0.369435 0.668496
vt 0.388058 0.676326
vt 0.372037 0.655877
vt 0.365394 0.629035
vt 0.364301 0.641489
vt 0.369047 0.640658
vt 0.360337 0.723470
vt 0.360976 0.719737
vt 0.363488 0.731031
vt 0.373121 0.733184
vt 0.364397 0.718074
vt 0.362932 0.707829
vt 0.375490 0.716839
vt 0.377722 0.725293
vt 0.368361 0.701216
vt 0.370570 0.707357
vt 0.373725 0.699666
vt 0.381537 0.704099
vt 0.376925 0.709987
vt 0.375505 0.691953
vt 0.379532 0.695696
vt 0.381411 0.686763
vt 0.346424 0.588168
vt 0.332202 0.604965
vt 0.361467 0.624344
vt 0.359233 0.600822
vt 0.360051 0.619344
vt 0.364673 0.609499
vt 0.366149 0.617556
vt 0.379710 0.669594
vt 0.375573 0.663444
vt 0.386180 0.649943
vt 0.386369 0.666115
vt 0.378789 0.644625
vt 0.374393 0.642816
vt 0.374658 0.634332
vt 0.372499 0.625758
vt 0.370201 0.617735
vt 0.379018 0.627967
vt 0.381572 0.632847
vt 0.386933 0.631903
vt 0.388918 0.660637
vt 0.398497 0.655700
vt 0.394354 0.654950
vt 0.394691 0.633965
vt 0.396170 0.646327
vt 0.402375 0.646287
vt 0.414491 0.655454
vt 0.373822 0.738596
vt 0.382430 0.741571
vt 0.382650 0.745554
vt 0.389427 0.749464
vt 0.391286 0.737470
vt 0.387269 0.720747
vt 0.387166 0.729242
vt 0.400558 0.732690
vt 0.398622 0.747810
vt 0.393170 0.718002
vt 0.385787 0.693991
vt 0.393947 0.704834
vt 0.402593 0.721830
vt 0.404623 0.701642
vt 0.416045 0.721271
vt 0.412805 0.732848
vt 0.425538 0.727221
vt 0.398410 0.761180
vt 0.407345 0.758622
vt 0.412338 0.740412
vt 0.409380 0.768819
vt 0.417572 0.768651
vt 0.417321 0.773487
vt 0.434385 0.780318
vt 0.425848 0.754675
vt 0.421609 0.779718
vt 0.420216 0.736839
vt 0.436027 0.739061
vt 0.455278 0.788156
vt 0.445645 0.765977
vt 0.461397 0.765344
vt 0.470127 0.774941
vt 0.472903 0.781299
vt 0.472072 0.770823
vt 0.480634 0.778052
vt 0.477924 0.768380
vt 0.489385 0.786272
vt 0.450511 0.746020
vt 0.446120 0.732931
vt 0.452207 0.732618
vt 0.467908 0.744959
vt 0.477205 0.754052
vt 0.490001 0.765476
vt 0.477343 0.741412
vt 0.485629 0.747241
vt 0.504212 0.760301
vt 0.394341 0.691824
vt 0.399600 0.673957
vt 0.409845 0.683662
vt 0.415470 0.699228
vt 0.422271 0.678788
vt 0.424401 0.707459
vt 0.421160 0.695215
vt 0.421894 0.690095
vt 0.428069 0.691878
vt 0.435532 0.705637
vt 0.433908 0.693317
vt 0.443958 0.698193
vt 0.438041 0.715572
vt 0.420548 0.669525
vt 0.433393 0.670403
vt 0.427400 0.683269
vt 0.431461 0.650127
vt 0.432056 0.686069
vt 0.433897 0.678685
vt 0.439649 0.681447
vt 0.442123 0.686309
vt 0.442244 0.664517
vt 0.449632 0.670421
vt 0.459713 0.692681
vt 0.451949 0.704261
vt 0.454069 0.678046
vt 0.461661 0.686668
vt 0.465210 0.677708
vt 0.439092 0.724483
vt 0.445204 0.714112
vt 0.447412 0.721765
vt 0.455035 0.724464
vt 0.457097 0.733436
vt 0.457205 0.738111
vt 0.456742 0.707669
vt 0.467622 0.718711
vt 0.468537 0.724707
vt 0.461156 0.722956
vt 0.480210 0.728924
vt 0.472882 0.711976
vt 0.484096 0.726283
vt 0.487866 0.716056
vt 0.469247 0.736506
vt 0.490144 0.727459
vt 0.465382 0.702800
vt 0.472952 0.689459
vt 0.469728 0.682268
vt 0.473755 0.702169
vt 0.480962 0.709638
vt 0.477060 0.697240
vt 0.482110 0.697007
vt 0.491196 0.707411
vt 0.503086 0.701146
vt 0.507915 0.709738
vt 0.504466 0.790091
vt 0.499299 0.781498
vt 0.500334 0.772535
vt 0.509031 0.783513
vt 0.526712 0.790706
vt 0.532866 0.773765
vt 0.538599 0.781749
vt 0.512529 0.773332
vt 0.512817 0.767007
vt 0.521498 0.761546
vt 0.528396 0.749920
vt 0.547814 0.756969
vt 0.543277 0.744377
vt 0.545366 0.791215
vt 0.537646 0.796487
vt 0.555219 0.788352
vt 0.557122 0.778779
vt 0.565507 0.782009
vt 0.562208 0.777840
vt 0.578111 0.793111
vt 0.587858 0.794749
vt 0.571437 0.774687
vt 0.586952 0.781539
vt 0.540187 0.769956
vt 0.551790 0.770905
vt 0.559753 0.771099
vt 0.563750 0.764721
vt 0.554734 0.749511
vt 0.555767 0.762508
vt 0.588566 0.767921
vt 0.591525 0.779692
vt 0.594581 0.755677
vt 0.585699 0.759950
vt 0.570516 0.763638
vt 0.567445 0.752178
vt 0.578988 0.753630
vt 0.499145 0.734675
vt 0.513762 0.744658
vt 0.507437 0.727205
vt 0.517784 0.730112
vt 0.528335 0.731874
vt 0.536181 0.736193
vt 0.517481 0.718860
vt 0.542219 0.736265
vt 0.550652 0.730824
vt 0.507835 0.702938
vt 0.497910 0.699094
vt 0.507382 0.696125
vt 0.514942 0.701235
vt 0.525252 0.703452
vt 0.532334 0.723507
vt 0.540180 0.718839
vt 0.545119 0.721181
vt 0.545880 0.703910
vt 0.547974 0.740661
vt 0.553853 0.742462
vt 0.557786 0.745011
vt 0.566901 0.741943
vt 0.556599 0.737384
vt 0.559474 0.722022
vt 0.572124 0.733618
vt 0.579597 0.739885
vt 0.584941 0.742202
vt 0.595234 0.746384
vt 0.589657 0.725493
vt 0.602540 0.736056
vt 0.551470 0.723213
vt 0.570052 0.712931
vt 0.557951 0.707447
vt 0.587524 0.710473
vt 0.596607 0.722164
vt 0.579118 0.710758
vt 0.374361 0.613851
vt 0.373517 0.594770
vt 0.379575 0.605972
vt 0.370637 0.566254
vt 0.384002 0.573587
vt 0.385090 0.585101
vt 0.382966 0.591441
vt 0.375646 0.582385
vt 0.387814 0.599595
vt 0.395973 0.582374
vt 0.398052 0.598144
vt 0.381285 0.619352
vt 0.386565 0.618928
vt 0.405217 0.629398
vt 0.395920 0.614432
vt 0.394466 0.606956
vt 0.400513 0.639529
vt 0.406429 0.636396
vt 0.418436 0.630982
vt 0.410777 0.624949
vt 0.404430 0.616588
vt 0.424485 0.637421
vt 0.404913 0.589216
vt 0.412076 0.590718
vt 0.414277 0.599974
vt 0.423577 0.618935
vt 0.431982 0.625499
vt 0.446012 0.636347
vt 0.425851 0.608161
vt 0.433059 0.603015
vt 0.441272 0.612849
vt 0.449106 0.621045
vt 0.404245 0.569300
vt 0.409394 0.576998
vt 0.424700 0.545600
vt 0.421337 0.550212
vt 0.411653 0.543529
vt 0.426005 0.559655
vt 0.427844 0.539995
vt 0.417290 0.533382
vt 0.413142 0.585403
vt 0.418077 0.591654
vt 0.415290 0.578748
vt 0.424599 0.580440
vt 0.422478 0.587953
vt 0.430966 0.594878
vt 0.420707 0.570446
vt 0.442848 0.602001
vt 0.433727 0.588545
vt 0.450294 0.604168
vt 0.447094 0.613014
vt 0.447536 0.594764
vt 0.438656 0.572276
vt 0.445626 0.582855
vt 0.437404 0.576856
vt 0.433801 0.553157
vt 0.468161 0.603098
vt 0.454090 0.589610
vt 0.460757 0.572416
vt 0.467078 0.557381
vt 0.453170 0.559731
vt 0.474995 0.580721
vt 0.483893 0.573380
vt 0.486764 0.583643
vt 0.441583 0.655739
vt 0.438446 0.647377
vt 0.446154 0.649864
vt 0.450526 0.661447
vt 0.462328 0.664853
vt 0.471950 0.674020
vt 0.467512 0.657415
vt 0.477298 0.659216
vt 0.487029 0.670992
vt 0.458080 0.626727
vt 0.462815 0.621679
vt 0.466130 0.633428
vt 0.475538 0.629029
vt 0.459938 0.645257
vt 0.469053 0.651058
vt 0.469938 0.641487
vt 0.477528 0.641177
vt 0.490897 0.646568
vt 0.488531 0.635143
vt 0.505360 0.649850
vt 0.492388 0.660586
vt 0.500135 0.658121
vt 0.480083 0.681901
vt 0.490546 0.687546
vt 0.489080 0.678183
vt 0.497090 0.672858
vt 0.500029 0.681160
vt 0.504924 0.667127
vt 0.469919 0.620817
vt 0.474160 0.613289
vt 0.479802 0.609362
vt 0.485231 0.621580
vt 0.494027 0.615779
vt 0.489842 0.613851
vt 0.483798 0.601429
vt 0.498998 0.631664
vt 0.474764 0.592417
vt 0.464018 0.590183
vt 0.475288 0.597144
vt 0.495837 0.599451
vt 0.489596 0.590009
vt 0.494544 0.588105
vt 0.495577 0.579705
vt 0.503710 0.599077
vt 0.508954 0.587905
vt 0.513587 0.655942
vt 0.513986 0.664825
vt 0.524094 0.660761
vt 0.518949 0.674843
vt 0.514434 0.642702
vt 0.519846 0.650637
vt 0.534103 0.647608
vt 0.522108 0.645780
vt 0.534740 0.658969
vt 0.532395 0.671379
vt 0.545300 0.674996
vt 0.535700 0.692103
vt 0.599252 0.700040
vt 0.592194 0.707020
vt 0.587348 0.694480
vt 0.581103 0.685324
vt 0.579471 0.690660
vt 0.565637 0.676277
vt 0.587541 0.683525
vt 0.599118 0.692220
vt 0.595655 0.684679
vt 0.581649 0.702079
vt 0.597807 0.712207
vt 0.580656 0.677370
vt 0.586452 0.670505
vt 0.595954 0.677485
vt 0.573608 0.663695
vt 0.591002 0.657771
vt 0.600162 0.664475
vt 0.507631 0.625897
vt 0.519385 0.634481
vt 0.517855 0.625629
vt 0.525599 0.627167
vt 0.512999 0.621701
vt 0.520309 0.621715
vt 0.528999 0.629113
vt 0.527623 0.617524
vt 0.535947 0.626059
vt 0.535455 0.606850
vt 0.535681 0.618018
vt 0.520268 0.603026
vt 0.523190 0.589673
vt 0.546398 0.612202
vt 0.547391 0.599993
vt 0.552478 0.611267
vt 0.556520 0.599385
vt 0.561752 0.611123
vt 0.527977 0.638446
vt 0.534734 0.641397
vt 0.538668 0.633835
vt 0.544480 0.640994
vt 0.554039 0.642053
vt 0.546794 0.635242
vt 0.556145 0.633658
vt 0.546400 0.623571
vt 0.557338 0.622003
vt 0.565705 0.619638
vt 0.559367 0.650818
vt 0.566467 0.642972
vt 0.566619 0.651573
vt 0.570151 0.648631
vt 0.568772 0.655139
vt 0.574309 0.638645
vt 0.563726 0.631106
vt 0.578327 0.633461
vt 0.588856 0.634145
vt 0.581128 0.651730
vt 0.613172 0.654679
vt 0.600743 0.640666
vt 0.577220 0.622338
vt 0.588119 0.619069
vt 0.591262 0.624101
vt 0.571676 0.611073
vt 0.565087 0.605433
vt 0.582638 0.613165
vt 0.600612 0.622575
vt 0.605657 0.635364
vt 0.612950 0.618216
vt 0.589007 0.608580
vt 0.599267 0.609752
vt 0.323330 0.788792
vt 0.341925 0.862489
vt 0.347858 0.865765
vt 0.465097 0.711944
vt 0.356102 0.576228
vt 0.365055 0.583711
vt 0.368652 0.575634
vt 0.384474 0.550270
vt 0.390816 0.553503
vt 0.389666 0.541846
vt 0.394978 0.546348
vt 0.416803 0.562390
vt 0.398433 0.540872
vt 0.408789 0.530110
vt 0.410089 0.553109
vt 0.428798 0.570895
vt 0.443125 0.550163
vt 0.510482 0.617443
vt 0.506996 0.609710
vt 0.510595 0.679340
vt 0.515246 0.691991
vt 0.517878 0.685707
vt 0.522140 0.696040
vt 0.552435 0.670808
vt 0.545456 0.653668
vt 0.560897 0.687545
vt 0.556147 0.696402
vt 0.573669 0.698616
vt 0.575158 0.672009
vt 0.607988 0.685496
vt 0.183845 0.903361
vt 0.166335 0.934722
vt 0.166801 0.939685
vt 0.777742 0.941621
vt 0.226993 0.922220
vt 0.176801 0.932360
vt 0.192872 0.944333
vt 0.786870 0.940302
vt 0.787369 0.935449
vt 0.771257 0.928283
vt 0.794048 0.929281
vt 0.790140 0.924363
vt 0.783126 0.927678
vt 0.786381 0.917434
vt 0.770927 0.918543
vt 0.767090 0.931453
vt 0.773613 0.922624
vt 0.765094 0.921382
vt 0.755232 0.935378
vt 0.186758 0.948656
vt 0.749689 0.926162
vt 0.754658 0.922729
vt 0.760306 0.917573
vt 0.762029 0.909796
vt 0.743571 0.907954
vt 0.249849 0.945546
vt 0.238617 0.957760
vt 0.203204 0.952964
vt 0.198293 0.956299
vt 0.742427 0.928189
vt 0.732683 0.914644
vt 0.747232 0.916201
vt 0.740196 0.910327
vt 0.730777 0.920317
vt 0.209313 0.964057
vt 0.220543 0.962490
vt 0.717423 0.912200
vt 0.222412 0.970913
vt 0.242063 0.962403
vt 0.231743 0.967724
vt 0.786643 0.904361
vt 0.778129 0.902514
vt 0.794555 0.893444
vt 0.784232 0.890804
vt 0.760223 0.896892
vt 0.773448 0.887243
vt 0.771933 0.898258
vt 0.759142 0.890004
vt 0.799511 0.878331
vt 0.792950 0.880393
vt 0.806198 0.867853
vt 0.788079 0.863458
vt 0.779949 0.872037
vt 0.764516 0.876084
vt 0.769945 0.866288
vt 0.777147 0.864141
vt 0.773943 0.848827
vt 0.218333 0.908974
vt 0.235647 0.913730
vt 0.731960 0.901360
vt 0.749376 0.900644
vt 0.735772 0.894312
vt 0.748087 0.886836
vt 0.736251 0.885471
vt 0.723248 0.906431
vt 0.724633 0.897641
vt 0.713436 0.900654
vt 0.711531 0.907015
vt 0.228555 0.975022
vt 0.719062 0.893798
vt 0.244366 0.979112
vt 0.696186 0.898910
vt 0.705519 0.888781
vt 0.720183 0.882993
vt 0.745536 0.867570
vt 0.756996 0.864845
vt 0.737924 0.875059
vt 0.739501 0.859188
vt 0.724164 0.874444
vt 0.713843 0.870740
vt 0.721222 0.858380
vt 0.710029 0.858595
vt 0.708467 0.868502
vt 0.804519 0.852923
vt 0.786790 0.851515
vt 0.793900 0.842240
vt 0.806780 0.845501
vt 0.778683 0.850520
vt 0.765047 0.855663
vt 0.767576 0.838803
vt 0.780217 0.843836
vt 0.752416 0.847769
vt 0.739240 0.830022
vt 0.752085 0.833535
vt 0.720589 0.842349
vt 0.750334 0.825707
vt 0.717916 0.824676
vt 0.733093 0.821497
vt 0.722229 0.812742
vt 0.712531 0.813675
vt 0.787334 0.840006
vt 0.807005 0.821241
vt 0.794450 0.818504
vt 0.794676 0.830923
vt 0.781790 0.822266
vt 0.794309 0.809267
vt 0.757008 0.830383
vt 0.760713 0.822932
vt 0.743426 0.812509
vt 0.264975 0.963292
vt 0.270607 0.958714
vt 0.247688 0.968681
vt 0.265289 0.969476
vt 0.289183 0.958168
vt 0.279014 0.963919
vt 0.653420 0.888676
vt 0.282389 0.969879
vt 0.675455 0.893237
vt 0.262654 0.977028
vt 0.649476 0.881486
vt 0.638820 0.887082
vt 0.293757 0.963117
vt 0.649432 0.878524
vt 0.661882 0.880100
vt 0.661089 0.870379
vt 0.247403 0.972520
vt 0.699561 0.894991
vt 0.689895 0.883133
vt 0.255216 0.983953
vt 0.686441 0.890265
vt 0.675562 0.886928
vt 0.676112 0.882126
vt 0.706411 0.875326
vt 0.698751 0.874419
vt 0.689905 0.865849
vt 0.693494 0.864633
vt 0.678806 0.860152
vt 0.693727 0.859008
vt 0.680814 0.848718
vt 0.663194 0.853858
vt 0.653655 0.855983
vt 0.643763 0.862647
vt 0.302910 0.956724
vt 0.626324 0.885144
vt 0.306799 0.951231
vt 0.619133 0.886059
vt 0.639220 0.878745
vt 0.615289 0.876417
vt 0.601914 0.875155
vt 0.324281 0.946115
vt 0.605170 0.864618
vt 0.619236 0.869228
vt 0.612632 0.861125
vt 0.625799 0.867228
vt 0.633471 0.879852
vt 0.639724 0.873792
vt 0.633154 0.855531
vt 0.618272 0.851356
vt 0.606571 0.860113
vt 0.703831 0.846635
vt 0.708692 0.827014
vt 0.687412 0.837267
vt 0.662059 0.842985
vt 0.675326 0.833122
vt 0.681279 0.827610
vt 0.659459 0.827896
vt 0.693718 0.828944
vt 0.703691 0.820245
vt 0.687888 0.817403
vt 0.703768 0.809341
vt 0.722246 0.800182
vt 0.686220 0.801291
vt 0.673502 0.812591
vt 0.664476 0.812700
vt 0.654839 0.818884
vt 0.648076 0.851366
vt 0.636262 0.838079
vt 0.629899 0.840725
vt 0.651137 0.838442
vt 0.640811 0.828437
vt 0.627955 0.830575
vt 0.622530 0.838714
vt 0.612712 0.839208
vt 0.601736 0.838007
vt 0.602790 0.825361
vt 0.612298 0.833232
vt 0.608168 0.831777
vt 0.651608 0.823047
vt 0.638921 0.814234
vt 0.631824 0.819041
vt 0.612872 0.826754
vt 0.616925 0.813731
vt 0.629787 0.802535
vt 0.598900 0.814673
vt 0.600611 0.802616
vt 0.609925 0.798433
vt 0.729684 0.807161
vt 0.733586 0.802743
vt 0.734902 0.791672
vt 0.717754 0.784602
vt 0.808620 0.806313
vt 0.815265 0.795461
vt 0.796319 0.794816
vt 0.788305 0.805361
vt 0.773791 0.810857
vt 0.786309 0.784541
vt 0.774014 0.785748
vt 0.767299 0.799923
vt 0.756890 0.804496
vt 0.745024 0.790211
vt 0.735878 0.781505
vt 0.757059 0.784423
vt 0.762525 0.775476
vt 0.743035 0.760827
vt 0.761528 0.766211
vt 0.745258 0.772772
vt 0.736426 0.769014
vt 0.729780 0.767294
vt 0.727633 0.755384
vt 0.821130 0.759128
vt 0.824208 0.748979
vt 0.815685 0.741696
vt 0.805159 0.752131
vt 0.831336 0.741808
vt 0.823741 0.739266
vt 0.810113 0.733259
vt 0.804717 0.743262
vt 0.799944 0.730808
vt 0.830589 0.731144
vt 0.823346 0.730304
vt 0.819830 0.720373
vt 0.825270 0.711364
vt 0.807119 0.719302
vt 0.736458 0.750115
vt 0.746520 0.751842
vt 0.746977 0.738904
vt 0.757675 0.735589
vt 0.751996 0.743044
vt 0.728009 0.740603
vt 0.739282 0.738029
vt 0.739361 0.719443
vt 0.766637 0.734068
vt 0.758965 0.722661
vt 0.774082 0.721788
vt 0.745914 0.720553
vt 0.728494 0.723014
vt 0.761032 0.707104
vt 0.707600 0.796679
vt 0.700626 0.804088
vt 0.691504 0.786453
vt 0.705994 0.776473
vt 0.718848 0.767086
vt 0.669963 0.758759
vt 0.687180 0.769648
vt 0.669231 0.773004
vt 0.660283 0.765566
vt 0.630228 0.778602
vt 0.649879 0.784851
vt 0.639738 0.795462
vt 0.595766 0.794470
vt 0.618086 0.796576
vt 0.599008 0.771365
vt 0.609066 0.774115
vt 0.595524 0.772732
vt 0.607906 0.755462
vt 0.651890 0.766966
vt 0.650736 0.760473
vt 0.702479 0.701829
vt 0.711276 0.716020
vt 0.695638 0.717759
vt 0.693379 0.704332
vt 0.613397 0.734564
vt 0.620535 0.757264
vt 0.644673 0.746686
vt 0.639766 0.752507
vt 0.622536 0.729266
vt 0.618351 0.714046
vt 0.608357 0.701832
vt 0.610833 0.718837
vt 0.605261 0.715565
vt 0.632372 0.727541
vt 0.631614 0.713071
vt 0.827578 0.702597
vt 0.820597 0.694384
vt 0.828332 0.691912
vt 0.832381 0.672826
vt 0.832576 0.657688
vt 0.821870 0.660053
vt 0.828616 0.677688
vt 0.817560 0.686691
vt 0.812539 0.696223
vt 0.804014 0.688696
vt 0.801899 0.660227
vt 0.809138 0.666361
vt 0.803593 0.667499
vt 0.790344 0.667809
vt 0.780184 0.706193
vt 0.788747 0.718819
vt 0.788385 0.697182
vt 0.769336 0.698875
vt 0.791024 0.706238
vt 0.794560 0.686502
vt 0.797991 0.699229
vt 0.775180 0.681344
vt 0.787791 0.686548
vt 0.782894 0.685188
vt 0.762305 0.699436
vt 0.760321 0.692199
vt 0.761211 0.683760
vt 0.746666 0.700201
vt 0.754536 0.696923
vt 0.736826 0.702298
vt 0.738992 0.695173
vt 0.750826 0.695684
vt 0.746628 0.691962
vt 0.743717 0.682524
vt 0.752027 0.685162
vt 0.757986 0.687701
vt 0.783503 0.679285
vt 0.776623 0.676149
vt 0.766660 0.673155
vt 0.775350 0.663343
vt 0.767855 0.669070
vt 0.766010 0.665047
vt 0.740512 0.675287
vt 0.734030 0.684279
vt 0.746694 0.672009
vt 0.744681 0.667623
vt 0.756760 0.673094
vt 0.752821 0.662137
vt 0.795011 0.651991
vt 0.805505 0.641838
vt 0.842671 0.630251
vt 0.828502 0.632259
vt 0.833490 0.617000
vt 0.833933 0.626936
vt 0.819494 0.613222
vt 0.837704 0.612526
vt 0.823998 0.637007
vt 0.813971 0.638575
vt 0.817220 0.628397
vt 0.808000 0.604045
vt 0.803428 0.618898
vt 0.780323 0.649362
vt 0.766747 0.646004
vt 0.769184 0.635051
vt 0.753026 0.635042
vt 0.757158 0.644947
vt 0.738681 0.645644
vt 0.744805 0.629668
vt 0.754801 0.622036
vt 0.787103 0.612837
vt 0.793947 0.616858
vt 0.791099 0.624431
vt 0.780529 0.625348
vt 0.710510 0.705302
vt 0.714935 0.697693
vt 0.719148 0.706948
vt 0.708269 0.684862
vt 0.703937 0.686149
vt 0.658627 0.687837
vt 0.667778 0.687830
vt 0.662544 0.702781
vt 0.675943 0.698167
vt 0.675673 0.684234
vt 0.683678 0.715070
vt 0.683553 0.702776
vt 0.694684 0.692926
vt 0.704063 0.676006
vt 0.713142 0.666399
vt 0.708393 0.663966
vt 0.662816 0.672350
vt 0.688120 0.677891
vt 0.696072 0.674764
vt 0.696449 0.684159
vt 0.697901 0.661943
vt 0.622947 0.700249
vt 0.611885 0.675703
vt 0.625451 0.689553
vt 0.624987 0.682767
vt 0.638656 0.703821
vt 0.652607 0.700243
vt 0.645515 0.695377
vt 0.651665 0.684367
vt 0.636279 0.687747
vt 0.640343 0.675525
vt 0.644205 0.669898
vt 0.631351 0.662715
vt 0.654802 0.671214
vt 0.674020 0.652556
vt 0.678870 0.653883
vt 0.674135 0.662487
vt 0.675764 0.649381
vt 0.666875 0.651303
vt 0.687381 0.648995
vt 0.668903 0.637507
vt 0.679593 0.635024
vt 0.687264 0.659405
vt 0.695658 0.646047
vt 0.690975 0.640210
vt 0.704581 0.638894
vt 0.701604 0.647101
vt 0.700290 0.621159
vt 0.711465 0.626473
vt 0.697803 0.626635
vt 0.714343 0.614023
vt 0.707237 0.612860
vt 0.662465 0.627703
vt 0.653410 0.629828
vt 0.666937 0.618905
vt 0.612679 0.638701
vt 0.623545 0.648912
vt 0.621179 0.626319
vt 0.615980 0.605797
vt 0.716644 0.712644
vt 0.729252 0.695073
vt 0.724087 0.696980
vt 0.724843 0.690702
vt 0.728904 0.686000
vt 0.723072 0.684047
vt 0.717656 0.684426
vt 0.725653 0.672252
vt 0.716026 0.677516
vt 0.733006 0.675552
vt 0.736337 0.672394
vt 0.737564 0.662303
vt 0.729466 0.659246
vt 0.726741 0.642505
vt 0.718931 0.656153
vt 0.713143 0.650767
vt 0.733331 0.632469
vt 0.724314 0.626693
vt 0.725855 0.617450
vt 0.783003 0.832581
vt 0.651346 0.811041
vt 0.648793 0.802798
vt 0.814280 0.782685
vt 0.777676 0.798018
vt 0.799128 0.782402
vt 0.800703 0.775027
vt 0.802786 0.768033
vt 0.779875 0.773711
vt 0.802902 0.761108
vt 0.784972 0.759132
vt 0.766285 0.791852
vt 0.777463 0.759998
vt 0.765649 0.754179
vt 0.789276 0.750647
vt 0.778224 0.752591
vt 0.794148 0.744709
vt 0.794214 0.731061
vt 0.782925 0.738466
vt 0.811416 0.710399
vt 0.800544 0.710756
vt 0.771407 0.749999
vt 0.778308 0.745470
vt 0.763372 0.744310
vt 0.773153 0.741452
vt 0.774527 0.730617
vt 0.751185 0.757283
vt 0.672847 0.799246
vt 0.662635 0.792928
vt 0.673569 0.785997
vt 0.661616 0.788290
vt 0.701634 0.760065
vt 0.713757 0.758940
vt 0.692304 0.748361
vt 0.627022 0.788422
vt 0.620505 0.780713
vt 0.633310 0.770679
vt 0.630016 0.758171
vt 0.719672 0.750161
vt 0.707987 0.750221
vt 0.706102 0.743873
vt 0.718696 0.733470
vt 0.705199 0.728881
vt 0.676970 0.749157
vt 0.674659 0.736499
vt 0.660169 0.732707
vt 0.681308 0.743043
vt 0.686934 0.726470
vt 0.720107 0.721354
vt 0.672070 0.719533
vt 0.659244 0.718659
vt 0.673902 0.707813
vt 0.630611 0.743825
vt 0.640704 0.738124
vt 0.648975 0.735080
vt 0.642594 0.728402
vt 0.646972 0.712537
vt 0.726311 0.707821
vt 0.819044 0.704907
vt 0.804496 0.682186
vt 0.809690 0.676471
vt 0.831010 0.648194
vt 0.808708 0.629066
vt 0.800044 0.630666
vt 0.782555 0.637254
vt 0.768723 0.619462
vt 0.778968 0.612173
vt 0.759029 0.607886
vt 0.747575 0.609148
vt 0.798343 0.605590
vt 0.683131 0.687999
vt 0.673578 0.673642
vt 0.658596 0.660870
vt 0.685658 0.668884
vt 0.629450 0.672765
vt 0.649025 0.657232
vt 0.654632 0.649536
vt 0.651062 0.617921
vt 0.674065 0.619142
vt 0.687848 0.621778
vt 0.683713 0.613718
vt 0.682685 0.612403
vt 0.694052 0.614587
vt 0.632684 0.634933
vt 0.639504 0.655358
vt 0.646300 0.649198
vt 0.644484 0.638226
vt 0.644503 0.627136
vt 0.637760 0.611570
vt 0.715116 0.641740
vt 0.734941 0.612416
vt 0.400062 0.278073
vt 0.397554 0.285658
vt 0.388710 0.274594
vt 0.378179 0.267995
vt 0.393793 0.266568
vt 0.434630 0.313061
vt 0.445279 0.313772
vt 0.443557 0.320033
vt 0.438644 0.303147
vt 0.418919 0.309453
vt 0.423574 0.302938
vt 0.432306 0.307026
vt 0.444859 0.303071
vt 0.453131 0.320887
vt 0.511056 0.343815
vt 0.498959 0.340590
vt 0.515936 0.339994
vt 0.737590 0.099569
vt 0.506581 0.160147
vt 0.735586 0.107968
vt 0.726061 0.109081
vt 0.520804 0.165914
vt 0.748874 0.129300
vt 0.531917 0.171259
vt 0.717082 0.116770
vt 0.525083 0.174567
vt 0.536501 0.180654
vt 0.532543 0.175119
vt 0.543049 0.178848
vt 0.706719 0.124621
vt 0.542782 0.184077
vt 0.702430 0.128260
vt 0.548127 0.182169
vt 0.561863 0.187548
vt 0.695292 0.140538
vt 0.546565 0.186142
vt 0.683187 0.161200
vt 0.583609 0.199060
vt 0.562910 0.194894
vt 0.733862 0.184136
vt 0.598757 0.205821
vt 0.677725 0.176280
vt 0.694242 0.227565
vt 0.673377 0.189107
vt 0.610957 0.212409
vt 0.673645 0.205034
vt 0.625840 0.222395
vt 0.666950 0.205454
vt 0.667719 0.220927
vt 0.327143 0.400931
vt 0.323815 0.409725
vt 0.317789 0.403311
vt 0.337566 0.423565
vt 0.334217 0.408803
vt 0.337884 0.415163
vt 0.327790 0.394736
vt 0.343529 0.407440
vt 0.343737 0.393983
vt 0.350550 0.422889
vt 0.353843 0.411851
vt 0.348085 0.388516
vt 0.338371 0.386549
vt 0.349382 0.384967
vt 0.350701 0.396105
vt 0.356741 0.387485
vt 0.362774 0.378110
vt 0.356562 0.378231
vt 0.370531 0.374736
vt 0.368775 0.365621
vt 0.394194 0.371777
vt 0.392805 0.391343
vt 0.384604 0.383353
vt 0.292712 0.377704
vt 0.296989 0.373096
vt 0.283532 0.364598
vt 0.275255 0.362717
vt 0.304598 0.367632
vt 0.299072 0.363182
vt 0.292535 0.362575
vt 0.288471 0.357507
vt 0.294427 0.349434
vt 0.315941 0.372553
vt 0.304743 0.352622
vt 0.309510 0.343095
vt 0.314688 0.349828
vt 0.326125 0.352116
vt 0.317067 0.363653
vt 0.267872 0.323208
vt 0.258663 0.319211
vt 0.263111 0.319953
vt 0.259885 0.316484
vt 0.266891 0.312420
vt 0.278673 0.355328
vt 0.279072 0.344870
vt 0.271086 0.346082
vt 0.284379 0.351551
vt 0.274790 0.330393
vt 0.267254 0.331495
vt 0.279614 0.320024
vt 0.271789 0.305676
vt 0.304595 0.315988
vt 0.288168 0.308575
vt 0.281232 0.295083
vt 0.285625 0.300846
vt 0.293740 0.333483
vt 0.280789 0.332253
vt 0.305683 0.388157
vt 0.308472 0.400530
vt 0.312864 0.405523
vt 0.313353 0.388136
vt 0.322785 0.391298
vt 0.326821 0.386002
vt 0.333028 0.373750
vt 0.327307 0.376514
vt 0.333230 0.382355
vt 0.343469 0.373700
vt 0.327900 0.341347
vt 0.319425 0.341677
vt 0.341492 0.331786
vt 0.327186 0.333505
vt 0.322798 0.320624
vt 0.336802 0.345412
vt 0.349677 0.350397
vt 0.351273 0.332940
vt 0.352122 0.342390
vt 0.300112 0.306020
vt 0.292409 0.302491
vt 0.298349 0.292046
vt 0.322926 0.290879
vt 0.315009 0.288856
vt 0.319723 0.282695
vt 0.313619 0.280486
vt 0.307077 0.280268
vt 0.306806 0.272867
vt 0.325657 0.285838
vt 0.332255 0.300320
vt 0.338754 0.284278
vt 0.329563 0.273895
vt 0.318058 0.271820
vt 0.324814 0.266512
vt 0.335460 0.320024
vt 0.338070 0.360219
vt 0.345320 0.367101
vt 0.353859 0.372648
vt 0.355114 0.363857
vt 0.359667 0.372156
vt 0.360536 0.360660
vt 0.363664 0.348427
vt 0.363249 0.343841
vt 0.374430 0.352650
vt 0.374193 0.335933
vt 0.354294 0.322401
vt 0.345485 0.444444
vt 0.367065 0.437546
vt 0.350977 0.438704
vt 0.369368 0.475547
vt 0.374459 0.458391
vt 0.374196 0.442782
vt 0.373032 0.470027
vt 0.380005 0.461207
vt 0.383314 0.469598
vt 0.358833 0.431717
vt 0.349474 0.433283
vt 0.361567 0.419261
vt 0.371943 0.419376
vt 0.367860 0.407521
vt 0.385540 0.429295
vt 0.387550 0.440366
vt 0.377857 0.479289
vt 0.398610 0.485607
vt 0.391693 0.491125
vt 0.385811 0.483302
vt 0.398526 0.499868
vt 0.407872 0.491636
vt 0.413513 0.500692
vt 0.420395 0.491284
vt 0.410142 0.471227
vt 0.419138 0.477475
vt 0.409873 0.481146
vt 0.429682 0.474362
vt 0.427932 0.489403
vt 0.416863 0.484285
vt 0.378777 0.400778
vt 0.376676 0.397406
vt 0.394056 0.431996
vt 0.396914 0.425817
vt 0.399808 0.442692
vt 0.394464 0.453303
vt 0.389995 0.447715
vt 0.400685 0.433120
vt 0.401188 0.428781
vt 0.396362 0.409561
vt 0.402715 0.415887
vt 0.404957 0.422968
vt 0.410577 0.414912
vt 0.408272 0.427423
vt 0.408816 0.385533
vt 0.403625 0.366327
vt 0.406839 0.400340
vt 0.407790 0.408677
vt 0.411674 0.408626
vt 0.411557 0.420988
vt 0.417946 0.410128
vt 0.412876 0.401782
vt 0.422338 0.395208
vt 0.420886 0.457919
vt 0.406296 0.459826
vt 0.441870 0.440990
vt 0.421310 0.442405
vt 0.451766 0.447140
vt 0.429037 0.429984
vt 0.434731 0.438137
vt 0.444642 0.414103
vt 0.400740 0.351945
vt 0.393955 0.362827
vt 0.421460 0.346667
vt 0.348575 0.305622
vt 0.365267 0.306185
vt 0.361313 0.311997
vt 0.371582 0.319782
vt 0.385643 0.309481
vt 0.375715 0.305046
vt 0.369793 0.295583
vt 0.380820 0.291637
vt 0.382398 0.297023
vt 0.398333 0.297175
vt 0.387285 0.287480
vt 0.342936 0.292753
vt 0.341544 0.274445
vt 0.349911 0.283381
vt 0.360225 0.279150
vt 0.348689 0.273012
vt 0.333246 0.261887
vt 0.341621 0.261013
vt 0.355899 0.268684
vt 0.346910 0.254174
vt 0.352915 0.259118
vt 0.359416 0.292015
vt 0.369947 0.288912
vt 0.377672 0.284134
vt 0.368285 0.273494
vt 0.381893 0.279540
vt 0.364350 0.264573
vt 0.362774 0.255278
vt 0.353309 0.246444
vt 0.374869 0.257319
vt 0.373279 0.245329
vt 0.383581 0.258817
vt 0.387760 0.253357
vt 0.391798 0.260910
vt 0.380361 0.243899
vt 0.375970 0.239395
vt 0.379197 0.348548
vt 0.387487 0.324214
vt 0.389767 0.331657
vt 0.381965 0.324216
vt 0.400063 0.336621
vt 0.394301 0.338590
vt 0.404765 0.338017
vt 0.408044 0.324538
vt 0.395919 0.313137
vt 0.407036 0.314522
vt 0.416846 0.319837
vt 0.409947 0.306095
vt 0.396887 0.304625
vt 0.405165 0.293607
vt 0.415587 0.335930
vt 0.426473 0.332678
vt 0.435087 0.343986
vt 0.383415 0.239826
vt 0.398341 0.245734
vt 0.386423 0.236016
vt 0.405936 0.212933
vt 0.410282 0.218921
vt 0.398665 0.210822
vt 0.409474 0.208757
vt 0.415267 0.214558
vt 0.412392 0.215982
vt 0.413866 0.218608
vt 0.422094 0.216698
vt 0.415020 0.206544
vt 0.418526 0.209732
vt 0.419868 0.220178
vt 0.424747 0.222161
vt 0.431047 0.228091
vt 0.423121 0.226374
vt 0.421711 0.223298
vt 0.412129 0.231414
vt 0.402625 0.220858
vt 0.421680 0.208360
vt 0.421859 0.206503
vt 0.426463 0.213513
vt 0.434241 0.224223
vt 0.435732 0.218571
vt 0.439691 0.216949
vt 0.431011 0.212625
vt 0.433599 0.207551
vt 0.439693 0.222185
vt 0.423521 0.200052
vt 0.409739 0.289505
vt 0.425136 0.291783
vt 0.414241 0.283063
vt 0.431000 0.321319
vt 0.427282 0.324551
vt 0.440219 0.334484
vt 0.449535 0.329060
vt 0.440199 0.292809
vt 0.440842 0.281848
vt 0.454929 0.306931
vt 0.457263 0.290193
vt 0.404194 0.264187
vt 0.417846 0.269561
vt 0.409288 0.261656
vt 0.421060 0.277622
vt 0.414350 0.259265
vt 0.426579 0.271029
vt 0.415810 0.255770
vt 0.429756 0.266844
vt 0.401109 0.256778
vt 0.397041 0.249172
vt 0.408581 0.250849
vt 0.393486 0.235029
vt 0.415356 0.247205
vt 0.403130 0.238809
vt 0.404867 0.231289
vt 0.415855 0.241535
vt 0.400135 0.231783
vt 0.429932 0.261776
vt 0.441811 0.278045
vt 0.444783 0.272253
vt 0.437335 0.231904
vt 0.433625 0.232802
vt 0.444307 0.230050
vt 0.445704 0.239659
vt 0.441290 0.236744
vt 0.444838 0.236139
vt 0.431871 0.240604
vt 0.446390 0.233452
vt 0.447400 0.238687
vt 0.449423 0.238946
vt 0.450955 0.241805
vt 0.453770 0.241117
vt 0.456041 0.240152
vt 0.459683 0.246193
vt 0.445165 0.251030
vt 0.422169 0.240832
vt 0.420758 0.243045
vt 0.431064 0.248751
vt 0.436580 0.257812
vt 0.429908 0.244433
vt 0.435562 0.249108
vt 0.448356 0.259147
vt 0.444998 0.224890
vt 0.447835 0.223784
vt 0.448725 0.255707
vt 0.452701 0.271997
vt 0.448364 0.265331
vt 0.449384 0.281320
vt 0.455035 0.280710
vt 0.464910 0.281460
vt 0.461884 0.272613
vt 0.458383 0.264141
vt 0.463309 0.261636
vt 0.458916 0.262209
vt 0.477029 0.275032
vt 0.462345 0.267561
vt 0.479401 0.272465
vt 0.463986 0.264124
vt 0.419812 0.384080
vt 0.427851 0.358548
vt 0.430624 0.371132
vt 0.448427 0.365724
vt 0.445750 0.346629
vt 0.454224 0.423784
vt 0.454916 0.413998
vt 0.454943 0.391417
vt 0.465971 0.401621
vt 0.474829 0.434386
vt 0.474676 0.420046
vt 0.470979 0.412044
vt 0.474266 0.407267
vt 0.475407 0.404755
vt 0.478237 0.412127
vt 0.483684 0.413326
vt 0.458020 0.353724
vt 0.456842 0.346244
vt 0.467786 0.373157
vt 0.457233 0.369766
vt 0.464358 0.365947
vt 0.475837 0.362130
vt 0.472054 0.350452
vt 0.465228 0.379592
vt 0.477964 0.379724
vt 0.485168 0.386211
vt 0.478815 0.395710
vt 0.488957 0.370192
vt 0.484689 0.358649
vt 0.495641 0.383623
vt 0.491602 0.391321
vt 0.503998 0.390824
vt 0.497474 0.396473
vt 0.500644 0.372878
vt 0.508111 0.379415
vt 0.453160 0.338124
vt 0.452431 0.333292
vt 0.458216 0.318393
vt 0.462784 0.331381
vt 0.464658 0.341651
vt 0.480057 0.342110
vt 0.474499 0.345898
vt 0.483138 0.350468
vt 0.472503 0.329751
vt 0.465976 0.312741
vt 0.472319 0.322498
vt 0.472170 0.306187
vt 0.466079 0.295651
vt 0.465852 0.288606
vt 0.485339 0.318270
vt 0.477564 0.299563
vt 0.472959 0.289152
vt 0.483478 0.297975
vt 0.486939 0.306189
vt 0.479953 0.294480
vt 0.485630 0.294958
vt 0.482731 0.325332
vt 0.488378 0.337101
vt 0.494385 0.347296
vt 0.496125 0.330162
vt 0.489067 0.313342
vt 0.490090 0.303114
vt 0.494121 0.295297
vt 0.496670 0.310103
vt 0.495098 0.303996
vt 0.501454 0.302665
vt 0.508227 0.321602
vt 0.503406 0.313581
vt 0.505822 0.307740
vt 0.512822 0.311840
vt 0.514695 0.305293
vt 0.475840 0.281347
vt 0.485678 0.287839
vt 0.506528 0.300158
vt 0.517270 0.382051
vt 0.495725 0.360410
vt 0.498529 0.353251
vt 0.506981 0.349256
vt 0.508579 0.361887
vt 0.513676 0.318168
vt 0.524908 0.321202
vt 0.525455 0.327580
vt 0.529814 0.333764
vt 0.506539 0.370003
vt 0.516399 0.360171
vt 0.522662 0.368357
vt 0.517182 0.372343
vt 0.518900 0.352707
vt 0.525534 0.360893
vt 0.531240 0.351956
vt 0.531346 0.368037
vt 0.537022 0.346946
vt 0.540247 0.336271
vt 0.539505 0.364163
vt 0.548559 0.357122
vt 0.550117 0.348931
vt 0.549637 0.342286
vt 0.420242 0.192676
vt 0.434238 0.197658
vt 0.439613 0.207383
vt 0.442946 0.212049
vt 0.451012 0.212062
vt 0.451027 0.216151
vt 0.440981 0.187606
vt 0.454268 0.188364
vt 0.446489 0.173242
vt 0.465762 0.198198
vt 0.477199 0.182674
vt 0.468355 0.164286
vt 0.483776 0.199600
vt 0.477071 0.161732
vt 0.488918 0.258226
vt 0.487203 0.261059
vt 0.478200 0.255232
vt 0.494068 0.258144
vt 0.486498 0.253765
vt 0.460066 0.238850
vt 0.451721 0.228643
vt 0.456844 0.226994
vt 0.457779 0.220112
vt 0.467003 0.226619
vt 0.470241 0.249203
vt 0.464118 0.236168
vt 0.458079 0.232286
vt 0.465973 0.233960
vt 0.461738 0.229816
vt 0.475817 0.241633
vt 0.460876 0.217072
vt 0.474339 0.221990
vt 0.470212 0.210037
vt 0.476755 0.229836
vt 0.477230 0.233249
vt 0.472208 0.235940
vt 0.472527 0.253237
vt 0.474165 0.256919
vt 0.473508 0.247308
vt 0.477103 0.243966
vt 0.480273 0.251839
vt 0.486807 0.264319
vt 0.479534 0.240189
vt 0.485335 0.247715
vt 0.485711 0.237783
vt 0.492320 0.234571
vt 0.489615 0.250356
vt 0.495045 0.252901
vt 0.489361 0.245968
vt 0.499056 0.252170
vt 0.483708 0.207996
vt 0.496407 0.219305
vt 0.500429 0.192772
vt 0.501469 0.245334
vt 0.508096 0.224942
vt 0.508152 0.244350
vt 0.517080 0.234417
vt 0.489838 0.167768
vt 0.486428 0.159793
vt 0.499697 0.165133
vt 0.489488 0.156823
vt 0.500618 0.162564
vt 0.504878 0.171918
vt 0.751086 0.089926
vt 0.490526 0.154442
vt 0.497852 0.178471
vt 0.512219 0.177545
vt 0.518790 0.188760
vt 0.528799 0.202279
vt 0.529269 0.237525
vt 0.543583 0.197840
vt 0.506914 0.168351
vt 0.512888 0.172051
vt 0.510416 0.167331
vt 0.516734 0.171313
vt 0.521708 0.175695
vt 0.524294 0.182560
vt 0.531305 0.188169
vt 0.529748 0.179500
vt 0.543815 0.190499
vt 0.545896 0.187875
vt 0.555947 0.196005
vt 0.532209 0.183256
vt 0.539305 0.185247
vt 0.493954 0.262627
vt 0.502287 0.268554
vt 0.498406 0.261580
vt 0.503149 0.272363
vt 0.509938 0.267884
vt 0.499857 0.256311
vt 0.508400 0.260748
vt 0.497922 0.280908
vt 0.516754 0.277828
vt 0.513739 0.274512
vt 0.516504 0.264672
vt 0.519683 0.271736
vt 0.518015 0.283958
vt 0.523769 0.277927
vt 0.535629 0.287723
vt 0.530689 0.289310
vt 0.515147 0.259490
vt 0.505010 0.257505
vt 0.519051 0.255132
vt 0.512544 0.249963
vt 0.529117 0.259089
vt 0.518336 0.247454
vt 0.532613 0.254469
vt 0.525416 0.269064
vt 0.529586 0.276764
vt 0.532768 0.273331
vt 0.534391 0.270993
vt 0.534573 0.282499
vt 0.537516 0.275723
vt 0.544843 0.285168
vt 0.540729 0.266892
vt 0.541235 0.277599
vt 0.544391 0.275226
vt 0.545742 0.266670
vt 0.547954 0.261165
vt 0.487354 0.272580
vt 0.492402 0.281782
vt 0.492293 0.284511
vt 0.499317 0.284796
vt 0.500301 0.290115
vt 0.513487 0.292878
vt 0.511893 0.287982
vt 0.513970 0.296987
vt 0.523629 0.295714
vt 0.524224 0.298486
vt 0.528386 0.302813
vt 0.530835 0.297841
vt 0.559123 0.268466
vt 0.529237 0.317840
vt 0.537062 0.328528
vt 0.539696 0.292110
vt 0.543546 0.296862
vt 0.538737 0.302881
vt 0.545235 0.292305
vt 0.547293 0.294892
vt 0.548578 0.289961
vt 0.548193 0.282613
vt 0.551217 0.300583
vt 0.556947 0.296899
vt 0.561133 0.301474
vt 0.565229 0.307325
vt 0.552937 0.288998
vt 0.558860 0.293348
vt 0.551047 0.277237
vt 0.554749 0.273025
vt 0.566288 0.297956
vt 0.525492 0.306531
vt 0.534037 0.313094
vt 0.533558 0.308464
vt 0.538088 0.324357
vt 0.543442 0.320465
vt 0.532880 0.301284
vt 0.537377 0.305374
vt 0.547021 0.315517
vt 0.548617 0.313855
vt 0.547571 0.310171
vt 0.554175 0.311445
vt 0.556468 0.329458
vt 0.552055 0.338890
vt 0.555974 0.335499
vt 0.565362 0.351479
vt 0.566768 0.345378
vt 0.570042 0.337841
vt 0.556694 0.317007
vt 0.558100 0.321967
vt 0.566265 0.323039
vt 0.570778 0.322903
vt 0.566162 0.325821
vt 0.577590 0.332999
vt 0.583658 0.317653
vt 0.584493 0.329274
vt 0.579763 0.330297
vt 0.550161 0.280562
vt 0.553301 0.284455
vt 0.557197 0.286021
vt 0.565084 0.291397
vt 0.564440 0.279783
vt 0.567584 0.278774
vt 0.560133 0.283344
vt 0.564106 0.287786
vt 0.571583 0.288263
vt 0.574411 0.293088
vt 0.572471 0.283625
vt 0.574295 0.307761
vt 0.568484 0.292497
vt 0.572043 0.303388
vt 0.577775 0.311756
vt 0.576686 0.302208
vt 0.578630 0.306964
vt 0.588297 0.313827
vt 0.585841 0.308680
vt 0.575655 0.297004
vt 0.583099 0.295584
vt 0.570671 0.276964
vt 0.583190 0.286164
vt 0.579631 0.287455
vt 0.583082 0.300236
vt 0.591815 0.306274
vt 0.593388 0.294028
vt 0.593362 0.304249
vt 0.591940 0.300482
vt 0.544484 0.245697
vt 0.551121 0.210015
vt 0.559900 0.232253
vt 0.556624 0.254617
vt 0.572196 0.236762
vt 0.573379 0.262165
vt 0.552556 0.199265
vt 0.566271 0.210618
vt 0.568697 0.205790
vt 0.578876 0.216031
vt 0.593338 0.223195
vt 0.586926 0.242057
vt 0.580272 0.267927
vt 0.588149 0.272459
vt 0.593514 0.255415
vt 0.593799 0.288647
vt 0.606214 0.278420
vt 0.599475 0.234126
vt 0.609031 0.254964
vt 0.615044 0.233826
vt 0.621288 0.266563
vt 0.615217 0.284660
vt 0.624390 0.248060
vt 0.644912 0.242638
vt 0.568758 0.201968
vt 0.580243 0.208935
vt 0.578646 0.204018
vt 0.591698 0.215968
vt 0.589879 0.212202
vt 0.598144 0.216926
vt 0.592747 0.210639
vt 0.601010 0.212017
vt 0.601549 0.216566
vt 0.602776 0.222529
vt 0.608888 0.221209
vt 0.616913 0.228639
vt 0.608304 0.217506
vt 0.613895 0.222096
vt 0.619940 0.226333
vt 0.622891 0.224159
vt 0.625986 0.227242
vt 0.629542 0.235588
vt 0.655099 0.239075
vt 0.650225 0.250929
vt 0.663870 0.214875
vt 0.633576 0.227300
vt 0.663446 0.222061
vt 0.635318 0.232904
vt 0.638934 0.231019
vt 0.661049 0.221689
vt 0.658822 0.228384
vt 0.644132 0.234551
vt 0.356891 0.404351
vt 0.362514 0.409313
vt 0.363648 0.399062
vt 0.370240 0.398241
vt 0.364923 0.389856
vt 0.373015 0.384837
vt 0.381886 0.362624
vt 0.380477 0.373670
vt 0.386090 0.371950
vt 0.311336 0.325888
vt 0.314537 0.336946
vt 0.323286 0.309473
vt 0.310970 0.295193
vt 0.307887 0.287466
vt 0.288204 0.284696
vt 0.300655 0.280741
vt 0.339728 0.310364
vt 0.389442 0.355449
vt 0.355070 0.427243
vt 0.398928 0.473410
vt 0.398377 0.458041
vt 0.412220 0.428755
vt 0.420587 0.427129
vt 0.434526 0.410307
vt 0.433586 0.401184
vt 0.408848 0.452783
vt 0.411537 0.442940
vt 0.430783 0.385770
vt 0.444203 0.378327
vt 0.441063 0.373945
vt 0.452735 0.374981
vt 0.473742 0.389562
vt 0.485823 0.398085
vt 0.488866 0.409153
vt 0.495633 0.418592
vt 0.252106 0.199701
vt 0.245761 0.190614
vt 0.257212 0.195734
vt 0.248105 0.180788
vt 0.237508 0.186917
vt 0.204614 0.144898
vt 0.979856 0.522369
vt 0.211035 0.131347
vt 0.212213 0.141674
vt 0.335270 0.253656
vt 0.323968 0.240701
vt 0.317358 0.241521
vt 0.315492 0.230621
vt 0.430338 0.115409
vt 0.422551 0.111525
vt 0.426836 0.105392
vt 0.827315 0.092606
vt 0.413192 0.106988
vt 0.417737 0.104278
vt 0.409585 0.101888
vt 0.842823 0.097376
vt 0.413024 0.096001
vt 0.400818 0.094539
vt 0.857977 0.100795
vt 0.398263 0.089503
vt 0.819128 0.112521
vt 0.802778 0.156029
vt 0.862990 0.155655
vt 0.773445 0.089188
vt 0.775567 0.082756
vt 0.783210 0.083690
vt 0.444358 0.127777
vt 0.439243 0.127966
vt 0.441663 0.123559
vt 0.812718 0.087293
vt 0.438637 0.116090
vt 0.799807 0.084411
vt 0.448772 0.125137
vt 0.792518 0.081891
vt 0.453609 0.131244
vt 0.789715 0.087928
vt 0.763915 0.088693
vt 0.749580 0.097236
vt 0.765923 0.084992
vt 0.775124 0.106902
vt 0.434426 0.118755
vt 0.433405 0.121531
vt 0.367096 0.071450
vt 0.364073 0.072909
vt 0.364644 0.066784
vt 0.359344 0.068026
vt 0.355253 0.063283
vt 0.389003 0.082938
vt 0.388163 0.088560
vt 0.380416 0.081045
vt 0.869034 0.116187
vt 0.387401 0.073141
vt 0.373251 0.068097
vt 0.882595 0.121460
vt 0.373226 0.075763
vt 0.369434 0.075538
vt 0.370304 0.072512
vt 0.895936 0.133103
vt 0.357206 0.058517
vt 0.343291 0.046188
vt 0.904556 0.148589
vt 0.344381 0.054311
vt 0.338776 0.052354
vt 0.331882 0.043577
vt 0.324881 0.035631
vt 0.915885 0.165750
vt 0.880435 0.206314
vt 0.325470 0.042816
vt 0.320641 0.038949
vt 0.313256 0.032330
vt 0.923612 0.174451
vt 0.920622 0.186945
vt 0.923807 0.181198
vt 0.308653 0.027108
vt 0.308394 0.031105
vt 0.301389 0.026247
vt 0.927012 0.189946
vt 0.300338 0.022612
vt 0.923423 0.203477
vt 0.922453 0.215657
vt 0.800958 0.207912
vt 0.740916 0.252951
vt 0.891699 0.251350
vt 0.847140 0.263620
vt 0.877215 0.312622
vt 0.817152 0.304041
vt 0.857184 0.323278
vt 0.791884 0.273574
vt 0.677178 0.249174
vt 0.929129 0.202608
vt 0.928323 0.206252
vt 0.926823 0.210729
vt 0.983388 0.372823
vt 0.927494 0.224352
vt 0.922241 0.224911
vt 0.968248 0.363763
vt 0.920283 0.240520
vt 0.938173 0.354897
vt 0.911143 0.270787
vt 0.964434 0.367761
vt 0.950716 0.365384
vt 0.940433 0.359645
vt 0.915661 0.343211
vt 0.895528 0.291200
vt 0.928688 0.356950
vt 0.926132 0.353972
vt 0.919454 0.352476
vt 0.911003 0.347803
vt 0.900951 0.342625
vt 0.884655 0.308938
vt 0.896261 0.337241
vt 0.870742 0.319709
vt 0.880395 0.331197
vt 0.876414 0.324055
vt 0.893719 0.341514
vt 0.875525 0.331264
vt 0.866972 0.329193
vt 0.856665 0.331108
vt 0.864025 0.331648
vt 0.857577 0.333210
vt 0.241635 0.315288
vt 0.259554 0.302060
vt 0.251499 0.301163
vt 0.252955 0.292303
vt 0.264140 0.292197
vt 0.270974 0.286188
vt 0.253518 0.271843
vt 0.253097 0.280919
vt 0.242953 0.272367
vt 0.240365 0.262203
vt 0.221898 0.262296
vt 0.210141 0.268544
vt 0.205811 0.261920
vt 0.199321 0.258514
vt 0.203256 0.248411
vt 0.194297 0.239289
vt 0.215308 0.253026
vt 0.206339 0.242003
vt 0.198771 0.231542
vt 0.233759 0.235052
vt 0.228131 0.234006
vt 0.238146 0.228202
vt 0.221654 0.228580
vt 0.225888 0.221967
vt 0.218337 0.237647
vt 0.287865 0.247845
vt 0.283093 0.267588
vt 0.276985 0.259964
vt 0.273514 0.252948
vt 0.264208 0.249174
vt 0.290766 0.275492
vt 0.300349 0.254808
vt 0.311514 0.261306
vt 0.318585 0.257047
vt 0.308784 0.249837
vt 0.295402 0.245405
vt 0.287673 0.239293
vt 0.299021 0.239081
vt 0.309448 0.243164
vt 0.284879 0.229219
vt 0.278268 0.236207
vt 0.269811 0.231705
vt 0.261360 0.233230
vt 0.255735 0.244261
vt 0.246274 0.237781
vt 0.256543 0.224411
vt 0.241245 0.218942
vt 0.246513 0.214214
vt 0.262160 0.216356
vt 0.272654 0.224774
vt 0.295762 0.228939
vt 0.282159 0.215994
vt 0.300755 0.223034
vt 0.275283 0.216447
vt 0.263576 0.209091
vt 0.248901 0.206239
vt 0.270180 0.206119
vt 0.279934 0.204810
vt 0.268145 0.193705
vt 0.186218 0.226913
vt 0.207569 0.226251
vt 0.197715 0.222774
vt 0.184627 0.216909
vt 0.198828 0.207252
vt 0.216457 0.221914
vt 0.218338 0.214287
vt 0.204954 0.214973
vt 0.212691 0.207319
vt 0.203407 0.198182
vt 0.191941 0.203605
vt 0.215967 0.193666
vt 0.189843 0.189412
vt 0.206760 0.187277
vt 0.170431 0.222570
vt 0.156077 0.201150
vt 0.983387 0.619972
vt 0.977091 0.620880
vt 0.172869 0.215262
vt 0.182915 0.197762
vt 0.177789 0.178696
vt 0.195416 0.172730
vt 0.983231 0.581375
vt 0.173675 0.168449
vt 0.168782 0.172496
vt 0.981436 0.588063
vt 0.974095 0.585432
vt 0.966454 0.580900
vt 0.964116 0.585572
vt 0.182056 0.158759
vt 0.984046 0.567790
vt 0.970307 0.572113
vt 0.957471 0.582001
vt 0.954421 0.593011
vt 0.945597 0.581419
vt 0.945028 0.571530
vt 0.226071 0.212698
vt 0.233998 0.205379
vt 0.241140 0.199370
vt 0.231199 0.194731
vt 0.223040 0.201267
vt 0.224227 0.188672
vt 0.215998 0.184502
vt 0.208149 0.175138
vt 0.216486 0.174560
vt 0.227132 0.179203
vt 0.264233 0.180836
vt 0.248057 0.171937
vt 0.260093 0.164344
vt 0.235668 0.164449
vt 0.228536 0.168940
vt 0.219843 0.169615
vt 0.213073 0.156845
vt 0.229308 0.156170
vt 0.202532 0.157732
vt 0.219607 0.150656
vt 0.243302 0.154885
vt 0.231628 0.143214
vt 0.193395 0.160489
vt 0.187464 0.150160
vt 0.982114 0.557319
vt 0.970622 0.556054
vt 0.197399 0.157849
vt 0.196428 0.149110
vt 0.191925 0.139783
vt 0.977154 0.545514
vt 0.967863 0.563006
vt 0.967166 0.549684
vt 0.955582 0.563491
vt 0.957604 0.555877
vt 0.962608 0.541543
vt 0.951254 0.547225
vt 0.227728 0.133651
vt 0.198928 0.135367
vt 0.977337 0.536096
vt 0.968809 0.525958
vt 0.962252 0.533872
vt 0.210386 0.123773
vt 0.972711 0.517393
vt 0.222303 0.127586
vt 0.212716 0.119361
vt 0.970106 0.512005
vt 0.971515 0.522151
vt 0.954834 0.526668
vt 0.959181 0.517297
vt 0.950264 0.537403
vt 0.928113 0.601104
vt 0.944978 0.604692
vt 0.950260 0.597684
vt 0.961159 0.601744
vt 0.943829 0.594708
vt 0.929602 0.591136
vt 0.920899 0.587394
vt 0.906616 0.589018
vt 0.900880 0.594936
vt 0.947972 0.588099
vt 0.941301 0.589218
vt 0.926720 0.564195
vt 0.940188 0.559104
vt 0.910800 0.569867
vt 0.896987 0.605102
vt 0.879332 0.606277
vt 0.884671 0.598813
vt 0.878598 0.595117
vt 0.892324 0.596327
vt 0.891192 0.583383
vt 0.884364 0.588047
vt 0.869040 0.598347
vt 0.854960 0.606321
vt 0.858083 0.602461
vt 0.861978 0.596230
vt 0.848876 0.603849
vt 0.852576 0.592962
vt 0.872576 0.586031
vt 0.859922 0.587488
vt 0.856040 0.581852
vt 0.887154 0.571263
vt 0.873463 0.574180
vt 0.897803 0.553050
vt 0.880323 0.558127
vt 0.859905 0.573465
vt 0.849526 0.569339
vt 0.867387 0.560841
vt 0.854025 0.560492
vt 0.944906 0.555433
vt 0.937453 0.547876
vt 0.926186 0.551546
vt 0.940647 0.539801
vt 0.925544 0.545431
vt 0.929214 0.536394
vt 0.910862 0.553207
vt 0.917923 0.542620
vt 0.945702 0.507490
vt 0.942559 0.529436
vt 0.930286 0.524334
vt 0.936300 0.518527
vt 0.918405 0.532702
vt 0.914232 0.523090
vt 0.909766 0.532288
vt 0.908035 0.539604
vt 0.919387 0.515970
vt 0.929387 0.505253
vt 0.901523 0.525087
vt 0.904160 0.513659
vt 0.883106 0.548565
vt 0.870299 0.547170
vt 0.862520 0.537834
vt 0.894938 0.515351
vt 0.893094 0.525393
vt 0.882959 0.499388
vt 0.884888 0.517670
vt 0.881373 0.510429
vt 0.881225 0.524420
vt 0.874857 0.518133
vt 0.861647 0.508846
vt 0.867487 0.497792
vt 0.864300 0.519239
vt 0.864301 0.524177
vt 0.862509 0.528545
vt 0.856232 0.522546
vt 0.857497 0.514935
vt 0.322128 0.250071
vt 0.337489 0.240517
vt 0.307714 0.233066
vt 0.327429 0.231788
vt 0.316779 0.221738
vt 0.335229 0.216386
vt 0.318697 0.208696
vt 0.340947 0.218885
vt 0.358680 0.231627
vt 0.354634 0.225170
vt 0.365832 0.230541
vt 0.373021 0.231269
vt 0.362795 0.222469
vt 0.345184 0.215827
vt 0.328581 0.207691
vt 0.340500 0.207445
vt 0.327921 0.202978
vt 0.331159 0.198434
vt 0.350286 0.213615
vt 0.360858 0.209405
vt 0.348519 0.204670
vt 0.352457 0.201147
vt 0.344447 0.196459
vt 0.291864 0.213061
vt 0.302606 0.214205
vt 0.293831 0.203017
vt 0.306843 0.198508
vt 0.292912 0.192141
vt 0.285560 0.195541
vt 0.315231 0.197516
vt 0.302388 0.190890
vt 0.305285 0.187656
vt 0.275957 0.188189
vt 0.291862 0.184068
vt 0.274511 0.178586
vt 0.280288 0.174595
vt 0.271265 0.172401
vt 0.297454 0.177366
vt 0.279228 0.169743
vt 0.289807 0.171080
vt 0.350678 0.178136
vt 0.340759 0.175826
vt 0.341853 0.171437
vt 0.331099 0.170537
vt 0.332301 0.166575
vt 0.335841 0.167660
vt 0.337918 0.164451
vt 0.324156 0.161514
vt 0.324843 0.157834
vt 0.328475 0.161055
vt 0.308011 0.162732
vt 0.318320 0.158531
vt 0.332592 0.161683
vt 0.337040 0.160683
vt 0.326439 0.154268
vt 0.313368 0.151666
vt 0.321062 0.152546
vt 0.307455 0.150665
vt 0.314969 0.145608
vt 0.315669 0.139545
vt 0.327200 0.149018
vt 0.319152 0.193501
vt 0.321890 0.188920
vt 0.309169 0.181951
vt 0.313877 0.178756
vt 0.331960 0.189321
vt 0.348650 0.191907
vt 0.335098 0.181939
vt 0.341643 0.191626
vt 0.335095 0.186111
vt 0.327132 0.181225
vt 0.321621 0.178270
vt 0.329665 0.180542
vt 0.323626 0.175148
vt 0.302589 0.172927
vt 0.304284 0.166418
vt 0.291631 0.164092
vt 0.312681 0.173345
vt 0.304569 0.164640
vt 0.295851 0.160680
vt 0.313927 0.170089
vt 0.377738 0.196125
vt 0.387359 0.201968
vt 0.378704 0.201106
vt 0.385894 0.197295
vt 0.391977 0.201494
vt 0.396389 0.200496
vt 0.381198 0.191257
vt 0.379315 0.192438
vt 0.397135 0.195988
vt 0.386119 0.188927
vt 0.362656 0.187941
vt 0.367496 0.188642
vt 0.367591 0.203887
vt 0.351285 0.183457
vt 0.370786 0.184713
vt 0.358768 0.181130
vt 0.358081 0.176102
vt 0.378782 0.184339
vt 0.386335 0.186746
vt 0.369262 0.178267
vt 0.369739 0.176452
vt 0.353063 0.167048
vt 0.370220 0.172836
vt 0.387400 0.177330
vt 0.382948 0.180857
vt 0.379189 0.225550
vt 0.368152 0.216554
vt 0.377068 0.215647
vt 0.380313 0.220047
vt 0.368814 0.210982
vt 0.371512 0.209256
vt 0.396396 0.206155
vt 0.391477 0.219354
vt 0.385482 0.213397
vt 0.378515 0.213780
vt 0.392098 0.227126
vt 0.386059 0.219426
vt 0.394737 0.225220
vt 0.398198 0.224214
vt 0.383021 0.216689
vt 0.361666 0.204251
vt 0.350281 0.196454
vt 0.398305 0.194782
vt 0.392115 0.186812
vt 0.392896 0.176899
vt 0.404554 0.188375
vt 0.394253 0.182186
vt 0.402582 0.195987
vt 0.412087 0.193038
vt 0.407177 0.184200
vt 0.381966 0.170228
vt 0.374458 0.169421
vt 0.371893 0.164883
vt 0.397689 0.154304
vt 0.403005 0.207307
vt 0.407012 0.202374
vt 0.409174 0.200518
vt 0.413290 0.198586
vt 0.413570 0.203054
vt 0.348925 0.172614
vt 0.346402 0.168005
vt 0.353711 0.164421
vt 0.346829 0.160462
vt 0.359755 0.164626
vt 0.364199 0.164060
vt 0.364459 0.152941
vt 0.361137 0.160867
vt 0.354259 0.155222
vt 0.347905 0.146111
vt 0.360362 0.169762
vt 0.343687 0.153539
vt 0.346770 0.149926
vt 0.337936 0.156569
vt 0.334169 0.152620
vt 0.339658 0.154334
vt 0.329512 0.144281
vt 0.338469 0.144303
vt 0.328140 0.146806
vt 0.317505 0.138000
vt 0.332152 0.140198
vt 0.328971 0.134074
vt 0.338563 0.134861
vt 0.349122 0.123486
vt 0.358935 0.131362
vt 0.376802 0.147747
vt 0.371037 0.134469
vt 0.389562 0.146292
vt 0.389893 0.123440
vt 0.371713 0.117205
vt 0.262184 0.159579
vt 0.270397 0.160812
vt 0.280275 0.164746
vt 0.279575 0.155520
vt 0.263646 0.153324
vt 0.270291 0.152456
vt 0.309643 0.145716
vt 0.300675 0.141727
vt 0.304470 0.140045
vt 0.301870 0.134959
vt 0.310415 0.134293
vt 0.313224 0.132920
vt 0.290255 0.148036
vt 0.297494 0.142034
vt 0.296067 0.156740
vt 0.294602 0.137724
vt 0.294579 0.132258
vt 0.290606 0.132844
vt 0.285475 0.135952
vt 0.287386 0.134069
vt 0.287785 0.154596
vt 0.278584 0.147130
vt 0.288125 0.150447
vt 0.273998 0.140338
vt 0.270992 0.139809
vt 0.282925 0.147500
vt 0.278442 0.139554
vt 0.305498 0.132880
vt 0.298469 0.126450
vt 0.304851 0.129733
vt 0.304799 0.125244
vt 0.311106 0.125348
vt 0.297613 0.122854
vt 0.282172 0.125370
vt 0.283819 0.129207
vt 0.284831 0.122025
vt 0.281137 0.130026
vt 0.276805 0.123320
vt 0.268625 0.130456
vt 0.271819 0.123223
vt 0.275706 0.118679
vt 0.266044 0.115291
vt 0.267004 0.114097
vt 0.280908 0.111934
vt 0.276752 0.115105
vt 0.268759 0.111619
vt 0.290808 0.120809
vt 0.289162 0.116793
vt 0.304013 0.118389
vt 0.299012 0.120619
vt 0.299324 0.114814
vt 0.304162 0.116006
vt 0.291202 0.114985
vt 0.289462 0.107362
vt 0.293019 0.104856
vt 0.283944 0.110624
vt 0.274273 0.107663
vt 0.278714 0.106387
vt 0.272052 0.101166
vt 0.277069 0.097913
vt 0.282057 0.098238
vt 0.261559 0.142494
vt 0.268422 0.141728
vt 0.247717 0.149676
vt 0.238764 0.141481
vt 0.251934 0.146811
vt 0.241639 0.139197
vt 0.235734 0.126695
vt 0.243041 0.134173
vt 0.253380 0.141755
vt 0.254494 0.133105
vt 0.243848 0.129493
vt 0.245368 0.122098
vt 0.240412 0.120229
vt 0.230125 0.130270
vt 0.264731 0.135680
vt 0.264364 0.131371
vt 0.260027 0.122246
vt 0.263887 0.116566
vt 0.257837 0.128768
vt 0.256484 0.124444
vt 0.252185 0.118920
vt 0.248450 0.120287
vt 0.229459 0.126993
vt 0.228933 0.119960
vt 0.225198 0.122411
vt 0.221139 0.117858
vt 0.215941 0.116690
vt 0.969694 0.507293
vt 0.969396 0.498994
vt 0.221153 0.111548
vt 0.959938 0.508815
vt 0.952472 0.502873
vt 0.956104 0.498156
vt 0.233429 0.115846
vt 0.970312 0.493450
vt 0.225162 0.108329
vt 0.260129 0.112988
vt 0.260226 0.109540
vt 0.261151 0.106690
vt 0.258343 0.111918
vt 0.255465 0.105024
vt 0.253679 0.107174
vt 0.263296 0.103810
vt 0.264648 0.100300
vt 0.254821 0.098435
vt 0.256449 0.093339
vt 0.244967 0.111618
vt 0.243993 0.114598
vt 0.247086 0.099391
vt 0.245360 0.094947
vt 0.239948 0.097226
vt 0.247734 0.093023
vt 0.265459 0.099000
vt 0.264592 0.094541
vt 0.268054 0.090247
vt 0.255511 0.089083
vt 0.257806 0.083311
vt 0.274019 0.076442
vt 0.258006 0.078185
vt 0.249245 0.083184
vt 0.246820 0.086358
vt 0.246363 0.075558
vt 0.247107 0.072772
vt 0.234895 0.111282
vt 0.237995 0.109753
vt 0.236841 0.107591
vt 0.239127 0.093220
vt 0.971351 0.481022
vt 0.229289 0.098264
vt 0.236295 0.100662
vt 0.233747 0.104135
vt 0.230493 0.089615
vt 0.971394 0.472486
vt 0.971238 0.485476
vt 0.228392 0.102621
vt 0.961248 0.482870
vt 0.972723 0.488748
vt 0.229138 0.105864
vt 0.955882 0.484736
vt 0.953913 0.488779
vt 0.962868 0.477972
vt 0.236773 0.086419
vt 0.231028 0.084743
vt 0.970996 0.467550
vt 0.977179 0.461496
vt 0.238810 0.080935
vt 0.232560 0.082737
vt 0.971913 0.465175
vt 0.966087 0.470656
vt 0.961829 0.467166
vt 0.962023 0.464242
vt 0.959620 0.471863
vt 0.961843 0.469178
vt 0.954112 0.468830
vt 0.963160 0.461927
vt 0.966755 0.458440
vt 0.241815 0.079537
vt 0.972761 0.456027
vt 0.235940 0.074458
vt 0.238101 0.068530
vt 0.973663 0.449824
vt 0.247259 0.062362
vt 0.234882 0.062150
vt 0.968980 0.444465
vt 0.963180 0.454904
vt 0.960382 0.451468
vt 0.957788 0.444438
vt 0.327806 0.137451
vt 0.319512 0.129318
vt 0.320416 0.122893
vt 0.344272 0.106568
vt 0.319856 0.108997
vt 0.323446 0.092739
vt 0.314092 0.083142
vt 0.368738 0.093462
vt 0.339197 0.098003
vt 0.334892 0.076629
vt 0.299032 0.085407
vt 0.292703 0.073054
vt 0.329941 0.065488
vt 0.322151 0.056418
vt 0.312546 0.047272
vt 0.304203 0.040628
vt 0.287612 0.052970
vt 0.292603 0.036264
vt 0.273424 0.056129
vt 0.261848 0.055994
vt 0.264856 0.045846
vt 0.973047 0.425065
vt 0.244595 0.045216
vt 0.282422 0.027223
vt 0.983715 0.403374
vt 0.261913 0.028696
vt 0.936406 0.501923
vt 0.945640 0.495458
vt 0.935100 0.496402
vt 0.933772 0.489468
vt 0.942044 0.482556
vt 0.934062 0.480337
vt 0.916039 0.499379
vt 0.923253 0.498177
vt 0.903609 0.499774
vt 0.923139 0.491556
vt 0.919985 0.481226
vt 0.914419 0.491993
vt 0.904711 0.494145
vt 0.897823 0.484106
vt 0.912103 0.484722
vt 0.904675 0.479339
vt 0.952751 0.480123
vt 0.940969 0.474292
vt 0.955239 0.466256
vt 0.949638 0.465204
vt 0.946956 0.462513
vt 0.939380 0.465832
vt 0.950143 0.458055
vt 0.944772 0.458964
vt 0.952352 0.453545
vt 0.939521 0.476993
vt 0.937840 0.478773
vt 0.931408 0.474739
vt 0.938975 0.462656
vt 0.932122 0.460967
vt 0.938222 0.459180
vt 0.939636 0.455141
vt 0.927285 0.458059
vt 0.929634 0.454418
vt 0.946265 0.447321
vt 0.945920 0.450229
vt 0.941315 0.440502
vt 0.938715 0.449901
vt 0.929575 0.451966
vt 0.937348 0.447379
vt 0.934123 0.444148
vt 0.918683 0.475214
vt 0.919365 0.472370
vt 0.919203 0.469212
vt 0.927252 0.461575
vt 0.917007 0.455800
vt 0.920507 0.452010
vt 0.910232 0.469355
vt 0.902062 0.469584
vt 0.904170 0.464700
vt 0.905223 0.467102
vt 0.904051 0.456723
vt 0.916809 0.454030
vt 0.909131 0.452693
vt 0.930036 0.446787
vt 0.917726 0.443693
vt 0.927536 0.443816
vt 0.915155 0.447144
vt 0.919811 0.442387
vt 0.911320 0.440218
vt 0.891131 0.493077
vt 0.879546 0.490737
vt 0.897130 0.489273
vt 0.881418 0.485509
vt 0.882502 0.480838
vt 0.863923 0.488694
vt 0.875090 0.484194
vt 0.865096 0.483685
vt 0.875747 0.480357
vt 0.869159 0.478683
vt 0.853031 0.477445
vt 0.850251 0.481424
vt 0.896202 0.476726
vt 0.898819 0.466764
vt 0.899719 0.450357
vt 0.883294 0.475159
vt 0.882659 0.468618
vt 0.888563 0.467107
vt 0.890855 0.461215
vt 0.893716 0.451251
vt 0.889027 0.463916
vt 0.878377 0.462348
vt 0.880479 0.460178
vt 0.887847 0.445167
vt 0.884030 0.454407
vt 0.880046 0.447391
vt 0.881488 0.444782
vt 0.855855 0.472104
vt 0.850725 0.461646
vt 0.859066 0.463567
vt 0.873174 0.471092
vt 0.871118 0.467091
vt 0.868678 0.459664
vt 0.862598 0.460605
vt 0.868702 0.456743
vt 0.867525 0.453142
vt 0.878664 0.440106
vt 0.861221 0.441227
vt 0.871033 0.442066
vt 0.850616 0.456886
vt 0.859515 0.455988
vt 0.860302 0.453090
vt 0.844738 0.452091
vt 0.863480 0.438455
vt 0.956013 0.438133
vt 0.897704 0.435903
vt 0.905476 0.439403
vt 0.897481 0.437996
vt 0.891073 0.435317
vt 0.888400 0.431818
vt 0.896002 0.431276
vt 0.887667 0.435682
vt 0.888479 0.440372
vt 0.878306 0.436792
vt 0.880249 0.432316
vt 0.871971 0.429065
vt 0.884684 0.429282
vt 0.879302 0.429256
vt 0.869630 0.425603
vt 0.848183 0.445689
vt 0.844983 0.449576
vt 0.869686 0.435246
vt 0.865957 0.433517
vt 0.858109 0.433092
vt 0.860708 0.426248
vt 0.856439 0.430507
vt 0.860769 0.423171
vt 0.872153 0.417039
vt 0.858417 0.412773
vt 0.864439 0.408611
vt 0.904663 0.544070
vt 0.894267 0.540958
vt 0.879680 0.540264
vt 0.873223 0.532505
vt 0.895832 0.532187
vt 0.884439 0.531361
vt 0.870958 0.526468
vt 0.849488 0.529585
vt 0.849214 0.537067
vt 0.956660 0.424644
vt 0.970121 0.413023
vt 0.989287 0.388966
vt 0.272234 0.017397
vt 0.958806 0.403771
vt 0.975806 0.390608
vt 0.967133 0.384135
vt 0.944550 0.436469
vt 0.922323 0.433676
vt 0.918410 0.438800
vt 0.912117 0.448574
vt 0.903603 0.449388
vt 0.900045 0.444319
vt 0.891333 0.443754
vt 0.931457 0.433427
vt 0.938788 0.424477
vt 0.948156 0.414086
vt 0.934418 0.414312
vt 0.917934 0.428409
vt 0.907409 0.428360
vt 0.924899 0.406000
vt 0.909250 0.403365
vt 0.943123 0.397383
vt 0.958781 0.382345
vt 0.944501 0.375690
vt 0.925864 0.372334
vt 0.909876 0.381833
vt 0.902908 0.435065
vt 0.895293 0.415418
vt 0.896141 0.424101
vt 0.889699 0.422863
vt 0.889474 0.427940
vt 0.884437 0.419058
vt 0.879154 0.423364
vt 0.876340 0.415079
vt 0.894426 0.400109
vt 0.881032 0.401109
vt 0.889204 0.389707
vt 0.894980 0.371995
vt 0.877453 0.387586
vt 0.862132 0.383457
vt 0.404457 0.116222
vt 0.403588 0.130402
vt 0.393195 0.106772
vt 0.377309 0.101061
vt 0.381548 0.094386
vt 0.417056 0.120485
vt 0.421062 0.128441
vt 0.405524 0.110001
vt 0.422528 0.117861
vt 0.429996 0.123719
vt 0.410948 0.108853
vt 0.420811 0.113965
vt 0.397561 0.100298
vt 0.400485 0.099723
vt 0.391346 0.097670
vt 0.393089 0.093871
vt 0.368718 0.084651
vt 0.375685 0.084819
vt 0.369821 0.079701
vt 0.388383 0.091813
vt 0.384585 0.088818
vt 0.378202 0.083621
vt 0.416629 0.166521
vt 0.430747 0.171341
vt 0.408596 0.158719
vt 0.421444 0.145175
vt 0.438799 0.146819
vt 0.445570 0.158180
vt 0.462285 0.152976
vt 0.449693 0.145253
vt 0.456422 0.146561
vt 0.435201 0.133226
vt 0.444315 0.136339
vt 0.457835 0.140715
vt 0.470537 0.150385
vt 0.471165 0.146330
vt 0.769711 0.081202
vt 0.785605 0.079281
vt 0.457852 0.137338
vt 0.448198 0.132681
vt 0.758356 0.084490
vt 0.481493 0.152275
vt 0.354981 0.082695
vt 0.351006 0.072728
vt 0.342773 0.065903
vt 0.361123 0.075511
vt 0.356590 0.068951
vt 0.348293 0.063056
vt 0.374485 0.079592
vt 0.335746 0.061892
vt 0.340299 0.059343
vt 0.327806 0.051247
vt 0.346198 0.058207
vt 0.341986 0.056786
vt 0.333869 0.051315
vt 0.323670 0.043898
vt 0.316622 0.044687
vt 0.313446 0.037784
vt 0.302731 0.031778
vt 0.292871 0.026901
vt 0.664003 0.240507
vt 0.668795 0.242075
vt 0.931519 0.201720
vt 0.288714 0.017707
vt 0.282412 0.015359
vt 0.933837 0.208046
vt 0.989257 0.378509
vt 0.931867 0.217520
vt 0.275489 0.010414
vt 0.934264 0.216589
vt 0.989579 0.381117
vt 0.981646 0.382783
vt 0.976829 0.377772
vt 0.966702 0.375928
vt 0.972174 0.373592
vt 0.981077 0.375269
vt 0.959814 0.370496
vt 0.955201 0.373011
vt 0.943700 0.364064
vt 0.949026 0.368551
vt 0.937544 0.365388
vt 0.933385 0.371257
vt 0.923545 0.361926
vt 0.932378 0.361090
vt 0.910825 0.359953
vt 0.924860 0.357014
vt 0.914651 0.355957
vt 0.899924 0.358313
vt 0.889786 0.356819
vt 0.902394 0.351066
vt 0.891157 0.349287
vt 0.882293 0.371020
vt 0.875799 0.362291
vt 0.877397 0.344872
vt 0.865539 0.359625
vt 0.866112 0.343904
vt 0.911439 0.351453
vt 0.901231 0.346834
vt 0.891889 0.344346
vt 0.876495 0.335256
vt 0.865602 0.337992
vt 0.855093 0.342383
vt 0.231793 0.302874
vt 0.234918 0.293289
vt 0.226313 0.283550
vt 0.243617 0.284241
vt 0.263734 0.280034
vt 0.271448 0.271522
vt 0.237503 0.271273
vt 0.256404 0.261742
vt 0.226387 0.274666
vt 0.218316 0.275141
vt 0.225970 0.248589
vt 0.238170 0.244042
vt 0.282054 0.280930
vt 0.169972 0.206260
vt 0.984941 0.608028
vt 0.162547 0.190868
vt 0.968574 0.613016
vt 0.975706 0.612201
vt 0.974925 0.597287
vt 0.968381 0.595075
vt 0.531545 0.374780
vt 0.538069 0.372366
vt 0.546952 0.371823
vt 0.552736 0.365616
vt 0.418038 0.517176
vt 0.407634 0.509906
vt 0.420698 0.525706
vt 0.417284 0.506943
vt 0.425027 0.512164
vt 0.424447 0.517652
vt 0.428059 0.499739
vt 0.431675 0.530114
vt 0.433580 0.538777
vt 0.442193 0.530899
vt 0.434394 0.522806
vt 0.438969 0.511731
vt 0.450821 0.528778
vt 0.440118 0.479863
vt 0.439833 0.492159
vt 0.434144 0.495462
vt 0.441025 0.501288
vt 0.445533 0.510244
vt 0.450434 0.517188
vt 0.454523 0.525189
vt 0.451769 0.512047
vt 0.459724 0.522172
vt 0.450709 0.498043
vt 0.461594 0.508906
vt 0.471718 0.518168
vt 0.454742 0.547216
vt 0.460287 0.537929
vt 0.473973 0.533513
vt 0.482857 0.565286
vt 0.481698 0.540409
vt 0.493603 0.548687
vt 0.500820 0.559727
vt 0.480332 0.519768
vt 0.506438 0.562315
vt 0.508406 0.545324
vt 0.505123 0.533208
vt 0.495271 0.530143
vt 0.504971 0.522999
vt 0.515725 0.539804
vt 0.457883 0.490137
vt 0.452049 0.481852
vt 0.472873 0.471641
vt 0.461397 0.459155
vt 0.469750 0.498082
vt 0.469177 0.489076
vt 0.481466 0.477879
vt 0.481848 0.495687
vt 0.470132 0.454560
vt 0.470021 0.444645
vt 0.476451 0.451581
vt 0.488229 0.466978
vt 0.490589 0.453783
vt 0.500062 0.472564
vt 0.493073 0.500821
vt 0.502567 0.505257
vt 0.506847 0.514139
vt 0.521833 0.523384
vt 0.516187 0.529797
vt 0.522995 0.480408
vt 0.505359 0.467204
vt 0.514073 0.477735
vt 0.524781 0.537714
vt 0.529460 0.526470
vt 0.548286 0.510353
vt 0.533570 0.500745
vt 0.535054 0.475772
vt 0.550622 0.493252
vt 0.502109 0.578656
vt 0.515995 0.555227
vt 0.542472 0.594826
vt 0.556734 0.586769
vt 0.563059 0.590184
vt 0.567096 0.595743
vt 0.553417 0.573851
vt 0.550270 0.582898
vt 0.535560 0.575967
vt 0.548491 0.588738
vt 0.561357 0.584909
vt 0.527034 0.559554
vt 0.520864 0.573325
vt 0.538511 0.554237
vt 0.521025 0.543699
vt 0.527924 0.547317
vt 0.543297 0.538370
vt 0.554952 0.557410
vt 0.548025 0.561800
vt 0.562475 0.565704
vt 0.565360 0.577105
vt 0.572115 0.563091
vt 0.563625 0.554886
vt 0.553962 0.541279
vt 0.575961 0.551579
vt 0.579808 0.602784
vt 0.580766 0.589273
vt 0.568365 0.585998
vt 0.571407 0.581570
vt 0.578653 0.580279
vt 0.591668 0.578299
vt 0.595793 0.593055
vt 0.601733 0.585487
vt 0.600285 0.594194
vt 0.605005 0.594177
vt 0.613715 0.580714
vt 0.617696 0.592479
vt 0.570615 0.568425
vt 0.581163 0.569478
vt 0.596793 0.568419
vt 0.599725 0.546776
vt 0.605335 0.575620
vt 0.600187 0.560078
vt 0.615108 0.548365
vt 0.585732 0.600365
vt 0.592349 0.605312
vt 0.593586 0.598935
vt 0.605599 0.602704
vt 0.569929 0.531955
vt 0.569797 0.504504
vt 0.560760 0.492604
vt 0.591723 0.513848
vt 0.603823 0.529771
vt 0.582875 0.496204
vt 0.620328 0.525051
vt 0.618256 0.508753
vt 0.480569 0.439234
vt 0.496520 0.432617
vt 0.507667 0.460821
vt 0.503653 0.446935
vt 0.508546 0.450922
vt 0.521392 0.451709
vt 0.513314 0.446817
vt 0.511133 0.436804
vt 0.508239 0.426313
vt 0.520709 0.462390
vt 0.504100 0.402467
vt 0.512851 0.396588
vt 0.509005 0.402814
vt 0.514248 0.406775
vt 0.523317 0.435654
vt 0.524733 0.431385
vt 0.533753 0.443906
vt 0.537809 0.453609
vt 0.547159 0.483394
vt 0.551287 0.467118
vt 0.563130 0.475078
vt 0.569197 0.487636
vt 0.586892 0.475400
vt 0.540015 0.440178
vt 0.555678 0.457825
vt 0.551724 0.446506
vt 0.561268 0.453585
vt 0.559653 0.466363
vt 0.567876 0.462216
vt 0.578174 0.462385
vt 0.570813 0.455447
vt 0.574673 0.453347
vt 0.584865 0.463995
vt 0.587460 0.448293
vt 0.524620 0.389821
vt 0.528485 0.412231
vt 0.533818 0.393423
vt 0.545258 0.400966
vt 0.538813 0.413418
vt 0.543572 0.413727
vt 0.558397 0.408099
vt 0.546668 0.419495
vt 0.523840 0.378831
vt 0.533858 0.384043
vt 0.543696 0.392574
vt 0.542024 0.380817
vt 0.562222 0.363113
vt 0.551317 0.380151
vt 0.558324 0.377017
vt 0.567783 0.374688
vt 0.550232 0.387697
vt 0.552932 0.394459
vt 0.559444 0.400834
vt 0.559072 0.392467
vt 0.561336 0.385467
vt 0.567663 0.382173
vt 0.568668 0.397770
vt 0.572020 0.390698
vt 0.579284 0.395135
vt 0.581145 0.385617
vt 0.592059 0.379562
vt 0.573033 0.369561
vt 0.593823 0.390369
vt 0.600940 0.375153
vt 0.619450 0.382725
vt 0.561173 0.425974
vt 0.574900 0.416847
vt 0.574174 0.427785
vt 0.585860 0.435470
vt 0.576007 0.440502
vt 0.567110 0.407416
vt 0.577370 0.410342
vt 0.584463 0.404201
vt 0.590397 0.424084
vt 0.599522 0.433726
vt 0.588284 0.445282
vt 0.603594 0.451699
vt 0.605652 0.446303
vt 0.610800 0.434045
vt 0.619381 0.440969
vt 0.601059 0.425188
vt 0.614276 0.431219
vt 0.631023 0.438741
vt 0.588985 0.413473
vt 0.590853 0.398068
vt 0.607559 0.394676
vt 0.600865 0.398373
vt 0.595489 0.409316
vt 0.595740 0.415372
vt 0.604870 0.409727
vt 0.626480 0.404718
vt 0.633607 0.392779
vt 0.615642 0.405339
vt 0.604854 0.419241
vt 0.613709 0.420549
vt 0.616053 0.413833
vt 0.623239 0.422602
vt 0.634350 0.426163
vt 0.629395 0.414239
vt 0.623375 0.429076
vt 0.633154 0.430822
vt 0.595988 0.489996
vt 0.604245 0.499888
vt 0.604988 0.480932
vt 0.609073 0.491628
vt 0.617173 0.497666
vt 0.624135 0.502772
vt 0.618161 0.487875
vt 0.625555 0.490860
vt 0.592492 0.469101
vt 0.600716 0.470008
vt 0.593781 0.462358
vt 0.619781 0.451682
vt 0.628729 0.459436
vt 0.619029 0.460507
vt 0.632267 0.448324
vt 0.579854 0.354258
vt 0.576106 0.344271
vt 0.583843 0.342258
vt 0.580498 0.350202
vt 0.577094 0.359825
vt 0.589832 0.363272
vt 0.589371 0.354180
vt 0.594005 0.341586
vt 0.594468 0.338523
vt 0.593461 0.346625
vt 0.611279 0.360504
vt 0.615358 0.354695
vt 0.595889 0.336442
vt 0.608209 0.332591
vt 0.604983 0.343022
vt 0.612754 0.350643
vt 0.615750 0.349771
vt 0.593140 0.367837
vt 0.596097 0.362603
vt 0.606322 0.371102
vt 0.602654 0.362569
vt 0.613239 0.368537
vt 0.623916 0.379188
vt 0.628403 0.375574
vt 0.625550 0.364803
vt 0.627066 0.360787
vt 0.621881 0.355168
vt 0.591543 0.318620
vt 0.597772 0.324825
vt 0.596945 0.315832
vt 0.601837 0.322326
vt 0.605147 0.320340
vt 0.607182 0.327782
vt 0.600272 0.311677
vt 0.606086 0.311588
vt 0.606201 0.306687
vt 0.608826 0.302975
vt 0.607962 0.316150
vt 0.617483 0.327086
vt 0.612773 0.315504
vt 0.618949 0.321940
vt 0.621042 0.320038
vt 0.620282 0.310768
vt 0.619334 0.337107
vt 0.616916 0.333507
vt 0.612645 0.327111
vt 0.620320 0.332435
vt 0.624923 0.342147
vt 0.630789 0.336752
vt 0.626773 0.339994
vt 0.629244 0.352296
vt 0.628903 0.344493
vt 0.636402 0.346106
vt 0.638834 0.350831
vt 0.637921 0.343227
vt 0.633995 0.332307
vt 0.640866 0.337639
vt 0.626826 0.328188
vt 0.626243 0.315521
vt 0.628819 0.326916
vt 0.632871 0.317101
vt 0.639472 0.333590
vt 0.641582 0.323788
vt 0.606833 0.297354
vt 0.615581 0.300813
vt 0.628039 0.310252
vt 0.627997 0.292094
vt 0.631859 0.278334
vt 0.637558 0.295530
vt 0.627526 0.312477
vt 0.643553 0.320211
vt 0.650614 0.303878
vt 0.656458 0.266412
vt 0.659527 0.248746
vt 0.503606 0.415953
vt 0.507087 0.412197
vt 0.512426 0.420252
vt 0.539779 0.429030
vt 0.549727 0.431889
vt 0.560387 0.441589
vt 0.570028 0.444933
vt 0.541123 0.419660
vt 0.533807 0.420677
vt 0.566687 0.438243
vt 0.610213 0.458848
vt 0.615943 0.477035
vt 0.614821 0.470568
vt 0.625131 0.467674
vt 0.735591 0.289345
vt 0.772504 0.313417
vt 0.759677 0.314284
vt 0.737807 0.302761
vt 0.770079 0.316303
vt 0.790220 0.319715
vt 0.783315 0.322840
vt 0.825541 0.322555
vt 0.811588 0.326272
vt 0.841797 0.327777
vt 0.849475 0.328574
vt 0.821734 0.328794
vt 0.834530 0.331126
vt 0.833524 0.334662
vt 0.828198 0.332985
vt 0.804643 0.323883
vt 0.798761 0.322996
vt 0.801253 0.327901
vt 0.794122 0.324321
vt 0.819925 0.331615
vt 0.748748 0.312898
vt 0.699584 0.269760
vt 0.692205 0.268175
vt 0.680220 0.261570
vt 0.711676 0.283867
vt 0.697171 0.275277
vt 0.721273 0.290831
vt 0.715693 0.291034
vt 0.724799 0.294487
vt 0.726841 0.300004
vt 0.732537 0.304145
vt 0.833834 0.605252
vt 0.844493 0.593240
vt 0.836530 0.596104
vt 0.831578 0.592666
vt 0.824172 0.594963
vt 0.815957 0.600318
vt 0.803235 0.593333
vt 0.811338 0.588438
vt 0.829083 0.576579
vt 0.842111 0.580062
vt 0.833669 0.580580
vt 0.840724 0.568284
vt 0.834100 0.568994
vt 0.816906 0.573407
vt 0.824275 0.554400
vt 0.766797 0.605179
vt 0.776089 0.603974
vt 0.776291 0.593621
vt 0.746541 0.577579
vt 0.748480 0.591902
vt 0.744280 0.583422
vt 0.788708 0.560957
vt 0.786366 0.584481
vt 0.772943 0.576078
vt 0.849741 0.551593
vt 0.840185 0.550791
vt 0.824362 0.538004
vt 0.836570 0.531766
vt 0.817326 0.542653
vt 0.838852 0.521589
vt 0.828448 0.524321
vt 0.844101 0.514980
vt 0.846414 0.508070
vt 0.818957 0.527041
vt 0.808798 0.534719
vt 0.831994 0.513229
vt 0.823473 0.518425
vt 0.822926 0.507684
vt 0.810271 0.517916
vt 0.804770 0.522206
vt 0.813545 0.511984
vt 0.765667 0.518005
vt 0.762929 0.522575
vt 0.756117 0.520374
vt 0.797265 0.560941
vt 0.799428 0.548754
vt 0.816275 0.559750
vt 0.794276 0.531133
vt 0.796701 0.536113
vt 0.784825 0.539754
vt 0.782335 0.533738
vt 0.783435 0.524691
vt 0.794106 0.516450
vt 0.771703 0.528448
vt 0.781480 0.513430
vt 0.624890 0.569066
vt 0.637209 0.575286
vt 0.635797 0.592930
vt 0.634467 0.551361
vt 0.646283 0.564042
vt 0.642784 0.577622
vt 0.650203 0.574284
vt 0.658526 0.564586
vt 0.662996 0.572105
vt 0.698480 0.604783
vt 0.648630 0.554917
vt 0.632164 0.532016
vt 0.662339 0.550936
vt 0.649641 0.538814
vt 0.637200 0.530290
vt 0.632951 0.515175
vt 0.636725 0.522816
vt 0.647879 0.517311
vt 0.637984 0.514607
vt 0.657163 0.531339
vt 0.665645 0.522522
vt 0.667915 0.531243
vt 0.662860 0.517374
vt 0.722173 0.602122
vt 0.730305 0.600936
vt 0.717580 0.601843
vt 0.718970 0.581219
vt 0.705238 0.599057
vt 0.714339 0.595779
vt 0.739676 0.594687
vt 0.736344 0.577441
vt 0.635081 0.388330
vt 0.646282 0.392718
vt 0.649423 0.399915
vt 0.637815 0.383673
vt 0.647870 0.387194
vt 0.655838 0.410881
vt 0.643863 0.404963
vt 0.663157 0.401778
vt 0.679322 0.408825
vt 0.681931 0.415547
vt 0.671319 0.411482
vt 0.665575 0.397441
vt 0.658329 0.387771
vt 0.661633 0.406980
vt 0.667211 0.405728
vt 0.663242 0.414342
vt 0.669224 0.402102
vt 0.673549 0.406617
vt 0.675568 0.400747
vt 0.675101 0.396964
vt 0.640691 0.438093
vt 0.639989 0.416641
vt 0.646948 0.427357
vt 0.650541 0.435750
vt 0.651404 0.414196
vt 0.652661 0.423521
vt 0.668041 0.421561
vt 0.657402 0.417111
vt 0.680846 0.419900
vt 0.662685 0.437550
vt 0.672178 0.435173
vt 0.677652 0.441907
vt 0.676791 0.428293
vt 0.716185 0.427904
vt 0.724621 0.437093
vt 0.710468 0.429116
vt 0.729676 0.432905
vt 0.701706 0.434369
vt 0.696033 0.443001
vt 0.688572 0.437765
vt 0.693184 0.451110
vt 0.722027 0.460915
vt 0.712960 0.464984
vt 0.714181 0.455200
vt 0.713703 0.439863
vt 0.722494 0.452724
vt 0.696329 0.456933
vt 0.696314 0.417913
vt 0.691301 0.423197
vt 0.686226 0.408092
vt 0.702861 0.425837
vt 0.704022 0.419867
vt 0.697232 0.410856
vt 0.688872 0.403523
vt 0.695697 0.400464
vt 0.707490 0.415491
vt 0.701899 0.401275
vt 0.708857 0.408340
vt 0.716225 0.421764
vt 0.728053 0.426945
vt 0.731575 0.422721
vt 0.740129 0.430130
vt 0.720439 0.413667
vt 0.716327 0.408064
vt 0.722216 0.411934
vt 0.717960 0.406106
vt 0.731517 0.414871
vt 0.733677 0.417410
vt 0.737321 0.420502
vt 0.736906 0.414947
vt 0.737038 0.412591
vt 0.732560 0.400550
vt 0.737607 0.404690
vt 0.723966 0.399817
vt 0.800027 0.454888
vt 0.794775 0.461204
vt 0.791274 0.456601
vt 0.785704 0.455591
vt 0.846480 0.500775
vt 0.845954 0.491807
vt 0.835489 0.502825
vt 0.830290 0.492199
vt 0.798074 0.490894
vt 0.813699 0.489598
vt 0.802877 0.497550
vt 0.821344 0.497606
vt 0.807775 0.503161
vt 0.812482 0.481744
vt 0.838040 0.475535
vt 0.839296 0.470012
vt 0.840267 0.461978
vt 0.827956 0.472317
vt 0.831401 0.469350
vt 0.829818 0.462301
vt 0.836503 0.452183
vt 0.831901 0.453788
vt 0.820954 0.462716
vt 0.820876 0.454956
vt 0.817161 0.469623
vt 0.805903 0.469836
vt 0.800799 0.482080
vt 0.792679 0.472537
vt 0.812729 0.461452
vt 0.807240 0.462800
vt 0.811534 0.455481
vt 0.755639 0.512829
vt 0.765173 0.507932
vt 0.746490 0.516518
vt 0.742147 0.501201
vt 0.756662 0.501683
vt 0.768963 0.494021
vt 0.765271 0.500174
vt 0.754844 0.493829
vt 0.738058 0.491236
vt 0.774472 0.460814
vt 0.787173 0.476563
vt 0.777424 0.456191
vt 0.771054 0.464577
vt 0.758814 0.462802
vt 0.773118 0.478189
vt 0.755290 0.470838
vt 0.734510 0.469167
vt 0.736077 0.476935
vt 0.722394 0.470913
vt 0.750850 0.478355
vt 0.743677 0.485497
vt 0.731406 0.483325
vt 0.763097 0.479754
vt 0.754333 0.487474
vt 0.763299 0.485995
vt 0.775070 0.486333
vt 0.772931 0.490869
vt 0.801346 0.507712
vt 0.789268 0.505978
vt 0.791382 0.499194
vt 0.780262 0.496777
vt 0.775872 0.502222
vt 0.785152 0.487139
vt 0.790280 0.443626
vt 0.800736 0.447668
vt 0.786560 0.449733
vt 0.778309 0.453232
vt 0.780288 0.448085
vt 0.775235 0.438378
vt 0.793954 0.438563
vt 0.785185 0.434873
vt 0.769995 0.432291
vt 0.796675 0.437550
vt 0.791649 0.434470
vt 0.800680 0.436626
vt 0.799533 0.428164
vt 0.780557 0.431952
vt 0.783992 0.431543
vt 0.784056 0.427034
vt 0.795756 0.423973
vt 0.835405 0.448604
vt 0.828715 0.447467
vt 0.815751 0.447787
vt 0.832127 0.445022
vt 0.818587 0.444441
vt 0.821530 0.441903
vt 0.848717 0.437198
vt 0.853646 0.436914
vt 0.851977 0.434620
vt 0.844510 0.434251
vt 0.849108 0.430696
vt 0.836298 0.425479
vt 0.841095 0.436536
vt 0.833771 0.433900
vt 0.834721 0.430714
vt 0.839568 0.429684
vt 0.843147 0.417988
vt 0.852387 0.422945
vt 0.844649 0.420743
vt 0.850202 0.424105
vt 0.846628 0.410427
vt 0.849295 0.407523
vt 0.838258 0.420903
vt 0.832961 0.417203
vt 0.827386 0.417764
vt 0.807651 0.442214
vt 0.812474 0.440081
vt 0.804208 0.439295
vt 0.812710 0.437164
vt 0.820876 0.430982
vt 0.828187 0.433682
vt 0.813384 0.428274
vt 0.826961 0.429252
vt 0.822464 0.427963
vt 0.816717 0.427013
vt 0.813387 0.422400
vt 0.825543 0.425364
vt 0.816391 0.420342
vt 0.803947 0.424395
vt 0.808855 0.424503
vt 0.802894 0.419663
vt 0.797248 0.422195
vt 0.853837 0.400350
vt 0.831448 0.406376
vt 0.840930 0.407156
vt 0.841874 0.393896
vt 0.839203 0.400811
vt 0.852588 0.384879
vt 0.836736 0.381097
vt 0.831740 0.392743
vt 0.819607 0.414791
vt 0.818833 0.416564
vt 0.819056 0.410993
vt 0.812154 0.412262
vt 0.792467 0.418731
vt 0.805629 0.417124
vt 0.799365 0.416431
vt 0.800787 0.408834
vt 0.806245 0.412017
vt 0.804554 0.413138
vt 0.796957 0.410168
vt 0.810805 0.413905
vt 0.819041 0.402741
vt 0.809127 0.405324
vt 0.813183 0.400299
vt 0.824713 0.401631
vt 0.797835 0.402872
vt 0.799267 0.397921
vt 0.821175 0.392028
vt 0.806784 0.395470
vt 0.755888 0.444230
vt 0.766448 0.443726
vt 0.763705 0.451203
vt 0.749097 0.445516
vt 0.753462 0.455792
vt 0.741219 0.443653
vt 0.754495 0.431067
vt 0.753757 0.438530
vt 0.765203 0.435228
vt 0.743537 0.438466
vt 0.771970 0.449377
vt 0.737275 0.463070
vt 0.737003 0.454367
vt 0.747435 0.425171
vt 0.745079 0.420333
vt 0.760646 0.426164
vt 0.755804 0.423437
vt 0.751255 0.419542
vt 0.768868 0.424614
vt 0.750482 0.409145
vt 0.742547 0.404451
vt 0.745672 0.403275
vt 0.748925 0.406064
vt 0.759291 0.411355
vt 0.756983 0.408381
vt 0.751501 0.402619
vt 0.762738 0.405252
vt 0.753817 0.401200
vt 0.767300 0.427583
vt 0.772573 0.428897
vt 0.775080 0.419861
vt 0.788020 0.420456
vt 0.783268 0.417881
vt 0.772221 0.415231
vt 0.773943 0.413847
vt 0.782949 0.414326
vt 0.779624 0.411251
vt 0.791291 0.414410
vt 0.765212 0.410796
vt 0.776700 0.404252
vt 0.772290 0.408079
vt 0.770864 0.402494
vt 0.765710 0.398769
vt 0.775478 0.401564
vt 0.779666 0.398125
vt 0.789102 0.405264
vt 0.786646 0.406741
vt 0.779543 0.403924
vt 0.785245 0.401328
vt 0.770039 0.409569
vt 0.763277 0.399888
vt 0.738511 0.401674
vt 0.740541 0.399769
vt 0.792203 0.393750
vt 0.785535 0.394227
vt 0.633337 0.501463
vt 0.637399 0.491799
vt 0.654825 0.498823
vt 0.646645 0.505317
vt 0.653903 0.509341
vt 0.668321 0.517358
vt 0.666341 0.504988
vt 0.675043 0.510928
vt 0.684849 0.514368
vt 0.673695 0.520452
vt 0.695967 0.488686
vt 0.689225 0.497365
vt 0.679179 0.484603
vt 0.668861 0.487361
vt 0.666220 0.476931
vt 0.680033 0.468662
vt 0.695772 0.477083
vt 0.688022 0.467202
vt 0.706569 0.492250
vt 0.709566 0.501073
vt 0.709110 0.484374
vt 0.716141 0.499233
vt 0.705595 0.477364
vt 0.702663 0.468959
vt 0.719886 0.477576
vt 0.725815 0.489996
vt 0.714015 0.472970
vt 0.633800 0.464939
vt 0.641350 0.471354
vt 0.650575 0.457103
vt 0.654033 0.478967
vt 0.643083 0.448309
vt 0.651382 0.443134
vt 0.651106 0.451347
vt 0.665099 0.464028
vt 0.660080 0.454036
vt 0.669163 0.458896
vt 0.668186 0.451203
vt 0.675570 0.455638
vt 0.676012 0.448207
vt 0.690473 0.459695
vt 0.722645 0.506223
vt 0.633447 0.373386
vt 0.638042 0.369248
vt 0.628060 0.358983
vt 0.637442 0.364273
vt 0.643206 0.364870
vt 0.649477 0.373277
vt 0.643533 0.343820
vt 0.653368 0.345182
vt 0.645208 0.338835
vt 0.649786 0.340323
vt 0.647878 0.334799
vt 0.648478 0.326941
vt 0.655437 0.333049
vt 0.647159 0.377315
vt 0.649043 0.362459
vt 0.643855 0.356109
vt 0.650945 0.357741
vt 0.665527 0.379102
vt 0.661960 0.365539
vt 0.659606 0.362181
vt 0.657420 0.380751
vt 0.668080 0.386915
vt 0.663712 0.381404
vt 0.680363 0.392321
vt 0.679105 0.388495
vt 0.682464 0.381332
vt 0.673509 0.369704
vt 0.668810 0.363819
vt 0.674319 0.373023
vt 0.685398 0.372633
vt 0.672151 0.363189
vt 0.683769 0.376911
vt 0.686982 0.376118
vt 0.680229 0.367101
vt 0.694635 0.375373
vt 0.642438 0.349405
vt 0.645184 0.353231
vt 0.646566 0.349102
vt 0.651335 0.355732
vt 0.652651 0.351054
vt 0.656649 0.358360
vt 0.660687 0.354704
vt 0.657377 0.345381
vt 0.662780 0.350058
vt 0.666779 0.353206
vt 0.664868 0.346839
vt 0.650482 0.325582
vt 0.664036 0.339079
vt 0.661280 0.334247
vt 0.670766 0.352599
vt 0.672413 0.356528
vt 0.682587 0.362864
vt 0.680168 0.359579
vt 0.694751 0.369681
vt 0.687954 0.363496
vt 0.684778 0.360033
vt 0.683743 0.356703
vt 0.694022 0.356581
vt 0.684407 0.351357
vt 0.674667 0.350174
vt 0.673768 0.344377
vt 0.673390 0.341267
vt 0.666523 0.332355
vt 0.680039 0.344793
vt 0.690150 0.351228
vt 0.686900 0.394320
vt 0.691144 0.394070
vt 0.691187 0.381560
vt 0.692467 0.389013
vt 0.704520 0.392383
vt 0.698313 0.386565
vt 0.706108 0.400292
vt 0.705553 0.374851
vt 0.713193 0.378959
vt 0.702253 0.373775
vt 0.696521 0.369164
vt 0.703217 0.371600
vt 0.709590 0.374989
vt 0.713418 0.396019
vt 0.727276 0.385445
vt 0.726835 0.390866
vt 0.720231 0.383003
vt 0.735237 0.389136
vt 0.735014 0.394748
vt 0.733405 0.386707
vt 0.718846 0.380583
vt 0.714248 0.384205
vt 0.722686 0.382549
vt 0.720315 0.379068
vt 0.729722 0.382976
vt 0.735155 0.385504
vt 0.720052 0.369822
vt 0.730436 0.374764
vt 0.703756 0.385531
vt 0.708833 0.391343
vt 0.712558 0.390441
vt 0.696560 0.380385
vt 0.707060 0.383485
vt 0.717195 0.392456
vt 0.715355 0.387448
vt 0.724705 0.392134
vt 0.721028 0.393058
vt 0.720541 0.394919
vt 0.725662 0.397023
vt 0.731534 0.398055
vt 0.697461 0.367416
vt 0.701075 0.360442
vt 0.692418 0.362195
vt 0.700868 0.357758
vt 0.706209 0.368524
vt 0.710469 0.365078
vt 0.702074 0.345675
vt 0.707829 0.347977
vt 0.722919 0.356370
vt 0.728398 0.370307
vt 0.717785 0.365050
vt 0.739553 0.363275
vt 0.739800 0.340329
vt 0.738740 0.374865
vt 0.663476 0.321851
vt 0.666528 0.305833
vt 0.678051 0.305856
vt 0.672088 0.266483
vt 0.673204 0.287912
vt 0.689076 0.289803
vt 0.683669 0.281003
vt 0.689925 0.312763
vt 0.697655 0.299778
vt 0.693916 0.286072
vt 0.707211 0.295597
vt 0.678680 0.330115
vt 0.688163 0.335514
vt 0.705997 0.322807
vt 0.726937 0.328808
vt 0.720620 0.328102
vt 0.707447 0.303652
vt 0.721937 0.309416
vt 0.720542 0.301668
vt 0.738782 0.318523
vt 0.726491 0.309547
vt 0.729901 0.304572
vt 0.739213 0.311085
vt 0.852317 0.365936
vt 0.810754 0.388506
vt 0.799293 0.384279
vt 0.824478 0.375733
vt 0.808456 0.373731
vt 0.801076 0.371594
vt 0.818913 0.341692
vt 0.829185 0.353138
vt 0.842563 0.343517
vt 0.830983 0.341779
vt 0.803903 0.354557
vt 0.792594 0.362335
vt 0.749739 0.393602
vt 0.753721 0.395882
vt 0.742974 0.392601
vt 0.741771 0.397363
vt 0.744255 0.390916
vt 0.754871 0.393292
vt 0.767857 0.395308
vt 0.750695 0.390773
vt 0.741879 0.380308
vt 0.744164 0.387151
vt 0.755888 0.384736
vt 0.749933 0.379362
vt 0.739753 0.377460
vt 0.760610 0.383828
vt 0.763364 0.374534
vt 0.777400 0.392503
vt 0.768625 0.388480
vt 0.774457 0.388961
vt 0.783164 0.391994
vt 0.782938 0.379096
vt 0.753658 0.367472
vt 0.766476 0.361201
vt 0.757298 0.358256
vt 0.751842 0.352766
vt 0.765417 0.350265
vt 0.779932 0.365339
vt 0.777944 0.352065
vt 0.790342 0.346897
vt 0.797957 0.341566
vt 0.770324 0.320453
vt 0.837797 0.336018
vt 0.846759 0.336393
vt 0.845444 0.332457
vt 0.827168 0.336696
vt 0.788885 0.335676
vt 0.806436 0.339268
vt 0.816905 0.334839
vt 0.801507 0.334297
vt 0.811002 0.331357
vt 0.805580 0.330575
vt 0.794586 0.329978
vt 0.787940 0.329280
vt 0.785792 0.326367
vt 0.799875 0.330646
vt 0.760166 0.332735
vt 0.750547 0.325153
vt 0.772106 0.334869
vt 0.781616 0.337774
vt 0.778609 0.328720
vt 0.762168 0.321871
vt 0.752751 0.319804
vt 0.767820 0.325378
vt 0.747969 0.316116
vt 0.753546 0.316532
vt 0.762429 0.318845
vt 0.772746 0.324063
vt 0.767537 0.322129
vt 0.666856 0.258555
vt 0.668603 0.250484
vt 0.677170 0.261556
vt 0.686068 0.272318
vt 0.685900 0.269618
vt 0.689857 0.277866
vt 0.692024 0.274554
vt 0.697789 0.282842
vt 0.704040 0.284542
vt 0.708716 0.291992
vt 0.712893 0.290984
vt 0.718289 0.297243
vt 0.720480 0.296762
vt 0.797479 0.572723
vt 0.759110 0.597093
vt 0.759334 0.583957
vt 0.772984 0.583146
vt 0.753015 0.566473
vt 0.742172 0.567195
vt 0.759746 0.561368
vt 0.788060 0.600072
vt 0.793012 0.587760
vt 0.775745 0.558518
vt 0.752636 0.557354
vt 0.746384 0.547731
vt 0.767201 0.545593
vt 0.751121 0.540188
vt 0.761335 0.534527
vt 0.741488 0.525336
vt 0.774158 0.545907
vt 0.652987 0.608099
vt 0.661447 0.602267
vt 0.647043 0.592013
vt 0.650723 0.586721
vt 0.667446 0.584891
vt 0.701096 0.585633
vt 0.689024 0.604317
vt 0.674398 0.605012
vt 0.669226 0.593598
vt 0.680335 0.583901
vt 0.691994 0.591934
vt 0.712569 0.585417
vt 0.709203 0.576963
vt 0.705641 0.568310
vt 0.672195 0.580243
vt 0.679374 0.565993
vt 0.678651 0.552313
vt 0.692208 0.573049
vt 0.709507 0.555223
vt 0.699309 0.542557
vt 0.709291 0.535395
vt 0.694160 0.556870
vt 0.687968 0.533204
vt 0.696492 0.528757
vt 0.692539 0.515115
vt 0.700062 0.519623
vt 0.713216 0.523820
vt 0.707626 0.514051
vt 0.670633 0.537919
vt 0.676731 0.527351
vt 0.729342 0.582420
vt 0.725613 0.573593
vt 0.728211 0.561302
vt 0.738088 0.557911
vt 0.728542 0.554171
vt 0.719449 0.554163
vt 0.735275 0.538592
vt 0.726830 0.544667
vt 0.719088 0.543733
vt 0.725269 0.532975
vt 0.725659 0.521389
vt 0.631664 0.479308
vt 0.641827 0.485984
vt 0.697541 0.506202
vt 0.679821 0.493968
usemtl mat
f 1/1 2/2 3/3
f 4/4 5/5 2/2
f 5/5 4/4 6/6
f 7/7 5/5 6/6
f 3/3 2/2 5/5
f 8/8 9/9 1/1
f 10/10 8/8 3/3
f 1/1 3/3 8/8
f 9/9 8/8 11/11
f 9/9 11/11 12/12
f 3/3 5/5 10/10
f 13/13 10/10 5/5
f 10/10 14/14 8/8
f 14/14 11/11 8/8
f 15/15 7/7 6/6
f 16/16 7/7 15/15
f 17/17 16/16 15/15
f 18/18 19/19 20/20
f 13/13 5/5 7/7
f 19/19 13/13 7/7
f 20/20 7/7 16/16
f 20/20 16/16 17/17
f 20/20 19/19 7/7
f 21/21 17/17 22/22
f 23/23 22/22 24/24
f 21/21 20/20 17/17
f 18/18 20/20 21/21
f 25/25 13/13 19/19
f 25/25 10/10 13/13
f 10/10 25/25 26/26
f 26/26 14/14 10/10
f 27/27 25/25 19/19
f 28/28 26/26 25/25
f 18/18 27/27 19/19
f 29/29 28/28 25/25
f 29/29 25/25 27/27
f 30/30 27/27 18/18
f 30/30 29/29 27/27
f 32/32 33/33 34/34
f 35/35 31/31 36/36
f 35/35 36/36 38/38
f 39/39 35/35 38/38
f 39/39 38/38 40/40
f 41/41 39/39 40/40
f 42/42 43/43 40/40
f 33/33 32/32 44/44
f 46/46 33/33 44/44
f 46/46 44/44 47/47
f 48/48 47/47 49/49
f 51/51 52/52 35/35
f 51/51 35/35 39/39
f 31/31 35/35 52/52
f 52/52 45/45 31/31
f 53/53 45/45 52/52
f 50/50 45/45 53/53
f 51/51 54/54 52/52
f 53/53 52/52 54/54
f 47/47 44/44 49/49
f 55/55 57/57 49/49
f 54/54 58/58 53/53
f 58/58 50/50 53/53
f 56/56 50/50 58/58
f 58/58 59/59 61/61
f 61/61 56/56 58/58
f 57/57 55/55 64/64
f 65/65 54/54 51/51
f 51/51 66/66 65/65
f 51/51 39/39 41/41
f 51/51 41/41 66/66
f 43/43 41/41 40/40
f 67/67 41/41 43/43
f 59/59 54/54 68/68
f 65/65 66/66 69/69
f 41/41 69/69 66/66
f 65/65 68/68 54/54
f 65/65 69/69 68/68
f 58/58 54/54 59/59
f 56/56 61/61 62/62
f 70/70 67/67 43/43
f 71/71 67/67 70/70
f 69/69 41/41 72/72
f 67/67 72/72 41/41
f 67/67 71/71 73/73
f 73/73 71/71 74/74
f 74/74 71/71 75/75
f 76/76 77/77 78/78
f 79/79 80/80 81/81
f 82/82 83/83 76/76
f 82/82 76/76 84/84
f 84/84 76/76 85/85
f 85/85 76/76 78/78
f 84/84 85/85 86/86
f 80/80 83/83 82/82
f 82/82 84/84 87/87
f 81/81 80/80 82/82
f 81/81 82/82 87/87
f 87/87 84/84 88/88
f 88/88 84/84 86/86
f 87/87 88/88 89/89
f 89/89 88/88 86/86
f 90/90 81/81 91/91
f 92/92 90/90 91/91
f 93/93 90/90 92/92
f 92/92 94/94 93/93
f 95/95 92/92 91/91
f 91/91 81/81 87/87
f 89/89 96/96 87/87
f 96/96 97/97 98/98
f 91/91 99/99 95/95
f 96/96 91/91 87/87
f 99/99 91/91 98/98
f 98/98 91/91 96/96
f 92/92 95/95 100/100
f 100/100 95/95 101/101
f 98/98 102/102 99/99
f 95/95 99/99 102/102
f 103/103 104/104 105/105
f 78/78 106/106 107/107
f 78/78 107/107 108/108
f 107/107 109/109 110/110
f 107/107 110/110 108/108
f 108/108 111/111 112/112
f 110/110 111/111 108/108
f 110/110 109/109 113/113
f 113/113 111/111 110/110
f 111/111 113/113 114/114
f 114/114 113/113 115/115
f 116/116 111/111 114/114
f 115/115 116/116 114/114
f 116/116 115/115 117/117
f 78/78 112/112 85/85
f 108/108 112/112 78/78
f 112/112 86/86 85/85
f 116/116 118/118 111/111
f 118/118 112/112 111/111
f 86/86 112/112 118/118
f 118/118 119/119 86/86
f 120/120 86/86 119/119
f 89/89 86/86 120/120
f 121/121 119/119 118/118
f 122/122 119/119 121/121
f 121/121 118/118 116/116
f 123/123 121/121 116/116
f 124/124 121/121 123/123
f 125/125 126/126 115/115
f 115/115 126/126 117/117
f 126/126 127/127 128/128
f 129/129 116/116 117/117
f 117/117 130/130 129/129
f 117/117 126/126 128/128
f 130/130 117/117 128/128
f 130/130 128/128 131/131
f 131/131 132/132 130/130
f 131/131 128/128 133/133
f 133/133 128/128 134/134
f 124/124 123/123 135/135
f 135/135 129/129 130/130
f 135/135 123/123 129/129
f 132/132 131/131 133/133
f 132/132 135/135 130/130
f 136/136 137/137 132/132
f 135/135 132/132 137/137
f 138/138 134/134 128/128
f 132/132 133/133 136/136
f 136/136 133/133 134/134
f 139/139 136/136 134/134
f 139/139 140/140 136/136
f 139/139 134/134 141/141
f 139/139 141/141 142/142
f 97/97 89/89 120/120
f 97/97 120/120 143/143
f 143/143 120/120 119/119
f 119/119 122/122 143/143
f 97/97 96/96 89/89
f 144/144 97/97 143/143
f 144/144 143/143 145/145
f 122/122 121/121 124/124
f 122/122 124/124 146/146
f 124/124 147/147 146/146
f 147/147 148/148 146/146
f 122/122 145/145 143/143
f 145/145 122/122 146/146
f 149/149 145/145 146/146
f 149/149 148/148 150/150
f 150/150 148/148 151/151
f 152/152 153/153 154/154
f 155/155 97/97 144/144
f 155/155 144/144 156/156
f 104/104 155/155 156/156
f 156/156 144/144 157/157
f 157/157 158/158 156/156
f 157/157 145/145 159/159
f 145/145 157/157 144/144
f 153/153 157/157 159/159
f 149/149 159/159 145/145
f 159/159 149/149 150/150
f 159/159 150/150 160/160
f 160/160 150/150 161/161
f 153/153 159/159 160/160
f 161/161 162/162 160/160
f 158/158 157/157 163/163
f 163/163 157/157 153/153
f 154/154 160/160 162/162
f 160/160 154/154 153/153
f 147/147 124/124 135/135
f 147/147 135/135 164/164
f 164/164 135/135 165/165
f 164/164 148/148 147/147
f 151/151 148/148 164/164
f 151/151 164/164 166/166
f 166/166 164/164 167/167
f 164/164 165/165 167/167
f 137/137 136/136 140/140
f 137/137 165/165 135/135
f 168/168 165/165 137/137
f 165/165 168/168 167/167
f 168/168 137/137 140/140
f 169/169 168/168 140/140
f 140/140 139/139 142/142
f 170/170 167/167 169/169
f 166/166 167/167 170/170
f 171/171 170/170 169/169
f 167/167 168/168 169/169
f 169/169 140/140 171/171
f 171/171 140/140 172/172
f 152/152 154/154 173/173
f 161/161 150/150 151/151
f 161/161 151/151 166/166
f 162/162 161/161 173/173
f 161/161 174/174 173/173
f 161/161 166/166 174/174
f 174/174 166/166 175/175
f 162/162 173/173 154/154
f 175/175 166/166 171/171
f 171/171 166/166 170/170
f 175/175 176/176 174/174
f 176/176 175/175 177/177
f 177/177 175/175 171/171
f 178/178 177/177 179/179
f 171/171 179/179 177/177
f 181/181 182/182 184/184
f 185/185 186/186 187/187
f 188/188 189/189 190/190
f 182/182 192/192 184/184
f 189/189 182/182 193/193
f 189/189 192/192 182/182
f 190/190 189/189 193/193
f 187/187 190/190 185/185
f 190/190 193/193 185/185
f 194/194 195/195 191/191
f 194/194 196/196 195/195
f 197/197 195/195 198/198
f 196/196 198/198 195/195
f 183/183 199/199 180/180
f 199/199 183/183 197/197
f 200/200 201/201 199/199
f 191/191 195/195 183/183
f 183/183 195/195 197/197
f 189/189 202/202 192/192
f 200/200 199/199 197/197
f 200/200 197/197 198/198
f 203/203 201/201 200/200
f 201/201 203/203 204/204
f 205/205 207/207 209/209
f 210/210 211/211 208/208
f 206/206 210/210 208/208
f 212/212 207/207 213/213
f 208/208 215/215 214/214
f 216/216 209/209 217/217
f 218/218 209/209 216/216
f 106/106 77/77 219/219
f 77/77 217/217 219/219
f 217/217 209/209 219/219
f 77/77 76/76 217/217
f 106/106 78/78 77/77
f 209/209 207/207 219/219
f 211/211 215/215 208/208
f 215/215 211/211 220/220
f 221/221 222/222 210/210
f 223/223 222/222 221/221
f 222/222 220/220 211/211
f 222/222 211/211 210/210
f 224/224 220/220 222/222
f 193/193 225/225 83/83
f 226/226 218/218 225/225
f 218/218 226/226 209/209
f 83/83 225/225 218/218
f 216/216 83/83 218/218
f 226/226 181/181 205/205
f 210/210 206/206 180/180
f 210/210 180/180 199/199
f 193/193 182/182 226/226
f 225/225 193/193 226/226
f 226/226 182/182 181/181
f 209/209 226/226 205/205
f 185/185 193/193 83/83
f 186/186 185/185 83/83
f 79/79 186/186 80/80
f 83/83 80/80 186/186
f 216/216 217/217 76/76
f 83/83 216/216 76/76
f 210/210 199/199 201/201
f 201/201 221/221 210/210
f 201/201 227/227 221/221
f 221/221 227/227 223/223
f 204/204 227/227 201/201
f 227/227 228/228 223/223
f 229/229 223/223 228/228
f 229/229 228/228 230/230
f 231/231 228/228 232/232
f 231/231 230/230 228/228
f 204/204 228/228 227/227
f 232/232 228/228 204/204
f 233/233 231/231 232/232
f 223/223 229/229 234/234
f 235/235 234/234 229/229
f 230/230 236/236 229/229
f 235/235 229/229 236/236
f 236/236 230/230 237/237
f 230/230 231/231 238/238
f 238/238 237/237 230/230
f 237/237 238/238 239/239
f 200/200 198/198 240/240
f 200/200 240/240 203/203
f 203/203 241/241 242/242
f 241/241 203/203 243/243
f 244/244 245/245 246/246
f 247/247 248/248 249/249
f 232/232 204/204 233/233
f 204/204 203/203 233/233
f 233/233 242/242 250/250
f 251/251 252/252 242/242
f 252/252 251/251 253/253
f 233/233 203/203 242/242
f 250/250 238/238 231/231
f 233/233 250/250 231/231
f 249/249 238/238 250/250
f 249/249 239/239 238/238
f 250/250 242/242 252/252
f 247/247 252/252 253/253
f 254/254 255/255 247/247
f 247/247 253/253 254/254
f 256/256 253/253 251/251
f 244/244 242/242 241/241
f 244/244 251/251 242/242
f 244/244 246/246 256/256
f 251/251 244/244 256/256
f 246/246 257/257 256/256
f 256/256 257/257 258/258
f 258/258 257/257 259/259
f 258/258 259/259 260/260
f 261/261 254/254 253/253
f 262/262 253/253 256/256
f 256/256 258/258 262/262
f 253/253 262/262 261/261
f 262/262 263/263 261/261
f 258/258 260/260 262/262
f 262/262 260/260 263/263
f 263/263 260/260 264/264
f 265/265 263/263 264/264
f 188/188 190/190 266/266
f 266/266 190/190 187/187
f 267/267 187/187 268/268
f 269/269 270/270 266/266
f 267/267 266/266 187/187
f 269/269 266/266 267/267
f 271/271 202/202 272/272
f 271/271 192/192 202/202
f 194/194 191/191 271/271
f 273/273 272/272 266/266
f 272/272 274/274 271/271
f 194/194 275/275 196/196
f 276/276 194/194 271/271
f 276/276 275/275 194/194
f 273/273 274/274 272/272
f 277/277 274/274 273/273
f 277/277 273/273 270/270
f 271/271 274/274 276/276
f 276/276 274/274 15/15
f 277/277 15/15 274/274
f 6/6 276/276 15/15
f 202/202 189/189 188/188
f 272/272 202/202 188/188
f 266/266 272/272 188/188
f 270/270 273/273 266/266
f 269/269 267/267 278/278
f 279/279 269/269 278/278
f 280/280 270/270 269/269
f 281/281 279/279 282/282
f 269/269 283/283 280/280
f 281/281 283/283 269/269
f 281/281 269/269 279/279
f 280/280 277/277 270/270
f 277/277 280/280 284/284
f 285/285 15/15 277/277
f 284/284 285/285 277/277
f 280/280 286/286 284/284
f 286/286 280/280 283/283
f 287/287 285/285 284/284
f 17/17 285/285 287/287
f 286/286 287/287 284/284
f 17/17 287/287 24/24
f 187/187 186/186 79/79
f 268/268 187/187 79/79
f 268/268 79/79 93/93
f 90/90 79/79 81/81
f 79/79 90/90 93/93
f 94/94 268/268 93/93
f 278/278 267/267 268/268
f 100/100 278/278 94/94
f 100/100 94/94 92/92
f 278/278 268/268 94/94
f 279/279 278/278 100/100
f 282/282 279/279 100/100
f 288/288 282/282 100/100
f 1/1 198/198 196/196
f 1/1 196/196 275/275
f 276/276 4/4 275/275
f 1/1 275/275 2/2
f 2/2 275/275 4/4
f 9/9 240/240 198/198
f 198/198 1/1 9/9
f 6/6 4/4 276/276
f 9/9 12/12 240/240
f 243/243 240/240 12/12
f 203/203 240/240 243/243
f 289/289 241/241 243/243
f 241/241 289/289 244/244
f 244/244 289/289 245/245
f 17/17 15/15 285/285
f 24/24 22/22 17/17
f 207/207 212/212 219/219
f 290/290 212/212 213/213
f 109/109 107/107 291/291
f 290/290 291/291 212/212
f 292/292 214/214 215/215
f 292/292 215/215 220/220
f 40/40 214/214 292/292
f 38/38 36/36 214/214
f 37/37 290/290 213/213
f 40/40 38/38 214/214
f 106/106 219/219 291/291
f 106/106 291/291 107/107
f 291/291 219/219 212/212
f 109/109 291/291 293/293
f 32/32 294/294 293/293
f 34/34 294/294 32/32
f 37/37 293/293 290/290
f 291/291 290/290 293/293
f 293/293 37/37 32/32
f 109/109 293/293 294/294
f 109/109 294/294 113/113
f 34/34 295/295 294/294
f 113/113 294/294 295/295
f 115/115 295/295 46/46
f 113/113 295/295 115/115
f 220/220 296/296 292/292
f 42/42 40/40 296/296
f 40/40 292/292 296/296
f 297/297 298/298 296/296
f 296/296 298/298 42/42
f 220/220 299/299 296/296
f 297/297 296/296 299/299
f 42/42 298/298 43/43
f 34/34 33/33 46/46
f 295/295 34/34 46/46
f 125/125 115/115 46/46
f 47/47 48/48 46/46
f 125/125 46/46 48/48
f 126/126 125/125 127/127
f 300/300 127/127 125/125
f 128/128 127/127 138/138
f 49/49 57/57 48/48
f 300/300 48/48 57/57
f 125/125 48/48 300/300
f 64/64 300/300 57/57
f 300/300 64/64 301/301
f 302/302 138/138 127/127
f 300/300 301/301 127/127
f 302/302 127/127 301/301
f 301/301 303/303 302/302
f 304/304 303/303 301/301
f 302/302 134/134 138/138
f 134/134 302/302 305/305
f 305/305 302/302 303/303
f 305/305 303/303 141/141
f 141/141 134/134 305/305
f 298/298 297/297 306/306
f 297/297 299/299 307/307
f 297/297 307/307 306/306
f 308/308 248/248 306/306
f 309/309 298/298 306/306
f 298/298 309/309 310/310
f 248/248 247/247 255/255
f 306/306 248/248 311/311
f 248/248 255/255 311/311
f 309/309 306/306 311/311
f 312/312 313/313 309/309
f 309/309 311/311 312/312
f 298/298 70/70 43/43
f 310/310 70/70 298/298
f 70/70 310/310 314/314
f 314/314 310/310 315/315
f 310/310 313/313 315/315
f 310/310 309/309 313/313
f 313/313 316/316 315/315
f 316/316 313/313 312/312
f 317/317 316/316 312/312
f 316/316 318/318 319/319
f 316/316 317/317 318/318
f 320/320 318/318 317/317
f 320/320 321/321 318/318
f 255/255 254/254 311/311
f 254/254 312/312 311/311
f 263/263 254/254 261/261
f 263/263 322/322 254/254
f 312/312 254/254 322/322
f 312/312 322/322 317/317
f 263/263 265/265 322/322
f 322/322 265/265 323/323
f 323/323 317/317 322/322
f 320/320 317/317 323/323
f 323/323 324/324 320/320
f 71/71 70/70 314/314
f 314/314 315/315 71/71
f 325/325 315/315 319/319
f 315/315 325/325 326/326
f 318/318 325/325 319/319
f 321/321 325/325 318/318
f 71/71 315/315 326/326
f 23/23 21/21 22/22
f 23/23 327/327 21/21
f 328/328 327/327 23/23
f 327/327 18/18 21/21
f 329/329 327/327 328/328
f 330/330 18/18 327/327
f 330/330 30/30 18/18
f 30/30 331/331 29/29
f 332/332 330/330 327/327
f 330/330 333/333 30/30
f 334/334 331/331 333/333
f 330/330 335/335 333/333
f 332/332 327/327 329/329
f 330/330 336/336 335/335
f 336/336 330/330 332/332
f 337/337 335/335 336/336
f 338/338 331/331 334/334
f 334/334 333/333 335/335
f 337/337 339/339 335/335
f 334/334 340/340 338/338
f 336/336 341/341 337/337
f 342/342 343/343 344/344
f 345/345 346/346 342/342
f 342/342 347/347 345/345
f 103/103 344/344 348/348
f 349/349 344/344 105/105
f 103/103 105/105 344/344
f 344/344 350/350 342/342
f 351/351 344/344 349/349
f 351/351 350/350 344/344
f 352/352 350/350 351/351
f 347/347 342/342 350/350
f 353/353 345/345 347/347
f 353/353 347/347 350/350
f 345/345 353/353 354/354
f 355/355 356/356 345/345
f 354/354 355/355 345/345
f 353/353 350/350 352/352
f 357/357 353/353 352/352
f 358/358 352/352 351/351
f 359/359 360/360 361/361
f 355/355 362/362 363/363
f 364/364 365/365 366/366
f 158/158 163/163 367/367
f 368/368 369/369 367/367
f 163/163 370/370 367/367
f 163/163 153/153 152/152
f 152/152 370/370 163/163
f 105/105 104/104 158/158
f 158/158 104/104 156/156
f 349/349 105/105 158/158
f 158/158 369/369 349/349
f 367/367 369/369 158/158
f 349/349 369/369 351/351
f 371/371 372/372 373/373
f 373/373 374/374 371/371
f 375/375 376/376 372/372
f 372/372 371/371 375/375
f 371/371 374/374 375/375
f 373/373 377/377 374/374
f 378/378 379/379 380/380
f 369/369 368/368 358/358
f 358/358 372/372 360/360
f 360/360 376/376 361/361
f 376/376 360/360 372/372
f 152/152 173/173 174/174
f 381/381 382/382 174/174
f 383/383 174/174 176/176
f 384/384 178/178 385/385
f 384/384 386/386 178/178
f 381/381 379/379 382/382
f 387/387 388/388 389/389
f 390/390 387/387 391/391
f 392/392 393/393 394/394
f 395/395 396/396 359/359
f 397/397 396/396 398/398
f 398/398 399/399 397/397
f 399/399 398/398 400/400
f 401/401 402/402 403/403
f 404/404 405/405 406/406
f 407/407 408/408 404/404
f 409/409 407/407 404/404
f 404/404 406/406 399/399
f 404/404 399/399 410/410
f 410/410 411/411 404/404
f 411/411 410/410 412/412
f 403/403 413/413 414/414
f 414/414 415/415 416/416
f 417/417 414/414 416/416
f 388/388 416/416 415/415
f 418/418 419/419 416/416
f 420/420 393/393 421/421
f 392/392 421/421 393/393
f 420/420 417/417 422/422
f 420/420 422/422 393/393
f 422/422 416/416 419/419
f 423/423 283/283 281/281
f 424/424 423/423 281/281
f 425/425 286/286 423/423
f 287/287 286/286 425/425
f 24/24 287/287 426/426
f 425/425 426/426 287/287
f 423/423 286/286 283/283
f 427/427 428/428 429/429
f 430/430 428/428 431/431
f 427/427 432/432 431/431
f 428/428 427/427 431/431
f 433/433 430/430 356/356
f 430/430 433/433 428/428
f 429/429 428/428 433/433
f 434/434 429/429 433/433
f 435/435 346/346 345/345
f 435/435 345/345 431/431
f 345/345 356/356 431/431
f 356/356 430/430 431/431
f 363/363 433/433 356/356
f 24/24 426/426 23/23
f 23/23 426/426 436/436
f 436/436 328/328 23/23
f 437/437 436/436 426/426
f 328/328 436/436 437/437
f 437/437 329/329 328/328
f 438/438 332/332 329/329
f 336/336 332/332 439/439
f 434/434 433/433 440/440
f 433/433 441/441 440/440
f 442/442 441/441 433/433
f 442/442 440/440 441/441
f 443/443 440/440 442/442
f 444/444 445/445 446/446
f 447/447 444/444 448/448
f 444/444 447/447 445/445
f 449/449 450/450 451/451
f 452/452 451/451 450/450
f 451/451 452/452 449/449
f 363/363 442/442 433/433
f 356/356 355/355 363/363
f 453/453 446/446 364/364
f 444/444 446/446 453/453
f 448/448 453/453 454/454
f 448/448 444/444 453/453
f 448/448 454/454 455/455
f 456/456 336/336 439/439
f 457/457 439/439 458/458
f 439/439 457/457 459/459
f 459/459 456/456 439/439
f 456/456 459/459 460/460
f 341/341 336/336 456/456
f 461/461 459/459 462/462
f 460/460 459/459 461/461
f 463/463 460/460 461/461
f 460/460 463/463 464/464
f 465/465 466/466 467/467
f 465/465 468/468 466/466
f 455/455 469/469 470/470
f 471/471 455/455 470/470
f 472/472 471/471 470/470
f 473/473 471/471 472/472
f 474/474 470/470 468/468
f 475/475 465/465 476/476
f 477/477 472/472 474/474
f 474/474 478/478 477/477
f 477/477 478/478 479/479
f 472/472 477/477 473/473
f 480/480 473/473 477/477
f 477/477 479/479 480/480
f 479/479 481/481 480/480
f 475/475 478/478 474/474
f 475/475 468/468 465/465
f 475/475 476/476 478/478
f 482/482 478/478 476/476
f 483/483 484/484 485/485
f 486/486 480/480 481/481
f 487/487 488/488 486/486
f 487/487 489/489 488/488
f 476/476 484/484 482/482
f 481/481 482/482 484/484
f 487/487 486/486 481/481
f 487/487 481/481 490/490
f 491/491 487/487 492/492
f 493/493 491/491 494/494
f 487/487 490/490 492/492
f 495/495 492/492 490/490
f 496/496 490/490 483/483
f 497/497 495/495 496/496
f 491/491 492/492 495/495
f 491/491 495/495 494/494
f 498/498 494/494 497/497
f 497/497 496/496 498/498
f 494/494 495/495 497/497
f 499/499 493/493 494/494
f 500/500 501/501 421/421
f 421/421 392/392 500/500
f 502/502 501/501 500/500
f 503/503 502/502 500/500
f 504/504 392/392 394/394
f 500/500 392/392 504/504
f 394/394 505/505 504/504
f 504/504 506/506 500/500
f 503/503 500/500 507/507
f 506/506 504/504 508/508
f 509/509 508/508 504/504
f 506/506 508/508 509/509
f 506/506 510/510 507/507
f 511/511 512/512 510/510
f 513/513 512/512 511/511
f 514/514 404/404 411/411
f 514/514 409/409 404/404
f 515/515 409/409 514/514
f 516/516 515/515 514/514
f 515/515 467/467 409/409
f 514/514 411/411 412/412
f 517/517 514/514 412/412
f 518/518 519/519 502/502
f 520/520 518/518 502/502
f 516/516 514/514 517/517
f 520/520 521/521 517/517
f 521/521 520/520 522/522
f 522/522 523/523 521/521
f 524/524 515/515 516/516
f 515/515 525/525 465/465
f 465/465 525/525 476/476
f 525/525 524/524 476/476
f 515/515 524/524 525/525
f 524/524 516/516 526/526
f 527/527 476/476 524/524
f 527/527 524/524 526/526
f 516/516 517/517 528/528
f 528/528 517/517 521/521
f 529/529 521/521 523/523
f 528/528 530/530 516/516
f 519/519 501/501 502/502
f 530/530 528/528 529/529
f 531/531 530/530 529/529
f 532/532 530/530 531/531
f 532/532 531/531 533/533
f 534/534 532/532 533/533
f 534/534 535/535 532/532
f 536/536 534/534 533/533
f 537/537 535/535 534/534
f 537/537 534/534 538/538
f 534/534 536/536 538/538
f 539/539 540/540 541/541
f 540/540 538/538 541/541
f 541/541 538/538 536/536
f 529/529 542/542 531/531
f 542/542 533/533 531/531
f 543/543 533/533 542/542
f 542/542 544/544 543/543
f 545/545 544/544 513/513
f 512/512 513/513 542/542
f 542/542 513/513 544/544
f 544/544 546/546 543/543
f 546/546 547/547 543/543
f 545/545 548/548 546/546
f 546/546 544/544 545/545
f 548/548 547/547 546/546
f 549/549 536/536 543/543
f 543/543 550/550 549/549
f 551/551 549/549 550/550
f 551/551 536/536 549/549
f 552/552 551/551 553/553
f 553/553 551/551 550/550
f 553/553 550/550 554/554
f 555/555 553/553 554/554
f 552/552 536/536 551/551
f 550/550 543/543 547/547
f 548/548 556/556 557/557
f 554/554 550/550 547/547
f 554/554 547/547 557/557
f 557/557 558/558 554/554
f 559/559 554/554 558/558
f 485/485 527/527 560/560
f 485/485 484/484 527/527
f 561/561 562/562 563/563
f 560/560 563/563 562/562
f 563/563 560/560 526/526
f 563/563 564/564 561/561
f 485/485 560/560 562/562
f 526/526 516/516 530/530
f 526/526 530/530 563/563
f 563/563 530/530 532/532
f 535/535 563/563 532/532
f 564/564 563/563 535/535
f 565/565 561/561 564/564
f 565/565 562/562 561/561
f 565/565 566/566 562/562
f 567/567 565/565 568/568
f 566/566 565/565 567/567
f 567/567 569/569 566/566
f 567/567 570/570 569/569
f 567/567 568/568 571/571
f 571/571 570/570 567/567
f 572/572 570/570 571/571
f 572/572 571/571 539/539
f 573/573 496/496 570/570
f 565/565 564/564 568/568
f 574/574 447/447 448/448
f 452/452 450/450 575/575
f 452/452 575/575 576/576
f 577/577 578/578 579/579
f 580/580 581/581 582/582
f 583/583 584/584 585/585
f 586/586 577/577 584/584
f 586/586 584/584 583/583
f 448/448 455/455 574/574
f 587/587 574/574 455/455
f 587/587 455/455 471/471
f 473/473 587/587 471/471
f 582/582 588/588 587/587
f 580/580 582/582 587/587
f 480/480 580/580 473/473
f 589/589 580/580 480/480
f 488/488 589/589 480/480
f 578/578 463/463 461/461
f 578/578 590/590 463/463
f 463/463 590/590 591/591
f 578/578 461/461 449/449
f 592/592 590/590 578/578
f 593/593 591/591 594/594
f 595/595 594/594 591/591
f 596/596 595/595 591/591
f 577/577 592/592 578/578
f 577/577 597/597 592/592
f 586/586 597/597 577/577
f 598/598 599/599 600/600
f 601/601 583/583 602/602
f 603/603 601/601 602/602
f 604/604 601/601 605/605
f 601/601 586/586 583/583
f 604/604 605/605 606/606
f 607/607 604/604 608/608
f 489/489 589/589 488/488
f 488/488 480/480 486/486
f 609/609 610/610 489/489
f 611/611 610/610 609/609
f 609/609 489/489 487/487
f 605/605 601/601 603/603
f 612/612 613/613 614/614
f 614/614 615/615 612/612
f 616/616 605/605 603/603
f 606/606 605/605 616/616
f 616/616 612/612 606/606
f 615/615 606/606 612/612
f 608/608 604/604 606/606
f 601/601 597/597 586/586
f 617/617 597/597 601/601
f 597/597 617/617 618/618
f 619/619 620/620 597/597
f 621/621 619/619 597/597
f 620/620 619/619 622/622
f 619/619 621/621 623/623
f 623/623 622/622 619/619
f 618/618 621/621 597/597
f 623/623 621/621 618/618
f 624/624 623/623 618/618
f 625/625 618/618 617/617
f 625/625 624/624 618/618
f 622/622 623/623 626/626
f 626/626 623/623 627/627
f 627/627 628/628 629/629
f 623/623 624/624 627/627
f 630/630 628/628 627/627
f 601/601 604/604 625/625
f 625/625 617/617 601/601
f 607/607 631/631 604/604
f 632/632 631/631 607/607
f 633/633 634/634 630/630
f 635/635 636/636 637/637
f 638/638 635/635 637/637
f 639/639 637/637 636/636
f 639/639 636/636 640/640
f 640/640 636/636 635/635
f 100/100 101/101 343/343
f 155/155 102/102 98/98
f 348/348 102/102 103/103
f 103/103 102/102 155/155
f 103/103 155/155 104/104
f 102/102 101/101 95/95
f 102/102 348/348 101/101
f 348/348 343/343 101/101
f 116/116 129/129 123/123
f 149/149 146/146 148/148
f 155/155 98/98 97/97
f 223/223 234/234 222/222
f 234/234 224/224 222/222
f 641/641 220/220 224/224
f 299/299 220/220 641/641
f 234/234 235/235 224/224
f 235/235 236/236 224/224
f 224/224 236/236 641/641
f 299/299 641/641 642/642
f 237/237 642/642 236/236
f 236/236 642/642 641/641
f 642/642 237/237 239/239
f 642/642 239/239 308/308
f 308/308 239/239 249/249
f 252/252 247/247 250/250
f 249/249 250/250 247/247
f 343/343 288/288 100/100
f 299/299 642/642 307/307
f 642/642 308/308 307/307
f 306/306 307/307 308/308
f 249/249 248/248 308/308
f 315/315 316/316 319/319
f 334/334 335/335 339/339
f 339/339 340/340 334/334
f 339/339 337/337 643/643
f 340/340 339/339 643/643
f 643/643 337/337 341/341
f 643/643 341/341 644/644
f 644/644 340/340 643/643
f 340/340 644/644 645/645
f 646/646 644/644 341/341
f 647/647 645/645 644/644
f 647/647 644/644 646/646
f 647/647 646/646 648/648
f 648/648 646/646 341/341
f 288/288 343/343 346/346
f 342/342 346/346 343/343
f 344/344 343/343 348/348
f 360/360 352/352 358/358
f 357/357 352/352 360/360
f 359/359 357/357 360/360
f 357/357 354/354 353/353
f 355/355 354/354 362/362
f 354/354 649/649 362/362
f 365/365 363/363 362/362
f 650/650 649/649 651/651
f 365/365 362/362 649/649
f 649/649 650/650 366/366
f 365/365 649/649 366/366
f 357/357 651/651 354/354
f 651/651 357/357 359/359
f 396/396 651/651 359/359
f 651/651 652/652 650/650
f 651/651 649/649 354/354
f 407/407 409/409 408/408
f 454/454 366/366 653/653
f 454/454 364/364 366/366
f 653/653 455/455 454/454
f 654/654 650/650 652/652
f 652/652 396/396 405/405
f 652/652 651/651 396/396
f 652/652 405/405 408/408
f 408/408 654/654 652/652
f 650/650 654/654 366/366
f 654/654 653/653 366/366
f 408/408 655/655 654/654
f 654/654 655/655 653/653
f 378/378 367/367 370/370
f 378/378 368/368 367/367
f 370/370 382/382 378/378
f 373/373 372/372 368/368
f 375/375 395/395 376/376
f 375/375 374/374 395/395
f 377/377 373/373 368/368
f 377/377 368/368 378/378
f 380/380 377/377 378/378
f 382/382 379/379 378/378
f 379/379 656/656 380/380
f 379/379 657/657 656/656
f 374/374 377/377 380/380
f 402/402 374/374 380/380
f 656/656 402/402 380/380
f 656/656 413/413 402/402
f 351/351 369/369 358/358
f 372/372 358/358 368/368
f 174/174 370/370 152/152
f 382/382 370/370 174/174
f 174/174 383/383 658/658
f 659/659 658/658 383/383
f 381/381 174/174 658/658
f 383/383 178/178 659/659
f 178/178 386/386 659/659
f 178/178 176/176 177/177
f 178/178 383/383 176/176
f 379/379 381/381 657/657
f 389/389 657/657 381/381
f 389/389 381/381 658/658
f 413/413 657/657 414/414
f 657/657 415/415 414/414
f 413/413 656/656 657/657
f 415/415 657/657 389/389
f 389/389 388/388 415/415
f 389/389 658/658 387/387
f 387/387 658/658 659/659
f 391/391 387/387 659/659
f 391/391 659/659 386/386
f 387/387 390/390 388/388
f 359/359 361/361 395/395
f 395/395 361/361 376/376
f 400/400 395/395 374/374
f 374/374 402/402 400/400
f 400/400 398/398 395/395
f 398/398 396/396 395/395
f 397/397 405/405 396/396
f 413/413 403/403 402/402
f 400/400 401/401 399/399
f 403/403 660/660 401/401
f 402/402 401/401 400/400
f 405/405 397/397 406/406
f 404/404 408/408 405/405
f 397/397 399/399 406/406
f 401/401 410/410 399/399
f 660/660 410/410 401/401
f 410/410 660/660 661/661
f 410/410 661/661 412/412
f 403/403 662/662 660/660
f 414/414 662/662 403/403
f 414/414 417/417 662/662
f 417/417 420/420 662/662
f 390/390 663/663 388/388
f 416/416 388/388 663/663
f 664/664 390/390 391/391
f 663/663 390/390 664/664
f 417/417 416/416 422/422
f 663/663 418/418 416/416
f 660/660 665/665 661/661
f 665/665 660/660 662/662
f 665/665 662/662 420/420
f 420/420 421/421 665/665
f 665/665 421/421 661/661
f 519/519 661/661 421/421
f 419/419 393/393 422/422
f 419/419 666/666 393/393
f 394/394 393/393 666/666
f 667/667 394/394 666/666
f 668/668 281/281 282/282
f 435/435 668/668 346/346
f 435/435 281/281 668/668
f 432/432 424/424 281/281
f 435/435 431/431 281/281
f 432/432 281/281 431/431
f 424/424 669/669 423/423
f 424/424 432/432 669/669
f 670/670 425/425 669/669
f 671/671 426/426 425/425
f 669/669 425/425 423/423
f 427/427 669/669 432/432
f 429/429 669/669 427/427
f 425/425 670/670 671/671
f 672/672 671/671 670/670
f 673/673 672/672 670/670
f 426/426 674/674 437/437
f 672/672 426/426 671/671
f 426/426 672/672 674/674
f 675/675 672/672 673/673
f 673/673 676/676 675/675
f 677/677 675/675 676/676
f 678/678 437/437 674/674
f 675/675 674/674 672/672
f 679/679 678/678 674/674
f 679/679 674/674 675/675
f 677/677 679/679 675/675
f 429/429 670/670 669/669
f 673/673 670/670 429/429
f 429/429 676/676 673/673
f 434/434 676/676 429/429
f 668/668 282/282 288/288
f 288/288 346/346 668/668
f 438/438 329/329 437/437
f 680/680 438/438 678/678
f 678/678 438/438 437/437
f 438/438 680/680 332/332
f 458/458 680/680 678/678
f 439/439 332/332 680/680
f 458/458 678/678 679/679
f 434/434 440/440 443/443
f 681/681 443/443 442/442
f 682/682 677/677 676/676
f 683/683 677/677 682/682
f 684/684 679/679 677/677
f 677/677 683/683 684/684
f 684/684 458/458 679/679
f 683/683 682/682 685/685
f 457/457 458/458 684/684
f 684/684 683/683 457/457
f 683/683 462/462 457/457
f 462/462 683/683 685/685
f 682/682 676/676 434/434
f 682/682 434/434 443/443
f 443/443 685/685 682/682
f 446/446 681/681 442/442
f 681/681 446/446 445/445
f 450/450 462/462 685/685
f 461/461 462/462 450/450
f 449/449 461/461 450/450
f 681/681 685/685 443/443
f 450/450 685/685 681/681
f 575/575 450/450 681/681
f 445/445 575/575 681/681
f 575/575 445/445 447/447
f 442/442 363/363 365/365
f 364/364 442/442 365/365
f 442/442 364/364 446/446
f 454/454 453/453 364/364
f 439/439 680/680 458/458
f 457/457 462/462 459/459
f 686/686 687/687 456/456
f 687/687 341/341 456/456
f 648/648 341/341 687/687
f 688/688 648/648 687/687
f 688/688 687/687 686/686
f 460/460 686/686 456/456
f 686/686 689/689 688/688
f 689/689 690/690 688/688
f 691/691 460/460 464/464
f 460/460 691/691 686/686
f 593/593 691/691 464/464
f 692/692 686/686 693/693
f 689/689 686/686 692/692
f 694/694 689/689 692/692
f 466/466 408/408 409/409
f 409/409 467/467 466/466
f 653/653 469/469 455/455
f 474/474 472/472 470/470
f 470/470 469/469 655/655
f 655/655 468/468 470/470
f 466/466 655/655 408/408
f 655/655 466/466 468/468
f 469/469 653/653 655/655
f 475/475 474/474 468/468
f 481/481 478/478 482/482
f 479/479 478/478 481/481
f 484/484 476/476 527/527
f 490/490 481/481 484/484
f 483/483 490/490 484/484
f 495/495 490/490 496/496
f 695/695 498/498 573/573
f 496/496 573/573 498/498
f 528/528 521/521 529/529
f 696/696 522/522 502/502
f 696/696 523/523 522/522
f 696/696 502/502 503/503
f 507/507 500/500 506/506
f 529/529 523/523 696/696
f 696/696 503/503 529/529
f 542/542 503/503 507/507
f 542/542 529/529 503/503
f 507/507 512/512 542/542
f 510/510 512/512 507/507
f 545/545 513/513 511/511
f 465/465 467/467 515/515
f 661/661 518/518 412/412
f 517/517 412/412 518/518
f 518/518 661/661 519/519
f 518/518 520/520 517/517
f 502/502 522/522 520/520
f 560/560 527/527 526/526
f 421/421 501/501 519/519
f 541/541 536/536 552/552
f 543/543 536/536 533/533
f 557/557 547/547 548/548
f 483/483 485/485 562/562
f 566/566 483/483 562/562
f 483/483 566/566 569/569
f 496/496 483/483 569/569
f 569/569 570/570 496/496
f 535/535 537/537 564/564
f 537/537 568/568 564/564
f 568/568 537/537 538/538
f 540/540 568/568 538/538
f 540/540 571/571 568/568
f 571/571 540/540 539/539
f 574/574 697/697 447/447
f 581/581 697/697 574/574
f 581/581 574/574 588/588
f 697/697 575/575 447/447
f 452/452 576/576 449/449
f 576/576 578/578 449/449
f 579/579 575/575 697/697
f 579/579 697/697 581/581
f 576/576 579/579 578/578
f 579/579 576/576 575/575
f 588/588 582/582 581/581
f 698/698 581/581 580/580
f 589/589 698/698 580/580
f 699/699 698/698 589/589
f 584/584 579/579 581/581
f 584/584 581/581 698/698
f 579/579 584/584 577/577
f 699/699 584/584 698/698
f 585/585 584/584 699/699
f 588/588 574/574 587/587
f 473/473 580/580 587/587
f 463/463 593/593 464/464
f 463/463 591/591 593/593
f 691/691 693/693 686/686
f 691/691 593/593 693/693
f 594/594 693/693 593/593
f 700/700 694/694 692/692
f 692/692 693/693 700/700
f 693/693 594/594 701/701
f 701/701 700/700 693/693
f 702/702 594/594 595/595
f 702/702 701/701 594/594
f 591/591 590/590 596/596
f 620/620 590/590 592/592
f 590/590 620/620 596/596
f 620/620 592/592 597/597
f 703/703 620/620 622/622
f 702/702 595/595 596/596
f 702/702 596/596 599/599
f 598/598 701/701 702/702
f 703/703 596/596 620/620
f 599/599 596/596 703/703
f 626/626 599/599 703/703
f 702/702 599/599 598/598
f 704/704 599/599 629/629
f 599/599 704/704 600/600
f 626/626 703/703 622/622
f 583/583 585/585 699/699
f 583/583 699/699 602/602
f 610/610 589/589 489/489
f 610/610 699/699 589/589
f 699/699 610/610 602/602
f 603/603 602/602 610/610
f 611/611 603/603 610/610
f 491/491 609/609 487/487
f 613/613 609/609 491/491
f 613/613 611/611 609/609
f 611/611 616/616 603/603
f 611/611 613/613 616/616
f 491/491 493/493 613/613
f 499/499 613/613 493/493
f 612/612 616/616 613/613
f 614/614 613/613 499/499
f 599/599 626/626 629/629
f 628/628 704/704 629/629
f 627/627 629/629 626/626
f 627/627 624/624 630/630
f 624/624 705/705 630/630
f 634/634 628/628 630/630
f 604/604 631/631 625/625
f 705/705 624/624 625/625
f 631/631 705/705 625/625
f 705/705 631/631 637/637
f 632/632 706/706 631/631
f 639/639 630/630 705/705
f 637/637 639/639 705/705
f 640/640 630/630 639/639
f 631/631 638/638 637/637
f 690/690 648/648 688/688
f 59/59 68/68 707/707
f 707/707 708/708 59/59
f 707/707 68/68 710/710
f 711/711 710/710 68/68
f 712/712 709/709 713/713
f 63/63 60/60 714/714
f 708/708 61/61 59/59
f 60/60 709/709 712/712
f 714/714 60/60 712/712
f 716/716 63/63 714/714
f 714/714 712/712 717/717
f 717/717 712/712 718/718
f 719/719 717/717 718/718
f 718/718 712/712 713/713
f 710/710 711/711 720/720
f 69/69 711/711 68/68
f 72/72 711/711 69/69
f 72/72 720/720 711/711
f 721/721 722/722 710/710
f 708/708 707/707 722/722
f 707/707 710/710 722/722
f 723/723 713/713 709/709
f 72/72 67/67 73/73
f 721/721 710/710 720/720
f 724/724 713/713 723/723
f 724/724 723/723 725/725
f 727/727 729/729 721/721
f 720/720 727/727 721/721
f 721/721 729/729 722/722
f 728/728 725/725 723/723
f 730/730 724/724 725/725
f 730/730 725/725 731/731
f 725/725 728/728 731/731
f 731/731 732/732 730/730
f 724/724 718/718 713/713
f 718/718 724/724 719/719
f 719/719 724/724 733/733
f 733/733 724/724 730/730
f 733/733 730/730 732/732
f 73/73 734/734 72/72
f 72/72 734/734 720/720
f 735/735 736/736 73/73
f 73/73 74/74 735/735
f 727/727 720/720 734/734
f 737/737 728/728 726/726
f 731/731 728/728 737/737
f 737/737 738/738 731/731
f 738/738 732/732 731/731
f 727/727 734/734 740/740
f 73/73 736/736 734/734
f 726/726 739/739 737/737
f 737/737 739/739 741/741
f 738/738 737/737 741/741
f 734/734 736/736 740/740
f 742/742 733/733 743/743
f 738/738 744/744 732/732
f 738/738 741/741 744/744
f 741/741 745/745 744/744
f 732/732 743/743 733/733
f 746/746 743/743 732/732
f 747/747 743/743 746/746
f 744/744 746/746 732/732
f 744/744 748/748 746/746
f 748/748 744/744 745/745
f 747/747 746/746 748/748
f 142/142 172/172 140/140
f 749/749 172/172 142/142
f 749/749 171/171 172/172
f 750/750 749/749 751/751
f 171/171 749/749 752/752
f 750/750 752/752 749/749
f 753/753 752/752 754/754
f 301/301 64/64 715/715
f 304/304 301/301 715/715
f 304/304 715/715 755/755
f 755/755 715/715 756/756
f 755/755 303/303 304/304
f 757/757 716/716 758/758
f 758/758 760/760 757/757
f 758/758 761/761 760/760
f 762/762 714/714 717/717
f 758/758 714/714 762/762
f 714/714 758/758 716/716
f 758/758 762/762 763/763
f 762/762 764/764 763/763
f 762/762 717/717 719/719
f 719/719 765/765 762/762
f 764/764 762/762 765/765
f 766/766 765/765 767/767
f 764/764 768/768 763/763
f 758/758 763/763 769/769
f 769/769 761/761 758/758
f 768/768 769/769 763/763
f 765/765 770/770 764/764
f 770/770 765/765 766/766
f 770/770 768/768 764/764
f 771/771 768/768 770/770
f 755/755 141/141 303/303
f 755/755 756/756 759/759
f 759/759 772/772 755/755
f 142/142 755/755 772/772
f 142/142 141/141 755/755
f 773/773 142/142 772/772
f 759/759 774/774 772/772
f 776/776 760/760 761/761
f 776/776 775/775 760/760
f 777/777 776/776 761/761
f 769/769 768/768 771/771
f 771/771 761/761 769/769
f 771/771 770/770 766/766
f 778/778 771/771 766/766
f 761/761 771/771 779/779
f 761/761 779/779 777/777
f 780/780 777/777 779/779
f 780/780 779/779 781/781
f 781/781 779/779 771/771
f 782/782 766/766 783/783
f 778/778 766/766 782/782
f 784/784 778/778 782/782
f 781/781 771/771 784/784
f 767/767 765/765 719/719
f 767/767 719/719 733/733
f 742/742 767/767 733/733
f 783/783 766/766 767/767
f 785/785 767/767 742/742
f 786/786 742/742 743/743
f 742/742 786/786 785/785
f 783/783 767/767 785/785
f 787/787 783/783 785/785
f 788/788 783/783 787/787
f 783/783 788/788 782/782
f 789/789 782/782 788/788
f 788/788 787/787 790/790
f 787/787 785/785 791/791
f 791/791 785/785 786/786
f 787/787 791/791 792/792
f 790/790 787/787 792/792
f 793/793 792/792 791/791
f 786/786 743/743 794/794
f 786/786 794/794 793/793
f 795/795 793/793 794/794
f 794/794 743/743 747/747
f 794/794 747/747 796/796
f 794/794 796/796 795/795
f 797/797 795/795 796/796
f 791/791 786/786 793/793
f 798/798 793/793 795/795
f 798/798 795/795 797/797
f 798/798 797/797 799/799
f 789/789 788/788 790/790
f 800/800 790/790 801/801
f 790/790 792/792 801/801
f 802/802 801/801 792/792
f 801/801 803/803 800/800
f 804/804 801/801 802/802
f 798/798 792/792 793/793
f 805/805 792/792 798/798
f 802/802 792/792 805/805
f 799/799 805/805 798/798
f 806/806 805/805 799/799
f 806/806 802/802 805/805
f 807/807 808/808 806/806
f 806/806 809/809 807/807
f 811/811 773/773 774/774
f 142/142 773/773 751/751
f 811/811 751/751 773/773
f 751/751 749/749 142/142
f 774/774 773/773 772/772
f 751/751 811/811 812/812
f 814/814 775/775 776/776
f 814/814 810/810 775/775
f 815/815 810/810 814/814
f 780/780 814/814 776/776
f 780/780 776/776 777/777
f 815/815 814/814 780/780
f 751/751 812/812 816/816
f 817/817 813/813 818/818
f 813/813 810/810 815/815
f 815/815 818/818 813/813
f 816/816 750/750 751/751
f 816/816 819/819 750/750
f 820/820 817/817 818/818
f 819/819 816/816 822/822
f 820/820 821/821 817/817
f 820/820 823/823 821/821
f 824/824 818/818 815/815
f 825/825 815/815 780/780
f 825/825 780/780 781/781
f 824/824 815/815 826/826
f 827/827 824/824 826/826
f 827/827 828/828 829/829
f 829/829 828/828 830/830
f 820/820 818/818 824/824
f 831/831 824/824 827/827
f 832/832 829/829 830/830
f 833/833 829/829 832/832
f 832/832 834/834 833/833
f 834/834 832/832 835/835
f 836/836 834/834 835/835
f 837/837 838/838 804/804
f 837/837 804/804 802/802
f 839/839 837/837 802/802
f 840/840 841/841 838/838
f 837/837 839/839 838/838
f 838/838 839/839 808/808
f 840/840 838/838 808/808
f 808/808 802/802 806/806
f 839/839 802/802 808/808
f 842/842 808/808 807/807
f 843/843 808/808 842/842
f 844/844 807/807 809/809
f 843/843 840/840 808/808
f 845/845 842/842 807/807
f 845/845 807/807 846/846
f 847/847 843/843 842/842
f 845/845 847/847 842/842
f 848/848 835/835 849/849
f 836/836 835/835 848/848
f 850/850 836/836 848/848
f 850/850 848/848 851/851
f 849/849 851/851 848/848
f 849/849 852/852 851/851
f 853/853 851/851 852/852
f 849/849 843/843 854/854
f 847/847 854/854 843/843
f 847/847 855/855 854/854
f 845/845 846/846 856/856
f 846/846 857/857 856/856
f 847/847 845/845 856/856
f 855/855 847/847 856/856
f 852/852 849/849 854/854
f 852/852 854/854 858/858
f 858/858 854/854 855/855
f 859/859 858/858 855/855
f 860/860 858/858 859/859
f 860/860 859/859 861/861
f 859/859 855/855 862/862
f 861/861 859/859 862/862
f 385/385 178/178 179/179
f 384/384 385/385 863/863
f 753/753 863/863 385/385
f 864/864 863/863 753/753
f 754/754 864/864 753/753
f 864/864 754/754 865/865
f 865/865 754/754 868/868
f 391/391 869/869 870/870
f 870/870 869/869 871/871
f 872/872 391/391 873/873
f 391/391 870/870 873/873
f 873/873 870/870 871/871
f 869/869 874/874 871/871
f 875/875 871/871 874/874
f 875/875 874/874 877/877
f 879/879 875/875 877/877
f 877/877 874/874 881/881
f 873/873 871/871 882/882
f 882/882 871/871 875/875
f 883/883 884/884 880/880
f 418/418 885/885 886/886
f 885/885 418/418 887/887
f 888/888 885/885 882/882
f 889/889 885/885 888/888
f 890/890 888/888 882/882
f 889/889 888/888 890/890
f 891/891 889/889 890/890
f 892/892 889/889 891/891
f 891/891 890/890 893/893
f 890/890 882/882 894/894
f 893/893 890/890 894/894
f 419/419 418/418 895/895
f 886/886 896/896 895/895
f 896/896 886/886 897/897
f 898/898 896/896 897/897
f 898/898 897/897 886/886
f 886/886 899/899 900/900
f 898/898 886/886 900/900
f 901/901 898/898 900/900
f 901/901 900/900 902/902
f 900/900 891/891 902/902
f 891/891 903/903 902/902
f 878/878 904/904 905/905
f 905/905 904/904 906/906
f 907/907 905/905 906/906
f 905/905 907/907 908/908
f 903/903 891/891 893/893
f 909/909 903/903 893/893
f 910/910 908/908 911/911
f 911/911 908/908 912/912
f 913/913 914/914 915/915
f 916/916 883/883 917/917
f 917/917 883/883 913/913
f 918/918 916/916 917/917
f 917/917 913/913 919/919
f 834/834 836/836 850/850
f 920/920 834/834 921/921
f 850/850 921/921 834/834
f 921/921 922/922 923/923
f 924/924 925/925 921/921
f 924/924 921/921 923/923
f 884/884 883/883 926/926
f 926/926 883/883 916/916
f 917/917 919/919 918/918
f 851/851 927/927 850/850
f 921/921 850/850 922/922
f 922/922 850/850 927/927
f 928/928 929/929 930/930
f 929/929 928/928 931/931
f 922/922 927/927 932/932
f 927/927 851/851 853/853
f 932/932 927/927 853/853
f 922/922 932/932 933/933
f 932/932 853/853 934/934
f 935/935 932/932 936/936
f 934/934 853/853 852/852
f 934/934 852/852 858/858
f 858/858 860/860 934/934
f 860/860 861/861 937/937
f 936/936 932/932 934/934
f 936/936 934/934 938/938
f 860/860 938/938 934/934
f 938/938 860/860 937/937
f 939/939 933/933 935/935
f 940/940 941/941 942/942
f 943/943 935/935 936/936
f 944/944 931/931 945/945
f 944/944 945/945 946/946
f 944/944 947/947 931/931
f 947/947 944/944 948/948
f 948/948 949/949 947/947
f 944/944 946/946 950/950
f 948/948 944/944 950/950
f 951/951 950/950 952/952
f 951/951 948/948 950/950
f 953/953 929/929 954/954
f 953/953 955/955 929/929
f 956/956 957/957 958/958
f 957/957 951/951 952/952
f 958/958 957/957 952/952
f 959/959 960/960 961/961
f 962/962 958/958 952/952
f 962/962 952/952 963/963
f 963/963 952/952 964/964
f 959/959 958/958 962/962
f 960/960 959/959 962/962
f 960/960 962/962 965/965
f 965/965 962/962 963/963
f 966/966 963/963 967/967
f 941/941 968/968 942/942
f 969/969 941/941 940/940
f 964/964 952/952 941/941
f 970/970 971/971 969/969
f 972/972 964/964 970/970
f 973/973 974/974 975/975
f 969/969 975/975 976/976
f 974/974 977/977 975/975
f 976/976 975/975 977/977
f 970/970 969/969 976/976
f 978/978 970/970 976/976
f 976/976 979/979 978/978
f 979/979 980/980 981/981
f 964/964 972/972 982/982
f 963/963 964/964 982/982
f 983/983 982/982 972/972
f 970/970 984/984 972/972
f 983/983 972/972 984/984
f 967/967 963/963 982/982
f 967/967 982/982 983/983
f 983/983 985/985 967/967
f 986/986 967/967 985/985
f 981/981 978/978 979/979
f 980/980 987/987 981/981
f 978/978 981/981 988/988
f 989/989 981/981 987/987
f 988/988 990/990 991/991
f 985/985 991/991 990/990
f 981/981 989/989 988/988
f 990/990 988/988 989/989
f 394/394 667/667 505/505
f 505/505 667/667 992/992
f 992/992 667/667 993/993
f 509/509 504/504 505/505
f 994/994 992/992 993/993
f 992/992 995/995 505/505
f 995/995 992/992 994/994
f 996/996 994/994 997/997
f 509/509 505/505 995/995
f 509/509 995/995 996/996
f 995/995 994/994 996/996
f 994/994 993/993 998/998
f 998/998 997/997 994/994
f 997/997 999/999 996/996
f 1000/1000 997/997 1001/1001
f 1002/1002 510/510 506/506
f 1002/1002 506/506 509/509
f 510/510 1002/1002 1003/1003
f 1003/1003 1004/1004 510/510
f 511/511 510/510 1004/1004
f 999/999 997/997 1000/1000
f 1005/1005 999/999 1000/1000
f 999/999 1005/1005 1006/1006
f 1007/1007 1004/1004 999/999
f 1008/1008 1007/1007 1006/1006
f 1007/1007 999/999 1006/1006
f 1006/1006 1005/1005 1009/1009
f 1008/1008 1006/1006 1009/1009
f 1010/1010 1008/1008 1011/1011
f 993/993 898/898 998/998
f 1001/1001 998/998 1012/1012
f 997/997 998/998 1001/1001
f 1000/1000 1001/1001 1013/1013
f 1005/1005 1000/1000 1013/1013
f 1001/1001 1012/1012 1014/1014
f 1013/1013 1001/1001 1014/1014
f 1014/1014 1012/1012 1015/1015
f 1014/1014 1015/1015 1016/1016
f 1014/1014 1016/1016 1017/1017
f 1018/1018 1021/1021 1022/1022
f 1018/1018 1022/1022 1023/1023
f 1024/1024 1022/1022 1021/1021
f 1024/1024 1025/1025 1022/1022
f 1014/1014 1005/1005 1013/1013
f 1005/1005 1014/1014 1026/1026
f 1009/1009 1005/1005 1026/1026
f 1026/1026 1014/1014 1017/1017
f 1027/1027 1026/1026 1028/1028
f 1017/1017 1028/1028 1026/1026
f 1017/1017 1029/1029 1028/1028
f 1017/1017 1016/1016 1020/1020
f 1027/1027 1009/1009 1026/1026
f 1028/1028 1029/1029 1027/1027
f 1008/1008 1009/1009 1027/1027
f 1011/1011 1008/1008 1027/1027
f 1030/1030 1027/1027 1029/1029
f 1030/1030 1011/1011 1027/1027
f 1029/1029 1017/1017 1031/1031
f 1033/1033 1017/1017 1019/1019
f 1031/1031 1017/1017 1033/1033
f 1032/1032 1018/1018 1023/1023
f 1035/1035 1032/1032 1023/1023
f 1031/1031 1030/1030 1029/1029
f 1031/1031 1036/1036 1030/1030
f 1033/1033 1034/1034 1031/1031
f 1036/1036 1031/1031 1034/1034
f 511/511 1004/1004 545/545
f 1004/1004 1037/1037 545/545
f 548/548 545/545 1037/1037
f 1037/1037 1038/1038 548/548
f 1038/1038 1004/1004 1039/1039
f 1039/1039 1004/1004 1008/1008
f 1039/1039 1008/1008 1040/1040
f 556/556 548/548 1038/1038
f 1038/1038 1041/1041 556/556
f 556/556 1041/1041 557/557
f 557/557 1041/1041 558/558
f 1041/1041 1042/1042 558/558
f 1042/1042 1041/1041 1043/1043
f 1041/1041 1038/1038 1044/1044
f 1041/1041 1044/1044 1043/1043
f 1038/1038 1045/1045 1044/1044
f 1046/1046 1008/1008 1010/1010
f 1046/1046 1010/1010 1011/1011
f 1046/1046 1011/1011 1030/1030
f 1047/1047 1046/1046 1030/1030
f 1046/1046 1040/1040 1008/1008
f 1040/1040 1046/1046 1048/1048
f 1047/1047 1049/1049 1046/1046
f 1050/1050 1047/1047 1030/1030
f 1049/1049 1047/1047 1050/1050
f 1039/1039 1040/1040 1051/1051
f 1048/1048 1052/1052 1051/1051
f 1053/1053 1052/1052 1048/1048
f 1052/1052 1039/1039 1051/1051
f 1052/1052 1045/1045 1039/1039
f 1054/1054 1049/1049 1055/1055
f 1056/1056 1045/1045 1052/1052
f 1057/1057 1058/1058 1059/1059
f 1050/1050 1030/1030 1060/1060
f 1060/1060 1030/1030 1036/1036
f 1034/1034 1060/1060 1036/1036
f 1061/1061 1050/1050 1060/1060
f 1061/1061 1060/1060 1062/1062
f 1062/1062 1060/1060 1063/1063
f 1061/1061 1062/1062 1064/1064
f 1025/1025 930/930 1065/1065
f 1025/1025 1065/1065 1066/1066
f 1067/1067 1025/1025 1066/1066
f 1067/1067 1066/1066 1068/1068
f 1067/1067 1023/1023 1025/1025
f 1069/1069 1067/1067 1070/1070
f 1035/1035 1071/1071 1072/1072
f 1071/1071 1023/1023 1069/1069
f 1069/1069 1023/1023 1067/1067
f 1023/1023 1071/1071 1035/1035
f 1071/1071 1069/1069 1073/1073
f 1073/1073 1069/1069 1070/1070
f 1074/1074 1072/1072 1071/1071
f 1074/1074 1071/1071 1075/1075
f 1071/1071 1073/1073 1075/1075
f 1076/1076 1077/1077 1078/1078
f 1079/1079 1035/1035 1072/1072
f 1080/1080 1060/1060 1034/1034
f 1063/1063 1060/1060 1080/1080
f 1063/1063 1080/1080 1082/1082
f 1083/1083 1063/1063 1082/1082
f 1083/1083 1084/1084 1063/1063
f 1072/1072 1074/1074 1085/1085
f 1086/1086 1087/1087 1088/1088
f 1088/1088 1087/1087 1089/1089
f 1088/1088 1089/1089 1090/1090
f 1088/1088 1090/1090 1091/1091
f 1092/1092 1086/1086 1088/1088
f 1091/1091 1092/1092 1088/1088
f 1093/1093 1094/1094 1078/1078
f 1094/1094 1093/1093 1095/1095
f 1078/1078 1094/1094 1076/1076
f 1096/1096 1094/1094 1095/1095
f 1096/1096 1095/1095 1097/1097
f 1095/1095 1093/1093 1098/1098
f 1099/1099 1095/1095 1098/1098
f 1097/1097 1095/1095 1099/1099
f 1100/1100 1101/1101 1099/1099
f 1103/1103 1100/1100 1104/1104
f 1102/1102 1105/1105 1106/1106
f 1065/1065 955/955 1068/1068
f 1068/1068 955/955 1107/1107
f 1107/1107 955/955 961/961
f 1068/1068 1066/1066 1065/1065
f 961/961 1108/1108 1107/1107
f 1109/1109 1108/1108 1110/1110
f 965/965 1111/1111 960/960
f 1112/1112 1108/1108 960/960
f 1108/1108 1112/1112 1113/1113
f 1112/1112 960/960 1111/1111
f 1113/1113 1112/1112 1111/1111
f 1111/1111 963/963 966/966
f 1111/1111 965/965 963/963
f 1114/1114 1111/1111 966/966
f 1113/1113 1111/1111 1114/1114
f 1115/1115 1116/1116 1117/1117
f 1115/1115 1109/1109 1110/1110
f 1115/1115 1110/1110 1116/1116
f 1118/1118 1116/1116 1110/1110
f 1115/1115 1117/1117 1119/1119
f 1117/1117 1116/1116 1118/1118
f 1120/1120 1118/1118 1110/1110
f 1120/1120 1110/1110 1121/1121
f 1114/1114 1120/1120 1121/1121
f 1120/1120 1114/1114 1122/1122
f 1123/1123 1120/1120 1124/1124
f 1124/1124 1120/1120 1122/1122
f 1122/1122 1125/1125 1124/1124
f 966/966 967/967 986/986
f 1114/1114 966/966 986/986
f 1126/1126 986/986 985/985
f 985/985 1127/1127 1126/1126
f 1128/1128 990/990 1129/1129
f 990/990 1130/1130 1129/1129
f 1131/1131 1129/1129 1130/1130
f 1126/1126 1122/1122 1114/1114
f 1126/1126 1132/1132 1133/1133
f 1134/1134 1122/1122 1126/1126
f 1125/1125 1122/1122 1135/1135
f 1135/1135 1122/1122 1134/1134
f 1136/1136 1134/1134 1133/1133
f 1135/1135 1134/1134 1136/1136
f 1135/1135 1136/1136 1137/1137
f 1136/1136 1133/1133 1132/1132
f 1136/1136 1138/1138 1137/1137
f 1139/1139 1138/1138 1140/1140
f 1141/1141 1137/1137 1142/1142
f 1142/1142 1137/1137 1138/1138
f 1142/1142 1138/1138 1139/1139
f 1143/1143 1142/1142 1139/1139
f 1144/1144 1090/1090 1089/1089
f 1145/1145 1090/1090 1144/1144
f 1091/1091 1090/1090 1145/1145
f 1146/1146 1091/1091 1145/1145
f 1147/1147 1146/1146 1145/1145
f 1148/1148 1149/1149 1150/1150
f 1149/1149 1148/1148 1151/1151
f 1152/1152 1149/1149 1151/1151
f 1152/1152 1151/1151 1153/1153
f 1153/1153 1151/1151 1154/1154
f 1153/1153 1154/1154 1155/1155
f 1156/1156 1091/1091 1146/1146
f 1149/1149 1152/1152 1150/1150
f 1157/1157 1152/1152 1158/1158
f 1159/1159 1157/1157 1160/1160
f 1160/1160 1161/1161 1159/1159
f 1157/1157 1158/1158 1162/1162
f 1158/1158 1152/1152 1153/1153
f 1158/1158 1153/1153 1155/1155
f 1163/1163 1155/1155 1164/1164
f 1162/1162 1158/1158 1155/1155
f 1165/1165 1162/1162 1155/1155
f 1165/1165 1155/1155 1163/1163
f 1166/1166 1167/1167 1141/1141
f 1168/1168 1166/1166 1141/1141
f 1166/1166 1163/1163 1164/1164
f 1163/1163 1166/1166 1169/1169
f 1170/1170 1169/1169 1171/1171
f 1163/1163 1169/1169 1170/1170
f 1172/1172 1163/1163 1170/1170
f 1173/1173 1163/1163 1172/1172
f 1173/1173 1172/1172 1174/1174
f 1175/1175 1176/1176 1170/1170
f 1176/1176 1175/1175 1177/1177
f 1176/1176 1177/1177 1178/1178
f 1179/1179 1170/1170 1176/1176
f 1179/1179 1176/1176 1180/1180
f 1180/1180 1176/1176 1178/1178
f 1170/1170 1179/1179 1172/1172
f 1172/1172 1179/1179 1181/1181
f 1179/1179 1180/1180 1182/1182
f 1182/1182 1181/1181 1179/1179
f 179/179 171/171 752/752
f 753/753 179/179 752/752
f 385/385 179/179 753/753
f 750/750 754/754 752/752
f 750/750 819/819 868/868
f 754/754 750/750 868/868
f 784/784 782/782 789/789
f 771/771 778/778 784/784
f 784/784 789/789 800/800
f 781/781 784/784 1183/1183
f 1184/1184 781/781 1183/1183
f 1183/1183 784/784 1185/1185
f 1185/1185 784/784 800/800
f 789/789 790/790 800/800
f 1185/1185 800/800 803/803
f 801/801 804/804 803/803
f 819/819 822/822 868/868
f 867/867 821/821 1186/1186
f 1186/1186 821/821 823/823
f 781/781 1184/1184 825/825
f 825/825 826/826 815/815
f 1184/1184 826/826 825/825
f 1184/1184 1183/1183 1185/1185
f 827/827 826/826 828/828
f 826/826 1184/1184 828/828
f 828/828 1184/1184 830/830
f 823/823 820/820 824/824
f 831/831 823/823 824/824
f 1186/1186 823/823 1187/1187
f 1188/1188 1186/1186 1187/1187
f 1187/1187 914/914 1188/1188
f 831/831 1187/1187 823/823
f 1189/1189 1187/1187 831/831
f 914/914 1187/1187 1189/1189
f 827/827 829/829 1190/1190
f 827/827 1190/1190 831/831
f 1190/1190 829/829 833/833
f 1191/1191 1190/1190 833/833
f 1190/1190 1189/1189 831/831
f 1191/1191 1189/1189 1190/1190
f 1191/1191 915/915 1189/1189
f 832/832 830/830 835/835
f 1191/1191 833/833 1192/1192
f 915/915 1191/1191 1192/1192
f 834/834 1192/1192 833/833
f 1184/1184 1185/1185 841/841
f 841/841 1185/1185 803/803
f 841/841 803/803 804/804
f 830/830 1184/1184 841/841
f 804/804 838/838 841/841
f 835/835 830/830 841/841
f 840/840 835/835 841/841
f 849/849 840/840 843/843
f 840/840 849/849 835/835
f 1193/1193 384/384 863/863
f 386/386 384/384 1193/1193
f 869/869 386/386 1193/1193
f 863/863 874/874 1193/1193
f 869/869 1193/1193 874/874
f 874/874 863/863 864/864
f 865/865 874/874 864/864
f 874/874 865/865 881/881
f 869/869 391/391 386/386
f 391/391 872/872 887/887
f 887/887 872/872 873/873
f 880/880 866/866 883/883
f 880/880 884/884 876/876
f 875/875 879/879 894/894
f 876/876 884/884 878/878
f 884/884 904/904 878/878
f 664/664 391/391 887/887
f 885/885 887/887 882/882
f 882/882 887/887 873/873
f 418/418 663/663 664/664
f 418/418 664/664 887/887
f 886/886 895/895 418/418
f 886/886 885/885 892/892
f 892/892 885/885 889/889
f 875/875 894/894 882/882
f 895/895 666/666 419/419
f 895/895 896/896 666/666
f 899/899 886/886 892/892
f 667/667 666/666 896/896
f 667/667 896/896 898/898
f 899/899 892/892 891/891
f 900/900 899/899 891/891
f 894/894 879/879 893/893
f 908/908 878/878 905/905
f 909/909 893/893 879/879
f 878/878 908/908 910/910
f 907/907 930/930 908/908
f 912/912 908/908 930/930
f 1024/1024 910/910 911/911
f 1024/1024 911/911 912/912
f 1186/1186 1188/1188 867/867
f 1188/1188 866/866 867/867
f 1188/1188 914/914 883/883
f 914/914 1189/1189 915/915
f 883/883 866/866 1188/1188
f 913/913 883/883 914/914
f 925/925 913/913 915/915
f 915/915 1192/1192 834/834
f 915/915 834/834 920/920
f 921/921 925/925 915/915
f 915/915 920/920 921/921
f 913/913 925/925 919/919
f 919/919 925/925 1194/1194
f 924/924 1194/1194 925/925
f 904/904 884/884 926/926
f 1195/1195 926/926 916/916
f 1195/1195 916/916 918/918
f 1195/1195 918/918 1196/1196
f 1196/1196 918/918 919/919
f 904/904 926/926 1195/1195
f 904/904 1195/1195 906/906
f 906/906 1195/1195 1197/1197
f 1196/1196 1197/1197 1195/1195
f 1198/1198 1197/1197 1196/1196
f 1196/1196 919/919 1194/1194
f 1199/1199 1194/1194 1200/1200
f 1194/1194 924/924 1200/1200
f 1196/1196 1194/1194 1199/1199
f 1199/1199 1201/1201 1196/1196
f 1198/1198 1196/1196 1201/1201
f 945/945 906/906 1197/1197
f 1198/1198 945/945 1197/1197
f 907/907 906/906 928/928
f 906/906 945/945 928/928
f 931/931 928/928 945/945
f 907/907 928/928 930/930
f 1202/1202 1200/1200 924/924
f 1202/1202 924/924 923/923
f 1202/1202 923/923 939/939
f 1203/1203 1200/1200 1202/1202
f 1199/1199 1200/1200 1203/1203
f 1201/1201 1199/1199 1204/1204
f 1204/1204 1199/1199 1203/1203
f 1205/1205 1203/1203 1202/1202
f 1205/1205 1202/1202 942/942
f 1204/1204 1203/1203 1205/1205
f 1206/1206 1204/1204 1205/1205
f 1206/1206 1205/1205 942/942
f 1206/1206 942/942 968/968
f 922/922 933/933 923/923
f 939/939 923/923 933/933
f 933/933 932/932 935/935
f 1207/1207 936/936 938/938
f 1207/1207 938/938 1208/1208
f 939/939 935/935 943/943
f 942/942 1202/1202 939/939
f 940/940 942/942 939/939
f 940/940 939/939 943/943
f 943/943 973/973 969/969
f 940/940 943/943 969/969
f 973/973 943/943 936/936
f 973/973 936/936 1207/1207
f 1208/1208 973/973 1207/1207
f 1209/1209 973/973 1208/1208
f 975/975 969/969 973/973
f 1209/1209 974/974 973/973
f 945/945 1198/1198 946/946
f 954/954 929/929 931/931
f 947/947 954/954 931/931
f 946/946 1198/1198 1201/1201
f 1210/1210 946/946 1201/1201
f 1210/1210 1201/1201 1204/1204
f 1210/1210 1204/1204 1206/1206
f 950/950 946/946 1210/1210
f 950/950 1210/1210 968/968
f 968/968 1210/1210 1206/1206
f 950/950 968/968 952/952
f 947/947 949/949 954/954
f 949/949 953/953 954/954
f 1065/1065 930/930 929/929
f 929/929 955/955 1065/1065
f 953/953 1211/1211 955/955
f 1211/1211 953/953 949/949
f 1211/1211 949/949 956/956
f 961/961 955/955 1211/1211
f 1211/1211 956/956 961/961
f 956/956 959/959 961/961
f 949/949 948/948 951/951
f 951/951 957/957 949/949
f 956/956 949/949 957/957
f 956/956 958/958 959/959
f 941/941 952/952 968/968
f 941/941 969/969 964/964
f 971/971 964/964 969/969
f 964/964 971/971 970/970
f 976/976 977/977 979/979
f 970/970 1212/1212 984/984
f 983/983 984/984 1212/1212
f 983/983 1212/1212 985/985
f 970/970 978/978 991/991
f 970/970 991/991 1212/1212
f 991/991 985/985 1212/1212
f 991/991 978/978 988/988
f 1003/1003 1002/1002 509/509
f 996/996 1003/1003 509/509
f 996/996 999/999 1004/1004
f 1004/1004 1003/1003 996/996
f 993/993 667/667 898/898
f 901/901 1012/1012 898/898
f 998/998 898/898 1012/1012
f 901/901 902/902 1012/1012
f 903/903 1012/1012 902/902
f 1012/1012 903/903 1015/1015
f 1015/1015 903/903 909/909
f 1016/1016 1015/1015 909/909
f 909/909 1020/1020 1016/1016
f 1024/1024 1021/1021 910/910
f 1024/1024 912/912 930/930
f 1024/1024 930/930 1025/1025
f 1017/1017 1020/1020 1019/1019
f 1038/1038 1037/1037 1004/1004
f 1007/1007 1008/1008 1004/1004
f 1045/1045 1038/1038 1039/1039
f 1045/1045 1213/1213 1044/1044
f 1056/1056 1213/1213 1045/1045
f 1051/1051 1040/1040 1048/1048
f 1046/1046 1049/1049 1048/1048
f 1055/1055 1049/1049 1050/1050
f 1055/1055 1050/1050 1061/1061
f 1049/1049 1054/1054 1048/1048
f 1054/1054 1053/1053 1048/1048
f 1056/1056 1052/1052 1214/1214
f 1214/1214 1052/1052 1053/1053
f 1214/1214 1053/1053 1215/1215
f 1054/1054 1215/1215 1053/1053
f 1054/1054 1055/1055 1059/1059
f 1059/1059 1055/1055 1064/1064
f 1061/1061 1064/1064 1055/1055
f 1215/1215 1054/1054 1059/1059
f 1058/1058 1215/1215 1059/1059
f 1215/1215 1216/1216 1214/1214
f 1216/1216 1215/1215 1058/1058
f 1077/1077 1059/1059 1064/1064
f 1077/1077 1064/1064 1078/1078
f 1057/1057 1059/1059 1077/1077
f 1025/1025 1023/1023 1022/1022
f 1067/1067 1068/1068 1070/1070
f 1073/1073 1070/1070 1217/1217
f 1218/1218 1073/1073 1217/1217
f 1075/1075 1073/1073 1218/1218
f 1075/1075 1085/1085 1074/1074
f 1219/1219 1075/1075 1218/1218
f 1085/1085 1075/1075 1220/1220
f 1220/1220 1075/1075 1219/1219
f 1079/1079 1072/1072 1081/1081
f 1222/1222 1083/1083 1082/1082
f 1081/1081 1072/1072 1085/1085
f 1081/1081 1085/1085 1223/1223
f 1220/1220 1223/1223 1085/1085
f 1223/1223 1220/1220 1089/1089
f 1089/1089 1220/1220 1219/1219
f 1223/1223 1224/1224 1081/1081
f 1224/1224 1221/1221 1081/1081
f 1224/1224 1223/1223 1086/1086
f 1087/1087 1223/1223 1089/1089
f 1087/1087 1086/1086 1223/1223
f 1063/1063 1084/1084 1062/1062
f 1064/1064 1062/1062 1078/1078
f 1084/1084 1093/1093 1062/1062
f 1084/1084 1083/1083 1222/1222
f 1098/1098 1093/1093 1084/1084
f 1093/1093 1078/1078 1062/1062
f 1098/1098 1084/1084 1222/1222
f 1098/1098 1222/1222 1225/1225
f 1098/1098 1225/1225 1104/1104
f 1104/1104 1099/1099 1098/1098
f 1100/1100 1099/1099 1104/1104
f 1224/1224 1086/1086 1092/1092
f 1226/1226 1221/1221 1224/1224
f 1226/1226 1224/1224 1092/1092
f 1227/1227 1105/1105 1092/1092
f 1092/1092 1091/1091 1227/1227
f 1105/1105 1226/1226 1092/1092
f 1105/1105 1227/1227 1228/1228
f 1228/1228 1227/1227 1156/1156
f 1103/1103 1104/1104 1225/1225
f 1105/1105 1102/1102 1226/1226
f 1228/1228 1106/1106 1105/1105
f 1106/1106 1228/1228 1229/1229
f 1229/1229 1228/1228 1159/1159
f 1229/1229 1159/1159 1161/1161
f 1108/1108 1070/1070 1107/1107
f 1070/1070 1068/1068 1107/1107
f 960/960 1108/1108 961/961
f 1115/1115 1070/1070 1109/1109
f 1070/1070 1108/1108 1109/1109
f 1108/1108 1113/1113 1110/1110
f 1110/1110 1113/1113 1121/1121
f 1121/1121 1113/1113 1114/1114
f 1115/1115 1217/1217 1070/1070
f 1115/1115 1218/1218 1217/1217
f 1219/1219 1218/1218 1115/1115
f 1119/1119 1219/1219 1115/1115
f 1118/1118 1230/1230 1117/1117
f 1117/1117 1230/1230 1119/1119
f 1118/1118 1120/1120 1123/1123
f 1230/1230 1118/1118 1123/1123
f 1123/1123 1231/1231 1230/1230
f 1232/1232 1231/1231 1123/1123
f 1233/1233 1231/1231 1232/1232
f 1232/1232 1123/1123 1234/1234
f 1234/1234 1123/1123 1124/1124
f 1233/1233 1232/1232 1234/1234
f 1234/1234 1124/1124 1125/1125
f 1235/1235 1234/1234 1125/1125
f 986/986 1126/1126 1114/1114
f 1128/1128 985/985 990/990
f 985/985 1128/1128 1127/1127
f 1128/1128 1140/1140 1127/1127
f 1128/1128 1129/1129 1131/1131
f 1140/1140 1128/1128 1131/1131
f 1126/1126 1127/1127 1132/1132
f 1134/1134 1126/1126 1133/1133
f 1132/1132 1127/1127 1140/1140
f 1235/1235 1125/1125 1167/1167
f 1167/1167 1125/1125 1135/1135
f 1141/1141 1167/1167 1135/1135
f 1136/1136 1132/1132 1138/1138
f 1140/1140 1138/1138 1132/1132
f 1141/1141 1135/1135 1137/1137
f 1236/1236 1141/1141 1142/1142
f 1142/1142 1143/1143 1237/1237
f 1219/1219 1119/1119 1144/1144
f 1089/1089 1219/1219 1144/1144
f 1144/1144 1119/1119 1230/1230
f 1231/1231 1233/1233 1230/1230
f 1144/1144 1230/1230 1233/1233
f 1145/1145 1144/1144 1147/1147
f 1156/1156 1227/1227 1091/1091
f 1151/1151 1144/1144 1233/1233
f 1150/1150 1147/1147 1148/1148
f 1147/1147 1150/1150 1146/1146
f 1148/1148 1147/1147 1144/1144
f 1148/1148 1144/1144 1151/1151
f 1238/1238 1233/1233 1234/1234
f 1151/1151 1233/1233 1238/1238
f 1154/1154 1238/1238 1235/1235
f 1235/1235 1238/1238 1234/1234
f 1151/1151 1238/1238 1154/1154
f 1155/1155 1154/1154 1166/1166
f 1157/1157 1146/1146 1150/1150
f 1157/1157 1156/1156 1146/1146
f 1228/1228 1156/1156 1159/1159
f 1159/1159 1156/1156 1157/1157
f 1150/1150 1152/1152 1157/1157
f 1235/1235 1167/1167 1166/1166
f 1166/1166 1154/1154 1235/1235
f 1155/1155 1166/1166 1164/1164
f 1169/1169 1166/1166 1168/1168
f 1168/1168 1141/1141 1236/1236
f 1236/1236 1142/1142 1237/1237
f 1237/1237 1143/1143 1239/1239
f 1175/1175 1169/1169 1168/1168
f 1236/1236 1177/1177 1168/1168
f 1175/1175 1168/1168 1177/1177
f 1171/1171 1169/1169 1175/1175
f 1177/1177 1236/1236 1237/1237
f 1178/1178 1177/1177 1240/1240
f 1175/1175 1170/1170 1171/1171
f 11/11 1241/1241 12/12
f 1242/1242 12/12 1241/1241
f 1243/1243 1242/1242 1241/1241
f 26/26 1244/1244 14/14
f 1245/1245 1244/1244 26/26
f 14/14 1244/1244 11/11
f 1245/1245 26/26 28/28
f 1246/1246 1244/1244 1245/1245
f 1247/1247 1244/1244 1246/1246
f 1247/1247 11/11 1244/1244
f 11/11 1247/1247 1241/1241
f 1246/1246 1248/1248 1247/1247
f 1247/1247 1249/1249 1241/1241
f 28/28 1250/1250 1245/1245
f 1251/1251 28/28 29/29
f 331/331 1251/1251 29/29
f 1250/1250 1246/1246 1245/1245
f 28/28 1251/1251 1250/1250
f 1250/1250 1252/1252 1246/1246
f 1253/1253 1252/1252 1250/1250
f 1251/1251 1253/1253 1250/1250
f 1252/1252 1253/1253 1254/1254
f 1252/1252 1254/1254 1255/1255
f 1248/1248 1249/1249 1247/1247
f 1248/1248 1246/1246 1252/1252
f 1248/1248 1252/1252 1256/1256
f 1248/1248 1256/1256 1249/1249
f 1249/1249 1243/1243 1241/1241
f 1256/1256 1257/1257 1249/1249
f 1243/1243 1249/1249 1257/1257
f 1258/1258 1256/1256 1252/1252
f 1252/1252 1255/1255 1258/1258
f 1243/1243 1257/1257 1259/1259
f 1259/1259 1257/1257 1260/1260
f 1261/1261 1242/1242 1259/1259
f 1260/1260 1256/1256 1258/1258
f 1257/1257 1256/1256 1260/1260
f 1262/1262 1259/1259 1260/1260
f 1260/1260 1258/1258 1263/1263
f 1261/1261 1259/1259 1264/1264
f 1260/1260 1263/1263 1265/1265
f 1266/1266 1265/1265 1263/1263
f 1259/1259 1262/1262 1264/1264
f 1265/1265 1262/1262 1260/1260
f 1262/1262 1267/1267 1264/1264
f 1265/1265 1268/1268 1262/1262
f 1269/1269 1265/1265 1266/1266
f 1269/1269 1268/1268 1265/1265
f 1268/1268 1267/1267 1262/1262
f 1270/1270 1271/1271 75/75
f 1271/1271 74/74 75/75
f 246/246 259/259 257/257
f 1272/1272 265/265 264/264
f 1273/1273 289/289 243/243
f 1273/1273 1274/1274 289/289
f 1242/1242 243/243 12/12
f 243/243 1242/1242 1273/1273
f 1274/1274 245/245 289/289
f 245/245 1274/1274 1275/1275
f 246/246 245/245 1275/1275
f 246/246 1275/1275 1276/1276
f 1277/1277 1275/1275 1274/1274
f 1274/1274 1273/1273 1277/1277
f 1278/1278 1276/1276 1275/1275
f 1275/1275 1277/1277 1278/1278
f 1279/1279 1276/1276 1278/1278
f 1278/1278 1280/1280 1279/1279
f 1242/1242 1281/1281 1273/1273
f 1277/1277 1282/1282 1278/1278
f 1280/1280 1278/1278 1282/1282
f 1283/1283 1277/1277 1273/1273
f 1273/1273 1281/1281 1283/1283
f 1282/1282 1277/1277 1283/1283
f 1282/1282 1284/1284 1280/1280
f 1284/1284 1282/1282 1285/1285
f 1286/1286 1284/1284 1285/1285
f 259/259 246/246 1276/1276
f 1279/1279 259/259 1276/1276
f 1287/1287 260/260 259/259
f 259/259 1279/1279 1287/1287
f 260/260 1287/1287 264/264
f 1288/1288 1287/1287 1279/1279
f 1279/1279 1280/1280 1288/1288
f 1289/1289 1287/1287 1288/1288
f 1280/1280 1284/1284 1288/1288
f 1290/1290 1288/1288 1284/1284
f 1289/1289 1288/1288 1290/1290
f 1289/1289 264/264 1287/1287
f 1272/1272 264/264 1289/1289
f 1289/1289 1291/1291 1272/1272
f 1285/1285 1282/1282 1283/1283
f 1292/1292 1283/1283 1281/1281
f 1285/1285 1283/1283 1292/1292
f 1286/1286 1285/1285 1293/1293
f 1285/1285 1292/1292 1293/1293
f 1294/1294 1293/1293 1292/1292
f 1293/1293 1295/1295 1286/1286
f 1294/1294 1296/1296 1293/1293
f 1294/1294 1297/1297 1296/1296
f 1243/1243 1259/1259 1242/1242
f 1242/1242 1261/1261 1281/1281
f 1294/1294 1292/1292 1281/1281
f 1281/1281 1297/1297 1294/1294
f 1281/1281 1261/1261 1297/1297
f 1284/1284 1286/1286 1290/1290
f 1295/1295 1290/1290 1286/1286
f 1298/1298 1290/1290 1295/1295
f 1289/1289 1290/1290 1299/1299
f 1298/1298 1299/1299 1290/1290
f 1289/1289 1299/1299 1291/1291
f 1291/1291 1299/1299 1300/1300
f 1301/1301 1299/1299 1298/1298
f 1298/1298 1295/1295 1301/1301
f 1301/1301 1295/1295 1302/1302
f 1299/1299 1301/1301 1303/1303
f 1304/1304 1299/1299 1303/1303
f 265/265 324/324 323/323
f 1305/1305 324/324 265/265
f 320/320 324/324 1306/1306
f 1306/1306 324/324 1305/1305
f 265/265 1307/1307 1305/1305
f 265/265 1272/1272 1307/1307
f 1305/1305 1308/1308 1306/1306
f 1309/1309 1305/1305 1307/1307
f 1305/1305 1310/1310 1308/1308
f 1311/1311 325/325 321/321
f 1312/1312 1311/1311 321/321
f 1311/1311 1312/1312 1313/1313
f 325/325 1314/1314 326/326
f 75/75 71/71 326/326
f 326/326 1314/1314 75/75
f 1314/1314 1270/1270 75/75
f 1270/1270 1314/1314 1315/1315
f 1315/1315 1316/1316 1270/1270
f 1316/1316 1271/1271 1270/1270
f 1315/1315 1317/1317 1316/1316
f 325/325 1315/1315 1314/1314
f 1311/1311 1315/1315 325/325
f 1315/1315 1311/1311 1313/1313
f 1316/1316 1318/1318 1271/1271
f 1316/1316 1317/1317 1319/1319
f 1317/1317 1315/1315 1320/1320
f 1313/1313 1320/1320 1315/1315
f 1321/1321 1320/1320 1313/1313
f 1322/1322 1320/1320 1321/1321
f 1317/1317 1322/1322 1319/1319
f 1317/1317 1320/1320 1322/1322
f 321/321 320/320 1312/1312
f 1310/1310 1313/1313 1308/1308
f 1310/1310 1321/1321 1313/1313
f 1323/1323 1309/1309 1307/1307
f 1305/1305 1309/1309 1310/1310
f 1309/1309 1324/1324 1310/1310
f 1324/1324 1325/1325 1326/1326
f 1322/1322 1321/1321 1327/1327
f 1319/1319 1322/1322 1328/1328
f 1329/1329 1328/1328 1322/1322
f 1322/1322 1327/1327 1329/1329
f 1329/1329 1327/1327 1330/1330
f 1331/1331 1328/1328 1329/1329
f 1330/1330 1331/1331 1329/1329
f 1331/1331 1332/1332 1333/1333
f 1333/1333 1332/1332 1334/1334
f 1335/1335 1333/1333 1334/1334
f 1336/1336 1334/1334 1332/1332
f 1326/1326 1321/1321 1310/1310
f 1310/1310 1324/1324 1326/1326
f 1326/1326 1327/1327 1321/1321
f 1326/1326 1337/1337 1327/1327
f 1338/1338 1326/1326 1325/1325
f 1339/1339 1326/1326 1338/1338
f 1339/1339 1337/1337 1326/1326
f 1337/1337 1330/1330 1327/1327
f 1330/1330 1337/1337 1340/1340
f 1330/1330 1340/1340 1332/1332
f 1340/1340 1337/1337 1339/1339
f 1323/1323 1307/1307 1272/1272
f 1323/1323 1272/1272 1300/1300
f 1291/1291 1300/1300 1272/1272
f 1309/1309 1323/1323 1324/1324
f 1341/1341 1323/1323 1300/1300
f 1341/1341 1300/1300 1304/1304
f 1299/1299 1304/1304 1300/1300
f 1303/1303 1342/1342 1304/1304
f 1341/1341 1324/1324 1323/1323
f 1325/1325 1324/1324 1341/1341
f 1304/1304 1343/1343 1341/1341
f 1341/1341 1344/1344 1325/1325
f 1264/1264 1345/1345 1261/1261
f 1261/1261 1345/1345 1297/1297
f 1346/1346 1264/1264 1267/1267
f 1268/1268 1346/1346 1267/1267
f 1346/1346 1268/1268 1347/1347
f 1348/1348 1296/1296 1297/1297
f 1348/1348 1297/1297 1345/1345
f 1346/1346 1349/1349 1264/1264
f 1350/1350 1346/1346 1347/1347
f 1264/1264 1351/1351 1345/1345
f 1349/1349 1351/1351 1264/1264
f 1346/1346 1350/1350 1349/1349
f 1349/1349 1350/1350 1352/1352
f 1350/1350 1353/1353 1352/1352
f 1354/1354 1348/1348 1345/1345
f 1351/1351 1355/1355 1345/1345
f 1356/1356 1355/1355 1351/1351
f 1357/1357 1358/1358 1348/1348
f 1357/1357 1348/1348 1354/1354
f 1359/1359 1302/1302 1360/1360
f 1357/1357 1360/1360 1358/1358
f 1359/1359 1360/1360 1361/1361
f 1357/1357 1361/1361 1360/1360
f 1362/1362 1301/1301 1302/1302
f 1362/1362 1303/1303 1301/1301
f 1303/1303 1362/1362 1363/1363
f 1364/1364 1359/1359 1361/1361
f 1364/1364 1365/1365 1359/1359
f 1357/1357 1354/1354 1366/1366
f 1357/1357 1364/1364 1361/1361
f 1364/1364 1357/1357 1366/1366
f 1367/1367 1365/1365 1364/1364
f 1366/1366 1354/1354 1368/1368
f 1367/1367 1364/1364 1369/1369
f 1364/1364 1366/1366 1369/1369
f 1296/1296 1348/1348 1358/1358
f 1345/1345 1355/1355 1354/1354
f 1370/1370 1352/1352 1353/1353
f 1371/1371 1356/1356 1351/1351
f 1372/1372 1349/1349 1352/1352
f 1372/1372 1351/1351 1349/1349
f 1371/1371 1351/1351 1372/1372
f 1373/1373 1371/1371 1372/1372
f 1352/1352 1370/1370 1372/1372
f 1370/1370 1373/1373 1372/1372
f 1356/1356 1371/1371 1374/1374
f 1373/1373 1370/1370 1375/1375
f 1376/1376 1375/1375 1370/1370
f 1374/1374 1371/1371 1373/1373
f 1375/1375 1377/1377 1373/1373
f 1377/1377 1374/1374 1373/1373
f 1378/1378 1379/1379 1375/1375
f 1379/1379 1377/1377 1375/1375
f 1379/1379 1380/1380 1377/1377
f 1381/1381 1366/1366 1368/1368
f 1382/1382 1381/1381 1368/1368
f 1381/1381 1382/1382 1383/1383
f 1382/1382 1384/1384 1383/1383
f 1354/1354 1355/1355 1368/1368
f 1356/1356 1374/1374 1385/1385
f 1356/1356 1385/1385 1386/1386
f 1386/1386 1387/1387 1355/1355
f 1386/1386 1355/1355 1356/1356
f 1374/1374 1377/1377 1385/1385
f 1385/1385 1377/1377 1380/1380
f 1368/1368 1355/1355 1388/1388
f 1368/1368 1388/1388 1382/1382
f 1388/1388 1355/1355 1387/1387
f 1382/1382 1388/1388 1384/1384
f 1389/1389 1386/1386 1385/1385
f 1386/1386 1389/1389 1390/1390
f 1387/1387 1386/1386 1390/1390
f 1391/1391 1390/1390 1389/1389
f 1392/1392 1391/1391 1389/1389
f 1380/1380 1392/1392 1385/1385
f 1394/1394 1392/1392 1380/1380
f 1379/1379 1396/1396 1380/1380
f 1394/1394 1380/1380 1396/1396
f 1397/1397 1395/1395 1396/1396
f 1398/1398 1395/1395 1397/1397
f 1385/1385 1392/1392 1389/1389
f 1398/1398 1393/1393 1395/1395
f 1397/1397 1399/1399 1398/1398
f 1393/1393 1398/1398 1400/1400
f 1399/1399 1400/1400 1398/1398
f 1401/1401 1388/1388 1387/1387
f 1401/1401 1384/1384 1388/1388
f 1402/1402 1401/1401 1387/1387
f 1403/1403 1405/1405 1391/1391
f 1391/1391 1392/1392 1403/1403
f 1387/1387 1405/1405 1402/1402
f 1406/1406 1402/1402 1405/1405
f 1405/1405 1403/1403 1406/1406
f 1408/1408 1407/1407 1404/1404
f 1408/1408 1409/1409 1407/1407
f 1410/1410 1409/1409 1408/1408
f 1411/1411 1409/1409 1410/1410
f 1393/1393 1400/1400 1404/1404
f 1400/1400 1408/1408 1404/1404
f 1399/1399 1412/1412 1400/1400
f 1413/1413 1412/1412 1399/1399
f 1412/1412 1408/1408 1400/1400
f 1412/1412 1410/1410 1408/1408
f 1414/1414 1410/1410 1412/1412
f 1412/1412 1413/1413 1414/1414
f 1414/1414 1413/1413 1415/1415
f 1338/1338 1325/1325 1344/1344
f 1416/1416 1417/1417 1418/1418
f 1417/1417 1416/1416 1419/1419
f 1420/1420 1339/1339 1338/1338
f 1421/1421 1420/1420 1338/1338
f 1421/1421 1338/1338 1422/1422
f 1420/1420 1336/1336 1340/1340
f 1420/1420 1423/1423 1336/1336
f 1420/1420 1421/1421 1423/1423
f 1424/1424 1334/1334 1336/1336
f 1420/1420 1340/1340 1339/1339
f 1425/1425 1423/1423 1421/1421
f 1425/1425 1418/1418 1417/1417
f 1425/1425 1421/1421 1418/1418
f 1424/1424 1423/1423 1425/1425
f 1426/1426 1425/1425 1417/1417
f 1426/1426 1417/1417 1419/1419
f 1424/1424 1425/1425 1426/1426
f 1424/1424 1336/1336 1423/1423
f 1335/1335 1334/1334 1424/1424
f 1335/1335 1424/1424 1426/1426
f 1426/1426 1427/1427 1335/1335
f 1427/1427 1426/1426 1428/1428
f 1430/1430 1427/1427 1428/1428
f 1427/1427 1431/1431 1433/1433
f 1431/1431 1427/1427 1430/1430
f 1434/1434 1432/1432 1429/1429
f 1435/1435 1432/1432 1434/1434
f 1434/1434 1436/1436 1435/1435
f 1432/1432 1435/1435 1437/1437
f 1437/1437 1435/1435 1438/1438
f 1304/1304 1342/1342 1343/1343
f 1342/1342 1303/1303 1363/1363
f 1439/1439 1342/1342 1363/1363
f 1439/1439 1363/1363 1365/1365
f 1344/1344 1341/1341 1343/1343
f 1343/1343 1342/1342 1439/1439
f 1422/1422 1344/1344 1343/1343
f 1422/1422 1338/1338 1344/1344
f 1422/1422 1343/1343 1440/1440
f 1441/1441 1442/1442 1439/1439
f 1439/1439 1442/1442 1443/1443
f 1444/1444 1442/1442 1441/1441
f 1441/1441 1369/1369 1444/1444
f 1367/1367 1439/1439 1365/1365
f 1367/1367 1441/1441 1439/1439
f 1441/1441 1367/1367 1369/1369
f 1445/1445 1369/1369 1366/1366
f 1366/1366 1381/1381 1445/1445
f 1442/1442 1416/1416 1443/1443
f 1440/1440 1443/1443 1416/1416
f 1443/1443 1440/1440 1343/1343
f 1416/1416 1418/1418 1440/1440
f 1446/1446 1419/1419 1447/1447
f 1442/1442 1448/1448 1416/1416
f 1448/1448 1447/1447 1416/1416
f 1416/1416 1447/1447 1419/1419
f 1421/1421 1422/1422 1440/1440
f 1421/1421 1440/1440 1418/1418
f 1449/1449 1445/1445 1381/1381
f 1381/1381 1383/1383 1449/1449
f 1450/1450 1445/1445 1449/1449
f 1450/1450 1449/1449 1451/1451
f 1452/1452 1451/1451 1449/1449
f 1452/1452 1453/1453 1451/1451
f 1454/1454 1453/1453 1452/1452
f 1449/1449 1383/1383 1452/1452
f 1383/1383 1454/1454 1452/1452
f 1455/1455 1383/1383 1384/1384
f 1383/1383 1455/1455 1454/1454
f 1455/1455 1456/1456 1454/1454
f 1457/1457 1428/1428 1446/1446
f 1428/1428 1457/1457 1458/1458
f 1419/1419 1446/1446 1428/1428
f 1426/1426 1419/1419 1428/1428
f 1458/1458 1457/1457 1459/1459
f 1458/1458 1459/1459 1460/1460
f 1461/1461 1455/1455 1384/1384
f 1462/1462 1455/1455 1461/1461
f 1462/1462 1456/1456 1455/1455
f 1463/1463 1462/1462 1461/1461
f 1461/1461 1402/1402 1465/1465
f 1461/1461 1465/1465 1463/1463
f 1465/1465 1466/1466 1463/1463
f 1428/1428 1458/1458 1468/1468
f 1462/1462 1463/1463 1456/1456
f 1466/1466 1460/1460 1470/1470
f 1468/1468 1460/1460 1466/1466
f 1458/1458 1460/1460 1468/1468
f 1470/1470 1463/1463 1466/1466
f 1467/1467 1471/1471 1469/1469
f 1471/1471 1467/1467 1472/1472
f 1473/1473 1471/1471 1472/1472
f 1472/1472 1467/1467 1464/1464
f 1473/1473 1472/1472 1474/1474
f 1469/1469 1471/1471 1475/1475
f 1471/1471 1473/1473 1476/1476
f 1402/1402 1461/1461 1401/1401
f 1402/1402 1406/1406 1465/1465
f 1407/1407 1409/1409 1472/1472
f 1407/1407 1472/1472 1464/1464
f 1472/1472 1409/1409 1477/1477
f 1409/1409 1411/1411 1478/1478
f 1474/1474 1472/1472 1477/1477
f 1479/1479 1429/1429 1469/1469
f 1468/1468 1430/1430 1428/1428
f 1479/1479 1434/1434 1429/1429
f 1436/1436 1434/1434 1480/1480
f 1471/1471 1479/1479 1475/1475
f 1475/1475 1479/1479 1469/1469
f 1481/1481 1479/1479 1471/1471
f 1471/1471 1476/1476 1481/1481
f 1479/1479 1480/1480 1434/1434
f 1481/1481 1480/1480 1479/1479
f 1482/1482 1483/1483 1481/1481
f 1484/1484 1481/1481 1476/1476
f 1481/1481 1484/1484 1482/1482
f 1482/1482 1485/1485 1486/1486
f 1435/1435 1436/1436 1487/1487
f 1436/1436 1480/1480 1487/1487
f 1483/1483 1480/1480 1481/1481
f 1487/1487 1480/1480 1483/1483
f 1488/1488 1487/1487 1483/1483
f 1435/1435 1487/1487 1438/1438
f 1487/1487 1489/1489 1438/1438
f 1490/1490 1438/1438 1489/1489
f 1491/1491 1490/1490 1489/1489
f 1487/1487 1488/1488 1489/1489
f 1488/1488 1492/1492 1489/1489
f 1491/1491 1489/1489 1492/1492
f 1491/1491 1492/1492 1493/1493
f 1483/1483 1482/1482 1488/1488
f 1486/1486 1488/1488 1482/1482
f 1488/1488 1486/1486 1494/1494
f 1494/1494 1492/1492 1488/1488
f 1495/1495 1492/1492 1494/1494
f 1495/1495 1493/1493 1492/1492
f 1496/1496 1493/1493 1495/1495
f 1495/1495 1497/1497 1496/1496
f 1497/1497 1495/1495 1494/1494
f 1498/1498 1499/1499 1500/1500
f 1498/1498 1500/1500 1501/1501
f 1501/1501 1500/1500 1502/1502
f 1494/1494 1499/1499 1498/1498
f 1497/1497 1503/1503 1496/1496
f 1498/1498 1497/1497 1494/1494
f 1504/1504 1497/1497 1505/1505
f 1505/1505 1497/1497 1498/1498
f 1506/1506 1501/1501 1502/1502
f 1501/1501 1505/1505 1498/1498
f 1507/1507 1504/1504 1505/1505
f 1414/1414 1411/1411 1410/1410
f 1508/1508 1473/1473 1509/1509
f 1508/1508 1476/1476 1473/1473
f 1510/1510 1484/1484 1508/1508
f 1511/1511 1474/1474 1477/1477
f 1478/1478 1477/1477 1409/1409
f 1511/1511 1477/1477 1478/1478
f 1512/1512 1511/1511 1478/1478
f 1411/1411 1414/1414 1478/1478
f 1478/1478 1414/1414 1512/1512
f 1414/1414 1415/1415 1513/1513
f 1414/1414 1513/1513 1514/1514
f 1512/1512 1414/1414 1514/1514
f 1512/1512 1514/1514 1515/1515
f 1473/1473 1474/1474 1509/1509
f 1516/1516 1509/1509 1474/1474
f 1517/1517 1516/1516 1474/1474
f 1517/1517 1518/1518 1516/1516
f 1517/1517 1474/1474 1511/1511
f 1512/1512 1517/1517 1511/1511
f 1519/1519 1517/1517 1512/1512
f 1519/1519 1518/1518 1517/1517
f 1509/1509 1518/1518 1508/1508
f 1518/1518 1509/1509 1516/1516
f 1518/1518 1510/1510 1508/1508
f 1518/1518 1519/1519 1520/1520
f 1518/1518 1520/1520 1521/1521
f 1519/1519 1512/1512 1515/1515
f 1515/1515 1520/1520 1519/1519
f 1522/1522 1515/1515 1523/1523
f 1522/1522 1500/1500 1520/1520
f 1522/1522 1520/1520 1515/1515
f 1484/1484 1476/1476 1508/1508
f 1510/1510 1485/1485 1484/1484
f 1485/1485 1510/1510 1524/1524
f 1484/1484 1485/1485 1482/1482
f 1499/1499 1486/1486 1485/1485
f 1494/1494 1486/1486 1499/1499
f 1510/1510 1518/1518 1521/1521
f 1510/1510 1521/1521 1524/1524
f 1524/1524 1499/1499 1485/1485
f 1499/1499 1524/1524 1521/1521
f 1500/1500 1499/1499 1521/1521
f 1500/1500 1521/1521 1520/1520
f 331/331 30/30 333/333
f 331/331 338/338 1525/1525
f 1526/1526 1525/1525 338/338
f 331/331 1525/1525 1251/1251
f 1527/1527 1528/1528 1526/1526
f 1251/1251 1525/1525 1529/1529
f 1251/1251 1529/1529 1253/1253
f 1529/1529 1254/1254 1253/1253
f 1530/1530 1254/1254 1529/1529
f 1528/1528 1529/1529 1525/1525
f 1525/1525 1526/1526 1528/1528
f 1529/1529 1528/1528 1531/1531
f 1531/1531 1530/1530 1529/1529
f 1532/1532 1531/1531 1528/1528
f 1526/1526 645/645 1527/1527
f 1528/1528 1527/1527 1533/1533
f 1533/1533 1532/1532 1528/1528
f 1534/1534 1531/1531 1532/1532
f 1532/1532 1533/1533 1535/1535
f 1536/1536 1535/1535 1533/1533
f 1535/1535 1534/1534 1532/1532
f 1527/1527 1537/1537 1533/1533
f 1537/1537 1538/1538 1539/1539
f 1536/1536 1533/1533 1537/1537
f 1539/1539 1536/1536 1537/1537
f 1255/1255 1254/1254 1540/1540
f 1530/1530 1540/1540 1254/1254
f 1530/1530 1541/1541 1540/1540
f 1255/1255 1540/1540 1542/1542
f 1541/1541 1542/1542 1540/1540
f 1543/1543 1530/1530 1531/1531
f 1258/1258 1255/1255 1542/1542
f 1258/1258 1542/1542 1263/1263
f 1543/1543 1541/1541 1530/1530
f 1544/1544 1541/1541 1543/1543
f 1545/1545 1543/1543 1531/1531
f 1545/1545 1531/1531 1534/1534
f 1541/1541 1546/1546 1542/1542
f 1263/1263 1542/1542 1546/1546
f 1266/1266 1263/1263 1546/1546
f 1544/1544 1546/1546 1541/1541
f 1547/1547 1266/1266 1546/1546
f 1548/1548 1546/1546 1544/1544
f 1548/1548 1547/1547 1546/1546
f 1266/1266 1547/1547 1549/1549
f 1550/1550 1549/1549 1547/1547
f 1544/1544 1543/1543 1548/1548
f 1545/1545 1551/1551 1543/1543
f 1551/1551 1548/1548 1543/1543
f 1547/1547 1548/1548 1550/1550
f 1548/1548 1552/1552 1550/1550
f 1553/1553 1545/1545 1534/1534
f 1554/1554 1553/1553 1534/1534
f 1534/1534 1535/1535 1554/1554
f 1555/1555 1553/1553 1554/1554
f 1555/1555 1545/1545 1553/1553
f 1556/1556 1555/1555 1554/1554
f 1557/1557 1545/1545 1558/1558
f 1558/1558 1555/1555 1556/1556
f 1558/1558 1545/1545 1555/1555
f 1536/1536 1554/1554 1535/1535
f 1559/1559 1554/1554 1536/1536
f 1556/1556 1554/1554 1559/1559
f 1536/1536 1560/1560 1559/1559
f 1561/1561 1556/1556 1559/1559
f 1562/1562 1556/1556 1561/1561
f 1563/1563 1558/1558 1556/1556
f 1563/1563 1556/1556 1562/1562
f 1551/1551 1545/1545 1557/1557
f 1551/1551 1552/1552 1548/1548
f 1552/1552 1551/1551 1557/1557
f 1552/1552 1557/1557 1563/1563
f 1557/1557 1558/1558 1563/1563
f 1563/1563 1564/1564 1565/1565
f 1552/1552 1563/1563 1566/1566
f 1565/1565 1566/1566 1563/1563
f 1567/1567 1568/1568 1566/1566
f 1565/1565 1567/1567 1566/1566
f 1564/1564 1567/1567 1565/1565
f 1569/1569 1570/1570 645/645
f 1571/1571 1572/1572 1538/1538
f 1572/1572 1573/1573 1538/1538
f 1574/1574 1570/1570 1569/1569
f 1574/1574 1572/1572 1570/1570
f 1538/1538 1537/1537 1571/1571
f 1539/1539 1538/1538 1575/1575
f 1576/1576 1539/1539 1575/1575
f 1561/1561 1539/1539 1576/1576
f 1538/1538 1573/1573 1577/1577
f 1538/1538 1577/1577 1575/1575
f 1573/1573 1578/1578 1577/1577
f 1578/1578 1575/1575 1577/1577
f 1579/1579 1576/1576 1575/1575
f 1576/1576 1579/1579 1580/1580
f 1578/1578 1581/1581 1582/1582
f 1583/1583 1575/1575 1578/1578
f 1583/1583 1579/1579 1575/1575
f 1584/1584 1579/1579 1583/1583
f 1578/1578 1582/1582 1583/1583
f 1536/1536 1539/1539 1560/1560
f 1561/1561 1559/1559 1560/1560
f 1560/1560 1539/1539 1561/1561
f 1585/1585 1561/1561 1576/1576
f 1585/1585 1586/1586 1561/1561
f 1586/1586 1562/1562 1561/1561
f 1587/1587 1586/1586 1588/1588
f 1562/1562 1587/1587 1589/1589
f 1587/1587 1562/1562 1586/1586
f 1576/1576 1580/1580 1585/1585
f 1590/1590 1585/1585 1580/1580
f 1591/1591 1592/1592 1585/1585
f 1585/1585 1588/1588 1586/1586
f 1592/1592 1588/1588 1585/1585
f 1593/1593 1587/1587 1588/1588
f 1588/1588 1592/1592 1593/1593
f 1592/1592 1591/1591 1593/1593
f 1594/1594 1589/1589 1587/1587
f 1594/1594 1587/1587 1593/1593
f 1589/1589 1563/1563 1562/1562
f 1589/1589 1564/1564 1563/1563
f 1595/1595 1564/1564 1589/1589
f 1564/1564 1596/1596 1567/1567
f 1597/1597 1589/1589 1594/1594
f 1597/1597 1595/1595 1589/1589
f 1598/1598 1590/1590 1580/1580
f 1591/1591 1585/1585 1590/1590
f 1599/1599 1591/1591 1590/1590
f 1598/1598 1599/1599 1590/1590
f 1593/1593 1591/1591 1599/1599
f 1600/1600 1593/1593 1599/1599
f 1549/1549 1269/1269 1266/1266
f 1347/1347 1268/1268 1269/1269
f 1601/1601 1269/1269 1549/1549
f 1602/1602 1601/1601 1549/1549
f 1269/1269 1601/1601 1347/1347
f 1347/1347 1601/1601 1603/1603
f 1604/1604 1603/1603 1601/1601
f 1602/1602 1549/1549 1550/1550
f 1605/1605 1602/1602 1550/1550
f 1606/1606 1550/1550 1552/1552
f 1550/1550 1606/1606 1605/1605
f 1605/1605 1601/1601 1602/1602
f 1605/1605 1604/1604 1601/1601
f 1607/1607 1605/1605 1606/1606
f 1607/1607 1608/1608 1605/1605
f 1604/1604 1605/1605 1608/1608
f 1606/1606 1552/1552 1566/1566
f 1609/1609 1606/1606 1566/1566
f 1568/1568 1609/1609 1566/1566
f 1609/1609 1610/1610 1606/1606
f 1611/1611 1610/1610 1609/1609
f 1612/1612 1610/1610 1611/1611
f 1610/1610 1607/1607 1606/1606
f 1610/1610 1613/1613 1607/1607
f 1612/1612 1613/1613 1610/1610
f 1568/1568 1611/1611 1609/1609
f 1614/1614 1611/1611 1568/1568
f 1614/1614 1568/1568 1567/1567
f 1615/1615 1611/1611 1614/1614
f 1616/1616 1614/1614 1567/1567
f 1617/1617 1581/1581 1618/1618
f 1619/1619 1580/1580 1579/1579
f 1581/1581 1620/1620 1582/1582
f 1584/1584 1583/1583 1582/1582
f 1579/1579 1584/1584 1621/1621
f 1621/1621 1619/1619 1579/1579
f 1622/1622 1621/1621 1584/1584
f 1623/1623 1619/1619 1621/1621
f 1619/1619 1623/1623 1598/1598
f 1624/1624 1564/1564 1595/1595
f 1624/1624 1596/1596 1564/1564
f 1624/1624 1595/1595 1625/1625
f 1625/1625 1595/1595 1597/1597
f 1626/1626 1624/1624 1625/1625
f 1627/1627 1596/1596 1624/1624
f 1600/1600 1599/1599 1598/1598
f 1594/1594 1593/1593 1600/1600
f 1628/1628 1597/1597 1594/1594
f 1629/1629 1594/1594 1600/1600
f 1594/1594 1629/1629 1628/1628
f 1580/1580 1619/1619 1598/1598
f 1630/1630 1600/1600 1598/1598
f 1631/1631 1630/1630 1598/1598
f 1632/1632 1631/1631 1598/1598
f 1633/1633 1630/1630 1631/1631
f 1634/1634 1629/1629 1600/1600
f 1634/1634 1600/1600 1630/1630
f 1634/1634 1628/1628 1629/1629
f 1630/1630 1633/1633 1634/1634
f 1635/1635 1628/1628 1634/1634
f 1626/1626 1636/1636 1624/1624
f 1624/1624 1636/1636 1627/1627
f 1636/1636 1596/1596 1627/1627
f 1637/1637 1596/1596 1636/1636
f 1637/1637 1636/1636 1638/1638
f 1639/1639 1626/1626 1635/1635
f 1626/1626 1639/1639 1640/1640
f 1638/1638 1636/1636 1626/1626
f 1626/1626 1640/1640 1638/1638
f 1637/1637 1638/1638 1640/1640
f 1641/1641 1637/1637 1640/1640
f 1641/1641 1642/1642 1637/1637
f 1350/1350 1347/1347 1643/1643
f 1643/1643 1347/1347 1603/1603
f 1604/1604 1643/1643 1603/1603
f 1643/1643 1604/1604 1644/1644
f 1350/1350 1645/1645 1353/1353
f 1645/1645 1350/1350 1643/1643
f 1644/1644 1645/1645 1643/1643
f 1646/1646 1645/1645 1644/1644
f 1647/1647 1646/1646 1644/1644
f 1608/1608 1644/1644 1604/1604
f 1648/1648 1649/1649 1608/1608
f 1649/1649 1644/1644 1608/1608
f 1647/1647 1644/1644 1649/1649
f 1649/1649 1650/1650 1647/1647
f 1647/1647 1650/1650 1651/1651
f 1652/1652 1613/1613 1612/1612
f 1615/1615 1612/1612 1611/1611
f 1616/1616 1615/1615 1614/1614
f 1653/1653 1615/1615 1616/1616
f 1653/1653 1612/1612 1615/1615
f 1653/1653 1654/1654 1612/1612
f 1607/1607 1613/1613 1608/1608
f 1648/1648 1608/1608 1613/1613
f 1649/1649 1648/1648 1652/1652
f 1652/1652 1648/1648 1613/1613
f 1652/1652 1650/1650 1649/1649
f 1655/1655 1650/1650 1652/1652
f 1654/1654 1652/1652 1612/1612
f 1656/1656 1652/1652 1654/1654
f 1656/1656 1655/1655 1652/1652
f 1657/1657 1655/1655 1656/1656
f 1655/1655 1658/1658 1650/1650
f 1657/1657 1658/1658 1655/1655
f 1659/1659 1658/1658 1657/1657
f 1646/1646 1353/1353 1645/1645
f 1660/1660 1353/1353 1646/1646
f 1651/1651 1660/1660 1646/1646
f 1647/1647 1651/1651 1646/1646
f 1661/1661 1660/1660 1651/1651
f 1650/1650 1662/1662 1651/1651
f 1660/1660 1376/1376 1353/1353
f 1376/1376 1370/1370 1353/1353
f 1660/1660 1663/1663 1376/1376
f 1663/1663 1375/1375 1376/1376
f 1661/1661 1663/1663 1660/1660
f 1664/1664 1663/1663 1661/1661
f 1375/1375 1663/1663 1378/1378
f 1665/1665 1378/1378 1663/1663
f 1665/1665 1663/1663 1664/1664
f 1666/1666 1665/1665 1664/1664
f 1661/1661 1651/1651 1662/1662
f 1662/1662 1667/1667 1661/1661
f 1667/1667 1664/1664 1661/1661
f 1379/1379 1378/1378 1668/1668
f 1668/1668 1396/1396 1379/1379
f 1665/1665 1668/1668 1378/1378
f 1666/1666 1668/1668 1665/1665
f 1664/1664 1667/1667 1666/1666
f 1658/1658 1662/1662 1650/1650
f 1669/1669 1662/1662 1658/1658
f 1659/1659 1669/1669 1658/1658
f 1669/1669 1667/1667 1662/1662
f 1669/1669 1670/1670 1667/1667
f 1670/1670 1669/1669 1659/1659
f 1397/1397 1396/1396 1668/1668
f 1666/1666 1399/1399 1397/1397
f 1666/1666 1397/1397 1668/1668
f 1399/1399 1666/1666 1671/1671
f 1667/1667 1672/1672 1666/1666
f 1672/1672 1671/1671 1666/1666
f 1672/1672 1673/1673 1671/1671
f 1399/1399 1671/1671 1413/1413
f 1415/1415 1413/1413 1671/1671
f 1674/1674 1671/1671 1673/1673
f 1675/1675 1415/1415 1671/1671
f 1674/1674 1675/1675 1671/1671
f 1676/1676 1674/1674 1673/1673
f 1674/1674 1677/1677 1675/1675
f 1678/1678 1674/1674 1676/1676
f 1675/1675 1677/1677 1415/1415
f 1677/1677 1679/1679 1415/1415
f 1678/1678 1677/1677 1674/1674
f 1680/1680 1667/1667 1670/1670
f 1681/1681 1680/1680 1670/1670
f 1681/1681 1682/1682 1680/1680
f 1680/1680 1672/1672 1667/1667
f 1680/1680 1673/1673 1672/1672
f 1673/1673 1680/1680 1683/1683
f 1684/1684 1676/1676 1673/1673
f 1678/1678 1676/1676 1684/1684
f 1685/1685 1677/1677 1678/1678
f 1686/1686 1684/1684 1683/1683
f 1673/1673 1683/1683 1684/1684
f 1684/1684 1686/1686 1687/1687
f 1688/1688 1684/1684 1687/1687
f 1684/1684 1685/1685 1678/1678
f 1596/1596 1616/1616 1567/1567
f 1596/1596 1653/1653 1616/1616
f 1596/1596 1689/1689 1653/1653
f 1689/1689 1654/1654 1653/1653
f 1689/1689 1656/1656 1654/1654
f 1596/1596 1690/1690 1689/1689
f 1689/1689 1690/1690 1656/1656
f 1690/1690 1691/1691 1656/1656
f 1692/1692 1656/1656 1691/1691
f 1691/1691 1693/1693 1692/1692
f 1694/1694 1657/1657 1656/1656
f 1692/1692 1694/1694 1656/1656
f 1659/1659 1657/1657 1694/1694
f 1695/1695 1692/1692 1693/1693
f 1695/1695 1694/1694 1692/1692
f 1696/1696 1695/1695 1693/1693
f 1695/1695 1697/1697 1694/1694
f 1698/1698 1694/1694 1699/1699
f 1698/1698 1700/1700 1701/1701
f 1637/1637 1690/1690 1596/1596
f 1637/1637 1642/1642 1690/1690
f 1642/1642 1691/1691 1690/1690
f 1702/1702 1693/1693 1691/1691
f 1642/1642 1702/1702 1691/1691
f 1703/1703 1704/1704 1693/1693
f 1693/1693 1702/1702 1705/1705
f 1705/1705 1703/1703 1693/1693
f 1704/1704 1696/1696 1693/1693
f 1696/1696 1697/1697 1695/1695
f 1696/1696 1704/1704 1697/1697
f 1706/1706 1697/1697 1704/1704
f 1697/1697 1706/1706 1699/1699
f 1707/1707 1706/1706 1704/1704
f 1708/1708 1699/1699 1706/1706
f 1697/1697 1699/1699 1694/1694
f 1699/1699 1709/1709 1698/1698
f 1700/1700 1698/1698 1709/1709
f 1709/1709 1699/1699 1708/1708
f 1703/1703 1707/1707 1704/1704
f 1707/1707 1708/1708 1706/1706
f 1703/1703 1710/1710 1707/1707
f 1710/1710 1708/1708 1707/1707
f 1711/1711 1709/1709 1708/1708
f 1712/1712 1713/1713 1714/1714
f 1709/1709 1714/1714 1700/1700
f 1714/1714 1715/1715 1712/1712
f 1711/1711 1714/1714 1709/1709
f 1716/1716 1715/1715 1714/1714
f 1694/1694 1717/1717 1659/1659
f 1717/1717 1681/1681 1659/1659
f 1694/1694 1701/1701 1717/1717
f 1718/1718 1717/1717 1701/1701
f 1701/1701 1694/1694 1698/1698
f 1718/1718 1701/1701 1700/1700
f 1719/1719 1681/1681 1717/1717
f 1718/1718 1719/1719 1717/1717
f 1719/1719 1720/1720 1681/1681
f 1682/1682 1681/1681 1720/1720
f 1721/1721 1680/1680 1682/1682
f 1721/1721 1722/1722 1680/1680
f 1722/1722 1683/1683 1680/1680
f 1722/1722 1721/1721 1683/1683
f 1723/1723 1719/1719 1718/1718
f 1720/1720 1719/1719 1723/1723
f 1713/1713 1718/1718 1700/1700
f 1713/1713 1723/1723 1718/1718
f 1724/1724 1725/1725 1726/1726
f 1727/1727 1724/1724 1728/1728
f 1725/1725 1724/1724 1727/1727
f 1729/1729 1727/1727 1730/1730
f 1683/1683 1731/1731 1686/1686
f 1727/1727 1687/1687 1686/1686
f 1729/1729 1732/1732 1727/1727
f 1714/1714 1713/1713 1700/1700
f 1713/1713 1712/1712 1723/1723
f 1712/1712 1733/1733 1723/1723
f 1734/1734 1733/1733 1712/1712
f 1734/1734 1712/1712 1715/1715
f 1735/1735 1734/1734 1715/1715
f 1736/1736 1737/1737 1728/1728
f 1738/1738 1739/1739 1736/1736
f 1738/1738 1736/1736 1734/1734
f 1739/1739 1738/1738 1734/1734
f 1739/1739 1737/1737 1736/1736
f 1737/1737 1739/1739 1740/1740
f 1740/1740 1741/1741 1742/1742
f 1743/1743 1513/1513 1679/1679
f 1744/1744 1743/1743 1679/1679
f 1744/1744 1679/1679 1677/1677
f 1677/1677 1685/1685 1744/1744
f 1745/1745 1744/1744 1685/1685
f 1746/1746 1743/1743 1744/1744
f 1747/1747 1746/1746 1748/1748
f 1749/1749 1747/1747 1748/1748
f 1744/1744 1745/1745 1746/1746
f 1750/1750 1746/1746 1745/1745
f 1745/1745 1751/1751 1750/1750
f 1688/1688 1751/1751 1745/1745
f 1685/1685 1684/1684 1688/1688
f 1685/1685 1688/1688 1745/1745
f 1750/1750 1748/1748 1746/1746
f 1748/1748 1750/1750 1752/1752
f 1750/1750 1751/1751 1752/1752
f 1753/1753 1748/1748 1752/1752
f 1754/1754 1748/1748 1755/1755
f 1756/1756 1502/1502 1757/1757
f 1502/1502 1756/1756 1758/1758
f 1758/1758 1506/1506 1502/1502
f 1747/1747 1756/1756 1757/1757
f 1747/1747 1749/1749 1756/1756
f 1749/1749 1758/1758 1756/1756
f 1759/1759 1506/1506 1758/1758
f 1760/1760 1506/1506 1759/1759
f 1761/1761 1760/1760 1759/1759
f 1506/1506 1762/1762 1501/1501
f 1762/1762 1505/1505 1501/1501
f 1762/1762 1763/1763 1507/1507
f 1507/1507 1505/1505 1762/1762
f 1760/1760 1762/1762 1506/1506
f 1764/1764 1762/1762 1760/1760
f 1763/1763 1762/1762 1765/1765
f 1766/1766 1758/1758 1749/1749
f 1767/1767 1758/1758 1766/1766
f 1768/1768 1761/1761 1759/1759
f 1758/1758 1767/1767 1759/1759
f 1768/1768 1769/1769 1764/1764
f 1754/1754 1770/1770 1771/1771
f 1772/1772 1773/1773 1765/1765
f 1765/1765 1762/1762 1764/1764
f 1764/1764 1761/1761 1768/1768
f 1772/1772 1765/1765 1764/1764
f 1774/1774 1772/1772 1775/1775
f 1769/1769 1776/1776 1764/1764
f 1775/1775 1764/1764 1776/1776
f 1777/1777 1776/1776 1769/1769
f 1778/1778 1775/1775 1776/1776
f 1775/1775 1772/1772 1764/1764
f 1688/1688 1779/1779 1780/1780
f 1780/1780 1752/1752 1688/1688
f 1781/1781 1782/1782 1779/1779
f 1752/1752 1780/1780 1753/1753
f 1755/1755 1748/1748 1753/1753
f 1753/1753 1783/1783 1784/1784
f 1785/1785 1783/1783 1782/1782
f 1786/1786 1755/1755 1784/1784
f 1787/1787 1786/1786 1784/1784
f 1753/1753 1784/1784 1755/1755
f 1741/1741 1788/1788 1742/1742
f 1789/1789 1741/1741 1740/1740
f 1741/1741 1789/1789 1790/1790
f 1741/1741 1790/1790 1788/1788
f 1791/1791 1742/1742 1788/1788
f 1790/1790 1791/1791 1788/1788
f 1785/1785 1782/1782 1781/1781
f 1785/1785 1781/1781 1742/1742
f 1785/1785 1742/1742 1792/1792
f 1742/1742 1791/1791 1792/1792
f 1783/1783 1785/1785 1793/1793
f 1794/1794 1784/1784 1793/1793
f 1795/1795 1784/1784 1794/1794
f 1795/1795 1787/1787 1784/1784
f 1792/1792 1793/1793 1785/1785
f 1794/1794 1793/1793 1792/1792
f 1795/1795 1794/1794 1796/1796
f 1796/1796 1794/1794 1792/1792
f 1797/1797 1770/1770 1755/1755
f 1798/1798 1770/1770 1797/1797
f 1770/1770 1798/1798 1799/1799
f 1800/1800 1777/1777 1799/1799
f 1798/1798 1797/1797 1801/1801
f 1755/1755 1786/1786 1797/1797
f 1787/1787 1797/1797 1786/1786
f 1801/1801 1797/1797 1787/1787
f 1802/1802 1801/1801 1787/1787
f 1801/1801 1799/1799 1798/1798
f 1800/1800 1799/1799 1801/1801
f 1803/1803 1800/1800 1801/1801
f 1801/1801 1802/1802 1803/1803
f 1778/1778 1777/1777 1804/1804
f 1805/1805 1775/1775 1778/1778
f 1805/1805 1774/1774 1775/1775
f 1806/1806 1774/1774 1805/1805
f 1778/1778 1776/1776 1777/1777
f 1807/1807 1808/1808 1805/1805
f 1787/1787 1795/1795 1809/1809
f 1809/1809 1802/1802 1787/1787
f 1810/1810 1803/1803 1802/1802
f 1809/1809 1795/1795 1796/1796
f 1802/1802 1809/1809 1796/1796
f 1811/1811 1802/1802 1796/1796
f 1807/1807 1805/1805 1804/1804
f 1812/1812 1813/1813 1814/1814
f 1617/1617 694/694 700/700
f 1581/1581 1617/1617 1620/1620
f 1617/1617 700/700 701/701
f 1620/1620 1584/1584 1582/1582
f 1584/1584 1620/1620 1622/1622
f 1622/1622 1623/1623 1621/1621
f 1632/1632 1598/1598 1623/1623
f 1622/1622 1620/1620 1815/1815
f 1623/1623 1622/1622 1632/1632
f 1815/1815 1632/1632 1622/1622
f 1816/1816 1620/1620 1617/1617
f 1816/1816 1817/1817 1620/1620
f 1815/1815 1620/1620 1817/1817
f 600/600 1818/1818 598/598
f 600/600 704/704 1818/1818
f 1819/1819 1818/1818 704/704
f 1820/1820 1821/1821 1822/1822
f 1823/1823 1817/1817 1821/1821
f 1823/1823 1821/1821 1820/1820
f 1824/1824 1825/1825 1820/1820
f 1825/1825 1823/1823 1820/1820
f 1826/1826 1631/1631 1632/1632
f 1633/1633 1631/1631 1826/1826
f 1826/1826 1632/1632 1815/1815
f 1827/1827 1633/1633 1826/1826
f 1827/1827 1635/1635 1634/1634
f 1827/1827 1634/1634 1633/1633
f 1635/1635 1828/1828 1639/1639
f 1827/1827 1815/1815 1817/1817
f 1827/1827 1826/1826 1815/1815
f 1823/1823 1827/1827 1817/1817
f 1829/1829 1827/1827 1823/1823
f 1830/1830 1829/1829 1823/1823
f 1829/1829 1635/1635 1827/1827
f 1829/1829 1828/1828 1635/1635
f 1831/1831 1640/1640 1639/1639
f 1831/1831 1639/1639 1832/1832
f 1828/1828 1832/1832 1639/1639
f 1641/1641 1640/1640 1831/1831
f 1641/1641 1831/1831 1832/1832
f 1833/1833 1828/1828 1834/1834
f 1835/1835 1828/1828 1829/1829
f 1834/1834 1828/1828 1835/1835
f 1833/1833 1832/1832 1828/1828
f 1832/1832 1642/1642 1641/1641
f 1836/1836 1642/1642 1832/1832
f 1832/1832 1833/1833 1836/1836
f 1825/1825 1830/1830 1823/1823
f 1825/1825 1829/1829 1830/1830
f 1824/1824 1837/1837 1825/1825
f 1838/1838 1825/1825 1837/1837
f 1825/1825 1838/1838 1839/1839
f 1840/1840 1833/1833 1834/1834
f 1833/1833 1840/1840 1836/1836
f 1841/1841 1842/1842 1836/1836
f 1841/1841 1836/1836 1840/1840
f 1840/1840 1843/1843 1841/1841
f 1844/1844 1841/1841 1843/1843
f 1845/1845 1841/1841 1844/1844
f 1845/1845 1846/1846 1841/1841
f 1819/1819 1847/1847 1824/1824
f 1837/1837 1824/1824 1848/1848
f 1848/1848 1824/1824 1847/1847
f 1849/1849 1850/1850 1851/1851
f 1850/1850 1849/1849 1852/1852
f 1853/1853 1849/1849 1854/1854
f 1837/1837 1848/1848 1855/1855
f 1855/1855 1838/1838 1837/1837
f 1856/1856 1838/1838 1855/1855
f 1857/1857 1855/1855 1848/1848
f 1858/1858 1859/1859 1855/1855
f 1857/1857 1858/1858 1855/1855
f 1838/1838 1856/1856 1839/1839
f 1859/1859 1856/1856 1855/1855
f 1859/1859 1860/1860 1856/1856
f 1857/1857 1861/1861 1858/1858
f 1860/1860 1843/1843 1856/1856
f 1844/1844 1843/1843 1860/1860
f 1862/1862 1844/1844 1860/1860
f 1863/1863 1860/1860 1859/1859
f 1862/1862 1845/1845 1844/1844
f 1864/1864 1845/1845 1862/1862
f 1845/1845 1864/1864 1865/1865
f 1862/1862 1860/1860 1866/1866
f 1867/1867 1868/1868 1869/1869
f 1849/1849 1870/1870 1852/1852
f 1866/1866 1864/1864 1862/1862
f 1871/1871 1864/1864 1866/1866
f 1872/1872 1871/1871 1866/1866
f 1873/1873 1872/1872 1868/1868
f 1866/1866 1868/1868 1872/1872
f 1874/1874 1873/1873 1875/1875
f 1876/1876 1877/1877 1878/1878
f 1642/1642 1705/1705 1702/1702
f 1879/1879 1703/1703 1705/1705
f 1836/1836 1705/1705 1642/1642
f 1880/1880 1705/1705 1836/1836
f 1836/1836 1842/1842 1880/1880
f 1705/1705 1880/1880 1879/1879
f 1881/1881 1882/1882 1879/1879
f 1879/1879 1880/1880 1881/1881
f 1710/1710 1703/1703 1879/1879
f 1882/1882 1708/1708 1710/1710
f 1711/1711 1708/1708 1882/1882
f 1710/1710 1879/1879 1882/1882
f 1845/1845 1865/1865 1846/1846
f 1883/1883 1714/1714 1711/1711
f 1883/1883 1716/1716 1714/1714
f 1716/1716 1735/1735 1715/1715
f 1884/1884 1735/1735 1716/1716
f 1884/1884 1716/1716 1883/1883
f 1882/1882 1883/1883 1711/1711
f 1881/1881 1883/1883 1882/1882
f 1885/1885 1883/1883 1881/1881
f 1884/1884 1883/1883 1885/1885
f 1885/1885 1886/1886 1884/1884
f 1886/1886 1887/1887 1884/1884
f 1846/1846 1888/1888 1842/1842
f 1889/1889 1890/1890 1888/1888
f 1891/1891 1890/1890 1889/1889
f 1881/1881 1892/1892 1885/1885
f 1893/1893 1885/1885 1892/1892
f 1894/1894 1892/1892 1890/1890
f 1894/1894 1893/1893 1892/1892
f 1894/1894 1886/1886 1893/1893
f 1895/1895 1886/1886 1894/1894
f 1886/1886 1885/1885 1893/1893
f 1891/1891 1894/1894 1890/1890
f 1891/1891 1895/1895 1894/1894
f 1895/1895 1896/1896 1886/1886
f 1897/1897 1896/1896 1895/1895
f 1898/1898 1899/1899 1896/1896
f 1898/1898 1900/1900 1899/1899
f 1897/1897 1898/1898 1896/1896
f 1901/1901 1735/1735 1884/1884
f 1901/1901 1734/1734 1735/1735
f 1902/1902 1739/1739 1901/1901
f 1887/1887 1903/1903 1901/1901
f 1903/1903 1902/1902 1901/1901
f 1902/1902 1789/1789 1739/1739
f 1887/1887 1901/1901 1884/1884
f 1903/1903 1904/1904 1905/1905
f 1904/1904 1903/1903 1887/1887
f 1904/1904 1887/1887 1899/1899
f 1906/1906 1905/1905 1904/1904
f 1899/1899 1906/1906 1904/1904
f 1900/1900 1906/1906 1899/1899
f 1898/1898 1906/1906 1900/1900
f 1846/1846 1865/1865 1889/1889
f 1846/1846 1889/1889 1888/1888
f 1865/1865 1871/1871 1889/1889
f 1871/1871 1907/1907 1889/1889
f 1907/1907 1891/1891 1889/1889
f 1908/1908 1891/1891 1907/1907
f 1909/1909 1891/1891 1908/1908
f 1909/1909 1908/1908 1871/1871
f 1908/1908 1907/1907 1871/1871
f 1909/1909 1910/1910 1891/1891
f 1911/1911 1912/1912 1913/1913
f 1910/1910 1897/1897 1891/1891
f 1897/1897 1910/1910 1914/1914
f 1914/1914 1898/1898 1897/1897
f 1912/1912 1910/1910 1909/1909
f 1912/1912 1911/1911 1910/1910
f 1915/1915 1871/1871 1916/1916
f 1917/1917 1871/1871 1915/1915
f 1917/1917 1909/1909 1871/1871
f 1917/1917 1913/1913 1909/1909
f 1876/1876 1878/1878 1915/1915
f 1918/1918 1911/1911 1913/1913
f 1913/1913 1915/1915 1878/1878
f 1878/1878 1919/1919 1913/1913
f 1920/1920 1919/1919 1878/1878
f 1921/1921 1920/1920 1878/1878
f 1919/1919 1918/1918 1913/1913
f 1919/1919 1920/1920 1918/1918
f 1920/1920 1922/1922 1918/1918
f 1921/1921 1922/1922 1920/1920
f 1921/1921 1923/1923 1922/1922
f 1898/1898 1924/1924 1906/1906
f 1925/1925 1906/1906 1924/1924
f 1925/1925 1924/1924 1926/1926
f 1925/1925 1926/1926 1927/1927
f 1924/1924 1898/1898 1928/1928
f 1928/1928 1929/1929 1924/1924
f 1929/1929 1926/1926 1924/1924
f 1930/1930 1929/1929 1931/1931
f 1930/1930 1926/1926 1929/1929
f 1930/1930 1932/1932 1926/1926
f 1933/1933 1934/1934 1935/1935
f 1936/1936 1937/1937 1938/1938
f 1939/1939 1940/1940 1941/1941
f 1939/1939 1938/1938 1940/1940
f 1942/1942 1938/1938 1939/1939
f 1943/1943 1936/1936 1938/1938
f 1944/1944 1938/1938 1942/1942
f 1944/1944 1943/1943 1938/1938
f 1938/1938 1812/1812 1945/1945
f 1937/1937 1946/1946 1812/1812
f 1947/1947 1939/1939 1941/1941
f 1948/1948 1942/1942 1947/1947
f 1947/1947 1942/1942 1939/1939
f 1948/1948 1944/1944 1942/1942
f 1944/1944 1948/1948 1949/1949
f 1948/1948 1950/1950 1951/1951
f 1952/1952 1948/1948 1951/1951
f 1928/1928 1898/1898 1914/1914
f 1953/1953 1928/1928 1914/1914
f 1954/1954 1928/1928 1953/1953
f 1954/1954 1953/1953 1955/1955
f 1955/1955 1956/1956 1954/1954
f 1957/1957 1958/1958 1955/1955
f 1956/1956 1959/1959 1954/1954
f 1956/1956 1955/1955 1958/1958
f 1956/1956 1958/1958 1960/1960
f 1960/1960 1959/1959 1956/1956
f 1959/1959 1960/1960 1961/1961
f 1962/1962 1963/1963 1960/1960
f 1964/1964 1922/1922 1923/1923
f 1965/1965 1962/1962 1964/1964
f 1962/1962 1960/1960 1964/1964
f 1966/1966 1963/1963 1962/1962
f 1967/1967 1966/1966 1962/1962
f 1967/1967 1968/1968 1966/1966
f 1968/1968 1967/1967 1969/1969
f 1970/1970 1968/1968 1969/1969
f 1931/1931 1929/1929 1928/1928
f 1954/1954 1931/1931 1928/1928
f 1930/1930 1931/1931 1971/1971
f 1971/1971 1931/1931 1954/1954
f 1959/1959 1972/1972 1971/1971
f 1959/1959 1971/1971 1954/1954
f 1973/1973 1959/1959 1961/1961
f 1974/1974 1930/1930 1972/1972
f 1973/1973 1974/1974 1972/1972
f 1974/1974 1975/1975 1930/1930
f 1959/1959 1973/1973 1972/1972
f 1976/1976 1974/1974 1973/1973
f 1976/1976 1973/1973 1961/1961
f 1976/1976 1975/1975 1974/1974
f 1977/1977 1975/1975 1976/1976
f 1963/1963 1978/1978 1961/1961
f 1966/1966 1978/1978 1963/1963
f 1968/1968 1979/1979 1966/1966
f 1966/1966 1979/1979 1978/1978
f 1970/1970 1980/1980 1979/1979
f 1968/1968 1970/1970 1979/1979
f 1981/1981 1975/1975 1982/1982
f 1982/1982 1983/1983 1981/1981
f 1984/1984 1983/1983 1982/1982
f 1984/1984 1985/1985 1983/1983
f 1986/1986 1987/1987 1988/1988
f 1988/1988 1989/1989 1986/1986
f 1951/1951 1950/1950 1990/1990
f 1991/1991 1952/1952 1951/1951
f 1989/1989 1992/1992 1990/1990
f 1992/1992 1951/1951 1990/1990
f 1987/1987 1979/1979 1980/1980
f 1993/1993 1987/1987 1980/1980
f 1987/1987 1993/1993 1988/1988
f 1988/1988 1993/1993 1989/1989
f 1994/1994 1995/1995 1993/1993
f 1996/1996 1980/1980 1970/1970
f 1997/1997 1996/1996 1970/1970
f 1993/1993 1980/1980 1998/1998
f 1993/1993 1998/1998 1994/1994
f 1995/1995 1992/1992 1989/1989
f 1993/1993 1995/1995 1989/1989
f 1992/1992 1995/1995 1999/1999
f 1999/1999 2000/2000 1992/1992
f 2001/2001 2000/2000 1999/1999
f 2002/2002 2003/2003 1994/1994
f 1679/1679 1513/1513 1415/1415
f 1743/1743 1514/1514 1513/1513
f 1523/1523 1514/1514 1743/1743
f 1746/1746 1523/1523 1743/1743
f 1515/1515 1514/1514 1523/1523
f 1747/1747 1523/1523 1746/1746
f 1747/1747 1522/1522 1523/1523
f 1522/1522 1747/1747 1757/1757
f 1757/1757 1500/1500 1522/1522
f 1757/1757 1502/1502 1500/1500
f 1293/1293 1296/1296 1295/1295
f 1358/1358 1295/1295 1296/1296
f 2004/2004 1302/1302 1295/1295
f 1312/1312 1308/1308 1313/1313
f 320/320 1306/1306 1312/1312
f 1308/1308 1312/1312 1306/1306
f 1332/1332 1331/1331 1330/1330
f 1336/1336 1332/1332 1340/1340
f 2004/2004 1295/1295 1358/1358
f 1358/1358 1302/1302 2004/2004
f 1360/1360 1302/1302 1358/1358
f 1359/1359 1362/1362 1302/1302
f 1363/1363 1362/1362 1359/1359
f 1365/1365 1363/1363 1359/1359
f 1391/1391 1405/1405 1390/1390
f 1405/1405 1387/1387 1390/1390
f 1443/1443 1343/1343 1439/1439
f 1448/1448 1442/1442 1444/1444
f 1444/1444 1450/1450 2005/2005
f 1445/1445 1444/1444 1369/1369
f 1450/1450 1444/1444 1445/1445
f 1448/1448 2005/2005 1447/1447
f 2005/2005 1446/1446 1447/1447
f 1448/1448 1444/1444 2005/2005
f 1457/1457 1446/1446 2005/2005
f 2006/2006 1457/1457 2005/2005
f 1457/1457 2006/2006 1459/1459
f 2005/2005 1450/1450 1451/1451
f 2005/2005 1451/1451 2006/2006
f 2006/2006 1451/1451 1453/1453
f 1453/1453 1459/1459 2006/2006
f 1459/1459 1453/1453 1454/1454
f 1459/1459 1454/1454 1456/1456
f 1459/1459 1456/1456 1460/1460
f 1463/1463 1470/1470 1456/1456
f 1456/1456 1470/1470 1460/1460
f 1401/1401 1461/1461 1384/1384
f 340/340 1526/1526 338/338
f 340/340 645/645 1526/1526
f 645/645 1571/1571 1527/1527
f 1537/1537 1527/1527 1571/1571
f 1570/1570 1572/1572 645/645
f 645/645 647/647 1569/1569
f 1572/1572 1571/1571 645/645
f 648/648 1569/1569 647/647
f 648/648 1574/1574 1569/1569
f 690/690 1574/1574 648/648
f 1574/1574 1573/1573 1572/1572
f 1573/1573 1574/1574 1578/1578
f 1618/1618 1574/1574 690/690
f 1574/1574 1618/1618 1578/1578
f 1618/1618 1581/1581 1578/1578
f 689/689 1618/1618 690/690
f 1618/1618 689/689 694/694
f 1618/1618 694/694 1617/1617
f 1597/1597 1626/1626 1625/1625
f 1626/1626 1597/1597 1628/1628
f 1628/1628 1635/1635 1626/1626
f 1681/1681 1670/1670 1659/1659
f 1721/1721 1731/1731 1683/1683
f 1720/1720 1721/1721 1682/1682
f 1726/1726 1721/1721 1720/1720
f 1726/1726 1731/1731 1721/1721
f 1726/1726 1725/1725 1731/1731
f 2007/2007 1720/1720 1723/1723
f 2007/2007 1726/1726 1720/1720
f 2007/2007 1724/1724 1726/1726
f 1727/1727 1731/1731 1725/1725
f 1727/1727 1728/1728 1737/1737
f 1727/1727 1686/1686 1731/1731
f 1688/1688 1687/1687 1779/1779
f 1727/1727 1779/1779 1687/1687
f 1779/1779 1727/1727 1732/1732
f 1730/1730 1732/1732 1729/1729
f 1781/1781 1732/1732 1730/1730
f 1733/1733 2007/2007 1723/1723
f 1733/1733 1736/1736 2007/2007
f 1724/1724 2007/2007 1728/1728
f 1728/1728 2007/2007 1736/1736
f 1733/1733 1734/1734 1736/1736
f 1730/1730 1727/1727 1737/1737
f 1740/1740 1730/1730 1737/1737
f 1740/1740 1742/1742 1730/1730
f 1739/1739 1789/1789 1740/1740
f 1752/1752 1751/1751 1688/1688
f 1754/1754 1766/1766 1748/1748
f 1766/1766 1749/1749 1748/1748
f 1768/1768 1767/1767 1771/1771
f 1759/1759 1767/1767 1768/1768
f 1766/1766 1754/1754 1767/1767
f 1767/1767 1754/1754 1771/1771
f 1768/1768 1771/1771 1769/1769
f 1769/1769 1771/1771 1777/1777
f 1771/1771 1770/1770 1777/1777
f 1764/1764 1760/1760 1761/1761
f 1781/1781 1779/1779 1732/1732
f 1780/1780 1779/1779 1782/1782
f 1782/1782 1753/1753 1780/1780
f 1753/1753 1782/1782 1783/1783
f 1793/1793 1784/1784 1783/1783
f 1742/1742 1781/1781 1730/1730
f 1796/1796 1792/1792 1935/1935
f 1755/1755 1770/1770 1754/1754
f 1770/1770 1799/1799 1777/1777
f 1777/1777 1800/1800 1804/1804
f 1803/1803 1804/1804 1800/1800
f 1805/1805 1778/1778 1804/1804
f 1810/1810 1802/1802 1811/1811
f 1807/1807 1803/1803 1810/1810
f 1807/1807 1804/1804 1803/1803
f 1814/1814 1807/1807 1810/1810
f 1945/1945 1812/1812 1814/1814
f 1807/1807 1814/1814 1813/1813
f 1813/1813 1812/1812 1946/1946
f 2008/2008 1617/1617 701/701
f 2008/2008 2009/2009 1617/1617
f 1617/1617 2009/2009 1816/1816
f 701/701 598/598 2008/2008
f 2009/2009 2008/2008 2010/2010
f 1822/1822 2009/2009 2010/2010
f 2008/2008 598/598 1818/1818
f 1818/1818 2010/2010 2008/2008
f 1819/1819 2010/2010 1818/1818
f 1819/1819 1822/1822 2010/2010
f 1822/1822 1816/1816 2009/2009
f 1822/1822 1821/1821 1816/1816
f 1817/1817 1816/1816 1821/1821
f 1820/1820 1822/1822 1819/1819
f 1824/1824 1820/1820 1819/1819
f 1835/1835 1829/1829 1825/1825
f 1835/1835 1825/1825 1839/1839
f 1835/1835 1840/1840 1834/1834
f 1835/1835 1839/1839 1840/1840
f 1843/1843 1840/1840 1839/1839
f 1839/1839 1856/1856 1843/1843
f 704/704 628/628 634/634
f 2011/2011 1819/1819 704/704
f 2012/2012 1819/1819 2011/2011
f 704/704 634/634 2011/2011
f 633/633 2011/2011 634/634
f 2013/2013 2011/2011 633/633
f 2014/2014 2012/2012 2011/2011
f 2013/2013 2014/2014 2011/2011
f 1847/1847 1819/1819 2012/2012
f 2012/2012 2015/2015 1847/1847
f 2014/2014 2015/2015 2012/2012
f 1847/1847 2015/2015 1848/1848
f 1861/1861 1848/1848 2015/2015
f 640/640 633/633 630/630
f 2013/2013 633/633 640/640
f 2016/2016 2014/2014 2013/2013
f 640/640 2016/2016 2013/2013
f 2016/2016 1851/1851 2014/2014
f 2016/2016 640/640 2017/2017
f 2018/2018 2015/2015 2014/2014
f 1851/1851 2018/2018 2014/2014
f 2015/2015 2018/2018 1850/1850
f 1850/1850 1852/1852 2015/2015
f 2017/2017 1851/1851 2016/2016
f 1854/1854 1851/1851 2017/2017
f 1849/1849 1851/1851 1854/1854
f 2018/2018 1851/1851 1850/1850
f 1861/1861 1857/1857 1848/1848
f 1858/1858 1861/1861 2019/2019
f 1858/1858 1863/1863 1859/1859
f 2019/2019 1869/1869 1858/1858
f 1869/1869 1863/1863 1858/1858
f 1869/1869 1868/1868 1863/1863
f 1863/1863 1866/1866 1860/1860
f 1866/1866 1863/1863 1868/1868
f 1852/1852 1861/1861 2015/2015
f 1861/1861 1852/1852 2019/2019
f 1870/1870 2019/2019 1852/1852
f 1867/1867 1869/1869 2019/2019
f 2019/2019 1870/1870 1867/1867
f 1870/1870 1875/1875 1867/1867
f 1875/1875 1868/1868 1867/1867
f 2020/2020 1875/1875 1870/1870
f 1873/1873 1868/1868 1875/1875
f 1873/1873 1916/1916 1872/1872
f 1873/1873 1915/1915 1916/1916
f 1842/1842 1881/1881 1880/1880
f 1842/1842 1841/1841 1846/1846
f 1892/1892 1881/1881 1842/1842
f 1888/1888 1892/1892 1842/1842
f 1892/1892 1888/1888 1890/1890
f 1896/1896 1887/1887 1886/1886
f 1899/1899 1887/1887 1896/1896
f 1897/1897 1895/1895 1891/1891
f 1739/1739 1734/1734 1901/1901
f 1903/1903 1905/1905 1902/1902
f 1902/1902 1790/1790 1789/1789
f 1905/1905 1790/1790 1902/1902
f 1871/1871 1865/1865 1864/1864
f 1871/1871 1872/1872 1916/1916
f 1912/1912 1909/1909 1913/1913
f 1911/1911 1914/1914 1910/1910
f 1911/1911 1953/1953 1914/1914
f 2021/2021 1953/1953 1911/1911
f 2022/2022 2021/2021 1911/1911
f 1957/1957 1953/1953 2021/2021
f 1873/1873 1876/1876 1915/1915
f 1915/1915 1913/1913 1917/1917
f 2022/2022 1911/1911 1918/1918
f 1918/1918 1922/1922 2022/2022
f 1964/1964 2022/2022 1922/1922
f 2023/2023 1790/1790 1905/1905
f 2023/2023 2024/2024 1790/1790
f 2025/2025 2024/2024 2023/2023
f 2024/2024 1791/1791 1790/1790
f 2024/2024 2026/2026 1791/1791
f 2026/2026 1792/1792 1791/1791
f 1935/1935 2026/2026 2024/2024
f 2024/2024 2025/2025 1935/1935
f 1905/1905 1906/1906 2023/2023
f 2023/2023 1927/1927 2025/2025
f 1927/1927 1935/1935 2025/2025
f 1927/1927 1933/1933 1935/1935
f 1935/1935 1792/1792 2026/2026
f 1935/1935 1934/1934 1796/1796
f 1934/1934 2027/2027 1796/1796
f 1906/1906 1927/1927 2023/2023
f 1927/1927 1906/1906 1925/1925
f 1933/1933 1927/1927 1926/1926
f 1932/1932 1930/1930 2028/2028
f 1932/1932 1933/1933 1926/1926
f 1932/1932 1934/1934 1933/1933
f 1934/1934 1932/1932 2027/2027
f 1932/1932 2028/2028 2027/2027
f 1796/1796 1941/1941 2029/2029
f 1796/1796 2027/2027 1941/1941
f 1941/1941 1940/1940 2029/2029
f 1936/1936 1946/1946 1937/1937
f 1796/1796 2030/2030 1811/1811
f 2030/2030 2031/2031 1811/1811
f 1811/1811 2031/2031 1810/1810
f 2031/2031 2030/2030 2029/2029
f 2031/2031 1814/1814 1810/1810
f 1940/1940 2031/2031 2029/2029
f 2030/2030 1796/1796 2029/2029
f 1814/1814 2031/2031 1945/1945
f 1940/1940 1945/1945 2031/2031
f 1937/1937 1812/1812 1938/1938
f 1940/1940 1938/1938 1945/1945
f 2032/2032 1947/1947 1941/1941
f 2027/2027 1950/1950 1941/1941
f 1981/1981 1950/1950 2027/2027
f 1985/1985 1950/1950 1981/1981
f 1950/1950 2032/2032 1941/1941
f 1948/1948 1947/1947 2032/2032
f 1952/1952 1949/1949 1948/1948
f 1944/1944 1949/1949 2033/2033
f 2032/2032 1950/1950 1948/1948
f 1949/1949 1952/1952 2033/2033
f 1953/1953 1957/1957 1955/1955
f 1964/1964 2021/2021 2022/2022
f 1958/1958 2021/2021 1964/1964
f 1957/1957 2021/2021 1958/1958
f 1961/1961 1960/1960 1963/1963
f 1960/1960 1958/1958 1964/1964
f 1971/1971 1972/1972 1930/1930
f 1930/1930 1975/1975 2028/2028
f 1981/1981 2028/2028 1975/1975
f 2028/2028 1981/1981 2027/2027
f 1961/1961 1978/1978 1976/1976
f 1978/1978 1979/1979 1976/1976
f 1979/1979 1977/1977 1976/1976
f 1979/1979 1987/1987 1977/1977
f 1983/1983 1985/1985 1981/1981
f 1990/1990 1950/1950 1985/1985
f 1990/1990 1985/1985 1984/1984
f 1984/1984 1986/1986 1990/1990
f 1977/1977 1987/1987 1975/1975
f 1987/1987 1982/1982 1975/1975
f 1982/1982 1987/1987 1986/1986
f 1986/1986 1984/1984 1982/1982
f 1990/1990 1986/1986 1989/1989
f 1991/1991 1951/1951 1992/1992
f 1980/1980 1996/1996 1998/1998
f 1994/1994 2003/2003 1995/1995
f 2002/2002 1994/1994 1998/1998
f 1995/1995 2003/2003 1999/1999
f 1999/1999 2003/2003 2001/2001
f 74/74 2034/2034 735/735
f 1271/1271 2034/2034 74/74
f 2035/2035 740/740 736/736
f 2036/2036 740/740 2035/2035
f 735/735 2034/2034 2038/2038
f 2039/2039 2035/2035 736/736
f 736/736 735/735 2039/2039
f 2035/2035 2039/2039 2040/2040
f 2039/2039 735/735 2040/2040
f 2041/2041 745/745 741/741
f 739/739 2041/2041 741/741
f 2041/2041 2042/2042 745/745
f 2041/2041 739/739 2037/2037
f 2043/2043 2042/2042 2041/2041
f 2044/2044 745/745 2042/2042
f 748/748 745/745 2044/2044
f 2045/2045 748/748 2044/2044
f 747/747 748/748 2045/2045
f 796/796 747/747 2045/2045
f 2046/2046 2044/2044 2042/2042
f 2046/2046 2045/2045 2044/2044
f 2046/2046 2042/2042 2043/2043
f 2047/2047 2045/2045 2048/2048
f 2037/2037 2043/2043 2041/2041
f 2049/2049 2043/2043 2037/2037
f 2040/2040 2036/2036 2035/2035
f 2045/2045 2046/2046 2050/2050
f 2046/2046 2043/2043 2050/2050
f 2043/2043 2051/2051 2050/2050
f 2048/2048 2045/2045 2050/2050
f 2053/2053 2036/2036 2040/2040
f 2037/2037 2052/2052 2049/2049
f 2054/2054 2049/2049 2052/2052
f 2043/2043 2049/2049 2051/2051
f 2054/2054 2055/2055 2049/2049
f 2055/2055 2051/2051 2049/2049
f 2051/2051 2048/2048 2050/2050
f 2051/2051 2056/2056 2048/2048
f 2057/2057 2048/2048 2056/2056
f 2057/2057 2056/2056 2058/2058
f 2038/2038 2059/2059 735/735
f 2040/2040 735/735 2059/2059
f 2060/2060 2040/2040 2059/2059
f 2060/2060 2061/2061 2040/2040
f 2040/2040 2061/2061 2053/2053
f 2061/2061 2062/2062 2053/2053
f 2052/2052 2063/2063 2054/2054
f 2055/2055 2056/2056 2051/2051
f 2064/2064 2055/2055 2054/2054
f 2065/2065 2055/2055 2064/2064
f 2055/2055 2065/2065 2056/2056
f 2056/2056 2065/2065 2058/2058
f 2058/2058 2065/2065 2066/2066
f 2054/2054 2067/2067 2064/2064
f 2063/2063 2067/2067 2054/2054
f 2061/2061 2068/2068 2062/2062
f 2069/2069 2068/2068 2061/2061
f 2066/2066 2065/2065 2064/2064
f 2069/2069 2071/2071 2068/2068
f 2061/2061 2060/2060 2069/2069
f 2064/2064 2067/2067 2070/2070
f 2072/2072 2069/2069 2060/2060
f 2073/2073 2071/2071 2069/2069
f 1318/1318 2034/2034 1271/1271
f 1316/1316 1319/1319 1318/1318
f 2038/2038 2034/2034 1318/1318
f 796/796 2045/2045 797/797
f 797/797 2045/2045 2047/2047
f 2074/2074 2047/2047 2075/2075
f 797/797 2047/2047 2074/2074
f 2076/2076 799/799 797/797
f 797/797 2074/2074 2076/2076
f 2076/2076 2074/2074 2077/2077
f 2075/2075 2047/2047 2048/2048
f 2075/2075 2048/2048 2057/2057
f 2078/2078 2075/2075 2057/2057
f 2074/2074 2075/2075 2077/2077
f 2077/2077 2075/2075 2079/2079
f 2079/2079 2075/2075 2080/2080
f 2080/2080 2075/2075 2078/2078
f 2081/2081 2080/2080 2078/2078
f 2080/2080 2081/2081 2079/2079
f 806/806 799/799 2082/2082
f 799/799 2076/2076 2082/2082
f 2083/2083 2082/2082 2076/2076
f 2083/2083 2076/2076 2077/2077
f 806/806 2082/2082 2084/2084
f 809/809 806/806 2084/2084
f 2082/2082 2083/2083 2085/2085
f 2084/2084 2082/2082 2085/2085
f 2077/2077 2086/2086 2083/2083
f 2086/2086 2077/2077 2079/2079
f 2086/2086 2087/2087 2088/2088
f 2079/2079 2081/2081 2087/2087
f 2086/2086 2079/2079 2087/2087
f 2089/2089 2086/2086 2088/2088
f 2086/2086 2085/2085 2083/2083
f 2086/2086 2089/2089 2085/2085
f 2090/2090 2089/2089 2088/2088
f 1318/1318 2091/2091 2038/2038
f 1328/1328 2091/2091 1319/1319
f 1318/1318 1319/1319 2091/2091
f 2038/2038 2091/2091 2092/2092
f 1331/1331 2092/2092 2091/2091
f 1331/1331 2091/2091 1328/1328
f 2092/2092 1331/1331 1333/1333
f 2092/2092 1333/1333 2038/2038
f 1335/1335 2038/2038 1333/1333
f 2093/2093 2058/2058 2066/2066
f 2058/2058 2094/2094 2057/2057
f 2078/2078 2057/2057 2094/2094
f 2095/2095 2094/2094 2058/2058
f 2095/2095 2058/2058 2093/2093
f 2078/2078 2094/2094 2096/2096
f 2081/2081 2078/2078 2096/2096
f 2096/2096 2094/2094 2095/2095
f 2096/2096 2095/2095 2097/2097
f 2066/2066 2064/2064 2098/2098
f 2093/2093 2066/2066 2098/2098
f 2098/2098 2099/2099 2093/2093
f 2098/2098 2100/2100 2099/2099
f 2069/2069 2072/2072 2073/2073
f 2071/2071 2073/2073 2102/2102
f 2064/2064 2070/2070 2098/2098
f 2101/2101 2098/2098 2070/2070
f 2101/2101 2100/2100 2098/2098
f 2100/2100 2103/2103 2099/2099
f 2100/2100 2101/2101 2105/2105
f 2100/2100 2106/2106 2103/2103
f 2095/2095 2093/2093 2099/2099
f 2095/2095 2099/2099 2107/2107
f 2097/2097 2095/2095 2107/2107
f 2107/2107 2099/2099 2103/2103
f 2107/2107 2103/2103 2106/2106
f 2087/2087 2081/2081 2096/2096
f 2108/2108 2087/2087 2096/2096
f 2109/2109 2087/2087 2108/2108
f 2097/2097 2110/2110 2096/2096
f 2088/2088 2087/2087 2109/2109
f 2108/2108 2096/2096 2110/2110
f 2108/2108 2110/2110 2111/2111
f 2110/2110 2097/2097 2107/2107
f 2110/2110 2107/2107 2112/2112
f 2113/2113 2107/2107 2106/2106
f 2112/2112 2107/2107 2113/2113
f 2111/2111 2110/2110 2112/2112
f 2111/2111 2112/2112 2114/2114
f 2115/2115 2113/2113 2116/2116
f 2114/2114 2112/2112 2113/2113
f 2114/2114 2113/2113 2115/2115
f 844/844 809/809 2084/2084
f 2117/2117 844/844 2084/2084
f 2084/2084 2085/2085 2117/2117
f 2085/2085 2118/2118 2117/2117
f 2117/2117 2118/2118 2119/2119
f 844/844 846/846 807/807
f 844/844 2117/2117 846/846
f 2120/2120 846/846 2117/2117
f 846/846 2120/2120 857/857
f 2120/2120 2117/2117 2119/2119
f 2085/2085 2089/2089 2118/2118
f 2089/2089 2121/2121 2118/2118
f 2090/2090 2088/2088 2122/2122
f 2121/2121 2089/2089 2090/2090
f 2123/2123 2090/2090 2122/2122
f 2121/2121 2124/2124 2118/2118
f 2090/2090 2124/2124 2121/2121
f 2122/2122 2088/2088 2109/2109
f 2109/2109 2125/2125 2122/2122
f 2109/2109 2108/2108 2125/2125
f 2111/2111 2125/2125 2108/2108
f 2111/2111 2126/2126 2125/2125
f 2123/2123 2122/2122 2125/2125
f 2125/2125 2126/2126 2127/2127
f 2128/2128 2114/2114 2115/2115
f 2126/2126 2111/2111 2128/2128
f 2129/2129 2127/2127 2126/2126
f 2130/2130 2126/2126 2128/2128
f 2131/2131 2126/2126 2130/2130
f 2132/2132 2130/2130 2133/2133
f 2132/2132 2131/2131 2130/2130
f 2119/2119 2118/2118 2134/2134
f 2134/2134 2118/2118 2124/2124
f 2124/2124 2090/2090 2123/2123
f 855/855 856/856 857/857
f 857/857 2120/2120 2119/2119
f 857/857 862/862 855/855
f 857/857 2135/2135 862/862
f 2136/2136 2137/2137 2138/2138
f 2139/2139 2136/2136 2138/2138
f 2123/2123 2127/2127 2140/2140
f 2129/2129 2140/2140 2127/2127
f 2141/2141 2140/2140 2129/2129
f 2142/2142 2141/2141 2129/2129
f 2142/2142 2129/2129 2126/2126
f 1335/1335 2059/2059 2038/2038
f 2072/2072 2060/2060 2143/2143
f 2060/2060 2144/2144 2143/2143
f 2145/2145 2072/2072 2143/2143
f 2146/2146 2145/2145 2143/2143
f 2059/2059 2144/2144 2060/2060
f 1427/1427 2059/2059 1335/1335
f 1427/1427 1433/1433 2059/2059
f 2144/2144 2059/2059 1433/1433
f 2147/2147 2144/2144 1433/1433
f 2143/2143 2144/2144 2148/2148
f 2148/2148 2146/2146 2143/2143
f 2150/2150 2146/2146 2148/2148
f 2151/2151 2149/2149 2153/2153
f 2144/2144 2147/2147 2148/2148
f 2148/2148 2147/2147 2155/2155
f 2155/2155 2150/2150 2148/2148
f 2156/2156 2157/2157 2153/2153
f 2158/2158 2157/2157 2156/2156
f 2072/2072 2145/2145 2073/2073
f 2102/2102 2073/2073 2159/2159
f 2073/2073 2145/2145 2159/2159
f 2159/2159 2104/2104 2102/2102
f 2160/2160 2100/2100 2105/2105
f 2146/2146 2159/2159 2145/2145
f 2159/2159 2146/2146 2152/2152
f 2152/2152 2104/2104 2159/2159
f 2100/2100 2160/2160 2106/2106
f 2160/2160 2161/2161 2106/2106
f 2162/2162 2104/2104 2152/2152
f 2163/2163 2151/2151 2164/2164
f 2164/2164 2165/2165 2163/2163
f 2160/2160 2105/2105 2163/2163
f 2161/2161 2160/2160 2163/2163
f 2165/2165 2161/2161 2163/2163
f 2152/2152 2146/2146 2150/2150
f 2157/2157 2164/2164 2151/2151
f 2157/2157 2151/2151 2153/2153
f 2166/2166 2106/2106 2167/2167
f 2167/2167 2106/2106 2161/2161
f 2168/2168 2167/2167 2161/2161
f 2168/2168 2169/2169 2167/2167
f 2116/2116 2167/2167 2169/2169
f 2170/2170 2168/2168 2161/2161
f 2171/2171 2116/2116 2169/2169
f 2171/2171 2169/2169 2168/2168
f 2168/2168 2170/2170 2171/2171
f 2172/2172 2171/2171 2170/2170
f 2113/2113 2106/2106 2166/2166
f 2116/2116 2113/2113 2166/2166
f 2116/2116 2166/2166 2167/2167
f 2171/2171 2115/2115 2116/2116
f 2158/2158 2165/2165 2157/2157
f 2164/2164 2157/2157 2165/2165
f 2158/2158 2170/2170 2165/2165
f 2170/2170 2161/2161 2165/2165
f 2158/2158 2173/2173 2170/2170
f 2174/2174 2158/2158 2175/2175
f 2174/2174 2173/2173 2158/2158
f 2147/2147 1433/1433 2176/2176
f 1433/1433 2178/2178 2176/2176
f 2147/2147 2176/2176 2155/2155
f 2154/2154 2180/2180 2149/2149
f 2181/2181 2179/2179 2182/2182
f 2181/2181 2177/2177 2179/2179
f 1433/1433 2183/2183 2178/2178
f 1431/1431 2183/2183 1433/1433
f 2182/2182 1437/1437 2181/2181
f 2184/2184 2185/2185 2181/2181
f 2181/2181 1437/1437 2184/2184
f 2186/2186 2187/2187 2185/2185
f 2186/2186 2185/2185 2184/2184
f 2188/2188 2154/2154 2177/2177
f 2180/2180 2154/2154 2188/2188
f 2177/2177 2181/2181 2188/2188
f 2180/2180 2188/2188 2187/2187
f 2189/2189 2180/2180 2187/2187
f 2190/2190 2189/2189 2187/2187
f 2180/2180 2153/2153 2149/2149
f 2189/2189 2156/2156 2153/2153
f 2189/2189 2153/2153 2180/2180
f 2158/2158 2156/2156 2175/2175
f 2189/2189 2175/2175 2156/2156
f 2181/2181 2185/2185 2188/2188
f 2187/2187 2188/2188 2185/2185
f 2190/2190 2175/2175 2189/2189
f 2190/2190 2187/2187 2186/2186
f 2191/2191 2190/2190 2186/2186
f 1432/1432 1437/1437 2182/2182
f 1437/1437 1438/1438 2184/2184
f 1490/1490 2184/2184 1438/1438
f 2192/2192 2184/2184 1490/1490
f 2186/2186 2184/2184 2192/2192
f 2192/2192 1491/1491 2186/2186
f 2171/2171 2172/2172 2193/2193
f 2171/2171 2193/2193 2115/2115
f 2193/2193 2128/2128 2115/2115
f 2130/2130 2128/2128 2193/2193
f 2194/2194 2130/2130 2193/2193
f 2172/2172 2195/2195 2193/2193
f 2172/2172 2170/2170 2173/2173
f 2196/2196 2172/2172 2173/2173
f 2172/2172 2197/2197 2195/2195
f 2172/2172 2196/2196 2197/2197
f 2198/2198 2195/2195 2197/2197
f 2197/2197 2196/2196 2199/2199
f 2133/2133 2130/2130 2194/2194
f 2200/2200 2194/2194 2193/2193
f 2200/2200 2193/2193 2195/2195
f 2201/2201 2194/2194 2200/2200
f 2201/2201 2200/2200 2202/2202
f 2133/2133 2194/2194 2201/2201
f 2201/2201 2203/2203 2133/2133
f 2204/2204 2132/2132 2133/2133
f 2203/2203 2201/2201 2202/2202
f 2203/2203 2202/2202 2205/2205
f 2198/2198 2200/2200 2195/2195
f 2202/2202 2200/2200 2198/2198
f 2206/2206 2202/2202 2198/2198
f 2206/2206 2197/2197 2199/2199
f 2206/2206 2198/2198 2197/2197
f 2202/2202 2206/2206 2205/2205
f 2206/2206 2199/2199 2207/2207
f 2199/2199 2208/2208 2207/2207
f 2190/2190 2174/2174 2175/2175
f 2209/2209 2174/2174 2190/2190
f 2190/2190 2210/2210 2209/2209
f 2211/2211 2190/2190 2191/2191
f 2210/2210 2212/2212 2209/2209
f 2213/2213 2212/2212 2210/2210
f 2210/2210 2211/2211 2214/2214
f 2215/2215 2191/2191 2216/2216
f 2191/2191 2215/2215 2211/2211
f 2214/2214 2211/2211 2215/2215
f 2210/2210 2190/2190 2211/2211
f 2213/2213 2210/2210 2214/2214
f 1491/1491 2192/2192 1490/1490
f 2217/2217 1491/1491 1493/1493
f 2191/2191 2186/2186 1491/1491
f 2217/2217 2191/2191 1491/1491
f 2218/2218 2217/2217 1503/1503
f 2191/2191 2217/2217 2216/2216
f 2219/2219 2215/2215 2216/2216
f 2220/2220 2219/2219 2216/2216
f 2216/2216 2217/2217 2220/2220
f 2220/2220 2217/2217 2218/2218
f 2217/2217 1493/1493 1496/1496
f 1503/1503 2217/2217 1496/1496
f 2212/2212 2213/2213 2221/2221
f 2221/2221 2213/2213 2222/2222
f 2222/2222 2213/2213 2223/2223
f 2224/2224 2214/2214 2215/2215
f 2223/2223 2213/2213 2214/2214
f 2224/2224 2225/2225 2214/2214
f 2214/2214 2225/2225 2223/2223
f 2226/2226 2223/2223 2225/2225
f 2223/2223 2226/2226 2222/2222
f 2227/2227 2218/2218 1503/1503
f 2219/2219 2220/2220 2224/2224
f 2224/2224 2215/2215 2219/2219
f 2218/2218 2224/2224 2220/2220
f 2224/2224 2218/2218 2225/2225
f 1504/1504 1503/1503 1497/1497
f 2227/2227 1507/1507 2228/2228
f 2228/2228 2218/2218 2227/2227
f 2229/2229 2225/2225 2218/2218
f 2227/2227 1503/1503 1504/1504
f 1507/1507 2227/2227 1504/1504
f 2174/2174 2209/2209 2173/2173
f 2196/2196 2173/2173 2209/2209
f 2212/2212 2196/2196 2209/2209
f 2196/2196 2212/2212 2199/2199
f 2221/2221 2199/2199 2212/2212
f 2208/2208 2199/2199 2221/2221
f 2230/2230 2131/2131 2132/2132
f 2230/2230 2132/2132 2204/2204
f 2230/2230 2204/2204 2231/2231
f 2232/2232 2231/2231 2204/2204
f 2233/2233 2232/2232 2204/2204
f 862/862 937/937 861/861
f 862/862 2234/2234 937/937
f 937/937 2234/2234 2235/2235
f 2234/2234 2139/2139 2236/2236
f 2235/2235 938/938 937/937
f 2235/2235 2234/2234 2236/2236
f 2138/2138 2237/2237 2139/2139
f 2237/2237 2138/2138 2238/2238
f 2239/2239 2236/2236 2240/2240
f 2241/2241 2238/2238 2242/2242
f 2232/2232 2243/2243 2231/2231
f 2233/2233 2244/2244 2232/2232
f 2240/2240 2245/2245 2246/2246
f 2246/2246 2247/2247 2248/2248
f 2246/2246 2245/2245 2249/2249
f 2247/2247 2246/2246 2249/2249
f 2249/2249 2245/2245 2243/2243
f 2249/2249 2243/2243 2244/2244
f 2249/2249 2244/2244 2250/2250
f 2250/2250 2244/2244 2251/2251
f 2247/2247 2249/2249 2250/2250
f 2247/2247 2250/2250 2251/2251
f 2247/2247 2251/2251 2252/2252
f 2253/2253 980/980 977/977
f 980/980 979/979 977/977
f 2254/2254 980/980 2253/2253
f 2253/2253 2255/2255 2254/2254
f 2255/2255 2253/2253 2256/2256
f 980/980 2254/2254 2257/2257
f 2257/2257 2254/2254 2258/2258
f 2259/2259 2260/2260 2261/2261
f 987/987 980/980 2257/2257
f 2262/2262 987/987 2257/2257
f 2262/2262 2257/2257 2258/2258
f 2262/2262 2258/2258 2263/2263
f 989/989 987/987 2262/2262
f 2263/2263 2258/2258 2255/2255
f 2263/2263 2255/2255 2259/2259
f 2259/2259 2264/2264 2263/2263
f 1130/1130 989/989 2264/2264
f 989/989 1130/1130 990/990
f 2265/2265 1130/1130 2264/2264
f 2266/2266 2264/2264 2259/2259
f 2266/2266 2259/2259 2261/2261
f 2267/2267 2247/2247 2252/2252
f 2268/2268 2247/2247 2267/2267
f 2269/2269 2268/2268 2267/2267
f 2269/2269 2270/2270 2271/2271
f 2267/2267 2272/2272 2273/2273
f 2269/2269 2273/2273 2274/2274
f 2275/2275 2276/2276 2277/2277
f 2270/2270 2269/2269 2274/2274
f 2276/2276 2275/2275 2270/2270
f 2276/2276 2270/2270 2278/2278
f 2278/2278 2270/2270 2274/2274
f 2274/2274 2273/2273 2279/2279
f 2276/2276 2278/2278 2280/2280
f 2280/2280 2278/2278 2274/2274
f 2204/2204 2133/2133 2203/2203
f 2281/2281 2204/2204 2203/2203
f 2233/2233 2204/2204 2281/2281
f 2282/2282 2203/2203 2205/2205
f 2203/2203 2282/2282 2281/2281
f 2281/2281 2205/2205 2283/2283
f 2281/2281 2283/2283 2284/2284
f 2233/2233 2281/2281 2284/2284
f 2285/2285 2244/2244 2233/2233
f 2233/2233 2284/2284 2285/2285
f 2286/2286 2287/2287 2288/2288
f 2286/2286 2288/2288 2289/2289
f 2290/2290 2291/2291 2292/2292
f 2228/2228 1507/1507 2293/2293
f 2293/2293 1507/1507 1763/1763
f 2294/2294 2225/2225 2229/2229
f 2229/2229 2218/2218 2228/2228
f 2293/2293 1763/1763 1765/1765
f 2295/2295 2296/2296 1773/1773
f 2297/2297 1773/1773 1772/1772
f 2297/2297 2295/2295 1773/1773
f 2298/2298 2296/2296 2295/2295
f 1774/1774 2297/2297 1772/1772
f 1774/1774 2295/2295 2297/2297
f 1774/1774 2298/2298 2295/2295
f 2299/2299 2289/2289 2288/2288
f 2289/2289 2299/2299 2300/2300
f 2301/2301 2302/2302 2303/2303
f 2304/2304 2301/2301 2303/2303
f 2305/2305 2306/2306 2298/2298
f 2307/2307 2300/2300 2308/2308
f 1806/1806 2298/2298 1774/1774
f 2298/2298 1806/1806 1808/1808
f 1808/1808 1806/1806 1805/1805
f 2305/2305 2298/2298 1808/1808
f 2309/2309 2305/2305 2310/2310
f 2311/2311 2312/2312 2313/2313
f 2313/2313 2312/2312 2305/2305
f 2310/2310 2312/2312 2311/2311
f 2314/2314 2309/2309 2310/2310
f 2310/2310 2315/2315 2314/2314
f 1808/1808 1807/1807 1813/1813
f 2313/2313 2305/2305 1808/1808
f 1813/1813 1946/1946 1808/1808
f 1808/1808 1946/1946 2313/2313
f 2307/2307 2289/2289 2300/2300
f 2285/2285 2251/2251 2244/2244
f 2252/2252 2251/2251 2285/2285
f 2265/2265 2316/2316 1130/1130
f 1131/1131 1130/1130 2316/2316
f 2317/2317 2318/2318 2316/2316
f 1140/1140 2319/2319 1139/1139
f 2320/2320 1139/1139 2319/2319
f 1143/1143 1139/1139 2320/2320
f 2321/2321 2319/2319 2322/2322
f 2323/2323 2324/2324 2325/2325
f 2326/2326 2327/2327 2328/2328
f 2326/2326 2328/2328 2329/2329
f 2330/2330 2331/2331 2277/2277
f 2332/2332 2330/2330 2333/2333
f 2330/2330 2334/2334 2331/2331
f 2332/2332 2334/2334 2330/2330
f 2330/2330 2277/2277 2280/2280
f 2333/2333 2330/2330 2280/2280
f 2335/2335 2336/2336 2332/2332
f 2332/2332 2333/2333 2337/2337
f 2335/2335 2332/2332 2338/2338
f 2339/2339 2332/2332 2337/2337
f 2339/2339 2338/2338 2332/2332
f 2333/2333 2340/2340 2341/2341
f 2333/2333 2342/2342 2337/2337
f 2274/2274 2343/2343 2344/2344
f 2345/2345 2343/2343 2274/2274
f 2346/2346 2343/2343 2345/2345
f 2347/2347 2344/2344 2343/2343
f 2348/2348 2347/2347 2343/2343
f 2343/2343 2346/2346 2348/2348
f 2346/2346 2349/2349 2348/2348
f 2350/2350 2348/2348 2349/2349
f 2340/2340 2344/2344 2341/2341
f 2344/2344 2340/2340 2274/2274
f 2274/2274 2340/2340 2280/2280
f 2333/2333 2341/2341 2342/2342
f 2351/2351 2342/2342 2341/2341
f 2351/2351 2341/2341 2344/2344
f 2350/2350 2344/2344 2347/2347
f 2344/2344 2350/2350 2351/2351
f 2348/2348 2350/2350 2347/2347
f 2335/2335 2338/2338 2352/2352
f 2352/2352 2338/2338 2339/2339
f 2337/2337 2352/2352 2339/2339
f 2329/2329 2352/2352 2353/2353
f 2329/2329 2335/2335 2352/2352
f 2354/2354 2337/2337 2342/2342
f 2353/2353 2352/2352 2337/2337
f 2353/2353 2337/2337 2354/2354
f 2355/2355 2329/2329 2353/2353
f 2354/2354 2355/2355 2353/2353
f 2356/2356 2355/2355 2354/2354
f 2357/2357 2355/2355 2356/2356
f 2358/2358 2349/2349 2359/2359
f 2349/2349 2358/2358 2360/2360
f 2361/2361 2360/2360 2358/2358
f 2351/2351 2350/2350 2342/2342
f 2342/2342 2350/2350 2362/2362
f 2354/2354 2342/2342 2362/2362
f 2350/2350 2349/2349 2362/2362
f 2354/2354 2362/2362 2357/2357
f 2357/2357 2356/2356 2354/2354
f 2360/2360 2363/2363 2362/2362
f 2362/2362 2363/2363 2357/2357
f 2320/2320 1240/1240 1239/1239
f 1240/1240 1237/1237 1239/1239
f 1240/1240 1177/1177 1237/1237
f 2364/2364 2326/2326 2329/2329
f 2321/2321 2327/2327 2365/2365
f 2365/2365 2327/2327 2326/2326
f 2364/2364 2365/2365 2326/2326
f 2366/2366 1178/1178 2367/2367
f 1180/1180 1178/1178 2366/2366
f 2368/2368 1182/1182 2366/2366
f 2368/2368 2369/2369 2370/2370
f 2368/2368 2371/2371 1182/1182
f 1180/1180 2366/2366 1182/1182
f 2372/2372 2373/2373 2367/2367
f 2374/2374 2367/2367 2373/2373
f 2370/2370 2367/2367 2374/2374
f 2375/2375 2370/2370 2376/2376
f 2377/2377 2364/2364 2329/2329
f 2378/2378 2377/2377 2355/2355
f 2379/2379 2377/2377 2378/2378
f 2380/2380 2381/2381 2382/2382
f 2380/2380 2378/2378 2381/2381
f 2383/2383 2380/2380 2382/2382
f 2384/2384 2380/2380 2383/2383
f 2385/2385 2386/2386 2387/2387
f 2385/2385 2387/2387 2388/2388
f 2389/2389 2302/2302 2301/2301
f 2390/2390 2391/2391 2389/2389
f 2389/2389 2301/2301 2390/2390
f 2301/2301 2392/2392 2390/2390
f 2393/2393 2392/2392 2301/2301
f 2394/2394 2395/2395 2396/2396
f 2395/2395 2397/2397 2396/2396
f 2397/2397 2395/2395 2398/2398
f 2304/2304 2399/2399 2400/2400
f 2401/2401 2304/2304 2400/2400
f 2401/2401 2301/2301 2304/2304
f 2393/2393 2301/2301 2401/2401
f 2393/2393 2402/2402 2392/2392
f 2402/2402 2403/2403 2392/2392
f 2404/2404 2403/2403 2402/2402
f 2405/2405 2395/2395 2394/2394
f 2406/2406 2407/2407 2408/2408
f 2402/2402 2393/2393 2408/2408
f 2406/2406 2409/2409 2407/2407
f 2311/2311 2313/2313 1946/1946
f 2410/2410 2310/2310 2311/2311
f 2311/2311 1936/1936 1943/1943
f 2033/2033 1943/1943 1944/1944
f 2033/2033 2410/2410 2311/2311
f 2411/2411 2410/2410 2033/2033
f 2411/2411 2412/2412 2410/2410
f 2413/2413 2412/2412 2411/2411
f 2310/2310 2414/2414 2315/2315
f 2410/2410 2414/2414 2310/2310
f 2415/2415 2416/2416 2394/2394
f 2416/2416 2415/2415 2414/2414
f 2417/2417 2394/2394 2416/2416
f 2412/2412 2413/2413 2418/2418
f 2417/2417 2416/2416 2419/2419
f 2420/2420 2419/2419 2421/2421
f 2396/2396 2415/2415 2394/2394
f 2422/2422 2394/2394 2417/2417
f 2423/2423 2424/2424 2425/2425
f 2424/2424 2423/2423 2426/2426
f 2423/2423 2425/2425 2427/2427
f 2426/2426 2428/2428 2424/2424
f 2426/2426 2423/2423 2427/2427
f 2427/2427 2429/2429 2426/2426
f 2430/2430 2428/2428 2426/2426
f 2429/2429 2430/2430 2426/2426
f 2431/2431 2428/2428 2432/2432
f 2425/2425 2424/2424 2431/2431
f 2431/2431 2424/2424 2428/2428
f 2433/2433 2432/2432 2428/2428
f 2434/2434 2435/2435 2432/2432
f 2428/2428 2430/2430 2433/2433
f 2436/2436 2437/2437 2438/2438
f 2439/2439 2437/2437 2440/2440
f 2441/2441 2442/2442 2443/2443
f 2443/2443 2429/2429 2441/2441
f 2440/2440 2437/2437 2436/2436
f 2444/2444 2445/2445 1991/1991
f 2444/2444 1991/1991 1992/1992
f 2000/2000 2444/2444 1992/1992
f 2001/2001 2444/2444 2000/2000
f 2001/2001 2446/2446 2444/2444
f 2446/2446 2001/2001 2447/2447
f 2391/2391 2448/2448 2389/2389
f 2449/2449 2450/2450 2451/2451
f 2452/2452 2449/2449 2451/2451
f 2359/2359 2449/2449 2452/2452
f 2359/2359 2346/2346 2449/2449
f 2359/2359 2349/2349 2346/2346
f 2451/2451 2453/2453 2452/2452
f 2453/2453 2451/2451 2454/2454
f 2455/2455 2452/2452 2453/2453
f 2453/2453 2456/2456 2455/2455
f 2359/2359 2452/2452 2457/2457
f 2452/2452 2455/2455 2457/2457
f 2359/2359 2457/2457 2358/2358
f 2358/2358 2457/2457 2458/2458
f 2392/2392 2456/2456 2454/2454
f 2456/2456 2453/2453 2454/2454
f 2457/2457 2459/2459 2458/2458
f 2361/2361 2358/2358 2458/2458
f 2457/2457 2460/2460 2459/2459
f 2455/2455 2460/2460 2457/2457
f 2403/2403 2456/2456 2392/2392
f 2455/2455 2456/2456 2403/2403
f 2461/2461 2460/2460 2462/2462
f 2455/2455 2403/2403 2462/2462
f 2460/2460 2455/2455 2462/2462
f 2403/2403 2404/2404 2462/2462
f 2463/2463 2462/2462 2404/2404
f 2464/2464 2383/2383 2382/2382
f 2464/2464 2382/2382 2461/2461
f 2464/2464 2461/2461 2465/2465
f 2464/2464 2465/2465 2383/2383
f 2383/2383 2465/2465 2466/2466
f 2465/2465 2437/2437 2439/2439
f 2111/2111 2114/2114 2128/2128
f 2127/2127 2123/2123 2125/2125
f 2126/2126 2131/2131 2142/2142
f 2230/2230 2142/2142 2131/2131
f 2123/2123 2467/2467 2124/2124
f 857/857 2119/2119 2137/2137
f 2136/2136 857/857 2137/2137
f 2135/2135 857/857 2136/2136
f 862/862 2135/2135 2234/2234
f 2234/2234 2135/2135 2136/2136
f 2134/2134 2137/2137 2119/2119
f 2134/2134 2467/2467 2137/2137
f 2467/2467 2134/2134 2124/2124
f 2467/2467 2138/2138 2137/2137
f 2138/2138 2467/2467 2123/2123
f 2238/2238 2138/2138 2123/2123
f 2141/2141 2123/2123 2140/2140
f 2141/2141 2238/2238 2123/2123
f 2238/2238 2141/2141 2142/2142
f 2468/2468 2221/2221 2222/2222
f 2469/2469 2468/2468 2222/2222
f 2468/2468 2208/2208 2221/2221
f 2468/2468 2207/2207 2208/2208
f 2136/2136 2139/2139 2234/2234
f 938/938 2235/2235 1208/1208
f 2470/2470 2235/2235 2236/2236
f 2139/2139 2237/2237 2236/2236
f 2471/2471 2237/2237 2238/2238
f 2238/2238 2241/2241 2471/2471
f 2236/2236 2237/2237 2471/2471
f 2236/2236 2471/2471 2240/2240
f 2235/2235 2470/2470 1208/1208
f 2470/2470 1209/1209 1208/1208
f 2470/2470 2236/2236 2472/2472
f 2253/2253 974/974 1209/1209
f 2473/2473 2474/2474 2470/2470
f 1209/1209 2470/2470 2253/2253
f 2239/2239 2472/2472 2236/2236
f 2473/2473 2470/2470 2472/2472
f 2473/2473 2472/2472 2239/2239
f 2239/2239 2240/2240 2475/2475
f 2239/2239 2475/2475 2473/2473
f 2475/2475 2474/2474 2473/2473
f 2476/2476 2474/2474 2475/2475
f 2476/2476 2475/2475 2477/2477
f 2242/2242 2478/2478 2241/2241
f 2142/2142 2242/2242 2238/2238
f 2241/2241 2478/2478 2471/2471
f 2471/2471 2478/2478 2240/2240
f 2240/2240 2478/2478 2245/2245
f 2478/2478 2242/2242 2243/2243
f 2478/2478 2243/2243 2245/2245
f 2242/2242 2142/2142 2243/2243
f 2243/2243 2142/2142 2231/2231
f 2231/2231 2142/2142 2230/2230
f 2232/2232 2244/2244 2243/2243
f 2246/2246 2475/2475 2240/2240
f 2479/2479 2475/2475 2248/2248
f 2480/2480 2479/2479 2248/2248
f 2246/2246 2248/2248 2475/2475
f 977/977 974/974 2253/2253
f 2470/2470 2476/2476 2253/2253
f 2476/2476 2470/2470 2474/2474
f 2476/2476 2256/2256 2253/2253
f 2260/2260 2255/2255 2256/2256
f 2258/2258 2254/2254 2255/2255
f 2260/2260 2259/2259 2255/2255
f 2481/2481 2477/2477 2482/2482
f 2260/2260 2256/2256 2483/2483
f 2261/2261 2260/2260 2483/2483
f 2261/2261 2483/2483 2484/2484
f 2484/2484 2483/2483 2485/2485
f 2263/2263 2264/2264 2262/2262
f 989/989 2262/2262 2264/2264
f 2261/2261 2484/2484 2266/2266
f 2486/2486 2264/2264 2266/2266
f 2331/2331 2266/2266 2484/2484
f 2486/2486 2266/2266 2331/2331
f 2331/2331 2487/2487 2486/2486
f 2479/2479 2477/2477 2475/2475
f 2482/2482 2477/2477 2479/2479
f 2482/2482 2479/2479 2480/2480
f 2488/2488 2482/2482 2480/2480
f 2488/2488 2489/2489 2482/2482
f 2488/2488 2480/2480 2490/2490
f 2491/2491 2489/2489 2488/2488
f 2491/2491 2488/2488 2490/2490
f 2275/2275 2490/2490 2270/2270
f 2489/2489 2481/2481 2482/2482
f 2483/2483 2489/2489 2485/2485
f 2485/2485 2489/2489 2491/2491
f 2485/2485 2491/2491 2492/2492
f 2275/2275 2491/2491 2490/2490
f 2271/2271 2248/2248 2493/2493
f 2493/2493 2248/2248 2247/2247
f 2268/2268 2493/2493 2247/2247
f 2271/2271 2493/2493 2268/2268
f 2269/2269 2271/2271 2268/2268
f 2270/2270 2490/2490 2271/2271
f 2272/2272 2267/2267 2252/2252
f 2267/2267 2273/2273 2269/2269
f 2484/2484 2485/2485 2492/2492
f 2331/2331 2484/2484 2492/2492
f 2492/2492 2491/2491 2275/2275
f 2277/2277 2492/2492 2275/2275
f 2331/2331 2492/2492 2277/2277
f 2280/2280 2277/2277 2276/2276
f 2282/2282 2205/2205 2281/2281
f 2469/2469 2207/2207 2468/2468
f 2494/2494 2206/2206 2207/2207
f 2206/2206 2494/2494 2205/2205
f 2469/2469 2494/2494 2207/2207
f 2495/2495 2494/2494 2469/2469
f 2496/2496 2205/2205 2494/2494
f 2496/2496 2494/2494 2495/2495
f 2495/2495 2497/2497 2496/2496
f 2283/2283 2205/2205 2496/2496
f 2283/2283 2496/2496 2288/2288
f 2287/2287 2284/2284 2283/2283
f 2498/2498 2285/2285 2284/2284
f 2498/2498 2284/2284 2287/2287
f 2499/2499 2285/2285 2498/2498
f 2288/2288 2496/2496 2497/2497
f 2287/2287 2283/2283 2288/2288
f 2287/2287 2500/2500 2498/2498
f 2292/2292 2469/2469 2222/2222
f 2226/2226 2225/2225 2294/2294
f 2292/2292 2222/2222 2226/2226
f 2501/2501 2226/2226 2294/2294
f 2294/2294 2502/2502 2501/2501
f 2501/2501 2292/2292 2226/2226
f 2228/2228 2293/2293 2229/2229
f 2293/2293 1765/1765 1773/1773
f 2293/2293 1773/1773 2296/2296
f 2296/2296 2229/2229 2293/2293
f 2502/2502 2294/2294 2229/2229
f 2296/2296 2502/2502 2229/2229
f 2306/2306 2502/2502 2296/2296
f 2298/2298 2306/2306 2296/2296
f 2299/2299 2291/2291 2290/2290
f 2290/2290 2503/2503 2299/2299
f 2290/2290 2501/2501 2502/2502
f 2501/2501 2290/2290 2292/2292
f 2306/2306 2290/2290 2502/2502
f 2503/2503 2290/2290 2306/2306
f 2300/2300 2299/2299 2503/2503
f 2300/2300 2503/2503 2308/2308
f 2504/2504 2503/2503 2306/2306
f 2503/2503 2504/2504 2308/2308
f 2292/2292 2495/2495 2469/2469
f 2292/2292 2497/2497 2495/2495
f 2497/2497 2292/2292 2291/2291
f 2291/2291 2288/2288 2497/2497
f 2299/2299 2288/2288 2291/2291
f 2499/2499 2505/2505 2285/2285
f 2499/2499 2506/2506 2505/2505
f 2506/2506 2499/2499 2498/2498
f 2506/2506 2498/2498 2500/2500
f 2506/2506 2507/2507 2505/2505
f 2508/2508 2505/2505 2507/2507
f 2507/2507 2506/2506 2500/2500
f 2507/2507 2509/2509 2508/2508
f 2509/2509 2507/2507 2500/2500
f 2510/2510 2287/2287 2286/2286
f 2511/2511 2286/2286 2307/2307
f 2512/2512 2511/2511 2307/2307
f 2510/2510 2511/2511 2513/2513
f 2286/2286 2511/2511 2510/2510
f 2287/2287 2510/2510 2500/2500
f 2510/2510 2513/2513 2500/2500
f 2514/2514 2500/2500 2513/2513
f 2514/2514 2513/2513 2511/2511
f 2515/2515 2508/2508 2509/2509
f 2302/2302 2515/2515 2509/2509
f 2302/2302 2509/2509 2303/2303
f 2512/2512 2516/2516 2511/2511
f 2512/2512 2517/2517 2516/2516
f 2516/2516 2399/2399 2511/2511
f 2516/2516 2518/2518 2399/2399
f 2518/2518 2516/2516 2517/2517
f 2500/2500 2514/2514 2509/2509
f 2303/2303 2509/2509 2514/2514
f 2514/2514 2511/2511 2399/2399
f 2514/2514 2399/2399 2303/2303
f 2399/2399 2304/2304 2303/2303
f 2309/2309 2519/2519 2305/2305
f 2519/2519 2308/2308 2504/2504
f 2520/2520 2307/2307 2519/2519
f 2520/2520 2521/2521 2307/2307
f 2519/2519 2306/2306 2305/2305
f 2519/2519 2504/2504 2306/2306
f 2314/2314 2519/2519 2309/2309
f 2308/2308 2519/2519 2307/2307
f 2519/2519 2314/2314 2520/2520
f 2305/2305 2312/2312 2310/2310
f 2522/2522 2521/2521 2520/2520
f 2522/2522 2520/2520 2314/2314
f 2315/2315 2523/2523 2522/2522
f 2523/2523 2521/2521 2522/2522
f 2315/2315 2522/2522 2314/2314
f 2289/2289 2307/2307 2286/2286
f 2521/2521 2512/2512 2307/2307
f 2517/2517 2512/2512 2521/2521
f 2521/2521 2523/2523 2517/2517
f 2285/2285 2505/2505 2252/2252
f 2252/2252 2505/2505 2272/2272
f 2505/2505 2508/2508 2272/2272
f 2508/2508 2273/2273 2272/2272
f 2279/2279 2273/2273 2508/2508
f 2508/2508 2515/2515 2279/2279
f 2279/2279 2524/2524 2274/2274
f 2524/2524 2279/2279 2515/2515
f 2524/2524 2515/2515 2448/2448
f 2391/2391 2524/2524 2448/2448
f 2448/2448 2515/2515 2302/2302
f 2389/2389 2448/2448 2302/2302
f 2265/2265 2264/2264 2486/2486
f 2316/2316 2265/2265 2525/2525
f 2525/2525 2265/2265 2486/2486
f 2316/2316 2525/2525 2317/2317
f 2316/2316 2318/2318 1131/1131
f 2487/2487 2324/2324 2486/2486
f 2324/2324 2487/2487 2336/2336
f 2525/2525 2486/2486 2324/2324
f 2317/2317 2525/2525 2324/2324
f 2487/2487 2331/2331 2334/2334
f 2336/2336 2487/2487 2334/2334
f 2336/2336 2334/2334 2332/2332
f 2336/2336 2325/2325 2324/2324
f 2335/2335 2325/2325 2336/2336
f 2526/2526 2325/2325 2335/2335
f 2526/2526 2335/2335 2329/2329
f 2526/2526 2329/2329 2328/2328
f 1140/1140 1131/1131 2318/2318
f 1140/1140 2318/2318 2319/2319
f 2324/2324 2323/2323 2317/2317
f 2323/2323 2318/2318 2317/2317
f 2319/2319 2318/2318 2322/2322
f 2322/2322 2318/2318 2323/2323
f 2321/2321 2320/2320 2319/2319
f 2323/2323 2325/2325 2526/2526
f 2527/2527 2322/2322 2323/2323
f 2527/2527 2323/2323 2526/2526
f 2328/2328 2527/2527 2526/2526
f 2321/2321 2322/2322 2527/2527
f 2321/2321 2527/2527 2327/2327
f 2328/2328 2327/2327 2527/2527
f 2333/2333 2280/2280 2340/2340
f 2377/2377 2329/2329 2355/2355
f 2360/2360 2362/2362 2349/2349
f 2363/2363 2360/2360 2361/2361
f 1239/1239 1143/1143 2320/2320
f 1240/1240 2320/2320 2528/2528
f 2528/2528 2320/2320 2321/2321
f 2372/2372 2528/2528 2321/2321
f 1178/1178 1240/1240 2367/2367
f 2367/2367 1240/1240 2372/2372
f 1240/1240 2528/2528 2372/2372
f 2373/2373 2321/2321 2365/2365
f 2372/2372 2321/2321 2373/2373
f 2529/2529 2373/2373 2365/2365
f 2367/2367 2369/2369 2366/2366
f 2370/2370 2369/2369 2367/2367
f 2369/2369 2368/2368 2366/2366
f 2376/2376 2529/2529 2530/2530
f 2374/2374 2373/2373 2529/2529
f 2370/2370 2374/2374 2529/2529
f 2370/2370 2529/2529 2376/2376
f 2378/2378 2355/2355 2357/2357
f 2531/2531 2364/2364 2377/2377
f 2379/2379 2531/2531 2377/2377
f 2459/2459 2382/2382 2361/2361
f 2378/2378 2357/2357 2381/2381
f 2363/2363 2381/2381 2357/2357
f 2363/2363 2361/2361 2382/2382
f 2363/2363 2382/2382 2381/2381
f 2379/2379 2388/2388 2531/2531
f 2388/2388 2532/2532 2533/2533
f 2532/2532 2379/2379 2380/2380
f 2380/2380 2379/2379 2378/2378
f 2532/2532 2388/2388 2379/2379
f 2384/2384 2532/2532 2380/2380
f 2534/2534 2384/2384 2535/2535
f 2535/2535 2384/2384 2383/2383
f 2534/2534 2532/2532 2384/2384
f 2530/2530 2365/2365 2364/2364
f 2530/2530 2364/2364 2531/2531
f 2531/2531 2387/2387 2530/2530
f 2387/2387 2531/2531 2388/2388
f 2376/2376 2530/2530 2387/2387
f 2376/2376 2387/2387 2386/2386
f 2536/2536 2376/2376 2386/2386
f 2533/2533 2385/2385 2388/2388
f 2454/2454 2390/2390 2392/2392
f 2396/2396 2518/2518 2517/2517
f 2397/2397 2518/2518 2396/2396
f 2400/2400 2518/2518 2397/2397
f 2397/2397 2398/2398 2537/2537
f 2399/2399 2518/2518 2400/2400
f 2537/2537 2401/2401 2400/2400
f 2408/2408 2401/2401 2537/2537
f 2537/2537 2406/2406 2408/2408
f 2401/2401 2408/2408 2393/2393
f 2537/2537 2400/2400 2397/2397
f 2395/2395 2538/2538 2398/2398
f 2538/2538 2395/2395 2405/2405
f 2405/2405 2422/2422 2539/2539
f 2425/2425 2540/2540 2538/2538
f 2425/2425 2538/2538 2405/2405
f 2407/2407 2402/2402 2408/2408
f 2398/2398 2406/2406 2537/2537
f 2540/2540 2406/2406 2398/2398
f 2409/2409 2406/2406 2540/2540
f 2540/2540 2431/2431 2409/2409
f 2404/2404 2402/2402 2407/2407
f 2409/2409 2404/2404 2407/2407
f 2538/2538 2540/2540 2398/2398
f 2431/2431 2540/2540 2425/2425
f 1936/1936 2311/2311 1946/1946
f 2033/2033 2311/2311 1943/1943
f 2414/2414 2523/2523 2315/2315
f 2415/2415 2517/2517 2523/2523
f 2523/2523 2414/2414 2415/2415
f 2416/2416 2414/2414 2418/2418
f 2414/2414 2410/2410 2412/2412
f 2412/2412 2418/2418 2414/2414
f 2541/2541 2413/2413 2411/2411
f 1952/1952 2411/2411 2033/2033
f 1991/1991 2411/2411 1952/1952
f 1991/1991 2541/2541 2411/2411
f 1991/1991 2421/2421 2541/2541
f 2541/2541 2419/2419 2418/2418
f 2419/2419 2416/2416 2418/2418
f 2420/2420 2422/2422 2417/2417
f 2420/2420 2417/2417 2419/2419
f 2541/2541 2418/2418 2413/2413
f 2541/2541 2421/2421 2419/2419
f 2542/2542 2422/2422 2420/2420
f 2542/2542 2420/2420 2421/2421
f 2415/2415 2396/2396 2517/2517
f 2394/2394 2422/2422 2405/2405
f 2539/2539 2422/2422 2542/2542
f 2463/2463 2404/2404 2409/2409
f 2427/2427 2405/2405 2539/2539
f 2539/2539 2543/2543 2427/2427
f 2427/2427 2425/2425 2405/2405
f 2429/2429 2427/2427 2543/2543
f 2409/2409 2432/2432 2435/2435
f 2432/2432 2409/2409 2431/2431
f 2409/2409 2435/2435 2463/2463
f 2434/2434 2463/2463 2435/2435
f 2434/2434 2438/2438 2437/2437
f 2442/2442 2441/2441 2429/2429
f 2443/2443 2442/2442 2544/2544
f 2545/2545 2430/2430 2429/2429
f 2546/2546 2430/2430 2545/2545
f 2429/2429 2443/2443 2545/2545
f 2547/2547 2546/2546 2545/2545
f 2545/2545 2548/2548 2547/2547
f 2546/2546 2433/2433 2430/2430
f 2433/2433 2546/2546 2438/2438
f 2433/2433 2434/2434 2432/2432
f 2438/2438 2434/2434 2433/2433
f 2546/2546 2549/2549 2438/2438
f 2549/2549 2436/2436 2438/2438
f 2549/2549 2546/2546 2547/2547
f 1991/1991 2445/2445 2421/2421
f 2446/2446 2445/2445 2444/2444
f 2550/2550 2445/2445 2446/2446
f 2551/2551 2542/2542 2421/2421
f 2543/2543 2539/2539 2542/2542
f 2552/2552 2542/2542 2551/2551
f 2542/2542 2552/2552 2543/2543
f 2551/2551 2421/2421 2445/2445
f 2445/2445 2550/2550 2551/2551
f 2553/2553 2552/2552 2551/2551
f 2550/2550 2553/2553 2551/2551
f 2442/2442 2543/2543 2552/2552
f 2442/2442 2552/2552 2553/2553
f 2553/2553 2550/2550 2554/2554
f 2554/2554 2442/2442 2553/2553
f 2555/2555 2550/2550 2446/2446
f 2555/2555 2554/2554 2550/2550
f 2544/2544 2442/2442 2554/2554
f 2555/2555 2544/2544 2554/2554
f 2442/2442 2429/2429 2543/2543
f 2345/2345 2274/2274 2524/2524
f 2449/2449 2345/2345 2524/2524
f 2450/2450 2524/2524 2391/2391
f 2449/2449 2524/2524 2450/2450
f 2390/2390 2450/2450 2391/2391
f 2449/2449 2346/2346 2345/2345
f 2390/2390 2451/2451 2450/2450
f 2390/2390 2454/2454 2451/2451
f 2459/2459 2361/2361 2458/2458
f 2382/2382 2459/2459 2460/2460
f 2382/2382 2460/2460 2461/2461
f 2463/2463 2556/2556 2462/2462
f 2461/2461 2462/2462 2556/2556
f 2556/2556 2463/2463 2434/2434
f 2461/2461 2556/2556 2465/2465
f 2437/2437 2556/2556 2434/2434
f 2556/2556 2437/2437 2465/2465
f 2557/2557 2383/2383 2466/2466
f 2466/2466 2465/2465 2439/2439
f 2383/2383 2557/2557 2535/2535
f 2476/2476 2483/2483 2256/2256
f 2483/2483 2476/2476 2481/2481
f 2476/2476 2477/2477 2481/2481
f 2489/2489 2483/2483 2481/2481
f 2480/2480 2248/2248 2271/2271
f 2271/2271 2490/2490 2480/2480
f 2365/2365 2530/2530 2529/2529
f 2558/2558 2559/2559 2560/2560
f 2561/2561 2562/2562 2560/2560
f 2563/2563 2564/2564 2565/2565
f 2566/2566 2564/2564 2563/2563
f 2563/2563 2567/2567 2568/2568
f 2563/2563 2568/2568 2569/2569
f 2563/2563 2569/2569 2566/2566
f 2566/2566 2570/2570 2564/2564
f 2565/2565 2564/2564 2571/2571
f 2572/2572 2573/2573 2574/2574
f 2575/2575 2577/2577 2578/2578
f 2577/2577 2580/2580 2578/2578
f 2581/2581 2583/2583 2579/2579
f 2582/2582 2578/2578 2580/2580
f 2581/2581 2584/2584 2585/2585
f 2586/2586 2584/2584 2581/2581
f 2584/2584 2586/2586 2588/2588
f 2587/2587 2582/2582 2580/2580
f 2590/2590 2588/2588 2586/2586
f 2587/2587 2580/2580 2589/2589
f 2592/2592 2589/2589 2580/2580
f 2591/2591 2593/2593 2590/2590
f 2595/2595 2596/2596 2591/2591
f 2592/2592 2597/2597 2594/2594
f 2599/2599 2594/2594 2597/2597
f 2599/2599 2597/2597 2600/2600
f 2599/2599 2600/2600 2601/2601
f 2600/2600 2603/2603 2601/2601
f 2605/2605 2601/2601 2603/2603
f 2606/2606 2605/2605 2603/2603
f 2607/2607 2608/2608 2609/2609
f 695/695 2610/2610 494/494
f 498/498 695/695 494/494
f 695/695 573/573 2609/2609
f 2610/2610 499/499 494/494
f 2608/2608 695/695 2609/2609
f 2608/2608 2611/2611 695/695
f 2612/2612 695/695 2611/2611
f 695/695 2612/2612 2610/2610
f 2611/2611 2607/2607 2613/2613
f 2614/2614 2612/2612 2611/2611
f 2614/2614 2611/2611 2615/2615
f 2616/2616 2610/2610 2612/2612
f 2614/2614 2616/2616 2612/2612
f 2614/2614 2617/2617 2616/2616
f 2618/2618 2615/2615 2619/2619
f 2618/2618 2619/2619 2620/2620
f 2618/2618 2621/2621 2615/2615
f 2622/2622 2621/2621 2618/2618
f 2622/2622 2618/2618 2620/2620
f 2623/2623 2622/2622 2624/2624
f 2625/2625 2623/2623 2626/2626
f 2627/2627 2628/2628 2629/2629
f 539/539 541/541 2630/2630
f 2631/2631 2630/2630 541/541
f 541/541 2632/2632 2631/2631
f 2632/2632 552/552 2633/2633
f 2634/2634 2631/2631 2635/2635
f 2636/2636 2632/2632 2637/2637
f 2638/2638 2636/2636 2637/2637
f 2635/2635 2631/2631 2636/2636
f 2636/2636 2638/2638 2635/2635
f 2639/2639 2634/2634 2635/2635
f 2638/2638 2640/2640 2635/2635
f 2640/2640 2638/2638 2641/2641
f 2642/2642 2643/2643 2644/2644
f 2641/2641 2642/2642 2640/2640
f 2645/2645 559/559 2646/2646
f 2647/2647 2646/2646 2648/2648
f 2646/2646 2647/2647 2645/2645
f 2649/2649 2645/2645 2647/2647
f 2649/2649 2647/2647 2648/2648
f 2650/2650 2632/2632 553/553
f 553/553 2651/2651 2650/2650
f 2652/2652 553/553 555/555
f 553/553 2633/2633 552/552
f 553/553 2632/2632 2633/2633
f 2653/2653 2650/2650 2651/2651
f 2654/2654 2652/2652 555/555
f 2651/2651 553/553 2652/2652
f 2637/2637 2632/2632 2650/2650
f 2650/2650 2653/2653 2637/2637
f 2655/2655 555/555 554/554
f 2655/2655 554/554 559/559
f 558/558 2646/2646 559/559
f 1042/1042 2646/2646 558/558
f 2654/2654 555/555 2655/2655
f 559/559 2645/2645 2655/2655
f 2655/2655 2645/2645 2654/2654
f 2656/2656 2645/2645 2649/2649
f 2657/2657 2656/2656 2649/2649
f 2658/2658 2656/2656 2659/2659
f 2657/2657 2660/2660 2661/2661
f 2659/2659 2657/2657 2661/2661
f 2662/2662 2651/2651 2663/2663
f 2641/2641 2638/2638 2662/2662
f 2663/2663 2654/2654 2656/2656
f 2645/2645 2656/2656 2654/2654
f 2656/2656 2662/2662 2663/2663
f 2658/2658 2662/2662 2656/2656
f 572/572 539/539 2664/2664
f 2664/2664 539/539 2630/2630
f 2665/2665 570/570 572/572
f 2664/2664 2665/2665 572/572
f 570/570 2665/2665 573/573
f 2665/2665 2666/2666 573/573
f 2609/2609 573/573 2666/2666
f 2667/2667 2668/2668 2664/2664
f 2668/2668 2665/2665 2664/2664
f 2665/2665 2609/2609 2666/2666
f 2665/2665 2668/2668 2609/2609
f 2613/2613 2609/2609 2668/2668
f 2630/2630 2631/2631 2664/2664
f 2639/2639 2667/2667 2664/2664
f 2609/2609 2613/2613 2607/2607
f 2668/2668 2639/2639 2669/2669
f 2613/2613 2668/2668 2669/2669
f 2668/2668 2667/2667 2639/2639
f 2670/2670 2639/2639 2644/2644
f 2639/2639 2670/2670 2671/2671
f 2671/2671 2669/2669 2639/2639
f 2671/2671 2672/2672 2669/2669
f 2672/2672 2619/2619 2669/2669
f 2619/2619 2613/2613 2669/2669
f 2672/2672 2670/2670 2619/2619
f 2670/2670 2672/2672 2671/2671
f 2673/2673 2619/2619 2670/2670
f 2674/2674 2643/2643 2675/2675
f 2676/2676 2677/2677 2678/2678
f 2679/2679 2643/2643 2674/2674
f 2676/2676 2679/2679 2674/2674
f 2679/2679 2676/2676 2680/2680
f 2681/2681 2682/2682 2676/2676
f 2683/2683 2658/2658 2659/2659
f 2659/2659 2684/2684 2683/2683
f 2684/2684 2685/2685 2683/2683
f 2661/2661 2685/2685 2684/2684
f 2661/2661 2660/2660 2685/2685
f 2684/2684 2659/2659 2661/2661
f 2686/2686 2687/2687 2688/2688
f 2687/2687 2689/2689 2688/2688
f 2689/2689 2690/2690 2691/2691
f 2692/2692 2686/2686 2688/2688
f 2693/2693 2686/2686 2692/2692
f 2694/2694 2692/2692 2695/2695
f 2694/2694 2693/2693 2692/2692
f 2688/2688 2695/2695 2692/2692
f 2696/2696 2688/2688 2689/2689
f 2696/2696 2689/2689 2691/2691
f 2695/2695 2688/2688 2696/2696
f 2697/2697 2695/2695 2696/2696
f 2698/2698 2676/2676 2678/2678
f 2699/2699 2670/2670 2643/2643
f 2700/2700 2673/2673 2699/2699
f 2673/2673 2701/2701 2624/2624
f 2680/2680 2700/2700 2699/2699
f 2702/2702 2701/2701 2700/2700
f 2703/2703 2624/2624 2701/2701
f 2673/2673 2700/2700 2701/2701
f 2703/2703 2701/2701 2702/2702
f 2704/2704 2703/2703 2702/2702
f 2702/2702 2700/2700 2680/2680
f 2704/2704 2702/2702 2680/2680
f 2673/2673 2620/2620 2619/2619
f 2623/2623 2624/2624 2703/2703
f 2626/2626 2623/2623 2703/2703
f 2705/2705 2680/2680 2682/2682
f 2706/2706 2705/2705 2682/2682
f 2705/2705 2626/2626 2704/2704
f 2705/2705 2704/2704 2680/2680
f 2626/2626 2705/2705 2707/2707
f 2707/2707 2705/2705 2706/2706
f 2708/2708 2707/2707 2706/2706
f 2708/2708 2706/2706 2709/2709
f 2709/2709 2682/2682 2681/2681
f 2709/2709 2706/2706 2682/2682
f 2704/2704 2626/2626 2703/2703
f 614/614 2710/2710 615/615
f 2711/2711 615/615 2712/2712
f 615/615 608/608 606/606
f 2713/2713 607/607 608/608
f 2711/2711 608/608 615/615
f 2714/2714 2711/2711 2715/2715
f 2716/2716 2713/2713 608/608
f 2716/2716 608/608 2714/2714
f 2714/2714 608/608 2711/2711
f 2717/2717 2716/2716 2714/2714
f 2716/2716 2717/2717 2718/2718
f 2719/2719 2712/2712 2720/2720
f 2719/2719 2711/2711 2712/2712
f 2719/2719 2721/2721 2711/2711
f 2722/2722 2711/2711 2721/2721
f 2723/2723 2722/2722 2721/2721
f 2724/2724 2715/2715 2711/2711
f 2714/2714 2715/2715 2725/2725
f 2725/2725 2715/2715 2724/2724
f 632/632 607/607 2713/2713
f 2716/2716 2726/2726 2713/2713
f 2727/2727 2728/2728 2729/2729
f 2728/2728 638/638 706/706
f 638/638 2728/2728 2730/2730
f 638/638 2730/2730 635/635
f 2727/2727 2730/2730 2728/2728
f 2730/2730 2727/2727 2731/2731
f 2732/2732 2730/2730 2731/2731
f 2732/2732 2731/2731 2733/2733
f 2726/2726 2716/2716 2718/2718
f 2734/2734 2735/2735 2736/2736
f 2737/2737 2735/2735 2734/2734
f 2735/2735 2738/2738 2739/2739
f 2737/2737 2738/2738 2735/2735
f 2628/2628 2711/2711 2722/2722
f 2711/2711 2628/2628 2724/2724
f 2740/2740 2722/2722 2723/2723
f 2722/2722 2740/2740 2628/2628
f 2740/2740 2741/2741 2629/2629
f 2742/2742 2725/2725 2724/2724
f 2743/2743 2742/2742 2724/2724
f 2744/2744 2745/2745 2746/2746
f 2744/2744 2746/2746 2747/2747
f 2725/2725 2742/2742 2747/2747
f 2747/2747 2746/2746 2725/2725
f 2743/2743 2747/2747 2742/2742
f 2748/2748 2747/2747 2743/2743
f 2749/2749 2724/2724 2628/2628
f 2750/2750 2724/2724 2749/2749
f 2750/2750 2743/2743 2724/2724
f 2750/2750 2751/2751 2743/2743
f 2751/2751 2750/2750 2752/2752
f 2753/2753 2747/2747 2748/2748
f 2743/2743 2751/2751 2748/2748
f 2753/2753 2748/2748 2751/2751
f 2740/2740 2629/2629 2628/2628
f 2754/2754 2749/2749 2628/2628
f 2755/2755 2628/2628 2627/2627
f 2754/2754 2756/2756 2749/2749
f 2756/2756 2750/2750 2749/2749
f 2757/2757 2752/2752 2750/2750
f 2758/2758 2752/2752 2757/2757
f 2759/2759 2751/2751 2752/2752
f 2751/2751 2759/2759 2753/2753
f 2760/2760 2752/2752 2758/2758
f 2757/2757 2750/2750 2756/2756
f 2758/2758 2757/2757 2756/2756
f 2761/2761 2758/2758 2756/2756
f 2760/2760 2758/2758 2761/2761
f 2762/2762 2760/2760 2761/2761
f 2763/2763 2734/2734 2764/2764
f 2763/2763 2737/2737 2734/2734
f 2765/2765 2737/2737 2763/2763
f 2763/2763 2766/2766 2765/2765
f 2765/2765 2767/2767 2737/2737
f 2766/2766 2768/2768 2769/2769
f 2770/2770 2769/2769 2768/2768
f 2770/2770 2765/2765 2769/2769
f 2765/2765 2766/2766 2769/2769
f 2771/2771 2755/2755 2772/2772
f 2755/2755 2771/2771 2773/2773
f 2774/2774 2775/2775 2776/2776
f 2776/2776 2775/2775 2777/2777
f 2778/2778 2777/2777 2779/2779
f 2779/2779 2775/2775 2780/2780
f 2779/2779 2777/2777 2775/2775
f 2781/2781 2782/2782 2780/2780
f 2782/2782 2779/2779 2780/2780
f 2782/2782 2778/2778 2779/2779
f 2781/2781 2783/2783 2782/2782
f 2784/2784 2783/2783 2781/2781
f 2559/2559 2783/2783 2784/2784
f 2785/2785 2693/2693 2694/2694
f 2694/2694 2786/2786 2787/2787
f 2785/2785 2694/2694 2787/2787
f 2788/2788 2787/2787 2789/2789
f 2789/2789 2787/2787 2786/2786
f 2786/2786 2694/2694 2695/2695
f 2786/2786 2697/2697 2790/2790
f 2695/2695 2697/2697 2786/2786
f 2789/2789 2786/2786 2791/2791
f 2791/2791 2792/2792 2789/2789
f 2791/2791 2786/2786 2790/2790
f 2791/2791 2793/2793 2794/2794
f 2794/2794 2792/2792 2791/2791
f 2775/2775 2774/2774 2795/2795
f 2795/2795 2774/2774 2785/2785
f 2785/2785 2787/2787 2795/2795
f 2780/2780 2775/2775 2795/2795
f 2796/2796 2795/2795 2788/2788
f 2795/2795 2796/2796 2780/2780
f 2788/2788 2795/2795 2787/2787
f 2788/2788 2789/2789 2792/2792
f 2788/2788 2797/2797 2796/2796
f 2788/2788 2798/2798 2797/2797
f 2798/2798 2788/2788 2792/2792
f 2798/2798 2799/2799 2797/2797
f 2781/2781 2780/2780 2796/2796
f 2781/2781 2796/2796 2797/2797
f 2799/2799 2798/2798 2561/2561
f 2784/2784 2781/2781 2797/2797
f 2784/2784 2797/2797 2799/2799
f 2560/2560 2784/2784 2799/2799
f 2559/2559 2784/2784 2560/2560
f 2560/2560 2799/2799 2561/2561
f 2792/2792 2800/2800 2798/2798
f 2800/2800 2792/2792 2794/2794
f 2794/2794 2801/2801 2800/2800
f 2561/2561 2798/2798 2800/2800
f 2801/2801 2561/2561 2800/2800
f 2801/2801 2794/2794 2802/2802
f 2803/2803 2561/2561 2801/2801
f 2801/2801 2804/2804 2803/2803
f 2803/2803 2805/2805 2561/2561
f 2562/2562 2561/2561 2805/2805
f 2805/2805 2803/2803 2806/2806
f 2805/2805 2807/2807 2562/2562
f 2805/2805 2806/2806 2807/2807
f 2806/2806 2803/2803 2804/2804
f 2808/2808 2806/2806 2804/2804
f 2804/2804 2809/2809 2808/2808
f 2810/2810 2707/2707 2708/2708
f 2811/2811 2812/2812 2813/2813
f 2811/2811 2814/2814 2812/2812
f 2814/2814 2815/2815 2812/2812
f 2777/2777 2778/2778 2813/2813
f 2816/2816 2773/2773 2771/2771
f 2817/2817 2814/2814 2811/2811
f 2817/2817 2811/2811 2818/2818
f 2819/2819 2817/2817 2818/2818
f 2816/2816 2814/2814 2817/2817
f 2820/2820 2817/2817 2819/2819
f 2819/2819 2821/2821 2820/2820
f 2811/2811 2813/2813 2778/2778
f 2778/2778 2782/2782 2822/2822
f 2822/2822 2818/2818 2778/2778
f 2778/2778 2818/2818 2811/2811
f 2821/2821 2822/2822 2783/2783
f 2783/2783 2822/2822 2782/2782
f 2823/2823 2783/2783 2559/2559
f 2822/2822 2819/2819 2818/2818
f 2821/2821 2819/2819 2822/2822
f 2816/2816 2771/2771 2814/2814
f 2824/2824 2816/2816 2817/2817
f 2824/2824 2773/2773 2816/2816
f 2825/2825 2824/2824 2817/2817
f 2825/2825 2817/2817 2820/2820
f 2824/2824 2825/2825 2773/2773
f 2825/2825 2826/2826 2773/2773
f 2809/2809 2827/2827 2808/2808
f 2828/2828 2808/2808 2827/2827
f 2829/2829 2828/2828 2827/2827
f 2830/2830 2831/2831 2832/2832
f 2830/2830 2833/2833 2834/2834
f 2835/2835 2836/2836 2831/2831
f 2835/2835 2831/2831 2830/2830
f 2834/2834 2835/2835 2830/2830
f 2833/2833 2837/2837 2834/2834
f 2837/2837 2833/2833 2838/2838
f 2838/2838 2839/2839 2837/2837
f 2840/2840 2837/2837 2841/2841
f 2842/2842 2843/2843 2844/2844
f 2841/2841 2844/2844 2840/2840
f 2842/2842 2844/2844 2841/2841
f 2836/2836 2844/2844 2843/2843
f 2831/2831 2836/2836 2843/2843
f 2831/2831 2843/2843 2845/2845
f 2846/2846 2831/2831 2845/2845
f 2846/2846 2832/2832 2831/2831
f 2834/2834 2836/2836 2835/2835
f 2840/2840 2844/2844 2836/2836
f 2836/2836 2834/2834 2840/2840
f 2834/2834 2837/2837 2840/2840
f 2847/2847 2839/2839 2838/2838
f 2838/2838 2848/2848 2847/2847
f 2837/2837 2849/2849 2850/2850
f 2842/2842 2841/2841 2850/2850
f 2850/2850 2841/2841 2837/2837
f 2851/2851 2850/2850 2849/2849
f 2852/2852 2853/2853 2854/2854
f 2855/2855 2850/2850 2851/2851
f 2852/2852 2851/2851 2853/2853
f 2849/2849 2837/2837 2839/2839
f 2849/2849 2839/2839 2847/2847
f 2848/2848 2849/2849 2847/2847
f 2848/2848 2854/2854 2853/2853
f 2853/2853 2849/2849 2848/2848
f 2856/2856 2854/2854 2848/2848
f 2851/2851 2849/2849 2853/2853
f 2567/2567 2820/2820 2821/2821
f 2823/2823 2821/2821 2783/2783
f 2559/2559 2857/2857 2823/2823
f 2568/2568 2821/2821 2823/2823
f 2567/2567 2821/2821 2568/2568
f 2857/2857 2568/2568 2823/2823
f 2857/2857 2858/2858 2568/2568
f 2859/2859 2858/2858 2857/2857
f 2860/2860 2820/2820 2567/2567
f 2861/2861 2820/2820 2860/2860
f 2861/2861 2825/2825 2820/2820
f 2563/2563 2860/2860 2567/2567
f 2862/2862 2825/2825 2861/2861
f 2860/2860 2862/2862 2861/2861
f 2563/2563 2565/2565 2860/2860
f 2565/2565 2863/2863 2860/2860
f 2566/2566 2569/2569 2568/2568
f 2566/2566 2568/2568 2858/2858
f 2858/2858 2864/2864 2566/2566
f 2570/2570 2566/2566 2864/2864
f 2864/2864 2858/2858 2865/2865
f 2866/2866 2564/2564 2570/2570
f 2864/2864 2866/2866 2570/2570
f 2865/2865 2867/2867 2864/2864
f 2558/2558 2857/2857 2559/2559
f 2857/2857 2558/2558 2859/2859
f 2560/2560 2562/2562 2558/2558
f 2868/2868 2562/2562 2807/2807
f 2558/2558 2562/2562 2868/2868
f 2868/2868 2869/2869 2558/2558
f 2868/2868 2870/2870 2869/2869
f 2871/2871 2859/2859 2869/2869
f 2869/2869 2859/2859 2558/2558
f 2859/2859 2871/2871 2858/2858
f 2858/2858 2871/2871 2865/2865
f 2872/2872 2873/2873 2869/2869
f 2869/2869 2870/2870 2872/2872
f 2874/2874 2875/2875 2872/2872
f 2873/2873 2871/2871 2869/2869
f 2875/2875 2873/2873 2872/2872
f 2807/2807 2876/2876 2868/2868
f 2876/2876 2807/2807 2806/2806
f 2806/2806 2877/2877 2876/2876
f 2876/2876 2870/2870 2868/2868
f 2870/2870 2876/2876 2872/2872
f 2877/2877 2878/2878 2876/2876
f 2877/2877 2806/2806 2808/2808
f 2877/2877 2808/2808 2828/2828
f 2879/2879 2828/2828 2829/2829
f 2878/2878 2877/2877 2828/2828
f 2878/2878 2872/2872 2876/2876
f 2880/2880 2878/2878 2828/2828
f 2881/2881 2828/2828 2879/2879
f 2880/2880 2828/2828 2881/2881
f 2882/2882 2883/2883 2884/2884
f 2878/2878 2874/2874 2872/2872
f 2885/2885 2875/2875 2874/2874
f 2880/2880 2885/2885 2874/2874
f 2880/2880 2874/2874 2878/2878
f 2865/2865 2871/2871 2873/2873
f 2873/2873 2886/2886 2865/2865
f 2875/2875 2886/2886 2873/2873
f 2887/2887 2875/2875 2885/2885
f 2888/2888 2889/2889 2842/2842
f 2890/2890 2888/2888 2850/2850
f 2891/2891 2892/2892 2893/2893
f 2892/2892 2889/2889 2888/2888
f 2892/2892 2894/2894 2889/2889
f 2893/2893 2888/2888 2895/2895
f 2893/2893 2892/2892 2888/2888
f 2890/2890 2895/2895 2888/2888
f 2893/2893 2896/2896 2891/2891
f 2897/2897 2896/2896 2893/2893
f 2893/2893 2895/2895 2897/2897
f 2894/2894 2892/2892 2891/2891
f 2898/2898 2891/2891 2896/2896
f 2896/2896 2897/2897 2898/2898
f 2899/2899 2897/2897 2900/2900
f 2897/2897 2895/2895 2900/2900
f 2899/2899 2898/2898 2897/2897
f 2901/2901 2902/2902 2898/2898
f 2898/2898 2899/2899 2901/2901
f 2842/2842 2889/2889 2843/2843
f 2894/2894 2903/2903 2845/2845
f 2845/2845 2903/2903 2882/2882
f 2903/2903 2883/2883 2882/2882
f 2904/2904 2883/2883 2903/2903
f 2905/2905 2880/2880 2904/2904
f 2905/2905 2904/2904 2903/2903
f 2906/2906 2885/2885 2880/2880
f 2907/2907 2894/2894 2908/2908
f 2907/2907 2908/2908 2905/2905
f 2907/2907 2903/2903 2894/2894
f 2903/2903 2907/2907 2905/2905
f 2905/2905 2906/2906 2880/2880
f 2909/2909 2906/2906 2905/2905
f 2908/2908 2909/2909 2905/2905
f 2850/2850 2888/2888 2842/2842
f 2850/2850 2855/2855 2890/2890
f 2910/2910 2855/2855 2911/2911
f 2911/2911 2855/2855 2851/2851
f 2910/2910 2890/2890 2855/2855
f 2911/2911 2851/2851 2852/2852
f 2902/2902 2908/2908 2894/2894
f 2912/2912 2908/2908 2902/2902
f 2875/2875 2887/2887 2886/2886
f 2906/2906 2887/2887 2885/2885
f 2913/2913 2887/2887 2906/2906
f 2914/2914 2906/2906 2909/2909
f 2914/2914 2913/2913 2906/2906
f 2915/2915 2865/2865 2886/2886
f 2887/2887 2915/2915 2886/2886
f 2915/2915 2887/2887 2916/2916
f 2915/2915 2867/2867 2865/2865
f 2867/2867 2915/2915 2916/2916
f 2913/2913 2916/2916 2887/2887
f 2913/2913 2917/2917 2916/2916
f 2914/2914 2918/2918 2913/2913
f 2912/2912 2909/2909 2908/2908
f 2912/2912 2919/2919 2909/2909
f 2920/2920 2912/2912 2902/2902
f 2912/2912 2920/2920 2921/2921
f 2918/2918 2917/2917 2913/2913
f 2922/2922 2918/2918 2923/2923
f 2923/2923 2924/2924 2922/2922
f 2920/2920 2924/2924 2925/2925
f 2923/2923 2918/2918 2919/2919
f 2919/2919 2918/2918 2914/2914
f 2919/2919 2914/2914 2909/2909
f 2921/2921 2919/2919 2912/2912
f 2925/2925 2919/2919 2921/2921
f 2919/2919 2925/2925 2923/2923
f 2921/2921 2920/2920 2925/2925
f 2924/2924 2923/2923 2925/2925
f 2754/2754 2628/2628 2755/2755
f 2926/2926 2756/2756 2754/2754
f 2773/2773 2754/2754 2755/2755
f 2927/2927 2754/2754 2773/2773
f 2928/2928 2926/2926 2754/2754
f 2927/2927 2928/2928 2754/2754
f 2762/2762 2756/2756 2926/2926
f 2927/2927 2929/2929 2928/2928
f 2927/2927 2930/2930 2929/2929
f 2930/2930 2927/2927 2826/2826
f 2770/2770 2931/2931 2765/2765
f 2932/2932 2931/2931 2770/2770
f 2770/2770 2933/2933 2932/2932
f 2932/2932 2933/2933 2934/2934
f 2767/2767 2765/2765 2931/2931
f 2935/2935 2767/2767 2936/2936
f 2937/2937 2931/2931 2932/2932
f 2767/2767 2931/2931 2937/2937
f 2936/2936 2767/2767 2937/2937
f 2934/2934 2937/2937 2932/2932
f 2938/2938 2937/2937 2934/2934
f 2939/2939 2938/2938 2934/2934
f 2940/2940 2937/2937 2938/2938
f 2940/2940 2936/2936 2937/2937
f 2941/2941 2936/2936 2940/2940
f 2940/2940 2938/2938 2939/2939
f 2939/2939 2941/2941 2940/2940
f 2930/2930 2942/2942 2929/2929
f 2930/2930 2943/2943 2942/2942
f 2944/2944 2945/2945 2946/2946
f 2946/2946 2929/2929 2942/2942
f 2947/2947 2946/2946 2942/2942
f 2942/2942 2948/2948 2947/2947
f 2949/2949 2944/2944 2950/2950
f 2947/2947 2944/2944 2946/2946
f 2947/2947 2950/2950 2944/2944
f 2950/2950 2951/2951 2952/2952
f 2953/2953 2950/2950 2947/2947
f 2954/2954 2947/2947 2948/2948
f 2954/2954 2953/2953 2947/2947
f 2953/2953 2951/2951 2950/2950
f 2951/2951 2955/2955 2956/2956
f 2957/2957 2958/2958 2956/2956
f 2951/2951 2953/2953 2955/2955
f 2959/2959 2955/2955 2953/2953
f 2959/2959 2960/2960 2955/2955
f 2956/2956 2955/2955 2957/2957
f 2955/2955 2960/2960 2957/2957
f 2826/2826 2927/2927 2773/2773
f 2825/2825 2862/2862 2826/2826
f 2930/2930 2826/2826 2862/2862
f 2860/2860 2863/2863 2862/2862
f 2930/2930 2862/2862 2961/2961
f 2962/2962 2961/2961 2862/2862
f 2962/2962 2862/2862 2863/2863
f 2930/2930 2961/2961 2943/2943
f 2571/2571 2564/2564 2963/2963
f 2571/2571 2863/2863 2565/2565
f 2964/2964 2961/2961 2962/2962
f 2965/2965 2943/2943 2961/2961
f 2964/2964 2962/2962 2863/2863
f 2965/2965 2961/2961 2964/2964
f 2863/2863 2571/2571 2964/2964
f 2963/2963 2564/2564 2866/2866
f 2948/2948 2943/2943 2965/2965
f 2948/2948 2942/2942 2943/2943
f 2964/2964 2966/2966 2965/2965
f 2967/2967 2948/2948 2965/2965
f 2968/2968 2948/2948 2967/2967
f 2963/2963 2969/2969 2964/2964
f 2963/2963 2964/2964 2571/2571
f 2970/2970 2971/2971 2963/2963
f 2969/2969 2963/2963 2971/2971
f 2970/2970 2963/2963 2866/2866
f 2866/2866 2972/2972 2970/2970
f 2866/2866 2864/2864 2867/2867
f 2866/2866 2867/2867 2973/2973
f 2973/2973 2972/2972 2866/2866
f 2867/2867 2974/2974 2973/2973
f 2970/2970 2975/2975 2971/2971
f 2975/2975 2970/2970 2972/2972
f 2976/2976 2972/2972 2973/2973
f 2974/2974 2976/2976 2973/2973
f 2974/2974 2977/2977 2976/2976
f 2976/2976 2978/2978 2979/2979
f 2976/2976 2980/2980 2978/2978
f 2981/2981 2978/2978 2980/2980
f 2969/2969 2966/2966 2964/2964
f 2965/2965 2966/2966 2967/2967
f 2982/2982 2969/2969 2971/2971
f 2968/2968 2967/2967 2966/2966
f 2983/2983 2984/2984 2966/2966
f 2966/2966 2969/2969 2983/2983
f 2983/2983 2969/2969 2982/2982
f 2985/2985 2983/2983 2982/2982
f 2971/2971 2975/2975 2982/2982
f 2972/2972 2986/2986 2975/2975
f 2986/2986 2972/2972 2976/2976
f 2986/2986 2976/2976 2979/2979
f 2978/2978 2987/2987 2979/2979
f 2987/2987 2978/2978 2981/2981
f 2987/2987 2981/2981 2988/2988
f 2989/2989 2986/2986 2979/2979
f 2987/2987 2990/2990 2979/2979
f 2988/2988 2990/2990 2987/2987
f 2979/2979 2990/2990 2989/2989
f 2991/2991 2989/2989 2990/2990
f 2990/2990 2988/2988 2991/2991
f 2985/2985 2982/2982 2975/2975
f 2992/2992 2986/2986 2989/2989
f 2985/2985 2975/2975 2986/2986
f 2985/2985 2986/2986 2992/2992
f 2989/2989 2993/2993 2992/2992
f 2993/2993 2989/2989 2994/2994
f 2989/2989 2991/2991 2994/2994
f 2993/2993 2994/2994 2995/2995
f 2996/2996 2995/2995 2994/2994
f 2974/2974 2916/2916 2917/2917
f 2974/2974 2867/2867 2916/2916
f 2977/2977 2974/2974 2917/2917
f 2997/2997 2917/2917 2918/2918
f 2917/2917 2997/2997 2977/2977
f 2980/2980 2976/2976 2977/2977
f 2998/2998 2980/2980 2977/2977
f 2998/2998 2977/2977 2997/2997
f 2980/2980 2998/2998 2981/2981
f 2997/2997 2922/2922 2998/2998
f 2998/2998 2988/2988 2981/2981
f 2999/2999 2991/2991 2988/2988
f 2954/2954 2948/2948 2968/2968
f 3000/3000 2957/2957 2960/2960
f 2968/2968 2966/2966 2984/2984
f 2968/2968 3001/3001 2954/2954
f 3002/3002 3001/3001 2968/2968
f 2968/2968 2984/2984 3002/3002
f 2984/2984 2983/2983 2573/2573
f 2984/2984 2573/2573 3003/3003
f 2954/2954 3001/3001 2953/2953
f 2953/2953 3001/3001 2959/2959
f 3001/3001 3002/3002 3004/3004
f 2573/2573 2983/2983 2985/2985
f 2985/2985 2574/2574 2573/2573
f 3003/3003 2573/2573 2572/2572
f 2984/2984 3003/3003 3002/3002
f 2985/2985 2992/2992 2574/2574
f 2993/2993 3005/3005 2992/2992
f 2995/2995 3005/3005 2993/2993
f 3005/3005 2995/2995 3006/3006
f 3007/3007 2992/2992 3005/3005
f 3007/3007 3008/3008 2992/2992
f 3007/3007 3005/3005 3006/3006
f 3008/3008 2574/2574 2992/2992
f 3009/3009 2959/2959 3001/3001
f 3001/3001 3004/3004 3009/3009
f 3004/3004 3010/3010 3011/3011
f 3009/3009 2960/2960 2959/2959
f 3012/3012 2960/2960 3009/3009
f 3012/3012 3000/3000 2960/2960
f 3009/3009 3004/3004 3012/3012
f 3011/3011 3012/3012 3004/3004
f 3003/3003 3004/3004 3002/3002
f 3003/3003 3010/3010 3004/3004
f 3013/3013 3010/3010 3003/3003
f 2572/2572 3013/3013 3003/3003
f 3014/3014 3010/3010 3013/3013
f 2572/2572 2574/2574 3013/3013
f 3015/3015 3014/3014 3013/3013
f 3010/3010 3014/3014 3011/3011
f 3014/3014 3016/3016 3011/3011
f 2574/2574 3015/3015 3013/3013
f 2574/2574 3017/3017 3015/3015
f 3017/3017 2574/2574 3008/3008
f 3007/3007 3018/3018 3008/3008
f 3017/3017 3008/3008 3018/3018
f 3019/3019 3014/3014 3015/3015
f 3015/3015 3020/3020 3019/3019
f 3020/3020 3015/3015 3017/3017
f 3021/3021 3017/3017 3018/3018
f 3022/3022 3021/3021 3018/3018
f 3020/3020 3017/3017 3021/3021
f 3023/3023 3024/3024 2856/2856
f 2854/2854 2856/2856 3025/3025
f 3024/3024 3025/3025 2856/2856
f 3026/3026 2852/2852 2854/2854
f 3026/3026 2854/2854 3025/3025
f 3025/3025 3027/3027 3026/3026
f 3026/3026 3027/3027 3028/3028
f 3029/3029 3025/3025 3024/3024
f 3030/3030 3029/3029 3031/3031
f 3030/3030 3027/3027 3025/3025
f 3030/3030 3025/3025 3029/3029
f 3032/3032 3027/3027 3030/3030
f 3030/3030 3033/3033 3032/3032
f 3030/3030 3034/3034 3033/3033
f 3035/3035 3032/3032 3033/3033
f 3033/3033 3034/3034 3036/3036
f 3037/3037 3038/3038 3039/3039
f 3040/3040 3037/3037 3041/3041
f 3042/3042 2895/2895 2890/2890
f 3043/3043 2890/2890 2910/2910
f 2911/2911 3043/3043 2910/2910
f 3042/3042 2890/2890 3043/3043
f 3044/3044 3043/3043 2911/2911
f 3045/3045 2911/2911 3028/3028
f 3045/3045 3044/3044 2911/2911
f 3046/3046 3044/3044 3045/3045
f 2900/2900 2901/2901 2899/2899
f 3047/3047 2901/2901 2900/2900
f 3042/3042 3047/3047 2900/2900
f 3042/3042 2900/2900 2895/2895
f 3048/3048 3042/3042 3049/3049
f 3049/3049 3042/3042 3043/3043
f 3043/3043 3044/3044 3049/3049
f 3050/3050 3049/3049 3051/3051
f 3051/3051 3049/3049 3044/3044
f 3044/3044 3046/3046 3051/3051
f 3050/3050 3048/3048 3049/3049
f 3050/3050 3052/3052 3048/3048
f 3053/3053 3045/3045 3028/3028
f 3054/3054 3053/3053 3055/3055
f 3056/3056 3057/3057 3046/3046
f 3053/3053 3046/3046 3045/3045
f 3058/3058 3050/3050 3046/3046
f 3046/3046 3050/3050 3051/3051
f 3057/3057 3058/3058 3046/3046
f 3054/3054 3056/3056 3046/3046
f 3054/3054 3046/3046 3053/3053
f 3028/3028 2852/2852 3026/3026
f 2852/2852 3028/3028 2911/2911
f 3027/3027 3053/3053 3028/3028
f 3055/3055 3053/3053 3027/3027
f 3055/3055 3027/3027 3032/3032
f 3059/3059 2901/2901 3047/3047
f 3059/3059 3060/3060 2901/2901
f 3060/3060 2920/2920 2901/2901
f 3061/3061 3047/3047 3042/3042
f 3048/3048 3052/3052 3042/3042
f 3052/3052 3062/3062 3042/3042
f 3063/3063 3047/3047 3061/3061
f 3062/3062 3061/3061 3042/3042
f 3039/3039 3059/3059 3047/3047
f 3039/3039 3060/3060 3059/3059
f 3063/3063 3039/3039 3047/3047
f 3038/3038 3060/3060 3039/3039
f 3064/3064 3060/3060 3038/3038
f 3064/3064 2920/2920 3060/3060
f 3063/3063 3037/3037 3039/3039
f 3065/3065 3058/3058 3057/3057
f 3065/3065 3052/3052 3058/3058
f 3066/3066 3061/3061 3062/3062
f 3065/3065 3057/3057 3067/3067
f 3056/3056 3067/3067 3057/3057
f 3056/3056 3068/3068 3067/3067
f 3058/3058 3052/3052 3050/3050
f 3061/3061 3066/3066 3063/3063
f 3041/3041 3063/3063 3066/3066
f 3052/3052 3066/3066 3062/3062
f 3041/3041 3037/3037 3063/3063
f 3066/3066 3069/3069 3041/3041
f 3041/3041 3070/3070 3040/3040
f 3070/3070 3041/3041 3069/3069
f 3071/3071 3065/3065 3067/3067
f 3071/3071 3052/3052 3065/3065
f 3052/3052 3071/3071 3066/3066
f 3071/3071 3069/3069 3066/3066
f 3070/3070 3069/3069 3071/3071
f 3072/3072 3070/3070 3071/3071
f 3073/3073 3055/3055 3035/3035
f 3074/3074 3056/3056 3054/3054
f 3074/3074 3054/3054 3073/3073
f 3055/3055 3073/3073 3054/3054
f 3075/3075 3074/3074 3073/3073
f 3035/3035 3055/3055 3032/3032
f 3074/3074 3068/3068 3056/3056
f 3068/3068 3076/3076 3067/3067
f 3067/3067 3076/3076 3071/3071
f 3077/3077 3068/3068 3074/3074
f 3068/3068 3078/3078 3076/3076
f 3068/3068 3077/3077 3078/3078
f 3079/3079 3078/3078 3077/3077
f 3080/3080 3033/3033 3036/3036
f 3081/3081 3080/3080 3036/3036
f 3081/3081 3082/3082 3080/3080
f 3082/3082 3081/3081 3083/3083
f 3082/3082 3083/3083 3084/3084
f 3082/3082 3085/3085 3080/3080
f 3083/3083 3087/3087 3084/3084
f 2576/2576 3084/3084 3087/3087
f 3075/3075 3073/3073 3035/3035
f 3088/3088 3035/3035 3033/3033
f 3075/3075 3035/3035 3088/3088
f 3033/3033 3080/3080 3088/3088
f 3088/3088 3080/3080 3085/3085
f 3088/3088 3089/3089 3075/3075
f 3090/3090 3074/3074 3075/3075
f 3090/3090 3077/3077 3074/3074
f 3091/3091 3079/3079 3077/3077
f 3091/3091 3077/3077 3090/3090
f 3092/3092 3091/3091 3093/3093
f 3085/3085 3089/3089 3088/3088
f 3085/3085 3094/3094 3095/3095
f 3089/3089 3085/3085 3095/3095
f 3094/3094 3082/3082 3084/3084
f 3094/3094 3085/3085 3082/3082
f 3096/3096 3094/3094 3084/3084
f 3096/3096 3084/3084 2576/2576
f 3094/3094 3096/3096 3095/3095
f 3097/3097 3095/3095 3096/3096
f 3096/3096 2576/2576 3097/3097
f 3089/3089 3090/3090 3075/3075
f 3098/3098 3089/3089 3095/3095
f 3098/3098 3095/3095 3097/3097
f 3099/3099 3090/3090 3089/3089
f 3099/3099 3089/3089 3098/3098
f 3099/3099 3100/3100 3090/3090
f 3097/3097 2583/2583 3098/3098
f 3101/3101 3099/3099 3098/3098
f 3101/3101 3098/3098 2583/2583
f 2585/2585 2583/2583 2581/2581
f 2579/2579 3097/3097 2576/2576
f 3097/3097 2579/2579 2583/2583
f 3100/3100 3091/3091 3090/3090
f 3091/3091 3100/3100 3093/3093
f 3100/3100 3102/3102 3093/3093
f 3102/3102 3103/3103 3104/3104
f 3099/3099 3105/3105 3100/3100
f 3101/3101 3105/3105 3099/3099
f 3102/3102 3100/3100 3106/3106
f 3101/3101 2584/2584 3105/3105
f 2583/2583 2585/2585 3101/3101
f 2584/2584 3101/3101 2585/2585
f 3105/3105 3106/3106 3100/3100
f 3106/3106 3105/3105 2584/2584
f 2584/2584 2588/2588 3106/3106
f 3103/3103 3102/3102 3106/3106
f 2588/2588 3103/3103 3106/3106
f 2588/2588 2593/2593 3103/3103
f 2588/2588 2590/2590 2593/2593
f 3107/3107 3038/3038 3037/3037
f 3108/3108 3038/3038 3107/3107
f 3040/3040 3107/3107 3037/3037
f 3107/3107 3040/3040 3109/3109
f 3108/3108 3110/3110 3064/3064
f 3038/3038 3108/3108 3064/3064
f 3109/3109 3108/3108 3107/3107
f 3111/3111 3108/3108 3109/3109
f 3112/3112 3109/3109 3040/3040
f 3113/3113 3109/3109 3112/3112
f 3064/3064 3110/3110 3114/3114
f 3115/3115 3110/3110 3108/3108
f 3113/3113 3111/3111 3109/3109
f 3111/3111 3116/3116 3108/3108
f 3108/3108 3116/3116 3115/3115
f 3111/3111 3113/3113 3117/3117
f 3111/3111 3117/3117 3118/3118
f 3119/3119 3114/3114 3110/3110
f 3115/3115 3119/3119 3110/3110
f 3111/3111 3120/3120 3116/3116
f 3111/3111 3118/3118 3120/3120
f 3120/3120 3115/3115 3116/3116
f 3120/3120 3121/3121 3115/3115
f 3115/3115 3122/3122 3119/3119
f 3115/3115 3121/3121 3122/3122
f 3123/3123 3113/3113 3124/3124
f 3113/3113 3123/3123 3117/3117
f 3125/3125 3123/3123 3126/3126
f 3123/3123 3125/3125 3127/3127
f 3128/3128 3125/3125 3126/3126
f 3128/3128 3127/3127 3125/3125
f 3127/3127 3128/3128 3129/3129
f 3130/3130 3117/3117 3123/3123
f 3130/3130 3118/3118 3117/3117
f 3131/3131 3120/3120 3118/3118
f 3118/3118 3130/3130 3131/3131
f 3132/3132 3131/3131 3130/3130
f 3133/3133 3130/3130 3123/3123
f 3132/3132 3130/3130 3133/3133
f 3127/3127 3133/3133 3123/3123
f 3120/3120 3131/3131 3134/3134
f 3132/3132 3135/3135 3131/3131
f 3134/3134 3121/3121 3120/3120
f 3134/3134 3131/3131 3136/3136
f 3135/3135 3136/3136 3131/3131
f 3133/3133 3135/3135 3132/3132
f 3137/3137 3133/3133 3127/3127
f 3138/3138 3136/3136 3135/3135
f 3139/3139 3135/3135 3133/3133
f 3129/3129 3140/3140 3127/3127
f 3140/3140 3137/3137 3127/3127
f 3133/3133 3137/3137 3139/3139
f 3140/3140 3129/3129 3141/3141
f 2924/2924 2920/2920 3142/3142
f 3142/3142 2920/2920 3064/3064
f 3064/3064 3114/3114 3142/3142
f 3143/3143 2922/2922 2924/2924
f 3143/3143 3144/3144 2922/2922
f 2924/2924 3142/3142 3114/3114
f 3114/3114 3143/3143 2924/2924
f 3145/3145 3143/3143 3114/3114
f 3145/3145 3144/3144 3143/3143
f 3040/3040 3070/3070 3112/3112
f 3072/3072 3112/3112 3070/3070
f 3112/3112 3072/3072 3124/3124
f 3124/3124 3113/3113 3112/3112
f 3146/3146 2988/2988 2998/2998
f 3144/3144 3146/3146 2998/2998
f 2988/2988 3146/3146 2999/2999
f 3145/3145 3146/3146 3144/3144
f 3146/3146 3145/3145 3147/3147
f 3145/3145 3114/3114 3147/3147
f 3114/3114 3148/3148 3147/3147
f 2999/2999 2994/2994 2991/2991
f 2996/2996 2994/2994 2999/2999
f 2999/2999 3146/3146 3149/3149
f 2999/2999 3149/3149 2996/2996
f 3147/3147 3149/3149 3146/3146
f 3119/3119 3148/3148 3114/3114
f 3148/3148 3119/3119 3150/3150
f 3150/3150 3147/3147 3148/3148
f 3150/3150 3151/3151 3147/3147
f 3152/3152 3149/3149 3151/3151
f 3151/3151 3149/3149 3147/3147
f 3150/3150 3119/3119 3122/3122
f 3150/3150 3122/3122 3153/3153
f 3071/3071 3076/3076 3072/3072
f 3123/3123 3072/3072 3076/3076
f 3123/3123 3124/3124 3072/3072
f 3076/3076 3078/3078 3126/3126
f 3076/3076 3126/3126 3123/3123
f 3079/3079 3128/3128 3078/3078
f 3128/3128 3126/3126 3078/3078
f 3092/3092 3128/3128 3079/3079
f 3129/3129 3128/3128 3092/3092
f 3139/3139 3138/3138 3135/3135
f 3141/3141 3154/3154 3140/3140
f 3006/3006 3155/3155 3156/3156
f 3156/3156 3007/3007 3006/3006
f 3157/3157 3158/3158 3122/3122
f 3121/3121 3157/3157 3122/3122
f 3153/3153 3158/3158 3159/3159
f 3018/3018 3007/3007 3156/3156
f 3157/3157 3121/3121 3160/3160
f 3134/3134 3160/3160 3121/3121
f 3161/3161 3157/3157 3160/3160
f 3158/3158 3157/3157 3161/3161
f 3162/3162 3160/3160 3134/3134
f 3134/3134 3136/3136 3162/3162
f 3163/3163 3136/3136 3138/3138
f 3161/3161 3164/3164 3158/3158
f 3162/3162 3165/3165 3160/3160
f 3161/3161 3166/3166 3164/3164
f 3167/3167 3164/3164 3166/3166
f 3165/3165 3161/3161 3160/3160
f 3165/3165 3166/3166 3161/3161
f 3168/3168 3162/3162 3136/3136
f 3162/3162 3168/3168 3169/3169
f 3169/3169 3165/3165 3162/3162
f 3137/3137 3170/3170 3139/3139
f 3140/3140 3171/3171 3137/3137
f 3169/3169 3172/3172 3165/3165
f 3165/3165 3172/3172 3166/3166
f 2995/2995 2996/2996 3173/3173
f 3155/3155 3006/3006 2995/2995
f 2995/2995 3173/3173 3174/3174
f 3152/3152 3173/3173 3149/3149
f 2995/2995 3174/3174 3155/3155
f 3175/3175 3174/3174 3173/3173
f 3156/3156 3155/3155 3176/3176
f 3176/3176 3155/3155 3177/3177
f 3174/3174 3177/3177 3155/3155
f 3175/3175 3173/3173 3152/3152
f 3150/3150 3153/3153 3151/3151
f 3152/3152 3151/3151 3178/3178
f 3153/3153 3178/3178 3151/3151
f 3179/3179 3175/3175 3152/3152
f 3152/3152 3178/3178 3179/3179
f 3159/3159 3178/3178 3153/3153
f 3179/3179 3178/3178 3159/3159
f 3180/3180 3174/3174 3175/3175
f 3179/3179 3180/3180 3175/3175
f 3180/3180 3177/3177 3174/3174
f 3179/3179 3181/3181 3180/3180
f 3179/3179 3159/3159 3182/3182
f 3158/3158 3164/3164 3159/3159
f 3182/3182 3181/3181 3179/3179
f 3183/3183 3182/3182 3159/3159
f 3184/3184 3156/3156 3176/3176
f 3185/3185 3018/3018 3156/3156
f 3184/3184 3186/3186 3156/3156
f 3156/3156 3186/3186 3185/3185
f 3176/3176 3177/3177 3184/3184
f 3185/3185 3022/3022 3018/3018
f 3187/3187 3021/3021 3022/3022
f 3188/3188 3187/3187 3185/3185
f 3185/3185 3187/3187 3022/3022
f 3186/3186 3188/3188 3185/3185
f 3186/3186 3184/3184 3189/3189
f 3180/3180 3181/3181 3190/3190
f 3190/3190 3191/3191 3180/3180
f 3192/3192 3191/3191 3190/3190
f 3164/3164 3183/3183 3159/3159
f 3183/3183 3190/3190 3182/3182
f 3190/3190 3181/3181 3182/3182
f 3183/3183 3193/3193 3190/3190
f 3193/3193 3192/3192 3190/3190
f 3194/3194 3184/3184 3191/3191
f 3191/3191 3192/3192 3194/3194
f 3189/3189 3184/3184 3194/3194
f 3194/3194 3195/3195 3189/3189
f 3192/3192 3195/3195 3194/3194
f 3196/3196 3193/3193 3167/3167
f 3196/3196 3197/3197 3193/3193
f 3195/3195 3192/3192 3198/3198
f 3192/3192 3193/3193 3198/3198
f 3138/3138 3139/3139 3199/3199
f 3199/3199 3163/3163 3138/3138
f 3200/3200 3163/3163 3199/3199
f 3200/3200 3136/3136 3163/3163
f 3168/3168 3136/3136 3200/3200
f 3200/3200 3201/3201 3168/3168
f 3201/3201 3200/3200 3199/3199
f 3201/3201 3169/3169 3168/3168
f 3172/3172 3169/3169 3202/3202
f 3202/3202 3169/3169 3201/3201
f 3170/3170 3199/3199 3139/3139
f 3170/3170 3137/3137 3171/3171
f 3170/3170 3171/3171 3203/3203
f 3204/3204 3203/3203 3171/3171
f 3154/3154 3171/3171 3140/3140
f 3205/3205 3201/3201 3199/3199
f 3170/3170 3205/3205 3199/3199
f 3206/3206 3201/3201 3205/3205
f 3203/3203 3205/3205 3170/3170
f 3201/3201 3206/3206 3202/3202
f 3206/3206 3205/3205 3207/3207
f 3208/3208 3206/3206 3207/3207
f 3154/3154 3204/3204 3171/3171
f 3203/3203 3207/3207 3205/3205
f 3207/3207 3203/3203 3209/3209
f 3204/3204 3209/3209 3203/3203
f 3167/3167 3183/3183 3164/3164
f 3193/3193 3183/3183 3167/3167
f 3210/3210 3167/3167 3166/3166
f 3211/3211 3172/3172 3202/3202
f 3212/3212 3166/3166 3172/3172
f 3212/3212 3210/3210 3166/3166
f 3213/3213 3167/3167 3210/3210
f 3196/3196 3167/3167 3213/3213
f 3214/3214 3212/3212 3172/3172
f 3215/3215 3210/3210 3212/3212
f 3212/3212 3214/3214 3215/3215
f 3210/3210 3215/3215 3216/3216
f 3217/3217 3215/3215 3214/3214
f 3217/3217 3216/3216 3215/3215
f 3211/3211 3202/3202 3206/3206
f 3208/3208 3211/3211 3206/3206
f 3211/3211 3218/3218 3172/3172
f 3172/3172 3218/3218 3214/3214
f 3208/3208 3218/3218 3211/3211
f 3219/3219 3208/3208 3207/3207
f 3220/3220 3221/3221 3209/3209
f 3220/3220 3209/3209 3204/3204
f 3221/3221 3222/3222 3209/3209
f 3222/3222 3207/3207 3209/3209
f 3222/3222 3219/3219 3207/3207
f 3223/3223 3218/3218 3208/3208
f 3223/3223 3214/3214 3218/3218
f 3223/3223 3208/3208 3219/3219
f 3214/3214 3223/3223 3217/3217
f 3217/3217 3223/3223 3224/3224
f 3225/3225 3219/3219 3222/3222
f 3223/3223 3219/3219 3226/3226
f 3226/3226 3224/3224 3223/3223
f 3226/3226 3219/3219 3227/3227
f 3225/3225 3227/3227 3219/3219
f 3092/3092 3079/3079 3091/3091
f 3129/3129 3092/3092 3228/3228
f 3092/3092 3229/3229 3228/3228
f 3228/3228 3229/3229 3230/3230
f 3129/3129 3228/3228 3141/3141
f 3141/3141 3228/3228 3231/3231
f 3231/3231 3154/3154 3141/3141
f 3228/3228 3230/3230 3231/3231
f 3232/3232 3231/3231 3230/3230
f 3232/3232 3233/3233 3231/3231
f 3093/3093 3229/3229 3092/3092
f 3093/3093 3234/3234 3229/3229
f 3234/3234 3093/3093 3102/3102
f 3104/3104 3234/3234 3102/3102
f 3235/3235 3230/3230 3229/3229
f 3234/3234 3235/3235 3229/3229
f 3236/3236 3235/3235 3234/3234
f 3230/3230 3235/3235 3232/3232
f 3235/3235 3237/3237 3232/3232
f 3238/3238 3239/3239 3232/3232
f 3238/3238 3232/3232 3237/3237
f 3233/3233 3154/3154 3231/3231
f 3220/3220 3204/3204 3154/3154
f 3233/3233 3220/3220 3154/3154
f 3240/3240 3220/3220 3233/3233
f 3220/3220 3240/3240 3241/3241
f 3242/3242 3240/3240 3233/3233
f 3239/3239 3242/3242 3233/3233
f 3241/3241 3221/3221 3220/3220
f 3243/3243 3221/3221 3241/3241
f 3221/3221 3225/3225 3222/3222
f 3243/3243 3225/3225 3221/3221
f 3241/3241 3240/3240 3242/3242
f 3241/3241 3244/3244 3243/3243
f 3239/3239 3233/3233 3232/3232
f 3245/3245 3242/3242 3239/3239
f 3245/3245 3239/3239 3238/3238
f 3246/3246 3242/3242 3245/3245
f 3245/3245 3247/3247 3246/3246
f 3246/3246 3241/3241 3242/3242
f 3244/3244 3241/3241 3246/3246
f 3244/3244 3248/3248 3249/3249
f 3248/3248 3244/3244 3246/3246
f 3250/3250 3248/3248 3246/3246
f 3250/3250 3246/3246 3247/3247
f 3251/3251 3248/3248 3250/3250
f 2593/2593 2596/2596 3103/3103
f 3104/3104 3103/3103 2596/2596
f 2596/2596 2593/2593 2591/2591
f 3104/3104 2596/2596 3252/3252
f 3252/3252 3234/3234 3104/3104
f 3234/3234 3252/3252 3236/3236
f 3253/3253 3236/3236 3252/3252
f 3254/3254 3253/3253 3252/3252
f 3252/3252 2596/2596 3254/3254
f 2596/2596 2595/2595 3254/3254
f 3253/3253 3235/3235 3236/3236
f 3235/3235 3253/3253 3237/3237
f 3255/3255 3238/3238 3237/3237
f 3256/3256 3237/3237 3253/3253
f 3237/3237 3256/3256 3255/3255
f 3257/3257 3238/3238 3255/3255
f 3254/3254 3256/3256 3253/3253
f 3258/3258 3254/3254 2595/2595
f 3256/3256 3254/3254 3258/3258
f 2598/2598 3258/3258 2595/2595
f 3255/3255 3256/3256 3257/3257
f 3256/3256 3258/3258 3257/3257
f 3259/3259 3258/3258 2598/2598
f 3257/3257 3258/3258 3260/3260
f 3260/3260 3258/3258 3259/3259
f 3261/3261 3245/3245 3238/3238
f 3261/3261 3238/3238 3257/3257
f 3260/3260 3261/3261 3257/3257
f 3259/3259 2598/2598 2602/2602
f 3261/3261 3260/3260 3262/3262
f 3247/3247 3245/3245 3261/3261
f 3261/3261 3263/3263 3247/3247
f 3261/3261 3262/3262 3263/3263
f 3264/3264 3260/3260 3259/3259
f 3259/3259 2602/2602 3264/3264
f 3264/3264 3262/3262 3260/3260
f 3264/3264 3265/3265 3262/3262
f 2602/2602 2604/2604 3264/3264
f 3265/3265 3264/3264 2604/2604
f 3262/3262 3265/3265 3263/3263
f 3263/3263 3265/3265 3266/3266
f 3266/3266 3265/3265 3267/3267
f 3267/3267 3265/3265 2604/2604
f 3268/3268 3263/3263 3266/3266
f 3268/3268 3266/3266 3267/3267
f 3250/3250 3247/3247 3269/3269
f 3263/3263 3269/3269 3247/3247
f 3269/3269 3251/3251 3250/3250
f 3270/3270 3271/3271 3251/3251
f 3268/3268 3269/3269 3263/3263
f 3268/3268 3267/3267 2604/2604
f 3268/3268 2604/2604 3273/3273
f 3274/3274 3272/3272 2605/2605
f 3268/3268 3275/3275 3269/3269
f 3273/3273 3275/3275 3268/3268
f 3273/3273 3276/3276 3275/3275
f 3269/3269 3275/3275 3251/3251
f 3277/3277 3272/3272 3274/3274
f 3274/3274 2605/2605 2606/2606
f 3276/3276 3279/3279 3275/3275
f 3279/3279 3251/3251 3275/3275
f 3278/3278 3277/3277 3274/3274
f 3270/3270 3251/3251 3279/3279
f 2611/2611 2608/2608 2607/2607
f 2611/2611 2613/2613 2615/2615
f 2614/2614 2615/2615 2621/2621
f 3280/3280 2617/2617 2614/2614
f 3281/3281 2617/2617 3280/3280
f 2621/2621 3280/3280 2614/2614
f 2622/2622 2620/2620 2624/2624
f 3282/3282 3281/3281 3280/3280
f 2723/2723 3281/3281 3282/3282
f 3282/3282 3283/3283 2723/2723
f 2621/2621 3282/3282 3280/3280
f 2621/2621 2622/2622 3282/3282
f 3284/3284 3282/3282 2622/2622
f 3283/3283 3282/3282 3284/3284
f 3285/3285 3284/3284 2623/2623
f 2623/2623 3284/3284 2622/2622
f 2625/2625 3285/3285 2623/2623
f 3285/3285 3283/3283 3284/3284
f 2741/2741 3283/3283 3285/3285
f 2625/2625 3286/3286 3287/3287
f 3287/3287 3285/3285 2625/2625
f 3287/3287 2629/2629 3285/3285
f 3288/3288 3287/3287 3286/3286
f 3288/3288 2629/2629 3287/3287
f 2627/2627 2629/2629 3288/3288
f 2772/2772 3288/3288 3286/3286
f 3288/3288 2772/2772 2627/2627
f 552/552 2632/2632 541/541
f 2636/2636 2631/2631 2632/2632
f 2653/2653 2638/2638 2637/2637
f 2635/2635 2644/2644 2639/2639
f 2635/2635 2640/2640 2644/2644
f 3289/3289 3290/3290 2641/2641
f 2642/2642 2644/2644 2640/2640
f 2641/2641 2675/2675 2642/2642
f 3290/3290 2675/2675 2641/2641
f 2662/2662 2653/2653 2651/2651
f 2654/2654 2651/2651 2652/2652
f 2654/2654 2663/2663 2651/2651
f 2657/2657 2659/2659 2656/2656
f 2638/2638 2653/2653 2662/2662
f 3289/3289 2641/2641 2662/2662
f 2664/2664 2631/2631 2634/2634
f 2634/2634 2639/2639 2664/2664
f 2670/2670 2644/2644 2643/2643
f 2619/2619 2615/2615 2613/2613
f 2642/2642 2675/2675 2643/2643
f 2677/2677 2675/2675 3290/3290
f 2677/2677 2674/2674 2675/2675
f 2677/2677 2676/2676 2674/2674
f 2709/2709 2676/2676 2698/2698
f 2682/2682 2680/2680 2676/2676
f 2676/2676 2709/2709 2681/2681
f 3291/3291 2658/2658 3292/3292
f 3292/3292 2658/2658 2683/2683
f 2685/2685 3292/3292 2683/2683
f 3292/3292 2685/2685 3293/3293
f 3293/3293 2685/2685 3294/3294
f 3294/3294 3295/3295 3293/3293
f 3290/3290 3289/3289 2677/2677
f 2677/2677 3289/3289 2678/2678
f 2662/2662 2658/2658 3289/3289
f 2678/2678 3289/3289 2658/2658
f 2658/2658 3291/3291 2678/2678
f 2693/2693 3291/3291 3292/3292
f 2686/2686 3292/3292 2687/2687
f 3292/3292 2686/2686 2693/2693
f 2687/2687 3292/3292 3293/3293
f 2687/2687 3293/3293 2689/2689
f 3293/3293 3295/3295 2690/2690
f 3293/3293 2690/2690 2689/2689
f 3296/3296 2678/2678 3291/3291
f 2698/2698 2678/2678 3296/3296
f 2693/2693 3296/3296 3291/3291
f 2774/2774 3296/3296 2785/2785
f 2785/2785 3296/3296 2693/2693
f 2673/2673 2670/2670 2699/2699
f 2679/2679 2699/2699 2643/2643
f 2699/2699 2679/2679 2680/2680
f 2673/2673 2624/2624 2620/2620
f 3286/3286 2625/2625 2626/2626
f 2707/2707 3286/3286 2626/2626
f 3297/3297 3286/3286 2810/2810
f 3286/3286 2707/2707 2810/2810
f 3286/3286 3297/3297 2772/2772
f 2710/2710 614/614 499/499
f 2720/2720 2710/2710 2610/2610
f 2712/2712 2710/2710 2720/2720
f 2710/2710 2712/2712 615/615
f 2710/2710 499/499 2610/2610
f 3298/3298 2719/2719 2720/2720
f 3298/3298 2721/2721 2719/2719
f 2616/2616 2720/2720 2610/2610
f 3298/3298 2720/2720 2616/2616
f 2721/2721 3298/3298 2616/2616
f 2721/2721 2616/2616 2617/2617
f 2617/2617 3281/3281 2721/2721
f 2721/2721 3281/3281 2723/2723
f 2746/2746 2717/2717 2714/2714
f 2725/2725 2746/2746 2714/2714
f 2713/2713 2726/2726 632/632
f 632/632 2726/2726 706/706
f 2729/2729 2728/2728 706/706
f 2718/2718 2729/2729 2726/2726
f 2729/2729 706/706 2726/2726
f 706/706 638/638 631/631
f 3299/3299 2727/2727 2729/2729
f 2736/2736 2727/2727 3299/3299
f 2731/2731 2727/2727 2736/2736
f 2731/2731 2736/2736 2739/2739
f 2731/2731 2739/2739 2733/2733
f 2745/2745 2718/2718 2717/2717
f 2718/2718 2745/2745 3299/3299
f 3299/3299 2729/2729 2718/2718
f 3299/3299 2745/2745 3300/3300
f 2746/2746 2745/2745 2717/2717
f 2744/2744 3300/3300 2745/2745
f 2734/2734 3299/3299 3300/3300
f 2764/2764 2734/2734 3300/3300
f 2734/2734 2736/2736 3299/3299
f 2736/2736 2735/2735 2739/2739
f 2733/2733 2739/2739 2738/2738
f 2741/2741 2723/2723 3283/3283
f 2723/2723 2741/2741 2740/2740
f 2629/2629 2741/2741 3285/3285
f 3301/3301 2747/2747 2753/2753
f 2753/2753 2759/2759 3301/3301
f 3302/3302 3301/3301 2759/2759
f 2759/2759 2752/2752 2760/2760
f 3302/3302 2759/2759 2760/2760
f 3303/3303 3302/3302 2760/2760
f 2762/2762 3304/3304 2760/2760
f 3304/3304 3303/3303 2760/2760
f 3305/3305 3300/3300 2744/2744
f 3306/3306 3305/3305 2744/2744
f 2747/2747 3306/3306 2744/2744
f 3305/3305 2764/2764 3300/3300
f 2763/2763 2764/2764 3305/3305
f 2747/2747 3301/3301 3306/3306
f 3302/3302 3306/3306 3301/3301
f 3306/3306 3302/3302 2766/2766
f 3306/3306 2763/2763 3305/3305
f 2766/2766 2763/2763 3306/3306
f 2768/2768 2766/2766 3302/3302
f 3302/3302 3303/3303 2768/2768
f 2755/2755 2627/2627 2772/2772
f 2776/2776 2777/2777 2709/2709
f 2709/2709 2774/2774 2776/2776
f 2708/2708 2813/2813 2812/2812
f 2810/2810 2708/2708 2812/2812
f 2815/2815 2810/2810 2812/2812
f 2709/2709 2777/2777 2708/2708
f 2708/2708 2777/2777 2813/2813
f 2771/2771 2772/2772 3297/3297
f 3297/3297 2810/2810 2815/2815
f 2771/2771 3297/3297 2815/2815
f 2814/2814 2771/2771 2815/2815
f 2879/2879 2884/2884 2881/2881
f 2883/2883 2881/2881 2884/2884
f 2883/2883 2880/2880 2881/2881
f 2902/2902 2894/2894 2891/2891
f 2902/2902 2891/2891 2898/2898
f 2894/2894 2843/2843 2889/2889
f 2843/2843 2894/2894 2845/2845
f 2883/2883 2904/2904 2880/2880
f 2902/2902 2901/2901 2920/2920
f 2762/2762 2761/2761 2756/2756
f 2926/2926 3307/3307 2762/2762
f 3307/3307 3304/3304 2762/2762
f 3307/3307 2926/2926 2928/2928
f 3308/3308 3304/3304 3307/3307
f 3309/3309 3307/3307 2928/2928
f 3309/3309 3308/3308 3307/3307
f 3309/3309 2928/2928 2929/2929
f 2929/2929 3308/3308 3309/3309
f 3310/3310 2949/2949 3308/3308
f 3310/3310 3308/3308 2929/2929
f 2945/2945 3310/3310 2929/2929
f 2929/2929 2946/2946 2945/2945
f 2949/2949 3310/3310 2945/2945
f 2770/2770 2768/2768 3303/3303
f 3303/3303 3304/3304 2933/2933
f 3303/3303 2933/2933 2770/2770
f 2933/2933 3311/3311 2934/2934
f 3311/3311 2933/2933 2949/2949
f 2949/2949 2950/2950 3311/3311
f 2950/2950 2952/2952 3311/3311
f 3311/3311 2939/2939 2934/2934
f 2952/2952 2939/2939 3311/3311
f 3312/3312 2952/2952 2951/2951
f 2952/2952 3312/3312 2939/2939
f 2939/2939 3313/3313 2941/2941
f 3313/3313 3314/3314 2941/2941
f 3312/3312 3313/3313 2939/2939
f 2958/2958 3313/3313 3312/3312
f 3312/3312 2956/2956 2958/2958
f 2949/2949 2945/2945 2944/2944
f 2956/2956 3312/3312 2951/2951
f 2918/2918 2922/2922 2997/2997
f 2998/2998 2922/2922 3144/3144
f 3149/3149 3173/3173 2996/2996
f 3122/3122 3158/3158 3153/3153
f 3184/3184 3177/3177 3180/3180
f 3184/3184 3180/3180 3191/3191
f 3296/3296 2774/2774 2709/2709
f 2698/2698 3296/3296 2709/2709
f 2933/2933 3304/3304 3308/3308
f 2949/2949 2933/2933 3308/3308
f 3315/3315 3316/3316 3317/3317
f 3318/3318 3316/3316 3319/3319
f 3320/3320 3322/3322 3323/3323
f 3324/3324 2793/2793 2791/2791
f 3325/3325 3326/3326 3327/3327
f 3328/3328 3329/3329 3330/3330
f 3332/3332 3333/3333 3329/3329
f 3330/3330 3329/3329 3333/3333
f 3333/3333 3332/3332 3334/3334
f 3333/3333 3334/3334 3336/3336
f 3330/3330 3333/3333 3336/3336
f 3337/3337 3336/3336 3334/3334
f 3339/3339 3336/3336 3337/3337
f 3340/3340 3335/3335 3338/3338
f 3331/3331 3335/3335 3340/3340
f 3341/3341 3340/3340 3342/3342
f 3343/3343 3344/3344 3345/3345
f 3346/3346 3347/3347 3348/3348
f 3350/3350 3352/3352 3348/3348
f 3346/3346 3352/3352 3354/3354
f 3355/3355 3353/3353 3351/3351
f 3353/3353 3355/3355 3345/3345
f 3340/3340 3351/3351 3349/3349
f 3355/3355 3351/3351 3340/3340
f 3356/3356 3357/3357 3086/3086
f 3356/3356 3358/3358 3343/3343
f 3359/3359 3356/3356 3343/3343
f 3357/3357 3356/3356 3359/3359
f 3345/3345 3355/3355 3343/3343
f 3343/3343 3355/3355 3359/3359
f 3355/3355 3340/3340 3359/3359
f 2580/2580 3357/3357 3359/3359
f 3350/3350 3360/3360 3328/3328
f 3361/3361 3328/3328 3360/3360
f 3360/3360 3350/3350 3348/3348
f 3330/3330 3350/3350 3328/3328
f 3340/3340 3349/3349 3331/3331
f 3340/3340 3341/3341 3359/3359
f 2580/2580 3359/3359 3341/3341
f 2580/2580 2577/2577 3357/3357
f 2575/2575 3357/3357 2577/2577
f 2592/2592 2580/2580 2597/2597
f 2580/2580 3341/3341 2597/2597
f 3362/3362 3363/3363 3364/3364
f 3365/3365 3366/3366 3364/3364
f 3367/3367 3339/3339 3368/3368
f 3367/3367 3368/3368 3369/3369
f 3369/3369 3371/3371 3367/3367
f 3340/3340 3338/3338 3370/3370
f 3342/3342 3340/3340 3370/3370
f 3371/3371 3339/3339 3367/3367
f 3371/3371 3369/3369 3372/3372
f 3372/3372 3369/3369 3374/3374
f 3375/3375 3376/3376 3374/3374
f 3376/3376 3362/3362 3372/3372
f 3372/3372 3362/3362 3364/3364
f 3376/3376 3372/3372 3374/3374
f 3372/3372 3364/3364 3378/3378
f 3370/3370 3373/3373 3342/3342
f 3373/3373 3377/3377 3342/3342
f 3366/3366 3378/3378 3364/3364
f 3380/3380 3342/3342 3377/3377
f 3378/3378 3381/3381 3379/3379
f 3381/3381 3382/3382 3379/3379
f 3383/3383 3384/3384 3379/3379
f 3380/3380 3385/3385 3386/3386
f 3387/3387 3384/3384 3383/3383
f 3388/3388 3384/3384 3387/3387
f 3385/3385 3390/3390 3391/3391
f 3385/3385 3391/3391 3386/3386
f 3393/3393 3389/3389 3394/3394
f 3395/3395 3393/3393 3394/3394
f 3392/3392 3391/3391 3390/3390
f 3391/3391 3392/3392 3396/3396
f 3395/3395 3397/3397 3393/3393
f 3380/3380 3386/3386 3342/3342
f 3391/3391 3398/3398 3386/3386
f 3386/3386 3398/3398 3399/3399
f 3400/3400 3341/3341 3342/3342
f 2597/2597 3341/3341 3400/3400
f 3401/3401 2600/2600 2597/2597
f 3401/3401 2597/2597 3400/3400
f 3342/3342 3386/3386 3400/3400
f 3402/3402 3403/3403 3386/3386
f 3403/3403 3404/3404 3405/3405
f 3406/3406 3405/3405 3404/3404
f 3403/3403 3400/3400 3386/3386
f 3403/3403 3407/3407 3400/3400
f 3401/3401 3400/3400 3407/3407
f 3407/3407 3403/3403 3405/3405
f 2600/2600 2606/2606 2603/2603
f 3274/3274 2606/2606 3408/3408
f 3408/3408 2606/2606 2600/2600
f 3391/3391 3396/3396 3398/3398
f 3398/3398 3409/3409 3410/3410
f 3398/3398 3410/3410 3411/3411
f 3399/3399 3398/3398 3411/3411
f 3399/3399 3411/3411 3413/3413
f 3414/3414 3399/3399 3413/3413
f 3414/3414 3386/3386 3399/3399
f 3413/3413 3416/3416 3414/3414
f 3416/3416 3386/3386 3414/3414
f 3417/3417 3415/3415 3419/3419
f 3417/3417 3420/3420 3421/3421
f 3402/3402 3386/3386 3416/3416
f 3402/3402 3416/3416 3418/3418
f 3403/3403 3402/3402 3423/3423
f 3423/3423 3402/3402 3418/3418
f 3417/3417 3424/3424 3425/3425
f 3417/3417 3425/3425 3422/3422
f 3422/3422 3425/3425 3426/3426
f 3427/3427 3422/3422 3426/3426
f 3428/3428 3430/3430 3422/3422
f 3404/3404 3403/3403 3429/3429
f 3429/3429 3403/3403 3423/3423
f 3406/3406 3404/3404 3431/3431
f 3433/3433 3404/3404 3429/3429
f 3434/3434 3432/3432 3430/3430
f 3432/3432 3434/3434 3435/3435
f 3431/3431 3404/3404 3433/3433
f 3436/3436 3431/3431 3433/3433
f 3406/3406 3431/3431 3436/3436
f 3436/3436 3437/3437 3406/3406
f 3437/3437 3436/3436 3438/3438
f 3437/3437 3438/3438 3439/3439
f 3436/3436 3435/3435 3438/3438
f 3440/3440 1042/1042 1043/1043
f 3441/3441 2648/2648 2646/2646
f 3441/3441 3442/3442 3443/3443
f 3440/3440 2646/2646 1042/1042
f 2649/2649 2648/2648 3441/3441
f 3441/3441 2657/2657 2649/2649
f 3444/3444 3441/3441 3443/3443
f 2657/2657 3444/3444 2660/2660
f 3444/3444 2657/2657 3441/3441
f 3444/3444 3445/3445 2660/2660
f 3446/3446 3447/3447 3448/3448
f 3446/3446 3448/3448 3449/3449
f 3450/3450 3451/3451 3452/3452
f 3453/3453 1216/1216 1058/1058
f 3453/3453 1058/1058 1057/1057
f 3452/3452 1214/1214 1216/1216
f 3452/3452 1216/1216 3453/3453
f 3454/3454 3453/3453 1057/1057
f 3454/3454 1057/1057 3455/3455
f 3452/3452 3454/3454 3456/3456
f 3453/3453 3454/3454 3452/3452
f 3456/3456 3454/3454 3457/3457
f 3457/3457 3454/3454 3455/3455
f 3458/3458 3457/3457 3455/3455
f 3459/3459 3460/3460 3461/3461
f 3461/3461 3460/3460 3462/3462
f 3461/3461 3462/3462 3463/3463
f 3457/3457 3464/3464 3456/3456
f 3465/3465 3466/3466 3467/3467
f 3468/3468 3467/3467 3469/3469
f 2691/2691 3295/3295 3470/3470
f 2691/2691 3470/3470 3466/3466
f 3471/3471 2691/2691 3466/3466
f 3295/3295 2691/2691 2690/2690
f 3472/3472 2696/2696 2691/2691
f 2697/2697 2696/2696 3472/3472
f 2697/2697 3472/3472 3473/3473
f 2691/2691 3471/3471 3472/3472
f 3474/3474 3472/3472 3471/3471
f 3473/3473 3472/3472 3474/3474
f 3466/3466 3465/3465 3471/3471
f 3471/3471 3465/3465 3475/3475
f 3465/3465 3467/3467 3468/3468
f 3476/3476 3475/3475 3465/3465
f 3474/3474 3471/3471 3475/3475
f 3477/3477 3474/3474 3475/3475
f 3478/3478 3474/3474 3477/3477
f 3476/3476 3477/3477 3475/3475
f 3476/3476 3479/3479 3477/3477
f 3480/3480 3468/3468 3469/3469
f 3480/3480 3469/3469 3481/3481
f 3481/3481 3469/3469 3482/3482
f 3482/3482 3483/3483 3484/3484
f 3469/3469 3483/3483 3482/3482
f 3482/3482 3484/3484 3485/3485
f 3484/3484 3459/3459 3461/3461
f 3485/3485 3484/3484 3461/3461
f 3485/3485 3461/3461 3486/3486
f 3463/3463 3486/3486 3461/3461
f 3487/3487 3485/3485 3486/3486
f 3488/3488 3485/3485 3487/3487
f 3465/3465 3468/3468 3480/3480
f 3465/3465 3480/3480 3476/3476
f 3481/3481 3489/3489 3480/3480
f 3481/3481 3482/3482 3485/3485
f 3485/3485 3489/3489 3481/3481
f 3479/3479 3480/3480 3489/3489
f 3480/3480 3479/3479 3476/3476
f 3490/3490 3479/3479 3491/3491
f 3477/3477 3479/3479 3490/3490
f 3490/3490 3491/3491 3492/3492
f 3479/3479 3489/3489 3493/3493
f 3491/3491 3479/3479 3493/3493
f 3488/3488 3489/3489 3485/3485
f 3493/3493 3489/3489 3488/3488
f 3493/3493 3488/3488 3494/3494
f 3495/3495 3488/3488 3487/3487
f 3494/3494 3488/3488 3495/3495
f 3494/3494 3495/3495 3315/3315
f 3317/3317 3494/3494 3315/3315
f 3496/3496 3493/3493 3494/3494
f 3491/3491 3493/3493 3496/3496
f 3496/3496 3497/3497 3491/3491
f 3496/3496 3494/3494 3317/3317
f 3497/3497 3496/3496 3498/3498
f 3317/3317 3498/3498 3496/3496
f 3455/3455 1077/1077 1076/1076
f 3499/3499 3455/3455 1076/1076
f 3500/3500 3458/3458 3501/3501
f 3501/3501 3458/3458 3455/3455
f 1076/1076 3502/3502 3499/3499
f 3501/3501 3455/3455 3499/3499
f 3501/3501 3499/3499 3502/3502
f 3500/3500 3457/3457 3458/3458
f 3501/3501 3502/3502 3503/3503
f 3463/3463 3462/3462 3504/3504
f 3463/3463 3504/3504 3505/3505
f 3505/3505 3504/3504 3506/3506
f 3507/3507 3506/3506 3503/3503
f 3508/3508 3503/3503 3509/3509
f 3503/3503 3508/3508 3507/3507
f 3507/3507 3508/3508 3510/3510
f 3508/3508 3511/3511 3512/3512
f 3511/3511 3508/3508 3509/3509
f 1076/1076 1094/1094 1096/1096
f 3513/3513 1096/1096 1097/1097
f 1076/1076 1096/1096 3513/3513
f 3502/3502 1076/1076 3513/3513
f 1097/1097 1099/1099 1101/1101
f 1101/1101 1100/1100 1103/1103
f 3514/3514 1101/1101 1103/1103
f 3515/3515 1102/1102 3516/3516
f 3517/3517 3502/3502 3513/3513
f 3516/3516 1102/1102 1106/1106
f 3509/3509 3518/3518 3511/3511
f 3511/3511 3519/3519 3520/3520
f 3522/3522 3519/3519 3523/3523
f 3520/3520 3519/3519 3522/3522
f 3521/3521 3524/3524 3525/3525
f 3521/3521 3525/3525 3526/3526
f 3525/3525 3527/3527 3526/3526
f 3529/3529 3521/3521 3530/3530
f 3526/3526 3530/3530 3521/3521
f 3526/3526 3527/3527 3531/3531
f 3530/3530 3526/3526 3531/3531
f 3531/3531 3532/3532 3533/3533
f 3534/3534 3531/3531 3533/3533
f 3486/3486 3463/3463 3535/3535
f 3535/3535 3536/3536 3486/3486
f 3486/3486 3536/3536 3487/3487
f 3495/3495 3487/3487 3536/3536
f 3536/3536 3537/3537 3495/3495
f 3536/3536 3538/3538 3537/3537
f 3505/3505 3535/3535 3463/3463
f 3535/3535 3505/3505 3507/3507
f 3507/3507 3510/3510 3539/3539
f 3535/3535 3507/3507 3539/3539
f 3539/3539 3536/3536 3535/3535
f 3538/3538 3536/3536 3539/3539
f 3538/3538 3539/3539 3540/3540
f 3319/3319 3537/3537 3538/3538
f 3510/3510 3508/3508 3512/3512
f 3510/3510 3512/3512 3541/3541
f 3512/3512 3542/3542 3541/3541
f 3511/3511 3520/3520 3512/3512
f 3520/3520 3542/3542 3512/3512
f 3540/3540 3539/3539 3510/3510
f 3541/3541 3540/3540 3510/3510
f 3538/3538 3540/3540 3319/3319
f 3543/3543 3540/3540 3541/3541
f 3544/3544 3540/3540 3543/3543
f 3542/3542 3543/3543 3541/3541
f 3495/3495 3537/3537 3315/3315
f 3315/3315 3537/3537 3316/3316
f 3316/3316 3537/3537 3319/3319
f 3498/3498 3317/3317 3318/3318
f 3317/3317 3316/3316 3318/3318
f 3545/3545 3498/3498 3318/3318
f 3545/3545 3318/3318 3546/3546
f 3547/3547 3545/3545 3546/3546
f 3546/3546 3318/3318 3548/3548
f 3544/3544 3319/3319 3540/3540
f 3319/3319 3544/3544 3549/3549
f 3319/3319 3549/3549 3318/3318
f 3550/3550 3544/3544 3543/3543
f 3550/3550 3549/3549 3544/3544
f 3549/3549 3550/3550 3551/3551
f 3318/3318 3549/3549 3548/3548
f 3548/3548 3549/3549 3552/3552
f 3550/3550 3543/3543 3553/3553
f 3551/3551 3550/3550 3553/3553
f 3551/3551 3554/3554 3549/3549
f 3555/3555 3546/3546 3548/3548
f 3554/3554 3552/3552 3549/3549
f 3556/3556 3552/3552 3554/3554
f 3552/3552 3555/3555 3548/3548
f 3556/3556 3555/3555 3552/3552
f 3528/3528 3520/3520 3522/3522
f 3557/3557 3520/3520 3528/3528
f 3559/3559 3529/3529 3560/3560
f 3542/3542 3520/3520 3557/3557
f 3543/3543 3542/3542 3553/3553
f 3542/3542 3561/3561 3553/3553
f 3557/3557 3561/3561 3542/3542
f 3561/3561 3557/3557 3562/3562
f 3557/3557 3528/3528 3558/3558
f 3562/3562 3557/3557 3558/3558
f 3560/3560 3564/3564 3559/3559
f 3553/3553 3561/3561 3562/3562
f 3562/3562 3320/3320 3553/3553
f 3558/3558 3563/3563 3562/3562
f 3529/3529 3530/3530 3565/3565
f 3560/3560 3529/3529 3565/3565
f 3560/3560 3566/3566 3564/3564
f 3567/3567 3530/3530 3531/3531
f 3565/3565 3530/3530 3567/3567
f 3531/3531 3534/3534 3567/3567
f 3567/3567 3568/3568 3565/3565
f 3560/3560 3565/3565 3568/3568
f 3564/3564 3566/3566 3569/3569
f 3568/3568 3566/3566 3560/3560
f 3566/3566 3568/3568 3570/3570
f 3570/3570 3569/3569 3566/3566
f 3553/3553 3320/3320 3551/3551
f 3320/3320 3554/3554 3551/3551
f 3323/3323 3554/3554 3320/3320
f 3554/3554 3323/3323 3571/3571
f 3322/3322 3571/3571 3323/3323
f 3556/3556 3554/3554 3571/3571
f 3563/3563 3320/3320 3562/3562
f 3320/3320 3563/3563 3572/3572
f 3569/3569 3573/3573 3564/3564
f 3572/3572 3322/3322 3320/3320
f 3321/3321 3573/3573 3574/3574
f 3575/3575 3573/3573 3569/3569
f 3575/3575 3574/3574 3573/3573
f 3322/3322 3576/3576 3571/3571
f 3578/3578 3571/3571 3576/3576
f 3578/3578 3576/3576 3579/3579
f 3321/3321 3574/3574 3581/3581
f 3581/3581 3577/3577 3321/3321
f 3574/3574 3582/3582 3583/3583
f 3577/3577 3581/3581 3574/3574
f 3577/3577 3574/3574 3583/3583
f 3575/3575 3569/3569 3584/3584
f 3574/3574 3575/3575 3582/3582
f 1162/1162 1160/1160 1157/1157
f 3585/3585 1160/1160 1162/1162
f 1160/1160 3585/3585 3586/3586
f 3586/3586 1161/1161 1160/1160
f 3586/3586 3587/3587 3588/3588
f 3589/3589 3587/3587 3586/3586
f 3589/3589 3586/3586 3590/3590
f 1165/1165 3585/3585 1162/1162
f 3590/3590 3586/3586 3585/3585
f 1165/1165 3591/3591 3585/3585
f 3590/3590 3585/3585 3591/3591
f 1165/1165 3592/3592 3591/3591
f 3592/3592 1165/1165 3593/3593
f 3594/3594 3587/3587 3589/3589
f 3590/3590 3595/3595 3589/3589
f 3594/3594 3589/3589 3595/3595
f 3533/3533 3595/3595 3590/3590
f 3533/3533 3532/3532 3594/3594
f 3533/3533 3594/3594 3595/3595
f 3534/3534 3533/3533 3590/3590
f 3596/3596 3590/3590 3591/3591
f 3534/3534 3590/3590 3596/3596
f 3597/3597 3534/3534 3596/3596
f 3592/3592 3598/3598 3591/3591
f 3596/3596 3591/3591 3598/3598
f 1165/1165 1163/1163 3599/3599
f 1173/1173 3599/3599 1163/1163
f 3600/3600 1174/1174 1172/1172
f 3601/3601 1174/1174 3600/3600
f 1173/1173 1174/1174 3601/3601
f 3602/3602 3601/3601 3600/3600
f 3593/3593 1165/1165 3599/3599
f 3603/3603 3599/3599 1173/1173
f 3599/3599 3603/3603 3593/3593
f 3604/3604 3593/3593 3603/3603
f 3603/3603 1173/1173 3601/3601
f 3603/3603 3601/3601 3605/3605
f 3604/3604 3603/3603 3605/3605
f 3605/3605 3601/3601 3602/3602
f 1172/1172 1181/1181 3606/3606
f 1172/1172 3606/3606 3600/3600
f 1181/1181 1182/1182 3607/3607
f 1181/1181 3608/3608 3609/3609
f 1181/1181 3607/3607 3608/3608
f 3608/3608 3607/3607 3610/3610
f 3608/3608 3610/3610 3611/3611
f 3602/3602 3600/3600 3606/3606
f 3606/3606 3612/3612 3602/3602
f 3609/3609 3612/3612 3606/3606
f 3605/3605 3602/3602 3612/3612
f 3606/3606 1181/1181 3609/3609
f 3608/3608 3611/3611 3609/3609
f 3613/3613 3609/3609 3611/3611
f 3614/3614 3613/3613 3611/3611
f 3593/3593 3604/3604 3592/3592
f 3592/3592 3604/3604 3598/3598
f 3604/3604 3605/3605 3615/3615
f 3605/3605 3616/3616 3615/3615
f 3604/3604 3615/3615 3598/3598
f 3598/3598 3615/3615 3617/3617
f 3618/3618 3615/3615 3616/3616
f 3616/3616 3605/3605 3612/3612
f 3616/3616 3612/3612 3619/3619
f 3612/3612 3609/3609 3613/3613
f 3619/3619 3612/3612 3613/3613
f 3614/3614 3619/3619 3613/3613
f 3619/3619 3614/3614 3620/3620
f 3621/3621 3618/3618 3616/3616
f 3621/3621 3616/3616 3619/3619
f 3621/3621 3619/3619 3622/3622
f 3567/3567 3534/3534 3597/3597
f 3623/3623 3567/3567 3597/3597
f 3624/3624 3623/3623 3597/3597
f 3625/3625 3597/3597 3596/3596
f 3568/3568 3567/3567 3623/3623
f 3568/3568 3623/3623 3570/3570
f 3623/3623 3624/3624 3570/3570
f 3626/3626 3570/3570 3624/3624
f 3625/3625 3624/3624 3597/3597
f 3624/3624 3625/3625 3627/3627
f 3627/3627 3628/3628 3624/3624
f 3629/3629 3625/3625 3596/3596
f 3629/3629 3596/3596 3598/3598
f 3629/3629 3598/3598 3617/3617
f 3625/3625 3630/3630 3627/3627
f 3629/3629 3630/3630 3625/3625
f 3628/3628 3627/3627 3630/3630
f 3631/3631 3583/3583 3582/3582
f 3584/3584 3569/3569 3570/3570
f 3632/3632 3575/3575 3584/3584
f 3632/3632 3582/3582 3575/3575
f 3584/3584 3570/3570 3626/3626
f 3626/3626 3632/3632 3584/3584
f 3628/3628 3626/3626 3624/3624
f 3632/3632 3626/3626 3628/3628
f 3632/3632 3628/3628 3633/3633
f 3582/3582 3632/3632 3634/3634
f 3631/3631 3582/3582 3634/3634
f 3634/3634 3632/3632 3633/3633
f 3635/3635 3628/3628 3630/3630
f 3628/3628 3635/3635 3633/3633
f 3636/3636 3633/3633 3635/3635
f 3635/3635 3630/3630 3637/3637
f 3637/3637 3630/3630 3638/3638
f 3637/3637 3636/3636 3635/3635
f 3634/3634 3633/3633 3639/3639
f 3640/3640 3634/3634 3639/3639
f 3636/3636 3639/3639 3633/3633
f 3636/3636 3637/3637 3641/3641
f 3639/3639 3636/3636 3642/3642
f 3617/3617 3615/3615 3618/3618
f 3617/3617 3618/3618 3643/3643
f 3644/3644 3618/3618 3621/3621
f 3644/3644 3621/3621 3622/3622
f 3645/3645 3644/3644 3622/3622
f 3642/3642 3636/3636 3641/3641
f 3641/3641 3646/3646 3642/3642
f 3646/3646 3641/3641 3647/3647
f 3648/3648 3642/3642 3646/3646
f 3646/3646 3647/3647 3649/3649
f 3650/3650 3646/3646 3649/3649
f 3649/3649 3651/3651 3652/3652
f 3650/3650 3649/3649 3652/3652
f 3650/3650 3653/3653 3654/3654
f 3655/3655 3653/3653 3652/3652
f 3650/3650 3652/3652 3653/3653
f 3655/3655 3656/3656 3657/3657
f 3655/3655 3658/3658 3659/3659
f 3653/3653 3655/3655 3659/3659
f 2790/2790 2697/2697 3473/3473
f 3660/3660 2790/2790 3473/3473
f 3478/3478 3660/3660 3474/3474
f 3660/3660 3473/3473 3474/3474
f 3660/3660 3478/3478 3326/3326
f 3324/3324 2790/2790 3660/3660
f 3325/3325 3660/3660 3326/3326
f 2791/2791 2790/2790 3324/3324
f 3661/3661 2793/2793 3324/3324
f 3660/3660 3325/3325 3324/3324
f 3661/3661 3324/3324 3325/3325
f 3478/3478 3662/3662 3326/3326
f 3662/3662 3478/3478 3477/3477
f 3477/3477 3490/3490 3662/3662
f 3490/3490 3492/3492 3662/3662
f 3662/3662 3327/3327 3326/3326
f 3327/3327 3662/3662 3492/3492
f 3663/3663 3661/3661 3325/3325
f 3327/3327 3663/3663 3325/3325
f 3327/3327 3664/3664 3663/3663
f 3664/3664 3327/3327 3492/3492
f 3665/3665 3664/3664 3666/3666
f 3661/3661 2802/2802 2793/2793
f 3664/3664 3667/3667 3663/3663
f 2793/2793 2802/2802 2794/2794
f 3668/3668 2802/2802 3661/3661
f 3661/3661 3667/3667 3668/3668
f 3669/3669 3668/3668 3667/3667
f 2801/2801 3668/3668 2804/2804
f 2802/2802 3668/3668 2801/2801
f 3668/3668 2809/2809 2804/2804
f 3670/3670 2809/2809 3668/3668
f 3670/3670 3671/3671 2809/2809
f 3670/3670 3668/3668 3669/3669
f 3670/3670 3669/3669 3672/3672
f 3671/3671 3670/3670 3672/3672
f 3667/3667 3661/3661 3663/3663
f 3665/3665 3673/3673 3667/3667
f 3667/3667 3664/3664 3665/3665
f 3665/3665 3666/3666 3674/3674
f 3673/3673 3665/3665 3674/3674
f 3673/3673 3674/3674 3675/3675
f 3675/3675 3674/3674 3676/3676
f 3677/3677 3675/3675 3676/3676
f 3669/3669 3667/3667 3673/3673
f 3673/3673 3672/3672 3669/3669
f 3672/3672 3673/3673 3678/3678
f 3678/3678 3673/3673 3675/3675
f 3679/3679 3672/3672 3678/3678
f 3679/3679 3678/3678 3680/3680
f 3675/3675 3680/3680 3678/3678
f 3680/3680 3675/3675 3677/3677
f 3681/3681 3680/3680 3682/3682
f 3492/3492 3683/3683 3684/3684
f 3664/3664 3492/3492 3684/3684
f 3683/3683 3492/3492 3491/3491
f 3683/3683 3491/3491 3497/3497
f 3685/3685 3683/3683 3497/3497
f 3684/3684 3683/3683 3685/3685
f 3685/3685 3686/3686 3684/3684
f 3685/3685 3687/3687 3686/3686
f 3684/3684 3666/3666 3664/3664
f 3686/3686 3666/3666 3684/3684
f 3497/3497 3498/3498 3688/3688
f 3685/3685 3497/3497 3688/3688
f 3666/3666 3686/3686 3674/3674
f 3674/3674 3686/3686 3689/3689
f 3690/3690 3686/3686 3687/3687
f 3689/3689 3686/3686 3690/3690
f 3691/3691 3689/3689 3690/3690
f 3688/3688 3498/3498 3692/3692
f 3685/3685 3688/3688 3687/3687
f 3687/3687 3688/3688 3692/3692
f 3693/3693 3687/3687 3692/3692
f 3693/3693 3692/3692 3694/3694
f 3695/3695 3694/3694 3696/3696
f 3690/3690 3687/3687 3693/3693
f 3691/3691 3690/3690 3693/3693
f 3691/3691 3693/3693 3697/3697
f 3695/3695 3698/3698 3693/3693
f 3693/3693 3694/3694 3695/3695
f 3693/3693 3698/3698 3697/3697
f 3697/3697 3698/3698 3699/3699
f 3700/3700 3701/3701 3702/3702
f 3703/3703 3704/3704 3705/3705
f 3706/3706 3702/3702 3705/3705
f 3705/3705 3702/3702 3701/3701
f 3705/3705 3701/3701 3703/3703
f 3707/3707 3708/3708 3709/3709
f 3710/3710 3707/3707 3703/3703
f 3710/3710 3711/3711 3707/3707
f 3705/3705 3704/3704 3712/3712
f 3704/3704 3703/3703 3709/3709
f 3707/3707 3709/3709 3703/3703
f 3712/3712 3704/3704 3709/3709
f 3706/3706 3705/3705 3712/3712
f 3713/3713 3706/3706 3712/3712
f 3712/3712 3709/3709 3714/3714
f 3712/3712 3714/3714 3713/3713
f 3708/3708 3707/3707 3715/3715
f 3708/3708 3715/3715 3716/3716
f 3711/3711 3715/3715 3707/3707
f 3717/3717 3715/3715 3711/3711
f 3709/3709 3708/3708 3714/3714
f 3714/3714 3708/3708 3716/3716
f 3716/3716 3718/3718 3714/3714
f 3719/3719 3714/3714 3718/3718
f 3720/3720 3714/3714 3719/3719
f 3674/3674 3689/3689 3676/3676
f 3677/3677 3676/3676 3721/3721
f 3677/3677 3721/3721 3722/3722
f 3689/3689 3721/3721 3676/3676
f 3721/3721 3689/3689 3691/3691
f 3721/3721 3723/3723 3722/3722
f 3724/3724 3722/3722 3723/3723
f 3682/3682 3677/3677 3725/3725
f 3726/3726 3727/3727 3701/3701
f 3728/3728 3729/3729 3726/3726
f 3729/3729 3727/3727 3726/3726
f 3728/3728 3682/3682 3725/3725
f 3728/3728 3725/3725 3729/3729
f 3725/3725 3722/3722 3724/3724
f 3724/3724 3730/3730 3725/3725
f 3730/3730 3724/3724 3731/3731
f 3732/3732 3729/3729 3730/3730
f 3732/3732 3727/3727 3729/3729
f 3727/3727 3703/3703 3701/3701
f 3733/3733 3703/3703 3727/3727
f 3733/3733 3727/3727 3732/3732
f 3731/3731 3733/3733 3732/3732
f 3731/3731 3732/3732 3730/3730
f 3725/3725 3730/3730 3729/3729
f 3691/3691 3723/3723 3721/3721
f 3723/3723 3691/3691 3697/3697
f 3723/3723 3697/3697 3734/3734
f 3724/3724 3723/3723 3734/3734
f 3735/3735 3734/3734 3736/3736
f 3724/3724 3734/3734 3735/3735
f 3737/3737 3724/3724 3738/3738
f 3738/3738 3724/3724 3735/3735
f 3734/3734 3697/3697 3736/3736
f 3697/3697 3699/3699 3736/3736
f 3739/3739 3735/3735 3736/3736
f 3738/3738 3735/3735 3739/3739
f 3710/3710 3703/3703 3733/3733
f 3740/3740 3710/3710 3733/3733
f 3731/3731 3724/3724 3737/3737
f 3737/3737 3740/3740 3731/3731
f 3738/3738 3740/3740 3737/3737
f 3733/3733 3731/3731 3740/3740
f 3710/3710 3717/3717 3711/3711
f 3738/3738 3710/3710 3740/3740
f 3741/3741 3742/3742 3743/3743
f 3742/3742 3741/3741 3744/3744
f 3744/3744 3745/3745 3742/3742
f 3746/3746 3745/3745 3744/3744
f 3746/3746 3744/3744 3747/3747
f 3747/3747 3744/3744 3748/3748
f 3749/3749 3746/3746 3750/3750
f 3750/3750 3746/3746 3747/3747
f 3741/3741 3743/3743 3751/3751
f 3741/3741 3751/3751 3752/3752
f 3751/3751 3743/3743 3753/3753
f 3726/3726 3754/3754 3751/3751
f 3755/3755 3752/3752 3756/3756
f 3752/3752 3751/3751 3756/3756
f 3757/3757 3755/3755 3756/3756
f 3748/3748 3752/3752 3755/3755
f 3747/3747 3748/3748 3755/3755
f 3748/3748 3741/3741 3752/3752
f 3741/3741 3748/3748 3744/3744
f 3750/3750 3747/3747 3758/3758
f 3750/3750 3758/3758 3759/3759
f 3758/3758 3747/3747 3755/3755
f 3758/3758 3755/3755 3760/3760
f 3758/3758 3760/3760 3761/3761
f 3760/3760 3755/3755 3757/3757
f 3757/3757 3762/3762 3760/3760
f 3759/3759 3761/3761 3763/3763
f 3764/3764 3765/3765 3763/3763
f 3763/3763 3765/3765 3759/3759
f 3759/3759 3758/3758 3761/3761
f 2809/2809 3671/3671 2827/2827
f 2829/2829 2827/2827 3671/3671
f 3671/3671 3766/3766 2829/2829
f 2879/2879 2829/2829 3766/3766
f 3766/3766 3671/3671 3672/3672
f 3766/3766 3672/3672 3767/3767
f 3768/3768 3769/3769 3770/3770
f 3768/3768 3770/3770 3771/3771
f 2830/2830 2832/2832 3772/3772
f 3745/3745 3772/3772 3742/3742
f 3742/3742 3772/3772 2832/2832
f 3746/3746 3772/3772 3745/3745
f 3773/3773 3774/3774 2832/2832
f 2832/2832 3743/3743 3742/3742
f 3774/3774 3743/3743 2832/2832
f 3774/3774 3753/3753 3743/3743
f 3775/3775 3753/3753 3774/3774
f 3771/3771 3753/3753 3775/3775
f 3776/3776 3766/3766 3769/3769
f 3776/3776 3769/3769 3777/3777
f 3778/3778 3776/3776 3777/3777
f 3773/3773 2832/2832 2846/2846
f 3779/3779 3773/3773 2846/2846
f 3778/3778 3773/3773 3779/3779
f 3777/3777 3773/3773 3778/3778
f 3778/3778 2884/2884 3776/3776
f 2882/2882 3778/3778 3779/3779
f 3779/3779 2846/2846 2845/2845
f 2882/2882 3779/3779 2845/2845
f 2882/2882 2884/2884 3778/3778
f 3780/3780 3768/3768 3775/3775
f 3777/3777 3769/3769 3780/3780
f 3780/3780 3769/3769 3768/3768
f 3780/3780 3774/3774 3773/3773
f 3780/3780 3773/3773 3777/3777
f 3775/3775 3774/3774 3780/3780
f 3775/3775 3768/3768 3771/3771
f 3781/3781 3679/3679 3681/3681
f 3679/3679 3770/3770 3767/3767
f 3771/3771 3781/3781 3753/3753
f 3726/3726 3753/3753 3781/3781
f 3781/3781 3770/3770 3679/3679
f 3771/3771 3770/3770 3781/3781
f 3680/3680 3681/3681 3679/3679
f 3781/3781 3782/3782 3726/3726
f 3781/3781 3681/3681 3782/3782
f 3682/3682 3782/3782 3681/3681
f 3767/3767 3672/3672 3679/3679
f 3759/3759 3749/3749 3750/3750
f 3783/3783 3749/3749 3759/3759
f 3783/3783 3759/3759 3784/3784
f 3785/3785 3786/3786 3787/3787
f 3788/3788 3783/3783 3784/3784
f 3788/3788 3784/3784 3786/3786
f 3784/3784 3787/3787 3786/3786
f 3023/3023 3789/3789 3790/3790
f 3790/3790 3786/3786 3785/3785
f 3789/3789 3786/3786 3790/3790
f 3764/3764 3791/3791 3785/3785
f 3792/3792 3793/3793 3791/3791
f 3787/3787 3784/3784 3764/3764
f 3764/3764 3784/3784 3765/3765
f 3785/3785 3787/3787 3764/3764
f 3764/3764 3763/3763 3792/3792
f 3791/3791 3764/3764 3792/3792
f 3794/3794 3785/3785 3791/3791
f 3795/3795 2830/2830 3772/3772
f 2833/2833 3795/3795 3746/3746
f 3772/3772 3746/3746 3795/3795
f 3796/3796 3746/3746 3749/3749
f 3795/3795 2833/2833 2830/2830
f 3796/3796 2833/2833 3746/3746
f 3788/3788 3796/3796 3749/3749
f 3797/3797 3796/3796 3788/3788
f 3798/3798 3788/3788 3789/3789
f 3789/3789 3788/3788 3786/3786
f 3798/3798 3797/3797 3788/3788
f 2838/2838 2833/2833 3796/3796
f 2838/2838 3796/3796 3799/3799
f 3799/3799 3796/3796 3797/3797
f 3788/3788 3749/3749 3783/3783
f 2856/2856 3798/3798 3789/3789
f 3798/3798 3799/3799 3797/3797
f 2848/2848 2838/2838 3799/3799
f 3799/3799 3798/3798 2848/2848
f 2856/2856 2848/2848 3798/3798
f 3023/3023 2856/2856 3789/3789
f 3756/3756 3700/3700 3800/3800
f 3700/3700 3756/3756 3751/3751
f 3700/3700 3751/3751 3754/3754
f 3800/3800 3801/3801 3757/3757
f 3700/3700 3754/3754 3701/3701
f 3757/3757 3756/3756 3800/3800
f 3800/3800 3700/3700 3702/3702
f 3702/3702 3801/3801 3800/3800
f 3801/3801 3702/3702 3706/3706
f 3801/3801 3706/3706 3713/3713
f 3801/3801 3762/3762 3757/3757
f 3802/3802 3762/3762 3803/3803
f 3763/3763 3804/3804 3805/3805
f 3792/3792 3805/3805 3793/3793
f 3792/3792 3763/3763 3805/3805
f 3806/3806 3793/3793 3807/3807
f 3793/3793 3805/3805 3807/3807
f 3805/3805 3804/3804 3807/3807
f 3804/3804 3808/3808 3807/3807
f 3806/3806 3807/3807 3808/3808
f 3808/3808 3809/3809 3806/3806
f 3760/3760 3762/3762 3761/3761
f 3762/3762 3810/3810 3761/3761
f 3804/3804 3763/3763 3810/3810
f 3763/3763 3761/3761 3810/3810
f 3804/3804 3810/3810 3802/3802
f 3810/3810 3762/3762 3802/3802
f 3804/3804 3802/3802 3808/3808
f 3808/3808 3811/3811 3812/3812
f 3801/3801 3713/3713 3762/3762
f 3713/3713 3813/3813 3762/3762
f 3813/3813 3713/3713 3714/3714
f 3714/3714 3814/3814 3813/3813
f 3814/3814 3714/3714 3720/3720
f 3815/3815 3813/3813 3814/3814
f 3815/3815 3814/3814 3816/3816
f 3803/3803 3815/3815 3811/3811
f 3803/3803 3762/3762 3813/3813
f 3813/3813 3815/3815 3803/3803
f 3802/3802 3803/3803 3811/3811
f 3808/3808 3802/3802 3811/3811
f 3811/3811 3815/3815 3817/3817
f 3816/3816 3817/3817 3815/3815
f 3812/3812 3811/3811 3817/3817
f 3814/3814 3720/3720 3818/3818
f 3816/3816 3814/3814 3818/3818
f 3818/3818 3720/3720 3719/3719
f 3818/3818 3719/3719 3819/3819
f 3816/3816 3818/3818 3819/3819
f 3817/3817 3816/3816 3820/3820
f 3821/3821 3817/3817 3820/3820
f 3809/3809 3808/3808 3812/3812
f 3809/3809 3812/3812 3817/3817
f 3822/3822 3809/3809 3817/3817
f 3822/3822 3817/3817 3821/3821
f 3823/3823 3809/3809 3822/3822
f 3823/3823 3824/3824 3809/3809
f 3728/3728 3726/3726 3782/3782
f 3782/3782 3682/3682 3728/3728
f 3791/3791 3793/3793 3825/3825
f 3825/3825 3793/3793 3806/3806
f 3806/3806 3826/3826 3825/3825
f 3825/3825 3827/3827 3791/3791
f 3827/3827 3794/3794 3791/3791
f 3825/3825 3826/3826 3828/3828
f 3806/3806 3824/3824 3826/3826
f 3806/3806 3809/3809 3824/3824
f 3824/3824 3829/3829 3826/3826
f 3823/3823 3829/3829 3824/3824
f 3692/3692 3498/3498 3545/3545
f 3694/3694 3692/3692 3545/3545
f 3696/3696 3545/3545 3547/3547
f 3694/3694 3545/3545 3696/3696
f 3698/3698 3696/3696 3830/3830
f 3547/3547 3546/3546 3555/3555
f 3830/3830 3696/3696 3547/3547
f 3695/3695 3696/3696 3698/3698
f 3698/3698 3830/3830 3831/3831
f 3832/3832 3698/3698 3831/3831
f 3699/3699 3698/3698 3832/3832
f 3736/3736 3699/3699 3832/3832
f 3832/3832 3833/3833 3736/3736
f 3834/3834 3831/3831 3830/3830
f 3835/3835 3831/3831 3834/3834
f 3832/3832 3831/3831 3835/3835
f 3833/3833 3832/3832 3835/3835
f 3836/3836 3715/3715 3837/3837
f 3716/3716 3715/3715 3836/3836
f 3718/3718 3716/3716 3836/3836
f 3718/3718 3836/3836 3838/3838
f 3838/3838 3839/3839 3718/3718
f 3719/3719 3718/3718 3839/3839
f 3819/3819 3719/3719 3840/3840
f 3841/3841 3819/3819 3840/3840
f 3842/3842 3717/3717 3710/3710
f 3717/3717 3837/3837 3715/3715
f 3843/3843 3837/3837 3717/3717
f 3842/3842 3843/3843 3717/3717
f 3844/3844 3710/3710 3738/3738
f 3844/3844 3842/3842 3710/3710
f 3838/3838 3836/3836 3837/3837
f 3845/3845 3837/3837 3843/3843
f 3846/3846 3837/3837 3845/3845
f 3846/3846 3845/3845 3847/3847
f 3848/3848 3845/3845 3843/3843
f 3849/3849 3845/3845 3848/3848
f 3842/3842 3848/3848 3843/3843
f 3850/3850 3736/3736 3833/3833
f 3850/3850 3833/3833 3851/3851
f 3844/3844 3739/3739 3850/3850
f 3739/3739 3736/3736 3850/3850
f 3738/3738 3739/3739 3844/3844
f 3844/3844 3850/3850 3852/3852
f 3852/3852 3842/3842 3844/3844
f 3853/3853 3851/3851 3854/3854
f 3855/3855 3852/3852 3850/3850
f 3856/3856 3842/3842 3852/3852
f 3855/3855 3856/3856 3852/3852
f 3842/3842 3856/3856 3848/3848
f 3855/3855 3850/3850 3851/3851
f 3855/3855 3851/3851 3853/3853
f 3853/3853 3856/3856 3855/3855
f 3838/3838 3837/3837 3846/3846
f 3857/3857 3719/3719 3839/3839
f 3838/3838 3846/3846 3839/3839
f 3857/3857 3839/3839 3858/3858
f 3840/3840 3719/3719 3857/3857
f 3857/3857 3859/3859 3840/3840
f 3859/3859 3841/3841 3840/3840
f 3859/3859 3857/3857 3858/3858
f 3860/3860 3861/3861 3841/3841
f 3860/3860 3841/3841 3859/3859
f 3862/3862 3860/3860 3859/3859
f 3849/3849 3847/3847 3845/3845
f 3846/3846 3847/3847 3863/3863
f 3863/3863 3847/3847 3864/3864
f 3864/3864 3847/3847 3849/3849
f 3864/3864 3849/3849 3848/3848
f 3865/3865 3846/3846 3863/3863
f 3848/3848 3866/3866 3864/3864
f 3867/3867 3864/3864 3866/3866
f 3856/3856 3868/3868 3869/3869
f 3863/3863 3864/3864 3867/3867
f 3863/3863 3867/3867 3870/3870
f 3867/3867 3869/3869 3871/3871
f 3867/3867 3871/3871 3872/3872
f 3872/3872 3870/3870 3867/3867
f 3873/3873 3865/3865 3874/3874
f 3870/3870 3865/3865 3863/3863
f 3874/3874 3865/3865 3870/3870
f 3874/3874 3870/3870 3875/3875
f 3839/3839 3846/3846 3865/3865
f 3865/3865 3858/3858 3839/3839
f 3876/3876 3858/3858 3865/3865
f 3876/3876 3862/3862 3858/3858
f 3862/3862 3876/3876 3877/3877
f 3860/3860 3878/3878 3861/3861
f 3878/3878 3860/3860 3879/3879
f 3879/3879 3860/3860 3862/3862
f 3878/3878 3880/3880 3881/3881
f 3878/3878 3879/3879 3880/3880
f 3862/3862 3859/3859 3858/3858
f 3882/3882 3879/3879 3862/3862
f 3880/3880 3879/3879 3882/3882
f 3877/3877 3882/3882 3862/3862
f 3880/3880 3882/3882 3883/3883
f 3881/3881 3880/3880 3883/3883
f 3881/3881 3883/3883 3884/3884
f 3876/3876 3865/3865 3873/3873
f 3877/3877 3876/3876 3873/3873
f 3882/3882 3877/3877 3885/3885
f 3873/3873 3885/3885 3877/3877
f 3873/3873 3874/3874 3886/3886
f 3885/3885 3873/3873 3887/3887
f 3883/3883 3882/3882 3885/3885
f 3887/3887 3883/3883 3885/3885
f 3875/3875 3870/3870 3872/3872
f 3873/3873 3886/3886 3888/3888
f 3888/3888 3887/3887 3873/3873
f 3889/3889 3890/3890 3883/3883
f 3884/3884 3883/3883 3890/3890
f 3887/3887 3889/3889 3883/3883
f 3888/3888 3889/3889 3887/3887
f 3835/3835 3891/3891 3892/3892
f 3893/3893 3547/3547 3555/3555
f 3893/3893 3555/3555 3894/3894
f 3893/3893 3830/3830 3547/3547
f 3895/3895 3830/3830 3893/3893
f 3895/3895 3893/3893 3896/3896
f 3894/3894 3555/3555 3556/3556
f 3896/3896 3893/3893 3894/3894
f 3894/3894 3556/3556 3571/3571
f 3896/3896 3894/3894 3571/3571
f 3896/3896 3897/3897 3898/3898
f 3834/3834 3830/3830 3895/3895
f 3891/3891 3834/3834 3899/3899
f 3895/3895 3899/3899 3834/3834
f 3896/3896 3899/3899 3895/3895
f 3835/3835 3834/3834 3891/3891
f 3899/3899 3900/3900 3891/3891
f 3896/3896 3898/3898 3899/3899
f 3900/3900 3899/3899 3898/3898
f 3898/3898 3901/3901 3900/3900
f 3898/3898 3897/3897 3901/3901
f 3901/3901 3902/3902 3900/3900
f 3903/3903 3902/3902 3901/3901
f 3571/3571 3904/3904 3896/3896
f 3904/3904 3897/3897 3896/3896
f 3854/3854 3851/3851 3892/3892
f 3854/3854 3892/3892 3905/3905
f 3905/3905 3853/3853 3854/3854
f 3853/3853 3868/3868 3856/3856
f 3906/3906 3868/3868 3853/3853
f 3853/3853 3905/3905 3906/3906
f 3891/3891 3905/3905 3892/3892
f 3868/3868 3907/3907 3869/3869
f 3907/3907 3868/3868 3906/3906
f 3908/3908 3871/3871 3869/3869
f 3905/3905 3900/3900 3909/3909
f 3906/3906 3905/3905 3909/3909
f 3906/3906 3909/3909 3910/3910
f 3906/3906 3910/3910 3907/3907
f 3911/3911 3907/3907 3910/3910
f 3909/3909 3900/3900 3912/3912
f 3909/3909 3912/3912 3910/3910
f 3912/3912 3900/3900 3902/3902
f 3910/3910 3912/3912 3911/3911
f 3904/3904 3571/3571 3578/3578
f 3904/3904 3578/3578 3913/3913
f 3897/3897 3904/3904 3913/3913
f 3914/3914 3897/3897 3913/3913
f 3915/3915 3913/3913 3578/3578
f 3914/3914 3913/3913 3915/3915
f 3915/3915 3578/3578 3916/3916
f 3579/3579 3917/3917 3578/3578
f 3916/3916 3578/3578 3917/3917
f 3915/3915 3916/3916 3914/3914
f 3920/3920 3916/3916 3917/3917
f 3583/3583 3580/3580 3577/3577
f 3583/3583 3921/3921 3580/3580
f 3921/3921 3918/3918 3580/3580
f 3922/3922 3918/3918 3921/3921
f 3919/3919 3918/3918 3922/3922
f 3922/3922 3923/3923 3919/3919
f 3897/3897 3914/3914 3924/3924
f 3924/3924 3914/3914 3926/3926
f 3903/3903 3901/3901 3897/3897
f 3903/3903 3897/3897 3924/3924
f 3926/3926 3914/3914 3916/3916
f 3926/3926 3916/3916 3920/3920
f 3925/3925 3919/3919 3923/3923
f 3927/3927 3871/3871 3908/3908
f 3872/3872 3871/3871 3928/3928
f 3872/3872 3928/3928 3929/3929
f 3875/3875 3872/3872 3929/3929
f 3930/3930 3927/3927 3908/3908
f 3907/3907 3911/3911 3930/3930
f 3871/3871 3927/3927 3928/3928
f 3930/3930 3928/3928 3927/3927
f 3928/3928 3930/3930 3931/3931
f 3932/3932 3931/3931 3930/3930
f 3931/3931 3929/3929 3928/3928
f 3874/3874 3875/3875 3933/3933
f 3933/3933 3875/3875 3929/3929
f 3886/3886 3874/3874 3933/3933
f 3886/3886 3933/3933 3934/3934
f 3935/3935 3929/3929 3931/3931
f 3933/3933 3929/3929 3935/3935
f 3934/3934 3933/3933 3936/3936
f 3935/3935 3936/3936 3933/3933
f 3930/3930 3911/3911 3937/3937
f 3930/3930 3937/3937 3932/3932
f 3911/3911 3912/3912 3938/3938
f 3938/3938 3937/3937 3911/3911
f 3939/3939 3931/3931 3932/3932
f 3939/3939 3940/3940 3931/3931
f 3941/3941 3939/3939 3932/3932
f 3935/3935 3931/3931 3940/3940
f 3932/3932 3937/3937 3941/3941
f 3935/3935 3940/3940 3942/3942
f 3936/3936 3935/3935 3942/3942
f 3888/3888 3886/3886 3943/3943
f 3943/3943 3886/3886 3934/3934
f 3889/3889 3888/3888 3944/3944
f 3888/3888 3943/3943 3944/3944
f 3889/3889 3944/3944 3945/3945
f 3943/3943 3934/3934 3936/3936
f 3944/3944 3946/3946 3945/3945
f 3945/3945 3946/3946 3947/3947
f 3945/3945 3890/3890 3889/3889
f 3945/3945 3948/3948 3890/3890
f 3949/3949 3945/3945 3947/3947
f 3948/3948 3945/3945 3949/3949
f 3946/3946 3943/3943 3936/3936
f 3943/3943 3946/3946 3944/3944
f 3946/3946 3950/3950 3947/3947
f 3946/3946 3936/3936 3950/3950
f 3950/3950 3936/3936 3951/3951
f 3942/3942 3951/3951 3936/3936
f 3947/3947 3950/3950 3952/3952
f 3949/3949 3947/3947 3952/3952
f 3949/3949 3952/3952 3953/3953
f 3912/3912 3902/3902 3938/3938
f 3938/3938 3902/3902 3954/3954
f 3955/3955 3937/3937 3938/3938
f 3938/3938 3954/3954 3955/3955
f 3937/3937 3955/3955 3956/3956
f 3957/3957 3939/3939 3941/3941
f 3957/3957 3940/3940 3939/3939
f 3959/3959 3960/3960 3961/3961
f 3959/3959 3941/3941 3960/3960
f 3941/3941 3959/3959 3962/3962
f 3965/3965 3959/3959 3961/3961
f 3966/3966 3958/3958 3964/3964
f 3967/3967 3966/3966 3964/3964
f 3969/3969 3967/3967 3970/3970
f 3966/3966 3967/3967 3969/3969
f 3971/3971 3958/3958 3966/3966
f 3940/3940 3957/3957 3972/3972
f 3957/3957 3941/3941 3962/3962
f 3957/3957 3973/3973 3972/3972
f 3973/3973 3957/3957 3962/3962
f 3942/3942 3940/3940 3972/3972
f 3951/3951 3942/3942 3972/3972
f 3972/3972 3976/3976 3951/3951
f 3977/3977 3972/3972 3973/3973
f 3976/3976 3972/3972 3977/3977
f 3963/3963 3958/3958 3979/3979
f 3963/3963 3979/3979 3974/3974
f 3974/3974 3979/3979 3980/3980
f 3974/3974 3980/3980 3981/3981
f 3958/3958 3971/3971 3979/3979
f 3971/3971 3982/3982 3979/3979
f 3982/3982 3983/3983 3979/3979
f 3980/3980 3979/3979 3983/3983
f 3984/3984 3980/3980 3983/3983
f 3978/3978 3974/3974 3981/3981
f 3985/3985 3978/3978 3981/3981
f 3986/3986 3975/3975 3978/3978
f 3985/3985 3986/3986 3978/3978
f 3987/3987 3950/3950 3951/3951
f 3987/3987 3952/3952 3950/3950
f 3976/3976 3987/3987 3951/3951
f 3989/3989 3987/3987 3976/3976
f 3952/3952 3987/3987 3989/3989
f 3952/3952 3989/3989 3990/3990
f 3949/3949 3953/3953 3992/3992
f 3953/3953 3952/3952 3990/3990
f 3993/3993 3953/3953 3990/3990
f 3995/3995 3975/3975 3986/3986
f 3988/3988 3975/3975 3995/3995
f 3995/3995 3996/3996 3988/3988
f 3988/3988 3996/3996 3991/3991
f 3997/3997 3991/3991 3996/3996
f 3994/3994 3991/3991 3997/3997
f 3816/3816 3998/3998 3820/3820
f 3998/3998 3816/3816 3841/3841
f 3998/3998 3841/3841 3999/3999
f 3821/3821 3998/3998 3999/3999
f 3819/3819 3841/3841 3816/3816
f 3821/3821 3820/3820 3998/3998
f 3861/3861 3881/3881 3999/3999
f 3999/3999 3841/3841 3861/3861
f 4000/4000 3999/3999 3881/3881
f 3821/3821 3999/3999 4000/4000
f 3823/3823 3822/3822 3821/3821
f 4001/4001 3821/3821 4000/4000
f 3881/3881 3861/3861 3878/3878
f 4000/4000 3881/3881 4002/4002
f 4002/4002 3881/3881 4003/4003
f 4004/4004 3881/3881 3884/3884
f 3823/3823 3821/3821 4001/4001
f 4005/4005 3829/3829 3823/3823
f 4005/4005 3823/3823 4001/4001
f 4001/4001 4000/4000 4006/4006
f 4006/4006 4000/4000 4002/4002
f 4002/4002 4003/4003 4006/4006
f 4003/4003 3881/3881 4004/4004
f 4006/4006 4003/4003 4007/4007
f 3890/3890 4008/4008 3884/3884
f 4009/4009 4008/4008 3890/3890
f 3948/3948 4009/4009 3890/3890
f 4008/4008 4004/4004 3884/3884
f 4007/4007 4003/4003 4004/4004
f 4010/4010 4007/4007 4004/4004
f 4008/4008 4011/4011 4004/4004
f 4010/4010 4004/4004 4011/4011
f 4009/4009 4011/4011 4008/4008
f 4009/4009 4012/4012 4011/4011
f 4013/4013 4009/4009 4014/4014
f 4013/4013 4012/4012 4009/4009
f 4013/4013 4014/4014 4015/4015
f 4016/4016 3948/3948 3949/3949
f 3992/3992 4017/4017 3949/3949
f 4017/4017 4016/4016 3949/3949
f 4014/4014 3948/3948 4016/4016
f 4018/4018 4017/4017 4020/4020
f 3992/3992 3953/3953 3993/3993
f 4020/4020 3992/3992 3993/3993
f 4017/4017 3992/3992 4020/4020
f 4014/4014 4009/4009 3948/3948
f 4016/4016 4017/4017 4018/4018
f 4016/4016 4018/4018 4021/4021
f 4021/4021 4018/4018 4023/4023
f 4015/4015 4014/4014 4016/4016
f 4021/4021 4015/4015 4016/4016
f 4020/4020 4023/4023 4018/4018
f 3921/3921 3583/3583 3631/3631
f 3922/3922 3921/3921 3631/3631
f 3922/3922 3631/3631 4024/4024
f 4025/4025 3922/3922 4024/4024
f 4025/4025 4024/4024 4026/4026
f 3923/3923 3922/3922 4025/4025
f 3970/3970 3923/3923 4025/4025
f 3923/3923 3970/3970 3925/3925
f 4027/4027 4025/4025 4026/4026
f 3970/3970 4025/4025 4027/4027
f 3631/3631 3634/3634 3640/3640
f 4028/4028 4027/4027 4029/4029
f 3631/3631 3640/3640 4024/4024
f 4030/4030 3640/3640 3639/3639
f 4026/4026 4024/4024 4031/4031
f 4031/4031 4024/4024 3640/3640
f 4031/4031 3640/3640 4030/4030
f 3639/3639 4032/4032 4030/4030
f 3642/3642 4032/4032 3639/3639
f 4027/4027 4026/4026 4033/4033
f 4031/4031 4033/4033 4026/4026
f 4033/4033 4034/4034 4027/4027
f 4033/4033 4031/4031 4035/4035
f 4035/4035 4031/4031 4030/4030
f 4035/4035 4030/4030 4036/4036
f 4037/4037 4035/4035 4036/4036
f 4035/4035 4038/4038 4033/4033
f 4038/4038 4035/4035 4037/4037
f 4038/4038 4034/4034 4033/4033
f 4039/4039 4038/4038 4037/4037
f 4040/4040 3971/3971 3966/3966
f 3966/3966 3969/3969 4040/4040
f 4041/4041 3971/3971 4040/4040
f 3984/3984 3983/3983 3982/3982
f 3971/3971 4041/4041 3982/3982
f 3982/3982 4041/4041 3984/3984
f 4028/4028 4040/4040 3969/3969
f 3984/3984 4042/4042 3980/3980
f 3981/3981 3980/3980 4042/4042
f 4043/4043 4042/4042 3984/3984
f 4044/4044 3981/3981 4042/4042
f 4044/4044 4042/4042 4043/4043
f 4043/4043 3984/3984 4045/4045
f 3985/3985 3981/3981 4046/4046
f 4046/4046 3981/3981 4044/4044
f 4046/4046 4044/4044 4047/4047
f 3985/3985 4046/4046 4048/4048
f 4049/4049 4041/4041 4040/4040
f 4040/4040 4028/4028 4050/4050
f 4040/4040 4050/4050 4049/4049
f 4050/4050 4028/4028 4029/4029
f 4050/4050 4051/4051 4049/4049
f 4049/4049 4051/4051 4041/4041
f 4052/4052 4043/4043 4045/4045
f 4052/4052 4044/4044 4043/4043
f 4053/4053 4052/4052 4045/4045
f 4054/4054 4047/4047 4044/4044
f 4054/4054 4044/4044 4052/4052
f 4047/4047 4055/4055 4046/4046
f 4054/4054 4052/4052 4053/4053
f 4053/4053 4056/4056 4054/4054
f 4057/4057 4054/4054 4056/4056
f 4055/4055 4047/4047 4054/4054
f 4054/4054 4057/4057 4055/4055
f 3986/3986 3985/3985 4048/4048
f 3995/3995 3986/3986 4048/4048
f 3995/3995 4058/4058 3996/3996
f 3995/3995 4048/4048 4059/4059
f 4058/4058 3995/3995 4059/4059
f 3996/3996 4058/4058 3997/3997
f 3997/3997 4058/4058 4060/4060
f 4048/4048 4046/4046 4061/4061
f 4055/4055 4061/4061 4046/4046
f 4059/4059 4048/4048 4061/4061
f 4061/4061 4055/4055 4062/4062
f 4061/4061 4063/4063 4059/4059
f 4058/4058 4064/4064 4060/4060
f 4063/4063 4058/4058 4059/4059
f 4058/4058 4063/4063 4064/4064
f 4027/4027 4034/4034 4029/4029
f 4051/4051 4050/4050 4029/4029
f 4034/4034 4065/4065 4029/4029
f 4051/4051 4029/4029 4065/4065
f 4065/4065 4066/4066 4051/4051
f 4067/4067 4051/4051 4066/4066
f 4067/4067 4041/4041 4051/4051
f 4068/4068 4053/4053 4045/4045
f 4057/4057 4062/4062 4055/4055
f 4068/4068 4056/4056 4053/4053
f 4069/4069 4056/4056 4068/4068
f 4057/4057 4056/4056 4070/4070
f 4066/4066 4065/4065 4071/4071
f 4066/4066 4071/4071 4067/4067
f 4071/4071 4065/4065 4072/4072
f 4071/4071 4073/4073 4067/4067
f 4074/4074 4073/4073 4071/4071
f 4075/4075 4069/4069 4068/4068
f 4069/4069 4076/4076 4056/4056
f 4056/4056 4076/4076 4070/4070
f 4075/4075 4067/4067 4073/4073
f 4077/4077 4076/4076 4069/4069
f 4061/4061 4062/4062 4078/4078
f 4063/4063 4061/4061 4078/4078
f 4078/4078 4062/4062 4079/4079
f 4064/4064 4063/4063 4078/4078
f 4078/4078 4080/4080 4064/4064
f 4080/4080 4078/4078 4079/4079
f 4079/4079 4062/4062 4081/4081
f 4079/4079 4082/4082 4080/4080
f 4079/4079 4083/4083 4082/4082
f 4032/4032 4036/4036 4030/4030
f 4036/4036 4032/4032 4084/4084
f 4032/4032 3642/3642 3648/3648
f 4032/4032 3648/3648 4084/4084
f 3648/3648 3646/3646 3650/3650
f 4085/4085 4084/4084 3648/3648
f 4086/4086 4037/4037 4036/4036
f 4086/4086 4036/4036 4084/4084
f 4087/4087 4086/4086 4084/4084
f 4087/4087 4084/4084 4085/4085
f 4037/4037 4086/4086 4088/4088
f 4086/4086 4087/4087 4088/4088
f 3648/3648 3650/3650 3654/3654
f 3654/3654 4089/4089 3648/3648
f 3648/3648 4089/4089 4085/4085
f 4087/4087 4085/4085 4090/4090
f 4085/4085 4091/4091 4090/4090
f 4089/4089 4091/4091 4085/4085
f 4090/4090 4092/4092 4087/4087
f 4087/4087 4092/4092 4088/4088
f 4090/4090 4093/4093 4092/4092
f 4093/4093 4090/4090 4091/4091
f 4094/4094 4091/4091 4095/4095
f 4091/4091 4089/4089 4095/4095
f 4072/4072 4039/4039 4096/4096
f 4039/4039 4037/4037 4096/4096
f 4072/4072 4074/4074 4071/4071
f 4074/4074 4072/4072 4097/4097
f 4098/4098 4077/4077 4075/4075
f 4075/4075 4077/4077 4069/4069
f 4096/4096 4037/4037 4088/4088
f 4088/4088 4099/4099 4096/4096
f 4100/4100 4096/4096 4099/4099
f 4097/4097 4072/4072 4101/4101
f 4097/4097 4073/4073 4074/4074
f 4102/4102 4073/4073 4097/4097
f 4073/4073 4102/4102 4075/4075
f 4075/4075 4102/4102 4103/4103
f 4103/4103 4098/4098 4075/4075
f 4104/4104 4097/4097 4101/4101
f 4104/4104 4102/4102 4097/4097
f 4105/4105 4104/4104 4101/4101
f 4101/4101 4100/4100 4105/4105
f 4105/4105 4106/4106 4104/4104
f 4106/4106 4102/4102 4104/4104
f 4103/4103 4107/4107 4098/4098
f 4102/4102 4106/4106 4108/4108
f 4108/4108 4103/4103 4102/4102
f 4109/4109 4103/4103 4108/4108
f 4107/4107 4103/4103 4110/4110
f 4111/4111 4112/4112 4113/4113
f 4088/4088 4092/4092 4099/4099
f 4114/4114 4099/4099 4092/4092
f 4114/4114 4092/4092 4093/4093
f 4091/4091 4094/4094 4093/4093
f 4111/4111 4093/4093 4094/4094
f 4093/4093 4111/4111 4114/4114
f 4114/4114 4111/4111 4113/4113
f 4115/4115 4114/4114 4113/4113
f 4105/4105 4115/4115 4116/4116
f 4117/4117 4116/4116 4115/4115
f 4106/4106 4105/4105 4116/4116
f 4106/4106 4118/4118 4119/4119
f 4116/4116 4118/4118 4106/4106
f 4106/4106 4119/4119 4108/4108
f 4109/4109 4108/4108 4119/4119
f 4109/4109 4110/4110 4103/4103
f 4110/4110 4120/4120 4107/4107
f 4121/4121 4109/4109 4119/4119
f 4110/4110 4109/4109 4122/4122
f 4120/4120 4110/4110 4122/4122
f 4109/4109 4121/4121 4122/4122
f 4113/4113 4112/4112 4123/4123
f 4118/4118 4116/4116 4124/4124
f 4124/4124 4116/4116 4117/4117
f 4124/4124 4125/4125 4118/4118
f 4118/4118 4125/4125 4119/4119
f 4124/4124 4117/4117 4123/4123
f 4126/4126 4124/4124 4123/4123
f 4125/4125 4124/4124 4126/4126
f 4120/4120 4122/4122 4127/4127
f 3994/3994 3997/3997 4128/4128
f 4129/4129 4130/4130 4131/4131
f 4129/4129 4131/4131 4132/4132
f 4133/4133 4134/4134 4129/4129
f 4133/4133 4129/4129 4132/4132
f 4135/4135 4136/4136 4137/4137
f 4137/4137 4138/4138 4135/4135
f 4133/4133 4132/4132 4135/4135
f 4135/4135 4138/4138 4133/4133
f 4138/4138 4137/4137 4139/4139
f 4140/4140 4133/4133 4138/4138
f 4140/4140 4138/4138 4141/4141
f 4141/4141 4138/4138 4139/4139
f 4142/4142 4141/4141 4139/4139
f 4143/4143 4119/4119 4125/4125
f 4126/4126 4144/4144 4125/4125
f 4137/4137 4120/4120 4145/4145
f 4145/4145 4120/4120 4127/4127
f 4137/4137 4145/4145 4139/4139
f 4121/4121 4127/4127 4122/4122
f 4146/4146 4145/4145 4127/4127
f 4127/4127 4147/4147 4146/4146
f 4148/4148 4146/4146 4149/4149
f 4139/4139 4146/4146 4148/4148
f 4142/4142 4139/4139 4150/4150
f 4150/4150 4139/4139 4148/4148
f 4139/4139 4145/4145 4146/4146
f 4149/4149 4146/4146 4147/4147
f 4151/4151 4142/4142 4150/4150
f 4152/4152 4151/4151 4150/4150
f 4151/4151 4152/4152 4153/4153
f 4154/4154 3630/3630 3629/3629
f 3617/3617 4154/4154 3629/3629
f 4154/4154 3638/3638 3630/3630
f 4154/4154 3617/3617 4155/4155
f 4155/4155 3638/3638 4154/4154
f 4155/4155 3617/3617 3643/3643
f 3643/3643 4156/4156 4155/4155
f 3643/3643 3618/3618 3644/3644
f 4156/4156 3643/3643 3644/3644
f 4156/4156 3644/3644 3645/3645
f 4157/4157 4156/4156 3645/3645
f 4158/4158 3638/3638 4155/4155
f 3637/3637 3638/3638 4158/4158
f 4158/4158 4155/4155 4159/4159
f 3641/3641 3637/3637 4158/4158
f 3641/3641 4158/4158 3647/3647
f 3647/3647 4158/4158 4159/4159
f 4159/4159 4155/4155 4156/4156
f 4159/4159 3651/3651 3647/3647
f 3649/3649 3647/3647 3651/3651
f 4159/4159 4156/4156 4157/4157
f 4157/4157 3651/3651 4159/4159
f 4157/4157 4160/4160 3651/3651
f 4161/4161 3645/3645 4162/4162
f 3645/3645 3657/3657 4157/4157
f 3657/3657 3645/3645 4161/4161
f 4161/4161 3658/3658 3657/3657
f 4160/4160 4157/4157 3657/3657
f 3656/3656 4160/4160 3657/3657
f 3657/3657 3658/3658 3655/3655
f 4160/4160 3652/3652 3651/3651
f 3652/3652 4160/4160 3655/3655
f 3656/3656 3655/3655 4160/4160
f 3994/3994 4163/4163 4019/4019
f 4019/4019 4163/4163 4164/4164
f 4166/4166 4021/4021 4023/4023
f 4019/4019 4164/4164 4022/4022
f 4167/4167 4168/4168 4164/4164
f 4168/4168 4022/4022 4164/4164
f 4165/4165 4022/4022 4168/4168
f 4169/4169 4168/4168 4167/4167
f 4170/4170 3997/3997 4060/4060
f 4062/4062 4057/4057 4070/4070
f 4171/4171 4060/4060 4064/4064
f 4171/4171 4064/4064 4080/4080
f 4080/4080 4172/4172 4171/4171
f 4062/4062 4070/4070 4081/4081
f 4081/4081 4070/4070 4173/4173
f 4173/4173 4070/4070 4076/4076
f 4172/4172 4080/4080 4082/4082
f 4172/4172 4082/4082 4083/4083
f 4173/4173 4076/4076 4077/4077
f 4173/4173 4077/4077 4174/4174
f 4174/4174 4077/4077 4098/4098
f 4081/4081 4173/4173 4175/4175
f 4175/4175 4173/4173 4174/4174
f 4079/4079 4081/4081 4130/4130
f 4079/4079 4130/4130 4083/4083
f 4130/4130 4081/4081 4175/4175
f 4176/4176 4175/4175 4174/4174
f 4176/4176 4174/4174 4098/4098
f 4176/4176 4098/4098 4107/4107
f 4136/4136 4175/4175 4176/4176
f 4131/4131 4130/4130 4175/4175
f 4175/4175 4136/4136 4131/4131
f 4132/4132 4131/4131 4136/4136
f 4132/4132 4136/4136 4135/4135
f 4176/4176 4107/4107 4120/4120
f 4136/4136 4176/4176 4120/4120
f 4137/4137 4136/4136 4120/4120
f 3997/3997 4170/4170 4128/4128
f 4128/4128 4163/4163 3994/3994
f 4163/4163 4128/4128 4170/4170
f 4060/4060 4177/4177 4170/4170
f 4178/4178 4170/4170 4177/4177
f 4163/4163 4170/4170 4178/4178
f 4163/4163 4178/4178 4179/4179
f 4167/4167 4163/4163 4179/4179
f 4163/4163 4167/4167 4164/4164
f 4178/4178 4180/4180 4179/4179
f 4060/4060 4171/4171 4177/4177
f 4171/4171 4181/4181 4177/4177
f 4177/4177 4180/4180 4178/4178
f 4180/4180 4177/4177 4181/4181
f 4171/4171 4172/4172 4182/4182
f 4181/4181 4171/4171 4182/4182
f 4181/4181 4183/4183 4180/4180
f 4183/4183 4181/4181 4184/4184
f 4179/4179 4185/4185 4167/4167
f 4179/4179 4180/4180 4185/4185
f 4186/4186 4169/4169 4167/4167
f 4167/4167 4185/4185 4186/4186
f 4187/4187 4185/4185 4183/4183
f 4185/4185 4180/4180 4183/4183
f 4188/4188 4183/4183 4184/4184
f 4183/4183 4188/4188 4187/4187
f 4189/4189 4188/4188 4184/4184
f 4172/4172 4083/4083 4190/4190
f 4190/4190 4083/4083 4130/4130
f 4190/4190 4182/4182 4172/4172
f 4190/4190 4130/4130 4129/4129
f 4134/4134 4182/4182 4190/4190
f 4181/4181 4182/4182 4184/4184
f 4184/4184 4182/4182 4191/4191
f 4191/4191 4182/4182 4192/4192
f 4129/4129 4134/4134 4190/4190
f 4192/4192 4182/4182 4134/4134
f 4193/4193 4192/4192 4134/4134
f 4194/4194 4134/4134 4133/4133
f 4193/4193 4134/4134 4194/4194
f 4194/4194 4133/4133 4140/4140
f 4191/4191 4192/4192 4193/4193
f 4195/4195 4191/4191 4193/4193
f 4193/4193 4194/4194 4196/4196
f 4196/4196 4195/4195 4193/4193
f 4196/4196 4142/4142 4151/4151
f 4197/4197 4195/4195 4196/4196
f 4197/4197 4196/4196 4151/4151
f 4198/4198 4191/4191 4195/4195
f 4195/4195 4197/4197 4199/4199
f 4197/4197 4151/4151 4153/4153
f 4184/4184 4191/4191 4198/4198
f 4189/4189 4184/4184 4198/4198
f 4189/4189 4198/4198 4200/4200
f 4201/4201 4189/4189 4200/4200
f 4198/4198 4195/4195 4199/4199
f 4200/4200 4198/4198 4199/4199
f 4200/4200 4199/4199 4202/4202
f 4199/4199 4197/4197 4153/4153
f 4202/4202 4199/4199 4153/4153
f 4203/4203 4202/4202 4153/4153
f 3828/3828 4204/4204 4205/4205
f 4206/4206 3828/3828 3829/3829
f 4206/4206 3829/3829 4207/4207
f 4206/4206 4207/4207 4208/4208
f 4205/4205 4209/4209 4210/4210
f 4209/4209 4205/4205 4204/4204
f 4204/4204 4211/4211 4209/4209
f 4209/4209 4212/4212 4213/4213
f 4214/4214 4209/4209 4211/4211
f 4209/4209 4214/4214 4212/4212
f 4215/4215 4212/4212 4214/4214
f 4214/4214 3332/3332 4215/4215
f 3329/3329 4215/4215 3332/3332
f 4204/4204 3828/3828 4206/4206
f 4206/4206 4216/4216 4211/4211
f 4211/4211 4204/4204 4206/4206
f 4214/4214 4211/4211 4216/4216
f 4216/4216 4217/4217 4214/4214
f 4206/4206 4218/4218 4216/4216
f 4218/4218 4206/4206 4208/4208
f 4217/4217 4216/4216 4219/4219
f 3337/3337 4217/4217 4219/4219
f 4217/4217 3337/3337 3334/3334
f 4216/4216 4218/4218 4219/4219
f 4219/4219 3339/3339 3337/3337
f 3332/3332 4214/4214 3334/3334
f 3334/3334 4214/4214 4217/4217
f 4207/4207 4005/4005 4208/4208
f 4220/4220 4208/4208 4005/4005
f 4221/4221 4208/4208 4220/4220
f 4220/4220 4222/4222 4221/4221
f 4223/4223 4218/4218 4208/4208
f 4219/4219 4218/4218 4223/4223
f 4223/4223 4208/4208 4224/4224
f 4224/4224 3368/3368 4223/4223
f 4224/4224 4208/4208 4221/4221
f 4221/4221 4225/4225 4224/4224
f 4224/4224 4225/4225 3369/3369
f 3368/3368 4224/4224 3369/3369
f 4223/4223 3368/3368 4219/4219
f 3339/3339 4219/4219 3368/3368
f 3023/3023 3790/3790 4226/4226
f 3023/3023 4227/4227 3029/3029
f 4226/4226 4227/4227 3023/3023
f 4228/4228 3785/3785 3794/3794
f 3785/3785 4226/4226 3790/3790
f 4228/4228 4226/4226 3785/3785
f 4210/4210 4228/4228 3794/3794
f 4228/4228 4229/4229 4226/4226
f 4210/4210 4229/4229 4228/4228
f 3029/3029 3024/3024 3023/3023
f 4227/4227 3031/3031 3029/3029
f 4230/4230 4227/4227 4226/4226
f 4231/4231 4227/4227 4230/4230
f 4227/4227 4231/4231 3031/3031
f 4232/4232 3031/3031 4231/4231
f 4233/4233 4231/4231 4230/4230
f 4233/4233 4234/4234 4231/4231
f 4230/4230 4226/4226 4229/4229
f 4229/4229 4210/4210 4235/4235
f 4230/4230 4229/4229 4235/4235
f 4230/4230 4236/4236 4233/4233
f 4236/4236 4230/4230 4235/4235
f 4235/4235 4210/4210 4213/4213
f 3347/3347 4235/4235 4213/4213
f 3034/3034 3030/3030 3031/3031
f 3031/3031 4232/4232 3034/3034
f 3827/3827 4205/4205 3794/3794
f 3825/3825 3828/3828 3827/3827
f 4210/4210 3794/3794 4205/4205
f 3828/3828 4205/4205 3827/3827
f 3829/3829 3828/3828 3826/3826
f 4213/4213 4210/4210 4209/4209
f 3361/3361 4213/4213 4212/4212
f 3361/3361 4212/4212 4215/4215
f 4215/4215 3328/3328 3361/3361
f 4215/4215 3329/3329 3328/3328
f 4237/4237 4234/4234 4233/4233
f 4231/4231 4234/4234 4232/4232
f 4234/4234 4238/4238 4232/4232
f 4234/4234 4237/4237 4238/4238
f 4238/4238 3036/3036 4232/4232
f 4239/4239 4238/4238 4237/4237
f 4239/4239 4237/4237 4242/4242
f 4241/4241 3344/3344 4240/4240
f 3344/3344 4241/4241 3345/3345
f 4237/4237 4233/4233 4236/4236
f 4243/4243 4236/4236 3347/3347
f 3347/3347 4236/4236 4235/4235
f 4243/4243 4237/4237 4236/4236
f 4243/4243 3354/3354 4242/4242
f 4243/4243 3346/3346 3354/3354
f 3347/3347 4213/4213 3361/3361
f 3348/3348 3347/3347 3361/3361
f 4243/4243 3347/3347 3346/3346
f 3346/3346 3348/3348 3352/3352
f 4242/4242 4237/4237 4243/4243
f 4241/4241 3353/3353 3345/3345
f 3036/3036 3034/3034 4232/4232
f 4245/4245 4238/4238 4239/4239
f 3036/3036 4238/4238 3081/3081
f 4244/4244 4240/4240 3358/3358
f 3358/3358 3356/3356 4244/4244
f 4245/4245 3081/3081 4238/4238
f 3083/3083 3081/3081 4245/4245
f 3087/3087 3083/3083 4245/4245
f 3086/3086 4244/4244 3356/3356
f 3343/3343 3358/3358 3344/3344
f 3358/3358 4240/4240 3344/3344
f 3357/3357 2575/2575 3086/3086
f 3348/3348 3361/3361 3360/3360
f 4207/4207 3829/3829 4005/4005
f 4246/4246 4001/4001 4006/4006
f 4005/4005 4001/4001 4246/4246
f 4220/4220 4005/4005 4246/4246
f 4007/4007 4246/4246 4006/4006
f 4247/4247 4246/4246 4007/4007
f 4247/4247 4007/4007 4248/4248
f 4246/4246 4247/4247 4249/4249
f 4246/4246 4249/4249 4220/4220
f 4222/4222 4220/4220 4249/4249
f 4222/4222 4249/4249 3363/3363
f 3375/3375 4222/4222 3363/3363
f 3375/3375 3363/3363 3362/3362
f 3363/3363 4249/4249 4250/4250
f 3363/3363 4250/4250 3365/3365
f 3364/3364 3363/3363 3365/3365
f 4247/4247 4250/4250 4249/4249
f 4251/4251 4250/4250 4247/4247
f 4251/4251 4247/4247 4248/4248
f 3365/3365 4250/4250 3366/3366
f 4250/4250 4251/4251 3366/3366
f 4252/4252 4225/4225 4221/4221
f 4252/4252 4221/4221 4222/4222
f 3369/3369 4225/4225 4252/4252
f 3374/3374 4252/4252 4222/4222
f 3369/3369 4252/4252 3374/3374
f 4222/4222 3375/3375 3374/3374
f 3375/3375 3362/3362 3376/3376
f 4253/4253 4248/4248 4007/4007
f 4253/4253 4007/4007 4010/4010
f 4253/4253 4254/4254 4248/4248
f 4253/4253 4010/4010 4011/4011
f 4255/4255 4253/4253 4011/4011
f 4251/4251 4248/4248 4254/4254
f 3366/3366 4251/4251 4256/4256
f 4251/4251 4254/4254 4257/4257
f 4256/4256 4251/4251 4257/4257
f 4256/4256 4257/4257 3381/3381
f 4257/4257 4254/4254 3382/3382
f 4257/4257 3382/3382 3381/3381
f 4256/4256 3378/3378 3366/3366
f 4256/4256 3381/3381 3378/3378
f 4258/4258 4254/4254 4253/4253
f 4258/4258 4253/4253 4255/4255
f 4258/4258 3382/3382 4254/4254
f 3382/3382 4258/4258 3383/3383
f 3383/3383 3379/3379 3382/3382
f 4255/4255 4259/4259 4258/4258
f 4260/4260 4255/4255 4011/4011
f 4259/4259 4255/4255 4260/4260
f 4258/4258 4259/4259 3387/3387
f 3387/3387 3383/3383 4258/4258
f 4012/4012 4260/4260 4011/4011
f 4259/4259 4260/4260 4261/4261
f 4260/4260 4012/4012 4261/4261
f 4012/4012 4013/4013 4261/4261
f 4013/4013 4015/4015 4262/4262
f 4261/4261 4013/4013 4262/4262
f 3394/3394 4261/4261 4262/4262
f 3395/3395 3394/3394 4262/4262
f 3387/3387 4259/4259 3388/3388
f 3388/3388 4259/4259 4261/4261
f 4261/4261 3389/3389 3388/3388
f 3384/3384 3388/3388 3389/3389
f 3389/3389 4261/4261 3394/3394
f 4263/4263 4015/4015 4021/4021
f 4262/4262 4015/4015 4263/4263
f 3395/3395 4262/4262 4263/4263
f 3278/3278 3274/3274 4264/4264
f 4264/4264 3274/3274 4265/4265
f 3274/3274 3408/3408 4265/4265
f 3270/3270 3278/3278 4264/4264
f 4263/4263 4267/4267 3395/3395
f 4263/4263 4021/4021 4268/4268
f 4267/4267 4263/4263 4268/4268
f 4268/4268 4021/4021 4166/4166
f 4271/4271 4266/4266 4269/4269
f 4268/4268 4166/4166 4272/4272
f 4271/4271 4269/4269 4273/4273
f 3397/3397 3395/3395 4267/4267
f 3396/3396 4266/4266 3409/3409
f 3409/3409 3398/3398 3396/3396
f 3410/3410 3409/3409 4266/4266
f 3410/3410 4266/4266 4271/4271
f 3410/3410 4271/4271 3411/3411
f 4271/4271 3413/3413 3411/3411
f 4274/4274 4165/4165 4275/4275
f 4275/4275 4165/4165 4168/4168
f 4270/4270 4274/4274 4275/4275
f 4275/4275 4276/4276 4270/4270
f 4275/4275 4168/4168 4169/4169
f 4276/4276 4275/4275 4169/4169
f 4276/4276 4277/4277 4278/4278
f 4169/4169 4186/4186 4277/4277
f 4169/4169 4277/4277 4276/4276
f 3412/3412 4270/4270 4279/4279
f 4270/4270 4276/4276 4279/4279
f 4276/4276 4278/4278 4279/4279
f 3412/3412 4279/4279 4278/4278
f 4278/4278 4277/4277 4280/4280
f 3412/3412 4278/4278 3419/3419
f 3419/3419 3415/3415 3412/3412
f 4281/4281 4186/4186 4187/4187
f 4277/4277 4186/4186 4281/4281
f 4185/4185 4187/4187 4186/4186
f 4277/4277 4281/4281 4280/4280
f 4278/4278 4280/4280 3419/3419
f 4280/4280 3420/3420 3419/3419
f 3420/3420 3417/3417 3419/3419
f 4282/4282 3421/3421 3420/3420
f 4281/4281 4283/4283 4280/4280
f 4283/4283 3420/3420 4280/4280
f 4283/4283 4281/4281 4187/4187
f 3420/3420 4283/4283 4282/4282
f 4187/4187 4284/4284 4283/4283
f 4285/4285 4187/4187 4188/4188
f 4284/4284 4187/4187 4285/4285
f 4286/4286 4284/4284 4285/4285
f 4286/4286 4285/4285 4188/4188
f 4282/4282 4283/4283 4284/4284
f 4282/4282 4284/4284 4287/4287
f 4287/4287 4284/4284 4286/4286
f 3421/3421 4282/4282 4287/4287
f 3421/3421 4287/4287 3424/3424
f 4288/4288 4188/4188 4189/4189
f 4286/4286 4289/4289 4287/4287
f 3424/3424 4287/4287 4289/4289
f 4289/4289 4286/4286 4290/4290
f 4288/4288 4286/4286 4188/4188
f 3424/3424 3417/3417 3421/3421
f 3424/3424 4289/4289 3425/3425
f 3425/3425 4289/4289 3426/3426
f 3426/3426 4289/4289 4290/4290
f 4291/4291 4189/4189 4201/4201
f 4291/4291 4201/4201 4292/4292
f 4288/4288 4189/4189 4291/4291
f 4293/4293 4288/4288 4291/4291
f 4292/4292 4294/4294 4291/4291
f 4290/4290 4286/4286 4288/4288
f 4202/4202 4295/4295 4200/4200
f 4295/4295 4201/4201 4200/4200
f 4202/4202 4296/4296 4295/4295
f 4296/4296 4202/4202 4203/4203
f 4292/4292 4201/4201 4295/4295
f 4292/4292 4295/4295 4296/4296
f 4297/4297 4292/4292 4296/4296
f 4203/4203 4298/4298 4296/4296
f 4298/4298 4299/4299 4296/4296
f 4300/4300 3427/3427 3426/3426
f 4300/4300 4293/4293 4301/4301
f 4300/4300 4301/4301 3427/3427
f 3427/3427 3428/3428 3422/3422
f 4293/4293 4291/4291 4294/4294
f 4302/4302 4293/4293 4294/4294
f 3428/3428 3427/3427 4301/4301
f 3428/3428 4301/4301 3434/3434
f 4301/4301 4293/4293 4302/4302
f 3434/3434 3430/3430 3428/3428
f 3434/3434 4301/4301 4302/4302
f 4290/4290 4300/4300 3426/3426
f 4290/4290 4288/4288 4293/4293
f 4290/4290 4293/4293 4300/4300
f 4297/4297 4294/4294 4292/4292
f 4303/4303 4294/4294 4297/4297
f 4302/4302 4294/4294 4303/4303
f 3434/3434 4302/4302 3435/3435
f 3435/3435 4302/4302 4303/4303
f 4297/4297 4296/4296 4299/4299
f 4299/4299 4303/4303 4297/4297
f 3438/3438 4304/4304 3439/3439
f 3439/3439 4304/4304 4305/4305
f 3436/3436 3433/3433 3435/3435
f 4304/4304 4303/4303 4299/4299
f 4304/4304 3435/3435 4303/4303
f 4304/4304 3438/3438 3435/3435
f 4306/4306 3440/3440 1043/1043
f 4306/4306 3442/3442 3440/3440
f 3442/3442 4306/4306 4307/4307
f 3442/3442 2646/2646 3440/3440
f 2646/2646 3442/3442 3441/3441
f 4306/4306 1043/1043 1044/1044
f 4307/4307 4306/4306 1213/1213
f 4307/4307 1213/1213 4308/4308
f 4309/4309 4307/4307 4308/4308
f 3442/3442 4307/4307 3443/3443
f 4307/4307 4309/4309 3443/3443
f 4309/4309 4308/4308 3448/3448
f 1213/1213 4306/4306 1044/1044
f 3444/3444 4310/4310 3445/3445
f 4310/4310 4311/4311 3445/3445
f 4309/4309 3447/3447 3443/3443
f 3447/3447 3444/3444 3443/3443
f 3447/3447 4309/4309 3448/3448
f 4312/4312 3448/3448 4308/4308
f 4310/4310 3444/3444 3447/3447
f 4310/4310 3447/3447 3446/3446
f 4311/4311 4310/4310 3446/3446
f 4313/4313 3446/3446 3449/3449
f 4311/4311 3446/3446 4313/4313
f 4314/4314 4308/4308 1213/1213
f 4314/4314 1213/1213 4315/4315
f 3450/3450 4314/4314 4315/4315
f 1213/1213 1056/1056 1214/1214
f 4315/4315 1213/1213 1214/1214
f 4315/4315 1214/1214 3451/3451
f 3451/3451 1214/1214 3452/3452
f 3450/3450 4315/4315 3451/3451
f 3456/3456 3450/3450 3452/3452
f 3455/3455 1057/1057 1077/1077
f 4312/4312 4308/4308 4314/4314
f 3449/3449 4312/4312 4314/4314
f 4312/4312 3449/3449 3448/3448
f 3450/3450 3449/3449 4314/4314
f 3449/3449 3450/3450 4316/4316
f 4316/4316 3450/3450 3456/3456
f 4313/4313 3449/3449 3483/3483
f 3484/3484 3483/3483 4317/4317
f 4316/4316 3456/3456 3464/3464
f 3464/3464 3462/3462 3460/3460
f 4316/4316 3459/3459 4317/4317
f 4316/4316 3460/3460 3459/3459
f 3460/3460 4316/4316 3464/3464
f 3466/3466 4318/4318 4311/4311
f 4318/4318 3294/3294 2660/2660
f 2685/2685 2660/2660 3294/3294
f 4318/4318 3470/3470 3294/3294
f 4318/4318 2660/2660 3445/3445
f 4311/4311 4318/4318 3445/3445
f 4318/4318 3466/3466 3470/3470
f 3295/3295 3294/3294 3470/3470
f 3466/3466 4311/4311 3467/3467
f 3467/3467 4311/4311 4313/4313
f 3469/3469 4313/4313 3483/3483
f 3467/3467 4313/4313 3469/3469
f 3459/3459 3484/3484 4317/4317
f 3457/3457 3500/3500 3462/3462
f 3464/3464 3457/3457 3462/3462
f 3504/3504 3462/3462 3500/3500
f 3506/3506 3500/3500 3501/3501
f 3503/3503 3502/3502 3509/3509
f 3503/3503 3506/3506 3501/3501
f 3504/3504 3500/3500 3506/3506
f 3506/3506 3507/3507 3505/3505
f 3509/3509 3502/3502 3517/3517
f 1097/1097 1101/1101 3513/3513
f 3517/3517 3513/3513 1101/1101
f 4319/4319 3517/3517 1101/1101
f 3514/3514 4319/4319 1101/1101
f 4319/4319 3514/3514 4321/4321
f 3516/3516 4320/4320 3515/3515
f 3509/3509 3517/3517 3518/3518
f 4319/4319 3518/3518 3517/3517
f 3511/3511 3518/3518 4321/4321
f 3516/3516 1106/1106 1229/1229
f 4322/4322 3516/3516 1229/1229
f 4322/4322 1229/1229 1161/1161
f 4322/4322 4323/4323 3516/3516
f 4323/4323 4320/4320 3516/3516
f 4320/4320 4323/4323 4324/4324
f 4324/4324 4323/4323 4322/4322
f 4324/4324 4322/4322 4325/4325
f 4325/4325 4322/4322 3588/3588
f 1161/1161 3588/3588 4322/4322
f 3588/3588 3587/3587 3532/3532
f 3523/3523 3519/3519 4321/4321
f 3511/3511 4321/4321 3519/3519
f 3524/3524 4320/4320 4324/4324
f 3524/3524 4324/4324 3525/3525
f 3525/3525 4324/4324 4325/4325
f 3525/3525 4325/4325 3527/3527
f 4325/4325 3588/3588 3532/3532
f 4325/4325 3532/3532 3527/3527
f 3532/3532 3531/3531 3527/3527
f 3586/3586 3588/3588 1161/1161
f 3587/3587 3594/3594 3532/3532
f 3680/3680 3677/3677 3682/3682
f 3677/3677 3722/3722 3725/3725
f 3726/3726 3751/3751 3753/3753
f 3769/3769 3767/3767 3770/3770
f 3766/3766 3767/3767 3769/3769
f 2884/2884 2879/2879 3776/3776
f 3776/3776 2879/2879 3766/3766
f 3784/3784 3759/3759 3765/3765
f 3701/3701 3754/3754 3726/3726
f 3851/3851 3833/3833 3835/3835
f 3848/3848 3856/3856 3866/3866
f 3869/3869 3867/3867 3866/3866
f 3856/3856 3869/3869 3866/3866
f 3891/3891 3900/3900 3905/3905
f 3892/3892 3851/3851 3835/3835
f 3907/3907 3908/3908 3869/3869
f 3954/3954 3902/3902 3903/3903
f 3924/3924 3954/3954 3903/3903
f 3924/3924 3926/3926 3954/3954
f 3968/3968 3954/3954 3926/3926
f 3925/3925 3970/3970 3967/3967
f 3908/3908 3907/3907 3930/3930
f 3955/3955 3954/3954 3956/3956
f 3956/3956 3954/3954 3968/3968
f 3941/3941 3937/3937 3960/3960
f 3956/3956 3960/3960 3937/3937
f 3961/3961 3960/3960 3956/3956
f 3956/3956 3968/3968 3961/3961
f 3961/3961 3968/3968 3965/3965
f 3969/3969 3970/3970 4028/4028
f 4027/4027 4028/4028 3970/3970
f 4045/4045 3984/3984 4041/4041
f 4045/4045 4041/4041 4068/4068
f 4067/4067 4068/4068 4041/4041
f 4039/4039 4034/4034 4038/4038
f 4034/4034 4039/4039 4065/4065
f 4065/4065 4039/4039 4072/4072
f 4075/4075 4068/4068 4067/4067
f 4101/4101 4072/4072 4096/4096
f 4100/4100 4101/4101 4096/4096
f 4099/4099 4114/4114 4100/4100
f 4115/4115 4100/4100 4114/4114
f 4100/4100 4115/4115 4105/4105
f 4117/4117 4115/4115 4113/4113
f 4113/4113 4123/4123 4117/4117
f 4140/4140 4141/4141 4196/4196
f 4141/4141 4142/4142 4196/4196
f 4194/4194 4140/4140 4196/4196
f 4316/4316 4317/4317 3449/3449
f 3483/3483 3449/3449 4317/4317
f 4321/4321 3518/3518 4319/4319
f 4326/4326 3016/3016 4327/4327
f 4327/4327 3016/3016 3019/3019
f 3019/3019 3016/3016 3014/3014
f 4327/4327 3019/3019 4328/4328
f 4328/4328 3019/3019 4329/4329
f 4330/4330 2017/2017 640/640
f 4331/4331 635/635 2730/2730
f 2017/2017 4330/4330 4332/4332
f 2732/2732 4331/4331 2730/2730
f 4333/4333 4331/4331 2732/2732
f 4333/4333 4330/4330 4331/4331
f 4330/4330 4333/4333 4334/4334
f 4335/4335 4330/4330 4334/4334
f 4334/4334 4333/4333 4336/4336
f 1854/1854 2017/2017 4332/4332
f 4332/4332 1853/1853 1854/1854
f 4337/4337 4338/4338 4332/4332
f 4338/4338 1853/1853 4332/4332
f 4338/4338 1849/1849 1853/1853
f 1870/1870 1849/1849 4338/4338
f 4338/4338 4339/4339 1870/1870
f 4332/4332 4335/4335 4340/4340
f 4340/4340 4337/4337 4332/4332
f 4335/4335 4334/4334 4340/4340
f 4339/4339 4338/4338 4337/4337
f 4340/4340 4339/4339 4337/4337
f 4336/4336 4333/4333 2732/2732
f 2733/2733 4336/4336 2732/2732
f 4341/4341 4340/4340 4334/4334
f 4336/4336 4341/4341 4334/4334
f 4340/4340 4341/4341 4339/4339
f 4342/4342 4339/4339 4341/4341
f 2738/2738 4336/4336 2733/2733
f 2738/2738 2737/2737 4343/4343
f 4343/4343 4344/4344 2738/2738
f 4345/4345 4336/4336 2738/2738
f 4344/4344 4345/4345 2738/2738
f 4344/4344 4346/4346 4345/4345
f 4347/4347 4341/4341 4346/4346
f 4341/4341 4347/4347 4342/4342
f 4348/4348 4342/4342 4347/4347
f 4349/4349 4342/4342 4348/4348
f 4348/4348 4347/4347 4350/4350
f 4349/4349 4348/4348 4350/4350
f 4351/4351 4349/4349 4350/4350
f 4350/4350 4347/4347 4352/4352
f 4353/4353 4350/4350 4352/4352
f 4350/4350 4353/4353 4351/4351
f 4353/4353 4354/4354 4351/4351
f 4355/4355 1875/1875 2020/2020
f 4356/4356 4342/4342 4349/4349
f 4356/4356 4355/4355 4342/4342
f 4357/4357 1874/1874 4356/4356
f 1877/1877 1876/1876 1873/1873
f 1874/1874 1877/1877 1873/1873
f 4358/4358 1877/1877 1874/1874
f 4359/4359 4358/4358 1874/1874
f 4360/4360 4361/4361 4358/4358
f 4351/4351 4356/4356 4349/4349
f 4354/4354 4356/4356 4351/4351
f 4356/4356 4354/4354 4357/4357
f 4362/4362 4357/4357 4354/4354
f 4362/4362 4359/4359 4357/4357
f 4363/4363 4361/4361 4360/4360
f 4364/4364 4363/4363 4360/4360
f 4365/4365 4366/4366 4367/4367
f 4365/4365 4364/4364 4360/4360
f 4368/4368 4365/4365 4367/4367
f 4365/4365 4368/4368 4364/4364
f 4352/4352 4344/4344 4343/4343
f 4352/4352 4343/4343 4369/4369
f 4343/4343 4370/4370 4369/4369
f 2767/2767 4343/4343 2737/2737
f 4370/4370 4343/4343 2767/2767
f 4371/4371 4370/4370 4372/4372
f 4369/4369 4373/4373 4352/4352
f 4373/4373 4353/4353 4352/4352
f 4354/4354 4353/4353 4373/4373
f 4371/4371 4369/4369 4370/4370
f 4371/4371 4374/4374 4369/4369
f 4374/4374 4373/4373 4369/4369
f 4371/4371 4375/4375 4374/4374
f 4374/4374 4376/4376 4373/4373
f 4374/4374 4375/4375 4376/4376
f 4372/4372 4370/4370 2767/2767
f 4377/4377 4371/4371 4372/4372
f 4378/4378 4372/4372 2767/2767
f 4378/4378 4377/4377 4372/4372
f 4379/4379 4377/4377 4378/4378
f 4379/4379 4371/4371 4377/4377
f 4380/4380 4375/4375 4371/4371
f 4381/4381 4380/4380 4371/4371
f 4380/4380 4382/4382 4375/4375
f 4382/4382 4380/4380 4381/4381
f 4383/4383 4362/4362 4354/4354
f 4373/4373 4376/4376 4354/4354
f 4383/4383 4354/4354 4376/4376
f 4362/4362 4383/4383 4384/4384
f 4375/4375 4383/4383 4376/4376
f 4367/4367 4366/4366 4384/4384
f 4385/4385 4367/4367 4384/4384
f 4386/4386 4367/4367 4385/4385
f 4387/4387 4368/4368 4367/4367
f 4386/4386 4387/4387 4367/4367
f 4388/4388 4385/4385 4384/4384
f 4382/4382 4383/4383 4375/4375
f 4389/4389 4383/4383 4382/4382
f 4390/4390 4383/4383 4389/4389
f 4384/4384 4383/4383 4390/4390
f 4390/4390 4388/4388 4384/4384
f 4391/4391 4368/4368 4387/4387
f 4386/4386 4391/4391 4387/4387
f 4386/4386 4392/4392 4391/4391
f 4386/4386 4385/4385 4388/4388
f 4393/4393 4392/4392 4386/4386
f 4386/4386 4394/4394 4393/4393
f 4388/4388 4394/4394 4386/4386
f 4395/4395 4394/4394 4388/4388
f 4393/4393 4394/4394 4396/4396
f 4396/4396 4394/4394 4395/4395
f 1878/1878 1877/1877 1921/1921
f 1877/1877 4358/4358 1921/1921
f 4358/4358 4363/4363 1921/1921
f 1921/1921 4363/4363 4397/4397
f 4397/4397 1923/1923 1921/1921
f 4398/4398 4363/4363 4364/4364
f 4399/4399 1962/1962 1965/1965
f 4399/4399 1967/1967 1962/1962
f 4400/4400 4401/4401 1969/1969
f 4401/4401 4402/4402 1969/1969
f 4403/4403 4404/4404 4405/4405
f 4405/4405 4404/4404 4406/4406
f 4404/4404 4400/4400 4406/4406
f 4407/4407 4401/4401 4400/4400
f 4400/4400 4404/4404 4407/4407
f 4408/4408 4409/4409 4398/4398
f 4408/4408 4410/4410 4409/4409
f 4411/4411 4368/4368 4391/4391
f 4412/4412 4411/4411 4391/4391
f 4391/4391 4413/4413 4412/4412
f 4412/4412 4408/4408 4398/4398
f 4412/4412 4410/4410 4408/4408
f 4413/4413 4410/4410 4412/4412
f 4414/4414 4410/4410 4413/4413
f 4410/4410 4414/4414 4415/4415
f 4409/4409 4410/4410 4405/4405
f 4415/4415 4403/4403 4405/4405
f 4405/4405 4410/4410 4415/4415
f 4416/4416 4403/4403 4415/4415
f 4404/4404 4403/4403 4417/4417
f 4416/4416 4417/4417 4403/4403
f 4415/4415 4414/4414 4416/4416
f 4414/4414 4418/4418 4416/4416
f 4419/4419 4414/4414 4420/4420
f 4414/4414 4419/4419 4418/4418
f 4421/4421 4418/4418 4419/4419
f 1969/1969 1997/1997 1970/1970
f 4422/4422 4402/4402 4423/4423
f 4424/4424 4401/4401 4407/4407
f 4424/4424 4402/4402 4401/4401
f 4424/4424 4407/4407 4417/4417
f 4425/4425 4424/4424 4417/4417
f 4425/4425 4426/4426 4423/4423
f 4427/4427 4428/4428 4423/4423
f 4429/4429 4430/4430 4428/4428
f 4429/4429 4428/4428 4427/4427
f 4429/4429 4431/4431 4430/4430
f 4432/4432 4433/4433 4429/4429
f 4417/4417 4426/4426 4425/4425
f 4416/4416 4434/4434 4417/4417
f 4434/4434 4426/4426 4417/4417
f 4427/4427 4426/4426 4435/4435
f 4418/4418 4434/4434 4416/4416
f 4421/4421 4435/4435 4418/4418
f 4418/4418 4435/4435 4434/4434
f 4436/4436 4427/4427 4435/4435
f 4435/4435 4421/4421 4437/4437
f 4435/4435 4437/4437 4436/4436
f 4427/4427 4423/4423 4426/4426
f 4429/4429 4427/4427 4438/4438
f 4438/4438 4432/4432 4429/4429
f 4427/4427 4436/4436 4438/4438
f 4439/4439 4436/4436 4437/4437
f 4438/4438 4436/4436 4439/4439
f 4440/4440 4438/4438 4439/4439
f 4402/4402 1996/1996 1997/1997
f 1996/1996 4422/4422 1998/1998
f 1998/1998 4422/4422 4441/4441
f 4422/4422 4423/4423 4441/4441
f 4442/4442 2003/2003 2002/2002
f 4442/4442 2002/2002 4441/4441
f 4441/4441 4443/4443 4442/4442
f 4443/4443 2003/2003 4442/4442
f 4444/4444 2001/2001 2003/2003
f 2003/2003 4443/4443 4444/4444
f 4441/4441 4423/4423 4443/4443
f 4443/4443 4423/4423 4428/4428
f 4443/4443 4428/4428 4430/4430
f 4430/4430 4444/4444 4443/4443
f 4444/4444 4430/4430 4431/4431
f 4444/4444 4431/4431 4433/4433
f 4429/4429 4433/4433 4431/4431
f 4392/4392 4413/4413 4391/4391
f 4413/4413 4392/4392 4393/4393
f 4413/4413 4420/4420 4414/4414
f 4445/4445 4420/4420 4413/4413
f 4421/4421 4419/4419 4420/4420
f 4420/4420 4445/4445 4421/4421
f 4446/4446 4413/4413 4393/4393
f 4446/4446 4445/4445 4413/4413
f 4447/4447 4393/4393 4396/4396
f 4421/4421 4445/4445 4448/4448
f 4448/4448 4437/4437 4421/4421
f 4449/4449 4437/4437 4448/4448
f 4439/4439 4437/4437 4440/4440
f 4450/4450 4445/4445 4446/4446
f 4448/4448 4445/4445 4450/4450
f 4451/4451 4440/4440 4437/4437
f 4451/4451 4437/4437 4449/4449
f 4449/4449 4448/4448 4452/4452
f 4452/4452 4451/4451 4449/4449
f 4453/4453 4379/4379 4378/4378
f 2935/2935 4378/4378 2767/2767
f 4453/4453 4378/4378 2935/2935
f 4453/4453 4381/4381 4379/4379
f 2935/2935 2936/2936 4453/4453
f 2941/2941 4453/4453 2936/2936
f 4454/4454 4381/4381 4453/4453
f 4379/4379 4381/4381 4371/4371
f 4389/4389 4382/4382 4381/4381
f 4455/4455 4389/4389 4381/4381
f 4455/4455 4381/4381 4456/4456
f 4456/4456 4381/4381 4454/4454
f 4456/4456 4457/4457 4455/4455
f 4458/4458 4455/4455 4457/4457
f 4457/4457 4459/4459 4458/4458
f 4457/4457 4456/4456 4459/4459
f 3314/3314 4453/4453 2941/2941
f 3314/3314 4454/4454 4453/4453
f 4460/4460 4454/4454 4461/4461
f 4460/4460 4456/4456 4454/4454
f 4459/4459 4456/4456 4460/4460
f 4459/4459 4460/4460 4458/4458
f 4462/4462 4390/4390 4389/4389
f 4455/4455 4462/4462 4389/4389
f 2957/2957 4463/4463 2958/2958
f 4464/4464 4463/4463 2957/2957
f 4464/4464 4465/4465 4463/4463
f 4464/4464 4466/4466 4465/4465
f 4467/4467 4460/4460 4468/4468
f 4467/4467 4458/4458 4460/4460
f 4458/4458 4467/4467 4469/4469
f 4468/4468 4469/4469 4467/4467
f 4462/4462 4388/4388 4390/4390
f 4458/4458 4462/4462 4455/4455
f 4470/4470 4462/4462 4458/4458
f 4462/4462 4470/4470 4388/4388
f 4470/4470 4395/4395 4388/4388
f 4471/4471 4396/4396 4395/4395
f 4472/4472 4471/4471 4395/4395
f 4447/4447 4396/4396 4471/4471
f 4473/4473 4447/4447 4471/4471
f 4473/4473 4474/4474 4447/4447
f 4473/4473 4471/4471 4472/4472
f 4475/4475 4474/4474 4473/4473
f 4469/4469 4470/4470 4458/4458
f 4476/4476 4470/4470 4469/4469
f 4395/4395 4470/4470 4472/4472
f 4472/4472 4470/4470 4477/4477
f 4468/4468 4476/4476 4469/4469
f 4478/4478 4470/4470 4476/4476
f 4479/4479 4470/4470 4478/4478
f 4480/4480 4473/4473 4472/4472
f 4480/4480 4472/4472 4477/4477
f 4477/4477 4470/4470 4479/4479
f 4480/4480 4477/4477 4481/4481
f 4479/4479 4481/4481 4477/4477
f 4480/4480 4481/4481 4473/4473
f 4475/4475 4473/4473 4481/4481
f 4482/4482 4475/4475 4481/4481
f 4483/4483 4481/4481 4479/4479
f 4484/4484 4482/4482 4481/4481
f 4483/4483 4484/4484 4481/4481
f 4475/4475 4482/4482 4485/4485
f 4486/4486 4482/4482 4484/4484
f 4485/4485 4482/4482 4486/4486
f 4487/4487 4466/4466 4464/4464
f 4487/4487 4488/4488 4466/4466
f 3000/3000 4464/4464 2957/2957
f 4487/4487 4464/4464 3000/3000
f 4488/4488 4487/4487 4489/4489
f 4490/4490 4491/4491 4488/4488
f 4490/4490 4492/4492 4491/4491
f 4493/4493 4494/4494 4492/4492
f 4492/4492 4490/4490 4493/4493
f 4487/4487 3000/3000 4495/4495
f 3000/3000 3012/3012 4495/4495
f 3011/3011 4495/4495 3012/3012
f 4326/4326 4495/4495 3011/3011
f 4496/4496 4487/4487 4495/4495
f 4495/4495 4326/4326 4496/4496
f 4489/4489 4487/4487 4496/4496
f 4497/4497 4489/4489 4496/4496
f 4496/4496 4498/4498 4497/4497
f 4326/4326 3011/3011 3016/3016
f 4498/4498 4496/4496 4326/4326
f 4327/4327 4498/4498 4326/4326
f 4329/4329 3019/3019 3020/3020
f 4329/4329 3020/3020 4499/4499
f 4328/4328 4498/4498 4327/4327
f 4500/4500 4498/4498 4328/4328
f 4501/4501 4500/4500 4328/4328
f 4501/4501 4328/4328 4329/4329
f 4501/4501 4329/4329 4502/4502
f 4502/4502 4329/4329 4499/4499
f 4489/4489 4490/4490 4488/4488
f 4497/4497 4490/4490 4489/4489
f 4497/4497 4498/4498 4503/4503
f 4504/4504 4490/4490 4497/4497
f 4504/4504 4497/4497 4503/4503
f 4490/4490 4505/4505 4493/4493
f 4504/4504 4505/4505 4490/4490
f 4506/4506 4505/4505 4504/4504
f 4498/4498 4500/4500 4503/4503
f 4503/4503 4500/4500 4507/4507
f 4504/4504 4507/4507 4506/4506
f 4503/4503 4507/4507 4504/4504
f 4500/4500 4501/4501 4507/4507
f 4507/4507 4501/4501 4508/4508
f 4508/4508 4501/4501 4502/4502
f 4509/4509 4505/4505 4506/4506
f 4509/4509 4506/4506 4507/4507
f 4507/4507 4510/4510 4509/4509
f 4511/4511 4509/4509 4510/4510
f 4510/4510 4508/4508 4512/4512
f 4512/4512 4508/4508 4502/4502
f 4507/4507 4508/4508 4510/4510
f 4513/4513 4502/4502 4514/4514
f 4512/4512 4502/4502 4513/4513
f 4512/4512 4511/4511 4510/4510
f 4512/4512 4513/4513 4515/4515
f 4513/4513 4516/4516 4517/4517
f 4493/4493 4518/4518 4494/4494
f 4493/4493 4519/4519 4518/4518
f 4519/4519 4520/4520 4518/4518
f 4521/4521 4522/4522 4520/4520
f 4505/4505 4523/4523 4493/4493
f 4523/4523 4519/4519 4493/4493
f 4523/4523 4524/4524 4519/4519
f 4505/4505 4509/4509 4523/4523
f 4523/4523 4509/4509 4524/4524
f 4509/4509 4525/4525 4524/4524
f 4511/4511 4525/4525 4509/4509
f 4526/4526 4520/4520 4519/4519
f 4527/4527 4521/4521 4526/4526
f 4520/4520 4526/4526 4521/4521
f 4527/4527 4528/4528 4521/4521
f 4528/4528 4527/4527 4529/4529
f 4530/4530 4529/4529 4527/4527
f 4531/4531 4532/4532 4530/4530
f 4531/4531 4530/4530 4527/4527
f 4531/4531 4527/4527 4533/4533
f 4534/4534 4532/4532 4531/4531
f 4535/4535 4532/4532 4534/4534
f 4526/4526 4519/4519 4524/4524
f 4536/4536 4526/4526 4524/4524
f 4537/4537 4525/4525 4511/4511
f 4511/4511 4512/4512 4537/4537
f 4537/4537 4512/4512 4515/4515
f 4513/4513 4538/4538 4515/4515
f 4539/4539 4537/4537 4515/4515
f 4515/4515 4538/4538 4539/4539
f 4525/4525 4536/4536 4524/4524
f 4536/4536 4525/4525 4540/4540
f 4537/4537 4540/4540 4525/4525
f 4536/4536 4540/4540 4541/4541
f 4542/4542 4540/4540 4537/4537
f 4542/4542 4537/4537 4539/4539
f 4517/4517 4538/4538 4513/4513
f 4543/4543 4538/4538 4517/4517
f 4543/4543 4517/4517 4544/4544
f 4542/4542 4539/4539 4545/4545
f 4545/4545 4539/4539 4538/4538
f 4545/4545 4538/4538 4543/4543
f 4541/4541 4526/4526 4536/4536
f 4541/4541 4533/4533 4526/4526
f 4526/4526 4533/4533 4527/4527
f 4546/4546 4533/4533 4541/4541
f 4540/4540 4546/4546 4541/4541
f 4546/4546 4540/4540 4542/4542
f 4546/4546 4542/4542 4547/4547
f 4546/4546 4534/4534 4533/4533
f 4547/4547 4534/4534 4546/4546
f 4548/4548 4549/4549 4547/4547
f 4550/4550 4549/4549 4551/4551
f 4531/4531 4533/4533 4534/4534
f 4552/4552 4534/4534 4547/4547
f 4535/4535 4534/4534 4552/4552
f 4549/4549 4552/4552 4547/4547
f 4552/4552 4549/4549 4550/4550
f 4552/4552 4550/4550 4553/4553
f 4542/4542 4545/4545 4548/4548
f 4542/4542 4548/4548 4547/4547
f 4551/4551 4548/4548 4545/4545
f 4551/4551 4545/4545 4543/4543
f 4551/4551 4549/4549 4548/4548
f 4447/4447 4446/4446 4393/4393
f 4474/4474 4446/4446 4447/4447
f 4450/4450 4446/4446 4474/4474
f 4554/4554 4448/4448 4450/4450
f 4555/4555 4448/4448 4554/4554
f 4475/4475 4450/4450 4474/4474
f 4554/4554 4450/4450 4475/4475
f 4556/4556 4557/4557 4554/4554
f 4555/4555 4452/4452 4448/4448
f 4555/4555 4557/4557 4452/4452
f 4558/4558 4452/4452 4557/4557
f 4554/4554 4557/4557 4555/4555
f 4452/4452 4558/4558 4559/4559
f 4558/4558 4557/4557 4560/4560
f 4561/4561 4558/4558 4560/4560
f 4562/4562 4475/4475 4485/4485
f 4556/4556 4554/4554 4475/4475
f 4562/4562 4556/4556 4475/4475
f 4563/4563 4556/4556 4562/4562
f 4562/4562 4485/4485 4564/4564
f 4564/4564 4563/4563 4562/4562
f 4530/4530 4565/4565 4529/4529
f 4565/4565 4566/4566 4567/4567
f 4565/4565 4568/4568 4566/4566
f 4532/4532 4565/4565 4530/4530
f 4532/4532 4568/4568 4565/4565
f 4535/4535 4568/4568 4532/4532
f 4499/4499 3021/3021 3187/3187
f 3020/3020 3021/3021 4499/4499
f 4569/4569 3187/3187 3188/3188
f 3189/3189 3188/3188 3186/3186
f 4570/4570 3188/3188 3189/3189
f 3189/3189 4571/4571 4570/4570
f 4570/4570 4569/4569 3188/3188
f 4569/4569 4570/4570 4572/4572
f 4570/4570 4571/4571 4572/4572
f 4499/4499 3187/3187 4573/4573
f 4502/4502 4499/4499 4514/4514
f 4514/4514 4499/4499 4573/4573
f 4569/4569 4573/4573 3187/3187
f 4573/4573 4569/4569 4574/4574
f 4575/4575 4569/4569 4572/4572
f 4569/4569 4575/4575 4574/4574
f 4571/4571 4575/4575 4572/4572
f 3195/3195 4571/4571 3189/3189
f 4576/4576 4571/4571 3195/3195
f 3195/3195 3198/3198 4576/4576
f 3193/3193 3197/3197 3198/3198
f 4577/4577 4576/4576 3198/3198
f 3198/3198 3197/3197 4577/4577
f 4578/4578 4575/4575 4571/4571
f 4576/4576 4578/4578 4571/4571
f 4579/4579 4575/4575 4578/4578
f 4578/4578 4580/4580 4579/4579
f 3197/3197 4581/4581 4577/4577
f 4581/4581 4582/4582 4583/4583
f 4577/4577 4580/4580 4576/4576
f 4580/4580 4577/4577 4584/4584
f 4583/4583 4584/4584 4577/4577
f 4583/4583 4577/4577 4581/4581
f 4584/4584 4583/4583 4585/4585
f 4514/4514 4573/4573 4513/4513
f 4586/4586 4573/4573 4574/4574
f 4513/4513 4573/4573 4586/4586
f 4513/4513 4586/4586 4516/4516
f 4574/4574 4575/4575 4587/4587
f 4587/4587 4588/4588 4586/4586
f 4516/4516 4586/4586 4588/4588
f 4586/4586 4574/4574 4587/4587
f 4588/4588 4587/4587 4589/4589
f 4589/4589 4590/4590 4588/4588
f 4575/4575 4589/4589 4587/4587
f 4579/4579 4589/4589 4575/4575
f 4579/4579 4590/4590 4589/4589
f 4516/4516 4588/4588 4517/4517
f 4590/4590 4591/4591 4588/4588
f 4591/4591 4517/4517 4588/4588
f 4592/4592 4591/4591 4590/4590
f 4590/4590 4579/4579 4592/4592
f 4593/4593 4579/4579 4580/4580
f 4594/4594 4593/4593 4580/4580
f 4595/4595 4580/4580 4584/4584
f 4585/4585 4595/4595 4584/4584
f 4595/4595 4594/4594 4580/4580
f 3216/3216 3213/3213 3210/3210
f 4596/4596 3196/3196 3213/3213
f 3216/3216 4596/4596 3213/3213
f 4597/4597 3197/3197 3196/3196
f 4597/4597 3196/3196 4596/4596
f 4598/4598 3216/3216 3217/3217
f 3197/3197 4597/4597 4581/4581
f 4599/4599 4596/4596 3216/3216
f 3216/3216 4598/4598 4599/4599
f 4599/4599 4597/4597 4596/4596
f 4600/4600 4599/4599 4598/4598
f 4597/4597 4601/4601 4582/4582
f 4599/4599 4601/4601 4597/4597
f 4598/4598 3217/3217 3224/3224
f 4598/4598 3224/3224 4602/4602
f 3226/3226 4602/4602 3224/3224
f 3226/3226 4603/4603 4602/4602
f 4604/4604 3227/3227 4605/4605
f 3225/3225 4605/4605 3227/3227
f 4602/4602 4600/4600 4598/4598
f 4600/4600 4602/4602 4606/4606
f 4602/4602 4603/4603 4606/4606
f 4582/4582 4581/4581 4597/4597
f 4600/4600 4606/4606 4607/4607
f 4608/4608 4606/4606 4603/4603
f 4606/4606 4608/4608 4609/4609
f 4610/4610 4609/4609 4608/4608
f 4611/4611 4604/4604 4605/4605
f 4612/4612 4585/4585 4583/4583
f 4583/4583 4582/4582 4612/4612
f 4601/4601 4613/4613 4582/4582
f 4601/4601 4599/4599 4614/4614
f 4600/4600 4614/4614 4599/4599
f 4613/4613 4601/4601 4614/4614
f 4613/4613 4614/4614 4615/4615
f 4613/4613 4612/4612 4582/4582
f 4614/4614 4607/4607 4615/4615
f 4585/4585 4612/4612 4616/4616
f 4615/4615 4607/4607 4617/4617
f 4618/4618 4613/4613 4615/4615
f 4616/4616 4619/4619 4585/4585
f 4616/4616 4620/4620 4619/4619
f 4618/4618 4616/4616 4612/4612
f 4618/4618 4620/4620 4616/4616
f 4620/4620 4618/4618 4621/4621
f 4621/4621 4622/4622 4620/4620
f 4618/4618 4612/4612 4613/4613
f 4617/4617 4618/4618 4615/4615
f 4623/4623 4618/4618 4617/4617
f 4623/4623 4621/4621 4618/4618
f 4624/4624 4625/4625 4617/4617
f 4600/4600 4607/4607 4614/4614
f 4606/4606 4609/4609 4607/4607
f 4609/4609 4626/4626 4607/4607
f 4627/4627 4610/4610 4611/4611
f 4628/4628 4626/4626 4609/4609
f 4607/4607 4626/4626 4617/4617
f 4610/4610 4628/4628 4609/4609
f 4627/4627 4629/4629 4610/4610
f 4628/4628 4610/4610 4629/4629
f 4617/4617 4626/4626 4624/4624
f 4628/4628 4624/4624 4626/4626
f 4628/4628 4630/4630 4624/4624
f 4630/4630 4628/4628 4631/4631
f 4628/4628 4629/4629 4631/4631
f 4605/4605 3225/3225 4632/4632
f 4632/4632 3225/3225 3243/3243
f 3243/3243 3244/3244 4632/4632
f 3249/3249 4632/4632 3244/3244
f 4633/4633 4605/4605 4632/4632
f 4633/4633 4611/4611 4605/4605
f 4611/4611 4633/4633 4634/4634
f 4635/4635 4634/4634 4633/4633
f 4632/4632 3249/3249 4633/4633
f 4635/4635 4633/4633 3249/3249
f 4636/4636 4635/4635 3249/3249
f 4637/4637 4634/4634 4635/4635
f 4611/4611 4634/4634 4638/4638
f 4611/4611 4638/4638 4627/4627
f 4638/4638 4629/4629 4627/4627
f 4629/4629 4638/4638 4634/4634
f 4639/4639 4629/4629 4634/4634
f 4640/4640 4639/4639 4634/4634
f 4637/4637 4640/4640 4634/4634
f 4639/4639 4631/4631 4629/4629
f 3249/3249 3248/3248 4636/4636
f 4636/4636 3248/3248 3251/3251
f 4636/4636 4637/4637 4635/4635
f 4641/4641 4637/4637 4636/4636
f 3251/3251 3271/3271 4636/4636
f 4636/4636 3271/3271 4641/4641
f 3270/3270 4642/4642 3271/3271
f 4331/4331 640/640 635/635
f 4330/4330 640/640 4331/4331
f 4330/4330 4335/4335 4332/4332
f 4345/4345 4341/4341 4336/4336
f 4341/4341 4345/4345 4346/4346
f 4344/4344 4352/4352 4346/4346
f 4352/4352 4347/4347 4346/4346
f 1874/1874 1875/1875 4355/4355
f 2020/2020 1870/1870 4339/4339
f 4339/4339 4355/4355 2020/2020
f 4355/4355 4339/4339 4342/4342
f 1874/1874 4355/4355 4356/4356
f 1874/1874 4357/4357 4359/4359
f 4359/4359 4360/4360 4358/4358
f 4360/4360 4359/4359 4366/4366
f 4362/4362 4366/4366 4359/4359
f 4384/4384 4366/4366 4362/4362
f 4360/4360 4366/4366 4365/4365
f 4397/4397 4363/4363 4409/4409
f 4397/4397 4409/4409 1923/1923
f 4409/4409 1965/1965 1923/1923
f 4361/4361 4363/4363 4358/4358
f 4398/4398 4409/4409 4363/4363
f 4409/4409 4405/4405 1965/1965
f 1923/1923 1965/1965 1964/1964
f 4405/4405 4406/4406 1965/1965
f 4399/4399 1965/1965 4406/4406
f 1967/1967 4399/4399 4406/4406
f 4400/4400 1969/1969 1967/1967
f 1967/1967 4406/4406 4400/4400
f 1969/1969 4402/4402 1997/1997
f 4404/4404 4417/4417 4407/4407
f 4398/4398 4364/4364 4368/4368
f 4368/4368 4411/4411 4398/4398
f 4411/4411 4412/4412 4398/4398
f 4424/4424 4425/4425 4402/4402
f 4425/4425 4423/4423 4402/4402
f 4426/4426 4434/4434 4435/4435
f 1996/1996 4402/4402 4422/4422
f 4441/4441 2002/2002 1998/1998
f 4461/4461 4454/4454 3314/3314
f 4463/4463 4643/4643 3314/3314
f 2958/2958 3314/3314 3313/3313
f 4463/4463 3314/3314 2958/2958
f 4644/4644 4643/4643 4463/4463
f 4461/4461 3314/3314 4643/4643
f 4643/4643 4645/4645 4461/4461
f 4643/4643 4644/4644 4645/4645
f 4468/4468 4460/4460 4461/4461
f 4645/4645 4468/4468 4461/4461
f 4465/4465 4644/4644 4463/4463
f 4466/4466 4645/4645 4644/4644
f 4466/4466 4644/4644 4465/4465
f 4488/4488 4468/4468 4645/4645
f 4646/4646 4476/4476 4468/4468
f 4646/4646 4647/4647 4476/4476
f 4478/4478 4476/4476 4647/4647
f 4648/4648 4479/4479 4478/4478
f 4649/4649 4479/4479 4648/4648
f 4649/4649 4483/4483 4479/4479
f 4484/4484 4483/4483 4649/4649
f 4486/4486 4564/4564 4485/4485
f 4491/4491 4650/4650 4651/4651
f 4651/4651 4488/4488 4491/4491
f 4651/4651 4650/4650 4646/4646
f 4494/4494 4646/4646 4650/4650
f 4492/4492 4650/4650 4491/4491
f 4650/4650 4492/4492 4494/4494
f 4494/4494 4647/4647 4646/4646
f 4518/4518 4647/4647 4494/4494
f 4647/4647 4648/4648 4478/4478
f 4518/4518 4648/4648 4647/4647
f 4518/4518 4652/4652 4648/4648
f 4520/4520 4652/4652 4518/4518
f 4652/4652 4649/4649 4648/4648
f 4486/4486 4484/4484 4649/4649
f 4649/4649 4522/4522 4486/4486
f 4522/4522 4652/4652 4520/4520
f 4486/4486 4522/4522 4528/4528
f 4528/4528 4522/4522 4521/4521
f 4529/4529 4564/4564 4486/4486
f 4529/4529 4486/4486 4528/4528
f 4529/4529 4563/4563 4564/4564
f 4653/4653 4563/4563 4529/4529
f 4563/4563 4654/4654 4556/4556
f 4655/4655 4654/4654 4563/4563
f 4557/4557 4556/4556 4654/4654
f 4654/4654 4560/4560 4557/4557
f 4654/4654 4561/4561 4560/4560
f 4563/4563 4653/4653 4655/4655
f 4567/4567 4656/4656 4655/4655
f 4656/4656 4567/4567 4566/4566
f 4653/4653 4529/4529 4565/4565
f 4567/4567 4653/4653 4565/4565
f 4576/4576 4580/4580 4578/4578
f 4604/4604 3226/3226 3227/3227
f 4603/4603 3226/3226 4604/4604
f 4603/4603 4604/4604 4608/4608
f 4611/4611 4608/4608 4604/4604
f 4610/4610 4608/4608 4611/4611
f 4620/4620 4622/4622 4619/4619
f 4488/4488 4645/4645 4466/4466
f 4488/4488 4651/4651 4468/4468
f 4646/4646 4468/4468 4651/4651
f 4652/4652 4522/4522 4649/4649
f 4653/4653 4567/4567 4655/4655
f 4654/4654 4655/4655 4656/4656
f 3401/3401 3407/3407 4657/4657
f 4657/4657 3407/3407 4658/4658
f 4659/4659 4660/4660 4658/4658
f 4660/4660 4657/4657 4658/4658
f 4659/4659 4658/4658 4661/4661
f 4658/4658 3407/3407 3405/3405
f 3405/3405 4662/4662 4658/4658
f 4661/4661 4658/4658 4663/4663
f 3405/3405 4664/4664 4665/4665
f 3405/3405 3406/3406 4666/4666
f 4667/4667 4666/4666 3406/3406
f 4664/4664 3405/3405 4666/4666
f 4668/4668 4664/4664 4666/4666
f 4669/4669 4668/4668 4666/4666
f 4670/4670 4671/4671 4669/4669
f 4671/4671 4668/4668 4669/4669
f 4672/4672 4673/4673 3405/3405
f 4672/4672 3405/3405 4665/4665
f 4674/4674 4673/4673 4672/4672
f 4665/4665 4674/4674 4672/4672
f 4675/4675 4673/4673 4674/4674
f 4665/4665 4668/4668 4676/4676
f 4664/4664 4668/4668 4665/4665
f 3405/3405 4673/4673 4662/4662
f 4675/4675 4662/4662 4673/4673
f 4658/4658 4662/4662 4663/4663
f 4660/4660 4659/4659 4677/4677
f 3401/3401 4678/4678 2600/2600
f 4678/4678 3408/3408 2600/2600
f 4679/4679 3408/3408 4678/4678
f 3408/3408 4679/4679 4680/4680
f 4681/4681 4682/4682 4678/4678
f 4681/4681 4678/4678 3401/3401
f 4681/4681 3401/3401 4657/4657
f 4683/4683 4681/4681 4657/4657
f 4684/4684 4681/4681 4683/4683
f 4683/4683 4657/4657 4685/4685
f 4660/4660 4685/4685 4657/4657
f 4686/4686 4685/4685 4660/4660
f 4660/4660 4687/4687 4686/4686
f 4688/4688 2371/2371 2368/2368
f 3607/3607 1182/1182 3610/3610
f 1182/1182 2371/2371 3610/3610
f 4688/4688 3610/3610 2371/2371
f 4689/4689 3611/3611 3610/3610
f 3614/3614 3611/3611 4689/4689
f 4689/4689 3610/3610 4688/4688
f 4689/4689 4688/4688 4690/4690
f 4691/4691 4690/4690 4688/4688
f 4691/4691 4689/4689 4690/4690
f 2370/2370 4688/4688 2368/2368
f 4692/4692 4688/4688 2370/2370
f 4692/4692 2370/2370 4693/4693
f 4693/4693 2370/2370 2375/2375
f 2375/2375 4694/4694 4693/4693
f 4695/4695 4693/4693 4694/4694
f 4692/4692 4693/4693 4695/4695
f 4691/4691 4688/4688 4692/4692
f 4696/4696 4691/4691 4692/4692
f 4697/4697 3614/3614 4689/4689
f 3620/3620 3614/3614 4697/4697
f 4691/4691 4697/4697 4689/4689
f 4697/4697 4691/4691 4698/4698
f 4696/4696 4698/4698 4691/4691
f 4699/4699 3620/3620 4697/4697
f 4699/4699 4697/4697 4698/4698
f 4699/4699 4698/4698 4696/4696
f 3622/3622 3619/3619 3620/3620
f 4700/4700 4699/4699 4696/4696
f 4695/4695 4696/4696 4692/4692
f 4701/4701 4696/4696 4695/4695
f 4702/4702 4700/4700 4696/4696
f 4701/4701 4702/4702 4696/4696
f 2533/2533 4703/4703 4704/4704
f 4703/4703 2533/2533 2534/2534
f 4703/4703 4705/4705 4704/4704
f 4706/4706 4707/4707 4708/4708
f 4709/4709 4710/4710 4711/4711
f 3622/3622 3620/3620 4712/4712
f 4712/4712 3620/3620 4699/4699
f 4713/4713 4699/4699 4700/4700
f 4712/4712 4699/4699 4713/4713
f 4162/4162 3622/3622 4712/4712
f 3645/3645 3622/3622 4162/4162
f 4162/4162 4712/4712 4713/4713
f 4713/4713 4700/4700 4702/4702
f 4714/4714 4713/4713 4702/4702
f 4713/4713 4714/4714 4715/4715
f 4702/4702 4716/4716 4714/4714
f 4162/4162 4713/4713 4715/4715
f 4162/4162 4715/4715 4161/4161
f 4717/4717 4715/4715 4718/4718
f 4719/4719 3659/3659 3658/3658
f 4720/4720 3659/3659 4719/4719
f 4717/4717 3658/3658 4161/4161
f 4717/4717 4719/4719 3658/3658
f 4717/4717 4161/4161 4715/4715
f 4718/4718 4715/4715 4714/4714
f 4718/4718 4714/4714 4721/4721
f 4721/4721 4714/4714 4722/4722
f 4722/4722 4714/4714 4716/4716
f 4719/4719 4717/4717 4723/4723
f 4718/4718 4723/4723 4717/4717
f 4723/4723 4718/4718 4724/4724
f 4725/4725 4723/4723 4724/4724
f 4724/4724 4721/4721 4726/4726
f 4726/4726 4721/4721 4722/4722
f 4726/4726 4722/4722 4727/4727
f 4728/4728 4724/4724 4726/4726
f 4724/4724 4718/4718 4721/4721
f 4729/4729 4730/4730 4731/4731
f 4732/4732 4733/4733 4734/4734
f 4733/4733 4732/4732 4709/4709
f 4735/4735 4722/4722 4736/4736
f 4735/4735 4737/4737 4738/4738
f 4735/4735 4738/4738 4739/4739
f 4727/4727 4740/4740 4726/4726
f 4740/4740 4727/4727 4735/4735
f 4740/4740 4735/4735 4739/4739
f 4727/4727 4722/4722 4735/4735
f 4739/4739 4738/4738 4741/4741
f 4742/4742 4739/4739 4741/4741
f 4741/4741 4729/4729 4742/4742
f 4741/4741 4730/4730 4729/4729
f 4433/4433 4432/4432 4743/4743
f 4744/4744 4745/4745 4433/4433
f 4743/4743 4744/4744 4433/4433
f 4743/4743 4432/4432 4438/4438
f 4440/4440 4746/4746 4438/4438
f 4743/4743 4438/4438 4746/4746
f 4747/4747 4744/4744 4743/4743
f 4744/4744 4748/4748 4745/4745
f 4747/4747 4748/4748 4744/4744
f 4748/4748 4747/4747 4749/4749
f 4750/4750 4751/4751 4749/4749
f 4752/4752 2436/2436 2549/2549
f 2436/2436 4752/4752 2440/2440
f 2001/2001 4444/4444 2447/2447
f 2447/2447 2555/2555 2446/2446
f 2447/2447 4745/4745 2555/2555
f 4444/4444 4433/4433 2447/2447
f 4433/4433 4745/4745 2447/2447
f 4743/4743 4746/4746 4747/4747
f 4753/4753 4747/4747 4746/4746
f 4746/4746 4440/4440 4754/4754
f 4753/4753 4749/4749 4747/4747
f 4749/4749 4753/4753 4750/4750
f 4755/4755 4753/4753 4756/4756
f 4756/4756 4753/4753 4746/4746
f 4451/4451 4754/4754 4440/4440
f 4754/4754 4756/4756 4746/4746
f 4757/4757 4756/4756 4754/4754
f 4452/4452 4758/4758 4451/4451
f 4451/4451 4758/4758 4754/4754
f 4754/4754 4758/4758 4759/4759
f 4759/4759 4757/4757 4754/4754
f 4757/4757 4759/4759 4760/4760
f 4761/4761 4760/4760 4759/4759
f 4761/4761 4759/4759 4758/4758
f 4756/4756 4757/4757 4762/4762
f 4762/4762 4755/4755 4756/4756
f 4762/4762 4757/4757 4760/4760
f 4762/4762 4763/4763 4764/4764
f 4765/4765 4763/4763 4762/4762
f 4766/4766 4767/4767 2466/2466
f 4767/4767 2557/2557 2466/2466
f 2440/2440 4768/4768 2439/2439
f 4769/4769 4766/4766 4768/4768
f 4768/4768 2440/2440 4770/4770
f 4768/4768 4770/4770 4771/4771
f 4772/4772 4708/4708 4707/4707
f 4708/4708 4772/4772 4773/4773
f 4706/4706 4708/4708 4773/4773
f 4544/4544 4517/4517 4774/4774
f 4591/4591 4774/4774 4517/4517
f 4544/4544 4774/4774 4775/4775
f 4775/4775 4776/4776 4544/4544
f 4777/4777 4775/4775 4774/4774
f 4777/4777 4778/4778 4775/4775
f 4776/4776 4779/4779 4780/4780
f 4543/4543 4544/4544 4780/4780
f 4776/4776 4780/4780 4544/4544
f 4776/4776 4775/4775 4781/4781
f 4782/4782 4783/4783 4784/4784
f 4778/4778 4781/4781 4775/4775
f 4781/4781 4778/4778 4785/4785
f 4786/4786 4785/4785 4778/4778
f 4787/4787 4779/4779 4776/4776
f 4788/4788 4784/4784 4787/4787
f 4787/4787 4789/4789 4779/4779
f 4784/4784 4789/4789 4787/4787
f 4781/4781 4787/4787 4776/4776
f 4787/4787 4781/4781 4788/4788
f 4781/4781 4790/4790 4788/4788
f 4790/4790 4791/4791 4788/4788
f 4792/4792 4791/4791 4790/4790
f 4792/4792 4782/4782 4791/4791
f 4791/4791 4784/4784 4788/4788
f 4782/4782 4784/4784 4791/4791
f 4793/4793 4790/4790 4785/4785
f 4785/4785 4790/4790 4781/4781
f 4786/4786 4793/4793 4785/4785
f 4792/4792 4790/4790 4793/4793
f 4535/4535 4552/4552 4553/4553
f 4553/4553 4794/4794 4535/4535
f 4550/4550 4794/4794 4553/4553
f 4550/4550 4795/4795 4796/4796
f 4796/4796 4797/4797 4550/4550
f 4797/4797 4794/4794 4550/4550
f 4543/4543 4795/4795 4551/4551
f 4550/4550 4551/4551 4795/4795
f 4780/4780 4798/4798 4795/4795
f 4795/4795 4543/4543 4780/4780
f 4798/4798 4780/4780 4779/4779
f 4798/4798 4799/4799 4795/4795
f 4796/4796 4795/4795 4799/4799
f 4789/4789 4800/4800 4801/4801
f 4800/4800 4799/4799 4801/4801
f 4800/4800 4789/4789 4802/4802
f 4802/4802 4789/4789 4784/4784
f 4802/4802 4784/4784 4783/4783
f 4803/4803 4797/4797 4796/4796
f 4804/4804 4803/4803 4799/4799
f 4799/4799 4803/4803 4796/4796
f 4804/4804 4805/4805 4803/4803
f 4806/4806 4804/4804 4800/4800
f 4800/4800 4804/4804 4799/4799
f 4801/4801 4798/4798 4779/4779
f 4801/4801 4779/4779 4789/4789
f 4799/4799 4798/4798 4801/4801
f 4807/4807 4808/4808 4809/4809
f 4807/4807 4810/4810 4808/4808
f 4811/4811 4812/4812 4813/4813
f 4813/4813 4814/4814 4805/4805
f 4813/4813 4812/4812 4814/4814
f 4815/4815 4816/4816 4817/4817
f 4818/4818 4811/4811 4808/4808
f 4819/4819 4818/4818 4808/4808
f 4817/4817 4812/4812 4819/4819
f 4817/4817 4814/4814 4812/4812
f 4820/4820 4814/4814 4817/4817
f 4812/4812 4811/4811 4818/4818
f 4819/4819 4812/4812 4818/4818
f 4783/4783 4821/4821 4822/4822
f 4823/4823 4821/4821 4783/4783
f 4824/4824 4822/4822 4821/4821
f 4825/4825 4821/4821 4826/4826
f 4825/4825 4824/4824 4821/4821
f 4823/4823 4782/4782 4792/4792
f 4823/4823 4783/4783 4782/4782
f 4823/4823 4792/4792 4793/4793
f 4823/4823 4793/4793 4827/4827
f 4827/4827 4793/4793 4828/4828
f 4823/4823 4827/4827 4826/4826
f 4823/4823 4826/4826 4821/4821
f 4825/4825 4826/4826 4829/4829
f 4830/4830 4831/4831 4828/4828
f 4825/4825 4832/4832 4807/4807
f 4825/4825 4809/4809 4824/4824
f 4825/4825 4807/4807 4809/4809
f 4829/4829 4832/4832 4825/4825
f 4833/4833 4810/4810 4832/4832
f 4833/4833 4834/4834 4835/4835
f 4807/4807 4832/4832 4810/4810
f 4832/4832 4834/4834 4833/4833
f 4831/4831 4836/4836 4829/4829
f 4831/4831 4830/4830 4836/4836
f 4836/4836 4830/4830 4837/4837
f 4837/4837 4838/4838 4836/4836
f 4839/4839 4838/4838 4837/4837
f 4830/4830 4839/4839 4837/4837
f 4839/4839 4840/4840 4838/4838
f 4841/4841 4834/4834 4836/4836
f 4840/4840 4841/4841 4836/4836
f 4841/4841 4842/4842 4834/4834
f 4836/4836 4838/4838 4840/4840
f 4840/4840 4839/4839 4843/4843
f 4839/4839 4844/4844 4843/4843
f 4811/4811 4813/4813 4822/4822
f 4806/4806 4822/4822 4813/4813
f 4802/4802 4783/4783 4822/4822
f 4806/4806 4800/4800 4802/4802
f 4806/4806 4802/4802 4822/4822
f 4811/4811 4822/4822 4824/4824
f 4806/4806 4813/4813 4804/4804
f 4813/4813 4805/4805 4804/4804
f 4811/4811 4824/4824 4809/4809
f 4811/4811 4809/4809 4808/4808
f 4845/4845 4846/4846 4847/4847
f 4848/4848 4849/4849 4850/4850
f 4851/4851 4850/4850 4849/4849
f 3653/3653 3659/3659 4720/4720
f 3654/3654 3653/3653 4852/4852
f 4852/4852 3653/3653 4720/4720
f 4853/4853 3654/3654 4852/4852
f 4854/4854 4855/4855 4852/4852
f 4723/4723 4720/4720 4719/4719
f 4720/4720 4723/4723 4854/4854
f 4720/4720 4854/4854 4852/4852
f 4089/4089 3654/3654 4853/4853
f 4853/4853 4095/4095 4089/4089
f 4853/4853 4852/4852 4855/4855
f 4856/4856 4857/4857 4858/4858
f 4725/4725 4859/4859 4854/4854
f 4725/4725 4854/4854 4723/4723
f 4728/4728 4725/4725 4724/4724
f 4725/4725 4860/4860 4859/4859
f 4860/4860 4725/4725 4728/4728
f 4855/4855 4859/4859 4857/4857
f 4855/4855 4854/4854 4859/4859
f 4857/4857 4861/4861 4855/4855
f 4859/4859 4860/4860 4858/4858
f 4857/4857 4859/4859 4858/4858
f 4111/4111 4094/4094 4862/4862
f 4853/4853 4862/4862 4095/4095
f 4862/4862 4094/4094 4095/4095
f 4862/4862 4863/4863 4111/4111
f 4111/4111 4863/4863 4864/4864
f 4862/4862 4853/4853 4855/4855
f 4855/4855 4865/4865 4862/4862
f 4855/4855 4861/4861 4865/4865
f 4863/4863 4862/4862 4866/4866
f 4866/4866 4862/4862 4865/4865
f 4112/4112 4111/4111 4864/4864
f 4123/4123 4112/4112 4864/4864
f 4864/4864 4863/4863 4867/4867
f 4868/4868 4864/4864 4869/4869
f 4864/4864 4868/4868 4123/4123
f 4867/4867 4870/4870 4871/4871
f 4867/4867 4863/4863 4866/4866
f 4869/4869 4864/4864 4867/4867
f 4870/4870 4866/4866 4865/4865
f 4866/4866 4870/4870 4867/4867
f 4869/4869 4867/4867 4871/4871
f 4861/4861 4872/4872 4865/4865
f 4861/4861 4873/4873 4872/4872
f 4873/4873 4874/4874 4875/4875
f 4857/4857 4856/4856 4874/4874
f 4861/4861 4857/4857 4874/4874
f 4861/4861 4874/4874 4873/4873
f 4876/4876 4865/4865 4872/4872
f 4876/4876 4870/4870 4865/4865
f 4877/4877 4876/4876 4872/4872
f 4873/4873 4877/4877 4872/4872
f 4870/4870 4878/4878 4871/4871
f 4878/4878 4870/4870 4876/4876
f 4848/4848 4876/4876 4877/4877
f 4848/4848 4877/4877 4849/4849
f 4878/4878 4876/4876 4848/4848
f 4877/4877 4873/4873 4849/4849
f 4873/4873 4875/4875 4849/4849
f 4731/4731 4879/4879 4729/4729
f 4880/4880 4729/4729 4879/4879
f 4881/4881 4879/4879 4731/4731
f 4881/4881 4882/4882 4879/4879
f 4883/4883 4879/4879 4882/4882
f 4884/4884 4885/4885 4886/4886
f 4882/4882 4887/4887 4886/4886
f 4886/4886 4883/4883 4882/4882
f 4883/4883 4880/4880 4879/4879
f 4883/4883 4885/4885 4880/4880
f 4885/4885 4883/4883 4886/4886
f 4888/4888 4875/4875 4889/4889
f 4875/4875 4888/4888 4849/4849
f 4851/4851 4849/4849 4890/4890
f 4890/4890 4849/4849 4888/4888
f 4889/4889 4891/4891 4888/4888
f 4888/4888 4891/4891 4892/4892
f 4891/4891 4889/4889 4893/4893
f 4891/4891 4893/4893 4894/4894
f 4894/4894 4892/4892 4891/4891
f 4895/4895 4896/4896 4897/4897
f 4896/4896 4895/4895 4898/4898
f 4896/4896 4899/4899 4900/4900
f 4901/4901 4902/4902 4898/4898
f 4903/4903 4904/4904 4905/4905
f 4903/4903 4884/4884 4886/4886
f 4905/4905 4884/4884 4903/4903
f 4893/4893 4904/4904 4901/4901
f 4904/4904 4903/4903 4901/4901
f 4902/4902 4901/4901 4903/4903
f 4886/4886 4887/4887 4899/4899
f 4898/4898 4902/4902 4899/4899
f 4902/4902 4886/4886 4899/4899
f 4903/4903 4886/4886 4902/4902
f 4901/4901 4898/4898 4894/4894
f 4894/4894 4893/4893 4901/4901
f 4898/4898 4899/4899 4896/4896
f 4894/4894 4898/4898 4895/4895
f 4906/4906 4726/4726 4740/4740
f 4740/4740 4907/4907 4906/4906
f 4908/4908 4906/4906 4907/4907
f 4742/4742 4740/4740 4739/4739
f 4907/4907 4740/4740 4742/4742
f 4858/4858 4860/4860 4906/4906
f 4858/4858 4906/4906 4908/4908
f 4856/4856 4858/4858 4908/4908
f 4909/4909 4908/4908 4907/4907
f 4909/4909 4907/4907 4910/4910
f 4911/4911 4908/4908 4909/4909
f 4856/4856 4908/4908 4911/4911
f 4906/4906 4728/4728 4726/4726
f 4860/4860 4728/4728 4906/4906
f 4742/4742 4729/4729 4880/4880
f 4910/4910 4742/4742 4880/4880
f 4907/4907 4742/4742 4910/4910
f 4880/4880 4885/4885 4910/4910
f 4884/4884 4905/4905 4910/4910
f 4910/4910 4905/4905 4909/4909
f 4884/4884 4910/4910 4885/4885
f 4911/4911 4889/4889 4856/4856
f 4874/4874 4889/4889 4875/4875
f 4856/4856 4889/4889 4874/4874
f 4911/4911 4909/4909 4904/4904
f 4905/4905 4904/4904 4909/4909
f 4904/4904 4893/4893 4911/4911
f 4911/4911 4893/4893 4889/4889
f 4912/4912 4913/4913 4848/4848
f 4914/4914 4851/4851 4915/4915
f 4850/4850 4851/4851 4914/4914
f 4848/4848 4850/4850 4914/4914
f 4912/4912 4848/4848 4914/4914
f 4912/4912 4914/4914 4916/4916
f 4917/4917 4912/4912 4916/4916
f 4918/4918 4913/4913 4912/4912
f 4919/4919 4912/4912 4920/4920
f 4919/4919 4918/4918 4912/4912
f 4921/4921 4922/4922 4923/4923
f 4922/4922 4921/4921 4918/4918
f 4924/4924 4923/4923 4922/4922
f 4922/4922 4918/4918 4919/4919
f 4919/4919 4925/4925 4926/4926
f 4926/4926 4922/4922 4919/4919
f 4925/4925 4919/4919 4920/4920
f 4922/4922 4926/4926 4927/4927
f 4922/4922 4927/4927 4924/4924
f 4924/4924 4927/4927 4928/4928
f 4126/4126 4123/4123 4868/4868
f 4929/4929 4126/4126 4868/4868
f 4126/4126 4929/4929 4144/4144
f 4929/4929 4868/4868 4930/4930
f 4930/4930 4868/4868 4869/4869
f 4930/4930 4869/4869 4931/4931
f 4144/4144 4932/4932 4143/4143
f 4931/4931 4933/4933 4930/4930
f 4932/4932 4929/4929 4930/4930
f 4929/4929 4932/4932 4144/4144
f 4934/4934 4932/4932 4930/4930
f 4934/4934 4930/4930 4933/4933
f 4143/4143 4125/4125 4144/4144
f 4119/4119 4143/4143 4121/4121
f 4935/4935 4121/4121 4143/4143
f 4936/4936 4127/4127 4121/4121
f 4147/4147 4127/4127 4936/4936
f 4147/4147 4936/4936 4937/4937
f 4936/4936 4121/4121 4935/4935
f 4937/4937 4936/4936 4935/4935
f 4937/4937 4935/4935 4938/4938
f 4149/4149 4147/4147 4937/4937
f 4937/4937 4939/4939 4149/4149
f 4940/4940 4149/4149 4939/4939
f 4941/4941 4935/4935 4143/4143
f 4938/4938 4935/4935 4941/4941
f 4941/4941 4942/4942 4938/4938
f 4943/4943 4938/4938 4942/4942
f 4938/4938 4943/4943 4944/4944
f 4939/4939 4937/4937 4938/4938
f 4939/4939 4938/4938 4944/4944
f 4940/4940 4939/4939 4944/4944
f 4945/4945 4946/4946 4947/4947
f 4947/4947 4946/4946 4948/4948
f 4948/4948 4148/4148 4149/4149
f 4150/4150 4148/4148 4946/4946
f 4946/4946 4148/4148 4948/4948
f 4946/4946 4945/4945 4150/4150
f 4149/4149 4940/4940 4948/4948
f 4150/4150 4945/4945 4152/4152
f 4949/4949 4152/4152 4945/4945
f 4950/4950 4152/4152 4949/4949
f 4947/4947 4948/4948 4951/4951
f 4948/4948 4940/4940 4951/4951
f 4952/4952 4947/4947 4951/4951
f 4952/4952 4945/4945 4947/4947
f 4951/4951 4940/4940 4953/4953
f 4952/4952 4951/4951 4953/4953
f 4931/4931 4871/4871 4878/4878
f 4913/4913 4878/4878 4848/4848
f 4931/4931 4878/4878 4913/4913
f 4913/4913 4918/4918 4954/4954
f 4954/4954 4933/4933 4931/4931
f 4954/4954 4931/4931 4913/4913
f 4933/4933 4955/4955 4934/4934
f 4955/4955 4933/4933 4954/4954
f 4918/4918 4956/4956 4954/4954
f 4955/4955 4954/4954 4956/4956
f 4956/4956 4918/4918 4921/4921
f 4921/4921 4923/4923 4956/4956
f 4956/4956 4923/4923 4957/4957
f 4957/4957 4923/4923 4924/4924
f 4955/4955 4956/4956 4957/4957
f 4934/4934 4955/4955 4957/4957
f 4957/4957 4958/4958 4959/4959
f 4960/4960 4958/4958 4957/4957
f 4959/4959 4958/4958 4961/4961
f 4961/4961 4958/4958 4962/4962
f 4958/4958 4960/4960 4963/4963
f 4962/4962 4958/4958 4963/4963
f 4964/4964 4962/4962 4963/4963
f 4962/4962 4964/4964 4965/4965
f 4940/4940 4965/4965 4966/4966
f 4953/4953 4940/4940 4966/4966
f 4924/4924 4928/4928 4967/4967
f 4967/4967 4968/4968 4924/4924
f 4967/4967 4969/4969 4968/4968
f 4970/4970 4967/4967 4928/4928
f 4969/4969 4967/4967 4970/4970
f 4957/4957 4924/4924 4960/4960
f 4968/4968 4960/4960 4924/4924
f 4968/4968 4963/4963 4960/4960
f 4968/4968 4964/4964 4963/4963
f 4966/4966 4965/4965 4964/4964
f 4964/4964 4968/4968 4969/4969
f 4943/4943 4942/4942 4961/4961
f 4943/4943 4965/4965 4944/4944
f 4965/4965 4943/4943 4961/4961
f 4961/4961 4942/4942 4959/4959
f 4940/4940 4944/4944 4965/4965
f 4965/4965 4961/4961 4962/4962
f 4153/4153 4152/4152 4950/4950
f 4950/4950 4971/4971 4153/4153
f 4203/4203 4153/4153 4971/4971
f 4945/4945 4972/4972 4949/4949
f 4950/4950 4949/4949 4973/4973
f 4973/4973 4949/4949 4972/4972
f 4974/4974 4950/4950 4975/4975
f 4950/4950 4974/4974 4971/4971
f 4975/4975 4950/4950 4973/4973
f 4976/4976 4203/4203 4971/4971
f 4974/4974 4977/4977 4976/4976
f 4976/4976 4971/4971 4974/4974
f 4977/4977 4974/4974 4978/4978
f 4952/4952 4953/4953 4979/4979
f 4979/4979 4953/4953 4980/4980
f 4980/4980 4953/4953 4966/4966
f 4981/4981 4979/4979 4982/4982
f 4969/4969 4970/4970 4983/4983
f 4984/4984 4969/4969 4985/4985
f 4986/4986 4982/4982 4987/4987
f 4988/4988 4989/4989 4987/4987
f 4985/4985 4989/4989 4988/4988
f 4988/4988 4984/4984 4985/4985
f 4986/4986 4987/4987 4989/4989
f 4990/4990 4980/4980 4966/4966
f 4984/4984 4990/4990 4966/4966
f 4984/4984 4966/4966 4964/4964
f 4979/4979 4980/4980 4990/4990
f 4982/4982 4979/4979 4990/4990
f 4990/4990 4984/4984 4988/4988
f 4964/4964 4969/4969 4984/4984
f 4990/4990 4987/4987 4982/4982
f 4987/4987 4990/4990 4988/4988
f 4991/4991 4981/4981 4982/4982
f 4991/4991 4992/4992 4993/4993
f 4993/4993 4994/4994 4991/4991
f 4992/4992 4982/4982 4986/4986
f 4992/4992 4986/4986 4995/4995
f 4996/4996 4992/4992 4995/4995
f 4992/4992 4996/4996 4993/4993
f 4997/4997 4994/4994 4993/4993
f 4998/4998 4993/4993 4996/4996
f 4997/4997 4993/4993 4998/4998
f 4972/4972 4945/4945 4952/4952
f 4975/4975 4973/4973 4972/4972
f 4972/4972 4952/4952 4981/4981
f 4991/4991 4972/4972 4981/4981
f 4994/4994 4972/4972 4991/4991
f 4994/4994 4975/4975 4972/4972
f 4994/4994 4978/4978 4975/4975
f 4994/4994 4997/4997 4978/4978
f 4978/4978 4974/4974 4975/4975
f 4999/4999 5000/5000 5001/5001
f 5002/5002 4999/4999 5001/5001
f 5002/5002 5003/5003 5004/5004
f 4835/4835 5005/5005 5006/5006
f 5006/5006 5000/5000 4999/4999
f 5007/5007 5000/5000 5006/5006
f 4920/4920 5007/5007 5005/5005
f 5005/5005 5007/5007 5006/5006
f 5008/5008 5004/5004 4810/4810
f 5008/5008 5002/5002 5004/5004
f 4808/4808 4810/4810 5004/5004
f 4835/4835 5008/5008 4810/4810
f 4810/4810 4833/4833 4835/4835
f 5006/5006 5008/5008 4835/4835
f 5002/5002 5008/5008 4999/4999
f 5008/5008 5006/5006 4999/4999
f 4916/4916 4914/4914 4915/4915
f 5009/5009 4915/4915 4890/4890
f 5009/5009 4916/4916 4915/4915
f 5009/5009 4890/4890 5001/5001
f 4888/4888 5001/5001 4890/4890
f 4916/4916 5009/5009 5000/5000
f 5001/5001 5000/5000 5009/5009
f 4915/4915 4851/4851 4890/4890
f 5001/5001 4888/4888 5003/5003
f 5003/5003 5002/5002 5001/5001
f 4892/4892 5003/5003 4888/4888
f 5000/5000 5007/5007 4917/4917
f 4917/4917 4916/4916 5000/5000
f 5010/5010 4819/4819 5011/5011
f 5010/5010 5011/5011 4892/4892
f 5010/5010 4892/4892 4894/4894
f 4892/4892 5011/5011 5003/5003
f 5003/5003 5011/5011 5004/5004
f 4815/4815 4895/4895 4897/4897
f 4815/4815 4897/4897 4816/4816
f 4815/4815 5010/5010 4895/4895
f 4815/4815 4819/4819 5010/5010
f 4817/4817 4819/4819 4815/4815
f 4895/4895 5010/5010 4894/4894
f 5011/5011 4819/4819 4808/4808
f 5011/5011 4808/4808 5004/5004
f 5012/5012 4835/4835 4842/4842
f 5012/5012 5005/5005 4835/4835
f 5012/5012 4842/4842 5013/5013
f 5014/5014 4920/4920 5005/5005
f 5012/5012 5014/5014 5005/5005
f 5015/5015 5014/5014 5012/5012
f 5015/5015 5012/5012 5013/5013
f 5016/5016 5015/5015 5013/5013
f 5017/5017 5014/5014 5015/5015
f 5016/5016 5017/5017 5015/5015
f 4835/4835 4834/4834 4842/4842
f 5013/5013 4842/4842 4841/4841
f 4843/4843 5013/5013 4841/4841
f 4841/4841 4840/4840 4843/4843
f 5013/5013 4843/4843 5016/5016
f 4843/4843 4844/4844 5016/5016
f 5018/5018 4844/4844 4846/4846
f 5019/5019 5018/5018 4846/4846
f 5020/5020 5021/5021 5019/5019
f 5018/5018 5016/5016 4844/4844
f 5016/5016 5018/5018 5022/5022
f 5018/5018 5019/5019 5021/5021
f 5023/5023 5018/5018 5021/5021
f 5022/5022 5018/5018 5023/5023
f 5024/5024 5023/5023 5021/5021
f 5024/5024 5021/5021 5020/5020
f 5025/5025 5023/5023 5024/5024
f 5026/5026 5025/5025 5024/5024
f 5027/5027 4920/4920 5014/5014
f 5027/5027 5028/5028 4920/4920
f 5017/5017 5027/5027 5014/5014
f 5017/5017 5028/5028 5027/5027
f 4925/4925 4920/4920 5028/5028
f 5028/5028 5017/5017 4925/4925
f 4925/4925 5017/5017 4927/4927
f 5016/5016 5029/5029 5017/5017
f 4925/4925 4927/4927 4926/4926
f 5029/5029 4927/4927 5017/5017
f 4927/4927 5029/5029 5030/5030
f 4927/4927 5030/5030 4928/4928
f 5030/5030 5029/5029 5031/5031
f 5029/5029 5032/5032 5031/5031
f 4983/4983 5030/5030 5031/5031
f 5033/5033 5031/5031 5032/5032
f 5034/5034 5031/5031 5033/5033
f 5035/5035 5034/5034 5033/5033
f 5034/5034 4983/4983 5031/5031
f 5036/5036 4983/4983 5034/5034
f 5036/5036 5034/5034 5035/5035
f 5022/5022 5029/5029 5016/5016
f 5029/5029 5022/5022 5032/5032
f 5037/5037 5032/5032 5022/5022
f 5033/5033 5032/5032 5037/5037
f 5038/5038 5039/5039 5040/5040
f 5040/5040 5041/5041 5042/5042
f 5042/5042 5038/5038 5040/5040
f 5043/5043 5042/5042 5041/5041
f 5044/5044 4989/4989 5045/5045
f 5044/5044 5045/5045 5046/5046
f 5038/5038 5045/5045 5035/5035
f 5046/5046 5045/5045 5038/5038
f 5038/5038 5035/5035 5039/5039
f 5045/5045 5036/5036 5035/5035
f 5047/5047 5044/5044 5046/5046
f 5042/5042 5046/5046 5038/5038
f 5046/5046 5042/5042 5047/5047
f 5048/5048 5033/5033 5037/5037
f 5025/5025 5048/5048 5037/5037
f 5025/5025 5039/5039 5048/5048
f 5023/5023 5037/5037 5022/5022
f 5025/5025 5037/5037 5023/5023
f 5040/5040 5025/5025 5049/5049
f 5041/5041 5040/5040 5049/5049
f 5025/5025 5026/5026 5049/5049
f 5039/5039 5025/5025 5040/5040
f 5048/5048 5035/5035 5033/5033
f 5039/5039 5035/5035 5048/5048
f 5050/5050 4846/4846 4845/4845
f 5050/5050 5019/5019 4846/4846
f 5019/5019 5050/5050 5020/5020
f 5051/5051 5020/5020 5050/5050
f 5020/5020 5051/5051 5024/5024
f 4928/4928 5030/5030 4970/4970
f 4983/4983 4970/4970 5030/5030
f 4985/4985 4983/4983 5036/5036
f 4985/4985 4969/4969 4983/4983
f 4989/4989 4985/4985 5036/5036
f 4989/4989 5044/5044 4986/4986
f 5036/5036 5045/5045 4989/4989
f 4995/4995 5047/5047 4996/4996
f 5052/5052 4998/4998 4996/4996
f 5047/5047 5053/5053 4996/4996
f 4561/4561 4559/4559 4558/4558
f 5054/5054 4561/4561 5055/5055
f 5055/5055 5056/5056 5057/5057
f 4559/4559 4758/4758 4452/4452
f 5054/5054 4758/4758 4559/4559
f 5054/5054 4761/4761 4758/4758
f 4761/4761 5054/5054 5057/5057
f 4559/4559 4561/4561 5054/5054
f 5054/5054 5055/5055 5057/5057
f 5058/5058 4760/4760 4761/4761
f 4760/4760 5058/5058 4762/4762
f 5057/5057 5058/5058 4761/4761
f 5058/5058 4765/4765 4762/4762
f 5059/5059 4763/4763 4765/4765
f 4765/4765 5058/5058 5060/5060
f 5060/5060 5059/5059 4765/4765
f 5056/5056 5058/5058 5057/5057
f 5059/5059 5060/5060 5061/5061
f 5061/5061 5062/5062 5063/5063
f 5064/5064 5065/5065 5066/5066
f 5066/5066 5067/5067 5068/5068
f 5069/5069 5066/5066 5068/5068
f 5070/5070 5064/5064 5066/5066
f 5070/5070 5066/5066 5069/5069
f 5071/5071 5070/5070 5069/5069
f 5072/5072 5073/5073 5064/5064
f 5074/5074 5072/5072 5064/5064
f 5072/5072 5075/5075 5073/5073
f 5074/5074 5075/5075 5072/5072
f 5076/5076 5070/5070 5077/5077
f 5078/5078 5074/5074 5076/5076
f 5078/5078 5079/5079 5074/5074
f 5080/5080 5078/5078 5076/5076
f 5077/5077 5080/5080 5076/5076
f 5070/5070 5074/5074 5064/5064
f 5070/5070 5076/5076 5074/5074
f 5070/5070 5071/5071 5077/5077
f 4566/4566 4568/4568 5081/5081
f 5082/5082 5081/5081 5083/5083
f 5083/5083 5084/5084 5082/5082
f 5083/5083 5081/5081 4568/4568
f 4794/4794 5085/5085 4535/4535
f 4568/4568 4535/4535 5085/5085
f 5085/5085 5083/5083 4568/4568
f 5085/5085 4794/4794 5086/5086
f 5085/5085 5086/5086 5087/5087
f 5083/5083 5088/5088 5084/5084
f 5083/5083 5085/5085 5087/5087
f 5089/5089 5088/5088 5083/5083
f 5088/5088 5068/5068 5084/5084
f 5088/5088 5069/5069 5068/5068
f 5089/5089 5090/5090 5088/5088
f 5090/5090 5069/5069 5088/5088
f 5089/5089 5086/5086 5091/5091
f 5087/5087 5086/5086 5089/5089
f 5086/5086 4803/4803 5091/5091
f 5090/5090 5089/5089 5091/5091
f 5091/5091 5092/5092 5090/5090
f 5093/5093 5092/5092 5091/5091
f 4803/4803 5093/5093 5091/5091
f 5093/5093 4803/4803 4805/4805
f 5083/5083 5087/5087 5089/5089
f 4794/4794 4797/4797 5086/5086
f 5086/5086 4797/4797 4803/4803
f 5094/5094 5071/5071 5092/5092
f 5092/5092 5069/5069 5090/5090
f 5069/5069 5092/5092 5071/5071
f 5092/5092 5093/5093 5094/5094
f 5094/5094 5093/5093 4814/4814
f 4805/4805 4814/4814 5093/5093
f 5094/5094 4814/4814 4820/4820
f 5094/5094 5077/5077 5071/5071
f 4816/4816 5080/5080 5077/5077
f 4820/4820 4816/4816 5077/5077
f 4820/4820 4817/4817 4816/4816
f 5094/5094 4820/4820 5077/5077
f 4816/4816 4897/4897 5080/5080
f 5075/5075 5079/5079 5095/5095
f 5095/5095 5079/5079 4882/4882
f 5074/5074 5079/5079 5075/5075
f 5079/5079 4887/4887 4882/4882
f 4900/4900 4887/4887 5079/5079
f 4900/4900 4899/4899 4887/4887
f 5078/5078 4900/4900 5079/5079
f 4897/4897 5078/5078 5080/5080
f 4897/4897 4896/4896 5078/5078
f 4896/4896 4900/4900 5078/5078
f 4593/4593 4592/4592 4579/4579
f 5096/5096 4592/4592 4593/4593
f 4593/4593 5097/5097 5096/5096
f 4593/4593 4594/4594 5097/5097
f 5098/5098 5099/5099 4594/4594
f 5099/5099 5097/5097 4594/4594
f 4595/4595 5098/5098 4594/4594
f 4619/4619 4595/4595 4585/4585
f 4595/4595 4619/4619 5098/5098
f 5100/5100 5099/5099 5098/5098
f 4619/4619 5100/5100 5098/5098
f 5099/5099 5100/5100 5101/5101
f 5099/5099 5101/5101 5097/5097
f 4622/4622 5100/5100 4619/4619
f 4623/4623 4617/4617 5102/5102
f 4625/4625 5102/5102 4617/4617
f 5103/5103 4625/4625 5104/5104
f 5105/5105 5103/5103 5104/5104
f 4630/4630 4625/4625 4624/4624
f 4630/4630 5104/5104 4625/4625
f 4630/4630 5105/5105 5104/5104
f 5106/5106 5105/5105 4630/4630
f 5106/5106 4631/4631 5107/5107
f 5107/5107 5108/5108 5106/5106
f 4592/4592 4777/4777 4591/4591
f 4777/4777 4774/4774 4591/4591
f 5096/5096 4777/4777 4592/4592
f 4778/4778 4777/4777 5096/5096
f 5109/5109 5097/5097 5101/5101
f 5110/5110 5111/5111 5112/5112
f 5110/5110 5113/5113 5100/5100
f 5110/5110 5112/5112 5114/5114
f 5115/5115 5114/5114 5112/5112
f 5109/5109 4786/4786 4778/4778
f 5109/5109 5116/5116 4786/4786
f 5101/5101 5116/5116 5109/5109
f 5117/5117 5116/5116 5118/5118
f 5117/5117 4793/4793 4786/4786
f 5119/5119 4793/4793 5117/5117
f 5113/5113 5120/5120 5118/5118
f 5118/5118 5119/5119 5117/5117
f 5120/5120 5119/5119 5118/5118
f 5120/5120 5113/5113 5121/5121
f 5116/5116 5101/5101 5118/5118
f 5100/5100 5118/5118 5101/5101
f 5113/5113 5118/5118 5100/5100
f 5122/5122 5114/5114 5115/5115
f 5123/5123 5122/5122 5115/5115
f 5122/5122 5124/5124 5114/5114
f 5114/5114 5124/5124 5113/5113
f 5124/5124 5121/5121 5113/5113
f 5122/5122 5123/5123 5125/5125
f 5123/5123 5126/5126 5125/5125
f 5122/5122 5127/5127 5124/5124
f 5128/5128 5127/5127 5122/5122
f 5125/5125 5128/5128 5122/5122
f 5129/5129 5130/5130 5125/5125
f 5111/5111 5100/5100 4622/4622
f 4622/4622 4621/4621 5131/5131
f 4623/4623 5131/5131 4621/4621
f 5131/5131 5132/5132 4622/4622
f 5132/5132 5111/5111 4622/4622
f 5133/5133 5132/5132 5131/5131
f 5111/5111 5132/5132 5112/5112
f 5112/5112 5132/5132 5134/5134
f 5133/5133 5134/5134 5132/5132
f 5135/5135 5134/5134 5133/5133
f 5102/5102 5133/5133 4623/4623
f 5133/5133 5131/5131 4623/4623
f 5133/5133 5102/5102 5135/5135
f 5103/5103 5102/5102 4625/4625
f 5136/5136 5112/5112 5134/5134
f 5135/5135 5136/5136 5134/5134
f 5103/5103 5137/5137 5135/5135
f 5138/5138 5103/5103 5105/5105
f 5135/5135 5102/5102 5103/5103
f 5138/5138 5139/5139 5103/5103
f 5137/5137 5103/5103 5139/5139
f 5137/5137 5139/5139 5140/5140
f 5139/5139 5138/5138 5141/5141
f 5136/5136 5115/5115 5112/5112
f 5115/5115 5136/5136 5123/5123
f 5136/5136 5135/5135 5123/5123
f 5123/5123 5135/5135 5137/5137
f 5142/5142 5108/5108 5107/5107
f 5143/5143 5106/5106 5108/5108
f 5143/5143 5141/5141 5106/5106
f 5144/5144 5143/5143 5108/5108
f 5144/5144 5108/5108 5142/5142
f 5145/5145 5140/5140 5139/5139
f 5145/5145 5146/5146 5140/5140
f 5137/5137 5140/5140 5146/5146
f 5146/5146 5126/5126 5137/5137
f 5123/5123 5137/5137 5126/5126
f 5146/5146 5129/5129 5126/5126
f 5146/5146 5147/5147 5129/5129
f 5147/5147 5146/5146 5148/5148
f 5129/5129 5147/5147 5149/5149
f 5147/5147 5148/5148 5150/5150
f 5151/5151 5150/5150 5148/5148
f 5125/5125 5126/5126 5129/5129
f 5145/5145 5148/5148 5146/5146
f 5152/5152 5148/5148 5145/5145
f 5153/5153 5152/5152 5154/5154
f 5155/5155 5141/5141 5156/5156
f 5143/5143 5156/5156 5141/5141
f 5144/5144 5157/5157 5143/5143
f 5143/5143 5157/5157 5156/5156
f 5158/5158 5157/5157 5144/5144
f 5154/5154 5155/5155 5156/5156
f 5156/5156 5157/5157 5159/5159
f 5154/5154 5156/5156 5159/5159
f 5160/5160 5154/5154 5159/5159
f 5160/5160 5153/5153 5154/5154
f 5119/5119 4828/4828 4793/4793
f 4828/4828 5119/5119 5161/5161
f 5161/5161 4830/4830 4828/4828
f 5162/5162 4830/4830 5161/5161
f 5119/5119 5120/5120 5161/5161
f 5162/5162 5161/5161 5120/5120
f 5162/5162 5120/5120 5121/5121
f 5163/5163 5164/5164 5121/5121
f 5165/5165 5162/5162 5164/5164
f 5166/5166 5165/5165 5164/5164
f 5162/5162 5121/5121 5164/5164
f 5164/5164 5163/5163 5166/5166
f 4830/4830 5162/5162 5167/5167
f 5167/5167 5162/5162 5165/5165
f 5127/5127 5121/5121 5124/5124
f 5121/5121 5127/5127 5163/5163
f 5149/5149 5130/5130 5129/5129
f 5168/5168 5169/5169 5130/5130
f 5130/5130 5149/5149 5170/5170
f 5171/5171 5170/5170 5149/5149
f 5172/5172 5170/5170 5171/5171
f 5172/5172 5168/5168 5170/5170
f 5130/5130 5170/5170 5168/5168
f 5173/5173 5169/5169 5168/5168
f 5168/5168 5172/5172 5173/5173
f 4830/4830 5167/5167 4839/4839
f 5167/5167 5165/5165 5174/5174
f 5175/5175 5176/5176 5177/5177
f 5178/5178 5179/5179 5176/5176
f 5180/5180 5178/5178 5175/5175
f 5175/5175 5178/5178 5176/5176
f 5181/5181 5177/5177 5169/5169
f 5182/5182 5169/5169 5177/5177
f 5183/5183 5177/5177 5181/5181
f 5184/5184 5183/5183 5181/5181
f 5173/5173 5181/5181 5169/5169
f 5173/5173 5184/5184 5181/5181
f 5185/5185 5175/5175 5183/5183
f 5185/5185 5180/5180 5175/5175
f 5183/5183 5175/5175 5177/5177
f 5183/5183 5184/5184 5185/5185
f 5185/5185 5186/5186 5180/5180
f 5184/5184 5187/5187 5188/5188
f 5188/5188 5185/5185 5184/5184
f 5189/5189 5190/5190 5166/5166
f 5190/5190 5165/5165 5166/5166
f 5190/5190 5189/5189 5191/5191
f 5128/5128 5163/5163 5127/5127
f 5189/5189 5166/5166 5163/5163
f 5192/5192 5189/5189 5163/5163
f 5192/5192 5163/5163 5128/5128
f 5125/5125 5192/5192 5128/5128
f 5189/5189 5192/5192 5193/5193
f 5130/5130 5192/5192 5125/5125
f 5130/5130 5193/5193 5192/5192
f 5182/5182 5193/5193 5130/5130
f 5182/5182 5130/5130 5169/5169
f 5190/5190 5174/5174 5165/5165
f 5194/5194 5174/5174 5190/5190
f 5191/5191 5194/5194 5190/5190
f 5195/5195 5194/5194 5191/5191
f 5191/5191 5189/5189 5195/5195
f 5195/5195 5189/5189 5193/5193
f 5196/5196 5197/5197 5194/5194
f 5182/5182 5196/5196 5195/5195
f 5182/5182 5176/5176 5196/5196
f 5196/5196 5194/5194 5195/5195
f 5198/5198 5199/5199 4847/4847
f 5196/5196 5199/5199 5197/5197
f 5197/5197 5199/5199 5198/5198
f 5196/5196 5200/5200 5199/5199
f 5179/5179 5200/5200 5196/5196
f 5176/5176 5179/5179 5196/5196
f 5182/5182 5195/5195 5193/5193
f 5182/5182 5177/5177 5176/5176
f 5150/5150 5149/5149 5147/5147
f 5150/5150 5171/5171 5149/5149
f 5171/5171 5150/5150 5201/5201
f 5153/5153 5202/5202 5203/5203
f 5204/5204 5202/5202 5153/5153
f 5201/5201 5202/5202 5205/5205
f 5206/5206 5173/5173 5205/5205
f 5204/5204 5206/5206 5202/5202
f 5206/5206 5205/5205 5202/5202
f 5153/5153 5160/5160 5204/5204
f 5160/5160 5207/5207 5204/5204
f 5208/5208 5204/5204 5207/5207
f 5208/5208 5209/5209 5204/5204
f 5187/5187 5184/5184 5206/5206
f 5209/5209 5210/5210 5211/5211
f 5212/5212 5210/5210 5209/5209
f 5209/5209 5211/5211 5204/5204
f 5213/5213 5212/5212 5209/5209
f 5211/5211 5187/5187 5206/5206
f 5210/5210 5188/5188 5187/5187
f 5211/5211 5210/5210 5187/5187
f 5206/5206 5204/5204 5211/5211
f 5214/5214 5188/5188 5210/5210
f 4639/4639 5107/5107 4631/4631
f 5142/5142 5107/5107 4639/4639
f 4639/4639 4640/4640 5215/5215
f 5215/5215 5142/5142 4639/4639
f 4640/4640 5216/5216 5215/5215
f 5217/5217 5215/5215 5216/5216
f 5218/5218 4637/4637 4641/4641
f 5218/5218 4640/4640 4637/4637
f 5219/5219 5216/5216 4640/4640
f 5218/5218 5219/5219 4640/4640
f 5217/5217 5216/5216 5219/5219
f 5220/5220 5217/5217 5219/5219
f 5220/5220 5219/5219 5221/5221
f 5220/5220 5222/5222 5217/5217
f 5220/5220 5223/5223 5222/5222
f 5224/5224 5223/5223 5220/5220
f 5225/5225 5223/5223 5224/5224
f 5215/5215 5144/5144 5142/5142
f 5158/5158 5144/5144 5215/5215
f 5226/5226 5157/5157 5158/5158
f 5215/5215 5226/5226 5158/5158
f 5226/5226 5159/5159 5157/5157
f 5227/5227 5159/5159 5226/5226
f 5160/5160 5159/5159 5227/5227
f 5217/5217 5226/5226 5215/5215
f 5222/5222 5226/5226 5217/5217
f 5222/5222 5227/5227 5226/5226
f 5160/5160 5227/5227 5207/5207
f 5207/5207 5228/5228 5208/5208
f 5222/5222 5228/5228 5227/5227
f 5228/5228 5207/5207 5227/5227
f 5229/5229 5209/5209 5208/5208
f 5209/5209 5229/5229 5213/5213
f 5230/5230 5229/5229 5208/5208
f 5208/5208 5228/5228 5230/5230
f 5231/5231 5228/5228 5222/5222
f 5232/5232 5228/5228 5231/5231
f 5223/5223 5231/5231 5222/5222
f 5225/5225 5231/5231 5223/5223
f 5231/5231 5225/5225 5233/5233
f 5231/5231 5233/5233 5232/5232
f 5232/5232 5230/5230 5228/5228
f 5232/5232 5229/5229 5230/5230
f 5234/5234 5213/5213 5229/5229
f 5235/5235 5229/5229 5232/5232
f 5229/5229 5235/5235 5234/5234
f 5236/5236 5235/5235 5233/5233
f 5235/5235 5232/5232 5233/5233
f 5236/5236 5237/5237 5235/5235
f 4687/4687 5237/5237 5236/5236
f 5234/5234 5235/5235 5237/5237
f 5238/5238 4976/4976 4977/4977
f 4998/4998 5239/5239 4997/4997
f 5240/5240 5239/5239 4998/4998
f 5241/5241 4997/4997 5239/5239
f 5242/5242 5241/5241 5239/5239
f 5242/5242 5239/5239 5240/5240
f 5240/5240 5243/5243 5242/5242
f 4977/4977 4978/4978 4997/4997
f 5241/5241 4977/4977 4997/4997
f 5241/5241 5242/5242 5244/5244
f 5245/5245 5246/5246 4977/4977
f 5247/5247 5246/5246 5245/5245
f 5243/5243 5244/5244 5242/5242
f 5248/5248 5243/5243 5249/5249
f 5243/5243 5248/5248 5244/5244
f 5245/5245 5241/5241 5244/5244
f 5245/5245 4977/4977 5241/5241
f 5250/5250 5251/5251 5252/5252
f 5179/5179 5252/5252 5253/5253
f 5253/5253 5252/5252 5251/5251
f 5254/5254 5252/5252 5178/5178
f 5252/5252 5179/5179 5178/5178
f 5180/5180 5254/5254 5178/5178
f 5254/5254 5250/5250 5252/5252
f 5255/5255 5251/5251 5250/5250
f 5041/5041 5049/5049 5251/5251
f 5049/5049 5026/5026 5251/5251
f 5251/5251 5255/5255 5041/5041
f 5256/5256 5041/5041 5255/5255
f 5026/5026 5024/5024 5253/5253
f 5253/5253 5251/5251 5026/5026
f 5250/5250 5254/5254 5257/5257
f 5258/5258 5186/5186 5185/5185
f 5258/5258 5259/5259 5186/5186
f 5258/5258 5260/5260 5259/5259
f 5261/5261 5260/5260 5258/5258
f 5188/5188 5258/5258 5185/5185
f 5188/5188 5262/5262 5258/5258
f 5214/5214 5261/5261 5262/5262
f 5258/5258 5262/5262 5261/5261
f 5260/5260 5261/5261 5263/5263
f 5261/5261 5264/5264 5263/5263
f 5265/5265 5043/5043 5256/5256
f 5053/5053 5047/5047 5043/5043
f 5043/5043 5265/5265 5053/5053
f 5256/5256 5260/5260 5266/5266
f 5263/5263 5266/5266 5260/5260
f 5266/5266 5265/5265 5256/5256
f 5266/5266 5263/5263 5267/5267
f 5268/5268 5053/5053 5265/5265
f 5266/5266 5267/5267 5265/5265
f 5267/5267 5268/5268 5265/5265
f 5269/5269 5267/5267 5263/5263
f 5264/5264 5269/5269 5263/5263
f 5269/5269 5268/5268 5267/5267
f 5200/5200 5050/5050 4845/4845
f 5050/5050 5200/5200 5051/5051
f 5179/5179 5051/5051 5200/5200
f 5179/5179 5253/5253 5051/5051
f 5051/5051 5253/5253 5024/5024
f 5188/5188 5214/5214 5262/5262
f 5261/5261 5214/5214 5212/5212
f 5212/5212 5214/5214 5210/5210
f 5264/5264 5261/5261 5270/5270
f 5270/5270 5271/5271 5264/5264
f 5271/5271 5270/5270 5272/5272
f 5261/5261 5212/5212 5270/5270
f 5273/5273 5212/5212 5213/5213
f 5273/5273 5270/5270 5212/5212
f 5270/5270 5273/5273 5272/5272
f 5273/5273 5274/5274 5272/5272
f 5269/5269 5264/5264 5275/5275
f 5264/5264 5271/5271 5275/5275
f 5276/5276 5275/5275 5271/5271
f 5249/5249 5275/5275 5276/5276
f 5276/5276 5271/5271 5274/5274
f 5274/5274 5271/5271 5272/5272
f 5052/5052 5053/5053 5268/5268
f 4996/4996 5053/5053 5052/5052
f 5240/5240 4998/4998 5052/5052
f 5240/5240 5052/5052 5269/5269
f 5052/5052 5268/5268 5269/5269
f 5243/5243 5240/5240 5269/5269
f 5249/5249 5243/5243 5269/5269
f 5249/5249 5269/5269 5275/5275
f 5277/5277 5248/5248 5249/5249
f 5248/5248 5277/5277 5278/5278
f 5279/5279 4661/4661 4663/4663
f 4676/4676 4668/4668 4671/4671
f 5280/5280 5281/5281 5246/5246
f 4669/4669 4666/4666 5282/5282
f 5282/5282 4670/4670 4669/4669
f 5282/5282 5280/5280 4670/4670
f 4670/4670 5247/5247 5283/5283
f 5247/5247 5280/5280 5246/5246
f 4670/4670 5280/5280 5247/5247
f 4671/4671 4670/4670 5283/5283
f 5278/5278 5277/5277 5284/5284
f 5248/5248 5278/5278 5285/5285
f 5286/5286 5285/5285 5287/5287
f 4665/4665 5288/5288 5289/5289
f 5289/5289 4674/4674 4665/4665
f 5287/5287 5278/5278 5284/5284
f 5290/5290 5287/5287 5291/5291
f 5284/5284 5291/5291 5287/5287
f 5291/5291 5292/5292 5290/5290
f 5287/5287 5288/5288 5286/5286
f 5289/5289 5288/5288 5287/5287
f 5289/5289 5287/5287 5293/5293
f 5287/5287 5285/5285 5278/5278
f 5289/5289 5293/5293 4674/4674
f 5290/5290 5292/5292 4674/4674
f 5290/5290 4674/4674 5293/5293
f 5293/5293 5287/5287 5290/5290
f 5247/5247 5245/5245 5244/5244
f 5283/5283 5247/5247 5244/5244
f 5286/5286 5283/5283 5244/5244
f 4671/4671 5283/5283 5286/5286
f 4676/4676 4671/4671 5286/5286
f 5285/5285 5244/5244 5248/5248
f 5285/5285 5286/5286 5244/5244
f 4676/4676 5286/5286 5288/5288
f 5288/5288 4665/4665 4676/4676
f 5292/5292 4663/4663 4675/4675
f 4663/4663 4662/4662 4675/4675
f 4675/4675 4674/4674 5292/5292
f 5294/5294 5273/5273 5213/5213
f 5294/5294 5274/5274 5273/5273
f 5294/5294 5213/5213 5295/5295
f 5296/5296 5274/5274 5294/5294
f 5296/5296 5276/5276 5274/5274
f 5297/5297 5276/5276 5296/5296
f 5296/5296 5298/5298 5297/5297
f 5295/5295 5213/5213 5234/5234
f 5299/5299 5294/5294 5295/5295
f 5300/5300 5299/5299 5295/5295
f 5299/5299 5301/5301 5294/5294
f 5237/5237 5302/5302 5234/5234
f 5302/5302 5300/5300 5295/5295
f 5234/5234 5302/5302 5295/5295
f 5237/5237 4677/4677 5302/5302
f 5302/5302 4677/4677 5303/5303
f 4687/4687 4660/4660 4677/4677
f 5237/5237 4687/4687 4677/4677
f 5303/5303 4677/4677 4659/4659
f 5303/5303 4659/4659 5304/5304
f 5303/5303 5304/5304 5299/5299
f 5300/5300 5302/5302 5303/5303
f 5303/5303 5299/5299 5300/5300
f 5298/5298 5296/5296 5301/5301
f 5301/5301 5305/5305 5298/5298
f 5301/5301 5296/5296 5294/5294
f 4661/4661 5279/5279 5304/5304
f 5304/5304 5306/5306 5299/5299
f 5279/5279 5305/5305 5306/5306
f 5306/5306 5301/5301 5299/5299
f 5301/5301 5306/5306 5305/5305
f 5279/5279 5306/5306 5304/5304
f 5292/5292 5298/5298 5305/5305
f 5292/5292 5291/5291 5298/5298
f 5292/5292 5305/5305 4663/4663
f 5279/5279 4663/4663 5305/5305
f 4661/4661 5304/5304 4659/4659
f 5277/5277 5249/5249 5276/5276
f 5276/5276 5297/5297 5277/5277
f 5284/5284 5277/5277 5297/5297
f 5284/5284 5297/5297 5298/5298
f 5291/5291 5284/5284 5298/5298
f 4641/4641 3271/3271 4642/4642
f 5307/5307 5218/5218 4641/4641
f 4641/4641 4642/4642 5307/5307
f 5308/5308 5307/5307 4642/4642
f 5309/5309 5218/5218 5307/5307
f 3270/3270 4264/4264 4642/4642
f 4642/4642 4264/4264 5308/5308
f 4264/4264 4265/4265 5308/5308
f 5309/5309 5308/5308 4680/4680
f 5308/5308 4265/4265 4680/4680
f 3408/3408 4680/4680 4265/4265
f 5309/5309 5307/5307 5308/5308
f 5309/5309 5310/5310 5218/5218
f 5221/5221 5219/5219 5218/5218
f 5310/5310 5309/5309 5311/5311
f 5221/5221 5218/5218 5310/5310
f 5310/5310 5312/5312 5221/5221
f 5310/5310 5313/5313 5312/5312
f 5313/5313 5314/5314 5312/5312
f 4682/4682 5315/5315 5313/5313
f 5221/5221 5224/5224 5220/5220
f 5224/5224 5221/5221 5312/5312
f 5314/5314 5224/5224 5312/5312
f 5315/5315 5314/5314 5313/5313
f 4680/4680 5311/5311 5309/5309
f 4679/4679 5313/5313 4680/4680
f 5313/5313 5311/5311 4680/4680
f 5310/5310 5311/5311 5313/5313
f 4678/4678 4682/4682 4679/4679
f 4682/4682 5313/5313 4679/4679
f 4682/4682 4681/4681 5315/5315
f 5316/5316 5225/5225 5224/5224
f 5314/5314 5316/5316 5224/5224
f 5316/5316 5314/5314 5315/5315
f 5317/5317 5315/5315 4681/4681
f 5316/5316 5315/5315 5317/5317
f 5316/5316 5318/5318 5233/5233
f 4684/4684 5318/5318 5317/5317
f 5317/5317 5318/5318 5316/5316
f 4684/4684 4683/4683 5319/5319
f 4684/4684 5319/5319 5318/5318
f 4685/4685 5319/5319 4683/4683
f 4684/4684 5317/5317 4681/4681
f 4686/4686 5319/5319 4685/4685
f 5225/5225 5316/5316 5233/5233
f 5318/5318 5319/5319 5233/5233
f 5319/5319 4686/4686 5233/5233
f 4686/4686 5236/5236 5233/5233
f 4687/4687 5236/5236 4686/4686
f 5238/5238 4203/4203 4976/4976
f 5238/5238 4298/4298 4203/4203
f 4299/4299 4298/4298 5238/5238
f 4305/4305 4299/4299 5238/5238
f 5246/5246 5238/5238 4977/4977
f 4305/4305 5238/5238 5246/5246
f 4304/4304 4299/4299 4305/4305
f 3439/3439 4305/4305 5281/5281
f 3439/3439 5282/5282 3437/3437
f 5282/5282 3439/3439 5281/5281
f 5281/5281 4305/4305 5246/5246
f 3406/3406 3437/3437 4667/4667
f 4667/4667 3437/3437 5282/5282
f 5282/5282 4666/4666 4667/4667
f 5282/5282 5281/5281 5280/5280
f 2536/2536 2375/2375 2376/2376
f 2375/2375 2536/2536 4694/4694
f 5320/5320 4701/4701 4695/4695
f 4732/4732 4701/4701 5320/5320
f 4702/4702 4701/4701 4734/4734
f 4734/4734 4701/4701 4732/4732
f 2532/2532 2534/2534 2533/2533
f 5321/5321 4703/4703 2534/2534
f 4707/4707 2535/2535 4772/4772
f 2535/2535 4707/4707 2534/2534
f 4703/4703 5321/5321 4705/4705
f 5321/5321 2534/2534 4707/4707
f 5321/5321 5322/5322 4705/4705
f 5321/5321 4707/4707 5322/5322
f 4705/4705 5322/5322 5323/5323
f 5322/5322 4711/4711 5323/5323
f 5322/5322 4707/4707 4706/4706
f 5322/5322 4706/4706 5324/5324
f 5324/5324 4706/4706 5325/5325
f 5322/5322 5324/5324 4711/4711
f 5326/5326 4711/4711 5324/5324
f 2385/2385 2536/2536 2386/2386
f 2385/2385 5327/5327 2536/2536
f 5327/5327 2385/2385 2533/2533
f 2533/2533 4704/4704 5327/5327
f 4694/4694 2536/2536 5327/5327
f 5328/5328 4694/4694 5327/5327
f 4710/4710 5327/5327 4705/4705
f 5327/5327 4704/4704 4705/4705
f 5328/5328 5327/5327 4710/4710
f 5320/5320 4695/4695 4694/4694
f 5320/5320 4694/4694 5328/5328
f 4710/4710 5320/5320 5328/5328
f 4705/4705 5323/5323 4710/4710
f 4732/4732 5320/5320 4710/4710
f 4710/4710 4709/4709 4732/4732
f 4711/4711 4710/4710 5323/5323
f 4711/4711 5326/5326 5329/5329
f 4734/4734 4716/4716 4702/4702
f 4716/4716 4734/4734 4733/4733
f 5325/5325 5330/5330 5324/5324
f 5330/5330 5326/5326 5324/5324
f 5330/5330 5331/5331 5326/5326
f 5332/5332 5326/5326 5331/5331
f 5331/5331 5333/5333 5332/5332
f 5332/5332 5333/5333 5334/5334
f 5335/5335 4731/4731 5333/5333
f 4731/4731 5334/5334 5333/5333
f 5334/5334 4731/4731 4730/4730
f 5329/5329 4709/4709 4711/4711
f 4709/4709 5329/5329 4737/4737
f 4709/4709 4737/4737 4733/4733
f 4733/4733 4722/4722 4716/4716
f 4722/4722 4733/4733 4736/4736
f 5329/5329 5326/5326 5332/5332
f 4737/4737 5329/5329 5336/5336
f 5336/5336 5329/5329 5332/5332
f 4738/4738 4737/4737 5336/5336
f 4735/4735 4736/4736 4737/4737
f 4737/4737 4736/4736 4733/4733
f 5336/5336 5332/5332 4738/4738
f 4741/4741 4738/4738 5332/5332
f 5334/5334 4741/4741 5332/5332
f 4730/4730 4741/4741 5334/5334
f 5337/5337 2544/2544 2555/2555
f 5337/5337 2443/2443 2544/2544
f 5338/5338 2443/2443 5337/5337
f 4745/4745 5339/5339 2555/2555
f 5339/5339 5337/5337 2555/2555
f 5339/5339 5338/5338 5337/5337
f 5340/5340 5338/5338 5339/5339
f 4748/4748 5339/5339 4745/4745
f 5340/5340 5339/5339 4748/4748
f 4749/4749 5340/5340 4748/4748
f 5341/5341 5340/5340 4749/4749
f 4751/4751 5341/5341 4749/4749
f 4770/4770 5342/5342 4771/4771
f 5343/5343 2548/2548 5344/5344
f 2545/2545 2443/2443 5344/5344
f 5344/5344 2548/2548 2545/2545
f 5344/5344 5345/5345 5343/5343
f 5346/5346 5343/5343 5345/5345
f 5345/5345 5341/5341 5346/5346
f 5344/5344 2443/2443 5338/5338
f 5345/5345 5344/5344 5338/5338
f 5345/5345 5338/5338 5340/5340
f 2548/2548 2549/2549 2547/2547
f 2548/2548 4752/4752 2549/2549
f 5343/5343 4752/4752 2548/2548
f 4770/4770 2440/2440 4752/4752
f 5347/5347 4752/4752 5343/5343
f 5343/5343 5346/5346 5347/5347
f 5347/5347 4770/4770 4752/4752
f 4770/4770 5347/5347 5342/5342
f 5348/5348 4771/4771 5342/5342
f 5349/5349 5348/5348 5342/5342
f 5342/5342 5350/5350 5349/5349
f 5351/5351 5346/5346 5341/5341
f 5345/5345 5340/5340 5341/5341
f 5352/5352 5351/5351 4751/4751
f 5352/5352 5346/5346 5351/5351
f 5353/5353 5352/5352 4751/4751
f 4751/4751 5351/5351 5341/5341
f 5354/5354 5342/5342 5347/5347
f 5347/5347 5346/5346 5354/5354
f 5352/5352 5354/5354 5346/5346
f 5354/5354 5350/5350 5342/5342
f 4750/4750 4755/4755 4751/4751
f 4755/4755 4750/4750 4753/4753
f 5355/5355 5356/5356 5357/5357
f 4755/4755 5353/5353 4751/4751
f 5353/5353 5358/5358 5352/5352
f 5358/5358 5354/5354 5352/5352
f 5355/5355 5350/5350 5358/5358
f 5355/5355 5358/5358 5356/5356
f 5353/5353 5356/5356 5358/5358
f 5356/5356 5359/5359 5360/5360
f 5360/5360 5357/5357 5356/5356
f 5361/5361 5362/5362 5360/5360
f 5363/5363 5357/5357 5362/5362
f 5362/5362 5357/5357 5360/5360
f 5364/5364 5363/5363 5362/5362
f 5365/5365 5353/5353 4755/4755
f 4762/4762 5365/5365 4755/4755
f 5365/5365 4762/4762 4764/4764
f 5359/5359 5353/5353 5365/5365
f 5366/5366 5359/5359 5365/5365
f 5063/5063 4764/4764 4763/4763
f 5366/5366 5365/5365 4764/4764
f 5366/5366 4764/4764 5063/5063
f 4763/4763 5059/5059 5063/5063
f 5359/5359 5366/5366 5361/5361
f 5062/5062 5361/5361 5366/5366
f 5359/5359 5356/5356 5353/5353
f 5361/5361 5360/5360 5359/5359
f 4767/4767 4772/4772 2557/2557
f 4768/4768 2466/2466 2439/2439
f 4766/4766 2466/2466 4768/4768
f 4767/4767 4766/4766 5367/5367
f 4772/4772 4767/4767 5367/5367
f 4771/4771 4769/4769 4768/4768
f 5367/5367 4766/4766 4769/4769
f 4772/4772 2535/2535 2557/2557
f 5367/5367 4773/4773 4772/4772
f 5348/5348 4769/4769 4771/4771
f 4769/4769 5348/5348 5349/5349
f 4773/4773 5367/5367 5368/5368
f 5369/5369 4773/4773 5368/5368
f 5325/5325 4706/4706 4773/4773
f 4773/4773 5369/5369 5325/5325
f 5368/5368 5367/5367 4769/4769
f 4769/4769 5349/5349 5368/5368
f 5350/5350 5368/5368 5349/5349
f 5325/5325 5369/5369 5370/5370
f 5369/5369 5371/5371 5370/5370
f 5369/5369 5368/5368 5350/5350
f 5372/5372 5350/5350 5355/5355
f 5372/5372 5369/5369 5350/5350
f 5369/5369 5372/5372 5371/5371
f 5373/5373 5331/5331 5370/5370
f 5371/5371 5374/5374 5373/5373
f 5373/5373 5370/5370 5371/5371
f 5375/5375 5372/5372 5355/5355
f 5374/5374 5372/5372 5375/5375
f 5374/5374 5371/5371 5372/5372
f 5370/5370 5330/5330 5325/5325
f 5330/5330 5370/5370 5331/5331
f 5376/5376 5373/5373 5374/5374
f 5377/5377 5373/5373 5376/5376
f 5335/5335 5373/5373 5377/5377
f 5357/5357 5375/5375 5355/5355
f 5376/5376 5375/5375 5357/5357
f 5376/5376 5374/5374 5375/5375
f 5363/5363 5376/5376 5357/5357
f 5333/5333 5331/5331 5373/5373
f 5335/5335 5333/5333 5373/5373
f 4826/4826 4831/4831 4829/4829
f 4828/4828 4826/4826 4827/4827
f 4831/4831 4826/4826 4828/4828
f 4834/4834 4832/4832 4836/4836
f 4832/4832 4829/4829 4836/4836
f 4847/4847 4844/4844 4839/4839
f 4912/4912 4917/4917 4920/4920
f 4931/4931 4869/4869 4871/4871
f 4934/4934 4942/4942 4932/4932
f 4959/4959 4942/4942 4934/4934
f 4932/4932 4941/4941 4143/4143
f 4941/4941 4932/4932 4942/4942
f 4957/4957 4959/4959 4934/4934
f 4981/4981 4952/4952 4979/4979
f 4982/4982 4992/4992 4991/4991
f 4920/4920 4917/4917 5007/5007
f 4844/4844 4847/4847 4846/4846
f 4995/4995 5044/5044 5047/5047
f 5047/5047 5042/5042 5043/5043
f 4995/4995 4986/4986 5044/5044
f 5056/5056 5060/5060 5058/5058
f 5378/5378 5055/5055 4561/4561
f 5378/5378 4561/4561 4654/4654
f 5378/5378 5379/5379 5055/5055
f 5378/5378 4656/4656 5081/5081
f 5378/5378 5082/5082 5379/5379
f 5379/5379 5082/5082 5084/5084
f 5378/5378 5081/5081 5082/5082
f 5379/5379 5056/5056 5055/5055
f 5056/5056 5379/5379 5084/5084
f 5067/5067 5056/5056 5084/5084
f 5084/5084 5068/5068 5067/5067
f 5062/5062 5380/5380 5361/5361
f 5065/5065 5062/5062 5061/5061
f 5380/5380 5364/5364 5362/5362
f 5380/5380 5362/5362 5361/5361
f 5073/5073 5364/5364 5380/5380
f 5062/5062 5065/5065 5380/5380
f 5064/5064 5380/5380 5065/5065
f 5064/5064 5073/5073 5380/5380
f 5075/5075 5364/5364 5073/5073
f 5061/5061 5063/5063 5059/5059
f 5063/5063 5062/5062 5366/5366
f 5381/5381 5061/5061 5060/5060
f 5067/5067 5381/5381 5060/5060
f 5381/5381 5065/5065 5061/5061
f 5066/5066 5381/5381 5067/5067
f 5066/5066 5065/5065 5381/5381
f 4656/4656 4566/4566 5081/5081
f 4881/4881 5335/5335 5377/5377
f 5095/5095 4881/4881 5377/5377
f 4882/4882 4881/4881 5095/5095
f 5095/5095 5377/5377 5364/5364
f 5364/5364 5075/5075 5095/5095
f 5109/5109 4778/4778 5096/5096
f 5109/5109 5096/5096 5097/5097
f 4630/4630 4631/4631 5106/5106
f 5111/5111 5110/5110 5100/5100
f 5110/5110 5114/5114 5113/5113
f 5117/5117 4786/4786 5116/5116
f 5106/5106 5138/5138 5105/5105
f 5138/5138 5106/5106 5141/5141
f 5145/5145 5139/5139 5141/5141
f 5145/5145 5141/5141 5155/5155
f 5152/5152 5151/5151 5148/5148
f 5152/5152 5145/5145 5155/5155
f 5154/5154 5152/5152 5155/5155
f 4839/4839 5167/5167 5174/5174
f 5174/5174 4847/4847 4839/4839
f 5173/5173 5206/5206 5184/5184
f 4847/4847 5174/5174 5198/5198
f 5174/5174 5194/5194 5198/5198
f 5194/5194 5197/5197 5198/5198
f 5200/5200 4845/4845 5199/5199
f 4845/4845 4847/4847 5199/5199
f 5151/5151 5203/5203 5150/5150
f 5201/5201 5150/5150 5203/5203
f 5201/5201 5203/5203 5202/5202
f 5153/5153 5203/5203 5152/5152
f 5152/5152 5203/5203 5151/5151
f 5205/5205 5172/5172 5201/5201
f 5172/5172 5171/5171 5201/5201
f 5205/5205 5173/5173 5172/5172
f 5254/5254 5180/5180 5259/5259
f 5257/5257 5254/5254 5259/5259
f 5250/5250 5257/5257 5255/5255
f 5260/5260 5256/5256 5255/5255
f 5257/5257 5260/5260 5255/5255
f 5259/5259 5260/5260 5257/5257
f 5180/5180 5186/5186 5259/5259
f 5043/5043 5041/5041 5256/5256
f 4881/4881 4731/4731 5335/5335
f 5350/5350 5354/5354 5358/5358
f 5377/5377 5376/5376 5363/5363
f 4654/4654 4656/4656 5378/5378
f 5067/5067 5060/5060 5056/5056
f 5364/5364 5377/5377 5363/5363
